{"type":"FeatureCollection","features":[{"type":"Feature","properties":{"code":"08001","nom":"Acy-Romance","pop":479},"geometry":{"type":"Polygon","coordinates":[[[4.354,49.507],[4.355,49.505],[4.355,49.503],[4.324,49.472],[4.296,49.478],[4.3,49.484],[4.32,49.508],[4.343,49.511],[4.354,49.507]]]}},{"type":"Feature","properties":{"code":"08003","nom":"Aiglemont","pop":1692},"geometry":{"type":"Polygon","coordinates":[[[4.758,49.792],[4.781,49.807],[4.792,49.803],[4.78,49.774],[4.748,49.77],[4.758,49.792]]]}},{"type":"Feature","properties":{"code":"08004","nom":"Aire","pop":251},"geometry":{"type":"Polygon","coordinates":[[[4.184,49.452],[4.175,49.45],[4.141,49.485],[4.163,49.489],[4.184,49.462],[4.184,49.452]]]}},{"type":"Feature","properties":{"code":"08005","nom":"Alincourt","pop":160},"geometry":{"type":"Polygon","coordinates":[[[4.337,49.376],[4.328,49.384],[4.341,49.421],[4.366,49.424],[4.368,49.41],[4.337,49.376]]]}},{"type":"Feature","properties":{"code":"08006","nom":"Alland'Huy-et-Sausseuil","pop":272},"geometry":{"type":"Polygon","coordinates":[[[4.557,49.526],[4.575,49.516],[4.564,49.497],[4.522,49.508],[4.528,49.522],[4.557,49.526]]]}},{"type":"Feature","properties":{"code":"08008","nom":"Amagne","pop":814},"geometry":{"type":"Polygon","coordinates":[[[4.528,49.522],[4.522,49.508],[4.504,49.5],[4.485,49.507],[4.481,49.523],[4.49,49.53],[4.52,49.531],[4.528,49.522]]]}},{"type":"Feature","properties":{"code":"08010","nom":"Ambly-Fleury","pop":132},"geometry":{"type":"Polygon","coordinates":[[[4.504,49.5],[4.503,49.483],[4.472,49.473],[4.477,49.504],[4.485,49.507],[4.504,49.5]]]}},{"type":"Feature","properties":{"code":"08011","nom":"Anchamps","pop":216},"geometry":{"type":"Polygon","coordinates":[[[4.674,49.918],[4.645,49.925],[4.671,49.932],[4.674,49.918]]]}},{"type":"Feature","properties":{"code":"08013","nom":"Angecourt","pop":382},"geometry":{"type":"Polygon","coordinates":[[[4.955,49.643],[4.96,49.645],[4.989,49.629],[4.955,49.643]]]}},{"type":"Feature","properties":{"code":"08014","nom":"Annelles","pop":127},"geometry":{"type":"Polygon","coordinates":[[[4.418,49.455],[4.424,49.451],[4.447,49.417],[4.438,49.413],[4.419,49.412],[4.381,49.435],[4.403,49.45],[4.418,49.455]]]}},{"type":"Feature","properties":{"code":"08015","nom":"Antheny","pop":100},"geometry":{"type":"Polygon","coordinates":[[[4.309,49.86],[4.335,49.859],[4.341,49.852],[4.297,49.825],[4.281,49.83],[4.275,49.845],[4.287,49.854],[4.309,49.86]]]}},{"type":"Feature","properties":{"code":"08016","nom":"Aouste","pop":196},"geometry":{"type":"Polygon","coordinates":[[[4.289,49.774],[4.28,49.778],[4.303,49.817],[4.311,49.817],[4.34,49.811],[4.335,49.786],[4.328,49.776],[4.289,49.774]]]}},{"type":"Feature","properties":{"code":"08017","nom":"Apremont","pop":122},"geometry":{"type":"Polygon","coordinates":[[[5.011,49.269],[5,49.261],[4.951,49.237],[4.934,49.262],[4.964,49.262],[4.993,49.281],[5.011,49.269]]]}},{"type":"Feature","properties":{"code":"08018","nom":"Ardeuil-et-Montfauxelles","pop":79},"geometry":{"type":"Polygon","coordinates":[[[4.704,49.255],[4.69,49.257],[4.685,49.279],[4.718,49.278],[4.704,49.255]]]}},{"type":"Feature","properties":{"code":"08019","nom":"Les Grandes-Armoises","pop":53},"geometry":{"type":"Polygon","coordinates":[[[4.908,49.513],[4.903,49.512],[4.881,49.53],[4.901,49.544],[4.912,49.535],[4.908,49.513]]]}},{"type":"Feature","properties":{"code":"08020","nom":"Les Petites-Armoises","pop":58},"geometry":{"type":"Polygon","coordinates":[[[4.854,49.503],[4.822,49.49],[4.805,49.5],[4.848,49.511],[4.854,49.503]]]}},{"type":"Feature","properties":{"code":"08021","nom":"Arnicourt","pop":148},"geometry":{"type":"Polygon","coordinates":[[[4.362,49.569],[4.36,49.548],[4.312,49.54],[4.305,49.545],[4.309,49.548],[4.34,49.569],[4.362,49.569]]]}},{"type":"Feature","properties":{"code":"08022","nom":"Arreux","pop":353},"geometry":{"type":"Polygon","coordinates":[[[4.642,49.819],[4.638,49.824],[4.684,49.828],[4.683,49.826],[4.653,49.817],[4.642,49.819]]]}},{"type":"Feature","properties":{"code":"08023","nom":"Artaise-le-Vivier","pop":64},"geometry":{"type":"Polygon","coordinates":[[[4.879,49.56],[4.873,49.579],[4.893,49.591],[4.912,49.567],[4.903,49.556],[4.879,49.56]]]}},{"type":"Feature","properties":{"code":"08024","nom":"Asfeld","pop":1082},"geometry":{"type":"Polygon","coordinates":[[[4.141,49.445],[4.136,49.445],[4.095,49.471],[4.076,49.486],[4.119,49.509],[4.14,49.486],[4.141,49.485],[4.175,49.45],[4.169,49.446],[4.141,49.445]]]}},{"type":"Feature","properties":{"code":"08025","nom":"Attigny","pop":1094},"geometry":{"type":"Polygon","coordinates":[[[4.617,49.465],[4.592,49.47],[4.56,49.459],[4.546,49.473],[4.561,49.492],[4.585,49.488],[4.615,49.479],[4.637,49.475],[4.635,49.473],[4.617,49.465]]]}},{"type":"Feature","properties":{"code":"08026","nom":"Aubigny-les-Pothées","pop":306},"geometry":{"type":"Polygon","coordinates":[[[4.441,49.794],[4.447,49.792],[4.452,49.769],[4.437,49.739],[4.418,49.736],[4.398,49.76],[4.414,49.785],[4.441,49.794]]]}},{"type":"Feature","properties":{"code":"08027","nom":"Auboncourt-Vauzelles","pop":95},"geometry":{"type":"Polygon","coordinates":[[[4.453,49.572],[4.47,49.569],[4.503,49.546],[4.49,49.542],[4.466,49.552],[4.453,49.572]]]}},{"type":"Feature","properties":{"code":"08028","nom":"Aubrives","pop":951},"geometry":{"type":"Polygon","coordinates":[[[4.792,50.053],[4.78,50.051],[4.741,50.093],[4.752,50.112],[4.756,50.122],[4.776,50.12],[4.774,50.087],[4.792,50.053]]]}},{"type":"Feature","properties":{"code":"08029","nom":"Auflance","pop":82},"geometry":{"type":"Polygon","coordinates":[[[5.297,49.6],[5.269,49.611],[5.305,49.63],[5.315,49.611],[5.297,49.6]]]}},{"type":"Feature","properties":{"code":"08030","nom":"Auge","pop":58},"geometry":{"type":"Polygon","coordinates":[[[4.287,49.854],[4.275,49.845],[4.249,49.857],[4.25,49.863],[4.27,49.868],[4.287,49.854]]]}},{"type":"Feature","properties":{"code":"08031","nom":"Aure","pop":40},"geometry":{"type":"Polygon","coordinates":[[[4.646,49.288],[4.652,49.282],[4.647,49.264],[4.611,49.259],[4.599,49.288],[4.612,49.293],[4.646,49.288]]]}},{"type":"Feature","properties":{"code":"08032","nom":"Aussonce","pop":236},"geometry":{"type":"Polygon","coordinates":[[[4.339,49.371],[4.349,49.367],[4.346,49.337],[4.363,49.32],[4.354,49.316],[4.308,49.327],[4.29,49.347],[4.294,49.353],[4.339,49.371]]]}},{"type":"Feature","properties":{"code":"08033","nom":"Authe","pop":94},"geometry":{"type":"Polygon","coordinates":[[[4.907,49.481],[4.911,49.474],[4.877,49.443],[4.861,49.442],[4.846,49.457],[4.907,49.481]]]}},{"type":"Feature","properties":{"code":"08034","nom":"Autrecourt-et-Pourron","pop":342},"geometry":{"type":"Polygon","coordinates":[[[5.005,49.593],[4.986,49.613],[4.995,49.621],[5.034,49.622],[5.054,49.617],[5.031,49.59],[5.005,49.593]]]}},{"type":"Feature","properties":{"code":"08035","nom":"Autruche","pop":49},"geometry":{"type":"Polygon","coordinates":[[[4.936,49.459],[4.903,49.443],[4.905,49.431],[4.877,49.443],[4.911,49.474],[4.936,49.459]]]}},{"type":"Feature","properties":{"code":"08036","nom":"Autry","pop":93},"geometry":{"type":"Polygon","coordinates":[[[4.83,49.243],[4.812,49.249],[4.791,49.276],[4.835,49.288],[4.866,49.276],[4.871,49.264],[4.83,49.243]]]}},{"type":"Feature","properties":{"code":"08037","nom":"Auvillers-les-Forges","pop":909},"geometry":{"type":"Polygon","coordinates":[[[4.386,49.872],[4.356,49.848],[4.341,49.852],[4.335,49.859],[4.373,49.883],[4.386,49.872]]]}},{"type":"Feature","properties":{"code":"08038","nom":"Avançon","pop":341},"geometry":{"type":"Polygon","coordinates":[[[4.275,49.497],[4.3,49.484],[4.296,49.478],[4.25,49.455],[4.212,49.475],[4.213,49.5],[4.234,49.502],[4.275,49.497]]]}},{"type":"Feature","properties":{"code":"08039","nom":"Avaux","pop":520},"geometry":{"type":"Polygon","coordinates":[[[4.095,49.471],[4.084,49.442],[4.061,49.447],[4.042,49.481],[4.042,49.484],[4.076,49.486],[4.095,49.471]]]}},{"type":"Feature","properties":{"code":"08040","nom":"Les Ayvelles","pop":851},"geometry":{"type":"Polygon","coordinates":[[[4.726,49.716],[4.734,49.725],[4.759,49.733],[4.782,49.723],[4.732,49.711],[4.726,49.716]]]}},{"type":"Feature","properties":{"code":"08041","nom":"Baâlons","pop":210},"geometry":{"type":"Polygon","coordinates":[[[4.638,49.581],[4.623,49.594],[4.648,49.62],[4.701,49.615],[4.704,49.61],[4.704,49.594],[4.691,49.587],[4.66,49.593],[4.638,49.581]]]}},{"type":"Feature","properties":{"code":"08043","nom":"Balan","pop":1579},"geometry":{"type":"Polygon","coordinates":[[[4.955,49.672],[4.948,49.675],[4.945,49.686],[4.968,49.703],[4.984,49.705],[4.955,49.672]]]}},{"type":"Feature","properties":{"code":"08044","nom":"Balham","pop":140},"geometry":{"type":"Polygon","coordinates":[[[4.163,49.489],[4.141,49.485],[4.14,49.486],[4.151,49.499],[4.157,49.496],[4.163,49.489]]]}},{"type":"Feature","properties":{"code":"08045","nom":"Ballay","pop":242},"geometry":{"type":"Polygon","coordinates":[[[4.764,49.433],[4.78,49.416],[4.806,49.422],[4.806,49.419],[4.768,49.408],[4.727,49.429],[4.752,49.438],[4.764,49.433]]]}},{"type":"Feature","properties":{"code":"08046","nom":"Banogne-Recouvrance","pop":162},"geometry":{"type":"Polygon","coordinates":[[[4.088,49.568],[4.105,49.588],[4.128,49.582],[4.162,49.594],[4.176,49.578],[4.162,49.557],[4.149,49.554],[4.13,49.545],[4.088,49.568]]]}},{"type":"Feature","properties":{"code":"08047","nom":"Barbaise","pop":102},"geometry":{"type":"Polygon","coordinates":[[[4.585,49.7],[4.59,49.696],[4.595,49.674],[4.574,49.655],[4.563,49.674],[4.585,49.7]]]}},{"type":"Feature","properties":{"code":"08048","nom":"Barby","pop":389},"geometry":{"type":"Polygon","coordinates":[[[4.289,49.519],[4.284,49.523],[4.288,49.534],[4.305,49.545],[4.312,49.54],[4.347,49.524],[4.343,49.511],[4.32,49.508],[4.289,49.519]]]}},{"type":"Feature","properties":{"code":"08049","nom":"Bar-lès-Buzancy","pop":115},"geometry":{"type":"Polygon","coordinates":[[[4.992,49.462],[4.979,49.448],[4.922,49.421],[4.95,49.459],[4.959,49.464],[4.992,49.462]]]}},{"type":"Feature","properties":{"code":"08052","nom":"Bayonville","pop":65},"geometry":{"type":"Polygon","coordinates":[[[5.026,49.372],[5.004,49.368],[4.981,49.388],[4.999,49.418],[5.02,49.424],[5.045,49.407],[5.017,49.388],[5.026,49.372]]]}},{"type":"Feature","properties":{"code":"08053","nom":"Bazeilles","pop":2470},"geometry":{"type":"Polygon","coordinates":[[[4.984,49.705],[4.989,49.703],[5.007,49.697],[5.01,49.714],[5.017,49.732],[5.047,49.77],[5.097,49.76],[5.088,49.743],[5.05,49.727],[5.032,49.695],[5.001,49.663],[4.959,49.669],[4.955,49.672],[4.984,49.705]]]}},{"type":"Feature","properties":{"code":"08055","nom":"Beaumont-en-Argonne","pop":415},"geometry":{"type":"Polygon","coordinates":[[[5.086,49.52],[5.06,49.505],[5.029,49.497],[5.013,49.498],[4.992,49.524],[4.979,49.528],[4.969,49.537],[5.004,49.544],[5.049,49.564],[5.055,49.563],[5.086,49.52]]]}},{"type":"Feature","properties":{"code":"08056","nom":"Beffu-et-le-Morthomme","pop":43},"geometry":{"type":"Polygon","coordinates":[[[4.908,49.361],[4.872,49.366],[4.874,49.387],[4.888,49.387],[4.915,49.364],[4.908,49.361]]]}},{"type":"Feature","properties":{"code":"08057","nom":"Belleville-et-Châtillon-sur-Bar","pop":240},"geometry":{"type":"Polygon","coordinates":[[[4.801,49.501],[4.805,49.5],[4.822,49.49],[4.846,49.457],[4.861,49.442],[4.849,49.442],[4.805,49.424],[4.803,49.428],[4.806,49.444],[4.814,49.459],[4.777,49.47],[4.776,49.47],[4.801,49.501]]]}},{"type":"Feature","properties":{"code":"08058","nom":"Belval","pop":232},"geometry":{"type":"Polygon","coordinates":[[[4.633,49.757],[4.628,49.761],[4.619,49.775],[4.629,49.788],[4.649,49.782],[4.661,49.781],[4.633,49.757]]]}},{"type":"Feature","properties":{"code":"08059","nom":"Belval-Bois-des-Dames","pop":26},"geometry":{"type":"Polygon","coordinates":[[[5.08,49.486],[5.083,49.471],[5.031,49.46],[5.008,49.465],[5.029,49.497],[5.06,49.505],[5.08,49.486]]]}},{"type":"Feature","properties":{"code":"08060","nom":"Bergnicourt","pop":292},"geometry":{"type":"Polygon","coordinates":[[[4.25,49.441],[4.264,49.434],[4.251,49.405],[4.259,49.389],[4.242,49.386],[4.227,49.416],[4.225,49.436],[4.25,49.441]]]}},{"type":"Feature","properties":{"code":"08061","nom":"La Berlière","pop":38},"geometry":{"type":"Polygon","coordinates":[[[4.948,49.54],[4.969,49.537],[4.979,49.528],[4.954,49.519],[4.908,49.513],[4.912,49.535],[4.948,49.54]]]}},{"type":"Feature","properties":{"code":"08062","nom":"Bertoncourt","pop":129},"geometry":{"type":"Polygon","coordinates":[[[4.379,49.538],[4.409,49.556],[4.42,49.538],[4.417,49.525],[4.379,49.538]]]}},{"type":"Feature","properties":{"code":"08063","nom":"La Besace","pop":133},"geometry":{"type":"Polygon","coordinates":[[[4.969,49.537],[4.948,49.54],[4.928,49.563],[4.985,49.575],[5.004,49.544],[4.969,49.537]]]}},{"type":"Feature","properties":{"code":"08064","nom":"Biermes","pop":316},"geometry":{"type":"Polygon","coordinates":[[[4.385,49.492],[4.404,49.491],[4.393,49.464],[4.355,49.476],[4.385,49.492]]]}},{"type":"Feature","properties":{"code":"08065","nom":"Bièvres","pop":49},"geometry":{"type":"Polygon","coordinates":[[[5.309,49.563],[5.313,49.559],[5.275,49.542],[5.263,49.542],[5.252,49.557],[5.264,49.568],[5.292,49.568],[5.309,49.563]]]}},{"type":"Feature","properties":{"code":"08066","nom":"Bignicourt","pop":65},"geometry":{"type":"Polygon","coordinates":[[[4.433,49.371],[4.424,49.365],[4.411,49.372],[4.405,49.387],[4.419,49.412],[4.438,49.413],[4.433,49.371]]]}},{"type":"Feature","properties":{"code":"08067","nom":"Blagny","pop":1078},"geometry":{"type":"Polygon","coordinates":[[[5.224,49.64],[5.223,49.632],[5.205,49.609],[5.175,49.619],[5.211,49.64],[5.224,49.64]]]}},{"type":"Feature","properties":{"code":"08069","nom":"Blanchefosse-et-Bay","pop":133},"geometry":{"type":"Polygon","coordinates":[[[4.28,49.778],[4.289,49.774],[4.28,49.747],[4.256,49.748],[4.227,49.731],[4.231,49.747],[4.214,49.771],[4.21,49.782],[4.227,49.794],[4.229,49.794],[4.28,49.778]]]}},{"type":"Feature","properties":{"code":"08070","nom":"Blanzy-la-Salonnaise","pop":378},"geometry":{"type":"Polygon","coordinates":[[[4.21,49.507],[4.213,49.5],[4.212,49.475],[4.184,49.462],[4.163,49.489],[4.157,49.496],[4.195,49.508],[4.21,49.507]]]}},{"type":"Feature","properties":{"code":"08071","nom":"Blombay","pop":128},"geometry":{"type":"Polygon","coordinates":[[[4.478,49.821],[4.461,49.79],[4.447,49.792],[4.441,49.794],[4.436,49.816],[4.442,49.84],[4.453,49.841],[4.476,49.826],[4.478,49.821]]]}},{"type":"Feature","properties":{"code":"08073","nom":"Bossus-lès-Rumigny","pop":94},"geometry":{"type":"Polygon","coordinates":[[[4.249,49.857],[4.275,49.845],[4.281,49.83],[4.256,49.825],[4.23,49.836],[4.249,49.857]]]}},{"type":"Feature","properties":{"code":"08074","nom":"Bouconville","pop":58},"geometry":{"type":"Polygon","coordinates":[[[4.745,49.241],[4.73,49.252],[4.768,49.282],[4.791,49.276],[4.812,49.249],[4.791,49.241],[4.745,49.241]]]}},{"type":"Feature","properties":{"code":"08075","nom":"Boult-aux-Bois","pop":157},"geometry":{"type":"Polygon","coordinates":[[[4.828,49.392],[4.817,49.405],[4.806,49.419],[4.806,49.422],[4.805,49.424],[4.849,49.442],[4.866,49.424],[4.828,49.392]]]}},{"type":"Feature","properties":{"code":"08076","nom":"Boulzicourt","pop":966},"geometry":{"type":"Polygon","coordinates":[[[4.671,49.686],[4.671,49.687],[4.701,49.706],[4.727,49.693],[4.688,49.675],[4.678,49.679],[4.671,49.686]]]}},{"type":"Feature","properties":{"code":"08077","nom":"Bourcq","pop":53},"geometry":{"type":"Polygon","coordinates":[[[4.583,49.385],[4.618,49.4],[4.65,49.391],[4.654,49.379],[4.646,49.374],[4.586,49.372],[4.583,49.385]]]}},{"type":"Feature","properties":{"code":"08078","nom":"Bourg-Fidèle","pop":818},"geometry":{"type":"Polygon","coordinates":[[[4.589,49.876],[4.532,49.874],[4.516,49.881],[4.522,49.896],[4.589,49.905],[4.589,49.876]]]}},{"type":"Feature","properties":{"code":"08080","nom":"Bouvellemont","pop":117},"geometry":{"type":"Polygon","coordinates":[[[4.691,49.587],[4.675,49.577],[4.652,49.576],[4.638,49.581],[4.66,49.593],[4.691,49.587]]]}},{"type":"Feature","properties":{"code":"08081","nom":"Bogny-sur-Meuse","pop":4889},"geometry":{"type":"Polygon","coordinates":[[[4.729,49.819],[4.713,49.824],[4.708,49.843],[4.703,49.848],[4.709,49.859],[4.771,49.876],[4.777,49.869],[4.809,49.848],[4.804,49.837],[4.788,49.835],[4.748,49.832],[4.729,49.819]]]}},{"type":"Feature","properties":{"code":"08082","nom":"Brécy-Brières","pop":73},"geometry":{"type":"Polygon","coordinates":[[[4.771,49.319],[4.72,49.331],[4.739,49.339],[4.75,49.352],[4.761,49.337],[4.797,49.331],[4.771,49.319]]]}},{"type":"Feature","properties":{"code":"08083","nom":"Brévilly","pop":366},"geometry":{"type":"Polygon","coordinates":[[[5.063,49.673],[5.103,49.662],[5.09,49.647],[5.061,49.655],[5.063,49.673]]]}},{"type":"Feature","properties":{"code":"08084","nom":"Brienne-sur-Aisne","pop":277},"geometry":{"type":"Polygon","coordinates":[[[4.043,49.425],[4.037,49.438],[4.061,49.447],[4.084,49.442],[4.087,49.437],[4.079,49.401],[4.048,49.406],[4.043,49.425]]]}},{"type":"Feature","properties":{"code":"08085","nom":"Brieulles-sur-Bar","pop":224},"geometry":{"type":"Polygon","coordinates":[[[4.854,49.503],[4.872,49.503],[4.906,49.489],[4.907,49.481],[4.846,49.457],[4.822,49.49],[4.854,49.503]]]}},{"type":"Feature","properties":{"code":"08086","nom":"Briquenay","pop":89},"geometry":{"type":"Polygon","coordinates":[[[4.832,49.381],[4.828,49.392],[4.866,49.424],[4.904,49.425],[4.912,49.419],[4.898,49.393],[4.888,49.387],[4.874,49.387],[4.832,49.381]]]}},{"type":"Feature","properties":{"code":"08087","nom":"Brognon","pop":130},"geometry":{"type":"Polygon","coordinates":[[[4.269,49.943],[4.296,49.946],[4.307,49.928],[4.254,49.923],[4.269,49.943]]]}},{"type":"Feature","properties":{"code":"08088","nom":"Bulson","pop":140},"geometry":{"type":"Polygon","coordinates":[[[4.901,49.637],[4.904,49.638],[4.929,49.644],[4.936,49.638],[4.916,49.611],[4.915,49.611],[4.901,49.637]]]}},{"type":"Feature","properties":{"code":"08089","nom":"Buzancy","pop":380},"geometry":{"type":"Polygon","coordinates":[[[4.981,49.388],[4.962,49.388],[4.95,49.397],[4.914,49.419],[4.922,49.421],[4.979,49.448],[5.017,49.436],[5.021,49.425],[5.02,49.424],[4.999,49.418],[4.981,49.388]]]}},{"type":"Feature","properties":{"code":"08090","nom":"Carignan","pop":2680},"geometry":{"type":"Polygon","coordinates":[[[5.157,49.618],[5.142,49.624],[5.138,49.64],[5.14,49.648],[5.183,49.661],[5.205,49.653],[5.211,49.64],[5.175,49.619],[5.157,49.618]]]}},{"type":"Feature","properties":{"code":"08092","nom":"Cauroy","pop":192},"geometry":{"type":"Polygon","coordinates":[[[4.433,49.371],[4.453,49.377],[4.481,49.371],[4.487,49.334],[4.464,49.321],[4.459,49.32],[4.448,49.331],[4.424,49.365],[4.433,49.371]]]}},{"type":"Feature","properties":{"code":"08094","nom":"Cernion","pop":54},"geometry":{"type":"Polygon","coordinates":[[[4.406,49.793],[4.425,49.813],[4.436,49.816],[4.441,49.794],[4.414,49.785],[4.406,49.793]]]}},{"type":"Feature","properties":{"code":"08095","nom":"Chagny","pop":167},"geometry":{"type":"Polygon","coordinates":[[[4.675,49.577],[4.691,49.587],[4.704,49.594],[4.73,49.572],[4.722,49.559],[4.682,49.547],[4.668,49.559],[4.675,49.577]]]}},{"type":"Feature","properties":{"code":"08096","nom":"Chalandry-Elaire","pop":719},"geometry":{"type":"Polygon","coordinates":[[[4.782,49.723],[4.782,49.718],[4.774,49.705],[4.756,49.696],[4.739,49.701],[4.732,49.711],[4.782,49.723]]]}},{"type":"Feature","properties":{"code":"08097","nom":"Challerange","pop":417},"geometry":{"type":"Polygon","coordinates":[[[4.74,49.293],[4.713,49.313],[4.716,49.33],[4.72,49.331],[4.771,49.319],[4.772,49.302],[4.775,49.293],[4.765,49.287],[4.74,49.293]]]}},{"type":"Feature","properties":{"code":"08098","nom":"Champigneulle","pop":53},"geometry":{"type":"Polygon","coordinates":[[[4.96,49.358],[4.96,49.357],[4.91,49.336],[4.905,49.339],[4.908,49.361],[4.915,49.364],[4.947,49.363],[4.96,49.358]]]}},{"type":"Feature","properties":{"code":"08099","nom":"Champigneul-sur-Vence","pop":125},"geometry":{"type":"Polygon","coordinates":[[[4.66,49.712],[4.675,49.715],[4.697,49.716],[4.659,49.689],[4.639,49.699],[4.66,49.712]]]}},{"type":"Feature","properties":{"code":"08100","nom":"Champlin","pop":73},"geometry":{"type":"Polygon","coordinates":[[[4.303,49.817],[4.297,49.825],[4.341,49.852],[4.356,49.848],[4.354,49.842],[4.311,49.817],[4.303,49.817]]]}},{"type":"Feature","properties":{"code":"08101","nom":"La Chapelle","pop":155},"geometry":{"type":"Polygon","coordinates":[[[5.017,49.732],[5.026,49.757],[5,49.761],[5.014,49.78],[5.047,49.77],[5.017,49.732]]]}},{"type":"Feature","properties":{"code":"08102","nom":"Chappes","pop":80},"geometry":{"type":"Polygon","coordinates":[[[4.308,49.594],[4.284,49.597],[4.25,49.595],[4.254,49.609],[4.288,49.628],[4.297,49.613],[4.308,49.594]]]}},{"type":"Feature","properties":{"code":"08103","nom":"Charbogne","pop":218},"geometry":{"type":"Polygon","coordinates":[[[4.561,49.492],[4.564,49.497],[4.575,49.516],[4.619,49.528],[4.615,49.515],[4.585,49.488],[4.561,49.492]]]}},{"type":"Feature","properties":{"code":"08104","nom":"Chardeny","pop":55},"geometry":{"type":"Polygon","coordinates":[[[4.61,49.435],[4.616,49.432],[4.617,49.413],[4.566,49.413],[4.61,49.435]]]}},{"type":"Feature","properties":{"code":"08105","nom":"Charleville-Mézières","pop":45560},"geometry":{"type":"Polygon","coordinates":[[[4.713,49.824],[4.729,49.819],[4.73,49.806],[4.748,49.77],[4.78,49.774],[4.785,49.77],[4.757,49.755],[4.729,49.733],[4.698,49.738],[4.677,49.758],[4.693,49.776],[4.68,49.789],[4.707,49.828],[4.713,49.824]]]}},{"type":"Feature","properties":{"code":"08106","nom":"Charnois","pop":72},"geometry":{"type":"Polygon","coordinates":[[[4.819,50.093],[4.809,50.113],[4.844,50.114],[4.849,50.101],[4.841,50.083],[4.819,50.093]]]}},{"type":"Feature","properties":{"code":"08107","nom":"Château-Porcien","pop":1285},"geometry":{"type":"Polygon","coordinates":[[[4.225,49.554],[4.253,49.565],[4.262,49.56],[4.288,49.534],[4.284,49.523],[4.234,49.502],[4.213,49.5],[4.21,49.507],[4.212,49.519],[4.237,49.528],[4.225,49.554]]]}},{"type":"Feature","properties":{"code":"08109","nom":"Chatel-Chéhéry","pop":125},"geometry":{"type":"Polygon","coordinates":[[[4.964,49.301],[4.992,49.293],[4.993,49.281],[4.964,49.262],[4.934,49.262],[4.913,49.265],[4.906,49.275],[4.964,49.301]]]}},{"type":"Feature","properties":{"code":"08110","nom":"Le Châtelet-sur-Sormonne","pop":174},"geometry":{"type":"Polygon","coordinates":[[[4.527,49.828],[4.519,49.799],[4.515,49.802],[4.507,49.818],[4.508,49.836],[4.509,49.85],[4.509,49.875],[4.516,49.881],[4.532,49.874],[4.522,49.853],[4.527,49.828]]]}},{"type":"Feature","properties":{"code":"08111","nom":"Le Châtelet-sur-Retourne","pop":774},"geometry":{"type":"Polygon","coordinates":[[[4.304,49.425],[4.281,49.39],[4.259,49.389],[4.251,49.405],[4.264,49.434],[4.304,49.425]]]}},{"type":"Feature","properties":{"code":"08113","nom":"Chaumont-Porcien","pop":462},"geometry":{"type":"Polygon","coordinates":[[[4.18,49.673],[4.182,49.676],[4.214,49.683],[4.219,49.666],[4.285,49.672],[4.286,49.67],[4.272,49.655],[4.288,49.639],[4.288,49.628],[4.254,49.609],[4.228,49.624],[4.199,49.641],[4.18,49.673]]]}},{"type":"Feature","properties":{"code":"08115","nom":"Chémery-Chéhéry","pop":514},"geometry":{"type":"Polygon","coordinates":[[[4.836,49.611],[4.844,49.645],[4.881,49.65],[4.901,49.637],[4.915,49.611],[4.893,49.591],[4.873,49.579],[4.832,49.593],[4.836,49.611]]]}},{"type":"Feature","properties":{"code":"08116","nom":"Bairon et ses environs","pop":1037},"geometry":{"type":"Polygon","coordinates":[[[4.722,49.559],[4.73,49.572],[4.754,49.564],[4.756,49.563],[4.766,49.532],[4.801,49.537],[4.801,49.501],[4.776,49.47],[4.759,49.464],[4.752,49.463],[4.709,49.461],[4.738,49.502],[4.725,49.536],[4.725,49.538],[4.722,49.559]]]}},{"type":"Feature","properties":{"code":"08117","nom":"Chesnois-Auboncourt","pop":159},"geometry":{"type":"Polygon","coordinates":[[[4.583,49.55],[4.561,49.548],[4.544,49.56],[4.541,49.562],[4.574,49.577],[4.584,49.573],[4.583,49.55]]]}},{"type":"Feature","properties":{"code":"08119","nom":"Cheveuges","pop":468},"geometry":{"type":"Polygon","coordinates":[[[4.88,49.678],[4.914,49.673],[4.918,49.667],[4.904,49.638],[4.901,49.637],[4.881,49.65],[4.857,49.665],[4.869,49.675],[4.88,49.678]]]}},{"type":"Feature","properties":{"code":"08120","nom":"Chevières","pop":46},"geometry":{"type":"Polygon","coordinates":[[[4.91,49.336],[4.911,49.331],[4.892,49.3],[4.874,49.327],[4.905,49.339],[4.91,49.336]]]}},{"type":"Feature","properties":{"code":"08121","nom":"Chilly","pop":134},"geometry":{"type":"Polygon","coordinates":[[[4.476,49.826],[4.453,49.841],[4.462,49.858],[4.49,49.849],[4.49,49.848],[4.476,49.826]]]}},{"type":"Feature","properties":{"code":"08122","nom":"Chooz","pop":825},"geometry":{"type":"Polygon","coordinates":[[[4.795,50.129],[4.797,50.126],[4.809,50.113],[4.819,50.093],[4.82,50.066],[4.82,50.061],[4.801,50.056],[4.782,50.094],[4.777,50.12],[4.795,50.129]]]}},{"type":"Feature","properties":{"code":"08123","nom":"Chuffilly-Roche","pop":69},"geometry":{"type":"Polygon","coordinates":[[[4.616,49.432],[4.61,49.435],[4.589,49.449],[4.617,49.465],[4.635,49.473],[4.634,49.444],[4.616,49.432]]]}},{"type":"Feature","properties":{"code":"08124","nom":"Clavy-Warby","pop":338},"geometry":{"type":"Polygon","coordinates":[[[4.518,49.744],[4.532,49.765],[4.584,49.75],[4.57,49.738],[4.536,49.733],[4.518,49.744]]]}},{"type":"Feature","properties":{"code":"08125","nom":"Cliron","pop":409},"geometry":{"type":"Polygon","coordinates":[[[4.638,49.824],[4.642,49.819],[4.616,49.794],[4.604,49.792],[4.596,49.803],[4.601,49.826],[4.613,49.826],[4.638,49.824]]]}},{"type":"Feature","properties":{"code":"08126","nom":"Condé-lès-Herpy","pop":218},"geometry":{"type":"Polygon","coordinates":[[[4.212,49.519],[4.209,49.535],[4.153,49.541],[4.149,49.554],[4.162,49.557],[4.189,49.549],[4.225,49.554],[4.237,49.528],[4.212,49.519]]]}},{"type":"Feature","properties":{"code":"08128","nom":"Condé-lès-Autry","pop":64},"geometry":{"type":"Polygon","coordinates":[[[4.827,49.235],[4.83,49.243],[4.871,49.264],[4.876,49.263],[4.866,49.227],[4.827,49.235]]]}},{"type":"Feature","properties":{"code":"08130","nom":"Contreuve","pop":87},"geometry":{"type":"Polygon","coordinates":[[[4.622,49.342],[4.578,49.365],[4.586,49.372],[4.646,49.374],[4.655,49.365],[4.622,49.342]]]}},{"type":"Feature","properties":{"code":"08131","nom":"Cornay","pop":69},"geometry":{"type":"Polygon","coordinates":[[[4.948,49.33],[4.955,49.321],[4.964,49.301],[4.906,49.275],[4.894,49.295],[4.933,49.299],[4.948,49.33]]]}},{"type":"Feature","properties":{"code":"08132","nom":"Corny-Machéroménil","pop":187},"geometry":{"type":"Polygon","coordinates":[[[4.47,49.569],[4.453,49.572],[4.411,49.57],[4.451,49.597],[4.48,49.602],[4.483,49.602],[4.47,49.569]]]}},{"type":"Feature","properties":{"code":"08133","nom":"Coucy","pop":536},"geometry":{"type":"Polygon","coordinates":[[[4.485,49.507],[4.477,49.504],[4.456,49.497],[4.436,49.499],[4.442,49.519],[4.473,49.523],[4.481,49.523],[4.485,49.507]]]}},{"type":"Feature","properties":{"code":"08134","nom":"Coulommes-et-Marqueny","pop":75},"geometry":{"type":"Polygon","coordinates":[[[4.542,49.413],[4.542,49.426],[4.582,49.45],[4.589,49.449],[4.61,49.435],[4.566,49.413],[4.555,49.407],[4.549,49.41],[4.542,49.413]]]}},{"type":"Feature","properties":{"code":"08135","nom":"La Croix-aux-Bois","pop":168},"geometry":{"type":"Polygon","coordinates":[[[4.768,49.408],[4.806,49.419],[4.817,49.405],[4.776,49.393],[4.763,49.401],[4.768,49.408]]]}},{"type":"Feature","properties":{"code":"08136","nom":"Daigny","pop":358},"geometry":{"type":"Polygon","coordinates":[[[4.989,49.703],[5.01,49.714],[5.007,49.697],[4.989,49.703]]]}},{"type":"Feature","properties":{"code":"08137","nom":"Damouzy","pop":423},"geometry":{"type":"Polygon","coordinates":[[[4.68,49.789],[4.661,49.781],[4.649,49.782],[4.656,49.799],[4.683,49.826],[4.684,49.828],[4.7,49.838],[4.703,49.848],[4.708,49.843],[4.707,49.828],[4.68,49.789]]]}},{"type":"Feature","properties":{"code":"08138","nom":"Les Deux-Villes","pop":248},"geometry":{"type":"Polygon","coordinates":[[[5.211,49.64],[5.205,49.653],[5.252,49.672],[5.256,49.648],[5.224,49.64],[5.211,49.64]]]}},{"type":"Feature","properties":{"code":"08139","nom":"Deville","pop":998},"geometry":{"type":"Polygon","coordinates":[[[4.709,49.859],[4.674,49.874],[4.691,49.891],[4.704,49.892],[4.709,49.859]]]}},{"type":"Feature","properties":{"code":"08140","nom":"Dom-le-Mesnil","pop":1048},"geometry":{"type":"Polygon","coordinates":[[[4.841,49.698],[4.845,49.691],[4.805,49.67],[4.781,49.681],[4.792,49.696],[4.815,49.695],[4.841,49.698]]]}},{"type":"Feature","properties":{"code":"08141","nom":"Dommery","pop":186},"geometry":{"type":"Polygon","coordinates":[[[4.498,49.662],[4.464,49.67],[4.45,49.698],[4.494,49.694],[4.502,49.683],[4.498,49.662],[4.498,49.662]]]}},{"type":"Feature","properties":{"code":"08142","nom":"Donchery","pop":1989},"geometry":{"type":"Polygon","coordinates":[[[4.844,49.699],[4.846,49.717],[4.88,49.719],[4.892,49.753],[4.878,49.763],[4.888,49.788],[4.931,49.787],[4.924,49.75],[4.898,49.737],[4.899,49.697],[4.88,49.678],[4.869,49.675],[4.844,49.699]]]}},{"type":"Feature","properties":{"code":"08143","nom":"Doumely-Bégny","pop":83},"geometry":{"type":"Polygon","coordinates":[[[4.297,49.613],[4.288,49.628],[4.288,49.639],[4.319,49.654],[4.328,49.63],[4.297,49.613]]]}},{"type":"Feature","properties":{"code":"08144","nom":"Doux","pop":102},"geometry":{"type":"Polygon","coordinates":[[[4.436,49.499],[4.424,49.5],[4.417,49.525],[4.42,49.538],[4.442,49.519],[4.436,49.499]]]}},{"type":"Feature","properties":{"code":"08145","nom":"Douzy","pop":2134},"geometry":{"type":"Polygon","coordinates":[[[5.032,49.695],[5.062,49.689],[5.063,49.673],[5.061,49.655],[5.09,49.647],[5.091,49.641],[5.085,49.639],[5.035,49.639],[5.027,49.641],[5.001,49.663],[5.032,49.695]]]}},{"type":"Feature","properties":{"code":"08146","nom":"Draize","pop":89},"geometry":{"type":"Polygon","coordinates":[[[4.331,49.629],[4.328,49.63],[4.319,49.654],[4.32,49.665],[4.328,49.669],[4.351,49.672],[4.347,49.665],[4.34,49.639],[4.331,49.629]]]}},{"type":"Feature","properties":{"code":"08147","nom":"Dricourt","pop":70},"geometry":{"type":"Polygon","coordinates":[[[4.542,49.413],[4.549,49.41],[4.513,49.378],[4.496,49.375],[4.495,49.397],[4.542,49.413]]]}},{"type":"Feature","properties":{"code":"08148","nom":"L'Écaille","pop":263},"geometry":{"type":"Polygon","coordinates":[[[4.189,49.399],[4.191,49.401],[4.214,49.431],[4.225,49.436],[4.227,49.416],[4.213,49.388],[4.201,49.384],[4.189,49.399]]]}},{"type":"Feature","properties":{"code":"08149","nom":"L'Échelle","pop":129},"geometry":{"type":"Polygon","coordinates":[[[4.461,49.79],[4.478,49.821],[4.507,49.818],[4.515,49.802],[4.475,49.785],[4.461,49.79]]]}},{"type":"Feature","properties":{"code":"08150","nom":"Écly","pop":169},"geometry":{"type":"Polygon","coordinates":[[[4.272,49.569],[4.305,49.571],[4.309,49.548],[4.305,49.545],[4.288,49.534],[4.262,49.56],[4.272,49.569]]]}},{"type":"Feature","properties":{"code":"08151","nom":"Écordal","pop":283},"geometry":{"type":"Polygon","coordinates":[[[4.561,49.548],[4.583,49.55],[4.606,49.552],[4.615,49.544],[4.62,49.531],[4.619,49.528],[4.575,49.516],[4.557,49.526],[4.561,49.548]]]}},{"type":"Feature","properties":{"code":"08153","nom":"Escombres-et-le-Chesnois","pop":342},"geometry":{"type":"Polygon","coordinates":[[[5.131,49.682],[5.109,49.68],[5.106,49.693],[5.123,49.717],[5.144,49.709],[5.131,49.682]]]}},{"type":"Feature","properties":{"code":"08154","nom":"Estrebay","pop":84},"geometry":{"type":"Polygon","coordinates":[[[4.373,49.825],[4.34,49.811],[4.311,49.817],[4.354,49.842],[4.382,49.835],[4.373,49.825]]]}},{"type":"Feature","properties":{"code":"08155","nom":"Étalle","pop":94},"geometry":{"type":"Polygon","coordinates":[[[4.442,49.84],[4.428,49.858],[4.447,49.866],[4.462,49.858],[4.453,49.841],[4.442,49.84]]]}},{"type":"Feature","properties":{"code":"08156","nom":"Éteignières","pop":465},"geometry":{"type":"Polygon","coordinates":[[[4.408,49.871],[4.386,49.872],[4.373,49.883],[4.384,49.901],[4.452,49.92],[4.437,49.909],[4.408,49.871]]]}},{"type":"Feature","properties":{"code":"08158","nom":"Étrépigny","pop":268},"geometry":{"type":"Polygon","coordinates":[[[4.731,49.694],[4.739,49.701],[4.756,49.696],[4.731,49.694]]]}},{"type":"Feature","properties":{"code":"08159","nom":"Euilly-et-Lombut","pop":119},"geometry":{"type":"Polygon","coordinates":[[[5.142,49.624],[5.118,49.614],[5.089,49.621],[5.085,49.639],[5.091,49.641],[5.138,49.64],[5.142,49.624]]]}},{"type":"Feature","properties":{"code":"08160","nom":"Évigny","pop":189},"geometry":{"type":"Polygon","coordinates":[[[4.675,49.715],[4.66,49.712],[4.653,49.719],[4.673,49.741],[4.694,49.733],[4.675,49.715]]]}},{"type":"Feature","properties":{"code":"08161","nom":"Exermont","pop":32},"geometry":{"type":"Polygon","coordinates":[[[5.051,49.274],[5.011,49.269],[4.993,49.281],[4.992,49.293],[5.009,49.321],[5.026,49.326],[5.03,49.326],[5.038,49.316],[5.057,49.293],[5.059,49.29],[5.051,49.274]]]}},{"type":"Feature","properties":{"code":"08162","nom":"Fagnon","pop":339},"geometry":{"type":"Polygon","coordinates":[[[4.568,49.706],[4.57,49.711],[4.613,49.729],[4.609,49.741],[4.633,49.757],[4.654,49.745],[4.638,49.728],[4.627,49.723],[4.574,49.703],[4.568,49.706]]]}},{"type":"Feature","properties":{"code":"08163","nom":"Faissault","pop":255},"geometry":{"type":"Polygon","coordinates":[[[4.521,49.599],[4.483,49.602],[4.48,49.602],[4.481,49.604],[4.518,49.622],[4.531,49.605],[4.521,49.599]]]}},{"type":"Feature","properties":{"code":"08164","nom":"Falaise","pop":346},"geometry":{"type":"Polygon","coordinates":[[[4.715,49.375],[4.717,49.393],[4.763,49.401],[4.776,49.393],[4.762,49.382],[4.744,49.369],[4.715,49.375]]]}},{"type":"Feature","properties":{"code":"08165","nom":"Faux","pop":64},"geometry":{"type":"Polygon","coordinates":[[[4.49,49.53],[4.49,49.542],[4.503,49.546],[4.508,49.544],[4.52,49.531],[4.49,49.53]]]}},{"type":"Feature","properties":{"code":"08166","nom":"Fépin","pop":233},"geometry":{"type":"Polygon","coordinates":[[[4.691,50.034],[4.726,50.031],[4.689,50.011],[4.691,50.034]]]}},{"type":"Feature","properties":{"code":"08167","nom":"La Férée","pop":72},"geometry":{"type":"Polygon","coordinates":[[[4.326,49.737],[4.293,49.74],[4.28,49.747],[4.289,49.774],[4.328,49.776],[4.327,49.737],[4.326,49.737]]]}},{"type":"Feature","properties":{"code":"08168","nom":"La Ferté-sur-Chiers","pop":173},"geometry":{"type":"Polygon","coordinates":[[[5.252,49.557],[5.235,49.562],[5.202,49.568],[5.215,49.577],[5.247,49.59],[5.264,49.568],[5.252,49.557]]]}},{"type":"Feature","properties":{"code":"08169","nom":"Flaignes-Havys","pop":89},"geometry":{"type":"Polygon","coordinates":[[[4.425,49.813],[4.406,49.793],[4.374,49.789],[4.387,49.801],[4.373,49.825],[4.382,49.835],[4.412,49.861],[4.422,49.858],[4.411,49.834],[4.425,49.813]]]}},{"type":"Feature","properties":{"code":"08170","nom":"Fleigneux","pop":223},"geometry":{"type":"Polygon","coordinates":[[[4.943,49.735],[4.937,49.738],[4.951,49.761],[4.943,49.79],[4.994,49.801],[5.002,49.792],[4.962,49.765],[4.943,49.735]]]}},{"type":"Feature","properties":{"code":"08171","nom":"Fléville","pop":93},"geometry":{"type":"Polygon","coordinates":[[[4.992,49.293],[4.964,49.301],[4.955,49.321],[4.963,49.324],[5.009,49.321],[4.992,49.293]]]}},{"type":"Feature","properties":{"code":"08172","nom":"Fligny","pop":154},"geometry":{"type":"Polygon","coordinates":[[[4.25,49.863],[4.256,49.904],[4.29,49.893],[4.27,49.868],[4.25,49.863]]]}},{"type":"Feature","properties":{"code":"08173","nom":"Flize","pop":1683},"geometry":{"type":"Polygon","coordinates":[[[4.756,49.696],[4.774,49.705],[4.792,49.696],[4.781,49.681],[4.776,49.653],[4.754,49.64],[4.725,49.647],[4.695,49.653],[4.688,49.675],[4.727,49.693],[4.731,49.694],[4.756,49.696]]]}},{"type":"Feature","properties":{"code":"08174","nom":"Floing","pop":2270},"geometry":{"type":"Polygon","coordinates":[[[4.964,49.724],[4.927,49.711],[4.915,49.733],[4.937,49.738],[4.943,49.735],[4.964,49.724]]]}},{"type":"Feature","properties":{"code":"08175","nom":"Foisches","pop":233},"geometry":{"type":"Polygon","coordinates":[[[4.795,50.129],[4.777,50.12],[4.776,50.12],[4.756,50.122],[4.78,50.141],[4.795,50.129]]]}},{"type":"Feature","properties":{"code":"08176","nom":"Fossé","pop":63},"geometry":{"type":"Polygon","coordinates":[[[4.992,49.462],[5.008,49.465],[5.031,49.46],[5.017,49.436],[4.979,49.448],[4.992,49.462]]]}},{"type":"Feature","properties":{"code":"08178","nom":"Fraillicourt","pop":164},"geometry":{"type":"Polygon","coordinates":[[[4.151,49.691],[4.165,49.694],[4.18,49.673],[4.199,49.641],[4.165,49.644],[4.143,49.677],[4.151,49.691]]]}},{"type":"Feature","properties":{"code":"08179","nom":"Francheval","pop":590},"geometry":{"type":"Polygon","coordinates":[[[5.073,49.696],[5.062,49.689],[5.032,49.695],[5.05,49.727],[5.088,49.743],[5.097,49.76],[5.125,49.727],[5.078,49.719],[5.073,49.696]]]}},{"type":"Feature","properties":{"code":"08180","nom":"La Francheville","pop":1636},"geometry":{"type":"Polygon","coordinates":[[[4.734,49.725],[4.726,49.716],[4.708,49.717],[4.697,49.716],[4.675,49.715],[4.694,49.733],[4.698,49.738],[4.729,49.733],[4.734,49.725]]]}},{"type":"Feature","properties":{"code":"08182","nom":"Le Fréty","pop":61},"geometry":{"type":"Polygon","coordinates":[[[4.225,49.728],[4.227,49.731],[4.256,49.748],[4.28,49.747],[4.293,49.74],[4.281,49.73],[4.259,49.72],[4.225,49.728]]]}},{"type":"Feature","properties":{"code":"08183","nom":"Fromelennes","pop":1037},"geometry":{"type":"Polygon","coordinates":[[[4.844,50.114],[4.845,50.127],[4.895,50.14],[4.849,50.101],[4.844,50.114]]]}},{"type":"Feature","properties":{"code":"08184","nom":"Fromy","pop":87},"geometry":{"type":"Polygon","coordinates":[[[5.242,49.603],[5.256,49.613],[5.269,49.612],[5.261,49.59],[5.245,49.591],[5.242,49.603]]]}},{"type":"Feature","properties":{"code":"08185","nom":"Fumay","pop":3086},"geometry":{"type":"Polygon","coordinates":[[[4.694,49.996],[4.746,49.953],[4.709,49.951],[4.662,49.965],[4.624,49.943],[4.576,49.981],[4.694,49.996]]]}},{"type":"Feature","properties":{"code":"08186","nom":"Germont","pop":51},"geometry":{"type":"Polygon","coordinates":[[[4.905,49.431],[4.904,49.425],[4.866,49.424],[4.849,49.442],[4.861,49.442],[4.877,49.443],[4.905,49.431]]]}},{"type":"Feature","properties":{"code":"08187","nom":"Gernelle","pop":314},"geometry":{"type":"Polygon","coordinates":[[[4.809,49.762],[4.804,49.765],[4.8,49.77],[4.833,49.787],[4.842,49.782],[4.843,49.771],[4.809,49.762]]]}},{"type":"Feature","properties":{"code":"08188","nom":"Gespunsart","pop":954},"geometry":{"type":"Polygon","coordinates":[[[4.82,49.802],[4.812,49.825],[4.829,49.849],[4.843,49.849],[4.855,49.848],[4.869,49.823],[4.862,49.789],[4.842,49.782],[4.833,49.787],[4.82,49.802]]]}},{"type":"Feature","properties":{"code":"08189","nom":"Girondelle","pop":153},"geometry":{"type":"Polygon","coordinates":[[[4.386,49.872],[4.408,49.871],[4.412,49.861],[4.382,49.835],[4.354,49.842],[4.356,49.848],[4.386,49.872]]]}},{"type":"Feature","properties":{"code":"08190","nom":"Givet","pop":6364},"geometry":{"type":"Polygon","coordinates":[[[4.797,50.126],[4.795,50.129],[4.78,50.141],[4.824,50.162],[4.876,50.154],[4.895,50.14],[4.845,50.127],[4.797,50.126]]]}},{"type":"Feature","properties":{"code":"08191","nom":"Givonne","pop":1055},"geometry":{"type":"Polygon","coordinates":[[[5.01,49.714],[4.989,49.703],[4.984,49.705],[4.968,49.703],[4.972,49.724],[5,49.761],[5.026,49.757],[5.017,49.732],[5.01,49.714]]]}},{"type":"Feature","properties":{"code":"08192","nom":"Givron","pop":95},"geometry":{"type":"Polygon","coordinates":[[[4.32,49.665],[4.319,49.654],[4.288,49.639],[4.272,49.655],[4.286,49.67],[4.32,49.665]]]}},{"type":"Feature","properties":{"code":"08193","nom":"Givry","pop":266},"geometry":{"type":"Polygon","coordinates":[[[4.546,49.473],[4.538,49.468],[4.51,49.48],[4.503,49.483],[4.504,49.5],[4.522,49.508],[4.564,49.497],[4.561,49.492],[4.546,49.473]]]}},{"type":"Feature","properties":{"code":"08194","nom":"Glaire","pop":846},"geometry":{"type":"Polygon","coordinates":[[[4.899,49.697],[4.898,49.737],[4.915,49.733],[4.927,49.711],[4.899,49.697]]]}},{"type":"Feature","properties":{"code":"08195","nom":"Gomont","pop":317},"geometry":{"type":"Polygon","coordinates":[[[4.151,49.499],[4.159,49.529],[4.195,49.508],[4.157,49.496],[4.151,49.499]]]}},{"type":"Feature","properties":{"code":"08196","nom":"Grandchamp","pop":88},"geometry":{"type":"Polygon","coordinates":[[[4.383,49.652],[4.399,49.668],[4.429,49.66],[4.413,49.638],[4.391,49.642],[4.384,49.652],[4.383,49.652]]]}},{"type":"Feature","properties":{"code":"08197","nom":"Grandham","pop":36},"geometry":{"type":"Polygon","coordinates":[[[4.831,49.299],[4.876,49.29],[4.866,49.276],[4.835,49.288],[4.831,49.299]]]}},{"type":"Feature","properties":{"code":"08198","nom":"Grandpré","pop":503},"geometry":{"type":"Polygon","coordinates":[[[4.874,49.387],[4.872,49.366],[4.908,49.361],[4.905,49.339],[4.874,49.327],[4.801,49.309],[4.798,49.331],[4.825,49.354],[4.811,49.376],[4.832,49.381],[4.874,49.387]]]}},{"type":"Feature","properties":{"code":"08199","nom":"La Grandville","pop":753},"geometry":{"type":"Polygon","coordinates":[[[4.785,49.77],[4.78,49.774],[4.792,49.803],[4.82,49.802],[4.833,49.787],[4.8,49.77],[4.785,49.77]]]}},{"type":"Feature","properties":{"code":"08200","nom":"Grivy-Loisy","pop":181},"geometry":{"type":"Polygon","coordinates":[[[4.634,49.444],[4.658,49.449],[4.665,49.411],[4.628,49.407],[4.617,49.413],[4.617,49.413],[4.616,49.432],[4.634,49.444]]]}},{"type":"Feature","properties":{"code":"08201","nom":"Gruyères","pop":102},"geometry":{"type":"Polygon","coordinates":[[[4.585,49.7],[4.574,49.703],[4.627,49.723],[4.614,49.702],[4.593,49.696],[4.59,49.696],[4.585,49.7]]]}},{"type":"Feature","properties":{"code":"08202","nom":"Gué-d'Hossus","pop":504},"geometry":{"type":"Polygon","coordinates":[[[4.516,49.946],[4.512,49.947],[4.541,49.969],[4.57,49.974],[4.546,49.966],[4.551,49.944],[4.516,49.946]]]}},{"type":"Feature","properties":{"code":"08203","nom":"Guignicourt-sur-Vence","pop":272},"geometry":{"type":"Polygon","coordinates":[[[4.593,49.696],[4.614,49.702],[4.639,49.699],[4.659,49.689],[4.671,49.687],[4.671,49.686],[4.647,49.672],[4.593,49.696]]]}},{"type":"Feature","properties":{"code":"08204","nom":"Guincourt","pop":70},"geometry":{"type":"Polygon","coordinates":[[[4.606,49.552],[4.637,49.571],[4.655,49.56],[4.615,49.544],[4.606,49.552]]]}},{"type":"Feature","properties":{"code":"08205","nom":"Hagnicourt","pop":67},"geometry":{"type":"Polygon","coordinates":[[[4.59,49.627],[4.598,49.627],[4.592,49.598],[4.572,49.6],[4.559,49.609],[4.59,49.627]]]}},{"type":"Feature","properties":{"code":"08206","nom":"Ham-les-Moines","pop":356},"geometry":{"type":"Polygon","coordinates":[[[4.572,49.793],[4.574,49.803],[4.596,49.803],[4.604,49.792],[4.595,49.786],[4.584,49.785],[4.572,49.793]]]}},{"type":"Feature","properties":{"code":"08207","nom":"Ham-sur-Meuse","pop":226},"geometry":{"type":"Polygon","coordinates":[[[4.801,50.056],[4.792,50.053],[4.774,50.087],[4.776,50.12],[4.777,50.12],[4.782,50.094],[4.801,50.056]]]}},{"type":"Feature","properties":{"code":"08208","nom":"Hannappes","pop":136},"geometry":{"type":"Polygon","coordinates":[[[4.227,49.794],[4.214,49.806],[4.23,49.836],[4.256,49.825],[4.229,49.794],[4.227,49.794]]]}},{"type":"Feature","properties":{"code":"08209","nom":"Hannogne-Saint-Martin","pop":445},"geometry":{"type":"Polygon","coordinates":[[[4.845,49.691],[4.839,49.671],[4.833,49.653],[4.805,49.67],[4.845,49.691]]]}},{"type":"Feature","properties":{"code":"08210","nom":"Hannogne-Saint-Rémy","pop":110},"geometry":{"type":"Polygon","coordinates":[[[4.176,49.603],[4.162,49.594],[4.128,49.582],[4.105,49.588],[4.102,49.594],[4.12,49.62],[4.148,49.625],[4.176,49.603]]]}},{"type":"Feature","properties":{"code":"08211","nom":"Haraucourt","pop":699},"geometry":{"type":"Polygon","coordinates":[[[4.936,49.638],[4.955,49.643],[4.989,49.629],[4.994,49.621],[4.995,49.621],[4.986,49.613],[4.929,49.608],[4.916,49.611],[4.936,49.638]]]}},{"type":"Feature","properties":{"code":"08212","nom":"Harcy","pop":515},"geometry":{"type":"Polygon","coordinates":[[[4.567,49.819],[4.554,49.824],[4.55,49.829],[4.522,49.853],[4.532,49.874],[4.589,49.876],[4.595,49.871],[4.573,49.862],[4.583,49.827],[4.567,49.819]]]}},{"type":"Feature","properties":{"code":"08214","nom":"Hargnies","pop":435},"geometry":{"type":"Polygon","coordinates":[[[4.765,49.945],[4.751,49.952],[4.771,49.995],[4.749,50.019],[4.78,50.051],[4.792,50.053],[4.801,50.056],[4.82,50.061],[4.841,50.038],[4.82,50.026],[4.819,49.995],[4.795,49.977],[4.791,49.958],[4.776,49.943],[4.765,49.945]]]}},{"type":"Feature","properties":{"code":"08215","nom":"Harricourt","pop":46},"geometry":{"type":"Polygon","coordinates":[[[4.936,49.459],[4.95,49.459],[4.922,49.421],[4.914,49.419],[4.912,49.419],[4.904,49.425],[4.905,49.431],[4.903,49.443],[4.936,49.459]]]}},{"type":"Feature","properties":{"code":"08216","nom":"Haudrecy","pop":334},"geometry":{"type":"Polygon","coordinates":[[[4.619,49.775],[4.607,49.775],[4.595,49.786],[4.604,49.792],[4.616,49.794],[4.629,49.788],[4.619,49.775]]]}},{"type":"Feature","properties":{"code":"08217","nom":"Haulmé","pop":88},"geometry":{"type":"Polygon","coordinates":[[[4.809,49.848],[4.777,49.869],[4.794,49.867],[4.809,49.848]]]}},{"type":"Feature","properties":{"code":"08218","nom":"Les Hautes-Rivières","pop":1239},"geometry":{"type":"Polygon","coordinates":[[[4.855,49.848],[4.843,49.849],[4.84,49.909],[4.811,49.922],[4.814,49.954],[4.847,49.949],[4.889,49.91],[4.857,49.865],[4.855,49.848]]]}},{"type":"Feature","properties":{"code":"08219","nom":"Hauteville","pop":119},"geometry":{"type":"Polygon","coordinates":[[[4.32,49.577],[4.32,49.575],[4.305,49.571],[4.272,49.569],[4.284,49.597],[4.308,49.594],[4.32,49.577]]]}},{"type":"Feature","properties":{"code":"08220","nom":"Hauviné","pop":311},"geometry":{"type":"Polygon","coordinates":[[[4.448,49.331],[4.459,49.32],[4.453,49.318],[4.429,49.315],[4.408,49.289],[4.376,49.324],[4.448,49.331]]]}},{"type":"Feature","properties":{"code":"08222","nom":"Haybes","pop":1794},"geometry":{"type":"Polygon","coordinates":[[[4.726,50.031],[4.728,50.036],[4.749,50.019],[4.771,49.995],[4.751,49.952],[4.746,49.953],[4.694,49.996],[4.689,50.011],[4.726,50.031]]]}},{"type":"Feature","properties":{"code":"08223","nom":"Herbeuval","pop":124},"geometry":{"type":"Polygon","coordinates":[[[5.333,49.593],[5.328,49.611],[5.382,49.606],[5.362,49.592],[5.341,49.594],[5.333,49.593]]]}},{"type":"Feature","properties":{"code":"08225","nom":"Herpy-l'Arlésienne","pop":208},"geometry":{"type":"Polygon","coordinates":[[[4.153,49.541],[4.209,49.535],[4.212,49.519],[4.21,49.507],[4.195,49.508],[4.159,49.529],[4.153,49.541]]]}},{"type":"Feature","properties":{"code":"08226","nom":"Hierges","pop":154},"geometry":{"type":"Polygon","coordinates":[[[4.741,50.093],[4.727,50.088],[4.713,50.097],[4.752,50.112],[4.741,50.093]]]}},{"type":"Feature","properties":{"code":"08228","nom":"La Horgne","pop":154},"geometry":{"type":"Polygon","coordinates":[[[4.699,49.618],[4.701,49.615],[4.648,49.62],[4.685,49.635],[4.699,49.618]]]}},{"type":"Feature","properties":{"code":"08229","nom":"Houdilcourt","pop":150},"geometry":{"type":"Polygon","coordinates":[[[4.115,49.402],[4.106,49.402],[4.111,49.439],[4.136,49.445],[4.141,49.445],[4.145,49.404],[4.115,49.402]]]}},{"type":"Feature","properties":{"code":"08230","nom":"Houldizy","pop":394},"geometry":{"type":"Polygon","coordinates":[[[4.656,49.799],[4.653,49.817],[4.683,49.826],[4.656,49.799]]]}},{"type":"Feature","properties":{"code":"08232","nom":"Illy","pop":413},"geometry":{"type":"Polygon","coordinates":[[[4.972,49.724],[4.964,49.724],[4.943,49.735],[4.962,49.765],[5.002,49.792],[5.014,49.78],[5,49.761],[4.972,49.724]]]}},{"type":"Feature","properties":{"code":"08233","nom":"Imécourt","pop":42},"geometry":{"type":"Polygon","coordinates":[[[4.962,49.388],[4.981,49.388],[5.004,49.368],[4.96,49.358],[4.947,49.363],[4.962,49.388]]]}},{"type":"Feature","properties":{"code":"08234","nom":"Inaumont","pop":138},"geometry":{"type":"Polygon","coordinates":[[[4.32,49.575],[4.34,49.569],[4.309,49.548],[4.305,49.571],[4.32,49.575]]]}},{"type":"Feature","properties":{"code":"08235","nom":"Issancourt-et-Rumel","pop":406},"geometry":{"type":"Polygon","coordinates":[[[4.845,49.749],[4.805,49.745],[4.809,49.762],[4.843,49.771],[4.845,49.749]]]}},{"type":"Feature","properties":{"code":"08236","nom":"Jandun","pop":293},"geometry":{"type":"Polygon","coordinates":[[[4.574,49.703],[4.585,49.7],[4.563,49.674],[4.574,49.655],[4.573,49.643],[4.56,49.641],[4.554,49.645],[4.54,49.695],[4.568,49.706],[4.574,49.703]]]}},{"type":"Feature","properties":{"code":"08237","nom":"Joigny-sur-Meuse","pop":627},"geometry":{"type":"Polygon","coordinates":[[[4.788,49.835],[4.781,49.823],[4.748,49.832],[4.788,49.835]]]}},{"type":"Feature","properties":{"code":"08238","nom":"Jonval","pop":88},"geometry":{"type":"Polygon","coordinates":[[[4.665,49.56],[4.66,49.56],[4.652,49.576],[4.675,49.577],[4.668,49.559],[4.665,49.56]]]}},{"type":"Feature","properties":{"code":"08239","nom":"Juniville","pop":1224},"geometry":{"type":"Polygon","coordinates":[[[4.349,49.367],[4.339,49.371],[4.337,49.376],[4.368,49.41],[4.366,49.424],[4.381,49.435],[4.419,49.412],[4.405,49.387],[4.411,49.372],[4.349,49.367]]]}},{"type":"Feature","properties":{"code":"08240","nom":"Justine-Herbigny","pop":161},"geometry":{"type":"Polygon","coordinates":[[[4.328,49.63],[4.331,49.629],[4.358,49.615],[4.32,49.577],[4.308,49.594],[4.297,49.613],[4.328,49.63]]]}},{"type":"Feature","properties":{"code":"08242","nom":"Laifour","pop":399},"geometry":{"type":"Polygon","coordinates":[[[4.677,49.908],[4.706,49.901],[4.704,49.892],[4.691,49.891],[4.677,49.908]]]}},{"type":"Feature","properties":{"code":"08243","nom":"Lalobbe","pop":166},"geometry":{"type":"Polygon","coordinates":[[[4.347,49.665],[4.351,49.672],[4.364,49.69],[4.399,49.668],[4.383,49.652],[4.347,49.665]]]}},{"type":"Feature","properties":{"code":"08244","nom":"Lametz","pop":76},"geometry":{"type":"Polygon","coordinates":[[[4.725,49.536],[4.703,49.517],[4.67,49.507],[4.66,49.512],[4.662,49.517],[4.666,49.531],[4.686,49.542],[4.725,49.538],[4.725,49.536]]]}},{"type":"Feature","properties":{"code":"08245","nom":"Lançon","pop":30},"geometry":{"type":"Polygon","coordinates":[[[4.876,49.29],[4.894,49.295],[4.906,49.275],[4.913,49.265],[4.876,49.263],[4.871,49.264],[4.866,49.276],[4.876,49.29]]]}},{"type":"Feature","properties":{"code":"08246","nom":"Landres-et-Saint-Georges","pop":72},"geometry":{"type":"Polygon","coordinates":[[[4.984,49.337],[4.96,49.357],[4.96,49.358],[5.004,49.368],[5.026,49.372],[5.06,49.372],[5.028,49.332],[5.03,49.326],[5.026,49.326],[4.984,49.337]]]}},{"type":"Feature","properties":{"code":"08247","nom":"Landrichamps","pop":126},"geometry":{"type":"Polygon","coordinates":[[[4.82,50.066],[4.819,50.093],[4.841,50.083],[4.82,50.066]]]}},{"type":"Feature","properties":{"code":"08248","nom":"Launois-sur-Vence","pop":659},"geometry":{"type":"Polygon","coordinates":[[[4.554,49.645],[4.528,49.638],[4.498,49.662],[4.502,49.683],[4.54,49.695],[4.554,49.645]]]}},{"type":"Feature","properties":{"code":"08249","nom":"Laval-Morency","pop":231},"geometry":{"type":"Polygon","coordinates":[[[4.507,49.818],[4.478,49.821],[4.476,49.826],[4.49,49.848],[4.508,49.836],[4.507,49.818]]]}},{"type":"Feature","properties":{"code":"08250","nom":"Leffincourt","pop":190},"geometry":{"type":"Polygon","coordinates":[[[4.586,49.372],[4.578,49.365],[4.535,49.36],[4.513,49.378],[4.549,49.41],[4.555,49.407],[4.571,49.395],[4.583,49.385],[4.586,49.372]]]}},{"type":"Feature","properties":{"code":"08251","nom":"Lépron-les-Vallées","pop":61},"geometry":{"type":"Polygon","coordinates":[[[4.478,49.742],[4.472,49.737],[4.437,49.739],[4.452,49.769],[4.478,49.742]]]}},{"type":"Feature","properties":{"code":"08252","nom":"Létanne","pop":107},"geometry":{"type":"Polygon","coordinates":[[[5.089,49.521],[5.086,49.52],[5.055,49.563],[5.096,49.558],[5.089,49.521]]]}},{"type":"Feature","properties":{"code":"08254","nom":"Liart","pop":585},"geometry":{"type":"Polygon","coordinates":[[[4.335,49.786],[4.361,49.778],[4.367,49.764],[4.337,49.736],[4.327,49.737],[4.328,49.776],[4.335,49.786]]]}},{"type":"Feature","properties":{"code":"08255","nom":"Linay","pop":220},"geometry":{"type":"Polygon","coordinates":[[[5.256,49.613],[5.242,49.603],[5.207,49.605],[5.205,49.609],[5.223,49.632],[5.256,49.613]]]}},{"type":"Feature","properties":{"code":"08256","nom":"Liry","pop":92},"geometry":{"type":"Polygon","coordinates":[[[4.668,49.325],[4.677,49.32],[4.673,49.301],[4.646,49.288],[4.612,49.293],[4.617,49.312],[4.668,49.325]]]}},{"type":"Feature","properties":{"code":"08257","nom":"Logny-Bogny","pop":152},"geometry":{"type":"Polygon","coordinates":[[[4.367,49.764],[4.361,49.778],[4.374,49.789],[4.406,49.793],[4.414,49.785],[4.398,49.76],[4.367,49.764]]]}},{"type":"Feature","properties":{"code":"08259","nom":"Longwé","pop":64},"geometry":{"type":"Polygon","coordinates":[[[4.828,49.392],[4.832,49.381],[4.811,49.376],[4.762,49.382],[4.776,49.393],[4.817,49.405],[4.828,49.392]]]}},{"type":"Feature","properties":{"code":"08260","nom":"Lonny","pop":621},"geometry":{"type":"Polygon","coordinates":[[[4.574,49.803],[4.567,49.819],[4.583,49.827],[4.601,49.826],[4.596,49.803],[4.574,49.803]]]}},{"type":"Feature","properties":{"code":"08262","nom":"Lucquy","pop":584},"geometry":{"type":"Polygon","coordinates":[[[4.49,49.542],[4.49,49.53],[4.481,49.523],[4.473,49.523],[4.466,49.552],[4.49,49.542]]]}},{"type":"Feature","properties":{"code":"08263","nom":"Lumes","pop":1099},"geometry":{"type":"Polygon","coordinates":[[[4.782,49.718],[4.782,49.723],[4.759,49.733],[4.774,49.744],[4.783,49.749],[4.806,49.744],[4.8,49.728],[4.782,49.718]]]}},{"type":"Feature","properties":{"code":"08264","nom":"Machault","pop":482},"geometry":{"type":"Polygon","coordinates":[[[4.496,49.375],[4.513,49.378],[4.535,49.36],[4.533,49.335],[4.487,49.334],[4.481,49.371],[4.496,49.375]]]}},{"type":"Feature","properties":{"code":"08268","nom":"Maisoncelle-et-Villers","pop":69},"geometry":{"type":"Polygon","coordinates":[[[4.915,49.611],[4.916,49.611],[4.929,49.608],[4.938,49.599],[4.929,49.564],[4.912,49.567],[4.893,49.591],[4.915,49.611]]]}},{"type":"Feature","properties":{"code":"08269","nom":"Malandry","pop":80},"geometry":{"type":"Polygon","coordinates":[[[5.16,49.567],[5.153,49.577],[5.164,49.587],[5.201,49.585],[5.215,49.577],[5.202,49.568],[5.178,49.567],[5.16,49.567]]]}},{"type":"Feature","properties":{"code":"08271","nom":"Manre","pop":108},"geometry":{"type":"Polygon","coordinates":[[[4.69,49.257],[4.67,49.241],[4.619,49.238],[4.611,49.259],[4.647,49.264],[4.652,49.282],[4.685,49.279],[4.69,49.257]]]}},{"type":"Feature","properties":{"code":"08272","nom":"Maranwez","pop":55},"geometry":{"type":"Polygon","coordinates":[[[4.332,49.72],[4.326,49.737],[4.327,49.737],[4.337,49.736],[4.361,49.735],[4.346,49.718],[4.332,49.72]]]}},{"type":"Feature","properties":{"code":"08273","nom":"Marby","pop":72},"geometry":{"type":"Polygon","coordinates":[[[4.428,49.858],[4.442,49.84],[4.436,49.816],[4.425,49.813],[4.411,49.834],[4.422,49.858],[4.428,49.858]]]}},{"type":"Feature","properties":{"code":"08274","nom":"Marcq","pop":87},"geometry":{"type":"Polygon","coordinates":[[[4.911,49.331],[4.948,49.33],[4.933,49.299],[4.894,49.295],[4.892,49.3],[4.911,49.331]]]}},{"type":"Feature","properties":{"code":"08275","nom":"Margny","pop":210},"geometry":{"type":"Polygon","coordinates":[[[5.328,49.611],[5.322,49.614],[5.347,49.631],[5.394,49.617],[5.382,49.606],[5.328,49.611]]]}},{"type":"Feature","properties":{"code":"08276","nom":"Margut","pop":700},"geometry":{"type":"Polygon","coordinates":[[[5.293,49.592],[5.295,49.587],[5.292,49.568],[5.264,49.568],[5.247,49.59],[5.245,49.591],[5.261,49.59],[5.293,49.592]]]}},{"type":"Feature","properties":{"code":"08277","nom":"Marlemont","pop":126},"geometry":{"type":"Polygon","coordinates":[[[4.398,49.76],[4.418,49.736],[4.38,49.743],[4.361,49.735],[4.337,49.736],[4.367,49.764],[4.398,49.76]]]}},{"type":"Feature","properties":{"code":"08278","nom":"Marquigny","pop":71},"geometry":{"type":"Polygon","coordinates":[[[4.682,49.547],[4.722,49.559],[4.725,49.538],[4.686,49.542],[4.682,49.547]]]}},{"type":"Feature","properties":{"code":"08279","nom":"Mars-sous-Bourcq","pop":61},"geometry":{"type":"Polygon","coordinates":[[[4.65,49.391],[4.618,49.4],[4.628,49.407],[4.665,49.411],[4.65,49.391]]]}},{"type":"Feature","properties":{"code":"08280","nom":"Marvaux-Vieux","pop":69},"geometry":{"type":"Polygon","coordinates":[[[4.652,49.282],[4.646,49.288],[4.673,49.301],[4.736,49.293],[4.718,49.278],[4.685,49.279],[4.652,49.282]]]}},{"type":"Feature","properties":{"code":"08281","nom":"Matton-et-Clémency","pop":424},"geometry":{"type":"Polygon","coordinates":[[[5.183,49.661],[5.18,49.667],[5.2,49.692],[5.281,49.686],[5.252,49.672],[5.205,49.653],[5.183,49.661]]]}},{"type":"Feature","properties":{"code":"08282","nom":"Maubert-Fontaine","pop":1023},"geometry":{"type":"Polygon","coordinates":[[[4.437,49.909],[4.469,49.903],[4.446,49.896],[4.447,49.866],[4.428,49.858],[4.422,49.858],[4.412,49.861],[4.408,49.871],[4.437,49.909]]]}},{"type":"Feature","properties":{"code":"08283","nom":"Mazerny","pop":119},"geometry":{"type":"Polygon","coordinates":[[[4.623,49.594],[4.594,49.586],[4.592,49.598],[4.598,49.627],[4.626,49.631],[4.648,49.62],[4.623,49.594]]]}},{"type":"Feature","properties":{"code":"08284","nom":"Les Mazures","pop":846},"geometry":{"type":"Polygon","coordinates":[[[4.589,49.876],[4.589,49.905],[4.626,49.93],[4.645,49.925],[4.674,49.918],[4.677,49.908],[4.691,49.891],[4.674,49.874],[4.65,49.881],[4.633,49.86],[4.595,49.871],[4.589,49.876]]]}},{"type":"Feature","properties":{"code":"08286","nom":"Ménil-Annelles","pop":95},"geometry":{"type":"Polygon","coordinates":[[[4.468,49.425],[4.457,49.415],[4.447,49.417],[4.424,49.451],[4.457,49.454],[4.469,49.443],[4.468,49.425]]]}},{"type":"Feature","properties":{"code":"08287","nom":"Ménil-Lépinois","pop":148},"geometry":{"type":"Polygon","coordinates":[[[4.243,49.38],[4.241,49.382],[4.242,49.386],[4.259,49.389],[4.281,49.39],[4.328,49.384],[4.337,49.376],[4.339,49.371],[4.294,49.353],[4.277,49.352],[4.243,49.38]]]}},{"type":"Feature","properties":{"code":"08288","nom":"Mesmont","pop":91},"geometry":{"type":"Polygon","coordinates":[[[4.394,49.589],[4.376,49.62],[4.391,49.642],[4.413,49.638],[4.426,49.619],[4.394,49.589]]]}},{"type":"Feature","properties":{"code":"08289","nom":"Messincourt","pop":580},"geometry":{"type":"Polygon","coordinates":[[[5.163,49.673],[5.149,49.664],[5.131,49.682],[5.144,49.709],[5.166,49.693],[5.163,49.673]]]}},{"type":"Feature","properties":{"code":"08291","nom":"Mogues","pop":228},"geometry":{"type":"Polygon","coordinates":[[[5.31,49.661],[5.287,49.641],[5.263,49.648],[5.282,49.686],[5.288,49.682],[5.31,49.661]]]}},{"type":"Feature","properties":{"code":"08293","nom":"Moiry","pop":133},"geometry":{"type":"Polygon","coordinates":[[[5.261,49.59],[5.269,49.612],[5.269,49.611],[5.297,49.6],[5.293,49.592],[5.261,49.59]]]}},{"type":"Feature","properties":{"code":"08295","nom":"Mondigny","pop":185},"geometry":{"type":"Polygon","coordinates":[[[4.614,49.702],[4.627,49.723],[4.638,49.728],[4.653,49.719],[4.66,49.712],[4.639,49.699],[4.614,49.702]]]}},{"type":"Feature","properties":{"code":"08296","nom":"Montcheutin","pop":110},"geometry":{"type":"Polygon","coordinates":[[[4.768,49.282],[4.765,49.287],[4.775,49.293],[4.802,49.298],[4.831,49.299],[4.835,49.288],[4.791,49.276],[4.768,49.282]]]}},{"type":"Feature","properties":{"code":"08297","nom":"Montcornet","pop":300},"geometry":{"type":"Polygon","coordinates":[[[4.7,49.838],[4.684,49.828],[4.638,49.824],[4.613,49.826],[4.639,49.857],[4.7,49.838]]]}},{"type":"Feature","properties":{"code":"08298","nom":"Montcy-Notre-Dame","pop":1535},"geometry":{"type":"Polygon","coordinates":[[[4.758,49.792],[4.748,49.77],[4.73,49.806],[4.758,49.792]]]}},{"type":"Feature","properties":{"code":"08300","nom":"Le Mont-Dieu","pop":0},"geometry":{"type":"Polygon","coordinates":[[[4.901,49.544],[4.881,49.53],[4.856,49.523],[4.825,49.552],[4.823,49.564],[4.84,49.576],[4.879,49.56],[4.903,49.556],[4.901,49.544]]]}},{"type":"Feature","properties":{"code":"08301","nom":"Montgon","pop":72},"geometry":{"type":"Polygon","coordinates":[[[4.703,49.517],[4.725,49.536],[4.738,49.502],[4.721,49.495],[4.703,49.517]]]}},{"type":"Feature","properties":{"code":"08302","nom":"Monthermé","pop":2138},"geometry":{"type":"Polygon","coordinates":[[[4.765,49.945],[4.776,49.943],[4.77,49.901],[4.784,49.88],[4.771,49.876],[4.709,49.859],[4.704,49.892],[4.706,49.901],[4.737,49.903],[4.73,49.929],[4.765,49.945]]]}},{"type":"Feature","properties":{"code":"08303","nom":"Monthois","pop":390},"geometry":{"type":"Polygon","coordinates":[[[4.716,49.33],[4.713,49.313],[4.74,49.293],[4.736,49.293],[4.673,49.301],[4.677,49.32],[4.716,49.33]]]}},{"type":"Feature","properties":{"code":"08304","nom":"Montigny-sur-Meuse","pop":76},"geometry":{"type":"Polygon","coordinates":[[[4.728,50.036],[4.726,50.031],[4.691,50.034],[4.697,50.059],[4.724,50.068],[4.728,50.036]]]}},{"type":"Feature","properties":{"code":"08305","nom":"Montigny-sur-Vence","pop":211},"geometry":{"type":"Polygon","coordinates":[[[4.598,49.627],[4.59,49.627],[4.609,49.667],[4.63,49.661],[4.626,49.631],[4.598,49.627]]]}},{"type":"Feature","properties":{"code":"08306","nom":"Mont-Laurent","pop":51},"geometry":{"type":"Polygon","coordinates":[[[4.51,49.48],[4.469,49.443],[4.457,49.454],[4.472,49.473],[4.503,49.483],[4.51,49.48]]]}},{"type":"Feature","properties":{"code":"08307","nom":"Montmeillant","pop":78},"geometry":{"type":"Polygon","coordinates":[[[4.346,49.718],[4.331,49.679],[4.309,49.709],[4.332,49.72],[4.346,49.718]]]}},{"type":"Feature","properties":{"code":"08308","nom":"Mont-Saint-Martin","pop":88},"geometry":{"type":"Polygon","coordinates":[[[4.622,49.342],[4.672,49.345],[4.668,49.325],[4.617,49.312],[4.622,49.342]]]}},{"type":"Feature","properties":{"code":"08309","nom":"Mont-Saint-Remy","pop":51},"geometry":{"type":"Polygon","coordinates":[[[4.46,49.405],[4.495,49.397],[4.496,49.375],[4.481,49.371],[4.453,49.377],[4.46,49.405]]]}},{"type":"Feature","properties":{"code":"08310","nom":"Mouron","pop":78},"geometry":{"type":"Polygon","coordinates":[[[4.793,49.303],[4.772,49.302],[4.771,49.319],[4.797,49.331],[4.798,49.331],[4.801,49.309],[4.793,49.303]]]}},{"type":"Feature","properties":{"code":"08311","nom":"Mouzon","pop":2229},"geometry":{"type":"Polygon","coordinates":[[[5.055,49.563],[5.049,49.564],[5.031,49.59],[5.054,49.617],[5.034,49.622],[5.035,49.639],[5.085,49.639],[5.089,49.621],[5.118,49.614],[5.12,49.593],[5.113,49.562],[5.109,49.555],[5.096,49.558],[5.055,49.563]]]}},{"type":"Feature","properties":{"code":"08312","nom":"Murtin-et-Bogny","pop":168},"geometry":{"type":"Polygon","coordinates":[[[4.527,49.828],[4.55,49.829],[4.554,49.824],[4.565,49.794],[4.526,49.796],[4.519,49.799],[4.527,49.828]]]}},{"type":"Feature","properties":{"code":"08313","nom":"Nanteuil-sur-Aisne","pop":150},"geometry":{"type":"Polygon","coordinates":[[[4.275,49.497],[4.289,49.519],[4.32,49.508],[4.3,49.484],[4.275,49.497]]]}},{"type":"Feature","properties":{"code":"08314","nom":"Neuflize","pop":855},"geometry":{"type":"Polygon","coordinates":[[[4.341,49.421],[4.328,49.384],[4.281,49.39],[4.304,49.425],[4.331,49.428],[4.341,49.421]]]}},{"type":"Feature","properties":{"code":"08315","nom":"Neufmaison","pop":65},"geometry":{"type":"Polygon","coordinates":[[[4.534,49.77],[4.532,49.765],[4.518,49.744],[4.489,49.749],[4.499,49.766],[4.521,49.773],[4.534,49.77]]]}},{"type":"Feature","properties":{"code":"08316","nom":"Neufmanil","pop":985},"geometry":{"type":"Polygon","coordinates":[[[4.829,49.849],[4.812,49.825],[4.82,49.802],[4.792,49.803],[4.781,49.807],[4.804,49.837],[4.809,49.848],[4.829,49.849]]]}},{"type":"Feature","properties":{"code":"08317","nom":"La Neuville-à-Maire","pop":116},"geometry":{"type":"Polygon","coordinates":[[[4.84,49.576],[4.832,49.593],[4.873,49.579],[4.879,49.56],[4.84,49.576]]]}},{"type":"Feature","properties":{"code":"08318","nom":"La Neuville-aux-Joûtes","pop":354},"geometry":{"type":"Polygon","coordinates":[[[4.254,49.923],[4.233,49.909],[4.222,49.91],[4.232,49.956],[4.269,49.943],[4.254,49.923]]]}},{"type":"Feature","properties":{"code":"08319","nom":"Neuville-lez-Beaulieu","pop":320},"geometry":{"type":"Polygon","coordinates":[[[4.335,49.859],[4.309,49.86],[4.325,49.895],[4.326,49.917],[4.35,49.953],[4.399,49.948],[4.384,49.901],[4.373,49.883],[4.335,49.859]]]}},{"type":"Feature","properties":{"code":"08320","nom":"La Neuville-en-Tourne-à-Fuy","pop":533},"geometry":{"type":"Polygon","coordinates":[[[4.376,49.324],[4.363,49.32],[4.346,49.337],[4.349,49.367],[4.411,49.372],[4.424,49.365],[4.448,49.331],[4.376,49.324]]]}},{"type":"Feature","properties":{"code":"08321","nom":"Neuville-Day","pop":168},"geometry":{"type":"Polygon","coordinates":[[[4.703,49.517],[4.721,49.495],[4.677,49.489],[4.67,49.507],[4.703,49.517]]]}},{"type":"Feature","properties":{"code":"08322","nom":"Neuville-lès-This","pop":321},"geometry":{"type":"Polygon","coordinates":[[[4.584,49.75],[4.586,49.751],[4.609,49.741],[4.613,49.729],[4.57,49.711],[4.57,49.738],[4.584,49.75]]]}},{"type":"Feature","properties":{"code":"08323","nom":"La Neuville-lès-Wasigny","pop":162},"geometry":{"type":"Polygon","coordinates":[[[4.34,49.639],[4.347,49.665],[4.383,49.652],[4.384,49.652],[4.375,49.637],[4.34,49.639]]]}},{"type":"Feature","properties":{"code":"08324","nom":"Neuvizy","pop":124},"geometry":{"type":"Polygon","coordinates":[[[4.528,49.638],[4.554,49.645],[4.56,49.641],[4.558,49.622],[4.531,49.605],[4.518,49.622],[4.528,49.638]]]}},{"type":"Feature","properties":{"code":"08325","nom":"Noirval","pop":28},"geometry":{"type":"Polygon","coordinates":[[[4.806,49.444],[4.777,49.47],[4.814,49.459],[4.806,49.444]]]}},{"type":"Feature","properties":{"code":"08326","nom":"Nouart","pop":114},"geometry":{"type":"Polygon","coordinates":[[[5.101,49.461],[5.103,49.46],[5.068,49.434],[5.021,49.425],[5.017,49.436],[5.031,49.46],[5.083,49.471],[5.101,49.461]]]}},{"type":"Feature","properties":{"code":"08327","nom":"Nouvion-sur-Meuse","pop":2249},"geometry":{"type":"Polygon","coordinates":[[[4.782,49.718],[4.8,49.728],[4.826,49.712],[4.815,49.695],[4.792,49.696],[4.774,49.705],[4.782,49.718]]]}},{"type":"Feature","properties":{"code":"08328","nom":"Nouzonville","pop":5523},"geometry":{"type":"MultiPolygon","coordinates":[[[[4.781,49.807],[4.758,49.792],[4.73,49.806],[4.729,49.819],[4.748,49.832],[4.781,49.823],[4.788,49.835],[4.804,49.837],[4.781,49.807]]],[[[4.713,49.824],[4.707,49.828],[4.708,49.843],[4.713,49.824]]]]}},{"type":"Feature","properties":{"code":"08329","nom":"Novion-Porcien","pop":526},"geometry":{"type":"Polygon","coordinates":[[[4.41,49.57],[4.388,49.581],[4.394,49.589],[4.426,49.619],[4.436,49.62],[4.481,49.604],[4.48,49.602],[4.451,49.597],[4.411,49.57],[4.41,49.57]]]}},{"type":"Feature","properties":{"code":"08330","nom":"Novy-Chevrières","pop":715},"geometry":{"type":"Polygon","coordinates":[[[4.453,49.572],[4.466,49.552],[4.473,49.523],[4.442,49.519],[4.42,49.538],[4.409,49.556],[4.41,49.57],[4.411,49.57],[4.453,49.572]]]}},{"type":"Feature","properties":{"code":"08331","nom":"Noyers-Pont-Maugis","pop":673},"geometry":{"type":"Polygon","coordinates":[[[4.948,49.675],[4.955,49.672],[4.959,49.669],[4.963,49.654],[4.929,49.644],[4.904,49.638],[4.918,49.667],[4.948,49.675]]]}},{"type":"Feature","properties":{"code":"08332","nom":"Oches","pop":33},"geometry":{"type":"Polygon","coordinates":[[[4.903,49.512],[4.908,49.513],[4.954,49.519],[4.947,49.499],[4.912,49.497],[4.896,49.508],[4.903,49.512]]]}},{"type":"Feature","properties":{"code":"08333","nom":"Olizy-Primat","pop":223},"geometry":{"type":"Polygon","coordinates":[[[4.798,49.331],[4.797,49.331],[4.761,49.337],[4.75,49.352],[4.744,49.369],[4.762,49.382],[4.811,49.376],[4.825,49.354],[4.798,49.331]]]}},{"type":"Feature","properties":{"code":"08334","nom":"Omicourt","pop":42},"geometry":{"type":"Polygon","coordinates":[[[4.844,49.645],[4.836,49.611],[4.809,49.642],[4.825,49.645],[4.844,49.645]]]}},{"type":"Feature","properties":{"code":"08335","nom":"Omont","pop":68},"geometry":{"type":"Polygon","coordinates":[[[4.704,49.594],[4.704,49.61],[4.738,49.618],[4.757,49.617],[4.771,49.591],[4.754,49.564],[4.73,49.572],[4.704,49.594]]]}},{"type":"Feature","properties":{"code":"08336","nom":"Osnes","pop":228},"geometry":{"type":"Polygon","coordinates":[[[5.149,49.664],[5.163,49.673],[5.18,49.667],[5.183,49.661],[5.14,49.648],[5.129,49.656],[5.149,49.664]]]}},{"type":"Feature","properties":{"code":"08338","nom":"Pauvres","pop":194},"geometry":{"type":"Polygon","coordinates":[[[4.542,49.426],[4.542,49.413],[4.495,49.397],[4.46,49.405],[4.457,49.415],[4.468,49.425],[4.485,49.414],[4.525,49.428],[4.542,49.426]]]}},{"type":"Feature","properties":{"code":"08339","nom":"Perthes","pop":303},"geometry":{"type":"Polygon","coordinates":[[[4.381,49.435],[4.366,49.424],[4.341,49.421],[4.331,49.428],[4.326,49.471],[4.355,49.476],[4.393,49.464],[4.403,49.45],[4.381,49.435]]]}},{"type":"Feature","properties":{"code":"08340","nom":"Poilcourt-Sydney","pop":176},"geometry":{"type":"Polygon","coordinates":[[[4.085,49.401],[4.079,49.401],[4.087,49.437],[4.111,49.439],[4.106,49.402],[4.085,49.401]]]}},{"type":"Feature","properties":{"code":"08341","nom":"Poix-Terron","pop":883},"geometry":{"type":"Polygon","coordinates":[[[4.686,49.651],[4.685,49.635],[4.648,49.62],[4.626,49.631],[4.63,49.661],[4.644,49.667],[4.656,49.666],[4.686,49.651]]]}},{"type":"Feature","properties":{"code":"08342","nom":"Pouru-aux-Bois","pop":234},"geometry":{"type":"Polygon","coordinates":[[[5.106,49.693],[5.073,49.696],[5.078,49.719],[5.125,49.727],[5.123,49.717],[5.106,49.693]]]}},{"type":"Feature","properties":{"code":"08343","nom":"Pouru-Saint-Remy","pop":1106},"geometry":{"type":"Polygon","coordinates":[[[5.112,49.663],[5.103,49.662],[5.063,49.673],[5.062,49.689],[5.073,49.696],[5.106,49.693],[5.109,49.68],[5.112,49.663]]]}},{"type":"Feature","properties":{"code":"08344","nom":"Prez","pop":133},"geometry":{"type":"Polygon","coordinates":[[[4.361,49.778],[4.335,49.786],[4.34,49.811],[4.373,49.825],[4.387,49.801],[4.374,49.789],[4.361,49.778]]]}},{"type":"Feature","properties":{"code":"08346","nom":"Prix-lès-Mézières","pop":1396},"geometry":{"type":"Polygon","coordinates":[[[4.673,49.741],[4.661,49.749],[4.677,49.758],[4.698,49.738],[4.694,49.733],[4.673,49.741]]]}},{"type":"Feature","properties":{"code":"08347","nom":"Puilly-et-Charbeaux","pop":219},"geometry":{"type":"Polygon","coordinates":[[[5.269,49.612],[5.256,49.613],[5.223,49.632],[5.224,49.64],[5.256,49.648],[5.263,49.648],[5.287,49.641],[5.31,49.661],[5.32,49.664],[5.305,49.63],[5.269,49.611],[5.269,49.612]]]}},{"type":"Feature","properties":{"code":"08348","nom":"Puiseux","pop":108},"geometry":{"type":"Polygon","coordinates":[[[4.551,49.587],[4.521,49.599],[4.531,49.605],[4.546,49.6],[4.551,49.587]]]}},{"type":"Feature","properties":{"code":"08349","nom":"Pure","pop":570},"geometry":{"type":"Polygon","coordinates":[[[5.18,49.667],[5.163,49.673],[5.166,49.693],[5.2,49.692],[5.18,49.667]]]}},{"type":"Feature","properties":{"code":"08350","nom":"Quatre-Champs","pop":241},"geometry":{"type":"Polygon","coordinates":[[[4.752,49.438],[4.759,49.464],[4.776,49.47],[4.777,49.47],[4.806,49.444],[4.803,49.428],[4.764,49.433],[4.752,49.438]]]}},{"type":"Feature","properties":{"code":"08351","nom":"Quilly","pop":64},"geometry":{"type":"Polygon","coordinates":[[[4.555,49.407],[4.566,49.413],[4.617,49.413],[4.617,49.413],[4.571,49.395],[4.555,49.407]]]}},{"type":"Feature","properties":{"code":"08352","nom":"Raillicourt","pop":229},"geometry":{"type":"Polygon","coordinates":[[[4.573,49.643],[4.574,49.655],[4.595,49.674],[4.609,49.667],[4.59,49.627],[4.573,49.643]]]}},{"type":"Feature","properties":{"code":"08353","nom":"Rancennes","pop":709},"geometry":{"type":"Polygon","coordinates":[[[4.845,50.127],[4.844,50.114],[4.809,50.113],[4.797,50.126],[4.845,50.127]]]}},{"type":"Feature","properties":{"code":"08354","nom":"Raucourt-et-Flaba","pop":813},"geometry":{"type":"Polygon","coordinates":[[[4.986,49.613],[5.005,49.593],[4.985,49.575],[4.928,49.563],[4.929,49.564],[4.938,49.599],[4.929,49.608],[4.986,49.613]]]}},{"type":"Feature","properties":{"code":"08355","nom":"Regniowez","pop":369},"geometry":{"type":"Polygon","coordinates":[[[4.452,49.92],[4.384,49.901],[4.399,49.948],[4.445,49.937],[4.452,49.92]]]}},{"type":"Feature","properties":{"code":"08356","nom":"Remaucourt","pop":169},"geometry":{"type":"Polygon","coordinates":[[[4.25,49.595],[4.245,49.58],[4.202,49.595],[4.228,49.624],[4.254,49.609],[4.25,49.595]]]}},{"type":"Feature","properties":{"code":"08357","nom":"Remilly-Aillicourt","pop":754},"geometry":{"type":"Polygon","coordinates":[[[4.963,49.654],[4.959,49.669],[5.001,49.663],[5.027,49.641],[4.994,49.621],[4.989,49.629],[4.96,49.645],[4.963,49.654]]]}},{"type":"Feature","properties":{"code":"08358","nom":"Remilly-les-Pothées","pop":264},"geometry":{"type":"Polygon","coordinates":[[[4.534,49.77],[4.521,49.773],[4.526,49.796],[4.565,49.794],[4.572,49.793],[4.584,49.785],[4.534,49.77]]]}},{"type":"Feature","properties":{"code":"08360","nom":"Renneville","pop":187},"geometry":{"type":"Polygon","coordinates":[[[4.116,49.633],[4.118,49.641],[4.127,49.678],[4.143,49.677],[4.165,49.644],[4.143,49.632],[4.116,49.633]]]}},{"type":"Feature","properties":{"code":"08361","nom":"Renwez","pop":1656},"geometry":{"type":"Polygon","coordinates":[[[4.595,49.871],[4.633,49.86],[4.639,49.857],[4.613,49.826],[4.601,49.826],[4.583,49.827],[4.573,49.862],[4.595,49.871]]]}},{"type":"Feature","properties":{"code":"08362","nom":"Rethel","pop":7444},"geometry":{"type":"Polygon","coordinates":[[[4.343,49.511],[4.347,49.524],[4.379,49.538],[4.417,49.525],[4.424,49.5],[4.404,49.491],[4.385,49.492],[4.354,49.507],[4.343,49.511]]]}},{"type":"Feature","properties":{"code":"08363","nom":"Revin","pop":5716},"geometry":{"type":"Polygon","coordinates":[[[4.751,49.952],[4.765,49.945],[4.73,49.929],[4.737,49.903],[4.706,49.901],[4.677,49.908],[4.674,49.918],[4.671,49.932],[4.645,49.925],[4.626,49.93],[4.624,49.943],[4.662,49.965],[4.709,49.951],[4.746,49.953],[4.751,49.952]]]}},{"type":"Feature","properties":{"code":"08364","nom":"Rilly-sur-Aisne","pop":121},"geometry":{"type":"Polygon","coordinates":[[[4.615,49.479],[4.645,49.492],[4.654,49.483],[4.637,49.475],[4.615,49.479]]]}},{"type":"Feature","properties":{"code":"08365","nom":"Rimogne","pop":1317},"geometry":{"type":"Polygon","coordinates":[[[4.55,49.829],[4.527,49.828],[4.522,49.853],[4.55,49.829]]]}},{"type":"Feature","properties":{"code":"08366","nom":"Rocquigny","pop":647},"geometry":{"type":"Polygon","coordinates":[[[4.301,49.706],[4.285,49.672],[4.219,49.666],[4.214,49.683],[4.203,49.702],[4.185,49.699],[4.184,49.701],[4.191,49.716],[4.205,49.722],[4.225,49.728],[4.259,49.72],[4.281,49.73],[4.301,49.706]]]}},{"type":"Feature","properties":{"code":"08367","nom":"Rocroi","pop":2270},"geometry":{"type":"Polygon","coordinates":[[[4.624,49.943],[4.626,49.93],[4.589,49.905],[4.522,49.896],[4.516,49.881],[4.509,49.875],[4.505,49.908],[4.483,49.91],[4.516,49.946],[4.551,49.944],[4.546,49.966],[4.57,49.974],[4.576,49.981],[4.624,49.943]]]}},{"type":"Feature","properties":{"code":"08368","nom":"Roizy","pop":226},"geometry":{"type":"Polygon","coordinates":[[[4.175,49.45],[4.184,49.452],[4.214,49.431],[4.191,49.401],[4.167,49.402],[4.169,49.446],[4.175,49.45]]]}},{"type":"Feature","properties":{"code":"08369","nom":"La Romagne","pop":130},"geometry":{"type":"Polygon","coordinates":[[[4.331,49.679],[4.328,49.669],[4.32,49.665],[4.286,49.67],[4.285,49.672],[4.301,49.706],[4.309,49.709],[4.331,49.679]]]}},{"type":"Feature","properties":{"code":"08370","nom":"Rouvroy-sur-Audry","pop":503},"geometry":{"type":"Polygon","coordinates":[[[4.475,49.785],[4.515,49.802],[4.519,49.799],[4.526,49.796],[4.521,49.773],[4.499,49.766],[4.475,49.785]]]}},{"type":"Feature","properties":{"code":"08372","nom":"Rubigny","pop":55},"geometry":{"type":"Polygon","coordinates":[[[4.214,49.683],[4.182,49.676],[4.203,49.702],[4.214,49.683]]]}},{"type":"Feature","properties":{"code":"08373","nom":"Rumigny","pop":263},"geometry":{"type":"Polygon","coordinates":[[[4.297,49.825],[4.303,49.817],[4.28,49.778],[4.229,49.794],[4.256,49.825],[4.281,49.83],[4.297,49.825]]]}},{"type":"Feature","properties":{"code":"08374","nom":"La Sabotterie","pop":130},"geometry":{"type":"Polygon","coordinates":[[[4.666,49.531],[4.663,49.53],[4.665,49.56],[4.668,49.559],[4.682,49.547],[4.686,49.542],[4.666,49.531]]]}},{"type":"Feature","properties":{"code":"08375","nom":"Sachy","pop":175},"geometry":{"type":"Polygon","coordinates":[[[5.109,49.68],[5.131,49.682],[5.149,49.664],[5.129,49.656],[5.112,49.663],[5.109,49.68]]]}},{"type":"Feature","properties":{"code":"08376","nom":"Sailly","pop":249},"geometry":{"type":"Polygon","coordinates":[[[5.157,49.618],[5.175,49.619],[5.205,49.609],[5.207,49.605],[5.201,49.585],[5.164,49.587],[5.144,49.598],[5.157,49.618]]]}},{"type":"Feature","properties":{"code":"08377","nom":"Saint-Aignan","pop":152},"geometry":{"type":"Polygon","coordinates":[[[4.839,49.671],[4.857,49.665],[4.881,49.65],[4.844,49.645],[4.825,49.645],[4.833,49.653],[4.839,49.671]]]}},{"type":"Feature","properties":{"code":"08378","nom":"Saint-Clément-à-Arnes","pop":112},"geometry":{"type":"Polygon","coordinates":[[[4.447,49.273],[4.447,49.273],[4.409,49.287],[4.408,49.289],[4.429,49.315],[4.453,49.318],[4.454,49.276],[4.447,49.273]]]}},{"type":"Feature","properties":{"code":"08379","nom":"Saint-Étienne-à-Arnes","pop":245},"geometry":{"type":"Polygon","coordinates":[[[4.533,49.335],[4.557,49.295],[4.516,49.282],[4.492,49.281],[4.484,49.28],[4.464,49.321],[4.487,49.334],[4.533,49.335]]]}},{"type":"Feature","properties":{"code":"08380","nom":"Saint-Fergeux","pop":213},"geometry":{"type":"Polygon","coordinates":[[[4.253,49.565],[4.225,49.554],[4.189,49.549],[4.162,49.557],[4.176,49.578],[4.162,49.594],[4.176,49.603],[4.202,49.595],[4.245,49.58],[4.253,49.565]]]}},{"type":"Feature","properties":{"code":"08381","nom":"Saint-Germainmont","pop":806},"geometry":{"type":"Polygon","coordinates":[[[4.159,49.529],[4.151,49.499],[4.14,49.486],[4.119,49.509],[4.104,49.52],[4.13,49.545],[4.149,49.554],[4.153,49.541],[4.159,49.529]]]}},{"type":"Feature","properties":{"code":"08382","nom":"Saint-Jean-aux-Bois","pop":91},"geometry":{"type":"Polygon","coordinates":[[[4.326,49.737],[4.332,49.72],[4.309,49.709],[4.301,49.706],[4.281,49.73],[4.293,49.74],[4.326,49.737]]]}},{"type":"Feature","properties":{"code":"08383","nom":"Saint-Juvin","pop":100},"geometry":{"type":"Polygon","coordinates":[[[4.948,49.33],[4.911,49.331],[4.91,49.336],[4.96,49.357],[4.984,49.337],[4.963,49.324],[4.955,49.321],[4.948,49.33]]]}},{"type":"Feature","properties":{"code":"08384","nom":"Saint-Lambert-et-Mont-de-Jeux","pop":123},"geometry":{"type":"Polygon","coordinates":[[[4.662,49.517],[4.66,49.512],[4.645,49.492],[4.615,49.479],[4.585,49.488],[4.615,49.515],[4.662,49.517]]]}},{"type":"Feature","properties":{"code":"08385","nom":"Saint-Laurent","pop":1050},"geometry":{"type":"Polygon","coordinates":[[[4.757,49.755],[4.785,49.77],[4.8,49.77],[4.804,49.765],[4.783,49.749],[4.774,49.744],[4.757,49.755]]]}},{"type":"Feature","properties":{"code":"08386","nom":"Saint-Loup-en-Champagne","pop":345},"geometry":{"type":"Polygon","coordinates":[[[4.225,49.436],[4.214,49.431],[4.184,49.452],[4.184,49.462],[4.212,49.475],[4.25,49.455],[4.25,49.441],[4.225,49.436]]]}},{"type":"Feature","properties":{"code":"08387","nom":"Saint-Loup-Terrier","pop":175},"geometry":{"type":"Polygon","coordinates":[[[4.594,49.586],[4.623,49.594],[4.638,49.581],[4.652,49.576],[4.66,49.56],[4.655,49.56],[4.637,49.571],[4.606,49.552],[4.583,49.55],[4.584,49.573],[4.594,49.586]]]}},{"type":"Feature","properties":{"code":"08388","nom":"Saint-Marceau","pop":357},"geometry":{"type":"Polygon","coordinates":[[[4.731,49.694],[4.727,49.693],[4.701,49.706],[4.708,49.717],[4.726,49.716],[4.732,49.711],[4.739,49.701],[4.731,49.694]]]}},{"type":"Feature","properties":{"code":"08389","nom":"Saint-Marcel","pop":325},"geometry":{"type":"Polygon","coordinates":[[[4.586,49.751],[4.584,49.75],[4.532,49.765],[4.534,49.77],[4.584,49.785],[4.595,49.786],[4.607,49.775],[4.594,49.76],[4.586,49.751]]]}},{"type":"Feature","properties":{"code":"08390","nom":"Sainte-Marie","pop":75},"geometry":{"type":"Polygon","coordinates":[[[4.655,49.365],[4.646,49.374],[4.654,49.379],[4.691,49.375],[4.694,49.365],[4.655,49.365]]]}},{"type":"Feature","properties":{"code":"08391","nom":"Saint-Menges","pop":922},"geometry":{"type":"Polygon","coordinates":[[[4.915,49.733],[4.898,49.737],[4.924,49.75],[4.931,49.787],[4.943,49.79],[4.951,49.761],[4.937,49.738],[4.915,49.733]]]}},{"type":"Feature","properties":{"code":"08392","nom":"Saint-Morel","pop":176},"geometry":{"type":"Polygon","coordinates":[[[4.692,49.36],[4.739,49.339],[4.72,49.331],[4.716,49.33],[4.677,49.32],[4.668,49.325],[4.672,49.345],[4.692,49.36]]]}},{"type":"Feature","properties":{"code":"08393","nom":"Saint-Pierre-à-Arnes","pop":65},"geometry":{"type":"Polygon","coordinates":[[[4.484,49.28],[4.454,49.276],[4.453,49.318],[4.459,49.32],[4.464,49.321],[4.484,49.28]]]}},{"type":"Feature","properties":{"code":"08394","nom":"Saint-Pierremont","pop":70},"geometry":{"type":"Polygon","coordinates":[[[4.95,49.459],[4.936,49.459],[4.911,49.474],[4.907,49.481],[4.906,49.489],[4.912,49.497],[4.947,49.499],[4.954,49.519],[4.979,49.528],[4.992,49.524],[4.956,49.494],[4.965,49.483],[4.959,49.464],[4.95,49.459]]]}},{"type":"Feature","properties":{"code":"08395","nom":"Saint-Pierre-sur-Vence","pop":152},"geometry":{"type":"Polygon","coordinates":[[[4.697,49.716],[4.708,49.717],[4.701,49.706],[4.671,49.687],[4.659,49.689],[4.697,49.716]]]}},{"type":"Feature","properties":{"code":"08396","nom":"Saint-Quentin-le-Petit","pop":126},"geometry":{"type":"Polygon","coordinates":[[[4.077,49.571],[4.06,49.596],[4.102,49.594],[4.105,49.588],[4.088,49.568],[4.077,49.571]]]}},{"type":"Feature","properties":{"code":"08397","nom":"Saint-Remy-le-Petit","pop":56},"geometry":{"type":"Polygon","coordinates":[[[4.241,49.382],[4.213,49.388],[4.227,49.416],[4.242,49.386],[4.241,49.382]]]}},{"type":"Feature","properties":{"code":"08398","nom":"Sainte-Vaubourg","pop":79},"geometry":{"type":"Polygon","coordinates":[[[4.582,49.45],[4.56,49.459],[4.592,49.47],[4.617,49.465],[4.589,49.449],[4.582,49.45]]]}},{"type":"Feature","properties":{"code":"08399","nom":"Sapogne-sur-Marche","pop":154},"geometry":{"type":"Polygon","coordinates":[[[5.295,49.587],[5.293,49.592],[5.297,49.6],[5.315,49.611],[5.322,49.614],[5.328,49.611],[5.333,49.593],[5.295,49.587]]]}},{"type":"Feature","properties":{"code":"08400","nom":"Sapogne-et-Feuchères","pop":514},"geometry":{"type":"Polygon","coordinates":[[[4.833,49.653],[4.825,49.645],[4.809,49.642],[4.776,49.653],[4.781,49.681],[4.805,49.67],[4.833,49.653]]]}},{"type":"Feature","properties":{"code":"08401","nom":"Saulces-Champenoises","pop":219},"geometry":{"type":"Polygon","coordinates":[[[4.469,49.443],[4.51,49.48],[4.538,49.468],[4.525,49.428],[4.485,49.414],[4.468,49.425],[4.469,49.443]]]}},{"type":"Feature","properties":{"code":"08402","nom":"Saulces-Monclin","pop":837},"geometry":{"type":"Polygon","coordinates":[[[4.541,49.562],[4.544,49.56],[4.508,49.544],[4.503,49.546],[4.47,49.569],[4.483,49.602],[4.521,49.599],[4.551,49.587],[4.541,49.562]]]}},{"type":"Feature","properties":{"code":"08403","nom":"Sault-lès-Rethel","pop":1900},"geometry":{"type":"Polygon","coordinates":[[[4.326,49.471],[4.324,49.472],[4.355,49.503],[4.355,49.505],[4.354,49.507],[4.385,49.492],[4.355,49.476],[4.326,49.471]]]}},{"type":"Feature","properties":{"code":"08404","nom":"Sault-Saint-Remy","pop":207},"geometry":{"type":"Polygon","coordinates":[[[4.167,49.402],[4.145,49.404],[4.141,49.445],[4.169,49.446],[4.167,49.402]]]}},{"type":"Feature","properties":{"code":"08405","nom":"Sauville","pop":243},"geometry":{"type":"Polygon","coordinates":[[[4.756,49.563],[4.823,49.564],[4.825,49.552],[4.801,49.537],[4.766,49.532],[4.756,49.563]]]}},{"type":"Feature","properties":{"code":"08406","nom":"Savigny-sur-Aisne","pop":334},"geometry":{"type":"Polygon","coordinates":[[[4.692,49.36],[4.694,49.365],[4.691,49.375],[4.715,49.375],[4.744,49.369],[4.75,49.352],[4.739,49.339],[4.692,49.36]]]}},{"type":"Feature","properties":{"code":"08407","nom":"Séchault","pop":59},"geometry":{"type":"Polygon","coordinates":[[[4.718,49.251],[4.704,49.255],[4.718,49.278],[4.736,49.293],[4.74,49.293],[4.765,49.287],[4.768,49.282],[4.73,49.252],[4.718,49.251]]]}},{"type":"Feature","properties":{"code":"08408","nom":"Sécheval","pop":517},"geometry":{"type":"Polygon","coordinates":[[[4.674,49.874],[4.709,49.859],[4.703,49.848],[4.7,49.838],[4.639,49.857],[4.633,49.86],[4.65,49.881],[4.674,49.874]]]}},{"type":"Feature","properties":{"code":"08409","nom":"Sedan","pop":16667},"geometry":{"type":"Polygon","coordinates":[[[4.964,49.724],[4.972,49.724],[4.968,49.703],[4.945,49.686],[4.914,49.673],[4.88,49.678],[4.899,49.697],[4.927,49.711],[4.964,49.724]]]}},{"type":"Feature","properties":{"code":"08410","nom":"Semide","pop":174},"geometry":{"type":"Polygon","coordinates":[[[4.578,49.365],[4.622,49.342],[4.622,49.342],[4.617,49.312],[4.612,49.293],[4.599,49.288],[4.557,49.295],[4.533,49.335],[4.535,49.36],[4.578,49.365]]]}},{"type":"Feature","properties":{"code":"08411","nom":"Semuy","pop":87},"geometry":{"type":"Polygon","coordinates":[[[4.677,49.489],[4.654,49.483],[4.645,49.492],[4.66,49.512],[4.67,49.507],[4.677,49.489]]]}},{"type":"Feature","properties":{"code":"08412","nom":"Senuc","pop":153},"geometry":{"type":"Polygon","coordinates":[[[4.894,49.295],[4.876,49.29],[4.831,49.299],[4.802,49.298],[4.793,49.303],[4.801,49.309],[4.874,49.327],[4.892,49.3],[4.894,49.295]]]}},{"type":"Feature","properties":{"code":"08413","nom":"Seraincourt","pop":254},"geometry":{"type":"Polygon","coordinates":[[[4.143,49.632],[4.165,49.644],[4.199,49.641],[4.228,49.624],[4.202,49.595],[4.176,49.603],[4.148,49.625],[4.143,49.632]]]}},{"type":"Feature","properties":{"code":"08415","nom":"Sery","pop":315},"geometry":{"type":"Polygon","coordinates":[[[4.32,49.575],[4.32,49.577],[4.358,49.615],[4.376,49.62],[4.394,49.589],[4.388,49.581],[4.362,49.569],[4.34,49.569],[4.32,49.575]]]}},{"type":"Feature","properties":{"code":"08416","nom":"Seuil","pop":185},"geometry":{"type":"Polygon","coordinates":[[[4.424,49.451],[4.418,49.455],[4.442,49.464],[4.456,49.497],[4.477,49.504],[4.472,49.473],[4.457,49.454],[4.424,49.451]]]}},{"type":"Feature","properties":{"code":"08417","nom":"Sévigny-la-Forêt","pop":270},"geometry":{"type":"Polygon","coordinates":[[[4.509,49.875],[4.509,49.85],[4.49,49.849],[4.462,49.858],[4.447,49.866],[4.446,49.896],[4.469,49.903],[4.483,49.91],[4.505,49.908],[4.509,49.875]]]}},{"type":"Feature","properties":{"code":"08418","nom":"Sévigny-Waleppe","pop":218},"geometry":{"type":"Polygon","coordinates":[[[4.06,49.596],[4.032,49.614],[4.048,49.638],[4.099,49.628],[4.116,49.633],[4.143,49.632],[4.148,49.625],[4.12,49.62],[4.102,49.594],[4.06,49.596]]]}},{"type":"Feature","properties":{"code":"08419","nom":"Signy-l'Abbaye","pop":1344},"geometry":{"type":"Polygon","coordinates":[[[4.429,49.66],[4.399,49.668],[4.364,49.69],[4.351,49.672],[4.328,49.669],[4.331,49.679],[4.346,49.718],[4.361,49.735],[4.38,49.743],[4.418,49.736],[4.437,49.739],[4.472,49.737],[4.45,49.698],[4.464,49.67],[4.429,49.66]]]}},{"type":"Feature","properties":{"code":"08420","nom":"Signy-le-Petit","pop":1213},"geometry":{"type":"Polygon","coordinates":[[[4.256,49.904],[4.233,49.909],[4.254,49.923],[4.307,49.928],[4.296,49.946],[4.269,49.943],[4.232,49.956],[4.233,49.958],[4.31,49.97],[4.35,49.953],[4.326,49.917],[4.325,49.895],[4.29,49.893],[4.256,49.904]]]}},{"type":"Feature","properties":{"code":"08421","nom":"Signy-Montlibert","pop":93},"geometry":{"type":"Polygon","coordinates":[[[5.341,49.594],[5.309,49.563],[5.292,49.568],[5.295,49.587],[5.333,49.593],[5.341,49.594]]]}},{"type":"Feature","properties":{"code":"08422","nom":"Singly","pop":139},"geometry":{"type":"Polygon","coordinates":[[[4.685,49.635],[4.686,49.651],[4.695,49.653],[4.725,49.647],[4.72,49.625],[4.699,49.618],[4.685,49.635]]]}},{"type":"Feature","properties":{"code":"08424","nom":"Sommauthe","pop":132},"geometry":{"type":"Polygon","coordinates":[[[5.013,49.498],[4.965,49.483],[4.956,49.494],[4.992,49.524],[5.013,49.498]]]}},{"type":"Feature","properties":{"code":"08425","nom":"Sommerance","pop":50},"geometry":{"type":"Polygon","coordinates":[[[4.984,49.337],[5.026,49.326],[5.009,49.321],[4.963,49.324],[4.984,49.337]]]}},{"type":"Feature","properties":{"code":"08426","nom":"Son","pop":89},"geometry":{"type":"Polygon","coordinates":[[[4.25,49.595],[4.284,49.597],[4.272,49.569],[4.262,49.56],[4.253,49.565],[4.245,49.58],[4.25,49.595]]]}},{"type":"Feature","properties":{"code":"08427","nom":"Sorbon","pop":222},"geometry":{"type":"Polygon","coordinates":[[[4.312,49.54],[4.36,49.548],[4.362,49.569],[4.388,49.581],[4.41,49.57],[4.409,49.556],[4.379,49.538],[4.347,49.524],[4.312,49.54]]]}},{"type":"Feature","properties":{"code":"08428","nom":"Sorcy-Bauthémont","pop":146},"geometry":{"type":"Polygon","coordinates":[[[4.561,49.548],[4.557,49.526],[4.528,49.522],[4.52,49.531],[4.508,49.544],[4.544,49.56],[4.561,49.548]]]}},{"type":"Feature","properties":{"code":"08429","nom":"Sormonne","pop":529},"geometry":{"type":"Polygon","coordinates":[[[4.554,49.824],[4.567,49.819],[4.574,49.803],[4.572,49.793],[4.565,49.794],[4.554,49.824]]]}},{"type":"Feature","properties":{"code":"08430","nom":"Stonne","pop":40},"geometry":{"type":"Polygon","coordinates":[[[4.948,49.54],[4.912,49.535],[4.901,49.544],[4.903,49.556],[4.912,49.567],[4.929,49.564],[4.928,49.563],[4.948,49.54]]]}},{"type":"Feature","properties":{"code":"08431","nom":"Sugny","pop":92},"geometry":{"type":"Polygon","coordinates":[[[4.694,49.365],[4.692,49.36],[4.672,49.345],[4.622,49.342],[4.622,49.342],[4.655,49.365],[4.694,49.365]]]}},{"type":"Feature","properties":{"code":"08432","nom":"Sury","pop":94},"geometry":{"type":"Polygon","coordinates":[[[4.607,49.775],[4.619,49.775],[4.628,49.761],[4.594,49.76],[4.607,49.775]]]}},{"type":"Feature","properties":{"code":"08433","nom":"Suzanne","pop":54},"geometry":{"type":"Polygon","coordinates":[[[4.663,49.53],[4.666,49.531],[4.662,49.517],[4.615,49.515],[4.619,49.528],[4.62,49.531],[4.663,49.53]]]}},{"type":"Feature","properties":{"code":"08434","nom":"Sy","pop":58},"geometry":{"type":"Polygon","coordinates":[[[4.872,49.503],[4.854,49.503],[4.848,49.511],[4.856,49.523],[4.881,49.53],[4.903,49.512],[4.896,49.508],[4.872,49.503]]]}},{"type":"Feature","properties":{"code":"08435","nom":"Tagnon","pop":901},"geometry":{"type":"Polygon","coordinates":[[[4.25,49.441],[4.25,49.455],[4.296,49.478],[4.324,49.472],[4.326,49.471],[4.331,49.428],[4.304,49.425],[4.264,49.434],[4.25,49.441]]]}},{"type":"Feature","properties":{"code":"08436","nom":"Taillette","pop":407},"geometry":{"type":"Polygon","coordinates":[[[4.437,49.909],[4.452,49.92],[4.445,49.937],[4.481,49.948],[4.512,49.947],[4.516,49.946],[4.483,49.91],[4.469,49.903],[4.437,49.909]]]}},{"type":"Feature","properties":{"code":"08437","nom":"Tailly","pop":182},"geometry":{"type":"Polygon","coordinates":[[[5.02,49.424],[5.021,49.425],[5.068,49.434],[5.103,49.46],[5.106,49.428],[5.11,49.416],[5.104,49.39],[5.089,49.37],[5.06,49.372],[5.026,49.372],[5.017,49.388],[5.045,49.407],[5.02,49.424]]]}},{"type":"Feature","properties":{"code":"08438","nom":"Taizy","pop":99},"geometry":{"type":"Polygon","coordinates":[[[4.284,49.523],[4.289,49.519],[4.275,49.497],[4.234,49.502],[4.284,49.523]]]}},{"type":"Feature","properties":{"code":"08439","nom":"Tannay","pop":163},"geometry":{"type":"Polygon","coordinates":[[[4.805,49.5],[4.801,49.501],[4.801,49.537],[4.825,49.552],[4.856,49.523],[4.848,49.511],[4.805,49.5]]]}},{"type":"Feature","properties":{"code":"08440","nom":"Tarzy","pop":126},"geometry":{"type":"Polygon","coordinates":[[[4.309,49.86],[4.287,49.854],[4.27,49.868],[4.29,49.893],[4.325,49.895],[4.309,49.86]]]}},{"type":"Feature","properties":{"code":"08444","nom":"Tétaigne","pop":134},"geometry":{"type":"Polygon","coordinates":[[[5.103,49.662],[5.112,49.663],[5.129,49.656],[5.14,49.648],[5.138,49.64],[5.091,49.641],[5.09,49.647],[5.103,49.662]]]}},{"type":"Feature","properties":{"code":"08445","nom":"Thelonne","pop":405},"geometry":{"type":"Polygon","coordinates":[[[4.955,49.643],[4.936,49.638],[4.929,49.644],[4.963,49.654],[4.96,49.645],[4.955,49.643]]]}},{"type":"Feature","properties":{"code":"08446","nom":"Thénorgues","pop":85},"geometry":{"type":"Polygon","coordinates":[[[4.914,49.419],[4.95,49.397],[4.898,49.393],[4.912,49.419],[4.914,49.419]]]}},{"type":"Feature","properties":{"code":"08448","nom":"Thilay","pop":958},"geometry":{"type":"Polygon","coordinates":[[[4.843,49.849],[4.829,49.849],[4.809,49.848],[4.794,49.867],[4.784,49.88],[4.77,49.901],[4.776,49.943],[4.791,49.958],[4.814,49.954],[4.811,49.922],[4.84,49.909],[4.843,49.849]]]}},{"type":"Feature","properties":{"code":"08449","nom":"Thin-le-Moutier","pop":702},"geometry":{"type":"Polygon","coordinates":[[[4.57,49.738],[4.57,49.711],[4.568,49.706],[4.54,49.695],[4.502,49.683],[4.494,49.694],[4.45,49.698],[4.472,49.737],[4.478,49.742],[4.489,49.749],[4.518,49.744],[4.536,49.733],[4.57,49.738]]]}},{"type":"Feature","properties":{"code":"08450","nom":"This","pop":224},"geometry":{"type":"Polygon","coordinates":[[[4.628,49.761],[4.633,49.757],[4.609,49.741],[4.586,49.751],[4.594,49.76],[4.628,49.761]]]}},{"type":"Feature","properties":{"code":"08451","nom":"Le Thour","pop":357},"geometry":{"type":"Polygon","coordinates":[[[4.075,49.522],[4.075,49.542],[4.05,49.551],[4.077,49.571],[4.088,49.568],[4.13,49.545],[4.104,49.52],[4.075,49.522]]]}},{"type":"Feature","properties":{"code":"08452","nom":"Thugny-Trugny","pop":243},"geometry":{"type":"Polygon","coordinates":[[[4.403,49.45],[4.393,49.464],[4.404,49.491],[4.424,49.5],[4.436,49.499],[4.456,49.497],[4.442,49.464],[4.418,49.455],[4.403,49.45]]]}},{"type":"Feature","properties":{"code":"08453","nom":"Toges","pop":90},"geometry":{"type":"Polygon","coordinates":[[[4.806,49.422],[4.78,49.416],[4.764,49.433],[4.803,49.428],[4.805,49.424],[4.806,49.422]]]}},{"type":"Feature","properties":{"code":"08454","nom":"Touligny","pop":83},"geometry":{"type":"Polygon","coordinates":[[[4.59,49.696],[4.593,49.696],[4.647,49.672],[4.644,49.667],[4.63,49.661],[4.609,49.667],[4.595,49.674],[4.59,49.696]]]}},{"type":"Feature","properties":{"code":"08455","nom":"Tourcelles-Chaumont","pop":84},"geometry":{"type":"Polygon","coordinates":[[[4.618,49.4],[4.583,49.385],[4.571,49.395],[4.617,49.413],[4.628,49.407],[4.618,49.4]]]}},{"type":"Feature","properties":{"code":"08456","nom":"Tournavaux","pop":234},"geometry":{"type":"Polygon","coordinates":[[[4.784,49.88],[4.794,49.867],[4.777,49.869],[4.771,49.876],[4.784,49.88]]]}},{"type":"Feature","properties":{"code":"08457","nom":"Tournes","pop":1055},"geometry":{"type":"Polygon","coordinates":[[[4.653,49.817],[4.656,49.799],[4.649,49.782],[4.629,49.788],[4.616,49.794],[4.642,49.819],[4.653,49.817]]]}},{"type":"Feature","properties":{"code":"08458","nom":"Tourteron","pop":177},"geometry":{"type":"Polygon","coordinates":[[[4.66,49.56],[4.665,49.56],[4.663,49.53],[4.62,49.531],[4.615,49.544],[4.655,49.56],[4.66,49.56]]]}},{"type":"Feature","properties":{"code":"08459","nom":"Tremblois-lès-Carignan","pop":132},"geometry":{"type":"Polygon","coordinates":[[[5.263,49.648],[5.256,49.648],[5.252,49.672],[5.281,49.686],[5.282,49.686],[5.263,49.648]]]}},{"type":"Feature","properties":{"code":"08460","nom":"Tremblois-lès-Rocroi","pop":158},"geometry":{"type":"Polygon","coordinates":[[[4.508,49.836],[4.49,49.848],[4.49,49.849],[4.509,49.85],[4.508,49.836]]]}},{"type":"Feature","properties":{"code":"08461","nom":"Vandy","pop":204},"geometry":{"type":"Polygon","coordinates":[[[4.752,49.438],[4.727,49.429],[4.752,49.463],[4.759,49.464],[4.752,49.438]]]}},{"type":"Feature","properties":{"code":"08462","nom":"Vaux-Champagne","pop":148},"geometry":{"type":"Polygon","coordinates":[[[4.56,49.459],[4.582,49.45],[4.542,49.426],[4.525,49.428],[4.538,49.468],[4.546,49.473],[4.56,49.459]]]}},{"type":"Feature","properties":{"code":"08463","nom":"Vaux-en-Dieulet","pop":53},"geometry":{"type":"Polygon","coordinates":[[[4.965,49.483],[5.013,49.498],[5.029,49.497],[5.008,49.465],[4.992,49.462],[4.959,49.464],[4.965,49.483]]]}},{"type":"Feature","properties":{"code":"08464","nom":"Vaux-lès-Mouron","pop":77},"geometry":{"type":"Polygon","coordinates":[[[4.772,49.302],[4.793,49.303],[4.802,49.298],[4.775,49.293],[4.772,49.302]]]}},{"type":"Feature","properties":{"code":"08465","nom":"Vaux-lès-Rubigny","pop":45},"geometry":{"type":"Polygon","coordinates":[[[4.182,49.676],[4.18,49.673],[4.165,49.694],[4.185,49.699],[4.203,49.702],[4.182,49.676]]]}},{"type":"Feature","properties":{"code":"08466","nom":"Vaux-lès-Mouzon","pop":74},"geometry":{"type":"Polygon","coordinates":[[[5.153,49.577],[5.12,49.593],[5.118,49.614],[5.142,49.624],[5.157,49.618],[5.144,49.598],[5.164,49.587],[5.153,49.577]]]}},{"type":"Feature","properties":{"code":"08467","nom":"Vaux-Montreuil","pop":110},"geometry":{"type":"Polygon","coordinates":[[[4.546,49.6],[4.559,49.609],[4.572,49.6],[4.574,49.577],[4.541,49.562],[4.551,49.587],[4.546,49.6]]]}},{"type":"Feature","properties":{"code":"08468","nom":"Vaux-Villaine","pop":186},"geometry":{"type":"Polygon","coordinates":[[[4.447,49.792],[4.461,49.79],[4.475,49.785],[4.499,49.766],[4.489,49.749],[4.478,49.742],[4.452,49.769],[4.447,49.792]]]}},{"type":"Feature","properties":{"code":"08469","nom":"Vendresse","pop":486},"geometry":{"type":"Polygon","coordinates":[[[4.832,49.593],[4.84,49.576],[4.823,49.564],[4.756,49.563],[4.754,49.564],[4.771,49.591],[4.757,49.617],[4.738,49.618],[4.754,49.64],[4.776,49.653],[4.809,49.642],[4.836,49.611],[4.832,49.593]]]}},{"type":"Feature","properties":{"code":"08470","nom":"Verpel","pop":62},"geometry":{"type":"Polygon","coordinates":[[[4.915,49.364],[4.888,49.387],[4.898,49.393],[4.95,49.397],[4.962,49.388],[4.947,49.363],[4.915,49.364]]]}},{"type":"Feature","properties":{"code":"08471","nom":"Verrières","pop":33},"geometry":{"type":"Polygon","coordinates":[[[4.912,49.497],[4.906,49.489],[4.872,49.503],[4.896,49.508],[4.912,49.497]]]}},{"type":"Feature","properties":{"code":"08472","nom":"Viel-Saint-Remy","pop":302},"geometry":{"type":"Polygon","coordinates":[[[4.528,49.638],[4.518,49.622],[4.481,49.604],[4.436,49.62],[4.471,49.657],[4.498,49.662],[4.498,49.662],[4.528,49.638]]]}},{"type":"Feature","properties":{"code":"08473","nom":"Vieux-lès-Asfeld","pop":294},"geometry":{"type":"Polygon","coordinates":[[[4.084,49.442],[4.095,49.471],[4.136,49.445],[4.111,49.439],[4.087,49.437],[4.084,49.442]]]}},{"type":"Feature","properties":{"code":"08476","nom":"Villers-devant-le-Thour","pop":414},"geometry":{"type":"Polygon","coordinates":[[[4.041,49.509],[4.075,49.522],[4.104,49.52],[4.119,49.509],[4.076,49.486],[4.042,49.484],[4.041,49.496],[4.041,49.509]]]}},{"type":"Feature","properties":{"code":"08477","nom":"Villers-devant-Mouzon","pop":102},"geometry":{"type":"Polygon","coordinates":[[[4.995,49.621],[4.994,49.621],[5.027,49.641],[5.035,49.639],[5.034,49.622],[4.995,49.621]]]}},{"type":"Feature","properties":{"code":"08478","nom":"Villers-le-Tilleul","pop":240},"geometry":{"type":"Polygon","coordinates":[[[4.701,49.615],[4.699,49.618],[4.72,49.625],[4.725,49.647],[4.754,49.64],[4.738,49.618],[4.704,49.61],[4.701,49.615]]]}},{"type":"Feature","properties":{"code":"08479","nom":"Villers-le-Tourneur","pop":217},"geometry":{"type":"Polygon","coordinates":[[[4.56,49.641],[4.573,49.643],[4.59,49.627],[4.559,49.609],[4.546,49.6],[4.531,49.605],[4.558,49.622],[4.56,49.641]]]}},{"type":"Feature","properties":{"code":"08480","nom":"Villers-Semeuse","pop":3615},"geometry":{"type":"Polygon","coordinates":[[[4.759,49.733],[4.734,49.725],[4.729,49.733],[4.757,49.755],[4.774,49.744],[4.759,49.733]]]}},{"type":"Feature","properties":{"code":"08481","nom":"Villers-sur-Bar","pop":234},"geometry":{"type":"Polygon","coordinates":[[[4.839,49.671],[4.845,49.691],[4.841,49.698],[4.844,49.699],[4.869,49.675],[4.857,49.665],[4.839,49.671]]]}},{"type":"Feature","properties":{"code":"08482","nom":"Villers-sur-le-Mont","pop":101},"geometry":{"type":"Polygon","coordinates":[[[4.695,49.653],[4.686,49.651],[4.656,49.666],[4.678,49.679],[4.688,49.675],[4.695,49.653]]]}},{"type":"Feature","properties":{"code":"08483","nom":"Ville-sur-Lumes","pop":530},"geometry":{"type":"Polygon","coordinates":[[[4.805,49.745],[4.806,49.744],[4.783,49.749],[4.804,49.765],[4.809,49.762],[4.805,49.745]]]}},{"type":"Feature","properties":{"code":"08484","nom":"Ville-sur-Retourne","pop":73},"geometry":{"type":"Polygon","coordinates":[[[4.453,49.377],[4.433,49.371],[4.438,49.413],[4.447,49.417],[4.457,49.415],[4.46,49.405],[4.453,49.377]]]}},{"type":"Feature","properties":{"code":"08485","nom":"Villy","pop":191},"geometry":{"type":"Polygon","coordinates":[[[5.245,49.591],[5.247,49.59],[5.215,49.577],[5.201,49.585],[5.207,49.605],[5.242,49.603],[5.245,49.591]]]}},{"type":"Feature","properties":{"code":"08486","nom":"Vireux-Molhain","pop":1504},"geometry":{"type":"Polygon","coordinates":[[[4.727,50.088],[4.724,50.068],[4.697,50.059],[4.681,50.069],[4.713,50.097],[4.727,50.088]]]}},{"type":"Feature","properties":{"code":"08487","nom":"Vireux-Wallerand","pop":1803},"geometry":{"type":"Polygon","coordinates":[[[4.749,50.019],[4.728,50.036],[4.724,50.068],[4.727,50.088],[4.741,50.093],[4.78,50.051],[4.749,50.019]]]}},{"type":"Feature","properties":{"code":"08488","nom":"Vivier-au-Court","pop":2732},"geometry":{"type":"Polygon","coordinates":[[[4.806,49.744],[4.805,49.745],[4.845,49.749],[4.844,49.718],[4.826,49.712],[4.8,49.728],[4.806,49.744]]]}},{"type":"Feature","properties":{"code":"08489","nom":"Voncq","pop":210},"geometry":{"type":"Polygon","coordinates":[[[4.658,49.449],[4.634,49.444],[4.635,49.473],[4.637,49.475],[4.654,49.483],[4.677,49.489],[4.721,49.495],[4.738,49.502],[4.709,49.461],[4.658,49.449]]]}},{"type":"Feature","properties":{"code":"08490","nom":"Vouziers","pop":3825},"geometry":{"type":"Polygon","coordinates":[[[4.658,49.449],[4.709,49.461],[4.752,49.463],[4.727,49.429],[4.768,49.408],[4.763,49.401],[4.717,49.393],[4.715,49.375],[4.691,49.375],[4.654,49.379],[4.65,49.391],[4.665,49.411],[4.658,49.449]]]}},{"type":"Feature","properties":{"code":"08491","nom":"Vrigne aux Bois","pop":3518},"geometry":{"type":"Polygon","coordinates":[[[4.888,49.788],[4.878,49.763],[4.892,49.753],[4.88,49.719],[4.846,49.717],[4.844,49.718],[4.845,49.749],[4.843,49.771],[4.842,49.782],[4.862,49.789],[4.888,49.788]]]}},{"type":"Feature","properties":{"code":"08492","nom":"Vrigne-Meuse","pop":331},"geometry":{"type":"Polygon","coordinates":[[[4.844,49.699],[4.841,49.698],[4.815,49.695],[4.826,49.712],[4.844,49.718],[4.846,49.717],[4.844,49.699]]]}},{"type":"Feature","properties":{"code":"08494","nom":"Wadelincourt","pop":447},"geometry":{"type":"Polygon","coordinates":[[[4.945,49.686],[4.948,49.675],[4.918,49.667],[4.914,49.673],[4.945,49.686]]]}},{"type":"Feature","properties":{"code":"08496","nom":"Wagnon","pop":106},"geometry":{"type":"Polygon","coordinates":[[[4.429,49.66],[4.464,49.67],[4.498,49.662],[4.471,49.657],[4.436,49.62],[4.426,49.619],[4.413,49.638],[4.429,49.66]]]}},{"type":"Feature","properties":{"code":"08497","nom":"Warcq","pop":1282},"geometry":{"type":"Polygon","coordinates":[[[4.661,49.781],[4.68,49.789],[4.693,49.776],[4.677,49.758],[4.661,49.749],[4.654,49.745],[4.633,49.757],[4.661,49.781]]]}},{"type":"Feature","properties":{"code":"08498","nom":"Warnécourt","pop":383},"geometry":{"type":"Polygon","coordinates":[[[4.661,49.749],[4.673,49.741],[4.653,49.719],[4.638,49.728],[4.654,49.745],[4.661,49.749]]]}},{"type":"Feature","properties":{"code":"08499","nom":"Wasigny","pop":262},"geometry":{"type":"Polygon","coordinates":[[[4.384,49.652],[4.391,49.642],[4.376,49.62],[4.358,49.615],[4.331,49.629],[4.34,49.639],[4.375,49.637],[4.384,49.652]]]}},{"type":"Feature","properties":{"code":"08500","nom":"Wignicourt","pop":57},"geometry":{"type":"Polygon","coordinates":[[[4.592,49.598],[4.594,49.586],[4.584,49.573],[4.574,49.577],[4.572,49.6],[4.592,49.598]]]}},{"type":"Feature","properties":{"code":"08501","nom":"Williers","pop":39},"geometry":{"type":"Polygon","coordinates":[[[5.31,49.661],[5.288,49.682],[5.32,49.664],[5.31,49.661]]]}},{"type":"Feature","properties":{"code":"08502","nom":"Yoncq","pop":80},"geometry":{"type":"Polygon","coordinates":[[[4.985,49.575],[5.005,49.593],[5.031,49.59],[5.049,49.564],[5.004,49.544],[4.985,49.575]]]}},{"type":"Feature","properties":{"code":"08503","nom":"Yvernaumont","pop":118},"geometry":{"type":"Polygon","coordinates":[[[4.656,49.666],[4.644,49.667],[4.647,49.672],[4.671,49.686],[4.678,49.679],[4.656,49.666]]]}}]}