{"type":"FeatureCollection","features":[{"type":"Feature","properties":{"code":"59001","nom":"Abancourt","pop":441},"geometry":{"type":"Polygon","coordinates":[[[3.184,50.226],[3.187,50.235],[3.204,50.247],[3.233,50.241],[3.217,50.228],[3.2,50.227],[3.184,50.226]]]}},{"type":"Feature","properties":{"code":"59002","nom":"Abscon","pop":4108},"geometry":{"type":"Polygon","coordinates":[[[3.281,50.334],[3.295,50.341],[3.3,50.344],[3.311,50.344],[3.325,50.326],[3.309,50.316],[3.281,50.315],[3.274,50.326],[3.281,50.334]]]}},{"type":"Feature","properties":{"code":"59003","nom":"Aibes","pop":350},"geometry":{"type":"Polygon","coordinates":[[[4.064,50.214],[4.061,50.218],[4.06,50.22],[4.077,50.248],[4.122,50.248],[4.123,50.22],[4.082,50.22],[4.064,50.214]]]}},{"type":"Feature","properties":{"code":"59004","nom":"Aix-en-Pévèle","pop":1338},"geometry":{"type":"Polygon","coordinates":[[[3.301,50.487],[3.275,50.49],[3.294,50.507],[3.329,50.508],[3.335,50.508],[3.33,50.499],[3.301,50.487]]]}},{"type":"Feature","properties":{"code":"59005","nom":"Allennes-les-Marais","pop":3545},"geometry":{"type":"Polygon","coordinates":[[[2.963,50.528],[2.946,50.53],[2.931,50.548],[2.93,50.55],[2.95,50.558],[2.965,50.538],[2.963,50.528]]]}},{"type":"Feature","properties":{"code":"59006","nom":"Amfroipret","pop":619},"geometry":{"type":"Polygon","coordinates":[[[3.753,50.269],[3.751,50.268],[3.724,50.282],[3.726,50.288],[3.753,50.269]]]}},{"type":"Feature","properties":{"code":"59007","nom":"Anhiers","pop":888},"geometry":{"type":"Polygon","coordinates":[[[3.142,50.41],[3.15,50.413],[3.165,50.395],[3.149,50.4],[3.142,50.41]]]}},{"type":"Feature","properties":{"code":"59008","nom":"Aniche","pop":9963},"geometry":{"type":"Polygon","coordinates":[[[3.281,50.334],[3.274,50.326],[3.243,50.317],[3.244,50.341],[3.257,50.345],[3.281,50.334]]]}},{"type":"Feature","properties":{"code":"59009","nom":"Villeneuve-d'Ascq","pop":62868},"geometry":{"type":"Polygon","coordinates":[[[3.179,50.609],[3.172,50.602],[3.138,50.601],[3.12,50.619],[3.116,50.636],[3.118,50.648],[3.119,50.653],[3.138,50.673],[3.162,50.657],[3.186,50.638],[3.177,50.634],[3.191,50.626],[3.197,50.635],[3.206,50.635],[3.207,50.635],[3.204,50.624],[3.179,50.609]]]}},{"type":"Feature","properties":{"code":"59010","nom":"Anneux","pop":258},"geometry":{"type":"Polygon","coordinates":[[[3.101,50.162],[3.137,50.167],[3.141,50.151],[3.135,50.144],[3.101,50.162]]]}},{"type":"Feature","properties":{"code":"59011","nom":"Annœullin","pop":10847},"geometry":{"type":"Polygon","coordinates":[[[2.895,50.532],[2.898,50.534],[2.9,50.536],[2.931,50.548],[2.946,50.53],[2.951,50.512],[2.927,50.508],[2.895,50.532]]]}},{"type":"Feature","properties":{"code":"59012","nom":"Anor","pop":3099},"geometry":{"type":"Polygon","coordinates":[[[4.098,50.02],[4.1,50.019],[4.136,50.015],[4.163,49.995],[4.141,49.979],[4.105,49.971],[4.08,49.98],[4.098,50.02]]]}},{"type":"Feature","properties":{"code":"59013","nom":"Anstaing","pop":1631},"geometry":{"type":"Polygon","coordinates":[[[3.172,50.602],[3.179,50.609],[3.196,50.612],[3.202,50.602],[3.192,50.593],[3.172,50.602]]]}},{"type":"Feature","properties":{"code":"59014","nom":"Anzin","pop":13183},"geometry":{"type":"Polygon","coordinates":[[[3.49,50.369],[3.495,50.374],[3.499,50.382],[3.518,50.389],[3.532,50.384],[3.49,50.369]]]}},{"type":"Feature","properties":{"code":"59015","nom":"Arleux","pop":3125},"geometry":{"type":"Polygon","coordinates":[[[3.108,50.268],[3.061,50.272],[3.061,50.273],[3.088,50.288],[3.094,50.291],[3.132,50.3],[3.145,50.283],[3.132,50.266],[3.108,50.268]]]}},{"type":"Feature","properties":{"code":"59016","nom":"Armbouts-Cappel","pop":2077},"geometry":{"type":"Polygon","coordinates":[[[2.318,50.997],[2.317,50.997],[2.351,51.001],[2.376,50.982],[2.384,50.97],[2.339,50.964],[2.318,50.997]]]}},{"type":"Feature","properties":{"code":"59017","nom":"Armentières","pop":26998},"geometry":{"type":"Polygon","coordinates":[[[2.901,50.693],[2.897,50.681],[2.871,50.681],[2.856,50.686],[2.87,50.703],[2.901,50.693]]]}},{"type":"Feature","properties":{"code":"59018","nom":"Arnèke","pop":1594},"geometry":{"type":"Polygon","coordinates":[[[2.424,50.864],[2.451,50.848],[2.446,50.829],[2.425,50.819],[2.397,50.835],[2.384,50.852],[2.392,50.856],[2.424,50.864]]]}},{"type":"Feature","properties":{"code":"59019","nom":"Artres","pop":1082},"geometry":{"type":"Polygon","coordinates":[[[3.533,50.278],[3.526,50.279],[3.521,50.291],[3.548,50.311],[3.55,50.31],[3.556,50.299],[3.555,50.29],[3.533,50.278]]]}},{"type":"Feature","properties":{"code":"59021","nom":"Assevent","pop":1769},"geometry":{"type":"Polygon","coordinates":[[[4.024,50.281],[4.01,50.285],[4.009,50.295],[4.025,50.296],[4.032,50.281],[4.024,50.281]]]}},{"type":"Feature","properties":{"code":"59022","nom":"Attiches","pop":2245},"geometry":{"type":"Polygon","coordinates":[[[3.039,50.518],[3.064,50.531],[3.081,50.514],[3.078,50.496],[3.071,50.489],[3.071,50.488],[3.045,50.51],[3.039,50.518]]]}},{"type":"Feature","properties":{"code":"59023","nom":"Aubencheul-au-Bac","pop":549},"geometry":{"type":"Polygon","coordinates":[[[3.175,50.241],[3.147,50.246],[3.149,50.263],[3.183,50.259],[3.175,50.241]]]}},{"type":"Feature","properties":{"code":"59024","nom":"Auberchicourt","pop":4626},"geometry":{"type":"Polygon","coordinates":[[[3.243,50.317],[3.234,50.313],[3.208,50.324],[3.213,50.33],[3.233,50.349],[3.244,50.341],[3.243,50.317]]]}},{"type":"Feature","properties":{"code":"59025","nom":"Aubers","pop":1749},"geometry":{"type":"Polygon","coordinates":[[[2.808,50.579],[2.789,50.583],[2.792,50.586],[2.829,50.619],[2.831,50.62],[2.848,50.593],[2.826,50.583],[2.808,50.579]]]}},{"type":"Feature","properties":{"code":"59026","nom":"Aubigny-au-Bac","pop":1143},"geometry":{"type":"Polygon","coordinates":[[[3.195,50.261],[3.183,50.259],[3.149,50.263],[3.138,50.265],[3.159,50.276],[3.166,50.276],[3.193,50.271],[3.195,50.261]]]}},{"type":"Feature","properties":{"code":"59027","nom":"Aubry-du-Hainaut","pop":1705},"geometry":{"type":"Polygon","coordinates":[[[3.471,50.362],[3.468,50.358],[3.434,50.379],[3.461,50.381],[3.471,50.362]]]}},{"type":"Feature","properties":{"code":"59028","nom":"Auby","pop":7083},"geometry":{"type":"Polygon","coordinates":[[[3.069,50.426],[3.073,50.425],[3.092,50.404],[3.03,50.412],[3.039,50.423],[3.069,50.426]]]}},{"type":"Feature","properties":{"code":"59029","nom":"Auchy-lez-Orchies","pop":1599},"geometry":{"type":"Polygon","coordinates":[[[3.175,50.471],[3.174,50.486],[3.191,50.496],[3.232,50.485],[3.21,50.472],[3.175,50.471]]]}},{"type":"Feature","properties":{"code":"59031","nom":"Audignies","pop":359},"geometry":{"type":"Polygon","coordinates":[[[3.825,50.268],[3.822,50.266],[3.814,50.278],[3.833,50.285],[3.825,50.268]]]}},{"type":"Feature","properties":{"code":"59032","nom":"Aulnoy-lez-Valenciennes","pop":7080},"geometry":{"type":"Polygon","coordinates":[[[3.55,50.31],[3.548,50.311],[3.515,50.327],[3.512,50.338],[3.517,50.339],[3.559,50.331],[3.566,50.32],[3.55,50.31]]]}},{"type":"Feature","properties":{"code":"59033","nom":"Aulnoye-Aymeries","pop":8612},"geometry":{"type":"Polygon","coordinates":[[[3.811,50.224],[3.848,50.218],[3.857,50.195],[3.858,50.194],[3.855,50.193],[3.816,50.188],[3.826,50.209],[3.811,50.224]]]}},{"type":"Feature","properties":{"code":"59034","nom":"Avelin","pop":2561},"geometry":{"type":"Polygon","coordinates":[[[3.069,50.556],[3.077,50.564],[3.096,50.57],[3.107,50.553],[3.108,50.529],[3.105,50.516],[3.09,50.51],[3.081,50.514],[3.064,50.531],[3.069,50.556]]]}},{"type":"Feature","properties":{"code":"59035","nom":"Avesnelles","pop":2232},"geometry":{"type":"Polygon","coordinates":[[[3.946,50.127],[3.975,50.12],[3.979,50.102],[3.955,50.084],[3.93,50.089],[3.925,50.113],[3.942,50.128],[3.946,50.127]]]}},{"type":"Feature","properties":{"code":"59036","nom":"Avesnes-sur-Helpe","pop":4012},"geometry":{"type":"Polygon","coordinates":[[[3.932,50.132],[3.942,50.128],[3.925,50.113],[3.916,50.124],[3.932,50.132]]]}},{"type":"Feature","properties":{"code":"59037","nom":"Avesnes-les-Aubert","pop":3562},"geometry":{"type":"Polygon","coordinates":[[[3.381,50.213],[3.391,50.21],[3.399,50.191],[3.39,50.179],[3.362,50.173],[3.346,50.186],[3.381,50.213]]]}},{"type":"Feature","properties":{"code":"59038","nom":"Avesnes-le-Sec","pop":1458},"geometry":{"type":"Polygon","coordinates":[[[3.371,50.267],[3.388,50.266],[3.395,50.244],[3.37,50.225],[3.347,50.25],[3.354,50.262],[3.371,50.267]]]}},{"type":"Feature","properties":{"code":"59039","nom":"Awoingt","pop":757},"geometry":{"type":"Polygon","coordinates":[[[3.305,50.143],[3.289,50.14],[3.273,50.143],[3.264,50.152],[3.275,50.165],[3.305,50.159],[3.305,50.143]]]}},{"type":"Feature","properties":{"code":"59041","nom":"Bachant","pop":2230},"geometry":{"type":"Polygon","coordinates":[[[3.873,50.19],[3.857,50.195],[3.848,50.218],[3.88,50.223],[3.902,50.215],[3.903,50.198],[3.873,50.19]]]}},{"type":"Feature","properties":{"code":"59042","nom":"Bachy","pop":1898},"geometry":{"type":"Polygon","coordinates":[[[3.26,50.529],[3.254,50.542],[3.263,50.561],[3.276,50.559],[3.286,50.528],[3.26,50.529]]]}},{"type":"Feature","properties":{"code":"59043","nom":"Bailleul","pop":14732},"geometry":{"type":"Polygon","coordinates":[[[2.678,50.695],[2.677,50.699],[2.677,50.715],[2.704,50.731],[2.707,50.751],[2.754,50.775],[2.789,50.729],[2.813,50.717],[2.795,50.712],[2.77,50.714],[2.722,50.69],[2.678,50.695]]]}},{"type":"Feature","properties":{"code":"59044","nom":"Baisieux","pop":5545},"geometry":{"type":"Polygon","coordinates":[[[3.272,50.605],[3.235,50.595],[3.222,50.598],[3.204,50.623],[3.259,50.628],[3.272,50.605]]]}},{"type":"Feature","properties":{"code":"59045","nom":"Baives","pop":158},"geometry":{"type":"Polygon","coordinates":[[[4.227,50.08],[4.228,50.066],[4.172,50.047],[4.193,50.081],[4.227,50.08]]]}},{"type":"Feature","properties":{"code":"59046","nom":"Bambecque","pop":845},"geometry":{"type":"Polygon","coordinates":[[[2.515,50.908],[2.532,50.918],[2.576,50.92],[2.59,50.919],[2.605,50.907],[2.57,50.898],[2.52,50.905],[2.515,50.908]]]}},{"type":"Feature","properties":{"code":"59047","nom":"Banteux","pop":339},"geometry":{"type":"Polygon","coordinates":[[[3.178,50.051],[3.177,50.053],[3.168,50.072],[3.184,50.08],[3.207,50.071],[3.202,50.058],[3.178,50.051]]]}},{"type":"Feature","properties":{"code":"59048","nom":"Bantigny","pop":494},"geometry":{"type":"Polygon","coordinates":[[[3.217,50.228],[3.233,50.241],[3.249,50.243],[3.255,50.235],[3.251,50.233],[3.22,50.223],[3.217,50.228]]]}},{"type":"Feature","properties":{"code":"59049","nom":"Bantouzelle","pop":441},"geometry":{"type":"Polygon","coordinates":[[[3.25,50.056],[3.25,50.056],[3.245,50.04],[3.202,50.058],[3.207,50.071],[3.25,50.056]]]}},{"type":"Feature","properties":{"code":"59050","nom":"Bas-Lieu","pop":348},"geometry":{"type":"Polygon","coordinates":[[[3.942,50.128],[3.932,50.132],[3.932,50.154],[3.955,50.156],[3.973,50.157],[3.977,50.144],[3.946,50.127],[3.942,50.128]]]}},{"type":"Feature","properties":{"code":"59051","nom":"La Bassée","pop":6650},"geometry":{"type":"Polygon","coordinates":[[[2.804,50.527],[2.799,50.529],[2.794,50.549],[2.813,50.55],[2.821,50.544],[2.812,50.529],[2.804,50.527]]]}},{"type":"Feature","properties":{"code":"59052","nom":"Bauvin","pop":5249},"geometry":{"type":"Polygon","coordinates":[[[2.898,50.534],[2.895,50.532],[2.905,50.504],[2.882,50.508],[2.887,50.533],[2.898,50.534]]]}},{"type":"Feature","properties":{"code":"59053","nom":"Bavay","pop":3249},"geometry":{"type":"Polygon","coordinates":[[[3.769,50.294],[3.78,50.302],[3.809,50.307],[3.842,50.3],[3.833,50.285],[3.814,50.278],[3.787,50.284],[3.768,50.28],[3.769,50.294]]]}},{"type":"Feature","properties":{"code":"59054","nom":"Bavinchove","pop":1045},"geometry":{"type":"Polygon","coordinates":[[[2.404,50.772],[2.425,50.773],[2.455,50.802],[2.467,50.8],[2.455,50.784],[2.475,50.757],[2.475,50.756],[2.435,50.771],[2.417,50.756],[2.411,50.767],[2.404,50.772]]]}},{"type":"Feature","properties":{"code":"59055","nom":"Bazuel","pop":551},"geometry":{"type":"Polygon","coordinates":[[[3.576,50.074],[3.579,50.102],[3.602,50.102],[3.624,50.082],[3.609,50.059],[3.576,50.074]]]}},{"type":"Feature","properties":{"code":"59056","nom":"Beaucamps-Ligny","pop":845},"geometry":{"type":"Polygon","coordinates":[[[2.931,50.596],[2.92,50.59],[2.892,50.611],[2.891,50.616],[2.92,50.618],[2.923,50.618],[2.938,50.604],[2.936,50.6],[2.931,50.596]]]}},{"type":"Feature","properties":{"code":"59057","nom":"Beaudignies","pop":574},"geometry":{"type":"Polygon","coordinates":[[[3.56,50.206],[3.557,50.207],[3.57,50.226],[3.578,50.249],[3.586,50.249],[3.619,50.238],[3.603,50.219],[3.574,50.212],[3.56,50.206]]]}},{"type":"Feature","properties":{"code":"59058","nom":"Beaufort","pop":995},"geometry":{"type":"Polygon","coordinates":[[[3.956,50.244],[3.961,50.246],[3.988,50.223],[3.993,50.217],[3.983,50.193],[3.961,50.199],[3.939,50.214],[3.947,50.233],[3.956,50.244]]]}},{"type":"Feature","properties":{"code":"59059","nom":"Beaumont-en-Cambrésis","pop":458},"geometry":{"type":"Polygon","coordinates":[[[3.443,50.144],[3.465,50.131],[3.457,50.112],[3.451,50.108],[3.444,50.132],[3.443,50.144]]]}},{"type":"Feature","properties":{"code":"59060","nom":"Beaurain","pop":234},"geometry":{"type":"Polygon","coordinates":[[[3.544,50.182],[3.553,50.184],[3.559,50.171],[3.544,50.182]]]}},{"type":"Feature","properties":{"code":"59061","nom":"Beaurepaire-sur-Sambre","pop":272},"geometry":{"type":"Polygon","coordinates":[[[3.816,50.039],[3.816,50.039],[3.777,50.046],[3.775,50.049],[3.776,50.072],[3.802,50.083],[3.809,50.076],[3.798,50.059],[3.816,50.039]]]}},{"type":"Feature","properties":{"code":"59062","nom":"Beaurieux","pop":169},"geometry":{"type":"Polygon","coordinates":[[[4.109,50.176],[4.132,50.189],[4.157,50.193],[4.155,50.167],[4.109,50.176]]]}},{"type":"Feature","properties":{"code":"59063","nom":"Beauvois-en-Cambrésis","pop":1933},"geometry":{"type":"Polygon","coordinates":[[[3.402,50.14],[3.409,50.139],[3.396,50.13],[3.359,50.146],[3.364,50.147],[3.378,50.152],[3.402,50.14]]]}},{"type":"Feature","properties":{"code":"59064","nom":"Bellaing","pop":1301},"geometry":{"type":"Polygon","coordinates":[[[3.422,50.354],[3.409,50.369],[3.43,50.378],[3.442,50.363],[3.422,50.354]]]}},{"type":"Feature","properties":{"code":"59065","nom":"Bellignies","pop":810},"geometry":{"type":"Polygon","coordinates":[[[3.765,50.34],[3.778,50.327],[3.763,50.305],[3.751,50.316],[3.747,50.334],[3.765,50.34]]]}},{"type":"Feature","properties":{"code":"59066","nom":"Bérelles","pop":163},"geometry":{"type":"Polygon","coordinates":[[[4.123,50.22],[4.127,50.213],[4.123,50.195],[4.116,50.201],[4.091,50.207],[4.082,50.22],[4.123,50.22]]]}},{"type":"Feature","properties":{"code":"59067","nom":"Bergues","pop":3525},"geometry":{"type":"Polygon","coordinates":[[[2.434,50.964],[2.432,50.964],[2.431,50.963],[2.424,50.974],[2.436,50.974],[2.434,50.964]]]}},{"type":"Feature","properties":{"code":"59068","nom":"Berlaimont","pop":3159},"geometry":{"type":"Polygon","coordinates":[[[3.782,50.185],[3.764,50.217],[3.81,50.226],[3.811,50.224],[3.826,50.209],[3.816,50.188],[3.814,50.187],[3.782,50.185]]]}},{"type":"Feature","properties":{"code":"59069","nom":"Bermerain","pop":778},"geometry":{"type":"Polygon","coordinates":[[[3.559,50.265],[3.56,50.252],[3.535,50.24],[3.53,50.234],[3.517,50.254],[3.534,50.276],[3.559,50.265]]]}},{"type":"Feature","properties":{"code":"59070","nom":"Bermeries","pop":0},"geometry":{"type":"Polygon","coordinates":[[[3.726,50.288],[3.725,50.29],[3.769,50.294],[3.768,50.28],[3.753,50.27],[3.753,50.269],[3.726,50.288]]]}},{"type":"Feature","properties":{"code":"59071","nom":"Bersée","pop":2318},"geometry":{"type":"Polygon","coordinates":[[[3.167,50.459],[3.133,50.467],[3.132,50.498],[3.142,50.503],[3.174,50.486],[3.175,50.471],[3.167,50.459]]]}},{"type":"Feature","properties":{"code":"59072","nom":"Bersillies","pop":237},"geometry":{"type":"Polygon","coordinates":[[[4.009,50.325],[4.009,50.319],[3.998,50.312],[3.976,50.328],[3.989,50.334],[4.009,50.325]]]}},{"type":"Feature","properties":{"code":"59073","nom":"Berthen","pop":627},"geometry":{"type":"Polygon","coordinates":[[[2.672,50.79],[2.706,50.78],[2.697,50.766],[2.665,50.782],[2.672,50.79]]]}},{"type":"Feature","properties":{"code":"59074","nom":"Bertry","pop":2140},"geometry":{"type":"Polygon","coordinates":[[[3.43,50.1],[3.446,50.103],[3.461,50.087],[3.459,50.08],[3.44,50.062],[3.423,50.066],[3.423,50.071],[3.43,50.1]]]}},{"type":"Feature","properties":{"code":"59075","nom":"Béthencourt","pop":689},"geometry":{"type":"Polygon","coordinates":[[[3.402,50.14],[3.404,50.151],[3.434,50.153],[3.443,50.144],[3.444,50.132],[3.409,50.139],[3.402,50.14]]]}},{"type":"Feature","properties":{"code":"59076","nom":"Bettignies","pop":343},"geometry":{"type":"Polygon","coordinates":[[[3.976,50.328],[3.947,50.323],[3.967,50.341],[3.986,50.342],[3.989,50.334],[3.976,50.328]]]}},{"type":"Feature","properties":{"code":"59077","nom":"Bettrechies","pop":253},"geometry":{"type":"Polygon","coordinates":[[[3.737,50.31],[3.732,50.312],[3.734,50.332],[3.747,50.334],[3.751,50.316],[3.737,50.31]]]}},{"type":"Feature","properties":{"code":"59078","nom":"Beugnies","pop":599},"geometry":{"type":"Polygon","coordinates":[[[3.986,50.171],[3.985,50.172],[3.986,50.191],[3.99,50.191],[4.015,50.17],[4.017,50.156],[3.99,50.143],[3.977,50.144],[3.973,50.157],[3.986,50.171]]]}},{"type":"Feature","properties":{"code":"59079","nom":"Beuvrages","pop":6796},"geometry":{"type":"Polygon","coordinates":[[[3.511,50.395],[3.518,50.389],[3.499,50.382],[3.511,50.395]]]}},{"type":"Feature","properties":{"code":"59080","nom":"Beuvry-la-Forêt","pop":2861},"geometry":{"type":"Polygon","coordinates":[[[3.27,50.464],[3.31,50.457],[3.32,50.445],[3.307,50.434],[3.257,50.437],[3.245,50.451],[3.27,50.464]]]}},{"type":"Feature","properties":{"code":"59081","nom":"Bévillers","pop":529},"geometry":{"type":"Polygon","coordinates":[[[3.404,50.151],[3.402,50.14],[3.378,50.152],[3.392,50.177],[3.401,50.168],[3.404,50.151]]]}},{"type":"Feature","properties":{"code":"59082","nom":"Bierne","pop":1716},"geometry":{"type":"Polygon","coordinates":[[[2.384,50.97],[2.376,50.982],[2.392,50.998],[2.424,50.974],[2.431,50.963],[2.401,50.946],[2.384,50.97]]]}},{"type":"Feature","properties":{"code":"59083","nom":"Bissezeele","pop":239},"geometry":{"type":"Polygon","coordinates":[[[2.419,50.911],[2.411,50.899],[2.394,50.913],[2.407,50.927],[2.419,50.911]]]}},{"type":"Feature","properties":{"code":"59084","nom":"Blaringhem","pop":2008},"geometry":{"type":"Polygon","coordinates":[[[2.464,50.701],[2.463,50.697],[2.462,50.688],[2.415,50.669],[2.371,50.677],[2.364,50.685],[2.366,50.709],[2.398,50.708],[2.427,50.701],[2.464,50.701]]]}},{"type":"Feature","properties":{"code":"59085","nom":"Blécourt","pop":313},"geometry":{"type":"Polygon","coordinates":[[[3.23,50.21],[3.227,50.207],[3.203,50.21],[3.2,50.227],[3.217,50.228],[3.22,50.223],[3.23,50.21]]]}},{"type":"Feature","properties":{"code":"59086","nom":"Boeschepe","pop":2244},"geometry":{"type":"Polygon","coordinates":[[[2.706,50.78],[2.672,50.79],[2.662,50.816],[2.718,50.813],[2.738,50.781],[2.706,50.78]]]}},{"type":"Feature","properties":{"code":"59087","nom":"Boëseghem","pop":766},"geometry":{"type":"Polygon","coordinates":[[[2.415,50.669],[2.462,50.688],[2.458,50.668],[2.451,50.653],[2.416,50.666],[2.415,50.669]]]}},{"type":"Feature","properties":{"code":"59088","nom":"Bois-Grenier","pop":1775},"geometry":{"type":"Polygon","coordinates":[[[2.896,50.65],[2.892,50.644],[2.875,50.634],[2.87,50.631],[2.845,50.652],[2.866,50.661],[2.896,50.65]]]}},{"type":"Feature","properties":{"code":"59089","nom":"Bollezeele","pop":1445},"geometry":{"type":"Polygon","coordinates":[[[2.384,50.852],[2.332,50.84],[2.312,50.857],[2.298,50.88],[2.355,50.884],[2.392,50.856],[2.384,50.852]]]}},{"type":"Feature","properties":{"code":"59090","nom":"Bondues","pop":9747},"geometry":{"type":"Polygon","coordinates":[[[3.084,50.682],[3.074,50.688],[3.066,50.72],[3.102,50.724],[3.119,50.726],[3.133,50.715],[3.121,50.708],[3.084,50.682]]]}},{"type":"Feature","properties":{"code":"59091","nom":"Borre","pop":553},"geometry":{"type":"Polygon","coordinates":[[[2.597,50.745],[2.594,50.719],[2.575,50.716],[2.565,50.738],[2.584,50.747],[2.597,50.745]]]}},{"type":"Feature","properties":{"code":"59092","nom":"Bouchain","pop":4113},"geometry":{"type":"Polygon","coordinates":[[[3.295,50.28],[3.286,50.297],[3.33,50.302],[3.347,50.307],[3.35,50.302],[3.332,50.278],[3.324,50.274],[3.305,50.254],[3.289,50.25],[3.283,50.252],[3.295,50.28]]]}},{"type":"Feature","properties":{"code":"59093","nom":"Boulogne-sur-Helpe","pop":291},"geometry":{"type":"Polygon","coordinates":[[[3.912,50.088],[3.898,50.055],[3.874,50.066],[3.88,50.098],[3.912,50.088]]]}},{"type":"Feature","properties":{"code":"59094","nom":"Bourbourg","pop":6931},"geometry":{"type":"Polygon","coordinates":[[[2.265,50.955],[2.258,50.938],[2.241,50.916],[2.197,50.913],[2.166,50.912],[2.151,50.933],[2.142,50.948],[2.184,50.973],[2.238,50.966],[2.265,50.955]]]}},{"type":"Feature","properties":{"code":"59096","nom":"Bourghelles","pop":1682},"geometry":{"type":"Polygon","coordinates":[[[3.254,50.542],[3.236,50.548],[3.233,50.585],[3.257,50.58],[3.263,50.561],[3.254,50.542]]]}},{"type":"Feature","properties":{"code":"59097","nom":"Boursies","pop":360},"geometry":{"type":"Polygon","coordinates":[[[3.067,50.129],[3.037,50.131],[3.027,50.151],[3.041,50.16],[3.068,50.147],[3.073,50.131],[3.067,50.129]]]}},{"type":"Feature","properties":{"code":"59098","nom":"Bousbecque","pop":4978},"geometry":{"type":"Polygon","coordinates":[[[3.1,50.762],[3.087,50.755],[3.063,50.749],[3.059,50.781],[3.09,50.774],[3.1,50.762]]]}},{"type":"Feature","properties":{"code":"59099","nom":"Bousies","pop":1769},"geometry":{"type":"Polygon","coordinates":[[[3.611,50.169],[3.627,50.166],[3.639,50.153],[3.612,50.131],[3.594,50.139],[3.602,50.163],[3.611,50.169]]]}},{"type":"Feature","properties":{"code":"59100","nom":"Bousignies","pop":339},"geometry":{"type":"Polygon","coordinates":[[[3.363,50.437],[3.351,50.421],[3.34,50.425],[3.356,50.44],[3.363,50.437]]]}},{"type":"Feature","properties":{"code":"59101","nom":"Bousignies-sur-Roc","pop":369},"geometry":{"type":"Polygon","coordinates":[[[4.199,50.24],[4.164,50.257],[4.15,50.274],[4.203,50.275],[4.221,50.259],[4.199,50.24]]]}},{"type":"Feature","properties":{"code":"59102","nom":"Boussières-en-Cambrésis","pop":436},"geometry":{"type":"Polygon","coordinates":[[[3.39,50.179],[3.392,50.177],[3.378,50.152],[3.364,50.147],[3.362,50.173],[3.39,50.179]]]}},{"type":"Feature","properties":{"code":"59103","nom":"Boussières-sur-Sambre","pop":522},"geometry":{"type":"Polygon","coordinates":[[[3.884,50.239],[3.887,50.229],[3.87,50.247],[3.885,50.256],[3.884,50.239]]]}},{"type":"Feature","properties":{"code":"59104","nom":"Boussois","pop":3123},"geometry":{"type":"Polygon","coordinates":[[[4.066,50.286],[4.032,50.281],[4.025,50.296],[4.04,50.304],[4.061,50.308],[4.066,50.286]]]}},{"type":"Feature","properties":{"code":"59105","nom":"Bouvignies","pop":1580},"geometry":{"type":"Polygon","coordinates":[[[3.214,50.426],[3.227,50.452],[3.245,50.451],[3.257,50.437],[3.254,50.421],[3.22,50.414],[3.214,50.426]]]}},{"type":"Feature","properties":{"code":"59106","nom":"Bouvines","pop":766},"geometry":{"type":"Polygon","coordinates":[[[3.193,50.593],[3.211,50.587],[3.185,50.573],[3.193,50.593]]]}},{"type":"Feature","properties":{"code":"59107","nom":"Bray-Dunes","pop":4189},"geometry":{"type":"Polygon","coordinates":[[[2.503,51.06],[2.494,51.074],[2.546,51.089],[2.559,51.07],[2.503,51.06]]]}},{"type":"Feature","properties":{"code":"59108","nom":"Briastre","pop":689},"geometry":{"type":"Polygon","coordinates":[[[3.481,50.133],[3.473,50.133],[3.469,50.169],[3.514,50.154],[3.481,50.133]]]}},{"type":"Feature","properties":{"code":"59109","nom":"Brillon","pop":771},"geometry":{"type":"Polygon","coordinates":[[[3.34,50.425],[3.322,50.437],[3.349,50.441],[3.356,50.44],[3.34,50.425]]]}},{"type":"Feature","properties":{"code":"59110","nom":"Brouckerque","pop":1452},"geometry":{"type":"Polygon","coordinates":[[[2.258,50.938],[2.265,50.955],[2.27,50.959],[2.284,50.976],[2.319,50.955],[2.294,50.932],[2.258,50.938]]]}},{"type":"Feature","properties":{"code":"59111","nom":"Broxeele","pop":425},"geometry":{"type":"Polygon","coordinates":[[[2.328,50.817],[2.316,50.818],[2.304,50.832],[2.332,50.84],[2.328,50.817]]]}},{"type":"Feature","properties":{"code":"59112","nom":"Bruay-sur-l'Escaut","pop":11644},"geometry":{"type":"Polygon","coordinates":[[[3.518,50.389],[3.511,50.395],[3.549,50.414],[3.564,50.405],[3.545,50.38],[3.532,50.384],[3.518,50.389]]]}},{"type":"Feature","properties":{"code":"59113","nom":"Bruille-lez-Marchiennes","pop":1340},"geometry":{"type":"Polygon","coordinates":[[[3.244,50.341],[3.233,50.349],[3.222,50.362],[3.24,50.368],[3.247,50.368],[3.257,50.345],[3.244,50.341]]]}},{"type":"Feature","properties":{"code":"59114","nom":"Bruille-Saint-Amand","pop":1698},"geometry":{"type":"Polygon","coordinates":[[[3.509,50.45],[3.496,50.459],[3.478,50.472],[3.493,50.486],[3.498,50.485],[3.536,50.462],[3.523,50.442],[3.521,50.441],[3.509,50.45]]]}},{"type":"Feature","properties":{"code":"59115","nom":"Brunémont","pop":704},"geometry":{"type":"Polygon","coordinates":[[[3.138,50.265],[3.132,50.266],[3.145,50.283],[3.159,50.276],[3.138,50.265]]]}},{"type":"Feature","properties":{"code":"59116","nom":"Bry","pop":390},"geometry":{"type":"Polygon","coordinates":[[[3.69,50.309],[3.667,50.317],[3.685,50.327],[3.708,50.305],[3.69,50.309]]]}},{"type":"Feature","properties":{"code":"59117","nom":"Bugnicourt","pop":1095},"geometry":{"type":"Polygon","coordinates":[[[3.159,50.276],[3.145,50.283],[3.132,50.3],[3.141,50.303],[3.154,50.304],[3.177,50.289],[3.166,50.276],[3.159,50.276]]]}},{"type":"Feature","properties":{"code":"59118","nom":"Busigny","pop":2435},"geometry":{"type":"Polygon","coordinates":[[[3.443,50.061],[3.45,50.064],[3.483,50.057],[3.507,50.036],[3.507,50.034],[3.49,50.019],[3.428,50.022],[3.428,50.025],[3.443,50.061]]]}},{"type":"Feature","properties":{"code":"59119","nom":"Buysscheure","pop":582},"geometry":{"type":"Polygon","coordinates":[[[2.317,50.793],[2.317,50.8],[2.316,50.818],[2.328,50.817],[2.357,50.815],[2.36,50.802],[2.317,50.793]]]}},{"type":"Feature","properties":{"code":"59120","nom":"Caëstre","pop":1951},"geometry":{"type":"Polygon","coordinates":[[[2.576,50.769],[2.622,50.77],[2.641,50.759],[2.62,50.741],[2.597,50.745],[2.584,50.747],[2.574,50.76],[2.563,50.765],[2.576,50.769]]]}},{"type":"Feature","properties":{"code":"59121","nom":"Cagnoncles","pop":663},"geometry":{"type":"Polygon","coordinates":[[[3.338,50.192],[3.343,50.186],[3.322,50.17],[3.295,50.184],[3.296,50.195],[3.338,50.192]]]}},{"type":"Feature","properties":{"code":"59122","nom":"Cambrai","pop":31134},"geometry":{"type":"Polygon","coordinates":[[[3.205,50.17],[3.201,50.176],[3.21,50.179],[3.229,50.194],[3.228,50.203],[3.249,50.193],[3.281,50.181],[3.275,50.165],[3.264,50.152],[3.243,50.149],[3.214,50.145],[3.205,50.17]]]}},{"type":"Feature","properties":{"code":"59123","nom":"Camphin-en-Carembault","pop":1737},"geometry":{"type":"Polygon","coordinates":[[[2.994,50.497],[2.965,50.513],[2.976,50.525],[3,50.523],[3.008,50.493],[2.994,50.497]]]}},{"type":"Feature","properties":{"code":"59124","nom":"Camphin-en-Pévèle","pop":2518},"geometry":{"type":"Polygon","coordinates":[[[3.235,50.595],[3.272,50.605],[3.276,50.582],[3.257,50.58],[3.233,50.585],[3.232,50.586],[3.235,50.595]]]}},{"type":"Feature","properties":{"code":"59125","nom":"Cantaing-sur-Escaut","pop":410},"geometry":{"type":"Polygon","coordinates":[[[3.187,50.159],[3.185,50.151],[3.146,50.129],[3.135,50.14],[3.135,50.144],[3.141,50.151],[3.187,50.159]]]}},{"type":"Feature","properties":{"code":"59126","nom":"Cantin","pop":1741},"geometry":{"type":"Polygon","coordinates":[[[3.124,50.325],[3.129,50.326],[3.157,50.317],[3.141,50.303],[3.132,50.3],[3.094,50.291],[3.096,50.301],[3.124,50.325]]]}},{"type":"Feature","properties":{"code":"59127","nom":"Capelle","pop":135},"geometry":{"type":"Polygon","coordinates":[[[3.56,50.252],[3.578,50.249],[3.57,50.226],[3.535,50.24],[3.56,50.252]]]}},{"type":"Feature","properties":{"code":"59128","nom":"Capinghem","pop":2728},"geometry":{"type":"Polygon","coordinates":[[[2.97,50.64],[2.952,50.648],[2.969,50.657],[2.97,50.64]]]}},{"type":"Feature","properties":{"code":"59129","nom":"Cappelle-en-Pévèle","pop":2257},"geometry":{"type":"Polygon","coordinates":[[[3.174,50.486],[3.142,50.503],[3.156,50.515],[3.189,50.518],[3.201,50.505],[3.191,50.496],[3.174,50.486]]]}},{"type":"Feature","properties":{"code":"59130","nom":"Cappelle-Brouck","pop":1169},"geometry":{"type":"Polygon","coordinates":[[[2.22,50.855],[2.22,50.855],[2.201,50.873],[2.209,50.894],[2.197,50.913],[2.241,50.916],[2.251,50.895],[2.241,50.881],[2.22,50.855]]]}},{"type":"Feature","properties":{"code":"59131","nom":"Cappelle-la-Grande","pop":7839},"geometry":{"type":"Polygon","coordinates":[[[2.392,50.998],[2.376,50.982],[2.351,51.001],[2.368,51.011],[2.384,51.002],[2.392,50.998]]]}},{"type":"Feature","properties":{"code":"59132","nom":"Carnières","pop":983},"geometry":{"type":"Polygon","coordinates":[[[3.352,50.142],[3.342,50.147],[3.322,50.163],[3.322,50.17],[3.343,50.186],[3.346,50.186],[3.362,50.173],[3.364,50.147],[3.359,50.146],[3.352,50.142]]]}},{"type":"Feature","properties":{"code":"59133","nom":"Carnin","pop":1105},"geometry":{"type":"Polygon","coordinates":[[[2.946,50.53],[2.963,50.528],[2.976,50.525],[2.965,50.513],[2.951,50.512],[2.946,50.53]]]}},{"type":"Feature","properties":{"code":"59134","nom":"Cartignies","pop":1209},"geometry":{"type":"Polygon","coordinates":[[[3.874,50.066],[3.838,50.048],[3.816,50.039],[3.798,50.059],[3.809,50.076],[3.841,50.108],[3.87,50.109],[3.875,50.102],[3.88,50.098],[3.874,50.066]]]}},{"type":"Feature","properties":{"code":"59135","nom":"Cassel","pop":2198},"geometry":{"type":"Polygon","coordinates":[[[2.464,50.81],[2.51,50.821],[2.517,50.823],[2.537,50.806],[2.518,50.797],[2.498,50.767],[2.475,50.759],[2.482,50.792],[2.467,50.8],[2.455,50.802],[2.457,50.806],[2.464,50.81]]]}},{"type":"Feature","properties":{"code":"59136","nom":"Le Cateau-Cambrésis","pop":6764},"geometry":{"type":"Polygon","coordinates":[[[3.561,50.121],[3.579,50.102],[3.576,50.074],[3.568,50.053],[3.556,50.054],[3.542,50.07],[3.508,50.073],[3.492,50.081],[3.491,50.095],[3.498,50.114],[3.505,50.12],[3.554,50.121],[3.561,50.121]]]}},{"type":"Feature","properties":{"code":"59137","nom":"Catillon-sur-Sambre","pop":781},"geometry":{"type":"Polygon","coordinates":[[[3.609,50.058],[3.609,50.059],[3.624,50.082],[3.669,50.099],[3.654,50.076],[3.673,50.056],[3.658,50.049],[3.609,50.058]]]}},{"type":"Feature","properties":{"code":"59138","nom":"Cattenières","pop":689},"geometry":{"type":"Polygon","coordinates":[[[3.342,50.147],[3.352,50.142],[3.341,50.117],[3.334,50.119],[3.319,50.139],[3.342,50.147]]]}},{"type":"Feature","properties":{"code":"59139","nom":"Caudry","pop":13833},"geometry":{"type":"Polygon","coordinates":[[[3.446,50.103],[3.43,50.1],[3.403,50.101],[3.384,50.116],[3.396,50.13],[3.409,50.139],[3.444,50.132],[3.451,50.108],[3.446,50.103]]]}},{"type":"Feature","properties":{"code":"59140","nom":"Caullery","pop":467},"geometry":{"type":"Polygon","coordinates":[[[3.37,50.071],[3.364,50.093],[3.387,50.086],[3.37,50.071]]]}},{"type":"Feature","properties":{"code":"59141","nom":"Cauroir","pop":579},"geometry":{"type":"Polygon","coordinates":[[[3.322,50.163],[3.305,50.159],[3.275,50.165],[3.281,50.181],[3.295,50.184],[3.322,50.17],[3.322,50.163]]]}},{"type":"Feature","properties":{"code":"59142","nom":"Cerfontaine","pop":646},"geometry":{"type":"Polygon","coordinates":[[[4.026,50.271],[4.036,50.265],[4.04,50.251],[4.017,50.253],[4.011,50.264],[4.026,50.271]]]}},{"type":"Feature","properties":{"code":"59143","nom":"La Chapelle-d'Armentières","pop":8754},"geometry":{"type":"Polygon","coordinates":[[[2.926,50.664],[2.929,50.659],[2.896,50.65],[2.866,50.661],[2.871,50.681],[2.897,50.681],[2.926,50.664]]]}},{"type":"Feature","properties":{"code":"59144","nom":"Château-l'Abbaye","pop":917},"geometry":{"type":"Polygon","coordinates":[[[3.493,50.486],[3.478,50.472],[3.464,50.478],[3.452,50.491],[3.467,50.498],[3.493,50.486]]]}},{"type":"Feature","properties":{"code":"59145","nom":"Chemy","pop":766},"geometry":{"type":"Polygon","coordinates":[[[2.976,50.525],[3.008,50.542],[3.014,50.532],[3,50.523],[2.976,50.525]]]}},{"type":"Feature","properties":{"code":"59146","nom":"Chéreng","pop":3078},"geometry":{"type":"Polygon","coordinates":[[[3.222,50.598],[3.202,50.602],[3.196,50.612],[3.204,50.624],[3.204,50.623],[3.222,50.598]]]}},{"type":"Feature","properties":{"code":"59147","nom":"Choisies","pop":43},"geometry":{"type":"Polygon","coordinates":[[[4.058,50.208],[4.031,50.205],[4.061,50.218],[4.064,50.214],[4.058,50.208]]]}},{"type":"Feature","properties":{"code":"59148","nom":"Clairfayts","pop":357},"geometry":{"type":"Polygon","coordinates":[[[4.122,50.13],[4.121,50.13],[4.106,50.149],[4.109,50.176],[4.155,50.167],[4.127,50.136],[4.122,50.13]]]}},{"type":"Feature","properties":{"code":"59149","nom":"Clary","pop":1088},"geometry":{"type":"Polygon","coordinates":[[[3.369,50.064],[3.37,50.071],[3.387,50.086],[3.393,50.087],[3.423,50.071],[3.423,50.066],[3.395,50.051],[3.369,50.064]]]}},{"type":"Feature","properties":{"code":"59150","nom":"Cobrieux","pop":563},"geometry":{"type":"Polygon","coordinates":[[[3.26,50.529],[3.253,50.529],[3.22,50.545],[3.236,50.548],[3.254,50.542],[3.26,50.529]]]}},{"type":"Feature","properties":{"code":"59151","nom":"Colleret","pop":1541},"geometry":{"type":"Polygon","coordinates":[[[4.076,50.272],[4.088,50.275],[4.124,50.273],[4.135,50.26],[4.122,50.248],[4.077,50.248],[4.052,50.239],[4.04,50.251],[4.036,50.265],[4.076,50.272]]]}},{"type":"Feature","properties":{"code":"59152","nom":"Comines","pop":12731},"geometry":{"type":"Polygon","coordinates":[[[3.036,50.77],[3.047,50.74],[3.035,50.732],[3.008,50.729],[2.991,50.737],[2.983,50.757],[3.036,50.77]]]}},{"type":"Feature","properties":{"code":"59153","nom":"Condé-sur-l'Escaut","pop":9253},"geometry":{"type":"Polygon","coordinates":[[[3.585,50.491],[3.608,50.497],[3.643,50.463],[3.628,50.456],[3.615,50.436],[3.609,50.435],[3.583,50.445],[3.585,50.491]]]}},{"type":"Feature","properties":{"code":"59155","nom":"Coudekerque-Branche","pop":20787},"geometry":{"type":"Polygon","coordinates":[[[2.406,51.035],[2.416,51.015],[2.384,51.002],[2.368,51.011],[2.406,51.035]]]}},{"type":"Feature","properties":{"code":"59156","nom":"Courchelettes","pop":2855},"geometry":{"type":"Polygon","coordinates":[[[3.061,50.333],[3.047,50.346],[3.072,50.341],[3.061,50.333]]]}},{"type":"Feature","properties":{"code":"59157","nom":"Cousolre","pop":2153},"geometry":{"type":"Polygon","coordinates":[[[4.127,50.213],[4.123,50.22],[4.122,50.248],[4.135,50.26],[4.164,50.257],[4.199,50.24],[4.173,50.217],[4.15,50.214],[4.127,50.213]]]}},{"type":"Feature","properties":{"code":"59158","nom":"Coutiches","pop":3436},"geometry":{"type":"Polygon","coordinates":[[[3.227,50.452],[3.214,50.426],[3.174,50.442],[3.153,50.436],[3.167,50.459],[3.175,50.471],[3.21,50.472],[3.227,50.452]]]}},{"type":"Feature","properties":{"code":"59159","nom":"Craywick","pop":791},"geometry":{"type":"Polygon","coordinates":[[[2.184,50.973],[2.178,50.985],[2.241,50.978],[2.27,50.959],[2.265,50.955],[2.238,50.966],[2.184,50.973]]]}},{"type":"Feature","properties":{"code":"59160","nom":"Crespin","pop":4532},"geometry":{"type":"Polygon","coordinates":[[[3.649,50.402],[3.631,50.437],[3.642,50.441],[3.67,50.437],[3.674,50.41],[3.649,50.402]]]}},{"type":"Feature","properties":{"code":"59161","nom":"Crèvecœur-sur-l'Escaut","pop":716},"geometry":{"type":"Polygon","coordinates":[[[3.309,50.059],[3.306,50.053],[3.3,50.045],[3.27,50.029],[3.264,50.031],[3.25,50.056],[3.25,50.056],[3.258,50.092],[3.231,50.107],[3.235,50.112],[3.245,50.134],[3.25,50.131],[3.259,50.114],[3.263,50.084],[3.289,50.069],[3.309,50.059]]]}},{"type":"Feature","properties":{"code":"59162","nom":"Crochte","pop":659},"geometry":{"type":"Polygon","coordinates":[[[2.388,50.909],[2.369,50.933],[2.402,50.945],[2.42,50.915],[2.419,50.911],[2.407,50.927],[2.394,50.913],[2.411,50.899],[2.4,50.894],[2.388,50.909]]]}},{"type":"Feature","properties":{"code":"59163","nom":"Croix","pop":20566},"geometry":{"type":"Polygon","coordinates":[[[3.15,50.693],[3.154,50.693],[3.173,50.671],[3.162,50.657],[3.138,50.673],[3.15,50.693]]]}},{"type":"Feature","properties":{"code":"59164","nom":"Croix-Caluyau","pop":238},"geometry":{"type":"Polygon","coordinates":[[[3.594,50.139],[3.578,50.16],[3.602,50.163],[3.594,50.139]]]}},{"type":"Feature","properties":{"code":"59165","nom":"Cuincy","pop":6467},"geometry":{"type":"Polygon","coordinates":[[[3.006,50.361],[3.003,50.371],[3.032,50.384],[3.055,50.391],[3.055,50.369],[3.014,50.36],[3.006,50.361]]]}},{"type":"Feature","properties":{"code":"59166","nom":"Curgies","pop":1333},"geometry":{"type":"Polygon","coordinates":[[[3.607,50.31],[3.602,50.312],[3.586,50.321],[3.609,50.34],[3.615,50.339],[3.63,50.326],[3.607,50.31]]]}},{"type":"Feature","properties":{"code":"59167","nom":"Cuvillers","pop":177},"geometry":{"type":"Polygon","coordinates":[[[3.25,50.22],[3.23,50.21],[3.22,50.223],[3.251,50.233],[3.257,50.227],[3.25,50.22]]]}},{"type":"Feature","properties":{"code":"59168","nom":"Cysoing","pop":4839},"geometry":{"type":"Polygon","coordinates":[[[3.178,50.562],[3.18,50.567],[3.185,50.573],[3.211,50.587],[3.232,50.586],[3.233,50.585],[3.236,50.548],[3.22,50.545],[3.201,50.541],[3.191,50.547],[3.178,50.562]]]}},{"type":"Feature","properties":{"code":"59169","nom":"Damousies","pop":205},"geometry":{"type":"Polygon","coordinates":[[[4.019,50.23],[4.028,50.204],[4.026,50.203],[3.993,50.217],[3.988,50.223],[4.009,50.234],[4.019,50.23]]]}},{"type":"Feature","properties":{"code":"59170","nom":"Dechy","pop":5338},"geometry":{"type":"Polygon","coordinates":[[[3.129,50.326],[3.124,50.325],[3.105,50.331],[3.098,50.339],[3.121,50.35],[3.152,50.38],[3.159,50.373],[3.158,50.362],[3.135,50.336],[3.129,50.326]]]}},{"type":"Feature","properties":{"code":"59171","nom":"Dehéries","pop":43},"geometry":{"type":"Polygon","coordinates":[[[3.345,50.038],[3.331,50.053],[3.349,50.06],[3.345,50.038]]]}},{"type":"Feature","properties":{"code":"59172","nom":"Denain","pop":20665},"geometry":{"type":"Polygon","coordinates":[[[3.423,50.347],[3.42,50.343],[3.42,50.323],[3.395,50.314],[3.373,50.311],[3.365,50.318],[3.37,50.34],[3.382,50.347],[3.423,50.347]]]}},{"type":"Feature","properties":{"code":"59173","nom":"Deûlémont","pop":1778},"geometry":{"type":"Polygon","coordinates":[[[2.937,50.73],[2.941,50.746],[2.991,50.737],[3.008,50.729],[2.967,50.71],[2.937,50.73]]]}},{"type":"Feature","properties":{"code":"59174","nom":"Dimechaux","pop":327},"geometry":{"type":"Polygon","coordinates":[[[4.031,50.205],[4.058,50.208],[4.066,50.188],[4.054,50.185],[4.027,50.203],[4.026,50.203],[4.028,50.204],[4.031,50.205]]]}},{"type":"Feature","properties":{"code":"59175","nom":"Dimont","pop":289},"geometry":{"type":"Polygon","coordinates":[[[3.99,50.191],[4.027,50.203],[4.054,50.185],[4.044,50.174],[4.015,50.17],[3.99,50.191]]]}},{"type":"Feature","properties":{"code":"59176","nom":"Doignies","pop":325},"geometry":{"type":"Polygon","coordinates":[[[3.02,50.154],[3.027,50.151],[3.037,50.131],[3.011,50.113],[2.994,50.137],[3.004,50.15],[3.02,50.154]]]}},{"type":"Feature","properties":{"code":"59177","nom":"Dompierre-sur-Helpe","pop":815},"geometry":{"type":"Polygon","coordinates":[[[3.874,50.16],[3.887,50.136],[3.878,50.116],[3.854,50.121],[3.837,50.148],[3.822,50.164],[3.821,50.169],[3.836,50.165],[3.874,50.16],[3.874,50.16]]]}},{"type":"Feature","properties":{"code":"59178","nom":"Douai","pop":40250},"geometry":{"type":"Polygon","coordinates":[[[3.149,50.4],[3.144,50.395],[3.126,50.389],[3.094,50.381],[3.099,50.369],[3.095,50.35],[3.055,50.369],[3.055,50.391],[3.058,50.393],[3.104,50.398],[3.122,50.405],[3.142,50.41],[3.149,50.4]]]}},{"type":"Feature","properties":{"code":"59179","nom":"Douchy-les-Mines","pop":10109},"geometry":{"type":"Polygon","coordinates":[[[3.413,50.297],[3.418,50.289],[3.396,50.284],[3.367,50.285],[3.367,50.304],[3.373,50.311],[3.395,50.314],[3.413,50.297]]]}},{"type":"Feature","properties":{"code":"59180","nom":"Le Doulieu","pop":1436},"geometry":{"type":"Polygon","coordinates":[[[2.687,50.666],[2.667,50.678],[2.678,50.695],[2.722,50.69],[2.738,50.676],[2.687,50.666]]]}},{"type":"Feature","properties":{"code":"59181","nom":"Dourlers","pop":536},"geometry":{"type":"Polygon","coordinates":[[[3.932,50.154],[3.933,50.19],[3.951,50.192],[3.985,50.172],[3.986,50.171],[3.955,50.156],[3.932,50.154]]]}},{"type":"Feature","properties":{"code":"59182","nom":"Drincham","pop":281},"geometry":{"type":"Polygon","coordinates":[[[2.337,50.909],[2.314,50.903],[2.311,50.92],[2.337,50.909]]]}},{"type":"Feature","properties":{"code":"59183","nom":"Dunkerque","pop":86263},"geometry":{"type":"MultiPolygon","coordinates":[[[[2.432,51.058],[2.446,51.045],[2.406,51.035],[2.368,51.011],[2.351,51.001],[2.317,50.997],[2.326,51.006],[2.303,51.051],[2.342,51.057],[2.381,51.049],[2.432,51.058]]],[[[2.24,51.039],[2.264,51.045],[2.266,51.005],[2.288,50.98],[2.284,50.976],[2.241,51.019],[2.24,51.039]]]]}},{"type":"Feature","properties":{"code":"59184","nom":"Ebblinghem","pop":660},"geometry":{"type":"Polygon","coordinates":[[[2.449,50.738],[2.405,50.718],[2.394,50.729],[2.417,50.755],[2.449,50.738]]]}},{"type":"Feature","properties":{"code":"59185","nom":"Écaillon","pop":1869},"geometry":{"type":"Polygon","coordinates":[[[3.214,50.364],[3.222,50.362],[3.233,50.349],[3.213,50.33],[3.214,50.364]]]}},{"type":"Feature","properties":{"code":"59186","nom":"Eccles","pop":94},"geometry":{"type":"Polygon","coordinates":[[[4.116,50.201],[4.078,50.188],[4.091,50.207],[4.116,50.201]]]}},{"type":"Feature","properties":{"code":"59187","nom":"Éclaibes","pop":269},"geometry":{"type":"Polygon","coordinates":[[[3.939,50.214],[3.961,50.199],[3.951,50.192],[3.933,50.19],[3.913,50.196],[3.939,50.214]]]}},{"type":"Feature","properties":{"code":"59188","nom":"Écuélin","pop":145},"geometry":{"type":"Polygon","coordinates":[[[3.903,50.198],[3.914,50.194],[3.897,50.181],[3.873,50.19],[3.903,50.198]]]}},{"type":"Feature","properties":{"code":"59189","nom":"Eecke","pop":1213},"geometry":{"type":"Polygon","coordinates":[[[2.622,50.77],[2.576,50.769],[2.571,50.781],[2.589,50.792],[2.617,50.795],[2.624,50.778],[2.622,50.77]]]}},{"type":"Feature","properties":{"code":"59190","nom":"Élesmes","pop":1013},"geometry":{"type":"Polygon","coordinates":[[[4.009,50.295],[3.989,50.301],[3.998,50.312],[4.009,50.319],[4.04,50.304],[4.025,50.296],[4.009,50.295]]]}},{"type":"Feature","properties":{"code":"59191","nom":"Élincourt","pop":606},"geometry":{"type":"Polygon","coordinates":[[[3.369,50.064],[3.395,50.051],[3.398,50.034],[3.393,50.031],[3.35,50.033],[3.345,50.038],[3.349,50.06],[3.369,50.064]]]}},{"type":"Feature","properties":{"code":"59192","nom":"Émerchicourt","pop":804},"geometry":{"type":"Polygon","coordinates":[[[3.23,50.303],[3.234,50.313],[3.243,50.317],[3.274,50.326],[3.281,50.315],[3.268,50.308],[3.247,50.299],[3.23,50.303]]]}},{"type":"Feature","properties":{"code":"59193","nom":"Emmerin","pop":3026},"geometry":{"type":"Polygon","coordinates":[[[3.013,50.582],[2.989,50.582],[3.011,50.602],[3.028,50.592],[3.013,50.582]]]}},{"type":"Feature","properties":{"code":"59194","nom":"Englefontaine","pop":1291},"geometry":{"type":"Polygon","coordinates":[[[3.646,50.206],[3.655,50.2],[3.655,50.185],[3.642,50.181],[3.625,50.206],[3.646,50.206]]]}},{"type":"Feature","properties":{"code":"59195","nom":"Englos","pop":618},"geometry":{"type":"Polygon","coordinates":[[[2.97,50.634],[2.972,50.634],[2.963,50.621],[2.941,50.625],[2.941,50.627],[2.97,50.634]]]}},{"type":"Feature","properties":{"code":"59196","nom":"Ennetières-en-Weppes","pop":1280},"geometry":{"type":"Polygon","coordinates":[[[2.892,50.644],[2.896,50.65],[2.929,50.659],[2.952,50.648],[2.97,50.64],[2.97,50.634],[2.941,50.627],[2.922,50.626],[2.892,50.644]]]}},{"type":"Feature","properties":{"code":"59197","nom":"Ennevelin","pop":2416},"geometry":{"type":"Polygon","coordinates":[[[3.137,50.518],[3.132,50.518],[3.108,50.529],[3.107,50.553],[3.155,50.555],[3.137,50.518]]]}},{"type":"Feature","properties":{"code":"59198","nom":"Eppe-Sauvage","pop":237},"geometry":{"type":"Polygon","coordinates":[[[4.172,50.094],[4.125,50.119],[4.122,50.13],[4.127,50.136],[4.197,50.135],[4.197,50.109],[4.172,50.094]]]}},{"type":"Feature","properties":{"code":"59199","nom":"Erchin","pop":670},"geometry":{"type":"Polygon","coordinates":[[[3.157,50.317],[3.162,50.325],[3.183,50.326],[3.201,50.322],[3.189,50.31],[3.154,50.304],[3.141,50.303],[3.157,50.317]]]}},{"type":"Feature","properties":{"code":"59200","nom":"Eringhem","pop":462},"geometry":{"type":"Polygon","coordinates":[[[2.298,50.88],[2.274,50.889],[2.314,50.903],[2.337,50.909],[2.346,50.897],[2.355,50.884],[2.298,50.88]]]}},{"type":"Feature","properties":{"code":"59201","nom":"Erquinghem-le-Sec","pop":620},"geometry":{"type":"Polygon","coordinates":[[[2.923,50.618],[2.939,50.615],[2.938,50.604],[2.923,50.618]]]}},{"type":"Feature","properties":{"code":"59202","nom":"Erquinghem-Lys","pop":5341},"geometry":{"type":"Polygon","coordinates":[[[2.809,50.669],[2.81,50.671],[2.856,50.686],[2.871,50.681],[2.866,50.661],[2.845,50.652],[2.821,50.661],[2.809,50.669]]]}},{"type":"Feature","properties":{"code":"59203","nom":"Erre","pop":1586},"geometry":{"type":"Polygon","coordinates":[[[3.328,50.348],[3.311,50.344],[3.3,50.344],[3.314,50.367],[3.308,50.391],[3.343,50.39],[3.322,50.387],[3.328,50.348]]]}},{"type":"Feature","properties":{"code":"59204","nom":"Escarmain","pop":479},"geometry":{"type":"Polygon","coordinates":[[[3.557,50.207],[3.551,50.211],[3.528,50.226],[3.53,50.234],[3.535,50.24],[3.57,50.226],[3.557,50.207]]]}},{"type":"Feature","properties":{"code":"59205","nom":"Escaudain","pop":9039},"geometry":{"type":"Polygon","coordinates":[[[3.311,50.344],[3.328,50.348],[3.343,50.35],[3.368,50.344],[3.37,50.34],[3.365,50.318],[3.343,50.315],[3.325,50.326],[3.311,50.344]]]}},{"type":"Feature","properties":{"code":"59206","nom":"Escaudœuvres","pop":3171},"geometry":{"type":"Polygon","coordinates":[[[3.294,50.2],[3.296,50.195],[3.295,50.184],[3.281,50.181],[3.249,50.193],[3.267,50.203],[3.271,50.203],[3.282,50.204],[3.294,50.2]]]}},{"type":"Feature","properties":{"code":"59207","nom":"Escautpont","pop":4202},"geometry":{"type":"Polygon","coordinates":[[[3.521,50.441],[3.523,50.442],[3.558,50.431],[3.58,50.41],[3.565,50.405],[3.564,50.405],[3.549,50.414],[3.521,50.441]]]}},{"type":"Feature","properties":{"code":"59208","nom":"Escobecques","pop":302},"geometry":{"type":"Polygon","coordinates":[[[2.92,50.618],[2.922,50.626],[2.941,50.627],[2.941,50.625],[2.939,50.615],[2.923,50.618],[2.92,50.618]]]}},{"type":"Feature","properties":{"code":"59209","nom":"Esnes","pop":656},"geometry":{"type":"Polygon","coordinates":[[[3.285,50.113],[3.296,50.119],[3.328,50.118],[3.331,50.088],[3.309,50.059],[3.289,50.069],[3.285,50.113]]]}},{"type":"Feature","properties":{"code":"59210","nom":"Esquelbecq","pop":2137},"geometry":{"type":"Polygon","coordinates":[[[2.42,50.915],[2.442,50.911],[2.455,50.879],[2.422,50.865],[2.4,50.894],[2.411,50.899],[2.419,50.911],[2.42,50.915]]]}},{"type":"Feature","properties":{"code":"59211","nom":"Esquerchin","pop":893},"geometry":{"type":"Polygon","coordinates":[[[2.995,50.4],[3.003,50.398],[3.032,50.384],[3.003,50.371],[2.995,50.383],[2.979,50.404],[2.991,50.402],[2.995,50.4]]]}},{"type":"Feature","properties":{"code":"59212","nom":"Estaires","pop":6525},"geometry":{"type":"Polygon","coordinates":[[[2.689,50.655],[2.687,50.666],[2.738,50.676],[2.759,50.652],[2.759,50.651],[2.692,50.641],[2.689,50.655]]]}},{"type":"Feature","properties":{"code":"59213","nom":"Estourmel","pop":475},"geometry":{"type":"Polygon","coordinates":[[[3.319,50.139],[3.305,50.143],[3.305,50.159],[3.322,50.163],[3.342,50.147],[3.319,50.139]]]}},{"type":"Feature","properties":{"code":"59214","nom":"Estrées","pop":1134},"geometry":{"type":"Polygon","coordinates":[[[3.055,50.29],[3.048,50.294],[3.058,50.302],[3.084,50.311],[3.096,50.301],[3.094,50.291],[3.088,50.288],[3.055,50.29]]]}},{"type":"Feature","properties":{"code":"59215","nom":"Estreux","pop":937},"geometry":{"type":"Polygon","coordinates":[[[3.579,50.353],[3.597,50.366],[3.616,50.362],[3.62,50.357],[3.615,50.339],[3.609,50.34],[3.577,50.352],[3.579,50.353]]]}},{"type":"Feature","properties":{"code":"59216","nom":"Eswars","pop":363},"geometry":{"type":"Polygon","coordinates":[[[3.271,50.203],[3.267,50.203],[3.25,50.22],[3.257,50.227],[3.271,50.203]]]}},{"type":"Feature","properties":{"code":"59217","nom":"Eth","pop":328},"geometry":{"type":"Polygon","coordinates":[[[3.667,50.317],[3.652,50.323],[3.673,50.335],[3.685,50.327],[3.667,50.317]]]}},{"type":"Feature","properties":{"code":"59218","nom":"Étrœungt","pop":1233},"geometry":{"type":"Polygon","coordinates":[[[3.898,50.055],[3.912,50.088],[3.93,50.089],[3.955,50.084],[3.977,50.073],[3.987,50.057],[3.982,50.044],[3.95,50.027],[3.948,50.03],[3.94,50.045],[3.904,50.05],[3.898,50.055]]]}},{"type":"Feature","properties":{"code":"59219","nom":"Estrun","pop":725},"geometry":{"type":"Polygon","coordinates":[[[3.305,50.25],[3.305,50.242],[3.28,50.238],[3.289,50.25],[3.305,50.254],[3.305,50.25]]]}},{"type":"Feature","properties":{"code":"59220","nom":"Faches-Thumesnil","pop":18619},"geometry":{"type":"Polygon","coordinates":[[[3.054,50.601],[3.071,50.607],[3.086,50.589],[3.089,50.58],[3.071,50.581],[3.066,50.585],[3.054,50.601]]]}},{"type":"Feature","properties":{"code":"59221","nom":"Famars","pop":2474},"geometry":{"type":"Polygon","coordinates":[[[3.51,50.321],[3.515,50.327],[3.548,50.311],[3.521,50.291],[3.514,50.298],[3.51,50.321]]]}},{"type":"Feature","properties":{"code":"59222","nom":"Faumont","pop":2278},"geometry":{"type":"Polygon","coordinates":[[[3.153,50.436],[3.147,50.437],[3.133,50.436],[3.105,50.452],[3.118,50.466],[3.133,50.467],[3.167,50.459],[3.153,50.436]]]}},{"type":"Feature","properties":{"code":"59223","nom":"Le Favril","pop":506},"geometry":{"type":"Polygon","coordinates":[[[3.71,50.067],[3.696,50.09],[3.724,50.121],[3.751,50.1],[3.715,50.069],[3.71,50.067]]]}},{"type":"Feature","properties":{"code":"59224","nom":"Féchain","pop":1635},"geometry":{"type":"Polygon","coordinates":[[[3.21,50.259],[3.195,50.261],[3.193,50.271],[3.213,50.28],[3.23,50.277],[3.232,50.264],[3.21,50.259]]]}},{"type":"Feature","properties":{"code":"59225","nom":"Feignies","pop":6703},"geometry":{"type":"Polygon","coordinates":[[[3.919,50.317],[3.943,50.299],[3.912,50.269],[3.894,50.264],[3.883,50.272],[3.893,50.291],[3.878,50.316],[3.919,50.317]]]}},{"type":"Feature","properties":{"code":"59226","nom":"Felleries","pop":1433},"geometry":{"type":"Polygon","coordinates":[[[3.988,50.135],[3.99,50.143],[4.017,50.156],[4.082,50.149],[4.106,50.149],[4.121,50.13],[4.094,50.132],[4.059,50.128],[4.016,50.129],[3.988,50.135]]]}},{"type":"Feature","properties":{"code":"59227","nom":"Fenain","pop":5441},"geometry":{"type":"Polygon","coordinates":[[[3.3,50.344],[3.295,50.341],[3.286,50.381],[3.297,50.39],[3.308,50.391],[3.314,50.367],[3.3,50.344]]]}},{"type":"Feature","properties":{"code":"59228","nom":"Férin","pop":1432},"geometry":{"type":"Polygon","coordinates":[[[3.094,50.343],[3.098,50.339],[3.105,50.331],[3.078,50.316],[3.06,50.329],[3.061,50.333],[3.072,50.341],[3.094,50.343]]]}},{"type":"Feature","properties":{"code":"59229","nom":"Féron","pop":514},"geometry":{"type":"Polygon","coordinates":[[[3.982,50.044],[3.987,50.057],[4.024,50.066],[4.039,50.066],[4.051,50.032],[4.027,50.029],[3.989,50.042],[3.982,50.044]]]}},{"type":"Feature","properties":{"code":"59230","nom":"Ferrière-la-Grande","pop":5131},"geometry":{"type":"Polygon","coordinates":[[[4.009,50.234],[3.988,50.223],[3.961,50.246],[3.976,50.259],[4.011,50.264],[4.017,50.253],[4.009,50.234]]]}},{"type":"Feature","properties":{"code":"59231","nom":"Ferrière-la-Petite","pop":1024},"geometry":{"type":"Polygon","coordinates":[[[4.052,50.239],[4.051,50.234],[4.019,50.23],[4.009,50.234],[4.017,50.253],[4.04,50.251],[4.052,50.239]]]}},{"type":"Feature","properties":{"code":"59232","nom":"La Flamengrie","pop":431},"geometry":{"type":"Polygon","coordinates":[[[3.732,50.312],[3.737,50.31],[3.715,50.299],[3.714,50.299],[3.71,50.303],[3.732,50.312]]]}},{"type":"Feature","properties":{"code":"59233","nom":"Flaumont-Waudrechies","pop":342},"geometry":{"type":"Polygon","coordinates":[[[3.975,50.12],[3.946,50.127],[3.977,50.144],[3.99,50.143],[3.988,50.135],[3.975,50.12]]]}},{"type":"Feature","properties":{"code":"59234","nom":"Flers-en-Escrebieux","pop":5424},"geometry":{"type":"Polygon","coordinates":[[[3.003,50.398],[2.995,50.4],[3.03,50.412],[3.092,50.404],[3.104,50.398],[3.058,50.393],[3.003,50.398]]]}},{"type":"Feature","properties":{"code":"59236","nom":"Flesquières","pop":276},"geometry":{"type":"Polygon","coordinates":[[[3.146,50.129],[3.147,50.128],[3.136,50.121],[3.104,50.111],[3.097,50.124],[3.135,50.14],[3.146,50.129]]]}},{"type":"Feature","properties":{"code":"59237","nom":"Flêtre","pop":923},"geometry":{"type":"Polygon","coordinates":[[[2.62,50.741],[2.641,50.759],[2.622,50.77],[2.624,50.778],[2.656,50.78],[2.66,50.756],[2.631,50.73],[2.622,50.739],[2.62,50.741]]]}},{"type":"Feature","properties":{"code":"59238","nom":"Flines-lès-Mortagne","pop":1685},"geometry":{"type":"Polygon","coordinates":[[[3.498,50.485],[3.493,50.486],[3.467,50.498],[3.45,50.508],[3.474,50.534],[3.518,50.525],[3.496,50.499],[3.507,50.489],[3.498,50.485]]]}},{"type":"Feature","properties":{"code":"59239","nom":"Flines-lez-Raches","pop":5745},"geometry":{"type":"Polygon","coordinates":[[[3.147,50.437],[3.153,50.436],[3.174,50.442],[3.214,50.426],[3.22,50.414],[3.19,50.39],[3.165,50.395],[3.15,50.413],[3.147,50.437]]]}},{"type":"Feature","properties":{"code":"59240","nom":"Floursies","pop":131},"geometry":{"type":"Polygon","coordinates":[[[3.961,50.199],[3.983,50.193],[3.986,50.191],[3.985,50.172],[3.951,50.192],[3.961,50.199]]]}},{"type":"Feature","properties":{"code":"59241","nom":"Floyon","pop":505},"geometry":{"type":"Polygon","coordinates":[[[3.838,50.048],[3.874,50.066],[3.898,50.055],[3.904,50.05],[3.923,50.027],[3.887,50.01],[3.878,50.028],[3.838,50.048]]]}},{"type":"Feature","properties":{"code":"59242","nom":"Fontaine-au-Bois","pop":687},"geometry":{"type":"Polygon","coordinates":[[[3.612,50.131],[3.612,50.131],[3.639,50.153],[3.665,50.144],[3.667,50.143],[3.644,50.119],[3.612,50.131]]]}},{"type":"Feature","properties":{"code":"59243","nom":"Fontaine-au-Pire","pop":1214},"geometry":{"type":"Polygon","coordinates":[[[3.384,50.116],[3.356,50.115],[3.341,50.117],[3.352,50.142],[3.359,50.146],[3.396,50.13],[3.384,50.116]]]}},{"type":"Feature","properties":{"code":"59244","nom":"Fontaine-Notre-Dame","pop":1754},"geometry":{"type":"Polygon","coordinates":[[[3.201,50.176],[3.205,50.17],[3.187,50.159],[3.141,50.151],[3.137,50.167],[3.156,50.182],[3.201,50.176]]]}},{"type":"Feature","properties":{"code":"59246","nom":"Forest-en-Cambrésis","pop":549},"geometry":{"type":"Polygon","coordinates":[[[3.612,50.131],[3.612,50.131],[3.607,50.129],[3.561,50.121],[3.554,50.121],[3.548,50.137],[3.546,50.142],[3.564,50.167],[3.578,50.16],[3.594,50.139],[3.612,50.131]]]}},{"type":"Feature","properties":{"code":"59247","nom":"Forest-sur-Marque","pop":1662},"geometry":{"type":"Polygon","coordinates":[[[3.186,50.638],[3.197,50.635],[3.191,50.626],[3.177,50.634],[3.186,50.638]]]}},{"type":"Feature","properties":{"code":"59249","nom":"Fourmies","pop":11449},"geometry":{"type":"Polygon","coordinates":[[[4.08,49.98],[4.032,49.982],[4.022,49.986],[4.027,50.029],[4.051,50.032],[4.082,50.023],[4.098,50.02],[4.08,49.98]]]}},{"type":"Feature","properties":{"code":"59250","nom":"Fournes-en-Weppes","pop":2179},"geometry":{"type":"Polygon","coordinates":[[[2.879,50.603],[2.892,50.611],[2.92,50.59],[2.905,50.58],[2.885,50.576],[2.875,50.58],[2.873,50.595],[2.879,50.603]]]}},{"type":"Feature","properties":{"code":"59251","nom":"Frasnoy","pop":389},"geometry":{"type":"Polygon","coordinates":[[[3.651,50.268],[3.649,50.277],[3.652,50.287],[3.656,50.287],[3.67,50.29],[3.674,50.28],[3.666,50.261],[3.653,50.266],[3.651,50.268]]]}},{"type":"Feature","properties":{"code":"59252","nom":"Frelinghien","pop":2609},"geometry":{"type":"Polygon","coordinates":[[[2.923,50.703],[2.937,50.73],[2.967,50.71],[2.982,50.694],[2.969,50.682],[2.96,50.68],[2.923,50.703]]]}},{"type":"Feature","properties":{"code":"59253","nom":"Fresnes-sur-Escaut","pop":7354},"geometry":{"type":"Polygon","coordinates":[[[3.58,50.41],[3.558,50.431],[3.555,50.453],[3.583,50.445],[3.609,50.435],[3.604,50.425],[3.589,50.41],[3.58,50.41]]]}},{"type":"Feature","properties":{"code":"59254","nom":"Fressain","pop":919},"geometry":{"type":"Polygon","coordinates":[[[3.166,50.276],[3.177,50.289],[3.195,50.298],[3.215,50.29],[3.213,50.28],[3.193,50.271],[3.166,50.276]]]}},{"type":"Feature","properties":{"code":"59255","nom":"Fressies","pop":571},"geometry":{"type":"Polygon","coordinates":[[[3.183,50.259],[3.195,50.261],[3.21,50.259],[3.204,50.247],[3.187,50.235],[3.175,50.241],[3.183,50.259]]]}},{"type":"Feature","properties":{"code":"59256","nom":"Fretin","pop":3214},"geometry":{"type":"Polygon","coordinates":[[[3.166,50.559],[3.155,50.555],[3.107,50.553],[3.096,50.57],[3.095,50.571],[3.133,50.586],[3.163,50.571],[3.166,50.559]]]}},{"type":"Feature","properties":{"code":"59257","nom":"Fromelles","pop":1161},"geometry":{"type":"Polygon","coordinates":[[[2.831,50.62],[2.862,50.628],[2.879,50.603],[2.873,50.595],[2.848,50.593],[2.831,50.62]]]}},{"type":"Feature","properties":{"code":"59258","nom":"Genech","pop":2803},"geometry":{"type":"Polygon","coordinates":[[[3.253,50.529],[3.252,50.524],[3.206,50.516],[3.201,50.541],[3.22,50.545],[3.253,50.529]]]}},{"type":"Feature","properties":{"code":"59259","nom":"Ghissignies","pop":505},"geometry":{"type":"Polygon","coordinates":[[[3.619,50.238],[3.64,50.233],[3.61,50.215],[3.603,50.219],[3.619,50.238]]]}},{"type":"Feature","properties":{"code":"59260","nom":"Ghyvelde","pop":4133},"geometry":{"type":"Polygon","coordinates":[[[2.572,51.013],[2.541,50.998],[2.522,51.01],[2.48,51.036],[2.471,51.054],[2.467,51.067],[2.473,51.069],[2.503,51.06],[2.559,51.07],[2.572,51.013]]]}},{"type":"Feature","properties":{"code":"59261","nom":"Glageon","pop":1699},"geometry":{"type":"Polygon","coordinates":[[[4.051,50.032],[4.039,50.066],[4.067,50.072],[4.089,50.056],[4.082,50.023],[4.051,50.032]]]}},{"type":"Feature","properties":{"code":"59262","nom":"Godewaersvelde","pop":2024},"geometry":{"type":"Polygon","coordinates":[[[2.672,50.79],[2.665,50.782],[2.656,50.78],[2.624,50.778],[2.617,50.795],[2.635,50.813],[2.662,50.816],[2.672,50.79]]]}},{"type":"Feature","properties":{"code":"59263","nom":"Gœulzin","pop":1070},"geometry":{"type":"Polygon","coordinates":[[[3.096,50.301],[3.084,50.311],[3.078,50.316],[3.105,50.331],[3.124,50.325],[3.096,50.301]]]}},{"type":"Feature","properties":{"code":"59264","nom":"Gognies-Chaussée","pop":723},"geometry":{"type":"Polygon","coordinates":[[[3.945,50.3],[3.943,50.299],[3.919,50.317],[3.919,50.332],[3.967,50.341],[3.947,50.323],[3.945,50.3]]]}},{"type":"Feature","properties":{"code":"59265","nom":"Gommegnies","pop":2264},"geometry":{"type":"Polygon","coordinates":[[[3.751,50.268],[3.714,50.242],[3.666,50.261],[3.674,50.28],[3.724,50.282],[3.751,50.268]]]}},{"type":"Feature","properties":{"code":"59266","nom":"Gondecourt","pop":4148},"geometry":{"type":"Polygon","coordinates":[[[2.955,50.561],[2.967,50.57],[2.982,50.562],[3.008,50.542],[2.976,50.525],[2.963,50.528],[2.965,50.538],[2.955,50.561]]]}},{"type":"Feature","properties":{"code":"59267","nom":"Gonnelieu","pop":279},"geometry":{"type":"Polygon","coordinates":[[[3.168,50.072],[3.177,50.053],[3.137,50.05],[3.154,50.069],[3.168,50.072]]]}},{"type":"Feature","properties":{"code":"59268","nom":"La Gorgue","pop":5616},"geometry":{"type":"Polygon","coordinates":[[[2.751,50.607],[2.726,50.614],[2.724,50.627],[2.682,50.636],[2.692,50.641],[2.759,50.651],[2.792,50.634],[2.761,50.625],[2.751,50.607]]]}},{"type":"Feature","properties":{"code":"59269","nom":"Gouzeaucourt","pop":1413},"geometry":{"type":"Polygon","coordinates":[[[3.095,50.071],[3.154,50.069],[3.137,50.05],[3.115,50.032],[3.09,50.054],[3.095,50.071]]]}},{"type":"Feature","properties":{"code":"59270","nom":"Grand-Fayt","pop":473},"geometry":{"type":"Polygon","coordinates":[[[3.767,50.108],[3.777,50.123],[3.811,50.128],[3.813,50.128],[3.823,50.118],[3.793,50.095],[3.767,50.108]]]}},{"type":"Feature","properties":{"code":"59271","nom":"Grande-Synthe","pop":20239},"geometry":{"type":"Polygon","coordinates":[[[2.317,50.997],[2.318,50.997],[2.288,50.98],[2.266,51.005],[2.264,51.045],[2.303,51.051],[2.326,51.006],[2.317,50.997]]]}},{"type":"Feature","properties":{"code":"59272","nom":"Grand-Fort-Philippe","pop":4887},"geometry":{"type":"Polygon","coordinates":[[[2.11,50.988],[2.089,51.003],[2.103,51.007],[2.11,50.988]]]}},{"type":"Feature","properties":{"code":"59273","nom":"Gravelines","pop":11430},"geometry":{"type":"Polygon","coordinates":[[[2.125,50.97],[2.109,50.984],[2.11,50.988],[2.103,51.007],[2.152,51.035],[2.178,50.985],[2.125,50.97]]]}},{"type":"Feature","properties":{"code":"59274","nom":"La Groise","pop":464},"geometry":{"type":"Polygon","coordinates":[[[3.71,50.067],[3.673,50.056],[3.654,50.076],[3.669,50.099],[3.675,50.101],[3.696,50.09],[3.71,50.067]]]}},{"type":"Feature","properties":{"code":"59275","nom":"Gruson","pop":1207},"geometry":{"type":"Polygon","coordinates":[[[3.202,50.602],[3.222,50.598],[3.235,50.595],[3.232,50.586],[3.211,50.587],[3.193,50.593],[3.192,50.593],[3.202,50.602]]]}},{"type":"Feature","properties":{"code":"59276","nom":"Guesnain","pop":4635},"geometry":{"type":"Polygon","coordinates":[[[3.158,50.362],[3.158,50.362],[3.16,50.346],[3.149,50.336],[3.135,50.336],[3.158,50.362]]]}},{"type":"Feature","properties":{"code":"59277","nom":"Gussignies","pop":353},"geometry":{"type":"Polygon","coordinates":[[[3.765,50.34],[3.747,50.334],[3.734,50.332],[3.763,50.348],[3.765,50.34]]]}},{"type":"Feature","properties":{"code":"59278","nom":"Hallennes-lez-Haubourdin","pop":4683},"geometry":{"type":"Polygon","coordinates":[[[2.963,50.621],[2.974,50.615],[2.971,50.605],[2.936,50.6],[2.938,50.604],[2.939,50.615],[2.941,50.625],[2.963,50.621]]]}},{"type":"Feature","properties":{"code":"59279","nom":"Halluin","pop":20715},"geometry":{"type":"Polygon","coordinates":[[[3.1,50.762],[3.09,50.774],[3.148,50.79],[3.161,50.773],[3.14,50.758],[3.1,50.762]]]}},{"type":"Feature","properties":{"code":"59280","nom":"Hamel","pop":797},"geometry":{"type":"Polygon","coordinates":[[[3.061,50.273],[3.055,50.275],[3.055,50.282],[3.055,50.29],[3.088,50.288],[3.061,50.273]]]}},{"type":"Feature","properties":{"code":"59281","nom":"Hantay","pop":1244},"geometry":{"type":"Polygon","coordinates":[[[2.882,50.536],[2.862,50.53],[2.854,50.539],[2.882,50.536]]]}},{"type":"Feature","properties":{"code":"59282","nom":"Hardifort","pop":385},"geometry":{"type":"Polygon","coordinates":[[[2.51,50.821],[2.464,50.81],[2.456,50.815],[2.476,50.832],[2.488,50.836],[2.51,50.821]]]}},{"type":"Feature","properties":{"code":"59283","nom":"Hargnies","pop":599},"geometry":{"type":"Polygon","coordinates":[[[3.832,50.246],[3.83,50.265],[3.861,50.269],[3.849,50.249],[3.832,50.246]]]}},{"type":"Feature","properties":{"code":"59284","nom":"Hasnon","pop":3849},"geometry":{"type":"Polygon","coordinates":[[[3.348,50.406],[3.344,50.415],[3.353,50.417],[3.405,50.428],[3.429,50.412],[3.423,50.405],[3.362,50.398],[3.348,50.406],[3.348,50.406]]]}},{"type":"Feature","properties":{"code":"59285","nom":"Haspres","pop":2626},"geometry":{"type":"Polygon","coordinates":[[[3.436,50.259],[3.409,50.241],[3.395,50.244],[3.388,50.266],[3.396,50.284],[3.418,50.289],[3.435,50.278],[3.437,50.277],[3.436,50.259]]]}},{"type":"Feature","properties":{"code":"59286","nom":"Haubourdin","pop":15074},"geometry":{"type":"Polygon","coordinates":[[[2.989,50.582],[2.989,50.582],[2.978,50.584],[2.971,50.605],[2.974,50.615],[2.996,50.618],[3.011,50.602],[2.989,50.582]]]}},{"type":"Feature","properties":{"code":"59287","nom":"Haucourt-en-Cambrésis","pop":193},"geometry":{"type":"Polygon","coordinates":[[[3.328,50.118],[3.334,50.119],[3.341,50.117],[3.356,50.115],[3.359,50.097],[3.331,50.088],[3.328,50.118]]]}},{"type":"Feature","properties":{"code":"59288","nom":"Haulchin","pop":2281},"geometry":{"type":"Polygon","coordinates":[[[3.423,50.323],[3.438,50.323],[3.448,50.314],[3.413,50.297],[3.395,50.314],[3.42,50.323],[3.423,50.323]]]}},{"type":"Feature","properties":{"code":"59289","nom":"Haussy","pop":1451},"geometry":{"type":"Polygon","coordinates":[[[3.452,50.204],[3.445,50.213],[3.464,50.243],[3.476,50.246],[3.479,50.247],[3.497,50.242],[3.516,50.226],[3.501,50.205],[3.456,50.202],[3.452,50.204]]]}},{"type":"Feature","properties":{"code":"59290","nom":"Haut-Lieu","pop":361},"geometry":{"type":"Polygon","coordinates":[[[3.912,50.088],[3.88,50.098],[3.875,50.102],[3.916,50.124],[3.925,50.113],[3.93,50.089],[3.912,50.088]]]}},{"type":"Feature","properties":{"code":"59291","nom":"Hautmont","pop":14152},"geometry":{"type":"Polygon","coordinates":[[[3.947,50.233],[3.927,50.234],[3.884,50.239],[3.885,50.256],[3.894,50.264],[3.925,50.262],[3.956,50.244],[3.947,50.233]]]}},{"type":"Feature","properties":{"code":"59292","nom":"Haveluy","pop":3222},"geometry":{"type":"Polygon","coordinates":[[[3.382,50.347],[3.409,50.369],[3.422,50.354],[3.423,50.347],[3.382,50.347]]]}},{"type":"Feature","properties":{"code":"59293","nom":"Haverskerque","pop":1376},"geometry":{"type":"Polygon","coordinates":[[[2.501,50.64],[2.548,50.655],[2.585,50.643],[2.585,50.637],[2.564,50.625],[2.532,50.643],[2.506,50.634],[2.501,50.64]]]}},{"type":"Feature","properties":{"code":"59294","nom":"Haynecourt","pop":307},"geometry":{"type":"Polygon","coordinates":[[[3.131,50.2],[3.133,50.203],[3.143,50.219],[3.179,50.219],[3.181,50.21],[3.161,50.202],[3.143,50.196],[3.131,50.2]]]}},{"type":"Feature","properties":{"code":"59295","nom":"Hazebrouck","pop":21912},"geometry":{"type":"Polygon","coordinates":[[[2.575,50.716],[2.582,50.695],[2.562,50.691],[2.531,50.708],[2.494,50.715],[2.488,50.746],[2.53,50.744],[2.574,50.76],[2.584,50.747],[2.565,50.738],[2.575,50.716]]]}},{"type":"Feature","properties":{"code":"59296","nom":"Hecq","pop":353},"geometry":{"type":"Polygon","coordinates":[[[3.646,50.172],[3.642,50.181],[3.655,50.185],[3.661,50.178],[3.646,50.172]]]}},{"type":"Feature","properties":{"code":"59297","nom":"Hélesmes","pop":1907},"geometry":{"type":"Polygon","coordinates":[[[3.343,50.35],[3.353,50.393],[3.348,50.406],[3.362,50.398],[3.368,50.344],[3.343,50.35]]]}},{"type":"Feature","properties":{"code":"59299","nom":"Hem","pop":18582},"geometry":{"type":"Polygon","coordinates":[[[3.199,50.672],[3.206,50.666],[3.209,50.664],[3.218,50.661],[3.221,50.655],[3.206,50.635],[3.197,50.635],[3.186,50.638],[3.162,50.657],[3.173,50.671],[3.199,50.672]]]}},{"type":"Feature","properties":{"code":"59300","nom":"Hem-Lenglet","pop":565},"geometry":{"type":"Polygon","coordinates":[[[3.21,50.259],[3.232,50.264],[3.245,50.261],[3.249,50.243],[3.233,50.241],[3.204,50.247],[3.21,50.259]]]}},{"type":"Feature","properties":{"code":"59301","nom":"Hergnies","pop":4479},"geometry":{"type":"Polygon","coordinates":[[[3.539,50.461],[3.536,50.462],[3.498,50.485],[3.507,50.489],[3.56,50.498],[3.539,50.461]]]}},{"type":"Feature","properties":{"code":"59302","nom":"Hérin","pop":4169},"geometry":{"type":"Polygon","coordinates":[[[3.435,50.34],[3.432,50.342],[3.442,50.363],[3.43,50.378],[3.432,50.379],[3.434,50.379],[3.468,50.358],[3.457,50.345],[3.453,50.346],[3.435,50.34]]]}},{"type":"Feature","properties":{"code":"59303","nom":"Herlies","pop":2267},"geometry":{"type":"Polygon","coordinates":[[[2.826,50.583],[2.848,50.593],[2.873,50.595],[2.875,50.58],[2.849,50.565],[2.826,50.583]]]}},{"type":"Feature","properties":{"code":"59304","nom":"Herrin","pop":425},"geometry":{"type":"Polygon","coordinates":[[[2.95,50.558],[2.955,50.561],[2.965,50.538],[2.95,50.558]]]}},{"type":"Feature","properties":{"code":"59305","nom":"Herzeele","pop":1638},"geometry":{"type":"Polygon","coordinates":[[[2.57,50.898],[2.55,50.872],[2.531,50.848],[2.519,50.864],[2.492,50.878],[2.52,50.905],[2.57,50.898]]]}},{"type":"Feature","properties":{"code":"59306","nom":"Hestrud","pop":288},"geometry":{"type":"Polygon","coordinates":[[[4.132,50.189],[4.123,50.195],[4.127,50.213],[4.15,50.214],[4.157,50.193],[4.132,50.189]]]}},{"type":"Feature","properties":{"code":"59307","nom":"Holque","pop":837},"geometry":{"type":"Polygon","coordinates":[[[2.208,50.838],[2.202,50.843],[2.19,50.872],[2.201,50.873],[2.22,50.855],[2.208,50.838]]]}},{"type":"Feature","properties":{"code":"59308","nom":"Hondeghem","pop":916},"geometry":{"type":"Polygon","coordinates":[[[2.488,50.746],[2.472,50.739],[2.475,50.756],[2.475,50.757],[2.475,50.759],[2.498,50.767],[2.525,50.768],[2.563,50.765],[2.574,50.76],[2.53,50.744],[2.488,50.746]]]}},{"type":"Feature","properties":{"code":"59309","nom":"Hondschoote","pop":3957},"geometry":{"type":"Polygon","coordinates":[[[2.548,50.981],[2.541,50.998],[2.572,51.013],[2.621,50.965],[2.63,50.943],[2.609,50.931],[2.593,50.938],[2.589,50.957],[2.548,50.981]]]}},{"type":"Feature","properties":{"code":"59310","nom":"Hon-Hergies","pop":867},"geometry":{"type":"Polygon","coordinates":[[[3.857,50.348],[3.806,50.31],[3.79,50.329],[3.812,50.345],[3.857,50.348]]]}},{"type":"Feature","properties":{"code":"59311","nom":"Honnechy","pop":541},"geometry":{"type":"Polygon","coordinates":[[[3.508,50.073],[3.509,50.067],[3.483,50.057],[3.45,50.064],[3.477,50.077],[3.492,50.081],[3.508,50.073]]]}},{"type":"Feature","properties":{"code":"59312","nom":"Honnecourt-sur-Escaut","pop":710},"geometry":{"type":"Polygon","coordinates":[[[3.245,50.04],[3.245,50.03],[3.173,50.012],[3.167,50.021],[3.178,50.051],[3.202,50.058],[3.245,50.04]]]}},{"type":"Feature","properties":{"code":"59313","nom":"Hordain","pop":1446},"geometry":{"type":"Polygon","coordinates":[[[3.305,50.25],[3.305,50.254],[3.324,50.274],[3.354,50.262],[3.347,50.25],[3.305,50.25]]]}},{"type":"Feature","properties":{"code":"59314","nom":"Hornaing","pop":3496},"geometry":{"type":"Polygon","coordinates":[[[3.353,50.393],[3.343,50.35],[3.328,50.348],[3.322,50.387],[3.343,50.39],[3.353,50.393]]]}},{"type":"Feature","properties":{"code":"59315","nom":"Houdain-lez-Bavay","pop":902},"geometry":{"type":"Polygon","coordinates":[[[3.806,50.31],[3.809,50.307],[3.78,50.302],[3.763,50.305],[3.778,50.327],[3.765,50.34],[3.763,50.348],[3.812,50.345],[3.79,50.329],[3.806,50.31]]]}},{"type":"Feature","properties":{"code":"59316","nom":"Houplin-Ancoisne","pop":3326},"geometry":{"type":"Polygon","coordinates":[[[2.968,50.57],[2.978,50.584],[2.989,50.582],[3.022,50.567],[2.982,50.562],[2.967,50.57],[2.968,50.57]]]}},{"type":"Feature","properties":{"code":"59317","nom":"Houplines","pop":7921},"geometry":{"type":"Polygon","coordinates":[[[2.901,50.693],[2.923,50.703],[2.96,50.68],[2.952,50.674],[2.926,50.664],[2.897,50.681],[2.901,50.693]]]}},{"type":"Feature","properties":{"code":"59318","nom":"Houtkerque","pop":978},"geometry":{"type":"Polygon","coordinates":[[[2.55,50.872],[2.57,50.898],[2.605,50.907],[2.607,50.873],[2.565,50.859],[2.55,50.872]]]}},{"type":"Feature","properties":{"code":"59319","nom":"Hoymille","pop":3259},"geometry":{"type":"Polygon","coordinates":[[[2.475,50.962],[2.434,50.964],[2.436,50.974],[2.463,50.988],[2.475,50.962]]]}},{"type":"Feature","properties":{"code":"59320","nom":"Illies","pop":1712},"geometry":{"type":"Polygon","coordinates":[[[2.813,50.55],[2.808,50.579],[2.826,50.583],[2.849,50.565],[2.855,50.559],[2.842,50.551],[2.821,50.544],[2.813,50.55]]]}},{"type":"Feature","properties":{"code":"59321","nom":"Inchy","pop":619},"geometry":{"type":"Polygon","coordinates":[[[3.465,50.131],[3.473,50.133],[3.481,50.133],[3.487,50.116],[3.457,50.112],[3.465,50.131]]]}},{"type":"Feature","properties":{"code":"59322","nom":"Iwuy","pop":3403},"geometry":{"type":"Polygon","coordinates":[[[3.309,50.237],[3.305,50.242],[3.305,50.25],[3.347,50.25],[3.37,50.225],[3.363,50.218],[3.326,50.215],[3.323,50.22],[3.309,50.237]]]}},{"type":"Feature","properties":{"code":"59323","nom":"Jenlain","pop":1115},"geometry":{"type":"Polygon","coordinates":[[[3.63,50.326],[3.642,50.32],[3.651,50.292],[3.656,50.287],[3.652,50.287],[3.607,50.31],[3.63,50.326]]]}},{"type":"Feature","properties":{"code":"59324","nom":"Jeumont","pop":10160},"geometry":{"type":"Polygon","coordinates":[[[4.124,50.273],[4.088,50.275],[4.079,50.31],[4.123,50.298],[4.124,50.273]]]}},{"type":"Feature","properties":{"code":"59325","nom":"Jolimetz","pop":856},"geometry":{"type":"Polygon","coordinates":[[[3.677,50.241],[3.696,50.23],[3.675,50.214],[3.677,50.241]]]}},{"type":"Feature","properties":{"code":"59326","nom":"Killem","pop":1164},"geometry":{"type":"Polygon","coordinates":[[[2.548,50.981],[2.589,50.957],[2.593,50.938],[2.573,50.937],[2.526,50.957],[2.548,50.981]]]}},{"type":"Feature","properties":{"code":"59327","nom":"Lallaing","pop":6287},"geometry":{"type":"Polygon","coordinates":[[[3.144,50.395],[3.149,50.4],[3.165,50.395],[3.19,50.39],[3.2,50.388],[3.193,50.382],[3.159,50.373],[3.152,50.38],[3.144,50.395]]]}},{"type":"Feature","properties":{"code":"59328","nom":"Lambersart","pop":27090},"geometry":{"type":"Polygon","coordinates":[[[3.002,50.653],[3.01,50.66],[3.021,50.672],[3.046,50.648],[3.002,50.653]]]}},{"type":"Feature","properties":{"code":"59329","nom":"Lambres-lez-Douai","pop":4883},"geometry":{"type":"Polygon","coordinates":[[[3.038,50.344],[3.014,50.36],[3.055,50.369],[3.095,50.35],[3.094,50.343],[3.072,50.341],[3.047,50.346],[3.038,50.344]]]}},{"type":"Feature","properties":{"code":"59330","nom":"Landas","pop":2518},"geometry":{"type":"Polygon","coordinates":[[[3.31,50.457],[3.27,50.464],[3.256,50.484],[3.275,50.49],[3.301,50.487],[3.333,50.456],[3.332,50.454],[3.31,50.457]]]}},{"type":"Feature","properties":{"code":"59331","nom":"Landrecies","pop":3407},"geometry":{"type":"Polygon","coordinates":[[[3.667,50.143],[3.723,50.136],[3.724,50.121],[3.696,50.09],[3.675,50.101],[3.644,50.119],[3.667,50.143]]]}},{"type":"Feature","properties":{"code":"59332","nom":"Lannoy","pop":1812},"geometry":{"type":"Polygon","coordinates":[[[3.206,50.666],[3.211,50.668],[3.215,50.667],[3.209,50.664],[3.206,50.666]]]}},{"type":"Feature","properties":{"code":"59333","nom":"Larouillies","pop":231},"geometry":{"type":"Polygon","coordinates":[[[3.948,50.03],[3.923,50.027],[3.904,50.05],[3.94,50.045],[3.948,50.03]]]}},{"type":"Feature","properties":{"code":"59334","nom":"Lauwin-Planque","pop":1608},"geometry":{"type":"Polygon","coordinates":[[[3.058,50.393],[3.055,50.391],[3.032,50.384],[3.003,50.398],[3.058,50.393]]]}},{"type":"Feature","properties":{"code":"59335","nom":"Lecelles","pop":3046},"geometry":{"type":"Polygon","coordinates":[[[3.359,50.472],[3.355,50.477],[3.377,50.491],[3.406,50.499],[3.432,50.485],[3.435,50.478],[3.436,50.462],[3.381,50.454],[3.359,50.472]]]}},{"type":"Feature","properties":{"code":"59336","nom":"Lécluse","pop":1346},"geometry":{"type":"Polygon","coordinates":[[[3.018,50.265],[3.012,50.268],[3.016,50.284],[3.055,50.282],[3.055,50.275],[3.036,50.27],[3.018,50.265]]]}},{"type":"Feature","properties":{"code":"59337","nom":"Lederzeele","pop":703},"geometry":{"type":"Polygon","coordinates":[[[2.263,50.819],[2.268,50.823],[2.304,50.832],[2.316,50.818],[2.317,50.8],[2.284,50.799],[2.26,50.812],[2.263,50.819]]]}},{"type":"Feature","properties":{"code":"59338","nom":"Ledringhem","pop":611},"geometry":{"type":"Polygon","coordinates":[[[2.451,50.848],[2.424,50.864],[2.422,50.865],[2.455,50.879],[2.453,50.852],[2.451,50.848]]]}},{"type":"Feature","properties":{"code":"59339","nom":"Leers","pop":9521},"geometry":{"type":"Polygon","coordinates":[[[3.214,50.686],[3.216,50.689],[3.254,50.691],[3.242,50.667],[3.235,50.671],[3.214,50.686]]]}},{"type":"Feature","properties":{"code":"59340","nom":"Leffrinckoucke","pop":4078},"geometry":{"type":"Polygon","coordinates":[[[2.471,51.054],[2.469,51.032],[2.446,51.045],[2.432,51.058],[2.467,51.067],[2.471,51.054]]]}},{"type":"Feature","properties":{"code":"59341","nom":"Lesdain","pop":432},"geometry":{"type":"Polygon","coordinates":[[[3.289,50.069],[3.263,50.084],[3.259,50.114],[3.285,50.113],[3.289,50.069]]]}},{"type":"Feature","properties":{"code":"59342","nom":"Lez-Fontaine","pop":236},"geometry":{"type":"Polygon","coordinates":[[[4.066,50.188],[4.076,50.188],[4.073,50.158],[4.044,50.174],[4.054,50.185],[4.066,50.188]]]}},{"type":"Feature","properties":{"code":"59343","nom":"Lesquin","pop":9600},"geometry":{"type":"Polygon","coordinates":[[[3.095,50.571],[3.089,50.58],[3.086,50.589],[3.115,50.61],[3.138,50.601],[3.133,50.586],[3.095,50.571]]]}},{"type":"Feature","properties":{"code":"59344","nom":"Leval","pop":2474},"geometry":{"type":"Polygon","coordinates":[[[3.814,50.187],[3.816,50.188],[3.855,50.193],[3.836,50.165],[3.821,50.169],[3.81,50.172],[3.814,50.187]]]}},{"type":"Feature","properties":{"code":"59345","nom":"Lewarde","pop":2353},"geometry":{"type":"Polygon","coordinates":[[[3.185,50.347],[3.183,50.326],[3.162,50.325],[3.149,50.336],[3.16,50.346],[3.185,50.347]]]}},{"type":"Feature","properties":{"code":"59346","nom":"Lezennes","pop":2978},"geometry":{"type":"Polygon","coordinates":[[[3.138,50.601],[3.115,50.61],[3.097,50.617],[3.12,50.619],[3.138,50.601]]]}},{"type":"Feature","properties":{"code":"59347","nom":"Liessies","pop":527},"geometry":{"type":"Polygon","coordinates":[[[4.059,50.128],[4.094,50.132],[4.102,50.111],[4.103,50.088],[4.081,50.081],[4.055,50.103],[4.059,50.128]]]}},{"type":"Feature","properties":{"code":"59348","nom":"Lieu-Saint-Amand","pop":1462},"geometry":{"type":"Polygon","coordinates":[[[3.324,50.274],[3.332,50.278],[3.365,50.283],[3.371,50.267],[3.354,50.262],[3.324,50.274]]]}},{"type":"Feature","properties":{"code":"59349","nom":"Ligny-en-Cambrésis","pop":1847},"geometry":{"type":"Polygon","coordinates":[[[3.356,50.115],[3.384,50.116],[3.403,50.101],[3.393,50.087],[3.387,50.086],[3.364,50.093],[3.359,50.097],[3.356,50.115]]]}},{"type":"Feature","properties":{"code":"59350","nom":"Lille","pop":238246},"geometry":{"type":"Polygon","coordinates":[[[3.046,50.648],[3.06,50.651],[3.084,50.652],[3.103,50.652],[3.116,50.636],[3.12,50.619],[3.097,50.617],[3.071,50.607],[3.054,50.601],[3.049,50.601],[3.014,50.626],[2.972,50.634],[2.97,50.634],[2.97,50.64],[2.969,50.657],[2.971,50.658],[2.984,50.661],[3.002,50.653],[3.046,50.648]]]}},{"type":"Feature","properties":{"code":"59351","nom":"Limont-Fontaine","pop":525},"geometry":{"type":"Polygon","coordinates":[[[3.927,50.234],[3.947,50.233],[3.939,50.214],[3.913,50.196],[3.914,50.194],[3.903,50.198],[3.902,50.215],[3.927,50.234]]]}},{"type":"Feature","properties":{"code":"59352","nom":"Linselles","pop":8161},"geometry":{"type":"Polygon","coordinates":[[[3.035,50.732],[3.047,50.74],[3.063,50.749],[3.087,50.755],[3.102,50.724],[3.066,50.72],[3.049,50.723],[3.035,50.732]]]}},{"type":"Feature","properties":{"code":"59353","nom":"Locquignol","pop":301},"geometry":{"type":"Polygon","coordinates":[[[3.751,50.268],[3.753,50.269],[3.753,50.27],[3.796,50.258],[3.822,50.266],[3.825,50.268],[3.83,50.265],[3.832,50.246],[3.81,50.226],[3.764,50.217],[3.782,50.185],[3.776,50.162],[3.773,50.16],[3.729,50.15],[3.723,50.136],[3.667,50.143],[3.665,50.144],[3.666,50.15],[3.661,50.178],[3.655,50.185],[3.655,50.2],[3.667,50.209],[3.674,50.214],[3.675,50.214],[3.696,50.23],[3.714,50.242],[3.751,50.268]]]}},{"type":"Feature","properties":{"code":"59354","nom":"Loffre","pop":712},"geometry":{"type":"Polygon","coordinates":[[[3.185,50.355],[3.185,50.347],[3.16,50.346],[3.158,50.362],[3.185,50.355]]]}},{"type":"Feature","properties":{"code":"59356","nom":"Lompret","pop":2155},"geometry":{"type":"Polygon","coordinates":[[[2.984,50.661],[2.979,50.671],[3.01,50.66],[3.002,50.653],[2.984,50.661]]]}},{"type":"Feature","properties":{"code":"59357","nom":"La Longueville","pop":2057},"geometry":{"type":"Polygon","coordinates":[[[3.83,50.265],[3.825,50.268],[3.833,50.285],[3.842,50.3],[3.872,50.304],[3.87,50.318],[3.886,50.327],[3.919,50.332],[3.919,50.317],[3.878,50.316],[3.893,50.291],[3.883,50.272],[3.861,50.269],[3.83,50.265]]]}},{"type":"Feature","properties":{"code":"59358","nom":"Looberghe","pop":1228},"geometry":{"type":"Polygon","coordinates":[[[2.314,50.903],[2.274,50.889],[2.251,50.895],[2.241,50.916],[2.258,50.938],[2.294,50.932],[2.311,50.92],[2.314,50.903]]]}},{"type":"Feature","properties":{"code":"59359","nom":"Loon-Plage","pop":5952},"geometry":{"type":"Polygon","coordinates":[[[2.27,50.959],[2.241,50.978],[2.178,50.985],[2.152,51.035],[2.171,51.044],[2.205,51.032],[2.24,51.039],[2.241,51.019],[2.284,50.976],[2.27,50.959]]]}},{"type":"Feature","properties":{"code":"59360","nom":"Loos","pop":22567},"geometry":{"type":"Polygon","coordinates":[[[3.028,50.592],[3.011,50.602],[2.996,50.618],[3.014,50.626],[3.049,50.601],[3.028,50.592]]]}},{"type":"Feature","properties":{"code":"59361","nom":"Lourches","pop":3734},"geometry":{"type":"Polygon","coordinates":[[[3.343,50.315],[3.365,50.318],[3.373,50.311],[3.367,50.304],[3.35,50.302],[3.347,50.307],[3.343,50.315]]]}},{"type":"Feature","properties":{"code":"59363","nom":"Louvignies-Quesnoy","pop":899},"geometry":{"type":"Polygon","coordinates":[[[3.625,50.206],[3.618,50.207],[3.61,50.215],[3.64,50.233],[3.656,50.231],[3.674,50.214],[3.667,50.209],[3.646,50.206],[3.625,50.206]]]}},{"type":"Feature","properties":{"code":"59364","nom":"Louvil","pop":922},"geometry":{"type":"Polygon","coordinates":[[[3.175,50.558],[3.178,50.562],[3.191,50.547],[3.175,50.558]]]}},{"type":"Feature","properties":{"code":"59365","nom":"Louvroil","pop":6294},"geometry":{"type":"Polygon","coordinates":[[[3.972,50.258],[3.976,50.259],[3.961,50.246],[3.956,50.244],[3.925,50.262],[3.928,50.264],[3.972,50.258]]]}},{"type":"Feature","properties":{"code":"59366","nom":"Lynde","pop":783},"geometry":{"type":"Polygon","coordinates":[[[2.405,50.718],[2.449,50.738],[2.472,50.738],[2.468,50.722],[2.427,50.701],[2.398,50.708],[2.405,50.718]]]}},{"type":"Feature","properties":{"code":"59367","nom":"Lys-lez-Lannoy","pop":14050},"geometry":{"type":"Polygon","coordinates":[[[3.214,50.686],[3.235,50.671],[3.218,50.661],[3.209,50.664],[3.215,50.667],[3.211,50.668],[3.206,50.666],[3.199,50.672],[3.214,50.686]]]}},{"type":"Feature","properties":{"code":"59368","nom":"La Madeleine","pop":21790},"geometry":{"type":"Polygon","coordinates":[[[3.06,50.651],[3.062,50.664],[3.069,50.666],[3.084,50.652],[3.06,50.651]]]}},{"type":"Feature","properties":{"code":"59369","nom":"Maing","pop":3954},"geometry":{"type":"Polygon","coordinates":[[[3.461,50.295],[3.464,50.31],[3.473,50.314],[3.51,50.321],[3.514,50.298],[3.482,50.285],[3.461,50.295]]]}},{"type":"Feature","properties":{"code":"59370","nom":"Mairieux","pop":699},"geometry":{"type":"Polygon","coordinates":[[[3.945,50.3],[3.947,50.323],[3.976,50.328],[3.998,50.312],[3.989,50.301],[3.945,50.3]]]}},{"type":"Feature","properties":{"code":"59371","nom":"Le Maisnil","pop":628},"geometry":{"type":"Polygon","coordinates":[[[2.892,50.611],[2.879,50.603],[2.862,50.628],[2.87,50.631],[2.875,50.634],[2.891,50.616],[2.892,50.611]]]}},{"type":"Feature","properties":{"code":"59372","nom":"Malincourt","pop":498},"geometry":{"type":"Polygon","coordinates":[[[3.3,50.045],[3.306,50.053],[3.331,50.053],[3.345,50.038],[3.35,50.033],[3.337,50.017],[3.309,50.019],[3.3,50.045]]]}},{"type":"Feature","properties":{"code":"59374","nom":"Marbaix","pop":461},"geometry":{"type":"Polygon","coordinates":[[[3.837,50.148],[3.854,50.121],[3.823,50.118],[3.813,50.128],[3.837,50.148]]]}},{"type":"Feature","properties":{"code":"59375","nom":"Marchiennes","pop":4507},"geometry":{"type":"Polygon","coordinates":[[[3.19,50.39],[3.22,50.414],[3.254,50.421],[3.257,50.437],[3.307,50.434],[3.308,50.415],[3.3,50.402],[3.293,50.397],[3.252,50.394],[3.212,50.39],[3.2,50.388],[3.19,50.39]]]}},{"type":"Feature","properties":{"code":"59377","nom":"Marcoing","pop":1841},"geometry":{"type":"Polygon","coordinates":[[[3.204,50.142],[3.212,50.143],[3.213,50.125],[3.178,50.107],[3.168,50.087],[3.145,50.09],[3.157,50.109],[3.136,50.121],[3.147,50.128],[3.184,50.128],[3.204,50.142]]]}},{"type":"Feature","properties":{"code":"59378","nom":"Marcq-en-Barœul","pop":40184},"geometry":{"type":"Polygon","coordinates":[[[3.119,50.653],[3.118,50.648],[3.103,50.652],[3.084,50.652],[3.069,50.666],[3.084,50.682],[3.121,50.708],[3.132,50.692],[3.111,50.667],[3.119,50.653]]]}},{"type":"Feature","properties":{"code":"59379","nom":"Marcq-en-Ostrevent","pop":741},"geometry":{"type":"Polygon","coordinates":[[[3.247,50.299],[3.252,50.28],[3.23,50.277],[3.213,50.28],[3.215,50.29],[3.23,50.303],[3.247,50.299]]]}},{"type":"Feature","properties":{"code":"59381","nom":"Maresches","pop":808},"geometry":{"type":"Polygon","coordinates":[[[3.556,50.299],[3.589,50.304],[3.587,50.281],[3.555,50.29],[3.556,50.299]]]}},{"type":"Feature","properties":{"code":"59382","nom":"Maretz","pop":1402},"geometry":{"type":"Polygon","coordinates":[[[3.428,50.025],[3.398,50.034],[3.395,50.051],[3.423,50.066],[3.44,50.062],[3.443,50.061],[3.428,50.025]]]}},{"type":"Feature","properties":{"code":"59383","nom":"Marly","pop":11995},"geometry":{"type":"Polygon","coordinates":[[[3.579,50.353],[3.577,50.352],[3.559,50.331],[3.517,50.339],[3.541,50.362],[3.579,50.353]]]}},{"type":"Feature","properties":{"code":"59384","nom":"Maroilles","pop":1454},"geometry":{"type":"Polygon","coordinates":[[[3.811,50.128],[3.777,50.123],[3.767,50.108],[3.751,50.1],[3.724,50.121],[3.723,50.136],[3.729,50.15],[3.773,50.16],[3.783,50.145],[3.811,50.128]]]}},{"type":"Feature","properties":{"code":"59385","nom":"Marpent","pop":2653},"geometry":{"type":"Polygon","coordinates":[[[4.076,50.272],[4.066,50.286],[4.061,50.308],[4.079,50.31],[4.079,50.31],[4.088,50.275],[4.076,50.272]]]}},{"type":"Feature","properties":{"code":"59386","nom":"Marquette-lez-Lille","pop":12622},"geometry":{"type":"Polygon","coordinates":[[[3.074,50.688],[3.084,50.682],[3.069,50.666],[3.062,50.664],[3.023,50.672],[3.074,50.688]]]}},{"type":"Feature","properties":{"code":"59387","nom":"Marquette-en-Ostrevant","pop":1943},"geometry":{"type":"Polygon","coordinates":[[[3.286,50.297],[3.295,50.28],[3.268,50.278],[3.252,50.28],[3.247,50.299],[3.268,50.308],[3.286,50.297]]]}},{"type":"Feature","properties":{"code":"59388","nom":"Marquillies","pop":1961},"geometry":{"type":"Polygon","coordinates":[[[2.887,50.538],[2.882,50.536],[2.854,50.539],[2.842,50.551],[2.855,50.559],[2.881,50.563],[2.887,50.538]]]}},{"type":"Feature","properties":{"code":"59389","nom":"Masnières","pop":2689},"geometry":{"type":"Polygon","coordinates":[[[3.231,50.107],[3.189,50.087],[3.168,50.087],[3.178,50.107],[3.213,50.125],[3.235,50.112],[3.231,50.107]]]}},{"type":"Feature","properties":{"code":"59390","nom":"Masny","pop":3999},"geometry":{"type":"Polygon","coordinates":[[[3.209,50.365],[3.214,50.364],[3.213,50.33],[3.208,50.324],[3.201,50.322],[3.183,50.326],[3.185,50.347],[3.185,50.355],[3.209,50.365]]]}},{"type":"Feature","properties":{"code":"59391","nom":"Mastaing","pop":911},"geometry":{"type":"Polygon","coordinates":[[[3.281,50.315],[3.309,50.316],[3.33,50.302],[3.286,50.297],[3.268,50.308],[3.281,50.315]]]}},{"type":"Feature","properties":{"code":"59392","nom":"Maubeuge","pop":28767},"geometry":{"type":"Polygon","coordinates":[[[3.928,50.264],[3.912,50.269],[3.943,50.299],[3.945,50.3],[3.989,50.301],[4.009,50.295],[4.01,50.285],[3.972,50.258],[3.928,50.264]]]}},{"type":"Feature","properties":{"code":"59393","nom":"Maulde","pop":949},"geometry":{"type":"Polygon","coordinates":[[[3.443,50.496],[3.432,50.485],[3.406,50.499],[3.44,50.507],[3.443,50.496]]]}},{"type":"Feature","properties":{"code":"59394","nom":"Maurois","pop":405},"geometry":{"type":"Polygon","coordinates":[[[3.45,50.064],[3.443,50.061],[3.44,50.062],[3.459,50.08],[3.477,50.077],[3.45,50.064]]]}},{"type":"Feature","properties":{"code":"59395","nom":"Mazinghien","pop":279},"geometry":{"type":"Polygon","coordinates":[[[3.609,50.059],[3.609,50.058],[3.625,50.031],[3.614,50.025],[3.609,50.03],[3.58,50.047],[3.568,50.053],[3.576,50.074],[3.609,50.059]]]}},{"type":"Feature","properties":{"code":"59396","nom":"Mecquignies","pop":695},"geometry":{"type":"Polygon","coordinates":[[[3.822,50.266],[3.796,50.258],[3.787,50.284],[3.814,50.278],[3.822,50.266]]]}},{"type":"Feature","properties":{"code":"59397","nom":"Merckeghem","pop":615},"geometry":{"type":"Polygon","coordinates":[[[2.274,50.889],[2.298,50.88],[2.312,50.857],[2.278,50.847],[2.241,50.881],[2.251,50.895],[2.274,50.889]]]}},{"type":"Feature","properties":{"code":"59398","nom":"Mérignies","pop":3527},"geometry":{"type":"Polygon","coordinates":[[[3.156,50.515],[3.142,50.503],[3.132,50.498],[3.098,50.499],[3.09,50.51],[3.105,50.516],[3.132,50.518],[3.137,50.518],[3.156,50.515]]]}},{"type":"Feature","properties":{"code":"59399","nom":"Merris","pop":1106},"geometry":{"type":"Polygon","coordinates":[[[2.677,50.699],[2.633,50.708],[2.632,50.727],[2.673,50.733],[2.677,50.715],[2.677,50.699]]]}},{"type":"Feature","properties":{"code":"59400","nom":"Merville","pop":9808},"geometry":{"type":"Polygon","coordinates":[[[2.631,50.618],[2.593,50.632],[2.585,50.637],[2.585,50.643],[2.595,50.673],[2.639,50.667],[2.658,50.651],[2.689,50.655],[2.692,50.641],[2.682,50.636],[2.631,50.618]]]}},{"type":"Feature","properties":{"code":"59401","nom":"Méteren","pop":2231},"geometry":{"type":"Polygon","coordinates":[[[2.632,50.727],[2.631,50.73],[2.66,50.756],[2.656,50.78],[2.665,50.782],[2.697,50.766],[2.707,50.751],[2.704,50.731],[2.677,50.715],[2.673,50.733],[2.632,50.727]]]}},{"type":"Feature","properties":{"code":"59402","nom":"Millam","pop":838},"geometry":{"type":"Polygon","coordinates":[[[2.241,50.881],[2.278,50.847],[2.267,50.832],[2.256,50.84],[2.22,50.855],[2.241,50.881]]]}},{"type":"Feature","properties":{"code":"59403","nom":"Millonfosse","pop":705},"geometry":{"type":"Polygon","coordinates":[[[3.351,50.421],[3.363,50.437],[3.386,50.44],[3.405,50.428],[3.353,50.417],[3.351,50.421]]]}},{"type":"Feature","properties":{"code":"59405","nom":"Mœuvres","pop":490},"geometry":{"type":"Polygon","coordinates":[[[3.063,50.174],[3.09,50.172],[3.096,50.163],[3.068,50.147],[3.041,50.16],[3.063,50.174]]]}},{"type":"Feature","properties":{"code":"59406","nom":"Monceau-Saint-Waast","pop":419},"geometry":{"type":"Polygon","coordinates":[[[3.836,50.165],[3.855,50.193],[3.858,50.194],[3.874,50.16],[3.836,50.165]]]}},{"type":"Feature","properties":{"code":"59407","nom":"Monchaux-sur-Écaillon","pop":616},"geometry":{"type":"Polygon","coordinates":[[[3.482,50.285],[3.481,50.284],[3.437,50.277],[3.435,50.278],[3.461,50.295],[3.482,50.285]]]}},{"type":"Feature","properties":{"code":"59408","nom":"Moncheaux","pop":1663},"geometry":{"type":"Polygon","coordinates":[[[3.118,50.466],[3.105,50.452],[3.082,50.444],[3.067,50.459],[3.09,50.469],[3.118,50.466]]]}},{"type":"Feature","properties":{"code":"59409","nom":"Monchecourt","pop":2516},"geometry":{"type":"Polygon","coordinates":[[[3.234,50.313],[3.23,50.303],[3.215,50.29],[3.195,50.298],[3.189,50.31],[3.201,50.322],[3.208,50.324],[3.234,50.313]]]}},{"type":"Feature","properties":{"code":"59410","nom":"Mons-en-Barœul","pop":21105},"geometry":{"type":"Polygon","coordinates":[[[3.103,50.652],[3.118,50.648],[3.116,50.636],[3.103,50.652]]]}},{"type":"Feature","properties":{"code":"59411","nom":"Mons-en-Pévèle","pop":2075},"geometry":{"type":"Polygon","coordinates":[[[3.133,50.467],[3.118,50.466],[3.09,50.469],[3.071,50.489],[3.078,50.496],[3.098,50.499],[3.132,50.498],[3.133,50.467]]]}},{"type":"Feature","properties":{"code":"59412","nom":"Montay","pop":276},"geometry":{"type":"Polygon","coordinates":[[[3.548,50.137],[3.554,50.121],[3.505,50.12],[3.548,50.137]]]}},{"type":"Feature","properties":{"code":"59413","nom":"Montigny-en-Cambrésis","pop":552},"geometry":{"type":"Polygon","coordinates":[[[3.393,50.087],[3.403,50.101],[3.43,50.1],[3.423,50.071],[3.393,50.087]]]}},{"type":"Feature","properties":{"code":"59414","nom":"Montigny-en-Ostrevent","pop":4495},"geometry":{"type":"Polygon","coordinates":[[[3.158,50.362],[3.158,50.362],[3.159,50.373],[3.193,50.382],[3.209,50.365],[3.185,50.355],[3.158,50.362]]]}},{"type":"Feature","properties":{"code":"59415","nom":"Montrécourt","pop":228},"geometry":{"type":"Polygon","coordinates":[[[3.43,50.223],[3.464,50.243],[3.445,50.213],[3.43,50.223]]]}},{"type":"Feature","properties":{"code":"59416","nom":"Morbecque","pop":2573},"geometry":{"type":"Polygon","coordinates":[[[2.463,50.697],[2.464,50.701],[2.468,50.721],[2.494,50.715],[2.531,50.708],[2.562,50.691],[2.582,50.695],[2.595,50.673],[2.585,50.643],[2.548,50.655],[2.501,50.64],[2.493,50.659],[2.528,50.671],[2.482,50.696],[2.463,50.697]]]}},{"type":"Feature","properties":{"code":"59418","nom":"Mortagne-du-Nord","pop":1599},"geometry":{"type":"Polygon","coordinates":[[[3.467,50.498],[3.452,50.491],[3.443,50.496],[3.44,50.507],[3.45,50.508],[3.467,50.498]]]}},{"type":"Feature","properties":{"code":"59419","nom":"Mouchin","pop":1491},"geometry":{"type":"Polygon","coordinates":[[[3.252,50.524],[3.253,50.529],[3.26,50.529],[3.286,50.528],[3.329,50.508],[3.294,50.507],[3.252,50.524]]]}},{"type":"Feature","properties":{"code":"59420","nom":"Moustier-en-Fagne","pop":61},"geometry":{"type":"Polygon","coordinates":[[[4.193,50.081],[4.181,50.079],[4.172,50.094],[4.197,50.109],[4.227,50.08],[4.193,50.081]]]}},{"type":"Feature","properties":{"code":"59421","nom":"Mouvaux","pop":13369},"geometry":{"type":"Polygon","coordinates":[[[3.143,50.694],[3.132,50.692],[3.121,50.708],[3.133,50.715],[3.143,50.694]]]}},{"type":"Feature","properties":{"code":"59422","nom":"Naves","pop":620},"geometry":{"type":"Polygon","coordinates":[[[3.296,50.195],[3.294,50.2],[3.323,50.22],[3.326,50.215],[3.338,50.192],[3.296,50.195]]]}},{"type":"Feature","properties":{"code":"59423","nom":"Neuf-Berquin","pop":1417},"geometry":{"type":"Polygon","coordinates":[[[2.687,50.666],[2.689,50.655],[2.658,50.651],[2.639,50.667],[2.667,50.678],[2.687,50.666]]]}},{"type":"Feature","properties":{"code":"59424","nom":"Neuf-Mesnil","pop":1286},"geometry":{"type":"Polygon","coordinates":[[[3.912,50.269],[3.928,50.264],[3.925,50.262],[3.894,50.264],[3.912,50.269]]]}},{"type":"Feature","properties":{"code":"59425","nom":"Neuville-en-Avesnois","pop":298},"geometry":{"type":"Polygon","coordinates":[[[3.574,50.212],[3.599,50.195],[3.591,50.188],[3.565,50.2],[3.56,50.206],[3.574,50.212]]]}},{"type":"Feature","properties":{"code":"59426","nom":"Neuville-en-Ferrain","pop":10002},"geometry":{"type":"Polygon","coordinates":[[[3.139,50.741],[3.14,50.758],[3.161,50.773],[3.184,50.749],[3.139,50.741]]]}},{"type":"Feature","properties":{"code":"59427","nom":"La Neuville","pop":593},"geometry":{"type":"Polygon","coordinates":[[[3.071,50.488],[3.045,50.487],[3.037,50.497],[3.045,50.51],[3.071,50.488]]]}},{"type":"Feature","properties":{"code":"59428","nom":"Neuville-Saint-Rémy","pop":4012},"geometry":{"type":"Polygon","coordinates":[[[3.21,50.179],[3.207,50.194],[3.229,50.194],[3.21,50.179]]]}},{"type":"Feature","properties":{"code":"59429","nom":"Neuville-sur-Escaut","pop":2901},"geometry":{"type":"Polygon","coordinates":[[[3.367,50.285],[3.365,50.283],[3.332,50.278],[3.35,50.302],[3.367,50.304],[3.367,50.285]]]}},{"type":"Feature","properties":{"code":"59430","nom":"Neuvilly","pop":1103},"geometry":{"type":"Polygon","coordinates":[[[3.505,50.12],[3.498,50.114],[3.487,50.116],[3.481,50.133],[3.514,50.154],[3.546,50.142],[3.548,50.137],[3.505,50.12]]]}},{"type":"Feature","properties":{"code":"59431","nom":"Nieppe","pop":7764},"geometry":{"type":"Polygon","coordinates":[[[2.87,50.703],[2.856,50.686],[2.81,50.671],[2.813,50.694],[2.795,50.712],[2.813,50.717],[2.848,50.723],[2.87,50.703]]]}},{"type":"Feature","properties":{"code":"59432","nom":"Niergnies","pop":509},"geometry":{"type":"Polygon","coordinates":[[[3.264,50.152],[3.273,50.143],[3.25,50.131],[3.245,50.134],[3.243,50.149],[3.264,50.152]]]}},{"type":"Feature","properties":{"code":"59433","nom":"Nieurlet","pop":908},"geometry":{"type":"Polygon","coordinates":[[[2.317,50.8],[2.317,50.793],[2.313,50.787],[2.289,50.777],[2.256,50.788],[2.26,50.812],[2.284,50.799],[2.317,50.8]]]}},{"type":"Feature","properties":{"code":"59434","nom":"Nivelle","pop":1406},"geometry":{"type":"Polygon","coordinates":[[[3.435,50.478],[3.464,50.478],[3.478,50.472],[3.496,50.459],[3.436,50.462],[3.435,50.478]]]}},{"type":"Feature","properties":{"code":"59435","nom":"Nomain","pop":2651},"geometry":{"type":"Polygon","coordinates":[[[3.256,50.484],[3.232,50.485],[3.191,50.496],[3.201,50.505],[3.206,50.516],[3.252,50.524],[3.294,50.507],[3.275,50.49],[3.256,50.484]]]}},{"type":"Feature","properties":{"code":"59436","nom":"Noordpeene","pop":825},"geometry":{"type":"Polygon","coordinates":[[[2.386,50.778],[2.361,50.776],[2.313,50.787],[2.317,50.793],[2.36,50.802],[2.357,50.815],[2.371,50.814],[2.415,50.809],[2.386,50.778]]]}},{"type":"Feature","properties":{"code":"59437","nom":"Noyelles-lès-Seclin","pop":838},"geometry":{"type":"Polygon","coordinates":[[[2.989,50.582],[2.989,50.582],[3.013,50.582],[3.04,50.573],[3.022,50.567],[2.989,50.582]]]}},{"type":"Feature","properties":{"code":"59438","nom":"Noyelles-sur-Escaut","pop":816},"geometry":{"type":"Polygon","coordinates":[[[3.147,50.128],[3.146,50.129],[3.185,50.151],[3.204,50.142],[3.184,50.128],[3.147,50.128]]]}},{"type":"Feature","properties":{"code":"59439","nom":"Noyelles-sur-Sambre","pop":283},"geometry":{"type":"Polygon","coordinates":[[[3.822,50.164],[3.783,50.145],[3.773,50.16],[3.776,50.162],[3.81,50.172],[3.821,50.169],[3.822,50.164]]]}},{"type":"Feature","properties":{"code":"59440","nom":"Noyelles-sur-Selle","pop":657},"geometry":{"type":"Polygon","coordinates":[[[3.388,50.266],[3.371,50.267],[3.365,50.283],[3.367,50.285],[3.396,50.284],[3.388,50.266]]]}},{"type":"Feature","properties":{"code":"59441","nom":"Obies","pop":660},"geometry":{"type":"Polygon","coordinates":[[[3.796,50.258],[3.753,50.27],[3.768,50.28],[3.787,50.284],[3.796,50.258]]]}},{"type":"Feature","properties":{"code":"59442","nom":"Obrechies","pop":283},"geometry":{"type":"Polygon","coordinates":[[[4.028,50.204],[4.019,50.23],[4.051,50.234],[4.06,50.22],[4.061,50.218],[4.031,50.205],[4.028,50.204]]]}},{"type":"Feature","properties":{"code":"59443","nom":"Ochtezeele","pop":351},"geometry":{"type":"Polygon","coordinates":[[[2.422,50.808],[2.415,50.809],[2.371,50.814],[2.397,50.835],[2.425,50.819],[2.422,50.808]]]}},{"type":"Feature","properties":{"code":"59444","nom":"Odomez","pop":945},"geometry":{"type":"Polygon","coordinates":[[[3.536,50.462],[3.539,50.461],[3.555,50.453],[3.558,50.431],[3.523,50.442],[3.536,50.462]]]}},{"type":"Feature","properties":{"code":"59445","nom":"Ohain","pop":1171},"geometry":{"type":"Polygon","coordinates":[[[4.141,50.056],[4.161,50.048],[4.136,50.015],[4.1,50.019],[4.1,50.042],[4.141,50.056]]]}},{"type":"Feature","properties":{"code":"59446","nom":"Oisy","pop":699},"geometry":{"type":"Polygon","coordinates":[[[3.42,50.343],[3.423,50.347],[3.422,50.354],[3.442,50.363],[3.432,50.342],[3.42,50.343]]]}},{"type":"Feature","properties":{"code":"59447","nom":"Onnaing","pop":8479},"geometry":{"type":"Polygon","coordinates":[[[3.565,50.405],[3.58,50.41],[3.589,50.41],[3.609,50.405],[3.629,50.373],[3.616,50.362],[3.597,50.366],[3.565,50.405]]]}},{"type":"Feature","properties":{"code":"59448","nom":"Oost-Cappel","pop":463},"geometry":{"type":"Polygon","coordinates":[[[2.576,50.92],[2.573,50.937],[2.593,50.938],[2.609,50.931],[2.59,50.919],[2.576,50.92]]]}},{"type":"Feature","properties":{"code":"59449","nom":"Orchies","pop":8396},"geometry":{"type":"Polygon","coordinates":[[[3.232,50.485],[3.256,50.484],[3.27,50.464],[3.245,50.451],[3.227,50.452],[3.21,50.472],[3.232,50.485]]]}},{"type":"Feature","properties":{"code":"59450","nom":"Ors","pop":644},"geometry":{"type":"Polygon","coordinates":[[[3.644,50.119],[3.675,50.101],[3.669,50.099],[3.624,50.082],[3.602,50.102],[3.607,50.129],[3.612,50.131],[3.644,50.119]]]}},{"type":"Feature","properties":{"code":"59451","nom":"Orsinval","pop":564},"geometry":{"type":"Polygon","coordinates":[[[3.649,50.277],[3.651,50.268],[3.61,50.267],[3.649,50.277]]]}},{"type":"Feature","properties":{"code":"59452","nom":"Ostricourt","pop":6097},"geometry":{"type":"Polygon","coordinates":[[[3.042,50.445],[3.016,50.442],[3.008,50.456],[3.017,50.468],[3.045,50.473],[3.059,50.456],[3.042,50.445]]]}},{"type":"Feature","properties":{"code":"59453","nom":"Oudezeele","pop":690},"geometry":{"type":"Polygon","coordinates":[[[2.488,50.836],[2.519,50.864],[2.531,50.848],[2.532,50.832],[2.517,50.823],[2.51,50.821],[2.488,50.836]]]}},{"type":"Feature","properties":{"code":"59454","nom":"Oxelaëre","pop":540},"geometry":{"type":"Polygon","coordinates":[[[2.467,50.8],[2.482,50.792],[2.475,50.759],[2.475,50.757],[2.455,50.784],[2.467,50.8]]]}},{"type":"Feature","properties":{"code":"59455","nom":"Paillencourt","pop":1030},"geometry":{"type":"Polygon","coordinates":[[[3.245,50.261],[3.271,50.259],[3.283,50.252],[3.289,50.25],[3.28,50.238],[3.255,50.235],[3.249,50.243],[3.245,50.261]]]}},{"type":"Feature","properties":{"code":"59456","nom":"Pecquencourt","pop":6092},"geometry":{"type":"Polygon","coordinates":[[[3.222,50.362],[3.214,50.364],[3.209,50.365],[3.193,50.382],[3.2,50.388],[3.212,50.39],[3.25,50.386],[3.24,50.368],[3.222,50.362]]]}},{"type":"Feature","properties":{"code":"59457","nom":"Pérenchies","pop":8455},"geometry":{"type":"Polygon","coordinates":[[[2.979,50.671],[2.984,50.661],[2.971,50.658],[2.952,50.674],[2.96,50.68],[2.969,50.682],[2.979,50.671]]]}},{"type":"Feature","properties":{"code":"59458","nom":"Péronne-en-Mélantois","pop":1025},"geometry":{"type":"Polygon","coordinates":[[[3.18,50.567],[3.178,50.562],[3.175,50.558],[3.166,50.559],[3.163,50.571],[3.18,50.567]]]}},{"type":"Feature","properties":{"code":"59459","nom":"Petite-Forêt","pop":5054},"geometry":{"type":"Polygon","coordinates":[[[3.477,50.362],[3.471,50.362],[3.461,50.381],[3.495,50.374],[3.49,50.369],[3.477,50.362]]]}},{"type":"Feature","properties":{"code":"59461","nom":"Petit-Fayt","pop":286},"geometry":{"type":"Polygon","coordinates":[[[3.793,50.095],[3.823,50.118],[3.854,50.121],[3.878,50.116],[3.87,50.109],[3.841,50.108],[3.809,50.076],[3.802,50.083],[3.793,50.095]]]}},{"type":"Feature","properties":{"code":"59462","nom":"Phalempin","pop":4847},"geometry":{"type":"Polygon","coordinates":[[[3.01,50.49],[3.008,50.493],[3,50.523],[3.014,50.532],[3.039,50.518],[3.045,50.51],[3.037,50.497],[3.01,50.49]]]}},{"type":"Feature","properties":{"code":"59463","nom":"Pitgam","pop":1007},"geometry":{"type":"Polygon","coordinates":[[[2.339,50.964],[2.369,50.933],[2.388,50.909],[2.346,50.897],[2.337,50.909],[2.311,50.92],[2.294,50.932],[2.319,50.955],[2.339,50.964]]]}},{"type":"Feature","properties":{"code":"59464","nom":"Poix-du-Nord","pop":2126},"geometry":{"type":"Polygon","coordinates":[[[3.634,50.171],[3.627,50.166],[3.611,50.169],[3.591,50.188],[3.599,50.195],[3.618,50.207],[3.625,50.206],[3.642,50.181],[3.646,50.172],[3.634,50.171]]]}},{"type":"Feature","properties":{"code":"59465","nom":"Pommereuil","pop":765},"geometry":{"type":"Polygon","coordinates":[[[3.579,50.102],[3.561,50.121],[3.607,50.129],[3.602,50.102],[3.579,50.102]]]}},{"type":"Feature","properties":{"code":"59466","nom":"Pont-à-Marcq","pop":3016},"geometry":{"type":"Polygon","coordinates":[[[3.105,50.516],[3.108,50.529],[3.132,50.518],[3.105,50.516]]]}},{"type":"Feature","properties":{"code":"59467","nom":"Pont-sur-Sambre","pop":2371},"geometry":{"type":"Polygon","coordinates":[[[3.848,50.218],[3.811,50.224],[3.81,50.226],[3.832,50.246],[3.849,50.249],[3.87,50.247],[3.887,50.229],[3.88,50.223],[3.848,50.218]]]}},{"type":"Feature","properties":{"code":"59468","nom":"Potelle","pop":439},"geometry":{"type":"Polygon","coordinates":[[[3.652,50.251],[3.677,50.241],[3.675,50.214],[3.674,50.214],[3.656,50.231],[3.652,50.251]]]}},{"type":"Feature","properties":{"code":"59469","nom":"Pradelles","pop":399},"geometry":{"type":"Polygon","coordinates":[[[2.604,50.718],[2.594,50.719],[2.597,50.745],[2.62,50.741],[2.622,50.739],[2.604,50.718]]]}},{"type":"Feature","properties":{"code":"59470","nom":"Prémesques","pop":2031},"geometry":{"type":"Polygon","coordinates":[[[2.971,50.658],[2.969,50.657],[2.952,50.648],[2.929,50.659],[2.926,50.664],[2.952,50.674],[2.971,50.658]]]}},{"type":"Feature","properties":{"code":"59471","nom":"Préseau","pop":2100},"geometry":{"type":"Polygon","coordinates":[[[3.556,50.299],[3.55,50.31],[3.566,50.32],[3.586,50.321],[3.602,50.312],[3.589,50.304],[3.556,50.299]]]}},{"type":"Feature","properties":{"code":"59472","nom":"Preux-au-Bois","pop":832},"geometry":{"type":"Polygon","coordinates":[[[3.666,50.15],[3.634,50.171],[3.646,50.172],[3.661,50.178],[3.666,50.15]]]}},{"type":"Feature","properties":{"code":"59473","nom":"Preux-au-Sart","pop":300},"geometry":{"type":"Polygon","coordinates":[[[3.725,50.29],[3.726,50.288],[3.724,50.282],[3.674,50.28],[3.67,50.29],[3.714,50.299],[3.715,50.299],[3.725,50.29]]]}},{"type":"Feature","properties":{"code":"59474","nom":"Prisches","pop":1000},"geometry":{"type":"Polygon","coordinates":[[[3.802,50.083],[3.776,50.072],[3.775,50.049],[3.746,50.053],[3.715,50.069],[3.751,50.1],[3.767,50.108],[3.793,50.095],[3.802,50.083]]]}},{"type":"Feature","properties":{"code":"59475","nom":"Prouvy","pop":2178},"geometry":{"type":"Polygon","coordinates":[[[3.453,50.346],[3.457,50.345],[3.463,50.337],[3.473,50.314],[3.464,50.31],[3.448,50.314],[3.438,50.323],[3.453,50.346]]]}},{"type":"Feature","properties":{"code":"59476","nom":"Proville","pop":3206},"geometry":{"type":"Polygon","coordinates":[[[3.185,50.151],[3.187,50.159],[3.205,50.17],[3.214,50.145],[3.212,50.143],[3.204,50.142],[3.185,50.151]]]}},{"type":"Feature","properties":{"code":"59477","nom":"Provin","pop":4428},"geometry":{"type":"Polygon","coordinates":[[[2.91,50.5],[2.905,50.504],[2.895,50.532],[2.927,50.508],[2.91,50.5]]]}},{"type":"Feature","properties":{"code":"59478","nom":"Quaëdypre","pop":1108},"geometry":{"type":"Polygon","coordinates":[[[2.475,50.962],[2.492,50.935],[2.494,50.922],[2.477,50.914],[2.442,50.911],[2.432,50.964],[2.434,50.964],[2.475,50.962]]]}},{"type":"Feature","properties":{"code":"59479","nom":"Quarouble","pop":3145},"geometry":{"type":"Polygon","coordinates":[[[3.631,50.437],[3.649,50.402],[3.646,50.379],[3.629,50.373],[3.609,50.405],[3.604,50.425],[3.609,50.435],[3.615,50.436],[3.631,50.437]]]}},{"type":"Feature","properties":{"code":"59480","nom":"Quérénaing","pop":865},"geometry":{"type":"Polygon","coordinates":[[[3.526,50.279],[3.512,50.277],[3.49,50.277],[3.481,50.284],[3.482,50.285],[3.514,50.298],[3.521,50.291],[3.526,50.279]]]}},{"type":"Feature","properties":{"code":"59481","nom":"Le Quesnoy","pop":4878},"geometry":{"type":"Polygon","coordinates":[[[3.653,50.266],[3.652,50.251],[3.656,50.231],[3.64,50.233],[3.619,50.238],[3.586,50.249],[3.608,50.268],[3.61,50.267],[3.651,50.268],[3.653,50.266]]]}},{"type":"Feature","properties":{"code":"59482","nom":"Quesnoy-sur-Deûle","pop":6805},"geometry":{"type":"Polygon","coordinates":[[[2.982,50.694],[2.967,50.71],[3.008,50.729],[3.035,50.732],[3.049,50.723],[3.018,50.701],[2.982,50.694]]]}},{"type":"Feature","properties":{"code":"59483","nom":"Quiévelon","pop":135},"geometry":{"type":"Polygon","coordinates":[[[4.051,50.234],[4.052,50.239],[4.077,50.248],[4.06,50.22],[4.051,50.234]]]}},{"type":"Feature","properties":{"code":"59484","nom":"Quiévrechain","pop":5949},"geometry":{"type":"Polygon","coordinates":[[[3.674,50.41],[3.665,50.38],[3.646,50.379],[3.649,50.402],[3.674,50.41]]]}},{"type":"Feature","properties":{"code":"59485","nom":"Quiévy","pop":1803},"geometry":{"type":"Polygon","coordinates":[[[3.404,50.151],[3.401,50.168],[3.443,50.174],[3.434,50.153],[3.404,50.151]]]}},{"type":"Feature","properties":{"code":"59486","nom":"Râches","pop":2672},"geometry":{"type":"Polygon","coordinates":[[[3.15,50.413],[3.142,50.41],[3.122,50.405],[3.128,50.425],[3.133,50.436],[3.147,50.437],[3.15,50.413]]]}},{"type":"Feature","properties":{"code":"59487","nom":"Radinghem-en-Weppes","pop":1410},"geometry":{"type":"Polygon","coordinates":[[[2.922,50.626],[2.92,50.618],[2.891,50.616],[2.875,50.634],[2.892,50.644],[2.922,50.626]]]}},{"type":"Feature","properties":{"code":"59488","nom":"Raillencourt-Sainte-Olle","pop":2127},"geometry":{"type":"Polygon","coordinates":[[[3.207,50.194],[3.21,50.179],[3.201,50.176],[3.156,50.182],[3.143,50.196],[3.161,50.202],[3.196,50.199],[3.198,50.199],[3.207,50.194]]]}},{"type":"Feature","properties":{"code":"59489","nom":"Raimbeaucourt","pop":4000},"geometry":{"type":"Polygon","coordinates":[[[3.073,50.425],[3.069,50.426],[3.082,50.444],[3.105,50.452],[3.133,50.436],[3.128,50.425],[3.073,50.425]]]}},{"type":"Feature","properties":{"code":"59490","nom":"Rainsars","pop":197},"geometry":{"type":"Polygon","coordinates":[[[3.992,50.084],[4.024,50.066],[3.987,50.057],[3.977,50.073],[3.992,50.084]]]}},{"type":"Feature","properties":{"code":"59491","nom":"Raismes","pop":12199},"geometry":{"type":"Polygon","coordinates":[[[3.434,50.379],[3.432,50.379],[3.423,50.405],[3.429,50.412],[3.462,50.412],[3.509,50.45],[3.521,50.441],[3.549,50.414],[3.511,50.395],[3.499,50.382],[3.495,50.374],[3.461,50.381],[3.434,50.379]]]}},{"type":"Feature","properties":{"code":"59492","nom":"Ramillies","pop":579},"geometry":{"type":"Polygon","coordinates":[[[3.227,50.207],[3.23,50.21],[3.25,50.22],[3.267,50.203],[3.249,50.193],[3.228,50.203],[3.227,50.207]]]}},{"type":"Feature","properties":{"code":"59493","nom":"Ramousies","pop":220},"geometry":{"type":"Polygon","coordinates":[[[4.006,50.106],[4.016,50.129],[4.059,50.128],[4.055,50.103],[4.006,50.106]]]}},{"type":"Feature","properties":{"code":"59494","nom":"Raucourt-au-Bois","pop":150},"geometry":{"type":"Polygon","coordinates":[[[3.655,50.2],[3.646,50.206],[3.667,50.209],[3.655,50.2]]]}},{"type":"Feature","properties":{"code":"59495","nom":"Recquignies","pop":2338},"geometry":{"type":"Polygon","coordinates":[[[4.066,50.286],[4.076,50.272],[4.036,50.265],[4.026,50.271],[4.024,50.281],[4.032,50.281],[4.066,50.286]]]}},{"type":"Feature","properties":{"code":"59496","nom":"Rejet-de-Beaulieu","pop":241},"geometry":{"type":"Polygon","coordinates":[[[3.658,50.049],[3.662,50.039],[3.625,50.031],[3.609,50.058],[3.658,50.049]]]}},{"type":"Feature","properties":{"code":"59497","nom":"Renescure","pop":2113},"geometry":{"type":"Polygon","coordinates":[[[2.364,50.752],[2.411,50.767],[2.417,50.756],[2.417,50.755],[2.394,50.729],[2.405,50.718],[2.398,50.708],[2.366,50.709],[2.355,50.717],[2.34,50.731],[2.364,50.752]]]}},{"type":"Feature","properties":{"code":"59498","nom":"Reumont","pop":337},"geometry":{"type":"Polygon","coordinates":[[[3.477,50.077],[3.459,50.08],[3.461,50.087],[3.491,50.095],[3.492,50.081],[3.477,50.077]]]}},{"type":"Feature","properties":{"code":"59499","nom":"Rexpoëde","pop":1976},"geometry":{"type":"Polygon","coordinates":[[[2.573,50.937],[2.576,50.92],[2.532,50.918],[2.514,50.95],[2.526,50.957],[2.573,50.937]]]}},{"type":"Feature","properties":{"code":"59500","nom":"Ribécourt-la-Tour","pop":380},"geometry":{"type":"Polygon","coordinates":[[[3.114,50.093],[3.104,50.105],[3.104,50.111],[3.136,50.121],[3.157,50.109],[3.145,50.09],[3.114,50.093]]]}},{"type":"Feature","properties":{"code":"59501","nom":"Rieulay","pop":1261},"geometry":{"type":"Polygon","coordinates":[[[3.25,50.386],[3.252,50.394],[3.293,50.397],[3.297,50.39],[3.286,50.381],[3.247,50.368],[3.24,50.368],[3.25,50.386]]]}},{"type":"Feature","properties":{"code":"59502","nom":"Rieux-en-Cambrésis","pop":1425},"geometry":{"type":"Polygon","coordinates":[[[3.343,50.186],[3.338,50.192],[3.326,50.215],[3.363,50.218],[3.381,50.213],[3.346,50.186],[3.343,50.186]]]}},{"type":"Feature","properties":{"code":"59503","nom":"Robersart","pop":201},"geometry":{"type":"Polygon","coordinates":[[[3.627,50.166],[3.634,50.171],[3.666,50.15],[3.665,50.144],[3.639,50.153],[3.627,50.166]]]}},{"type":"Feature","properties":{"code":"59504","nom":"Rœulx","pop":3743},"geometry":{"type":"Polygon","coordinates":[[[3.343,50.315],[3.347,50.307],[3.33,50.302],[3.309,50.316],[3.325,50.326],[3.343,50.315]]]}},{"type":"Feature","properties":{"code":"59505","nom":"Rombies-et-Marchipont","pop":741},"geometry":{"type":"Polygon","coordinates":[[[3.62,50.357],[3.616,50.362],[3.629,50.373],[3.646,50.379],[3.665,50.38],[3.657,50.371],[3.62,50.357]]]}},{"type":"Feature","properties":{"code":"59506","nom":"Romeries","pop":471},"geometry":{"type":"Polygon","coordinates":[[[3.551,50.211],[3.557,50.207],[3.56,50.206],[3.565,50.2],[3.553,50.184],[3.544,50.182],[3.518,50.198],[3.551,50.211]]]}},{"type":"Feature","properties":{"code":"59507","nom":"Ronchin","pop":19787},"geometry":{"type":"Polygon","coordinates":[[[3.097,50.617],[3.115,50.61],[3.086,50.589],[3.071,50.607],[3.097,50.617]]]}},{"type":"Feature","properties":{"code":"59508","nom":"Roncq","pop":14075},"geometry":{"type":"Polygon","coordinates":[[[3.102,50.724],[3.087,50.755],[3.1,50.762],[3.14,50.758],[3.139,50.741],[3.119,50.726],[3.102,50.724]]]}},{"type":"Feature","properties":{"code":"59509","nom":"Roost-Warendin","pop":5956},"geometry":{"type":"Polygon","coordinates":[[[3.104,50.398],[3.092,50.404],[3.073,50.425],[3.128,50.425],[3.122,50.405],[3.104,50.398]]]}},{"type":"Feature","properties":{"code":"59511","nom":"Rosult","pop":2022},"geometry":{"type":"Polygon","coordinates":[[[3.333,50.456],[3.359,50.472],[3.381,50.454],[3.386,50.44],[3.363,50.437],[3.356,50.44],[3.349,50.441],[3.332,50.454],[3.333,50.456]]]}},{"type":"Feature","properties":{"code":"59512","nom":"Roubaix","pop":98286},"geometry":{"type":"Polygon","coordinates":[[[3.173,50.671],[3.154,50.693],[3.176,50.708],[3.216,50.689],[3.214,50.686],[3.199,50.672],[3.173,50.671]]]}},{"type":"Feature","properties":{"code":"59513","nom":"Roucourt","pop":456},"geometry":{"type":"Polygon","coordinates":[[[3.162,50.325],[3.157,50.317],[3.129,50.326],[3.135,50.336],[3.149,50.336],[3.162,50.325]]]}},{"type":"Feature","properties":{"code":"59514","nom":"Rousies","pop":3980},"geometry":{"type":"Polygon","coordinates":[[[3.976,50.259],[3.972,50.258],[4.01,50.285],[4.024,50.281],[4.026,50.271],[4.011,50.264],[3.976,50.259]]]}},{"type":"Feature","properties":{"code":"59515","nom":"Rouvignies","pop":655},"geometry":{"type":"Polygon","coordinates":[[[3.438,50.323],[3.423,50.323],[3.435,50.34],[3.453,50.346],[3.438,50.323]]]}},{"type":"Feature","properties":{"code":"59516","nom":"Rubrouck","pop":899},"geometry":{"type":"Polygon","coordinates":[[[2.332,50.84],[2.384,50.852],[2.397,50.835],[2.371,50.814],[2.357,50.815],[2.328,50.817],[2.332,50.84],[2.332,50.84]]]}},{"type":"Feature","properties":{"code":"59517","nom":"Les Rues-des-Vignes","pop":737},"geometry":{"type":"MultiPolygon","coordinates":[[[[3.184,50.08],[3.189,50.087],[3.231,50.107],[3.258,50.092],[3.25,50.056],[3.207,50.071],[3.184,50.08]]],[[[3.245,50.028],[3.245,50.03],[3.245,50.04],[3.25,50.056],[3.264,50.031],[3.245,50.028]]]]}},{"type":"Feature","properties":{"code":"59518","nom":"Ruesnes","pop":448},"geometry":{"type":"Polygon","coordinates":[[[3.578,50.249],[3.56,50.252],[3.559,50.265],[3.585,50.279],[3.608,50.268],[3.586,50.249],[3.578,50.249]]]}},{"type":"Feature","properties":{"code":"59519","nom":"Rumegies","pop":1722},"geometry":{"type":"Polygon","coordinates":[[[3.355,50.477],[3.33,50.499],[3.335,50.508],[3.377,50.491],[3.355,50.477]]]}},{"type":"Feature","properties":{"code":"59520","nom":"Rumilly-en-Cambrésis","pop":1431},"geometry":{"type":"Polygon","coordinates":[[[3.245,50.134],[3.235,50.112],[3.213,50.125],[3.212,50.143],[3.214,50.145],[3.243,50.149],[3.245,50.134]]]}},{"type":"Feature","properties":{"code":"59521","nom":"Sailly-lez-Cambrai","pop":409},"geometry":{"type":"Polygon","coordinates":[[[3.161,50.202],[3.181,50.21],[3.196,50.199],[3.161,50.202]]]}},{"type":"Feature","properties":{"code":"59522","nom":"Sailly-lez-Lannoy","pop":1923},"geometry":{"type":"Polygon","coordinates":[[[3.206,50.635],[3.221,50.655],[3.245,50.651],[3.251,50.636],[3.207,50.635],[3.206,50.635]]]}},{"type":"Feature","properties":{"code":"59523","nom":"Sainghin-en-Mélantois","pop":2840},"geometry":{"type":"Polygon","coordinates":[[[3.133,50.586],[3.138,50.601],[3.172,50.602],[3.192,50.593],[3.193,50.593],[3.185,50.573],[3.18,50.567],[3.163,50.571],[3.133,50.586]]]}},{"type":"Feature","properties":{"code":"59524","nom":"Sainghin-en-Weppes","pop":5638},"geometry":{"type":"Polygon","coordinates":[[[2.898,50.534],[2.887,50.533],[2.887,50.538],[2.881,50.563],[2.885,50.576],[2.905,50.58],[2.917,50.551],[2.9,50.536],[2.898,50.534]]]}},{"type":"Feature","properties":{"code":"59525","nom":"Sains-du-Nord","pop":2755},"geometry":{"type":"Polygon","coordinates":[[[4.081,50.081],[4.067,50.072],[4.039,50.066],[4.024,50.066],[3.992,50.084],[4.006,50.106],[4.055,50.103],[4.081,50.081]]]}},{"type":"Feature","properties":{"code":"59526","nom":"Saint-Amand-les-Eaux","pop":15974},"geometry":{"type":"Polygon","coordinates":[[[3.496,50.459],[3.509,50.45],[3.462,50.412],[3.429,50.412],[3.405,50.428],[3.386,50.44],[3.381,50.454],[3.436,50.462],[3.496,50.459]]]}},{"type":"Feature","properties":{"code":"59527","nom":"Saint-André-lez-Lille","pop":13233},"geometry":{"type":"Polygon","coordinates":[[[3.021,50.672],[3.023,50.672],[3.023,50.672],[3.062,50.664],[3.06,50.651],[3.046,50.648],[3.021,50.672]]]}},{"type":"Feature","properties":{"code":"59528","nom":"Saint-Aubert","pop":1570},"geometry":{"type":"Polygon","coordinates":[[[3.445,50.213],[3.452,50.204],[3.4,50.191],[3.399,50.191],[3.391,50.21],[3.421,50.222],[3.43,50.223],[3.445,50.213]]]}},{"type":"Feature","properties":{"code":"59529","nom":"Saint-Aubin","pop":328},"geometry":{"type":"Polygon","coordinates":[[[3.889,50.169],[3.897,50.181],[3.914,50.194],[3.913,50.196],[3.933,50.19],[3.932,50.154],[3.901,50.153],[3.889,50.169]]]}},{"type":"Feature","properties":{"code":"59530","nom":"Saint-Aybert","pop":328},"geometry":{"type":"Polygon","coordinates":[[[3.642,50.441],[3.628,50.456],[3.643,50.463],[3.67,50.437],[3.642,50.441]]]}},{"type":"Feature","properties":{"code":"59531","nom":"Saint-Benin","pop":343},"geometry":{"type":"Polygon","coordinates":[[[3.509,50.067],[3.508,50.073],[3.542,50.07],[3.509,50.067]]]}},{"type":"Feature","properties":{"code":"59532","nom":"Saint-Georges-sur-l'Aa","pop":287},"geometry":{"type":"Polygon","coordinates":[[[2.142,50.948],[2.125,50.97],[2.178,50.985],[2.184,50.973],[2.142,50.948]]]}},{"type":"Feature","properties":{"code":"59533","nom":"Saint-Hilaire-lez-Cambrai","pop":1558},"geometry":{"type":"Polygon","coordinates":[[[3.45,50.185],[3.443,50.174],[3.401,50.168],[3.392,50.177],[3.39,50.179],[3.399,50.191],[3.4,50.191],[3.45,50.185]]]}},{"type":"Feature","properties":{"code":"59534","nom":"Saint-Hilaire-sur-Helpe","pop":733},"geometry":{"type":"Polygon","coordinates":[[[3.875,50.102],[3.87,50.109],[3.878,50.116],[3.887,50.136],[3.874,50.16],[3.889,50.169],[3.901,50.153],[3.932,50.154],[3.932,50.132],[3.916,50.124],[3.875,50.102]]]}},{"type":"Feature","properties":{"code":"59535","nom":"Saint-Jans-Cappel","pop":1598},"geometry":{"type":"Polygon","coordinates":[[[2.754,50.775],[2.707,50.751],[2.697,50.766],[2.706,50.78],[2.738,50.781],[2.754,50.775]]]}},{"type":"Feature","properties":{"code":"59536","nom":"Sainte-Marie-Cappel","pop":825},"geometry":{"type":"Polygon","coordinates":[[[2.518,50.797],[2.533,50.789],[2.525,50.768],[2.498,50.767],[2.518,50.797]]]}},{"type":"Feature","properties":{"code":"59537","nom":"Saint-Martin-sur-Écaillon","pop":483},"geometry":{"type":"Polygon","coordinates":[[[3.528,50.226],[3.516,50.226],[3.497,50.242],[3.517,50.254],[3.53,50.234],[3.528,50.226]]]}},{"type":"Feature","properties":{"code":"59538","nom":"Saint-Momelin","pop":410},"geometry":{"type":"Polygon","coordinates":[[[2.256,50.788],[2.243,50.797],[2.227,50.808],[2.232,50.824],[2.263,50.819],[2.26,50.812],[2.256,50.788]]]}},{"type":"Feature","properties":{"code":"59539","nom":"Saint-Pierre-Brouck","pop":989},"geometry":{"type":"Polygon","coordinates":[[[2.19,50.872],[2.189,50.875],[2.166,50.912],[2.197,50.913],[2.209,50.894],[2.201,50.873],[2.19,50.872]]]}},{"type":"Feature","properties":{"code":"59541","nom":"Saint-Python","pop":978},"geometry":{"type":"Polygon","coordinates":[[[3.453,50.185],[3.456,50.202],[3.501,50.205],[3.465,50.175],[3.453,50.185]]]}},{"type":"Feature","properties":{"code":"59542","nom":"Saint-Remy-Chaussée","pop":469},"geometry":{"type":"Polygon","coordinates":[[[3.857,50.195],[3.873,50.19],[3.897,50.181],[3.889,50.169],[3.874,50.16],[3.874,50.16],[3.858,50.194],[3.857,50.195]]]}},{"type":"Feature","properties":{"code":"59543","nom":"Saint-Remy-du-Nord","pop":1054},"geometry":{"type":"Polygon","coordinates":[[[3.88,50.223],[3.887,50.229],[3.884,50.239],[3.927,50.234],[3.902,50.215],[3.88,50.223]]]}},{"type":"Feature","properties":{"code":"59544","nom":"Saint-Saulve","pop":10947},"geometry":{"type":"Polygon","coordinates":[[[3.597,50.366],[3.579,50.353],[3.541,50.362],[3.545,50.38],[3.564,50.405],[3.565,50.405],[3.597,50.366]]]}},{"type":"Feature","properties":{"code":"59545","nom":"Saint-Souplet","pop":1191},"geometry":{"type":"Polygon","coordinates":[[[3.509,50.067],[3.542,50.07],[3.556,50.054],[3.53,50.039],[3.507,50.036],[3.483,50.057],[3.509,50.067]]]}},{"type":"Feature","properties":{"code":"59546","nom":"Saint-Sylvestre-Cappel","pop":1144},"geometry":{"type":"Polygon","coordinates":[[[2.571,50.781],[2.576,50.769],[2.563,50.765],[2.525,50.768],[2.533,50.789],[2.571,50.781]]]}},{"type":"Feature","properties":{"code":"59547","nom":"Saint-Vaast-en-Cambrésis","pop":871},"geometry":{"type":"Polygon","coordinates":[[[3.456,50.202],[3.453,50.185],[3.45,50.185],[3.4,50.191],[3.452,50.204],[3.456,50.202]]]}},{"type":"Feature","properties":{"code":"59548","nom":"Saint-Waast","pop":686},"geometry":{"type":"Polygon","coordinates":[[[3.737,50.31],[3.751,50.316],[3.763,50.305],[3.78,50.302],[3.769,50.294],[3.725,50.29],[3.715,50.299],[3.737,50.31]]]}},{"type":"Feature","properties":{"code":"59549","nom":"Salesches","pop":327},"geometry":{"type":"Polygon","coordinates":[[[3.599,50.195],[3.574,50.212],[3.603,50.219],[3.61,50.215],[3.618,50.207],[3.599,50.195]]]}},{"type":"Feature","properties":{"code":"59550","nom":"Salomé","pop":3182},"geometry":{"type":"Polygon","coordinates":[[[2.862,50.53],[2.853,50.529],[2.812,50.529],[2.821,50.544],[2.842,50.551],[2.854,50.539],[2.862,50.53]]]}},{"type":"Feature","properties":{"code":"59551","nom":"Saméon","pop":1704},"geometry":{"type":"Polygon","coordinates":[[[3.359,50.472],[3.333,50.456],[3.301,50.487],[3.33,50.499],[3.355,50.477],[3.359,50.472]]]}},{"type":"Feature","properties":{"code":"59552","nom":"Sancourt","pop":190},"geometry":{"type":"Polygon","coordinates":[[[3.179,50.219],[3.184,50.226],[3.2,50.227],[3.203,50.21],[3.198,50.199],[3.196,50.199],[3.181,50.21],[3.179,50.219]]]}},{"type":"Feature","properties":{"code":"59553","nom":"Santes","pop":5652},"geometry":{"type":"Polygon","coordinates":[[[2.978,50.584],[2.968,50.57],[2.931,50.596],[2.936,50.6],[2.971,50.605],[2.978,50.584]]]}},{"type":"Feature","properties":{"code":"59554","nom":"Sars-et-Rosières","pop":620},"geometry":{"type":"Polygon","coordinates":[[[3.322,50.437],[3.32,50.445],[3.31,50.457],[3.332,50.454],[3.349,50.441],[3.322,50.437]]]}},{"type":"Feature","properties":{"code":"59555","nom":"Sars-Poteries","pop":1402},"geometry":{"type":"Polygon","coordinates":[[[4.015,50.17],[4.044,50.174],[4.073,50.158],[4.082,50.149],[4.017,50.156],[4.015,50.17]]]}},{"type":"Feature","properties":{"code":"59556","nom":"Sassegnies","pop":260},"geometry":{"type":"Polygon","coordinates":[[[3.776,50.162],[3.782,50.185],[3.814,50.187],[3.81,50.172],[3.776,50.162]]]}},{"type":"Feature","properties":{"code":"59557","nom":"Saultain","pop":2499},"geometry":{"type":"Polygon","coordinates":[[[3.566,50.32],[3.559,50.331],[3.577,50.352],[3.609,50.34],[3.586,50.321],[3.566,50.32]]]}},{"type":"Feature","properties":{"code":"59558","nom":"Saulzoir","pop":1672},"geometry":{"type":"Polygon","coordinates":[[[3.43,50.223],[3.421,50.222],[3.409,50.241],[3.436,50.259],[3.476,50.246],[3.464,50.243],[3.43,50.223]]]}},{"type":"Feature","properties":{"code":"59559","nom":"Sebourg","pop":1967},"geometry":{"type":"Polygon","coordinates":[[[3.642,50.32],[3.63,50.326],[3.615,50.339],[3.62,50.357],[3.657,50.371],[3.673,50.335],[3.652,50.323],[3.642,50.32]]]}},{"type":"Feature","properties":{"code":"59560","nom":"Seclin","pop":13261},"geometry":{"type":"Polygon","coordinates":[[[3.04,50.573],[3.043,50.572],[3.069,50.556],[3.064,50.531],[3.039,50.518],[3.014,50.532],[3.008,50.542],[2.982,50.562],[3.022,50.567],[3.04,50.573]]]}},{"type":"Feature","properties":{"code":"59562","nom":"Sémeries","pop":520},"geometry":{"type":"Polygon","coordinates":[[[4.006,50.106],[3.992,50.084],[3.977,50.073],[3.955,50.084],[3.979,50.102],[3.975,50.12],[3.988,50.135],[4.016,50.129],[4.006,50.106]]]}},{"type":"Feature","properties":{"code":"59563","nom":"Semousies","pop":227},"geometry":{"type":"Polygon","coordinates":[[[3.973,50.157],[3.955,50.156],[3.986,50.171],[3.973,50.157]]]}},{"type":"Feature","properties":{"code":"59564","nom":"La Sentinelle","pop":3103},"geometry":{"type":"Polygon","coordinates":[[[3.457,50.345],[3.468,50.358],[3.471,50.362],[3.477,50.362],[3.489,50.342],[3.463,50.337],[3.457,50.345]]]}},{"type":"Feature","properties":{"code":"59565","nom":"Sepmeries","pop":640},"geometry":{"type":"Polygon","coordinates":[[[3.534,50.276],[3.533,50.278],[3.555,50.29],[3.587,50.281],[3.585,50.279],[3.559,50.265],[3.534,50.276]]]}},{"type":"Feature","properties":{"code":"59566","nom":"Sequedin","pop":4675},"geometry":{"type":"Polygon","coordinates":[[[2.974,50.615],[2.963,50.621],[2.972,50.634],[3.014,50.626],[2.996,50.618],[2.974,50.615]]]}},{"type":"Feature","properties":{"code":"59567","nom":"Séranvillers-Forenville","pop":416},"geometry":{"type":"Polygon","coordinates":[[[3.296,50.119],[3.285,50.113],[3.259,50.114],[3.25,50.131],[3.273,50.143],[3.289,50.14],[3.296,50.119]]]}},{"type":"Feature","properties":{"code":"59568","nom":"Sercus","pop":486},"geometry":{"type":"Polygon","coordinates":[[[2.468,50.722],[2.468,50.721],[2.464,50.701],[2.427,50.701],[2.468,50.722]]]}},{"type":"Feature","properties":{"code":"59569","nom":"Sin-le-Noble","pop":16076},"geometry":{"type":"Polygon","coordinates":[[[3.098,50.339],[3.094,50.343],[3.095,50.35],[3.099,50.369],[3.126,50.389],[3.144,50.395],[3.152,50.38],[3.121,50.35],[3.098,50.339]]]}},{"type":"Feature","properties":{"code":"59570","nom":"Socx","pop":869},"geometry":{"type":"Polygon","coordinates":[[[2.442,50.911],[2.42,50.915],[2.402,50.945],[2.401,50.946],[2.431,50.963],[2.432,50.964],[2.442,50.911]]]}},{"type":"Feature","properties":{"code":"59571","nom":"Solesmes","pop":4142},"geometry":{"type":"Polygon","coordinates":[[[3.469,50.169],[3.465,50.175],[3.501,50.205],[3.518,50.198],[3.544,50.182],[3.559,50.171],[3.564,50.167],[3.546,50.142],[3.514,50.154],[3.469,50.169]]]}},{"type":"Feature","properties":{"code":"59572","nom":"Solre-le-Château","pop":1796},"geometry":{"type":"Polygon","coordinates":[[[4.078,50.188],[4.116,50.201],[4.123,50.195],[4.132,50.189],[4.109,50.176],[4.106,50.149],[4.082,50.149],[4.073,50.158],[4.076,50.188],[4.078,50.188]]]}},{"type":"Feature","properties":{"code":"59573","nom":"Solrinnes","pop":142},"geometry":{"type":"Polygon","coordinates":[[[4.076,50.188],[4.066,50.188],[4.058,50.208],[4.064,50.214],[4.082,50.22],[4.091,50.207],[4.078,50.188],[4.076,50.188]]]}},{"type":"Feature","properties":{"code":"59574","nom":"Somain","pop":11766},"geometry":{"type":"Polygon","coordinates":[[[3.295,50.341],[3.281,50.334],[3.257,50.345],[3.247,50.368],[3.286,50.381],[3.295,50.341]]]}},{"type":"Feature","properties":{"code":"59575","nom":"Sommaing","pop":397},"geometry":{"type":"Polygon","coordinates":[[[3.48,50.251],[3.49,50.277],[3.512,50.277],[3.48,50.251]]]}},{"type":"Feature","properties":{"code":"59576","nom":"Spycker","pop":1718},"geometry":{"type":"Polygon","coordinates":[[[2.318,50.997],[2.339,50.964],[2.319,50.955],[2.284,50.976],[2.288,50.98],[2.318,50.997]]]}},{"type":"Feature","properties":{"code":"59577","nom":"Staple","pop":756},"geometry":{"type":"Polygon","coordinates":[[[2.417,50.756],[2.435,50.771],[2.475,50.756],[2.472,50.739],[2.472,50.738],[2.449,50.738],[2.417,50.755],[2.417,50.756]]]}},{"type":"Feature","properties":{"code":"59578","nom":"Steenbecque","pop":1602},"geometry":{"type":"Polygon","coordinates":[[[2.462,50.688],[2.463,50.697],[2.482,50.696],[2.528,50.671],[2.493,50.659],[2.458,50.668],[2.462,50.688]]]}},{"type":"Feature","properties":{"code":"59579","nom":"Steene","pop":1405},"geometry":{"type":"Polygon","coordinates":[[[2.369,50.933],[2.339,50.964],[2.384,50.97],[2.401,50.946],[2.402,50.945],[2.369,50.933]]]}},{"type":"Feature","properties":{"code":"59580","nom":"Steenvoorde","pop":4332},"geometry":{"type":"Polygon","coordinates":[[[2.517,50.823],[2.532,50.832],[2.561,50.826],[2.599,50.853],[2.617,50.848],[2.635,50.813],[2.617,50.795],[2.589,50.792],[2.573,50.809],[2.537,50.806],[2.517,50.823]]]}},{"type":"Feature","properties":{"code":"59581","nom":"Steenwerck","pop":3450},"geometry":{"type":"Polygon","coordinates":[[[2.81,50.671],[2.809,50.669],[2.771,50.664],[2.759,50.652],[2.738,50.676],[2.722,50.69],[2.77,50.714],[2.795,50.712],[2.813,50.694],[2.81,50.671]]]}},{"type":"Feature","properties":{"code":"59582","nom":"Strazeele","pop":942},"geometry":{"type":"Polygon","coordinates":[[[2.631,50.73],[2.632,50.727],[2.633,50.708],[2.604,50.718],[2.622,50.739],[2.631,50.73]]]}},{"type":"Feature","properties":{"code":"59583","nom":"Taisnières-en-Thiérache","pop":475},"geometry":{"type":"Polygon","coordinates":[[[3.783,50.145],[3.822,50.164],[3.837,50.148],[3.813,50.128],[3.811,50.128],[3.783,50.145]]]}},{"type":"Feature","properties":{"code":"59584","nom":"Taisnières-sur-Hon","pop":963},"geometry":{"type":"Polygon","coordinates":[[[3.809,50.307],[3.806,50.31],[3.857,50.348],[3.886,50.327],[3.87,50.318],[3.872,50.304],[3.842,50.3],[3.809,50.307]]]}},{"type":"Feature","properties":{"code":"59585","nom":"Templemars","pop":3669},"geometry":{"type":"Polygon","coordinates":[[[3.077,50.564],[3.069,50.556],[3.043,50.572],[3.066,50.585],[3.071,50.581],[3.077,50.564]]]}},{"type":"Feature","properties":{"code":"59586","nom":"Templeuve-en-Pévèle","pop":7202},"geometry":{"type":"Polygon","coordinates":[[[3.155,50.555],[3.166,50.559],[3.175,50.558],[3.191,50.547],[3.201,50.541],[3.206,50.516],[3.201,50.505],[3.189,50.518],[3.156,50.515],[3.137,50.518],[3.155,50.555]]]}},{"type":"Feature","properties":{"code":"59587","nom":"Terdeghem","pop":519},"geometry":{"type":"Polygon","coordinates":[[[2.533,50.789],[2.518,50.797],[2.537,50.806],[2.573,50.809],[2.589,50.792],[2.571,50.781],[2.533,50.789]]]}},{"type":"Feature","properties":{"code":"59588","nom":"Téteghem-Coudekerque-Village","pop":8247},"geometry":{"type":"Polygon","coordinates":[[[2.406,51.035],[2.446,51.045],[2.469,51.032],[2.507,51.004],[2.463,50.988],[2.436,50.974],[2.424,50.974],[2.392,50.998],[2.384,51.002],[2.416,51.015],[2.406,51.035]]]}},{"type":"Feature","properties":{"code":"59589","nom":"Thiant","pop":2914},"geometry":{"type":"Polygon","coordinates":[[[3.418,50.289],[3.413,50.297],[3.448,50.314],[3.464,50.31],[3.461,50.295],[3.435,50.278],[3.418,50.289]]]}},{"type":"Feature","properties":{"code":"59590","nom":"Thiennes","pop":920},"geometry":{"type":"Polygon","coordinates":[[[2.473,50.639],[2.451,50.653],[2.458,50.668],[2.493,50.659],[2.501,50.64],[2.506,50.634],[2.473,50.639]]]}},{"type":"Feature","properties":{"code":"59591","nom":"Thivencelle","pop":817},"geometry":{"type":"Polygon","coordinates":[[[3.631,50.437],[3.615,50.436],[3.628,50.456],[3.642,50.441],[3.631,50.437]]]}},{"type":"Feature","properties":{"code":"59592","nom":"Thumeries","pop":4170},"geometry":{"type":"Polygon","coordinates":[[[3.071,50.488],[3.071,50.489],[3.09,50.469],[3.067,50.459],[3.059,50.456],[3.045,50.473],[3.045,50.487],[3.071,50.488]]]}},{"type":"Feature","properties":{"code":"59593","nom":"Thun-l'Évêque","pop":788},"geometry":{"type":"Polygon","coordinates":[[[3.305,50.242],[3.309,50.237],[3.282,50.204],[3.271,50.203],[3.257,50.227],[3.251,50.233],[3.255,50.235],[3.28,50.238],[3.305,50.242]]]}},{"type":"Feature","properties":{"code":"59594","nom":"Thun-Saint-Amand","pop":1106},"geometry":{"type":"Polygon","coordinates":[[[3.443,50.496],[3.452,50.491],[3.464,50.478],[3.435,50.478],[3.432,50.485],[3.443,50.496]]]}},{"type":"Feature","properties":{"code":"59595","nom":"Thun-Saint-Martin","pop":543},"geometry":{"type":"Polygon","coordinates":[[[3.294,50.2],[3.282,50.204],[3.309,50.237],[3.323,50.22],[3.294,50.2]]]}},{"type":"Feature","properties":{"code":"59596","nom":"Tilloy-lez-Marchiennes","pop":536},"geometry":{"type":"Polygon","coordinates":[[[3.34,50.425],[3.351,50.421],[3.353,50.417],[3.344,50.415],[3.308,50.415],[3.307,50.434],[3.32,50.445],[3.322,50.437],[3.34,50.425]]]}},{"type":"Feature","properties":{"code":"59597","nom":"Tilloy-lez-Cambrai","pop":695},"geometry":{"type":"Polygon","coordinates":[[[3.227,50.207],[3.228,50.203],[3.229,50.194],[3.207,50.194],[3.198,50.199],[3.203,50.21],[3.227,50.207]]]}},{"type":"Feature","properties":{"code":"59598","nom":"Toufflers","pop":3957},"geometry":{"type":"Polygon","coordinates":[[[3.221,50.655],[3.218,50.661],[3.235,50.671],[3.242,50.667],[3.245,50.651],[3.221,50.655]]]}},{"type":"Feature","properties":{"code":"59599","nom":"Tourcoing","pop":98772},"geometry":{"type":"Polygon","coordinates":[[[3.154,50.693],[3.15,50.693],[3.143,50.694],[3.133,50.715],[3.119,50.726],[3.139,50.741],[3.184,50.749],[3.197,50.737],[3.176,50.708],[3.154,50.693]]]}},{"type":"Feature","properties":{"code":"59600","nom":"Tourmignies","pop":936},"geometry":{"type":"Polygon","coordinates":[[[3.081,50.514],[3.09,50.51],[3.098,50.499],[3.078,50.496],[3.081,50.514]]]}},{"type":"Feature","properties":{"code":"59601","nom":"Trélon","pop":2604},"geometry":{"type":"Polygon","coordinates":[[[4.067,50.072],[4.081,50.081],[4.103,50.088],[4.102,50.111],[4.125,50.119],[4.172,50.094],[4.181,50.079],[4.141,50.056],[4.1,50.042],[4.1,50.019],[4.098,50.02],[4.082,50.023],[4.089,50.056],[4.067,50.072]]]}},{"type":"Feature","properties":{"code":"59602","nom":"Tressin","pop":1386},"geometry":{"type":"Polygon","coordinates":[[[3.179,50.609],[3.204,50.624],[3.196,50.612],[3.179,50.609]]]}},{"type":"Feature","properties":{"code":"59603","nom":"Trith-Saint-Léger","pop":6019},"geometry":{"type":"Polygon","coordinates":[[[3.515,50.327],[3.51,50.321],[3.473,50.314],[3.463,50.337],[3.489,50.342],[3.512,50.338],[3.515,50.327]]]}},{"type":"Feature","properties":{"code":"59604","nom":"Troisvilles","pop":805},"geometry":{"type":"Polygon","coordinates":[[[3.487,50.116],[3.498,50.114],[3.491,50.095],[3.461,50.087],[3.446,50.103],[3.451,50.108],[3.457,50.112],[3.487,50.116]]]}},{"type":"Feature","properties":{"code":"59605","nom":"Uxem","pop":1518},"geometry":{"type":"Polygon","coordinates":[[[2.522,51.01],[2.507,51.004],[2.469,51.032],[2.471,51.054],[2.48,51.036],[2.522,51.01]]]}},{"type":"Feature","properties":{"code":"59606","nom":"Valenciennes","pop":43468},"geometry":{"type":"Polygon","coordinates":[[[3.477,50.362],[3.49,50.369],[3.532,50.384],[3.545,50.38],[3.541,50.362],[3.517,50.339],[3.512,50.338],[3.489,50.342],[3.477,50.362]]]}},{"type":"Feature","properties":{"code":"59607","nom":"Vendegies-au-Bois","pop":482},"geometry":{"type":"Polygon","coordinates":[[[3.564,50.167],[3.559,50.171],[3.553,50.184],[3.565,50.2],[3.591,50.188],[3.611,50.169],[3.602,50.163],[3.578,50.16],[3.564,50.167]]]}},{"type":"Feature","properties":{"code":"59608","nom":"Vendegies-sur-Écaillon","pop":1123},"geometry":{"type":"Polygon","coordinates":[[[3.526,50.279],[3.533,50.278],[3.534,50.276],[3.517,50.254],[3.497,50.242],[3.479,50.247],[3.48,50.251],[3.512,50.277],[3.526,50.279]]]}},{"type":"Feature","properties":{"code":"59609","nom":"Vendeville","pop":1654},"geometry":{"type":"Polygon","coordinates":[[[3.095,50.571],[3.096,50.57],[3.077,50.564],[3.071,50.581],[3.089,50.58],[3.095,50.571]]]}},{"type":"Feature","properties":{"code":"59610","nom":"Verchain-Maugré","pop":1103},"geometry":{"type":"Polygon","coordinates":[[[3.479,50.247],[3.476,50.246],[3.436,50.259],[3.437,50.277],[3.481,50.284],[3.49,50.277],[3.48,50.251],[3.479,50.247]]]}},{"type":"Feature","properties":{"code":"59611","nom":"Verlinghem","pop":2682},"geometry":{"type":"Polygon","coordinates":[[[3.023,50.672],[3.021,50.672],[3.01,50.66],[2.979,50.671],[2.969,50.682],[2.982,50.694],[3.018,50.701],[3.023,50.672]]]}},{"type":"Feature","properties":{"code":"59612","nom":"Vertain","pop":535},"geometry":{"type":"Polygon","coordinates":[[[3.516,50.226],[3.528,50.226],[3.551,50.211],[3.518,50.198],[3.501,50.205],[3.516,50.226]]]}},{"type":"Feature","properties":{"code":"59613","nom":"Vicq","pop":1464},"geometry":{"type":"Polygon","coordinates":[[[3.604,50.425],[3.609,50.405],[3.589,50.41],[3.604,50.425]]]}},{"type":"Feature","properties":{"code":"59614","nom":"Viesly","pop":1364},"geometry":{"type":"Polygon","coordinates":[[[3.443,50.174],[3.45,50.185],[3.453,50.185],[3.465,50.175],[3.469,50.169],[3.473,50.133],[3.465,50.131],[3.443,50.144],[3.434,50.153],[3.443,50.174]]]}},{"type":"Feature","properties":{"code":"59615","nom":"Vieux-Berquin","pop":2628},"geometry":{"type":"Polygon","coordinates":[[[2.677,50.699],[2.678,50.695],[2.667,50.678],[2.639,50.667],[2.595,50.673],[2.582,50.695],[2.575,50.716],[2.594,50.719],[2.604,50.718],[2.633,50.708],[2.677,50.699]]]}},{"type":"Feature","properties":{"code":"59616","nom":"Vieux-Condé","pop":10617},"geometry":{"type":"Polygon","coordinates":[[[3.583,50.445],[3.555,50.453],[3.539,50.461],[3.56,50.498],[3.585,50.491],[3.583,50.445]]]}},{"type":"Feature","properties":{"code":"59617","nom":"Vieux-Mesnil","pop":641},"geometry":{"type":"Polygon","coordinates":[[[3.894,50.264],[3.885,50.256],[3.87,50.247],[3.849,50.249],[3.861,50.269],[3.883,50.272],[3.894,50.264]]]}},{"type":"Feature","properties":{"code":"59618","nom":"Vieux-Reng","pop":938},"geometry":{"type":"Polygon","coordinates":[[[4.009,50.319],[4.009,50.325],[4.037,50.343],[4.078,50.321],[4.079,50.31],[4.061,50.308],[4.04,50.304],[4.009,50.319]]]}},{"type":"Feature","properties":{"code":"59619","nom":"Villereau","pop":1084},"geometry":{"type":"Polygon","coordinates":[[[3.714,50.242],[3.696,50.23],[3.677,50.241],[3.652,50.251],[3.653,50.266],[3.666,50.261],[3.714,50.242]]]}},{"type":"Feature","properties":{"code":"59620","nom":"Villers-au-Tertre","pop":670},"geometry":{"type":"Polygon","coordinates":[[[3.195,50.298],[3.177,50.289],[3.154,50.304],[3.189,50.31],[3.195,50.298]]]}},{"type":"Feature","properties":{"code":"59622","nom":"Villers-en-Cauchies","pop":1151},"geometry":{"type":"Polygon","coordinates":[[[3.37,50.225],[3.395,50.244],[3.409,50.241],[3.421,50.222],[3.391,50.21],[3.381,50.213],[3.363,50.218],[3.37,50.225]]]}},{"type":"Feature","properties":{"code":"59623","nom":"Villers-Guislain","pop":684},"geometry":{"type":"Polygon","coordinates":[[[3.177,50.053],[3.178,50.051],[3.167,50.021],[3.124,50.024],[3.115,50.032],[3.137,50.05],[3.177,50.053]]]}},{"type":"Feature","properties":{"code":"59624","nom":"Villers-Outréaux","pop":2117},"geometry":{"type":"Polygon","coordinates":[[[3.3,50.045],[3.309,50.019],[3.3,50.017],[3.273,50.02],[3.27,50.029],[3.3,50.045]]]}},{"type":"Feature","properties":{"code":"59625","nom":"Villers-Plouich","pop":390},"geometry":{"type":"Polygon","coordinates":[[[3.087,50.076],[3.114,50.093],[3.145,50.09],[3.168,50.087],[3.189,50.087],[3.184,50.08],[3.168,50.072],[3.154,50.069],[3.095,50.071],[3.087,50.076]]]}},{"type":"Feature","properties":{"code":"59626","nom":"Villers-Pol","pop":1197},"geometry":{"type":"Polygon","coordinates":[[[3.602,50.312],[3.607,50.31],[3.652,50.287],[3.649,50.277],[3.61,50.267],[3.608,50.268],[3.585,50.279],[3.587,50.281],[3.589,50.304],[3.602,50.312]]]}},{"type":"Feature","properties":{"code":"59627","nom":"Villers-Sire-Nicole","pop":1009},"geometry":{"type":"Polygon","coordinates":[[[4.009,50.325],[3.989,50.334],[3.986,50.342],[4.037,50.343],[4.009,50.325]]]}},{"type":"Feature","properties":{"code":"59628","nom":"Volckerinckhove","pop":573},"geometry":{"type":"Polygon","coordinates":[[[2.332,50.84],[2.332,50.84],[2.304,50.832],[2.268,50.823],[2.267,50.832],[2.278,50.847],[2.312,50.857],[2.332,50.84]]]}},{"type":"Feature","properties":{"code":"59629","nom":"Vred","pop":1302},"geometry":{"type":"Polygon","coordinates":[[[3.252,50.394],[3.25,50.386],[3.212,50.39],[3.252,50.394]]]}},{"type":"Feature","properties":{"code":"59630","nom":"Wahagnies","pop":2613},"geometry":{"type":"Polygon","coordinates":[[[3.017,50.468],[3.017,50.473],[3.01,50.49],[3.037,50.497],[3.045,50.487],[3.045,50.473],[3.017,50.468]]]}},{"type":"Feature","properties":{"code":"59631","nom":"Walincourt-Selvigny","pop":2081},"geometry":{"type":"Polygon","coordinates":[[[3.306,50.053],[3.309,50.059],[3.331,50.088],[3.359,50.097],[3.364,50.093],[3.37,50.071],[3.369,50.064],[3.349,50.06],[3.331,50.053],[3.306,50.053]]]}},{"type":"Feature","properties":{"code":"59632","nom":"Wallers","pop":5633},"geometry":{"type":"Polygon","coordinates":[[[3.409,50.369],[3.382,50.347],[3.37,50.34],[3.368,50.344],[3.362,50.398],[3.423,50.405],[3.432,50.379],[3.43,50.378],[3.409,50.369]]]}},{"type":"Feature","properties":{"code":"59633","nom":"Wallers-en-Fagne","pop":284},"geometry":{"type":"Polygon","coordinates":[[[4.181,50.079],[4.193,50.081],[4.172,50.047],[4.161,50.048],[4.141,50.056],[4.181,50.079]]]}},{"type":"Feature","properties":{"code":"59634","nom":"Wallon-Cappel","pop":808},"geometry":{"type":"Polygon","coordinates":[[[2.472,50.739],[2.488,50.746],[2.494,50.715],[2.468,50.721],[2.468,50.722],[2.472,50.738],[2.472,50.739]]]}},{"type":"Feature","properties":{"code":"59635","nom":"Wambaix","pop":381},"geometry":{"type":"Polygon","coordinates":[[[3.289,50.14],[3.305,50.143],[3.319,50.139],[3.334,50.119],[3.328,50.118],[3.296,50.119],[3.289,50.14]]]}},{"type":"Feature","properties":{"code":"59636","nom":"Wambrechies","pop":11012},"geometry":{"type":"Polygon","coordinates":[[[3.049,50.723],[3.066,50.72],[3.074,50.688],[3.023,50.672],[3.023,50.672],[3.018,50.701],[3.049,50.723]]]}},{"type":"Feature","properties":{"code":"59637","nom":"Wandignies-Hamage","pop":1301},"geometry":{"type":"Polygon","coordinates":[[[3.348,50.406],[3.348,50.406],[3.353,50.393],[3.343,50.39],[3.308,50.391],[3.297,50.39],[3.293,50.397],[3.3,50.402],[3.348,50.406]]]}},{"type":"Feature","properties":{"code":"59638","nom":"Wannehain","pop":1338},"geometry":{"type":"Polygon","coordinates":[[[3.263,50.561],[3.257,50.58],[3.276,50.582],[3.276,50.559],[3.263,50.561]]]}},{"type":"Feature","properties":{"code":"59639","nom":"Wargnies-le-Grand","pop":1125},"geometry":{"type":"Polygon","coordinates":[[[3.652,50.323],[3.667,50.317],[3.69,50.309],[3.651,50.292],[3.642,50.32],[3.652,50.323]]]}},{"type":"Feature","properties":{"code":"59640","nom":"Wargnies-le-Petit","pop":771},"geometry":{"type":"Polygon","coordinates":[[[3.656,50.287],[3.651,50.292],[3.69,50.309],[3.708,50.305],[3.71,50.303],[3.714,50.299],[3.67,50.29],[3.656,50.287]]]}},{"type":"Feature","properties":{"code":"59641","nom":"Warhem","pop":2020},"geometry":{"type":"Polygon","coordinates":[[[2.507,51.004],[2.522,51.01],[2.541,50.998],[2.548,50.981],[2.526,50.957],[2.514,50.95],[2.492,50.935],[2.475,50.962],[2.463,50.988],[2.507,51.004]]]}},{"type":"Feature","properties":{"code":"59642","nom":"Warlaing","pop":603},"geometry":{"type":"Polygon","coordinates":[[[3.344,50.415],[3.348,50.406],[3.3,50.402],[3.308,50.415],[3.344,50.415]]]}},{"type":"Feature","properties":{"code":"59643","nom":"Warneton","pop":231},"geometry":{"type":"Polygon","coordinates":[[[2.991,50.737],[2.941,50.746],[2.983,50.757],[2.991,50.737]]]}},{"type":"Feature","properties":{"code":"59645","nom":"Wasnes-au-Bac","pop":604},"geometry":{"type":"Polygon","coordinates":[[[3.271,50.259],[3.245,50.261],[3.232,50.264],[3.23,50.277],[3.252,50.28],[3.268,50.278],[3.271,50.259]]]}},{"type":"Feature","properties":{"code":"59646","nom":"Wasquehal","pop":20726},"geometry":{"type":"Polygon","coordinates":[[[3.132,50.692],[3.143,50.694],[3.15,50.693],[3.138,50.673],[3.119,50.653],[3.111,50.667],[3.132,50.692]]]}},{"type":"Feature","properties":{"code":"59647","nom":"Watten","pop":2564},"geometry":{"type":"Polygon","coordinates":[[[2.22,50.855],[2.22,50.855],[2.256,50.84],[2.232,50.824],[2.227,50.808],[2.213,50.811],[2.211,50.82],[2.208,50.838],[2.22,50.855]]]}},{"type":"Feature","properties":{"code":"59648","nom":"Wattignies","pop":15525},"geometry":{"type":"Polygon","coordinates":[[[3.043,50.572],[3.04,50.573],[3.013,50.582],[3.028,50.592],[3.049,50.601],[3.054,50.601],[3.066,50.585],[3.043,50.572]]]}},{"type":"Feature","properties":{"code":"59649","nom":"Wattignies-la-Victoire","pop":240},"geometry":{"type":"Polygon","coordinates":[[[4.026,50.203],[4.027,50.203],[3.99,50.191],[3.986,50.191],[3.983,50.193],[3.993,50.217],[4.026,50.203]]]}},{"type":"Feature","properties":{"code":"59650","nom":"Wattrelos","pop":40847},"geometry":{"type":"Polygon","coordinates":[[[3.254,50.691],[3.216,50.689],[3.176,50.708],[3.197,50.737],[3.213,50.713],[3.245,50.713],[3.254,50.691]]]}},{"type":"Feature","properties":{"code":"59651","nom":"Wavrechain-sous-Denain","pop":1599},"geometry":{"type":"Polygon","coordinates":[[[3.432,50.342],[3.435,50.34],[3.423,50.323],[3.42,50.323],[3.42,50.343],[3.432,50.342]]]}},{"type":"Feature","properties":{"code":"59652","nom":"Wavrechain-sous-Faulx","pop":440},"geometry":{"type":"Polygon","coordinates":[[[3.283,50.252],[3.271,50.259],[3.268,50.278],[3.295,50.28],[3.283,50.252]]]}},{"type":"Feature","properties":{"code":"59653","nom":"Wavrin","pop":7758},"geometry":{"type":"Polygon","coordinates":[[[2.92,50.59],[2.931,50.596],[2.968,50.57],[2.967,50.57],[2.955,50.561],[2.95,50.558],[2.93,50.55],[2.917,50.551],[2.905,50.58],[2.92,50.59]]]}},{"type":"Feature","properties":{"code":"59654","nom":"Waziers","pop":7266},"geometry":{"type":"Polygon","coordinates":[[[3.126,50.389],[3.099,50.369],[3.094,50.381],[3.126,50.389]]]}},{"type":"Feature","properties":{"code":"59655","nom":"Wemaers-Cappel","pop":225},"geometry":{"type":"Polygon","coordinates":[[[2.446,50.829],[2.456,50.815],[2.464,50.81],[2.457,50.806],[2.422,50.808],[2.425,50.819],[2.446,50.829]]]}},{"type":"Feature","properties":{"code":"59656","nom":"Wervicq-Sud","pop":5426},"geometry":{"type":"Polygon","coordinates":[[[3.036,50.77],[3.059,50.781],[3.063,50.749],[3.047,50.74],[3.036,50.77]]]}},{"type":"Feature","properties":{"code":"59657","nom":"West-Cappel","pop":644},"geometry":{"type":"Polygon","coordinates":[[[2.532,50.918],[2.515,50.908],[2.496,50.906],[2.494,50.922],[2.492,50.935],[2.514,50.95],[2.532,50.918]]]}},{"type":"Feature","properties":{"code":"59658","nom":"Wicres","pop":581},"geometry":{"type":"Polygon","coordinates":[[[2.885,50.576],[2.881,50.563],[2.855,50.559],[2.849,50.565],[2.875,50.58],[2.885,50.576]]]}},{"type":"Feature","properties":{"code":"59659","nom":"Wignehies","pop":2804},"geometry":{"type":"Polygon","coordinates":[[[4.022,49.986],[3.981,49.994],[3.996,50.028],[3.989,50.042],[4.027,50.029],[4.022,49.986]]]}},{"type":"Feature","properties":{"code":"59660","nom":"Willems","pop":2941},"geometry":{"type":"Polygon","coordinates":[[[3.204,50.623],[3.204,50.624],[3.207,50.635],[3.251,50.636],[3.259,50.628],[3.204,50.623]]]}},{"type":"Feature","properties":{"code":"59661","nom":"Willies","pop":128},"geometry":{"type":"Polygon","coordinates":[[[4.121,50.13],[4.122,50.13],[4.125,50.119],[4.102,50.111],[4.094,50.132],[4.121,50.13]]]}},{"type":"Feature","properties":{"code":"59662","nom":"Winnezeele","pop":1261},"geometry":{"type":"Polygon","coordinates":[[[2.532,50.832],[2.531,50.848],[2.55,50.872],[2.565,50.859],[2.607,50.873],[2.599,50.853],[2.561,50.826],[2.532,50.832]]]}},{"type":"Feature","properties":{"code":"59663","nom":"Wormhout","pop":5584},"geometry":{"type":"Polygon","coordinates":[[[2.519,50.864],[2.488,50.836],[2.476,50.832],[2.453,50.852],[2.455,50.879],[2.442,50.911],[2.477,50.914],[2.496,50.906],[2.515,50.908],[2.52,50.905],[2.492,50.878],[2.519,50.864]]]}},{"type":"Feature","properties":{"code":"59664","nom":"Wulverdinghe","pop":334},"geometry":{"type":"Polygon","coordinates":[[[2.268,50.823],[2.263,50.819],[2.232,50.824],[2.256,50.84],[2.267,50.832],[2.268,50.823]]]}},{"type":"Feature","properties":{"code":"59665","nom":"Wylder","pop":298},"geometry":{"type":"Polygon","coordinates":[[[2.477,50.914],[2.494,50.922],[2.496,50.906],[2.477,50.914]]]}},{"type":"Feature","properties":{"code":"59666","nom":"Zegerscappel","pop":1562},"geometry":{"type":"Polygon","coordinates":[[[2.422,50.865],[2.424,50.864],[2.392,50.856],[2.355,50.884],[2.346,50.897],[2.388,50.909],[2.4,50.894],[2.422,50.865]]]}},{"type":"Feature","properties":{"code":"59667","nom":"Zermezeele","pop":252},"geometry":{"type":"Polygon","coordinates":[[[2.456,50.815],[2.446,50.829],[2.451,50.848],[2.453,50.852],[2.476,50.832],[2.456,50.815]]]}},{"type":"Feature","properties":{"code":"59668","nom":"Zuydcoote","pop":1630},"geometry":{"type":"Polygon","coordinates":[[[2.494,51.074],[2.503,51.06],[2.473,51.069],[2.494,51.074]]]}},{"type":"Feature","properties":{"code":"59669","nom":"Zuytpeene","pop":557},"geometry":{"type":"Polygon","coordinates":[[[2.455,50.802],[2.425,50.773],[2.404,50.772],[2.386,50.778],[2.415,50.809],[2.422,50.808],[2.457,50.806],[2.455,50.802]]]}},{"type":"Feature","properties":{"code":"59670","nom":"Don","pop":1387},"geometry":{"type":"Polygon","coordinates":[[[2.93,50.55],[2.931,50.548],[2.9,50.536],[2.917,50.551],[2.93,50.55]]]}}]}