{"type":"FeatureCollection","features":[{"type":"Feature","properties":{"code":"67001","nom":"Achenheim"},"geometry":{"type":"Polygon","coordinates":[[[7.61,48.592],[7.63,48.598],[7.65,48.568],[7.624,48.565],[7.61,48.571],[7.61,48.592]]]}},{"type":"Feature","properties":{"code":"67002","nom":"Adamswiller"},"geometry":{"type":"Polygon","coordinates":[[[7.192,48.899],[7.182,48.915],[7.197,48.915],[7.222,48.906],[7.219,48.899],[7.192,48.899]]]}},{"type":"Feature","properties":{"code":"67003","nom":"Albé"},"geometry":{"type":"Polygon","coordinates":[[[7.349,48.372],[7.357,48.371],[7.377,48.355],[7.356,48.349],[7.324,48.349],[7.305,48.356],[7.306,48.361],[7.331,48.379],[7.349,48.372]]]}},{"type":"Feature","properties":{"code":"67004","nom":"Sommerau"},"geometry":{"type":"Polygon","coordinates":[[[7.389,48.679],[7.397,48.674],[7.4,48.663],[7.399,48.66],[7.372,48.641],[7.339,48.649],[7.313,48.661],[7.343,48.665],[7.368,48.677],[7.389,48.679]]]}},{"type":"Feature","properties":{"code":"67005","nom":"Alteckendorf"},"geometry":{"type":"Polygon","coordinates":[[[7.606,48.806],[7.614,48.804],[7.617,48.802],[7.606,48.781],[7.581,48.786],[7.577,48.792],[7.575,48.798],[7.606,48.806]]]}},{"type":"Feature","properties":{"code":"67006","nom":"Altenheim"},"geometry":{"type":"Polygon","coordinates":[[[7.45,48.716],[7.449,48.719],[7.454,48.733],[7.475,48.722],[7.479,48.715],[7.472,48.712],[7.45,48.716]]]}},{"type":"Feature","properties":{"code":"67008","nom":"Altorf"},"geometry":{"type":"Polygon","coordinates":[[[7.553,48.504],[7.518,48.511],[7.515,48.531],[7.534,48.541],[7.567,48.545],[7.553,48.535],[7.558,48.504],[7.553,48.504]]]}},{"type":"Feature","properties":{"code":"67009","nom":"Altwiller"},"geometry":{"type":"Polygon","coordinates":[[[6.947,48.935],[6.983,48.942],[7.003,48.941],[7.003,48.941],[7.008,48.905],[6.987,48.891],[6.965,48.905],[6.945,48.935],[6.947,48.935]]]}},{"type":"Feature","properties":{"code":"67010","nom":"Andlau"},"geometry":{"type":"Polygon","coordinates":[[[7.357,48.371],[7.349,48.372],[7.338,48.383],[7.34,48.416],[7.423,48.401],[7.437,48.387],[7.428,48.372],[7.386,48.373],[7.357,48.371]]]}},{"type":"Feature","properties":{"code":"67011","nom":"Artolsheim"},"geometry":{"type":"Polygon","coordinates":[[[7.568,48.213],[7.575,48.221],[7.582,48.225],[7.623,48.215],[7.642,48.204],[7.637,48.196],[7.634,48.196],[7.591,48.194],[7.574,48.203],[7.568,48.213]]]}},{"type":"Feature","properties":{"code":"67012","nom":"Aschbach"},"geometry":{"type":"Polygon","coordinates":[[[7.999,48.936],[7.99,48.931],[7.964,48.942],[7.954,48.945],[7.962,48.95],[8.004,48.94],[7.999,48.936]]]}},{"type":"Feature","properties":{"code":"67013","nom":"Asswiller"},"geometry":{"type":"Polygon","coordinates":[[[7.25,48.893],[7.251,48.888],[7.241,48.877],[7.212,48.865],[7.201,48.878],[7.235,48.891],[7.25,48.893]]]}},{"type":"Feature","properties":{"code":"67016","nom":"Avolsheim"},"geometry":{"type":"Polygon","coordinates":[[[7.475,48.556],[7.496,48.567],[7.51,48.562],[7.475,48.556]]]}},{"type":"Feature","properties":{"code":"67017","nom":"Baerendorf"},"geometry":{"type":"Polygon","coordinates":[[[7.09,48.814],[7.087,48.814],[7.069,48.827],[7.081,48.847],[7.089,48.848],[7.1,48.847],[7.108,48.822],[7.09,48.814]]]}},{"type":"Feature","properties":{"code":"67018","nom":"Balbronn"},"geometry":{"type":"Polygon","coordinates":[[[7.407,48.568],[7.375,48.582],[7.372,48.599],[7.409,48.585],[7.446,48.591],[7.449,48.586],[7.431,48.576],[7.407,48.568]]]}},{"type":"Feature","properties":{"code":"67019","nom":"Baldenheim"},"geometry":{"type":"Polygon","coordinates":[[[7.507,48.253],[7.495,48.263],[7.562,48.253],[7.562,48.251],[7.56,48.245],[7.55,48.223],[7.507,48.253]]]}},{"type":"Feature","properties":{"code":"67020","nom":"Barembach"},"geometry":{"type":"Polygon","coordinates":[[[7.218,48.472],[7.243,48.489],[7.27,48.462],[7.278,48.453],[7.213,48.456],[7.218,48.472]]]}},{"type":"Feature","properties":{"code":"67021","nom":"Barr"},"geometry":{"type":"Polygon","coordinates":[[[7.481,48.399],[7.477,48.393],[7.463,48.393],[7.423,48.401],[7.34,48.416],[7.316,48.428],[7.406,48.434],[7.418,48.435],[7.424,48.432],[7.425,48.418],[7.46,48.413],[7.481,48.399]]]}},{"type":"Feature","properties":{"code":"67022","nom":"Bassemberg"},"geometry":{"type":"Polygon","coordinates":[[[7.268,48.331],[7.263,48.341],[7.284,48.341],[7.293,48.333],[7.276,48.332],[7.268,48.331]]]}},{"type":"Feature","properties":{"code":"67023","nom":"Batzendorf"},"geometry":{"type":"Polygon","coordinates":[[[7.718,48.769],[7.705,48.765],[7.687,48.773],[7.685,48.783],[7.688,48.786],[7.718,48.806],[7.736,48.802],[7.724,48.781],[7.718,48.769]]]}},{"type":"Feature","properties":{"code":"67025","nom":"Beinheim"},"geometry":{"type":"Polygon","coordinates":[[[8.059,48.852],[8.062,48.868],[8.079,48.874],[8.122,48.865],[8.107,48.828],[8.101,48.829],[8.059,48.852]]]}},{"type":"Feature","properties":{"code":"67026","nom":"Bellefosse"},"geometry":{"type":"Polygon","coordinates":[[[7.266,48.398],[7.269,48.389],[7.248,48.381],[7.244,48.382],[7.208,48.395],[7.203,48.398],[7.205,48.411],[7.222,48.407],[7.266,48.398]]]}},{"type":"Feature","properties":{"code":"67027","nom":"Belmont"},"geometry":{"type":"Polygon","coordinates":[[[7.239,48.422],[7.296,48.421],[7.266,48.398],[7.222,48.407],[7.239,48.422]]]}},{"type":"Feature","properties":{"code":"67028","nom":"Benfeld"},"geometry":{"type":"Polygon","coordinates":[[[7.609,48.347],[7.599,48.341],[7.6,48.359],[7.572,48.374],[7.589,48.384],[7.626,48.365],[7.609,48.347]]]}},{"type":"Feature","properties":{"code":"67029","nom":"Berg"},"geometry":{"type":"Polygon","coordinates":[[[7.164,48.91],[7.168,48.902],[7.161,48.885],[7.14,48.878],[7.115,48.884],[7.125,48.904],[7.164,48.91]]]}},{"type":"Feature","properties":{"code":"67030","nom":"Bergbieten"},"geometry":{"type":"Polygon","coordinates":[[[7.434,48.561],[7.432,48.56],[7.431,48.576],[7.449,48.586],[7.468,48.588],[7.472,48.585],[7.469,48.576],[7.434,48.561]]]}},{"type":"Feature","properties":{"code":"67031","nom":"Bernardswiller"},"geometry":{"type":"Polygon","coordinates":[[[7.433,48.442],[7.429,48.449],[7.441,48.453],[7.433,48.442]]]}},{"type":"Feature","properties":{"code":"67032","nom":"Bernardvillé"},"geometry":{"type":"Polygon","coordinates":[[[7.402,48.362],[7.386,48.373],[7.428,48.372],[7.426,48.369],[7.414,48.365],[7.402,48.362]]]}},{"type":"Feature","properties":{"code":"67033","nom":"Bernolsheim"},"geometry":{"type":"Polygon","coordinates":[[[7.7,48.76],[7.704,48.754],[7.687,48.743],[7.67,48.745],[7.672,48.758],[7.7,48.76]]]}},{"type":"Feature","properties":{"code":"67034","nom":"Berstett"},"geometry":{"type":"Polygon","coordinates":[[[7.687,48.671],[7.688,48.669],[7.673,48.664],[7.586,48.669],[7.583,48.673],[7.579,48.679],[7.593,48.697],[7.601,48.704],[7.637,48.699],[7.662,48.689],[7.669,48.686],[7.687,48.671]]]}},{"type":"Feature","properties":{"code":"67035","nom":"Berstheim"},"geometry":{"type":"Polygon","coordinates":[[[7.688,48.786],[7.685,48.783],[7.673,48.785],[7.662,48.796],[7.695,48.802],[7.688,48.786]]]}},{"type":"Feature","properties":{"code":"67036","nom":"Bettwiller"},"geometry":{"type":"Polygon","coordinates":[[[7.185,48.895],[7.19,48.883],[7.173,48.879],[7.165,48.875],[7.161,48.885],[7.168,48.902],[7.185,48.895]]]}},{"type":"Feature","properties":{"code":"67037","nom":"Biblisheim"},"geometry":{"type":"Polygon","coordinates":[[[7.8,48.903],[7.807,48.902],[7.801,48.89],[7.785,48.895],[7.769,48.907],[7.8,48.903]]]}},{"type":"Feature","properties":{"code":"67038","nom":"Bietlenheim"},"geometry":{"type":"Polygon","coordinates":[[[7.79,48.733],[7.792,48.73],[7.792,48.711],[7.771,48.712],[7.79,48.733]]]}},{"type":"Feature","properties":{"code":"67039","nom":"Bilwisheim"},"geometry":{"type":"Polygon","coordinates":[[[7.677,48.72],[7.677,48.709],[7.663,48.701],[7.65,48.707],[7.65,48.714],[7.677,48.72]]]}},{"type":"Feature","properties":{"code":"67040","nom":"Bindernheim"},"geometry":{"type":"Polygon","coordinates":[[[7.635,48.288],[7.639,48.281],[7.594,48.281],[7.61,48.302],[7.625,48.3],[7.635,48.288]]]}},{"type":"Feature","properties":{"code":"67043","nom":"Bischheim"},"geometry":{"type":"MultiPolygon","coordinates":[[[[7.718,48.616],[7.718,48.62],[7.765,48.619],[7.767,48.618],[7.768,48.617],[7.718,48.616]]],[[[7.785,48.64],[7.794,48.636],[7.803,48.629],[7.778,48.626],[7.781,48.639],[7.785,48.64]]]]}},{"type":"Feature","properties":{"code":"67044","nom":"Bischholtz"},"geometry":{"type":"Polygon","coordinates":[[[7.517,48.887],[7.512,48.892],[7.538,48.898],[7.553,48.897],[7.535,48.884],[7.517,48.887]]]}},{"type":"Feature","properties":{"code":"67045","nom":"Bischoffsheim"},"geometry":{"type":"Polygon","coordinates":[[[7.459,48.485],[7.512,48.494],[7.548,48.495],[7.592,48.487],[7.608,48.475],[7.594,48.469],[7.575,48.483],[7.539,48.481],[7.456,48.478],[7.459,48.485]]]}},{"type":"Feature","properties":{"code":"67046","nom":"Bischwiller"},"geometry":{"type":"Polygon","coordinates":[[[7.886,48.742],[7.862,48.731],[7.826,48.775],[7.831,48.779],[7.855,48.783],[7.9,48.759],[7.886,48.742]]]}},{"type":"Feature","properties":{"code":"67047","nom":"Bissert"},"geometry":{"type":"Polygon","coordinates":[[[7.003,48.941],[7.003,48.941],[7.019,48.958],[7.026,48.956],[7.003,48.941]]]}},{"type":"Feature","properties":{"code":"67048","nom":"Bitschhoffen"},"geometry":{"type":"Polygon","coordinates":[[[7.615,48.87],[7.624,48.873],[7.641,48.861],[7.638,48.857],[7.61,48.858],[7.615,48.87]]]}},{"type":"Feature","properties":{"code":"67049","nom":"Blaesheim"},"geometry":{"type":"Polygon","coordinates":[[[7.613,48.477],[7.608,48.475],[7.592,48.487],[7.586,48.513],[7.589,48.513],[7.612,48.522],[7.631,48.52],[7.613,48.477]]]}},{"type":"Feature","properties":{"code":"67050","nom":"Blancherupt"},"geometry":{"type":"Polygon","coordinates":[[[7.205,48.411],[7.203,48.398],[7.188,48.4],[7.184,48.409],[7.203,48.415],[7.205,48.411]]]}},{"type":"Feature","properties":{"code":"67051","nom":"Blienschwiller"},"geometry":{"type":"Polygon","coordinates":[[[7.387,48.347],[7.391,48.352],[7.44,48.347],[7.44,48.339],[7.39,48.346],[7.387,48.347]]]}},{"type":"Feature","properties":{"code":"67052","nom":"Bœrsch"},"geometry":{"type":"Polygon","coordinates":[[[7.321,48.466],[7.341,48.462],[7.407,48.487],[7.459,48.485],[7.456,48.478],[7.431,48.465],[7.407,48.469],[7.335,48.445],[7.285,48.446],[7.321,48.466]]]}},{"type":"Feature","properties":{"code":"67053","nom":"Bœsenbiesen"},"geometry":{"type":"Polygon","coordinates":[[[7.575,48.221],[7.568,48.213],[7.547,48.22],[7.55,48.223],[7.56,48.245],[7.575,48.221]]]}},{"type":"Feature","properties":{"code":"67054","nom":"Bolsenheim"},"geometry":{"type":"Polygon","coordinates":[[[7.619,48.41],[7.602,48.415],[7.596,48.425],[7.579,48.436],[7.589,48.441],[7.589,48.442],[7.623,48.418],[7.629,48.414],[7.619,48.41]]]}},{"type":"Feature","properties":{"code":"67055","nom":"Boofzheim"},"geometry":{"type":"Polygon","coordinates":[[[7.704,48.35],[7.692,48.315],[7.64,48.327],[7.64,48.327],[7.653,48.343],[7.704,48.35]]]}},{"type":"Feature","properties":{"code":"67056","nom":"Bootzheim"},"geometry":{"type":"Polygon","coordinates":[[[7.634,48.196],[7.587,48.183],[7.555,48.195],[7.574,48.203],[7.591,48.194],[7.634,48.196]]]}},{"type":"Feature","properties":{"code":"67057","nom":"Bosselshausen"},"geometry":{"type":"Polygon","coordinates":[[[7.504,48.816],[7.527,48.809],[7.521,48.798],[7.492,48.805],[7.504,48.816]]]}},{"type":"Feature","properties":{"code":"67058","nom":"Bossendorf"},"geometry":{"type":"Polygon","coordinates":[[[7.577,48.792],[7.581,48.786],[7.585,48.773],[7.559,48.772],[7.546,48.784],[7.577,48.792]]]}},{"type":"Feature","properties":{"code":"67059","nom":"Bourg-Bruche"},"geometry":{"type":"Polygon","coordinates":[[[7.101,48.374],[7.107,48.376],[7.145,48.39],[7.151,48.382],[7.171,48.351],[7.17,48.342],[7.148,48.333],[7.101,48.374]]]}},{"type":"Feature","properties":{"code":"67060","nom":"Bourgheim"},"geometry":{"type":"Polygon","coordinates":[[[7.462,48.425],[7.462,48.426],[7.496,48.425],[7.497,48.41],[7.492,48.409],[7.462,48.425]]]}},{"type":"Feature","properties":{"code":"67061","nom":"Bouxwiller"},"geometry":{"type":"Polygon","coordinates":[[[7.428,48.844],[7.432,48.843],[7.462,48.839],[7.486,48.842],[7.508,48.834],[7.51,48.829],[7.504,48.816],[7.492,48.805],[7.487,48.803],[7.451,48.784],[7.422,48.8],[7.421,48.814],[7.442,48.821],[7.428,48.844]]]}},{"type":"Feature","properties":{"code":"67062","nom":"Breitenau"},"geometry":{"type":"Polygon","coordinates":[[[7.293,48.333],[7.295,48.332],[7.284,48.308],[7.282,48.296],[7.259,48.305],[7.276,48.332],[7.293,48.333]]]}},{"type":"Feature","properties":{"code":"67063","nom":"Breitenbach"},"geometry":{"type":"Polygon","coordinates":[[[7.248,48.381],[7.269,48.389],[7.331,48.379],[7.306,48.361],[7.277,48.358],[7.259,48.37],[7.248,48.381]]]}},{"type":"Feature","properties":{"code":"67065","nom":"Breuschwickersheim"},"geometry":{"type":"Polygon","coordinates":[[[7.584,48.581],[7.587,48.588],[7.61,48.592],[7.61,48.571],[7.601,48.564],[7.58,48.575],[7.584,48.581]]]}},{"type":"Feature","properties":{"code":"67066","nom":"La Broque"},"geometry":{"type":"Polygon","coordinates":[[[7.109,48.439],[7.108,48.44],[7.173,48.484],[7.218,48.473],[7.187,48.44],[7.184,48.436],[7.145,48.447],[7.109,48.439]]]}},{"type":"Feature","properties":{"code":"67067","nom":"Brumath"},"geometry":{"type":"Polygon","coordinates":[[[7.677,48.709],[7.677,48.72],[7.673,48.733],[7.672,48.734],[7.687,48.743],[7.704,48.754],[7.721,48.752],[7.748,48.752],[7.757,48.744],[7.747,48.687],[7.719,48.686],[7.691,48.697],[7.677,48.709]]]}},{"type":"Feature","properties":{"code":"67068","nom":"Buswiller"},"geometry":{"type":"Polygon","coordinates":[[[7.572,48.829],[7.57,48.815],[7.545,48.826],[7.551,48.825],[7.572,48.829]]]}},{"type":"Feature","properties":{"code":"67069","nom":"Buhl"},"geometry":{"type":"Polygon","coordinates":[[[8.025,48.907],[7.994,48.912],[8.012,48.93],[8.028,48.925],[8.031,48.92],[8.025,48.907]]]}},{"type":"Feature","properties":{"code":"67070","nom":"Burbach"},"geometry":{"type":"Polygon","coordinates":[[[7.114,48.916],[7.117,48.914],[7.125,48.904],[7.115,48.884],[7.105,48.881],[7.094,48.893],[7.114,48.916]]]}},{"type":"Feature","properties":{"code":"67071","nom":"Bust"},"geometry":{"type":"Polygon","coordinates":[[[7.25,48.834],[7.258,48.822],[7.218,48.828],[7.228,48.848],[7.25,48.834]]]}},{"type":"Feature","properties":{"code":"67072","nom":"Butten"},"geometry":{"type":"Polygon","coordinates":[[[7.196,48.969],[7.209,48.98],[7.236,48.988],[7.294,48.972],[7.291,48.967],[7.267,48.955],[7.222,48.96],[7.214,48.961],[7.196,48.969]]]}},{"type":"Feature","properties":{"code":"67073","nom":"Châtenois"},"geometry":{"type":"Polygon","coordinates":[[[7.359,48.307],[7.37,48.291],[7.412,48.29],[7.428,48.272],[7.422,48.259],[7.389,48.263],[7.372,48.281],[7.348,48.279],[7.343,48.297],[7.359,48.307]]]}},{"type":"Feature","properties":{"code":"67074","nom":"Cleebourg"},"geometry":{"type":"Polygon","coordinates":[[[7.845,48.992],[7.87,49.014],[7.892,49.012],[7.9,49.004],[7.906,48.994],[7.919,48.988],[7.928,48.981],[7.908,48.972],[7.903,48.982],[7.85,48.987],[7.845,48.992]]]}},{"type":"Feature","properties":{"code":"67075","nom":"Climbach"},"geometry":{"type":"Polygon","coordinates":[[[7.845,48.992],[7.842,48.996],[7.834,49.02],[7.855,49.036],[7.868,49.033],[7.87,49.014],[7.845,48.992]]]}},{"type":"Feature","properties":{"code":"67076","nom":"Colroy-la-Roche"},"geometry":{"type":"Polygon","coordinates":[[[7.145,48.39],[7.155,48.404],[7.188,48.4],[7.203,48.398],[7.208,48.395],[7.181,48.379],[7.151,48.382],[7.145,48.39]]]}},{"type":"Feature","properties":{"code":"67077","nom":"Cosswiller"},"geometry":{"type":"Polygon","coordinates":[[[7.415,48.638],[7.413,48.627],[7.374,48.618],[7.372,48.599],[7.375,48.582],[7.315,48.59],[7.348,48.621],[7.415,48.638]]]}},{"type":"Feature","properties":{"code":"67078","nom":"Crastatt"},"geometry":{"type":"Polygon","coordinates":[[[7.443,48.662],[7.448,48.658],[7.415,48.653],[7.399,48.66],[7.4,48.663],[7.441,48.664],[7.443,48.662]]]}},{"type":"Feature","properties":{"code":"67079","nom":"Crœttwiller"},"geometry":{"type":"Polygon","coordinates":[[[8.047,48.932],[8.041,48.926],[8.031,48.92],[8.028,48.925],[8.03,48.934],[8.044,48.943],[8.047,48.932]]]}},{"type":"Feature","properties":{"code":"67080","nom":"Dachstein"},"geometry":{"type":"Polygon","coordinates":[[[7.553,48.563],[7.567,48.545],[7.567,48.545],[7.534,48.541],[7.516,48.561],[7.518,48.561],[7.553,48.563]]]}},{"type":"Feature","properties":{"code":"67081","nom":"Dahlenheim"},"geometry":{"type":"Polygon","coordinates":[[[7.544,48.585],[7.507,48.579],[7.489,48.574],[7.481,48.581],[7.512,48.596],[7.516,48.597],[7.518,48.598],[7.537,48.603],[7.539,48.597],[7.544,48.585]]]}},{"type":"Feature","properties":{"code":"67082","nom":"Dalhunden"},"geometry":{"type":"Polygon","coordinates":[[[8.001,48.784],[8.01,48.785],[8.017,48.763],[7.983,48.761],[7.961,48.779],[8.001,48.784]]]}},{"type":"Feature","properties":{"code":"67083","nom":"Dambach"},"geometry":{"type":"Polygon","coordinates":[[[7.684,49.02],[7.696,49.013],[7.671,48.991],[7.593,48.984],[7.606,49.02],[7.626,49.034],[7.651,49.042],[7.684,49.02]]]}},{"type":"Feature","properties":{"code":"67084","nom":"Dambach-la-Ville"},"geometry":{"type":"Polygon","coordinates":[[[7.361,48.308],[7.39,48.346],[7.44,48.339],[7.483,48.334],[7.488,48.322],[7.472,48.302],[7.423,48.301],[7.422,48.31],[7.399,48.313],[7.361,48.308]]]}},{"type":"Feature","properties":{"code":"67085","nom":"Dangolsheim"},"geometry":{"type":"Polygon","coordinates":[[[7.459,48.553],[7.445,48.554],[7.434,48.561],[7.469,48.576],[7.459,48.553]]]}},{"type":"Feature","properties":{"code":"67086","nom":"Daubensand"},"geometry":{"type":"Polygon","coordinates":[[[7.715,48.361],[7.736,48.362],[7.744,48.34],[7.712,48.354],[7.715,48.361]]]}},{"type":"Feature","properties":{"code":"67087","nom":"Dauendorf"},"geometry":{"type":"Polygon","coordinates":[[[7.661,48.848],[7.71,48.836],[7.709,48.834],[7.675,48.831],[7.65,48.812],[7.645,48.814],[7.638,48.829],[7.661,48.848]]]}},{"type":"Feature","properties":{"code":"67088","nom":"Dehlingen"},"geometry":{"type":"Polygon","coordinates":[[[7.186,48.994],[7.209,48.98],[7.196,48.969],[7.166,48.975],[7.159,48.993],[7.162,49.002],[7.174,49.006],[7.186,48.994]]]}},{"type":"Feature","properties":{"code":"67089","nom":"Dettwiller"},"geometry":{"type":"Polygon","coordinates":[[[7.458,48.775],[7.482,48.763],[7.48,48.748],[7.452,48.747],[7.437,48.745],[7.433,48.776],[7.458,48.775]]]}},{"type":"Feature","properties":{"code":"67090","nom":"Diebolsheim"},"geometry":{"type":"Polygon","coordinates":[[[7.639,48.281],[7.635,48.288],[7.678,48.299],[7.667,48.274],[7.639,48.273],[7.639,48.281]]]}},{"type":"Feature","properties":{"code":"67091","nom":"Diedendorf"},"geometry":{"type":"Polygon","coordinates":[[[7.056,48.865],[6.987,48.891],[7.008,48.905],[7.041,48.902],[7.06,48.887],[7.056,48.865]]]}},{"type":"Feature","properties":{"code":"67092","nom":"Dieffenbach-au-Val"},"geometry":{"type":"Polygon","coordinates":[[[7.335,48.325],[7.346,48.319],[7.309,48.313],[7.335,48.325],[7.335,48.325]]]}},{"type":"Feature","properties":{"code":"67093","nom":"Dieffenbach-lès-Wœrth"},"geometry":{"type":"Polygon","coordinates":[[[7.821,48.926],[7.817,48.919],[7.8,48.923],[7.79,48.923],[7.774,48.933],[7.784,48.945],[7.821,48.926]]]}},{"type":"Feature","properties":{"code":"67094","nom":"Dieffenthal"},"geometry":{"type":"Polygon","coordinates":[[[7.399,48.313],[7.422,48.31],[7.423,48.301],[7.399,48.313]]]}},{"type":"Feature","properties":{"code":"67095","nom":"Diemeringen"},"geometry":{"type":"Polygon","coordinates":[[[7.236,48.947],[7.188,48.93],[7.167,48.94],[7.214,48.961],[7.222,48.96],[7.236,48.947]]]}},{"type":"Feature","properties":{"code":"67096","nom":"Dimbsthal"},"geometry":{"type":"Polygon","coordinates":[[[7.341,48.671],[7.368,48.677],[7.343,48.665],[7.341,48.671]]]}},{"type":"Feature","properties":{"code":"67097","nom":"Dingsheim"},"geometry":{"type":"Polygon","coordinates":[[[7.654,48.611],[7.649,48.613],[7.64,48.631],[7.683,48.62],[7.667,48.612],[7.654,48.611]]]}},{"type":"Feature","properties":{"code":"67098","nom":"Dinsheim-sur-Bruche"},"geometry":{"type":"Polygon","coordinates":[[[7.432,48.56],[7.434,48.561],[7.445,48.554],[7.434,48.539],[7.401,48.537],[7.395,48.543],[7.431,48.56],[7.432,48.56]]]}},{"type":"Feature","properties":{"code":"67099","nom":"Domfessel"},"geometry":{"type":"Polygon","coordinates":[[[7.156,48.94],[7.142,48.934],[7.122,48.942],[7.121,48.953],[7.163,48.964],[7.156,48.94]]]}},{"type":"Feature","properties":{"code":"67100","nom":"Donnenheim"},"geometry":{"type":"Polygon","coordinates":[[[7.65,48.714],[7.673,48.733],[7.677,48.72],[7.65,48.714]]]}},{"type":"Feature","properties":{"code":"67101","nom":"Dorlisheim"},"geometry":{"type":"Polygon","coordinates":[[[7.518,48.511],[7.514,48.511],[7.453,48.508],[7.435,48.519],[7.482,48.529],[7.515,48.531],[7.518,48.511]]]}},{"type":"Feature","properties":{"code":"67102","nom":"Dossenheim-Kochersberg"},"geometry":{"type":"Polygon","coordinates":[[[7.587,48.635],[7.567,48.635],[7.567,48.637],[7.589,48.649],[7.587,48.635]]]}},{"type":"Feature","properties":{"code":"67103","nom":"Dossenheim-sur-Zinsel"},"geometry":{"type":"Polygon","coordinates":[[[7.401,48.789],[7.389,48.805],[7.373,48.801],[7.349,48.799],[7.336,48.819],[7.372,48.843],[7.372,48.829],[7.381,48.803],[7.392,48.813],[7.408,48.819],[7.421,48.814],[7.422,48.8],[7.414,48.789],[7.401,48.789]]]}},{"type":"Feature","properties":{"code":"67104","nom":"Drachenbronn-Birlenbach"},"geometry":{"type":"Polygon","coordinates":[[[7.908,48.972],[7.91,48.97],[7.897,48.969],[7.864,48.972],[7.85,48.987],[7.903,48.982],[7.908,48.972]]]}},{"type":"Feature","properties":{"code":"67105","nom":"Drulingen"},"geometry":{"type":"Polygon","coordinates":[[[7.19,48.883],[7.201,48.878],[7.212,48.865],[7.213,48.853],[7.195,48.855],[7.173,48.879],[7.19,48.883]]]}},{"type":"Feature","properties":{"code":"67106","nom":"Drusenheim"},"geometry":{"type":"Polygon","coordinates":[[[7.95,48.735],[7.921,48.752],[7.905,48.761],[7.926,48.78],[7.927,48.779],[7.958,48.783],[7.961,48.779],[7.983,48.761],[7.968,48.73],[7.95,48.735]]]}},{"type":"Feature","properties":{"code":"67107","nom":"Duntzenheim"},"geometry":{"type":"Polygon","coordinates":[[[7.561,48.72],[7.566,48.716],[7.553,48.706],[7.527,48.698],[7.525,48.722],[7.547,48.725],[7.563,48.724],[7.561,48.72]]]}},{"type":"Feature","properties":{"code":"67108","nom":"Duppigheim"},"geometry":{"type":"Polygon","coordinates":[[[7.601,48.554],[7.606,48.542],[7.612,48.522],[7.589,48.513],[7.576,48.545],[7.587,48.552],[7.601,48.554]]]}},{"type":"Feature","properties":{"code":"67109","nom":"Durningen"},"geometry":{"type":"Polygon","coordinates":[[[7.549,48.679],[7.545,48.689],[7.548,48.695],[7.569,48.694],[7.579,48.679],[7.583,48.673],[7.549,48.679]]]}},{"type":"Feature","properties":{"code":"67110","nom":"Durrenbach"},"geometry":{"type":"Polygon","coordinates":[[[7.75,48.887],[7.746,48.896],[7.754,48.913],[7.769,48.907],[7.785,48.895],[7.75,48.887]]]}},{"type":"Feature","properties":{"code":"67111","nom":"Durstel"},"geometry":{"type":"Polygon","coordinates":[[[7.185,48.895],[7.192,48.899],[7.219,48.899],[7.235,48.891],[7.201,48.878],[7.19,48.883],[7.185,48.895]]]}},{"type":"Feature","properties":{"code":"67112","nom":"Duttlenheim"},"geometry":{"type":"Polygon","coordinates":[[[7.567,48.545],[7.576,48.545],[7.589,48.513],[7.586,48.513],[7.558,48.504],[7.553,48.535],[7.567,48.545],[7.567,48.545]]]}},{"type":"Feature","properties":{"code":"67113","nom":"Eberbach-Seltz"},"geometry":{"type":"Polygon","coordinates":[[[8.041,48.926],[8.047,48.932],[8.081,48.937],[8.081,48.922],[8.041,48.926]]]}},{"type":"Feature","properties":{"code":"67115","nom":"Ebersheim"},"geometry":{"type":"Polygon","coordinates":[[[7.472,48.302],[7.488,48.322],[7.502,48.325],[7.524,48.317],[7.508,48.285],[7.469,48.298],[7.472,48.302]]]}},{"type":"Feature","properties":{"code":"67116","nom":"Ebersmunster"},"geometry":{"type":"Polygon","coordinates":[[[7.508,48.285],[7.524,48.317],[7.548,48.313],[7.538,48.285],[7.512,48.284],[7.508,48.285]]]}},{"type":"Feature","properties":{"code":"67117","nom":"Eckartswiller"},"geometry":{"type":"Polygon","coordinates":[[[7.31,48.799],[7.341,48.798],[7.327,48.781],[7.374,48.765],[7.364,48.757],[7.32,48.765],[7.313,48.767],[7.29,48.786],[7.291,48.794],[7.31,48.799]]]}},{"type":"Feature","properties":{"code":"67118","nom":"Eckbolsheim"},"geometry":{"type":"Polygon","coordinates":[[[7.702,48.568],[7.674,48.564],[7.664,48.566],[7.673,48.598],[7.688,48.598],[7.702,48.568]]]}},{"type":"Feature","properties":{"code":"67119","nom":"Eckwersheim"},"geometry":{"type":"Polygon","coordinates":[[[7.669,48.686],[7.691,48.697],[7.719,48.686],[7.687,48.671],[7.669,48.686]]]}},{"type":"Feature","properties":{"code":"67120","nom":"Eichhoffen"},"geometry":{"type":"Polygon","coordinates":[[[7.438,48.371],[7.426,48.369],[7.428,48.372],[7.437,48.387],[7.449,48.386],[7.453,48.375],[7.438,48.371]]]}},{"type":"Feature","properties":{"code":"67121","nom":"Elsenheim"},"geometry":{"type":"Polygon","coordinates":[[[7.527,48.166],[7.52,48.149],[7.47,48.16],[7.473,48.182],[7.527,48.166]]]}},{"type":"Feature","properties":{"code":"67122","nom":"Wangenbourg-Engenthal"},"geometry":{"type":"Polygon","coordinates":[[[7.266,48.592],[7.283,48.643],[7.304,48.66],[7.313,48.661],[7.339,48.649],[7.348,48.621],[7.315,48.59],[7.266,48.592]]]}},{"type":"Feature","properties":{"code":"67123","nom":"Engwiller"},"geometry":{"type":"Polygon","coordinates":[[[7.602,48.874],[7.606,48.888],[7.629,48.896],[7.63,48.895],[7.624,48.873],[7.615,48.87],[7.602,48.874]]]}},{"type":"Feature","properties":{"code":"67124","nom":"Entzheim"},"geometry":{"type":"Polygon","coordinates":[[[7.606,48.542],[7.622,48.547],[7.662,48.547],[7.661,48.543],[7.631,48.52],[7.612,48.522],[7.606,48.542]]]}},{"type":"Feature","properties":{"code":"67125","nom":"Epfig"},"geometry":{"type":"Polygon","coordinates":[[[7.514,48.357],[7.518,48.35],[7.502,48.325],[7.488,48.322],[7.483,48.334],[7.44,48.339],[7.44,48.347],[7.42,48.364],[7.438,48.371],[7.453,48.375],[7.464,48.376],[7.514,48.357]]]}},{"type":"Feature","properties":{"code":"67126","nom":"Erckartswiller"},"geometry":{"type":"Polygon","coordinates":[[[7.382,48.869],[7.346,48.873],[7.326,48.889],[7.369,48.898],[7.387,48.906],[7.399,48.896],[7.372,48.895],[7.382,48.869]]]}},{"type":"Feature","properties":{"code":"67127","nom":"Ergersheim"},"geometry":{"type":"Polygon","coordinates":[[[7.507,48.579],[7.544,48.585],[7.558,48.582],[7.553,48.563],[7.518,48.561],[7.507,48.579]]]}},{"type":"Feature","properties":{"code":"67128","nom":"Ernolsheim-Bruche"},"geometry":{"type":"Polygon","coordinates":[[[7.576,48.545],[7.567,48.545],[7.553,48.563],[7.558,48.582],[7.584,48.581],[7.58,48.575],[7.587,48.552],[7.576,48.545]]]}},{"type":"Feature","properties":{"code":"67129","nom":"Ernolsheim-lès-Saverne"},"geometry":{"type":"Polygon","coordinates":[[[7.349,48.799],[7.373,48.801],[7.389,48.805],[7.401,48.789],[7.39,48.771],[7.348,48.784],[7.345,48.798],[7.349,48.799]]]}},{"type":"Feature","properties":{"code":"67130","nom":"Erstein"},"geometry":{"type":"Polygon","coordinates":[[[7.629,48.414],[7.623,48.418],[7.627,48.447],[7.634,48.444],[7.74,48.439],[7.753,48.434],[7.733,48.398],[7.71,48.405],[7.682,48.392],[7.629,48.414]]]}},{"type":"Feature","properties":{"code":"67131","nom":"Eschau"},"geometry":{"type":"Polygon","coordinates":[[[7.699,48.45],[7.695,48.451],[7.696,48.478],[7.698,48.482],[7.702,48.496],[7.757,48.493],[7.771,48.492],[7.767,48.464],[7.721,48.48],[7.699,48.45]]]}},{"type":"Feature","properties":{"code":"67132","nom":"Eschbach"},"geometry":{"type":"Polygon","coordinates":[[[7.728,48.884],[7.753,48.882],[7.759,48.879],[7.719,48.871],[7.728,48.884]]]}},{"type":"Feature","properties":{"code":"67133","nom":"Eschbourg"},"geometry":{"type":"Polygon","coordinates":[[[7.291,48.794],[7.27,48.803],[7.263,48.819],[7.263,48.819],[7.277,48.843],[7.296,48.855],[7.314,48.842],[7.304,48.824],[7.31,48.799],[7.291,48.794]]]}},{"type":"Feature","properties":{"code":"67134","nom":"Eschwiller"},"geometry":{"type":"Polygon","coordinates":[[[7.1,48.847],[7.089,48.848],[7.094,48.863],[7.107,48.868],[7.135,48.857],[7.129,48.85],[7.1,48.847]]]}},{"type":"Feature","properties":{"code":"67135","nom":"Ettendorf"},"geometry":{"type":"Polygon","coordinates":[[[7.572,48.829],[7.587,48.833],[7.599,48.82],[7.606,48.806],[7.575,48.798],[7.568,48.801],[7.57,48.815],[7.572,48.829]]]}},{"type":"Feature","properties":{"code":"67136","nom":"Eywiller"},"geometry":{"type":"Polygon","coordinates":[[[7.105,48.881],[7.115,48.884],[7.14,48.878],[7.144,48.872],[7.135,48.857],[7.107,48.868],[7.105,48.881]]]}},{"type":"Feature","properties":{"code":"67137","nom":"Fegersheim"},"geometry":{"type":"Polygon","coordinates":[[[7.703,48.509],[7.702,48.496],[7.698,48.482],[7.675,48.487],[7.666,48.502],[7.703,48.509]]]}},{"type":"Feature","properties":{"code":"67138","nom":"Fessenheim-le-Bas"},"geometry":{"type":"Polygon","coordinates":[[[7.567,48.635],[7.56,48.622],[7.547,48.623],[7.529,48.63],[7.526,48.637],[7.548,48.644],[7.554,48.643],[7.567,48.637],[7.567,48.635]]]}},{"type":"Feature","properties":{"code":"67139","nom":"Flexbourg"},"geometry":{"type":"Polygon","coordinates":[[[7.432,48.56],[7.431,48.56],[7.407,48.568],[7.431,48.576],[7.432,48.56]]]}},{"type":"Feature","properties":{"code":"67140","nom":"Forstfeld"},"geometry":{"type":"Polygon","coordinates":[[[8.026,48.864],[8.027,48.864],[8.041,48.877],[8.062,48.868],[8.059,48.852],[8.051,48.852],[8.023,48.862],[8.026,48.864]]]}},{"type":"Feature","properties":{"code":"67141","nom":"Forstheim"},"geometry":{"type":"Polygon","coordinates":[[[7.726,48.889],[7.707,48.881],[7.705,48.887],[7.697,48.891],[7.72,48.906],[7.726,48.889]]]}},{"type":"Feature","properties":{"code":"67142","nom":"Fort-Louis"},"geometry":{"type":"Polygon","coordinates":[[[8.067,48.825],[8.082,48.828],[8.087,48.802],[8.03,48.787],[8.017,48.763],[8.01,48.785],[8.038,48.803],[8.037,48.805],[8.067,48.825]]]}},{"type":"Feature","properties":{"code":"67143","nom":"Fouchy"},"geometry":{"type":"Polygon","coordinates":[[[7.259,48.305],[7.204,48.31],[7.25,48.324],[7.268,48.331],[7.276,48.332],[7.259,48.305]]]}},{"type":"Feature","properties":{"code":"67144","nom":"Fouday"},"geometry":{"type":"Polygon","coordinates":[[[7.204,48.422],[7.203,48.415],[7.184,48.409],[7.176,48.418],[7.183,48.433],[7.204,48.422]]]}},{"type":"Feature","properties":{"code":"67145","nom":"Friedolsheim"},"geometry":{"type":"Polygon","coordinates":[[[7.479,48.715],[7.494,48.714],[7.495,48.695],[7.488,48.698],[7.471,48.704],[7.472,48.712],[7.479,48.715]]]}},{"type":"Feature","properties":{"code":"67146","nom":"Friesenheim"},"geometry":{"type":"Polygon","coordinates":[[[7.635,48.288],[7.625,48.3],[7.632,48.321],[7.64,48.327],[7.692,48.315],[7.678,48.299],[7.635,48.288]]]}},{"type":"Feature","properties":{"code":"67147","nom":"Frœschwiller"},"geometry":{"type":"Polygon","coordinates":[[[7.716,48.951],[7.734,48.953],[7.732,48.926],[7.717,48.923],[7.702,48.943],[7.716,48.951]]]}},{"type":"Feature","properties":{"code":"67148","nom":"Frohmuhl"},"geometry":{"type":"Polygon","coordinates":[[[7.283,48.902],[7.266,48.904],[7.272,48.914],[7.288,48.922],[7.29,48.915],[7.283,48.902]]]}},{"type":"Feature","properties":{"code":"67149","nom":"Furchhausen"},"geometry":{"type":"Polygon","coordinates":[[[7.449,48.719],[7.45,48.716],[7.432,48.71],[7.415,48.723],[7.42,48.731],[7.449,48.719]]]}},{"type":"Feature","properties":{"code":"67150","nom":"Furdenheim"},"geometry":{"type":"Polygon","coordinates":[[[7.537,48.603],[7.547,48.623],[7.56,48.622],[7.574,48.618],[7.587,48.612],[7.582,48.611],[7.565,48.602],[7.539,48.597],[7.537,48.603]]]}},{"type":"Feature","properties":{"code":"67151","nom":"Gambsheim"},"geometry":{"type":"Polygon","coordinates":[[[7.868,48.715],[7.912,48.704],[7.925,48.69],[7.896,48.667],[7.872,48.675],[7.84,48.699],[7.868,48.715]]]}},{"type":"Feature","properties":{"code":"67152","nom":"Geispolsheim"},"geometry":{"type":"Polygon","coordinates":[[[7.688,48.547],[7.696,48.534],[7.703,48.509],[7.666,48.502],[7.635,48.483],[7.613,48.477],[7.631,48.52],[7.661,48.543],[7.688,48.547]]]}},{"type":"Feature","properties":{"code":"67153","nom":"Geiswiller-Zœbersdorf"},"geometry":{"type":"Polygon","coordinates":[[[7.512,48.78],[7.504,48.779],[7.491,48.783],[7.487,48.803],[7.492,48.805],[7.521,48.798],[7.536,48.798],[7.54,48.793],[7.512,48.78]]]}},{"type":"Feature","properties":{"code":"67154","nom":"Gerstheim"},"geometry":{"type":"Polygon","coordinates":[[[7.736,48.362],[7.715,48.361],[7.678,48.37],[7.657,48.355],[7.655,48.361],[7.658,48.368],[7.672,48.375],[7.682,48.392],[7.71,48.405],[7.733,48.398],[7.736,48.362]]]}},{"type":"Feature","properties":{"code":"67155","nom":"Gertwiller"},"geometry":{"type":"Polygon","coordinates":[[[7.492,48.409],[7.481,48.399],[7.46,48.413],[7.462,48.425],[7.492,48.409]]]}},{"type":"Feature","properties":{"code":"67156","nom":"Geudertheim"},"geometry":{"type":"Polygon","coordinates":[[[7.787,48.737],[7.79,48.733],[7.771,48.712],[7.753,48.693],[7.764,48.669],[7.747,48.687],[7.757,48.744],[7.787,48.737]]]}},{"type":"Feature","properties":{"code":"67159","nom":"Gœrlingen"},"geometry":{"type":"Polygon","coordinates":[[[7.085,48.812],[7.087,48.814],[7.09,48.814],[7.105,48.797],[7.079,48.786],[7.067,48.799],[7.085,48.812]]]}},{"type":"Feature","properties":{"code":"67160","nom":"Gœrsdorf"},"geometry":{"type":"Polygon","coordinates":[[[7.784,48.945],[7.774,48.933],[7.752,48.931],[7.762,48.968],[7.779,48.99],[7.803,48.973],[7.784,48.945]]]}},{"type":"Feature","properties":{"code":"67161","nom":"Gottenhouse"},"geometry":{"type":"Polygon","coordinates":[[[7.361,48.707],[7.36,48.708],[7.349,48.723],[7.361,48.724],[7.367,48.718],[7.361,48.707]]]}},{"type":"Feature","properties":{"code":"67162","nom":"Gottesheim"},"geometry":{"type":"Polygon","coordinates":[[[7.498,48.768],[7.482,48.763],[7.458,48.775],[7.459,48.784],[7.491,48.783],[7.504,48.779],[7.498,48.768]]]}},{"type":"Feature","properties":{"code":"67163","nom":"Gougenheim"},"geometry":{"type":"Polygon","coordinates":[[[7.601,48.704],[7.593,48.697],[7.569,48.694],[7.548,48.695],[7.553,48.706],[7.566,48.716],[7.601,48.704]]]}},{"type":"Feature","properties":{"code":"67164","nom":"Goxwiller"},"geometry":{"type":"Polygon","coordinates":[[[7.505,48.435],[7.496,48.425],[7.462,48.426],[7.461,48.43],[7.494,48.438],[7.505,48.435]]]}},{"type":"Feature","properties":{"code":"67165","nom":"Grandfontaine"},"geometry":{"type":"Polygon","coordinates":[[[7.065,48.524],[7.08,48.537],[7.115,48.537],[7.168,48.528],[7.17,48.516],[7.173,48.484],[7.108,48.44],[7.106,48.444],[7.119,48.484],[7.094,48.489],[7.094,48.506],[7.123,48.514],[7.081,48.513],[7.077,48.516],[7.065,48.524]]]}},{"type":"Feature","properties":{"code":"67166","nom":"Grassendorf"},"geometry":{"type":"Polygon","coordinates":[[[7.614,48.804],[7.606,48.806],[7.599,48.82],[7.619,48.825],[7.619,48.806],[7.614,48.804]]]}},{"type":"Feature","properties":{"code":"67167","nom":"Grendelbruch"},"geometry":{"type":"Polygon","coordinates":[[[7.27,48.462],[7.288,48.471],[7.292,48.499],[7.335,48.505],[7.338,48.493],[7.321,48.466],[7.285,48.446],[7.278,48.453],[7.27,48.462]]]}},{"type":"Feature","properties":{"code":"67168","nom":"Gresswiller"},"geometry":{"type":"Polygon","coordinates":[[[7.391,48.501],[7.382,48.528],[7.401,48.537],[7.434,48.539],[7.432,48.52],[7.391,48.501]]]}},{"type":"Feature","properties":{"code":"67169","nom":"Gries"},"geometry":{"type":"Polygon","coordinates":[[[7.862,48.731],[7.827,48.732],[7.793,48.744],[7.814,48.778],[7.826,48.775],[7.862,48.731]]]}},{"type":"Feature","properties":{"code":"67172","nom":"Griesheim-près-Molsheim"},"geometry":{"type":"Polygon","coordinates":[[[7.518,48.511],[7.553,48.504],[7.548,48.495],[7.512,48.494],[7.514,48.511],[7.518,48.511]]]}},{"type":"Feature","properties":{"code":"67173","nom":"Griesheim-sur-Souffel"},"geometry":{"type":"Polygon","coordinates":[[[7.69,48.622],[7.683,48.62],[7.683,48.62],[7.64,48.631],[7.637,48.638],[7.697,48.64],[7.694,48.629],[7.69,48.622]]]}},{"type":"Feature","properties":{"code":"67174","nom":"Gumbrechtshoffen"},"geometry":{"type":"Polygon","coordinates":[[[7.64,48.906],[7.646,48.899],[7.629,48.896],[7.606,48.888],[7.605,48.907],[7.615,48.91],[7.631,48.918],[7.64,48.906]]]}},{"type":"Feature","properties":{"code":"67176","nom":"Gundershoffen"},"geometry":{"type":"Polygon","coordinates":[[[7.646,48.899],[7.64,48.906],[7.692,48.924],[7.702,48.943],[7.717,48.923],[7.72,48.906],[7.697,48.891],[7.668,48.879],[7.663,48.885],[7.646,48.899]]]}},{"type":"Feature","properties":{"code":"67177","nom":"Gunstett"},"geometry":{"type":"Polygon","coordinates":[[[7.8,48.923],[7.8,48.903],[7.769,48.907],[7.754,48.913],[7.752,48.918],[7.754,48.923],[7.79,48.923],[7.8,48.923]]]}},{"type":"Feature","properties":{"code":"67178","nom":"Gungwiller"},"geometry":{"type":"Polygon","coordinates":[[[7.165,48.875],[7.144,48.872],[7.14,48.878],[7.161,48.885],[7.165,48.875]]]}},{"type":"Feature","properties":{"code":"67179","nom":"Haegen"},"geometry":{"type":"Polygon","coordinates":[[[7.286,48.732],[7.287,48.731],[7.308,48.721],[7.349,48.723],[7.36,48.708],[7.334,48.705],[7.321,48.684],[7.307,48.707],[7.282,48.704],[7.271,48.663],[7.255,48.673],[7.242,48.692],[7.265,48.701],[7.286,48.732]]]}},{"type":"Feature","properties":{"code":"67180","nom":"Haguenau"},"geometry":{"type":"Polygon","coordinates":[[[7.759,48.879],[7.801,48.89],[7.807,48.902],[7.859,48.894],[7.904,48.89],[7.959,48.865],[7.997,48.836],[7.99,48.832],[7.962,48.838],[7.937,48.805],[7.932,48.807],[7.927,48.81],[7.915,48.805],[7.88,48.797],[7.846,48.792],[7.831,48.779],[7.826,48.775],[7.814,48.778],[7.755,48.784],[7.724,48.781],[7.736,48.802],[7.769,48.808],[7.739,48.837],[7.71,48.836],[7.661,48.848],[7.657,48.847],[7.638,48.857],[7.641,48.861],[7.668,48.865],[7.693,48.866],[7.705,48.887],[7.707,48.881],[7.719,48.871],[7.759,48.879]]]}},{"type":"Feature","properties":{"code":"67181","nom":"Handschuheim"},"geometry":{"type":"Polygon","coordinates":[[[7.565,48.602],[7.582,48.611],[7.587,48.589],[7.565,48.602]]]}},{"type":"Feature","properties":{"code":"67182","nom":"Hangenbieten"},"geometry":{"type":"Polygon","coordinates":[[[7.622,48.547],[7.606,48.542],[7.601,48.554],[7.601,48.564],[7.61,48.571],[7.624,48.565],[7.622,48.547]]]}},{"type":"Feature","properties":{"code":"67183","nom":"Harskirchen"},"geometry":{"type":"Polygon","coordinates":[[[7.037,48.954],[7.053,48.937],[7.05,48.923],[7.041,48.902],[7.008,48.905],[7.003,48.941],[7.026,48.956],[7.032,48.956],[7.037,48.954]]]}},{"type":"Feature","properties":{"code":"67184","nom":"Hatten"},"geometry":{"type":"Polygon","coordinates":[[[7.994,48.912],[8.025,48.907],[8.041,48.901],[8.041,48.877],[8.027,48.864],[7.98,48.89],[7.971,48.915],[7.981,48.913],[7.994,48.912]]]}},{"type":"Feature","properties":{"code":"67185","nom":"Hattmatt"},"geometry":{"type":"Polygon","coordinates":[[[7.433,48.776],[7.414,48.789],[7.422,48.8],[7.451,48.784],[7.459,48.784],[7.458,48.775],[7.433,48.776]]]}},{"type":"Feature","properties":{"code":"67186","nom":"Hegeney"},"geometry":{"type":"Polygon","coordinates":[[[7.753,48.882],[7.728,48.884],[7.726,48.889],[7.746,48.896],[7.75,48.887],[7.753,48.882]]]}},{"type":"Feature","properties":{"code":"67187","nom":"Heidolsheim"},"geometry":{"type":"Polygon","coordinates":[[[7.481,48.209],[7.498,48.214],[7.537,48.205],[7.533,48.197],[7.481,48.209]]]}},{"type":"Feature","properties":{"code":"67188","nom":"Heiligenberg"},"geometry":{"type":"Polygon","coordinates":[[[7.395,48.543],[7.401,48.537],[7.382,48.528],[7.366,48.519],[7.362,48.55],[7.395,48.543]]]}},{"type":"Feature","properties":{"code":"67189","nom":"Heiligenstein"},"geometry":{"type":"Polygon","coordinates":[[[7.424,48.432],[7.461,48.43],[7.462,48.426],[7.462,48.425],[7.46,48.413],[7.425,48.418],[7.424,48.432]]]}},{"type":"Feature","properties":{"code":"67190","nom":"Hengwiller"},"geometry":{"type":"Polygon","coordinates":[[[7.313,48.661],[7.339,48.674],[7.341,48.671],[7.343,48.665],[7.313,48.661]]]}},{"type":"Feature","properties":{"code":"67191","nom":"Herbitzheim"},"geometry":{"type":"Polygon","coordinates":[[[7.088,48.992],[7.047,49],[7.052,49.009],[7.055,49.031],[7.079,49.05],[7.106,49.045],[7.119,49.037],[7.122,49.023],[7.088,48.992]]]}},{"type":"Feature","properties":{"code":"67192","nom":"Herbsheim"},"geometry":{"type":"Polygon","coordinates":[[[7.657,48.355],[7.653,48.343],[7.64,48.327],[7.609,48.347],[7.626,48.365],[7.655,48.361],[7.657,48.355]]]}},{"type":"Feature","properties":{"code":"67194","nom":"Herrlisheim"},"geometry":{"type":"Polygon","coordinates":[[[7.95,48.735],[7.932,48.722],[7.871,48.717],[7.884,48.74],[7.921,48.752],[7.95,48.735]]]}},{"type":"Feature","properties":{"code":"67195","nom":"Hessenheim"},"geometry":{"type":"Polygon","coordinates":[[[7.537,48.193],[7.533,48.197],[7.537,48.205],[7.547,48.22],[7.568,48.213],[7.574,48.203],[7.555,48.195],[7.537,48.193]]]}},{"type":"Feature","properties":{"code":"67196","nom":"Hilsenheim"},"geometry":{"type":"Polygon","coordinates":[[[7.548,48.313],[7.566,48.32],[7.591,48.323],[7.597,48.322],[7.61,48.302],[7.594,48.281],[7.568,48.268],[7.538,48.285],[7.548,48.313]]]}},{"type":"Feature","properties":{"code":"67197","nom":"Hindisheim"},"geometry":{"type":"Polygon","coordinates":[[[7.66,48.475],[7.623,48.451],[7.592,48.447],[7.592,48.468],[7.594,48.469],[7.608,48.475],[7.613,48.477],[7.635,48.483],[7.665,48.486],[7.66,48.475]]]}},{"type":"Feature","properties":{"code":"67198","nom":"Hinsbourg"},"geometry":{"type":"Polygon","coordinates":[[[7.289,48.894],[7.283,48.902],[7.29,48.915],[7.313,48.898],[7.315,48.894],[7.289,48.894]]]}},{"type":"Feature","properties":{"code":"67199","nom":"Hinsingen"},"geometry":{"type":"Polygon","coordinates":[[[7.003,48.941],[6.983,48.942],[6.987,48.95],[6.993,48.961],[7.019,48.958],[7.003,48.941]]]}},{"type":"Feature","properties":{"code":"67200","nom":"Hipsheim"},"geometry":{"type":"Polygon","coordinates":[[[7.696,48.478],[7.695,48.451],[7.659,48.461],[7.663,48.47],[7.696,48.478]]]}},{"type":"Feature","properties":{"code":"67201","nom":"Hirschland"},"geometry":{"type":"Polygon","coordinates":[[[7.108,48.822],[7.1,48.847],[7.129,48.85],[7.149,48.845],[7.139,48.817],[7.108,48.822]]]}},{"type":"Feature","properties":{"code":"67202","nom":"Hochfelden"},"geometry":{"type":"Polygon","coordinates":[[[7.535,48.744],[7.531,48.755],[7.544,48.77],[7.559,48.772],[7.585,48.773],[7.593,48.75],[7.58,48.734],[7.563,48.724],[7.547,48.725],[7.535,48.744]]]}},{"type":"Feature","properties":{"code":"67203","nom":"Hochstett"},"geometry":{"type":"Polygon","coordinates":[[[7.673,48.785],[7.685,48.783],[7.687,48.773],[7.669,48.765],[7.667,48.767],[7.673,48.785]]]}},{"type":"Feature","properties":{"code":"67204","nom":"Hœnheim"},"geometry":{"type":"Polygon","coordinates":[[[7.779,48.639],[7.781,48.639],[7.778,48.626],[7.768,48.617],[7.767,48.618],[7.765,48.619],[7.718,48.62],[7.721,48.623],[7.755,48.629],[7.758,48.632],[7.779,48.639]]]}},{"type":"Feature","properties":{"code":"67205","nom":"Hœrdt"},"geometry":{"type":"Polygon","coordinates":[[[7.771,48.712],[7.792,48.711],[7.818,48.69],[7.818,48.687],[7.797,48.669],[7.764,48.669],[7.753,48.693],[7.771,48.712]]]}},{"type":"Feature","properties":{"code":"67206","nom":"Hoffen"},"geometry":{"type":"Polygon","coordinates":[[[7.927,48.921],[7.892,48.945],[7.902,48.947],[7.937,48.946],[7.954,48.945],[7.964,48.942],[7.961,48.921],[7.936,48.914],[7.927,48.921]]]}},{"type":"Feature","properties":{"code":"67208","nom":"Hohengœft"},"geometry":{"type":"Polygon","coordinates":[[[7.483,48.653],[7.478,48.649],[7.448,48.658],[7.443,48.662],[7.47,48.672],[7.479,48.662],[7.485,48.66],[7.489,48.657],[7.483,48.653]]]}},{"type":"Feature","properties":{"code":"67209","nom":"Hohfrankenheim"},"geometry":{"type":"Polygon","coordinates":[[[7.598,48.735],[7.598,48.731],[7.561,48.72],[7.563,48.724],[7.58,48.734],[7.598,48.735]]]}},{"type":"Feature","properties":{"code":"67210","nom":"Le Hohwald"},"geometry":{"type":"Polygon","coordinates":[[[7.34,48.416],[7.338,48.383],[7.349,48.372],[7.331,48.379],[7.269,48.389],[7.266,48.398],[7.296,48.421],[7.316,48.428],[7.34,48.416]]]}},{"type":"Feature","properties":{"code":"67212","nom":"Holtzheim"},"geometry":{"type":"Polygon","coordinates":[[[7.664,48.566],[7.674,48.564],[7.662,48.547],[7.622,48.547],[7.624,48.565],[7.65,48.568],[7.652,48.567],[7.664,48.566]]]}},{"type":"Feature","properties":{"code":"67213","nom":"Hunspach"},"geometry":{"type":"Polygon","coordinates":[[[7.9,48.964],[7.897,48.969],[7.91,48.97],[7.953,48.966],[7.962,48.95],[7.954,48.945],[7.937,48.946],[7.9,48.964]]]}},{"type":"Feature","properties":{"code":"67214","nom":"Hurtigheim"},"geometry":{"type":"Polygon","coordinates":[[[7.596,48.626],[7.605,48.628],[7.633,48.609],[7.587,48.612],[7.574,48.618],[7.596,48.626]]]}},{"type":"Feature","properties":{"code":"67215","nom":"Huttendorf"},"geometry":{"type":"Polygon","coordinates":[[[7.645,48.814],[7.65,48.812],[7.656,48.801],[7.657,48.799],[7.64,48.788],[7.617,48.802],[7.614,48.804],[7.619,48.806],[7.645,48.814]]]}},{"type":"Feature","properties":{"code":"67216","nom":"Huttenheim"},"geometry":{"type":"Polygon","coordinates":[[[7.531,48.365],[7.532,48.368],[7.572,48.374],[7.6,48.359],[7.599,48.341],[7.59,48.323],[7.564,48.357],[7.531,48.365]]]}},{"type":"Feature","properties":{"code":"67217","nom":"Ichtratzheim"},"geometry":{"type":"Polygon","coordinates":[[[7.698,48.482],[7.696,48.478],[7.663,48.47],[7.66,48.475],[7.665,48.486],[7.675,48.487],[7.698,48.482]]]}},{"type":"Feature","properties":{"code":"67218","nom":"Illkirch-Graffenstaden"},"geometry":{"type":"Polygon","coordinates":[[[7.703,48.509],[7.696,48.534],[7.73,48.551],[7.753,48.542],[7.767,48.516],[7.757,48.493],[7.702,48.496],[7.703,48.509]]]}},{"type":"Feature","properties":{"code":"67220","nom":"Ingenheim"},"geometry":{"type":"Polygon","coordinates":[[[7.507,48.737],[7.511,48.744],[7.526,48.744],[7.535,48.744],[7.547,48.725],[7.525,48.722],[7.51,48.725],[7.507,48.737]]]}},{"type":"Feature","properties":{"code":"67221","nom":"Ingolsheim"},"geometry":{"type":"Polygon","coordinates":[[[7.91,48.97],[7.908,48.972],[7.928,48.981],[7.952,48.968],[7.953,48.966],[7.91,48.97]]]}},{"type":"Feature","properties":{"code":"67222","nom":"Ingwiller"},"geometry":{"type":"Polygon","coordinates":[[[7.451,48.884],[7.41,48.896],[7.446,48.901],[7.487,48.903],[7.512,48.892],[7.517,48.887],[7.505,48.879],[7.483,48.862],[7.464,48.86],[7.459,48.866],[7.451,48.884]]]}},{"type":"Feature","properties":{"code":"67223","nom":"Innenheim"},"geometry":{"type":"Polygon","coordinates":[[[7.558,48.504],[7.586,48.513],[7.592,48.487],[7.548,48.495],[7.553,48.504],[7.558,48.504]]]}},{"type":"Feature","properties":{"code":"67225","nom":"Issenhausen"},"geometry":{"type":"Polygon","coordinates":[[[7.542,48.812],[7.547,48.801],[7.536,48.798],[7.521,48.798],[7.527,48.809],[7.542,48.812]]]}},{"type":"Feature","properties":{"code":"67226","nom":"Ittenheim"},"geometry":{"type":"Polygon","coordinates":[[[7.649,48.613],[7.654,48.611],[7.63,48.598],[7.61,48.592],[7.587,48.588],[7.587,48.589],[7.582,48.611],[7.587,48.612],[7.633,48.609],[7.649,48.613]]]}},{"type":"Feature","properties":{"code":"67227","nom":"Itterswiller"},"geometry":{"type":"Polygon","coordinates":[[[7.426,48.369],[7.438,48.371],[7.42,48.364],[7.414,48.365],[7.426,48.369]]]}},{"type":"Feature","properties":{"code":"67228","nom":"Neugartheim-Ittlenheim"},"geometry":{"type":"Polygon","coordinates":[[[7.525,48.656],[7.524,48.662],[7.54,48.672],[7.554,48.643],[7.548,48.644],[7.525,48.656]]]}},{"type":"Feature","properties":{"code":"67229","nom":"Jetterswiller"},"geometry":{"type":"Polygon","coordinates":[[[7.434,48.676],[7.434,48.675],[7.441,48.664],[7.4,48.663],[7.397,48.674],[7.427,48.676],[7.434,48.676]]]}},{"type":"Feature","properties":{"code":"67230","nom":"Kaltenhouse"},"geometry":{"type":"Polygon","coordinates":[[[7.846,48.792],[7.855,48.783],[7.831,48.779],[7.846,48.792]]]}},{"type":"Feature","properties":{"code":"67231","nom":"Kauffenheim"},"geometry":{"type":"Polygon","coordinates":[[[8.051,48.852],[8.044,48.847],[8.023,48.862],[8.051,48.852]]]}},{"type":"Feature","properties":{"code":"67232","nom":"Keffenach"},"geometry":{"type":"Polygon","coordinates":[[[7.897,48.969],[7.9,48.964],[7.896,48.959],[7.885,48.96],[7.868,48.967],[7.864,48.972],[7.897,48.969]]]}},{"type":"Feature","properties":{"code":"67233","nom":"Kertzfeld"},"geometry":{"type":"Polygon","coordinates":[[[7.548,48.414],[7.55,48.396],[7.589,48.392],[7.589,48.384],[7.572,48.374],[7.532,48.368],[7.542,48.396],[7.548,48.414]]]}},{"type":"Feature","properties":{"code":"67234","nom":"Keskastel"},"geometry":{"type":"Polygon","coordinates":[[[7.032,48.956],[7.047,49],[7.088,48.992],[7.103,48.976],[7.1,48.965],[7.066,48.959],[7.037,48.954],[7.032,48.956]]]}},{"type":"Feature","properties":{"code":"67235","nom":"Kesseldorf"},"geometry":{"type":"Polygon","coordinates":[[[8.041,48.901],[8.043,48.897],[8.084,48.895],[8.079,48.874],[8.062,48.868],[8.041,48.877],[8.041,48.901]]]}},{"type":"Feature","properties":{"code":"67236","nom":"Kienheim"},"geometry":{"type":"Polygon","coordinates":[[[7.579,48.679],[7.569,48.694],[7.593,48.697],[7.579,48.679]]]}},{"type":"Feature","properties":{"code":"67237","nom":"Kilstett"},"geometry":{"type":"Polygon","coordinates":[[[7.84,48.699],[7.872,48.675],[7.859,48.667],[7.818,48.687],[7.818,48.69],[7.84,48.699]]]}},{"type":"Feature","properties":{"code":"67238","nom":"Kindwiller"},"geometry":{"type":"Polygon","coordinates":[[[7.579,48.852],[7.573,48.861],[7.602,48.874],[7.615,48.87],[7.61,48.858],[7.579,48.852]]]}},{"type":"Feature","properties":{"code":"67239","nom":"Kintzheim"},"geometry":{"type":"Polygon","coordinates":[[[7.332,48.27],[7.334,48.272],[7.348,48.279],[7.372,48.281],[7.389,48.263],[7.422,48.259],[7.406,48.234],[7.348,48.254],[7.332,48.27]]]}},{"type":"Feature","properties":{"code":"67240","nom":"Kirchheim"},"geometry":{"type":"Polygon","coordinates":[[[7.464,48.609],[7.479,48.611],[7.518,48.598],[7.516,48.597],[7.469,48.604],[7.464,48.609]]]}},{"type":"Feature","properties":{"code":"67241","nom":"Kirrberg"},"geometry":{"type":"Polygon","coordinates":[[[7.087,48.814],[7.085,48.812],[7.052,48.815],[7.047,48.821],[7.054,48.836],[7.053,48.847],[7.081,48.847],[7.069,48.827],[7.087,48.814]]]}},{"type":"Feature","properties":{"code":"67242","nom":"Kirrwiller"},"geometry":{"type":"Polygon","coordinates":[[[7.51,48.829],[7.542,48.827],[7.542,48.812],[7.527,48.809],[7.504,48.816],[7.51,48.829]]]}},{"type":"Feature","properties":{"code":"67244","nom":"Kleingœft"},"geometry":{"type":"Polygon","coordinates":[[[7.435,48.704],[7.45,48.699],[7.463,48.692],[7.43,48.689],[7.435,48.704]]]}},{"type":"Feature","properties":{"code":"67245","nom":"Knœrsheim"},"geometry":{"type":"Polygon","coordinates":[[[7.434,48.675],[7.434,48.676],[7.478,48.685],[7.477,48.683],[7.468,48.675],[7.434,48.675]]]}},{"type":"Feature","properties":{"code":"67246","nom":"Kogenheim"},"geometry":{"type":"Polygon","coordinates":[[[7.566,48.32],[7.548,48.313],[7.524,48.317],[7.502,48.325],[7.518,48.35],[7.55,48.341],[7.566,48.32]]]}},{"type":"Feature","properties":{"code":"67247","nom":"Kolbsheim"},"geometry":{"type":"Polygon","coordinates":[[[7.601,48.564],[7.601,48.554],[7.587,48.552],[7.58,48.575],[7.601,48.564]]]}},{"type":"Feature","properties":{"code":"67248","nom":"Krautergersheim"},"geometry":{"type":"Polygon","coordinates":[[[7.545,48.473],[7.539,48.481],[7.575,48.483],[7.594,48.469],[7.592,48.468],[7.545,48.473]]]}},{"type":"Feature","properties":{"code":"67249","nom":"Krautwiller"},"geometry":{"type":"Polygon","coordinates":[[[7.687,48.743],[7.672,48.734],[7.663,48.736],[7.67,48.745],[7.687,48.743]]]}},{"type":"Feature","properties":{"code":"67250","nom":"Kriegsheim"},"geometry":{"type":"Polygon","coordinates":[[[7.756,48.759],[7.748,48.752],[7.721,48.752],[7.72,48.766],[7.756,48.759]]]}},{"type":"Feature","properties":{"code":"67252","nom":"Kurtzenhouse"},"geometry":{"type":"Polygon","coordinates":[[[7.787,48.737],[7.793,48.744],[7.827,48.732],[7.792,48.73],[7.79,48.733],[7.787,48.737]]]}},{"type":"Feature","properties":{"code":"67253","nom":"Kuttolsheim"},"geometry":{"type":"Polygon","coordinates":[[[7.483,48.653],[7.489,48.657],[7.525,48.656],[7.548,48.644],[7.526,48.637],[7.483,48.653]]]}},{"type":"Feature","properties":{"code":"67254","nom":"Kutzenhausen"},"geometry":{"type":"Polygon","coordinates":[[[7.836,48.961],[7.858,48.952],[7.858,48.92],[7.842,48.92],[7.831,48.943],[7.836,48.961]]]}},{"type":"Feature","properties":{"code":"67255","nom":"Lalaye"},"geometry":{"type":"Polygon","coordinates":[[[7.263,48.341],[7.268,48.331],[7.25,48.324],[7.212,48.333],[7.21,48.348],[7.231,48.351],[7.263,48.341]]]}},{"type":"Feature","properties":{"code":"67256","nom":"Lampertheim"},"geometry":{"type":"Polygon","coordinates":[[[7.723,48.655],[7.696,48.643],[7.669,48.654],[7.673,48.664],[7.688,48.669],[7.723,48.655]]]}},{"type":"Feature","properties":{"code":"67257","nom":"Lampertsloch"},"geometry":{"type":"Polygon","coordinates":[[[7.822,48.974],[7.836,48.961],[7.831,48.943],[7.825,48.942],[7.804,48.974],[7.842,48.996],[7.845,48.992],[7.822,48.974]]]}},{"type":"Feature","properties":{"code":"67258","nom":"Landersheim"},"geometry":{"type":"Polygon","coordinates":[[[7.485,48.689],[7.488,48.698],[7.495,48.695],[7.518,48.693],[7.519,48.684],[7.492,48.686],[7.49,48.686],[7.485,48.689]]]}},{"type":"Feature","properties":{"code":"67259","nom":"Langensoultzbach"},"geometry":{"type":"Polygon","coordinates":[[[7.734,48.953],[7.716,48.951],[7.702,48.97],[7.725,48.985],[7.712,49],[7.732,49.002],[7.761,48.968],[7.734,48.953]]]}},{"type":"Feature","properties":{"code":"67260","nom":"Laubach"},"geometry":{"type":"Polygon","coordinates":[[[7.719,48.871],[7.707,48.881],[7.726,48.889],[7.728,48.884],[7.719,48.871]]]}},{"type":"Feature","properties":{"code":"67261","nom":"Lauterbourg"},"geometry":{"type":"Polygon","coordinates":[[[8.154,48.96],[8.162,48.978],[8.223,48.976],[8.187,48.945],[8.154,48.96]]]}},{"type":"Feature","properties":{"code":"67263","nom":"Lembach"},"geometry":{"type":"Polygon","coordinates":[[[7.687,49.021],[7.732,49.027],[7.732,49.044],[7.779,49.058],[7.788,49.034],[7.811,49.014],[7.834,49.02],[7.842,48.996],[7.804,48.974],[7.803,48.973],[7.779,48.99],[7.762,48.968],[7.761,48.968],[7.732,49.002],[7.712,49],[7.696,49.013],[7.684,49.02],[7.687,49.021]]]}},{"type":"Feature","properties":{"code":"67264","nom":"Leutenheim"},"geometry":{"type":"Polygon","coordinates":[[[8.026,48.864],[8.023,48.862],[8.044,48.847],[8.043,48.837],[8.007,48.833],[7.997,48.836],[7.959,48.865],[8.012,48.863],[8.026,48.864]]]}},{"type":"Feature","properties":{"code":"67265","nom":"Lichtenberg"},"geometry":{"type":"Polygon","coordinates":[[[7.487,48.95],[7.513,48.943],[7.513,48.924],[7.487,48.903],[7.446,48.901],[7.459,48.925],[7.49,48.935],[7.487,48.95]]]}},{"type":"Feature","properties":{"code":"67266","nom":"Limersheim"},"geometry":{"type":"Polygon","coordinates":[[[7.593,48.445],[7.592,48.447],[7.623,48.451],[7.66,48.475],[7.663,48.47],[7.659,48.461],[7.634,48.444],[7.627,48.447],[7.593,48.445]]]}},{"type":"Feature","properties":{"code":"67267","nom":"Lingolsheim"},"geometry":{"type":"Polygon","coordinates":[[[7.704,48.558],[7.688,48.547],[7.661,48.543],[7.662,48.547],[7.674,48.564],[7.702,48.568],[7.704,48.558]]]}},{"type":"Feature","properties":{"code":"67268","nom":"Lipsheim"},"geometry":{"type":"Polygon","coordinates":[[[7.666,48.502],[7.675,48.487],[7.665,48.486],[7.635,48.483],[7.666,48.502]]]}},{"type":"Feature","properties":{"code":"67269","nom":"Littenheim"},"geometry":{"type":"Polygon","coordinates":[[[7.51,48.725],[7.494,48.714],[7.479,48.715],[7.475,48.722],[7.507,48.737],[7.51,48.725]]]}},{"type":"Feature","properties":{"code":"67270","nom":"Lixhausen"},"geometry":{"type":"Polygon","coordinates":[[[7.575,48.798],[7.577,48.792],[7.546,48.784],[7.54,48.793],[7.536,48.798],[7.547,48.801],[7.568,48.801],[7.575,48.798]]]}},{"type":"Feature","properties":{"code":"67271","nom":"Lobsann"},"geometry":{"type":"Polygon","coordinates":[[[7.836,48.961],[7.822,48.974],[7.858,48.952],[7.836,48.961]]]}},{"type":"Feature","properties":{"code":"67272","nom":"Lochwiller"},"geometry":{"type":"Polygon","coordinates":[[[7.433,48.707],[7.435,48.704],[7.43,48.689],[7.428,48.687],[7.396,48.693],[7.402,48.705],[7.433,48.707]]]}},{"type":"Feature","properties":{"code":"67273","nom":"Lohr"},"geometry":{"type":"Polygon","coordinates":[[[7.293,48.865],[7.296,48.855],[7.277,48.843],[7.25,48.834],[7.228,48.848],[7.234,48.85],[7.254,48.866],[7.293,48.865]]]}},{"type":"Feature","properties":{"code":"67274","nom":"Lorentzen"},"geometry":{"type":"Polygon","coordinates":[[[7.167,48.94],[7.156,48.94],[7.163,48.964],[7.166,48.975],[7.196,48.969],[7.214,48.961],[7.167,48.94]]]}},{"type":"Feature","properties":{"code":"67275","nom":"Lupstein"},"geometry":{"type":"Polygon","coordinates":[[[7.511,48.744],[7.507,48.737],[7.475,48.722],[7.454,48.733],[7.452,48.747],[7.48,48.748],[7.511,48.744]]]}},{"type":"Feature","properties":{"code":"67276","nom":"Lutzelhouse"},"geometry":{"type":"Polygon","coordinates":[[[7.281,48.51],[7.235,48.515],[7.187,48.537],[7.201,48.553],[7.22,48.556],[7.241,48.574],[7.26,48.561],[7.258,48.542],[7.302,48.523],[7.281,48.51]]]}},{"type":"Feature","properties":{"code":"67277","nom":"Mackenheim"},"geometry":{"type":"Polygon","coordinates":[[[7.537,48.193],[7.555,48.195],[7.587,48.183],[7.634,48.196],[7.637,48.196],[7.611,48.168],[7.595,48.177],[7.534,48.179],[7.537,48.193]]]}},{"type":"Feature","properties":{"code":"67278","nom":"Mackwiller"},"geometry":{"type":"Polygon","coordinates":[[[7.142,48.934],[7.156,48.94],[7.167,48.94],[7.188,48.93],[7.197,48.915],[7.182,48.915],[7.164,48.911],[7.14,48.926],[7.142,48.934]]]}},{"type":"Feature","properties":{"code":"67279","nom":"Maennolsheim"},"geometry":{"type":"Polygon","coordinates":[[[7.488,48.698],[7.485,48.689],[7.463,48.692],[7.45,48.699],[7.471,48.704],[7.488,48.698]]]}},{"type":"Feature","properties":{"code":"67280","nom":"Maisonsgoutte"},"geometry":{"type":"Polygon","coordinates":[[[7.259,48.37],[7.277,48.358],[7.263,48.341],[7.231,48.351],[7.259,48.37]]]}},{"type":"Feature","properties":{"code":"67281","nom":"Marckolsheim"},"geometry":{"type":"Polygon","coordinates":[[[7.52,48.149],[7.527,48.166],[7.534,48.179],[7.595,48.177],[7.611,48.168],[7.597,48.134],[7.577,48.12],[7.519,48.128],[7.516,48.133],[7.52,48.149]]]}},{"type":"Feature","properties":{"code":"67282","nom":"Marlenheim"},"geometry":{"type":"Polygon","coordinates":[[[7.547,48.623],[7.537,48.603],[7.518,48.598],[7.479,48.611],[7.457,48.63],[7.473,48.642],[7.529,48.63],[7.547,48.623]]]}},{"type":"Feature","properties":{"code":"67283","nom":"Marmoutier"},"geometry":{"type":"Polygon","coordinates":[[[7.402,48.705],[7.396,48.693],[7.389,48.679],[7.368,48.677],[7.341,48.671],[7.339,48.674],[7.334,48.684],[7.361,48.707],[7.367,48.718],[7.393,48.713],[7.402,48.705]]]}},{"type":"Feature","properties":{"code":"67285","nom":"Matzenheim"},"geometry":{"type":"Polygon","coordinates":[[[7.658,48.368],[7.606,48.393],[7.612,48.404],[7.672,48.375],[7.658,48.368]]]}},{"type":"Feature","properties":{"code":"67286","nom":"Meistratzheim"},"geometry":{"type":"Polygon","coordinates":[[[7.589,48.441],[7.537,48.437],[7.544,48.471],[7.545,48.473],[7.592,48.468],[7.592,48.447],[7.593,48.445],[7.589,48.442],[7.589,48.441]]]}},{"type":"Feature","properties":{"code":"67287","nom":"Melsheim"},"geometry":{"type":"Polygon","coordinates":[[[7.535,48.744],[7.526,48.744],[7.498,48.768],[7.504,48.779],[7.512,48.78],[7.52,48.773],[7.531,48.755],[7.535,48.744]]]}},{"type":"Feature","properties":{"code":"67288","nom":"Memmelshoffen"},"geometry":{"type":"Polygon","coordinates":[[[7.868,48.967],[7.885,48.96],[7.87,48.951],[7.868,48.967]]]}},{"type":"Feature","properties":{"code":"67289","nom":"Menchhoffen"},"geometry":{"type":"Polygon","coordinates":[[[7.485,48.856],[7.483,48.862],[7.505,48.879],[7.512,48.857],[7.504,48.852],[7.485,48.856]]]}},{"type":"Feature","properties":{"code":"67290","nom":"Merkwiller-Pechelbronn"},"geometry":{"type":"Polygon","coordinates":[[[7.817,48.919],[7.821,48.926],[7.825,48.942],[7.831,48.943],[7.842,48.92],[7.817,48.919]]]}},{"type":"Feature","properties":{"code":"67291","nom":"Mertzwiller"},"geometry":{"type":"Polygon","coordinates":[[[7.668,48.865],[7.668,48.879],[7.697,48.891],[7.705,48.887],[7.693,48.866],[7.668,48.865]]]}},{"type":"Feature","properties":{"code":"67292","nom":"Mietesheim"},"geometry":{"type":"Polygon","coordinates":[[[7.668,48.865],[7.641,48.861],[7.624,48.873],[7.63,48.895],[7.663,48.885],[7.668,48.879],[7.668,48.865]]]}},{"type":"Feature","properties":{"code":"67293","nom":"Minversheim"},"geometry":{"type":"Polygon","coordinates":[[[7.64,48.788],[7.634,48.771],[7.623,48.771],[7.606,48.781],[7.617,48.802],[7.64,48.788]]]}},{"type":"Feature","properties":{"code":"67295","nom":"Mittelbergheim"},"geometry":{"type":"Polygon","coordinates":[[[7.449,48.386],[7.437,48.387],[7.423,48.401],[7.463,48.393],[7.449,48.386]]]}},{"type":"Feature","properties":{"code":"67296","nom":"Mittelhausbergen"},"geometry":{"type":"Polygon","coordinates":[[[7.683,48.62],[7.69,48.622],[7.702,48.616],[7.706,48.606],[7.683,48.62]]]}},{"type":"Feature","properties":{"code":"67298","nom":"Mittelschaeffolsheim"},"geometry":{"type":"Polygon","coordinates":[[[7.663,48.701],[7.662,48.689],[7.637,48.699],[7.65,48.707],[7.663,48.701]]]}},{"type":"Feature","properties":{"code":"67299","nom":"Mollkirch"},"geometry":{"type":"Polygon","coordinates":[[[7.391,48.501],[7.391,48.5],[7.38,48.488],[7.338,48.493],[7.335,48.505],[7.346,48.522],[7.366,48.519],[7.382,48.528],[7.391,48.501]]]}},{"type":"Feature","properties":{"code":"67300","nom":"Molsheim"},"geometry":{"type":"Polygon","coordinates":[[[7.51,48.562],[7.516,48.561],[7.534,48.541],[7.515,48.531],[7.482,48.529],[7.464,48.552],[7.475,48.556],[7.51,48.562]]]}},{"type":"Feature","properties":{"code":"67301","nom":"Mommenheim"},"geometry":{"type":"Polygon","coordinates":[[[7.646,48.746],[7.625,48.754],[7.623,48.771],[7.634,48.771],[7.667,48.767],[7.669,48.765],[7.672,48.758],[7.67,48.745],[7.663,48.736],[7.646,48.746]]]}},{"type":"Feature","properties":{"code":"67302","nom":"Monswiller"},"geometry":{"type":"Polygon","coordinates":[[[7.374,48.765],[7.387,48.768],[7.407,48.741],[7.365,48.756],[7.364,48.757],[7.374,48.765]]]}},{"type":"Feature","properties":{"code":"67303","nom":"Morsbronn-les-Bains"},"geometry":{"type":"Polygon","coordinates":[[[7.746,48.896],[7.726,48.889],[7.72,48.906],[7.717,48.923],[7.732,48.926],[7.752,48.918],[7.754,48.913],[7.746,48.896]]]}},{"type":"Feature","properties":{"code":"67304","nom":"Morschwiller"},"geometry":{"type":"Polygon","coordinates":[[[7.619,48.825],[7.62,48.834],[7.638,48.829],[7.645,48.814],[7.619,48.806],[7.619,48.825]]]}},{"type":"Feature","properties":{"code":"67305","nom":"Mothern"},"geometry":{"type":"Polygon","coordinates":[[[8.107,48.941],[8.154,48.958],[8.154,48.96],[8.187,48.945],[8.169,48.925],[8.139,48.929],[8.107,48.941]]]}},{"type":"Feature","properties":{"code":"67306","nom":"Muhlbach-sur-Bruche"},"geometry":{"type":"Polygon","coordinates":[[[7.335,48.505],[7.292,48.499],[7.281,48.508],[7.281,48.51],[7.302,48.523],[7.346,48.522],[7.346,48.522],[7.335,48.505]]]}},{"type":"Feature","properties":{"code":"67307","nom":"Mulhausen"},"geometry":{"type":"Polygon","coordinates":[[[7.545,48.877],[7.535,48.884],[7.553,48.897],[7.577,48.894],[7.545,48.877]]]}},{"type":"Feature","properties":{"code":"67308","nom":"Munchhausen"},"geometry":{"type":"Polygon","coordinates":[[[8.136,48.925],[8.139,48.929],[8.169,48.925],[8.142,48.896],[8.136,48.925]]]}},{"type":"Feature","properties":{"code":"67309","nom":"Mundolsheim"},"geometry":{"type":"Polygon","coordinates":[[[7.723,48.655],[7.73,48.652],[7.737,48.64],[7.719,48.626],[7.694,48.629],[7.697,48.64],[7.696,48.643],[7.723,48.655]]]}},{"type":"Feature","properties":{"code":"67310","nom":"Mussig"},"geometry":{"type":"Polygon","coordinates":[[[7.537,48.205],[7.498,48.214],[7.507,48.253],[7.55,48.223],[7.547,48.22],[7.537,48.205]]]}},{"type":"Feature","properties":{"code":"67311","nom":"Muttersholtz"},"geometry":{"type":"Polygon","coordinates":[[[7.562,48.253],[7.495,48.263],[7.512,48.284],[7.538,48.285],[7.568,48.268],[7.562,48.253]]]}},{"type":"Feature","properties":{"code":"67312","nom":"Mutzenhouse"},"geometry":{"type":"Polygon","coordinates":[[[7.6,48.74],[7.598,48.735],[7.58,48.734],[7.593,48.75],[7.6,48.74]]]}},{"type":"Feature","properties":{"code":"67313","nom":"Mutzig"},"geometry":{"type":"Polygon","coordinates":[[[7.435,48.519],[7.432,48.52],[7.434,48.539],[7.445,48.554],[7.459,48.553],[7.464,48.552],[7.482,48.529],[7.435,48.519]]]}},{"type":"Feature","properties":{"code":"67314","nom":"Natzwiller"},"geometry":{"type":"Polygon","coordinates":[[[7.285,48.446],[7.267,48.434],[7.226,48.449],[7.222,48.451],[7.213,48.456],[7.278,48.453],[7.285,48.446],[7.285,48.446]]]}},{"type":"Feature","properties":{"code":"67315","nom":"Neewiller-près-Lauterbourg"},"geometry":{"type":"Polygon","coordinates":[[[8.154,48.958],[8.107,48.941],[8.088,48.947],[8.128,48.959],[8.154,48.958]]]}},{"type":"Feature","properties":{"code":"67317","nom":"Neubois"},"geometry":{"type":"Polygon","coordinates":[[[7.291,48.294],[7.282,48.296],[7.284,48.308],[7.309,48.313],[7.346,48.319],[7.354,48.312],[7.359,48.307],[7.343,48.297],[7.321,48.288],[7.291,48.294]]]}},{"type":"Feature","properties":{"code":"67319","nom":"Neuhaeusel"},"geometry":{"type":"Polygon","coordinates":[[[8.082,48.828],[8.101,48.829],[8.107,48.828],[8.087,48.802],[8.082,48.828]]]}},{"type":"Feature","properties":{"code":"67320","nom":"Neuve-Église"},"geometry":{"type":"Polygon","coordinates":[[[7.316,48.339],[7.325,48.332],[7.335,48.325],[7.309,48.313],[7.284,48.308],[7.295,48.332],[7.316,48.339]]]}},{"type":"Feature","properties":{"code":"67321","nom":"Neuviller-la-Roche"},"geometry":{"type":"Polygon","coordinates":[[[7.296,48.421],[7.239,48.422],[7.235,48.424],[7.226,48.449],[7.267,48.434],[7.285,48.446],[7.296,48.421]]]}},{"type":"Feature","properties":{"code":"67322","nom":"Neuwiller-lès-Saverne"},"geometry":{"type":"Polygon","coordinates":[[[7.341,48.798],[7.31,48.799],[7.304,48.824],[7.314,48.842],[7.375,48.852],[7.428,48.844],[7.442,48.821],[7.421,48.814],[7.408,48.819],[7.392,48.813],[7.381,48.803],[7.372,48.829],[7.372,48.843],[7.336,48.819],[7.349,48.799],[7.345,48.798],[7.341,48.798]]]}},{"type":"Feature","properties":{"code":"67324","nom":"Niederbronn-les-Bains"},"geometry":{"type":"Polygon","coordinates":[[[7.593,48.984],[7.671,48.991],[7.695,48.967],[7.67,48.956],[7.631,48.918],[7.615,48.951],[7.584,48.966],[7.593,48.984]]]}},{"type":"Feature","properties":{"code":"67325","nom":"Niederhaslach"},"geometry":{"type":"Polygon","coordinates":[[[7.366,48.519],[7.346,48.522],[7.346,48.522],[7.327,48.537],[7.351,48.556],[7.362,48.55],[7.366,48.519]]]}},{"type":"Feature","properties":{"code":"67326","nom":"Niederhausbergen"},"geometry":{"type":"Polygon","coordinates":[[[7.718,48.616],[7.702,48.616],[7.69,48.622],[7.694,48.629],[7.719,48.626],[7.721,48.623],[7.718,48.62],[7.718,48.616]]]}},{"type":"Feature","properties":{"code":"67327","nom":"Niederlauterbach"},"geometry":{"type":"Polygon","coordinates":[[[8.128,48.959],[8.088,48.947],[8.086,48.948],[8.079,48.957],[8.091,48.989],[8.133,48.981],[8.128,48.959]]]}},{"type":"Feature","properties":{"code":"67328","nom":"Niedermodern"},"geometry":{"type":"Polygon","coordinates":[[[7.62,48.834],[7.657,48.847],[7.661,48.848],[7.638,48.829],[7.62,48.834]]]}},{"type":"Feature","properties":{"code":"67329","nom":"Niedernai"},"geometry":{"type":"Polygon","coordinates":[[[7.565,48.427],[7.505,48.435],[7.494,48.438],[7.496,48.453],[7.544,48.471],[7.537,48.437],[7.589,48.441],[7.579,48.436],[7.572,48.429],[7.565,48.427]]]}},{"type":"Feature","properties":{"code":"67330","nom":"Niederrœdern"},"geometry":{"type":"Polygon","coordinates":[[[8.043,48.897],[8.041,48.901],[8.025,48.907],[8.031,48.92],[8.041,48.926],[8.081,48.922],[8.082,48.92],[8.074,48.905],[8.043,48.897]]]}},{"type":"Feature","properties":{"code":"67331","nom":"Niederschaeffolsheim"},"geometry":{"type":"Polygon","coordinates":[[[7.72,48.766],[7.718,48.769],[7.724,48.781],[7.755,48.784],[7.756,48.759],[7.72,48.766]]]}},{"type":"Feature","properties":{"code":"67333","nom":"Niedersoultzbach"},"geometry":{"type":"Polygon","coordinates":[[[7.464,48.86],[7.483,48.862],[7.485,48.856],[7.486,48.842],[7.462,48.839],[7.464,48.86]]]}},{"type":"Feature","properties":{"code":"67334","nom":"Niedersteinbach"},"geometry":{"type":"Polygon","coordinates":[[[7.732,49.044],[7.732,49.027],[7.687,49.021],[7.698,49.05],[7.732,49.044]]]}},{"type":"Feature","properties":{"code":"67335","nom":"Nordheim"},"geometry":{"type":"Polygon","coordinates":[[[7.478,48.649],[7.483,48.653],[7.526,48.637],[7.529,48.63],[7.473,48.642],[7.478,48.649]]]}},{"type":"Feature","properties":{"code":"67336","nom":"Nordhouse"},"geometry":{"type":"Polygon","coordinates":[[[7.695,48.451],[7.699,48.45],[7.74,48.439],[7.634,48.444],[7.659,48.461],[7.695,48.451]]]}},{"type":"Feature","properties":{"code":"67337","nom":"Nothalten"},"geometry":{"type":"Polygon","coordinates":[[[7.414,48.365],[7.42,48.364],[7.44,48.347],[7.391,48.352],[7.402,48.362],[7.414,48.365]]]}},{"type":"Feature","properties":{"code":"67338","nom":"Obenheim"},"geometry":{"type":"Polygon","coordinates":[[[7.653,48.343],[7.657,48.355],[7.678,48.37],[7.715,48.361],[7.712,48.354],[7.704,48.35],[7.653,48.343]]]}},{"type":"Feature","properties":{"code":"67339","nom":"Betschdorf"},"geometry":{"type":"Polygon","coordinates":[[[8.012,48.863],[7.959,48.865],[7.904,48.89],[7.859,48.894],[7.868,48.919],[7.927,48.921],[7.936,48.914],[7.955,48.89],[8.012,48.863]]]}},{"type":"Feature","properties":{"code":"67340","nom":"Oberbronn"},"geometry":{"type":"Polygon","coordinates":[[[7.58,48.962],[7.584,48.966],[7.615,48.951],[7.631,48.918],[7.615,48.91],[7.56,48.934],[7.557,48.936],[7.58,48.962]]]}},{"type":"Feature","properties":{"code":"67341","nom":"Oberdorf-Spachbach"},"geometry":{"type":"Polygon","coordinates":[[[7.754,48.923],[7.752,48.931],[7.774,48.933],[7.79,48.923],[7.754,48.923]]]}},{"type":"Feature","properties":{"code":"67342","nom":"Oberhaslach"},"geometry":{"type":"Polygon","coordinates":[[[7.26,48.561],[7.241,48.574],[7.256,48.589],[7.266,48.592],[7.315,48.59],[7.311,48.582],[7.351,48.556],[7.327,48.537],[7.26,48.561]]]}},{"type":"Feature","properties":{"code":"67343","nom":"Oberhausbergen"},"geometry":{"type":"Polygon","coordinates":[[[7.683,48.62],[7.683,48.62],[7.706,48.606],[7.709,48.604],[7.688,48.598],[7.673,48.598],[7.667,48.609],[7.667,48.612],[7.683,48.62]]]}},{"type":"Feature","properties":{"code":"67344","nom":"Oberhoffen-lès-Wissembourg"},"geometry":{"type":"Polygon","coordinates":[[[7.924,49.026],[7.931,49.023],[7.906,48.994],[7.9,49.004],[7.924,49.026]]]}},{"type":"Feature","properties":{"code":"67345","nom":"Oberhoffen-sur-Moder"},"geometry":{"type":"Polygon","coordinates":[[[7.855,48.783],[7.846,48.792],[7.88,48.797],[7.926,48.78],[7.905,48.761],[7.9,48.759],[7.855,48.783]]]}},{"type":"Feature","properties":{"code":"67346","nom":"Oberlauterbach"},"geometry":{"type":"Polygon","coordinates":[[[8.066,48.959],[8.079,48.957],[8.086,48.948],[8.081,48.937],[8.047,48.932],[8.044,48.943],[8.066,48.959]]]}},{"type":"Feature","properties":{"code":"67347","nom":"Obermodern-Zutzendorf"},"geometry":{"type":"Polygon","coordinates":[[[7.545,48.826],[7.542,48.827],[7.51,48.829],[7.508,48.834],[7.504,48.852],[7.512,48.857],[7.545,48.872],[7.573,48.861],[7.579,48.852],[7.58,48.848],[7.551,48.825],[7.545,48.826]]]}},{"type":"Feature","properties":{"code":"67348","nom":"Obernai"},"geometry":{"type":"Polygon","coordinates":[[[7.461,48.43],[7.424,48.432],[7.418,48.435],[7.433,48.442],[7.441,48.453],[7.431,48.465],[7.456,48.478],[7.539,48.481],[7.545,48.473],[7.544,48.471],[7.496,48.453],[7.494,48.438],[7.461,48.43]]]}},{"type":"Feature","properties":{"code":"67349","nom":"Oberrœdern"},"geometry":{"type":"Polygon","coordinates":[[[7.981,48.913],[7.971,48.915],[7.961,48.921],[7.964,48.942],[7.99,48.931],[7.981,48.913]]]}},{"type":"Feature","properties":{"code":"67350","nom":"Oberschaeffolsheim"},"geometry":{"type":"Polygon","coordinates":[[[7.65,48.568],[7.63,48.598],[7.654,48.611],[7.667,48.612],[7.667,48.609],[7.654,48.6],[7.652,48.567],[7.65,48.568]]]}},{"type":"Feature","properties":{"code":"67351","nom":"Seebach"},"geometry":{"type":"Polygon","coordinates":[[[7.953,48.966],[7.952,48.968],[7.969,48.981],[8.006,48.987],[8.027,48.971],[8.024,48.958],[8.004,48.94],[7.962,48.95],[7.953,48.966]]]}},{"type":"Feature","properties":{"code":"67352","nom":"Obersoultzbach"},"geometry":{"type":"Polygon","coordinates":[[[7.432,48.843],[7.433,48.861],[7.459,48.866],[7.464,48.86],[7.462,48.839],[7.432,48.843]]]}},{"type":"Feature","properties":{"code":"67353","nom":"Obersteinbach"},"geometry":{"type":"Polygon","coordinates":[[[7.687,49.021],[7.684,49.02],[7.651,49.042],[7.626,49.034],[7.635,49.054],[7.675,49.045],[7.698,49.05],[7.687,49.021]]]}},{"type":"Feature","properties":{"code":"67354","nom":"Odratzheim"},"geometry":{"type":"Polygon","coordinates":[[[7.47,48.602],[7.469,48.604],[7.516,48.597],[7.512,48.596],[7.488,48.597],[7.47,48.602]]]}},{"type":"Feature","properties":{"code":"67355","nom":"Oermingen"},"geometry":{"type":"Polygon","coordinates":[[[7.122,49.023],[7.13,49.005],[7.162,49.002],[7.159,48.993],[7.103,48.976],[7.088,48.992],[7.122,49.023]]]}},{"type":"Feature","properties":{"code":"67356","nom":"Offendorf"},"geometry":{"type":"Polygon","coordinates":[[[7.871,48.717],[7.932,48.722],[7.95,48.735],[7.968,48.73],[7.925,48.69],[7.912,48.704],[7.868,48.715],[7.871,48.717]]]}},{"type":"Feature","properties":{"code":"67358","nom":"Offwiller"},"geometry":{"type":"Polygon","coordinates":[[[7.513,48.943],[7.557,48.936],[7.56,48.934],[7.579,48.902],[7.577,48.894],[7.553,48.897],[7.538,48.898],[7.513,48.924],[7.513,48.943]]]}},{"type":"Feature","properties":{"code":"67359","nom":"Ohlungen"},"geometry":{"type":"Polygon","coordinates":[[[7.657,48.799],[7.656,48.801],[7.713,48.833],[7.718,48.806],[7.695,48.802],[7.662,48.796],[7.657,48.799]]]}},{"type":"Feature","properties":{"code":"67360","nom":"Ohnenheim"},"geometry":{"type":"Polygon","coordinates":[[[7.533,48.197],[7.537,48.193],[7.534,48.179],[7.527,48.166],[7.473,48.182],[7.473,48.198],[7.477,48.204],[7.481,48.209],[7.533,48.197]]]}},{"type":"Feature","properties":{"code":"67361","nom":"Olwisheim"},"geometry":{"type":"Polygon","coordinates":[[[7.662,48.689],[7.663,48.701],[7.677,48.709],[7.691,48.697],[7.669,48.686],[7.662,48.689]]]}},{"type":"Feature","properties":{"code":"67362","nom":"Orschwiller"},"geometry":{"type":"Polygon","coordinates":[[[7.314,48.264],[7.332,48.27],[7.348,48.254],[7.406,48.234],[7.414,48.225],[7.359,48.245],[7.327,48.244],[7.314,48.264]]]}},{"type":"Feature","properties":{"code":"67363","nom":"Osthoffen"},"geometry":{"type":"Polygon","coordinates":[[[7.587,48.589],[7.587,48.588],[7.584,48.581],[7.558,48.582],[7.544,48.585],[7.539,48.597],[7.565,48.602],[7.587,48.589]]]}},{"type":"Feature","properties":{"code":"67364","nom":"Osthouse"},"geometry":{"type":"Polygon","coordinates":[[[7.619,48.41],[7.629,48.414],[7.682,48.392],[7.672,48.375],[7.612,48.404],[7.619,48.41]]]}},{"type":"Feature","properties":{"code":"67365","nom":"Ostwald"},"geometry":{"type":"Polygon","coordinates":[[[7.696,48.534],[7.688,48.547],[7.704,48.558],[7.73,48.551],[7.696,48.534]]]}},{"type":"Feature","properties":{"code":"67366","nom":"Ottersthal"},"geometry":{"type":"Polygon","coordinates":[[[7.364,48.757],[7.365,48.756],[7.34,48.75],[7.32,48.765],[7.364,48.757]]]}},{"type":"Feature","properties":{"code":"67367","nom":"Otterswiller"},"geometry":{"type":"Polygon","coordinates":[[[7.393,48.713],[7.367,48.718],[7.361,48.724],[7.395,48.727],[7.393,48.713]]]}},{"type":"Feature","properties":{"code":"67368","nom":"Ottrott"},"geometry":{"type":"Polygon","coordinates":[[[7.406,48.434],[7.316,48.428],[7.296,48.421],[7.285,48.446],[7.285,48.446],[7.335,48.445],[7.407,48.469],[7.431,48.465],[7.441,48.453],[7.429,48.449],[7.406,48.434]]]}},{"type":"Feature","properties":{"code":"67369","nom":"Ottwiller"},"geometry":{"type":"Polygon","coordinates":[[[7.212,48.865],[7.241,48.877],[7.254,48.866],[7.234,48.85],[7.213,48.853],[7.212,48.865]]]}},{"type":"Feature","properties":{"code":"67370","nom":"Petersbach"},"geometry":{"type":"Polygon","coordinates":[[[7.293,48.865],[7.254,48.866],[7.241,48.877],[7.251,48.888],[7.287,48.891],[7.293,48.865]]]}},{"type":"Feature","properties":{"code":"67371","nom":"La Petite-Pierre"},"geometry":{"type":"Polygon","coordinates":[[[7.326,48.889],[7.346,48.873],[7.382,48.869],[7.374,48.852],[7.375,48.852],[7.314,48.842],[7.296,48.855],[7.293,48.865],[7.287,48.891],[7.289,48.894],[7.315,48.894],[7.326,48.889]]]}},{"type":"Feature","properties":{"code":"67372","nom":"Val-de-Moder"},"geometry":{"type":"Polygon","coordinates":[[[7.619,48.825],[7.599,48.82],[7.587,48.833],[7.58,48.848],[7.579,48.852],[7.61,48.858],[7.638,48.857],[7.657,48.847],[7.62,48.834],[7.619,48.825]]]}},{"type":"Feature","properties":{"code":"67373","nom":"Pfalzweyer"},"geometry":{"type":"Polygon","coordinates":[[[7.27,48.803],[7.261,48.797],[7.246,48.81],[7.263,48.819],[7.27,48.803]]]}},{"type":"Feature","properties":{"code":"67375","nom":"Pfulgriesheim"},"geometry":{"type":"Polygon","coordinates":[[[7.696,48.643],[7.697,48.64],[7.637,48.638],[7.637,48.641],[7.669,48.654],[7.696,48.643]]]}},{"type":"Feature","properties":{"code":"67377","nom":"Plaine"},"geometry":{"type":"Polygon","coordinates":[[[7.109,48.439],[7.145,48.447],[7.184,48.436],[7.183,48.433],[7.176,48.418],[7.159,48.407],[7.096,48.405],[7.096,48.427],[7.109,48.439]]]}},{"type":"Feature","properties":{"code":"67378","nom":"Plobsheim"},"geometry":{"type":"Polygon","coordinates":[[[7.753,48.434],[7.74,48.439],[7.699,48.45],[7.721,48.48],[7.767,48.464],[7.753,48.434]]]}},{"type":"Feature","properties":{"code":"67379","nom":"Preuschdorf"},"geometry":{"type":"Polygon","coordinates":[[[7.803,48.973],[7.804,48.974],[7.825,48.942],[7.821,48.926],[7.784,48.945],[7.803,48.973]]]}},{"type":"Feature","properties":{"code":"67380","nom":"Printzheim"},"geometry":{"type":"Polygon","coordinates":[[[7.459,48.784],[7.451,48.784],[7.487,48.803],[7.491,48.783],[7.459,48.784]]]}},{"type":"Feature","properties":{"code":"67381","nom":"Puberg"},"geometry":{"type":"Polygon","coordinates":[[[7.288,48.922],[7.287,48.924],[7.321,48.927],[7.324,48.914],[7.313,48.898],[7.29,48.915],[7.288,48.922]]]}},{"type":"Feature","properties":{"code":"67382","nom":"Quatzenheim"},"geometry":{"type":"Polygon","coordinates":[[[7.56,48.622],[7.567,48.635],[7.587,48.635],[7.596,48.626],[7.574,48.618],[7.56,48.622]]]}},{"type":"Feature","properties":{"code":"67383","nom":"Rangen"},"geometry":{"type":"Polygon","coordinates":[[[7.47,48.672],[7.468,48.675],[7.477,48.683],[7.485,48.665],[7.479,48.662],[7.47,48.672]]]}},{"type":"Feature","properties":{"code":"67384","nom":"Ranrupt"},"geometry":{"type":"Polygon","coordinates":[[[7.195,48.353],[7.171,48.351],[7.151,48.382],[7.181,48.379],[7.208,48.395],[7.244,48.382],[7.195,48.353]]]}},{"type":"Feature","properties":{"code":"67385","nom":"Ratzwiller"},"geometry":{"type":"Polygon","coordinates":[[[7.258,48.936],[7.236,48.947],[7.222,48.96],[7.267,48.955],[7.291,48.967],[7.29,48.956],[7.258,48.936]]]}},{"type":"Feature","properties":{"code":"67386","nom":"Rauwiller"},"geometry":{"type":"Polygon","coordinates":[[[7.127,48.801],[7.118,48.799],[7.105,48.797],[7.09,48.814],[7.108,48.822],[7.139,48.817],[7.127,48.801]]]}},{"type":"Feature","properties":{"code":"67387","nom":"Reichsfeld"},"geometry":{"type":"Polygon","coordinates":[[[7.391,48.352],[7.387,48.347],[7.377,48.355],[7.357,48.371],[7.386,48.373],[7.402,48.362],[7.391,48.352]]]}},{"type":"Feature","properties":{"code":"67388","nom":"Reichshoffen"},"geometry":{"type":"Polygon","coordinates":[[[7.64,48.906],[7.631,48.918],[7.67,48.956],[7.695,48.967],[7.702,48.97],[7.716,48.951],[7.702,48.943],[7.692,48.924],[7.64,48.906]]]}},{"type":"Feature","properties":{"code":"67389","nom":"Reichstett"},"geometry":{"type":"Polygon","coordinates":[[[7.73,48.652],[7.784,48.651],[7.785,48.64],[7.781,48.639],[7.779,48.639],[7.737,48.64],[7.73,48.652]]]}},{"type":"Feature","properties":{"code":"67391","nom":"Reinhardsmunster"},"geometry":{"type":"Polygon","coordinates":[[[7.313,48.661],[7.304,48.66],[7.271,48.663],[7.282,48.704],[7.307,48.707],[7.321,48.684],[7.334,48.684],[7.339,48.674],[7.313,48.661]]]}},{"type":"Feature","properties":{"code":"67392","nom":"Reipertswiller"},"geometry":{"type":"Polygon","coordinates":[[[7.392,48.953],[7.452,48.968],[7.487,48.95],[7.49,48.935],[7.459,48.925],[7.42,48.936],[7.392,48.953]]]}},{"type":"Feature","properties":{"code":"67394","nom":"Retschwiller"},"geometry":{"type":"Polygon","coordinates":[[[7.902,48.947],[7.892,48.945],[7.87,48.951],[7.885,48.96],[7.896,48.959],[7.902,48.947]]]}},{"type":"Feature","properties":{"code":"67395","nom":"Reutenbourg"},"geometry":{"type":"Polygon","coordinates":[[[7.397,48.674],[7.389,48.679],[7.396,48.693],[7.428,48.687],[7.427,48.676],[7.397,48.674]]]}},{"type":"Feature","properties":{"code":"67396","nom":"Rexingen"},"geometry":{"type":"Polygon","coordinates":[[[7.164,48.91],[7.164,48.911],[7.182,48.915],[7.192,48.899],[7.185,48.895],[7.168,48.902],[7.164,48.91]]]}},{"type":"Feature","properties":{"code":"67397","nom":"Rhinau"},"geometry":{"type":"Polygon","coordinates":[[[7.692,48.315],[7.704,48.35],[7.712,48.354],[7.744,48.34],[7.741,48.323],[7.694,48.302],[7.681,48.258],[7.667,48.274],[7.678,48.299],[7.692,48.315]]]}},{"type":"Feature","properties":{"code":"67398","nom":"Richtolsheim"},"geometry":{"type":"Polygon","coordinates":[[[7.582,48.225],[7.589,48.235],[7.595,48.232],[7.622,48.224],[7.623,48.215],[7.582,48.225]]]}},{"type":"Feature","properties":{"code":"67400","nom":"Riedseltz"},"geometry":{"type":"Polygon","coordinates":[[[7.969,48.981],[7.952,48.968],[7.928,48.981],[7.919,48.988],[7.95,49.009],[7.969,48.981]]]}},{"type":"Feature","properties":{"code":"67401","nom":"Rimsdorf"},"geometry":{"type":"Polygon","coordinates":[[[7.117,48.914],[7.114,48.916],[7.082,48.932],[7.122,48.942],[7.142,48.934],[7.14,48.926],[7.117,48.914]]]}},{"type":"Feature","properties":{"code":"67403","nom":"Ringendorf"},"geometry":{"type":"Polygon","coordinates":[[[7.542,48.827],[7.545,48.826],[7.57,48.815],[7.568,48.801],[7.547,48.801],[7.542,48.812],[7.542,48.827]]]}},{"type":"Feature","properties":{"code":"67404","nom":"Rittershoffen"},"geometry":{"type":"Polygon","coordinates":[[[8.027,48.864],[8.026,48.864],[8.012,48.863],[7.955,48.89],[7.936,48.914],[7.961,48.921],[7.971,48.915],[7.98,48.89],[8.027,48.864]]]}},{"type":"Feature","properties":{"code":"67405","nom":"Rœschwoog"},"geometry":{"type":"Polygon","coordinates":[[[8.067,48.825],[8.037,48.805],[8.007,48.833],[8.043,48.837],[8.067,48.825]]]}},{"type":"Feature","properties":{"code":"67406","nom":"Rohr"},"geometry":{"type":"Polygon","coordinates":[[[7.527,48.698],[7.553,48.706],[7.548,48.695],[7.545,48.689],[7.519,48.684],[7.518,48.693],[7.527,48.698]]]}},{"type":"Feature","properties":{"code":"67407","nom":"Rohrwiller"},"geometry":{"type":"Polygon","coordinates":[[[7.884,48.74],[7.886,48.742],[7.9,48.759],[7.905,48.761],[7.921,48.752],[7.884,48.74]]]}},{"type":"Feature","properties":{"code":"67408","nom":"Romanswiller"},"geometry":{"type":"Polygon","coordinates":[[[7.348,48.621],[7.339,48.649],[7.372,48.641],[7.399,48.66],[7.415,48.653],[7.415,48.638],[7.348,48.621]]]}},{"type":"Feature","properties":{"code":"67409","nom":"Roppenheim"},"geometry":{"type":"Polygon","coordinates":[[[8.101,48.829],[8.082,48.828],[8.067,48.825],[8.043,48.837],[8.044,48.847],[8.051,48.852],[8.059,48.852],[8.101,48.829]]]}},{"type":"Feature","properties":{"code":"67410","nom":"Rosenwiller"},"geometry":{"type":"Polygon","coordinates":[[[7.453,48.508],[7.391,48.5],[7.391,48.501],[7.432,48.52],[7.435,48.519],[7.453,48.508]]]}},{"type":"Feature","properties":{"code":"67411","nom":"Rosheim"},"geometry":{"type":"Polygon","coordinates":[[[7.391,48.5],[7.453,48.508],[7.514,48.511],[7.512,48.494],[7.459,48.485],[7.407,48.487],[7.341,48.462],[7.321,48.466],[7.338,48.493],[7.38,48.488],[7.391,48.5]]]}},{"type":"Feature","properties":{"code":"67412","nom":"Rossfeld"},"geometry":{"type":"Polygon","coordinates":[[[7.597,48.322],[7.591,48.323],[7.59,48.323],[7.599,48.341],[7.609,48.347],[7.64,48.327],[7.64,48.327],[7.632,48.321],[7.597,48.322]]]}},{"type":"Feature","properties":{"code":"67413","nom":"Rosteig"},"geometry":{"type":"Polygon","coordinates":[[[7.355,48.954],[7.344,48.915],[7.324,48.914],[7.321,48.927],[7.327,48.943],[7.355,48.954]]]}},{"type":"Feature","properties":{"code":"67414","nom":"Rothau"},"geometry":{"type":"Polygon","coordinates":[[[7.213,48.434],[7.187,48.44],[7.218,48.473],[7.218,48.472],[7.213,48.456],[7.222,48.451],[7.213,48.434]]]}},{"type":"Feature","properties":{"code":"67415","nom":"Rothbach"},"geometry":{"type":"Polygon","coordinates":[[[7.512,48.892],[7.487,48.903],[7.513,48.924],[7.538,48.898],[7.512,48.892]]]}},{"type":"Feature","properties":{"code":"67416","nom":"Rott"},"geometry":{"type":"Polygon","coordinates":[[[7.9,49.004],[7.892,49.012],[7.924,49.026],[7.9,49.004]]]}},{"type":"Feature","properties":{"code":"67417","nom":"Rottelsheim"},"geometry":{"type":"Polygon","coordinates":[[[7.7,48.76],[7.705,48.765],[7.718,48.769],[7.72,48.766],[7.721,48.752],[7.704,48.754],[7.7,48.76]]]}},{"type":"Feature","properties":{"code":"67418","nom":"Rountzenheim-Auenheim"},"geometry":{"type":"Polygon","coordinates":[[[7.99,48.832],[7.997,48.836],[8.007,48.833],[8.037,48.805],[8.038,48.803],[7.998,48.801],[7.973,48.818],[7.99,48.832]]]}},{"type":"Feature","properties":{"code":"67420","nom":"Russ"},"geometry":{"type":"Polygon","coordinates":[[[7.292,48.499],[7.288,48.471],[7.27,48.462],[7.243,48.489],[7.244,48.489],[7.281,48.508],[7.292,48.499]]]}},{"type":"Feature","properties":{"code":"67421","nom":"Saales"},"geometry":{"type":"Polygon","coordinates":[[[7.076,48.353],[7.086,48.36],[7.101,48.374],[7.148,48.333],[7.141,48.332],[7.106,48.344],[7.076,48.353]]]}},{"type":"Feature","properties":{"code":"67422","nom":"Saasenheim"},"geometry":{"type":"Polygon","coordinates":[[[7.595,48.232],[7.62,48.245],[7.645,48.238],[7.622,48.224],[7.595,48.232]]]}},{"type":"Feature","properties":{"code":"67423","nom":"Saessolsheim"},"geometry":{"type":"Polygon","coordinates":[[[7.494,48.714],[7.51,48.725],[7.525,48.722],[7.527,48.698],[7.518,48.693],[7.495,48.695],[7.494,48.714]]]}},{"type":"Feature","properties":{"code":"67424","nom":"Saint-Blaise-la-Roche"},"geometry":{"type":"Polygon","coordinates":[[[7.155,48.404],[7.159,48.407],[7.176,48.418],[7.184,48.409],[7.188,48.4],[7.155,48.404]]]}},{"type":"Feature","properties":{"code":"67425","nom":"Saint-Jean-Saverne"},"geometry":{"type":"Polygon","coordinates":[[[7.387,48.768],[7.374,48.765],[7.327,48.781],[7.341,48.798],[7.345,48.798],[7.348,48.784],[7.39,48.771],[7.387,48.768]]]}},{"type":"Feature","properties":{"code":"67426","nom":"Saint-Martin"},"geometry":{"type":"Polygon","coordinates":[[[7.305,48.356],[7.284,48.341],[7.263,48.341],[7.277,48.358],[7.306,48.361],[7.305,48.356]]]}},{"type":"Feature","properties":{"code":"67427","nom":"Saint-Maurice"},"geometry":{"type":"Polygon","coordinates":[[[7.345,48.338],[7.344,48.332],[7.335,48.325],[7.335,48.325],[7.325,48.332],[7.345,48.338]]]}},{"type":"Feature","properties":{"code":"67428","nom":"Saint-Nabor"},"geometry":{"type":"Polygon","coordinates":[[[7.429,48.449],[7.433,48.442],[7.418,48.435],[7.406,48.434],[7.429,48.449]]]}},{"type":"Feature","properties":{"code":"67429","nom":"Saint-Pierre"},"geometry":{"type":"Polygon","coordinates":[[[7.453,48.375],[7.449,48.386],[7.463,48.393],[7.477,48.393],[7.483,48.386],[7.464,48.376],[7.453,48.375]]]}},{"type":"Feature","properties":{"code":"67430","nom":"Saint-Pierre-Bois"},"geometry":{"type":"Polygon","coordinates":[[[7.361,48.308],[7.359,48.307],[7.354,48.312],[7.344,48.332],[7.345,48.338],[7.356,48.349],[7.377,48.355],[7.387,48.347],[7.39,48.346],[7.361,48.308]]]}},{"type":"Feature","properties":{"code":"67432","nom":"Salmbach"},"geometry":{"type":"Polygon","coordinates":[[[8.079,48.957],[8.066,48.959],[8.045,48.975],[8.066,48.992],[8.068,48.999],[8.091,48.989],[8.079,48.957]]]}},{"type":"Feature","properties":{"code":"67433","nom":"Sand"},"geometry":{"type":"Polygon","coordinates":[[[7.589,48.384],[7.589,48.392],[7.593,48.393],[7.606,48.393],[7.658,48.368],[7.655,48.361],[7.626,48.365],[7.589,48.384]]]}},{"type":"Feature","properties":{"code":"67434","nom":"Sarre-Union"},"geometry":{"type":"Polygon","coordinates":[[[7.066,48.959],[7.1,48.965],[7.121,48.953],[7.122,48.942],[7.082,48.932],[7.05,48.923],[7.053,48.937],[7.066,48.959]]]}},{"type":"Feature","properties":{"code":"67435","nom":"Sarrewerden"},"geometry":{"type":"Polygon","coordinates":[[[7.06,48.887],[7.041,48.902],[7.05,48.923],[7.082,48.932],[7.114,48.916],[7.094,48.893],[7.06,48.887]]]}},{"type":"Feature","properties":{"code":"67436","nom":"Saulxures"},"geometry":{"type":"Polygon","coordinates":[[[7.155,48.404],[7.145,48.39],[7.107,48.376],[7.093,48.394],[7.085,48.398],[7.096,48.405],[7.159,48.407],[7.155,48.404]]]}},{"type":"Feature","properties":{"code":"67437","nom":"Saverne"},"geometry":{"type":"Polygon","coordinates":[[[7.415,48.723],[7.395,48.727],[7.361,48.724],[7.349,48.723],[7.308,48.721],[7.287,48.731],[7.313,48.767],[7.32,48.765],[7.34,48.75],[7.365,48.756],[7.407,48.741],[7.408,48.741],[7.42,48.731],[7.415,48.723]]]}},{"type":"Feature","properties":{"code":"67438","nom":"Schaeffersheim"},"geometry":{"type":"Polygon","coordinates":[[[7.589,48.442],[7.593,48.445],[7.627,48.447],[7.623,48.418],[7.589,48.442]]]}},{"type":"Feature","properties":{"code":"67440","nom":"Schaffhouse-près-Seltz"},"geometry":{"type":"Polygon","coordinates":[[[8.103,48.924],[8.074,48.905],[8.082,48.92],[8.103,48.924]]]}},{"type":"Feature","properties":{"code":"67441","nom":"Schalkendorf"},"geometry":{"type":"Polygon","coordinates":[[[7.587,48.833],[7.572,48.829],[7.551,48.825],[7.58,48.848],[7.587,48.833]]]}},{"type":"Feature","properties":{"code":"67442","nom":"Scharrachbergheim-Irmstett"},"geometry":{"type":"Polygon","coordinates":[[[7.472,48.585],[7.468,48.588],[7.488,48.597],[7.512,48.596],[7.481,48.581],[7.472,48.585]]]}},{"type":"Feature","properties":{"code":"67443","nom":"Scheibenhard"},"geometry":{"type":"Polygon","coordinates":[[[8.154,48.958],[8.128,48.959],[8.133,48.981],[8.162,48.978],[8.154,48.96],[8.154,48.958]]]}},{"type":"Feature","properties":{"code":"67444","nom":"Scherlenheim"},"geometry":{"type":"Polygon","coordinates":[[[7.52,48.773],[7.544,48.77],[7.531,48.755],[7.52,48.773]]]}},{"type":"Feature","properties":{"code":"67445","nom":"Scherwiller"},"geometry":{"type":"Polygon","coordinates":[[[7.428,48.272],[7.412,48.29],[7.37,48.291],[7.359,48.307],[7.361,48.308],[7.399,48.313],[7.423,48.301],[7.472,48.302],[7.469,48.298],[7.428,48.272]]]}},{"type":"Feature","properties":{"code":"67446","nom":"Schillersdorf"},"geometry":{"type":"Polygon","coordinates":[[[7.545,48.877],[7.545,48.872],[7.512,48.857],[7.505,48.879],[7.517,48.887],[7.535,48.884],[7.545,48.877]]]}},{"type":"Feature","properties":{"code":"67447","nom":"Schiltigheim"},"geometry":{"type":"Polygon","coordinates":[[[7.768,48.617],[7.778,48.626],[7.803,48.629],[7.765,48.603],[7.709,48.604],[7.706,48.606],[7.702,48.616],[7.718,48.616],[7.768,48.617]]]}},{"type":"Feature","properties":{"code":"67448","nom":"Schirmeck"},"geometry":{"type":"Polygon","coordinates":[[[7.173,48.484],[7.17,48.516],[7.191,48.504],[7.244,48.489],[7.243,48.489],[7.218,48.472],[7.218,48.473],[7.173,48.484]]]}},{"type":"Feature","properties":{"code":"67449","nom":"Schirrhein"},"geometry":{"type":"Polygon","coordinates":[[[7.88,48.797],[7.915,48.805],[7.932,48.807],[7.937,48.805],[7.927,48.779],[7.926,48.78],[7.88,48.797]]]}},{"type":"Feature","properties":{"code":"67450","nom":"Schirrhoffen"},"geometry":{"type":"Polygon","coordinates":[[[7.915,48.805],[7.927,48.81],[7.932,48.807],[7.915,48.805]]]}},{"type":"Feature","properties":{"code":"67451","nom":"Schleithal"},"geometry":{"type":"Polygon","coordinates":[[[8.045,48.975],[8.027,48.971],[8.006,48.987],[8.032,49],[8.066,48.992],[8.045,48.975]]]}},{"type":"Feature","properties":{"code":"67452","nom":"Schnersheim"},"geometry":{"type":"Polygon","coordinates":[[[7.567,48.637],[7.554,48.643],[7.54,48.672],[7.549,48.679],[7.583,48.673],[7.586,48.669],[7.593,48.65],[7.589,48.649],[7.567,48.637]]]}},{"type":"Feature","properties":{"code":"67453","nom":"Schœnau"},"geometry":{"type":"Polygon","coordinates":[[[7.623,48.215],[7.622,48.224],[7.645,48.238],[7.68,48.254],[7.668,48.224],[7.642,48.204],[7.623,48.215]]]}},{"type":"Feature","properties":{"code":"67454","nom":"Schœnbourg"},"geometry":{"type":"Polygon","coordinates":[[[7.258,48.822],[7.25,48.834],[7.277,48.843],[7.263,48.819],[7.258,48.822]]]}},{"type":"Feature","properties":{"code":"67455","nom":"Schœnenbourg"},"geometry":{"type":"Polygon","coordinates":[[[7.896,48.959],[7.9,48.964],[7.937,48.946],[7.902,48.947],[7.896,48.959]]]}},{"type":"Feature","properties":{"code":"67456","nom":"Schopperten"},"geometry":{"type":"Polygon","coordinates":[[[7.053,48.937],[7.037,48.954],[7.066,48.959],[7.053,48.937]]]}},{"type":"Feature","properties":{"code":"67458","nom":"Schweighouse-sur-Moder"},"geometry":{"type":"Polygon","coordinates":[[[7.713,48.833],[7.709,48.834],[7.71,48.836],[7.739,48.837],[7.769,48.808],[7.736,48.802],[7.718,48.806],[7.718,48.806],[7.713,48.833]]]}},{"type":"Feature","properties":{"code":"67459","nom":"Schwenheim"},"geometry":{"type":"Polygon","coordinates":[[[7.395,48.727],[7.415,48.723],[7.432,48.71],[7.433,48.707],[7.402,48.705],[7.393,48.713],[7.395,48.727]]]}},{"type":"Feature","properties":{"code":"67460","nom":"Schwindratzheim"},"geometry":{"type":"Polygon","coordinates":[[[7.581,48.786],[7.606,48.781],[7.623,48.771],[7.625,48.754],[7.6,48.74],[7.593,48.75],[7.585,48.773],[7.581,48.786]]]}},{"type":"Feature","properties":{"code":"67461","nom":"Schwobsheim"},"geometry":{"type":"Polygon","coordinates":[[[7.589,48.235],[7.582,48.225],[7.575,48.221],[7.56,48.245],[7.562,48.251],[7.585,48.237],[7.589,48.235]]]}},{"type":"Feature","properties":{"code":"67462","nom":"Sélestat"},"geometry":{"type":"Polygon","coordinates":[[[7.498,48.214],[7.481,48.209],[7.477,48.204],[7.435,48.218],[7.414,48.225],[7.406,48.234],[7.422,48.259],[7.428,48.272],[7.469,48.298],[7.508,48.285],[7.512,48.284],[7.495,48.263],[7.507,48.253],[7.498,48.214]]]}},{"type":"Feature","properties":{"code":"67463","nom":"Seltz"},"geometry":{"type":"Polygon","coordinates":[[[8.074,48.905],[8.103,48.924],[8.136,48.925],[8.142,48.896],[8.122,48.865],[8.079,48.874],[8.084,48.895],[8.043,48.897],[8.074,48.905]]]}},{"type":"Feature","properties":{"code":"67464","nom":"Sermersheim"},"geometry":{"type":"Polygon","coordinates":[[[7.518,48.35],[7.514,48.357],[7.531,48.365],[7.564,48.357],[7.59,48.323],[7.591,48.323],[7.566,48.32],[7.55,48.341],[7.518,48.35]]]}},{"type":"Feature","properties":{"code":"67465","nom":"Sessenheim"},"geometry":{"type":"Polygon","coordinates":[[[7.958,48.783],[7.973,48.818],[7.998,48.801],[8.001,48.784],[7.961,48.779],[7.958,48.783]]]}},{"type":"Feature","properties":{"code":"67466","nom":"Siegen"},"geometry":{"type":"Polygon","coordinates":[[[8.027,48.971],[8.045,48.975],[8.066,48.959],[8.044,48.943],[8.03,48.934],[8.024,48.958],[8.027,48.971]]]}},{"type":"Feature","properties":{"code":"67467","nom":"Siewiller"},"geometry":{"type":"Polygon","coordinates":[[[7.218,48.828],[7.22,48.819],[7.204,48.827],[7.185,48.85],[7.195,48.855],[7.213,48.853],[7.234,48.85],[7.228,48.848],[7.218,48.828]]]}},{"type":"Feature","properties":{"code":"67468","nom":"Siltzheim"},"geometry":{"type":"Polygon","coordinates":[[[7.079,49.05],[7.072,49.057],[7.099,49.078],[7.113,49.065],[7.106,49.045],[7.079,49.05]]]}},{"type":"Feature","properties":{"code":"67470","nom":"Solbach"},"geometry":{"type":"Polygon","coordinates":[[[7.216,48.427],[7.204,48.422],[7.183,48.433],[7.184,48.436],[7.187,48.44],[7.213,48.434],[7.216,48.427]]]}},{"type":"Feature","properties":{"code":"67471","nom":"Souffelweyersheim"},"geometry":{"type":"Polygon","coordinates":[[[7.721,48.623],[7.719,48.626],[7.737,48.64],[7.779,48.639],[7.758,48.632],[7.755,48.629],[7.721,48.623]]]}},{"type":"Feature","properties":{"code":"67472","nom":"Soufflenheim"},"geometry":{"type":"Polygon","coordinates":[[[7.973,48.818],[7.958,48.783],[7.927,48.779],[7.937,48.805],[7.962,48.838],[7.99,48.832],[7.973,48.818]]]}},{"type":"Feature","properties":{"code":"67473","nom":"Soultz-les-Bains"},"geometry":{"type":"Polygon","coordinates":[[[7.475,48.556],[7.464,48.552],[7.459,48.553],[7.469,48.576],[7.472,48.585],[7.481,48.581],[7.489,48.574],[7.496,48.567],[7.475,48.556]]]}},{"type":"Feature","properties":{"code":"67474","nom":"Soultz-sous-Forêts"},"geometry":{"type":"Polygon","coordinates":[[[7.927,48.921],[7.868,48.919],[7.858,48.92],[7.858,48.952],[7.822,48.974],[7.845,48.992],[7.85,48.987],[7.864,48.972],[7.868,48.967],[7.87,48.951],[7.892,48.945],[7.927,48.921]]]}},{"type":"Feature","properties":{"code":"67475","nom":"Sparsbach"},"geometry":{"type":"Polygon","coordinates":[[[7.41,48.896],[7.451,48.884],[7.409,48.866],[7.374,48.852],[7.382,48.869],[7.372,48.895],[7.399,48.896],[7.41,48.896]]]}},{"type":"Feature","properties":{"code":"67476","nom":"Stattmatten"},"geometry":{"type":"Polygon","coordinates":[[[8.01,48.785],[8.001,48.784],[7.998,48.801],[8.038,48.803],[8.01,48.785]]]}},{"type":"Feature","properties":{"code":"67477","nom":"Steige"},"geometry":{"type":"Polygon","coordinates":[[[7.195,48.353],[7.244,48.382],[7.248,48.381],[7.259,48.37],[7.231,48.351],[7.21,48.348],[7.195,48.353]]]}},{"type":"Feature","properties":{"code":"67478","nom":"Steinbourg"},"geometry":{"type":"Polygon","coordinates":[[[7.414,48.789],[7.433,48.776],[7.437,48.745],[7.408,48.741],[7.407,48.741],[7.387,48.768],[7.39,48.771],[7.401,48.789],[7.414,48.789]]]}},{"type":"Feature","properties":{"code":"67479","nom":"Steinseltz"},"geometry":{"type":"Polygon","coordinates":[[[7.931,49.023],[7.95,49.009],[7.919,48.988],[7.906,48.994],[7.931,49.023]]]}},{"type":"Feature","properties":{"code":"67480","nom":"Still"},"geometry":{"type":"Polygon","coordinates":[[[7.375,48.582],[7.407,48.568],[7.431,48.56],[7.395,48.543],[7.362,48.55],[7.351,48.556],[7.311,48.582],[7.315,48.59],[7.375,48.582]]]}},{"type":"Feature","properties":{"code":"67481","nom":"Stotzheim"},"geometry":{"type":"Polygon","coordinates":[[[7.532,48.368],[7.531,48.365],[7.514,48.357],[7.464,48.376],[7.483,48.386],[7.542,48.396],[7.532,48.368]]]}},{"type":"Feature","properties":{"code":"67482","nom":"Strasbourg"},"geometry":{"type":"Polygon","coordinates":[[[7.688,48.598],[7.709,48.604],[7.765,48.603],[7.803,48.629],[7.794,48.636],[7.836,48.633],[7.8,48.583],[7.805,48.513],[7.771,48.492],[7.757,48.493],[7.767,48.516],[7.753,48.542],[7.73,48.551],[7.704,48.558],[7.702,48.568],[7.688,48.598]]]}},{"type":"Feature","properties":{"code":"67483","nom":"Struth"},"geometry":{"type":"Polygon","coordinates":[[[7.251,48.888],[7.25,48.893],[7.266,48.904],[7.283,48.902],[7.289,48.894],[7.287,48.891],[7.251,48.888]]]}},{"type":"Feature","properties":{"code":"67484","nom":"Stundwiller"},"geometry":{"type":"Polygon","coordinates":[[[7.99,48.931],[7.999,48.936],[8.012,48.93],[7.994,48.912],[7.981,48.913],[7.99,48.931]]]}},{"type":"Feature","properties":{"code":"67485","nom":"Stutzheim-Offenheim"},"geometry":{"type":"Polygon","coordinates":[[[7.649,48.613],[7.633,48.609],[7.605,48.628],[7.612,48.641],[7.637,48.641],[7.637,48.638],[7.64,48.631],[7.649,48.613]]]}},{"type":"Feature","properties":{"code":"67486","nom":"Sundhouse"},"geometry":{"type":"Polygon","coordinates":[[[7.645,48.238],[7.62,48.245],[7.595,48.232],[7.589,48.235],[7.585,48.237],[7.607,48.267],[7.639,48.273],[7.667,48.274],[7.681,48.258],[7.68,48.254],[7.645,48.238]]]}},{"type":"Feature","properties":{"code":"67487","nom":"Surbourg"},"geometry":{"type":"Polygon","coordinates":[[[7.8,48.903],[7.8,48.923],[7.817,48.919],[7.842,48.92],[7.858,48.92],[7.868,48.919],[7.859,48.894],[7.807,48.902],[7.8,48.903]]]}},{"type":"Feature","properties":{"code":"67488","nom":"Thal-Drulingen"},"geometry":{"type":"Polygon","coordinates":[[[7.164,48.911],[7.164,48.91],[7.125,48.904],[7.117,48.914],[7.14,48.926],[7.164,48.911]]]}},{"type":"Feature","properties":{"code":"67489","nom":"Thal-Marmoutier"},"geometry":{"type":"Polygon","coordinates":[[[7.36,48.708],[7.361,48.707],[7.334,48.684],[7.321,48.684],[7.334,48.705],[7.36,48.708]]]}},{"type":"Feature","properties":{"code":"67490","nom":"Thanvillé"},"geometry":{"type":"Polygon","coordinates":[[[7.346,48.319],[7.335,48.325],[7.344,48.332],[7.354,48.312],[7.346,48.319]]]}},{"type":"Feature","properties":{"code":"67491","nom":"Tieffenbach"},"geometry":{"type":"Polygon","coordinates":[[[7.235,48.891],[7.219,48.899],[7.222,48.906],[7.231,48.908],[7.272,48.914],[7.266,48.904],[7.25,48.893],[7.235,48.891]]]}},{"type":"Feature","properties":{"code":"67492","nom":"Traenheim"},"geometry":{"type":"Polygon","coordinates":[[[7.449,48.586],[7.446,48.591],[7.47,48.602],[7.488,48.597],[7.468,48.588],[7.449,48.586]]]}},{"type":"Feature","properties":{"code":"67493","nom":"Triembach-au-Val"},"geometry":{"type":"Polygon","coordinates":[[[7.325,48.332],[7.316,48.339],[7.324,48.349],[7.356,48.349],[7.345,48.338],[7.325,48.332]]]}},{"type":"Feature","properties":{"code":"67494","nom":"Trimbach"},"geometry":{"type":"Polygon","coordinates":[[[8.03,48.934],[8.028,48.925],[8.012,48.93],[7.999,48.936],[8.004,48.94],[8.024,48.958],[8.03,48.934]]]}},{"type":"Feature","properties":{"code":"67495","nom":"Truchtersheim"},"geometry":{"type":"Polygon","coordinates":[[[7.612,48.641],[7.593,48.65],[7.586,48.669],[7.673,48.664],[7.669,48.654],[7.637,48.641],[7.612,48.641]]]}},{"type":"Feature","properties":{"code":"67497","nom":"Uhlwiller"},"geometry":{"type":"Polygon","coordinates":[[[7.709,48.834],[7.713,48.833],[7.656,48.801],[7.65,48.812],[7.675,48.831],[7.709,48.834]]]}},{"type":"Feature","properties":{"code":"67498","nom":"Uhrwiller"},"geometry":{"type":"Polygon","coordinates":[[[7.606,48.888],[7.602,48.874],[7.573,48.861],[7.545,48.872],[7.545,48.877],[7.577,48.894],[7.579,48.902],[7.605,48.907],[7.606,48.888]]]}},{"type":"Feature","properties":{"code":"67499","nom":"Urbeis"},"geometry":{"type":"Polygon","coordinates":[[[7.204,48.31],[7.198,48.31],[7.17,48.342],[7.171,48.351],[7.195,48.353],[7.21,48.348],[7.212,48.333],[7.25,48.324],[7.204,48.31]]]}},{"type":"Feature","properties":{"code":"67500","nom":"Urmatt"},"geometry":{"type":"Polygon","coordinates":[[[7.302,48.523],[7.258,48.542],[7.26,48.561],[7.327,48.537],[7.346,48.522],[7.302,48.523]]]}},{"type":"Feature","properties":{"code":"67501","nom":"Uttenheim"},"geometry":{"type":"Polygon","coordinates":[[[7.619,48.41],[7.612,48.404],[7.606,48.393],[7.593,48.393],[7.591,48.417],[7.572,48.429],[7.579,48.436],[7.596,48.425],[7.602,48.415],[7.619,48.41]]]}},{"type":"Feature","properties":{"code":"67502","nom":"Uttenhoffen"},"geometry":{"type":"Polygon","coordinates":[[[7.646,48.899],[7.663,48.885],[7.63,48.895],[7.629,48.896],[7.646,48.899]]]}},{"type":"Feature","properties":{"code":"67503","nom":"Uttwiller"},"geometry":{"type":"Polygon","coordinates":[[[7.508,48.834],[7.486,48.842],[7.485,48.856],[7.504,48.852],[7.508,48.834]]]}},{"type":"Feature","properties":{"code":"67504","nom":"Valff"},"geometry":{"type":"Polygon","coordinates":[[[7.505,48.435],[7.565,48.427],[7.548,48.414],[7.497,48.41],[7.496,48.425],[7.505,48.435]]]}},{"type":"Feature","properties":{"code":"67505","nom":"La Vancelle"},"geometry":{"type":"Polygon","coordinates":[[[7.291,48.291],[7.291,48.294],[7.321,48.288],[7.343,48.297],[7.348,48.279],[7.334,48.272],[7.297,48.268],[7.291,48.291]]]}},{"type":"Feature","properties":{"code":"67506","nom":"Vendenheim"},"geometry":{"type":"Polygon","coordinates":[[[7.688,48.669],[7.687,48.671],[7.719,48.686],[7.747,48.687],[7.764,48.669],[7.797,48.669],[7.784,48.651],[7.73,48.652],[7.723,48.655],[7.688,48.669]]]}},{"type":"Feature","properties":{"code":"67507","nom":"Villé"},"geometry":{"type":"Polygon","coordinates":[[[7.295,48.332],[7.293,48.333],[7.284,48.341],[7.305,48.356],[7.324,48.349],[7.316,48.339],[7.295,48.332]]]}},{"type":"Feature","properties":{"code":"67508","nom":"Vœllerdingen"},"geometry":{"type":"Polygon","coordinates":[[[7.121,48.953],[7.1,48.965],[7.103,48.976],[7.159,48.993],[7.166,48.975],[7.163,48.964],[7.121,48.953]]]}},{"type":"Feature","properties":{"code":"67509","nom":"Volksberg"},"geometry":{"type":"Polygon","coordinates":[[[7.287,48.924],[7.283,48.928],[7.258,48.936],[7.29,48.956],[7.327,48.943],[7.321,48.927],[7.287,48.924]]]}},{"type":"Feature","properties":{"code":"67510","nom":"Wahlenheim"},"geometry":{"type":"Polygon","coordinates":[[[7.705,48.765],[7.7,48.76],[7.672,48.758],[7.669,48.765],[7.687,48.773],[7.705,48.765]]]}},{"type":"Feature","properties":{"code":"67511","nom":"Walbourg"},"geometry":{"type":"Polygon","coordinates":[[[7.801,48.89],[7.759,48.879],[7.753,48.882],[7.75,48.887],[7.785,48.895],[7.801,48.89]]]}},{"type":"Feature","properties":{"code":"67513","nom":"Waldersbach"},"geometry":{"type":"Polygon","coordinates":[[[7.203,48.415],[7.204,48.422],[7.216,48.427],[7.235,48.424],[7.239,48.422],[7.222,48.407],[7.205,48.411],[7.203,48.415]]]}},{"type":"Feature","properties":{"code":"67514","nom":"Waldhambach"},"geometry":{"type":"Polygon","coordinates":[[[7.258,48.936],[7.283,48.928],[7.251,48.929],[7.231,48.908],[7.222,48.906],[7.197,48.915],[7.188,48.93],[7.236,48.947],[7.258,48.936]]]}},{"type":"Feature","properties":{"code":"67515","nom":"Waldolwisheim"},"geometry":{"type":"Polygon","coordinates":[[[7.408,48.741],[7.437,48.745],[7.452,48.747],[7.454,48.733],[7.449,48.719],[7.42,48.731],[7.408,48.741]]]}},{"type":"Feature","properties":{"code":"67516","nom":"Waltenheim-sur-Zorn"},"geometry":{"type":"Polygon","coordinates":[[[7.625,48.754],[7.646,48.746],[7.598,48.731],[7.598,48.735],[7.6,48.74],[7.625,48.754]]]}},{"type":"Feature","properties":{"code":"67517","nom":"Wangen"},"geometry":{"type":"Polygon","coordinates":[[[7.479,48.611],[7.464,48.609],[7.442,48.615],[7.457,48.63],[7.479,48.611]]]}},{"type":"Feature","properties":{"code":"67519","nom":"La Wantzenau"},"geometry":{"type":"Polygon","coordinates":[[[7.785,48.64],[7.784,48.651],[7.797,48.669],[7.818,48.687],[7.859,48.667],[7.872,48.675],[7.896,48.667],[7.844,48.645],[7.836,48.633],[7.794,48.636],[7.785,48.64]]]}},{"type":"Feature","properties":{"code":"67520","nom":"Wasselonne"},"geometry":{"type":"Polygon","coordinates":[[[7.413,48.627],[7.415,48.638],[7.415,48.653],[7.448,48.658],[7.478,48.649],[7.473,48.642],[7.457,48.63],[7.442,48.615],[7.413,48.627]]]}},{"type":"Feature","properties":{"code":"67521","nom":"Weinbourg"},"geometry":{"type":"Polygon","coordinates":[[[7.459,48.866],[7.433,48.861],[7.409,48.866],[7.451,48.884],[7.459,48.866]]]}},{"type":"Feature","properties":{"code":"67522","nom":"Weislingen"},"geometry":{"type":"Polygon","coordinates":[[[7.283,48.928],[7.287,48.924],[7.288,48.922],[7.272,48.914],[7.231,48.908],[7.251,48.929],[7.283,48.928]]]}},{"type":"Feature","properties":{"code":"67523","nom":"Weitbruch"},"geometry":{"type":"Polygon","coordinates":[[[7.793,48.744],[7.787,48.737],[7.757,48.744],[7.748,48.752],[7.756,48.759],[7.755,48.784],[7.814,48.778],[7.793,48.744]]]}},{"type":"Feature","properties":{"code":"67524","nom":"Weiterswiller"},"geometry":{"type":"Polygon","coordinates":[[[7.375,48.852],[7.374,48.852],[7.409,48.866],[7.433,48.861],[7.432,48.843],[7.428,48.844],[7.375,48.852]]]}},{"type":"Feature","properties":{"code":"67525","nom":"Westhoffen"},"geometry":{"type":"Polygon","coordinates":[[[7.469,48.604],[7.47,48.602],[7.446,48.591],[7.409,48.585],[7.372,48.599],[7.374,48.618],[7.413,48.627],[7.442,48.615],[7.464,48.609],[7.469,48.604]]]}},{"type":"Feature","properties":{"code":"67526","nom":"Westhouse"},"geometry":{"type":"Polygon","coordinates":[[[7.589,48.392],[7.55,48.396],[7.548,48.414],[7.565,48.427],[7.572,48.429],[7.591,48.417],[7.593,48.393],[7.589,48.392]]]}},{"type":"Feature","properties":{"code":"67527","nom":"Westhouse-Marmoutier"},"geometry":{"type":"Polygon","coordinates":[[[7.49,48.686],[7.478,48.685],[7.434,48.676],[7.427,48.676],[7.428,48.687],[7.43,48.689],[7.463,48.692],[7.485,48.689],[7.49,48.686]]]}},{"type":"Feature","properties":{"code":"67528","nom":"Weyer"},"geometry":{"type":"Polygon","coordinates":[[[7.174,48.842],[7.149,48.845],[7.129,48.85],[7.135,48.857],[7.144,48.872],[7.165,48.875],[7.173,48.879],[7.195,48.855],[7.185,48.85],[7.174,48.842]]]}},{"type":"Feature","properties":{"code":"67529","nom":"Weyersheim"},"geometry":{"type":"Polygon","coordinates":[[[7.886,48.742],[7.884,48.74],[7.871,48.717],[7.868,48.715],[7.84,48.699],[7.818,48.69],[7.792,48.711],[7.792,48.73],[7.827,48.732],[7.862,48.731],[7.886,48.742]]]}},{"type":"Feature","properties":{"code":"67530","nom":"Wickersheim-Wilshausen"},"geometry":{"type":"Polygon","coordinates":[[[7.52,48.773],[7.512,48.78],[7.54,48.793],[7.546,48.784],[7.559,48.772],[7.544,48.77],[7.52,48.773]]]}},{"type":"Feature","properties":{"code":"67531","nom":"Wildersbach"},"geometry":{"type":"Polygon","coordinates":[[[7.222,48.451],[7.226,48.449],[7.235,48.424],[7.216,48.427],[7.213,48.434],[7.222,48.451]]]}},{"type":"Feature","properties":{"code":"67532","nom":"Willgottheim"},"geometry":{"type":"Polygon","coordinates":[[[7.54,48.672],[7.524,48.662],[7.485,48.66],[7.479,48.662],[7.485,48.665],[7.492,48.686],[7.519,48.684],[7.545,48.689],[7.549,48.679],[7.54,48.672]]]}},{"type":"Feature","properties":{"code":"67534","nom":"Wilwisheim"},"geometry":{"type":"Polygon","coordinates":[[[7.482,48.763],[7.498,48.768],[7.526,48.744],[7.511,48.744],[7.48,48.748],[7.482,48.763]]]}},{"type":"Feature","properties":{"code":"67535","nom":"Wimmenau"},"geometry":{"type":"Polygon","coordinates":[[[7.38,48.951],[7.392,48.953],[7.42,48.936],[7.459,48.925],[7.446,48.901],[7.41,48.896],[7.399,48.896],[7.387,48.906],[7.38,48.951]]]}},{"type":"Feature","properties":{"code":"67536","nom":"Windstein"},"geometry":{"type":"Polygon","coordinates":[[[7.671,48.991],[7.696,49.013],[7.712,49],[7.725,48.985],[7.702,48.97],[7.695,48.967],[7.671,48.991]]]}},{"type":"Feature","properties":{"code":"67537","nom":"Wingen"},"geometry":{"type":"Polygon","coordinates":[[[7.834,49.02],[7.811,49.014],[7.788,49.034],[7.779,49.058],[7.794,49.066],[7.855,49.036],[7.834,49.02]]]}},{"type":"Feature","properties":{"code":"67538","nom":"Wingen-sur-Moder"},"geometry":{"type":"Polygon","coordinates":[[[7.355,48.954],[7.355,48.955],[7.368,48.954],[7.38,48.951],[7.387,48.906],[7.369,48.898],[7.344,48.915],[7.355,48.954]]]}},{"type":"Feature","properties":{"code":"67539","nom":"Wingersheim les Quatre Bans"},"geometry":{"type":"Polygon","coordinates":[[[7.601,48.704],[7.566,48.716],[7.561,48.72],[7.598,48.731],[7.646,48.746],[7.663,48.736],[7.672,48.734],[7.673,48.733],[7.65,48.714],[7.65,48.707],[7.637,48.699],[7.601,48.704]]]}},{"type":"Feature","properties":{"code":"67540","nom":"Wintershouse"},"geometry":{"type":"Polygon","coordinates":[[[7.718,48.806],[7.718,48.806],[7.688,48.786],[7.695,48.802],[7.718,48.806]]]}},{"type":"Feature","properties":{"code":"67541","nom":"Wintzenbach"},"geometry":{"type":"Polygon","coordinates":[[[8.082,48.92],[8.081,48.922],[8.081,48.937],[8.086,48.948],[8.088,48.947],[8.107,48.941],[8.139,48.929],[8.136,48.925],[8.103,48.924],[8.082,48.92]]]}},{"type":"Feature","properties":{"code":"67542","nom":"Wintzenheim-Kochersberg"},"geometry":{"type":"Polygon","coordinates":[[[7.524,48.662],[7.525,48.656],[7.489,48.657],[7.485,48.66],[7.524,48.662]]]}},{"type":"Feature","properties":{"code":"67543","nom":"Wisches"},"geometry":{"type":"Polygon","coordinates":[[[7.187,48.537],[7.235,48.515],[7.281,48.51],[7.281,48.508],[7.244,48.489],[7.191,48.504],[7.17,48.516],[7.168,48.528],[7.169,48.529],[7.187,48.537]]]}},{"type":"Feature","properties":{"code":"67544","nom":"Wissembourg"},"geometry":{"type":"Polygon","coordinates":[[[8.068,48.999],[8.066,48.992],[8.032,49],[8.006,48.987],[7.969,48.981],[7.95,49.009],[7.931,49.023],[7.924,49.026],[7.892,49.012],[7.87,49.014],[7.868,49.033],[7.889,49.049],[7.914,49.041],[7.932,49.058],[8.068,48.999]]]}},{"type":"Feature","properties":{"code":"67545","nom":"Witternheim"},"geometry":{"type":"Polygon","coordinates":[[[7.625,48.3],[7.61,48.302],[7.597,48.322],[7.632,48.321],[7.625,48.3]]]}},{"type":"Feature","properties":{"code":"67546","nom":"Wittersheim"},"geometry":{"type":"Polygon","coordinates":[[[7.634,48.771],[7.64,48.788],[7.657,48.799],[7.662,48.796],[7.673,48.785],[7.667,48.767],[7.634,48.771]]]}},{"type":"Feature","properties":{"code":"67547","nom":"Wittisheim"},"geometry":{"type":"Polygon","coordinates":[[[7.585,48.237],[7.562,48.251],[7.562,48.253],[7.568,48.268],[7.594,48.281],[7.639,48.281],[7.639,48.273],[7.607,48.267],[7.585,48.237]]]}},{"type":"Feature","properties":{"code":"67548","nom":"Wiwersheim"},"geometry":{"type":"Polygon","coordinates":[[[7.605,48.628],[7.596,48.626],[7.587,48.635],[7.589,48.649],[7.593,48.65],[7.612,48.641],[7.605,48.628]]]}},{"type":"Feature","properties":{"code":"67550","nom":"Wœrth"},"geometry":{"type":"Polygon","coordinates":[[[7.754,48.923],[7.752,48.918],[7.732,48.926],[7.734,48.953],[7.761,48.968],[7.762,48.968],[7.752,48.931],[7.754,48.923]]]}},{"type":"Feature","properties":{"code":"67551","nom":"Wolfisheim"},"geometry":{"type":"Polygon","coordinates":[[[7.667,48.609],[7.673,48.598],[7.664,48.566],[7.652,48.567],[7.654,48.6],[7.667,48.609]]]}},{"type":"Feature","properties":{"code":"67552","nom":"Wolfskirchen"},"geometry":{"type":"Polygon","coordinates":[[[7.056,48.865],[7.06,48.887],[7.094,48.893],[7.105,48.881],[7.107,48.868],[7.094,48.863],[7.051,48.859],[7.056,48.865]]]}},{"type":"Feature","properties":{"code":"67553","nom":"Wolschheim"},"geometry":{"type":"Polygon","coordinates":[[[7.45,48.699],[7.435,48.704],[7.433,48.707],[7.432,48.71],[7.45,48.716],[7.472,48.712],[7.471,48.704],[7.45,48.699]]]}},{"type":"Feature","properties":{"code":"67554","nom":"Wolxheim"},"geometry":{"type":"Polygon","coordinates":[[[7.516,48.561],[7.51,48.562],[7.496,48.567],[7.489,48.574],[7.507,48.579],[7.518,48.561],[7.516,48.561]]]}},{"type":"Feature","properties":{"code":"67555","nom":"Zehnacker"},"geometry":{"type":"Polygon","coordinates":[[[7.468,48.675],[7.47,48.672],[7.443,48.662],[7.441,48.664],[7.434,48.675],[7.468,48.675]]]}},{"type":"Feature","properties":{"code":"67556","nom":"Zeinheim"},"geometry":{"type":"Polygon","coordinates":[[[7.478,48.685],[7.49,48.686],[7.492,48.686],[7.485,48.665],[7.477,48.683],[7.478,48.685]]]}},{"type":"Feature","properties":{"code":"67557","nom":"Zellwiller"},"geometry":{"type":"Polygon","coordinates":[[[7.477,48.393],[7.481,48.399],[7.492,48.409],[7.497,48.41],[7.548,48.414],[7.542,48.396],[7.483,48.386],[7.477,48.393]]]}},{"type":"Feature","properties":{"code":"67558","nom":"Zinswiller"},"geometry":{"type":"Polygon","coordinates":[[[7.605,48.907],[7.579,48.902],[7.56,48.934],[7.615,48.91],[7.605,48.907]]]}},{"type":"Feature","properties":{"code":"67559","nom":"Zittersheim"},"geometry":{"type":"Polygon","coordinates":[[[7.369,48.898],[7.326,48.889],[7.315,48.894],[7.313,48.898],[7.324,48.914],[7.344,48.915],[7.369,48.898]]]}}]}