{"type":"FeatureCollection","features":[{"type":"Feature","properties":{"code":"77001","nom":"Achères-la-Forêt","pop":1191},"geometry":{"type":"Polygon","coordinates":[[[2.555,48.371],[2.561,48.37],[2.589,48.358],[2.577,48.33],[2.542,48.328],[2.555,48.371]]]}},{"type":"Feature","properties":{"code":"77002","nom":"Amillis","pop":830},"geometry":{"type":"Polygon","coordinates":[[[3.15,48.763],[3.161,48.755],[3.157,48.733],[3.136,48.708],[3.127,48.705],[3.108,48.733],[3.12,48.762],[3.15,48.763]]]}},{"type":"Feature","properties":{"code":"77003","nom":"Amponville","pop":349},"geometry":{"type":"Polygon","coordinates":[[[2.503,48.285],[2.503,48.287],[2.523,48.314],[2.556,48.297],[2.554,48.281],[2.54,48.266],[2.52,48.271],[2.503,48.285]]]}},{"type":"Feature","properties":{"code":"77004","nom":"Andrezel","pop":336},"geometry":{"type":"Polygon","coordinates":[[[2.769,48.603],[2.78,48.616],[2.79,48.622],[2.818,48.627],[2.843,48.621],[2.838,48.612],[2.789,48.602],[2.769,48.603]]]}},{"type":"Feature","properties":{"code":"77005","nom":"Annet-sur-Marne","pop":3408},"geometry":{"type":"Polygon","coordinates":[[[2.727,48.903],[2.724,48.903],[2.71,48.904],[2.688,48.911],[2.671,48.923],[2.711,48.942],[2.742,48.923],[2.727,48.903]]]}},{"type":"Feature","properties":{"code":"77006","nom":"Arbonne-la-Forêt","pop":1021},"geometry":{"type":"Polygon","coordinates":[[[2.547,48.427],[2.595,48.418],[2.575,48.385],[2.547,48.402],[2.517,48.428],[2.547,48.427]]]}},{"type":"Feature","properties":{"code":"77007","nom":"Argentières","pop":361},"geometry":{"type":"Polygon","coordinates":[[[2.888,48.644],[2.849,48.655],[2.882,48.658],[2.888,48.644],[2.888,48.644]]]}},{"type":"Feature","properties":{"code":"77008","nom":"Armentières-en-Brie","pop":1176},"geometry":{"type":"Polygon","coordinates":[[[3.041,48.995],[3.027,48.974],[3.001,48.964],[2.999,48.959],[2.997,48.959],[2.994,48.965],[2.989,48.983],[3.036,48.995],[3.041,48.995]]]}},{"type":"Feature","properties":{"code":"77009","nom":"Arville","pop":145},"geometry":{"type":"Polygon","coordinates":[[[2.569,48.193],[2.596,48.171],[2.555,48.167],[2.52,48.194],[2.523,48.198],[2.569,48.193]]]}},{"type":"Feature","properties":{"code":"77010","nom":"Aubepierre-Ozouer-le-Repos","pop":984},"geometry":{"type":"Polygon","coordinates":[[[2.843,48.609],[2.838,48.612],[2.843,48.621],[2.86,48.633],[2.888,48.644],[2.888,48.644],[2.914,48.652],[2.93,48.653],[2.928,48.627],[2.952,48.595],[2.92,48.583],[2.91,48.583],[2.909,48.609],[2.87,48.622],[2.843,48.609]]]}},{"type":"Feature","properties":{"code":"77011","nom":"Aufferville","pop":482},"geometry":{"type":"Polygon","coordinates":[[[2.569,48.193],[2.565,48.2],[2.594,48.212],[2.585,48.226],[2.587,48.232],[2.606,48.234],[2.638,48.217],[2.639,48.212],[2.631,48.201],[2.609,48.196],[2.596,48.171],[2.569,48.193]]]}},{"type":"Feature","properties":{"code":"77012","nom":"Augers-en-Brie","pop":265},"geometry":{"type":"Polygon","coordinates":[[[3.321,48.687],[3.322,48.688],[3.37,48.68],[3.38,48.678],[3.387,48.662],[3.358,48.647],[3.352,48.646],[3.323,48.657],[3.321,48.687]]]}},{"type":"Feature","properties":{"code":"77013","nom":"Aulnoy","pop":362},"geometry":{"type":"Polygon","coordinates":[[[3.051,48.853],[3.056,48.865],[3.11,48.863],[3.125,48.838],[3.106,48.833],[3.087,48.832],[3.051,48.853]]]}},{"type":"Feature","properties":{"code":"77014","nom":"Avon","pop":13651},"geometry":{"type":"Polygon","coordinates":[[[2.754,48.412],[2.749,48.407],[2.735,48.424],[2.746,48.425],[2.754,48.412]]]}},{"type":"Feature","properties":{"code":"77015","nom":"Baby","pop":113},"geometry":{"type":"Polygon","coordinates":[[[3.357,48.379],[3.336,48.373],[3.337,48.412],[3.357,48.379]]]}},{"type":"Feature","properties":{"code":"77016","nom":"Bagneaux-sur-Loing","pop":1570},"geometry":{"type":"Polygon","coordinates":[[[2.717,48.198],[2.712,48.218],[2.684,48.223],[2.684,48.223],[2.694,48.238],[2.707,48.242],[2.709,48.24],[2.714,48.215],[2.734,48.21],[2.717,48.198]]]}},{"type":"Feature","properties":{"code":"77018","nom":"Bailly-Romainvilliers","pop":6980},"geometry":{"type":"Polygon","coordinates":[[[2.803,48.829],[2.803,48.83],[2.798,48.856],[2.836,48.861],[2.841,48.833],[2.803,48.829]]]}},{"type":"Feature","properties":{"code":"77019","nom":"Balloy","pop":359},"geometry":{"type":"Polygon","coordinates":[[[3.127,48.409],[3.127,48.41],[3.16,48.425],[3.168,48.423],[3.172,48.377],[3.14,48.373],[3.127,48.409]]]}},{"type":"Feature","properties":{"code":"77020","nom":"Bannost-Villegagnon","pop":667},"geometry":{"type":"Polygon","coordinates":[[[3.231,48.656],[3.236,48.655],[3.219,48.652],[3.177,48.655],[3.157,48.7],[3.182,48.699],[3.213,48.692],[3.231,48.656]]]}},{"type":"Feature","properties":{"code":"77021","nom":"Barbey","pop":153},"geometry":{"type":"Polygon","coordinates":[[[3.066,48.358],[3.05,48.36],[3.024,48.359],[3.039,48.374],[3.073,48.369],[3.066,48.358]]]}},{"type":"Feature","properties":{"code":"77022","nom":"Barbizon","pop":1261},"geometry":{"type":"Polygon","coordinates":[[[2.598,48.434],[2.579,48.453],[2.576,48.46],[2.63,48.456],[2.598,48.434]]]}},{"type":"Feature","properties":{"code":"77023","nom":"Barcy","pop":387},"geometry":{"type":"Polygon","coordinates":[[[2.898,49.024],[2.901,49.023],[2.857,49.003],[2.857,49.005],[2.855,49.03],[2.854,49.031],[2.898,49.024]]]}},{"type":"Feature","properties":{"code":"77024","nom":"Bassevelle","pop":374},"geometry":{"type":"Polygon","coordinates":[[[3.294,48.9],[3.282,48.903],[3.253,48.904],[3.24,48.909],[3.265,48.939],[3.278,48.94],[3.304,48.949],[3.313,48.921],[3.294,48.9]]]}},{"type":"Feature","properties":{"code":"77025","nom":"Bazoches-lès-Bray","pop":878},"geometry":{"type":"Polygon","coordinates":[[[3.214,48.367],[3.204,48.364],[3.185,48.368],[3.172,48.377],[3.168,48.423],[3.194,48.432],[3.211,48.427],[3.215,48.421],[3.214,48.367]]]}},{"type":"Feature","properties":{"code":"77026","nom":"Beauchery-Saint-Martin","pop":384},"geometry":{"type":"Polygon","coordinates":[[[3.469,48.573],[3.465,48.57],[3.423,48.57],[3.42,48.581],[3.375,48.604],[3.381,48.625],[3.414,48.632],[3.447,48.628],[3.438,48.609],[3.469,48.573]]]}},{"type":"Feature","properties":{"code":"77027","nom":"Beaumont-du-Gâtinais","pop":1129},"geometry":{"type":"Polygon","coordinates":[[[2.472,48.155],[2.483,48.165],[2.506,48.157],[2.537,48.14],[2.522,48.125],[2.459,48.126],[2.444,48.132],[2.472,48.155]]]}},{"type":"Feature","properties":{"code":"77029","nom":"Beauvoir","pop":185},"geometry":{"type":"Polygon","coordinates":[[[2.849,48.655],[2.888,48.644],[2.86,48.633],[2.847,48.65],[2.849,48.655]]]}},{"type":"Feature","properties":{"code":"77030","nom":"Bellot","pop":777},"geometry":{"type":"Polygon","coordinates":[[[3.307,48.862],[3.359,48.865],[3.355,48.838],[3.329,48.823],[3.293,48.828],[3.297,48.849],[3.307,48.862]]]}},{"type":"Feature","properties":{"code":"77031","nom":"Bernay-Vilbert","pop":1005},"geometry":{"type":"Polygon","coordinates":[[[2.947,48.687],[2.974,48.671],[2.975,48.669],[2.97,48.66],[2.93,48.653],[2.914,48.652],[2.899,48.675],[2.897,48.681],[2.915,48.702],[2.947,48.687]]]}},{"type":"Feature","properties":{"code":"77032","nom":"Beton-Bazoches","pop":890},"geometry":{"type":"Polygon","coordinates":[[[3.247,48.68],[3.234,48.679],[3.219,48.693],[3.217,48.72],[3.235,48.733],[3.274,48.714],[3.261,48.688],[3.247,48.68]]]}},{"type":"Feature","properties":{"code":"77033","nom":"Bezalles","pop":221},"geometry":{"type":"Polygon","coordinates":[[[3.234,48.679],[3.247,48.68],[3.247,48.661],[3.236,48.655],[3.231,48.656],[3.234,48.679]]]}},{"type":"Feature","properties":{"code":"77034","nom":"Blandy","pop":763},"geometry":{"type":"Polygon","coordinates":[[[2.762,48.575],[2.786,48.582],[2.823,48.563],[2.838,48.553],[2.818,48.541],[2.791,48.547],[2.766,48.554],[2.762,48.575]]]}},{"type":"Feature","properties":{"code":"77035","nom":"Blennes","pop":546},"geometry":{"type":"Polygon","coordinates":[[[3.047,48.25],[3.013,48.222],[2.989,48.209],[2.982,48.22],[2.999,48.269],[3.025,48.276],[3.047,48.25]]]}},{"type":"Feature","properties":{"code":"77036","nom":"Boisdon","pop":131},"geometry":{"type":"Polygon","coordinates":[[[3.213,48.692],[3.219,48.693],[3.234,48.679],[3.231,48.656],[3.213,48.692]]]}},{"type":"Feature","properties":{"code":"77037","nom":"Bois-le-Roi","pop":6072},"geometry":{"type":"Polygon","coordinates":[[[2.745,48.487],[2.749,48.487],[2.747,48.483],[2.719,48.48],[2.7,48.458],[2.674,48.487],[2.675,48.489],[2.69,48.482],[2.745,48.487]]]}},{"type":"Feature","properties":{"code":"77038","nom":"Boissettes","pop":437},"geometry":{"type":"Polygon","coordinates":[[[2.632,48.528],[2.601,48.516],[2.609,48.531],[2.632,48.528]]]}},{"type":"Feature","properties":{"code":"77039","nom":"Boissise-la-Bertrand","pop":1206},"geometry":{"type":"Polygon","coordinates":[[[2.561,48.536],[2.582,48.547],[2.596,48.545],[2.611,48.537],[2.609,48.531],[2.601,48.516],[2.589,48.521],[2.561,48.536]]]}},{"type":"Feature","properties":{"code":"77040","nom":"Boissise-le-Roi","pop":3941},"geometry":{"type":"Polygon","coordinates":[[[2.561,48.536],[2.589,48.521],[2.586,48.515],[2.58,48.492],[2.559,48.491],[2.551,48.509],[2.557,48.53],[2.549,48.537],[2.561,48.536]]]}},{"type":"Feature","properties":{"code":"77041","nom":"Boissy-aux-Cailles","pop":272},"geometry":{"type":"Polygon","coordinates":[[[2.503,48.287],[2.474,48.295],[2.459,48.314],[2.456,48.322],[2.489,48.33],[2.521,48.322],[2.523,48.314],[2.503,48.287]]]}},{"type":"Feature","properties":{"code":"77042","nom":"Boissy-le-Châtel","pop":3346},"geometry":{"type":"Polygon","coordinates":[[[3.162,48.838],[3.165,48.835],[3.164,48.818],[3.114,48.811],[3.106,48.833],[3.125,48.838],[3.162,48.838]]]}},{"type":"Feature","properties":{"code":"77043","nom":"Boitron","pop":322},"geometry":{"type":"Polygon","coordinates":[[[3.272,48.886],[3.24,48.895],[3.253,48.904],[3.282,48.903],[3.272,48.886]]]}},{"type":"Feature","properties":{"code":"77044","nom":"Bombon","pop":935},"geometry":{"type":"Polygon","coordinates":[[[2.856,48.546],[2.838,48.566],[2.855,48.592],[2.909,48.57],[2.901,48.56],[2.891,48.559],[2.878,48.564],[2.871,48.556],[2.883,48.55],[2.856,48.546]]]}},{"type":"Feature","properties":{"code":"77045","nom":"Bougligny","pop":738},"geometry":{"type":"Polygon","coordinates":[[[2.684,48.223],[2.684,48.223],[2.689,48.184],[2.692,48.173],[2.684,48.169],[2.649,48.186],[2.631,48.201],[2.639,48.212],[2.684,48.223]]]}},{"type":"Feature","properties":{"code":"77046","nom":"Boulancourt","pop":350},"geometry":{"type":"Polygon","coordinates":[[[2.469,48.255],[2.44,48.253],[2.422,48.264],[2.42,48.267],[2.474,48.271],[2.477,48.258],[2.469,48.255]]]}},{"type":"Feature","properties":{"code":"77047","nom":"Bouleurs","pop":1743},"geometry":{"type":"Polygon","coordinates":[[[2.882,48.869],[2.885,48.882],[2.904,48.898],[2.905,48.898],[2.941,48.88],[2.913,48.868],[2.882,48.869]]]}},{"type":"Feature","properties":{"code":"77048","nom":"Bourron-Marlotte","pop":2774},"geometry":{"type":"Polygon","coordinates":[[[2.731,48.323],[2.724,48.322],[2.674,48.331],[2.67,48.346],[2.72,48.353],[2.731,48.323]]]}},{"type":"Feature","properties":{"code":"77049","nom":"Boutigny","pop":874},"geometry":{"type":"Polygon","coordinates":[[[2.965,48.914],[2.967,48.908],[2.935,48.902],[2.905,48.898],[2.904,48.898],[2.896,48.91],[2.907,48.914],[2.924,48.93],[2.939,48.927],[2.965,48.914]]]}},{"type":"Feature","properties":{"code":"77050","nom":"Bransles","pop":526},"geometry":{"type":"Polygon","coordinates":[[[2.867,48.156],[2.821,48.13],[2.799,48.137],[2.81,48.161],[2.837,48.166],[2.867,48.156]]]}},{"type":"Feature","properties":{"code":"77051","nom":"Bray-sur-Seine","pop":2344},"geometry":{"type":"Polygon","coordinates":[[[3.262,48.424],[3.254,48.409],[3.229,48.418],[3.262,48.424]]]}},{"type":"Feature","properties":{"code":"77052","nom":"Bréau","pop":384},"geometry":{"type":"Polygon","coordinates":[[[2.891,48.559],[2.883,48.55],[2.871,48.556],[2.878,48.564],[2.891,48.559]]]}},{"type":"Feature","properties":{"code":"77053","nom":"Brie-Comte-Robert","pop":19003},"geometry":{"type":"Polygon","coordinates":[[[2.597,48.666],[2.584,48.677],[2.572,48.692],[2.574,48.701],[2.615,48.717],[2.65,48.716],[2.64,48.694],[2.654,48.67],[2.623,48.681],[2.597,48.666]]]}},{"type":"Feature","properties":{"code":"77054","nom":"La Brosse-Montceaux","pop":776},"geometry":{"type":"Polygon","coordinates":[[[3.014,48.363],[3.024,48.359],[3.05,48.36],[3.043,48.332],[3.015,48.307],[3.008,48.309],[3.005,48.332],[3.005,48.339],[3.014,48.363]]]}},{"type":"Feature","properties":{"code":"77055","nom":"Brou-sur-Chantereine","pop":5196},"geometry":{"type":"Polygon","coordinates":[[[2.657,48.897],[2.651,48.883],[2.625,48.874],[2.627,48.894],[2.645,48.904],[2.657,48.897]]]}},{"type":"Feature","properties":{"code":"77056","nom":"Burcy","pop":150},"geometry":{"type":"Polygon","coordinates":[[[2.518,48.214],[2.514,48.214],[2.506,48.239],[2.534,48.251],[2.547,48.243],[2.542,48.223],[2.541,48.222],[2.518,48.214]]]}},{"type":"Feature","properties":{"code":"77057","nom":"Bussières","pop":600},"geometry":{"type":"Polygon","coordinates":[[[3.26,48.945],[3.265,48.939],[3.24,48.909],[3.219,48.913],[3.21,48.92],[3.218,48.932],[3.239,48.951],[3.26,48.945]]]}},{"type":"Feature","properties":{"code":"77058","nom":"Bussy-Saint-Georges","pop":27498},"geometry":{"type":"Polygon","coordinates":[[[2.731,48.852],[2.732,48.853],[2.743,48.847],[2.751,48.814],[2.728,48.797],[2.721,48.806],[2.721,48.829],[2.69,48.831],[2.668,48.841],[2.699,48.849],[2.731,48.852]]]}},{"type":"Feature","properties":{"code":"77059","nom":"Bussy-Saint-Martin","pop":738},"geometry":{"type":"Polygon","coordinates":[[[2.668,48.841],[2.659,48.838],[2.663,48.85],[2.683,48.849],[2.697,48.854],[2.699,48.849],[2.668,48.841]]]}},{"type":"Feature","properties":{"code":"77060","nom":"Buthiers","pop":792},"geometry":{"type":"Polygon","coordinates":[[[2.503,48.287],[2.503,48.285],[2.474,48.271],[2.42,48.267],[2.42,48.3],[2.459,48.314],[2.474,48.295],[2.503,48.287]]]}},{"type":"Feature","properties":{"code":"77061","nom":"Cannes-Écluse","pop":2742},"geometry":{"type":"Polygon","coordinates":[[[2.965,48.37],[2.966,48.371],[2.985,48.379],[3.014,48.363],[3.005,48.339],[2.997,48.355],[2.965,48.37]]]}},{"type":"Feature","properties":{"code":"77062","nom":"Carnetin","pop":461},"geometry":{"type":"Polygon","coordinates":[[[2.693,48.9],[2.688,48.911],[2.71,48.904],[2.693,48.9]]]}},{"type":"Feature","properties":{"code":"77063","nom":"La Celle-sur-Morin","pop":1235},"geometry":{"type":"Polygon","coordinates":[[[2.982,48.775],[2.955,48.783],[2.962,48.811],[2.983,48.824],[2.983,48.803],[2.982,48.775]]]}},{"type":"Feature","properties":{"code":"77065","nom":"Cély","pop":1259},"geometry":{"type":"Polygon","coordinates":[[[2.5,48.459],[2.506,48.461],[2.522,48.472],[2.549,48.466],[2.542,48.451],[2.505,48.448],[2.498,48.457],[2.5,48.459]]]}},{"type":"Feature","properties":{"code":"77066","nom":"Cerneux","pop":272},"geometry":{"type":"Polygon","coordinates":[[[3.312,48.718],[3.344,48.719],[3.365,48.743],[3.369,48.743],[3.381,48.704],[3.37,48.68],[3.322,48.688],[3.312,48.718]]]}},{"type":"Feature","properties":{"code":"77067","nom":"Cesson","pop":11222},"geometry":{"type":"Polygon","coordinates":[[[2.566,48.564],[2.587,48.563],[2.596,48.594],[2.601,48.59],[2.612,48.58],[2.596,48.545],[2.582,48.547],[2.566,48.564]]]}},{"type":"Feature","properties":{"code":"77068","nom":"Cessoy-en-Montois","pop":213},"geometry":{"type":"Polygon","coordinates":[[[3.163,48.499],[3.162,48.498],[3.118,48.506],[3.122,48.516],[3.142,48.521],[3.163,48.499]]]}},{"type":"Feature","properties":{"code":"77069","nom":"Chailly-en-Bière","pop":2162},"geometry":{"type":"Polygon","coordinates":[[[2.576,48.46],[2.577,48.471],[2.584,48.478],[2.631,48.491],[2.647,48.469],[2.63,48.456],[2.576,48.46]]]}},{"type":"Feature","properties":{"code":"77070","nom":"Chailly-en-Brie","pop":1576},"geometry":{"type":"Polygon","coordinates":[[[3.163,48.788],[3.15,48.763],[3.12,48.762],[3.125,48.775],[3.103,48.795],[3.114,48.811],[3.164,48.818],[3.166,48.819],[3.163,48.788]]]}},{"type":"Feature","properties":{"code":"77071","nom":"Chaintreaux","pop":821},"geometry":{"type":"Polygon","coordinates":[[[2.862,48.217],[2.863,48.215],[2.837,48.166],[2.81,48.161],[2.781,48.167],[2.787,48.189],[2.768,48.211],[2.795,48.222],[2.826,48.202],[2.862,48.217]]]}},{"type":"Feature","properties":{"code":"77072","nom":"Chalautre-la-Grande","pop":644},"geometry":{"type":"Polygon","coordinates":[[[3.414,48.533],[3.411,48.543],[3.423,48.57],[3.465,48.57],[3.482,48.541],[3.451,48.529],[3.414,48.533]]]}},{"type":"Feature","properties":{"code":"77073","nom":"Chalautre-la-Petite","pop":541},"geometry":{"type":"Polygon","coordinates":[[[3.309,48.544],[3.318,48.548],[3.34,48.512],[3.289,48.525],[3.271,48.519],[3.287,48.528],[3.309,48.544]]]}},{"type":"Feature","properties":{"code":"77075","nom":"Chalifert","pop":1584},"geometry":{"type":"Polygon","coordinates":[[[2.764,48.889],[2.761,48.904],[2.775,48.91],[2.775,48.902],[2.777,48.881],[2.764,48.889]]]}},{"type":"Feature","properties":{"code":"77076","nom":"Chalmaison","pop":749},"geometry":{"type":"Polygon","coordinates":[[[3.243,48.506],[3.259,48.51],[3.28,48.496],[3.273,48.475],[3.24,48.471],[3.235,48.479],[3.243,48.506]]]}},{"type":"Feature","properties":{"code":"77077","nom":"Chambry","pop":1064},"geometry":{"type":"Polygon","coordinates":[[[2.901,49.023],[2.915,49.018],[2.91,48.988],[2.903,48.975],[2.891,48.979],[2.878,48.991],[2.857,49.003],[2.901,49.023]]]}},{"type":"Feature","properties":{"code":"77078","nom":"Chamigny","pop":1480},"geometry":{"type":"Polygon","coordinates":[[[3.127,49.013],[3.138,49.014],[3.143,49.013],[3.174,48.991],[3.161,48.967],[3.141,48.959],[3.113,48.971],[3.115,48.988],[3.128,48.997],[3.127,49.013]]]}},{"type":"Feature","properties":{"code":"77079","nom":"Champagne-sur-Seine","pop":6497},"geometry":{"type":"Polygon","coordinates":[[[2.821,48.426],[2.832,48.425],[2.811,48.392],[2.802,48.388],[2.79,48.391],[2.788,48.414],[2.804,48.424],[2.806,48.427],[2.821,48.426]]]}},{"type":"Feature","properties":{"code":"77080","nom":"Champcenest","pop":205},"geometry":{"type":"Polygon","coordinates":[[[3.312,48.654],[3.311,48.651],[3.297,48.664],[3.263,48.653],[3.247,48.661],[3.247,48.68],[3.261,48.688],[3.301,48.683],[3.312,48.654]]]}},{"type":"Feature","properties":{"code":"77081","nom":"Champdeuil","pop":739},"geometry":{"type":"Polygon","coordinates":[[[2.718,48.609],[2.715,48.61],[2.72,48.628],[2.739,48.635],[2.748,48.623],[2.718,48.609]]]}},{"type":"Feature","properties":{"code":"77082","nom":"Champeaux","pop":810},"geometry":{"type":"Polygon","coordinates":[[[2.838,48.612],[2.843,48.609],[2.853,48.595],[2.821,48.587],[2.823,48.563],[2.786,48.582],[2.789,48.602],[2.838,48.612]]]}},{"type":"Feature","properties":{"code":"77083","nom":"Champs-sur-Marne","pop":27451},"geometry":{"type":"Polygon","coordinates":[[[2.587,48.865],[2.6,48.866],[2.611,48.83],[2.587,48.834],[2.574,48.853],[2.587,48.865]]]}},{"type":"Feature","properties":{"code":"77084","nom":"Changis-sur-Marne","pop":1335},"geometry":{"type":"Polygon","coordinates":[[[3.029,48.957],[3.001,48.964],[3.027,48.974],[3.059,48.976],[3.029,48.957]]]}},{"type":"Feature","properties":{"code":"77085","nom":"Chanteloup-en-Brie","pop":4130},"geometry":{"type":"Polygon","coordinates":[[[2.732,48.853],[2.727,48.86],[2.73,48.869],[2.752,48.851],[2.743,48.847],[2.732,48.853]]]}},{"type":"Feature","properties":{"code":"77086","nom":"La Chapelle-Gauthier","pop":1400},"geometry":{"type":"Polygon","coordinates":[[[2.791,48.524],[2.802,48.533],[2.854,48.529],[2.856,48.546],[2.883,48.55],[2.891,48.559],[2.901,48.56],[2.913,48.551],[2.88,48.529],[2.894,48.513],[2.839,48.516],[2.791,48.524]]]}},{"type":"Feature","properties":{"code":"77087","nom":"La Chapelle-Iger","pop":191},"geometry":{"type":"Polygon","coordinates":[[[2.975,48.669],[3.009,48.663],[3.017,48.646],[2.99,48.634],[2.97,48.66],[2.975,48.669]]]}},{"type":"Feature","properties":{"code":"77088","nom":"La Chapelle-la-Reine","pop":2170},"geometry":{"type":"Polygon","coordinates":[[[2.617,48.325],[2.615,48.318],[2.556,48.297],[2.523,48.314],[2.521,48.322],[2.542,48.328],[2.577,48.33],[2.615,48.33],[2.617,48.325]]]}},{"type":"Feature","properties":{"code":"77089","nom":"La Chapelle-Rablais","pop":913},"geometry":{"type":"Polygon","coordinates":[[[2.937,48.489],[2.939,48.501],[2.931,48.518],[2.964,48.531],[2.968,48.531],[2.992,48.505],[2.994,48.489],[2.974,48.486],[2.937,48.489]]]}},{"type":"Feature","properties":{"code":"77090","nom":"La Chapelle-Saint-Sulpice","pop":239},"geometry":{"type":"Polygon","coordinates":[[[3.197,48.548],[3.184,48.542],[3.159,48.559],[3.166,48.573],[3.191,48.567],[3.197,48.548]]]}},{"type":"Feature","properties":{"code":"77091","nom":"Les Chapelles-Bourbon","pop":459},"geometry":{"type":"Polygon","coordinates":[[[2.857,48.734],[2.849,48.73],[2.817,48.735],[2.812,48.748],[2.849,48.756],[2.857,48.734]]]}},{"type":"Feature","properties":{"code":"77093","nom":"La Chapelle-Moutils","pop":400},"geometry":{"type":"Polygon","coordinates":[[[3.399,48.755],[3.388,48.744],[3.374,48.743],[3.353,48.768],[3.354,48.786],[3.359,48.798],[3.389,48.811],[3.409,48.784],[3.399,48.755]]]}},{"type":"Feature","properties":{"code":"77094","nom":"Charmentray","pop":291},"geometry":{"type":"Polygon","coordinates":[[[2.788,48.969],[2.792,48.968],[2.783,48.938],[2.762,48.95],[2.761,48.953],[2.788,48.969]]]}},{"type":"Feature","properties":{"code":"77095","nom":"Charny","pop":1585},"geometry":{"type":"Polygon","coordinates":[[[2.747,48.991],[2.753,48.991],[2.788,48.969],[2.761,48.953],[2.724,48.958],[2.723,48.96],[2.734,48.976],[2.747,48.991]]]}},{"type":"Feature","properties":{"code":"77096","nom":"Chartrettes","pop":2633},"geometry":{"type":"Polygon","coordinates":[[[2.745,48.487],[2.69,48.482],[2.675,48.489],[2.673,48.491],[2.709,48.508],[2.73,48.509],[2.744,48.503],[2.745,48.487]]]}},{"type":"Feature","properties":{"code":"77097","nom":"Chartronges","pop":304},"geometry":{"type":"Polygon","coordinates":[[[3.246,48.77],[3.279,48.766],[3.28,48.754],[3.28,48.739],[3.242,48.738],[3.246,48.77]]]}},{"type":"Feature","properties":{"code":"77098","nom":"Châteaubleau","pop":363},"geometry":{"type":"Polygon","coordinates":[[[3.12,48.573],[3.104,48.57],[3.104,48.598],[3.115,48.596],[3.125,48.576],[3.12,48.573]]]}},{"type":"Feature","properties":{"code":"77099","nom":"Château-Landon","pop":3149},"geometry":{"type":"Polygon","coordinates":[[[2.667,48.121],[2.664,48.12],[2.639,48.139],[2.65,48.144],[2.684,48.169],[2.692,48.173],[2.737,48.166],[2.756,48.146],[2.707,48.125],[2.667,48.121]]]}},{"type":"Feature","properties":{"code":"77100","nom":"Le Châtelet-en-Brie","pop":4207},"geometry":{"type":"Polygon","coordinates":[[[2.826,48.478],[2.792,48.478],[2.761,48.502],[2.791,48.524],[2.839,48.516],[2.844,48.485],[2.832,48.483],[2.826,48.478]]]}},{"type":"Feature","properties":{"code":"77101","nom":"Châtenay-sur-Seine","pop":1049},"geometry":{"type":"Polygon","coordinates":[[[3.127,48.41],[3.127,48.409],[3.106,48.398],[3.083,48.402],[3.068,48.43],[3.089,48.442],[3.127,48.41]]]}},{"type":"Feature","properties":{"code":"77102","nom":"Châtenoy","pop":155},"geometry":{"type":"Polygon","coordinates":[[[2.63,48.245],[2.65,48.233],[2.638,48.217],[2.606,48.234],[2.63,48.245]]]}},{"type":"Feature","properties":{"code":"77103","nom":"Châtillon-la-Borde","pop":226},"geometry":{"type":"Polygon","coordinates":[[[2.802,48.533],[2.791,48.547],[2.818,48.541],[2.838,48.553],[2.854,48.529],[2.802,48.533]]]}},{"type":"Feature","properties":{"code":"77104","nom":"Châtres","pop":714},"geometry":{"type":"Polygon","coordinates":[[[2.784,48.715],[2.786,48.716],[2.817,48.735],[2.849,48.73],[2.847,48.725],[2.815,48.683],[2.804,48.678],[2.8,48.685],[2.784,48.715]]]}},{"type":"Feature","properties":{"code":"77106","nom":"Chauffry","pop":994},"geometry":{"type":"Polygon","coordinates":[[[3.166,48.819],[3.164,48.818],[3.165,48.835],[3.202,48.824],[3.166,48.819]]]}},{"type":"Feature","properties":{"code":"77107","nom":"Chaumes-en-Brie","pop":3503},"geometry":{"type":"Polygon","coordinates":[[[2.847,48.65],[2.805,48.642],[2.805,48.652],[2.795,48.657],[2.804,48.678],[2.815,48.683],[2.897,48.681],[2.899,48.675],[2.882,48.658],[2.849,48.655],[2.847,48.65]]]}},{"type":"Feature","properties":{"code":"77108","nom":"Chelles","pop":54620},"geometry":{"type":"Polygon","coordinates":[[[2.606,48.865],[2.6,48.866],[2.587,48.865],[2.568,48.866],[2.559,48.885],[2.591,48.907],[2.592,48.908],[2.612,48.905],[2.627,48.894],[2.625,48.874],[2.606,48.865]]]}},{"type":"Feature","properties":{"code":"77109","nom":"Chenoise-Cucharmoy","pop":1607},"geometry":{"type":"Polygon","coordinates":[[[3.14,48.6],[3.123,48.626],[3.16,48.636],[3.177,48.655],[3.219,48.652],[3.237,48.611],[3.221,48.58],[3.191,48.567],[3.166,48.573],[3.168,48.577],[3.14,48.6]]]}},{"type":"Feature","properties":{"code":"77110","nom":"Chenou","pop":291},"geometry":{"type":"Polygon","coordinates":[[[2.65,48.144],[2.622,48.167],[2.649,48.186],[2.684,48.169],[2.65,48.144]]]}},{"type":"Feature","properties":{"code":"77111","nom":"Chessy","pop":7771},"geometry":{"type":"Polygon","coordinates":[[[2.748,48.884],[2.764,48.889],[2.777,48.881],[2.787,48.86],[2.772,48.854],[2.748,48.884]]]}},{"type":"Feature","properties":{"code":"77112","nom":"Chevrainvilliers","pop":255},"geometry":{"type":"Polygon","coordinates":[[[2.573,48.244],[2.576,48.255],[2.63,48.26],[2.633,48.246],[2.63,48.245],[2.606,48.234],[2.587,48.232],[2.573,48.244]]]}},{"type":"Feature","properties":{"code":"77113","nom":"Chevru","pop":1012},"geometry":{"type":"Polygon","coordinates":[[[3.161,48.755],[3.164,48.757],[3.235,48.739],[3.235,48.733],[3.217,48.72],[3.192,48.716],[3.157,48.733],[3.161,48.755]]]}},{"type":"Feature","properties":{"code":"77114","nom":"Chevry-Cossigny","pop":4075},"geometry":{"type":"Polygon","coordinates":[[[2.64,48.694],[2.65,48.716],[2.673,48.744],[2.704,48.749],[2.703,48.729],[2.695,48.706],[2.64,48.694]]]}},{"type":"Feature","properties":{"code":"77115","nom":"Chevry-en-Sereine","pop":498},"geometry":{"type":"Polygon","coordinates":[[[2.99,48.273],[2.999,48.269],[2.982,48.22],[2.921,48.235],[2.929,48.271],[2.947,48.271],[2.99,48.273]]]}},{"type":"Feature","properties":{"code":"77116","nom":"Choisy-en-Brie","pop":1354},"geometry":{"type":"Polygon","coordinates":[[[3.218,48.789],[3.243,48.787],[3.246,48.77],[3.242,48.738],[3.235,48.739],[3.164,48.757],[3.192,48.773],[3.178,48.788],[3.218,48.789]]]}},{"type":"Feature","properties":{"code":"77117","nom":"Citry","pop":922},"geometry":{"type":"Polygon","coordinates":[[[3.23,48.977],[3.231,48.977],[3.255,48.962],[3.263,48.949],[3.262,48.948],[3.26,48.945],[3.239,48.951],[3.23,48.977]]]}},{"type":"Feature","properties":{"code":"77118","nom":"Claye-Souilly","pop":13353},"geometry":{"type":"Polygon","coordinates":[[[2.645,48.93],[2.636,48.933],[2.644,48.954],[2.654,48.956],[2.675,48.957],[2.723,48.96],[2.724,48.958],[2.711,48.942],[2.671,48.923],[2.645,48.93]]]}},{"type":"Feature","properties":{"code":"77119","nom":"Clos-Fontaine","pop":244},"geometry":{"type":"Polygon","coordinates":[[[2.987,48.602],[2.994,48.608],[3.036,48.608],[3.035,48.593],[2.987,48.602]]]}},{"type":"Feature","properties":{"code":"77120","nom":"Cocherel","pop":618},"geometry":{"type":"Polygon","coordinates":[[[3.138,49.014],[3.127,49.013],[3.086,49.004],[3.063,49.015],[3.082,49.03],[3.151,49.027],[3.138,49.014]]]}},{"type":"Feature","properties":{"code":"77121","nom":"Collégien","pop":3354},"geometry":{"type":"Polygon","coordinates":[[[2.668,48.841],[2.69,48.831],[2.693,48.816],[2.68,48.811],[2.666,48.832],[2.659,48.838],[2.668,48.841]]]}},{"type":"Feature","properties":{"code":"77122","nom":"Combs-la-Ville","pop":23350},"geometry":{"type":"Polygon","coordinates":[[[2.597,48.666],[2.608,48.646],[2.573,48.644],[2.548,48.65],[2.533,48.657],[2.548,48.672],[2.584,48.677],[2.597,48.666]]]}},{"type":"Feature","properties":{"code":"77123","nom":"Compans","pop":754},"geometry":{"type":"Polygon","coordinates":[[[2.674,48.977],[2.672,48.976],[2.661,48.975],[2.624,49.007],[2.664,49.001],[2.675,48.984],[2.674,48.977]]]}},{"type":"Feature","properties":{"code":"77124","nom":"Conches-sur-Gondoire","pop":1761},"geometry":{"type":"Polygon","coordinates":[[[2.732,48.853],[2.731,48.852],[2.71,48.854],[2.71,48.865],[2.727,48.86],[2.732,48.853]]]}},{"type":"Feature","properties":{"code":"77125","nom":"Condé-Sainte-Libiaire","pop":1500},"geometry":{"type":"Polygon","coordinates":[[[2.847,48.907],[2.85,48.907],[2.848,48.898],[2.84,48.889],[2.824,48.896],[2.824,48.904],[2.847,48.907]]]}},{"type":"Feature","properties":{"code":"77126","nom":"Congis-sur-Thérouanne","pop":1772},"geometry":{"type":"Polygon","coordinates":[[[3.013,49.014],[3.013,49.014],[2.986,48.992],[2.948,49.012],[2.941,49.02],[2.947,49.027],[2.971,49.032],[2.984,49.032],[3.013,49.014]]]}},{"type":"Feature","properties":{"code":"77127","nom":"Coubert","pop":2005},"geometry":{"type":"Polygon","coordinates":[[[2.726,48.673],[2.706,48.665],[2.691,48.663],[2.682,48.674],[2.716,48.695],[2.722,48.695],[2.726,48.673]]]}},{"type":"Feature","properties":{"code":"77128","nom":"Couilly-Pont-aux-Dames","pop":2064},"geometry":{"type":"Polygon","coordinates":[[[2.842,48.889],[2.84,48.889],[2.848,48.898],[2.885,48.882],[2.882,48.869],[2.876,48.866],[2.863,48.872],[2.842,48.889]]]}},{"type":"Feature","properties":{"code":"77129","nom":"Coulombs-en-Valois","pop":576},"geometry":{"type":"Polygon","coordinates":[[[3.097,49.062],[3.09,49.079],[3.114,49.107],[3.124,49.107],[3.165,49.1],[3.159,49.08],[3.158,49.047],[3.147,49.042],[3.097,49.062]]]}},{"type":"Feature","properties":{"code":"77130","nom":"Coulommes","pop":542},"geometry":{"type":"Polygon","coordinates":[[[2.944,48.882],[2.941,48.88],[2.905,48.898],[2.935,48.902],[2.943,48.892],[2.944,48.882]]]}},{"type":"Feature","properties":{"code":"77131","nom":"Coulommiers","pop":16374},"geometry":{"type":"Polygon","coordinates":[[[3.087,48.832],[3.106,48.833],[3.114,48.811],[3.103,48.795],[3.073,48.797],[3.072,48.828],[3.087,48.832]]]}},{"type":"Feature","properties":{"code":"77132","nom":"Coupvray","pop":3066},"geometry":{"type":"Polygon","coordinates":[[[2.812,48.888],[2.804,48.877],[2.8,48.863],[2.787,48.86],[2.777,48.881],[2.775,48.902],[2.801,48.908],[2.812,48.888]]]}},{"type":"Feature","properties":{"code":"77133","nom":"Courcelles-en-Bassée","pop":223},"geometry":{"type":"Polygon","coordinates":[[[3.083,48.402],[3.076,48.397],[3.011,48.398],[3.028,48.412],[3.044,48.432],[3.068,48.43],[3.083,48.402]]]}},{"type":"Feature","properties":{"code":"77134","nom":"Courchamp","pop":151},"geometry":{"type":"Polygon","coordinates":[[[3.303,48.622],[3.268,48.635],[3.263,48.653],[3.297,48.664],[3.311,48.651],[3.313,48.63],[3.303,48.622]]]}},{"type":"Feature","properties":{"code":"77135","nom":"Courpalay","pop":1610},"geometry":{"type":"Polygon","coordinates":[[[2.93,48.653],[2.97,48.66],[2.99,48.634],[2.986,48.625],[2.943,48.633],[2.928,48.627],[2.93,48.653]]]}},{"type":"Feature","properties":{"code":"77136","nom":"Courquetaine","pop":184},"geometry":{"type":"Polygon","coordinates":[[[2.726,48.673],[2.722,48.695],[2.757,48.691],[2.773,48.68],[2.744,48.662],[2.726,48.673]]]}},{"type":"Feature","properties":{"code":"77137","nom":"Courtacon","pop":245},"geometry":{"type":"Polygon","coordinates":[[[3.322,48.688],[3.321,48.687],[3.301,48.683],[3.261,48.688],[3.274,48.714],[3.291,48.729],[3.312,48.718],[3.322,48.688]]]}},{"type":"Feature","properties":{"code":"77138","nom":"Courtomer","pop":591},"geometry":{"type":"Polygon","coordinates":[[[2.914,48.652],[2.888,48.644],[2.882,48.658],[2.899,48.675],[2.914,48.652]]]}},{"type":"Feature","properties":{"code":"77139","nom":"Courtry","pop":7330},"geometry":{"type":"Polygon","coordinates":[[[2.616,48.925],[2.612,48.905],[2.592,48.908],[2.593,48.925],[2.603,48.929],[2.616,48.925]]]}},{"type":"Feature","properties":{"code":"77140","nom":"Coutençon","pop":260},"geometry":{"type":"Polygon","coordinates":[[[2.994,48.489],[3.02,48.471],[3.014,48.46],[2.996,48.454],[2.974,48.486],[2.994,48.489]]]}},{"type":"Feature","properties":{"code":"77141","nom":"Coutevroult","pop":1187},"geometry":{"type":"Polygon","coordinates":[[[2.836,48.861],[2.862,48.872],[2.85,48.83],[2.841,48.833],[2.836,48.861]]]}},{"type":"Feature","properties":{"code":"77142","nom":"Crécy-la-Chapelle","pop":4973},"geometry":{"type":"Polygon","coordinates":[[[2.96,48.862],[2.973,48.846],[2.918,48.835],[2.908,48.839],[2.886,48.862],[2.876,48.866],[2.882,48.869],[2.913,48.868],[2.941,48.88],[2.944,48.882],[2.96,48.862]]]}},{"type":"Feature","properties":{"code":"77143","nom":"Crégy-lès-Meaux","pop":5446},"geometry":{"type":"Polygon","coordinates":[[[2.86,48.976],[2.878,48.991],[2.891,48.979],[2.869,48.962],[2.86,48.976]]]}},{"type":"Feature","properties":{"code":"77144","nom":"Crèvecœur-en-Brie","pop":437},"geometry":{"type":"Polygon","coordinates":[[[2.912,48.741],[2.889,48.741],[2.893,48.77],[2.937,48.756],[2.912,48.741]]]}},{"type":"Feature","properties":{"code":"77145","nom":"Crisenoy","pop":611},"geometry":{"type":"Polygon","coordinates":[[[2.78,48.616],[2.769,48.603],[2.735,48.581],[2.723,48.578],[2.718,48.609],[2.748,48.623],[2.78,48.616]]]}},{"type":"Feature","properties":{"code":"77146","nom":"Croissy-Beaubourg","pop":2018},"geometry":{"type":"Polygon","coordinates":[[[2.658,48.832],[2.666,48.832],[2.68,48.811],[2.676,48.801],[2.628,48.805],[2.627,48.82],[2.658,48.832]]]}},{"type":"Feature","properties":{"code":"77147","nom":"La Croix-en-Brie","pop":681},"geometry":{"type":"Polygon","coordinates":[[[3.095,48.561],[3.052,48.564],[3.035,48.585],[3.035,48.593],[3.036,48.608],[3.058,48.629],[3.103,48.618],[3.104,48.598],[3.104,48.57],[3.095,48.561]]]}},{"type":"Feature","properties":{"code":"77148","nom":"Crouy-sur-Ourcq","pop":1811},"geometry":{"type":"Polygon","coordinates":[[[3.114,49.107],[3.09,49.079],[3.097,49.062],[3.076,49.053],[3.059,49.061],[3.066,49.085],[3.056,49.102],[3.072,49.118],[3.114,49.107]]]}},{"type":"Feature","properties":{"code":"77150","nom":"Cuisy","pop":476},"geometry":{"type":"Polygon","coordinates":[[[2.772,49.028],[2.801,49.017],[2.774,49.012],[2.762,49.013],[2.772,49.028]]]}},{"type":"Feature","properties":{"code":"77151","nom":"Dagny","pop":305},"geometry":{"type":"Polygon","coordinates":[[[3.136,48.708],[3.157,48.733],[3.192,48.716],[3.182,48.699],[3.157,48.7],[3.136,48.708]]]}},{"type":"Feature","properties":{"code":"77152","nom":"Dammarie-les-Lys","pop":23559},"geometry":{"type":"Polygon","coordinates":[[[2.653,48.524],[2.641,48.495],[2.634,48.497],[2.586,48.515],[2.589,48.521],[2.601,48.516],[2.632,48.528],[2.644,48.535],[2.653,48.524]]]}},{"type":"Feature","properties":{"code":"77153","nom":"Dammartin-en-Goële","pop":11907},"geometry":{"type":"Polygon","coordinates":[[[2.705,49.051],[2.67,49.033],[2.66,49.029],[2.658,49.037],[2.646,49.065],[2.691,49.071],[2.703,49.065],[2.705,49.051]]]}},{"type":"Feature","properties":{"code":"77154","nom":"Dammartin-sur-Tigeaux","pop":1280},"geometry":{"type":"Polygon","coordinates":[[[2.918,48.825],[2.93,48.803],[2.869,48.792],[2.875,48.815],[2.918,48.825]]]}},{"type":"Feature","properties":{"code":"77155","nom":"Dampmart","pop":3677},"geometry":{"type":"Polygon","coordinates":[[[2.735,48.883],[2.728,48.883],[2.724,48.903],[2.727,48.903],[2.761,48.904],[2.764,48.889],[2.748,48.884],[2.735,48.883]]]}},{"type":"Feature","properties":{"code":"77156","nom":"Darvault","pop":987},"geometry":{"type":"Polygon","coordinates":[[[2.692,48.287],[2.692,48.29],[2.72,48.282],[2.738,48.294],[2.752,48.276],[2.752,48.264],[2.728,48.257],[2.692,48.287]]]}},{"type":"Feature","properties":{"code":"77157","nom":"Dhuisy","pop":334},"geometry":{"type":"Polygon","coordinates":[[[3.143,49.013],[3.138,49.014],[3.151,49.027],[3.147,49.042],[3.158,49.047],[3.182,49.062],[3.181,49.056],[3.19,49.047],[3.163,49.02],[3.143,49.013]]]}},{"type":"Feature","properties":{"code":"77158","nom":"Diant","pop":194},"geometry":{"type":"Polygon","coordinates":[[[3.03,48.286],[3.025,48.276],[2.999,48.269],[2.99,48.273],[2.988,48.315],[3.008,48.309],[3.015,48.307],[3.027,48.301],[3.03,48.286]]]}},{"type":"Feature","properties":{"code":"77159","nom":"Donnemarie-Dontilly","pop":2706},"geometry":{"type":"Polygon","coordinates":[[[3.142,48.465],[3.145,48.458],[3.102,48.463],[3.109,48.479],[3.089,48.505],[3.111,48.498],[3.152,48.478],[3.142,48.465]]]}},{"type":"Feature","properties":{"code":"77161","nom":"Dormelles","pop":816},"geometry":{"type":"Polygon","coordinates":[[[2.868,48.334],[2.9,48.326],[2.915,48.337],[2.922,48.331],[2.89,48.286],[2.871,48.294],[2.859,48.312],[2.868,48.334]]]}},{"type":"Feature","properties":{"code":"77162","nom":"Doue","pop":1122},"geometry":{"type":"Polygon","coordinates":[[[3.209,48.89],[3.217,48.892],[3.205,48.878],[3.21,48.871],[3.173,48.848],[3.125,48.869],[3.14,48.886],[3.193,48.894],[3.209,48.89]]]}},{"type":"Feature","properties":{"code":"77163","nom":"Douy-la-Ramée","pop":395},"geometry":{"type":"Polygon","coordinates":[[[2.857,49.063],[2.856,49.07],[2.895,49.077],[2.898,49.044],[2.882,49.052],[2.857,49.063]]]}},{"type":"Feature","properties":{"code":"77164","nom":"Échouboulains","pop":555},"geometry":{"type":"Polygon","coordinates":[[[2.939,48.501],[2.937,48.489],[2.964,48.462],[2.965,48.436],[2.927,48.435],[2.902,48.448],[2.905,48.475],[2.913,48.491],[2.939,48.501]]]}},{"type":"Feature","properties":{"code":"77165","nom":"Les Écrennes","pop":628},"geometry":{"type":"Polygon","coordinates":[[[2.913,48.491],[2.905,48.475],[2.894,48.475],[2.844,48.485],[2.839,48.516],[2.894,48.513],[2.913,48.491]]]}},{"type":"Feature","properties":{"code":"77167","nom":"Égligny","pop":310},"geometry":{"type":"Polygon","coordinates":[[[3.097,48.461],[3.102,48.463],[3.145,48.458],[3.16,48.425],[3.127,48.41],[3.089,48.442],[3.097,48.461]]]}},{"type":"Feature","properties":{"code":"77168","nom":"Égreville","pop":2186},"geometry":{"type":"Polygon","coordinates":[[[2.871,48.157],[2.867,48.156],[2.837,48.166],[2.863,48.215],[2.891,48.215],[2.935,48.179],[2.937,48.163],[2.9,48.16],[2.871,48.157]]]}},{"type":"Feature","properties":{"code":"77169","nom":"Émerainville","pop":7690},"geometry":{"type":"Polygon","coordinates":[[[2.627,48.82],[2.628,48.805],[2.627,48.803],[2.596,48.814],[2.587,48.834],[2.611,48.83],[2.616,48.826],[2.627,48.82]]]}},{"type":"Feature","properties":{"code":"77171","nom":"Esbly","pop":6072},"geometry":{"type":"Polygon","coordinates":[[[2.812,48.888],[2.801,48.908],[2.807,48.915],[2.824,48.904],[2.824,48.896],[2.812,48.888]]]}},{"type":"Feature","properties":{"code":"77172","nom":"Esmans","pop":934},"geometry":{"type":"Polygon","coordinates":[[[3.005,48.339],[3.005,48.332],[2.971,48.313],[2.948,48.332],[2.938,48.356],[2.965,48.37],[2.997,48.355],[3.005,48.339]]]}},{"type":"Feature","properties":{"code":"77173","nom":"Étrépilly","pop":805},"geometry":{"type":"Polygon","coordinates":[[[2.901,49.023],[2.898,49.024],[2.903,49.04],[2.941,49.071],[2.953,49.061],[2.947,49.027],[2.941,49.02],[2.915,49.018],[2.901,49.023]]]}},{"type":"Feature","properties":{"code":"77174","nom":"Everly","pop":566},"geometry":{"type":"Polygon","coordinates":[[[3.29,48.452],[3.276,48.446],[3.253,48.446],[3.24,48.471],[3.273,48.475],[3.29,48.452]]]}},{"type":"Feature","properties":{"code":"77175","nom":"Évry-Grégy-sur-Yerre","pop":3321},"geometry":{"type":"Polygon","coordinates":[[[2.608,48.646],[2.597,48.666],[2.623,48.681],[2.654,48.67],[2.678,48.652],[2.68,48.64],[2.637,48.624],[2.629,48.625],[2.608,48.646]]]}},{"type":"Feature","properties":{"code":"77176","nom":"Faremoutiers","pop":3057},"geometry":{"type":"Polygon","coordinates":[[[3.014,48.751],[2.993,48.765],[2.982,48.775],[2.983,48.803],[3.007,48.788],[3.026,48.758],[3.02,48.749],[3.014,48.751]]]}},{"type":"Feature","properties":{"code":"77177","nom":"Favières","pop":1316},"geometry":{"type":"Polygon","coordinates":[[[2.742,48.766],[2.73,48.78],[2.728,48.797],[2.751,48.814],[2.777,48.809],[2.796,48.794],[2.813,48.774],[2.796,48.757],[2.778,48.747],[2.742,48.766]]]}},{"type":"Feature","properties":{"code":"77178","nom":"Faÿ-lès-Nemours","pop":524},"geometry":{"type":"Polygon","coordinates":[[[2.694,48.238],[2.684,48.223],[2.639,48.212],[2.638,48.217],[2.65,48.233],[2.665,48.239],[2.694,48.238]]]}},{"type":"Feature","properties":{"code":"77179","nom":"Féricy","pop":625},"geometry":{"type":"Polygon","coordinates":[[[2.792,48.478],[2.826,48.478],[2.816,48.449],[2.785,48.457],[2.792,48.478]]]}},{"type":"Feature","properties":{"code":"77180","nom":"Férolles-Attilly","pop":1248},"geometry":{"type":"Polygon","coordinates":[[[2.615,48.717],[2.609,48.728],[2.645,48.755],[2.673,48.744],[2.65,48.716],[2.615,48.717]]]}},{"type":"Feature","properties":{"code":"77181","nom":"Ferrières-en-Brie","pop":3932},"geometry":{"type":"Polygon","coordinates":[[[2.721,48.806],[2.693,48.816],[2.69,48.831],[2.721,48.829],[2.721,48.806]]]}},{"type":"Feature","properties":{"code":"77182","nom":"La Ferté-Gaucher","pop":4743},"geometry":{"type":"Polygon","coordinates":[[[3.291,48.824],[3.293,48.828],[3.329,48.823],[3.328,48.81],[3.317,48.8],[3.318,48.757],[3.28,48.754],[3.279,48.766],[3.304,48.818],[3.291,48.824]]]}},{"type":"Feature","properties":{"code":"77183","nom":"La Ferté-sous-Jouarre","pop":10254},"geometry":{"type":"Polygon","coordinates":[[[3.113,48.971],[3.141,48.959],[3.167,48.947],[3.117,48.936],[3.103,48.95],[3.113,48.971]]]}},{"type":"Feature","properties":{"code":"77184","nom":"Flagy","pop":584},"geometry":{"type":"Polygon","coordinates":[[[2.89,48.286],[2.922,48.331],[2.944,48.318],[2.905,48.286],[2.89,48.286]]]}},{"type":"Feature","properties":{"code":"77185","nom":"Fleury-en-Bière","pop":652},"geometry":{"type":"Polygon","coordinates":[[[2.517,48.428],[2.504,48.43],[2.505,48.448],[2.542,48.451],[2.549,48.466],[2.577,48.471],[2.576,48.46],[2.579,48.453],[2.547,48.427],[2.517,48.428]]]}},{"type":"Feature","properties":{"code":"77186","nom":"Fontainebleau","pop":15583},"geometry":{"type":"Polygon","coordinates":[[[2.747,48.483],[2.735,48.424],[2.749,48.407],[2.778,48.39],[2.801,48.366],[2.794,48.348],[2.72,48.353],[2.67,48.346],[2.626,48.352],[2.589,48.358],[2.561,48.37],[2.575,48.385],[2.595,48.418],[2.598,48.434],[2.63,48.456],[2.647,48.469],[2.631,48.491],[2.634,48.497],[2.641,48.495],[2.674,48.487],[2.7,48.458],[2.719,48.48],[2.747,48.483]]]}},{"type":"Feature","properties":{"code":"77187","nom":"Fontaine-Fourches","pop":576},"geometry":{"type":"Polygon","coordinates":[[[3.421,48.409],[3.415,48.39],[3.376,48.399],[3.37,48.433],[3.383,48.434],[3.397,48.435],[3.412,48.421],[3.421,48.409]]]}},{"type":"Feature","properties":{"code":"77188","nom":"Fontaine-le-Port","pop":1025},"geometry":{"type":"Polygon","coordinates":[[[2.749,48.487],[2.745,48.487],[2.744,48.503],[2.761,48.502],[2.792,48.478],[2.785,48.457],[2.771,48.462],[2.749,48.487]]]}},{"type":"Feature","properties":{"code":"77190","nom":"Fontains","pop":256},"geometry":{"type":"Polygon","coordinates":[[[3.049,48.524],[3.012,48.504],[2.992,48.505],[2.968,48.531],[3.037,48.533],[3.049,48.524]]]}},{"type":"Feature","properties":{"code":"77191","nom":"Fontenailles","pop":1109},"geometry":{"type":"Polygon","coordinates":[[[2.94,48.566],[2.971,48.558],[2.964,48.531],[2.931,48.518],[2.939,48.501],[2.913,48.491],[2.894,48.513],[2.88,48.529],[2.913,48.551],[2.94,48.566]]]}},{"type":"Feature","properties":{"code":"77192","nom":"Fontenay-Trésigny","pop":5994},"geometry":{"type":"Polygon","coordinates":[[[2.847,48.725],[2.905,48.709],[2.915,48.702],[2.897,48.681],[2.815,48.683],[2.847,48.725]]]}},{"type":"Feature","properties":{"code":"77193","nom":"Forfry","pop":238},"geometry":{"type":"Polygon","coordinates":[[[2.882,49.052],[2.863,49.047],[2.834,49.045],[2.822,49.054],[2.857,49.063],[2.882,49.052]]]}},{"type":"Feature","properties":{"code":"77194","nom":"Forges","pop":443},"geometry":{"type":"Polygon","coordinates":[[[2.925,48.433],[2.927,48.435],[2.965,48.436],[2.969,48.422],[2.972,48.406],[2.937,48.397],[2.925,48.433]]]}},{"type":"Feature","properties":{"code":"77195","nom":"Fouju","pop":655},"geometry":{"type":"Polygon","coordinates":[[[2.786,48.582],[2.762,48.575],[2.735,48.581],[2.769,48.603],[2.789,48.602],[2.786,48.582]]]}},{"type":"Feature","properties":{"code":"77196","nom":"Fresnes-sur-Marne","pop":948},"geometry":{"type":"Polygon","coordinates":[[[2.751,48.923],[2.742,48.923],[2.711,48.942],[2.724,48.958],[2.761,48.953],[2.762,48.95],[2.751,48.923]]]}},{"type":"Feature","properties":{"code":"77197","nom":"Frétoy","pop":173},"geometry":{"type":"Polygon","coordinates":[[[3.219,48.693],[3.213,48.692],[3.182,48.699],[3.192,48.716],[3.217,48.72],[3.219,48.693]]]}},{"type":"Feature","properties":{"code":"77198","nom":"Fromont","pop":230},"geometry":{"type":"Polygon","coordinates":[[[2.484,48.239],[2.469,48.255],[2.477,48.258],[2.52,48.271],[2.54,48.266],[2.534,48.251],[2.506,48.239],[2.484,48.239]]]}},{"type":"Feature","properties":{"code":"77199","nom":"Fublaines","pop":1370},"geometry":{"type":"Polygon","coordinates":[[[2.924,48.93],[2.917,48.94],[2.935,48.95],[2.969,48.941],[2.958,48.933],[2.939,48.927],[2.924,48.93]]]}},{"type":"Feature","properties":{"code":"77200","nom":"Garentreville","pop":123},"geometry":{"type":"Polygon","coordinates":[[[2.573,48.244],[2.587,48.232],[2.585,48.226],[2.542,48.223],[2.547,48.243],[2.573,48.244]]]}},{"type":"Feature","properties":{"code":"77201","nom":"Gastins","pop":741},"geometry":{"type":"Polygon","coordinates":[[[3.017,48.646],[3.025,48.646],[3.058,48.629],[3.036,48.608],[2.994,48.608],[2.986,48.625],[2.99,48.634],[3.017,48.646]]]}},{"type":"Feature","properties":{"code":"77202","nom":"La Genevraye","pop":840},"geometry":{"type":"Polygon","coordinates":[[[2.724,48.322],[2.731,48.323],[2.765,48.338],[2.773,48.321],[2.777,48.304],[2.742,48.295],[2.719,48.314],[2.724,48.322]]]}},{"type":"Feature","properties":{"code":"77203","nom":"Germigny-l'Évêque","pop":1352},"geometry":{"type":"Polygon","coordinates":[[[2.94,48.974],[2.921,48.989],[2.948,49.012],[2.986,48.992],[2.989,48.983],[2.994,48.965],[2.94,48.974]]]}},{"type":"Feature","properties":{"code":"77204","nom":"Germigny-sous-Coulombs","pop":201},"geometry":{"type":"Polygon","coordinates":[[[3.182,49.062],[3.158,49.047],[3.159,49.08],[3.182,49.062]]]}},{"type":"Feature","properties":{"code":"77205","nom":"Gesvres-le-Chapitre","pop":145},"geometry":{"type":"Polygon","coordinates":[[[2.863,49.047],[2.854,49.031],[2.855,49.03],[2.825,49.027],[2.834,49.045],[2.863,49.047]]]}},{"type":"Feature","properties":{"code":"77206","nom":"Giremoutiers","pop":188},"geometry":{"type":"Polygon","coordinates":[[[3.04,48.872],[3.042,48.871],[3.056,48.865],[3.051,48.853],[3.018,48.841],[3.004,48.846],[3.032,48.858],[3.04,48.872]]]}},{"type":"Feature","properties":{"code":"77207","nom":"Gironville","pop":166},"geometry":{"type":"Polygon","coordinates":[[[2.571,48.141],[2.537,48.14],[2.506,48.157],[2.52,48.194],[2.555,48.167],[2.571,48.141]]]}},{"type":"Feature","properties":{"code":"77208","nom":"Gouaix","pop":1299},"geometry":{"type":"Polygon","coordinates":[[[3.307,48.453],[3.298,48.45],[3.29,48.452],[3.273,48.475],[3.28,48.496],[3.312,48.493],[3.321,48.467],[3.307,48.453]]]}},{"type":"Feature","properties":{"code":"77209","nom":"Gouvernes","pop":1177},"geometry":{"type":"Polygon","coordinates":[[[2.71,48.865],[2.71,48.854],[2.697,48.854],[2.683,48.849],[2.697,48.866],[2.71,48.865]]]}},{"type":"Feature","properties":{"code":"77210","nom":"La Grande-Paroisse","pop":2893},"geometry":{"type":"Polygon","coordinates":[[[2.901,48.361],[2.878,48.355],[2.846,48.379],[2.878,48.389],[2.895,48.426],[2.925,48.433],[2.937,48.397],[2.936,48.388],[2.901,48.361]]]}},{"type":"Feature","properties":{"code":"77211","nom":"Grandpuits-Bailly-Carrois","pop":1009},"geometry":{"type":"Polygon","coordinates":[[[2.971,48.558],[2.94,48.566],[2.92,48.583],[2.952,48.595],[2.987,48.602],[3.035,48.593],[3.035,48.585],[2.971,48.558]]]}},{"type":"Feature","properties":{"code":"77212","nom":"Gravon","pop":156},"geometry":{"type":"Polygon","coordinates":[[[3.106,48.398],[3.127,48.409],[3.14,48.373],[3.122,48.369],[3.117,48.375],[3.106,48.398]]]}},{"type":"Feature","properties":{"code":"77214","nom":"Gressy","pop":807},"geometry":{"type":"Polygon","coordinates":[[[2.672,48.976],[2.675,48.957],[2.654,48.956],[2.661,48.975],[2.672,48.976]]]}},{"type":"Feature","properties":{"code":"77215","nom":"Gretz-Armainvilliers","pop":8825},"geometry":{"type":"Polygon","coordinates":[[[2.703,48.729],[2.704,48.749],[2.714,48.775],[2.73,48.78],[2.742,48.766],[2.755,48.729],[2.703,48.729]]]}},{"type":"Feature","properties":{"code":"77216","nom":"Grez-sur-Loing","pop":1432},"geometry":{"type":"Polygon","coordinates":[[[2.671,48.329],[2.674,48.331],[2.724,48.322],[2.719,48.314],[2.693,48.291],[2.644,48.284],[2.647,48.298],[2.671,48.329]]]}},{"type":"Feature","properties":{"code":"77217","nom":"Grisy-Suisnes","pop":2948},"geometry":{"type":"Polygon","coordinates":[[[2.678,48.652],[2.654,48.67],[2.64,48.694],[2.695,48.706],[2.716,48.695],[2.682,48.674],[2.691,48.663],[2.678,48.652]]]}},{"type":"Feature","properties":{"code":"77218","nom":"Grisy-sur-Seine","pop":123},"geometry":{"type":"Polygon","coordinates":[[[3.351,48.438],[3.321,48.429],[3.296,48.429],[3.298,48.45],[3.307,48.453],[3.351,48.438]]]}},{"type":"Feature","properties":{"code":"77219","nom":"Guérard","pop":2688},"geometry":{"type":"Polygon","coordinates":[[[2.988,48.836],[2.983,48.824],[2.962,48.811],[2.955,48.783],[2.936,48.781],[2.93,48.803],[2.918,48.825],[2.918,48.835],[2.973,48.846],[2.988,48.836]]]}},{"type":"Feature","properties":{"code":"77220","nom":"Guercheville","pop":268},"geometry":{"type":"Polygon","coordinates":[[[2.576,48.255],[2.573,48.244],[2.547,48.243],[2.534,48.251],[2.54,48.266],[2.554,48.281],[2.576,48.255]]]}},{"type":"Feature","properties":{"code":"77221","nom":"Guermantes","pop":1153},"geometry":{"type":"Polygon","coordinates":[[[2.731,48.852],[2.699,48.849],[2.697,48.854],[2.71,48.854],[2.731,48.852]]]}},{"type":"Feature","properties":{"code":"77222","nom":"Guignes","pop":4448},"geometry":{"type":"Polygon","coordinates":[[[2.805,48.652],[2.805,48.642],[2.818,48.627],[2.79,48.622],[2.805,48.652]]]}},{"type":"Feature","properties":{"code":"77223","nom":"Gurcy-le-Châtel","pop":559},"geometry":{"type":"Polygon","coordinates":[[[3.102,48.463],[3.097,48.461],[3.063,48.483],[3.058,48.514],[3.089,48.505],[3.109,48.479],[3.102,48.463]]]}},{"type":"Feature","properties":{"code":"77224","nom":"Hautefeuille","pop":253},"geometry":{"type":"Polygon","coordinates":[[[2.955,48.783],[2.982,48.775],[2.993,48.765],[2.968,48.749],[2.941,48.76],[2.936,48.781],[2.955,48.783]]]}},{"type":"Feature","properties":{"code":"77225","nom":"La Haute-Maison","pop":352},"geometry":{"type":"Polygon","coordinates":[[[3,48.9],[3.037,48.887],[3.04,48.872],[3.032,48.858],[3.001,48.878],[2.977,48.876],[2.977,48.891],[2.976,48.905],[3,48.9]]]}},{"type":"Feature","properties":{"code":"77226","nom":"Héricy","pop":2507},"geometry":{"type":"Polygon","coordinates":[[[2.821,48.426],[2.806,48.427],[2.751,48.445],[2.771,48.462],[2.785,48.457],[2.816,48.449],[2.821,48.426]]]}},{"type":"Feature","properties":{"code":"77227","nom":"Hermé","pop":647},"geometry":{"type":"Polygon","coordinates":[[[3.321,48.467],[3.312,48.493],[3.339,48.507],[3.359,48.511],[3.383,48.479],[3.359,48.468],[3.321,48.467]]]}},{"type":"Feature","properties":{"code":"77228","nom":"Hondevilliers","pop":256},"geometry":{"type":"Polygon","coordinates":[[[3.294,48.9],[3.313,48.921],[3.33,48.909],[3.326,48.9],[3.318,48.893],[3.294,48.9]]]}},{"type":"Feature","properties":{"code":"77229","nom":"La Houssaye-en-Brie","pop":1731},"geometry":{"type":"Polygon","coordinates":[[[2.849,48.756],[2.858,48.782],[2.893,48.77],[2.889,48.741],[2.857,48.734],[2.849,48.756]]]}},{"type":"Feature","properties":{"code":"77230","nom":"Ichy","pop":157},"geometry":{"type":"Polygon","coordinates":[[[2.565,48.2],[2.569,48.193],[2.523,48.198],[2.518,48.214],[2.541,48.222],[2.565,48.2]]]}},{"type":"Feature","properties":{"code":"77231","nom":"Isles-les-Meldeuses","pop":760},"geometry":{"type":"Polygon","coordinates":[[[2.989,48.983],[2.986,48.992],[3.013,49.014],[3.035,49.007],[3.036,48.995],[2.989,48.983]]]}},{"type":"Feature","properties":{"code":"77232","nom":"Isles-lès-Villenoy","pop":1129},"geometry":{"type":"Polygon","coordinates":[[[2.807,48.915],[2.806,48.917],[2.83,48.934],[2.851,48.924],[2.847,48.907],[2.824,48.904],[2.807,48.915]]]}},{"type":"Feature","properties":{"code":"77233","nom":"Iverny","pop":618},"geometry":{"type":"Polygon","coordinates":[[[2.785,49.005],[2.807,48.994],[2.796,48.99],[2.781,48.996],[2.785,49.005]]]}},{"type":"Feature","properties":{"code":"77234","nom":"Jablines","pop":647},"geometry":{"type":"Polygon","coordinates":[[[2.742,48.923],[2.751,48.923],[2.787,48.928],[2.791,48.929],[2.775,48.91],[2.761,48.904],[2.727,48.903],[2.742,48.923]]]}},{"type":"Feature","properties":{"code":"77235","nom":"Jaignes","pop":322},"geometry":{"type":"Polygon","coordinates":[[[3.027,48.974],[3.041,48.995],[3.128,48.997],[3.115,48.988],[3.059,48.976],[3.027,48.974]]]}},{"type":"Feature","properties":{"code":"77236","nom":"Jaulnes","pop":344},"geometry":{"type":"Polygon","coordinates":[[[3.261,48.403],[3.254,48.409],[3.262,48.424],[3.276,48.446],[3.29,48.452],[3.298,48.45],[3.296,48.429],[3.283,48.382],[3.272,48.379],[3.261,48.403]]]}},{"type":"Feature","properties":{"code":"77237","nom":"Jossigny","pop":650},"geometry":{"type":"Polygon","coordinates":[[[2.752,48.851],[2.774,48.851],[2.785,48.828],[2.777,48.809],[2.751,48.814],[2.743,48.847],[2.752,48.851]]]}},{"type":"Feature","properties":{"code":"77238","nom":"Jouarre","pop":4221},"geometry":{"type":"Polygon","coordinates":[[[3.184,48.945],[3.189,48.942],[3.156,48.923],[3.14,48.886],[3.125,48.869],[3.11,48.863],[3.056,48.865],[3.042,48.871],[3.069,48.895],[3.091,48.927],[3.094,48.931],[3.117,48.936],[3.167,48.947],[3.184,48.945]]]}},{"type":"Feature","properties":{"code":"77239","nom":"Jouy-le-Châtel","pop":1630},"geometry":{"type":"Polygon","coordinates":[[[3.123,48.626],[3.102,48.624],[3.104,48.667],[3.105,48.693],[3.127,48.705],[3.136,48.708],[3.157,48.7],[3.177,48.655],[3.16,48.636],[3.123,48.626]]]}},{"type":"Feature","properties":{"code":"77240","nom":"Jouy-sur-Morin","pop":2230},"geometry":{"type":"Polygon","coordinates":[[[3.279,48.766],[3.246,48.77],[3.243,48.787],[3.262,48.821],[3.281,48.826],[3.291,48.824],[3.304,48.818],[3.279,48.766]]]}},{"type":"Feature","properties":{"code":"77241","nom":"Juilly","pop":2036},"geometry":{"type":"Polygon","coordinates":[[[2.721,49.035],[2.713,49.008],[2.683,49.012],[2.683,49.024],[2.721,49.035]]]}},{"type":"Feature","properties":{"code":"77242","nom":"Jutigny","pop":547},"geometry":{"type":"Polygon","coordinates":[[[3.219,48.485],[3.208,48.493],[3.22,48.503],[3.243,48.506],[3.235,48.479],[3.219,48.485]]]}},{"type":"Feature","properties":{"code":"77243","nom":"Lagny-sur-Marne","pop":21461},"geometry":{"type":"Polygon","coordinates":[[[2.71,48.865],[2.697,48.866],[2.674,48.877],[2.704,48.881],[2.728,48.883],[2.735,48.883],[2.73,48.869],[2.727,48.86],[2.71,48.865]]]}},{"type":"Feature","properties":{"code":"77244","nom":"Larchant","pop":730},"geometry":{"type":"Polygon","coordinates":[[[2.576,48.255],[2.554,48.281],[2.556,48.297],[2.615,48.318],[2.612,48.3],[2.647,48.298],[2.644,48.284],[2.63,48.26],[2.576,48.255]]]}},{"type":"Feature","properties":{"code":"77245","nom":"Laval-en-Brie","pop":412},"geometry":{"type":"Polygon","coordinates":[[[2.969,48.422],[2.965,48.436],[2.964,48.462],[2.937,48.489],[2.974,48.486],[2.996,48.454],[3.005,48.417],[2.969,48.422]]]}},{"type":"Feature","properties":{"code":"77246","nom":"Léchelle","pop":572},"geometry":{"type":"Polygon","coordinates":[[[3.423,48.57],[3.411,48.543],[3.375,48.56],[3.359,48.556],[3.357,48.592],[3.375,48.604],[3.42,48.581],[3.423,48.57]]]}},{"type":"Feature","properties":{"code":"77247","nom":"Lescherolles","pop":464},"geometry":{"type":"Polygon","coordinates":[[[3.369,48.743],[3.365,48.743],[3.323,48.758],[3.354,48.786],[3.353,48.768],[3.374,48.743],[3.369,48.743]]]}},{"type":"Feature","properties":{"code":"77248","nom":"Lesches","pop":763},"geometry":{"type":"Polygon","coordinates":[[[2.806,48.917],[2.807,48.915],[2.801,48.908],[2.775,48.902],[2.775,48.91],[2.791,48.929],[2.803,48.933],[2.806,48.917]]]}},{"type":"Feature","properties":{"code":"77249","nom":"Lésigny","pop":6923},"geometry":{"type":"Polygon","coordinates":[[[2.597,48.761],[2.615,48.761],[2.641,48.769],[2.645,48.755],[2.609,48.728],[2.595,48.732],[2.597,48.761]]]}},{"type":"Feature","properties":{"code":"77250","nom":"Leudon-en-Brie","pop":168},"geometry":{"type":"Polygon","coordinates":[[[3.235,48.739],[3.242,48.738],[3.28,48.739],[3.291,48.729],[3.274,48.714],[3.235,48.733],[3.235,48.739]]]}},{"type":"Feature","properties":{"code":"77251","nom":"Lieusaint","pop":14017},"geometry":{"type":"Polygon","coordinates":[[[2.573,48.644],[2.582,48.606],[2.542,48.609],[2.521,48.632],[2.548,48.65],[2.573,48.644]]]}},{"type":"Feature","properties":{"code":"77252","nom":"Limoges-Fourches","pop":625},"geometry":{"type":"Polygon","coordinates":[[[2.685,48.611],[2.663,48.615],[2.637,48.624],[2.68,48.64],[2.695,48.636],[2.685,48.611]]]}},{"type":"Feature","properties":{"code":"77253","nom":"Lissy","pop":352},"geometry":{"type":"Polygon","coordinates":[[[2.72,48.628],[2.715,48.61],[2.701,48.601],[2.685,48.611],[2.695,48.636],[2.72,48.628]]]}},{"type":"Feature","properties":{"code":"77254","nom":"Liverdy-en-Brie","pop":1410},"geometry":{"type":"Polygon","coordinates":[[[2.773,48.68],[2.757,48.691],[2.784,48.715],[2.8,48.685],[2.773,48.68]]]}},{"type":"Feature","properties":{"code":"77255","nom":"Livry-sur-Seine","pop":2226},"geometry":{"type":"Polygon","coordinates":[[[2.709,48.508],[2.673,48.491],[2.67,48.513],[2.709,48.508]]]}},{"type":"Feature","properties":{"code":"77256","nom":"Lizines","pop":174},"geometry":{"type":"Polygon","coordinates":[[[3.195,48.526],[3.185,48.52],[3.135,48.525],[3.138,48.538],[3.187,48.535],[3.195,48.526]]]}},{"type":"Feature","properties":{"code":"77257","nom":"Lizy-sur-Ourcq","pop":3627},"geometry":{"type":"Polygon","coordinates":[[[3.013,49.014],[2.984,49.032],[3.006,49.054],[3.038,49.046],[3.034,49.022],[3.013,49.014]]]}},{"type":"Feature","properties":{"code":"77258","nom":"Lognes","pop":15074},"geometry":{"type":"Polygon","coordinates":[[[2.658,48.832],[2.627,48.82],[2.616,48.826],[2.638,48.845],[2.658,48.832]]]}},{"type":"Feature","properties":{"code":"77259","nom":"Longperrier","pop":3152},"geometry":{"type":"Polygon","coordinates":[[[2.644,49.063],[2.646,49.065],[2.658,49.037],[2.643,49.044],[2.644,49.063]]]}},{"type":"Feature","properties":{"code":"77260","nom":"Longueville","pop":1804},"geometry":{"type":"Polygon","coordinates":[[[3.265,48.514],[3.259,48.51],[3.243,48.506],[3.22,48.503],[3.222,48.523],[3.242,48.524],[3.265,48.514]]]}},{"type":"Feature","properties":{"code":"77261","nom":"Lorrez-le-Bocage-Préaux","pop":1274},"geometry":{"type":"Polygon","coordinates":[[[2.862,48.217],[2.856,48.221],[2.884,48.253],[2.92,48.274],[2.929,48.271],[2.921,48.235],[2.922,48.224],[2.891,48.215],[2.863,48.215],[2.862,48.217]]]}},{"type":"Feature","properties":{"code":"77262","nom":"Louan-Villegruis-Fontaine","pop":491},"geometry":{"type":"Polygon","coordinates":[[[3.516,48.59],[3.485,48.58],[3.469,48.573],[3.438,48.609],[3.447,48.628],[3.452,48.634],[3.489,48.647],[3.534,48.647],[3.556,48.62],[3.503,48.605],[3.516,48.59]]]}},{"type":"Feature","properties":{"code":"77263","nom":"Luisetaines","pop":229},"geometry":{"type":"Polygon","coordinates":[[[3.201,48.46],[3.199,48.455],[3.187,48.445],[3.167,48.468],[3.195,48.475],[3.201,48.46]]]}},{"type":"Feature","properties":{"code":"77264","nom":"Lumigny-Nesles-Ormeaux","pop":1468},"geometry":{"type":"Polygon","coordinates":[[[2.937,48.756],[2.941,48.76],[2.968,48.749],[2.966,48.732],[2.999,48.728],[3.009,48.712],[2.977,48.69],[2.947,48.687],[2.915,48.702],[2.905,48.709],[2.924,48.723],[2.912,48.741],[2.937,48.756]]]}},{"type":"Feature","properties":{"code":"77265","nom":"Luzancy","pop":1036},"geometry":{"type":"Polygon","coordinates":[[[3.174,48.991],[3.195,48.989],[3.186,48.956],[3.184,48.955],[3.161,48.967],[3.174,48.991]]]}},{"type":"Feature","properties":{"code":"77266","nom":"Machault","pop":815},"geometry":{"type":"Polygon","coordinates":[[[2.832,48.425],[2.821,48.426],[2.816,48.449],[2.826,48.478],[2.832,48.483],[2.86,48.45],[2.884,48.433],[2.832,48.425]]]}},{"type":"Feature","properties":{"code":"77267","nom":"La Madeleine-sur-Loing","pop":347},"geometry":{"type":"Polygon","coordinates":[[[2.717,48.198],[2.689,48.184],[2.684,48.223],[2.712,48.218],[2.717,48.198]]]}},{"type":"Feature","properties":{"code":"77268","nom":"Magny-le-Hongre","pop":9060},"geometry":{"type":"Polygon","coordinates":[[[2.836,48.861],[2.798,48.856],[2.8,48.863],[2.804,48.877],[2.829,48.878],[2.836,48.861]]]}},{"type":"Feature","properties":{"code":"77269","nom":"Maincy","pop":1828},"geometry":{"type":"Polygon","coordinates":[[[2.71,48.573],[2.728,48.547],[2.713,48.535],[2.682,48.542],[2.68,48.552],[2.696,48.569],[2.71,48.573]]]}},{"type":"Feature","properties":{"code":"77270","nom":"Maisoncelles-en-Brie","pop":977},"geometry":{"type":"Polygon","coordinates":[[[2.96,48.862],[2.977,48.876],[3.001,48.878],[3.032,48.858],[3.004,48.846],[2.988,48.836],[2.973,48.846],[2.96,48.862]]]}},{"type":"Feature","properties":{"code":"77271","nom":"Maisoncelles-en-Gâtinais","pop":141},"geometry":{"type":"Polygon","coordinates":[[[2.622,48.167],[2.596,48.171],[2.609,48.196],[2.631,48.201],[2.649,48.186],[2.622,48.167]]]}},{"type":"Feature","properties":{"code":"77272","nom":"Maison-Rouge","pop":880},"geometry":{"type":"Polygon","coordinates":[[[3.138,48.538],[3.133,48.543],[3.12,48.573],[3.125,48.576],[3.168,48.577],[3.166,48.573],[3.159,48.559],[3.184,48.542],[3.187,48.535],[3.138,48.538]]]}},{"type":"Feature","properties":{"code":"77273","nom":"Marchémoret","pop":659},"geometry":{"type":"Polygon","coordinates":[[[2.719,49.048],[2.715,49.054],[2.735,49.061],[2.761,49.063],[2.78,49.06],[2.787,49.048],[2.761,49.043],[2.719,49.048]]]}},{"type":"Feature","properties":{"code":"77274","nom":"Marcilly","pop":489},"geometry":{"type":"Polygon","coordinates":[[[2.854,49.031],[2.863,49.047],[2.882,49.052],[2.898,49.044],[2.903,49.04],[2.898,49.024],[2.854,49.031]]]}},{"type":"Feature","properties":{"code":"77275","nom":"Les Marêts","pop":152},"geometry":{"type":"Polygon","coordinates":[[[3.301,48.683],[3.321,48.687],[3.323,48.657],[3.312,48.654],[3.301,48.683]]]}},{"type":"Feature","properties":{"code":"77276","nom":"Mareuil-lès-Meaux","pop":3345},"geometry":{"type":"Polygon","coordinates":[[[2.85,48.907],[2.847,48.907],[2.851,48.924],[2.872,48.944],[2.879,48.943],[2.907,48.914],[2.896,48.91],[2.85,48.907]]]}},{"type":"Feature","properties":{"code":"77277","nom":"Marles-en-Brie","pop":1898},"geometry":{"type":"Polygon","coordinates":[[[2.849,48.73],[2.857,48.734],[2.889,48.741],[2.912,48.741],[2.924,48.723],[2.905,48.709],[2.847,48.725],[2.849,48.73]]]}},{"type":"Feature","properties":{"code":"77278","nom":"Marolles-en-Brie","pop":412},"geometry":{"type":"Polygon","coordinates":[[[3.15,48.763],[3.163,48.788],[3.178,48.788],[3.192,48.773],[3.164,48.757],[3.161,48.755],[3.15,48.763]]]}},{"type":"Feature","properties":{"code":"77279","nom":"Marolles-sur-Seine","pop":1774},"geometry":{"type":"Polygon","coordinates":[[[3.024,48.359],[3.014,48.363],[2.985,48.379],[2.993,48.396],[3.011,48.398],[3.076,48.397],[3.075,48.376],[3.073,48.369],[3.039,48.374],[3.024,48.359]]]}},{"type":"Feature","properties":{"code":"77280","nom":"Mary-sur-Marne","pop":1155},"geometry":{"type":"Polygon","coordinates":[[[3.013,49.014],[3.013,49.014],[3.034,49.022],[3.053,49.017],[3.035,49.007],[3.013,49.014]]]}},{"type":"Feature","properties":{"code":"77281","nom":"Mauperthuis","pop":495},"geometry":{"type":"Polygon","coordinates":[[[3.039,48.782],[3.049,48.776],[3.029,48.762],[3.039,48.782]]]}},{"type":"Feature","properties":{"code":"77282","nom":"Mauregard","pop":341},"geometry":{"type":"Polygon","coordinates":[[[2.553,49.01],[2.535,49.024],[2.569,49.04],[2.595,49.047],[2.601,49.048],[2.601,49.035],[2.566,49.012],[2.553,49.01]]]}},{"type":"Feature","properties":{"code":"77283","nom":"May-en-Multien","pop":877},"geometry":{"type":"Polygon","coordinates":[[[3.004,49.089],[3.034,49.089],[3.066,49.085],[3.059,49.061],[3.038,49.046],[3.006,49.054],[2.988,49.072],[3.004,49.089]]]}},{"type":"Feature","properties":{"code":"77284","nom":"Meaux","pop":56905},"geometry":{"type":"Polygon","coordinates":[[[2.872,48.944],[2.863,48.955],[2.869,48.962],[2.891,48.979],[2.903,48.975],[2.944,48.958],[2.935,48.95],[2.917,48.94],[2.879,48.943],[2.872,48.944]]]}},{"type":"Feature","properties":{"code":"77285","nom":"Le Mée-sur-Seine","pop":19527},"geometry":{"type":"Polygon","coordinates":[[[2.611,48.537],[2.629,48.553],[2.644,48.535],[2.632,48.528],[2.609,48.531],[2.611,48.537]]]}},{"type":"Feature","properties":{"code":"77286","nom":"Meigneux","pop":236},"geometry":{"type":"Polygon","coordinates":[[[3.058,48.514],[3.059,48.518],[3.089,48.516],[3.108,48.529],[3.122,48.516],[3.118,48.506],[3.111,48.498],[3.089,48.505],[3.058,48.514]]]}},{"type":"Feature","properties":{"code":"77287","nom":"Meilleray","pop":504},"geometry":{"type":"Polygon","coordinates":[[[3.389,48.816],[3.416,48.818],[3.411,48.804],[3.443,48.788],[3.409,48.784],[3.389,48.811],[3.389,48.816]]]}},{"type":"Feature","properties":{"code":"77288","nom":"Melun","pop":45995},"geometry":{"type":"Polygon","coordinates":[[[2.653,48.56],[2.667,48.559],[2.68,48.552],[2.682,48.542],[2.67,48.527],[2.653,48.524],[2.644,48.535],[2.629,48.553],[2.653,48.56]]]}},{"type":"Feature","properties":{"code":"77289","nom":"Melz-sur-Seine","pop":345},"geometry":{"type":"Polygon","coordinates":[[[3.404,48.486],[3.384,48.478],[3.383,48.479],[3.359,48.511],[3.405,48.528],[3.435,48.49],[3.404,48.486]]]}},{"type":"Feature","properties":{"code":"77290","nom":"Méry-sur-Marne","pop":679},"geometry":{"type":"Polygon","coordinates":[[[3.21,48.972],[3.186,48.956],[3.195,48.989],[3.209,48.994],[3.225,48.988],[3.21,48.972]]]}},{"type":"Feature","properties":{"code":"77291","nom":"Le Mesnil-Amelot","pop":992},"geometry":{"type":"Polygon","coordinates":[[[2.627,49.012],[2.624,49.007],[2.576,49],[2.566,49.012],[2.601,49.035],[2.611,49.031],[2.627,49.012]]]}},{"type":"Feature","properties":{"code":"77292","nom":"Messy","pop":1219},"geometry":{"type":"Polygon","coordinates":[[[2.672,48.976],[2.674,48.977],[2.734,48.976],[2.723,48.96],[2.675,48.957],[2.672,48.976]]]}},{"type":"Feature","properties":{"code":"77293","nom":"Misy-sur-Yonne","pop":834},"geometry":{"type":"Polygon","coordinates":[[[3.103,48.349],[3.1,48.352],[3.066,48.358],[3.073,48.369],[3.075,48.376],[3.117,48.375],[3.122,48.369],[3.103,48.349]]]}},{"type":"Feature","properties":{"code":"77294","nom":"Mitry-Mory","pop":20456},"geometry":{"type":"Polygon","coordinates":[[[2.576,49],[2.624,49.007],[2.661,48.975],[2.654,48.956],[2.644,48.954],[2.591,48.95],[2.576,49]]]}},{"type":"Feature","properties":{"code":"77295","nom":"Moisenay","pop":1362},"geometry":{"type":"Polygon","coordinates":[[[2.71,48.573],[2.723,48.578],[2.735,48.581],[2.762,48.575],[2.766,48.554],[2.728,48.547],[2.71,48.573]]]}},{"type":"Feature","properties":{"code":"77296","nom":"Moissy-Cramayel","pop":18511},"geometry":{"type":"Polygon","coordinates":[[[2.586,48.602],[2.582,48.606],[2.573,48.644],[2.608,48.646],[2.629,48.625],[2.596,48.617],[2.586,48.602]]]}},{"type":"Feature","properties":{"code":"77297","nom":"Mondreville","pop":334},"geometry":{"type":"Polygon","coordinates":[[[2.571,48.141],[2.555,48.167],[2.596,48.171],[2.622,48.167],[2.65,48.144],[2.639,48.139],[2.603,48.132],[2.571,48.141]]]}},{"type":"Feature","properties":{"code":"77298","nom":"Mons-en-Montois","pop":454},"geometry":{"type":"Polygon","coordinates":[[[3.156,48.478],[3.152,48.478],[3.111,48.498],[3.118,48.506],[3.162,48.498],[3.156,48.478]]]}},{"type":"Feature","properties":{"code":"77300","nom":"Montceaux-lès-Meaux","pop":669},"geometry":{"type":"Polygon","coordinates":[[[2.997,48.959],[2.999,48.959],[2.997,48.93],[2.971,48.942],[2.997,48.959]]]}},{"type":"Feature","properties":{"code":"77301","nom":"Montceaux-lès-Provins","pop":320},"geometry":{"type":"Polygon","coordinates":[[[3.415,48.682],[3.419,48.708],[3.467,48.723],[3.478,48.698],[3.443,48.672],[3.415,48.682]]]}},{"type":"Feature","properties":{"code":"77302","nom":"Montcourt-Fromonville","pop":1891},"geometry":{"type":"Polygon","coordinates":[[[2.742,48.295],[2.738,48.294],[2.72,48.282],[2.692,48.29],[2.693,48.291],[2.719,48.314],[2.742,48.295]]]}},{"type":"Feature","properties":{"code":"77303","nom":"Montdauphin","pop":235},"geometry":{"type":"Polygon","coordinates":[[[3.4,48.866],[3.452,48.856],[3.446,48.843],[3.397,48.84],[3.4,48.866]]]}},{"type":"Feature","properties":{"code":"77304","nom":"Montenils","pop":34},"geometry":{"type":"Polygon","coordinates":[[[3.463,48.837],[3.485,48.852],[3.487,48.815],[3.481,48.812],[3.475,48.819],[3.463,48.837]]]}},{"type":"Feature","properties":{"code":"77305","nom":"Montereau-Fault-Yonne","pop":22279},"geometry":{"type":"Polygon","coordinates":[[[2.937,48.397],[2.972,48.406],[2.993,48.396],[2.985,48.379],[2.966,48.371],[2.936,48.388],[2.937,48.397]]]}},{"type":"Feature","properties":{"code":"77306","nom":"Montereau-sur-le-Jard","pop":499},"geometry":{"type":"Polygon","coordinates":[[[2.685,48.611],[2.701,48.601],[2.683,48.579],[2.674,48.579],[2.655,48.58],[2.645,48.593],[2.663,48.615],[2.685,48.611]]]}},{"type":"Feature","properties":{"code":"77307","nom":"Montévrain","pop":15687},"geometry":{"type":"Polygon","coordinates":[[[2.748,48.884],[2.772,48.854],[2.774,48.851],[2.752,48.851],[2.73,48.869],[2.735,48.883],[2.748,48.884]]]}},{"type":"Feature","properties":{"code":"77308","nom":"Montgé-en-Goële","pop":717},"geometry":{"type":"Polygon","coordinates":[[[2.713,49.008],[2.721,49.035],[2.719,49.048],[2.761,49.043],[2.772,49.028],[2.762,49.013],[2.755,49.011],[2.721,49.008],[2.713,49.008]]]}},{"type":"Feature","properties":{"code":"77309","nom":"Monthyon","pop":1756},"geometry":{"type":"Polygon","coordinates":[[[2.838,48.995],[2.81,48.992],[2.806,49.015],[2.825,49.027],[2.855,49.03],[2.857,49.005],[2.838,48.995]]]}},{"type":"Feature","properties":{"code":"77310","nom":"Montigny-le-Guesdier","pop":295},"geometry":{"type":"Polygon","coordinates":[[[3.261,48.403],[3.272,48.379],[3.251,48.365],[3.226,48.37],[3.261,48.403]]]}},{"type":"Feature","properties":{"code":"77311","nom":"Montigny-Lencoup","pop":1358},"geometry":{"type":"Polygon","coordinates":[[[3.063,48.483],[3.097,48.461],[3.089,48.442],[3.068,48.43],[3.044,48.432],[3.014,48.46],[3.02,48.471],[3.063,48.483]]]}},{"type":"Feature","properties":{"code":"77312","nom":"Montigny-sur-Loing","pop":2669},"geometry":{"type":"Polygon","coordinates":[[[2.72,48.353],[2.794,48.348],[2.765,48.338],[2.731,48.323],[2.72,48.353]]]}},{"type":"Feature","properties":{"code":"77313","nom":"Montmachoux","pop":213},"geometry":{"type":"Polygon","coordinates":[[[2.988,48.315],[2.971,48.313],[3.005,48.332],[3.008,48.309],[2.988,48.315]]]}},{"type":"Feature","properties":{"code":"77314","nom":"Montolivet","pop":257},"geometry":{"type":"Polygon","coordinates":[[[3.416,48.818],[3.389,48.816],[3.391,48.838],[3.397,48.84],[3.446,48.843],[3.463,48.837],[3.475,48.819],[3.441,48.811],[3.416,48.818]]]}},{"type":"Feature","properties":{"code":"77315","nom":"Montry","pop":3945},"geometry":{"type":"Polygon","coordinates":[[[2.804,48.877],[2.812,48.888],[2.824,48.896],[2.84,48.889],[2.842,48.889],[2.829,48.878],[2.804,48.877]]]}},{"type":"Feature","properties":{"code":"77316","nom":"Moret-Loing-et-Orvanne","pop":12810},"geometry":{"type":"Polygon","coordinates":[[[2.808,48.321],[2.773,48.321],[2.765,48.338],[2.794,48.348],[2.801,48.366],[2.778,48.39],[2.79,48.391],[2.802,48.388],[2.839,48.386],[2.846,48.379],[2.878,48.355],[2.871,48.344],[2.816,48.332],[2.808,48.321]]]}},{"type":"Feature","properties":{"code":"77317","nom":"Mormant","pop":5282},"geometry":{"type":"Polygon","coordinates":[[[2.91,48.583],[2.909,48.57],[2.855,48.592],[2.853,48.595],[2.843,48.609],[2.87,48.622],[2.909,48.609],[2.91,48.583]]]}},{"type":"Feature","properties":{"code":"77318","nom":"Mortcerf","pop":1400},"geometry":{"type":"Polygon","coordinates":[[[2.941,48.76],[2.937,48.756],[2.893,48.77],[2.858,48.782],[2.857,48.789],[2.869,48.792],[2.93,48.803],[2.936,48.781],[2.941,48.76]]]}},{"type":"Feature","properties":{"code":"77319","nom":"Mortery","pop":137},"geometry":{"type":"Polygon","coordinates":[[[3.237,48.611],[3.276,48.605],[3.274,48.58],[3.248,48.569],[3.221,48.58],[3.237,48.611]]]}},{"type":"Feature","properties":{"code":"77320","nom":"Mouroux","pop":5810},"geometry":{"type":"Polygon","coordinates":[[[3.018,48.841],[3.051,48.853],[3.087,48.832],[3.072,48.828],[3.073,48.797],[3.059,48.799],[3.037,48.815],[3.018,48.841]]]}},{"type":"Feature","properties":{"code":"77321","nom":"Mousseaux-lès-Bray","pop":682},"geometry":{"type":"Polygon","coordinates":[[[3.226,48.37],[3.214,48.367],[3.215,48.421],[3.229,48.418],[3.254,48.409],[3.261,48.403],[3.226,48.37]]]}},{"type":"Feature","properties":{"code":"77322","nom":"Moussy-le-Neuf","pop":3253},"geometry":{"type":"Polygon","coordinates":[[[2.59,49.08],[2.61,49.095],[2.619,49.095],[2.635,49.064],[2.601,49.048],[2.595,49.047],[2.571,49.061],[2.59,49.08]]]}},{"type":"Feature","properties":{"code":"77323","nom":"Moussy-le-Vieux","pop":1469},"geometry":{"type":"Polygon","coordinates":[[[2.601,49.035],[2.601,49.048],[2.635,49.064],[2.644,49.063],[2.643,49.044],[2.611,49.031],[2.601,49.035]]]}},{"type":"Feature","properties":{"code":"77325","nom":"Mouy-sur-Seine","pop":353},"geometry":{"type":"Polygon","coordinates":[[[3.215,48.421],[3.211,48.427],[3.225,48.439],[3.253,48.446],[3.276,48.446],[3.262,48.424],[3.229,48.418],[3.215,48.421]]]}},{"type":"Feature","properties":{"code":"77326","nom":"Nandy","pop":6350},"geometry":{"type":"Polygon","coordinates":[[[2.531,48.574],[2.522,48.573],[2.518,48.583],[2.542,48.597],[2.574,48.58],[2.561,48.566],[2.548,48.569],[2.531,48.574]]]}},{"type":"Feature","properties":{"code":"77327","nom":"Nangis","pop":8867},"geometry":{"type":"Polygon","coordinates":[[[3.052,48.564],[3.037,48.533],[2.968,48.531],[2.964,48.531],[2.971,48.558],[3.035,48.585],[3.052,48.564]]]}},{"type":"Feature","properties":{"code":"77328","nom":"Nanteau-sur-Essonne","pop":414},"geometry":{"type":"Polygon","coordinates":[[[2.42,48.3],[2.403,48.321],[2.392,48.336],[2.434,48.334],[2.456,48.322],[2.459,48.314],[2.42,48.3]]]}},{"type":"Feature","properties":{"code":"77329","nom":"Nanteau-sur-Lunain","pop":702},"geometry":{"type":"Polygon","coordinates":[[[2.829,48.234],[2.809,48.24],[2.775,48.248],[2.794,48.266],[2.837,48.272],[2.837,48.252],[2.829,48.234]]]}},{"type":"Feature","properties":{"code":"77330","nom":"Nanteuil-lès-Meaux","pop":7308},"geometry":{"type":"Polygon","coordinates":[[[2.924,48.93],[2.907,48.914],[2.879,48.943],[2.917,48.94],[2.924,48.93]]]}},{"type":"Feature","properties":{"code":"77331","nom":"Nanteuil-sur-Marne","pop":406},"geometry":{"type":"Polygon","coordinates":[[[3.231,48.977],[3.23,48.977],[3.21,48.972],[3.225,48.988],[3.229,48.989],[3.231,48.977]]]}},{"type":"Feature","properties":{"code":"77332","nom":"Nantouillet","pop":302},"geometry":{"type":"Polygon","coordinates":[[[2.713,49.008],[2.721,49.008],[2.725,48.997],[2.692,48.987],[2.683,49.012],[2.713,49.008]]]}},{"type":"Feature","properties":{"code":"77333","nom":"Nemours","pop":12889},"geometry":{"type":"Polygon","coordinates":[[[2.707,48.242],[2.686,48.268],[2.692,48.287],[2.728,48.257],[2.709,48.24],[2.707,48.242]]]}},{"type":"Feature","properties":{"code":"77335","nom":"Chauconin-Neufmontiers","pop":3784},"geometry":{"type":"Polygon","coordinates":[[[2.807,48.994],[2.81,48.992],[2.838,48.995],[2.86,48.976],[2.869,48.962],[2.863,48.955],[2.826,48.945],[2.803,48.964],[2.796,48.99],[2.807,48.994]]]}},{"type":"Feature","properties":{"code":"77336","nom":"Neufmoutiers-en-Brie","pop":1338},"geometry":{"type":"Polygon","coordinates":[[[2.857,48.789],[2.858,48.782],[2.849,48.756],[2.812,48.748],[2.796,48.757],[2.813,48.774],[2.796,48.794],[2.815,48.798],[2.857,48.789]]]}},{"type":"Feature","properties":{"code":"77337","nom":"Noisiel","pop":16053},"geometry":{"type":"Polygon","coordinates":[[[2.6,48.866],[2.606,48.865],[2.63,48.857],[2.638,48.845],[2.616,48.826],[2.611,48.83],[2.6,48.866]]]}},{"type":"Feature","properties":{"code":"77338","nom":"Noisy-Rudignon","pop":580},"geometry":{"type":"Polygon","coordinates":[[[2.948,48.332],[2.944,48.318],[2.922,48.331],[2.915,48.337],[2.933,48.352],[2.938,48.356],[2.948,48.332]]]}},{"type":"Feature","properties":{"code":"77339","nom":"Noisy-sur-École","pop":1797},"geometry":{"type":"Polygon","coordinates":[[[2.561,48.37],[2.555,48.371],[2.525,48.369],[2.485,48.342],[2.451,48.367],[2.474,48.39],[2.522,48.405],[2.547,48.402],[2.575,48.385],[2.561,48.37]]]}},{"type":"Feature","properties":{"code":"77340","nom":"Nonville","pop":591},"geometry":{"type":"Polygon","coordinates":[[[2.738,48.294],[2.742,48.295],[2.777,48.304],[2.805,48.292],[2.795,48.276],[2.752,48.276],[2.738,48.294]]]}},{"type":"Feature","properties":{"code":"77341","nom":"Noyen-sur-Seine","pop":369},"geometry":{"type":"Polygon","coordinates":[[[3.37,48.433],[3.37,48.433],[3.351,48.438],[3.307,48.453],[3.321,48.467],[3.359,48.468],[3.383,48.434],[3.37,48.433]]]}},{"type":"Feature","properties":{"code":"77342","nom":"Obsonville","pop":126},"geometry":{"type":"Polygon","coordinates":[[[2.541,48.222],[2.542,48.223],[2.585,48.226],[2.594,48.212],[2.565,48.2],[2.541,48.222]]]}},{"type":"Feature","properties":{"code":"77343","nom":"Ocquerre","pop":378},"geometry":{"type":"Polygon","coordinates":[[[3.063,49.015],[3.053,49.017],[3.034,49.022],[3.038,49.046],[3.059,49.061],[3.076,49.053],[3.082,49.03],[3.063,49.015]]]}},{"type":"Feature","properties":{"code":"77344","nom":"Oissery","pop":2496},"geometry":{"type":"Polygon","coordinates":[[[2.856,49.07],[2.857,49.063],[2.822,49.054],[2.787,49.048],[2.78,49.06],[2.809,49.074],[2.792,49.09],[2.809,49.098],[2.845,49.085],[2.856,49.07]]]}},{"type":"Feature","properties":{"code":"77345","nom":"Orly-sur-Morin","pop":656},"geometry":{"type":"Polygon","coordinates":[[[3.217,48.892],[3.209,48.89],[3.219,48.913],[3.24,48.909],[3.253,48.904],[3.24,48.895],[3.217,48.892]]]}},{"type":"Feature","properties":{"code":"77347","nom":"Les Ormes-sur-Voulzie","pop":864},"geometry":{"type":"Polygon","coordinates":[[[3.225,48.439],[3.199,48.455],[3.201,48.46],[3.219,48.485],[3.235,48.479],[3.24,48.471],[3.253,48.446],[3.225,48.439]]]}},{"type":"Feature","properties":{"code":"77348","nom":"Ormesson","pop":242},"geometry":{"type":"Polygon","coordinates":[[[2.633,48.246],[2.665,48.239],[2.65,48.233],[2.63,48.245],[2.633,48.246]]]}},{"type":"Feature","properties":{"code":"77349","nom":"Othis","pop":6717},"geometry":{"type":"Polygon","coordinates":[[[2.646,49.065],[2.644,49.063],[2.635,49.064],[2.619,49.095],[2.633,49.109],[2.678,49.086],[2.691,49.071],[2.646,49.065]]]}},{"type":"Feature","properties":{"code":"77350","nom":"Ozoir-la-Ferrière","pop":21238},"geometry":{"type":"Polygon","coordinates":[[[2.673,48.744],[2.645,48.755],[2.641,48.769],[2.649,48.775],[2.705,48.781],[2.714,48.775],[2.704,48.749],[2.673,48.744]]]}},{"type":"Feature","properties":{"code":"77352","nom":"Ozouer-le-Voulgis","pop":2050},"geometry":{"type":"Polygon","coordinates":[[[2.8,48.685],[2.804,48.678],[2.795,48.657],[2.765,48.645],[2.746,48.651],[2.744,48.662],[2.773,48.68],[2.8,48.685]]]}},{"type":"Feature","properties":{"code":"77353","nom":"Paley","pop":483},"geometry":{"type":"Polygon","coordinates":[[[2.856,48.221],[2.829,48.234],[2.837,48.252],[2.884,48.253],[2.856,48.221]]]}},{"type":"Feature","properties":{"code":"77354","nom":"Pamfou","pop":983},"geometry":{"type":"Polygon","coordinates":[[[2.86,48.45],[2.832,48.483],[2.844,48.485],[2.894,48.475],[2.86,48.45]]]}},{"type":"Feature","properties":{"code":"77355","nom":"Paroy","pop":187},"geometry":{"type":"Polygon","coordinates":[[[3.201,48.46],[3.195,48.475],[3.182,48.482],[3.2,48.499],[3.208,48.493],[3.219,48.485],[3.201,48.46]]]}},{"type":"Feature","properties":{"code":"77356","nom":"Passy-sur-Seine","pop":49},"geometry":{"type":"Polygon","coordinates":[[[3.321,48.429],[3.351,48.438],[3.37,48.433],[3.338,48.419],[3.321,48.429]]]}},{"type":"Feature","properties":{"code":"77357","nom":"Pécy","pop":849},"geometry":{"type":"Polygon","coordinates":[[[3.102,48.624],[3.103,48.618],[3.058,48.629],[3.025,48.646],[3.051,48.663],[3.104,48.667],[3.102,48.624]]]}},{"type":"Feature","properties":{"code":"77358","nom":"Penchard","pop":1373},"geometry":{"type":"Polygon","coordinates":[[[2.878,48.991],[2.86,48.976],[2.838,48.995],[2.857,49.005],[2.857,49.003],[2.878,48.991]]]}},{"type":"Feature","properties":{"code":"77359","nom":"Perthes","pop":2073},"geometry":{"type":"Polygon","coordinates":[[[2.511,48.487],[2.559,48.491],[2.58,48.492],[2.584,48.478],[2.577,48.471],[2.549,48.466],[2.522,48.472],[2.511,48.487]]]}},{"type":"Feature","properties":{"code":"77360","nom":"Pézarches","pop":410},"geometry":{"type":"Polygon","coordinates":[[[3.014,48.751],[2.999,48.728],[2.966,48.732],[2.968,48.749],[2.993,48.765],[3.014,48.751]]]}},{"type":"Feature","properties":{"code":"77361","nom":"Pierre-Levée","pop":480},"geometry":{"type":"Polygon","coordinates":[[[3.042,48.871],[3.04,48.872],[3.037,48.887],[3,48.9],[3.015,48.914],[3.027,48.918],[3.053,48.916],[3.069,48.895],[3.042,48.871]]]}},{"type":"Feature","properties":{"code":"77363","nom":"Le Pin","pop":1530},"geometry":{"type":"Polygon","coordinates":[[[2.616,48.925],[2.636,48.933],[2.645,48.93],[2.645,48.904],[2.627,48.894],[2.612,48.905],[2.616,48.925]]]}},{"type":"Feature","properties":{"code":"77364","nom":"Le Plessis-aux-Bois","pop":261},"geometry":{"type":"Polygon","coordinates":[[[2.762,49.013],[2.774,49.012],[2.785,49.005],[2.781,48.996],[2.755,48.998],[2.755,49.011],[2.762,49.013]]]}},{"type":"Feature","properties":{"code":"77365","nom":"Le Plessis-Feu-Aussoux","pop":597},"geometry":{"type":"Polygon","coordinates":[[[3.062,48.722],[3.056,48.707],[3.018,48.716],[3.062,48.722]]]}},{"type":"Feature","properties":{"code":"77366","nom":"Le Plessis-l'Évêque","pop":291},"geometry":{"type":"Polygon","coordinates":[[[2.81,48.992],[2.807,48.994],[2.785,49.005],[2.774,49.012],[2.801,49.017],[2.806,49.015],[2.81,48.992]]]}},{"type":"Feature","properties":{"code":"77367","nom":"Le Plessis-Placy","pop":305},"geometry":{"type":"Polygon","coordinates":[[[2.984,49.032],[2.971,49.032],[2.965,49.059],[2.975,49.075],[2.988,49.072],[3.006,49.054],[2.984,49.032]]]}},{"type":"Feature","properties":{"code":"77368","nom":"Poigny","pop":501},"geometry":{"type":"Polygon","coordinates":[[[3.309,48.544],[3.287,48.528],[3.243,48.559],[3.25,48.562],[3.309,48.544]]]}},{"type":"Feature","properties":{"code":"77369","nom":"Poincy","pop":797},"geometry":{"type":"Polygon","coordinates":[[[2.921,48.989],[2.94,48.974],[2.944,48.958],[2.903,48.975],[2.91,48.988],[2.921,48.989]]]}},{"type":"Feature","properties":{"code":"77370","nom":"Poligny","pop":825},"geometry":{"type":"Polygon","coordinates":[[[2.768,48.211],[2.734,48.21],[2.714,48.215],[2.709,48.24],[2.728,48.257],[2.752,48.264],[2.775,48.248],[2.809,48.24],[2.795,48.222],[2.768,48.211]]]}},{"type":"Feature","properties":{"code":"77371","nom":"Pommeuse","pop":3049},"geometry":{"type":"Polygon","coordinates":[[[3.004,48.846],[3.018,48.841],[3.037,48.815],[3.007,48.788],[2.983,48.803],[2.983,48.824],[2.988,48.836],[3.004,48.846]]]}},{"type":"Feature","properties":{"code":"77372","nom":"Pomponne","pop":4215},"geometry":{"type":"Polygon","coordinates":[[[2.661,48.874],[2.651,48.883],[2.657,48.897],[2.693,48.9],[2.704,48.881],[2.674,48.877],[2.662,48.875],[2.661,48.874]]]}},{"type":"Feature","properties":{"code":"77373","nom":"Pontault-Combault","pop":39096},"geometry":{"type":"Polygon","coordinates":[[[2.649,48.775],[2.641,48.769],[2.615,48.761],[2.592,48.771],[2.591,48.797],[2.592,48.807],[2.596,48.814],[2.627,48.803],[2.649,48.775]]]}},{"type":"Feature","properties":{"code":"77374","nom":"Pontcarré","pop":2136},"geometry":{"type":"Polygon","coordinates":[[[2.705,48.781],[2.676,48.801],[2.68,48.811],[2.693,48.816],[2.721,48.806],[2.728,48.797],[2.73,48.78],[2.714,48.775],[2.705,48.781]]]}},{"type":"Feature","properties":{"code":"77376","nom":"Précy-sur-Marne","pop":747},"geometry":{"type":"Polygon","coordinates":[[[2.783,48.938],[2.787,48.928],[2.751,48.923],[2.762,48.95],[2.783,48.938]]]}},{"type":"Feature","properties":{"code":"77377","nom":"Presles-en-Brie","pop":2369},"geometry":{"type":"Polygon","coordinates":[[[2.703,48.729],[2.755,48.729],[2.786,48.716],[2.784,48.715],[2.757,48.691],[2.722,48.695],[2.716,48.695],[2.695,48.706],[2.703,48.729]]]}},{"type":"Feature","properties":{"code":"77378","nom":"Pringy","pop":3864},"geometry":{"type":"Polygon","coordinates":[[[2.551,48.509],[2.528,48.515],[2.557,48.53],[2.551,48.509]]]}},{"type":"Feature","properties":{"code":"77379","nom":"Provins","pop":11632},"geometry":{"type":"Polygon","coordinates":[[[3.318,48.548],[3.309,48.544],[3.25,48.562],[3.248,48.569],[3.274,48.58],[3.311,48.584],[3.321,48.556],[3.318,48.548]]]}},{"type":"Feature","properties":{"code":"77380","nom":"Puisieux","pop":317},"geometry":{"type":"Polygon","coordinates":[[[2.895,49.077],[2.901,49.085],[2.937,49.079],[2.941,49.071],[2.903,49.04],[2.898,49.044],[2.895,49.077]]]}},{"type":"Feature","properties":{"code":"77381","nom":"Quiers","pop":650},"geometry":{"type":"Polygon","coordinates":[[[2.952,48.595],[2.928,48.627],[2.943,48.633],[2.986,48.625],[2.994,48.608],[2.987,48.602],[2.952,48.595]]]}},{"type":"Feature","properties":{"code":"77382","nom":"Quincy-Voisins","pop":5547},"geometry":{"type":"Polygon","coordinates":[[[2.896,48.91],[2.904,48.898],[2.885,48.882],[2.848,48.898],[2.85,48.907],[2.896,48.91]]]}},{"type":"Feature","properties":{"code":"77383","nom":"Rampillon","pop":836},"geometry":{"type":"Polygon","coordinates":[[[3.114,48.532],[3.108,48.529],[3.089,48.516],[3.059,48.518],[3.049,48.524],[3.037,48.533],[3.052,48.564],[3.095,48.561],[3.114,48.532]]]}},{"type":"Feature","properties":{"code":"77384","nom":"Réau","pop":2127},"geometry":{"type":"Polygon","coordinates":[[[2.596,48.594],[2.586,48.602],[2.596,48.617],[2.629,48.625],[2.637,48.624],[2.663,48.615],[2.645,48.593],[2.601,48.59],[2.596,48.594]]]}},{"type":"Feature","properties":{"code":"77385","nom":"Rebais","pop":2294},"geometry":{"type":"Polygon","coordinates":[[[3.246,48.834],[3.221,48.831],[3.228,48.843],[3.21,48.871],[3.205,48.878],[3.259,48.861],[3.246,48.834]]]}},{"type":"Feature","properties":{"code":"77386","nom":"Recloses","pop":633},"geometry":{"type":"Polygon","coordinates":[[[2.674,48.331],[2.671,48.329],[2.617,48.325],[2.615,48.33],[2.626,48.352],[2.67,48.346],[2.674,48.331]]]}},{"type":"Feature","properties":{"code":"77387","nom":"Remauville","pop":449},"geometry":{"type":"Polygon","coordinates":[[[2.856,48.221],[2.862,48.217],[2.826,48.202],[2.795,48.222],[2.809,48.24],[2.829,48.234],[2.856,48.221]]]}},{"type":"Feature","properties":{"code":"77388","nom":"Reuil-en-Brie","pop":798},"geometry":{"type":"Polygon","coordinates":[[[3.141,48.959],[3.161,48.967],[3.184,48.955],[3.184,48.945],[3.167,48.947],[3.141,48.959]]]}},{"type":"Feature","properties":{"code":"77389","nom":"La Rochette","pop":3932},"geometry":{"type":"Polygon","coordinates":[[[2.675,48.489],[2.674,48.487],[2.641,48.495],[2.653,48.524],[2.67,48.527],[2.67,48.513],[2.673,48.491],[2.675,48.489]]]}},{"type":"Feature","properties":{"code":"77390","nom":"Roissy-en-Brie","pop":23229},"geometry":{"type":"Polygon","coordinates":[[[2.705,48.781],[2.649,48.775],[2.627,48.803],[2.628,48.805],[2.676,48.801],[2.705,48.781]]]}},{"type":"Feature","properties":{"code":"77391","nom":"Rouilly","pop":496},"geometry":{"type":"Polygon","coordinates":[[[3.276,48.605],[3.295,48.609],[3.311,48.591],[3.311,48.584],[3.274,48.58],[3.276,48.605]]]}},{"type":"Feature","properties":{"code":"77392","nom":"Rouvres","pop":1038},"geometry":{"type":"Polygon","coordinates":[[[2.705,49.051],[2.703,49.065],[2.724,49.081],[2.735,49.061],[2.715,49.054],[2.705,49.051]]]}},{"type":"Feature","properties":{"code":"77393","nom":"Rozay-en-Brie","pop":2860},"geometry":{"type":"Polygon","coordinates":[[[2.974,48.671],[2.947,48.687],[2.977,48.69],[2.974,48.671]]]}},{"type":"Feature","properties":{"code":"77394","nom":"Rubelles","pop":3537},"geometry":{"type":"Polygon","coordinates":[[[2.68,48.552],[2.667,48.559],[2.674,48.579],[2.683,48.579],[2.696,48.569],[2.68,48.552]]]}},{"type":"Feature","properties":{"code":"77395","nom":"Rumont","pop":125},"geometry":{"type":"Polygon","coordinates":[[[2.503,48.285],[2.52,48.271],[2.477,48.258],[2.474,48.271],[2.503,48.285]]]}},{"type":"Feature","properties":{"code":"77396","nom":"Rupéreux","pop":106},"geometry":{"type":"Polygon","coordinates":[[[3.311,48.651],[3.312,48.654],[3.323,48.657],[3.352,48.646],[3.313,48.63],[3.311,48.651]]]}},{"type":"Feature","properties":{"code":"77397","nom":"Saâcy-sur-Marne","pop":1878},"geometry":{"type":"Polygon","coordinates":[[[3.189,48.942],[3.184,48.945],[3.184,48.955],[3.186,48.956],[3.21,48.972],[3.23,48.977],[3.239,48.951],[3.218,48.932],[3.189,48.942]]]}},{"type":"Feature","properties":{"code":"77398","nom":"Sablonnières","pop":791},"geometry":{"type":"Polygon","coordinates":[[[3.282,48.903],[3.294,48.9],[3.318,48.893],[3.307,48.862],[3.297,48.849],[3.263,48.86],[3.272,48.886],[3.282,48.903]]]}},{"type":"Feature","properties":{"code":"77400","nom":"Saint-Augustin","pop":1888},"geometry":{"type":"Polygon","coordinates":[[[3.037,48.815],[3.059,48.799],[3.039,48.782],[3.029,48.762],[3.026,48.758],[3.007,48.788],[3.037,48.815]]]}},{"type":"Feature","properties":{"code":"77401","nom":"Sainte-Aulde","pop":706},"geometry":{"type":"Polygon","coordinates":[[[3.195,48.989],[3.174,48.991],[3.143,49.013],[3.163,49.02],[3.199,49.006],[3.209,48.994],[3.195,48.989]]]}},{"type":"Feature","properties":{"code":"77402","nom":"Saint-Barthélemy","pop":335},"geometry":{"type":"Polygon","coordinates":[[[3.329,48.823],[3.355,48.838],[3.391,48.838],[3.389,48.816],[3.389,48.811],[3.359,48.798],[3.328,48.81],[3.329,48.823]]]}},{"type":"Feature","properties":{"code":"77403","nom":"Saint-Brice","pop":819},"geometry":{"type":"Polygon","coordinates":[[[3.311,48.584],[3.311,48.591],[3.334,48.581],[3.357,48.592],[3.359,48.556],[3.321,48.556],[3.311,48.584]]]}},{"type":"Feature","properties":{"code":"77404","nom":"Sainte-Colombe","pop":1781},"geometry":{"type":"Polygon","coordinates":[[[3.271,48.519],[3.265,48.514],[3.242,48.524],[3.236,48.551],[3.243,48.559],[3.287,48.528],[3.271,48.519]]]}},{"type":"Feature","properties":{"code":"77405","nom":"Saint-Cyr-sur-Morin","pop":1976},"geometry":{"type":"Polygon","coordinates":[[[3.14,48.886],[3.156,48.923],[3.189,48.942],[3.218,48.932],[3.21,48.92],[3.193,48.894],[3.14,48.886]]]}},{"type":"Feature","properties":{"code":"77406","nom":"Saint-Denis-lès-Rebais","pop":966},"geometry":{"type":"Polygon","coordinates":[[[3.165,48.835],[3.162,48.838],[3.173,48.848],[3.21,48.871],[3.228,48.843],[3.221,48.831],[3.221,48.831],[3.202,48.824],[3.165,48.835]]]}},{"type":"Feature","properties":{"code":"77407","nom":"Saint-Fargeau-Ponthierry","pop":15724},"geometry":{"type":"Polygon","coordinates":[[[2.531,48.574],[2.548,48.569],[2.53,48.551],[2.549,48.537],[2.557,48.53],[2.528,48.515],[2.513,48.509],[2.498,48.517],[2.5,48.543],[2.531,48.574]]]}},{"type":"Feature","properties":{"code":"77408","nom":"Saint-Fiacre","pop":523},"geometry":{"type":"Polygon","coordinates":[[[2.965,48.914],[2.939,48.927],[2.958,48.933],[2.965,48.914]]]}},{"type":"Feature","properties":{"code":"77409","nom":"Saint-Germain-Laval","pop":2888},"geometry":{"type":"Polygon","coordinates":[[[3.005,48.417],[3.028,48.412],[3.011,48.398],[2.993,48.396],[2.972,48.406],[2.969,48.422],[3.005,48.417]]]}},{"type":"Feature","properties":{"code":"77410","nom":"Saint-Germain-Laxis","pop":742},"geometry":{"type":"Polygon","coordinates":[[[2.723,48.578],[2.71,48.573],[2.696,48.569],[2.683,48.579],[2.701,48.601],[2.715,48.61],[2.718,48.609],[2.723,48.578]]]}},{"type":"Feature","properties":{"code":"77411","nom":"Saint-Germain-sous-Doue","pop":549},"geometry":{"type":"Polygon","coordinates":[[[3.173,48.848],[3.162,48.838],[3.125,48.838],[3.11,48.863],[3.125,48.869],[3.173,48.848]]]}},{"type":"Feature","properties":{"code":"77412","nom":"Saint-Germain-sur-École","pop":365},"geometry":{"type":"Polygon","coordinates":[[[2.51,48.488],[2.511,48.487],[2.522,48.472],[2.506,48.461],[2.51,48.488]]]}},{"type":"Feature","properties":{"code":"77413","nom":"Saint-Germain-sur-Morin","pop":3902},"geometry":{"type":"Polygon","coordinates":[[[2.862,48.872],[2.836,48.861],[2.829,48.878],[2.842,48.889],[2.863,48.872],[2.862,48.872]]]}},{"type":"Feature","properties":{"code":"77414","nom":"Saint-Hilliers","pop":474},"geometry":{"type":"Polygon","coordinates":[[[3.295,48.609],[3.276,48.605],[3.237,48.611],[3.219,48.652],[3.236,48.655],[3.247,48.661],[3.263,48.653],[3.268,48.635],[3.303,48.622],[3.295,48.609]]]}},{"type":"Feature","properties":{"code":"77415","nom":"Saint-Jean-les-Deux-Jumeaux","pop":1298},"geometry":{"type":"Polygon","coordinates":[[[3.015,48.914],[2.997,48.93],[2.999,48.959],[3.001,48.964],[3.029,48.957],[3.06,48.952],[3.052,48.933],[3.027,48.918],[3.015,48.914]]]}},{"type":"Feature","properties":{"code":"77416","nom":"Saint-Just-en-Brie","pop":265},"geometry":{"type":"Polygon","coordinates":[[[3.103,48.618],[3.102,48.624],[3.123,48.626],[3.14,48.6],[3.115,48.596],[3.104,48.598],[3.103,48.618]]]}},{"type":"Feature","properties":{"code":"77417","nom":"Saint-Léger","pop":244},"geometry":{"type":"Polygon","coordinates":[[[3.259,48.861],[3.263,48.86],[3.297,48.849],[3.293,48.828],[3.291,48.824],[3.281,48.826],[3.246,48.834],[3.259,48.861]]]}},{"type":"Feature","properties":{"code":"77418","nom":"Saint-Loup-de-Naud","pop":848},"geometry":{"type":"Polygon","coordinates":[[[3.184,48.542],[3.197,48.548],[3.236,48.551],[3.242,48.524],[3.222,48.523],[3.195,48.526],[3.187,48.535],[3.184,48.542]]]}},{"type":"Feature","properties":{"code":"77419","nom":"Saint-Mammès","pop":3162},"geometry":{"type":"Polygon","coordinates":[[[2.811,48.392],[2.839,48.386],[2.802,48.388],[2.811,48.392]]]}},{"type":"Feature","properties":{"code":"77420","nom":"Saint-Mard","pop":3832},"geometry":{"type":"Polygon","coordinates":[[[2.683,49.024],[2.67,49.033],[2.705,49.051],[2.715,49.054],[2.719,49.048],[2.721,49.035],[2.683,49.024]]]}},{"type":"Feature","properties":{"code":"77421","nom":"Saint-Mars-Vieux-Maisons","pop":244},"geometry":{"type":"Polygon","coordinates":[[[3.312,48.718],[3.291,48.729],[3.28,48.739],[3.28,48.754],[3.318,48.757],[3.323,48.758],[3.365,48.743],[3.344,48.719],[3.312,48.718]]]}},{"type":"Feature","properties":{"code":"77423","nom":"Saint-Martin-des-Champs","pop":661},"geometry":{"type":"Polygon","coordinates":[[[3.323,48.758],[3.318,48.757],[3.317,48.8],[3.328,48.81],[3.359,48.798],[3.354,48.786],[3.323,48.758]]]}},{"type":"Feature","properties":{"code":"77424","nom":"Saint-Martin-du-Boschet","pop":257},"geometry":{"type":"Polygon","coordinates":[[[3.467,48.729],[3.467,48.723],[3.419,48.708],[3.388,48.744],[3.399,48.755],[3.437,48.753],[3.467,48.739],[3.467,48.729]]]}},{"type":"Feature","properties":{"code":"77425","nom":"Saint-Martin-en-Bière","pop":746},"geometry":{"type":"Polygon","coordinates":[[[2.598,48.434],[2.595,48.418],[2.547,48.427],[2.579,48.453],[2.598,48.434]]]}},{"type":"Feature","properties":{"code":"77426","nom":"Saint-Méry","pop":334},"geometry":{"type":"Polygon","coordinates":[[[2.853,48.595],[2.855,48.592],[2.838,48.566],[2.856,48.546],[2.854,48.529],[2.838,48.553],[2.823,48.563],[2.821,48.587],[2.853,48.595]]]}},{"type":"Feature","properties":{"code":"77427","nom":"Saint-Mesmes","pop":579},"geometry":{"type":"Polygon","coordinates":[[[2.725,48.997],[2.747,48.991],[2.734,48.976],[2.674,48.977],[2.675,48.984],[2.692,48.987],[2.725,48.997]]]}},{"type":"Feature","properties":{"code":"77428","nom":"Saint-Ouen-en-Brie","pop":837},"geometry":{"type":"Polygon","coordinates":[[[2.909,48.57],[2.91,48.583],[2.92,48.583],[2.94,48.566],[2.913,48.551],[2.901,48.56],[2.909,48.57]]]}},{"type":"Feature","properties":{"code":"77429","nom":"Saint-Ouen-sur-Morin","pop":529},"geometry":{"type":"Polygon","coordinates":[[[3.209,48.89],[3.193,48.894],[3.21,48.92],[3.219,48.913],[3.209,48.89]]]}},{"type":"Feature","properties":{"code":"77430","nom":"Saint-Pathus","pop":6479},"geometry":{"type":"Polygon","coordinates":[[[2.784,49.089],[2.792,49.09],[2.809,49.074],[2.78,49.06],[2.761,49.063],[2.769,49.083],[2.784,49.089]]]}},{"type":"Feature","properties":{"code":"77431","nom":"Saint-Pierre-lès-Nemours","pop":5401},"geometry":{"type":"Polygon","coordinates":[[[2.707,48.242],[2.694,48.238],[2.665,48.239],[2.633,48.246],[2.63,48.26],[2.644,48.284],[2.693,48.291],[2.692,48.29],[2.692,48.287],[2.686,48.268],[2.707,48.242]]]}},{"type":"Feature","properties":{"code":"77432","nom":"Saint-Rémy-de-la-Vanne","pop":985},"geometry":{"type":"Polygon","coordinates":[[[3.221,48.831],[3.221,48.831],[3.246,48.834],[3.281,48.826],[3.262,48.821],[3.243,48.787],[3.218,48.789],[3.221,48.831]]]}},{"type":"Feature","properties":{"code":"77433","nom":"Beautheil-Saints","pop":2093},"geometry":{"type":"Polygon","coordinates":[[[3.108,48.733],[3.062,48.729],[3.05,48.746],[3.02,48.749],[3.026,48.758],[3.029,48.762],[3.049,48.776],[3.039,48.782],[3.059,48.799],[3.073,48.797],[3.103,48.795],[3.125,48.775],[3.12,48.762],[3.108,48.733]]]}},{"type":"Feature","properties":{"code":"77434","nom":"Saint-Sauveur-lès-Bray","pop":350},"geometry":{"type":"Polygon","coordinates":[[[3.199,48.455],[3.225,48.439],[3.211,48.427],[3.194,48.432],[3.187,48.445],[3.199,48.455]]]}},{"type":"Feature","properties":{"code":"77435","nom":"Saint-Sauveur-sur-École","pop":1125},"geometry":{"type":"Polygon","coordinates":[[[2.51,48.488],[2.512,48.495],[2.513,48.509],[2.528,48.515],[2.551,48.509],[2.559,48.491],[2.511,48.487],[2.51,48.488]]]}},{"type":"Feature","properties":{"code":"77436","nom":"Saint-Siméon","pop":883},"geometry":{"type":"Polygon","coordinates":[[[3.218,48.789],[3.178,48.788],[3.163,48.788],[3.166,48.819],[3.202,48.824],[3.221,48.831],[3.218,48.789]]]}},{"type":"Feature","properties":{"code":"77437","nom":"Saint-Soupplets","pop":3542},"geometry":{"type":"Polygon","coordinates":[[[2.801,49.017],[2.772,49.028],[2.761,49.043],[2.787,49.048],[2.822,49.054],[2.834,49.045],[2.825,49.027],[2.806,49.015],[2.801,49.017]]]}},{"type":"Feature","properties":{"code":"77438","nom":"Saint-Thibault-des-Vignes","pop":6831},"geometry":{"type":"Polygon","coordinates":[[[2.662,48.875],[2.674,48.877],[2.697,48.866],[2.683,48.849],[2.663,48.85],[2.662,48.875]]]}},{"type":"Feature","properties":{"code":"77439","nom":"Salins","pop":1165},"geometry":{"type":"Polygon","coordinates":[[[3.044,48.432],[3.028,48.412],[3.005,48.417],[2.996,48.454],[3.014,48.46],[3.044,48.432]]]}},{"type":"Feature","properties":{"code":"77440","nom":"Sammeron","pop":1178},"geometry":{"type":"Polygon","coordinates":[[[3.099,48.95],[3.094,48.931],[3.091,48.927],[3.052,48.933],[3.06,48.952],[3.099,48.95]]]}},{"type":"Feature","properties":{"code":"77441","nom":"Samois-sur-Seine","pop":2126},"geometry":{"type":"Polygon","coordinates":[[[2.735,48.424],[2.747,48.483],[2.749,48.487],[2.771,48.462],[2.751,48.445],[2.746,48.43],[2.746,48.425],[2.735,48.424]]]}},{"type":"Feature","properties":{"code":"77442","nom":"Samoreau","pop":2384},"geometry":{"type":"Polygon","coordinates":[[[2.788,48.414],[2.754,48.412],[2.746,48.425],[2.746,48.43],[2.804,48.424],[2.788,48.414]]]}},{"type":"Feature","properties":{"code":"77443","nom":"Sancy","pop":401},"geometry":{"type":"Polygon","coordinates":[[[2.977,48.876],[2.96,48.862],[2.944,48.882],[2.943,48.892],[2.977,48.891],[2.977,48.876]]]}},{"type":"Feature","properties":{"code":"77444","nom":"Sancy-lès-Provins","pop":339},"geometry":{"type":"Polygon","coordinates":[[[3.419,48.708],[3.415,48.682],[3.38,48.678],[3.37,48.68],[3.381,48.704],[3.369,48.743],[3.374,48.743],[3.388,48.744],[3.419,48.708]]]}},{"type":"Feature","properties":{"code":"77445","nom":"Savigny-le-Temple","pop":31148},"geometry":{"type":"Polygon","coordinates":[[[2.586,48.602],[2.596,48.594],[2.587,48.563],[2.566,48.564],[2.561,48.566],[2.574,48.58],[2.542,48.597],[2.542,48.609],[2.582,48.606],[2.586,48.602]]]}},{"type":"Feature","properties":{"code":"77446","nom":"Savins","pop":617},"geometry":{"type":"Polygon","coordinates":[[[3.187,48.502],[3.185,48.52],[3.195,48.526],[3.222,48.523],[3.22,48.503],[3.208,48.493],[3.2,48.499],[3.187,48.502]]]}},{"type":"Feature","properties":{"code":"77447","nom":"Seine-Port","pop":1742},"geometry":{"type":"Polygon","coordinates":[[[2.582,48.547],[2.561,48.536],[2.549,48.537],[2.53,48.551],[2.548,48.569],[2.561,48.566],[2.566,48.564],[2.582,48.547]]]}},{"type":"Feature","properties":{"code":"77448","nom":"Sept-Sorts","pop":616},"geometry":{"type":"Polygon","coordinates":[[[3.099,48.95],[3.103,48.95],[3.117,48.936],[3.094,48.931],[3.099,48.95]]]}},{"type":"Feature","properties":{"code":"77449","nom":"Serris","pop":10326},"geometry":{"type":"Polygon","coordinates":[[[2.787,48.86],[2.8,48.863],[2.798,48.856],[2.803,48.83],[2.785,48.828],[2.774,48.851],[2.772,48.854],[2.787,48.86]]]}},{"type":"Feature","properties":{"code":"77450","nom":"Servon","pop":3565},"geometry":{"type":"Polygon","coordinates":[[[2.569,48.707],[2.568,48.709],[2.595,48.732],[2.609,48.728],[2.615,48.717],[2.574,48.701],[2.569,48.707]]]}},{"type":"Feature","properties":{"code":"77451","nom":"Signy-Signets","pop":638},"geometry":{"type":"Polygon","coordinates":[[[3.027,48.918],[3.052,48.933],[3.091,48.927],[3.069,48.895],[3.053,48.916],[3.027,48.918]]]}},{"type":"Feature","properties":{"code":"77452","nom":"Sigy","pop":66},"geometry":{"type":"Polygon","coordinates":[[[3.152,48.478],[3.156,48.478],[3.182,48.482],[3.195,48.475],[3.167,48.468],[3.142,48.465],[3.152,48.478]]]}},{"type":"Feature","properties":{"code":"77453","nom":"Sivry-Courtry","pop":1124},"geometry":{"type":"Polygon","coordinates":[[[2.802,48.533],[2.791,48.524],[2.761,48.502],[2.744,48.503],[2.73,48.509],[2.713,48.535],[2.728,48.547],[2.766,48.554],[2.791,48.547],[2.802,48.533]]]}},{"type":"Feature","properties":{"code":"77454","nom":"Sognolles-en-Montois","pop":371},"geometry":{"type":"Polygon","coordinates":[[[3.108,48.529],[3.114,48.532],[3.133,48.543],[3.138,48.538],[3.135,48.525],[3.185,48.52],[3.187,48.502],[3.163,48.499],[3.142,48.521],[3.122,48.516],[3.108,48.529]]]}},{"type":"Feature","properties":{"code":"77455","nom":"Soignolles-en-Brie","pop":2021},"geometry":{"type":"Polygon","coordinates":[[[2.706,48.665],[2.741,48.649],[2.739,48.635],[2.72,48.628],[2.695,48.636],[2.68,48.64],[2.678,48.652],[2.691,48.663],[2.706,48.665]]]}},{"type":"Feature","properties":{"code":"77456","nom":"Soisy-Bouy","pop":850},"geometry":{"type":"Polygon","coordinates":[[[3.34,48.512],[3.339,48.507],[3.312,48.493],[3.28,48.496],[3.259,48.51],[3.265,48.514],[3.271,48.519],[3.289,48.525],[3.34,48.512]]]}},{"type":"Feature","properties":{"code":"77457","nom":"Solers","pop":1336},"geometry":{"type":"Polygon","coordinates":[[[2.706,48.665],[2.726,48.673],[2.744,48.662],[2.746,48.651],[2.741,48.649],[2.706,48.665]]]}},{"type":"Feature","properties":{"code":"77458","nom":"Souppes-sur-Loing","pop":4952},"geometry":{"type":"Polygon","coordinates":[[[2.734,48.21],[2.768,48.211],[2.787,48.189],[2.781,48.167],[2.737,48.166],[2.692,48.173],[2.689,48.184],[2.717,48.198],[2.734,48.21]]]}},{"type":"Feature","properties":{"code":"77459","nom":"Sourdun","pop":1541},"geometry":{"type":"Polygon","coordinates":[[[3.414,48.533],[3.405,48.528],[3.359,48.511],[3.339,48.507],[3.34,48.512],[3.318,48.548],[3.321,48.556],[3.359,48.556],[3.375,48.56],[3.411,48.543],[3.414,48.533]]]}},{"type":"Feature","properties":{"code":"77460","nom":"Tancrou","pop":340},"geometry":{"type":"Polygon","coordinates":[[[3.127,49.013],[3.128,48.997],[3.041,48.995],[3.036,48.995],[3.035,49.007],[3.053,49.017],[3.063,49.015],[3.086,49.004],[3.127,49.013]]]}},{"type":"Feature","properties":{"code":"77461","nom":"Thénisy","pop":297},"geometry":{"type":"Polygon","coordinates":[[[3.162,48.498],[3.163,48.499],[3.187,48.502],[3.2,48.499],[3.182,48.482],[3.156,48.478],[3.162,48.498]]]}},{"type":"Feature","properties":{"code":"77462","nom":"Thieux","pop":778},"geometry":{"type":"Polygon","coordinates":[[[2.67,49.033],[2.683,49.024],[2.683,49.012],[2.692,48.987],[2.675,48.984],[2.664,49.001],[2.624,49.007],[2.627,49.012],[2.66,49.029],[2.67,49.033]]]}},{"type":"Feature","properties":{"code":"77463","nom":"Thomery","pop":3384},"geometry":{"type":"Polygon","coordinates":[[[2.749,48.407],[2.754,48.412],[2.788,48.414],[2.79,48.391],[2.778,48.39],[2.749,48.407]]]}},{"type":"Feature","properties":{"code":"77464","nom":"Thorigny-sur-Marne","pop":10440},"geometry":{"type":"Polygon","coordinates":[[[2.693,48.9],[2.71,48.904],[2.724,48.903],[2.728,48.883],[2.704,48.881],[2.693,48.9]]]}},{"type":"Feature","properties":{"code":"77465","nom":"Thoury-Férottes","pop":649},"geometry":{"type":"Polygon","coordinates":[[[2.944,48.318],[2.948,48.332],[2.971,48.313],[2.949,48.291],[2.947,48.271],[2.929,48.271],[2.92,48.274],[2.905,48.286],[2.944,48.318]]]}},{"type":"Feature","properties":{"code":"77466","nom":"Tigeaux","pop":421},"geometry":{"type":"Polygon","coordinates":[[[2.918,48.835],[2.918,48.825],[2.875,48.815],[2.908,48.839],[2.918,48.835]]]}},{"type":"Feature","properties":{"code":"77467","nom":"La Tombe","pop":208},"geometry":{"type":"Polygon","coordinates":[[[3.076,48.397],[3.083,48.402],[3.106,48.398],[3.117,48.375],[3.075,48.376],[3.076,48.397]]]}},{"type":"Feature","properties":{"code":"77468","nom":"Torcy","pop":22810},"geometry":{"type":"Polygon","coordinates":[[[2.666,48.832],[2.658,48.832],[2.638,48.845],[2.63,48.857],[2.661,48.874],[2.662,48.875],[2.663,48.85],[2.659,48.838],[2.666,48.832]]]}},{"type":"Feature","properties":{"code":"77469","nom":"Touquin","pop":1253},"geometry":{"type":"Polygon","coordinates":[[[3.062,48.729],[3.062,48.722],[3.018,48.716],[3.009,48.712],[2.999,48.728],[3.014,48.751],[3.02,48.749],[3.05,48.746],[3.062,48.729]]]}},{"type":"Feature","properties":{"code":"77470","nom":"Tournan-en-Brie","pop":8274},"geometry":{"type":"Polygon","coordinates":[[[2.742,48.766],[2.778,48.747],[2.796,48.757],[2.812,48.748],[2.817,48.735],[2.786,48.716],[2.755,48.729],[2.742,48.766]]]}},{"type":"Feature","properties":{"code":"77471","nom":"Tousson","pop":334},"geometry":{"type":"Polygon","coordinates":[[[2.485,48.342],[2.489,48.33],[2.456,48.322],[2.434,48.334],[2.43,48.362],[2.451,48.367],[2.485,48.342]]]}},{"type":"Feature","properties":{"code":"77472","nom":"La Trétoire","pop":459},"geometry":{"type":"Polygon","coordinates":[[[3.24,48.895],[3.272,48.886],[3.263,48.86],[3.259,48.861],[3.205,48.878],[3.217,48.892],[3.24,48.895]]]}},{"type":"Feature","properties":{"code":"77473","nom":"Treuzy-Levelay","pop":458},"geometry":{"type":"Polygon","coordinates":[[[2.752,48.264],[2.752,48.276],[2.795,48.276],[2.805,48.292],[2.839,48.285],[2.837,48.272],[2.794,48.266],[2.775,48.248],[2.752,48.264]]]}},{"type":"Feature","properties":{"code":"77474","nom":"Trilbardou","pop":700},"geometry":{"type":"Polygon","coordinates":[[[2.791,48.929],[2.787,48.928],[2.783,48.938],[2.792,48.968],[2.803,48.964],[2.826,48.945],[2.826,48.945],[2.803,48.933],[2.791,48.929]]]}},{"type":"Feature","properties":{"code":"77475","nom":"Trilport","pop":5146},"geometry":{"type":"Polygon","coordinates":[[[2.971,48.942],[2.969,48.941],[2.935,48.95],[2.944,48.958],[2.94,48.974],[2.994,48.965],[2.997,48.959],[2.971,48.942]]]}},{"type":"Feature","properties":{"code":"77476","nom":"Trocy-en-Multien","pop":233},"geometry":{"type":"Polygon","coordinates":[[[2.971,49.032],[2.947,49.027],[2.953,49.061],[2.965,49.059],[2.971,49.032]]]}},{"type":"Feature","properties":{"code":"77477","nom":"Ury","pop":882},"geometry":{"type":"Polygon","coordinates":[[[2.626,48.352],[2.615,48.33],[2.577,48.33],[2.589,48.358],[2.626,48.352]]]}},{"type":"Feature","properties":{"code":"77478","nom":"Ussy-sur-Marne","pop":1058},"geometry":{"type":"Polygon","coordinates":[[[3.103,48.95],[3.099,48.95],[3.06,48.952],[3.029,48.957],[3.059,48.976],[3.115,48.988],[3.113,48.971],[3.103,48.95]]]}},{"type":"Feature","properties":{"code":"77479","nom":"Vaires-sur-Marne","pop":13931},"geometry":{"type":"Polygon","coordinates":[[[2.606,48.865],[2.625,48.874],[2.651,48.883],[2.661,48.874],[2.63,48.857],[2.606,48.865]]]}},{"type":"Feature","properties":{"code":"77480","nom":"Valence-en-Brie","pop":1007},"geometry":{"type":"Polygon","coordinates":[[[2.927,48.435],[2.925,48.433],[2.895,48.426],[2.884,48.433],[2.86,48.45],[2.894,48.475],[2.905,48.475],[2.902,48.448],[2.927,48.435]]]}},{"type":"Feature","properties":{"code":"77481","nom":"Vanvillé","pop":197},"geometry":{"type":"Polygon","coordinates":[[[3.104,48.57],[3.12,48.573],[3.133,48.543],[3.114,48.532],[3.095,48.561],[3.104,48.57]]]}},{"type":"Feature","properties":{"code":"77482","nom":"Varennes-sur-Seine","pop":3748},"geometry":{"type":"Polygon","coordinates":[[[2.966,48.371],[2.965,48.37],[2.938,48.356],[2.933,48.352],[2.901,48.361],[2.936,48.388],[2.966,48.371]]]}},{"type":"Feature","properties":{"code":"77483","nom":"Varreddes","pop":2167},"geometry":{"type":"Polygon","coordinates":[[[2.948,49.012],[2.921,48.989],[2.91,48.988],[2.915,49.018],[2.941,49.02],[2.948,49.012]]]}},{"type":"Feature","properties":{"code":"77484","nom":"Vaucourtois","pop":277},"geometry":{"type":"Polygon","coordinates":[[[2.967,48.908],[2.976,48.905],[2.977,48.891],[2.943,48.892],[2.935,48.902],[2.967,48.908]]]}},{"type":"Feature","properties":{"code":"77485","nom":"Le Vaudoué","pop":731},"geometry":{"type":"Polygon","coordinates":[[[2.489,48.33],[2.485,48.342],[2.525,48.369],[2.555,48.371],[2.542,48.328],[2.521,48.322],[2.489,48.33]]]}},{"type":"Feature","properties":{"code":"77486","nom":"Vaudoy-en-Brie","pop":872},"geometry":{"type":"Polygon","coordinates":[[[3.108,48.733],[3.127,48.705],[3.105,48.693],[3.104,48.667],[3.051,48.663],[3.056,48.707],[3.062,48.722],[3.062,48.729],[3.108,48.733]]]}},{"type":"Feature","properties":{"code":"77487","nom":"Vaux-le-Pénil","pop":11474},"geometry":{"type":"Polygon","coordinates":[[[2.709,48.508],[2.67,48.513],[2.67,48.527],[2.682,48.542],[2.713,48.535],[2.73,48.509],[2.709,48.508]]]}},{"type":"Feature","properties":{"code":"77489","nom":"Vaux-sur-Lunain","pop":229},"geometry":{"type":"Polygon","coordinates":[[[2.989,48.209],[2.971,48.194],[2.955,48.193],[2.962,48.209],[2.922,48.224],[2.921,48.235],[2.982,48.22],[2.989,48.209]]]}},{"type":"Feature","properties":{"code":"77490","nom":"Vendrest","pop":686},"geometry":{"type":"Polygon","coordinates":[[[3.082,49.03],[3.076,49.053],[3.097,49.062],[3.147,49.042],[3.151,49.027],[3.082,49.03]]]}},{"type":"Feature","properties":{"code":"77492","nom":"Verdelot","pop":620},"geometry":{"type":"Polygon","coordinates":[[[3.33,48.909],[3.367,48.928],[3.369,48.894],[3.406,48.876],[3.4,48.866],[3.397,48.84],[3.391,48.838],[3.355,48.838],[3.359,48.865],[3.326,48.9],[3.33,48.909]]]}},{"type":"Feature","properties":{"code":"77493","nom":"Verneuil-l'Étang","pop":3223},"geometry":{"type":"Polygon","coordinates":[[[2.86,48.633],[2.843,48.621],[2.818,48.627],[2.805,48.642],[2.847,48.65],[2.86,48.633]]]}},{"type":"Feature","properties":{"code":"77494","nom":"Vernou-la-Celle-sur-Seine","pop":2630},"geometry":{"type":"Polygon","coordinates":[[[2.832,48.425],[2.884,48.433],[2.895,48.426],[2.878,48.389],[2.846,48.379],[2.839,48.386],[2.811,48.392],[2.832,48.425]]]}},{"type":"Feature","properties":{"code":"77495","nom":"Vert-Saint-Denis","pop":9291},"geometry":{"type":"Polygon","coordinates":[[[2.653,48.56],[2.629,48.553],[2.611,48.537],[2.596,48.545],[2.612,48.58],[2.601,48.59],[2.645,48.593],[2.655,48.58],[2.653,48.56]]]}},{"type":"Feature","properties":{"code":"77496","nom":"Vieux-Champagne","pop":192},"geometry":{"type":"Polygon","coordinates":[[[3.168,48.577],[3.125,48.576],[3.115,48.596],[3.14,48.6],[3.168,48.577]]]}},{"type":"Feature","properties":{"code":"77498","nom":"Vignely","pop":322},"geometry":{"type":"Polygon","coordinates":[[[2.806,48.917],[2.803,48.933],[2.826,48.945],[2.83,48.934],[2.806,48.917]]]}},{"type":"Feature","properties":{"code":"77500","nom":"Villebéon","pop":452},"geometry":{"type":"Polygon","coordinates":[[[2.891,48.215],[2.922,48.224],[2.962,48.209],[2.955,48.193],[2.935,48.179],[2.891,48.215]]]}},{"type":"Feature","properties":{"code":"77501","nom":"Villecerf","pop":724},"geometry":{"type":"Polygon","coordinates":[[[2.859,48.312],[2.808,48.321],[2.816,48.332],[2.871,48.344],[2.868,48.334],[2.859,48.312]]]}},{"type":"Feature","properties":{"code":"77504","nom":"Villemaréchal","pop":1055},"geometry":{"type":"Polygon","coordinates":[[[2.905,48.286],[2.92,48.274],[2.884,48.253],[2.837,48.252],[2.837,48.272],[2.839,48.285],[2.871,48.294],[2.89,48.286],[2.905,48.286]]]}},{"type":"Feature","properties":{"code":"77505","nom":"Villemareuil","pop":386},"geometry":{"type":"Polygon","coordinates":[[[2.969,48.941],[2.971,48.942],[2.997,48.93],[3.015,48.914],[3,48.9],[2.976,48.905],[2.967,48.908],[2.965,48.914],[2.958,48.933],[2.969,48.941]]]}},{"type":"Feature","properties":{"code":"77506","nom":"Villemer","pop":759},"geometry":{"type":"Polygon","coordinates":[[[2.808,48.321],[2.859,48.312],[2.871,48.294],[2.839,48.285],[2.805,48.292],[2.777,48.304],[2.773,48.321],[2.808,48.321]]]}},{"type":"Feature","properties":{"code":"77507","nom":"Villenauxe-la-Petite","pop":453},"geometry":{"type":"Polygon","coordinates":[[[3.336,48.373],[3.33,48.372],[3.311,48.373],[3.283,48.382],[3.296,48.429],[3.321,48.429],[3.338,48.419],[3.337,48.412],[3.336,48.373]]]}},{"type":"Feature","properties":{"code":"77508","nom":"Villeneuve-le-Comte","pop":1872},"geometry":{"type":"Polygon","coordinates":[[[2.841,48.833],[2.85,48.83],[2.856,48.829],[2.875,48.815],[2.869,48.792],[2.857,48.789],[2.815,48.798],[2.803,48.829],[2.841,48.833]]]}},{"type":"Feature","properties":{"code":"77509","nom":"Villeneuve-les-Bordes","pop":610},"geometry":{"type":"Polygon","coordinates":[[[3.049,48.524],[3.059,48.518],[3.058,48.514],[3.063,48.483],[3.02,48.471],[2.994,48.489],[2.992,48.505],[3.012,48.504],[3.049,48.524]]]}},{"type":"Feature","properties":{"code":"77510","nom":"Villeneuve-Saint-Denis","pop":1369},"geometry":{"type":"Polygon","coordinates":[[[2.803,48.83],[2.803,48.829],[2.815,48.798],[2.796,48.794],[2.777,48.809],[2.785,48.828],[2.803,48.83]]]}},{"type":"Feature","properties":{"code":"77511","nom":"Villeneuve-sous-Dammartin","pop":595},"geometry":{"type":"Polygon","coordinates":[[[2.658,49.037],[2.66,49.029],[2.627,49.012],[2.611,49.031],[2.643,49.044],[2.658,49.037]]]}},{"type":"Feature","properties":{"code":"77512","nom":"Villeneuve-sur-Bellot","pop":1151},"geometry":{"type":"Polygon","coordinates":[[[3.359,48.865],[3.307,48.862],[3.318,48.893],[3.326,48.9],[3.359,48.865]]]}},{"type":"Feature","properties":{"code":"77513","nom":"Villenoy","pop":5127},"geometry":{"type":"Polygon","coordinates":[[[2.872,48.944],[2.851,48.924],[2.83,48.934],[2.826,48.945],[2.826,48.945],[2.863,48.955],[2.872,48.944]]]}},{"type":"Feature","properties":{"code":"77514","nom":"Villeparisis","pop":26946},"geometry":{"type":"Polygon","coordinates":[[[2.636,48.933],[2.616,48.925],[2.603,48.929],[2.596,48.939],[2.591,48.95],[2.644,48.954],[2.636,48.933]]]}},{"type":"Feature","properties":{"code":"77515","nom":"Villeroy","pop":711},"geometry":{"type":"Polygon","coordinates":[[[2.792,48.968],[2.788,48.969],[2.753,48.991],[2.755,48.998],[2.781,48.996],[2.796,48.99],[2.803,48.964],[2.792,48.968]]]}},{"type":"Feature","properties":{"code":"77516","nom":"Ville-Saint-Jacques","pop":815},"geometry":{"type":"Polygon","coordinates":[[[2.878,48.355],[2.901,48.361],[2.933,48.352],[2.915,48.337],[2.9,48.326],[2.868,48.334],[2.871,48.344],[2.878,48.355]]]}},{"type":"Feature","properties":{"code":"77517","nom":"Villevaudé","pop":2132},"geometry":{"type":"Polygon","coordinates":[[[2.688,48.911],[2.693,48.9],[2.657,48.897],[2.645,48.904],[2.645,48.93],[2.671,48.923],[2.688,48.911]]]}},{"type":"Feature","properties":{"code":"77518","nom":"Villiers-en-Bière","pop":242},"geometry":{"type":"Polygon","coordinates":[[[2.634,48.497],[2.631,48.491],[2.584,48.478],[2.58,48.492],[2.586,48.515],[2.634,48.497]]]}},{"type":"Feature","properties":{"code":"77519","nom":"Villiers-Saint-Georges","pop":1160},"geometry":{"type":"Polygon","coordinates":[[[3.443,48.672],[3.446,48.667],[3.452,48.634],[3.447,48.628],[3.414,48.632],[3.381,48.625],[3.358,48.647],[3.387,48.662],[3.38,48.678],[3.415,48.682],[3.443,48.672]]]}},{"type":"Feature","properties":{"code":"77520","nom":"Villiers-sous-Grez","pop":706},"geometry":{"type":"Polygon","coordinates":[[[2.671,48.329],[2.647,48.298],[2.612,48.3],[2.615,48.318],[2.617,48.325],[2.671,48.329]]]}},{"type":"Feature","properties":{"code":"77521","nom":"Villiers-sur-Morin","pop":2083},"geometry":{"type":"Polygon","coordinates":[[[2.862,48.872],[2.863,48.872],[2.876,48.866],[2.886,48.862],[2.874,48.833],[2.856,48.829],[2.85,48.83],[2.862,48.872]]]}},{"type":"Feature","properties":{"code":"77522","nom":"Villiers-sur-Seine","pop":278},"geometry":{"type":"Polygon","coordinates":[[[3.397,48.435],[3.383,48.434],[3.359,48.468],[3.383,48.479],[3.384,48.478],[3.406,48.453],[3.397,48.435]]]}},{"type":"Feature","properties":{"code":"77523","nom":"Villuis","pop":272},"geometry":{"type":"Polygon","coordinates":[[[3.37,48.433],[3.37,48.433],[3.376,48.399],[3.357,48.379],[3.337,48.412],[3.338,48.419],[3.37,48.433]]]}},{"type":"Feature","properties":{"code":"77524","nom":"Vimpelles","pop":512},"geometry":{"type":"Polygon","coordinates":[[[3.168,48.423],[3.16,48.425],[3.145,48.458],[3.142,48.465],[3.167,48.468],[3.187,48.445],[3.194,48.432],[3.168,48.423]]]}},{"type":"Feature","properties":{"code":"77525","nom":"Vinantes","pop":381},"geometry":{"type":"Polygon","coordinates":[[[2.753,48.991],[2.747,48.991],[2.725,48.997],[2.721,49.008],[2.755,49.011],[2.755,48.998],[2.753,48.991]]]}},{"type":"Feature","properties":{"code":"77526","nom":"Vincy-Manœuvre","pop":271},"geometry":{"type":"Polygon","coordinates":[[[2.941,49.071],[2.937,49.079],[2.946,49.088],[2.971,49.089],[2.975,49.075],[2.965,49.059],[2.953,49.061],[2.941,49.071]]]}},{"type":"Feature","properties":{"code":"77527","nom":"Voinsles","pop":580},"geometry":{"type":"Polygon","coordinates":[[[3.025,48.646],[3.017,48.646],[3.009,48.663],[2.975,48.669],[2.974,48.671],[2.977,48.69],[3.009,48.712],[3.018,48.716],[3.056,48.707],[3.051,48.663],[3.025,48.646]]]}},{"type":"Feature","properties":{"code":"77528","nom":"Voisenon","pop":1170},"geometry":{"type":"Polygon","coordinates":[[[2.655,48.58],[2.674,48.579],[2.667,48.559],[2.653,48.56],[2.655,48.58]]]}},{"type":"Feature","properties":{"code":"77529","nom":"Voulangis","pop":1541},"geometry":{"type":"Polygon","coordinates":[[[2.856,48.829],[2.874,48.833],[2.886,48.862],[2.908,48.839],[2.875,48.815],[2.856,48.829]]]}},{"type":"Feature","properties":{"code":"77530","nom":"Voulton","pop":295},"geometry":{"type":"Polygon","coordinates":[[[3.381,48.625],[3.375,48.604],[3.357,48.592],[3.334,48.581],[3.311,48.591],[3.295,48.609],[3.303,48.622],[3.313,48.63],[3.352,48.646],[3.358,48.647],[3.381,48.625]]]}},{"type":"Feature","properties":{"code":"77531","nom":"Voulx","pop":1626},"geometry":{"type":"Polygon","coordinates":[[[2.971,48.313],[2.988,48.315],[2.99,48.273],[2.947,48.271],[2.949,48.291],[2.971,48.313]]]}},{"type":"Feature","properties":{"code":"77532","nom":"Vulaines-lès-Provins","pop":80},"geometry":{"type":"Polygon","coordinates":[[[3.248,48.569],[3.25,48.562],[3.243,48.559],[3.236,48.551],[3.197,48.548],[3.191,48.567],[3.221,48.58],[3.248,48.569]]]}},{"type":"Feature","properties":{"code":"77533","nom":"Vulaines-sur-Seine","pop":2730},"geometry":{"type":"Polygon","coordinates":[[[2.746,48.43],[2.751,48.445],[2.806,48.427],[2.804,48.424],[2.746,48.43]]]}},{"type":"Feature","properties":{"code":"77534","nom":"Yèbles","pop":980},"geometry":{"type":"Polygon","coordinates":[[[2.79,48.622],[2.78,48.616],[2.748,48.623],[2.739,48.635],[2.741,48.649],[2.746,48.651],[2.765,48.645],[2.795,48.657],[2.805,48.652],[2.79,48.622]]]}}]}