{"type":"FeatureCollection","features":[{"type":"Feature","properties":{"code":"01001","nom":"L'Abergement-Clémenciat","pop":860},"geometry":{"type":"Polygon","coordinates":[[[4.9584,46.1533],[4.9516,46.1474],[4.9508,46.1491],[4.9478,46.1496],[4.9414,46.1445],[4.941,46.1419],[4.9384,46.1373],[4.941,46.1342],[4.9398,46.1297],[4.9381,46.1275],[4.934,46.1244],[4.9313,46.1249],[4.9307,46.1211],[4.9262,46.12],[4.9219,46.1204],[4.9232,46.1229],[4.9224,46.1267],[4.9168,46.1273],[4.9092,46.1293],[4.9081,46.1333],[4.9093,46.136],[4.9117,46.1366],[4.9116,46.1402],[4.9141,46.1406],[4.9161,46.1454],[4.912,46.1474],[4.9118,46.1505],[4.9093,46.1546],[4.906,46.1572],[4.9028,46.158],[4.905,46.1608],[4.9058,46.1624],[4.9055,46.1675],[4.9082,46.1718],[4.9079,46.1738],[4.9087,46.1786],[4.9146,46.1838],[4.9237,46.1825],[4.9274,46.1838],[4.9329,46.1835],[4.9354,46.1806],[4.94,46.1767],[4.9385,46.1724],[4.9359,46.1697],[4.9326,46.1686],[4.9336,46.1657],[4.9317,46.1649],[4.9315,46.1623],[4.937,46.1633],[4.9373,46.1609],[4.9421,46.1602],[4.9437,46.1569],[4.9477,46.157],[4.9584,46.1533]]]}},{"type":"Feature","properties":{"code":"01002","nom":"L'Abergement-de-Varey","pop":270},"geometry":{"type":"Polygon","coordinates":[[[5.4302,45.9828],[5.4245,45.9865],[5.426,45.9935],[5.426,45.997],[5.4206,45.9984],[5.4162,46.0006],[5.4044,46.0078],[5.4089,46.0139],[5.4141,46.0187],[5.4179,46.0203],[5.4206,46.0232],[5.4212,46.028],[5.4249,46.0315],[5.4331,46.0296],[5.437,46.03],[5.4416,46.0256],[5.4407,46.0228],[5.4421,46.0196],[5.4447,46.0172],[5.445,46.0135],[5.4429,46.0106],[5.4434,46.009],[5.4415,46.0062],[5.4413,46.0022],[5.4404,46.0004],[5.4411,45.9978],[5.4373,45.9903],[5.4349,45.9879],[5.4349,45.9851],[5.4302,45.9828]]]}},{"type":"Feature","properties":{"code":"01004","nom":"Ambérieu-en-Bugey","pop":15934},"geometry":{"type":"Polygon","coordinates":[[[5.4088,45.9421],[5.4008,45.9427],[5.3933,45.9399],[5.3905,45.9372],[5.3889,45.9332],[5.3864,45.9312],[5.3827,45.9334],[5.3771,45.9338],[5.3737,45.9364],[5.3704,45.9404],[5.3733,45.9424],[5.3722,45.9449],[5.3683,45.9438],[5.3657,45.9447],[5.3649,45.9475],[5.3558,45.9476],[5.355,45.9499],[5.3484,45.9486],[5.3474,45.9509],[5.3428,45.9505],[5.3413,45.9485],[5.3361,45.9535],[5.3281,45.9557],[5.3274,45.9567],[5.3305,45.972],[5.3307,45.9762],[5.3375,45.9839],[5.3469,45.9826],[5.356,45.9829],[5.3561,45.9812],[5.3599,45.9814],[5.366,45.9773],[5.3698,45.9767],[5.3724,45.9739],[5.3751,45.9743],[5.3851,45.9743],[5.3877,45.9771],[5.3912,45.9785],[5.396,45.9788],[5.3968,45.9819],[5.4028,45.9794],[5.4075,45.978],[5.4111,45.9799],[5.4135,45.9789],[5.4137,45.9739],[5.4118,45.9716],[5.4113,45.9663],[5.4097,45.9655],[5.4105,45.9624],[5.4085,45.9601],[5.408,45.9562],[5.4094,45.9504],[5.4088,45.9421]]]}},{"type":"Feature","properties":{"code":"01005","nom":"Ambérieux-en-Dombes","pop":1906},"geometry":{"type":"Polygon","coordinates":[[[4.943,45.9796],[4.9373,45.9789],[4.9368,45.9802],[4.9332,45.9809],[4.9275,45.98],[4.9195,45.9826],[4.9105,45.9822],[4.8958,45.9799],[4.8925,45.9817],[4.8908,45.9838],[4.8808,45.9858],[4.877,45.9866],[4.8766,45.9893],[4.8816,45.999],[4.8871,46.0024],[4.888,46.0121],[4.886,46.0134],[4.8865,46.016],[4.888,46.0165],[4.8956,46.0149],[4.8969,46.0173],[4.902,46.0166],[4.903,46.0189],[4.9098,46.0191],[4.9108,46.0179],[4.9102,46.0146],[4.9138,46.0147],[4.9159,46.0127],[4.9146,46.0113],[4.9152,46.0085],[4.9203,46.007],[4.9228,46.0054],[4.9269,46.0059],[4.9311,46.0073],[4.9323,46.0041],[4.9359,46.0024],[4.9418,46.0017],[4.9476,46.0004],[4.9468,45.9963],[4.9481,45.9945],[4.9463,45.9916],[4.9458,45.9887],[4.9482,45.9876],[4.9479,45.9835],[4.9467,45.9813],[4.9431,45.9821],[4.943,45.9796]]]}},{"type":"Feature","properties":{"code":"01006","nom":"Ambléon","pop":115},"geometry":{"type":"Polygon","coordinates":[[[5.5708,45.7534],[5.574,45.7539],[5.5791,45.7586],[5.5816,45.762],[5.584,45.7628],[5.5906,45.76],[5.5971,45.7599],[5.6006,45.7581],[5.6027,45.7602],[5.609,45.7594],[5.6115,45.7553],[5.6112,45.7492],[5.6123,45.7424],[5.6111,45.7418],[5.6147,45.7349],[5.6071,45.7342],[5.6047,45.7402],[5.5952,45.7426],[5.5949,45.7432],[5.5813,45.7407],[5.5787,45.7448],[5.5762,45.7467],[5.5708,45.7534]]]}},{"type":"Feature","properties":{"code":"01007","nom":"Ambronay","pop":2841},"geometry":{"type":"Polygon","coordinates":[[[5.4245,45.9865],[5.42,45.9811],[5.4135,45.9789],[5.4111,45.9799],[5.4075,45.978],[5.4028,45.9794],[5.3968,45.9819],[5.3909,45.9853],[5.3849,45.9856],[5.3782,45.9878],[5.3773,45.9901],[5.3828,45.9904],[5.3794,45.9936],[5.3736,45.9936],[5.3712,45.9949],[5.3636,45.994],[5.3597,45.9955],[5.357,45.9916],[5.3528,45.9921],[5.3482,45.984],[5.3469,45.9826],[5.3375,45.9839],[5.3232,45.9908],[5.3178,45.9925],[5.3158,45.9941],[5.3099,45.9945],[5.3043,45.9967],[5.2993,45.9971],[5.3045,45.9998],[5.3064,46.0015],[5.3044,46.0056],[5.3105,46.0106],[5.3107,46.0137],[5.3098,46.0171],[5.3114,46.0255],[5.3144,46.0304],[5.3246,46.0418],[5.3349,46.0378],[5.3373,46.037],[5.3377,46.034],[5.3425,46.033],[5.3513,46.0294],[5.3499,46.0265],[5.3541,46.0239],[5.358,46.023],[5.3615,46.0233],[5.363,46.022],[5.3713,46.0201],[5.3754,46.0166],[5.3821,46.016],[5.386,46.0147],[5.3875,46.0129],[5.3921,46.0116],[5.3946,46.0118],[5.3978,46.0102],[5.4044,46.0078],[5.4162,46.0006],[5.4206,45.9984],[5.426,45.997],[5.426,45.9935],[5.4245,45.9865]]]}},{"type":"Feature","properties":{"code":"01008","nom":"Ambutrix","pop":760},"geometry":{"type":"Polygon","coordinates":[[[5.3422,45.945],[5.3536,45.9412],[5.3555,45.9411],[5.3621,45.9371],[5.3596,45.9355],[5.3559,45.9365],[5.3528,45.9357],[5.3498,45.9362],[5.346,45.9316],[5.3366,45.931],[5.3349,45.9292],[5.3307,45.9276],[5.3219,45.9261],[5.3219,45.9224],[5.3157,45.929],[5.3179,45.9324],[5.3148,45.9351],[5.3118,45.9349],[5.3098,45.9406],[5.3099,45.9428],[5.314,45.9432],[5.3233,45.9433],[5.3255,45.9426],[5.3313,45.9436],[5.3373,45.9471],[5.3422,45.945]]]}},{"type":"Feature","properties":{"code":"01009","nom":"Andert-et-Condon","pop":348},"geometry":{"type":"Polygon","coordinates":[[[5.6479,45.7635],[5.6469,45.7649],[5.6474,45.7681],[5.6466,45.7718],[5.648,45.7721],[5.6465,45.7767],[5.6494,45.7796],[5.6522,45.7799],[5.6548,45.7825],[5.6545,45.7845],[5.6514,45.7885],[5.6476,45.792],[5.6465,45.7963],[5.6438,45.7996],[5.6424,45.8031],[5.6431,45.8049],[5.6424,45.8076],[5.6467,45.8062],[5.6543,45.808],[5.6564,45.8059],[5.6603,45.8051],[5.6616,45.8027],[5.6663,45.8018],[5.6667,45.7954],[5.6746,45.7918],[5.6784,45.7918],[5.6789,45.7901],[5.677,45.7866],[5.6753,45.7862],[5.6728,45.783],[5.6691,45.7803],[5.6686,45.7787],[5.6625,45.7765],[5.6595,45.7748],[5.6582,45.7727],[5.6586,45.7682],[5.6568,45.7674],[5.6583,45.765],[5.6561,45.7629],[5.6566,45.7602],[5.6518,45.7611],[5.6479,45.7635]]]}},{"type":"Feature","properties":{"code":"01010","nom":"Anglefort","pop":1174},"geometry":{"type":"Polygon","coordinates":[[[5.8163,45.9366],[5.8214,45.9334],[5.8251,45.9386],[5.8292,45.9383],[5.8263,45.9361],[5.8227,45.9307],[5.8226,45.927],[5.8284,45.9207],[5.8297,45.9162],[5.8291,45.9131],[5.8262,45.9038],[5.82,45.8885],[5.8152,45.8772],[5.8065,45.8768],[5.7934,45.8801],[5.7861,45.8823],[5.7747,45.8819],[5.7599,45.8889],[5.7607,45.8919],[5.7608,45.9037],[5.764,45.9128],[5.767,45.9171],[5.7676,45.924],[5.7688,45.9264],[5.7689,45.9304],[5.7664,45.936],[5.796,45.9393],[5.8034,45.9404],[5.8115,45.9373],[5.8163,45.9366]]]}},{"type":"Feature","properties":{"code":"01011","nom":"Apremont","pop":415},"geometry":{"type":"Polygon","coordinates":[[[5.6411,46.2173],[5.6454,46.2199],[5.6477,46.222],[5.6507,46.2232],[5.6594,46.2238],[5.6585,46.2269],[5.6611,46.2312],[5.6657,46.2302],[5.6833,46.2239],[5.6941,46.2213],[5.6915,46.2199],[5.6903,46.2142],[5.6882,46.2144],[5.6836,46.2087],[5.6786,46.2063],[5.6718,46.2],[5.6704,46.1968],[5.6573,46.1863],[5.6553,46.1811],[5.654,46.18],[5.6439,46.1779],[5.6346,46.179],[5.6354,46.1847],[5.637,46.1881],[5.6345,46.1951],[5.6302,46.1987],[5.6309,46.2001],[5.6344,46.2015],[5.6355,46.206],[5.6374,46.2093],[5.6374,46.2129],[5.6383,46.2159],[5.6411,46.2173]]]}},{"type":"Feature","properties":{"code":"01012","nom":"Aranc","pop":331},"geometry":{"type":"Polygon","coordinates":[[[5.5173,46.0237],[5.5187,46.0239],[5.5224,46.0195],[5.5289,46.0164],[5.5397,46.0149],[5.5485,46.015],[5.5508,46.0162],[5.5524,46.0106],[5.5548,46.0059],[5.5536,46.0047],[5.5513,45.9978],[5.5513,45.9945],[5.5414,45.9944],[5.5295,45.984],[5.5232,45.9839],[5.5231,45.9828],[5.5081,45.9842],[5.4919,45.9862],[5.4911,45.9849],[5.4907,45.9793],[5.4811,45.9704],[5.479,45.9722],[5.4799,45.9749],[5.4779,45.9791],[5.4757,45.9807],[5.4757,45.9889],[5.4732,45.9896],[5.4789,45.9949],[5.4797,45.9981],[5.4797,46.0034],[5.4806,46.0053],[5.4804,46.0117],[5.4828,46.0153],[5.4833,46.0207],[5.4856,46.02],[5.4887,46.0218],[5.4928,46.0214],[5.4957,46.0234],[5.4967,46.0203],[5.5044,46.0209],[5.5104,46.0231],[5.5163,46.0228],[5.5173,46.0237]]]}},{"type":"Feature","properties":{"code":"01013","nom":"Arandas","pop":138},"geometry":{"type":"Polygon","coordinates":[[[5.4647,45.9141],[5.4691,45.9139],[5.4756,45.9145],[5.4742,45.92],[5.4779,45.9211],[5.4868,45.9151],[5.491,45.9142],[5.4916,45.9101],[5.4934,45.9081],[5.4939,45.9053],[5.5047,45.9039],[5.5159,45.8897],[5.5237,45.891],[5.5261,45.8899],[5.5315,45.8845],[5.5299,45.8812],[5.5261,45.8802],[5.5228,45.8772],[5.5215,45.8723],[5.5219,45.8689],[5.5237,45.8643],[5.5252,45.863],[5.5224,45.8609],[5.5239,45.8593],[5.5126,45.8559],[5.5109,45.8591],[5.5058,45.8646],[5.4993,45.8759],[5.5016,45.8768],[5.5,45.8825],[5.4958,45.885],[5.4916,45.8896],[5.4892,45.8889],[5.4868,45.8846],[5.4852,45.8851],[5.4822,45.8898],[5.4787,45.8902],[5.4769,45.8943],[5.4739,45.895],[5.4725,45.8974],[5.472,45.9013],[5.4692,45.9018],[5.4656,45.9043],[5.4649,45.9063],[5.4656,45.911],[5.4647,45.9141]]]}},{"type":"Feature","properties":{"code":"01014","nom":"Arbent","pop":3555},"geometry":{"type":"Polygon","coordinates":[[[5.6845,46.311],[5.6922,46.3095],[5.6946,46.3102],[5.708,46.3102],[5.7146,46.309],[5.7167,46.3019],[5.7182,46.3005],[5.7193,46.2935],[5.7157,46.2829],[5.716,46.2799],[5.7186,46.2729],[5.7206,46.2692],[5.7195,46.2644],[5.7252,46.2607],[5.7198,46.2578],[5.7133,46.2566],[5.7015,46.2579],[5.6962,46.2581],[5.6871,46.2607],[5.6839,46.2623],[5.6777,46.2627],[5.6507,46.2746],[5.6528,46.2791],[5.6552,46.2818],[5.659,46.2885],[5.6594,46.2919],[5.6629,46.2972],[5.6661,46.2989],[5.6672,46.3012],[5.6692,46.3014],[5.6727,46.3053],[5.6773,46.3075],[5.6806,46.3077],[5.6845,46.311]]]}},{"type":"Feature","properties":{"code":"01015","nom":"Arboys en Bugey","pop":710},"geometry":{"type":"Polygon","coordinates":[[[5.6763,45.6966],[5.6723,45.6963],[5.6694,45.697],[5.6668,45.6938],[5.6654,45.6961],[5.6611,45.6938],[5.6608,45.6953],[5.6575,45.6988],[5.6529,45.6998],[5.6528,45.6966],[5.6443,45.6961],[5.644,45.6916],[5.6405,45.6925],[5.6373,45.69],[5.6396,45.6873],[5.637,45.6857],[5.6375,45.6838],[5.6341,45.683],[5.6317,45.68],[5.6255,45.6794],[5.6228,45.6765],[5.6176,45.6743],[5.6129,45.6836],[5.6119,45.6886],[5.6129,45.6906],[5.6085,45.6987],[5.6069,45.7003],[5.6052,45.706],[5.6053,45.7079],[5.6076,45.7061],[5.6118,45.7073],[5.622,45.7112],[5.6194,45.7152],[5.62,45.7172],[5.6233,45.7198],[5.6261,45.7176],[5.6295,45.7179],[5.6286,45.7197],[5.6342,45.7211],[5.6364,45.7231],[5.6364,45.7264],[5.6375,45.7274],[5.6383,45.7344],[5.6416,45.74],[5.6406,45.748],[5.6434,45.7532],[5.6433,45.7566],[5.6456,45.7613],[5.6479,45.7635],[5.6518,45.7611],[5.6566,45.7602],[5.6555,45.7574],[5.6572,45.7554],[5.6571,45.751],[5.6604,45.7475],[5.6596,45.7456],[5.6603,45.7431],[5.6579,45.7368],[5.659,45.7335],[5.6579,45.7318],[5.6604,45.7284],[5.66,45.7259],[5.6635,45.7224],[5.6637,45.7204],[5.6679,45.7148],[5.6684,45.7109],[5.6714,45.7089],[5.6765,45.7084],[5.6763,45.6966]]]}},{"type":"Feature","properties":{"code":"01016","nom":"Arbigny","pop":462},"geometry":{"type":"Polygon","coordinates":[[[4.9271,46.4993],[4.9293,46.5042],[4.9385,46.4999],[4.948,46.498],[4.9425,46.4875],[4.9441,46.4865],[4.9497,46.4908],[4.9581,46.4869],[4.9636,46.4852],[4.9724,46.484],[4.9758,46.4826],[4.9788,46.4839],[4.9817,46.4826],[4.9881,46.483],[4.9916,46.4824],[5.0004,46.479],[5.0006,46.4775],[5.0068,46.478],[5.0084,46.4765],[5.0055,46.4727],[5.0065,46.469],[5.0025,46.467],[5.0074,46.4624],[5.0034,46.4628],[4.9974,46.4621],[4.9975,46.4596],[4.9889,46.4602],[4.9811,46.458],[4.9784,46.459],[4.976,46.4575],[4.9724,46.46],[4.9632,46.4607],[4.9618,46.4617],[4.9557,46.4627],[4.9513,46.4678],[4.9518,46.4691],[4.9428,46.4704],[4.9279,46.4741],[4.924,46.4754],[4.9225,46.4803],[4.9145,46.4814],[4.9144,46.4853],[4.9155,46.4888],[4.9192,46.4927],[4.9255,46.497],[4.9271,46.4993]]]}},{"type":"Feature","properties":{"code":"01017","nom":"Argis","pop":419},"geometry":{"type":"Polygon","coordinates":[[[5.466,45.9502],[5.4696,45.9497],[5.4724,45.9477],[5.4779,45.9463],[5.4802,45.9448],[5.4889,45.9482],[5.4909,45.9462],[5.491,45.9441],[5.4956,45.9403],[5.4986,45.9399],[5.5014,45.9409],[5.5039,45.9394],[5.5011,45.9355],[5.5011,45.9321],[5.4986,45.9307],[5.5009,45.927],[5.4991,45.9254],[5.4969,45.9193],[5.4952,45.9173],[5.4919,45.9163],[5.491,45.9142],[5.4868,45.9151],[5.4779,45.9211],[5.4742,45.92],[5.4731,45.9226],[5.4744,45.9255],[5.4719,45.9291],[5.4679,45.9324],[5.4639,45.9349],[5.4598,45.9422],[5.4603,45.945],[5.4649,45.9471],[5.466,45.9502]]]}},{"type":"Feature","properties":{"code":"01019","nom":"Armix","pop":25},"geometry":{"type":"Polygon","coordinates":[[[5.5945,45.863],[5.6076,45.8547],[5.6129,45.8532],[5.6093,45.8484],[5.6002,45.8486],[5.5938,45.8445],[5.5921,45.8446],[5.5875,45.8417],[5.5861,45.8387],[5.5819,45.8421],[5.5746,45.8452],[5.5734,45.8456],[5.5661,45.852],[5.5573,45.8573],[5.5622,45.8595],[5.5566,45.8616],[5.5544,45.863],[5.5587,45.8652],[5.5614,45.8657],[5.5658,45.8644],[5.5674,45.8649],[5.5724,45.8636],[5.5742,45.8657],[5.5791,45.8647],[5.5812,45.863],[5.5867,45.8657],[5.5895,45.8611],[5.5945,45.863]]]}},{"type":"Feature","properties":{"code":"01021","nom":"Ars-sur-Formans","pop":1528},"geometry":{"type":"Polygon","coordinates":[[[4.8018,46.0072],[4.8083,46.0075],[4.8104,46.0059],[4.8225,46.0044],[4.8328,46.003],[4.8343,45.9953],[4.8363,45.9908],[4.8368,45.9879],[4.8364,45.983],[4.8376,45.9788],[4.8373,45.9733],[4.829,45.9793],[4.813,45.9873],[4.8115,45.9892],[4.8088,45.9961],[4.8013,46.0012],[4.8018,46.0072]]]}},{"type":"Feature","properties":{"code":"01022","nom":"Artemare","pop":1139},"geometry":{"type":"Polygon","coordinates":[[[5.6982,45.8617],[5.6934,45.8604],[5.6904,45.8631],[5.6828,45.8615],[5.6772,45.8632],[5.678,45.8684],[5.6772,45.8702],[5.6791,45.8741],[5.6781,45.8766],[5.6792,45.879],[5.6849,45.8779],[5.6903,45.8791],[5.6921,45.877],[5.6962,45.8769],[5.7034,45.8748],[5.7022,45.8714],[5.7022,45.8667],[5.6995,45.866],[5.7013,45.8638],[5.7042,45.8648],[5.7069,45.8629],[5.7047,45.8612],[5.7029,45.8619],[5.6982,45.8617]]]}},{"type":"Feature","properties":{"code":"01023","nom":"Asnières-sur-Saône","pop":78},"geometry":{"type":"Polygon","coordinates":[[[4.8763,46.3695],[4.8746,46.369],[4.8694,46.371],[4.8715,46.3728],[4.8657,46.3757],[4.872,46.3823],[4.8741,46.3849],[4.8758,46.3878],[4.8796,46.3919],[4.8835,46.3979],[4.888,46.4027],[4.8951,46.4009],[4.8981,46.399],[4.8961,46.3928],[4.8944,46.3916],[4.896,46.3845],[4.8937,46.3802],[4.8919,46.3808],[4.889,46.3759],[4.8869,46.376],[4.8822,46.3714],[4.8794,46.3723],[4.8763,46.3695]]]}},{"type":"Feature","properties":{"code":"01024","nom":"Attignat","pop":3409},"geometry":{"type":"Polygon","coordinates":[[[5.2173,46.2931],[5.2152,46.2875],[5.2129,46.2861],[5.1998,46.2848],[5.2017,46.279],[5.1982,46.2781],[5.1947,46.2763],[5.193,46.2734],[5.1899,46.2751],[5.1884,46.2743],[5.1889,46.2717],[5.1849,46.2664],[5.1773,46.2624],[5.1768,46.2595],[5.171,46.2596],[5.1695,46.258],[5.1626,46.2562],[5.1577,46.2583],[5.1569,46.2611],[5.1601,46.2648],[5.1586,46.2656],[5.1565,46.2692],[5.1586,46.2702],[5.1582,46.2721],[5.1555,46.2728],[5.152,46.2721],[5.1508,46.2755],[5.1512,46.2776],[5.146,46.2856],[5.1449,46.2862],[5.1458,46.2918],[5.1441,46.2968],[5.1481,46.2987],[5.1498,46.3],[5.1604,46.302],[5.1618,46.3002],[5.1683,46.3005],[5.173,46.2973],[5.1808,46.2972],[5.1846,46.2988],[5.1907,46.2997],[5.1898,46.3025],[5.1938,46.3024],[5.1938,46.3056],[5.2017,46.3053],[5.2022,46.3073],[5.2069,46.3101],[5.2104,46.3113],[5.2102,46.3128],[5.2153,46.3136],[5.2156,46.3152],[5.22,46.315],[5.2179,46.3104],[5.2178,46.3076],[5.2154,46.3027],[5.2173,46.2931]]]}},{"type":"Feature","properties":{"code":"01025","nom":"Bâgé-Dommartin","pop":4050},"geometry":{"type":"Polygon","coordinates":[[[4.9919,46.2911],[4.9861,46.291],[4.9857,46.2926],[4.9821,46.2946],[4.9773,46.2961],[4.974,46.2961],[4.9669,46.2972],[4.9646,46.2962],[4.9635,46.293],[4.9554,46.2931],[4.9534,46.2922],[4.9471,46.2937],[4.9463,46.2925],[4.9419,46.2938],[4.938,46.2925],[4.9389,46.2905],[4.9358,46.2877],[4.9308,46.287],[4.9286,46.2854],[4.9186,46.2888],[4.9193,46.2931],[4.9211,46.2947],[4.9262,46.303],[4.9264,46.3044],[4.9297,46.3032],[4.9352,46.3035],[4.9341,46.3077],[4.9324,46.3098],[4.9378,46.311],[4.9375,46.3131],[4.9268,46.3127],[4.9265,46.311],[4.9233,46.3081],[4.9209,46.3078],[4.9162,46.31],[4.9131,46.3124],[4.91,46.3165],[4.9055,46.3183],[4.9087,46.3221],[4.9125,46.3208],[4.9154,46.3235],[4.9171,46.3269],[4.9204,46.3296],[4.9215,46.3333],[4.9178,46.3379],[4.9155,46.3376],[4.9151,46.3402],[4.9129,46.3424],[4.913,46.3453],[4.9148,46.3463],[4.9164,46.3494],[4.9213,46.3487],[4.9227,46.3502],[4.9252,46.3556],[4.9242,46.3578],[4.9252,46.3607],[4.9275,46.3628],[4.9284,46.367],[4.9331,46.3678],[4.9425,46.3698],[4.9487,46.3697],[4.9486,46.3673],[4.9585,46.3598],[4.9603,46.3567],[4.9638,46.3568],[4.967,46.3557],[4.9702,46.3533],[4.9759,46.3529],[4.9805,46.3551],[4.98,46.3583],[4.9831,46.3595],[4.9876,46.3583],[4.9943,46.3595],[4.9992,46.3585],[5.0007,46.3573],[5.0066,46.3556],[5.0137,46.3514],[5.0179,46.3473],[5.0192,46.3439],[5.0232,46.341],[5.0282,46.3394],[5.0333,46.333],[5.035,46.3327],[5.0353,46.3314],[5.0304,46.3273],[5.0306,46.3243],[5.0292,46.3212],[5.026,46.3191],[5.0236,46.3173],[5.0153,46.3189],[5.0142,46.3167],[5.0115,46.3169],[5.0091,46.3152],[5.0071,46.3115],[5.009,46.3088],[5.0087,46.3067],[5.0116,46.3046],[5.0108,46.3007],[5.0065,46.3016],[5.0055,46.296],[5.0044,46.2946],[5.0004,46.2933],[4.9967,46.2939],[4.9951,46.291],[4.9919,46.2911]]]}},{"type":"Feature","properties":{"code":"01026","nom":"Bâgé-le-Châtel","pop":971},"geometry":{"type":"Polygon","coordinates":[[[4.9264,46.3044],[4.9231,46.3051],[4.9209,46.3078],[4.9233,46.3081],[4.9265,46.311],[4.9268,46.3127],[4.9375,46.3131],[4.9378,46.311],[4.9324,46.3098],[4.9341,46.3077],[4.9352,46.3035],[4.9297,46.3032],[4.9264,46.3044]]]}},{"type":"Feature","properties":{"code":"01027","nom":"Balan","pop":3077},"geometry":{"type":"Polygon","coordinates":[[[5.1015,45.8136],[5.0924,45.8121],[5.0883,45.8181],[5.0828,45.8221],[5.0788,45.8242],[5.0798,45.8272],[5.0795,45.8317],[5.0777,45.8353],[5.0741,45.8354],[5.075,45.8362],[5.0762,45.8432],[5.0819,45.8443],[5.0829,45.8433],[5.0901,45.8458],[5.0888,45.8488],[5.0946,45.8487],[5.0953,45.8544],[5.0987,45.8557],[5.0999,45.8528],[5.1049,45.8526],[5.1086,45.8537],[5.1113,45.8534],[5.11,45.8492],[5.1179,45.8488],[5.1237,45.8497],[5.1241,45.8482],[5.1411,45.8446],[5.1367,45.8286],[5.1344,45.8274],[5.1276,45.818],[5.1261,45.8138],[5.1218,45.8111],[5.1134,45.8104],[5.1119,45.8075],[5.1145,45.8023],[5.114,45.7981],[5.1094,45.7981],[5.1064,45.7999],[5.1051,45.8035],[5.1056,45.8079],[5.1037,45.8139],[5.1015,45.8136]]]}},{"type":"Feature","properties":{"code":"01028","nom":"Baneins","pop":621},"geometry":{"type":"Polygon","coordinates":[[[4.9262,46.12],[4.9284,46.113],[4.9254,46.1089],[4.9175,46.109],[4.9171,46.1076],[4.9139,46.1065],[4.9022,46.1023],[4.8928,46.0985],[4.885,46.0939],[4.8817,46.1016],[4.8812,46.1048],[4.8805,46.1124],[4.8808,46.1182],[4.8846,46.1206],[4.8898,46.1255],[4.8928,46.1277],[4.8955,46.1268],[4.9022,46.1275],[4.9042,46.1261],[4.9092,46.1293],[4.9168,46.1273],[4.9224,46.1267],[4.9232,46.1229],[4.9219,46.1204],[4.9262,46.12]]]}},{"type":"Feature","properties":{"code":"01029","nom":"Beaupont","pop":734},"geometry":{"type":"Polygon","coordinates":[[[5.246,46.4137],[5.2422,46.4153],[5.2415,46.419],[5.2446,46.42],[5.2505,46.4185],[5.255,46.4228],[5.2433,46.4304],[5.2403,46.4349],[5.2394,46.4409],[5.2409,46.4426],[5.2407,46.4451],[5.2437,46.4471],[5.2427,46.4493],[5.2334,46.4551],[5.2361,46.4578],[5.2418,46.4612],[5.248,46.4591],[5.2483,46.4581],[5.2552,46.4553],[5.2564,46.4507],[5.2584,46.4499],[5.265,46.4514],[5.2725,46.4499],[5.2737,46.4485],[5.2751,46.4472],[5.2745,46.4447],[5.2764,46.443],[5.2771,46.4394],[5.2789,46.4354],[5.2777,46.4319],[5.275,46.4302],[5.2684,46.43],[5.2648,46.4307],[5.2655,46.4274],[5.2692,46.4244],[5.2677,46.4193],[5.2744,46.4167],[5.277,46.4169],[5.2819,46.4128],[5.284,46.4064],[5.2827,46.404],[5.2766,46.4042],[5.2764,46.3999],[5.2798,46.3997],[5.281,46.3983],[5.291,46.3977],[5.2917,46.3943],[5.2844,46.3956],[5.2813,46.3939],[5.272,46.3984],[5.2693,46.3978],[5.2669,46.3996],[5.2659,46.402],[5.2635,46.4018],[5.2627,46.404],[5.2601,46.4049],[5.2559,46.4047],[5.254,46.4081],[5.246,46.4137]]]}},{"type":"Feature","properties":{"code":"01030","nom":"Beauregard","pop":872},"geometry":{"type":"Polygon","coordinates":[[[4.7487,46.0028],[4.7492,46.0036],[4.7544,46.0031],[4.7597,46.0058],[4.7621,46.0062],[4.7646,46.0016],[4.7631,45.997],[4.7567,45.9964],[4.7557,45.9971],[4.7494,45.9961],[4.7487,46.0028]]]}},{"type":"Feature","properties":{"code":"01031","nom":"Bellignat","pop":3525},"geometry":{"type":"Polygon","coordinates":[[[5.6135,46.2405],[5.6167,46.2469],[5.6205,46.251],[5.6299,46.2568],[5.636,46.2606],[5.6356,46.2556],[5.639,46.251],[5.6387,46.2446],[5.6408,46.2447],[5.6467,46.2418],[5.6611,46.2312],[5.6585,46.2269],[5.6594,46.2238],[5.6507,46.2232],[5.6477,46.222],[5.6454,46.2199],[5.6351,46.2269],[5.6261,46.2315],[5.6186,46.234],[5.6132,46.2371],[5.6135,46.2405]]]}},{"type":"Feature","properties":{"code":"01032","nom":"Béligneux","pop":3535},"geometry":{"type":"Polygon","coordinates":[[[5.1411,45.8446],[5.1241,45.8482],[5.1237,45.8497],[5.1179,45.8488],[5.11,45.8492],[5.1113,45.8534],[5.1156,45.856],[5.1138,45.8621],[5.1158,45.8636],[5.1163,45.8658],[5.1141,45.8676],[5.1162,45.8686],[5.1126,45.8711],[5.1144,45.8721],[5.1159,45.8761],[5.1138,45.8796],[5.1172,45.8812],[5.1278,45.881],[5.1352,45.879],[5.1362,45.8764],[5.1406,45.8703],[5.1463,45.8669],[5.1474,45.8655],[5.1481,45.8635],[5.1538,45.8635],[5.1633,45.8672],[5.1731,45.8624],[5.173,45.8543],[5.1723,45.85],[5.1704,45.8462],[5.1708,45.8442],[5.1666,45.8424],[5.1605,45.8433],[5.1474,45.8433],[5.1411,45.8446]]]}},{"type":"Feature","properties":{"code":"01033","nom":"Valserhône","pop":16712},"geometry":{"type":"Polygon","coordinates":[[[5.8563,46.0865],[5.8441,46.0954],[5.8414,46.1007],[5.8318,46.1062],[5.8284,46.1059],[5.8245,46.1039],[5.821,46.1043],[5.8202,46.1025],[5.8224,46.1012],[5.8237,46.0976],[5.8232,46.0935],[5.8219,46.0897],[5.8175,46.086],[5.8178,46.0838],[5.8151,46.0803],[5.8112,46.0785],[5.8087,46.0785],[5.8053,46.0814],[5.8032,46.0848],[5.7991,46.0845],[5.8045,46.0854],[5.8034,46.089],[5.8004,46.0923],[5.7976,46.0934],[5.7919,46.0977],[5.7795,46.0972],[5.7795,46.0963],[5.7646,46.0997],[5.7569,46.1019],[5.7505,46.1033],[5.7485,46.1051],[5.7398,46.1067],[5.7378,46.1078],[5.7318,46.1075],[5.7303,46.1069],[5.7225,46.1057],[5.7206,46.106],[5.7242,46.1158],[5.7246,46.1203],[5.726,46.1253],[5.7286,46.1254],[5.7321,46.1286],[5.7331,46.1329],[5.7369,46.135],[5.7394,46.1388],[5.743,46.1421],[5.7431,46.1438],[5.7453,46.1471],[5.7454,46.151],[5.7415,46.1549],[5.7445,46.1592],[5.7447,46.1609],[5.7514,46.1658],[5.7544,46.1653],[5.7589,46.168],[5.761,46.1681],[5.7629,46.1649],[5.7696,46.1635],[5.7775,46.1635],[5.7916,46.1557],[5.7945,46.1514],[5.7989,46.1499],[5.8034,46.1493],[5.8051,46.1479],[5.8081,46.143],[5.8078,46.1412],[5.8094,46.1382],[5.8117,46.1361],[5.8188,46.1394],[5.8216,46.1392],[5.8278,46.1406],[5.8338,46.1437],[5.8448,46.145],[5.8544,46.1483],[5.8603,46.1483],[5.8683,46.1474],[5.8665,46.1461],[5.8674,46.1404],[5.8662,46.1348],[5.8674,46.1297],[5.8669,46.1276],[5.8675,46.1192],[5.8635,46.1152],[5.8619,46.1102],[5.8596,46.107],[5.861,46.1041],[5.8631,46.1024],[5.8641,46.0993],[5.8613,46.0967],[5.8594,46.0887],[5.8563,46.0865]]]}},{"type":"Feature","properties":{"code":"01034","nom":"Belley","pop":9388},"geometry":{"type":"Polygon","coordinates":[[[5.73,45.7565],[5.7273,45.7533],[5.7244,45.7482],[5.7221,45.7485],[5.7215,45.744],[5.7104,45.748],[5.7076,45.7442],[5.7052,45.7443],[5.7053,45.741],[5.6999,45.7381],[5.6999,45.7356],[5.6979,45.7347],[5.6918,45.7373],[5.6859,45.7339],[5.6765,45.7134],[5.6765,45.7084],[5.6714,45.7089],[5.6684,45.7109],[5.6679,45.7148],[5.6637,45.7204],[5.6635,45.7224],[5.66,45.7259],[5.6604,45.7284],[5.6579,45.7318],[5.659,45.7335],[5.6579,45.7368],[5.6603,45.7431],[5.6596,45.7456],[5.6604,45.7475],[5.6571,45.751],[5.6572,45.7554],[5.6555,45.7574],[5.6566,45.7602],[5.6561,45.7629],[5.6583,45.765],[5.6568,45.7674],[5.6586,45.7682],[5.6582,45.7727],[5.6595,45.7748],[5.6625,45.7765],[5.671,45.7769],[5.6774,45.7741],[5.6807,45.772],[5.6905,45.7703],[5.6937,45.7714],[5.6975,45.7708],[5.6994,45.7718],[5.7023,45.7761],[5.7081,45.7772],[5.7114,45.7761],[5.7116,45.7741],[5.7085,45.7719],[5.7078,45.7696],[5.7084,45.7632],[5.7144,45.7606],[5.726,45.7583],[5.73,45.7565]]]}},{"type":"Feature","properties":{"code":"01035","nom":"Belleydoux","pop":306},"geometry":{"type":"Polygon","coordinates":[[[5.8262,46.2618],[5.8276,46.2596],[5.8272,46.2571],[5.8299,46.2543],[5.8294,46.2518],[5.8251,46.2464],[5.8261,46.243],[5.8215,46.2412],[5.8168,46.2407],[5.8081,46.2408],[5.8003,46.2363],[5.7948,46.2356],[5.7904,46.2393],[5.7848,46.2418],[5.7796,46.2416],[5.7741,46.2401],[5.7714,46.2376],[5.768,46.2375],[5.7639,46.2404],[5.7623,46.2427],[5.7563,46.2436],[5.7504,46.2453],[5.7502,46.2487],[5.747,46.2507],[5.744,46.2539],[5.74,46.2607],[5.7368,46.2637],[5.7334,46.2638],[5.7443,46.2668],[5.7513,46.2659],[5.7601,46.2668],[5.7656,46.2681],[5.7778,46.2662],[5.7865,46.2663],[5.8048,46.2647],[5.8182,46.263],[5.8262,46.2618]]]}},{"type":"Feature","properties":{"code":"01036","nom":"Valromey-sur-Séran","pop":1351},"geometry":{"type":"Polygon","coordinates":[[[5.7018,45.906],[5.7013,45.9035],[5.7053,45.9039],[5.7081,45.9028],[5.7062,45.901],[5.7051,45.8969],[5.7012,45.8911],[5.7012,45.8871],[5.7021,45.8849],[5.7004,45.8816],[5.7038,45.8803],[5.7101,45.8767],[5.7086,45.8742],[5.7034,45.8748],[5.6962,45.8769],[5.6921,45.877],[5.6903,45.8791],[5.6849,45.8779],[5.6792,45.879],[5.6781,45.8766],[5.6791,45.8741],[5.6772,45.8702],[5.678,45.8684],[5.6772,45.8632],[5.6755,45.8629],[5.6702,45.8641],[5.6616,45.8611],[5.6403,45.8616],[5.6233,45.8668],[5.6218,45.8711],[5.6236,45.8717],[5.6258,45.8751],[5.6242,45.889],[5.6272,45.8984],[5.6259,45.8997],[5.6279,45.9018],[5.6295,45.9056],[5.6261,45.9102],[5.623,45.9105],[5.6193,45.9123],[5.6158,45.9125],[5.615,45.9142],[5.6244,45.924],[5.633,45.9415],[5.6354,45.9455],[5.6344,45.9525],[5.6359,45.9572],[5.6347,45.9664],[5.6366,45.9758],[5.6395,45.9843],[5.6559,45.9849],[5.6689,45.9858],[5.6748,45.9858],[5.678,45.9841],[5.6793,45.9803],[5.6784,45.9781],[5.681,45.976],[5.6822,45.9723],[5.6809,45.9703],[5.6805,45.9645],[5.6814,45.9631],[5.682,45.9586],[5.6804,45.9579],[5.6779,45.9529],[5.6768,45.9485],[5.6778,45.9457],[5.6753,45.9427],[5.6773,45.9396],[5.6758,45.9363],[5.6781,45.9326],[5.6804,45.9312],[5.6798,45.9293],[5.6819,45.9262],[5.6783,45.9234],[5.6811,45.9224],[5.6742,45.9164],[5.6699,45.9154],[5.6695,45.9123],[5.667,45.9107],[5.6663,45.908],[5.67,45.8987],[5.6725,45.8998],[5.6794,45.9013],[5.6823,45.8997],[5.6885,45.9009],[5.695,45.9028],[5.7003,45.9061],[5.7018,45.906]]]}},{"type":"Feature","properties":{"code":"01037","nom":"Bénonces","pop":311},"geometry":{"type":"Polygon","coordinates":[[[5.4771,45.8688],[5.4785,45.8721],[5.4819,45.8673],[5.4888,45.8598],[5.5008,45.8532],[5.5032,45.8524],[5.5088,45.8474],[5.5165,45.8404],[5.5085,45.835],[5.4993,45.83],[5.4999,45.824],[5.498,45.8206],[5.4962,45.819],[5.4887,45.8155],[5.484,45.8155],[5.4814,45.8169],[5.4762,45.8189],[5.4733,45.8177],[5.4681,45.8179],[5.4679,45.8157],[5.4638,45.8116],[5.4638,45.8138],[5.4611,45.8164],[5.4602,45.8189],[5.4551,45.8242],[5.4536,45.8235],[5.4504,45.829],[5.4521,45.8317],[5.4584,45.8362],[5.4613,45.8391],[5.465,45.837],[5.4693,45.8377],[5.4768,45.8355],[5.4804,45.8373],[5.4785,45.8393],[5.4766,45.8447],[5.477,45.8465],[5.4691,45.8558],[5.4681,45.8593],[5.47,45.8622],[5.4734,45.8634],[5.4735,45.8652],[5.4706,45.8676],[5.4739,45.8692],[5.4771,45.8688]]]}},{"type":"Feature","properties":{"code":"01038","nom":"Bény","pop":777},"geometry":{"type":"Polygon","coordinates":[[[5.2781,46.3473],[5.2848,46.3475],[5.3005,46.3466],[5.3061,46.3465],[5.3089,46.3428],[5.309,46.3411],[5.3074,46.336],[5.3109,46.3312],[5.313,46.3304],[5.3081,46.3254],[5.3065,46.3223],[5.3084,46.3207],[5.3075,46.3149],[5.3061,46.3106],[5.3042,46.3115],[5.3019,46.3078],[5.3018,46.3049],[5.2997,46.3041],[5.2934,46.3043],[5.2864,46.3035],[5.287,46.2987],[5.2803,46.2971],[5.2778,46.294],[5.2744,46.2936],[5.2698,46.2949],[5.2655,46.2899],[5.2608,46.2934],[5.2473,46.2943],[5.2448,46.2998],[5.2453,46.3021],[5.2478,46.302],[5.2483,46.3043],[5.2521,46.3102],[5.2565,46.3089],[5.2585,46.3122],[5.2649,46.3139],[5.2676,46.3154],[5.2698,46.3215],[5.2681,46.324],[5.2698,46.328],[5.2682,46.3302],[5.2705,46.3335],[5.2736,46.3346],[5.2746,46.3369],[5.2722,46.3396],[5.274,46.3409],[5.2755,46.3441],[5.2745,46.3474],[5.2781,46.3473]]]}},{"type":"Feature","properties":{"code":"01040","nom":"Béréziat","pop":475},"geometry":{"type":"Polygon","coordinates":[[[5.0328,46.384],[5.0354,46.3868],[5.0411,46.3833],[5.0431,46.3839],[5.0455,46.3822],[5.0515,46.3818],[5.0531,46.3804],[5.0561,46.3814],[5.0581,46.38],[5.0571,46.3772],[5.0579,46.3745],[5.0623,46.3736],[5.063,46.3683],[5.0661,46.367],[5.0681,46.3643],[5.0724,46.3606],[5.0719,46.3592],[5.0635,46.357],[5.0627,46.3557],[5.0587,46.3562],[5.0578,46.3543],[5.0514,46.3526],[5.0431,46.3552],[5.0367,46.3545],[5.0341,46.3559],[5.0308,46.3547],[5.0281,46.3552],[5.0224,46.3545],[5.0189,46.3547],[5.0153,46.3561],[5.0143,46.3607],[5.0141,46.3686],[5.0159,46.3725],[5.0158,46.3752],[5.0194,46.3771],[5.022,46.3808],[5.0265,46.3821],[5.0311,46.3816],[5.0328,46.384]]]}},{"type":"Feature","properties":{"code":"01041","nom":"Bettant","pop":774},"geometry":{"type":"Polygon","coordinates":[[[5.3422,45.945],[5.3432,45.9469],[5.3413,45.9485],[5.3428,45.9505],[5.3474,45.9509],[5.3484,45.9486],[5.355,45.9499],[5.3558,45.9476],[5.3649,45.9475],[5.3657,45.9447],[5.3683,45.9438],[5.3722,45.9449],[5.3733,45.9424],[5.3704,45.9404],[5.3737,45.9364],[5.3771,45.9338],[5.3827,45.9334],[5.3864,45.9312],[5.3832,45.924],[5.3825,45.9204],[5.3828,45.9179],[5.3784,45.9213],[5.3774,45.9256],[5.3714,45.9264],[5.3721,45.9285],[5.3682,45.9299],[5.3691,45.9353],[5.3656,45.9368],[5.3621,45.9371],[5.3555,45.9411],[5.3536,45.9412],[5.3422,45.945]]]}},{"type":"Feature","properties":{"code":"01042","nom":"Bey","pop":286},"geometry":{"type":"Polygon","coordinates":[[[4.8551,46.2067],[4.8509,46.2071],[4.8445,46.2096],[4.8424,46.2131],[4.8369,46.218],[4.8345,46.2237],[4.8315,46.2261],[4.8345,46.2269],[4.8386,46.2267],[4.8439,46.2275],[4.848,46.2296],[4.8506,46.2285],[4.8551,46.2279],[4.8564,46.2247],[4.8543,46.2227],[4.8541,46.2195],[4.8524,46.2128],[4.8553,46.2128],[4.854,46.2073],[4.8551,46.2067]]]}},{"type":"Feature","properties":{"code":"01043","nom":"Beynost","pop":5198},"geometry":{"type":"Polygon","coordinates":[[[5.0006,45.8103],[4.9939,45.8082],[4.9895,45.8258],[4.9843,45.8349],[4.9814,45.8485],[4.9788,45.8525],[4.9761,45.8531],[4.973,45.8583],[4.9838,45.8588],[4.9897,45.8609],[4.9935,45.8628],[4.9985,45.8613],[4.9998,45.8588],[5.0042,45.8562],[5.0085,45.8545],[5.0092,45.8497],[5.0115,45.8465],[5.0179,45.8441],[5.017,45.8407],[5.0131,45.8401],[5.0189,45.8362],[5.0193,45.8314],[5.0172,45.8313],[5.0072,45.8242],[5.0059,45.8203],[4.9999,45.8186],[5.0007,45.8153],[5.0006,45.8103]]]}},{"type":"Feature","properties":{"code":"01044","nom":"Billiat","pop":713},"geometry":{"type":"Polygon","coordinates":[[[5.7207,46.0778],[5.7148,46.0929],[5.7196,46.094],[5.7246,46.0921],[5.7399,46.0917],[5.7447,46.0935],[5.7465,46.0917],[5.7525,46.09],[5.7535,46.0909],[5.7614,46.0908],[5.7739,46.0891],[5.7787,46.0853],[5.7845,46.0833],[5.7954,46.0827],[5.7991,46.0845],[5.8032,46.0848],[5.8053,46.0814],[5.8087,46.0785],[5.8112,46.0785],[5.8106,46.0742],[5.8079,46.065],[5.8079,46.062],[5.8061,46.0617],[5.7925,46.064],[5.7882,46.0629],[5.786,46.0678],[5.7755,46.0683],[5.768,46.0715],[5.7586,46.073],[5.7582,46.0725],[5.7464,46.0738],[5.74,46.076],[5.7334,46.0773],[5.728,46.0765],[5.7207,46.0778]]]}},{"type":"Feature","properties":{"code":"01045","nom":"Birieux","pop":275},"geometry":{"type":"Polygon","coordinates":[[[5.0116,45.9347],[5.0118,45.9369],[5.0098,45.9439],[5.0107,45.9468],[5.0111,45.9533],[5.0087,45.955],[5.008,45.9583],[5.0088,45.9618],[5.0048,45.9623],[5.0115,45.9636],[5.0129,45.967],[5.0252,45.9655],[5.0277,45.9682],[5.0297,45.9723],[5.0336,45.9715],[5.034,45.9699],[5.0389,45.9694],[5.0413,45.9705],[5.0447,45.9701],[5.0474,45.9688],[5.0512,45.9698],[5.053,45.9728],[5.0558,45.9729],[5.0618,45.972],[5.07,45.9688],[5.0709,45.9701],[5.0753,45.9694],[5.0725,45.9666],[5.0712,45.9648],[5.074,45.9637],[5.0725,45.9618],[5.0697,45.9612],[5.0673,45.9588],[5.0691,45.9566],[5.0697,45.9529],[5.0625,45.9552],[5.0581,45.954],[5.0532,45.9445],[5.0486,45.9388],[5.0486,45.9373],[5.0424,45.9288],[5.0411,45.9286],[5.0374,45.9318],[5.0325,45.9321],[5.0263,45.9311],[5.0228,45.9333],[5.0185,45.9349],[5.0116,45.9347]]]}},{"type":"Feature","properties":{"code":"01046","nom":"Biziat","pop":889},"geometry":{"type":"Polygon","coordinates":[[[4.9355,46.2494],[4.9408,46.2491],[4.943,46.2448],[4.9519,46.238],[4.9532,46.2357],[4.9577,46.2326],[4.9638,46.2311],[4.967,46.2311],[4.9666,46.2239],[4.9683,46.2213],[4.9681,46.2167],[4.9618,46.215],[4.9572,46.2158],[4.9521,46.2146],[4.9539,46.2106],[4.953,46.2078],[4.9451,46.2084],[4.9412,46.2035],[4.9406,46.2],[4.9383,46.1986],[4.9395,46.204],[4.9102,46.2346],[4.9165,46.234],[4.9211,46.2353],[4.9202,46.2376],[4.9227,46.2398],[4.925,46.2434],[4.9274,46.2428],[4.936,46.2437],[4.9355,46.2494]]]}},{"type":"Feature","properties":{"code":"01047","nom":"Blyes","pop":1401},"geometry":{"type":"Polygon","coordinates":[[[5.2783,45.8548],[5.2697,45.8474],[5.2661,45.8422],[5.2654,45.8392],[5.2577,45.827],[5.2529,45.8254],[5.2467,45.8273],[5.2431,45.8329],[5.2342,45.8413],[5.2337,45.8436],[5.234,45.8496],[5.2285,45.8532],[5.2275,45.8547],[5.2247,45.8576],[5.2375,45.8593],[5.2487,45.8618],[5.2595,45.8629],[5.2782,45.8549],[5.2783,45.8548]]]}},{"type":"Feature","properties":{"code":"01049","nom":"La Boisse","pop":3449},"geometry":{"type":"Polygon","coordinates":[[[4.9935,45.8628],[4.9908,45.8671],[4.9894,45.8705],[4.9927,45.8701],[4.9972,45.8672],[5.0036,45.8641],[5.01,45.8591],[5.0163,45.8566],[5.0238,45.857],[5.0319,45.8547],[5.0416,45.8546],[5.0441,45.8526],[5.0438,45.849],[5.0467,45.8494],[5.0481,45.8447],[5.0546,45.8466],[5.0622,45.8386],[5.0632,45.8364],[5.0548,45.8377],[5.0474,45.8396],[5.0463,45.8341],[5.0405,45.8292],[5.0353,45.8257],[5.0263,45.8261],[5.0203,45.8271],[5.021,45.8288],[5.0193,45.8314],[5.0189,45.8362],[5.0131,45.8401],[5.017,45.8407],[5.0179,45.8441],[5.0115,45.8465],[5.0092,45.8497],[5.0085,45.8545],[5.0042,45.8562],[4.9998,45.8588],[4.9985,45.8613],[4.9935,45.8628]]]}},{"type":"Feature","properties":{"code":"01050","nom":"Boissey","pop":396},"geometry":{"type":"Polygon","coordinates":[[[5.0189,46.3547],[5.0194,46.3518],[5.0179,46.3473],[5.0137,46.3514],[5.0066,46.3556],[5.0007,46.3573],[4.9992,46.3585],[4.9943,46.3595],[4.9876,46.3583],[4.9831,46.3595],[4.9792,46.3633],[4.9744,46.3659],[4.9758,46.3681],[4.9778,46.3685],[4.9815,46.3711],[4.9832,46.3712],[4.9861,46.3743],[4.9852,46.3756],[4.9871,46.3778],[4.9867,46.3827],[4.9854,46.3846],[4.9885,46.3906],[4.9889,46.3968],[4.9929,46.3957],[4.9997,46.3966],[5.0055,46.3947],[5.0086,46.3904],[5.0079,46.3855],[5.0061,46.3851],[5.0075,46.3815],[5.0098,46.3795],[5.0151,46.3766],[5.0158,46.3752],[5.0159,46.3725],[5.0141,46.3686],[5.0143,46.3607],[5.0153,46.3561],[5.0189,46.3547]]]}},{"type":"Feature","properties":{"code":"01051","nom":"Bolozon","pop":103},"geometry":{"type":"Polygon","coordinates":[[[5.4634,46.1789],[5.4615,46.1773],[5.4586,46.1778],[5.455,46.1804],[5.4543,46.1825],[5.4555,46.1846],[5.4605,46.1859],[5.4649,46.1878],[5.4661,46.1917],[5.4643,46.195],[5.4637,46.1981],[5.4646,46.2042],[5.4624,46.206],[5.4536,46.2074],[5.4511,46.2088],[5.4497,46.2115],[5.4506,46.2151],[5.454,46.2169],[5.4575,46.2164],[5.4608,46.2132],[5.4603,46.2109],[5.4636,46.209],[5.4699,46.2077],[5.4695,46.2059],[5.4731,46.2015],[5.478,46.2005],[5.4821,46.2009],[5.4846,46.2002],[5.4872,46.2016],[5.4906,46.2005],[5.4886,46.1914],[5.4895,46.1895],[5.4862,46.1877],[5.4842,46.1844],[5.4747,46.1875],[5.4726,46.1857],[5.467,46.1858],[5.4648,46.1852],[5.463,46.1821],[5.4634,46.1789]]]}},{"type":"Feature","properties":{"code":"01052","nom":"Bouligneux","pop":318},"geometry":{"type":"Polygon","coordinates":[[[4.945,46.0362],[4.9482,46.036],[4.9491,46.0377],[4.9536,46.0375],[4.9559,46.0425],[4.9645,46.0416],[4.9692,46.0418],[4.9706,46.0434],[4.9756,46.043],[4.9784,46.0419],[4.9846,46.0415],[4.9861,46.0431],[4.9896,46.0428],[4.9919,46.0409],[4.9997,46.0397],[5.0087,46.0403],[5.0112,46.0385],[5.0177,46.0388],[5.0182,46.0376],[5.0252,46.0369],[5.0263,46.0378],[5.029,46.0373],[5.0346,46.0322],[5.0393,46.0322],[5.043,46.0307],[5.0413,46.0299],[5.0463,46.0244],[5.0426,46.0212],[5.0374,46.0207],[5.037,46.0186],[5.0327,46.0157],[5.0287,46.0171],[5.028,46.0133],[5.0247,46.0124],[5.0244,46.0087],[5.0257,46.0063],[5.0187,46.0069],[5.0154,46.0044],[5.0114,46.0023],[5.0111,46.0002],[5.0073,45.9992],[5.0057,45.997],[5.0019,45.9988],[4.9975,46.0022],[4.9897,46.0049],[4.9859,46.0043],[4.9796,46.0047],[4.9742,46.0039],[4.9631,46.0062],[4.9591,46.0078],[4.9599,46.0108],[4.9559,46.0123],[4.9573,46.0147],[4.9525,46.0153],[4.9506,46.0197],[4.9486,46.0201],[4.9477,46.0232],[4.9462,46.0248],[4.9462,46.0274],[4.9444,46.0289],[4.945,46.0362]]]}},{"type":"Feature","properties":{"code":"01053","nom":"Bourg-en-Bresse","pop":42372},"geometry":{"type":"Polygon","coordinates":[[[5.2872,46.2259],[5.2833,46.2199],[5.282,46.2117],[5.2788,46.2117],[5.2758,46.2093],[5.2731,46.2084],[5.2746,46.2041],[5.2708,46.2027],[5.2712,46.1989],[5.2784,46.1966],[5.2745,46.1936],[5.272,46.1936],[5.27,46.1902],[5.2658,46.1862],[5.2643,46.183],[5.2561,46.1813],[5.2539,46.179],[5.2566,46.1763],[5.2372,46.1753],[5.2343,46.1767],[5.2347,46.1826],[5.234,46.1847],[5.2319,46.1856],[5.2274,46.1849],[5.2232,46.189],[5.2244,46.1933],[5.2195,46.1922],[5.207,46.1914],[5.2081,46.1935],[5.2086,46.1978],[5.2066,46.2015],[5.2069,46.2061],[5.2122,46.2082],[5.2108,46.2113],[5.217,46.2119],[5.2189,46.2132],[5.2165,46.2193],[5.2174,46.2229],[5.2219,46.2256],[5.2226,46.2276],[5.2294,46.2282],[5.2382,46.2278],[5.2414,46.2271],[5.2453,46.2282],[5.2508,46.2259],[5.2522,46.2244],[5.256,46.224],[5.2579,46.2228],[5.2672,46.2256],[5.2713,46.2276],[5.2748,46.2301],[5.2803,46.2276],[5.282,46.2281],[5.2872,46.2259]]]}},{"type":"Feature","properties":{"code":"01054","nom":"Bourg-Saint-Christophe","pop":1562},"geometry":{"type":"Polygon","coordinates":[[[5.1119,45.8868],[5.1205,45.8911],[5.1214,45.89],[5.1315,45.894],[5.1342,45.8972],[5.1343,45.8987],[5.1418,45.9019],[5.1543,45.9029],[5.157,45.8987],[5.1627,45.8971],[5.1668,45.894],[5.1655,45.8917],[5.1622,45.8897],[5.1606,45.8842],[5.1612,45.8772],[5.1524,45.869],[5.1474,45.8655],[5.1463,45.8669],[5.1406,45.8703],[5.1362,45.8764],[5.1352,45.879],[5.1278,45.881],[5.1172,45.8812],[5.1119,45.8868]]]}},{"type":"Feature","properties":{"code":"01056","nom":"Boyeux-Saint-Jérôme","pop":367},"geometry":{"type":"Polygon","coordinates":[[[5.4878,46.0525],[5.4872,46.0459],[5.4884,46.0441],[5.4878,46.041],[5.4849,46.0379],[5.4838,46.0349],[5.4832,46.0299],[5.4836,46.026],[5.4829,46.0209],[5.481,46.0167],[5.4766,46.0171],[5.4742,46.0165],[5.4701,46.0121],[5.4648,46.0117],[5.4626,46.0083],[5.4577,46.0097],[5.452,46.0098],[5.4515,46.0114],[5.4482,46.0136],[5.4468,46.0162],[5.4447,46.0172],[5.4421,46.0196],[5.4407,46.0228],[5.4416,46.0256],[5.4438,46.0252],[5.4459,46.0298],[5.4492,46.0338],[5.4461,46.0349],[5.4425,46.032],[5.4365,46.032],[5.4354,46.0338],[5.4368,46.0382],[5.4351,46.0403],[5.4368,46.043],[5.4451,46.0488],[5.4473,46.0487],[5.4498,46.0547],[5.448,46.0577],[5.4561,46.059],[5.4579,46.0612],[5.462,46.0629],[5.4655,46.0628],[5.4701,46.0603],[5.4754,46.0587],[5.4785,46.0561],[5.4825,46.0558],[5.4849,46.0532],[5.4878,46.0525]]]}},{"type":"Feature","properties":{"code":"01057","nom":"Boz","pop":513},"geometry":{"type":"Polygon","coordinates":[[[4.8887,46.4174],[4.8903,46.4252],[4.8914,46.428],[4.8966,46.4244],[4.896,46.4187],[4.8993,46.4185],[4.9,46.417],[4.9042,46.4162],[4.9058,46.4137],[4.9116,46.4135],[4.9139,46.4125],[4.9182,46.4132],[4.9266,46.4116],[4.9248,46.4086],[4.9297,46.4092],[4.933,46.4078],[4.9314,46.4042],[4.9328,46.4031],[4.937,46.4027],[4.9433,46.403],[4.9452,46.3943],[4.945,46.3912],[4.9427,46.3898],[4.9397,46.3907],[4.9351,46.3922],[4.928,46.3928],[4.9234,46.3927],[4.919,46.3971],[4.9153,46.399],[4.9076,46.4001],[4.8981,46.399],[4.8951,46.4009],[4.888,46.4027],[4.8885,46.4033],[4.8893,46.4056],[4.888,46.4116],[4.8887,46.4174]]]}},{"type":"Feature","properties":{"code":"01058","nom":"Brégnier-Cordon","pop":804},"geometry":{"type":"Polygon","coordinates":[[[5.6237,45.6133],[5.6201,45.6182],[5.6187,45.621],[5.6149,45.6254],[5.6124,45.6303],[5.6094,45.6323],[5.6042,45.6342],[5.6042,45.6364],[5.6065,45.6398],[5.6038,45.645],[5.6027,45.652],[5.6,45.6544],[5.5873,45.6599],[5.5864,45.6671],[5.5967,45.6701],[5.5988,45.6659],[5.6011,45.6641],[5.6058,45.6633],[5.6102,45.6649],[5.6141,45.6652],[5.6196,45.6675],[5.6227,45.6661],[5.619,45.665],[5.6191,45.6621],[5.6207,45.6573],[5.6221,45.6555],[5.6239,45.6495],[5.6229,45.6461],[5.6264,45.6427],[5.6304,45.6412],[5.6316,45.6384],[5.6286,45.6358],[5.6285,45.6341],[5.6361,45.6305],[5.6398,45.6296],[5.6414,45.6303],[5.6483,45.6274],[5.6458,45.6243],[5.6415,45.6241],[5.637,45.6219],[5.6365,45.6171],[5.6363,45.6149],[5.6335,45.6122],[5.6287,45.6111],[5.6237,45.6133]]]}},{"type":"Feature","properties":{"code":"01060","nom":"Brénod","pop":576},"geometry":{"type":"Polygon","coordinates":[[[5.5836,46.0684],[5.5853,46.0719],[5.5858,46.0759],[5.591,46.0792],[5.5967,46.0856],[5.5985,46.0843],[5.6039,46.0857],[5.6027,46.0875],[5.6043,46.0893],[5.6062,46.0964],[5.598,46.1025],[5.6002,46.1025],[5.6039,46.1089],[5.601,46.1093],[5.6171,46.1181],[5.6221,46.1184],[5.6228,46.1151],[5.6263,46.113],[5.6281,46.1108],[5.6319,46.1089],[5.6362,46.1081],[5.6347,46.1043],[5.6323,46.1033],[5.6319,46.1008],[5.6336,46.0982],[5.6323,46.0966],[5.6316,46.0908],[5.6345,46.0879],[5.6332,46.0865],[5.6337,46.0792],[5.6327,46.0757],[5.6353,46.0716],[5.641,46.0678],[5.6383,46.0662],[5.6378,46.0643],[5.6393,46.0611],[5.6382,46.0563],[5.6361,46.0547],[5.6362,46.0516],[5.6341,46.0421],[5.632,46.04],[5.6267,46.041],[5.6241,46.0433],[5.6211,46.0413],[5.617,46.0465],[5.6122,46.0461],[5.606,46.0425],[5.5992,46.0441],[5.6007,46.0481],[5.582,46.0612],[5.5836,46.0654],[5.5836,46.0684]]]}},{"type":"Feature","properties":{"code":"01061","nom":"Brens","pop":1123},"geometry":{"type":"Polygon","coordinates":[[[5.7036,45.6981],[5.6995,45.6969],[5.6954,45.6979],[5.6867,45.6956],[5.6835,45.6953],[5.6806,45.6971],[5.6763,45.6966],[5.6765,45.7084],[5.6765,45.7134],[5.6859,45.7339],[5.6918,45.7373],[5.6979,45.7347],[5.6976,45.7309],[5.6993,45.7298],[5.6987,45.7256],[5.701,45.7125],[5.7,45.7097],[5.6993,45.7068],[5.7008,45.702],[5.7036,45.6981]]]}},{"type":"Feature","properties":{"code":"01062","nom":"Bressolles","pop":1028},"geometry":{"type":"Polygon","coordinates":[[[5.0797,45.863],[5.0842,45.8653],[5.0883,45.8703],[5.0907,45.8717],[5.0907,45.8768],[5.0924,45.8807],[5.0954,45.8825],[5.0957,45.8867],[5.0976,45.8865],[5.1014,45.8887],[5.1062,45.8888],[5.1103,45.8899],[5.1119,45.8868],[5.1172,45.8812],[5.1138,45.8796],[5.1159,45.8761],[5.1144,45.8721],[5.1126,45.8711],[5.1162,45.8686],[5.1141,45.8676],[5.1163,45.8658],[5.1158,45.8636],[5.1138,45.8621],[5.1156,45.856],[5.1113,45.8534],[5.1086,45.8537],[5.1049,45.8526],[5.0999,45.8528],[5.0987,45.8557],[5.0953,45.8544],[5.0927,45.8554],[5.0885,45.8545],[5.0829,45.8588],[5.0827,45.8609],[5.0797,45.863]]]}},{"type":"Feature","properties":{"code":"01063","nom":"Brion","pop":592},"geometry":{"type":"Polygon","coordinates":[[[5.5599,46.176],[5.5649,46.1745],[5.5643,46.1713],[5.5604,46.1684],[5.5567,46.1636],[5.5558,46.1596],[5.5479,46.1598],[5.5446,46.1589],[5.5439,46.1567],[5.5406,46.1557],[5.5326,46.1567],[5.5305,46.1565],[5.5313,46.1629],[5.5351,46.1691],[5.5376,46.1719],[5.5412,46.1789],[5.5398,46.1823],[5.5599,46.176]]]}},{"type":"Feature","properties":{"code":"01064","nom":"Briord","pop":1119},"geometry":{"type":"Polygon","coordinates":[[[5.4609,45.7783],[5.4593,45.78],[5.4483,45.7853],[5.4471,45.7862],[5.4522,45.7894],[5.4621,45.7906],[5.469,45.7854],[5.4721,45.7852],[5.4769,45.7892],[5.4804,45.7915],[5.4835,45.7916],[5.4837,45.7866],[5.4907,45.782],[5.4981,45.7811],[5.5034,45.7827],[5.5101,45.7817],[5.5125,45.7808],[5.5162,45.7821],[5.5192,45.7807],[5.5179,45.7799],[5.5139,45.7785],[5.508,45.7801],[5.5042,45.7785],[5.5048,45.7756],[5.5065,45.7737],[5.5003,45.7712],[5.5089,45.7628],[5.5108,45.7587],[5.5083,45.7559],[5.5063,45.7502],[5.4997,45.745],[5.4982,45.7444],[5.4848,45.7525],[5.4741,45.7633],[5.4609,45.7783]]]}},{"type":"Feature","properties":{"code":"01065","nom":"Buellas","pop":1899},"geometry":{"type":"Polygon","coordinates":[[[5.1711,46.2032],[5.1668,46.2023],[5.1604,46.1978],[5.1609,46.1942],[5.1584,46.1941],[5.1586,46.1901],[5.1563,46.19],[5.1516,46.1902],[5.1439,46.1913],[5.1418,46.1921],[5.1396,46.1959],[5.1366,46.1992],[5.1317,46.2008],[5.1282,46.2032],[5.1279,46.2053],[5.1239,46.2077],[5.1223,46.2105],[5.1244,46.2127],[5.1251,46.217],[5.1271,46.2183],[5.1268,46.2261],[5.1324,46.2251],[5.1367,46.2253],[5.1361,46.2274],[5.1379,46.2319],[5.142,46.2333],[5.1445,46.2309],[5.1469,46.2311],[5.1528,46.2273],[5.153,46.226],[5.1574,46.2231],[5.1566,46.2188],[5.1602,46.2181],[5.1603,46.2141],[5.1623,46.2121],[5.1613,46.2106],[5.1623,46.2085],[5.1711,46.2054],[5.1711,46.2032]]]}},{"type":"Feature","properties":{"code":"01066","nom":"La Burbanche","pop":98},"geometry":{"type":"Polygon","coordinates":[[[5.5746,45.8452],[5.5715,45.8416],[5.5685,45.8397],[5.568,45.8353],[5.5664,45.8339],[5.5626,45.8318],[5.5594,45.8314],[5.5558,45.8326],[5.5526,45.8347],[5.5529,45.8397],[5.547,45.8419],[5.5447,45.8445],[5.5384,45.8474],[5.5421,45.8499],[5.5391,45.8528],[5.5389,45.8547],[5.5283,45.8604],[5.5252,45.863],[5.5237,45.8643],[5.5219,45.8689],[5.5215,45.8723],[5.5228,45.8772],[5.5261,45.8802],[5.5299,45.8812],[5.5315,45.8845],[5.5261,45.8899],[5.5288,45.892],[5.534,45.8943],[5.5429,45.8861],[5.5466,45.8841],[5.5409,45.883],[5.5369,45.8761],[5.5391,45.8719],[5.5418,45.8722],[5.5476,45.8686],[5.5551,45.8695],[5.5587,45.8652],[5.5544,45.863],[5.5566,45.8616],[5.5622,45.8595],[5.5573,45.8573],[5.5661,45.852],[5.5734,45.8456],[5.5746,45.8452]]]}},{"type":"Feature","properties":{"code":"01067","nom":"Ceignes","pop":257},"geometry":{"type":"Polygon","coordinates":[[[5.4829,46.1105],[5.4786,46.111],[5.4754,46.1122],[5.4735,46.1159],[5.4739,46.1198],[5.4762,46.1238],[5.4756,46.1318],[5.4782,46.1315],[5.4814,46.1365],[5.4808,46.1399],[5.4819,46.144],[5.4835,46.1463],[5.4935,46.1421],[5.4977,46.1408],[5.5017,46.1416],[5.51,46.1403],[5.5182,46.1364],[5.5165,46.132],[5.5111,46.1254],[5.5123,46.1225],[5.508,46.1162],[5.5077,46.1139],[5.5155,46.1121],[5.5151,46.1092],[5.5134,46.1053],[5.502,46.1077],[5.5027,46.109],[5.4883,46.112],[5.4829,46.1105]]]}},{"type":"Feature","properties":{"code":"01068","nom":"Cerdon","pop":747},"geometry":{"type":"Polygon","coordinates":[[[5.4915,46.0538],[5.4878,46.0525],[5.4849,46.0532],[5.4825,46.0558],[5.4785,46.0561],[5.4754,46.0587],[5.4701,46.0603],[5.4655,46.0628],[5.462,46.0629],[5.4579,46.0612],[5.4554,46.0645],[5.4525,46.0659],[5.4513,46.0703],[5.4486,46.073],[5.4455,46.0731],[5.4429,46.0745],[5.4433,46.078],[5.4472,46.0784],[5.4515,46.0829],[5.4566,46.086],[5.4584,46.0865],[5.4635,46.0898],[5.468,46.0899],[5.4672,46.0926],[5.4709,46.0947],[5.4727,46.0968],[5.4755,46.097],[5.4788,46.0926],[5.4773,46.0916],[5.4776,46.0885],[5.4769,46.0838],[5.4786,46.0824],[5.4798,46.0782],[5.4837,46.0755],[5.4844,46.0733],[5.4866,46.0733],[5.4861,46.0769],[5.4881,46.0833],[5.4918,46.0816],[5.4925,46.0774],[5.4948,46.0773],[5.506,46.071],[5.5047,46.0699],[5.5058,46.0672],[5.5056,46.0639],[5.5077,46.0605],[5.5081,46.0592],[5.4974,46.056],[5.4915,46.0538]]]}},{"type":"Feature","properties":{"code":"01069","nom":"Certines","pop":1531},"geometry":{"type":"Polygon","coordinates":[[[5.2399,46.113],[5.2364,46.115],[5.237,46.1181],[5.236,46.1205],[5.2403,46.1224],[5.2365,46.126],[5.2331,46.1283],[5.24,46.1343],[5.2362,46.1416],[5.2381,46.1428],[5.2345,46.1455],[5.2385,46.1468],[5.2453,46.1479],[5.247,46.1521],[5.249,46.1547],[5.2528,46.1546],[5.2544,46.1557],[5.2609,46.1574],[5.2647,46.1537],[5.2755,46.1541],[5.2783,46.1504],[5.2845,46.1551],[5.2872,46.156],[5.2904,46.1548],[5.2909,46.1517],[5.2869,46.1491],[5.2809,46.147],[5.2829,46.1445],[5.281,46.1429],[5.2836,46.1387],[5.2814,46.1355],[5.2826,46.1344],[5.2851,46.1233],[5.2882,46.1211],[5.289,46.1172],[5.2924,46.1163],[5.2946,46.1134],[5.2937,46.1113],[5.2889,46.1099],[5.2819,46.1114],[5.2752,46.1157],[5.2702,46.1142],[5.2697,46.1177],[5.2659,46.1181],[5.2639,46.1197],[5.2602,46.1193],[5.2584,46.1156],[5.2512,46.1144],[5.2433,46.114],[5.2399,46.113]]]}},{"type":"Feature","properties":{"code":"01071","nom":"Cessy","pop":5832},"geometry":{"type":"Polygon","coordinates":[[[6.0651,46.301],[6.0655,46.3064],[6.0628,46.3074],[6.059,46.3076],[6.0584,46.31],[6.0596,46.3127],[6.0547,46.3158],[6.0628,46.3183],[6.0613,46.3247],[6.0591,46.328],[6.063,46.3306],[6.0695,46.3282],[6.0737,46.325],[6.077,46.3213],[6.0805,46.3222],[6.0837,46.3199],[6.0898,46.3215],[6.0968,46.326],[6.0979,46.3259],[6.1003,46.3262],[6.1054,46.3223],[6.1094,46.3204],[6.1052,46.317],[6.1019,46.3151],[6.0959,46.313],[6.0902,46.3123],[6.081,46.3071],[6.0797,46.3047],[6.078,46.3057],[6.0691,46.3008],[6.0651,46.301]]]}},{"type":"Feature","properties":{"code":"01072","nom":"Ceyzériat","pop":3328},"geometry":{"type":"Polygon","coordinates":[[[5.3385,46.1948],[5.338,46.192],[5.3362,46.1892],[5.3385,46.1834],[5.3392,46.1786],[5.3409,46.1745],[5.3444,46.1727],[5.3448,46.1713],[5.3404,46.1671],[5.3373,46.1662],[5.3329,46.1673],[5.3318,46.1695],[5.3285,46.1693],[5.3243,46.1705],[5.3187,46.1695],[5.3153,46.1713],[5.3107,46.1686],[5.3091,46.1714],[5.3038,46.1719],[5.3056,46.1767],[5.3038,46.1792],[5.2995,46.1813],[5.2984,46.1863],[5.2956,46.1871],[5.2934,46.1914],[5.2945,46.1939],[5.3013,46.1965],[5.3083,46.1982],[5.3165,46.198],[5.3185,46.1967],[5.3226,46.196],[5.3263,46.1963],[5.3385,46.1948]]]}},{"type":"Feature","properties":{"code":"01073","nom":"Ceyzérieu","pop":1064},"geometry":{"type":"Polygon","coordinates":[[[5.7631,45.8249],[5.7607,45.8215],[5.7567,45.82],[5.7476,45.8178],[5.7417,45.8175],[5.7382,45.819],[5.7311,45.8179],[5.7301,45.8198],[5.7274,45.82],[5.7205,45.8184],[5.7154,45.8155],[5.7104,45.814],[5.7015,45.8116],[5.7001,45.8129],[5.6965,45.813],[5.6942,45.8142],[5.6914,45.8176],[5.6932,45.8184],[5.6917,45.8205],[5.6874,45.8215],[5.6839,45.8243],[5.6773,45.8261],[5.6769,45.8294],[5.6799,45.8322],[5.6836,45.8308],[5.6887,45.8319],[5.6954,45.8348],[5.6946,45.8395],[5.698,45.8414],[5.694,45.8426],[5.6949,45.8449],[5.6937,45.8463],[5.695,45.8489],[5.6973,45.8506],[5.6975,45.8549],[5.6955,45.8567],[5.6959,45.8591],[5.6982,45.8617],[5.7029,45.8619],[5.7047,45.8612],[5.7101,45.8591],[5.7167,45.8545],[5.7215,45.8553],[5.7281,45.8483],[5.7321,45.8459],[5.736,45.8458],[5.7414,45.8435],[5.7466,45.8365],[5.7486,45.8354],[5.7641,45.8345],[5.7631,45.8249]]]}},{"type":"Feature","properties":{"code":"01074","nom":"Chalamont","pop":2533},"geometry":{"type":"Polygon","coordinates":[[[5.1247,46.0112],[5.1236,46.0156],[5.1265,46.0178],[5.124,46.022],[5.1246,46.0249],[5.1276,46.0244],[5.1268,46.0218],[5.128,46.0204],[5.1346,46.019],[5.1364,46.0212],[5.138,46.026],[5.14,46.0297],[5.1457,46.03],[5.1467,46.0328],[5.1486,46.0336],[5.1535,46.0331],[5.1579,46.034],[5.1581,46.0356],[5.1623,46.0354],[5.1632,46.0459],[5.1618,46.0474],[5.1668,46.0516],[5.1743,46.053],[5.1789,46.0531],[5.1826,46.05],[5.1824,46.0474],[5.1809,46.0429],[5.1813,46.0411],[5.1794,46.0372],[5.1802,46.0316],[5.1798,46.0288],[5.1828,46.0272],[5.18,46.0213],[5.1846,46.0211],[5.1837,46.0187],[5.1869,46.0168],[5.1854,46.014],[5.1884,46.0126],[5.1921,46.0123],[5.195,46.0108],[5.1946,46.007],[5.1975,46.0052],[5.1983,46.0024],[5.2014,46.0028],[5.21,46.0025],[5.2103,46.0045],[5.2157,46.0045],[5.221,46.0066],[5.2233,46.005],[5.2234,46.0003],[5.2212,45.9979],[5.2189,45.9944],[5.2165,45.9922],[5.2189,45.9896],[5.2188,45.9847],[5.2151,45.9847],[5.2146,45.9866],[5.2102,45.9883],[5.2107,45.9843],[5.2102,45.9811],[5.2077,45.98],[5.198,45.9848],[5.1951,45.9783],[5.1918,45.9779],[5.1887,45.9809],[5.185,45.9798],[5.1762,45.9784],[5.1644,45.9797],[5.1603,45.9791],[5.1568,45.9796],[5.1567,45.9812],[5.1524,45.9846],[5.1508,45.9872],[5.148,45.9883],[5.1449,45.9878],[5.1378,45.9887],[5.1338,45.9905],[5.1315,45.9957],[5.1314,45.9998],[5.1281,46.0041],[5.1274,46.0084],[5.1247,46.0112]]]}},{"type":"Feature","properties":{"code":"01075","nom":"Chaleins","pop":1505},"geometry":{"type":"Polygon","coordinates":[[[4.8083,46.0075],[4.8018,46.0072],[4.7964,46.0071],[4.7924,46.0077],[4.7883,46.0094],[4.7837,46.0104],[4.7802,46.0119],[4.7783,46.0168],[4.7745,46.0185],[4.7696,46.0229],[4.7698,46.0321],[4.7744,46.0317],[4.7758,46.0341],[4.7794,46.0352],[4.7749,46.044],[4.7819,46.0445],[4.781,46.0488],[4.7829,46.0504],[4.78,46.0519],[4.7908,46.053],[4.799,46.0527],[4.8003,46.0559],[4.8067,46.0561],[4.8157,46.0652],[4.8263,46.0614],[4.8257,46.0606],[4.8259,46.0544],[4.8303,46.0537],[4.8289,46.052],[4.8257,46.0506],[4.8217,46.0502],[4.8184,46.0474],[4.8163,46.0422],[4.8157,46.0347],[4.8174,46.0324],[4.8216,46.0298],[4.8202,46.0275],[4.8143,46.0216],[4.8111,46.0165],[4.8119,46.012],[4.8083,46.0075]]]}},{"type":"Feature","properties":{"code":"01076","nom":"Chaley","pop":129},"geometry":{"type":"Polygon","coordinates":[[[5.5226,45.9646],[5.531,45.9643],[5.5328,45.962],[5.5386,45.9593],[5.5465,45.9599],[5.5457,45.9617],[5.5478,45.9665],[5.5523,45.9661],[5.5533,45.9631],[5.5569,45.9621],[5.5605,45.9643],[5.5656,45.9642],[5.559,45.9593],[5.5568,45.9586],[5.5583,45.955],[5.5506,45.9551],[5.5467,45.957],[5.5416,45.953],[5.5405,45.9507],[5.5379,45.9502],[5.5384,45.9421],[5.5378,45.9388],[5.5382,45.9345],[5.5337,45.9353],[5.5319,45.9364],[5.5327,45.9434],[5.5307,45.9451],[5.5239,45.9454],[5.5229,45.9461],[5.5222,45.9511],[5.5197,45.9547],[5.5226,45.9646]]]}},{"type":"Feature","properties":{"code":"01077","nom":"Challes-la-Montagne","pop":184},"geometry":{"type":"Polygon","coordinates":[[[5.4593,46.1403],[5.4616,46.1396],[5.463,46.1369],[5.4713,46.1358],[5.4753,46.1347],[5.4756,46.1318],[5.4762,46.1238],[5.4739,46.1198],[5.4735,46.1159],[5.4706,46.1141],[5.468,46.1146],[5.4658,46.1128],[5.4661,46.1089],[5.4623,46.107],[5.4567,46.1072],[5.4526,46.1087],[5.4484,46.1079],[5.4445,46.11],[5.4398,46.1084],[5.4366,46.1137],[5.4357,46.1187],[5.4408,46.1219],[5.4417,46.1261],[5.4442,46.1268],[5.4481,46.1297],[5.4511,46.1357],[5.4549,46.1379],[5.4562,46.1401],[5.4593,46.1403]]]}},{"type":"Feature","properties":{"code":"01078","nom":"Challex","pop":1632},"geometry":{"type":"Polygon","coordinates":[[[5.9731,46.156],[5.9711,46.1568],[5.9628,46.1581],[5.9615,46.1591],[5.9535,46.1618],[5.9521,46.1634],[5.9566,46.1667],[5.9575,46.1706],[5.9547,46.1729],[5.9537,46.1761],[5.9565,46.1814],[5.9587,46.1835],[5.9578,46.1861],[5.959,46.189],[5.9625,46.1932],[5.964,46.1969],[5.9828,46.1908],[5.9837,46.1889],[5.9922,46.1865],[5.9947,46.1814],[5.9913,46.1789],[5.9882,46.1709],[5.9838,46.1738],[5.981,46.1714],[5.9804,46.167],[5.9767,46.1623],[5.9731,46.156]]]}},{"type":"Feature","properties":{"code":"01079","nom":"Champagne-en-Valromey","pop":831},"geometry":{"type":"Polygon","coordinates":[[[5.6814,45.9631],[5.6867,45.9647],[5.6888,45.9616],[5.6938,45.9602],[5.7006,45.9624],[5.7108,45.963],[5.7133,45.9625],[5.7124,45.9585],[5.7136,45.9539],[5.7131,45.9501],[5.715,45.9456],[5.7139,45.9443],[5.7142,45.9414],[5.7134,45.9367],[5.7179,45.9312],[5.7156,45.9305],[5.713,45.9261],[5.7123,45.9234],[5.7081,45.9189],[5.7056,45.9139],[5.7044,45.9132],[5.7042,45.9094],[5.7018,45.906],[5.7003,45.9061],[5.695,45.9028],[5.6885,45.9009],[5.6823,45.8997],[5.6794,45.9013],[5.6725,45.8998],[5.67,45.8987],[5.6663,45.908],[5.667,45.9107],[5.6695,45.9123],[5.6699,45.9154],[5.6742,45.9164],[5.6811,45.9224],[5.6783,45.9234],[5.6819,45.9262],[5.6798,45.9293],[5.6804,45.9312],[5.6781,45.9326],[5.6758,45.9363],[5.6773,45.9396],[5.6753,45.9427],[5.6778,45.9457],[5.6768,45.9485],[5.6779,45.9529],[5.6804,45.9579],[5.682,45.9586],[5.6814,45.9631]]]}},{"type":"Feature","properties":{"code":"01080","nom":"Champdor-Corcelles","pop":665},"geometry":{"type":"Polygon","coordinates":[[[5.6294,46.0249],[5.6282,46.0142],[5.6305,46.0077],[5.6253,46.0065],[5.6209,46.0047],[5.6119,46.0026],[5.6059,46.0017],[5.5957,46.0027],[5.5885,46.0022],[5.5768,46.0037],[5.5663,46.0032],[5.5548,46.0059],[5.5524,46.0106],[5.5508,46.0162],[5.5552,46.0218],[5.5548,46.0233],[5.5493,46.0284],[5.546,46.0342],[5.546,46.0358],[5.5501,46.0352],[5.5564,46.0438],[5.5605,46.0481],[5.5628,46.0472],[5.5712,46.0552],[5.5705,46.0573],[5.5656,46.0645],[5.5742,46.0704],[5.5764,46.0724],[5.5836,46.0684],[5.5836,46.0654],[5.582,46.0612],[5.6007,46.0481],[5.5992,46.0441],[5.606,46.0425],[5.6122,46.0461],[5.617,46.0465],[5.6211,46.0413],[5.6255,46.0337],[5.6293,46.0303],[5.6294,46.0249]]]}},{"type":"Feature","properties":{"code":"01081","nom":"Champfromier","pop":725},"geometry":{"type":"Polygon","coordinates":[[[5.8215,46.2412],[5.8261,46.243],[5.8251,46.2464],[5.8294,46.2518],[5.8299,46.2543],[5.8272,46.2571],[5.8276,46.2596],[5.8262,46.2618],[5.8417,46.2624],[5.8529,46.2614],[5.8635,46.2713],[5.8658,46.2701],[5.8692,46.2653],[5.8688,46.2627],[5.8666,46.2598],[5.8615,46.2505],[5.8568,46.2489],[5.8547,46.2454],[5.8485,46.243],[5.8452,46.2384],[5.8486,46.2366],[5.8454,46.2286],[5.8446,46.2235],[5.8451,46.219],[5.8444,46.2117],[5.8499,46.2099],[5.8461,46.2065],[5.8503,46.2028],[5.8529,46.2022],[5.8512,46.1993],[5.8383,46.1963],[5.8358,46.1931],[5.8313,46.1924],[5.8245,46.1886],[5.8217,46.183],[5.8194,46.1837],[5.8164,46.1814],[5.8115,46.1819],[5.8052,46.185],[5.7998,46.1869],[5.7955,46.1897],[5.7939,46.1915],[5.7893,46.1928],[5.774,46.1918],[5.7747,46.1951],[5.7761,46.195],[5.7779,46.1987],[5.7833,46.2036],[5.7822,46.2097],[5.7821,46.2137],[5.7836,46.2146],[5.7821,46.2213],[5.7833,46.2223],[5.7881,46.2207],[5.7942,46.2217],[5.7918,46.2297],[5.8059,46.2336],[5.8104,46.2325],[5.8136,46.2343],[5.8226,46.2375],[5.8215,46.2412]]]}},{"type":"Feature","properties":{"code":"01082","nom":"Chanay","pop":574},"geometry":{"type":"Polygon","coordinates":[[[5.81,46.0083],[5.8092,46.0061],[5.8103,45.9982],[5.8096,45.9933],[5.7985,45.994],[5.793,45.9975],[5.7871,45.9962],[5.7791,45.9951],[5.7761,45.9909],[5.7718,45.9881],[5.7628,45.9865],[5.7617,45.9869],[5.7518,45.9852],[5.7463,45.9835],[5.7448,45.9875],[5.7453,45.9891],[5.7442,45.9946],[5.737,46.0013],[5.7365,46.0052],[5.7272,46.0156],[5.7244,46.021],[5.7245,46.0213],[5.7746,46.0199],[5.7801,46.0213],[5.7835,46.0202],[5.7874,46.0204],[5.7925,46.0185],[5.7965,46.0185],[5.7991,46.0176],[5.8028,46.0179],[5.8055,46.0162],[5.8054,46.014],[5.8103,46.0105],[5.81,46.0083]]]}},{"type":"Feature","properties":{"code":"01083","nom":"Chaneins","pop":1046},"geometry":{"type":"Polygon","coordinates":[[[4.8181,46.0832],[4.8239,46.092],[4.8258,46.0955],[4.8308,46.0981],[4.8308,46.1002],[4.8372,46.1076],[4.8401,46.1102],[4.8451,46.1094],[4.8507,46.1106],[4.8546,46.1111],[4.8538,46.1078],[4.865,46.1064],[4.8764,46.1038],[4.8812,46.1048],[4.8817,46.1016],[4.885,46.0939],[4.885,46.0857],[4.883,46.0813],[4.8785,46.0811],[4.8738,46.0824],[4.8725,46.0814],[4.8679,46.0814],[4.8642,46.0797],[4.8572,46.08],[4.852,46.0785],[4.8455,46.0816],[4.8439,46.0841],[4.8385,46.0855],[4.8363,46.0809],[4.8335,46.0814],[4.8288,46.081],[4.8181,46.0832]]]}},{"type":"Feature","properties":{"code":"01084","nom":"Chanoz-Châtenay","pop":989},"geometry":{"type":"Polygon","coordinates":[[[5.0153,46.2101],[5.018,46.2095],[5.0199,46.2107],[5.0234,46.2071],[5.0292,46.207],[5.0299,46.2057],[5.0386,46.2034],[5.0378,46.1998],[5.0425,46.1995],[5.039,46.1877],[5.0413,46.1878],[5.0417,46.1848],[5.0449,46.1814],[5.0487,46.1818],[5.0503,46.1798],[5.0539,46.1817],[5.0552,46.1769],[5.0581,46.1766],[5.0603,46.1739],[5.0609,46.1692],[5.053,46.1623],[5.0444,46.1633],[5.0392,46.1648],[5.0362,46.1643],[5.0344,46.1693],[5.0287,46.168],[5.0257,46.1707],[5.0191,46.1726],[5.0146,46.176],[5.0149,46.1775],[5.011,46.1814],[5.0069,46.1819],[5.0008,46.185],[4.9993,46.188],[5.0041,46.1929],[5.0067,46.1965],[5.0042,46.2032],[5.0077,46.2055],[5.0122,46.2057],[5.0146,46.2074],[5.0153,46.2101]]]}},{"type":"Feature","properties":{"code":"01085","nom":"La Chapelle-du-Châtelard","pop":388},"geometry":{"type":"Polygon","coordinates":[[[5.0263,46.0378],[5.0208,46.0412],[5.0208,46.043],[5.0186,46.0506],[5.0195,46.0519],[5.0121,46.0673],[5.0123,46.0692],[5.0088,46.0706],[5.009,46.0823],[5.0077,46.0852],[5.009,46.0865],[5.0068,46.0887],[5.0023,46.0877],[5.002,46.0901],[4.9992,46.0912],[4.9988,46.0937],[4.9963,46.094],[4.9921,46.0973],[4.9905,46.0974],[4.993,46.1044],[4.9986,46.1028],[5.0028,46.1038],[5.0035,46.105],[5.0074,46.1013],[5.0104,46.1],[5.0162,46.0991],[5.0204,46.0995],[5.0242,46.0961],[5.0279,46.0948],[5.0327,46.0957],[5.0366,46.0955],[5.0422,46.0963],[5.0425,46.093],[5.0425,46.0918],[5.0381,46.091],[5.0408,46.0877],[5.0378,46.087],[5.035,46.0841],[5.0347,46.0821],[5.0327,46.0807],[5.0349,46.0789],[5.033,46.076],[5.0362,46.0745],[5.0367,46.0723],[5.0342,46.0697],[5.0314,46.0707],[5.027,46.0691],[5.0295,46.0639],[5.0253,46.0615],[5.0298,46.0594],[5.0353,46.0557],[5.0399,46.0552],[5.0398,46.053],[5.0429,46.0513],[5.0399,46.0478],[5.0373,46.0474],[5.0353,46.0458],[5.0389,46.0418],[5.0421,46.04],[5.0389,46.0381],[5.0405,46.0349],[5.0437,46.0343],[5.0444,46.0311],[5.043,46.0307],[5.0393,46.0322],[5.0346,46.0322],[5.029,46.0373],[5.0263,46.0378]]]}},{"type":"Feature","properties":{"code":"01087","nom":"Charix","pop":280},"geometry":{"type":"Polygon","coordinates":[[[5.7124,46.1742],[5.7121,46.1713],[5.7139,46.1701],[5.7055,46.1681],[5.7039,46.1668],[5.6984,46.166],[5.6924,46.1676],[5.6815,46.1689],[5.6789,46.1687],[5.6722,46.1647],[5.6619,46.1624],[5.6618,46.1643],[5.657,46.1659],[5.655,46.1652],[5.6483,46.1622],[5.6447,46.1623],[5.6408,46.1574],[5.6424,46.17],[5.6439,46.1779],[5.654,46.18],[5.6553,46.1811],[5.6573,46.1863],[5.6704,46.1968],[5.6718,46.2],[5.6786,46.2063],[5.6836,46.2087],[5.6882,46.2144],[5.6903,46.2142],[5.6915,46.2199],[5.6941,46.2213],[5.6977,46.2203],[5.7045,46.2069],[5.7105,46.2042],[5.7095,46.2027],[5.7054,46.1925],[5.7021,46.1852],[5.7017,46.1809],[5.7005,46.1779],[5.7034,46.177],[5.7065,46.1743],[5.7124,46.1742]]]}},{"type":"Feature","properties":{"code":"01088","nom":"Charnoz-sur-Ain","pop":951},"geometry":{"type":"Polygon","coordinates":[[[5.2275,45.8547],[5.2204,45.8547],[5.2154,45.8559],[5.2116,45.8558],[5.208,45.857],[5.1998,45.8581],[5.199,45.8592],[5.2057,45.864],[5.2084,45.8678],[5.2103,45.8722],[5.2111,45.8774],[5.2103,45.8792],[5.2083,45.882],[5.2213,45.8903],[5.2274,45.8928],[5.2483,45.8952],[5.2508,45.8955],[5.2517,45.8926],[5.2512,45.8896],[5.2498,45.8883],[5.2455,45.8876],[5.2348,45.8887],[5.2297,45.8879],[5.2267,45.8864],[5.2237,45.8826],[5.2235,45.8809],[5.2267,45.8698],[5.2289,45.8666],[5.2339,45.8636],[5.2247,45.8576],[5.2275,45.8547]]]}},{"type":"Feature","properties":{"code":"01089","nom":"Château-Gaillard","pop":2443},"geometry":{"type":"Polygon","coordinates":[[[5.281,45.9792],[5.2868,45.9868],[5.2923,45.9967],[5.297,45.9963],[5.2993,45.9971],[5.3043,45.9967],[5.3099,45.9945],[5.3158,45.9941],[5.3178,45.9925],[5.3232,45.9908],[5.3375,45.9839],[5.3307,45.9762],[5.3305,45.972],[5.3274,45.9567],[5.3246,45.9572],[5.3237,45.9539],[5.3184,45.9548],[5.3121,45.9499],[5.3087,45.9518],[5.3071,45.9492],[5.3052,45.9498],[5.302,45.9477],[5.2967,45.9477],[5.2925,45.9493],[5.2916,45.9482],[5.2886,45.9512],[5.2881,45.954],[5.2851,45.9539],[5.2838,45.9564],[5.2828,45.9611],[5.2854,45.9637],[5.2882,45.964],[5.2936,45.9672],[5.2925,45.968],[5.2911,45.9737],[5.2812,45.9763],[5.281,45.9792]]]}},{"type":"Feature","properties":{"code":"01090","nom":"Châtenay","pop":373},"geometry":{"type":"Polygon","coordinates":[[[5.1826,46.05],[5.1861,46.0495],[5.1881,46.0529],[5.1896,46.0512],[5.1928,46.053],[5.1938,46.0514],[5.1968,46.0505],[5.1997,46.0513],[5.203,46.0507],[5.2061,46.0465],[5.2079,46.0405],[5.2054,46.0381],[5.2053,46.0362],[5.2082,46.035],[5.2142,46.0359],[5.2215,46.0339],[5.2245,46.0346],[5.2284,46.0329],[5.2321,46.0284],[5.2368,46.0266],[5.237,46.0234],[5.2351,46.0221],[5.2319,46.0169],[5.2288,46.0152],[5.227,46.0119],[5.2279,46.0097],[5.2233,46.005],[5.221,46.0066],[5.2157,46.0045],[5.2103,46.0045],[5.21,46.0025],[5.2014,46.0028],[5.1983,46.0024],[5.1975,46.0052],[5.1946,46.007],[5.195,46.0108],[5.1921,46.0123],[5.1884,46.0126],[5.1854,46.014],[5.1869,46.0168],[5.1837,46.0187],[5.1846,46.0211],[5.18,46.0213],[5.1828,46.0272],[5.1798,46.0288],[5.1802,46.0316],[5.1794,46.0372],[5.1813,46.0411],[5.1809,46.0429],[5.1824,46.0474],[5.1826,46.05]]]}},{"type":"Feature","properties":{"code":"01092","nom":"Châtillon-la-Palud","pop":1698},"geometry":{"type":"Polygon","coordinates":[[[5.2785,45.9763],[5.2753,45.9727],[5.2698,45.9713],[5.2682,45.9698],[5.2625,45.967],[5.2586,45.9618],[5.2605,45.9563],[5.2578,45.955],[5.2485,45.9542],[5.247,45.9548],[5.2493,45.9585],[5.2441,45.9593],[5.2406,45.9611],[5.2333,45.9612],[5.2308,45.9601],[5.2275,45.9569],[5.2267,45.9546],[5.2244,45.9549],[5.2187,45.959],[5.2167,45.9661],[5.2182,45.9722],[5.2182,45.9753],[5.2171,45.9767],[5.2136,45.9767],[5.2154,45.9792],[5.2158,45.9838],[5.2151,45.9847],[5.2188,45.9847],[5.2189,45.9896],[5.2165,45.9922],[5.2189,45.9944],[5.2212,45.9979],[5.2272,45.9963],[5.2304,45.9942],[5.2294,45.9925],[5.2377,45.9894],[5.2375,45.9908],[5.2434,45.9897],[5.2453,45.9916],[5.2522,45.9865],[5.2567,45.9867],[5.261,45.9835],[5.2632,45.9861],[5.2683,45.984],[5.2679,45.9829],[5.2785,45.9763]]]}},{"type":"Feature","properties":{"code":"01093","nom":"Châtillon-sur-Chalaronne","pop":5250},"geometry":{"type":"Polygon","coordinates":[[[4.9262,46.12],[4.9307,46.1211],[4.9313,46.1249],[4.934,46.1244],[4.9381,46.1275],[4.9398,46.1297],[4.941,46.1342],[4.9384,46.1373],[4.941,46.1419],[4.9414,46.1445],[4.9478,46.1496],[4.9508,46.1491],[4.9516,46.1474],[4.9584,46.1533],[4.9599,46.1547],[4.9634,46.1542],[4.9639,46.156],[4.9694,46.1568],[4.9654,46.1555],[4.9683,46.1497],[4.973,46.1442],[4.9756,46.1436],[4.9779,46.1404],[4.9708,46.1343],[4.9735,46.1331],[4.9743,46.1286],[4.9736,46.1262],[4.9806,46.1228],[4.981,46.1162],[4.9834,46.1149],[4.9839,46.1129],[4.983,46.1087],[4.9841,46.1073],[4.983,46.1037],[4.9836,46.101],[4.9797,46.0973],[4.9748,46.0986],[4.9709,46.0961],[4.967,46.097],[4.9633,46.0987],[4.9594,46.0984],[4.9533,46.0993],[4.9518,46.1015],[4.9513,46.1045],[4.9411,46.1039],[4.9384,46.1077],[4.9313,46.1093],[4.9314,46.1125],[4.9284,46.113],[4.9262,46.12]]]}},{"type":"Feature","properties":{"code":"01094","nom":"Chavannes-sur-Reyssouze","pop":726},"geometry":{"type":"Polygon","coordinates":[[[4.9807,46.4228],[4.9788,46.4242],[4.9797,46.4279],[4.9767,46.4283],[4.9787,46.4319],[4.9786,46.4352],[4.9796,46.4447],[4.9841,46.4455],[4.9877,46.4497],[4.988,46.4532],[4.9893,46.4566],[4.9889,46.4602],[4.9975,46.4596],[4.9974,46.4621],[5.0034,46.4628],[5.0074,46.4624],[5.0099,46.4644],[5.0115,46.4603],[5.0138,46.4599],[5.0141,46.4571],[5.016,46.4532],[5.0147,46.4483],[5.0331,46.4515],[5.0349,46.4518],[5.0372,46.4481],[5.0352,46.4482],[5.0352,46.4328],[5.0327,46.4213],[5.026,46.4233],[5.0201,46.4216],[5.0159,46.4185],[5.0116,46.4187],[5.0093,46.4165],[5.0039,46.4183],[4.9989,46.4184],[4.9963,46.4198],[4.9911,46.4209],[4.9872,46.4201],[4.9838,46.4205],[4.9807,46.4228]]]}},{"type":"Feature","properties":{"code":"01095","nom":"Nivigne et Suran","pop":820},"geometry":{"type":"Polygon","coordinates":[[[5.4102,46.3091],[5.4095,46.3054],[5.4165,46.3052],[5.4185,46.3064],[5.4228,46.3067],[5.4294,46.3063],[5.4391,46.3069],[5.4373,46.3122],[5.4371,46.3151],[5.4443,46.3187],[5.454,46.3179],[5.4569,46.3189],[5.4595,46.3234],[5.4621,46.3225],[5.4652,46.3235],[5.4677,46.3218],[5.4689,46.317],[5.4753,46.3154],[5.4742,46.3103],[5.4706,46.306],[5.4708,46.3033],[5.4681,46.2979],[5.466,46.2918],[5.4626,46.2894],[5.4589,46.2907],[5.4528,46.2921],[5.4532,46.2885],[5.4484,46.2885],[5.4464,46.2869],[5.4439,46.2804],[5.4454,46.2777],[5.4433,46.275],[5.4421,46.2706],[5.4419,46.2671],[5.4434,46.266],[5.4419,46.2633],[5.4415,46.2578],[5.4345,46.2571],[5.4295,46.2573],[5.4251,46.2524],[5.4173,46.252],[5.4184,46.2456],[5.4038,46.2428],[5.3966,46.2422],[5.3957,46.241],[5.3914,46.2495],[5.3893,46.2508],[5.3893,46.2536],[5.391,46.2552],[5.391,46.259],[5.3939,46.2626],[5.3945,46.2655],[5.3924,46.2663],[5.3959,46.2746],[5.3923,46.2776],[5.3933,46.2837],[5.3952,46.2901],[5.3968,46.2937],[5.3997,46.2966],[5.4029,46.3033],[5.4041,46.3148],[5.4048,46.3101],[5.4102,46.3091]]]}},{"type":"Feature","properties":{"code":"01096","nom":"Chaveyriat","pop":1078},"geometry":{"type":"Polygon","coordinates":[[[5.0898,46.1953],[5.0924,46.1939],[5.0912,46.188],[5.0906,46.1817],[5.0655,46.1762],[5.0603,46.1739],[5.0581,46.1766],[5.0552,46.1769],[5.0539,46.1817],[5.0503,46.1798],[5.0487,46.1818],[5.0449,46.1814],[5.0417,46.1848],[5.0413,46.1878],[5.039,46.1877],[5.0425,46.1995],[5.0378,46.1998],[5.0386,46.2034],[5.0299,46.2057],[5.0292,46.207],[5.0234,46.2071],[5.0199,46.2107],[5.018,46.2095],[5.0153,46.2101],[5.0144,46.2112],[5.0181,46.2138],[5.0195,46.2182],[5.0213,46.2176],[5.0232,46.22],[5.0261,46.2218],[5.0296,46.2233],[5.0383,46.2243],[5.0416,46.2238],[5.0434,46.2216],[5.0478,46.2193],[5.0583,46.2207],[5.0595,46.2172],[5.0619,46.2136],[5.064,46.2136],[5.0655,46.2099],[5.0718,46.2076],[5.0787,46.2015],[5.0814,46.2008],[5.0851,46.1963],[5.0898,46.1953]]]}},{"type":"Feature","properties":{"code":"01098","nom":"Chazey-Bons","pop":1142},"geometry":{"type":"Polygon","coordinates":[[[5.7081,45.7772],[5.7023,45.7761],[5.6994,45.7718],[5.6975,45.7708],[5.6937,45.7714],[5.6905,45.7703],[5.6807,45.772],[5.6774,45.7741],[5.671,45.7769],[5.6625,45.7765],[5.6686,45.7787],[5.6691,45.7803],[5.6728,45.783],[5.6753,45.7862],[5.677,45.7866],[5.6789,45.7901],[5.6784,45.7918],[5.6746,45.7918],[5.6667,45.7954],[5.6663,45.8018],[5.6616,45.8027],[5.6603,45.8051],[5.6564,45.8059],[5.6543,45.808],[5.6467,45.8062],[5.6424,45.8076],[5.6416,45.8135],[5.6433,45.8149],[5.6408,45.8164],[5.6387,45.8148],[5.6287,45.8162],[5.6282,45.817],[5.6272,45.8194],[5.63,45.8216],[5.6351,45.8228],[5.638,45.8261],[5.6501,45.8304],[5.6608,45.8312],[5.6612,45.8294],[5.6591,45.8258],[5.6595,45.8216],[5.659,45.8183],[5.6634,45.8152],[5.6756,45.812],[5.6852,45.808],[5.692,45.8089],[5.6963,45.8103],[5.6984,45.8101],[5.7015,45.8116],[5.704,45.8064],[5.7044,45.8043],[5.7071,45.7999],[5.7055,45.7995],[5.704,45.7968],[5.7021,45.7961],[5.6923,45.7924],[5.6934,45.791],[5.6911,45.7889],[5.6966,45.7851],[5.699,45.7829],[5.7038,45.7821],[5.709,45.7783],[5.7081,45.7772]]]}},{"type":"Feature","properties":{"code":"01099","nom":"Chazey-sur-Ain","pop":1632},"geometry":{"type":"Polygon","coordinates":[[[5.297,45.9055],[5.2942,45.9021],[5.289,45.9025],[5.283,45.9036],[5.2805,45.9025],[5.2737,45.8966],[5.2742,45.8953],[5.2671,45.8942],[5.2656,45.8837],[5.2686,45.8829],[5.267,45.8788],[5.2637,45.8762],[5.2718,45.8622],[5.2782,45.8549],[5.2595,45.8629],[5.2487,45.8618],[5.2375,45.8593],[5.2247,45.8576],[5.2339,45.8636],[5.2289,45.8666],[5.2267,45.8698],[5.2235,45.8809],[5.2237,45.8826],[5.2267,45.8864],[5.2297,45.8879],[5.2348,45.8887],[5.2455,45.8876],[5.2498,45.8883],[5.2512,45.8896],[5.2517,45.8926],[5.2508,45.8955],[5.2483,45.8952],[5.2465,45.8965],[5.2428,45.8988],[5.2355,45.9019],[5.2337,45.9058],[5.2336,45.9087],[5.2354,45.9104],[5.2416,45.9141],[5.2436,45.9192],[5.2429,45.9227],[5.2452,45.9264],[5.2488,45.9291],[5.2509,45.9325],[5.2633,45.9292],[5.2621,45.9265],[5.265,45.9183],[5.2713,45.9189],[5.2723,45.9179],[5.2786,45.916],[5.2837,45.9151],[5.284,45.9138],[5.2883,45.9117],[5.2924,45.9113],[5.2972,45.9072],[5.297,45.9055]]]}},{"type":"Feature","properties":{"code":"01100","nom":"Cheignieu-la-Balme","pop":131},"geometry":{"type":"Polygon","coordinates":[[[5.578,45.8122],[5.5756,45.8164],[5.5793,45.8213],[5.5664,45.8339],[5.568,45.8353],[5.571,45.8359],[5.5744,45.8345],[5.5755,45.8325],[5.5799,45.8285],[5.59,45.8246],[5.595,45.8232],[5.6014,45.8247],[5.6046,45.828],[5.6078,45.8297],[5.6143,45.8299],[5.6218,45.8291],[5.63,45.8302],[5.6362,45.8263],[5.638,45.8261],[5.6351,45.8228],[5.63,45.8216],[5.6272,45.8194],[5.6282,45.817],[5.617,45.813],[5.6085,45.8106],[5.6067,45.8129],[5.6094,45.8139],[5.6059,45.8171],[5.6017,45.8183],[5.6012,45.8161],[5.5989,45.8155],[5.5981,45.8189],[5.5959,45.8189],[5.5937,45.8208],[5.591,45.82],[5.5872,45.8225],[5.583,45.8206],[5.5859,45.8171],[5.578,45.8122]]]}},{"type":"Feature","properties":{"code":"01101","nom":"Chevillard","pop":149},"geometry":{"type":"Polygon","coordinates":[[[5.598,46.1025],[5.5931,46.0995],[5.5902,46.0967],[5.5882,46.0931],[5.5859,46.0932],[5.5817,46.0948],[5.5765,46.1008],[5.5738,46.1012],[5.5694,46.1048],[5.5697,46.1087],[5.5656,46.1126],[5.5623,46.1141],[5.559,46.1197],[5.5598,46.1219],[5.571,46.1243],[5.5773,46.1229],[5.5821,46.123],[5.588,46.1207],[5.5941,46.1166],[5.5962,46.1168],[5.5975,46.1145],[5.5976,46.1097],[5.601,46.1093],[5.6039,46.1089],[5.6002,46.1025],[5.598,46.1025]]]}},{"type":"Feature","properties":{"code":"01102","nom":"Chevroux","pop":990},"geometry":{"type":"Polygon","coordinates":[[[4.9433,46.403],[4.9428,46.4058],[4.9461,46.4073],[4.9489,46.4064],[4.9587,46.4047],[4.9616,46.4065],[4.9604,46.4091],[4.9633,46.411],[4.9659,46.4087],[4.9677,46.409],[4.9744,46.4064],[4.9757,46.4029],[4.9816,46.3978],[4.9889,46.3968],[4.9885,46.3906],[4.9854,46.3846],[4.9867,46.3827],[4.9871,46.3778],[4.9852,46.3756],[4.9861,46.3743],[4.9832,46.3712],[4.9815,46.3711],[4.9778,46.3685],[4.9758,46.3681],[4.9744,46.3659],[4.9792,46.3633],[4.9831,46.3595],[4.98,46.3583],[4.9805,46.3551],[4.9759,46.3529],[4.9702,46.3533],[4.967,46.3557],[4.9638,46.3568],[4.9603,46.3567],[4.9585,46.3598],[4.9486,46.3673],[4.9487,46.3697],[4.9425,46.3698],[4.9331,46.3678],[4.9306,46.3726],[4.933,46.3756],[4.9373,46.3777],[4.9442,46.3797],[4.9367,46.3868],[4.9397,46.3907],[4.9427,46.3898],[4.945,46.3912],[4.9452,46.3943],[4.9433,46.403]]]}},{"type":"Feature","properties":{"code":"01103","nom":"Chevry","pop":2372},"geometry":{"type":"Polygon","coordinates":[[[6.0586,46.2929],[6.0613,46.2903],[6.0589,46.2879],[6.0642,46.2861],[6.0664,46.2844],[6.0639,46.2807],[6.0656,46.2789],[6.0639,46.2743],[6.0605,46.2701],[6.0565,46.2719],[6.0517,46.2701],[6.0497,46.272],[6.0465,46.2709],[6.0372,46.2736],[6.035,46.2749],[6.0358,46.2767],[6.0314,46.2797],[6.0329,46.2841],[6.0308,46.2881],[6.0312,46.2902],[6.0287,46.2962],[6.0286,46.2989],[6.0339,46.2968],[6.035,46.2955],[6.0407,46.2951],[6.047,46.2915],[6.0488,46.2936],[6.0562,46.2906],[6.0586,46.2929]]]}},{"type":"Feature","properties":{"code":"01104","nom":"Chézery-Forens","pop":433},"geometry":{"type":"Polygon","coordinates":[[[5.8946,46.2866],[5.8999,46.285],[5.901,46.2862],[5.9091,46.2838],[5.9027,46.2805],[5.8983,46.2744],[5.8993,46.2733],[5.8967,46.2689],[5.8943,46.2676],[5.8922,46.2644],[5.9001,46.2605],[5.903,46.2639],[5.9075,46.2633],[5.9051,46.2604],[5.9123,46.2593],[5.9162,46.2574],[5.9194,46.2599],[5.9246,46.2596],[5.9217,46.2549],[5.923,46.2463],[5.9209,46.2419],[5.9203,46.239],[5.9191,46.2363],[5.9117,46.2299],[5.9098,46.2277],[5.9043,46.2234],[5.9008,46.2201],[5.8955,46.2126],[5.8934,46.2115],[5.8905,46.2067],[5.8849,46.1996],[5.88,46.1942],[5.8769,46.1916],[5.8729,46.1901],[5.869,46.1897],[5.8637,46.185],[5.8665,46.1821],[5.8624,46.1805],[5.861,46.1788],[5.8619,46.172],[5.8645,46.1674],[5.8601,46.1622],[5.8474,46.1666],[5.8441,46.1688],[5.8421,46.169],[5.8395,46.1714],[5.8337,46.1712],[5.831,46.1693],[5.8304,46.1666],[5.8213,46.1649],[5.8137,46.1676],[5.8159,46.1707],[5.816,46.174],[5.8185,46.1766],[5.8217,46.1813],[5.8217,46.183],[5.8245,46.1886],[5.8313,46.1924],[5.8358,46.1931],[5.8383,46.1963],[5.8512,46.1993],[5.8529,46.2022],[5.8503,46.2028],[5.8461,46.2065],[5.8499,46.2099],[5.8444,46.2117],[5.8451,46.219],[5.8446,46.2235],[5.8454,46.2286],[5.8486,46.2366],[5.8452,46.2384],[5.8485,46.243],[5.8547,46.2454],[5.8568,46.2489],[5.8615,46.2505],[5.8666,46.2598],[5.8688,46.2627],[5.8692,46.2653],[5.8757,46.2676],[5.8803,46.2714],[5.8888,46.2792],[5.8927,46.285],[5.8946,46.2866]]]}},{"type":"Feature","properties":{"code":"01105","nom":"Civrieux","pop":2016},"geometry":{"type":"Polygon","coordinates":[[[4.8807,45.8975],[4.8758,45.8965],[4.8718,45.8935],[4.8727,45.8992],[4.8713,45.9031],[4.8679,45.9037],[4.8572,45.9068],[4.8529,45.9068],[4.8529,45.9086],[4.8498,45.9129],[4.8484,45.9132],[4.8483,45.9155],[4.8522,45.9176],[4.8523,45.922],[4.8516,45.924],[4.8515,45.9295],[4.8543,45.9338],[4.8624,45.9319],[4.8626,45.9333],[4.8679,45.9375],[4.8741,45.9369],[4.8809,45.9394],[4.9027,45.9422],[4.9039,45.9452],[4.9174,45.9432],[4.9205,45.9481],[4.9232,45.9477],[4.9303,45.9452],[4.9308,45.9438],[4.9265,45.9357],[4.9233,45.9334],[4.918,45.9314],[4.9115,45.9212],[4.907,45.9193],[4.9048,45.9131],[4.9121,45.9065],[4.909,45.9055],[4.9051,45.9062],[4.8946,45.9006],[4.8935,45.9042],[4.8908,45.9043],[4.8869,45.9027],[4.8828,45.9002],[4.8807,45.8975]]]}},{"type":"Feature","properties":{"code":"01106","nom":"Cize","pop":168},"geometry":{"type":"Polygon","coordinates":[[[5.4476,46.2164],[5.4506,46.2151],[5.4497,46.2115],[5.4511,46.2088],[5.4536,46.2074],[5.4624,46.206],[5.4646,46.2042],[5.4637,46.1981],[5.4643,46.195],[5.4661,46.1917],[5.4649,46.1878],[5.4605,46.1859],[5.4556,46.1899],[5.4491,46.1927],[5.4452,46.1929],[5.4417,46.1947],[5.4337,46.1962],[5.4361,46.2],[5.4367,46.2045],[5.4404,46.2111],[5.4456,46.217],[5.4476,46.2164]]]}},{"type":"Feature","properties":{"code":"01107","nom":"Cleyzieu","pop":143},"geometry":{"type":"Polygon","coordinates":[[[5.447,45.8833],[5.4408,45.8838],[5.4393,45.8851],[5.4392,45.8877],[5.4214,45.8948],[5.4157,45.8964],[5.4142,45.8961],[5.4118,45.8977],[5.4135,45.9018],[5.4126,45.9045],[5.4165,45.9072],[5.4181,45.9109],[5.4198,45.9171],[5.4254,45.9185],[5.4286,45.9221],[5.4348,45.9198],[5.4362,45.9178],[5.44,45.9175],[5.4414,45.9161],[5.4443,45.9118],[5.4498,45.8933],[5.4519,45.8897],[5.4517,45.8876],[5.4493,45.8866],[5.447,45.8833]]]}},{"type":"Feature","properties":{"code":"01108","nom":"Coligny","pop":1360},"geometry":{"type":"Polygon","coordinates":[[[5.3088,46.3714],[5.3051,46.3741],[5.3035,46.3789],[5.2986,46.3808],[5.2967,46.384],[5.2925,46.3852],[5.2948,46.3894],[5.2929,46.3916],[5.2934,46.3938],[5.2945,46.3925],[5.2992,46.3923],[5.3016,46.393],[5.3012,46.3957],[5.3023,46.3993],[5.3053,46.4007],[5.3091,46.4103],[5.3147,46.4095],[5.3214,46.4041],[5.3261,46.402],[5.3309,46.4014],[5.3308,46.3986],[5.3348,46.3976],[5.3372,46.4014],[5.3392,46.4021],[5.3441,46.3999],[5.347,46.3997],[5.3533,46.3972],[5.3516,46.3939],[5.3597,46.391],[5.3629,46.392],[5.3635,46.3889],[5.367,46.3885],[5.3708,46.3867],[5.3716,46.3828],[5.3761,46.3822],[5.3757,46.3803],[5.3725,46.3785],[5.3703,46.376],[5.3649,46.3729],[5.3611,46.3714],[5.3584,46.372],[5.3551,46.3746],[5.3444,46.3741],[5.3418,46.375],[5.3357,46.3751],[5.3316,46.3734],[5.3311,46.372],[5.3329,46.3674],[5.3287,46.3681],[5.3165,46.3694],[5.316,46.3688],[5.3149,46.3706],[5.3088,46.3714]]]}},{"type":"Feature","properties":{"code":"01109","nom":"Collonges","pop":2398},"geometry":{"type":"Polygon","coordinates":[[[5.9065,46.1224],[5.9043,46.1202],[5.8972,46.12],[5.8895,46.129],[5.8893,46.1307],[5.8824,46.1312],[5.8821,46.1327],[5.8773,46.1375],[5.8726,46.1374],[5.8712,46.1362],[5.8662,46.1348],[5.8674,46.1404],[5.8665,46.1461],[5.8683,46.1474],[5.8638,46.1502],[5.8648,46.1575],[5.8754,46.1592],[5.8841,46.1592],[5.8955,46.1588],[5.9006,46.1593],[5.9116,46.1579],[5.9132,46.158],[5.92,46.155],[5.9251,46.1517],[5.9303,46.1517],[5.9333,46.1496],[5.9346,46.1478],[5.9279,46.1481],[5.9254,46.1475],[5.9277,46.1427],[5.9307,46.1413],[5.932,46.1391],[5.9375,46.1361],[5.9367,46.1329],[5.9369,46.1286],[5.9326,46.129],[5.9293,46.128],[5.9258,46.1282],[5.9258,46.1298],[5.9226,46.1314],[5.9192,46.1309],[5.9106,46.1248],[5.9065,46.1224]]]}},{"type":"Feature","properties":{"code":"01110","nom":"Colomieu","pop":159},"geometry":{"type":"Polygon","coordinates":[[[5.6147,45.7349],[5.6111,45.7418],[5.6123,45.7424],[5.6112,45.7492],[5.6139,45.7496],[5.6154,45.7478],[5.6181,45.749],[5.618,45.7507],[5.6253,45.7504],[5.6255,45.747],[5.6302,45.7467],[5.6336,45.7498],[5.6383,45.7507],[5.6406,45.748],[5.6416,45.74],[5.6383,45.7344],[5.6375,45.7274],[5.6364,45.7264],[5.6364,45.7231],[5.6342,45.7211],[5.6286,45.7197],[5.6295,45.7179],[5.6261,45.7176],[5.6233,45.7198],[5.6215,45.7236],[5.6147,45.7349]]]}},{"type":"Feature","properties":{"code":"01111","nom":"Conand","pop":134},"geometry":{"type":"Polygon","coordinates":[[[5.5088,45.8474],[5.5032,45.8524],[5.5008,45.8532],[5.4888,45.8598],[5.4819,45.8673],[5.4785,45.8721],[5.4771,45.8688],[5.4763,45.87],[5.4721,45.8718],[5.4707,45.8743],[5.4557,45.8806],[5.4517,45.8797],[5.447,45.8833],[5.4493,45.8866],[5.4517,45.8876],[5.4519,45.8897],[5.4498,45.8933],[5.4443,45.9118],[5.4414,45.9161],[5.446,45.9197],[5.448,45.9185],[5.4562,45.9177],[5.4602,45.9142],[5.4647,45.9141],[5.4656,45.911],[5.4649,45.9063],[5.4656,45.9043],[5.4692,45.9018],[5.472,45.9013],[5.4725,45.8974],[5.4739,45.895],[5.4769,45.8943],[5.4787,45.8902],[5.4822,45.8898],[5.4852,45.8851],[5.4868,45.8846],[5.4892,45.8889],[5.4916,45.8896],[5.4958,45.885],[5.5,45.8825],[5.5016,45.8768],[5.4993,45.8759],[5.5058,45.8646],[5.5109,45.8591],[5.5126,45.8559],[5.516,45.849],[5.5101,45.8487],[5.5088,45.8474]]]}},{"type":"Feature","properties":{"code":"01112","nom":"Condamine","pop":480},"geometry":{"type":"Polygon","coordinates":[[[5.5334,46.1048],[5.5371,46.1108],[5.5369,46.1133],[5.5386,46.1147],[5.5423,46.1137],[5.5457,46.1182],[5.5488,46.1171],[5.549,46.1154],[5.5534,46.1129],[5.5607,46.1125],[5.5623,46.1141],[5.5656,46.1126],[5.5697,46.1087],[5.5694,46.1048],[5.5738,46.1012],[5.5765,46.1008],[5.5817,46.0948],[5.5859,46.0932],[5.581,46.0934],[5.5796,46.095],[5.5754,46.0964],[5.5736,46.0957],[5.5702,46.0967],[5.5635,46.0968],[5.5605,46.0993],[5.554,46.0989],[5.5475,46.1016],[5.5421,46.1021],[5.5334,46.1048]]]}},{"type":"Feature","properties":{"code":"01113","nom":"Condeissiat","pop":839},"geometry":{"type":"Polygon","coordinates":[[[5.0531,46.1401],[5.0527,46.1426],[5.0553,46.1446],[5.0537,46.1467],[5.0527,46.1526],[5.0544,46.1532],[5.0539,46.1575],[5.0548,46.159],[5.053,46.1623],[5.0609,46.1692],[5.0603,46.1739],[5.0655,46.1762],[5.0906,46.1817],[5.0906,46.1785],[5.0954,46.178],[5.0952,46.1765],[5.0993,46.1732],[5.1064,46.1725],[5.1069,46.1684],[5.1097,46.1681],[5.1105,46.1632],[5.1131,46.1635],[5.1124,46.1591],[5.1132,46.1572],[5.1161,46.1581],[5.1182,46.1564],[5.1199,46.155],[5.1162,46.1517],[5.1176,46.1498],[5.1167,46.1447],[5.1147,46.1444],[5.114,46.1402],[5.1115,46.1406],[5.1105,46.1387],[5.108,46.1385],[5.1072,46.1362],[5.1031,46.1348],[5.1031,46.1336],[5.0994,46.1324],[5.099,46.1266],[5.0944,46.1266],[5.091,46.1284],[5.0849,46.1269],[5.0831,46.1283],[5.075,46.127],[5.0726,46.1276],[5.0707,46.1314],[5.0684,46.1337],[5.0696,46.1371],[5.0693,46.1394],[5.0668,46.141],[5.0634,46.141],[5.0592,46.1397],[5.0531,46.1401]]]}},{"type":"Feature","properties":{"code":"01114","nom":"Confort","pop":668},"geometry":{"type":"Polygon","coordinates":[[[5.8601,46.1622],[5.8606,46.1603],[5.8648,46.1575],[5.8638,46.1502],[5.8683,46.1474],[5.8603,46.1483],[5.8544,46.1483],[5.8448,46.145],[5.8338,46.1437],[5.8278,46.1406],[5.8216,46.1392],[5.8188,46.1394],[5.8117,46.1361],[5.8094,46.1382],[5.8078,46.1412],[5.8081,46.143],[5.8051,46.1479],[5.8034,46.1493],[5.8055,46.1533],[5.8089,46.1565],[5.8094,46.1609],[5.8115,46.1611],[5.8131,46.1638],[5.8109,46.1645],[5.8111,46.1668],[5.8137,46.1676],[5.8213,46.1649],[5.8304,46.1666],[5.831,46.1693],[5.8337,46.1712],[5.8395,46.1714],[5.8421,46.169],[5.8441,46.1688],[5.8474,46.1666],[5.8601,46.1622]]]}},{"type":"Feature","properties":{"code":"01115","nom":"Confrançon","pop":1356},"geometry":{"type":"Polygon","coordinates":[[[5.0277,46.2647],[5.0274,46.2665],[5.0212,46.2691],[5.0238,46.2731],[5.0244,46.2769],[5.0264,46.2807],[5.0324,46.2797],[5.0333,46.2847],[5.037,46.2867],[5.0386,46.286],[5.0432,46.2873],[5.0455,46.2861],[5.0466,46.291],[5.0496,46.2925],[5.0537,46.2962],[5.059,46.2967],[5.0656,46.2939],[5.0703,46.2925],[5.0719,46.2921],[5.0713,46.2863],[5.075,46.2864],[5.0804,46.2837],[5.0786,46.2784],[5.0806,46.2734],[5.0781,46.2648],[5.0848,46.2655],[5.0903,46.2641],[5.0923,46.262],[5.0967,46.2595],[5.0955,46.2543],[5.0982,46.2522],[5.0936,46.2526],[5.0914,46.2509],[5.0882,46.2521],[5.0806,46.2526],[5.0802,46.251],[5.076,46.2514],[5.0728,46.2525],[5.0663,46.2537],[5.0616,46.252],[5.0568,46.2527],[5.0562,46.2503],[5.0535,46.2502],[5.0438,46.2514],[5.0438,46.2533],[5.0399,46.2551],[5.0311,46.2569],[5.0304,46.2587],[5.0315,46.2609],[5.0277,46.2647]]]}},{"type":"Feature","properties":{"code":"01116","nom":"Contrevoz","pop":494},"geometry":{"type":"Polygon","coordinates":[[[5.5923,45.7992],[5.5891,45.8032],[5.59,45.8045],[5.5849,45.809],[5.5802,45.8099],[5.578,45.8122],[5.5859,45.8171],[5.583,45.8206],[5.5872,45.8225],[5.591,45.82],[5.5937,45.8208],[5.5959,45.8189],[5.5981,45.8189],[5.5989,45.8155],[5.6012,45.8161],[5.6017,45.8183],[5.6059,45.8171],[5.6094,45.8139],[5.6067,45.8129],[5.6085,45.8106],[5.617,45.813],[5.6282,45.817],[5.6287,45.8162],[5.6387,45.8148],[5.6408,45.8164],[5.6433,45.8149],[5.6416,45.8135],[5.6424,45.8076],[5.6431,45.8049],[5.6424,45.8031],[5.6438,45.7996],[5.6465,45.7963],[5.6476,45.792],[5.6514,45.7885],[5.6545,45.7845],[5.6548,45.7825],[5.6522,45.7799],[5.6494,45.7796],[5.6465,45.7767],[5.648,45.7721],[5.6466,45.7718],[5.6434,45.7745],[5.6412,45.7784],[5.6381,45.7819],[5.6335,45.7817],[5.6306,45.7835],[5.6275,45.7871],[5.6238,45.7884],[5.6201,45.7874],[5.6176,45.7895],[5.6159,45.7936],[5.6105,45.7943],[5.6087,45.792],[5.6019,45.7943],[5.5938,45.7996],[5.5923,45.7992]]]}},{"type":"Feature","properties":{"code":"01117","nom":"Conzieu","pop":155},"geometry":{"type":"Polygon","coordinates":[[[5.5806,45.7389],[5.5813,45.7407],[5.5949,45.7432],[5.5952,45.7426],[5.6047,45.7402],[5.6071,45.7342],[5.6147,45.7349],[5.6215,45.7236],[5.6233,45.7198],[5.62,45.7172],[5.6194,45.7152],[5.622,45.7112],[5.6118,45.7073],[5.6076,45.7061],[5.6053,45.7079],[5.5992,45.713],[5.5965,45.7168],[5.5957,45.7217],[5.594,45.7227],[5.5911,45.729],[5.5806,45.7389]]]}},{"type":"Feature","properties":{"code":"01118","nom":"Corbonod","pop":1333},"geometry":{"type":"Polygon","coordinates":[[[5.8329,45.9723],[5.834,45.9701],[5.8341,45.9668],[5.8326,45.9619],[5.8249,45.9615],[5.8237,45.9578],[5.8244,45.9525],[5.8182,45.9451],[5.8172,45.9376],[5.8163,45.9366],[5.8115,45.9373],[5.8034,45.9404],[5.796,45.9393],[5.7664,45.936],[5.7632,45.9442],[5.7603,45.9489],[5.7605,45.9556],[5.7571,45.9611],[5.7535,45.9623],[5.7483,45.9613],[5.7475,45.9663],[5.7481,45.9737],[5.7466,45.9775],[5.7463,45.9835],[5.7518,45.9852],[5.7617,45.9869],[5.7628,45.9865],[5.7718,45.9881],[5.7761,45.9909],[5.7791,45.9951],[5.7871,45.9962],[5.793,45.9975],[5.7985,45.994],[5.8096,45.9933],[5.8094,45.9895],[5.8117,45.987],[5.8164,45.9837],[5.8219,45.9817],[5.8263,45.9792],[5.8315,45.9754],[5.8329,45.9723]]]}},{"type":"Feature","properties":{"code":"01121","nom":"Corlier","pop":116},"geometry":{"type":"Polygon","coordinates":[[[5.4833,46.0207],[5.4829,46.0209],[5.4836,46.026],[5.4832,46.0299],[5.4838,46.0349],[5.4849,46.0379],[5.4878,46.041],[5.4884,46.0441],[5.4872,46.0459],[5.4878,46.0525],[5.4915,46.0538],[5.4952,46.0495],[5.4986,46.0467],[5.5055,46.0383],[5.5102,46.0342],[5.5107,46.03],[5.5168,46.0257],[5.5173,46.0237],[5.5163,46.0228],[5.5104,46.0231],[5.5044,46.0209],[5.4967,46.0203],[5.4957,46.0234],[5.4928,46.0214],[5.4887,46.0218],[5.4856,46.02],[5.4833,46.0207]]]}},{"type":"Feature","properties":{"code":"01123","nom":"Cormoranche-sur-Saône","pop":1179},"geometry":{"type":"Polygon","coordinates":[[[4.8112,46.2545],[4.8116,46.2612],[4.8166,46.2656],[4.8237,46.2615],[4.8243,46.2596],[4.8294,46.257],[4.8282,46.2551],[4.8326,46.2526],[4.8316,46.2507],[4.8357,46.2499],[4.8374,46.2467],[4.8403,46.2452],[4.8493,46.2435],[4.855,46.2372],[4.8575,46.2368],[4.8594,46.2343],[4.858,46.2299],[4.8551,46.2279],[4.8506,46.2285],[4.848,46.2296],[4.8439,46.2275],[4.8386,46.2267],[4.8345,46.2269],[4.8315,46.2261],[4.8269,46.2296],[4.816,46.2292],[4.8087,46.2275],[4.8011,46.2298],[4.8081,46.2374],[4.8108,46.2456],[4.8117,46.25],[4.8112,46.2545]]]}},{"type":"Feature","properties":{"code":"01124","nom":"Cormoz","pop":703},"geometry":{"type":"Polygon","coordinates":[[[5.2361,46.4578],[5.2334,46.4551],[5.2427,46.4493],[5.2437,46.4471],[5.2407,46.4451],[5.2409,46.4426],[5.2394,46.4409],[5.2403,46.4349],[5.2433,46.4304],[5.255,46.4228],[5.2505,46.4185],[5.2446,46.42],[5.2415,46.419],[5.2422,46.4153],[5.246,46.4137],[5.2438,46.4114],[5.2409,46.4069],[5.2313,46.4074],[5.2336,46.4102],[5.2326,46.4135],[5.2295,46.4133],[5.2242,46.4092],[5.2169,46.407],[5.2084,46.4071],[5.2055,46.4128],[5.1993,46.412],[5.1939,46.4095],[5.1928,46.4122],[5.1907,46.4145],[5.1868,46.4145],[5.1883,46.4171],[5.1912,46.419],[5.1952,46.4235],[5.1987,46.4263],[5.2024,46.4284],[5.2009,46.4298],[5.2027,46.4322],[5.2021,46.4343],[5.1993,46.4355],[5.2039,46.4394],[5.2032,46.4439],[5.2038,46.4457],[5.2067,46.4474],[5.2071,46.4491],[5.2099,46.4504],[5.2096,46.4527],[5.2067,46.4564],[5.2094,46.4593],[5.2062,46.4614],[5.2079,46.4631],[5.2108,46.4634],[5.2114,46.4673],[5.2146,46.4687],[5.22,46.4681],[5.2213,46.4691],[5.225,46.4687],[5.2318,46.4628],[5.235,46.4579],[5.2361,46.4578]]]}},{"type":"Feature","properties":{"code":"01125","nom":"Corveissiat","pop":601},"geometry":{"type":"Polygon","coordinates":[[[5.4506,46.2151],[5.4476,46.2164],[5.4515,46.2213],[5.4555,46.2252],[5.4587,46.2307],[5.4607,46.2321],[5.4644,46.2385],[5.4584,46.2404],[5.4547,46.234],[5.4521,46.2318],[5.4478,46.231],[5.4508,46.2373],[5.4574,46.2475],[5.4542,46.251],[5.4489,46.25],[5.4437,46.2517],[5.4416,46.2543],[5.4415,46.2578],[5.4419,46.2633],[5.4434,46.266],[5.4419,46.2671],[5.4421,46.2706],[5.4433,46.275],[5.4454,46.2777],[5.4439,46.2804],[5.4464,46.2869],[5.4484,46.2885],[5.4532,46.2885],[5.4528,46.2921],[5.4589,46.2907],[5.4598,46.2864],[5.4577,46.2792],[5.4571,46.2744],[5.4618,46.2743],[5.4618,46.2716],[5.4692,46.2711],[5.468,46.2689],[5.4722,46.2673],[5.4738,46.2643],[5.4833,46.2674],[5.488,46.2682],[5.4996,46.2682],[5.5038,46.2687],[5.5084,46.2644],[5.5113,46.2645],[5.5096,46.2621],[5.5107,46.2596],[5.513,46.2582],[5.512,46.2559],[5.509,46.2547],[5.5051,46.2487],[5.5049,46.247],[5.501,46.2424],[5.4976,46.2439],[5.4914,46.2408],[5.4908,46.2366],[5.4881,46.2324],[5.4842,46.2293],[5.4801,46.2269],[5.4777,46.2244],[5.4731,46.2166],[5.4707,46.2133],[5.4679,46.2111],[5.4646,46.2107],[5.4608,46.2132],[5.4575,46.2164],[5.454,46.2169],[5.4506,46.2151]]]}},{"type":"Feature","properties":{"code":"01127","nom":"Courmangoux","pop":522},"geometry":{"type":"Polygon","coordinates":[[[5.3171,46.2978],[5.3156,46.2999],[5.3187,46.3065],[5.3151,46.3079],[5.3155,46.3139],[5.3182,46.3131],[5.3243,46.3128],[5.3268,46.3152],[5.3222,46.3161],[5.3215,46.3179],[5.3233,46.3225],[5.3257,46.3245],[5.3286,46.3292],[5.3312,46.3306],[5.3351,46.3311],[5.3344,46.3339],[5.3372,46.3347],[5.3482,46.334],[5.3527,46.3358],[5.3531,46.3382],[5.3585,46.339],[5.361,46.3426],[5.3668,46.3464],[5.3658,46.3499],[5.3733,46.3512],[5.3735,46.3522],[5.3763,46.3508],[5.3795,46.3463],[5.3866,46.3439],[5.3871,46.3423],[5.3929,46.3405],[5.402,46.339],[5.403,46.3367],[5.4017,46.3328],[5.3913,46.328],[5.3852,46.3277],[5.384,46.3265],[5.3751,46.3257],[5.3718,46.3217],[5.3688,46.3197],[5.3649,46.3197],[5.36,46.3212],[5.3543,46.3206],[5.355,46.3164],[5.3505,46.315],[5.3466,46.3127],[5.3448,46.3137],[5.3345,46.3122],[5.3355,46.3091],[5.3383,46.3069],[5.3337,46.3043],[5.3292,46.3005],[5.3229,46.2965],[5.3171,46.2978]]]}},{"type":"Feature","properties":{"code":"01128","nom":"Courtes","pop":289},"geometry":{"type":"Polygon","coordinates":[[[5.1281,46.4425],[5.1248,46.4425],[5.121,46.4438],[5.1195,46.4453],[5.1154,46.4469],[5.1158,46.4417],[5.1117,46.4397],[5.1104,46.4414],[5.1056,46.445],[5.0977,46.4462],[5.0971,46.4479],[5.094,46.4505],[5.0903,46.4514],[5.0871,46.4497],[5.0846,46.455],[5.0852,46.459],[5.0888,46.4596],[5.0894,46.4631],[5.094,46.4648],[5.095,46.4696],[5.0985,46.4724],[5.1013,46.4723],[5.1096,46.4693],[5.1146,46.47],[5.1163,46.4732],[5.1234,46.4727],[5.1235,46.4675],[5.1243,46.4613],[5.1295,46.4597],[5.1291,46.4576],[5.1381,46.4581],[5.1397,46.4596],[5.1412,46.456],[5.1394,46.4551],[5.137,46.4501],[5.1301,46.4514],[5.127,46.4485],[5.1286,46.4447],[5.1281,46.4425]]]}},{"type":"Feature","properties":{"code":"01129","nom":"Crans","pop":326},"geometry":{"type":"Polygon","coordinates":[[[5.1568,45.9796],[5.1603,45.9791],[5.1644,45.9797],[5.1762,45.9784],[5.185,45.9798],[5.1887,45.9809],[5.1918,45.9779],[5.1951,45.9783],[5.198,45.9848],[5.2077,45.98],[5.2102,45.9811],[5.2107,45.9843],[5.2102,45.9883],[5.2146,45.9866],[5.2151,45.9847],[5.2158,45.9838],[5.2154,45.9792],[5.2136,45.9767],[5.2171,45.9767],[5.2182,45.9753],[5.2182,45.9722],[5.2167,45.9661],[5.2187,45.959],[5.2244,45.9549],[5.2267,45.9546],[5.2257,45.9497],[5.2212,45.9475],[5.2149,45.947],[5.2098,45.9451],[5.2058,45.9486],[5.2059,45.9499],[5.2007,45.9521],[5.1994,45.9539],[5.1968,45.9529],[5.1899,45.9518],[5.1857,45.95],[5.1853,45.9543],[5.1821,45.9554],[5.1797,45.9625],[5.176,45.9634],[5.169,45.9637],[5.1685,45.9621],[5.1629,45.963],[5.1631,45.9673],[5.1608,45.9694],[5.1573,45.9756],[5.1568,45.9796]]]}},{"type":"Feature","properties":{"code":"01130","nom":"Bresse Vallons","pop":2388},"geometry":{"type":"Polygon","coordinates":[[[5.1481,46.2987],[5.1448,46.3015],[5.1442,46.3034],[5.1402,46.3045],[5.1369,46.3043],[5.1376,46.307],[5.1413,46.3082],[5.1408,46.3113],[5.1438,46.3127],[5.1456,46.3149],[5.1499,46.3165],[5.1489,46.3196],[5.1507,46.3242],[5.1536,46.323],[5.1572,46.3251],[5.158,46.3273],[5.1628,46.3266],[5.1688,46.3287],[5.1652,46.3328],[5.163,46.3366],[5.1626,46.3393],[5.1582,46.3451],[5.1617,46.3446],[5.1656,46.3478],[5.1697,46.3496],[5.1705,46.3477],[5.1772,46.3468],[5.1804,46.3494],[5.1833,46.3496],[5.1856,46.3513],[5.1987,46.3495],[5.1971,46.3521],[5.2012,46.3525],[5.205,46.3548],[5.208,46.3547],[5.2119,46.3568],[5.2165,46.3539],[5.22,46.3436],[5.219,46.34],[5.2175,46.3388],[5.2165,46.3349],[5.2166,46.3302],[5.2134,46.3249],[5.2176,46.3221],[5.2227,46.3213],[5.2275,46.32],[5.225,46.3162],[5.22,46.315],[5.2156,46.3152],[5.2153,46.3136],[5.2102,46.3128],[5.2104,46.3113],[5.2069,46.3101],[5.2022,46.3073],[5.2017,46.3053],[5.1938,46.3056],[5.1938,46.3024],[5.1898,46.3025],[5.1907,46.2997],[5.1846,46.2988],[5.1808,46.2972],[5.173,46.2973],[5.1683,46.3005],[5.1618,46.3002],[5.1604,46.302],[5.1498,46.3],[5.1481,46.2987]]]}},{"type":"Feature","properties":{"code":"01133","nom":"Cressin-Rochefort","pop":380},"geometry":{"type":"Polygon","coordinates":[[[5.7811,45.781],[5.7804,45.7773],[5.7834,45.7737],[5.7834,45.7724],[5.7709,45.772],[5.7616,45.769],[5.7584,45.7687],[5.7535,45.7649],[5.7499,45.7655],[5.7477,45.7685],[5.7481,45.7698],[5.7458,45.7763],[5.7458,45.7811],[5.7478,45.7814],[5.747,45.7852],[5.7513,45.7858],[5.7587,45.7898],[5.7605,45.7958],[5.7583,45.7971],[5.759,45.802],[5.7671,45.8013],[5.7733,45.7983],[5.7721,45.7971],[5.7724,45.794],[5.7849,45.7972],[5.7842,45.7897],[5.783,45.7836],[5.7811,45.781]]]}},{"type":"Feature","properties":{"code":"01134","nom":"Crottet","pop":1847},"geometry":{"type":"Polygon","coordinates":[[[4.836,46.2986],[4.8391,46.3034],[4.8411,46.3023],[4.8406,46.2998],[4.8459,46.2962],[4.8474,46.2944],[4.8529,46.293],[4.8629,46.2915],[4.8657,46.2918],[4.8713,46.2909],[4.8751,46.2883],[4.8798,46.2889],[4.8876,46.2877],[4.8917,46.2951],[4.8952,46.2954],[4.8965,46.2975],[4.9004,46.2968],[4.9044,46.2949],[4.9121,46.2924],[4.9115,46.2904],[4.908,46.2892],[4.9088,46.2867],[4.9111,46.2849],[4.9156,46.2877],[4.9174,46.2873],[4.9158,46.2846],[4.9133,46.2832],[4.9076,46.2771],[4.9034,46.2732],[4.8989,46.2708],[4.8957,46.2664],[4.8921,46.2663],[4.8899,46.2671],[4.8826,46.2676],[4.8798,46.2688],[4.8784,46.2718],[4.8764,46.2733],[4.8729,46.2726],[4.8688,46.2708],[4.8605,46.2706],[4.859,46.2717],[4.8594,46.274],[4.8558,46.276],[4.8543,46.2791],[4.851,46.2786],[4.8477,46.2815],[4.8437,46.2822],[4.8444,46.2848],[4.8426,46.2868],[4.8392,46.288],[4.8379,46.2905],[4.8386,46.2936],[4.8361,46.2955],[4.836,46.2986]]]}},{"type":"Feature","properties":{"code":"01135","nom":"Crozet","pop":2416},"geometry":{"type":"Polygon","coordinates":[[[6.0277,46.2619],[6.0215,46.2621],[6.0197,46.2593],[6.0158,46.2585],[6.0126,46.2607],[6.007,46.2625],[6.0035,46.263],[5.9635,46.2841],[5.9595,46.2843],[5.958,46.2854],[5.9586,46.2874],[5.9626,46.2922],[5.9558,46.2982],[5.957,46.3019],[5.9529,46.3041],[5.9545,46.306],[5.9575,46.3096],[5.9622,46.3167],[5.9657,46.3199],[5.9739,46.32],[5.9738,46.3228],[5.9795,46.3205],[5.9831,46.318],[5.9838,46.3165],[5.9891,46.3157],[5.9905,46.3173],[5.9935,46.3161],[5.9962,46.3171],[6.0014,46.3138],[6.0042,46.3145],[6.0252,46.3044],[6.0286,46.2989],[6.0287,46.2962],[6.0312,46.2902],[6.0308,46.2881],[6.0329,46.2841],[6.0314,46.2797],[6.0275,46.276],[6.0279,46.2715],[6.0289,46.2709],[6.0273,46.2639],[6.0277,46.2619]]]}},{"type":"Feature","properties":{"code":"01136","nom":"Cruzilles-lès-Mépillat","pop":984},"geometry":{"type":"Polygon","coordinates":[[[4.8625,46.2042],[4.8551,46.2067],[4.854,46.2073],[4.8553,46.2128],[4.8524,46.2128],[4.8541,46.2195],[4.8543,46.2227],[4.8564,46.2247],[4.8551,46.2279],[4.858,46.2299],[4.8594,46.2343],[4.8636,46.234],[4.8662,46.2353],[4.867,46.2409],[4.8688,46.2413],[4.8682,46.2443],[4.8717,46.246],[4.8767,46.2456],[4.8778,46.2444],[4.8757,46.242],[4.8778,46.2392],[4.8856,46.2394],[4.8849,46.2379],[4.8908,46.2357],[4.8933,46.2358],[4.8945,46.2338],[4.8995,46.2324],[4.8987,46.2296],[4.8963,46.2282],[4.8965,46.2249],[4.8946,46.2196],[4.8911,46.2149],[4.8904,46.2101],[4.8915,46.2066],[4.8917,46.2043],[4.8833,46.2012],[4.8804,46.2015],[4.8747,46.2005],[4.8738,46.2015],[4.8668,46.2026],[4.8625,46.2042]]]}},{"type":"Feature","properties":{"code":"01138","nom":"Culoz-Béon","pop":3453},"geometry":{"type":"Polygon","coordinates":[[[5.8075,45.8606],[5.8034,45.8552],[5.801,45.8457],[5.7972,45.8311],[5.7953,45.83],[5.7889,45.8267],[5.7878,45.8235],[5.7874,45.8271],[5.7797,45.8264],[5.7792,45.8237],[5.7768,45.8217],[5.7743,45.822],[5.7723,45.8237],[5.7667,45.8243],[5.7631,45.8249],[5.7641,45.8345],[5.7486,45.8354],[5.7466,45.8365],[5.7414,45.8435],[5.736,45.8458],[5.7321,45.8459],[5.7281,45.8483],[5.7301,45.851],[5.7331,45.8521],[5.734,45.8549],[5.7404,45.8643],[5.7427,45.8666],[5.7401,45.8735],[5.7423,45.8789],[5.7469,45.8756],[5.7498,45.8749],[5.7502,45.8773],[5.7532,45.8802],[5.7579,45.8811],[5.758,45.8852],[5.7599,45.8889],[5.7747,45.8819],[5.7861,45.8823],[5.7934,45.8801],[5.8065,45.8768],[5.8152,45.8772],[5.8088,45.8625],[5.8075,45.8606]]]}},{"type":"Feature","properties":{"code":"01139","nom":"Curciat-Dongalon","pop":472},"geometry":{"type":"Polygon","coordinates":[[[5.1341,46.5015],[5.1355,46.5035],[5.1345,46.5051],[5.1349,46.5091],[5.1389,46.5097],[5.1465,46.5069],[5.1498,46.5078],[5.1565,46.5075],[5.1665,46.5031],[5.1671,46.5047],[5.1655,46.5069],[5.1656,46.5098],[5.1678,46.5126],[5.1658,46.5177],[5.1684,46.518],[5.1717,46.5164],[5.1727,46.5134],[5.1748,46.5121],[5.1826,46.5095],[5.1938,46.5091],[5.1949,46.5081],[5.1996,46.5075],[5.2016,46.5083],[5.2036,46.5048],[5.1992,46.5031],[5.2018,46.5013],[5.2043,46.4949],[5.2101,46.4905],[5.2063,46.4898],[5.2061,46.4865],[5.2036,46.4852],[5.1959,46.484],[5.194,46.483],[5.1876,46.4824],[5.1865,46.4785],[5.1848,46.4766],[5.1854,46.4741],[5.1815,46.4731],[5.1792,46.4736],[5.1745,46.4706],[5.1717,46.4713],[5.1686,46.4685],[5.1631,46.468],[5.1583,46.4691],[5.1447,46.4699],[5.1395,46.4604],[5.1397,46.4596],[5.1381,46.4581],[5.1291,46.4576],[5.1295,46.4597],[5.1243,46.4613],[5.1235,46.4675],[5.1234,46.4727],[5.1245,46.4771],[5.1279,46.4805],[5.1327,46.4862],[5.1343,46.4873],[5.1356,46.4916],[5.1352,46.4938],[5.1327,46.4954],[5.1321,46.4983],[5.1341,46.5015]]]}},{"type":"Feature","properties":{"code":"01140","nom":"Curtafond","pop":825},"geometry":{"type":"Polygon","coordinates":[[[5.0982,46.2522],[5.0955,46.2543],[5.0967,46.2595],[5.0923,46.262],[5.0903,46.2641],[5.0848,46.2655],[5.0781,46.2648],[5.0806,46.2734],[5.0786,46.2784],[5.0804,46.2837],[5.075,46.2864],[5.0713,46.2863],[5.0719,46.2921],[5.0703,46.2925],[5.0727,46.2955],[5.0787,46.2938],[5.0836,46.2943],[5.0908,46.2969],[5.0909,46.2953],[5.0954,46.2934],[5.0977,46.2894],[5.1018,46.2862],[5.1032,46.2839],[5.108,46.2819],[5.1099,46.2803],[5.1095,46.2782],[5.1115,46.2763],[5.1152,46.276],[5.1168,46.2738],[5.1231,46.2729],[5.1258,46.2762],[5.13,46.2774],[5.1356,46.2715],[5.1362,46.2692],[5.1389,46.2658],[5.1393,46.2624],[5.1374,46.2576],[5.1321,46.2578],[5.1252,46.2609],[5.1185,46.2623],[5.1177,46.2594],[5.1142,46.258],[5.1141,46.2567],[5.1087,46.2511],[5.0982,46.2522]]]}},{"type":"Feature","properties":{"code":"01141","nom":"Cuzieu","pop":424},"geometry":{"type":"Polygon","coordinates":[[[5.6608,45.8312],[5.666,45.8331],[5.6681,45.8353],[5.6769,45.8294],[5.6773,45.8261],[5.6839,45.8243],[5.6874,45.8215],[5.6917,45.8205],[5.6932,45.8184],[5.6914,45.8176],[5.6942,45.8142],[5.6965,45.813],[5.7001,45.8129],[5.7015,45.8116],[5.6984,45.8101],[5.6963,45.8103],[5.692,45.8089],[5.6852,45.808],[5.6756,45.812],[5.6634,45.8152],[5.659,45.8183],[5.6595,45.8216],[5.6591,45.8258],[5.6612,45.8294],[5.6608,45.8312]]]}},{"type":"Feature","properties":{"code":"01142","nom":"Dagneux","pop":4778},"geometry":{"type":"Polygon","coordinates":[[[5.0632,45.8364],[5.0622,45.8386],[5.0612,45.8438],[5.0623,45.8513],[5.057,45.8554],[5.0543,45.8593],[5.0597,45.8621],[5.0598,45.864],[5.0626,45.8665],[5.0632,45.8687],[5.0657,45.8693],[5.0706,45.8725],[5.0741,45.8727],[5.0731,45.8684],[5.0805,45.8672],[5.0787,45.8649],[5.0797,45.863],[5.0827,45.8609],[5.0829,45.8588],[5.0885,45.8545],[5.0927,45.8554],[5.0953,45.8544],[5.0946,45.8487],[5.0888,45.8488],[5.0901,45.8458],[5.0829,45.8433],[5.0819,45.8443],[5.0762,45.8432],[5.075,45.8362],[5.0741,45.8354],[5.0632,45.8364]]]}},{"type":"Feature","properties":{"code":"01143","nom":"Divonne-les-Bains","pop":10464},"geometry":{"type":"Polygon","coordinates":[[[6.0528,46.4117],[6.0557,46.4158],[6.0601,46.4179],[6.0639,46.4164],[6.0676,46.4149],[6.0824,46.4122],[6.0976,46.409],[6.1001,46.4047],[6.1057,46.3994],[6.1088,46.3996],[6.1138,46.3968],[6.113,46.3999],[6.1317,46.39],[6.1347,46.3887],[6.1488,46.3785],[6.1497,46.3775],[6.157,46.3777],[6.1602,46.3787],[6.1611,46.3749],[6.1659,46.3719],[6.1697,46.3679],[6.1699,46.3661],[6.1615,46.3599],[6.1593,46.3573],[6.1575,46.3528],[6.1578,46.35],[6.1537,46.3472],[6.1494,46.3427],[6.1406,46.3403],[6.1379,46.3387],[6.1372,46.3357],[6.1379,46.3333],[6.1353,46.3353],[6.1287,46.3372],[6.1287,46.3379],[6.1152,46.344],[6.1111,46.3477],[6.111,46.3498],[6.1058,46.3581],[6.1,46.3606],[6.1007,46.3627],[6.0832,46.376],[6.082,46.3796],[6.0828,46.3832],[6.0783,46.388],[6.0788,46.3921],[6.0769,46.3959],[6.0737,46.3978],[6.0711,46.3982],[6.0611,46.4018],[6.0574,46.4049],[6.0578,46.4095],[6.0607,46.4118],[6.0573,46.4127],[6.0528,46.4117]]]}},{"type":"Feature","properties":{"code":"01145","nom":"Dompierre-sur-Veyle","pop":1245},"geometry":{"type":"Polygon","coordinates":[[[5.248,46.0632],[5.2502,46.0597],[5.2488,46.0554],[5.2547,46.0552],[5.2575,46.0518],[5.2546,46.0484],[5.2503,46.048],[5.2455,46.0416],[5.2364,46.0381],[5.233,46.0399],[5.2308,46.0378],[5.2286,46.0381],[5.2275,46.0355],[5.2245,46.0346],[5.2215,46.0339],[5.2142,46.0359],[5.2082,46.035],[5.2053,46.0362],[5.2054,46.0381],[5.2079,46.0405],[5.2061,46.0465],[5.203,46.0507],[5.1997,46.0513],[5.1968,46.0505],[5.1938,46.0514],[5.1928,46.053],[5.1896,46.0512],[5.1881,46.0529],[5.1833,46.0571],[5.1808,46.0579],[5.178,46.0607],[5.1763,46.0638],[5.176,46.0726],[5.1785,46.0755],[5.1775,46.0787],[5.1782,46.0813],[5.1838,46.0787],[5.1845,46.0799],[5.1827,46.0842],[5.186,46.0849],[5.1875,46.0866],[5.1877,46.089],[5.1919,46.0919],[5.1931,46.0907],[5.1996,46.0918],[5.2017,46.0937],[5.205,46.0944],[5.2166,46.094],[5.2184,46.0957],[5.2273,46.0962],[5.2275,46.0999],[5.2355,46.1005],[5.2366,46.0971],[5.2419,46.0937],[5.2402,46.0884],[5.2422,46.087],[5.2424,46.084],[5.24,46.0766],[5.2404,46.0744],[5.2432,46.0743],[5.2436,46.0717],[5.2465,46.0698],[5.2481,46.0656],[5.248,46.0632]]]}},{"type":"Feature","properties":{"code":"01146","nom":"Dompierre-sur-Chalaronne","pop":456},"geometry":{"type":"Polygon","coordinates":[[[4.8928,46.1277],[4.8958,46.1293],[4.8964,46.1338],[4.891,46.1329],[4.8845,46.1358],[4.8874,46.1375],[4.891,46.1443],[4.8929,46.1467],[4.8949,46.1516],[4.8978,46.1529],[4.9028,46.158],[4.906,46.1572],[4.9093,46.1546],[4.9118,46.1505],[4.912,46.1474],[4.9161,46.1454],[4.9141,46.1406],[4.9116,46.1402],[4.9117,46.1366],[4.9093,46.136],[4.9081,46.1333],[4.9092,46.1293],[4.9042,46.1261],[4.9022,46.1275],[4.8955,46.1268],[4.8928,46.1277]]]}},{"type":"Feature","properties":{"code":"01147","nom":"Domsure","pop":554},"geometry":{"type":"Polygon","coordinates":[[[5.2917,46.3943],[5.291,46.3977],[5.281,46.3983],[5.2798,46.3997],[5.2764,46.3999],[5.2766,46.4042],[5.2827,46.404],[5.284,46.4064],[5.2819,46.4128],[5.277,46.4169],[5.2744,46.4167],[5.2677,46.4193],[5.2692,46.4244],[5.2655,46.4274],[5.2648,46.4307],[5.2684,46.43],[5.275,46.4302],[5.2777,46.4319],[5.2789,46.4354],[5.2771,46.4394],[5.2764,46.443],[5.2745,46.4447],[5.2751,46.4472],[5.2737,46.4485],[5.2793,46.447],[5.2812,46.4473],[5.2838,46.4456],[5.2861,46.4465],[5.2895,46.4496],[5.2921,46.45],[5.301,46.4469],[5.3052,46.4467],[5.3066,46.4454],[5.3106,46.4469],[5.3145,46.4456],[5.315,46.4406],[5.3176,46.4375],[5.318,46.4326],[5.3195,46.4306],[5.3246,46.4285],[5.3228,46.4273],[5.319,46.4276],[5.3135,46.4256],[5.3126,46.4241],[5.309,46.4245],[5.3066,46.4214],[5.3085,46.4202],[5.3075,46.4169],[5.3144,46.4164],[5.3075,46.4147],[5.3027,46.4169],[5.2989,46.4158],[5.2992,46.4126],[5.3091,46.4103],[5.3053,46.4007],[5.3023,46.3993],[5.3012,46.3957],[5.3016,46.393],[5.2992,46.3923],[5.2945,46.3925],[5.2934,46.3938],[5.2917,46.3943]]]}},{"type":"Feature","properties":{"code":"01148","nom":"Dortan","pop":2074},"geometry":{"type":"Polygon","coordinates":[[[5.6594,46.2919],[5.6553,46.2936],[5.6543,46.2955],[5.6479,46.2958],[5.6482,46.2972],[5.6456,46.2995],[5.6387,46.2983],[5.6384,46.2957],[5.6329,46.2964],[5.6319,46.2951],[5.6207,46.2991],[5.6125,46.2991],[5.6048,46.3001],[5.6041,46.3013],[5.6083,46.3073],[5.6046,46.3094],[5.6076,46.3117],[5.6063,46.3139],[5.611,46.3203],[5.6111,46.3243],[5.6139,46.3278],[5.6182,46.3292],[5.6305,46.3302],[5.6341,46.3324],[5.6375,46.3364],[5.6401,46.3388],[5.6434,46.3448],[5.6498,46.3403],[5.6491,46.3382],[5.6499,46.3341],[5.6494,46.3308],[5.6463,46.3271],[5.6437,46.3252],[5.6479,46.3235],[5.6527,46.3232],[5.6621,46.3249],[5.6665,46.3248],[5.6694,46.3238],[5.675,46.319],[5.6808,46.3188],[5.6833,46.3159],[5.6845,46.311],[5.6806,46.3077],[5.6773,46.3075],[5.6727,46.3053],[5.6692,46.3014],[5.6672,46.3012],[5.6661,46.2989],[5.6629,46.2972],[5.6594,46.2919]]]}},{"type":"Feature","properties":{"code":"01149","nom":"Douvres","pop":1104},"geometry":{"type":"Polygon","coordinates":[[[5.3968,45.9819],[5.396,45.9788],[5.3912,45.9785],[5.3877,45.9771],[5.3851,45.9743],[5.3751,45.9743],[5.3724,45.9739],[5.3698,45.9767],[5.366,45.9773],[5.3599,45.9814],[5.3561,45.9812],[5.356,45.9829],[5.3469,45.9826],[5.3482,45.984],[5.3528,45.9921],[5.357,45.9916],[5.3597,45.9955],[5.3636,45.994],[5.3712,45.9949],[5.3736,45.9936],[5.3794,45.9936],[5.3828,45.9904],[5.3773,45.9901],[5.3782,45.9878],[5.3849,45.9856],[5.3909,45.9853],[5.3968,45.9819]]]}},{"type":"Feature","properties":{"code":"01150","nom":"Drom","pop":215},"geometry":{"type":"Polygon","coordinates":[[[5.3854,46.2221],[5.3845,46.2214],[5.3839,46.2165],[5.3828,46.2157],[5.3799,46.2066],[5.378,46.2039],[5.3709,46.2056],[5.3641,46.2058],[5.3605,46.2075],[5.3554,46.2074],[5.3492,46.2086],[5.3439,46.2091],[5.3457,46.2112],[5.35,46.2143],[5.3471,46.2164],[5.3525,46.221],[5.3549,46.2239],[5.3524,46.2258],[5.3564,46.2284],[5.3563,46.2316],[5.3593,46.2324],[5.365,46.2364],[5.3674,46.2352],[5.3736,46.234],[5.3815,46.2334],[5.3826,46.2324],[5.3909,46.2304],[5.3854,46.2221]]]}},{"type":"Feature","properties":{"code":"01151","nom":"Druillat","pop":1129},"geometry":{"type":"Polygon","coordinates":[[[5.2877,46.0946],[5.2879,46.0898],[5.2895,46.0852],[5.2898,46.0815],[5.2983,46.0783],[5.3117,46.0747],[5.3136,46.0744],[5.3211,46.0782],[5.3242,46.0814],[5.3294,46.0847],[5.3339,46.0849],[5.3355,46.0864],[5.3386,46.0847],[5.3386,46.0774],[5.3405,46.0758],[5.339,46.0728],[5.3351,46.0724],[5.3344,46.0711],[5.3294,46.0689],[5.3304,46.067],[5.3331,46.0652],[5.3259,46.0636],[5.3263,46.0612],[5.3247,46.059],[5.3276,46.0569],[5.3278,46.0548],[5.3265,46.0502],[5.3221,46.0474],[5.3216,46.0451],[5.3193,46.0439],[5.3153,46.0479],[5.3107,46.0485],[5.3056,46.0478],[5.299,46.0476],[5.2927,46.0516],[5.2887,46.0531],[5.2858,46.056],[5.2856,46.0581],[5.2881,46.0617],[5.2876,46.0633],[5.2812,46.0629],[5.2768,46.0617],[5.2732,46.0595],[5.2712,46.0547],[5.2639,46.0512],[5.2586,46.0436],[5.2537,46.0447],[5.2546,46.0484],[5.2575,46.0518],[5.2547,46.0552],[5.2488,46.0554],[5.2502,46.0597],[5.248,46.0632],[5.2523,46.0643],[5.2546,46.0713],[5.2618,46.08],[5.2633,46.0833],[5.2677,46.0866],[5.2707,46.087],[5.2761,46.0893],[5.2772,46.092],[5.2868,46.092],[5.2877,46.0946]]]}},{"type":"Feature","properties":{"code":"01152","nom":"Échallon","pop":784},"geometry":{"type":"Polygon","coordinates":[[[5.7714,46.2376],[5.7632,46.2288],[5.7588,46.2149],[5.7607,46.2127],[5.7665,46.2098],[5.7673,46.2044],[5.7629,46.201],[5.7587,46.2003],[5.7549,46.1986],[5.7508,46.1988],[5.7471,46.2007],[5.7433,46.1974],[5.7422,46.195],[5.7395,46.1953],[5.7381,46.1986],[5.7338,46.1998],[5.7284,46.1992],[5.7198,46.1998],[5.7105,46.2042],[5.7045,46.2069],[5.6977,46.2203],[5.6991,46.2255],[5.7048,46.234],[5.705,46.2389],[5.706,46.2459],[5.708,46.248],[5.7114,46.2552],[5.7133,46.2566],[5.7198,46.2578],[5.7252,46.2607],[5.7284,46.2612],[5.7334,46.2638],[5.7368,46.2637],[5.74,46.2607],[5.744,46.2539],[5.747,46.2507],[5.7502,46.2487],[5.7504,46.2453],[5.7563,46.2436],[5.7623,46.2427],[5.7639,46.2404],[5.768,46.2375],[5.7714,46.2376]]]}},{"type":"Feature","properties":{"code":"01153","nom":"Échenevex","pop":2328},"geometry":{"type":"Polygon","coordinates":[[[6.0547,46.3158],[6.0596,46.3127],[6.0584,46.31],[6.059,46.3076],[6.0628,46.3074],[6.0655,46.3064],[6.0651,46.301],[6.0655,46.3001],[6.0586,46.2929],[6.0562,46.2906],[6.0488,46.2936],[6.047,46.2915],[6.0407,46.2951],[6.035,46.2955],[6.0339,46.2968],[6.0286,46.2989],[6.0252,46.3044],[6.0042,46.3145],[6.0014,46.3138],[5.9962,46.3171],[5.9935,46.3161],[5.9905,46.3173],[5.9891,46.3157],[5.9838,46.3165],[5.9831,46.318],[5.9795,46.3205],[5.9738,46.3228],[5.9748,46.3255],[5.9713,46.3272],[5.9747,46.3318],[5.9758,46.3343],[5.979,46.338],[5.981,46.3414],[5.9845,46.3451],[5.9863,46.3485],[5.9909,46.3451],[5.988,46.3404],[5.9907,46.3384],[6.0012,46.3356],[5.9998,46.3326],[6.0012,46.3268],[6.0086,46.3256],[6.0191,46.3286],[6.0434,46.3196],[6.0469,46.3188],[6.0547,46.3158]]]}},{"type":"Feature","properties":{"code":"01155","nom":"Évosges","pop":142},"geometry":{"type":"Polygon","coordinates":[[[5.5231,45.9828],[5.5244,45.9813],[5.5242,45.9783],[5.5226,45.9745],[5.5226,45.9646],[5.5197,45.9547],[5.5179,45.9519],[5.5186,45.9494],[5.5135,45.9505],[5.5112,45.9479],[5.5051,45.9444],[5.5024,45.9433],[5.5014,45.9409],[5.4986,45.9399],[5.4956,45.9403],[5.491,45.9441],[5.4909,45.9462],[5.4889,45.9482],[5.4851,45.9521],[5.4853,45.9567],[5.4879,45.9602],[5.4871,45.9631],[5.4843,45.965],[5.4773,45.9671],[5.4778,45.9691],[5.4811,45.9704],[5.4907,45.9793],[5.4911,45.9849],[5.4919,45.9862],[5.5081,45.9842],[5.5231,45.9828]]]}},{"type":"Feature","properties":{"code":"01156","nom":"Faramans","pop":934},"geometry":{"type":"Polygon","coordinates":[[[5.1543,45.9029],[5.1418,45.9019],[5.1343,45.8987],[5.1342,45.8972],[5.1315,45.894],[5.1214,45.89],[5.1205,45.8911],[5.1119,45.8868],[5.1103,45.8899],[5.1131,45.8916],[5.1133,45.8945],[5.1118,45.8964],[5.113,45.9001],[5.1095,45.9007],[5.1083,45.9043],[5.1125,45.9079],[5.1079,45.9091],[5.109,45.9112],[5.1064,45.9124],[5.1037,45.9122],[5.1019,45.9138],[5.1016,45.9168],[5.0973,45.9184],[5.0996,45.9208],[5.1009,45.9232],[5.1095,45.9279],[5.1129,45.9259],[5.1172,45.9279],[5.1217,45.9289],[5.1259,45.928],[5.129,45.9305],[5.133,45.9251],[5.1358,45.9242],[5.1399,45.9211],[5.1409,45.919],[5.144,45.9175],[5.1431,45.9145],[5.1498,45.9122],[5.1537,45.9101],[5.1546,45.9078],[5.1543,45.9029]]]}},{"type":"Feature","properties":{"code":"01157","nom":"Fareins","pop":2533},"geometry":{"type":"Polygon","coordinates":[[[4.7466,46.0278],[4.7469,46.0296],[4.7456,46.0354],[4.7534,46.036],[4.7643,46.0359],[4.7652,46.0394],[4.7706,46.04],[4.7695,46.0435],[4.7749,46.044],[4.7794,46.0352],[4.7758,46.0341],[4.7744,46.0317],[4.7698,46.0321],[4.7696,46.0229],[4.7745,46.0185],[4.7783,46.0168],[4.7802,46.0119],[4.7837,46.0104],[4.7883,46.0094],[4.7924,46.0077],[4.7913,46.0072],[4.7838,46.0073],[4.7649,46.007],[4.7621,46.0062],[4.7597,46.0058],[4.7544,46.0031],[4.7492,46.0036],[4.7495,46.0063],[4.7486,46.0106],[4.7449,46.016],[4.7441,46.0205],[4.7466,46.0278]]]}},{"type":"Feature","properties":{"code":"01158","nom":"Farges","pop":1082},"geometry":{"type":"Polygon","coordinates":[[[5.8648,46.1575],[5.8606,46.1603],[5.8601,46.1622],[5.8645,46.1674],[5.8619,46.172],[5.861,46.1788],[5.8624,46.1805],[5.8665,46.1821],[5.8702,46.1829],[5.8739,46.1847],[5.8879,46.182],[5.8941,46.1803],[5.9079,46.1754],[5.9144,46.1734],[5.915,46.1714],[5.9182,46.172],[5.9217,46.1707],[5.9201,46.1685],[5.9245,46.1677],[5.9297,46.1694],[5.9321,46.1679],[5.9362,46.1681],[5.9409,46.1645],[5.943,46.1659],[5.949,46.165],[5.9505,46.1632],[5.9472,46.1581],[5.9442,46.1566],[5.9409,46.1532],[5.9402,46.1513],[5.9433,46.1495],[5.9406,46.1477],[5.9377,46.1481],[5.9368,46.1499],[5.9333,46.1496],[5.9303,46.1517],[5.9251,46.1517],[5.92,46.155],[5.9132,46.158],[5.9116,46.1579],[5.9006,46.1593],[5.8955,46.1588],[5.8841,46.1592],[5.8754,46.1592],[5.8648,46.1575]]]}},{"type":"Feature","properties":{"code":"01159","nom":"Feillens","pop":3411},"geometry":{"type":"Polygon","coordinates":[[[4.9055,46.3183],[4.8952,46.3191],[4.8884,46.3204],[4.887,46.3228],[4.8813,46.3236],[4.8739,46.3256],[4.8695,46.3224],[4.8642,46.3238],[4.8598,46.3258],[4.8588,46.3244],[4.8517,46.3263],[4.8527,46.3282],[4.8537,46.3345],[4.8528,46.3384],[4.8529,46.3432],[4.8569,46.3443],[4.8666,46.3463],[4.8667,46.353],[4.8656,46.3543],[4.8722,46.3604],[4.8762,46.3588],[4.8763,46.3563],[4.8803,46.3553],[4.8809,46.3538],[4.8858,46.3509],[4.8922,46.35],[4.8995,46.3482],[4.9011,46.3469],[4.9117,46.3452],[4.913,46.3453],[4.9129,46.3424],[4.9151,46.3402],[4.9155,46.3376],[4.9178,46.3379],[4.9215,46.3333],[4.9204,46.3296],[4.9171,46.3269],[4.9154,46.3235],[4.9125,46.3208],[4.9087,46.3221],[4.9055,46.3183]]]}},{"type":"Feature","properties":{"code":"01160","nom":"Ferney-Voltaire","pop":12094},"geometry":{"type":"Polygon","coordinates":[[[6.1154,46.2659],[6.12,46.2648],[6.1181,46.2634],[6.1193,46.2613],[6.1225,46.2582],[6.1228,46.2565],[6.1208,46.2546],[6.1245,46.2526],[6.1245,46.2513],[6.1208,46.248],[6.1088,46.2399],[6.1069,46.2412],[6.1015,46.2376],[6.0991,46.2391],[6.0881,46.2471],[6.0914,46.2494],[6.0928,46.2477],[6.0959,46.2496],[6.0965,46.2539],[6.0977,46.2554],[6.0966,46.2573],[6.1027,46.2617],[6.1092,46.2633],[6.111,46.2619],[6.1149,46.2646],[6.1154,46.2659]]]}},{"type":"Feature","properties":{"code":"01162","nom":"Flaxieu","pop":71},"geometry":{"type":"Polygon","coordinates":[[[5.7559,45.8095],[5.7439,45.8046],[5.7367,45.8024],[5.7318,45.8],[5.728,45.8026],[5.7266,45.8054],[5.7324,45.8072],[5.7313,45.8112],[5.732,45.8128],[5.7365,45.8158],[5.7417,45.8175],[5.7476,45.8178],[5.7567,45.82],[5.7607,45.8215],[5.7631,45.8249],[5.7667,45.8243],[5.7579,45.818],[5.7553,45.8155],[5.7559,45.8095]]]}},{"type":"Feature","properties":{"code":"01163","nom":"Foissiat","pop":2034},"geometry":{"type":"Polygon","coordinates":[[[5.1582,46.3451],[5.1524,46.3437],[5.1506,46.346],[5.1476,46.3468],[5.1473,46.3484],[5.1416,46.3526],[5.1395,46.353],[5.1369,46.3589],[5.1345,46.3596],[5.1335,46.3644],[5.1364,46.3657],[5.1371,46.3702],[5.1383,46.3713],[5.1344,46.376],[5.1335,46.3814],[5.1366,46.3818],[5.14,46.384],[5.1384,46.3865],[5.1441,46.3876],[5.148,46.3876],[5.1471,46.3909],[5.1504,46.3909],[5.1548,46.3933],[5.1596,46.3947],[5.1648,46.3953],[5.1755,46.3957],[5.1734,46.4002],[5.176,46.4018],[5.1759,46.4038],[5.1797,46.4088],[5.1809,46.4119],[5.1848,46.4146],[5.1868,46.4145],[5.1907,46.4145],[5.1928,46.4122],[5.1939,46.4095],[5.1993,46.412],[5.2055,46.4128],[5.2084,46.4071],[5.2169,46.407],[5.2242,46.4092],[5.2295,46.4133],[5.2326,46.4135],[5.2336,46.4102],[5.2313,46.4074],[5.2326,46.4041],[5.2348,46.4011],[5.2373,46.3983],[5.2309,46.3899],[5.2276,46.3818],[5.2276,46.3799],[5.2244,46.3778],[5.2254,46.3727],[5.2216,46.3712],[5.218,46.3682],[5.2159,46.3579],[5.2119,46.3568],[5.208,46.3547],[5.205,46.3548],[5.2012,46.3525],[5.1971,46.3521],[5.1987,46.3495],[5.1856,46.3513],[5.1833,46.3496],[5.1804,46.3494],[5.1772,46.3468],[5.1705,46.3477],[5.1697,46.3496],[5.1656,46.3478],[5.1617,46.3446],[5.1582,46.3451]]]}},{"type":"Feature","properties":{"code":"01165","nom":"Francheleins","pop":1597},"geometry":{"type":"Polygon","coordinates":[[[4.8181,46.0832],[4.8288,46.081],[4.8335,46.0814],[4.8363,46.0809],[4.8385,46.0855],[4.8439,46.0841],[4.8455,46.0816],[4.852,46.0785],[4.8536,46.076],[4.8525,46.0701],[4.8536,46.0687],[4.8516,46.0669],[4.8513,46.0643],[4.8529,46.0633],[4.8496,46.0618],[4.8464,46.0623],[4.8463,46.0641],[4.8422,46.0649],[4.8395,46.0634],[4.8279,46.0645],[4.8263,46.0614],[4.8157,46.0652],[4.8067,46.0561],[4.8003,46.0559],[4.7979,46.0566],[4.7966,46.0605],[4.7984,46.0609],[4.7963,46.065],[4.796,46.0676],[4.7895,46.0673],[4.7874,46.0697],[4.7852,46.0698],[4.7846,46.0722],[4.7795,46.0736],[4.7775,46.0735],[4.7747,46.071],[4.7707,46.0698],[4.7686,46.0846],[4.7725,46.0846],[4.7842,46.0853],[4.8012,46.0854],[4.8181,46.0832]]]}},{"type":"Feature","properties":{"code":"01166","nom":"Frans","pop":2582},"geometry":{"type":"Polygon","coordinates":[[[4.7903,45.9835],[4.7861,45.9811],[4.7818,45.9768],[4.7793,45.976],[4.7765,45.9733],[4.7707,45.9742],[4.769,45.9763],[4.7693,45.98],[4.7645,45.9867],[4.7664,45.9879],[4.7631,45.997],[4.7646,46.0016],[4.7621,46.0062],[4.7649,46.007],[4.7838,46.0073],[4.7913,46.0072],[4.7924,46.0077],[4.7964,46.0071],[4.8018,46.0072],[4.8013,46.0012],[4.7965,45.9912],[4.7928,45.9855],[4.7903,45.9835]]]}},{"type":"Feature","properties":{"code":"01167","nom":"Garnerans","pop":711},"geometry":{"type":"Polygon","coordinates":[[[4.7981,46.2246],[4.8011,46.2298],[4.8087,46.2275],[4.816,46.2292],[4.8269,46.2296],[4.8315,46.2261],[4.8345,46.2237],[4.8369,46.218],[4.8424,46.2131],[4.8445,46.2096],[4.8509,46.2071],[4.8551,46.2067],[4.8625,46.2042],[4.8617,46.2016],[4.8622,46.1981],[4.8578,46.1978],[4.8511,46.1954],[4.8469,46.1963],[4.8433,46.1949],[4.8401,46.195],[4.84,46.1975],[4.8379,46.1979],[4.8345,46.2025],[4.8302,46.204],[4.8265,46.2043],[4.8233,46.2072],[4.8209,46.2073],[4.8197,46.2094],[4.8134,46.2119],[4.8117,46.2143],[4.807,46.2145],[4.8058,46.2169],[4.8017,46.219],[4.7954,46.2201],[4.7981,46.2246]]]}},{"type":"Feature","properties":{"code":"01169","nom":"Genouilleux","pop":701},"geometry":{"type":"Polygon","coordinates":[[[4.772,46.1179],[4.7787,46.1241],[4.7876,46.1309],[4.7918,46.1291],[4.7942,46.13],[4.8014,46.1275],[4.8041,46.1252],[4.8062,46.1252],[4.8131,46.1225],[4.8119,46.1201],[4.8087,46.1195],[4.8087,46.118],[4.8058,46.1123],[4.7987,46.1112],[4.7906,46.113],[4.772,46.1179]]]}},{"type":"Feature","properties":{"code":"01170","nom":"Béard-Géovreissiat","pop":1048},"geometry":{"type":"Polygon","coordinates":[[[5.5331,46.1984],[5.5354,46.198],[5.5409,46.2008],[5.551,46.1984],[5.5555,46.199],[5.5616,46.1968],[5.5692,46.1967],[5.57,46.1949],[5.5674,46.1927],[5.5672,46.1897],[5.5624,46.1807],[5.5595,46.1793],[5.5613,46.1778],[5.5599,46.176],[5.5398,46.1823],[5.5409,46.1852],[5.544,46.1867],[5.5416,46.1887],[5.5422,46.1915],[5.5408,46.1928],[5.5345,46.1939],[5.5325,46.1907],[5.5294,46.1918],[5.5331,46.1984]]]}},{"type":"Feature","properties":{"code":"01171","nom":"Géovreisset","pop":852},"geometry":{"type":"Polygon","coordinates":[[[5.5994,46.2393],[5.5965,46.2411],[5.5983,46.2427],[5.5986,46.2461],[5.6011,46.2475],[5.6057,46.2533],[5.6042,46.2554],[5.6119,46.2591],[5.6163,46.2599],[5.6252,46.2642],[5.6288,46.264],[5.6327,46.2624],[5.6294,46.2608],[5.6275,46.2588],[5.6299,46.2568],[5.6205,46.251],[5.6167,46.2469],[5.6135,46.2405],[5.6094,46.2418],[5.6034,46.2408],[5.5994,46.2393]]]}},{"type":"Feature","properties":{"code":"01173","nom":"Gex","pop":13627},"geometry":{"type":"Polygon","coordinates":[[[6.0012,46.3356],[6.005,46.3432],[6.006,46.3477],[6.0087,46.3492],[6.0108,46.3519],[6.0138,46.3533],[6.0183,46.3586],[6.0253,46.361],[6.0242,46.3634],[6.0211,46.3663],[6.0156,46.3674],[6.0199,46.3712],[6.0301,46.3746],[6.0326,46.3744],[6.0365,46.3771],[6.0435,46.3794],[6.0461,46.3814],[6.0477,46.3848],[6.0527,46.3871],[6.0595,46.3845],[6.0643,46.3783],[6.0644,46.3734],[6.0666,46.3713],[6.0696,46.3705],[6.0699,46.3675],[6.0729,46.3647],[6.0758,46.3608],[6.0781,46.3556],[6.0782,46.3509],[6.0769,46.3501],[6.076,46.3461],[6.0768,46.341],[6.0825,46.3359],[6.0909,46.3348],[6.0899,46.3333],[6.0951,46.3273],[6.0979,46.3259],[6.0968,46.326],[6.0898,46.3215],[6.0837,46.3199],[6.0805,46.3222],[6.077,46.3213],[6.0737,46.325],[6.0695,46.3282],[6.063,46.3306],[6.0591,46.328],[6.0613,46.3247],[6.0628,46.3183],[6.0547,46.3158],[6.0469,46.3188],[6.0434,46.3196],[6.0191,46.3286],[6.0086,46.3256],[6.0012,46.3268],[5.9998,46.3326],[6.0012,46.3356]]]}},{"type":"Feature","properties":{"code":"01174","nom":"Giron","pop":174},"geometry":{"type":"Polygon","coordinates":[[[5.7629,46.201],[5.7673,46.2044],[5.7665,46.2098],[5.7607,46.2127],[5.7588,46.2149],[5.7632,46.2288],[5.7714,46.2376],[5.7741,46.2401],[5.7796,46.2416],[5.7848,46.2418],[5.7904,46.2393],[5.7948,46.2356],[5.8003,46.2363],[5.8081,46.2408],[5.8168,46.2407],[5.8215,46.2412],[5.8226,46.2375],[5.8136,46.2343],[5.8104,46.2325],[5.8059,46.2336],[5.7918,46.2297],[5.7942,46.2217],[5.7881,46.2207],[5.7833,46.2223],[5.7821,46.2213],[5.7836,46.2146],[5.7821,46.2137],[5.7822,46.2097],[5.7833,46.2036],[5.7779,46.1987],[5.7761,46.195],[5.7747,46.1951],[5.775,46.197],[5.772,46.1992],[5.768,46.1999],[5.766,46.2015],[5.7629,46.201]]]}},{"type":"Feature","properties":{"code":"01175","nom":"Gorrevod","pop":815},"geometry":{"type":"Polygon","coordinates":[[[4.9744,46.4064],[4.9677,46.409],[4.9659,46.4087],[4.9633,46.411],[4.9604,46.4091],[4.9616,46.4065],[4.9587,46.4047],[4.9489,46.4064],[4.9461,46.4073],[4.9428,46.4058],[4.9433,46.403],[4.937,46.4027],[4.9328,46.4031],[4.9314,46.4042],[4.933,46.4078],[4.9297,46.4092],[4.9248,46.4086],[4.9266,46.4116],[4.9364,46.4271],[4.9379,46.4286],[4.9404,46.4274],[4.9409,46.4249],[4.9434,46.4251],[4.9491,46.4211],[4.9526,46.4205],[4.9575,46.4216],[4.9605,46.4251],[4.9649,46.4251],[4.9727,46.4258],[4.9757,46.4244],[4.9766,46.4233],[4.9731,46.4167],[4.9738,46.4109],[4.9719,46.4101],[4.9744,46.4064]]]}},{"type":"Feature","properties":{"code":"01177","nom":"Grand-Corent","pop":183},"geometry":{"type":"Polygon","coordinates":[[[5.4337,46.1962],[5.4309,46.1906],[5.4266,46.1836],[5.4226,46.1783],[5.417,46.1803],[5.416,46.1885],[5.4165,46.19],[5.4153,46.1937],[5.4176,46.1978],[5.4199,46.2049],[5.4184,46.2051],[5.4213,46.2106],[5.4222,46.2133],[5.4271,46.2124],[5.4298,46.2145],[5.4327,46.2202],[5.4375,46.2192],[5.4392,46.2216],[5.4445,46.2251],[5.4478,46.231],[5.4521,46.2318],[5.4547,46.234],[5.4584,46.2404],[5.4644,46.2385],[5.4607,46.2321],[5.4587,46.2307],[5.4555,46.2252],[5.4515,46.2213],[5.4476,46.2164],[5.4456,46.217],[5.4404,46.2111],[5.4367,46.2045],[5.4361,46.2],[5.4337,46.1962]]]}},{"type":"Feature","properties":{"code":"01179","nom":"Grièges","pop":1910},"geometry":{"type":"Polygon","coordinates":[[[4.8166,46.2656],[4.8202,46.2682],[4.8246,46.2726],[4.8265,46.2764],[4.828,46.2823],[4.831,46.2908],[4.8315,46.2962],[4.8331,46.2998],[4.836,46.2986],[4.8361,46.2955],[4.8386,46.2936],[4.8379,46.2905],[4.8392,46.288],[4.8426,46.2868],[4.8444,46.2848],[4.8437,46.2822],[4.8477,46.2815],[4.851,46.2786],[4.8543,46.2791],[4.8558,46.276],[4.8594,46.274],[4.859,46.2717],[4.8605,46.2706],[4.8688,46.2708],[4.8729,46.2726],[4.8764,46.2733],[4.8784,46.2718],[4.8744,46.2675],[4.8738,46.2656],[4.8668,46.2637],[4.8693,46.2599],[4.8675,46.2593],[4.8677,46.2533],[4.8673,46.2492],[4.8651,46.2479],[4.8682,46.2443],[4.8688,46.2413],[4.867,46.2409],[4.8662,46.2353],[4.8636,46.234],[4.8594,46.2343],[4.8575,46.2368],[4.855,46.2372],[4.8493,46.2435],[4.8403,46.2452],[4.8374,46.2467],[4.8357,46.2499],[4.8316,46.2507],[4.8326,46.2526],[4.8282,46.2551],[4.8294,46.257],[4.8243,46.2596],[4.8237,46.2615],[4.8166,46.2656]]]}},{"type":"Feature","properties":{"code":"01180","nom":"Grilly","pop":889},"geometry":{"type":"Polygon","coordinates":[[[6.0979,46.3259],[6.0951,46.3273],[6.0899,46.3333],[6.0909,46.3348],[6.0943,46.3406],[6.0969,46.3426],[6.1011,46.3437],[6.1111,46.3477],[6.1152,46.344],[6.1287,46.3379],[6.1287,46.3372],[6.1353,46.3353],[6.1379,46.3333],[6.1315,46.3241],[6.1269,46.3212],[6.1244,46.3173],[6.1155,46.316],[6.1127,46.3188],[6.1094,46.3204],[6.1054,46.3223],[6.1003,46.3262],[6.0979,46.3259]]]}},{"type":"Feature","properties":{"code":"01181","nom":"Groissiat","pop":1205},"geometry":{"type":"Polygon","coordinates":[[[5.6454,46.2199],[5.6411,46.2173],[5.6341,46.2195],[5.6332,46.2204],[5.6253,46.2236],[5.6242,46.2219],[5.6215,46.222],[5.6182,46.2232],[5.6154,46.2182],[5.6083,46.2153],[5.5963,46.2144],[5.5953,46.212],[5.5903,46.2134],[5.5947,46.2191],[5.5959,46.2213],[5.5957,46.2251],[5.5968,46.2274],[5.5976,46.2325],[5.5994,46.2393],[5.6034,46.2408],[5.6094,46.2418],[5.6135,46.2405],[5.6132,46.2371],[5.6186,46.234],[5.6261,46.2315],[5.6351,46.2269],[5.6454,46.2199]]]}},{"type":"Feature","properties":{"code":"01183","nom":"Guéreins","pop":1512},"geometry":{"type":"Polygon","coordinates":[[[4.7674,46.107],[4.7714,46.1124],[4.772,46.1179],[4.7906,46.113],[4.7987,46.1112],[4.8058,46.1123],[4.8075,46.1111],[4.8057,46.1063],[4.8026,46.1057],[4.8012,46.1036],[4.7964,46.1009],[4.791,46.103],[4.786,46.1018],[4.7837,46.1006],[4.7811,46.1012],[4.7735,46.0983],[4.771,46.0941],[4.7701,46.0943],[4.764,46.0995],[4.7602,46.1011],[4.7674,46.107]]]}},{"type":"Feature","properties":{"code":"01184","nom":"Hautecourt-Romanèche","pop":748},"geometry":{"type":"Polygon","coordinates":[[[5.4605,46.1859],[5.4555,46.1846],[5.4543,46.1825],[5.455,46.1804],[5.4586,46.1778],[5.4615,46.1773],[5.4632,46.1747],[5.4596,46.1721],[5.4579,46.17],[5.4568,46.1652],[5.4535,46.1622],[5.4495,46.1575],[5.4467,46.1515],[5.4434,46.1492],[5.4378,46.1484],[5.4347,46.145],[5.4306,46.1416],[5.4297,46.1378],[5.4319,46.1313],[5.4351,46.1275],[5.4351,46.1257],[5.4314,46.1223],[5.4217,46.1226],[5.4165,46.1239],[5.4127,46.124],[5.4132,46.1274],[5.4103,46.1345],[5.4091,46.1417],[5.4059,46.1433],[5.4062,46.1496],[5.4046,46.1498],[5.4025,46.1528],[5.4016,46.1598],[5.399,46.1652],[5.4005,46.166],[5.4035,46.1664],[5.4094,46.1724],[5.4092,46.1742],[5.4154,46.1797],[5.417,46.1803],[5.4226,46.1783],[5.4266,46.1836],[5.4309,46.1906],[5.4337,46.1962],[5.4417,46.1947],[5.4452,46.1929],[5.4491,46.1927],[5.4556,46.1899],[5.4605,46.1859]]]}},{"type":"Feature","properties":{"code":"01185","nom":"Plateau d'Hauteville","pop":4857},"geometry":{"type":"Polygon","coordinates":[[[5.534,45.8943],[5.5219,45.8988],[5.5171,45.9034],[5.5174,45.9096],[5.5155,45.9122],[5.5187,45.9174],[5.5228,45.9184],[5.5239,45.9169],[5.53,45.9174],[5.5317,45.9196],[5.532,45.9235],[5.5374,45.9296],[5.5382,45.9345],[5.5378,45.9388],[5.5384,45.9421],[5.5379,45.9502],[5.5405,45.9507],[5.5416,45.953],[5.5467,45.957],[5.5506,45.9551],[5.5583,45.955],[5.5568,45.9586],[5.559,45.9593],[5.5656,45.9642],[5.5605,45.9643],[5.5569,45.9621],[5.5533,45.9631],[5.5523,45.9661],[5.5478,45.9665],[5.5457,45.9617],[5.5465,45.9599],[5.5386,45.9593],[5.5328,45.962],[5.531,45.9643],[5.5226,45.9646],[5.5226,45.9745],[5.5242,45.9783],[5.5244,45.9813],[5.5231,45.9828],[5.5232,45.9839],[5.5295,45.984],[5.5414,45.9944],[5.5513,45.9945],[5.5513,45.9978],[5.5536,46.0047],[5.5548,46.0059],[5.5663,46.0032],[5.5768,46.0037],[5.5885,46.0022],[5.5957,46.0027],[5.6059,46.0017],[5.6119,46.0026],[5.6209,46.0047],[5.6253,46.0065],[5.6305,46.0077],[5.6307,46.0045],[5.6349,46.0007],[5.6357,45.9913],[5.6395,45.9843],[5.6366,45.9758],[5.6347,45.9664],[5.6359,45.9572],[5.6344,45.9525],[5.6354,45.9455],[5.633,45.9415],[5.6244,45.924],[5.615,45.9142],[5.6158,45.9125],[5.6193,45.9123],[5.623,45.9105],[5.6261,45.9102],[5.6295,45.9056],[5.6279,45.9018],[5.6259,45.8997],[5.6272,45.8984],[5.6242,45.889],[5.6258,45.8751],[5.6236,45.8717],[5.6218,45.8711],[5.6233,45.8668],[5.6156,45.86],[5.6129,45.8532],[5.6076,45.8547],[5.5945,45.863],[5.5891,45.8686],[5.589,45.8711],[5.5872,45.8743],[5.583,45.8775],[5.5769,45.8832],[5.5752,45.8835],[5.5727,45.8862],[5.5705,45.8908],[5.5657,45.8944],[5.5651,45.8959],[5.5615,45.8958],[5.5586,45.8914],[5.5545,45.8882],[5.5466,45.8841],[5.5429,45.8861],[5.534,45.8943]]]}},{"type":"Feature","properties":{"code":"01187","nom":"Haut Valromey","pop":801},"geometry":{"type":"Polygon","coordinates":[[[5.7206,46.106],[5.7176,46.1025],[5.7148,46.0929],[5.7207,46.0778],[5.7252,46.0701],[5.7264,46.0689],[5.7246,46.0543],[5.7226,46.0507],[5.7225,46.0456],[5.7207,46.0414],[5.7208,46.0353],[5.7219,46.0341],[5.7209,46.0268],[5.7244,46.021],[5.7272,46.0156],[5.7365,46.0052],[5.737,46.0013],[5.7442,45.9946],[5.7453,45.9891],[5.7448,45.9875],[5.7463,45.9835],[5.7466,45.9775],[5.7481,45.9737],[5.7475,45.9663],[5.7411,45.9663],[5.7371,45.9648],[5.7368,45.9626],[5.724,45.96],[5.719,45.9611],[5.7124,45.9585],[5.7133,45.9625],[5.7108,45.963],[5.7006,45.9624],[5.6938,45.9602],[5.6888,45.9616],[5.6867,45.9647],[5.6814,45.9631],[5.6805,45.9645],[5.6809,45.9703],[5.6822,45.9723],[5.681,45.976],[5.6784,45.9781],[5.6793,45.9803],[5.678,45.9841],[5.6786,45.9887],[5.6797,45.9894],[5.6769,45.9934],[5.6765,45.9966],[5.6787,45.9983],[5.6776,46.0022],[5.6762,46.0028],[5.6754,46.006],[5.6701,46.0132],[5.6697,46.0189],[5.6637,46.0211],[5.6595,46.0232],[5.6499,46.0231],[5.6466,46.0244],[5.6394,46.0242],[5.6294,46.0249],[5.6293,46.0303],[5.6255,46.0337],[5.6211,46.0413],[5.6241,46.0433],[5.6267,46.041],[5.632,46.04],[5.6341,46.0421],[5.6362,46.0516],[5.6361,46.0547],[5.6382,46.0563],[5.6393,46.0611],[5.6378,46.0643],[5.6383,46.0662],[5.641,46.0678],[5.6353,46.0716],[5.6327,46.0757],[5.6337,46.0792],[5.6332,46.0865],[5.6345,46.0879],[5.6316,46.0908],[5.6323,46.0966],[5.6336,46.0982],[5.6319,46.1008],[5.6323,46.1033],[5.6347,46.1043],[5.6362,46.1081],[5.6421,46.1136],[5.6444,46.1128],[5.6458,46.115],[5.6466,46.1279],[5.6551,46.1269],[5.6587,46.1271],[5.6604,46.1283],[5.6638,46.1266],[5.6654,46.1241],[5.6696,46.1218],[5.6667,46.1166],[5.6689,46.1146],[5.6704,46.1092],[5.6713,46.1082],[5.6761,46.1091],[5.6772,46.1155],[5.6783,46.1168],[5.6852,46.1196],[5.6877,46.1265],[5.7009,46.1258],[5.7027,46.1263],[5.714,46.1256],[5.726,46.1253],[5.7246,46.1203],[5.7242,46.1158],[5.7206,46.106]]]}},{"type":"Feature","properties":{"code":"01188","nom":"Illiat","pop":702},"geometry":{"type":"Polygon","coordinates":[[[4.9337,46.1841],[4.9329,46.1835],[4.9274,46.1838],[4.9237,46.1825],[4.9146,46.1838],[4.9087,46.1786],[4.9079,46.1738],[4.9082,46.1718],[4.9055,46.1675],[4.9058,46.1624],[4.905,46.1608],[4.9008,46.1615],[4.8987,46.1659],[4.8906,46.1643],[4.8851,46.1644],[4.8784,46.1659],[4.877,46.1668],[4.8784,46.1692],[4.8768,46.171],[4.8621,46.1717],[4.8661,46.1747],[4.8583,46.1748],[4.8596,46.1778],[4.8594,46.1811],[4.8557,46.1814],[4.8494,46.1793],[4.8457,46.1843],[4.8432,46.1895],[4.8433,46.1949],[4.8469,46.1963],[4.8511,46.1954],[4.8578,46.1978],[4.8622,46.1981],[4.8617,46.2016],[4.8625,46.2042],[4.8668,46.2026],[4.8738,46.2015],[4.8747,46.2005],[4.8804,46.2015],[4.8833,46.2012],[4.8917,46.2043],[4.8915,46.2066],[4.8983,46.2068],[4.9046,46.2038],[4.9085,46.203],[4.9088,46.2004],[4.913,46.2],[4.9157,46.1975],[4.9198,46.2009],[4.9262,46.1996],[4.9296,46.198],[4.9333,46.1981],[4.9329,46.1899],[4.9305,46.1864],[4.9337,46.1841]]]}},{"type":"Feature","properties":{"code":"01189","nom":"Injoux-Génissiat","pop":1115},"geometry":{"type":"Polygon","coordinates":[[[5.7209,46.0268],[5.7219,46.0341],[5.7208,46.0353],[5.7207,46.0414],[5.7225,46.0456],[5.7226,46.0507],[5.7246,46.0543],[5.7264,46.0689],[5.7252,46.0701],[5.7207,46.0778],[5.728,46.0765],[5.7334,46.0773],[5.74,46.076],[5.7464,46.0738],[5.7582,46.0725],[5.7586,46.073],[5.768,46.0715],[5.7755,46.0683],[5.786,46.0678],[5.7882,46.0629],[5.7925,46.064],[5.8061,46.0617],[5.8079,46.062],[5.81,46.0592],[5.8143,46.058],[5.8142,46.0552],[5.812,46.0508],[5.8076,46.0459],[5.8068,46.0442],[5.8017,46.0425],[5.7954,46.0421],[5.7913,46.0432],[5.7904,46.042],[5.7855,46.0412],[5.7874,46.0383],[5.7892,46.0286],[5.787,46.0266],[5.7798,46.0307],[5.7753,46.0298],[5.7698,46.0297],[5.7662,46.0306],[5.7632,46.0287],[5.7614,46.0264],[5.7512,46.0236],[5.7452,46.0233],[5.7441,46.0242],[5.737,46.0239],[5.7291,46.0258],[5.7261,46.027],[5.7209,46.0268]]]}},{"type":"Feature","properties":{"code":"01190","nom":"Innimond","pop":95},"geometry":{"type":"Polygon","coordinates":[[[5.5756,45.8164],[5.578,45.8122],[5.5802,45.8099],[5.5849,45.809],[5.59,45.8045],[5.5891,45.8032],[5.5923,45.7992],[5.5938,45.7863],[5.5934,45.7826],[5.5942,45.7815],[5.5916,45.7757],[5.5928,45.7711],[5.5927,45.7673],[5.5904,45.7647],[5.5906,45.76],[5.584,45.7628],[5.581,45.7669],[5.5765,45.7712],[5.5704,45.7714],[5.5667,45.776],[5.566,45.7786],[5.5615,45.7806],[5.5594,45.7825],[5.5583,45.7859],[5.5556,45.7907],[5.5583,45.7917],[5.5544,45.7949],[5.5505,45.799],[5.5546,45.803],[5.5507,45.8083],[5.5514,45.8121],[5.5529,45.8131],[5.5576,45.8135],[5.5634,45.8126],[5.5679,45.8156],[5.5727,45.8147],[5.5756,45.8164]]]}},{"type":"Feature","properties":{"code":"01191","nom":"Izenave","pop":162},"geometry":{"type":"Polygon","coordinates":[[[5.546,46.0358],[5.546,46.0342],[5.5493,46.0284],[5.5548,46.0233],[5.5552,46.0218],[5.5508,46.0162],[5.5485,46.015],[5.5397,46.0149],[5.5289,46.0164],[5.5224,46.0195],[5.5187,46.0239],[5.5173,46.0237],[5.5168,46.0257],[5.5107,46.03],[5.5102,46.0342],[5.5055,46.0383],[5.4986,46.0467],[5.4952,46.0495],[5.4915,46.0538],[5.4974,46.056],[5.5081,46.0592],[5.5077,46.0605],[5.5136,46.0611],[5.5144,46.0598],[5.5249,46.0585],[5.529,46.0567],[5.5283,46.0515],[5.5333,46.0501],[5.5371,46.0463],[5.5405,46.0409],[5.546,46.0358]]]}},{"type":"Feature","properties":{"code":"01192","nom":"Izernore","pop":2299},"geometry":{"type":"Polygon","coordinates":[[[5.5274,46.2151],[5.5275,46.2221],[5.5317,46.2225],[5.5327,46.2255],[5.5351,46.2247],[5.5376,46.2261],[5.5434,46.2255],[5.5454,46.2263],[5.5433,46.2294],[5.5451,46.2343],[5.5486,46.2382],[5.5519,46.2394],[5.553,46.2424],[5.5604,46.2409],[5.5613,46.2394],[5.5669,46.2387],[5.5721,46.2403],[5.5791,46.241],[5.5831,46.2409],[5.5842,46.2387],[5.5876,46.237],[5.5893,46.2375],[5.5937,46.2419],[5.5965,46.2411],[5.5994,46.2393],[5.5976,46.2325],[5.5968,46.2274],[5.5957,46.2251],[5.5959,46.2213],[5.5947,46.2191],[5.5903,46.2134],[5.5866,46.2093],[5.5829,46.2016],[5.5788,46.1956],[5.5705,46.1896],[5.5672,46.1897],[5.5674,46.1927],[5.57,46.1949],[5.5692,46.1967],[5.5616,46.1968],[5.5555,46.199],[5.551,46.1984],[5.5409,46.2008],[5.5354,46.198],[5.5331,46.1984],[5.5323,46.1997],[5.5254,46.2008],[5.5253,46.2049],[5.5269,46.2061],[5.5274,46.2151]]]}},{"type":"Feature","properties":{"code":"01193","nom":"Izieu","pop":225},"geometry":{"type":"Polygon","coordinates":[[[5.6316,45.6384],[5.6304,45.6412],[5.6264,45.6427],[5.6229,45.6461],[5.6239,45.6495],[5.6221,45.6555],[5.6207,45.6573],[5.6191,45.6621],[5.619,45.665],[5.6227,45.6661],[5.6256,45.6671],[5.632,45.6655],[5.6347,45.6675],[5.6388,45.6684],[5.6422,45.6672],[5.6444,45.6684],[5.6502,45.6696],[5.6564,45.6731],[5.6584,45.6649],[5.6575,45.6617],[5.6582,45.6523],[5.6556,45.6506],[5.6474,45.6478],[5.6452,45.6455],[5.6447,45.6393],[5.6381,45.6395],[5.6365,45.6384],[5.6316,45.6384]]]}},{"type":"Feature","properties":{"code":"01194","nom":"Jassans-Riottier","pop":6247},"geometry":{"type":"Polygon","coordinates":[[[4.7487,45.9626],[4.7503,45.9646],[4.7532,45.9686],[4.7546,45.9737],[4.7537,45.9774],[4.7496,45.9844],[4.7499,45.9897],[4.7494,45.9961],[4.7557,45.9971],[4.7567,45.9964],[4.7631,45.997],[4.7664,45.9879],[4.7645,45.9867],[4.7693,45.98],[4.769,45.9763],[4.7707,45.9742],[4.7765,45.9733],[4.7739,45.9709],[4.7684,45.9701],[4.7677,45.9685],[4.7619,45.9634],[4.7595,45.9599],[4.7535,45.957],[4.7505,45.9594],[4.7507,45.9615],[4.7487,45.9626]]]}},{"type":"Feature","properties":{"code":"01195","nom":"Jasseron","pop":1917},"geometry":{"type":"Polygon","coordinates":[[[5.282,46.2117],[5.2833,46.2199],[5.2872,46.2259],[5.2888,46.2332],[5.2871,46.2351],[5.2864,46.2399],[5.2852,46.2409],[5.2864,46.2413],[5.293,46.2388],[5.2947,46.2372],[5.2993,46.2361],[5.3044,46.2372],[5.3116,46.2378],[5.3143,46.2352],[5.3159,46.2324],[5.3223,46.2309],[5.3243,46.2292],[5.3242,46.2274],[5.3322,46.2244],[5.3365,46.2241],[5.3357,46.2212],[5.339,46.2196],[5.3413,46.221],[5.346,46.2256],[5.3474,46.2285],[5.3505,46.2279],[5.3524,46.2258],[5.3549,46.2239],[5.3525,46.221],[5.3471,46.2164],[5.35,46.2143],[5.3457,46.2112],[5.3439,46.2091],[5.3424,46.2033],[5.3423,46.2001],[5.3385,46.1948],[5.3263,46.1963],[5.3226,46.196],[5.3185,46.1967],[5.3165,46.198],[5.3083,46.1982],[5.3013,46.1965],[5.2945,46.1939],[5.2927,46.1976],[5.2901,46.1978],[5.2821,46.1998],[5.2784,46.203],[5.28,46.2079],[5.282,46.2117]]]}},{"type":"Feature","properties":{"code":"01196","nom":"Jayat","pop":1261},"geometry":{"type":"Polygon","coordinates":[[[5.0936,46.3811],[5.0964,46.3789],[5.1029,46.3795],[5.1074,46.3807],[5.109,46.3832],[5.1082,46.3847],[5.1035,46.3856],[5.1055,46.3876],[5.1121,46.3889],[5.1136,46.3919],[5.1106,46.3955],[5.1117,46.3974],[5.1156,46.3972],[5.1162,46.3957],[5.1161,46.3945],[5.1254,46.393],[5.1237,46.3864],[5.1251,46.3856],[5.1288,46.3872],[5.1335,46.3814],[5.1344,46.376],[5.1383,46.3713],[5.1371,46.3702],[5.1364,46.3657],[5.1335,46.3644],[5.1345,46.3596],[5.1369,46.3589],[5.1395,46.353],[5.1378,46.3472],[5.1329,46.3426],[5.1235,46.3422],[5.1222,46.3436],[5.1183,46.3432],[5.117,46.3449],[5.1074,46.3472],[5.1031,46.3477],[5.1017,46.3498],[5.0977,46.3484],[5.0932,46.3479],[5.0904,46.3494],[5.0862,46.3502],[5.0851,46.3548],[5.0839,46.3551],[5.0891,46.3604],[5.0884,46.3645],[5.092,46.368],[5.0895,46.3723],[5.0899,46.3744],[5.0936,46.3811]]]}},{"type":"Feature","properties":{"code":"01197","nom":"Journans","pop":387},"geometry":{"type":"Polygon","coordinates":[[[5.3458,46.1511],[5.3485,46.1485],[5.346,46.1466],[5.3448,46.1438],[5.3409,46.1398],[5.3358,46.1377],[5.3338,46.1377],[5.3289,46.14],[5.3278,46.1425],[5.3256,46.1438],[5.3266,46.147],[5.3219,46.1497],[5.3192,46.1489],[5.3181,46.1523],[5.3339,46.1532],[5.3401,46.1528],[5.3458,46.1511]]]}},{"type":"Feature","properties":{"code":"01198","nom":"Joyeux","pop":262},"geometry":{"type":"Polygon","coordinates":[[[5.1255,45.9693],[5.1251,45.968],[5.1298,45.9629],[5.1307,45.9585],[5.127,45.9553],[5.1229,45.9478],[5.1203,45.946],[5.1218,45.9436],[5.1299,45.9384],[5.1324,45.936],[5.1288,45.9339],[5.1308,45.9329],[5.129,45.9305],[5.1259,45.928],[5.1217,45.9289],[5.1172,45.9279],[5.1129,45.9259],[5.1095,45.9279],[5.1009,45.9232],[5.0996,45.9208],[5.0973,45.9216],[5.097,45.9238],[5.0979,45.9362],[5.0943,45.9402],[5.092,45.9408],[5.0863,45.9408],[5.0785,45.9423],[5.079,45.9455],[5.0727,45.9483],[5.0693,45.9514],[5.0697,45.9529],[5.0691,45.9566],[5.0673,45.9588],[5.0697,45.9612],[5.0725,45.9618],[5.074,45.9637],[5.0712,45.9648],[5.0725,45.9666],[5.0757,45.9653],[5.079,45.9666],[5.0823,45.9661],[5.0836,45.9677],[5.0883,45.9686],[5.0917,45.9676],[5.1004,45.9704],[5.1089,45.9683],[5.1116,45.9712],[5.117,45.9666],[5.1244,45.9698],[5.1255,45.9693]]]}},{"type":"Feature","properties":{"code":"01199","nom":"Jujurieux","pop":2260},"geometry":{"type":"Polygon","coordinates":[[[5.4416,46.0256],[5.437,46.03],[5.4331,46.0296],[5.4249,46.0315],[5.4161,46.0345],[5.4129,46.0342],[5.4107,46.0355],[5.4072,46.0355],[5.4037,46.0345],[5.3967,46.0374],[5.3921,46.0387],[5.3898,46.043],[5.3846,46.0459],[5.3749,46.0481],[5.379,46.0509],[5.376,46.0591],[5.3826,46.0684],[5.3826,46.0751],[5.3914,46.0737],[5.3962,46.0736],[5.3967,46.0697],[5.3953,46.0682],[5.3999,46.0657],[5.4003,46.0615],[5.3992,46.0591],[5.4197,46.06],[5.4275,46.0613],[5.4309,46.0608],[5.4334,46.0585],[5.4361,46.058],[5.4404,46.0559],[5.448,46.0577],[5.4498,46.0547],[5.4473,46.0487],[5.4451,46.0488],[5.4368,46.043],[5.4351,46.0403],[5.4368,46.0382],[5.4354,46.0338],[5.4365,46.032],[5.4425,46.032],[5.4461,46.0349],[5.4492,46.0338],[5.4459,46.0298],[5.4438,46.0252],[5.4416,46.0256]]]}},{"type":"Feature","properties":{"code":"01200","nom":"Labalme","pop":204},"geometry":{"type":"Polygon","coordinates":[[[5.5134,46.1053],[5.51,46.0978],[5.5102,46.0939],[5.51,46.0904],[5.508,46.0899],[5.5068,46.087],[5.5057,46.0797],[5.5069,46.0737],[5.506,46.071],[5.4948,46.0773],[5.4925,46.0774],[5.4918,46.0816],[5.4881,46.0833],[5.4861,46.0769],[5.4866,46.0733],[5.4844,46.0733],[5.4837,46.0755],[5.4798,46.0782],[5.4786,46.0824],[5.4769,46.0838],[5.4776,46.0885],[5.4773,46.0916],[5.4788,46.0926],[5.4755,46.097],[5.4762,46.1009],[5.4794,46.107],[5.4829,46.1105],[5.4883,46.112],[5.5027,46.109],[5.502,46.1077],[5.5134,46.1053]]]}},{"type":"Feature","properties":{"code":"01202","nom":"Lagnieu","pop":7411},"geometry":{"type":"Polygon","coordinates":[[[5.3407,45.8802],[5.3381,45.8779],[5.3353,45.8738],[5.3338,45.87],[5.3303,45.8645],[5.3287,45.8633],[5.3228,45.8616],[5.3137,45.8581],[5.3088,45.855],[5.3061,45.8504],[5.302,45.8481],[5.2982,45.8489],[5.2951,45.8513],[5.2962,45.8524],[5.2946,45.857],[5.2922,45.8592],[5.2865,45.8622],[5.2963,45.8648],[5.2986,45.8742],[5.3009,45.8809],[5.3014,45.888],[5.3035,45.8941],[5.3029,45.8966],[5.3037,45.9011],[5.297,45.9055],[5.3082,45.9076],[5.3132,45.9071],[5.3176,45.9089],[5.3233,45.9088],[5.3169,45.9156],[5.3157,45.9188],[5.3167,45.9212],[5.3219,45.9224],[5.3316,45.9246],[5.3326,45.9214],[5.3372,45.9215],[5.3453,45.9223],[5.3488,45.921],[5.3516,45.9213],[5.3592,45.9192],[5.3632,45.9159],[5.3654,45.9131],[5.3683,45.9115],[5.3707,45.9065],[5.3738,45.9053],[5.3758,45.9033],[5.3752,45.9015],[5.3791,45.8998],[5.3817,45.9003],[5.3869,45.9001],[5.3927,45.9014],[5.3905,45.8997],[5.3863,45.8991],[5.3813,45.8993],[5.3818,45.8963],[5.3771,45.8945],[5.3737,45.8967],[5.3714,45.8946],[5.3667,45.8924],[5.3586,45.8937],[5.3502,45.8918],[5.3512,45.8885],[5.3417,45.8877],[5.3411,45.8856],[5.335,45.8881],[5.3355,45.8834],[5.3395,45.8817],[5.3407,45.8802]]]}},{"type":"Feature","properties":{"code":"01203","nom":"Laiz","pop":1293},"geometry":{"type":"Polygon","coordinates":[[[4.9102,46.2346],[4.9064,46.235],[4.8995,46.2324],[4.8945,46.2338],[4.8933,46.2358],[4.8908,46.2357],[4.8849,46.2379],[4.8856,46.2394],[4.8778,46.2392],[4.8757,46.242],[4.8778,46.2444],[4.8767,46.2456],[4.8717,46.246],[4.8682,46.2443],[4.8651,46.2479],[4.8673,46.2492],[4.8677,46.2533],[4.8675,46.2593],[4.8693,46.2599],[4.8741,46.2596],[4.8776,46.2586],[4.8843,46.2586],[4.8968,46.2581],[4.9008,46.2579],[4.907,46.2564],[4.9146,46.2562],[4.9181,46.2537],[4.9231,46.2538],[4.9248,46.2507],[4.9293,46.2506],[4.9323,46.2491],[4.9355,46.2494],[4.936,46.2437],[4.9274,46.2428],[4.925,46.2434],[4.9227,46.2398],[4.9202,46.2376],[4.9211,46.2353],[4.9165,46.234],[4.9102,46.2346]]]}},{"type":"Feature","properties":{"code":"01204","nom":"Le Poizat-Lalleyriat","pop":732},"geometry":{"type":"Polygon","coordinates":[[[5.7447,46.1609],[5.7445,46.1592],[5.7415,46.1549],[5.7454,46.151],[5.7453,46.1471],[5.7431,46.1438],[5.743,46.1421],[5.7394,46.1388],[5.7369,46.135],[5.7331,46.1329],[5.7321,46.1286],[5.7286,46.1254],[5.726,46.1253],[5.714,46.1256],[5.7027,46.1263],[5.7009,46.1258],[5.6877,46.1265],[5.6852,46.1196],[5.6783,46.1168],[5.6772,46.1155],[5.6761,46.1091],[5.6713,46.1082],[5.6704,46.1092],[5.6689,46.1146],[5.6667,46.1166],[5.6696,46.1218],[5.6654,46.1241],[5.6638,46.1266],[5.6604,46.1283],[5.6587,46.1271],[5.6551,46.1269],[5.6466,46.1279],[5.6466,46.1304],[5.6453,46.1345],[5.6505,46.1419],[5.6504,46.1437],[5.6525,46.1454],[5.6518,46.1477],[5.6527,46.1513],[5.655,46.1652],[5.657,46.1659],[5.6618,46.1643],[5.6619,46.1624],[5.6722,46.1647],[5.6789,46.1687],[5.6815,46.1689],[5.6924,46.1676],[5.6984,46.166],[5.7039,46.1668],[5.7055,46.1681],[5.7139,46.1701],[5.716,46.1679],[5.7355,46.1668],[5.7424,46.1632],[5.7447,46.1609]]]}},{"type":"Feature","properties":{"code":"01206","nom":"Lantenay","pop":260},"geometry":{"type":"Polygon","coordinates":[[[5.532,46.0703],[5.5341,46.0675],[5.5398,46.0654],[5.5417,46.0637],[5.5444,46.0638],[5.5494,46.0606],[5.5562,46.0603],[5.5574,46.0577],[5.5579,46.052],[5.5606,46.0521],[5.5605,46.0481],[5.5564,46.0438],[5.5501,46.0352],[5.546,46.0358],[5.5405,46.0409],[5.5371,46.0463],[5.5333,46.0501],[5.5283,46.0515],[5.529,46.0567],[5.5249,46.0585],[5.5144,46.0598],[5.5145,46.0645],[5.5171,46.0654],[5.5253,46.065],[5.5274,46.0661],[5.5276,46.0684],[5.5296,46.071],[5.532,46.0703]]]}},{"type":"Feature","properties":{"code":"01207","nom":"Lapeyrouse","pop":348},"geometry":{"type":"Polygon","coordinates":[[[4.9476,46.0004],[4.9504,46.0024],[4.9559,46.0022],[4.9591,46.0078],[4.9631,46.0062],[4.9742,46.0039],[4.9796,46.0047],[4.9859,46.0043],[4.9897,46.0049],[4.9975,46.0022],[5.0019,45.9988],[5.0057,45.997],[5.0073,45.9992],[5.0111,46.0002],[5.0126,45.9984],[5.0094,45.997],[5.0126,45.9952],[5.0155,45.9948],[5.018,45.9919],[5.0216,45.9898],[5.0138,45.9806],[5.0083,45.9703],[5.0117,45.9687],[5.0129,45.967],[5.0115,45.9636],[5.0048,45.9623],[5.0015,45.9621],[4.9933,45.9656],[4.9828,45.9688],[4.9754,45.9686],[4.9742,45.966],[4.9656,45.9696],[4.9622,45.9722],[4.9585,45.9734],[4.9555,45.9733],[4.954,45.9761],[4.9454,45.9765],[4.943,45.9796],[4.9431,45.9821],[4.9467,45.9813],[4.9479,45.9835],[4.9482,45.9876],[4.9458,45.9887],[4.9463,45.9916],[4.9481,45.9945],[4.9468,45.9963],[4.9476,46.0004]]]}},{"type":"Feature","properties":{"code":"01208","nom":"Lavours","pop":138},"geometry":{"type":"Polygon","coordinates":[[[5.7878,45.8235],[5.7849,45.8182],[5.7844,45.8138],[5.787,45.8095],[5.7869,45.8058],[5.7849,45.7972],[5.7724,45.794],[5.7721,45.7971],[5.7733,45.7983],[5.7671,45.8013],[5.759,45.802],[5.7586,45.8046],[5.7559,45.8095],[5.7553,45.8155],[5.7579,45.818],[5.7667,45.8243],[5.7723,45.8237],[5.7743,45.822],[5.7768,45.8217],[5.7792,45.8237],[5.7797,45.8264],[5.7874,45.8271],[5.7878,45.8235]]]}},{"type":"Feature","properties":{"code":"01209","nom":"Léaz","pop":912},"geometry":{"type":"Polygon","coordinates":[[[5.8972,46.12],[5.893,46.1191],[5.8887,46.1125],[5.8858,46.109],[5.8856,46.1068],[5.8892,46.1027],[5.8929,46.0996],[5.8935,46.0952],[5.892,46.092],[5.8914,46.0882],[5.8882,46.0861],[5.8815,46.0852],[5.8717,46.0868],[5.8663,46.0857],[5.863,46.0852],[5.8563,46.0865],[5.8594,46.0887],[5.8613,46.0967],[5.8641,46.0993],[5.8631,46.1024],[5.861,46.1041],[5.8596,46.107],[5.8619,46.1102],[5.8635,46.1152],[5.8675,46.1192],[5.8669,46.1276],[5.8674,46.1297],[5.8662,46.1348],[5.8712,46.1362],[5.8726,46.1374],[5.8773,46.1375],[5.8821,46.1327],[5.8824,46.1312],[5.8893,46.1307],[5.8895,46.129],[5.8972,46.12]]]}},{"type":"Feature","properties":{"code":"01210","nom":"Lélex","pop":241},"geometry":{"type":"Polygon","coordinates":[[[5.9414,46.3094],[5.9545,46.306],[5.9529,46.3041],[5.957,46.3019],[5.9558,46.2982],[5.9626,46.2922],[5.9586,46.2874],[5.958,46.2854],[5.9466,46.2746],[5.9437,46.2723],[5.9395,46.2709],[5.936,46.2678],[5.9328,46.2663],[5.9204,46.2622],[5.9194,46.2599],[5.9162,46.2574],[5.9123,46.2593],[5.9051,46.2604],[5.9075,46.2633],[5.903,46.2639],[5.9001,46.2605],[5.8922,46.2644],[5.8943,46.2676],[5.8967,46.2689],[5.8993,46.2733],[5.8983,46.2744],[5.9027,46.2805],[5.9091,46.2838],[5.9162,46.2929],[5.9155,46.295],[5.9171,46.3011],[5.9202,46.3069],[5.9172,46.3076],[5.9205,46.3106],[5.9235,46.3117],[5.926,46.3138],[5.9354,46.3106],[5.9357,46.3097],[5.9414,46.3094]]]}},{"type":"Feature","properties":{"code":"01211","nom":"Lent","pop":1512},"geometry":{"type":"Polygon","coordinates":[[[5.2345,46.1455],[5.2381,46.1428],[5.2362,46.1416],[5.24,46.1343],[5.2331,46.1283],[5.2365,46.126],[5.2403,46.1224],[5.236,46.1205],[5.237,46.1181],[5.2364,46.115],[5.2399,46.113],[5.2416,46.1109],[5.2408,46.107],[5.2361,46.1055],[5.2364,46.1016],[5.2355,46.1005],[5.2275,46.0999],[5.2273,46.0962],[5.2184,46.0957],[5.2166,46.094],[5.205,46.0944],[5.2017,46.0937],[5.1996,46.0918],[5.1931,46.0907],[5.1919,46.0919],[5.1877,46.089],[5.1875,46.0866],[5.186,46.0849],[5.1827,46.0842],[5.1845,46.0799],[5.1838,46.0787],[5.1782,46.0813],[5.1741,46.0843],[5.1717,46.0847],[5.1697,46.0887],[5.1652,46.0897],[5.1626,46.0883],[5.1549,46.0959],[5.1531,46.0971],[5.1544,46.1007],[5.1623,46.1022],[5.1614,46.1048],[5.1581,46.1068],[5.1632,46.1077],[5.1635,46.1103],[5.1657,46.1114],[5.1661,46.115],[5.1687,46.1168],[5.1734,46.1168],[5.1732,46.1215],[5.1749,46.1231],[5.1746,46.1273],[5.1778,46.1303],[5.1798,46.1299],[5.1816,46.1347],[5.1845,46.1366],[5.1861,46.1396],[5.1884,46.1398],[5.1909,46.1416],[5.1921,46.1455],[5.1946,46.1477],[5.202,46.1485],[5.2053,46.147],[5.213,46.1469],[5.2182,46.1477],[5.2242,46.1457],[5.2263,46.1506],[5.2233,46.1543],[5.2268,46.1537],[5.2297,46.1515],[5.2296,46.1487],[5.232,46.1481],[5.2345,46.1455]]]}},{"type":"Feature","properties":{"code":"01212","nom":"Lescheroux","pop":726},"geometry":{"type":"Polygon","coordinates":[[[5.1868,46.4145],[5.1848,46.4146],[5.1809,46.4119],[5.1797,46.4088],[5.1759,46.4038],[5.176,46.4018],[5.1734,46.4002],[5.1755,46.3957],[5.1648,46.3953],[5.1596,46.3947],[5.1548,46.3933],[5.1504,46.3909],[5.1471,46.3909],[5.148,46.3876],[5.1441,46.3876],[5.1384,46.3865],[5.14,46.384],[5.1366,46.3818],[5.1335,46.3814],[5.1288,46.3872],[5.1251,46.3856],[5.1237,46.3864],[5.1254,46.393],[5.1161,46.3945],[5.1162,46.3957],[5.1187,46.396],[5.1208,46.3985],[5.1232,46.3968],[5.1252,46.3991],[5.1246,46.4027],[5.1212,46.4027],[5.122,46.4067],[5.1238,46.4095],[5.119,46.4109],[5.1173,46.4132],[5.1178,46.4145],[5.126,46.4175],[5.1306,46.4233],[5.1312,46.4324],[5.1312,46.4338],[5.1339,46.4366],[5.1407,46.4336],[5.1427,46.4358],[5.1488,46.4339],[5.1494,46.4327],[5.1546,46.4322],[5.1566,46.4288],[5.1603,46.4304],[5.1673,46.4301],[5.1751,46.4286],[5.1765,46.4275],[5.1754,46.4253],[5.178,46.424],[5.1837,46.4251],[5.1881,46.4247],[5.1916,46.4232],[5.1944,46.4266],[5.1987,46.4263],[5.1952,46.4235],[5.1912,46.419],[5.1883,46.4171],[5.1868,46.4145]]]}},{"type":"Feature","properties":{"code":"01213","nom":"Leyment","pop":1441},"geometry":{"type":"Polygon","coordinates":[[[5.3087,45.9518],[5.3107,45.9469],[5.3099,45.9428],[5.3098,45.9406],[5.3118,45.9349],[5.3148,45.9351],[5.3179,45.9324],[5.3157,45.929],[5.3219,45.9224],[5.3167,45.9212],[5.3157,45.9188],[5.3169,45.9156],[5.3233,45.9088],[5.3176,45.9089],[5.3132,45.9071],[5.3082,45.9076],[5.297,45.9055],[5.2972,45.9072],[5.2924,45.9113],[5.2883,45.9117],[5.284,45.9138],[5.2837,45.9151],[5.2786,45.916],[5.2723,45.9179],[5.2713,45.9189],[5.265,45.9183],[5.2621,45.9265],[5.2633,45.9292],[5.2698,45.933],[5.2713,45.9351],[5.2759,45.9387],[5.2787,45.9417],[5.283,45.9439],[5.2846,45.9432],[5.2873,45.9484],[5.2916,45.9482],[5.2925,45.9493],[5.2967,45.9477],[5.302,45.9477],[5.3052,45.9498],[5.3071,45.9492],[5.3087,45.9518]]]}},{"type":"Feature","properties":{"code":"01214","nom":"Leyssard","pop":164},"geometry":{"type":"Polygon","coordinates":[[[5.4835,46.1463],[5.4819,46.144],[5.4808,46.1399],[5.4814,46.1365],[5.4782,46.1315],[5.4756,46.1318],[5.4753,46.1347],[5.4713,46.1358],[5.463,46.1369],[5.4616,46.1396],[5.4593,46.1403],[5.4597,46.1428],[5.464,46.1475],[5.4639,46.1509],[5.4658,46.1555],[5.4707,46.1633],[5.4709,46.1673],[5.4728,46.1711],[5.4678,46.1729],[5.4641,46.1728],[5.4649,46.1784],[5.4634,46.1789],[5.463,46.1821],[5.4648,46.1852],[5.467,46.1858],[5.4726,46.1857],[5.4747,46.1875],[5.4842,46.1844],[5.4862,46.1877],[5.4895,46.1895],[5.4941,46.1881],[5.4912,46.1859],[5.4891,46.1825],[5.4907,46.1816],[5.4869,46.1729],[5.4893,46.1699],[5.4882,46.1662],[5.4877,46.1603],[5.4867,46.1556],[5.4873,46.1539],[5.4835,46.1463]]]}},{"type":"Feature","properties":{"code":"01215","nom":"Surjoux-Lhopital","pop":138},"geometry":{"type":"Polygon","coordinates":[[[5.7244,46.021],[5.7209,46.0268],[5.7261,46.027],[5.7291,46.0258],[5.737,46.0239],[5.7441,46.0242],[5.7452,46.0233],[5.7512,46.0236],[5.7614,46.0264],[5.7632,46.0287],[5.7662,46.0306],[5.7698,46.0297],[5.7753,46.0298],[5.7798,46.0307],[5.787,46.0266],[5.7892,46.0286],[5.7874,46.0383],[5.7855,46.0412],[5.7904,46.042],[5.7913,46.0432],[5.7954,46.0421],[5.8017,46.0425],[5.8068,46.0442],[5.8089,46.0385],[5.809,46.0332],[5.8124,46.0254],[5.812,46.0233],[5.8084,46.0179],[5.8055,46.0162],[5.8028,46.0179],[5.7991,46.0176],[5.7965,46.0185],[5.7925,46.0185],[5.7874,46.0204],[5.7835,46.0202],[5.7801,46.0213],[5.7746,46.0199],[5.7245,46.0213],[5.7244,46.021]]]}},{"type":"Feature","properties":{"code":"01216","nom":"Lhuis","pop":886},"geometry":{"type":"Polygon","coordinates":[[[5.5813,45.7407],[5.5806,45.7389],[5.5753,45.7366],[5.5726,45.7375],[5.568,45.7308],[5.5655,45.7324],[5.5632,45.7311],[5.5617,45.728],[5.5579,45.7274],[5.5551,45.7231],[5.5547,45.7212],[5.5508,45.7181],[5.5481,45.7141],[5.5455,45.7137],[5.5314,45.7142],[5.5272,45.7154],[5.5244,45.718],[5.5222,45.7238],[5.5194,45.7295],[5.5178,45.7313],[5.5092,45.7368],[5.5031,45.7396],[5.4982,45.7444],[5.4997,45.745],[5.5063,45.7502],[5.5083,45.7559],[5.5108,45.7587],[5.5089,45.7628],[5.5003,45.7712],[5.5065,45.7737],[5.5048,45.7756],[5.5042,45.7785],[5.508,45.7801],[5.5139,45.7785],[5.5179,45.7799],[5.5211,45.7758],[5.5232,45.7757],[5.5282,45.7714],[5.5296,45.7712],[5.5352,45.7666],[5.5367,45.764],[5.5371,45.7606],[5.5358,45.7595],[5.5446,45.7587],[5.5496,45.7578],[5.5564,45.7551],[5.5601,45.7549],[5.5631,45.7557],[5.5708,45.7534],[5.5762,45.7467],[5.5787,45.7448],[5.5813,45.7407]]]}},{"type":"Feature","properties":{"code":"01219","nom":"Lompnas","pop":171},"geometry":{"type":"Polygon","coordinates":[[[5.5505,45.799],[5.5481,45.7976],[5.5429,45.7974],[5.5342,45.7929],[5.5337,45.7904],[5.5312,45.789],[5.5262,45.7886],[5.5209,45.7894],[5.5162,45.7933],[5.509,45.8003],[5.5074,45.8036],[5.5052,45.8057],[5.5008,45.8114],[5.4982,45.8162],[5.498,45.8206],[5.4999,45.824],[5.4993,45.83],[5.5085,45.835],[5.515,45.8305],[5.517,45.8297],[5.5246,45.8252],[5.5261,45.8235],[5.5298,45.8216],[5.538,45.8198],[5.5412,45.8185],[5.5412,45.8164],[5.5436,45.8156],[5.5461,45.813],[5.5481,45.8094],[5.5507,45.8083],[5.5546,45.803],[5.5505,45.799]]]}},{"type":"Feature","properties":{"code":"01224","nom":"Loyettes","pop":3554},"geometry":{"type":"Polygon","coordinates":[[[5.2555,45.7845],[5.2484,45.7816],[5.2399,45.7774],[5.2357,45.7753],[5.2278,45.7702],[5.2214,45.7688],[5.2142,45.7695],[5.2098,45.7716],[5.2045,45.7721],[5.1997,45.7715],[5.1953,45.7712],[5.1895,45.7727],[5.1876,45.7759],[5.1865,45.7821],[5.1832,45.7862],[5.1811,45.7899],[5.1771,45.7934],[5.1813,45.7958],[5.1857,45.7956],[5.1955,45.8011],[5.2004,45.8048],[5.2014,45.8089],[5.2091,45.8144],[5.2154,45.8174],[5.2222,45.8185],[5.2249,45.8186],[5.2321,45.8218],[5.2394,45.8103],[5.2555,45.7845]]]}},{"type":"Feature","properties":{"code":"01225","nom":"Lurcy","pop":406},"geometry":{"type":"Polygon","coordinates":[[[4.7594,46.0616],[4.7616,46.0659],[4.7616,46.0677],[4.7641,46.0676],[4.7707,46.0698],[4.7747,46.071],[4.7775,46.0735],[4.7795,46.0736],[4.7846,46.0722],[4.7852,46.0698],[4.7874,46.0697],[4.7895,46.0673],[4.796,46.0676],[4.7963,46.065],[4.7984,46.0609],[4.7966,46.0605],[4.7979,46.0566],[4.8003,46.0559],[4.799,46.0527],[4.7908,46.053],[4.78,46.0519],[4.7796,46.0538],[4.7761,46.0542],[4.7652,46.058],[4.7632,46.0602],[4.7594,46.0616]]]}},{"type":"Feature","properties":{"code":"01227","nom":"Magnieu","pop":651},"geometry":{"type":"Polygon","coordinates":[[[5.7081,45.7772],[5.709,45.7783],[5.7038,45.7821],[5.699,45.7829],[5.6966,45.7851],[5.6911,45.7889],[5.6934,45.791],[5.6923,45.7924],[5.7021,45.7961],[5.7092,45.793],[5.7151,45.7918],[5.7182,45.7938],[5.7217,45.792],[5.723,45.7938],[5.7271,45.7961],[5.7287,45.7946],[5.734,45.7957],[5.7408,45.7923],[5.7427,45.7875],[5.7454,45.7856],[5.7458,45.7811],[5.7458,45.7763],[5.7481,45.7698],[5.7477,45.7685],[5.739,45.7684],[5.7361,45.7673],[5.731,45.7619],[5.7356,45.7603],[5.7356,45.7582],[5.7329,45.7584],[5.73,45.7565],[5.726,45.7583],[5.7144,45.7606],[5.7084,45.7632],[5.7078,45.7696],[5.7085,45.7719],[5.7116,45.7741],[5.7114,45.7761],[5.7081,45.7772]]]}},{"type":"Feature","properties":{"code":"01228","nom":"Maillat","pop":669},"geometry":{"type":"Polygon","coordinates":[[[5.5102,46.0939],[5.51,46.0978],[5.5134,46.1053],[5.5151,46.1092],[5.5155,46.1121],[5.5077,46.1139],[5.508,46.1162],[5.5123,46.1225],[5.5111,46.1254],[5.5165,46.132],[5.5182,46.1364],[5.5188,46.1385],[5.5228,46.1423],[5.5253,46.1464],[5.5295,46.1462],[5.536,46.1444],[5.5354,46.1399],[5.5399,46.1381],[5.5407,46.1343],[5.5435,46.1345],[5.544,46.1306],[5.5466,46.1286],[5.5454,46.1215],[5.5496,46.1213],[5.5497,46.1195],[5.559,46.1197],[5.5623,46.1141],[5.5607,46.1125],[5.5534,46.1129],[5.549,46.1154],[5.5488,46.1171],[5.5457,46.1182],[5.5423,46.1137],[5.5386,46.1147],[5.5369,46.1133],[5.5371,46.1108],[5.5334,46.1048],[5.5313,46.103],[5.5279,46.0975],[5.5234,46.0975],[5.5217,46.0937],[5.5161,46.0946],[5.5143,46.0937],[5.5102,46.0939]]]}},{"type":"Feature","properties":{"code":"01229","nom":"Malafretaz","pop":1257},"geometry":{"type":"Polygon","coordinates":[[[5.1395,46.353],[5.1416,46.3526],[5.1473,46.3484],[5.1476,46.3468],[5.1506,46.346],[5.1524,46.3437],[5.1582,46.3451],[5.1626,46.3393],[5.163,46.3366],[5.1652,46.3328],[5.1688,46.3287],[5.1628,46.3266],[5.158,46.3273],[5.1572,46.3251],[5.1536,46.323],[5.1507,46.3242],[5.1489,46.3196],[5.1499,46.3165],[5.1456,46.3149],[5.1438,46.3127],[5.1408,46.3113],[5.1413,46.3082],[5.1376,46.307],[5.1343,46.3075],[5.1283,46.3068],[5.1249,46.3092],[5.1236,46.3109],[5.1241,46.318],[5.1274,46.3217],[5.1292,46.3261],[5.1272,46.3305],[5.1292,46.3361],[5.1344,46.3372],[5.133,46.3397],[5.1329,46.3426],[5.1378,46.3472],[5.1395,46.353]]]}},{"type":"Feature","properties":{"code":"01230","nom":"Mantenay-Montlin","pop":331},"geometry":{"type":"Polygon","coordinates":[[[5.1281,46.4425],[5.1273,46.4406],[5.1274,46.4352],[5.1312,46.4324],[5.1306,46.4233],[5.126,46.4175],[5.1178,46.4145],[5.1173,46.4132],[5.1139,46.4122],[5.1103,46.413],[5.1113,46.415],[5.106,46.4165],[5.1028,46.4153],[5.0976,46.4159],[5.0943,46.4151],[5.094,46.4128],[5.0893,46.4124],[5.0872,46.4161],[5.0903,46.4197],[5.0898,46.4224],[5.0853,46.4239],[5.0815,46.4241],[5.0845,46.428],[5.0848,46.4301],[5.0867,46.4335],[5.0856,46.4367],[5.0857,46.44],[5.0906,46.4423],[5.0871,46.4497],[5.0903,46.4514],[5.094,46.4505],[5.0971,46.4479],[5.0977,46.4462],[5.1056,46.445],[5.1104,46.4414],[5.1117,46.4397],[5.1158,46.4417],[5.1154,46.4469],[5.1195,46.4453],[5.121,46.4438],[5.1248,46.4425],[5.1281,46.4425]]]}},{"type":"Feature","properties":{"code":"01231","nom":"Manziat","pop":2018},"geometry":{"type":"Polygon","coordinates":[[[4.913,46.3453],[4.9117,46.3452],[4.9011,46.3469],[4.8995,46.3482],[4.8922,46.35],[4.8858,46.3509],[4.8809,46.3538],[4.8803,46.3553],[4.8763,46.3563],[4.8762,46.3588],[4.8722,46.3604],[4.8764,46.368],[4.8763,46.3695],[4.8794,46.3723],[4.8822,46.3714],[4.8869,46.376],[4.889,46.3759],[4.8919,46.3808],[4.8937,46.3802],[4.896,46.3845],[4.9002,46.3846],[4.9006,46.3818],[4.903,46.3819],[4.9139,46.38],[4.9158,46.3784],[4.9193,46.3787],[4.9214,46.3758],[4.9264,46.375],[4.9306,46.3726],[4.9331,46.3678],[4.9284,46.367],[4.9275,46.3628],[4.9252,46.3607],[4.9242,46.3578],[4.9252,46.3556],[4.9227,46.3502],[4.9213,46.3487],[4.9164,46.3494],[4.9148,46.3463],[4.913,46.3453]]]}},{"type":"Feature","properties":{"code":"01232","nom":"Marboz","pop":2264},"geometry":{"type":"Polygon","coordinates":[[[5.2119,46.3568],[5.2159,46.3579],[5.218,46.3682],[5.2216,46.3712],[5.2254,46.3727],[5.2244,46.3778],[5.2276,46.3799],[5.2276,46.3818],[5.2309,46.3899],[5.2373,46.3983],[5.2348,46.4011],[5.2415,46.4015],[5.2421,46.3986],[5.2449,46.3968],[5.2515,46.3902],[5.2539,46.3858],[5.2566,46.3847],[5.257,46.3818],[5.2593,46.3809],[5.2583,46.3769],[5.2596,46.375],[5.2653,46.3761],[5.2636,46.3777],[5.2665,46.381],[5.2746,46.379],[5.2752,46.3776],[5.2802,46.3754],[5.28,46.3717],[5.2772,46.3699],[5.2747,46.3704],[5.2717,46.3692],[5.2738,46.3666],[5.273,46.3635],[5.2761,46.3575],[5.2746,46.3532],[5.2781,46.3473],[5.2745,46.3474],[5.2755,46.3441],[5.274,46.3409],[5.2722,46.3396],[5.2746,46.3369],[5.2736,46.3346],[5.2705,46.3335],[5.2682,46.3302],[5.2698,46.328],[5.2681,46.324],[5.2698,46.3215],[5.2676,46.3154],[5.2649,46.3139],[5.2585,46.3122],[5.2565,46.3089],[5.2521,46.3102],[5.2483,46.3043],[5.2478,46.302],[5.2453,46.3021],[5.2448,46.2998],[5.2473,46.2943],[5.2477,46.2918],[5.2453,46.2892],[5.241,46.2911],[5.2392,46.2898],[5.2341,46.2914],[5.2316,46.2904],[5.2296,46.2918],[5.2228,46.2915],[5.2186,46.292],[5.2173,46.2931],[5.2154,46.3027],[5.2178,46.3076],[5.2179,46.3104],[5.22,46.315],[5.225,46.3162],[5.2275,46.32],[5.2227,46.3213],[5.2176,46.3221],[5.2134,46.3249],[5.2166,46.3302],[5.2165,46.3349],[5.2175,46.3388],[5.219,46.34],[5.22,46.3436],[5.2165,46.3539],[5.2119,46.3568]]]}},{"type":"Feature","properties":{"code":"01233","nom":"Marchamp","pop":137},"geometry":{"type":"Polygon","coordinates":[[[5.584,45.7628],[5.5816,45.762],[5.5791,45.7586],[5.574,45.7539],[5.5708,45.7534],[5.5631,45.7557],[5.5601,45.7549],[5.5564,45.7551],[5.5496,45.7578],[5.5446,45.7587],[5.5358,45.7595],[5.5371,45.7606],[5.5367,45.764],[5.5352,45.7666],[5.5296,45.7712],[5.5282,45.7714],[5.5232,45.7757],[5.5211,45.7758],[5.5179,45.7799],[5.5192,45.7807],[5.522,45.7812],[5.524,45.7836],[5.5289,45.7857],[5.5312,45.789],[5.5337,45.7904],[5.5342,45.7929],[5.5429,45.7974],[5.5481,45.7976],[5.5505,45.799],[5.5544,45.7949],[5.5583,45.7917],[5.5556,45.7907],[5.5583,45.7859],[5.5594,45.7825],[5.5615,45.7806],[5.566,45.7786],[5.5667,45.776],[5.5704,45.7714],[5.5765,45.7712],[5.581,45.7669],[5.584,45.7628]]]}},{"type":"Feature","properties":{"code":"01234","nom":"Marignieu","pop":162},"geometry":{"type":"Polygon","coordinates":[[[5.7021,45.7961],[5.704,45.7968],[5.7055,45.7995],[5.7071,45.7999],[5.7044,45.8043],[5.704,45.8064],[5.7015,45.8116],[5.7104,45.814],[5.7137,45.8123],[5.7164,45.8089],[5.7167,45.8041],[5.7202,45.8049],[5.7204,45.8079],[5.7218,45.8085],[5.7266,45.8054],[5.728,45.8026],[5.7318,45.8],[5.734,45.7957],[5.7287,45.7946],[5.7271,45.7961],[5.723,45.7938],[5.7217,45.792],[5.7182,45.7938],[5.7151,45.7918],[5.7092,45.793],[5.7021,45.7961]]]}},{"type":"Feature","properties":{"code":"01235","nom":"Marlieux","pop":1185},"geometry":{"type":"Polygon","coordinates":[[[5.0519,46.0303],[5.0511,46.0324],[5.0468,46.0344],[5.0437,46.0343],[5.0405,46.0349],[5.0389,46.0381],[5.0421,46.04],[5.0389,46.0418],[5.0353,46.0458],[5.0373,46.0474],[5.0399,46.0478],[5.0429,46.0513],[5.0434,46.053],[5.0464,46.0563],[5.0496,46.058],[5.0493,46.0603],[5.0525,46.0612],[5.0532,46.0628],[5.0561,46.0633],[5.0581,46.0659],[5.0629,46.0664],[5.0723,46.0695],[5.0732,46.0728],[5.0876,46.0772],[5.0891,46.0785],[5.0939,46.0794],[5.097,46.078],[5.0985,46.0795],[5.1055,46.0788],[5.1054,46.0766],[5.1034,46.0745],[5.1041,46.0692],[5.1075,46.0705],[5.1121,46.071],[5.1126,46.069],[5.1158,46.0687],[5.1158,46.0662],[5.1064,46.0644],[5.1089,46.0625],[5.1095,46.0599],[5.108,46.0561],[5.106,46.0563],[5.1071,46.0522],[5.1018,46.0513],[5.0962,46.0493],[5.0924,46.0486],[5.0882,46.051],[5.082,46.0484],[5.0798,46.0449],[5.0804,46.0435],[5.0781,46.0395],[5.0734,46.0379],[5.0715,46.0381],[5.068,46.0345],[5.0642,46.0339],[5.0609,46.0288],[5.0571,46.0319],[5.0519,46.0303]]]}},{"type":"Feature","properties":{"code":"01236","nom":"Marsonnas","pop":1039},"geometry":{"type":"Polygon","coordinates":[[[5.0549,46.3184],[5.0527,46.3234],[5.0523,46.3259],[5.0561,46.3282],[5.0532,46.3294],[5.0474,46.3351],[5.047,46.337],[5.0437,46.3366],[5.0407,46.3347],[5.035,46.3327],[5.0333,46.333],[5.0282,46.3394],[5.0232,46.341],[5.0192,46.3439],[5.0179,46.3473],[5.0194,46.3518],[5.0189,46.3547],[5.0224,46.3545],[5.0281,46.3552],[5.0308,46.3547],[5.0341,46.3559],[5.0367,46.3545],[5.0431,46.3552],[5.0514,46.3526],[5.0578,46.3543],[5.0587,46.3562],[5.0627,46.3557],[5.0635,46.357],[5.0719,46.3592],[5.0724,46.3606],[5.0757,46.3607],[5.0766,46.3586],[5.0801,46.3556],[5.0839,46.3551],[5.0851,46.3548],[5.0862,46.3502],[5.0904,46.3494],[5.0932,46.3479],[5.0977,46.3484],[5.1017,46.3498],[5.1031,46.3477],[5.1036,46.346],[5.1018,46.3438],[5.1028,46.3385],[5.0995,46.3344],[5.1028,46.3306],[5.1001,46.3282],[5.0917,46.3261],[5.0888,46.322],[5.0862,46.3213],[5.0775,46.3247],[5.0748,46.3239],[5.0691,46.3205],[5.066,46.3208],[5.0612,46.3192],[5.0585,46.3195],[5.0549,46.3184]]]}},{"type":"Feature","properties":{"code":"01237","nom":"Martignat","pop":1664},"geometry":{"type":"Polygon","coordinates":[[[5.5788,46.1956],[5.5829,46.2016],[5.5866,46.2093],[5.5903,46.2134],[5.5953,46.212],[5.5963,46.2144],[5.6083,46.2153],[5.6154,46.2182],[5.6182,46.2232],[5.6215,46.222],[5.6242,46.2219],[5.6253,46.2236],[5.6332,46.2204],[5.6341,46.2195],[5.6411,46.2173],[5.6383,46.2159],[5.6374,46.2129],[5.6374,46.2093],[5.6355,46.206],[5.6344,46.2015],[5.6309,46.2001],[5.6302,46.1987],[5.6345,46.1951],[5.637,46.1881],[5.6354,46.1847],[5.6338,46.1836],[5.6229,46.1823],[5.6161,46.1841],[5.6145,46.1855],[5.6058,46.188],[5.6006,46.1904],[5.5986,46.1934],[5.5909,46.1952],[5.5881,46.1954],[5.5854,46.1938],[5.5813,46.1933],[5.5788,46.1956]]]}},{"type":"Feature","properties":{"code":"01238","nom":"Massieux","pop":2843},"geometry":{"type":"Polygon","coordinates":[[[4.8484,45.9132],[4.8444,45.9115],[4.8362,45.9098],[4.8301,45.9062],[4.8237,45.9047],[4.821,45.9028],[4.8183,45.9024],[4.8138,45.9005],[4.8097,45.8976],[4.8052,45.8963],[4.8041,45.8985],[4.8034,45.9007],[4.8049,45.9035],[4.8095,45.9064],[4.8108,45.9098],[4.8184,45.9107],[4.8228,45.9121],[4.8249,45.9112],[4.8414,45.9184],[4.8481,45.9208],[4.8516,45.924],[4.8523,45.922],[4.8522,45.9176],[4.8483,45.9155],[4.8484,45.9132]]]}},{"type":"Feature","properties":{"code":"01239","nom":"Massignieu-de-Rives","pop":650},"geometry":{"type":"Polygon","coordinates":[[[5.7805,45.7427],[5.7735,45.7425],[5.7698,45.7408],[5.7663,45.741],[5.7615,45.74],[5.755,45.7434],[5.7557,45.7452],[5.7509,45.7492],[5.7497,45.7543],[5.7458,45.7578],[5.7362,45.7559],[5.7356,45.7582],[5.7356,45.7603],[5.731,45.7619],[5.7361,45.7673],[5.739,45.7684],[5.7477,45.7685],[5.7499,45.7655],[5.7535,45.7649],[5.7584,45.7687],[5.7616,45.769],[5.7709,45.772],[5.7834,45.7724],[5.7826,45.7679],[5.7793,45.7618],[5.7808,45.7568],[5.7835,45.754],[5.784,45.752],[5.7836,45.745],[5.7805,45.7427]]]}},{"type":"Feature","properties":{"code":"01240","nom":"Matafelon-Granges","pop":623},"geometry":{"type":"Polygon","coordinates":[[[5.4608,46.2132],[5.4646,46.2107],[5.4679,46.2111],[5.4707,46.2133],[5.4731,46.2166],[5.4777,46.2244],[5.4801,46.2269],[5.4842,46.2293],[5.4881,46.2324],[5.4908,46.2366],[5.4914,46.2408],[5.4976,46.2439],[5.501,46.2424],[5.5049,46.247],[5.5051,46.2487],[5.509,46.2547],[5.512,46.2559],[5.513,46.2582],[5.5107,46.2596],[5.5096,46.2621],[5.5113,46.2645],[5.5195,46.2643],[5.523,46.265],[5.5249,46.2665],[5.5379,46.2686],[5.5417,46.2698],[5.5457,46.2729],[5.5474,46.2753],[5.5532,46.2797],[5.5588,46.283],[5.5614,46.2863],[5.5624,46.2895],[5.565,46.2936],[5.5678,46.2941],[5.5749,46.2928],[5.5792,46.2943],[5.587,46.2925],[5.5898,46.2908],[5.5889,46.2878],[5.5858,46.2848],[5.5863,46.2828],[5.5849,46.28],[5.5824,46.2781],[5.5806,46.2752],[5.5793,46.2695],[5.5809,46.2677],[5.5785,46.2664],[5.5794,46.264],[5.5737,46.2639],[5.5699,46.2655],[5.5642,46.2629],[5.5611,46.2579],[5.5617,46.2553],[5.5605,46.2535],[5.553,46.246],[5.553,46.2424],[5.5519,46.2394],[5.5486,46.2382],[5.5451,46.2343],[5.5433,46.2294],[5.5454,46.2263],[5.5434,46.2255],[5.5376,46.2261],[5.5351,46.2247],[5.5327,46.2255],[5.5336,46.2298],[5.532,46.2318],[5.5314,46.2367],[5.5327,46.241],[5.5286,46.2438],[5.5301,46.2464],[5.5272,46.2505],[5.5275,46.2531],[5.5298,46.2557],[5.5222,46.2572],[5.5199,46.2589],[5.5107,46.2486],[5.51,46.2464],[5.5071,46.243],[5.5105,46.2413],[5.5074,46.2346],[5.503,46.2348],[5.4975,46.232],[5.4945,46.233],[5.49,46.2266],[5.4919,46.225],[5.4919,46.2187],[5.4895,46.2186],[5.4874,46.2169],[5.4819,46.2181],[5.4781,46.2122],[5.4749,46.2093],[5.4699,46.2077],[5.4636,46.209],[5.4603,46.2109],[5.4608,46.2132]]]}},{"type":"Feature","properties":{"code":"01241","nom":"Meillonnas","pop":1426},"geometry":{"type":"Polygon","coordinates":[[[5.3199,46.2701],[5.3217,46.2705],[5.3273,46.2678],[5.3357,46.2593],[5.3386,46.2585],[5.3423,46.2593],[5.3459,46.2614],[5.3492,46.2601],[5.3518,46.2617],[5.3558,46.2592],[5.3651,46.2574],[5.3672,46.2539],[5.3713,46.2523],[5.3738,46.2494],[5.3714,46.246],[5.3714,46.2401],[5.3674,46.2352],[5.365,46.2364],[5.3593,46.2324],[5.3563,46.2316],[5.3564,46.2284],[5.3524,46.2258],[5.3505,46.2279],[5.3474,46.2285],[5.346,46.2256],[5.3413,46.221],[5.339,46.2196],[5.3357,46.2212],[5.3365,46.2241],[5.3322,46.2244],[5.3242,46.2274],[5.3243,46.2292],[5.3223,46.2309],[5.3159,46.2324],[5.3143,46.2352],[5.3116,46.2378],[5.3044,46.2372],[5.3062,46.241],[5.3039,46.2427],[5.3053,46.2446],[5.3024,46.2502],[5.2996,46.2517],[5.2957,46.2554],[5.2956,46.2568],[5.3006,46.2578],[5.3097,46.2582],[5.3162,46.2602],[5.3209,46.2601],[5.3212,46.263],[5.3199,46.2701]]]}},{"type":"Feature","properties":{"code":"01242","nom":"Mérignat","pop":129},"geometry":{"type":"Polygon","coordinates":[[[5.4275,46.0613],[5.4284,46.0645],[5.4314,46.0673],[5.4312,46.0705],[5.4357,46.0739],[5.4429,46.0745],[5.4455,46.0731],[5.4486,46.073],[5.4513,46.0703],[5.4525,46.0659],[5.4554,46.0645],[5.4579,46.0612],[5.4561,46.059],[5.448,46.0577],[5.4404,46.0559],[5.4361,46.058],[5.4334,46.0585],[5.4309,46.0608],[5.4275,46.0613]]]}},{"type":"Feature","properties":{"code":"01243","nom":"Messimy-sur-Saône","pop":1338},"geometry":{"type":"Polygon","coordinates":[[[4.7456,46.0354],[4.744,46.039],[4.7406,46.043],[4.7389,46.0464],[4.7406,46.0499],[4.7436,46.0519],[4.7509,46.0549],[4.7565,46.0587],[4.7594,46.0616],[4.7632,46.0602],[4.7652,46.058],[4.7761,46.0542],[4.7796,46.0538],[4.78,46.0519],[4.7829,46.0504],[4.781,46.0488],[4.7819,46.0445],[4.7749,46.044],[4.7695,46.0435],[4.7706,46.04],[4.7652,46.0394],[4.7643,46.0359],[4.7534,46.036],[4.7456,46.0354]]]}},{"type":"Feature","properties":{"code":"01244","nom":"Meximieux","pop":8247},"geometry":{"type":"Polygon","coordinates":[[[5.2465,45.8965],[5.2483,45.8952],[5.2274,45.8928],[5.2213,45.8903],[5.2083,45.882],[5.2103,45.8792],[5.2057,45.8808],[5.2021,45.8831],[5.1991,45.8862],[5.1984,45.8901],[5.1916,45.895],[5.1899,45.8955],[5.19,45.8989],[5.185,45.9021],[5.183,45.9073],[5.1804,45.9091],[5.181,45.9137],[5.1771,45.9162],[5.1776,45.9201],[5.1749,45.9249],[5.1757,45.9267],[5.1782,45.9275],[5.1806,45.9303],[5.1868,45.929],[5.1895,45.9261],[5.1935,45.9254],[5.1972,45.9288],[5.1996,45.9291],[5.2048,45.928],[5.2112,45.9243],[5.2116,45.9213],[5.2135,45.9206],[5.2096,45.9174],[5.2137,45.9155],[5.2164,45.9133],[5.2291,45.901],[5.2335,45.8976],[5.2465,45.8965]]]}},{"type":"Feature","properties":{"code":"01245","nom":"Bohas-Meyriat-Rignat","pop":938},"geometry":{"type":"Polygon","coordinates":[[[5.4127,46.124],[5.4089,46.1184],[5.4053,46.1183],[5.4063,46.1222],[5.4011,46.1222],[5.3944,46.1232],[5.3874,46.1232],[5.3878,46.1208],[5.3837,46.1197],[5.3824,46.118],[5.3829,46.1139],[5.3822,46.1118],[5.3772,46.1128],[5.3751,46.1139],[5.3747,46.1176],[5.3721,46.1184],[5.3678,46.1185],[5.364,46.1237],[5.3521,46.1262],[5.3457,46.1264],[5.345,46.1311],[5.3425,46.1331],[5.3429,46.1375],[5.3386,46.137],[5.3358,46.1377],[5.3409,46.1398],[5.3448,46.1438],[5.346,46.1466],[5.3485,46.1485],[5.3458,46.1511],[5.3522,46.1536],[5.3578,46.1552],[5.3614,46.1586],[5.3643,46.1634],[5.3627,46.1654],[5.3642,46.1687],[5.3631,46.1693],[5.3652,46.1725],[5.3705,46.1719],[5.3723,46.171],[5.3767,46.1708],[5.3805,46.1698],[5.3862,46.1693],[5.3914,46.1698],[5.3946,46.1679],[5.3951,46.1664],[5.4005,46.166],[5.399,46.1652],[5.4016,46.1598],[5.4025,46.1528],[5.4046,46.1498],[5.4062,46.1496],[5.4059,46.1433],[5.4091,46.1417],[5.4103,46.1345],[5.4132,46.1274],[5.4127,46.124]]]}},{"type":"Feature","properties":{"code":"01246","nom":"Mézériat","pop":2172},"geometry":{"type":"Polygon","coordinates":[[[5.0954,46.2358],[5.0955,46.2333],[5.0913,46.2318],[5.0859,46.2321],[5.0843,46.2312],[5.0758,46.2302],[5.0722,46.2294],[5.0661,46.2309],[5.0648,46.2326],[5.0612,46.2334],[5.0608,46.2317],[5.0632,46.2268],[5.0589,46.2268],[5.056,46.2245],[5.0583,46.2207],[5.0478,46.2193],[5.0434,46.2216],[5.0416,46.2238],[5.0383,46.2243],[5.0296,46.2233],[5.0261,46.2218],[5.0247,46.2233],[5.0296,46.2257],[5.0294,46.2294],[5.0313,46.2341],[5.0302,46.2366],[5.0235,46.2386],[5.0164,46.238],[5.0141,46.2385],[5.0084,46.2426],[5.0051,46.248],[5.0073,46.2523],[5.0035,46.2546],[5.0002,46.2552],[5.0015,46.2575],[5.0045,46.2592],[5.0104,46.2642],[5.0134,46.2611],[5.0153,46.2604],[5.018,46.2621],[5.0234,46.2627],[5.0253,46.2655],[5.0277,46.2647],[5.0315,46.2609],[5.0304,46.2587],[5.0311,46.2569],[5.0399,46.2551],[5.0438,46.2533],[5.0438,46.2514],[5.0535,46.2502],[5.0562,46.2503],[5.0568,46.2527],[5.0616,46.252],[5.0663,46.2537],[5.0728,46.2525],[5.076,46.2514],[5.0802,46.251],[5.0806,46.2526],[5.0882,46.2521],[5.0914,46.2509],[5.0928,46.2497],[5.094,46.2454],[5.0917,46.2438],[5.094,46.2417],[5.0942,46.2393],[5.096,46.2377],[5.0954,46.2358]]]}},{"type":"Feature","properties":{"code":"01247","nom":"Mijoux","pop":299},"geometry":{"type":"Polygon","coordinates":[[[6.0595,46.3845],[6.0527,46.3871],[6.0477,46.3848],[6.0461,46.3814],[6.0435,46.3794],[6.0365,46.3771],[6.0326,46.3744],[6.0301,46.3746],[6.0199,46.3712],[6.0156,46.3674],[6.0211,46.3663],[6.0242,46.3634],[6.0253,46.361],[6.0183,46.3586],[6.0138,46.3533],[6.0108,46.3519],[6.0087,46.3492],[6.006,46.3477],[6.005,46.3432],[6.0012,46.3356],[5.9907,46.3384],[5.988,46.3404],[5.9909,46.3451],[5.9863,46.3485],[5.9845,46.3451],[5.981,46.3414],[5.979,46.338],[5.9758,46.3343],[5.9747,46.3318],[5.9713,46.3272],[5.9748,46.3255],[5.9738,46.3228],[5.9739,46.32],[5.9657,46.3199],[5.9622,46.3167],[5.9575,46.3096],[5.9545,46.306],[5.9414,46.3094],[5.9435,46.3127],[5.9454,46.3129],[5.9482,46.3171],[5.9477,46.3181],[5.9503,46.3213],[5.9557,46.3291],[5.9576,46.3295],[5.9589,46.333],[5.9616,46.3351],[5.9626,46.3372],[5.9649,46.3377],[5.9673,46.3432],[5.973,46.3478],[5.9752,46.3503],[5.9798,46.3542],[5.9841,46.3639],[5.9885,46.3647],[5.9939,46.3667],[6.0019,46.3708],[6.0061,46.3722],[6.008,46.3742],[6.0147,46.3764],[6.0173,46.3806],[6.0218,46.3836],[6.026,46.3844],[6.0287,46.3871],[6.0359,46.3917],[6.0376,46.3956],[6.042,46.3987],[6.0445,46.4027],[6.0475,46.405],[6.0519,46.4097],[6.0528,46.4117],[6.0573,46.4127],[6.0607,46.4118],[6.0578,46.4095],[6.0574,46.4049],[6.0611,46.4018],[6.0711,46.3982],[6.0737,46.3978],[6.0769,46.3959],[6.0788,46.3921],[6.0783,46.388],[6.0726,46.3889],[6.066,46.3915],[6.0648,46.3888],[6.0595,46.3845]]]}},{"type":"Feature","properties":{"code":"01248","nom":"Mionnay","pop":2294},"geometry":{"type":"Polygon","coordinates":[[[4.9634,45.9088],[4.9672,45.9061],[4.9637,45.9037],[4.9627,45.9016],[4.9658,45.901],[4.9667,45.897],[4.9732,45.8932],[4.9741,45.8907],[4.9706,45.889],[4.9655,45.8887],[4.9632,45.89],[4.9566,45.8913],[4.9567,45.8899],[4.9532,45.8866],[4.9465,45.8877],[4.9469,45.8862],[4.9319,45.8833],[4.9188,45.8809],[4.9134,45.8776],[4.9105,45.8767],[4.909,45.8743],[4.9037,45.8749],[4.9021,45.8775],[4.8964,45.8776],[4.8901,45.8783],[4.8898,45.8794],[4.8843,45.8801],[4.8834,45.8829],[4.8807,45.8975],[4.8828,45.9002],[4.8869,45.9027],[4.8908,45.9043],[4.8935,45.9042],[4.8946,45.9006],[4.9051,45.9062],[4.909,45.9055],[4.9121,45.9065],[4.9181,45.9092],[4.9197,45.9123],[4.9229,45.913],[4.9245,45.9165],[4.9278,45.9174],[4.9334,45.9173],[4.9399,45.9148],[4.9427,45.9131],[4.948,45.9122],[4.951,45.9127],[4.9568,45.9121],[4.9582,45.9106],[4.9634,45.9088]]]}},{"type":"Feature","properties":{"code":"01249","nom":"Miribel","pop":10395},"geometry":{"type":"Polygon","coordinates":[[[4.98,45.8056],[4.9749,45.8075],[4.9701,45.8076],[4.9639,45.8109],[4.9519,45.8089],[4.9534,45.8111],[4.9507,45.815],[4.9477,45.8126],[4.9443,45.8127],[4.9419,45.8197],[4.939,45.8227],[4.9364,45.8236],[4.9372,45.8255],[4.9349,45.8307],[4.9346,45.8355],[4.9279,45.8364],[4.9232,45.8354],[4.9209,45.8329],[4.9186,45.8338],[4.9183,45.8395],[4.917,45.8452],[4.9139,45.8459],[4.9133,45.8482],[4.9092,45.8533],[4.9008,45.8558],[4.901,45.8577],[4.902,45.8632],[4.908,45.8688],[4.9076,45.8715],[4.909,45.8743],[4.9105,45.8767],[4.9134,45.8776],[4.9188,45.8809],[4.9319,45.8833],[4.9315,45.8726],[4.9311,45.8716],[4.9348,45.8689],[4.9379,45.8688],[4.9509,45.8636],[4.9591,45.8594],[4.9587,45.8524],[4.9611,45.8524],[4.9623,45.8486],[4.9622,45.8452],[4.9656,45.8445],[4.9676,45.8394],[4.9692,45.8391],[4.9703,45.8359],[4.9727,45.8323],[4.9729,45.8249],[4.9813,45.8055],[4.98,45.8056]]]}},{"type":"Feature","properties":{"code":"01250","nom":"Misérieux","pop":2008},"geometry":{"type":"Polygon","coordinates":[[[4.8154,45.9487],[4.809,45.9479],[4.8031,45.962],[4.806,45.9695],[4.8022,45.9761],[4.7987,45.9789],[4.7976,45.9816],[4.7926,45.9805],[4.7903,45.9835],[4.7928,45.9855],[4.7965,45.9912],[4.8013,46.0012],[4.8088,45.9961],[4.8115,45.9892],[4.813,45.9873],[4.829,45.9793],[4.8373,45.9733],[4.8254,45.9707],[4.8196,45.9686],[4.813,45.9611],[4.8148,45.957],[4.8154,45.9487]]]}},{"type":"Feature","properties":{"code":"01252","nom":"Mogneneins","pop":841},"geometry":{"type":"Polygon","coordinates":[[[4.7961,46.1391],[4.8003,46.1442],[4.803,46.1543],[4.8026,46.1567],[4.8078,46.1583],[4.8229,46.1603],[4.8236,46.1587],[4.8288,46.1586],[4.8324,46.1553],[4.8338,46.1562],[4.8361,46.1557],[4.8369,46.1534],[4.8373,46.1479],[4.839,46.1472],[4.8382,46.1438],[4.8441,46.1387],[4.8446,46.1319],[4.8422,46.1317],[4.8403,46.1322],[4.832,46.1322],[4.8318,46.1312],[4.8237,46.1325],[4.8182,46.1317],[4.8125,46.1335],[4.8099,46.1332],[4.7961,46.1391]]]}},{"type":"Feature","properties":{"code":"01254","nom":"Montagnat","pop":2186},"geometry":{"type":"Polygon","coordinates":[[[5.2904,46.1548],[5.2872,46.156],[5.2845,46.1551],[5.2783,46.1504],[5.2755,46.1541],[5.2647,46.1537],[5.2609,46.1574],[5.2544,46.1557],[5.2528,46.1546],[5.249,46.1547],[5.2476,46.157],[5.243,46.1593],[5.2427,46.1631],[5.2468,46.1655],[5.2524,46.1657],[5.2539,46.1671],[5.2629,46.167],[5.2595,46.1733],[5.2566,46.1763],[5.2539,46.179],[5.2561,46.1813],[5.2643,46.183],[5.2658,46.1862],[5.27,46.1902],[5.272,46.1936],[5.2745,46.1936],[5.2746,46.188],[5.2792,46.1879],[5.2793,46.1853],[5.2861,46.1819],[5.2878,46.1801],[5.2907,46.1793],[5.2911,46.1818],[5.293,46.1826],[5.2995,46.1813],[5.3038,46.1792],[5.3056,46.1767],[5.3038,46.1719],[5.3091,46.1714],[5.3107,46.1686],[5.3059,46.1677],[5.3088,46.166],[5.3111,46.1625],[5.3133,46.1616],[5.3096,46.1588],[5.3093,46.1575],[5.3058,46.1566],[5.3073,46.1534],[5.3005,46.1537],[5.2922,46.1552],[5.2904,46.1548]]]}},{"type":"Feature","properties":{"code":"01255","nom":"Montagnieu","pop":668},"geometry":{"type":"Polygon","coordinates":[[[5.4471,45.7862],[5.4431,45.791],[5.4382,45.7955],[5.4426,45.7972],[5.453,45.8006],[5.4598,45.8034],[5.458,45.808],[5.4638,45.8116],[5.4679,45.8157],[5.4681,45.8179],[5.4733,45.8177],[5.4762,45.8189],[5.4814,45.8169],[5.477,45.8118],[5.4769,45.8047],[5.4804,45.7915],[5.4769,45.7892],[5.4721,45.7852],[5.469,45.7854],[5.4621,45.7906],[5.4522,45.7894],[5.4471,45.7862]]]}},{"type":"Feature","properties":{"code":"01257","nom":"Montanges","pop":369},"geometry":{"type":"Polygon","coordinates":[[[5.8217,46.183],[5.8217,46.1813],[5.8185,46.1766],[5.816,46.174],[5.8159,46.1707],[5.8137,46.1676],[5.8111,46.1668],[5.8109,46.1645],[5.8131,46.1638],[5.8115,46.1611],[5.8094,46.1609],[5.8089,46.1565],[5.8055,46.1533],[5.8034,46.1493],[5.7989,46.1499],[5.7945,46.1514],[5.7916,46.1557],[5.7775,46.1635],[5.7696,46.1635],[5.7629,46.1649],[5.761,46.1681],[5.7589,46.168],[5.7633,46.1746],[5.7608,46.1771],[5.7631,46.1811],[5.7711,46.1875],[5.774,46.1918],[5.7893,46.1928],[5.7939,46.1915],[5.7955,46.1897],[5.7998,46.1869],[5.8052,46.185],[5.8115,46.1819],[5.8164,46.1814],[5.8194,46.1837],[5.8217,46.183]]]}},{"type":"Feature","properties":{"code":"01258","nom":"Montceaux","pop":1196},"geometry":{"type":"Polygon","coordinates":[[[4.8401,46.1102],[4.8372,46.1076],[4.8308,46.1002],[4.8308,46.0981],[4.8258,46.0955],[4.8239,46.092],[4.8181,46.0832],[4.8012,46.0854],[4.7842,46.0853],[4.7725,46.0846],[4.7686,46.0846],[4.7681,46.0886],[4.771,46.0941],[4.7735,46.0983],[4.7811,46.1012],[4.7837,46.1006],[4.786,46.1018],[4.791,46.103],[4.7964,46.1009],[4.8012,46.1036],[4.8026,46.1057],[4.8057,46.1063],[4.8075,46.1111],[4.8119,46.1096],[4.8113,46.1081],[4.8151,46.1063],[4.8256,46.1115],[4.834,46.1121],[4.8362,46.1106],[4.8401,46.1102]]]}},{"type":"Feature","properties":{"code":"01259","nom":"Montcet","pop":709},"geometry":{"type":"Polygon","coordinates":[[[5.1239,46.2077],[5.1218,46.2074],[5.1151,46.2036],[5.1095,46.2046],[5.1045,46.2046],[5.0974,46.2061],[5.1003,46.2132],[5.0977,46.2148],[5.0978,46.2235],[5.1013,46.2292],[5.101,46.2332],[5.0982,46.2351],[5.1013,46.2362],[5.1114,46.236],[5.1165,46.235],[5.1175,46.233],[5.1203,46.2328],[5.1244,46.2273],[5.1268,46.2261],[5.1271,46.2183],[5.1251,46.217],[5.1244,46.2127],[5.1223,46.2105],[5.1239,46.2077]]]}},{"type":"Feature","properties":{"code":"01260","nom":"Le Montellier","pop":336},"geometry":{"type":"Polygon","coordinates":[[[5.0996,45.9208],[5.0973,45.9184],[5.093,45.9137],[5.0856,45.9075],[5.0791,45.9028],[5.0764,45.9016],[5.0746,45.9036],[5.0749,45.9087],[5.0739,45.9106],[5.0693,45.9141],[5.0656,45.9141],[5.0634,45.9108],[5.0606,45.9084],[5.0578,45.9079],[5.0583,45.9091],[5.0558,45.9129],[5.0556,45.919],[5.0514,45.9191],[5.0475,45.9208],[5.0463,45.923],[5.0435,45.9246],[5.0404,45.9246],[5.0411,45.9286],[5.0424,45.9288],[5.0486,45.9373],[5.0486,45.9388],[5.0532,45.9445],[5.0581,45.954],[5.0625,45.9552],[5.0697,45.9529],[5.0693,45.9514],[5.0727,45.9483],[5.079,45.9455],[5.0785,45.9423],[5.0863,45.9408],[5.092,45.9408],[5.0943,45.9402],[5.0979,45.9362],[5.097,45.9238],[5.0973,45.9216],[5.0996,45.9208]]]}},{"type":"Feature","properties":{"code":"01261","nom":"Monthieux","pop":664},"geometry":{"type":"Polygon","coordinates":[[[4.9742,45.966],[4.9756,45.9641],[4.9748,45.9586],[4.9704,45.958],[4.9665,45.951],[4.9618,45.9487],[4.9582,45.951],[4.9554,45.9502],[4.9472,45.9493],[4.9417,45.9496],[4.9348,45.9469],[4.9308,45.9438],[4.9303,45.9452],[4.9232,45.9477],[4.9205,45.9481],[4.9221,45.9506],[4.9219,45.9529],[4.926,45.9562],[4.9306,45.9578],[4.9264,45.9614],[4.9243,45.9648],[4.9245,45.9682],[4.9275,45.98],[4.9332,45.9809],[4.9368,45.9802],[4.9373,45.9789],[4.943,45.9796],[4.9454,45.9765],[4.954,45.9761],[4.9555,45.9733],[4.9585,45.9734],[4.9622,45.9722],[4.9656,45.9696],[4.9742,45.966]]]}},{"type":"Feature","properties":{"code":"01262","nom":"Montluel","pop":6895},"geometry":{"type":"Polygon","coordinates":[[[4.9741,45.8907],[4.9732,45.8932],[4.9667,45.897],[4.9658,45.901],[4.9627,45.9016],[4.9637,45.9037],[4.9672,45.9061],[4.9634,45.9088],[4.9709,45.9109],[4.9738,45.9131],[4.9776,45.9142],[4.9833,45.9102],[4.9852,45.9094],[4.9905,45.9112],[4.995,45.9111],[4.9967,45.9139],[4.9946,45.9202],[4.9982,45.9238],[5.001,45.9278],[5.0054,45.9282],[5.0092,45.9346],[5.0116,45.9347],[5.0185,45.9349],[5.0228,45.9333],[5.0263,45.9311],[5.0325,45.9321],[5.0374,45.9318],[5.0411,45.9286],[5.0404,45.9246],[5.0435,45.9246],[5.0463,45.923],[5.0475,45.9208],[5.0514,45.9191],[5.0556,45.919],[5.0558,45.9129],[5.0583,45.9091],[5.0578,45.9079],[5.0535,45.9081],[5.048,45.9062],[5.0413,45.9076],[5.0385,45.9058],[5.0381,45.9043],[5.0333,45.9034],[5.03,45.9044],[5.0265,45.9038],[5.0253,45.9022],[5.0182,45.9019],[5.0184,45.899],[5.0215,45.8961],[5.0184,45.8923],[5.0188,45.891],[5.0225,45.8882],[5.0273,45.8855],[5.0338,45.8833],[5.0423,45.884],[5.0484,45.8832],[5.0502,45.8817],[5.0633,45.8805],[5.0671,45.8811],[5.0699,45.8778],[5.0743,45.8739],[5.0741,45.8727],[5.0706,45.8725],[5.0657,45.8693],[5.0632,45.8687],[5.0626,45.8665],[5.0598,45.864],[5.0597,45.8621],[5.0543,45.8593],[5.057,45.8554],[5.0623,45.8513],[5.0612,45.8438],[5.0622,45.8386],[5.0546,45.8466],[5.0481,45.8447],[5.0467,45.8494],[5.0438,45.849],[5.0441,45.8526],[5.0416,45.8546],[5.0319,45.8547],[5.0238,45.857],[5.0163,45.8566],[5.01,45.8591],[5.0036,45.8641],[4.9972,45.8672],[4.9927,45.8701],[4.9894,45.8705],[4.9873,45.8715],[4.9888,45.876],[4.989,45.8809],[4.9915,45.8856],[4.9898,45.8867],[4.9835,45.8882],[4.9797,45.8902],[4.9741,45.8907]]]}},{"type":"Feature","properties":{"code":"01263","nom":"Montmerle-sur-Saône","pop":3799},"geometry":{"type":"Polygon","coordinates":[[[4.7616,46.0677],[4.7592,46.0749],[4.7555,46.08],[4.7528,46.0821],[4.7494,46.0822],[4.7469,46.0858],[4.7473,46.0894],[4.7499,46.0939],[4.755,46.0966],[4.7602,46.1011],[4.764,46.0995],[4.7701,46.0943],[4.771,46.0941],[4.7681,46.0886],[4.7686,46.0846],[4.7707,46.0698],[4.7641,46.0676],[4.7616,46.0677]]]}},{"type":"Feature","properties":{"code":"01264","nom":"Montracol","pop":1018},"geometry":{"type":"Polygon","coordinates":[[[5.1182,46.1564],[5.1161,46.1581],[5.1132,46.1572],[5.1124,46.1591],[5.1131,46.1635],[5.1105,46.1632],[5.1097,46.1681],[5.1069,46.1684],[5.1064,46.1725],[5.0993,46.1732],[5.0952,46.1765],[5.0954,46.178],[5.0906,46.1785],[5.0906,46.1817],[5.0912,46.188],[5.0924,46.1939],[5.0898,46.1953],[5.0948,46.2021],[5.0973,46.2027],[5.0949,46.2054],[5.0974,46.2061],[5.1045,46.2046],[5.1095,46.2046],[5.1151,46.2036],[5.1218,46.2074],[5.1239,46.2077],[5.1279,46.2053],[5.1282,46.2032],[5.1317,46.2008],[5.1366,46.1992],[5.1396,46.1959],[5.1418,46.1921],[5.1439,46.1913],[5.1516,46.1902],[5.1563,46.19],[5.1535,46.1841],[5.1491,46.1822],[5.1434,46.1815],[5.1361,46.1807],[5.1324,46.1799],[5.1252,46.1721],[5.1226,46.1667],[5.1202,46.1642],[5.1214,46.1628],[5.1204,46.1594],[5.1182,46.1564]]]}},{"type":"Feature","properties":{"code":"01265","nom":"Montréal-la-Cluse","pop":3568},"geometry":{"type":"Polygon","coordinates":[[[5.5604,46.1684],[5.5643,46.1713],[5.5649,46.1745],[5.5599,46.176],[5.5613,46.1778],[5.5595,46.1793],[5.5624,46.1807],[5.5672,46.1897],[5.5705,46.1896],[5.5788,46.1956],[5.5813,46.1933],[5.5854,46.1938],[5.5881,46.1954],[5.5909,46.1952],[5.5986,46.1934],[5.6006,46.1904],[5.6058,46.188],[5.6145,46.1855],[5.6161,46.1841],[5.6229,46.1823],[5.6338,46.1836],[5.6354,46.1847],[5.6346,46.179],[5.6344,46.177],[5.6358,46.1724],[5.6251,46.1664],[5.618,46.1698],[5.609,46.1709],[5.6013,46.1703],[5.5954,46.1667],[5.5897,46.1663],[5.5816,46.1689],[5.5815,46.17],[5.5748,46.1699],[5.572,46.168],[5.5604,46.1684]]]}},{"type":"Feature","properties":{"code":"01266","nom":"Montrevel-en-Bresse","pop":2743},"geometry":{"type":"Polygon","coordinates":[[[5.1329,46.3426],[5.133,46.3397],[5.1344,46.3372],[5.1292,46.3361],[5.1272,46.3305],[5.1292,46.3261],[5.1274,46.3217],[5.1241,46.318],[5.1236,46.3109],[5.1249,46.3092],[5.1227,46.3038],[5.1205,46.3041],[5.1175,46.3063],[5.1049,46.3048],[5.1018,46.305],[5.0983,46.3073],[5.0964,46.3067],[5.0946,46.3076],[5.0958,46.3098],[5.0899,46.313],[5.0961,46.3188],[5.0953,46.3207],[5.0993,46.3242],[5.1001,46.3282],[5.1028,46.3306],[5.0995,46.3344],[5.1028,46.3385],[5.1018,46.3438],[5.1036,46.346],[5.1031,46.3477],[5.1074,46.3472],[5.117,46.3449],[5.1183,46.3432],[5.1222,46.3436],[5.1235,46.3422],[5.1329,46.3426]]]}},{"type":"Feature","properties":{"code":"01267","nom":"Nurieux-Volognat","pop":965},"geometry":{"type":"Polygon","coordinates":[[[5.5398,46.1823],[5.5412,46.1789],[5.5376,46.1719],[5.5351,46.1691],[5.5313,46.1629],[5.5305,46.1565],[5.5285,46.153],[5.5245,46.1531],[5.5192,46.1573],[5.5052,46.1608],[5.501,46.1609],[5.4896,46.1594],[5.4877,46.1603],[5.4882,46.1662],[5.4893,46.1699],[5.4869,46.1729],[5.4907,46.1816],[5.4891,46.1825],[5.4912,46.1859],[5.4941,46.1881],[5.4941,46.1919],[5.4991,46.1995],[5.5057,46.2131],[5.5154,46.2181],[5.5274,46.2151],[5.5269,46.2061],[5.5253,46.2049],[5.5254,46.2008],[5.5323,46.1997],[5.5331,46.1984],[5.5294,46.1918],[5.5325,46.1907],[5.5345,46.1939],[5.5408,46.1928],[5.5422,46.1915],[5.5416,46.1887],[5.544,46.1867],[5.5409,46.1852],[5.5398,46.1823]]]}},{"type":"Feature","properties":{"code":"01268","nom":"Murs-et-Gélignieux","pop":239},"geometry":{"type":"Polygon","coordinates":[[[5.6879,45.6437],[5.6848,45.6407],[5.6755,45.6382],[5.664,45.6382],[5.6597,45.6385],[5.6519,45.6364],[5.6492,45.6339],[5.6483,45.6274],[5.6414,45.6303],[5.6398,45.6296],[5.6361,45.6305],[5.6285,45.6341],[5.6286,45.6358],[5.6316,45.6384],[5.6365,45.6384],[5.6381,45.6395],[5.6447,45.6393],[5.6452,45.6455],[5.6474,45.6478],[5.6556,45.6506],[5.6582,45.6523],[5.6624,45.6499],[5.667,45.6501],[5.6747,45.6517],[5.6777,45.6528],[5.6848,45.6529],[5.687,45.6535],[5.6888,45.648],[5.6879,45.6437]]]}},{"type":"Feature","properties":{"code":"01269","nom":"Nantua","pop":3416},"geometry":{"type":"Polygon","coordinates":[[[5.6408,46.1574],[5.6381,46.1545],[5.6344,46.1555],[5.6303,46.1543],[5.6273,46.1509],[5.6265,46.1432],[5.6273,46.141],[5.6231,46.1296],[5.6264,46.1275],[5.6262,46.1264],[5.6213,46.1206],[5.6195,46.1204],[5.6171,46.1181],[5.6141,46.1207],[5.6152,46.1235],[5.6121,46.125],[5.6133,46.1298],[5.6083,46.1322],[5.6076,46.1364],[5.6064,46.1385],[5.6022,46.1414],[5.598,46.147],[5.5858,46.1568],[5.5831,46.1601],[5.5775,46.1617],[5.5766,46.1637],[5.5726,46.165],[5.572,46.168],[5.5748,46.1699],[5.5815,46.17],[5.5816,46.1689],[5.5897,46.1663],[5.5954,46.1667],[5.6013,46.1703],[5.609,46.1709],[5.618,46.1698],[5.6251,46.1664],[5.6358,46.1724],[5.6344,46.177],[5.6346,46.179],[5.6439,46.1779],[5.6424,46.17],[5.6408,46.1574]]]}},{"type":"Feature","properties":{"code":"01272","nom":"Neuville-les-Dames","pop":1565},"geometry":{"type":"Polygon","coordinates":[[[4.9871,46.1837],[4.9897,46.1847],[4.9923,46.1842],[5.0008,46.185],[5.0069,46.1819],[5.011,46.1814],[5.0149,46.1775],[5.0146,46.176],[5.0191,46.1726],[5.0257,46.1707],[5.0287,46.168],[5.0344,46.1693],[5.0362,46.1643],[5.0392,46.1648],[5.0444,46.1633],[5.053,46.1623],[5.0548,46.159],[5.0539,46.1575],[5.0544,46.1532],[5.0527,46.1526],[5.0537,46.1467],[5.0553,46.1446],[5.0527,46.1426],[5.0531,46.1401],[5.0467,46.1351],[5.0427,46.1368],[5.0376,46.138],[5.0349,46.1354],[5.0254,46.135],[5.0221,46.1353],[5.0203,46.138],[5.0176,46.1383],[5.0163,46.1365],[5.0126,46.1369],[5.012,46.1355],[5.0035,46.1372],[5.0011,46.1364],[4.9986,46.1379],[4.9892,46.1377],[4.988,46.1394],[4.9843,46.1386],[4.9808,46.1406],[4.9779,46.1404],[4.9756,46.1436],[4.973,46.1442],[4.9683,46.1497],[4.9654,46.1555],[4.9694,46.1568],[4.9701,46.1596],[4.9686,46.1616],[4.9681,46.1656],[4.9717,46.166],[4.9739,46.1694],[4.9772,46.1726],[4.9767,46.1749],[4.9817,46.1794],[4.985,46.1791],[4.9889,46.1798],[4.9868,46.1823],[4.9871,46.1837]]]}},{"type":"Feature","properties":{"code":"01273","nom":"Neuville-sur-Ain","pop":1794},"geometry":{"type":"Polygon","coordinates":[[[5.376,46.0591],[5.3713,46.0581],[5.3675,46.0589],[5.3686,46.0608],[5.364,46.062],[5.3615,46.0635],[5.3549,46.0648],[5.3537,46.0672],[5.3479,46.0733],[5.345,46.0748],[5.3457,46.0768],[5.3407,46.0768],[5.3405,46.0758],[5.3386,46.0774],[5.3386,46.0847],[5.3355,46.0864],[5.3387,46.0895],[5.3432,46.0893],[5.3527,46.0901],[5.3555,46.0927],[5.3597,46.0948],[5.3593,46.0957],[5.3627,46.1007],[5.3634,46.1041],[5.3626,46.1057],[5.3636,46.1099],[5.3723,46.1175],[5.3721,46.1184],[5.3747,46.1176],[5.3751,46.1139],[5.3772,46.1128],[5.3822,46.1118],[5.3829,46.1139],[5.3824,46.118],[5.3837,46.1197],[5.3878,46.1208],[5.3874,46.1232],[5.3944,46.1232],[5.4011,46.1222],[5.4063,46.1222],[5.4053,46.1183],[5.404,46.1146],[5.4044,46.1123],[5.4025,46.1101],[5.4012,46.1051],[5.3978,46.0987],[5.3991,46.0968],[5.3981,46.0939],[5.3988,46.0923],[5.4032,46.0899],[5.4003,46.0847],[5.3957,46.085],[5.3862,46.0829],[5.3826,46.0751],[5.3826,46.0684],[5.376,46.0591]]]}},{"type":"Feature","properties":{"code":"01274","nom":"Les Neyrolles","pop":628},"geometry":{"type":"Polygon","coordinates":[[[5.6362,46.1081],[5.6319,46.1089],[5.6281,46.1108],[5.6263,46.113],[5.6228,46.1151],[5.6221,46.1184],[5.6171,46.1181],[5.6195,46.1204],[5.6213,46.1206],[5.6262,46.1264],[5.6264,46.1275],[5.6231,46.1296],[5.6273,46.141],[5.6265,46.1432],[5.6273,46.1509],[5.6303,46.1543],[5.6344,46.1555],[5.6381,46.1545],[5.6408,46.1574],[5.6447,46.1623],[5.6483,46.1622],[5.655,46.1652],[5.6527,46.1513],[5.6518,46.1477],[5.6525,46.1454],[5.6504,46.1437],[5.6505,46.1419],[5.6453,46.1345],[5.6466,46.1304],[5.6466,46.1279],[5.6458,46.115],[5.6444,46.1128],[5.6421,46.1136],[5.6362,46.1081]]]}},{"type":"Feature","properties":{"code":"01275","nom":"Neyron","pop":2421},"geometry":{"type":"Polygon","coordinates":[[[4.9519,45.8089],[4.9461,45.8096],[4.9415,45.8092],[4.9299,45.8053],[4.9238,45.8041],[4.9221,45.8063],[4.9184,45.807],[4.9182,45.8116],[4.9202,45.8144],[4.9193,45.8169],[4.9224,45.8193],[4.9201,45.8213],[4.9192,45.8296],[4.9215,45.8306],[4.9209,45.8329],[4.9232,45.8354],[4.9279,45.8364],[4.9346,45.8355],[4.9349,45.8307],[4.9372,45.8255],[4.9364,45.8236],[4.939,45.8227],[4.9419,45.8197],[4.9443,45.8127],[4.9477,45.8126],[4.9507,45.815],[4.9534,45.8111],[4.9519,45.8089]]]}},{"type":"Feature","properties":{"code":"01276","nom":"Niévroz","pop":1662},"geometry":{"type":"Polygon","coordinates":[[[5.0924,45.8121],[5.0893,45.8116],[5.0861,45.8124],[5.0643,45.8095],[5.0584,45.8103],[5.0555,45.8114],[5.0493,45.8121],[5.0454,45.8118],[5.041,45.8105],[5.0381,45.8086],[5.0316,45.8156],[5.0308,45.818],[5.0319,45.8233],[5.0353,45.8257],[5.0405,45.8292],[5.0463,45.8341],[5.0474,45.8396],[5.0548,45.8377],[5.0632,45.8364],[5.0741,45.8354],[5.0777,45.8353],[5.0795,45.8317],[5.0798,45.8272],[5.0788,45.8242],[5.0828,45.8221],[5.0883,45.8181],[5.0924,45.8121]]]}},{"type":"Feature","properties":{"code":"01277","nom":"Nivollet-Montgriffon","pop":122},"geometry":{"type":"Polygon","coordinates":[[[5.4829,46.0209],[5.4833,46.0207],[5.4828,46.0153],[5.4804,46.0117],[5.4806,46.0053],[5.4797,46.0034],[5.4797,45.9981],[5.4789,45.9949],[5.4732,45.9896],[5.4705,45.9919],[5.4666,45.9922],[5.4583,45.9877],[5.4502,45.9884],[5.4456,45.9862],[5.4433,45.9862],[5.44,45.9814],[5.4377,45.9816],[5.4332,45.9799],[5.4304,45.9797],[5.4302,45.9828],[5.4349,45.9851],[5.4349,45.9879],[5.4373,45.9903],[5.4411,45.9978],[5.4404,46.0004],[5.4413,46.0022],[5.4415,46.0062],[5.4434,46.009],[5.4429,46.0106],[5.445,46.0135],[5.4447,46.0172],[5.4468,46.0162],[5.4482,46.0136],[5.4515,46.0114],[5.452,46.0098],[5.4577,46.0097],[5.4626,46.0083],[5.4648,46.0117],[5.4701,46.0121],[5.4742,46.0165],[5.4766,46.0171],[5.481,46.0167],[5.4829,46.0209]]]}},{"type":"Feature","properties":{"code":"01279","nom":"Oncieu","pop":72},"geometry":{"type":"Polygon","coordinates":[[[5.4732,45.9896],[5.4757,45.9889],[5.4757,45.9807],[5.4779,45.9791],[5.4799,45.9749],[5.479,45.9722],[5.4811,45.9704],[5.4778,45.9691],[5.4773,45.9671],[5.4843,45.965],[5.4871,45.9631],[5.4879,45.9602],[5.4853,45.9567],[5.4851,45.9521],[5.4889,45.9482],[5.4802,45.9448],[5.4779,45.9463],[5.4724,45.9477],[5.4696,45.9497],[5.466,45.9502],[5.4636,45.9543],[5.4564,45.9547],[5.4542,45.9565],[5.4561,45.9672],[5.4588,45.9713],[5.4634,45.9756],[5.4645,45.9778],[5.4658,45.9844],[5.4657,45.9894],[5.4666,45.9922],[5.4705,45.9919],[5.4732,45.9896]]]}},{"type":"Feature","properties":{"code":"01280","nom":"Ordonnaz","pop":151},"geometry":{"type":"Polygon","coordinates":[[[5.5126,45.8559],[5.5239,45.8593],[5.5224,45.8609],[5.5252,45.863],[5.5283,45.8604],[5.5389,45.8547],[5.5391,45.8528],[5.5421,45.8499],[5.5384,45.8474],[5.5447,45.8445],[5.547,45.8419],[5.5529,45.8397],[5.5526,45.8347],[5.5558,45.8326],[5.5594,45.8314],[5.5626,45.8318],[5.5664,45.8339],[5.5793,45.8213],[5.5756,45.8164],[5.5727,45.8147],[5.5679,45.8156],[5.5634,45.8126],[5.5576,45.8135],[5.5529,45.8131],[5.5514,45.8121],[5.5507,45.8083],[5.5481,45.8094],[5.5461,45.813],[5.5436,45.8156],[5.5412,45.8164],[5.5412,45.8185],[5.538,45.8198],[5.5298,45.8216],[5.5261,45.8235],[5.5246,45.8252],[5.517,45.8297],[5.515,45.8305],[5.5085,45.835],[5.5165,45.8404],[5.5088,45.8474],[5.5101,45.8487],[5.516,45.849],[5.5126,45.8559]]]}},{"type":"Feature","properties":{"code":"01281","nom":"Ornex","pop":5082},"geometry":{"type":"Polygon","coordinates":[[[6.0758,46.2831],[6.0786,46.2874],[6.082,46.2889],[6.0878,46.2941],[6.0913,46.291],[6.0954,46.2899],[6.0989,46.2867],[6.1024,46.2849],[6.1051,46.283],[6.1033,46.2787],[6.1079,46.2753],[6.1135,46.2726],[6.1099,46.2706],[6.1154,46.2659],[6.1149,46.2646],[6.111,46.2619],[6.1092,46.2633],[6.1027,46.2617],[6.0935,46.2701],[6.0932,46.2721],[6.09,46.273],[6.0898,46.2706],[6.0873,46.2699],[6.0828,46.2727],[6.076,46.2733],[6.076,46.2782],[6.0751,46.2817],[6.0758,46.2831]]]}},{"type":"Feature","properties":{"code":"01282","nom":"Outriaz","pop":263},"geometry":{"type":"Polygon","coordinates":[[[5.5605,46.0481],[5.5606,46.0521],[5.5579,46.052],[5.5574,46.0577],[5.5562,46.0603],[5.5494,46.0606],[5.5444,46.0638],[5.5417,46.0637],[5.5398,46.0654],[5.5341,46.0675],[5.532,46.0703],[5.5311,46.0727],[5.5379,46.0722],[5.5392,46.0763],[5.5431,46.0774],[5.5637,46.0771],[5.5658,46.0783],[5.5731,46.0788],[5.5742,46.0765],[5.5776,46.0761],[5.5764,46.0724],[5.5742,46.0704],[5.5656,46.0645],[5.5705,46.0573],[5.5712,46.0552],[5.5628,46.0472],[5.5605,46.0481]]]}},{"type":"Feature","properties":{"code":"01283","nom":"Oyonnax","pop":22480},"geometry":{"type":"Polygon","coordinates":[[[5.6594,46.2919],[5.659,46.2885],[5.6552,46.2818],[5.6528,46.2791],[5.6507,46.2746],[5.6777,46.2627],[5.6839,46.2623],[5.6871,46.2607],[5.6962,46.2581],[5.7015,46.2579],[5.7133,46.2566],[5.7114,46.2552],[5.708,46.248],[5.706,46.2459],[5.705,46.2389],[5.7048,46.234],[5.6991,46.2255],[5.6977,46.2203],[5.6941,46.2213],[5.6833,46.2239],[5.6657,46.2302],[5.6611,46.2312],[5.6467,46.2418],[5.6408,46.2447],[5.6387,46.2446],[5.639,46.251],[5.6356,46.2556],[5.636,46.2606],[5.6299,46.2568],[5.6275,46.2588],[5.6294,46.2608],[5.6327,46.2624],[5.6288,46.264],[5.6252,46.2642],[5.6163,46.2599],[5.6119,46.2591],[5.6042,46.2554],[5.5969,46.2551],[5.5942,46.2596],[5.5902,46.26],[5.5924,46.263],[5.596,46.2633],[5.5997,46.2661],[5.6001,46.2709],[5.6017,46.2732],[5.6018,46.2794],[5.6037,46.2826],[5.6075,46.2916],[5.6125,46.2991],[5.6207,46.2991],[5.6319,46.2951],[5.6329,46.2964],[5.6384,46.2957],[5.6387,46.2983],[5.6456,46.2995],[5.6482,46.2972],[5.6479,46.2958],[5.6543,46.2955],[5.6553,46.2936],[5.6594,46.2919]]]}},{"type":"Feature","properties":{"code":"01284","nom":"Ozan","pop":732},"geometry":{"type":"Polygon","coordinates":[[[4.9397,46.3907],[4.9367,46.3868],[4.9442,46.3797],[4.9373,46.3777],[4.933,46.3756],[4.9306,46.3726],[4.9264,46.375],[4.9214,46.3758],[4.9193,46.3787],[4.9158,46.3784],[4.9139,46.38],[4.903,46.3819],[4.9006,46.3818],[4.9002,46.3846],[4.896,46.3845],[4.8944,46.3916],[4.8961,46.3928],[4.8981,46.399],[4.9076,46.4001],[4.9153,46.399],[4.919,46.3971],[4.9234,46.3927],[4.928,46.3928],[4.9351,46.3922],[4.9397,46.3907]]]}},{"type":"Feature","properties":{"code":"01285","nom":"Parcieux","pop":1315},"geometry":{"type":"Polygon","coordinates":[[[4.8108,45.9098],[4.8103,45.9182],[4.808,45.921],[4.8112,45.9224],[4.8136,45.9216],[4.8251,45.9224],[4.8317,45.9216],[4.8344,45.9231],[4.8387,45.9236],[4.8426,45.926],[4.8465,45.9267],[4.8515,45.9295],[4.8516,45.924],[4.8481,45.9208],[4.8414,45.9184],[4.8249,45.9112],[4.8228,45.9121],[4.8184,45.9107],[4.8108,45.9098]]]}},{"type":"Feature","properties":{"code":"01286","nom":"Parves et Nattages","pop":962},"geometry":{"type":"Polygon","coordinates":[[[5.7244,45.7482],[5.7273,45.7533],[5.73,45.7565],[5.7329,45.7584],[5.7356,45.7582],[5.7362,45.7559],[5.7458,45.7578],[5.7497,45.7543],[5.7509,45.7492],[5.7557,45.7452],[5.755,45.7434],[5.7615,45.74],[5.7663,45.741],[5.7698,45.7408],[5.7715,45.737],[5.7766,45.7292],[5.7771,45.7272],[5.7747,45.7241],[5.7662,45.7212],[5.7631,45.7186],[5.7601,45.7146],[5.7583,45.7108],[5.7556,45.7081],[5.7475,45.7051],[5.7434,45.7063],[5.7391,45.7099],[5.7313,45.71],[5.7321,45.713],[5.7278,45.7129],[5.7232,45.7165],[5.7219,45.7209],[5.7252,45.7227],[5.7245,45.7252],[5.7251,45.7295],[5.7244,45.7331],[5.7249,45.7386],[5.7257,45.7398],[5.7241,45.7454],[5.7244,45.7482]]]}},{"type":"Feature","properties":{"code":"01288","nom":"Péron","pop":2916},"geometry":{"type":"Polygon","coordinates":[[[5.9521,46.1634],[5.9505,46.1632],[5.949,46.165],[5.943,46.1659],[5.9409,46.1645],[5.9362,46.1681],[5.9321,46.1679],[5.9297,46.1694],[5.9245,46.1677],[5.9201,46.1685],[5.9217,46.1707],[5.9182,46.172],[5.915,46.1714],[5.9144,46.1734],[5.9079,46.1754],[5.8941,46.1803],[5.8879,46.182],[5.8739,46.1847],[5.8702,46.1829],[5.8665,46.1821],[5.8637,46.185],[5.869,46.1897],[5.8729,46.1901],[5.8769,46.1916],[5.88,46.1942],[5.8849,46.1996],[5.8905,46.2067],[5.8934,46.2115],[5.8955,46.2126],[5.9008,46.2201],[5.9043,46.2234],[5.9073,46.2218],[5.9231,46.2148],[5.929,46.2141],[5.9336,46.2125],[5.9363,46.2104],[5.938,46.2069],[5.9405,46.2043],[5.9368,46.1988],[5.9402,46.198],[5.9439,46.2001],[5.9473,46.2],[5.9491,46.2018],[5.9554,46.1993],[5.9645,46.198],[5.964,46.1969],[5.9625,46.1932],[5.959,46.189],[5.9578,46.1861],[5.9587,46.1835],[5.9565,46.1814],[5.9537,46.1761],[5.9547,46.1729],[5.9575,46.1706],[5.9566,46.1667],[5.9521,46.1634]]]}},{"type":"Feature","properties":{"code":"01289","nom":"Péronnas","pop":6444},"geometry":{"type":"Polygon","coordinates":[[[5.249,46.1547],[5.247,46.1521],[5.2453,46.1479],[5.2385,46.1468],[5.2345,46.1455],[5.232,46.1481],[5.2296,46.1487],[5.2297,46.1515],[5.2268,46.1537],[5.2233,46.1543],[5.22,46.1558],[5.2191,46.1583],[5.2138,46.1587],[5.2098,46.1605],[5.2022,46.1613],[5.2003,46.1599],[5.1972,46.1631],[5.1916,46.1644],[5.1891,46.1612],[5.1847,46.161],[5.185,46.1661],[5.1823,46.1689],[5.1774,46.1691],[5.1755,46.1735],[5.1764,46.1744],[5.1848,46.1757],[5.1828,46.1787],[5.1828,46.1816],[5.1848,46.1826],[5.1835,46.1864],[5.1867,46.1876],[5.1873,46.1908],[5.1916,46.1888],[5.1965,46.1876],[5.2001,46.1881],[5.1999,46.1908],[5.207,46.1914],[5.2195,46.1922],[5.2244,46.1933],[5.2232,46.189],[5.2274,46.1849],[5.2319,46.1856],[5.234,46.1847],[5.2347,46.1826],[5.2343,46.1767],[5.2372,46.1753],[5.2566,46.1763],[5.2595,46.1733],[5.2629,46.167],[5.2539,46.1671],[5.2524,46.1657],[5.2468,46.1655],[5.2427,46.1631],[5.243,46.1593],[5.2476,46.157],[5.249,46.1547]]]}},{"type":"Feature","properties":{"code":"01290","nom":"Pérouges","pop":1387},"geometry":{"type":"Polygon","coordinates":[[[5.1543,45.9029],[5.1546,45.9078],[5.1537,45.9101],[5.1545,45.9121],[5.1574,45.9114],[5.1615,45.9135],[5.1689,45.9133],[5.181,45.9137],[5.1804,45.9091],[5.183,45.9073],[5.185,45.9021],[5.19,45.8989],[5.1899,45.8955],[5.1916,45.895],[5.1984,45.8901],[5.1991,45.8862],[5.2021,45.8831],[5.2057,45.8808],[5.2103,45.8792],[5.2111,45.8774],[5.2103,45.8722],[5.2084,45.8678],[5.2057,45.864],[5.199,45.8592],[5.1998,45.8581],[5.1917,45.857],[5.1895,45.8559],[5.1799,45.8494],[5.1749,45.8467],[5.1724,45.844],[5.1708,45.8442],[5.1704,45.8462],[5.1723,45.85],[5.173,45.8543],[5.1731,45.8624],[5.1633,45.8672],[5.1538,45.8635],[5.1481,45.8635],[5.1474,45.8655],[5.1524,45.869],[5.1612,45.8772],[5.1606,45.8842],[5.1622,45.8897],[5.1655,45.8917],[5.1668,45.894],[5.1627,45.8971],[5.157,45.8987],[5.1543,45.9029]]]}},{"type":"Feature","properties":{"code":"01291","nom":"Perrex","pop":869},"geometry":{"type":"Polygon","coordinates":[[[4.9408,46.2491],[4.9423,46.2496],[4.9352,46.2533],[4.9395,46.2555],[4.946,46.2563],[4.9498,46.2566],[4.9524,46.2554],[4.9613,46.2569],[4.9632,46.2534],[4.9714,46.2545],[4.9753,46.2596],[4.9801,46.2583],[4.9824,46.2598],[4.9846,46.2581],[4.9871,46.2592],[4.9901,46.2569],[4.9932,46.2579],[4.996,46.2574],[4.9993,46.2585],[5.0015,46.2575],[5.0002,46.2552],[5.0035,46.2546],[5.0073,46.2523],[5.0051,46.248],[5.0084,46.2426],[5.0083,46.2411],[5.0047,46.2407],[4.9979,46.2388],[4.9939,46.2366],[4.9902,46.2369],[4.9831,46.2356],[4.9792,46.2356],[4.9759,46.2345],[4.9709,46.234],[4.9599,46.2338],[4.9577,46.2326],[4.9532,46.2357],[4.9519,46.238],[4.943,46.2448],[4.9408,46.2491]]]}},{"type":"Feature","properties":{"code":"01293","nom":"Peyriat","pop":153},"geometry":{"type":"Polygon","coordinates":[[[5.5285,46.153],[5.5253,46.1464],[5.5228,46.1423],[5.5188,46.1385],[5.5182,46.1364],[5.51,46.1403],[5.5017,46.1416],[5.4977,46.1408],[5.4935,46.1421],[5.4835,46.1463],[5.4873,46.1539],[5.4867,46.1556],[5.4877,46.1603],[5.4896,46.1594],[5.501,46.1609],[5.5052,46.1608],[5.5192,46.1573],[5.5245,46.1531],[5.5285,46.153]]]}},{"type":"Feature","properties":{"code":"01294","nom":"Peyrieu","pop":940},"geometry":{"type":"Polygon","coordinates":[[[5.7036,45.6981],[5.7059,45.6957],[5.7095,45.6883],[5.708,45.684],[5.704,45.6783],[5.6849,45.6657],[5.6844,45.6615],[5.687,45.6535],[5.6848,45.6529],[5.6777,45.6528],[5.6747,45.6517],[5.667,45.6501],[5.6624,45.6499],[5.6582,45.6523],[5.6575,45.6617],[5.6584,45.6649],[5.6564,45.6731],[5.6615,45.6775],[5.6641,45.685],[5.6671,45.6861],[5.6648,45.6905],[5.6611,45.6938],[5.6654,45.6961],[5.6668,45.6938],[5.6694,45.697],[5.6723,45.6963],[5.6763,45.6966],[5.6806,45.6971],[5.6835,45.6953],[5.6867,45.6956],[5.6954,45.6979],[5.6995,45.6969],[5.7036,45.6981]]]}},{"type":"Feature","properties":{"code":"01295","nom":"Peyzieux-sur-Saône","pop":654},"geometry":{"type":"Polygon","coordinates":[[[4.7961,46.1391],[4.8099,46.1332],[4.8125,46.1335],[4.8182,46.1317],[4.8237,46.1325],[4.8318,46.1312],[4.832,46.1322],[4.8403,46.1322],[4.8422,46.1317],[4.8411,46.1293],[4.8447,46.1284],[4.8484,46.1256],[4.8465,46.1217],[4.8484,46.1212],[4.848,46.1171],[4.849,46.1134],[4.8507,46.1106],[4.8451,46.1094],[4.8401,46.1102],[4.8362,46.1106],[4.834,46.1121],[4.8256,46.1115],[4.8151,46.1063],[4.8113,46.1081],[4.8119,46.1096],[4.8075,46.1111],[4.8058,46.1123],[4.8087,46.118],[4.8087,46.1195],[4.8119,46.1201],[4.8131,46.1225],[4.8062,46.1252],[4.8041,46.1252],[4.8014,46.1275],[4.7942,46.13],[4.7918,46.1291],[4.7876,46.1309],[4.7961,46.1391]]]}},{"type":"Feature","properties":{"code":"01296","nom":"Pirajoux","pop":397},"geometry":{"type":"Polygon","coordinates":[[[5.2772,46.3699],[5.28,46.3717],[5.2802,46.3754],[5.2752,46.3776],[5.2746,46.379],[5.2665,46.381],[5.2636,46.3777],[5.2653,46.3761],[5.2596,46.375],[5.2583,46.3769],[5.2593,46.3809],[5.257,46.3818],[5.2566,46.3847],[5.2539,46.3858],[5.2515,46.3902],[5.2449,46.3968],[5.2421,46.3986],[5.2415,46.4015],[5.2348,46.4011],[5.2326,46.4041],[5.2313,46.4074],[5.2409,46.4069],[5.2438,46.4114],[5.246,46.4137],[5.254,46.4081],[5.2559,46.4047],[5.2601,46.4049],[5.2627,46.404],[5.2635,46.4018],[5.2659,46.402],[5.2669,46.3996],[5.2693,46.3978],[5.272,46.3984],[5.2813,46.3939],[5.2844,46.3956],[5.2917,46.3943],[5.2934,46.3938],[5.2929,46.3916],[5.2948,46.3894],[5.2925,46.3852],[5.2967,46.384],[5.2986,46.3808],[5.3035,46.3789],[5.3051,46.3741],[5.3088,46.3714],[5.3092,46.3692],[5.305,46.3655],[5.3045,46.3611],[5.301,46.3625],[5.2975,46.3612],[5.2961,46.3595],[5.2874,46.3583],[5.2841,46.3642],[5.2772,46.3699]]]}},{"type":"Feature","properties":{"code":"01297","nom":"Pizay","pop":937},"geometry":{"type":"Polygon","coordinates":[[[5.1103,45.8899],[5.1062,45.8888],[5.1014,45.8887],[5.0976,45.8865],[5.0957,45.8867],[5.0954,45.8825],[5.0924,45.8807],[5.0907,45.8768],[5.0907,45.8717],[5.0883,45.8703],[5.0842,45.8653],[5.0797,45.863],[5.0787,45.8649],[5.0805,45.8672],[5.0731,45.8684],[5.0741,45.8727],[5.0743,45.8739],[5.0699,45.8778],[5.0671,45.8811],[5.0678,45.8851],[5.067,45.8904],[5.0695,45.8931],[5.0715,45.8973],[5.0746,45.8962],[5.0768,45.8968],[5.0764,45.9016],[5.0791,45.9028],[5.0856,45.9075],[5.093,45.9137],[5.0973,45.9184],[5.1016,45.9168],[5.1019,45.9138],[5.1037,45.9122],[5.1064,45.9124],[5.109,45.9112],[5.1079,45.9091],[5.1125,45.9079],[5.1083,45.9043],[5.1095,45.9007],[5.113,45.9001],[5.1118,45.8964],[5.1133,45.8945],[5.1131,45.8916],[5.1103,45.8899]]]}},{"type":"Feature","properties":{"code":"01298","nom":"Plagne","pop":159},"geometry":{"type":"Polygon","coordinates":[[[5.7124,46.1742],[5.7065,46.1743],[5.7034,46.177],[5.7005,46.1779],[5.7017,46.1809],[5.7021,46.1852],[5.7054,46.1925],[5.7095,46.2027],[5.7105,46.2042],[5.7198,46.1998],[5.7284,46.1992],[5.735,46.1975],[5.735,46.1957],[5.7318,46.1945],[5.7347,46.1892],[5.7338,46.1879],[5.7281,46.1883],[5.7268,46.186],[5.73,46.1841],[5.733,46.1839],[5.7349,46.1806],[5.7313,46.1781],[5.731,46.1767],[5.7277,46.1753],[5.7229,46.1761],[5.7174,46.18],[5.7186,46.1746],[5.7158,46.1737],[5.7124,46.1742]]]}},{"type":"Feature","properties":{"code":"01299","nom":"Le Plantay","pop":559},"geometry":{"type":"Polygon","coordinates":[[[5.1246,46.0249],[5.124,46.022],[5.1265,46.0178],[5.1236,46.0156],[5.1247,46.0112],[5.12,46.0111],[5.112,46.0089],[5.1044,46.0084],[5.1037,46.0031],[5.0979,46.001],[5.0942,46.0009],[5.0946,45.9962],[5.0819,45.9976],[5.0813,45.9958],[5.0783,45.9962],[5.0763,45.995],[5.0754,45.9985],[5.0697,46.0036],[5.0644,46.0101],[5.0605,46.0139],[5.0517,46.0246],[5.0519,46.0303],[5.0571,46.0319],[5.0609,46.0288],[5.0642,46.0339],[5.068,46.0345],[5.0715,46.0381],[5.0734,46.0379],[5.0781,46.0395],[5.0804,46.0435],[5.0798,46.0449],[5.082,46.0484],[5.0882,46.051],[5.0924,46.0486],[5.0962,46.0493],[5.1018,46.0513],[5.1071,46.0522],[5.11,46.0495],[5.1113,46.0466],[5.1082,46.0451],[5.11,46.04],[5.1067,46.0391],[5.1068,46.0361],[5.1085,46.0318],[5.1081,46.0305],[5.1111,46.0282],[5.116,46.0261],[5.1203,46.026],[5.1208,46.0247],[5.1246,46.0249]]]}},{"type":"Feature","properties":{"code":"01301","nom":"Polliat","pop":2741},"geometry":{"type":"Polygon","coordinates":[[[5.1356,46.2715],[5.1404,46.2721],[5.1407,46.2739],[5.1453,46.2737],[5.148,46.2756],[5.1508,46.2755],[5.152,46.2721],[5.1555,46.2728],[5.1582,46.2721],[5.1586,46.2702],[5.1565,46.2692],[5.1586,46.2656],[5.1601,46.2648],[5.1569,46.2611],[5.1577,46.2583],[5.1626,46.2562],[5.1634,46.2537],[5.1682,46.2514],[5.1697,46.2488],[5.1705,46.244],[5.175,46.2439],[5.1748,46.2423],[5.1785,46.2402],[5.1777,46.2365],[5.1796,46.2363],[5.1784,46.2314],[5.1754,46.2317],[5.1694,46.2291],[5.1604,46.2271],[5.1559,46.2282],[5.1528,46.2273],[5.1469,46.2311],[5.1445,46.2309],[5.142,46.2333],[5.1379,46.2319],[5.1361,46.2274],[5.1367,46.2253],[5.1324,46.2251],[5.1268,46.2261],[5.1244,46.2273],[5.1203,46.2328],[5.1175,46.233],[5.1165,46.235],[5.1114,46.236],[5.1013,46.2362],[5.0982,46.2351],[5.0954,46.2358],[5.096,46.2377],[5.0942,46.2393],[5.094,46.2417],[5.0917,46.2438],[5.094,46.2454],[5.0928,46.2497],[5.0914,46.2509],[5.0936,46.2526],[5.0982,46.2522],[5.1087,46.2511],[5.1141,46.2567],[5.1142,46.258],[5.1177,46.2594],[5.1185,46.2623],[5.1252,46.2609],[5.1321,46.2578],[5.1374,46.2576],[5.1393,46.2624],[5.1389,46.2658],[5.1362,46.2692],[5.1356,46.2715]]]}},{"type":"Feature","properties":{"code":"01302","nom":"Pollieu","pop":167},"geometry":{"type":"Polygon","coordinates":[[[5.7318,45.8],[5.7367,45.8024],[5.7439,45.8046],[5.7559,45.8095],[5.7586,45.8046],[5.759,45.802],[5.7583,45.7971],[5.7605,45.7958],[5.7587,45.7898],[5.7513,45.7858],[5.747,45.7852],[5.7478,45.7814],[5.7458,45.7811],[5.7454,45.7856],[5.7427,45.7875],[5.7408,45.7923],[5.734,45.7957],[5.7318,45.8]]]}},{"type":"Feature","properties":{"code":"01303","nom":"Poncin","pop":1803},"geometry":{"type":"Polygon","coordinates":[[[5.4053,46.1183],[5.4089,46.1184],[5.4127,46.124],[5.4165,46.1239],[5.4217,46.1226],[5.4218,46.1197],[5.4281,46.119],[5.4349,46.12],[5.4357,46.1187],[5.4366,46.1137],[5.4398,46.1084],[5.4345,46.1021],[5.4326,46.1023],[5.4324,46.0931],[5.435,46.0906],[5.4404,46.089],[5.4412,46.0849],[5.4426,46.0846],[5.4401,46.0799],[5.4433,46.078],[5.4429,46.0745],[5.4357,46.0739],[5.4312,46.0705],[5.4314,46.0673],[5.4284,46.0645],[5.4275,46.0613],[5.4197,46.06],[5.3992,46.0591],[5.4003,46.0615],[5.3999,46.0657],[5.3953,46.0682],[5.3967,46.0697],[5.3962,46.0736],[5.3914,46.0737],[5.3826,46.0751],[5.3862,46.0829],[5.3957,46.085],[5.4003,46.0847],[5.4032,46.0899],[5.3988,46.0923],[5.3981,46.0939],[5.3991,46.0968],[5.3978,46.0987],[5.4012,46.1051],[5.4025,46.1101],[5.4044,46.1123],[5.404,46.1146],[5.4053,46.1183]]]}},{"type":"Feature","properties":{"code":"01304","nom":"Pont-d'Ain","pop":2843},"geometry":{"type":"Polygon","coordinates":[[[5.3246,46.0418],[5.3193,46.0439],[5.3216,46.0451],[5.3221,46.0474],[5.3265,46.0502],[5.3278,46.0548],[5.3276,46.0569],[5.3247,46.059],[5.3263,46.0612],[5.3259,46.0636],[5.3331,46.0652],[5.3304,46.067],[5.3294,46.0689],[5.3344,46.0711],[5.3351,46.0724],[5.339,46.0728],[5.3405,46.0758],[5.3407,46.0768],[5.3457,46.0768],[5.345,46.0748],[5.3479,46.0733],[5.3537,46.0672],[5.3549,46.0648],[5.3615,46.0635],[5.364,46.062],[5.3686,46.0608],[5.3675,46.0589],[5.3713,46.0581],[5.376,46.0591],[5.379,46.0509],[5.3749,46.0481],[5.369,46.0458],[5.3668,46.0444],[5.3637,46.0445],[5.3617,46.0457],[5.3575,46.0439],[5.3538,46.0463],[5.3505,46.0455],[5.3513,46.0423],[5.3538,46.0408],[5.3523,46.0394],[5.3542,46.0348],[5.3509,46.0343],[5.3419,46.0375],[5.342,46.0395],[5.3366,46.0397],[5.3349,46.0378],[5.3246,46.0418]]]}},{"type":"Feature","properties":{"code":"01305","nom":"Pont-de-Vaux","pop":2204},"geometry":{"type":"Polygon","coordinates":[[[4.9143,46.4625],[4.9201,46.4616],[4.9218,46.4593],[4.9209,46.4566],[4.9282,46.4553],[4.9327,46.4526],[4.9305,46.4491],[4.9318,46.4485],[4.9392,46.448],[4.9385,46.4456],[4.9426,46.4439],[4.9421,46.4416],[4.9467,46.4402],[4.9485,46.4409],[4.952,46.4393],[4.9509,46.4364],[4.9516,46.4335],[4.9554,46.4332],[4.9562,46.428],[4.9593,46.4278],[4.9605,46.4251],[4.9575,46.4216],[4.9526,46.4205],[4.9491,46.4211],[4.9434,46.4251],[4.9409,46.4249],[4.9404,46.4274],[4.9379,46.4286],[4.9363,46.4326],[4.9318,46.4356],[4.9288,46.4397],[4.927,46.4408],[4.9219,46.4421],[4.9202,46.4434],[4.9133,46.4413],[4.9139,46.443],[4.9085,46.4439],[4.9049,46.4424],[4.9044,46.4453],[4.8983,46.4447],[4.8965,46.4433],[4.8925,46.4426],[4.8942,46.4455],[4.8986,46.45],[4.9079,46.4559],[4.9122,46.4592],[4.9143,46.4625]]]}},{"type":"Feature","properties":{"code":"01306","nom":"Pont-de-Veyle","pop":1594},"geometry":{"type":"Polygon","coordinates":[[[4.8693,46.2599],[4.8668,46.2637],[4.8738,46.2656],[4.8744,46.2675],[4.8784,46.2718],[4.8798,46.2688],[4.8826,46.2676],[4.8899,46.2671],[4.8921,46.2663],[4.8952,46.2625],[4.8941,46.2605],[4.8968,46.2581],[4.8843,46.2586],[4.8776,46.2586],[4.8741,46.2596],[4.8693,46.2599]]]}},{"type":"Feature","properties":{"code":"01307","nom":"Port","pop":832},"geometry":{"type":"Polygon","coordinates":[[[5.6064,46.1385],[5.5866,46.1467],[5.5755,46.1496],[5.5614,46.1554],[5.5573,46.1565],[5.5581,46.1583],[5.5558,46.1596],[5.5567,46.1636],[5.5604,46.1684],[5.572,46.168],[5.5726,46.165],[5.5766,46.1637],[5.5775,46.1617],[5.5831,46.1601],[5.5858,46.1568],[5.598,46.147],[5.6022,46.1414],[5.6064,46.1385]]]}},{"type":"Feature","properties":{"code":"01308","nom":"Pougny","pop":871},"geometry":{"type":"Polygon","coordinates":[[[5.9505,46.1632],[5.9521,46.1634],[5.9535,46.1618],[5.9615,46.1591],[5.9628,46.1581],[5.9711,46.1568],[5.9731,46.156],[5.9692,46.1522],[5.9641,46.1442],[5.9662,46.1378],[5.9637,46.1359],[5.9589,46.1342],[5.9559,46.1324],[5.9475,46.1283],[5.9369,46.1286],[5.9367,46.1329],[5.9375,46.1361],[5.932,46.1391],[5.9307,46.1413],[5.9277,46.1427],[5.9254,46.1475],[5.9279,46.1481],[5.9346,46.1478],[5.9333,46.1496],[5.9368,46.1499],[5.9377,46.1481],[5.9406,46.1477],[5.9433,46.1495],[5.9402,46.1513],[5.9409,46.1532],[5.9442,46.1566],[5.9472,46.1581],[5.9505,46.1632]]]}},{"type":"Feature","properties":{"code":"01309","nom":"Pouillat","pop":77},"geometry":{"type":"Polygon","coordinates":[[[5.4237,46.3477],[5.4279,46.3421],[5.4253,46.3417],[5.4283,46.3357],[5.4313,46.3329],[5.4345,46.3237],[5.4354,46.3195],[5.4371,46.3151],[5.4373,46.3122],[5.4391,46.3069],[5.4294,46.3063],[5.4228,46.3067],[5.4185,46.3064],[5.4165,46.3052],[5.4095,46.3054],[5.4102,46.3091],[5.4108,46.3117],[5.4135,46.3167],[5.4137,46.3254],[5.4156,46.3318],[5.4153,46.3353],[5.4166,46.336],[5.4173,46.3453],[5.4237,46.3477]]]}},{"type":"Feature","properties":{"code":"01310","nom":"Prémeyzel","pop":244},"geometry":{"type":"Polygon","coordinates":[[[5.6227,45.6661],[5.6196,45.6675],[5.6176,45.6743],[5.6228,45.6765],[5.6255,45.6794],[5.6317,45.68],[5.6341,45.683],[5.6375,45.6838],[5.637,45.6857],[5.6396,45.6873],[5.6373,45.69],[5.6405,45.6925],[5.644,45.6916],[5.6443,45.6961],[5.6528,45.6966],[5.6529,45.6998],[5.6575,45.6988],[5.6608,45.6953],[5.6611,45.6938],[5.6648,45.6905],[5.6671,45.6861],[5.6641,45.685],[5.6615,45.6775],[5.6564,45.6731],[5.6502,45.6696],[5.6444,45.6684],[5.6422,45.6672],[5.6388,45.6684],[5.6347,45.6675],[5.632,45.6655],[5.6256,45.6671],[5.6227,45.6661]]]}},{"type":"Feature","properties":{"code":"01311","nom":"Prémillieu","pop":49},"geometry":{"type":"Polygon","coordinates":[[[5.5466,45.8841],[5.5545,45.8882],[5.5586,45.8914],[5.5615,45.8958],[5.5651,45.8959],[5.5657,45.8944],[5.5705,45.8908],[5.5727,45.8862],[5.5752,45.8835],[5.5769,45.8832],[5.583,45.8775],[5.5872,45.8743],[5.589,45.8711],[5.5891,45.8686],[5.5945,45.863],[5.5895,45.8611],[5.5867,45.8657],[5.5812,45.863],[5.5791,45.8647],[5.5742,45.8657],[5.5724,45.8636],[5.5674,45.8649],[5.5658,45.8644],[5.5614,45.8657],[5.5587,45.8652],[5.5551,45.8695],[5.5476,45.8686],[5.5418,45.8722],[5.5391,45.8719],[5.5369,45.8761],[5.5409,45.883],[5.5466,45.8841]]]}},{"type":"Feature","properties":{"code":"01313","nom":"Prévessin-Moëns","pop":9153},"geometry":{"type":"Polygon","coordinates":[[[6.0605,46.2701],[6.0639,46.2743],[6.0656,46.2789],[6.0639,46.2807],[6.0664,46.2844],[6.0677,46.2873],[6.0699,46.2857],[6.0758,46.2831],[6.0751,46.2817],[6.076,46.2782],[6.076,46.2733],[6.0828,46.2727],[6.0873,46.2699],[6.0898,46.2706],[6.09,46.273],[6.0932,46.2721],[6.0935,46.2701],[6.1027,46.2617],[6.0966,46.2573],[6.0977,46.2554],[6.0965,46.2539],[6.0959,46.2496],[6.0928,46.2477],[6.0914,46.2494],[6.0881,46.2471],[6.0844,46.247],[6.0795,46.2454],[6.0738,46.2423],[6.0696,46.2412],[6.0673,46.2418],[6.0633,46.2458],[6.0604,46.245],[6.0521,46.2382],[6.0495,46.2343],[6.0461,46.2314],[6.0417,46.2335],[6.048,46.2411],[6.0446,46.2443],[6.0417,46.2484],[6.0461,46.2503],[6.052,46.2537],[6.0554,46.2546],[6.0558,46.2579],[6.0615,46.2624],[6.0566,46.2626],[6.0556,46.2637],[6.0605,46.2701]]]}},{"type":"Feature","properties":{"code":"01314","nom":"Priay","pop":1842},"geometry":{"type":"Polygon","coordinates":[[[5.3114,46.0255],[5.3098,46.0171],[5.3107,46.0137],[5.3105,46.0106],[5.3044,46.0056],[5.3064,46.0015],[5.3045,45.9998],[5.2993,45.9971],[5.297,45.9963],[5.2923,45.9967],[5.2868,45.9868],[5.2822,45.9923],[5.2771,45.9952],[5.2753,45.9978],[5.2762,46.0002],[5.2744,46.0038],[5.2759,46.0057],[5.2755,46.0081],[5.2736,46.0089],[5.2738,46.0137],[5.2748,46.0156],[5.2738,46.0175],[5.2638,46.0173],[5.2582,46.0204],[5.2542,46.0217],[5.2587,46.0277],[5.2611,46.0333],[5.2641,46.0346],[5.2614,46.0373],[5.2689,46.048],[5.2736,46.0495],[5.2748,46.0509],[5.2784,46.0512],[5.2803,46.0497],[5.2827,46.05],[5.2824,46.0471],[5.2854,46.0395],[5.2902,46.0355],[5.2897,46.033],[5.2918,46.031],[5.2937,46.0321],[5.2973,46.0297],[5.3023,46.0295],[5.305,46.0272],[5.3114,46.0255]]]}},{"type":"Feature","properties":{"code":"01317","nom":"Ramasse","pop":336},"geometry":{"type":"Polygon","coordinates":[[[5.3448,46.1713],[5.3444,46.1727],[5.3409,46.1745],[5.3392,46.1786],[5.3385,46.1834],[5.3362,46.1892],[5.338,46.192],[5.3385,46.1948],[5.3423,46.2001],[5.3424,46.2033],[5.3439,46.2091],[5.3492,46.2086],[5.3554,46.2074],[5.3605,46.2075],[5.3641,46.2058],[5.3709,46.2056],[5.378,46.2039],[5.3758,46.2005],[5.3733,46.1933],[5.3719,46.1909],[5.3688,46.183],[5.3693,46.1821],[5.3673,46.1768],[5.3661,46.1764],[5.3652,46.1725],[5.3631,46.1693],[5.3533,46.1711],[5.3478,46.1751],[5.3448,46.1713]]]}},{"type":"Feature","properties":{"code":"01318","nom":"Rancé","pop":775},"geometry":{"type":"Polygon","coordinates":[[[4.8808,45.9858],[4.8908,45.9838],[4.8925,45.9817],[4.8958,45.9799],[4.8881,45.9764],[4.8813,45.9719],[4.88,45.9624],[4.8783,45.9591],[4.8702,45.9549],[4.8611,45.9491],[4.8563,45.9501],[4.8537,45.9525],[4.8488,45.9502],[4.8447,45.9525],[4.8441,45.9604],[4.8373,45.9733],[4.8543,45.9775],[4.8573,45.979],[4.8625,45.9796],[4.8686,45.9796],[4.8726,45.9802],[4.8784,45.9829],[4.8808,45.9858]]]}},{"type":"Feature","properties":{"code":"01319","nom":"Relevant","pop":465},"geometry":{"type":"Polygon","coordinates":[[[4.9419,46.0486],[4.939,46.0508],[4.9386,46.053],[4.9352,46.054],[4.9358,46.0609],[4.934,46.0619],[4.935,46.0648],[4.9295,46.066],[4.9301,46.069],[4.9328,46.0715],[4.9322,46.0736],[4.9252,46.0746],[4.9257,46.079],[4.9282,46.0825],[4.9269,46.0847],[4.9284,46.0863],[4.9329,46.0879],[4.9349,46.092],[4.9311,46.0928],[4.9317,46.096],[4.9339,46.0974],[4.9273,46.0998],[4.9192,46.0998],[4.9139,46.1065],[4.9171,46.1076],[4.9175,46.109],[4.9254,46.1089],[4.9284,46.113],[4.9314,46.1125],[4.9313,46.1093],[4.9384,46.1077],[4.9411,46.1039],[4.9513,46.1045],[4.9518,46.1015],[4.9533,46.0993],[4.9594,46.0984],[4.9633,46.0987],[4.9651,46.0932],[4.9642,46.0914],[4.9659,46.087],[4.9607,46.0865],[4.9602,46.0847],[4.9563,46.0845],[4.9557,46.0821],[4.9502,46.077],[4.9497,46.0717],[4.9503,46.0682],[4.9522,46.0661],[4.9501,46.0623],[4.9548,46.0596],[4.9569,46.0544],[4.9437,46.0536],[4.9419,46.0486]]]}},{"type":"Feature","properties":{"code":"01320","nom":"Replonges","pop":3956},"geometry":{"type":"Polygon","coordinates":[[[4.8517,46.3263],[4.8588,46.3244],[4.8598,46.3258],[4.8642,46.3238],[4.8695,46.3224],[4.8739,46.3256],[4.8813,46.3236],[4.887,46.3228],[4.8884,46.3204],[4.8952,46.3191],[4.9055,46.3183],[4.91,46.3165],[4.9131,46.3124],[4.9162,46.31],[4.9161,46.3076],[4.9133,46.3065],[4.9096,46.3031],[4.9041,46.3023],[4.9005,46.301],[4.9004,46.2968],[4.8965,46.2975],[4.8952,46.2954],[4.8917,46.2951],[4.8876,46.2877],[4.8798,46.2889],[4.8751,46.2883],[4.8713,46.2909],[4.8657,46.2918],[4.8629,46.2915],[4.8529,46.293],[4.8474,46.2944],[4.8459,46.2962],[4.8406,46.2998],[4.8411,46.3023],[4.8437,46.3057],[4.8459,46.3109],[4.8411,46.312],[4.8447,46.3172],[4.8517,46.3263]]]}},{"type":"Feature","properties":{"code":"01321","nom":"Revonnas","pop":915},"geometry":{"type":"Polygon","coordinates":[[[5.3448,46.1713],[5.3478,46.1751],[5.3533,46.1711],[5.3631,46.1693],[5.3642,46.1687],[5.3627,46.1654],[5.3643,46.1634],[5.3614,46.1586],[5.3578,46.1552],[5.3522,46.1536],[5.3458,46.1511],[5.3401,46.1528],[5.3339,46.1532],[5.3181,46.1523],[5.3076,46.1528],[5.3073,46.1534],[5.3058,46.1566],[5.3093,46.1575],[5.3096,46.1588],[5.3133,46.1616],[5.3111,46.1625],[5.3088,46.166],[5.3059,46.1677],[5.3107,46.1686],[5.3153,46.1713],[5.3187,46.1695],[5.3243,46.1705],[5.3285,46.1693],[5.3318,46.1695],[5.3329,46.1673],[5.3373,46.1662],[5.3404,46.1671],[5.3448,46.1713]]]}},{"type":"Feature","properties":{"code":"01322","nom":"Reyrieux","pop":5358},"geometry":{"type":"Polygon","coordinates":[[[4.7905,45.9452],[4.7999,45.9467],[4.809,45.9479],[4.8154,45.9487],[4.8234,45.9498],[4.8236,45.9515],[4.8271,45.9515],[4.8289,45.9504],[4.837,45.9513],[4.8372,45.9503],[4.8447,45.9525],[4.8488,45.9502],[4.8537,45.9525],[4.8563,45.9501],[4.8611,45.9491],[4.8717,45.9433],[4.874,45.9399],[4.8741,45.9369],[4.8679,45.9375],[4.8626,45.9333],[4.8624,45.9319],[4.8543,45.9338],[4.8515,45.9295],[4.8465,45.9267],[4.8426,45.926],[4.8387,45.9236],[4.8344,45.9231],[4.8317,45.9216],[4.8251,45.9224],[4.8136,45.9216],[4.8112,45.9224],[4.808,45.921],[4.8012,45.9225],[4.794,45.9219],[4.7887,45.9243],[4.7958,45.9344],[4.7972,45.9401],[4.7905,45.9452]]]}},{"type":"Feature","properties":{"code":"01323","nom":"Reyssouze","pop":996},"geometry":{"type":"Polygon","coordinates":[[[4.8911,46.4384],[4.8925,46.4426],[4.8965,46.4433],[4.8983,46.4447],[4.9044,46.4453],[4.9049,46.4424],[4.9085,46.4439],[4.9139,46.443],[4.9133,46.4413],[4.9202,46.4434],[4.9219,46.4421],[4.927,46.4408],[4.9288,46.4397],[4.9318,46.4356],[4.9363,46.4326],[4.9379,46.4286],[4.9364,46.4271],[4.9266,46.4116],[4.9182,46.4132],[4.9139,46.4125],[4.9116,46.4135],[4.9058,46.4137],[4.9042,46.4162],[4.9,46.417],[4.8993,46.4185],[4.896,46.4187],[4.8966,46.4244],[4.8914,46.428],[4.8918,46.4381],[4.8911,46.4384]]]}},{"type":"Feature","properties":{"code":"01325","nom":"Rignieux-le-Franc","pop":1180},"geometry":{"type":"Polygon","coordinates":[[[5.1307,45.9585],[5.1298,45.9629],[5.1251,45.968],[5.1255,45.9693],[5.1286,45.9705],[5.1319,45.9698],[5.1417,45.9712],[5.1445,45.9688],[5.1467,45.9702],[5.1464,45.9722],[5.1422,45.9722],[5.141,45.9757],[5.1444,45.976],[5.1507,45.9782],[5.1497,45.9743],[5.1559,45.9747],[5.1573,45.9756],[5.1608,45.9694],[5.1631,45.9673],[5.1629,45.963],[5.1685,45.9621],[5.169,45.9637],[5.176,45.9634],[5.1797,45.9625],[5.1821,45.9554],[5.1853,45.9543],[5.1857,45.95],[5.1899,45.9518],[5.1968,45.9529],[5.1994,45.9539],[5.2007,45.9521],[5.2059,45.9499],[5.2058,45.9486],[5.2098,45.9451],[5.2072,45.9436],[5.2096,45.9389],[5.2064,45.9386],[5.2063,45.9366],[5.2032,45.9363],[5.1995,45.9338],[5.1989,45.9313],[5.1996,45.9291],[5.1972,45.9288],[5.1935,45.9254],[5.1895,45.9261],[5.1868,45.929],[5.1806,45.9303],[5.1794,45.9323],[5.1767,45.9328],[5.176,45.9375],[5.1726,45.9372],[5.1696,45.9396],[5.1703,45.9417],[5.1615,45.9485],[5.159,45.9467],[5.1564,45.949],[5.1528,45.9496],[5.1489,45.949],[5.135,45.9548],[5.1307,45.9585]]]}},{"type":"Feature","properties":{"code":"01328","nom":"Romans","pop":640},"geometry":{"type":"Polygon","coordinates":[[[5.0035,46.105],[5.0028,46.1038],[4.9986,46.1028],[4.993,46.1044],[4.9902,46.1058],[4.9885,46.1037],[4.9836,46.101],[4.983,46.1037],[4.9841,46.1073],[4.983,46.1087],[4.9839,46.1129],[4.9834,46.1149],[4.981,46.1162],[4.9806,46.1228],[4.9736,46.1262],[4.9743,46.1286],[4.9735,46.1331],[4.9708,46.1343],[4.9779,46.1404],[4.9808,46.1406],[4.9843,46.1386],[4.988,46.1394],[4.9892,46.1377],[4.9986,46.1379],[5.0011,46.1364],[5.0035,46.1372],[5.012,46.1355],[5.0126,46.1369],[5.0163,46.1365],[5.0176,46.1383],[5.0203,46.138],[5.0221,46.1353],[5.0254,46.135],[5.0349,46.1354],[5.0376,46.138],[5.0427,46.1368],[5.0467,46.1351],[5.0531,46.1401],[5.0592,46.1397],[5.0634,46.141],[5.0668,46.141],[5.0693,46.1394],[5.0696,46.1371],[5.0684,46.1337],[5.0707,46.1314],[5.0726,46.1276],[5.0694,46.1269],[5.0682,46.1252],[5.0691,46.1223],[5.0665,46.1215],[5.0657,46.118],[5.0613,46.1173],[5.0629,46.1139],[5.0599,46.1124],[5.0599,46.1086],[5.0552,46.1079],[5.0538,46.1066],[5.0501,46.1067],[5.0468,46.1069],[5.0454,46.1095],[5.0381,46.1099],[5.0301,46.1137],[5.0245,46.1123],[5.0118,46.1102],[5.0094,46.1114],[5.0035,46.111],[5.0022,46.1098],[5.0019,46.1057],[5.0035,46.105]]]}},{"type":"Feature","properties":{"code":"01329","nom":"Rossillon","pop":166},"geometry":{"type":"Polygon","coordinates":[[[5.568,45.8353],[5.5685,45.8397],[5.5715,45.8416],[5.5746,45.8452],[5.5819,45.8421],[5.5861,45.8387],[5.5875,45.8417],[5.5921,45.8446],[5.5938,45.8445],[5.6002,45.8486],[5.6093,45.8484],[5.6156,45.8482],[5.6169,45.8453],[5.6223,45.8425],[5.6254,45.8362],[5.63,45.8302],[5.6218,45.8291],[5.6143,45.8299],[5.6078,45.8297],[5.6046,45.828],[5.6014,45.8247],[5.595,45.8232],[5.59,45.8246],[5.5799,45.8285],[5.5755,45.8325],[5.5744,45.8345],[5.571,45.8359],[5.568,45.8353]]]}},{"type":"Feature","properties":{"code":"01330","nom":"Ruffieu","pop":0},"geometry":{"type":"Polygon","coordinates":[[[5.6294,46.0249],[5.6394,46.0242],[5.6466,46.0244],[5.6499,46.0231],[5.6595,46.0232],[5.6637,46.0211],[5.6697,46.0189],[5.6701,46.0132],[5.6754,46.006],[5.6762,46.0028],[5.6776,46.0022],[5.6787,45.9983],[5.6765,45.9966],[5.6769,45.9934],[5.6797,45.9894],[5.6786,45.9887],[5.678,45.9841],[5.6748,45.9858],[5.6689,45.9858],[5.6559,45.9849],[5.6395,45.9843],[5.6357,45.9913],[5.6349,46.0007],[5.6307,46.0045],[5.6305,46.0077],[5.6282,46.0142],[5.6294,46.0249]]]}},{"type":"Feature","properties":{"code":"01331","nom":"Saint-Alban","pop":195},"geometry":{"type":"Polygon","coordinates":[[[5.4735,46.1159],[5.4754,46.1122],[5.4786,46.111],[5.4829,46.1105],[5.4794,46.107],[5.4762,46.1009],[5.4755,46.097],[5.4727,46.0968],[5.4709,46.0947],[5.4672,46.0926],[5.468,46.0899],[5.4635,46.0898],[5.4584,46.0865],[5.4566,46.086],[5.4515,46.0829],[5.4472,46.0784],[5.4433,46.078],[5.4401,46.0799],[5.4426,46.0846],[5.4412,46.0849],[5.4404,46.089],[5.435,46.0906],[5.4324,46.0931],[5.4326,46.1023],[5.4345,46.1021],[5.4398,46.1084],[5.4445,46.11],[5.4484,46.1079],[5.4526,46.1087],[5.4567,46.1072],[5.4623,46.107],[5.4661,46.1089],[5.4658,46.1128],[5.468,46.1146],[5.4706,46.1141],[5.4735,46.1159]]]}},{"type":"Feature","properties":{"code":"01332","nom":"Saint-André-de-Bâgé","pop":841},"geometry":{"type":"Polygon","coordinates":[[[4.9186,46.2888],[4.9174,46.2873],[4.9156,46.2877],[4.9111,46.2849],[4.9088,46.2867],[4.908,46.2892],[4.9115,46.2904],[4.9121,46.2924],[4.9044,46.2949],[4.9004,46.2968],[4.9005,46.301],[4.9041,46.3023],[4.9096,46.3031],[4.9133,46.3065],[4.9161,46.3076],[4.9162,46.31],[4.9209,46.3078],[4.9231,46.3051],[4.9264,46.3044],[4.9262,46.303],[4.9211,46.2947],[4.9193,46.2931],[4.9186,46.2888]]]}},{"type":"Feature","properties":{"code":"01333","nom":"Saint-André-de-Corcy","pop":3370},"geometry":{"type":"Polygon","coordinates":[[[4.9618,45.9487],[4.9606,45.9469],[4.9682,45.9408],[4.9819,45.9344],[4.9857,45.933],[4.9917,45.9316],[5.001,45.9278],[4.9982,45.9238],[4.9946,45.9202],[4.9967,45.9139],[4.995,45.9111],[4.9905,45.9112],[4.9852,45.9094],[4.9833,45.9102],[4.9776,45.9142],[4.9738,45.9131],[4.9709,45.9109],[4.9634,45.9088],[4.9582,45.9106],[4.9568,45.9121],[4.951,45.9127],[4.948,45.9122],[4.9427,45.9131],[4.9399,45.9148],[4.9334,45.9173],[4.9278,45.9174],[4.9245,45.9165],[4.9229,45.913],[4.9197,45.9123],[4.9181,45.9092],[4.9121,45.9065],[4.9048,45.9131],[4.907,45.9193],[4.9115,45.9212],[4.918,45.9314],[4.9233,45.9334],[4.9265,45.9357],[4.9308,45.9438],[4.9348,45.9469],[4.9417,45.9496],[4.9472,45.9493],[4.9554,45.9502],[4.9582,45.951],[4.9618,45.9487]]]}},{"type":"Feature","properties":{"code":"01334","nom":"Saint-André-d'Huiriat","pop":667},"geometry":{"type":"Polygon","coordinates":[[[4.9383,46.1986],[4.9333,46.1981],[4.9296,46.198],[4.9262,46.1996],[4.9198,46.2009],[4.9157,46.1975],[4.913,46.2],[4.9088,46.2004],[4.9085,46.203],[4.9046,46.2038],[4.8983,46.2068],[4.8915,46.2066],[4.8904,46.2101],[4.8911,46.2149],[4.8946,46.2196],[4.8965,46.2249],[4.8963,46.2282],[4.8987,46.2296],[4.8995,46.2324],[4.9064,46.235],[4.9102,46.2346],[4.9395,46.204],[4.9383,46.1986]]]}},{"type":"Feature","properties":{"code":"01335","nom":"Saint-André-le-Bouchoux","pop":409},"geometry":{"type":"Polygon","coordinates":[[[5.1031,46.1336],[5.1048,46.1328],[5.1041,46.1287],[5.1049,46.126],[5.1002,46.1253],[5.1006,46.1237],[5.1044,46.1215],[5.1037,46.1194],[5.1017,46.1192],[5.1008,46.1135],[5.0979,46.1125],[5.0966,46.1087],[5.0915,46.1086],[5.089,46.104],[5.0896,46.1016],[5.0923,46.1006],[5.0896,46.0978],[5.0919,46.0943],[5.0883,46.0951],[5.0827,46.0998],[5.0719,46.0987],[5.0704,46.1014],[5.067,46.0997],[5.0642,46.1009],[5.0553,46.0985],[5.0529,46.1003],[5.0542,46.1016],[5.0504,46.1047],[5.0501,46.1067],[5.0538,46.1066],[5.0552,46.1079],[5.0599,46.1086],[5.0599,46.1124],[5.0629,46.1139],[5.0613,46.1173],[5.0657,46.118],[5.0665,46.1215],[5.0691,46.1223],[5.0682,46.1252],[5.0694,46.1269],[5.0726,46.1276],[5.075,46.127],[5.0831,46.1283],[5.0849,46.1269],[5.091,46.1284],[5.0944,46.1266],[5.099,46.1266],[5.0994,46.1324],[5.1031,46.1336]]]}},{"type":"Feature","properties":{"code":"01336","nom":"Saint-André-sur-Vieux-Jonc","pop":1229},"geometry":{"type":"Polygon","coordinates":[[[5.1434,46.1815],[5.1442,46.1789],[5.1419,46.175],[5.1496,46.1757],[5.1561,46.1715],[5.1626,46.1698],[5.1658,46.1714],[5.1692,46.1714],[5.1707,46.1682],[5.1759,46.1694],[5.1774,46.1691],[5.1823,46.1689],[5.185,46.1661],[5.1847,46.161],[5.1827,46.1568],[5.1858,46.1537],[5.1788,46.1522],[5.1748,46.1481],[5.1717,46.1476],[5.1724,46.1459],[5.1638,46.1431],[5.1574,46.1426],[5.1567,46.1391],[5.1534,46.1381],[5.1465,46.1376],[5.1488,46.1316],[5.1477,46.1295],[5.1484,46.125],[5.1506,46.1224],[5.1503,46.1197],[5.1388,46.1222],[5.1355,46.1201],[5.132,46.1196],[5.1291,46.1218],[5.126,46.1225],[5.1236,46.1202],[5.1191,46.121],[5.1178,46.1195],[5.115,46.1203],[5.112,46.1187],[5.1098,46.1201],[5.1037,46.1194],[5.1044,46.1215],[5.1006,46.1237],[5.1002,46.1253],[5.1049,46.126],[5.1041,46.1287],[5.1048,46.1328],[5.1031,46.1336],[5.1031,46.1348],[5.1072,46.1362],[5.108,46.1385],[5.1105,46.1387],[5.1115,46.1406],[5.114,46.1402],[5.1147,46.1444],[5.1167,46.1447],[5.1176,46.1498],[5.1162,46.1517],[5.1199,46.155],[5.1182,46.1564],[5.1204,46.1594],[5.1214,46.1628],[5.1202,46.1642],[5.1226,46.1667],[5.1252,46.1721],[5.1324,46.1799],[5.1361,46.1807],[5.1434,46.1815]]]}},{"type":"Feature","properties":{"code":"01337","nom":"Saint-Bénigne","pop":1359},"geometry":{"type":"Polygon","coordinates":[[[4.9605,46.4251],[4.9593,46.4278],[4.9562,46.428],[4.9554,46.4332],[4.9516,46.4335],[4.9509,46.4364],[4.952,46.4393],[4.9485,46.4409],[4.9467,46.4402],[4.9421,46.4416],[4.9426,46.4439],[4.9385,46.4456],[4.9392,46.448],[4.9318,46.4485],[4.9305,46.4491],[4.9327,46.4526],[4.9282,46.4553],[4.9209,46.4566],[4.9218,46.4593],[4.9201,46.4616],[4.9143,46.4625],[4.9156,46.4667],[4.916,46.4734],[4.9145,46.4801],[4.9145,46.4814],[4.9225,46.4803],[4.924,46.4754],[4.9279,46.4741],[4.9428,46.4704],[4.9518,46.4691],[4.9513,46.4678],[4.9557,46.4627],[4.9618,46.4617],[4.9632,46.4607],[4.9724,46.46],[4.976,46.4575],[4.9784,46.459],[4.9811,46.458],[4.9889,46.4602],[4.9893,46.4566],[4.988,46.4532],[4.9877,46.4497],[4.9841,46.4455],[4.9796,46.4447],[4.9786,46.4352],[4.9787,46.4319],[4.9767,46.4283],[4.9797,46.4279],[4.9788,46.4242],[4.9807,46.4228],[4.9792,46.4221],[4.9757,46.4244],[4.9727,46.4258],[4.9649,46.4251],[4.9605,46.4251]]]}},{"type":"Feature","properties":{"code":"01338","nom":"Groslée-Saint-Benoit","pop":1227},"geometry":{"type":"Polygon","coordinates":[[[5.5864,45.6671],[5.5781,45.6693],[5.5673,45.6731],[5.5632,45.6743],[5.5617,45.6726],[5.5544,45.6716],[5.5521,45.6741],[5.5551,45.678],[5.5504,45.6817],[5.5464,45.6854],[5.5452,45.688],[5.547,45.6912],[5.545,45.6948],[5.5462,45.6974],[5.5488,45.6995],[5.5576,45.6967],[5.5623,45.6924],[5.5614,45.6865],[5.5638,45.6847],[5.5703,45.6844],[5.5755,45.6881],[5.5758,45.6918],[5.5712,45.6969],[5.5616,45.7],[5.5562,45.6995],[5.5519,45.7022],[5.5547,45.7066],[5.5538,45.7089],[5.5455,45.7137],[5.5481,45.7141],[5.5508,45.7181],[5.5547,45.7212],[5.5551,45.7231],[5.5579,45.7274],[5.5617,45.728],[5.5632,45.7311],[5.5655,45.7324],[5.568,45.7308],[5.5726,45.7375],[5.5753,45.7366],[5.5806,45.7389],[5.5911,45.729],[5.594,45.7227],[5.5957,45.7217],[5.5965,45.7168],[5.5992,45.713],[5.6053,45.7079],[5.6052,45.706],[5.6069,45.7003],[5.6085,45.6987],[5.6129,45.6906],[5.6119,45.6886],[5.6129,45.6836],[5.6176,45.6743],[5.6196,45.6675],[5.6141,45.6652],[5.6102,45.6649],[5.6058,45.6633],[5.6011,45.6641],[5.5988,45.6659],[5.5967,45.6701],[5.5864,45.6671]]]}},{"type":"Feature","properties":{"code":"01339","nom":"Saint-Bernard","pop":1590},"geometry":{"type":"Polygon","coordinates":[[[4.7314,45.9413],[4.7286,45.9443],[4.7281,45.9477],[4.7291,45.9495],[4.7335,45.953],[4.746,45.9605],[4.7487,45.9626],[4.7507,45.9615],[4.7505,45.9594],[4.7535,45.957],[4.7558,45.9535],[4.7519,45.952],[4.7504,45.949],[4.7476,45.9474],[4.7449,45.9393],[4.7447,45.9373],[4.7365,45.9386],[4.7314,45.9413]]]}},{"type":"Feature","properties":{"code":"01342","nom":"Sainte-Croix","pop":544},"geometry":{"type":"Polygon","coordinates":[[[5.0764,45.9016],[5.0768,45.8968],[5.0746,45.8962],[5.0715,45.8973],[5.0695,45.8931],[5.067,45.8904],[5.0678,45.8851],[5.0671,45.8811],[5.0633,45.8805],[5.0502,45.8817],[5.0484,45.8832],[5.0423,45.884],[5.0338,45.8833],[5.0273,45.8855],[5.0225,45.8882],[5.0188,45.891],[5.0184,45.8923],[5.0215,45.8961],[5.0184,45.899],[5.0182,45.9019],[5.0253,45.9022],[5.0265,45.9038],[5.03,45.9044],[5.0333,45.9034],[5.0381,45.9043],[5.0385,45.9058],[5.0413,45.9076],[5.048,45.9062],[5.0535,45.9081],[5.0578,45.9079],[5.0606,45.9084],[5.0634,45.9108],[5.0656,45.9141],[5.0693,45.9141],[5.0739,45.9106],[5.0749,45.9087],[5.0746,45.9036],[5.0764,45.9016]]]}},{"type":"Feature","properties":{"code":"01343","nom":"Saint-Cyr-sur-Menthon","pop":1890},"geometry":{"type":"Polygon","coordinates":[[[4.9358,46.2877],[4.9389,46.2905],[4.938,46.2925],[4.9419,46.2938],[4.9463,46.2925],[4.9471,46.2937],[4.9534,46.2922],[4.9554,46.2931],[4.9635,46.293],[4.9646,46.2962],[4.9669,46.2972],[4.974,46.2961],[4.9773,46.2961],[4.9821,46.2946],[4.9857,46.2926],[4.9861,46.291],[4.9919,46.2911],[4.9945,46.2859],[4.9972,46.2867],[4.9984,46.2832],[4.9966,46.2803],[4.9918,46.2774],[4.9954,46.2766],[4.9968,46.2735],[4.9958,46.2689],[4.9971,46.2681],[4.9949,46.2655],[4.9932,46.2579],[4.9901,46.2569],[4.9871,46.2592],[4.9846,46.2581],[4.9824,46.2598],[4.9801,46.2583],[4.9753,46.2596],[4.9714,46.2545],[4.9632,46.2534],[4.9613,46.2569],[4.9524,46.2554],[4.9498,46.2566],[4.946,46.2563],[4.9455,46.2611],[4.9404,46.2632],[4.9388,46.2657],[4.9393,46.2697],[4.9449,46.2707],[4.9478,46.2739],[4.9446,46.2749],[4.946,46.2771],[4.9424,46.2797],[4.9432,46.2813],[4.9354,46.2835],[4.9376,46.2861],[4.9358,46.2877]]]}},{"type":"Feature","properties":{"code":"01344","nom":"Saint-Denis-lès-Bourg","pop":6160},"geometry":{"type":"Polygon","coordinates":[[[5.1873,46.1908],[5.1842,46.1957],[5.1802,46.1965],[5.1768,46.1962],[5.1711,46.2032],[5.1711,46.2054],[5.1623,46.2085],[5.1613,46.2106],[5.1623,46.2121],[5.1603,46.2141],[5.1602,46.2181],[5.1566,46.2188],[5.1574,46.2231],[5.153,46.226],[5.1528,46.2273],[5.1559,46.2282],[5.1604,46.2271],[5.1694,46.2291],[5.1754,46.2317],[5.1784,46.2314],[5.1882,46.23],[5.1902,46.2287],[5.1893,46.2253],[5.1954,46.2246],[5.1964,46.2199],[5.2022,46.2194],[5.2039,46.2185],[5.203,46.2156],[5.2108,46.2113],[5.2122,46.2082],[5.2069,46.2061],[5.2066,46.2015],[5.2086,46.1978],[5.2081,46.1935],[5.207,46.1914],[5.1999,46.1908],[5.2001,46.1881],[5.1965,46.1876],[5.1916,46.1888],[5.1873,46.1908]]]}},{"type":"Feature","properties":{"code":"01345","nom":"Saint-Denis-en-Bugey","pop":2246},"geometry":{"type":"Polygon","coordinates":[[[5.3413,45.9485],[5.3432,45.9469],[5.3422,45.945],[5.3373,45.9471],[5.3313,45.9436],[5.3255,45.9426],[5.3233,45.9433],[5.314,45.9432],[5.3099,45.9428],[5.3107,45.9469],[5.3087,45.9518],[5.3121,45.9499],[5.3184,45.9548],[5.3237,45.9539],[5.3246,45.9572],[5.3274,45.9567],[5.3281,45.9557],[5.3361,45.9535],[5.3413,45.9485]]]}},{"type":"Feature","properties":{"code":"01346","nom":"Saint-Didier-d'Aussiat","pop":843},"geometry":{"type":"Polygon","coordinates":[[[5.0116,46.3046],[5.0087,46.3067],[5.009,46.3088],[5.0071,46.3115],[5.0091,46.3152],[5.0115,46.3169],[5.0142,46.3167],[5.0153,46.3189],[5.0236,46.3173],[5.026,46.3191],[5.0252,46.3133],[5.0317,46.3145],[5.0337,46.3095],[5.0381,46.3065],[5.0421,46.306],[5.0481,46.3068],[5.0504,46.3092],[5.0501,46.3112],[5.0531,46.3139],[5.0527,46.3168],[5.0549,46.3184],[5.0585,46.3195],[5.0612,46.3192],[5.066,46.3208],[5.0691,46.3205],[5.0748,46.3239],[5.0775,46.3247],[5.0862,46.3213],[5.0888,46.322],[5.0917,46.3261],[5.1001,46.3282],[5.0993,46.3242],[5.0953,46.3207],[5.0961,46.3188],[5.0899,46.313],[5.0958,46.3098],[5.0946,46.3076],[5.0964,46.3067],[5.0907,46.3019],[5.0896,46.2994],[5.0908,46.2969],[5.0836,46.2943],[5.0787,46.2938],[5.0727,46.2955],[5.0703,46.2925],[5.0656,46.2939],[5.059,46.2967],[5.0537,46.2962],[5.0496,46.2925],[5.0466,46.291],[5.0455,46.2861],[5.0432,46.2873],[5.0386,46.286],[5.037,46.2867],[5.0381,46.2909],[5.0371,46.2928],[5.0403,46.2948],[5.0392,46.2967],[5.0338,46.2985],[5.0308,46.2984],[5.0316,46.3013],[5.0245,46.3018],[5.0206,46.3012],[5.0206,46.303],[5.0155,46.3032],[5.0116,46.3046]]]}},{"type":"Feature","properties":{"code":"01347","nom":"Saint-Didier-de-Formans","pop":2203},"geometry":{"type":"Polygon","coordinates":[[[4.7999,45.9467],[4.7905,45.9452],[4.7859,45.9457],[4.7772,45.945],[4.7707,45.9441],[4.7674,45.945],[4.7654,45.9503],[4.762,45.9548],[4.7569,45.9543],[4.7558,45.9535],[4.7535,45.957],[4.7595,45.9599],[4.7619,45.9634],[4.7677,45.9685],[4.7684,45.9701],[4.7739,45.9709],[4.7765,45.9733],[4.7941,45.959],[4.7968,45.9559],[4.7999,45.9467]]]}},{"type":"Feature","properties":{"code":"01348","nom":"Saint-Didier-sur-Chalaronne","pop":2934},"geometry":{"type":"Polygon","coordinates":[[[4.8026,46.1567],[4.8016,46.1586],[4.7918,46.1638],[4.792,46.1655],[4.7957,46.168],[4.7986,46.1668],[4.803,46.1686],[4.8046,46.1715],[4.8094,46.1722],[4.8102,46.1736],[4.8062,46.1755],[4.7984,46.1751],[4.7981,46.1735],[4.7928,46.1723],[4.792,46.1735],[4.7824,46.1716],[4.7804,46.1769],[4.7805,46.1837],[4.7798,46.1882],[4.7804,46.1896],[4.793,46.2016],[4.7939,46.2036],[4.7928,46.2076],[4.7931,46.2124],[4.7954,46.2201],[4.8017,46.219],[4.8058,46.2169],[4.807,46.2145],[4.8117,46.2143],[4.8134,46.2119],[4.8197,46.2094],[4.8209,46.2073],[4.8233,46.2072],[4.8265,46.2043],[4.8302,46.204],[4.8345,46.2025],[4.8379,46.1979],[4.84,46.1975],[4.8401,46.195],[4.8433,46.1949],[4.8432,46.1895],[4.8457,46.1843],[4.8494,46.1793],[4.8557,46.1814],[4.8594,46.1811],[4.8596,46.1778],[4.8583,46.1748],[4.8661,46.1747],[4.8621,46.1717],[4.8532,46.1708],[4.8525,46.1686],[4.8488,46.1681],[4.8394,46.166],[4.8404,46.1612],[4.8338,46.1562],[4.8324,46.1553],[4.8288,46.1586],[4.8236,46.1587],[4.8229,46.1603],[4.8078,46.1583],[4.8026,46.1567]]]}},{"type":"Feature","properties":{"code":"01349","nom":"Saint-Éloi","pop":525},"geometry":{"type":"Polygon","coordinates":[[[5.1537,45.9101],[5.1498,45.9122],[5.1431,45.9145],[5.144,45.9175],[5.1409,45.919],[5.1399,45.9211],[5.1358,45.9242],[5.133,45.9251],[5.129,45.9305],[5.1308,45.9329],[5.1288,45.9339],[5.1324,45.936],[5.1299,45.9384],[5.1218,45.9436],[5.1203,45.946],[5.1229,45.9478],[5.127,45.9553],[5.1307,45.9585],[5.135,45.9548],[5.1489,45.949],[5.1528,45.9496],[5.1564,45.949],[5.159,45.9467],[5.1615,45.9485],[5.1703,45.9417],[5.1696,45.9396],[5.1726,45.9372],[5.176,45.9375],[5.1767,45.9328],[5.1794,45.9323],[5.1806,45.9303],[5.1782,45.9275],[5.1757,45.9267],[5.1749,45.9249],[5.1776,45.9201],[5.1771,45.9162],[5.181,45.9137],[5.1689,45.9133],[5.1615,45.9135],[5.1574,45.9114],[5.1545,45.9121],[5.1537,45.9101]]]}},{"type":"Feature","properties":{"code":"01350","nom":"Saint-Étienne-du-Bois","pop":2584},"geometry":{"type":"Polygon","coordinates":[[[5.2852,46.2409],[5.2818,46.2413],[5.2799,46.243],[5.2758,46.2438],[5.2713,46.2465],[5.2686,46.251],[5.2641,46.2562],[5.2616,46.2575],[5.2587,46.2621],[5.2602,46.2646],[5.2586,46.2681],[5.2556,46.2677],[5.2501,46.2689],[5.2491,46.2672],[5.2442,46.2688],[5.2443,46.2706],[5.2393,46.2753],[5.2412,46.2782],[5.2414,46.2819],[5.2376,46.2844],[5.2388,46.2867],[5.2427,46.287],[5.2453,46.2892],[5.2477,46.2918],[5.2473,46.2943],[5.2608,46.2934],[5.2655,46.2899],[5.2698,46.2949],[5.2744,46.2936],[5.2778,46.294],[5.2803,46.2971],[5.287,46.2987],[5.2864,46.3035],[5.2934,46.3043],[5.2997,46.3041],[5.3018,46.3049],[5.3019,46.3078],[5.3042,46.3115],[5.3061,46.3106],[5.3075,46.3149],[5.3155,46.3139],[5.3151,46.3079],[5.3187,46.3065],[5.3156,46.2999],[5.3171,46.2978],[5.3118,46.2976],[5.3096,46.2928],[5.3069,46.2913],[5.3093,46.2863],[5.3091,46.2817],[5.3058,46.2805],[5.3026,46.2768],[5.3078,46.2744],[5.3199,46.2701],[5.3212,46.263],[5.3209,46.2601],[5.3162,46.2602],[5.3097,46.2582],[5.3006,46.2578],[5.2956,46.2568],[5.2957,46.2554],[5.2996,46.2517],[5.3024,46.2502],[5.3053,46.2446],[5.3039,46.2427],[5.3062,46.241],[5.3044,46.2372],[5.2993,46.2361],[5.2947,46.2372],[5.293,46.2388],[5.2864,46.2413],[5.2852,46.2409]]]}},{"type":"Feature","properties":{"code":"01351","nom":"Saint-Étienne-sur-Chalaronne","pop":1637},"geometry":{"type":"Polygon","coordinates":[[[4.9028,46.158],[4.8978,46.1529],[4.8949,46.1516],[4.8929,46.1467],[4.891,46.1443],[4.8874,46.1375],[4.8845,46.1358],[4.891,46.1329],[4.8964,46.1338],[4.8958,46.1293],[4.8928,46.1277],[4.8898,46.1255],[4.8846,46.1206],[4.8808,46.1182],[4.8752,46.1194],[4.8712,46.1211],[4.8707,46.1227],[4.8679,46.1245],[4.8645,46.1239],[4.8631,46.1255],[4.8594,46.1244],[4.8527,46.1234],[4.8484,46.1212],[4.8465,46.1217],[4.8484,46.1256],[4.8447,46.1284],[4.8411,46.1293],[4.8422,46.1317],[4.8446,46.1319],[4.8441,46.1387],[4.8382,46.1438],[4.839,46.1472],[4.8373,46.1479],[4.8369,46.1534],[4.8361,46.1557],[4.8338,46.1562],[4.8404,46.1612],[4.8394,46.166],[4.8488,46.1681],[4.8525,46.1686],[4.8532,46.1708],[4.8621,46.1717],[4.8768,46.171],[4.8784,46.1692],[4.877,46.1668],[4.8784,46.1659],[4.8851,46.1644],[4.8906,46.1643],[4.8987,46.1659],[4.9008,46.1615],[4.905,46.1608],[4.9028,46.158]]]}},{"type":"Feature","properties":{"code":"01352","nom":"Saint-Étienne-sur-Reyssouze","pop":572},"geometry":{"type":"Polygon","coordinates":[[[5.0328,46.384],[5.0311,46.3816],[5.0265,46.3821],[5.022,46.3808],[5.0194,46.3771],[5.0158,46.3752],[5.0151,46.3766],[5.0098,46.3795],[5.0075,46.3815],[5.0061,46.3851],[5.0079,46.3855],[5.0086,46.3904],[5.0055,46.3947],[4.9997,46.3966],[4.9929,46.3957],[4.9889,46.3968],[4.9816,46.3978],[4.9757,46.4029],[4.9744,46.4064],[4.9719,46.4101],[4.9738,46.4109],[4.9731,46.4167],[4.9766,46.4233],[4.9757,46.4244],[4.9792,46.4221],[4.9807,46.4228],[4.9838,46.4205],[4.9872,46.4201],[4.9911,46.4209],[4.9963,46.4198],[4.9989,46.4184],[5.0039,46.4183],[5.0093,46.4165],[5.0116,46.4187],[5.0159,46.4185],[5.0201,46.4216],[5.026,46.4233],[5.0243,46.4212],[5.0252,46.4184],[5.0274,46.4178],[5.0276,46.4141],[5.0296,46.4128],[5.0272,46.4092],[5.0291,46.408],[5.0276,46.4056],[5.0243,46.4048],[5.0237,46.4002],[5.0266,46.3994],[5.0289,46.3957],[5.0326,46.3933],[5.0344,46.3903],[5.0328,46.384]]]}},{"type":"Feature","properties":{"code":"01353","nom":"Sainte-Euphémie","pop":1757},"geometry":{"type":"Polygon","coordinates":[[[4.7765,45.9733],[4.7793,45.976],[4.7818,45.9768],[4.7861,45.9811],[4.7903,45.9835],[4.7926,45.9805],[4.7976,45.9816],[4.7987,45.9789],[4.8022,45.9761],[4.806,45.9695],[4.8031,45.962],[4.809,45.9479],[4.7999,45.9467],[4.7968,45.9559],[4.7941,45.959],[4.7765,45.9733]]]}},{"type":"Feature","properties":{"code":"01354","nom":"Saint-Genis-Pouilly","pop":14432},"geometry":{"type":"Polygon","coordinates":[[[6.0314,46.2797],[6.0358,46.2767],[6.035,46.2749],[6.0372,46.2736],[6.0465,46.2709],[6.0497,46.272],[6.0517,46.2701],[6.0565,46.2719],[6.0605,46.2701],[6.0556,46.2637],[6.0566,46.2626],[6.0615,46.2624],[6.0558,46.2579],[6.0554,46.2546],[6.052,46.2537],[6.0461,46.2503],[6.0417,46.2484],[6.0446,46.2443],[6.048,46.2411],[6.0417,46.2335],[6.0337,46.2386],[6.0255,46.2332],[6.0174,46.2316],[6.0164,46.232],[6.0175,46.2329],[6.0141,46.2393],[6.0125,46.2416],[6.0164,46.246],[6.0252,46.2532],[6.0263,46.2586],[6.0277,46.2619],[6.0273,46.2639],[6.0289,46.2709],[6.0279,46.2715],[6.0275,46.276],[6.0314,46.2797]]]}},{"type":"Feature","properties":{"code":"01355","nom":"Saint-Genis-sur-Menthon","pop":490},"geometry":{"type":"Polygon","coordinates":[[[5.037,46.2867],[5.0333,46.2847],[5.0324,46.2797],[5.0264,46.2807],[5.0244,46.2769],[5.0238,46.2731],[5.0212,46.2691],[5.0274,46.2665],[5.0277,46.2647],[5.0253,46.2655],[5.0234,46.2627],[5.018,46.2621],[5.0153,46.2604],[5.0134,46.2611],[5.0104,46.2642],[5.0045,46.2592],[5.0015,46.2575],[4.9993,46.2585],[4.996,46.2574],[4.9932,46.2579],[4.9949,46.2655],[4.9971,46.2681],[4.9958,46.2689],[4.9968,46.2735],[4.9954,46.2766],[4.9918,46.2774],[4.9966,46.2803],[4.9984,46.2832],[4.9972,46.2867],[4.9945,46.2859],[4.9919,46.2911],[4.9951,46.291],[4.9967,46.2939],[5.0004,46.2933],[5.0044,46.2946],[5.0055,46.296],[5.0065,46.3016],[5.0108,46.3007],[5.0116,46.3046],[5.0155,46.3032],[5.0206,46.303],[5.0206,46.3012],[5.0245,46.3018],[5.0316,46.3013],[5.0308,46.2984],[5.0338,46.2985],[5.0392,46.2967],[5.0403,46.2948],[5.0371,46.2928],[5.0381,46.2909],[5.037,46.2867]]]}},{"type":"Feature","properties":{"code":"01356","nom":"Saint-Georges-sur-Renon","pop":228},"geometry":{"type":"Polygon","coordinates":[[[5.0501,46.1067],[5.0504,46.1047],[5.0542,46.1016],[5.0529,46.1003],[5.0553,46.0985],[5.0495,46.0948],[5.0435,46.0948],[5.0425,46.093],[5.0422,46.0963],[5.0366,46.0955],[5.0327,46.0957],[5.0279,46.0948],[5.0242,46.0961],[5.0204,46.0995],[5.0162,46.0991],[5.0104,46.1],[5.0074,46.1013],[5.0035,46.105],[5.0019,46.1057],[5.0022,46.1098],[5.0035,46.111],[5.0094,46.1114],[5.0118,46.1102],[5.0245,46.1123],[5.0301,46.1137],[5.0381,46.1099],[5.0454,46.1095],[5.0468,46.1069],[5.0501,46.1067]]]}},{"type":"Feature","properties":{"code":"01357","nom":"Saint-Germain-de-Joux","pop":507},"geometry":{"type":"Polygon","coordinates":[[[5.7139,46.1701],[5.7121,46.1713],[5.7124,46.1742],[5.7158,46.1737],[5.7186,46.1746],[5.7174,46.18],[5.7229,46.1761],[5.7277,46.1753],[5.731,46.1767],[5.7313,46.1781],[5.7349,46.1806],[5.733,46.1839],[5.73,46.1841],[5.7268,46.186],[5.7281,46.1883],[5.7338,46.1879],[5.7347,46.1892],[5.7318,46.1945],[5.735,46.1957],[5.735,46.1975],[5.7284,46.1992],[5.7338,46.1998],[5.7381,46.1986],[5.7395,46.1953],[5.7422,46.195],[5.7433,46.1974],[5.7471,46.2007],[5.7508,46.1988],[5.7549,46.1986],[5.7587,46.2003],[5.7629,46.201],[5.766,46.2015],[5.768,46.1999],[5.772,46.1992],[5.775,46.197],[5.7747,46.1951],[5.774,46.1918],[5.7711,46.1875],[5.7631,46.1811],[5.7608,46.1771],[5.7633,46.1746],[5.7589,46.168],[5.7544,46.1653],[5.7514,46.1658],[5.7447,46.1609],[5.7424,46.1632],[5.7355,46.1668],[5.716,46.1679],[5.7139,46.1701]]]}},{"type":"Feature","properties":{"code":"01358","nom":"Saint-Germain-les-Paroisses","pop":422},"geometry":{"type":"Polygon","coordinates":[[[5.5923,45.7992],[5.5938,45.7996],[5.6019,45.7943],[5.6087,45.792],[5.6105,45.7943],[5.6159,45.7936],[5.6176,45.7895],[5.6201,45.7874],[5.6238,45.7884],[5.6275,45.7871],[5.6306,45.7835],[5.6335,45.7817],[5.6381,45.7819],[5.6412,45.7784],[5.6434,45.7745],[5.6466,45.7718],[5.6474,45.7681],[5.6469,45.7649],[5.6479,45.7635],[5.6456,45.7613],[5.6433,45.7566],[5.6434,45.7532],[5.6406,45.748],[5.6383,45.7507],[5.6336,45.7498],[5.6302,45.7467],[5.6255,45.747],[5.6253,45.7504],[5.618,45.7507],[5.6181,45.749],[5.6154,45.7478],[5.6139,45.7496],[5.6112,45.7492],[5.6115,45.7553],[5.609,45.7594],[5.6027,45.7602],[5.6006,45.7581],[5.5971,45.7599],[5.5906,45.76],[5.5904,45.7647],[5.5927,45.7673],[5.5928,45.7711],[5.5916,45.7757],[5.5942,45.7815],[5.5934,45.7826],[5.5938,45.7863],[5.5923,45.7992]]]}},{"type":"Feature","properties":{"code":"01359","nom":"Saint-Germain-sur-Renon","pop":264},"geometry":{"type":"Polygon","coordinates":[[[5.0429,46.0513],[5.0398,46.053],[5.0399,46.0552],[5.0353,46.0557],[5.0298,46.0594],[5.0253,46.0615],[5.0295,46.0639],[5.027,46.0691],[5.0314,46.0707],[5.0342,46.0697],[5.0367,46.0723],[5.0362,46.0745],[5.033,46.076],[5.0349,46.0789],[5.0327,46.0807],[5.0347,46.0821],[5.035,46.0841],[5.0378,46.087],[5.0408,46.0877],[5.0381,46.091],[5.0425,46.0918],[5.0425,46.093],[5.0435,46.0948],[5.0495,46.0948],[5.0553,46.0985],[5.0642,46.1009],[5.067,46.0997],[5.0704,46.1014],[5.0719,46.0987],[5.0827,46.0998],[5.0883,46.0951],[5.0919,46.0943],[5.0974,46.0959],[5.099,46.0938],[5.0998,46.0902],[5.0984,46.0894],[5.0936,46.0905],[5.0942,46.0867],[5.0968,46.0836],[5.0985,46.0795],[5.097,46.078],[5.0939,46.0794],[5.0891,46.0785],[5.0876,46.0772],[5.0732,46.0728],[5.0723,46.0695],[5.0629,46.0664],[5.0581,46.0659],[5.0561,46.0633],[5.0532,46.0628],[5.0525,46.0612],[5.0493,46.0603],[5.0496,46.058],[5.0464,46.0563],[5.0434,46.053],[5.0429,46.0513]]]}},{"type":"Feature","properties":{"code":"01360","nom":"Saint-Jean-de-Gonville","pop":2096},"geometry":{"type":"Polygon","coordinates":[[[5.9043,46.2234],[5.9098,46.2277],[5.9117,46.2299],[5.9191,46.2363],[5.9203,46.239],[5.9272,46.2369],[5.9458,46.2297],[5.9511,46.2282],[5.9551,46.2257],[5.9583,46.225],[5.9603,46.2222],[5.9652,46.2183],[5.9746,46.215],[5.9716,46.2113],[5.9693,46.2067],[5.9734,46.2027],[5.9645,46.198],[5.9554,46.1993],[5.9491,46.2018],[5.9473,46.2],[5.9439,46.2001],[5.9402,46.198],[5.9368,46.1988],[5.9405,46.2043],[5.938,46.2069],[5.9363,46.2104],[5.9336,46.2125],[5.929,46.2141],[5.9231,46.2148],[5.9073,46.2218],[5.9043,46.2234]]]}},{"type":"Feature","properties":{"code":"01361","nom":"Saint-Jean-de-Niost","pop":1866},"geometry":{"type":"Polygon","coordinates":[[[5.2321,45.8218],[5.2249,45.8186],[5.2222,45.8185],[5.2163,45.823],[5.1983,45.8357],[5.1914,45.8362],[5.1792,45.8394],[5.1761,45.8395],[5.1666,45.8424],[5.1708,45.8442],[5.1724,45.844],[5.1749,45.8467],[5.1799,45.8494],[5.1895,45.8559],[5.1917,45.857],[5.1998,45.8581],[5.208,45.857],[5.2116,45.8558],[5.2154,45.8559],[5.2204,45.8547],[5.2275,45.8547],[5.2285,45.8532],[5.234,45.8496],[5.2337,45.8436],[5.2342,45.8413],[5.2431,45.8329],[5.2467,45.8273],[5.2452,45.8249],[5.2421,45.8233],[5.2321,45.8218]]]}},{"type":"Feature","properties":{"code":"01362","nom":"Saint-Jean-de-Thurigneux","pop":863},"geometry":{"type":"Polygon","coordinates":[[[4.8741,45.9369],[4.874,45.9399],[4.8717,45.9433],[4.8611,45.9491],[4.8702,45.9549],[4.8783,45.9591],[4.88,45.9624],[4.8813,45.9719],[4.8881,45.9764],[4.8958,45.9799],[4.9105,45.9822],[4.9195,45.9826],[4.9275,45.98],[4.9245,45.9682],[4.9243,45.9648],[4.9264,45.9614],[4.9306,45.9578],[4.926,45.9562],[4.9219,45.9529],[4.9221,45.9506],[4.9205,45.9481],[4.9174,45.9432],[4.9039,45.9452],[4.9027,45.9422],[4.8809,45.9394],[4.8741,45.9369]]]}},{"type":"Feature","properties":{"code":"01363","nom":"Saint-Jean-le-Vieux","pop":1839},"geometry":{"type":"Polygon","coordinates":[[[5.4249,46.0315],[5.4212,46.028],[5.4206,46.0232],[5.4179,46.0203],[5.4141,46.0187],[5.4089,46.0139],[5.4044,46.0078],[5.3978,46.0102],[5.3946,46.0118],[5.3921,46.0116],[5.3875,46.0129],[5.386,46.0147],[5.3821,46.016],[5.3754,46.0166],[5.3713,46.0201],[5.363,46.022],[5.3615,46.0233],[5.358,46.023],[5.3541,46.0239],[5.3499,46.0265],[5.3513,46.0294],[5.3425,46.033],[5.3377,46.034],[5.3373,46.037],[5.3349,46.0378],[5.3366,46.0397],[5.342,46.0395],[5.3419,46.0375],[5.3509,46.0343],[5.3542,46.0348],[5.3523,46.0394],[5.3538,46.0408],[5.3513,46.0423],[5.3505,46.0455],[5.3538,46.0463],[5.3575,46.0439],[5.3617,46.0457],[5.3637,46.0445],[5.3668,46.0444],[5.369,46.0458],[5.3749,46.0481],[5.3846,46.0459],[5.3898,46.043],[5.3921,46.0387],[5.3967,46.0374],[5.4037,46.0345],[5.4072,46.0355],[5.4107,46.0355],[5.4129,46.0342],[5.4161,46.0345],[5.4249,46.0315]]]}},{"type":"Feature","properties":{"code":"01364","nom":"Saint-Jean-sur-Reyssouze","pop":762},"geometry":{"type":"Polygon","coordinates":[[[5.0839,46.3551],[5.0801,46.3556],[5.0766,46.3586],[5.0757,46.3607],[5.0724,46.3606],[5.0681,46.3643],[5.0661,46.367],[5.063,46.3683],[5.0623,46.3736],[5.0579,46.3745],[5.0571,46.3772],[5.0581,46.38],[5.0561,46.3814],[5.0531,46.3804],[5.0515,46.3818],[5.0455,46.3822],[5.0431,46.3839],[5.0411,46.3833],[5.0354,46.3868],[5.0328,46.384],[5.0344,46.3903],[5.0326,46.3933],[5.0289,46.3957],[5.0266,46.3994],[5.0237,46.4002],[5.0243,46.4048],[5.0276,46.4056],[5.0291,46.408],[5.0272,46.4092],[5.0296,46.4128],[5.0276,46.4141],[5.0274,46.4178],[5.0252,46.4184],[5.0243,46.4212],[5.026,46.4233],[5.0327,46.4213],[5.0375,46.4212],[5.0438,46.4254],[5.0503,46.4275],[5.0529,46.4261],[5.0595,46.4249],[5.0632,46.425],[5.0659,46.4261],[5.0735,46.4244],[5.076,46.4248],[5.0815,46.4241],[5.0853,46.4239],[5.0898,46.4224],[5.0903,46.4197],[5.0872,46.4161],[5.0893,46.4124],[5.0881,46.4095],[5.0886,46.406],[5.0871,46.405],[5.0882,46.3999],[5.0936,46.3931],[5.0927,46.3877],[5.0896,46.3839],[5.0938,46.3833],[5.0936,46.3811],[5.0899,46.3744],[5.0895,46.3723],[5.092,46.368],[5.0884,46.3645],[5.0891,46.3604],[5.0839,46.3551]]]}},{"type":"Feature","properties":{"code":"01365","nom":"Saint-Jean-sur-Veyle","pop":1143},"geometry":{"type":"Polygon","coordinates":[[[4.9408,46.2491],[4.9355,46.2494],[4.9323,46.2491],[4.9293,46.2506],[4.9248,46.2507],[4.9231,46.2538],[4.9181,46.2537],[4.9146,46.2562],[4.907,46.2564],[4.9008,46.2579],[4.8968,46.2581],[4.8941,46.2605],[4.8952,46.2625],[4.8921,46.2663],[4.8957,46.2664],[4.8989,46.2708],[4.9034,46.2732],[4.9076,46.2771],[4.9133,46.2832],[4.9158,46.2846],[4.9174,46.2873],[4.9186,46.2888],[4.9286,46.2854],[4.9308,46.287],[4.9358,46.2877],[4.9376,46.2861],[4.9354,46.2835],[4.9432,46.2813],[4.9424,46.2797],[4.946,46.2771],[4.9446,46.2749],[4.9478,46.2739],[4.9449,46.2707],[4.9393,46.2697],[4.9388,46.2657],[4.9404,46.2632],[4.9455,46.2611],[4.946,46.2563],[4.9395,46.2555],[4.9352,46.2533],[4.9423,46.2496],[4.9408,46.2491]]]}},{"type":"Feature","properties":{"code":"01366","nom":"Sainte-Julie","pop":1094},"geometry":{"type":"Polygon","coordinates":[[[5.2782,45.8549],[5.2718,45.8622],[5.2637,45.8762],[5.267,45.8788],[5.2686,45.8829],[5.2656,45.8837],[5.2671,45.8942],[5.2742,45.8953],[5.2737,45.8966],[5.2805,45.9025],[5.283,45.9036],[5.289,45.9025],[5.2942,45.9021],[5.297,45.9055],[5.3037,45.9011],[5.3029,45.8966],[5.3035,45.8941],[5.3014,45.888],[5.3009,45.8809],[5.2986,45.8742],[5.2963,45.8648],[5.2865,45.8622],[5.2818,45.8574],[5.2783,45.8548],[5.2782,45.8549]]]}},{"type":"Feature","properties":{"code":"01367","nom":"Saint-Julien-sur-Reyssouze","pop":679},"geometry":{"type":"Polygon","coordinates":[[[5.1162,46.3957],[5.1156,46.3972],[5.1117,46.3974],[5.1106,46.3955],[5.1136,46.3919],[5.1121,46.3889],[5.1055,46.3876],[5.1035,46.3856],[5.1082,46.3847],[5.109,46.3832],[5.1074,46.3807],[5.1029,46.3795],[5.0964,46.3789],[5.0936,46.3811],[5.0938,46.3833],[5.0896,46.3839],[5.0927,46.3877],[5.0936,46.3931],[5.0882,46.3999],[5.0871,46.405],[5.0886,46.406],[5.0881,46.4095],[5.0893,46.4124],[5.094,46.4128],[5.0943,46.4151],[5.0976,46.4159],[5.1028,46.4153],[5.106,46.4165],[5.1113,46.415],[5.1103,46.413],[5.1139,46.4122],[5.1173,46.4132],[5.119,46.4109],[5.1238,46.4095],[5.122,46.4067],[5.1212,46.4027],[5.1246,46.4027],[5.1252,46.3991],[5.1232,46.3968],[5.1208,46.3985],[5.1187,46.396],[5.1162,46.3957]]]}},{"type":"Feature","properties":{"code":"01368","nom":"Saint-Julien-sur-Veyle","pop":859},"geometry":{"type":"Polygon","coordinates":[[[4.9333,46.1981],[4.9383,46.1986],[4.9406,46.2],[4.9412,46.2035],[4.9451,46.2084],[4.953,46.2078],[4.9539,46.2106],[4.9521,46.2146],[4.9572,46.2158],[4.9618,46.215],[4.9681,46.2167],[4.9683,46.2213],[4.9666,46.2239],[4.967,46.2311],[4.9712,46.2305],[4.9741,46.2263],[4.9805,46.2254],[4.9805,46.2211],[4.9761,46.2167],[4.9732,46.2151],[4.9725,46.2103],[4.9738,46.21],[4.9721,46.2056],[4.9705,46.2037],[4.977,46.1999],[4.9802,46.1994],[4.9813,46.1977],[4.9812,46.1924],[4.9797,46.1912],[4.9756,46.1916],[4.9756,46.1891],[4.9735,46.1869],[4.9706,46.1871],[4.9665,46.1833],[4.9565,46.1874],[4.9476,46.1881],[4.9464,46.189],[4.9409,46.1877],[4.9381,46.1853],[4.9337,46.1841],[4.9305,46.1864],[4.9329,46.1899],[4.9333,46.1981]]]}},{"type":"Feature","properties":{"code":"01369","nom":"Saint-Just","pop":952},"geometry":{"type":"Polygon","coordinates":[[[5.282,46.2117],[5.28,46.2079],[5.2784,46.203],[5.2821,46.1998],[5.2901,46.1978],[5.2927,46.1976],[5.2945,46.1939],[5.2934,46.1914],[5.2956,46.1871],[5.2984,46.1863],[5.2995,46.1813],[5.293,46.1826],[5.2911,46.1818],[5.2907,46.1793],[5.2878,46.1801],[5.2861,46.1819],[5.2793,46.1853],[5.2792,46.1879],[5.2746,46.188],[5.2745,46.1936],[5.2784,46.1966],[5.2712,46.1989],[5.2708,46.2027],[5.2746,46.2041],[5.2731,46.2084],[5.2758,46.2093],[5.2788,46.2117],[5.282,46.2117]]]}},{"type":"Feature","properties":{"code":"01370","nom":"Saint-Laurent-sur-Saône","pop":1810},"geometry":{"type":"Polygon","coordinates":[[[4.8411,46.3023],[4.8391,46.3034],[4.836,46.2986],[4.8331,46.2998],[4.8374,46.3048],[4.8411,46.312],[4.8459,46.3109],[4.8437,46.3057],[4.8411,46.3023]]]}},{"type":"Feature","properties":{"code":"01371","nom":"Saint-Marcel","pop":1340},"geometry":{"type":"Polygon","coordinates":[[[5.0116,45.9347],[5.0092,45.9346],[5.0054,45.9282],[5.001,45.9278],[4.9917,45.9316],[4.9857,45.933],[4.9819,45.9344],[4.9682,45.9408],[4.9606,45.9469],[4.9618,45.9487],[4.9665,45.951],[4.9704,45.958],[4.9748,45.9586],[4.9756,45.9641],[4.9742,45.966],[4.9754,45.9686],[4.9828,45.9688],[4.9933,45.9656],[5.0015,45.9621],[5.0048,45.9623],[5.0088,45.9618],[5.008,45.9583],[5.0087,45.955],[5.0111,45.9533],[5.0107,45.9468],[5.0098,45.9439],[5.0118,45.9369],[5.0116,45.9347]]]}},{"type":"Feature","properties":{"code":"01372","nom":"Saint-Martin-de-Bavel","pop":428},"geometry":{"type":"Polygon","coordinates":[[[5.6616,45.8611],[5.6702,45.8641],[5.6755,45.8629],[5.6772,45.8632],[5.6828,45.8615],[5.6904,45.8631],[5.6934,45.8604],[5.6982,45.8617],[5.6959,45.8591],[5.6955,45.8567],[5.6975,45.8549],[5.6973,45.8506],[5.695,45.8489],[5.6937,45.8463],[5.6949,45.8449],[5.694,45.8426],[5.698,45.8414],[5.6946,45.8395],[5.6954,45.8348],[5.6887,45.8319],[5.6836,45.8308],[5.6799,45.8322],[5.6769,45.8294],[5.6681,45.8353],[5.666,45.8433],[5.6602,45.8449],[5.6581,45.8464],[5.6601,45.8488],[5.6602,45.854],[5.6616,45.8611]]]}},{"type":"Feature","properties":{"code":"01373","nom":"Saint-Martin-du-Frêne","pop":1023},"geometry":{"type":"Polygon","coordinates":[[[5.5253,46.1464],[5.5285,46.153],[5.5305,46.1565],[5.5326,46.1567],[5.5406,46.1557],[5.5439,46.1567],[5.5446,46.1589],[5.5479,46.1598],[5.5558,46.1596],[5.5581,46.1583],[5.5573,46.1565],[5.5614,46.1554],[5.5755,46.1496],[5.5866,46.1467],[5.6064,46.1385],[5.6076,46.1364],[5.6083,46.1322],[5.6133,46.1298],[5.6121,46.125],[5.6152,46.1235],[5.6141,46.1207],[5.6171,46.1181],[5.601,46.1093],[5.5976,46.1097],[5.5975,46.1145],[5.5962,46.1168],[5.5941,46.1166],[5.588,46.1207],[5.5821,46.123],[5.5773,46.1229],[5.571,46.1243],[5.5598,46.1219],[5.559,46.1197],[5.5497,46.1195],[5.5496,46.1213],[5.5454,46.1215],[5.5466,46.1286],[5.544,46.1306],[5.5435,46.1345],[5.5407,46.1343],[5.5399,46.1381],[5.5354,46.1399],[5.536,46.1444],[5.5295,46.1462],[5.5253,46.1464]]]}},{"type":"Feature","properties":{"code":"01374","nom":"Saint-Martin-du-Mont","pop":2023},"geometry":{"type":"Polygon","coordinates":[[[5.3355,46.0864],[5.3339,46.0849],[5.3294,46.0847],[5.3242,46.0814],[5.3211,46.0782],[5.3136,46.0744],[5.3117,46.0747],[5.2983,46.0783],[5.2898,46.0815],[5.2895,46.0852],[5.2879,46.0898],[5.2877,46.0946],[5.293,46.0999],[5.2934,46.1029],[5.2957,46.1031],[5.2945,46.1107],[5.2937,46.1113],[5.2946,46.1134],[5.2924,46.1163],[5.293,46.1184],[5.2975,46.1186],[5.2979,46.1217],[5.302,46.1275],[5.3062,46.129],[5.3172,46.1317],[5.3226,46.1323],[5.3287,46.1315],[5.3342,46.1292],[5.3338,46.1377],[5.3358,46.1377],[5.3386,46.137],[5.3429,46.1375],[5.3425,46.1331],[5.345,46.1311],[5.3457,46.1264],[5.3521,46.1262],[5.364,46.1237],[5.3678,46.1185],[5.3721,46.1184],[5.3723,46.1175],[5.3636,46.1099],[5.3626,46.1057],[5.3634,46.1041],[5.3627,46.1007],[5.3593,46.0957],[5.3597,46.0948],[5.3555,46.0927],[5.3527,46.0901],[5.3432,46.0893],[5.3387,46.0895],[5.3355,46.0864]]]}},{"type":"Feature","properties":{"code":"01375","nom":"Saint-Martin-le-Châtel","pop":796},"geometry":{"type":"Polygon","coordinates":[[[5.1508,46.2755],[5.148,46.2756],[5.1453,46.2737],[5.1407,46.2739],[5.1404,46.2721],[5.1356,46.2715],[5.13,46.2774],[5.1258,46.2762],[5.1231,46.2729],[5.1168,46.2738],[5.1152,46.276],[5.1115,46.2763],[5.1095,46.2782],[5.1099,46.2803],[5.108,46.2819],[5.1032,46.2839],[5.1018,46.2862],[5.0977,46.2894],[5.0954,46.2934],[5.0909,46.2953],[5.0908,46.2969],[5.0896,46.2994],[5.0907,46.3019],[5.0964,46.3067],[5.0983,46.3073],[5.1018,46.305],[5.1049,46.3048],[5.1175,46.3063],[5.1205,46.3041],[5.1227,46.3038],[5.1249,46.3092],[5.1283,46.3068],[5.1343,46.3075],[5.1376,46.307],[5.1369,46.3043],[5.1402,46.3045],[5.1442,46.3034],[5.1448,46.3015],[5.1481,46.2987],[5.1441,46.2968],[5.1458,46.2918],[5.1449,46.2862],[5.146,46.2856],[5.1512,46.2776],[5.1508,46.2755]]]}},{"type":"Feature","properties":{"code":"01376","nom":"Saint-Maurice-de-Beynost","pop":4332},"geometry":{"type":"Polygon","coordinates":[[[4.9939,45.8082],[4.9813,45.8055],[4.9729,45.8249],[4.9727,45.8323],[4.9703,45.8359],[4.9692,45.8391],[4.9676,45.8394],[4.9656,45.8445],[4.9622,45.8452],[4.9623,45.8486],[4.9611,45.8524],[4.9587,45.8524],[4.9591,45.8594],[4.9646,45.8571],[4.973,45.8583],[4.9761,45.8531],[4.9788,45.8525],[4.9814,45.8485],[4.9843,45.8349],[4.9895,45.8258],[4.9939,45.8082]]]}},{"type":"Feature","properties":{"code":"01378","nom":"Saint-Maurice-de-Gourdans","pop":2903},"geometry":{"type":"Polygon","coordinates":[[[5.1771,45.7934],[5.1746,45.7946],[5.1682,45.7955],[5.1644,45.7983],[5.1602,45.8024],[5.1545,45.8039],[5.1511,45.8054],[5.1466,45.8054],[5.1445,45.8044],[5.1395,45.8057],[5.1328,45.8088],[5.132,45.8077],[5.1247,45.8118],[5.1218,45.8111],[5.1261,45.8138],[5.1276,45.818],[5.1344,45.8274],[5.1367,45.8286],[5.1411,45.8446],[5.1474,45.8433],[5.1605,45.8433],[5.1666,45.8424],[5.1761,45.8395],[5.1792,45.8394],[5.1914,45.8362],[5.1983,45.8357],[5.2163,45.823],[5.2222,45.8185],[5.2154,45.8174],[5.2091,45.8144],[5.2014,45.8089],[5.2004,45.8048],[5.1955,45.8011],[5.1857,45.7956],[5.1813,45.7958],[5.1771,45.7934]]]}},{"type":"Feature","properties":{"code":"01379","nom":"Saint-Maurice-de-Rémens","pop":756},"geometry":{"type":"Polygon","coordinates":[[[5.2785,45.9763],[5.2786,45.9782],[5.281,45.9792],[5.2812,45.9763],[5.2911,45.9737],[5.2925,45.968],[5.2936,45.9672],[5.2882,45.964],[5.2854,45.9637],[5.2828,45.9611],[5.2838,45.9564],[5.2851,45.9539],[5.2881,45.954],[5.2886,45.9512],[5.2916,45.9482],[5.2873,45.9484],[5.2846,45.9432],[5.283,45.9439],[5.2787,45.9417],[5.2759,45.9387],[5.2713,45.9351],[5.2698,45.933],[5.2633,45.9292],[5.2509,45.9325],[5.2542,45.9362],[5.254,45.9383],[5.2503,45.9456],[5.2479,45.9486],[5.2476,45.9536],[5.2485,45.9542],[5.2578,45.955],[5.2605,45.9563],[5.2586,45.9618],[5.2625,45.967],[5.2682,45.9698],[5.2698,45.9713],[5.2753,45.9727],[5.2785,45.9763]]]}},{"type":"Feature","properties":{"code":"01380","nom":"Saint-Nizier-le-Bouchoux","pop":580},"geometry":{"type":"Polygon","coordinates":[[[5.1312,46.4324],[5.1274,46.4352],[5.1273,46.4406],[5.1281,46.4425],[5.1286,46.4447],[5.127,46.4485],[5.1301,46.4514],[5.137,46.4501],[5.1394,46.4551],[5.1412,46.456],[5.1397,46.4596],[5.1395,46.4604],[5.1447,46.4699],[5.1583,46.4691],[5.1631,46.468],[5.1686,46.4685],[5.1717,46.4713],[5.1745,46.4706],[5.1792,46.4736],[5.1815,46.4731],[5.1854,46.4741],[5.1848,46.4766],[5.1865,46.4785],[5.1876,46.4824],[5.194,46.483],[5.1959,46.484],[5.2036,46.4852],[5.2061,46.4865],[5.2134,46.4847],[5.2145,46.4819],[5.2114,46.4808],[5.2099,46.479],[5.2129,46.4776],[5.2138,46.4746],[5.2159,46.472],[5.2146,46.4687],[5.2114,46.4673],[5.2108,46.4634],[5.2079,46.4631],[5.2062,46.4614],[5.2094,46.4593],[5.2067,46.4564],[5.2096,46.4527],[5.2099,46.4504],[5.2071,46.4491],[5.2067,46.4474],[5.2038,46.4457],[5.2032,46.4439],[5.2039,46.4394],[5.1993,46.4355],[5.2021,46.4343],[5.2027,46.4322],[5.2009,46.4298],[5.2024,46.4284],[5.1987,46.4263],[5.1944,46.4266],[5.1916,46.4232],[5.1881,46.4247],[5.1837,46.4251],[5.178,46.424],[5.1754,46.4253],[5.1765,46.4275],[5.1751,46.4286],[5.1673,46.4301],[5.1603,46.4304],[5.1566,46.4288],[5.1546,46.4322],[5.1494,46.4327],[5.1488,46.4339],[5.1427,46.4358],[5.1407,46.4336],[5.1339,46.4366],[5.1312,46.4338],[5.1312,46.4324]]]}},{"type":"Feature","properties":{"code":"01381","nom":"Saint-Nizier-le-Désert","pop":921},"geometry":{"type":"Polygon","coordinates":[[[5.1881,46.0529],[5.1861,46.0495],[5.1826,46.05],[5.1789,46.0531],[5.1743,46.053],[5.1668,46.0516],[5.1618,46.0474],[5.1632,46.0459],[5.1623,46.0354],[5.1581,46.0356],[5.1579,46.034],[5.1535,46.0331],[5.1486,46.0336],[5.1467,46.0328],[5.1457,46.03],[5.14,46.0297],[5.138,46.026],[5.1364,46.0212],[5.1346,46.019],[5.128,46.0204],[5.1268,46.0218],[5.1276,46.0244],[5.1246,46.0249],[5.1208,46.0247],[5.1203,46.026],[5.116,46.0261],[5.1111,46.0282],[5.1081,46.0305],[5.1085,46.0318],[5.1068,46.0361],[5.1067,46.0391],[5.11,46.04],[5.1082,46.0451],[5.1113,46.0466],[5.11,46.0495],[5.1071,46.0522],[5.106,46.0563],[5.108,46.0561],[5.1095,46.0599],[5.1089,46.0625],[5.1064,46.0644],[5.1158,46.0662],[5.1158,46.0687],[5.1216,46.0688],[5.1262,46.07],[5.13,46.0692],[5.1405,46.0697],[5.1407,46.0673],[5.1442,46.0671],[5.1448,46.0691],[5.1446,46.074],[5.1402,46.0742],[5.1382,46.0769],[5.1424,46.0779],[5.1437,46.0797],[5.1487,46.0805],[5.1473,46.078],[5.1506,46.0762],[5.1524,46.0765],[5.1541,46.0796],[5.1582,46.0815],[5.1596,46.0804],[5.1647,46.0798],[5.1665,46.0776],[5.1699,46.0767],[5.1685,46.0802],[5.1717,46.0847],[5.1741,46.0843],[5.1782,46.0813],[5.1775,46.0787],[5.1785,46.0755],[5.176,46.0726],[5.1763,46.0638],[5.178,46.0607],[5.1808,46.0579],[5.1833,46.0571],[5.1881,46.0529]]]}},{"type":"Feature","properties":{"code":"01382","nom":"Sainte-Olive","pop":357},"geometry":{"type":"Polygon","coordinates":[[[4.9098,46.0191],[4.9102,46.0205],[4.9126,46.02],[4.9153,46.0224],[4.9198,46.0216],[4.9233,46.0246],[4.9267,46.0239],[4.9303,46.0251],[4.9322,46.027],[4.9376,46.0263],[4.9444,46.0289],[4.9462,46.0274],[4.9462,46.0248],[4.9477,46.0232],[4.9486,46.0201],[4.9506,46.0197],[4.9525,46.0153],[4.9573,46.0147],[4.9559,46.0123],[4.9599,46.0108],[4.9591,46.0078],[4.9559,46.0022],[4.9504,46.0024],[4.9476,46.0004],[4.9418,46.0017],[4.9359,46.0024],[4.9323,46.0041],[4.9311,46.0073],[4.9269,46.0059],[4.9228,46.0054],[4.9203,46.007],[4.9152,46.0085],[4.9146,46.0113],[4.9159,46.0127],[4.9138,46.0147],[4.9102,46.0146],[4.9108,46.0179],[4.9098,46.0191]]]}},{"type":"Feature","properties":{"code":"01383","nom":"Saint-Paul-de-Varax","pop":1634},"geometry":{"type":"Polygon","coordinates":[[[5.1581,46.1068],[5.1614,46.1048],[5.1623,46.1022],[5.1544,46.1007],[5.1531,46.0971],[5.1549,46.0959],[5.1626,46.0883],[5.1652,46.0897],[5.1697,46.0887],[5.1717,46.0847],[5.1685,46.0802],[5.1699,46.0767],[5.1665,46.0776],[5.1647,46.0798],[5.1596,46.0804],[5.1582,46.0815],[5.1541,46.0796],[5.1524,46.0765],[5.1506,46.0762],[5.1473,46.078],[5.1487,46.0805],[5.1437,46.0797],[5.1424,46.0779],[5.1382,46.0769],[5.1402,46.0742],[5.1446,46.074],[5.1448,46.0691],[5.1442,46.0671],[5.1407,46.0673],[5.1405,46.0697],[5.13,46.0692],[5.1262,46.07],[5.1216,46.0688],[5.1158,46.0687],[5.1126,46.069],[5.1121,46.071],[5.1075,46.0705],[5.1041,46.0692],[5.1034,46.0745],[5.1054,46.0766],[5.1055,46.0788],[5.0985,46.0795],[5.0968,46.0836],[5.0942,46.0867],[5.0936,46.0905],[5.0984,46.0894],[5.0998,46.0902],[5.099,46.0938],[5.0974,46.0959],[5.0919,46.0943],[5.0896,46.0978],[5.0923,46.1006],[5.0896,46.1016],[5.089,46.104],[5.0915,46.1086],[5.0966,46.1087],[5.0979,46.1125],[5.1008,46.1135],[5.1017,46.1192],[5.1037,46.1194],[5.1098,46.1201],[5.112,46.1187],[5.115,46.1203],[5.1178,46.1195],[5.1191,46.121],[5.1236,46.1202],[5.126,46.1225],[5.1291,46.1218],[5.132,46.1196],[5.1355,46.1201],[5.1388,46.1222],[5.1503,46.1197],[5.1522,46.1157],[5.157,46.1112],[5.1581,46.1068]]]}},{"type":"Feature","properties":{"code":"01384","nom":"Saint-Rambert-en-Bugey","pop":2190},"geometry":{"type":"Polygon","coordinates":[[[5.4135,45.9789],[5.42,45.9811],[5.4245,45.9865],[5.4302,45.9828],[5.4304,45.9797],[5.4332,45.9799],[5.4377,45.9816],[5.44,45.9814],[5.4433,45.9862],[5.4456,45.9862],[5.4502,45.9884],[5.4583,45.9877],[5.4666,45.9922],[5.4657,45.9894],[5.4658,45.9844],[5.4645,45.9778],[5.4634,45.9756],[5.4588,45.9713],[5.4561,45.9672],[5.4542,45.9565],[5.4564,45.9547],[5.4636,45.9543],[5.466,45.9502],[5.4649,45.9471],[5.4603,45.945],[5.4598,45.9422],[5.4639,45.9349],[5.4679,45.9324],[5.4719,45.9291],[5.4744,45.9255],[5.4731,45.9226],[5.4742,45.92],[5.4756,45.9145],[5.4691,45.9139],[5.4647,45.9141],[5.4602,45.9142],[5.4562,45.9177],[5.448,45.9185],[5.446,45.9197],[5.4414,45.9161],[5.44,45.9175],[5.4362,45.9178],[5.4348,45.9198],[5.4286,45.9221],[5.4248,45.9238],[5.4201,45.928],[5.4164,45.9305],[5.4162,45.9323],[5.4195,45.9375],[5.4172,45.9376],[5.4149,45.9401],[5.412,45.9401],[5.4088,45.9421],[5.4094,45.9504],[5.408,45.9562],[5.4085,45.9601],[5.4105,45.9624],[5.4097,45.9655],[5.4113,45.9663],[5.4118,45.9716],[5.4137,45.9739],[5.4135,45.9789]]]}},{"type":"Feature","properties":{"code":"01385","nom":"Saint-Rémy","pop":915},"geometry":{"type":"Polygon","coordinates":[[[5.1774,46.1691],[5.1759,46.1694],[5.1707,46.1682],[5.1692,46.1714],[5.1658,46.1714],[5.1626,46.1698],[5.1561,46.1715],[5.1496,46.1757],[5.1419,46.175],[5.1442,46.1789],[5.1434,46.1815],[5.1491,46.1822],[5.1535,46.1841],[5.1563,46.19],[5.1586,46.1901],[5.1584,46.1941],[5.1609,46.1942],[5.1604,46.1978],[5.1668,46.2023],[5.1711,46.2032],[5.1768,46.1962],[5.1802,46.1965],[5.1842,46.1957],[5.1873,46.1908],[5.1867,46.1876],[5.1835,46.1864],[5.1848,46.1826],[5.1828,46.1816],[5.1828,46.1787],[5.1848,46.1757],[5.1764,46.1744],[5.1755,46.1735],[5.1774,46.1691]]]}},{"type":"Feature","properties":{"code":"01386","nom":"Saint-Sorlin-en-Bugey","pop":1152},"geometry":{"type":"Polygon","coordinates":[[[5.3927,45.9014],[5.3997,45.9032],[5.4012,45.9003],[5.3983,45.8958],[5.4033,45.8925],[5.402,45.8896],[5.3964,45.8886],[5.4021,45.8825],[5.3996,45.8792],[5.3979,45.8769],[5.39,45.8772],[5.3821,45.8724],[5.3782,45.8694],[5.372,45.8743],[5.3665,45.8767],[5.3599,45.8804],[5.3526,45.8833],[5.3503,45.8834],[5.3444,45.8821],[5.3407,45.8802],[5.3395,45.8817],[5.3355,45.8834],[5.335,45.8881],[5.3411,45.8856],[5.3417,45.8877],[5.3512,45.8885],[5.3502,45.8918],[5.3586,45.8937],[5.3667,45.8924],[5.3714,45.8946],[5.3737,45.8967],[5.3771,45.8945],[5.3818,45.8963],[5.3813,45.8993],[5.3863,45.8991],[5.3905,45.8997],[5.3927,45.9014]]]}},{"type":"Feature","properties":{"code":"01387","nom":"Saint-Sulpice","pop":260},"geometry":{"type":"Polygon","coordinates":[[[5.035,46.3327],[5.0407,46.3347],[5.0437,46.3366],[5.047,46.337],[5.0474,46.3351],[5.0532,46.3294],[5.0561,46.3282],[5.0523,46.3259],[5.0527,46.3234],[5.0549,46.3184],[5.0527,46.3168],[5.0531,46.3139],[5.0501,46.3112],[5.0504,46.3092],[5.0481,46.3068],[5.0421,46.306],[5.0381,46.3065],[5.0337,46.3095],[5.0317,46.3145],[5.0252,46.3133],[5.026,46.3191],[5.0292,46.3212],[5.0306,46.3243],[5.0304,46.3273],[5.0353,46.3314],[5.035,46.3327]]]}},{"type":"Feature","properties":{"code":"01388","nom":"Saint-Trivier-de-Courtes","pop":1125},"geometry":{"type":"Polygon","coordinates":[[[5.0547,46.4841],[5.0621,46.4846],[5.0622,46.4856],[5.0714,46.4859],[5.0756,46.4715],[5.08,46.4739],[5.0828,46.4741],[5.0843,46.4793],[5.0841,46.4813],[5.0906,46.4795],[5.0945,46.4753],[5.1013,46.4723],[5.0985,46.4724],[5.095,46.4696],[5.094,46.4648],[5.0894,46.4631],[5.0888,46.4596],[5.0852,46.459],[5.0846,46.455],[5.0871,46.4497],[5.0906,46.4423],[5.0857,46.44],[5.0856,46.4367],[5.0867,46.4335],[5.0848,46.4301],[5.0826,46.4309],[5.082,46.4339],[5.0786,46.4337],[5.0758,46.4349],[5.0756,46.4389],[5.0733,46.4381],[5.0699,46.4393],[5.0705,46.4431],[5.0699,46.4449],[5.0645,46.4461],[5.0576,46.4459],[5.0547,46.447],[5.0484,46.4473],[5.0406,46.4495],[5.0372,46.4481],[5.0349,46.4518],[5.0331,46.4515],[5.0337,46.4533],[5.0402,46.4603],[5.0409,46.4629],[5.0379,46.4638],[5.0378,46.4664],[5.0347,46.4683],[5.0371,46.4714],[5.0403,46.4734],[5.0442,46.4739],[5.0477,46.4733],[5.0496,46.4765],[5.0536,46.4784],[5.0528,46.4806],[5.0547,46.4841]]]}},{"type":"Feature","properties":{"code":"01389","nom":"Saint-Trivier-sur-Moignans","pop":1963},"geometry":{"type":"Polygon","coordinates":[[[4.9139,46.1065],[4.9192,46.0998],[4.9273,46.0998],[4.9339,46.0974],[4.9317,46.096],[4.9311,46.0928],[4.9349,46.092],[4.9329,46.0879],[4.9284,46.0863],[4.9269,46.0847],[4.9282,46.0825],[4.9257,46.079],[4.9252,46.0746],[4.9322,46.0736],[4.9328,46.0715],[4.9301,46.069],[4.9295,46.066],[4.935,46.0648],[4.934,46.0619],[4.9358,46.0609],[4.9352,46.054],[4.9386,46.053],[4.939,46.0508],[4.9419,46.0486],[4.9455,46.0455],[4.9427,46.0439],[4.9398,46.045],[4.9384,46.0433],[4.9405,46.0422],[4.94,46.0401],[4.9441,46.0381],[4.945,46.0362],[4.9444,46.0289],[4.9376,46.0263],[4.9322,46.027],[4.9303,46.0251],[4.9267,46.0239],[4.9233,46.0246],[4.9198,46.0216],[4.9153,46.0224],[4.9126,46.02],[4.9102,46.0205],[4.9112,46.0231],[4.9077,46.0235],[4.9103,46.0309],[4.9068,46.0315],[4.9001,46.0314],[4.896,46.035],[4.8908,46.0351],[4.8894,46.0383],[4.886,46.0368],[4.8844,46.038],[4.8797,46.037],[4.8769,46.0354],[4.873,46.0361],[4.8714,46.0346],[4.864,46.0364],[4.8613,46.0383],[4.861,46.0411],[4.8634,46.0437],[4.858,46.0484],[4.8587,46.0525],[4.8556,46.054],[4.8551,46.0586],[4.8529,46.0633],[4.8513,46.0643],[4.8516,46.0669],[4.8536,46.0687],[4.8525,46.0701],[4.8536,46.076],[4.852,46.0785],[4.8572,46.08],[4.8642,46.0797],[4.8679,46.0814],[4.8725,46.0814],[4.8738,46.0824],[4.8785,46.0811],[4.883,46.0813],[4.885,46.0857],[4.885,46.0939],[4.8928,46.0985],[4.9022,46.1023],[4.9139,46.1065]]]}},{"type":"Feature","properties":{"code":"01390","nom":"Saint-Vulbas","pop":1247},"geometry":{"type":"Polygon","coordinates":[[[5.302,45.8481],[5.3,45.8415],[5.3002,45.8383],[5.2981,45.833],[5.2931,45.8267],[5.2906,45.8205],[5.2906,45.814],[5.2895,45.8118],[5.2868,45.8098],[5.2817,45.807],[5.2765,45.8023],[5.2731,45.7945],[5.2706,45.7921],[5.2665,45.7894],[5.2555,45.7845],[5.2394,45.8103],[5.2321,45.8218],[5.2421,45.8233],[5.2452,45.8249],[5.2467,45.8273],[5.2529,45.8254],[5.2577,45.827],[5.2654,45.8392],[5.2661,45.8422],[5.2697,45.8474],[5.2783,45.8548],[5.2818,45.8574],[5.2865,45.8622],[5.2922,45.8592],[5.2946,45.857],[5.2962,45.8524],[5.2951,45.8513],[5.2982,45.8489],[5.302,45.8481]]]}},{"type":"Feature","properties":{"code":"01391","nom":"Salavre","pop":306},"geometry":{"type":"Polygon","coordinates":[[[5.3649,46.3729],[5.3627,46.3694],[5.3697,46.3688],[5.3696,46.3666],[5.3772,46.364],[5.3754,46.3583],[5.3735,46.3522],[5.3733,46.3512],[5.3658,46.3499],[5.3638,46.3538],[5.3589,46.3551],[5.3582,46.3582],[5.3547,46.3591],[5.3512,46.3578],[5.35,46.3591],[5.347,46.3581],[5.342,46.3578],[5.3391,46.3545],[5.3348,46.3561],[5.3334,46.3577],[5.3148,46.3586],[5.3149,46.3674],[5.316,46.3688],[5.3165,46.3694],[5.3287,46.3681],[5.3329,46.3674],[5.3311,46.372],[5.3316,46.3734],[5.3357,46.3751],[5.3418,46.375],[5.3444,46.3741],[5.3551,46.3746],[5.3584,46.372],[5.3611,46.3714],[5.3649,46.3729]]]}},{"type":"Feature","properties":{"code":"01392","nom":"Samognat","pop":630},"geometry":{"type":"Polygon","coordinates":[[[5.6042,46.2554],[5.6057,46.2533],[5.6011,46.2475],[5.5986,46.2461],[5.5983,46.2427],[5.5965,46.2411],[5.5937,46.2419],[5.5893,46.2375],[5.5876,46.237],[5.5842,46.2387],[5.5831,46.2409],[5.5791,46.241],[5.5721,46.2403],[5.5669,46.2387],[5.5613,46.2394],[5.5604,46.2409],[5.553,46.2424],[5.553,46.246],[5.5605,46.2535],[5.5617,46.2553],[5.5611,46.2579],[5.5642,46.2629],[5.5699,46.2655],[5.5737,46.2639],[5.5794,46.264],[5.5785,46.2664],[5.5809,46.2677],[5.5793,46.2695],[5.5806,46.2752],[5.5824,46.2781],[5.5849,46.28],[5.5863,46.2828],[5.5858,46.2848],[5.5889,46.2878],[5.5898,46.2908],[5.587,46.2925],[5.5898,46.2928],[5.5968,46.2966],[5.5998,46.3012],[5.6022,46.3076],[5.6046,46.3094],[5.6083,46.3073],[5.6041,46.3013],[5.6048,46.3001],[5.6125,46.2991],[5.6075,46.2916],[5.6037,46.2826],[5.6018,46.2794],[5.6017,46.2732],[5.6001,46.2709],[5.5997,46.2661],[5.596,46.2633],[5.5924,46.263],[5.5902,46.26],[5.5942,46.2596],[5.5969,46.2551],[5.6042,46.2554]]]}},{"type":"Feature","properties":{"code":"01393","nom":"Sandrans","pop":582},"geometry":{"type":"Polygon","coordinates":[[[4.993,46.1044],[4.9905,46.0974],[4.9921,46.0973],[4.9963,46.094],[4.9988,46.0937],[4.9992,46.0912],[5.002,46.0901],[5.0023,46.0877],[5.0068,46.0887],[5.009,46.0865],[5.0077,46.0852],[5.009,46.0823],[5.0088,46.0706],[5.0123,46.0692],[5.0121,46.0673],[5.0195,46.0519],[5.0186,46.0506],[5.0208,46.043],[5.0208,46.0412],[5.0263,46.0378],[5.0252,46.0369],[5.0182,46.0376],[5.0177,46.0388],[5.0112,46.0385],[5.0087,46.0403],[4.9997,46.0397],[4.9919,46.0409],[4.9896,46.0428],[4.9861,46.0431],[4.9846,46.0415],[4.9784,46.0419],[4.9756,46.043],[4.9706,46.0434],[4.9692,46.0418],[4.9645,46.0416],[4.9559,46.0425],[4.9536,46.0375],[4.9491,46.0377],[4.9482,46.036],[4.945,46.0362],[4.9441,46.0381],[4.94,46.0401],[4.9405,46.0422],[4.9384,46.0433],[4.9398,46.045],[4.9427,46.0439],[4.9455,46.0455],[4.9419,46.0486],[4.9437,46.0536],[4.9569,46.0544],[4.9548,46.0596],[4.9501,46.0623],[4.9522,46.0661],[4.9503,46.0682],[4.9497,46.0717],[4.9502,46.077],[4.9557,46.0821],[4.9563,46.0845],[4.9602,46.0847],[4.9607,46.0865],[4.9659,46.087],[4.9642,46.0914],[4.9651,46.0932],[4.9633,46.0987],[4.967,46.097],[4.9709,46.0961],[4.9748,46.0986],[4.9797,46.0973],[4.9836,46.101],[4.9885,46.1037],[4.9902,46.1058],[4.993,46.1044]]]}},{"type":"Feature","properties":{"code":"01396","nom":"Sault-Brénaz","pop":1021},"geometry":{"type":"Polygon","coordinates":[[[5.4164,45.8481],[5.4134,45.8523],[5.4099,45.8532],[5.4044,45.8569],[5.4005,45.8595],[5.392,45.8625],[5.3811,45.8669],[5.3782,45.8694],[5.3821,45.8724],[5.39,45.8772],[5.3979,45.8769],[5.3996,45.8792],[5.4031,45.878],[5.4055,45.8753],[5.4151,45.8708],[5.42,45.8719],[5.4192,45.868],[5.4182,45.8653],[5.4202,45.856],[5.4191,45.8524],[5.4205,45.8505],[5.4231,45.8497],[5.4231,45.8473],[5.4216,45.8441],[5.4174,45.8485],[5.4164,45.8481]]]}},{"type":"Feature","properties":{"code":"01397","nom":"Sauverny","pop":1022},"geometry":{"type":"Polygon","coordinates":[[[6.0959,46.313],[6.1019,46.3151],[6.1052,46.317],[6.1094,46.3204],[6.1127,46.3188],[6.1155,46.316],[6.1244,46.3173],[6.1243,46.3157],[6.1203,46.312],[6.1192,46.3078],[6.1148,46.3086],[6.1125,46.3068],[6.1077,46.3076],[6.1044,46.3061],[6.0967,46.3115],[6.0959,46.313]]]}},{"type":"Feature","properties":{"code":"01398","nom":"Savigneux","pop":1469},"geometry":{"type":"Polygon","coordinates":[[[4.8373,45.9733],[4.8376,45.9788],[4.8364,45.983],[4.8368,45.9879],[4.8363,45.9908],[4.8343,45.9953],[4.8328,46.003],[4.8225,46.0044],[4.8271,46.0079],[4.8307,46.0086],[4.8355,46.0106],[4.8352,46.0128],[4.8412,46.0145],[4.8433,46.0129],[4.8475,46.0124],[4.8506,46.0139],[4.8572,46.0126],[4.8582,46.0139],[4.8654,46.0133],[4.8714,46.0136],[4.8757,46.0156],[4.8836,46.0151],[4.8865,46.016],[4.886,46.0134],[4.888,46.0121],[4.8871,46.0024],[4.8816,45.999],[4.8766,45.9893],[4.877,45.9866],[4.8808,45.9858],[4.8784,45.9829],[4.8726,45.9802],[4.8686,45.9796],[4.8625,45.9796],[4.8573,45.979],[4.8543,45.9775],[4.8373,45.9733]]]}},{"type":"Feature","properties":{"code":"01399","nom":"Ségny","pop":2941},"geometry":{"type":"Polygon","coordinates":[[[6.0797,46.3047],[6.0838,46.3018],[6.0855,46.2958],[6.0878,46.2941],[6.082,46.2889],[6.0786,46.2874],[6.0758,46.2831],[6.0699,46.2857],[6.0677,46.2873],[6.0664,46.2844],[6.0642,46.2861],[6.0589,46.2879],[6.0613,46.2903],[6.0586,46.2929],[6.0655,46.3001],[6.0651,46.301],[6.0691,46.3008],[6.078,46.3057],[6.0797,46.3047]]]}},{"type":"Feature","properties":{"code":"01400","nom":"Seillonnaz","pop":134},"geometry":{"type":"Polygon","coordinates":[[[5.4804,45.7915],[5.4769,45.8047],[5.477,45.8118],[5.4814,45.8169],[5.484,45.8155],[5.4887,45.8155],[5.4962,45.819],[5.498,45.8206],[5.4982,45.8162],[5.5008,45.8114],[5.5052,45.8057],[5.5074,45.8036],[5.509,45.8003],[5.5162,45.7933],[5.5209,45.7894],[5.5262,45.7886],[5.5312,45.789],[5.5289,45.7857],[5.524,45.7836],[5.522,45.7812],[5.5192,45.7807],[5.5162,45.7821],[5.5125,45.7808],[5.5101,45.7817],[5.5034,45.7827],[5.4981,45.7811],[5.4907,45.782],[5.4837,45.7866],[5.4835,45.7916],[5.4804,45.7915]]]}},{"type":"Feature","properties":{"code":"01401","nom":"Sergy","pop":2288},"geometry":{"type":"Polygon","coordinates":[[[5.958,46.2854],[5.9595,46.2843],[5.9635,46.2841],[6.0035,46.263],[6.007,46.2625],[6.0126,46.2607],[6.0158,46.2585],[6.0197,46.2593],[6.0215,46.2621],[6.0277,46.2619],[6.0263,46.2586],[6.0252,46.2532],[6.0164,46.246],[6.0125,46.2416],[6.0141,46.2393],[6.0113,46.2375],[6.0088,46.2402],[6,46.2475],[5.9958,46.2492],[5.9921,46.2533],[5.9895,46.255],[5.99,46.2565],[5.9849,46.2585],[5.9843,46.2596],[5.9701,46.2654],[5.9481,46.2737],[5.9466,46.2746],[5.958,46.2854]]]}},{"type":"Feature","properties":{"code":"01402","nom":"Sermoyer","pop":670},"geometry":{"type":"Polygon","coordinates":[[[4.9357,46.5143],[4.9403,46.5119],[4.943,46.5149],[4.947,46.5141],[4.9514,46.5145],[4.9546,46.5124],[4.9523,46.5108],[4.9453,46.5116],[4.944,46.5053],[4.947,46.5039],[4.9487,46.5014],[4.9519,46.5002],[4.9534,46.5044],[4.958,46.5061],[4.9595,46.5078],[4.9636,46.508],[4.9651,46.5061],[4.9696,46.5053],[4.9713,46.508],[4.9702,46.5089],[4.9638,46.511],[4.9625,46.5122],[4.9658,46.5136],[4.9705,46.5145],[4.9799,46.5153],[4.983,46.5156],[4.9884,46.5139],[4.9916,46.5123],[4.9966,46.5116],[5.0003,46.512],[5.0046,46.51],[5.0104,46.5112],[5.0113,46.5097],[5.0094,46.507],[5.0119,46.5058],[5.0121,46.503],[5.0144,46.5004],[5.0139,46.4984],[5.0163,46.4962],[5.0171,46.4937],[5.0139,46.4928],[5.0103,46.4906],[5.0089,46.4856],[5.0088,46.4824],[5.0061,46.4798],[5.0068,46.478],[5.0006,46.4775],[5.0004,46.479],[4.9916,46.4824],[4.9881,46.483],[4.9817,46.4826],[4.9788,46.4839],[4.9758,46.4826],[4.9724,46.484],[4.9636,46.4852],[4.9581,46.4869],[4.9497,46.4908],[4.9441,46.4865],[4.9425,46.4875],[4.948,46.498],[4.9385,46.4999],[4.9293,46.5042],[4.9315,46.5103],[4.9335,46.5125],[4.9357,46.5143]]]}},{"type":"Feature","properties":{"code":"01403","nom":"Serrières-de-Briord","pop":1317},"geometry":{"type":"Polygon","coordinates":[[[5.4382,45.7955],[5.4351,45.7979],[5.4312,45.8021],[5.4242,45.8061],[5.4231,45.8073],[5.4214,45.8112],[5.421,45.8213],[5.4223,45.8233],[5.4265,45.8248],[5.431,45.8241],[5.435,45.8252],[5.4352,45.8298],[5.4423,45.8287],[5.4438,45.8269],[5.4504,45.829],[5.4536,45.8235],[5.4551,45.8242],[5.4602,45.8189],[5.4611,45.8164],[5.4638,45.8138],[5.4638,45.8116],[5.458,45.808],[5.4598,45.8034],[5.453,45.8006],[5.4426,45.7972],[5.4382,45.7955]]]}},{"type":"Feature","properties":{"code":"01404","nom":"Serrières-sur-Ain","pop":135},"geometry":{"type":"Polygon","coordinates":[[[5.4615,46.1773],[5.4634,46.1789],[5.4649,46.1784],[5.4641,46.1728],[5.4678,46.1729],[5.4728,46.1711],[5.4709,46.1673],[5.4707,46.1633],[5.4658,46.1555],[5.4639,46.1509],[5.464,46.1475],[5.4597,46.1428],[5.4593,46.1403],[5.4562,46.1401],[5.4549,46.1379],[5.4511,46.1357],[5.4481,46.1297],[5.4442,46.1268],[5.4417,46.1261],[5.4408,46.1219],[5.4357,46.1187],[5.4349,46.12],[5.4281,46.119],[5.4218,46.1197],[5.4217,46.1226],[5.4314,46.1223],[5.4351,46.1257],[5.4351,46.1275],[5.4319,46.1313],[5.4297,46.1378],[5.4306,46.1416],[5.4347,46.145],[5.4378,46.1484],[5.4434,46.1492],[5.4467,46.1515],[5.4495,46.1575],[5.4535,46.1622],[5.4568,46.1652],[5.4579,46.17],[5.4596,46.1721],[5.4632,46.1747],[5.4615,46.1773]]]}},{"type":"Feature","properties":{"code":"01405","nom":"Servas","pop":1286},"geometry":{"type":"Polygon","coordinates":[[[5.1581,46.1068],[5.157,46.1112],[5.1522,46.1157],[5.1503,46.1197],[5.1506,46.1224],[5.1484,46.125],[5.1477,46.1295],[5.1488,46.1316],[5.1465,46.1376],[5.1534,46.1381],[5.1567,46.1391],[5.1574,46.1426],[5.1638,46.1431],[5.1724,46.1459],[5.1717,46.1476],[5.1748,46.1481],[5.1788,46.1522],[5.1858,46.1537],[5.1827,46.1568],[5.1847,46.161],[5.1891,46.1612],[5.1916,46.1644],[5.1972,46.1631],[5.2003,46.1599],[5.2022,46.1613],[5.2098,46.1605],[5.2138,46.1587],[5.2191,46.1583],[5.22,46.1558],[5.2233,46.1543],[5.2263,46.1506],[5.2242,46.1457],[5.2182,46.1477],[5.213,46.1469],[5.2053,46.147],[5.202,46.1485],[5.1946,46.1477],[5.1921,46.1455],[5.1909,46.1416],[5.1884,46.1398],[5.1861,46.1396],[5.1845,46.1366],[5.1816,46.1347],[5.1798,46.1299],[5.1778,46.1303],[5.1746,46.1273],[5.1749,46.1231],[5.1732,46.1215],[5.1734,46.1168],[5.1687,46.1168],[5.1661,46.115],[5.1657,46.1114],[5.1635,46.1103],[5.1632,46.1077],[5.1581,46.1068]]]}},{"type":"Feature","properties":{"code":"01406","nom":"Servignat","pop":186},"geometry":{"type":"Polygon","coordinates":[[[5.0815,46.4241],[5.076,46.4248],[5.0735,46.4244],[5.0659,46.4261],[5.0632,46.425],[5.0595,46.4249],[5.0529,46.4261],[5.0503,46.4275],[5.0438,46.4254],[5.0375,46.4212],[5.0327,46.4213],[5.0352,46.4328],[5.0352,46.4482],[5.0372,46.4481],[5.0406,46.4495],[5.0484,46.4473],[5.0547,46.447],[5.0576,46.4459],[5.0645,46.4461],[5.0699,46.4449],[5.0705,46.4431],[5.0699,46.4393],[5.0733,46.4381],[5.0756,46.4389],[5.0758,46.4349],[5.0786,46.4337],[5.082,46.4339],[5.0826,46.4309],[5.0848,46.4301],[5.0845,46.428],[5.0815,46.4241]]]}},{"type":"Feature","properties":{"code":"01407","nom":"Seyssel","pop":1008},"geometry":{"type":"Polygon","coordinates":[[[5.8163,45.9366],[5.8172,45.9376],[5.8182,45.9451],[5.8244,45.9525],[5.8237,45.9578],[5.8249,45.9615],[5.8326,45.9619],[5.8328,45.9569],[5.8346,45.9542],[5.835,45.9514],[5.833,45.9497],[5.8314,45.9423],[5.8301,45.9409],[5.8251,45.9386],[5.8214,45.9334],[5.8163,45.9366]]]}},{"type":"Feature","properties":{"code":"01408","nom":"Simandre-sur-Suran","pop":673},"geometry":{"type":"Polygon","coordinates":[[[5.3909,46.2304],[5.3934,46.235],[5.3957,46.241],[5.3966,46.2422],[5.4038,46.2428],[5.4184,46.2456],[5.4173,46.252],[5.4251,46.2524],[5.4295,46.2573],[5.4345,46.2571],[5.4415,46.2578],[5.4416,46.2543],[5.4437,46.2517],[5.4489,46.25],[5.4542,46.251],[5.4574,46.2475],[5.4508,46.2373],[5.4478,46.231],[5.4445,46.2251],[5.4392,46.2216],[5.4375,46.2192],[5.4327,46.2202],[5.4298,46.2145],[5.4271,46.2124],[5.4222,46.2133],[5.4159,46.2145],[5.412,46.2123],[5.4071,46.2146],[5.404,46.2173],[5.394,46.2194],[5.3933,46.2184],[5.3859,46.2208],[5.3854,46.2221],[5.3909,46.2304]]]}},{"type":"Feature","properties":{"code":"01410","nom":"Sonthonnax-la-Montagne","pop":293},"geometry":{"type":"Polygon","coordinates":[[[5.5327,46.2255],[5.5317,46.2225],[5.5275,46.2221],[5.5274,46.2151],[5.5154,46.2181],[5.5057,46.2131],[5.4991,46.1995],[5.4941,46.1919],[5.4941,46.1881],[5.4895,46.1895],[5.4886,46.1914],[5.4906,46.2005],[5.4872,46.2016],[5.4846,46.2002],[5.4821,46.2009],[5.478,46.2005],[5.4731,46.2015],[5.4695,46.2059],[5.4699,46.2077],[5.4749,46.2093],[5.4781,46.2122],[5.4819,46.2181],[5.4874,46.2169],[5.4895,46.2186],[5.4919,46.2187],[5.4919,46.225],[5.49,46.2266],[5.4945,46.233],[5.4975,46.232],[5.503,46.2348],[5.5074,46.2346],[5.5105,46.2413],[5.5071,46.243],[5.51,46.2464],[5.5107,46.2486],[5.5199,46.2589],[5.5222,46.2572],[5.5298,46.2557],[5.5275,46.2531],[5.5272,46.2505],[5.5301,46.2464],[5.5286,46.2438],[5.5327,46.241],[5.5314,46.2367],[5.532,46.2318],[5.5336,46.2298],[5.5327,46.2255]]]}},{"type":"Feature","properties":{"code":"01411","nom":"Souclin","pop":262},"geometry":{"type":"Polygon","coordinates":[[[5.4005,45.9038],[5.4115,45.8958],[5.4142,45.8961],[5.4157,45.8964],[5.4214,45.8948],[5.4392,45.8877],[5.4393,45.8851],[5.4408,45.8838],[5.447,45.8833],[5.4517,45.8797],[5.4557,45.8806],[5.4707,45.8743],[5.4721,45.8718],[5.4763,45.87],[5.4771,45.8688],[5.4739,45.8692],[5.4706,45.8676],[5.4635,45.8708],[5.4588,45.8722],[5.4566,45.8676],[5.4581,45.8654],[5.4604,45.8602],[5.458,45.8585],[5.4546,45.8599],[5.4538,45.8618],[5.4491,45.8631],[5.4484,45.8611],[5.4442,45.8614],[5.4399,45.8587],[5.4361,45.8622],[5.4346,45.8606],[5.4269,45.8615],[5.4192,45.868],[5.42,45.8719],[5.4151,45.8708],[5.4055,45.8753],[5.4031,45.878],[5.3996,45.8792],[5.4021,45.8825],[5.3964,45.8886],[5.402,45.8896],[5.4033,45.8925],[5.3983,45.8958],[5.4012,45.9003],[5.3997,45.9032],[5.4005,45.9038]]]}},{"type":"Feature","properties":{"code":"01412","nom":"Sulignat","pop":602},"geometry":{"type":"Polygon","coordinates":[[[4.9329,46.1835],[4.9337,46.1841],[4.9381,46.1853],[4.9409,46.1877],[4.9464,46.189],[4.9476,46.1881],[4.9565,46.1874],[4.9665,46.1833],[4.9706,46.1871],[4.9735,46.1869],[4.9756,46.1891],[4.9756,46.1916],[4.9797,46.1912],[4.9802,46.1864],[4.9852,46.1863],[4.9871,46.1837],[4.9868,46.1823],[4.9889,46.1798],[4.985,46.1791],[4.9817,46.1794],[4.9767,46.1749],[4.9772,46.1726],[4.9739,46.1694],[4.9717,46.166],[4.9681,46.1656],[4.9686,46.1616],[4.9701,46.1596],[4.9694,46.1568],[4.9639,46.156],[4.9634,46.1542],[4.9599,46.1547],[4.9584,46.1533],[4.9477,46.157],[4.9437,46.1569],[4.9421,46.1602],[4.9373,46.1609],[4.937,46.1633],[4.9315,46.1623],[4.9317,46.1649],[4.9336,46.1657],[4.9326,46.1686],[4.9359,46.1697],[4.9385,46.1724],[4.94,46.1767],[4.9354,46.1806],[4.9329,46.1835]]]}},{"type":"Feature","properties":{"code":"01415","nom":"Talissieu","pop":508},"geometry":{"type":"Polygon","coordinates":[[[5.7281,45.8483],[5.7215,45.8553],[5.7167,45.8545],[5.7101,45.8591],[5.7047,45.8612],[5.7069,45.8629],[5.7042,45.8648],[5.7013,45.8638],[5.6995,45.866],[5.7022,45.8667],[5.7022,45.8714],[5.7034,45.8748],[5.7086,45.8742],[5.7101,45.8767],[5.712,45.8735],[5.7172,45.8711],[5.7201,45.8708],[5.7228,45.8718],[5.7268,45.8704],[5.7308,45.8709],[5.7337,45.8684],[5.7404,45.8643],[5.734,45.8549],[5.7331,45.8521],[5.7301,45.851],[5.7281,45.8483]]]}},{"type":"Feature","properties":{"code":"01416","nom":"Tenay","pop":1030},"geometry":{"type":"Polygon","coordinates":[[[5.5382,45.9345],[5.5374,45.9296],[5.532,45.9235],[5.5317,45.9196],[5.53,45.9174],[5.5239,45.9169],[5.5228,45.9184],[5.5187,45.9174],[5.5155,45.9122],[5.5174,45.9096],[5.5171,45.9034],[5.5219,45.8988],[5.534,45.8943],[5.5288,45.892],[5.5261,45.8899],[5.5237,45.891],[5.5159,45.8897],[5.5047,45.9039],[5.4939,45.9053],[5.4934,45.9081],[5.4916,45.9101],[5.491,45.9142],[5.4919,45.9163],[5.4952,45.9173],[5.4969,45.9193],[5.4991,45.9254],[5.5009,45.927],[5.4986,45.9307],[5.5011,45.9321],[5.5011,45.9355],[5.5039,45.9394],[5.5014,45.9409],[5.5024,45.9433],[5.5051,45.9444],[5.5112,45.9479],[5.5135,45.9505],[5.5186,45.9494],[5.5179,45.9519],[5.5197,45.9547],[5.5222,45.9511],[5.5229,45.9461],[5.5239,45.9454],[5.5307,45.9451],[5.5327,45.9434],[5.5319,45.9364],[5.5337,45.9353],[5.5382,45.9345]]]}},{"type":"Feature","properties":{"code":"01418","nom":"Thil","pop":1261},"geometry":{"type":"Polygon","coordinates":[[[5.0381,45.8086],[5.0348,45.8079],[5.0284,45.8097],[5.0218,45.8085],[5.0197,45.8065],[5.0165,45.8059],[5.0107,45.8054],[5.0061,45.8072],[5.0024,45.8102],[5.0006,45.8103],[5.0007,45.8153],[4.9999,45.8186],[5.0059,45.8203],[5.0072,45.8242],[5.0172,45.8313],[5.0193,45.8314],[5.021,45.8288],[5.0203,45.8271],[5.0263,45.8261],[5.0353,45.8257],[5.0319,45.8233],[5.0308,45.818],[5.0316,45.8156],[5.0381,45.8086]]]}},{"type":"Feature","properties":{"code":"01419","nom":"Thoiry","pop":6569},"geometry":{"type":"Polygon","coordinates":[[[5.9466,46.2746],[5.9481,46.2737],[5.9701,46.2654],[5.9843,46.2596],[5.9849,46.2585],[5.99,46.2565],[5.9895,46.255],[5.9921,46.2533],[5.9958,46.2492],[6,46.2475],[6.0088,46.2402],[6.0113,46.2375],[6.0141,46.2393],[6.0175,46.2329],[6.0164,46.232],[6.0123,46.2285],[6.0081,46.2264],[6.0072,46.2239],[6.0029,46.2223],[6.0015,46.2205],[5.9976,46.2223],[5.9929,46.223],[5.9902,46.2217],[5.9937,46.2173],[5.9928,46.2152],[5.9841,46.2172],[5.9792,46.2173],[5.9746,46.215],[5.9652,46.2183],[5.9603,46.2222],[5.9583,46.225],[5.9551,46.2257],[5.9511,46.2282],[5.9458,46.2297],[5.9272,46.2369],[5.9203,46.239],[5.9209,46.2419],[5.923,46.2463],[5.9217,46.2549],[5.9246,46.2596],[5.9194,46.2599],[5.9204,46.2622],[5.9328,46.2663],[5.936,46.2678],[5.9395,46.2709],[5.9437,46.2723],[5.9466,46.2746]]]}},{"type":"Feature","properties":{"code":"01420","nom":"Thoissey","pop":1626},"geometry":{"type":"Polygon","coordinates":[[[4.7918,46.1638],[4.7849,46.1675],[4.7824,46.1716],[4.792,46.1735],[4.7928,46.1723],[4.7981,46.1735],[4.7984,46.1751],[4.8062,46.1755],[4.8102,46.1736],[4.8094,46.1722],[4.8046,46.1715],[4.803,46.1686],[4.7986,46.1668],[4.7957,46.168],[4.792,46.1655],[4.7918,46.1638]]]}},{"type":"Feature","properties":{"code":"01421","nom":"Torcieu","pop":739},"geometry":{"type":"Polygon","coordinates":[[[5.4142,45.8961],[5.4115,45.8958],[5.4005,45.9038],[5.3949,45.906],[5.3937,45.9052],[5.3886,45.9062],[5.3875,45.9089],[5.3882,45.9118],[5.3857,45.9123],[5.3841,45.9141],[5.3828,45.9179],[5.3825,45.9204],[5.3832,45.924],[5.3864,45.9312],[5.3889,45.9332],[5.3905,45.9372],[5.3933,45.9399],[5.4008,45.9427],[5.4088,45.9421],[5.412,45.9401],[5.4149,45.9401],[5.4172,45.9376],[5.4195,45.9375],[5.4162,45.9323],[5.4164,45.9305],[5.4201,45.928],[5.4248,45.9238],[5.4286,45.9221],[5.4254,45.9185],[5.4198,45.9171],[5.4181,45.9109],[5.4165,45.9072],[5.4126,45.9045],[5.4135,45.9018],[5.4118,45.8977],[5.4142,45.8961]]]}},{"type":"Feature","properties":{"code":"01422","nom":"Tossiat","pop":1425},"geometry":{"type":"Polygon","coordinates":[[[5.3181,46.1523],[5.3192,46.1489],[5.3219,46.1497],[5.3266,46.147],[5.3256,46.1438],[5.3278,46.1425],[5.3289,46.14],[5.3338,46.1377],[5.3342,46.1292],[5.3287,46.1315],[5.3226,46.1323],[5.3172,46.1317],[5.3062,46.129],[5.302,46.1275],[5.2979,46.1217],[5.2975,46.1186],[5.293,46.1184],[5.2924,46.1163],[5.289,46.1172],[5.2882,46.1211],[5.2851,46.1233],[5.2826,46.1344],[5.2814,46.1355],[5.2836,46.1387],[5.281,46.1429],[5.2829,46.1445],[5.2809,46.147],[5.2869,46.1491],[5.2909,46.1517],[5.2904,46.1548],[5.2922,46.1552],[5.3005,46.1537],[5.3073,46.1534],[5.3076,46.1528],[5.3181,46.1523]]]}},{"type":"Feature","properties":{"code":"01423","nom":"Toussieux","pop":1257},"geometry":{"type":"Polygon","coordinates":[[[4.8447,45.9525],[4.8372,45.9503],[4.837,45.9513],[4.8289,45.9504],[4.8271,45.9515],[4.8236,45.9515],[4.8234,45.9498],[4.8154,45.9487],[4.8148,45.957],[4.813,45.9611],[4.8196,45.9686],[4.8254,45.9707],[4.8373,45.9733],[4.8441,45.9604],[4.8447,45.9525]]]}},{"type":"Feature","properties":{"code":"01424","nom":"Tramoyes","pop":1852},"geometry":{"type":"Polygon","coordinates":[[[4.9894,45.8705],[4.9908,45.8671],[4.9935,45.8628],[4.9897,45.8609],[4.9838,45.8588],[4.973,45.8583],[4.9646,45.8571],[4.9591,45.8594],[4.9509,45.8636],[4.9379,45.8688],[4.9348,45.8689],[4.9311,45.8716],[4.9315,45.8726],[4.9319,45.8833],[4.9469,45.8862],[4.9465,45.8877],[4.9532,45.8866],[4.9567,45.8899],[4.9566,45.8913],[4.9632,45.89],[4.9655,45.8887],[4.9706,45.889],[4.9741,45.8907],[4.9797,45.8902],[4.9835,45.8882],[4.9898,45.8867],[4.9915,45.8856],[4.989,45.8809],[4.9888,45.876],[4.9873,45.8715],[4.9894,45.8705]]]}},{"type":"Feature","properties":{"code":"01425","nom":"La Tranclière","pop":290},"geometry":{"type":"Polygon","coordinates":[[[5.2937,46.1113],[5.2945,46.1107],[5.2957,46.1031],[5.2934,46.1029],[5.293,46.0999],[5.2877,46.0946],[5.2868,46.092],[5.2772,46.092],[5.2761,46.0893],[5.2707,46.087],[5.2677,46.0866],[5.2633,46.0833],[5.2618,46.08],[5.2546,46.0713],[5.2523,46.0643],[5.248,46.0632],[5.2481,46.0656],[5.2465,46.0698],[5.2436,46.0717],[5.2432,46.0743],[5.2404,46.0744],[5.24,46.0766],[5.2424,46.084],[5.2422,46.087],[5.2402,46.0884],[5.2419,46.0937],[5.2366,46.0971],[5.2355,46.1005],[5.2364,46.1016],[5.2361,46.1055],[5.2408,46.107],[5.2416,46.1109],[5.2399,46.113],[5.2433,46.114],[5.2512,46.1144],[5.2584,46.1156],[5.2602,46.1193],[5.2639,46.1197],[5.2659,46.1181],[5.2697,46.1177],[5.2702,46.1142],[5.2752,46.1157],[5.2819,46.1114],[5.2889,46.1099],[5.2937,46.1113]]]}},{"type":"Feature","properties":{"code":"01426","nom":"Val-Revermont","pop":2488},"geometry":{"type":"Polygon","coordinates":[[[5.3674,46.2352],[5.3714,46.2401],[5.3714,46.246],[5.3738,46.2494],[5.3713,46.2523],[5.3672,46.2539],[5.3651,46.2574],[5.3558,46.2592],[5.3518,46.2617],[5.3492,46.2601],[5.3459,46.2614],[5.3423,46.2593],[5.3386,46.2585],[5.3357,46.2593],[5.3273,46.2678],[5.3217,46.2705],[5.3199,46.2701],[5.3078,46.2744],[5.3026,46.2768],[5.3058,46.2805],[5.3091,46.2817],[5.3093,46.2863],[5.3069,46.2913],[5.3096,46.2928],[5.3118,46.2976],[5.3171,46.2978],[5.3229,46.2965],[5.3292,46.3005],[5.3337,46.3043],[5.3383,46.3069],[5.3355,46.3091],[5.3345,46.3122],[5.3448,46.3137],[5.3466,46.3127],[5.3505,46.315],[5.355,46.3164],[5.3543,46.3206],[5.36,46.3212],[5.3649,46.3197],[5.3688,46.3197],[5.3718,46.3217],[5.3751,46.3257],[5.384,46.3265],[5.3852,46.3277],[5.3913,46.328],[5.4017,46.3328],[5.4043,46.3328],[5.4039,46.3292],[5.4048,46.3217],[5.4041,46.3148],[5.4029,46.3033],[5.3997,46.2966],[5.3968,46.2937],[5.3952,46.2901],[5.3933,46.2837],[5.3923,46.2776],[5.3959,46.2746],[5.3924,46.2663],[5.3945,46.2655],[5.3939,46.2626],[5.391,46.259],[5.391,46.2552],[5.3893,46.2536],[5.3893,46.2508],[5.3914,46.2495],[5.3957,46.241],[5.3934,46.235],[5.3909,46.2304],[5.3826,46.2324],[5.3815,46.2334],[5.3736,46.234],[5.3674,46.2352]]]}},{"type":"Feature","properties":{"code":"01427","nom":"Trévoux","pop":7013},"geometry":{"type":"Polygon","coordinates":[[[4.7611,45.935],[4.7559,45.9345],[4.7472,45.9371],[4.7447,45.9373],[4.7449,45.9393],[4.7476,45.9474],[4.7504,45.949],[4.7519,45.952],[4.7558,45.9535],[4.7569,45.9543],[4.762,45.9548],[4.7654,45.9503],[4.7674,45.945],[4.7707,45.9441],[4.7772,45.945],[4.7859,45.9457],[4.7905,45.9452],[4.7972,45.9401],[4.7958,45.9344],[4.7887,45.9243],[4.7801,45.9365],[4.7777,45.9383],[4.7723,45.9392],[4.7611,45.935]]]}},{"type":"Feature","properties":{"code":"01428","nom":"Valeins","pop":128},"geometry":{"type":"Polygon","coordinates":[[[4.8808,46.1182],[4.8805,46.1124],[4.8812,46.1048],[4.8764,46.1038],[4.865,46.1064],[4.8538,46.1078],[4.8546,46.1111],[4.8507,46.1106],[4.849,46.1134],[4.848,46.1171],[4.8484,46.1212],[4.8527,46.1234],[4.8594,46.1244],[4.8631,46.1255],[4.8645,46.1239],[4.8679,46.1245],[4.8707,46.1227],[4.8712,46.1211],[4.8752,46.1194],[4.8808,46.1182]]]}},{"type":"Feature","properties":{"code":"01429","nom":"Vandeins","pop":732},"geometry":{"type":"Polygon","coordinates":[[[5.0583,46.2207],[5.056,46.2245],[5.0589,46.2268],[5.0632,46.2268],[5.0608,46.2317],[5.0612,46.2334],[5.0648,46.2326],[5.0661,46.2309],[5.0722,46.2294],[5.0758,46.2302],[5.0843,46.2312],[5.0859,46.2321],[5.0913,46.2318],[5.0955,46.2333],[5.0954,46.2358],[5.0982,46.2351],[5.101,46.2332],[5.1013,46.2292],[5.0978,46.2235],[5.0977,46.2148],[5.1003,46.2132],[5.0974,46.2061],[5.0949,46.2054],[5.0973,46.2027],[5.0948,46.2021],[5.0898,46.1953],[5.0851,46.1963],[5.0814,46.2008],[5.0787,46.2015],[5.0718,46.2076],[5.0655,46.2099],[5.064,46.2136],[5.0619,46.2136],[5.0595,46.2172],[5.0583,46.2207]]]}},{"type":"Feature","properties":{"code":"01430","nom":"Varambon","pop":675},"geometry":{"type":"Polygon","coordinates":[[[5.3193,46.0439],[5.3246,46.0418],[5.3144,46.0304],[5.3114,46.0255],[5.305,46.0272],[5.3023,46.0295],[5.2973,46.0297],[5.2937,46.0321],[5.2918,46.031],[5.2897,46.033],[5.2902,46.0355],[5.2854,46.0395],[5.2824,46.0471],[5.2827,46.05],[5.2803,46.0497],[5.2784,46.0512],[5.2748,46.0509],[5.2736,46.0495],[5.2689,46.048],[5.2614,46.0373],[5.26,46.0383],[5.2614,46.0407],[5.2572,46.0414],[5.2586,46.0436],[5.2639,46.0512],[5.2712,46.0547],[5.2732,46.0595],[5.2768,46.0617],[5.2812,46.0629],[5.2876,46.0633],[5.2881,46.0617],[5.2856,46.0581],[5.2858,46.056],[5.2887,46.0531],[5.2927,46.0516],[5.299,46.0476],[5.3056,46.0478],[5.3107,46.0485],[5.3153,46.0479],[5.3193,46.0439]]]}},{"type":"Feature","properties":{"code":"01431","nom":"Vaux-en-Bugey","pop":1201},"geometry":{"type":"Polygon","coordinates":[[[5.3621,45.9371],[5.3656,45.9368],[5.3691,45.9353],[5.3682,45.9299],[5.3721,45.9285],[5.3714,45.9264],[5.3774,45.9256],[5.3784,45.9213],[5.3828,45.9179],[5.3841,45.9141],[5.3857,45.9123],[5.3882,45.9118],[5.3875,45.9089],[5.3886,45.9062],[5.3937,45.9052],[5.3949,45.906],[5.4005,45.9038],[5.3997,45.9032],[5.3927,45.9014],[5.3869,45.9001],[5.3817,45.9003],[5.3791,45.8998],[5.3752,45.9015],[5.3758,45.9033],[5.3738,45.9053],[5.3707,45.9065],[5.3683,45.9115],[5.3654,45.9131],[5.3632,45.9159],[5.3592,45.9192],[5.3516,45.9213],[5.3488,45.921],[5.3453,45.9223],[5.3372,45.9215],[5.3326,45.9214],[5.3316,45.9246],[5.3219,45.9224],[5.3219,45.9261],[5.3307,45.9276],[5.3349,45.9292],[5.3366,45.931],[5.346,45.9316],[5.3498,45.9362],[5.3528,45.9357],[5.3559,45.9365],[5.3596,45.9355],[5.3621,45.9371]]]}},{"type":"Feature","properties":{"code":"01432","nom":"Verjon","pop":346},"geometry":{"type":"Polygon","coordinates":[[[5.3391,46.3545],[5.342,46.3578],[5.347,46.3581],[5.35,46.3591],[5.3512,46.3578],[5.3547,46.3591],[5.3582,46.3582],[5.3589,46.3551],[5.3638,46.3538],[5.3658,46.3499],[5.3668,46.3464],[5.361,46.3426],[5.3585,46.339],[5.3531,46.3382],[5.3527,46.3358],[5.3482,46.334],[5.3372,46.3347],[5.3344,46.3339],[5.3311,46.3369],[5.3306,46.3399],[5.3344,46.3427],[5.3342,46.3461],[5.3378,46.3494],[5.3404,46.3499],[5.341,46.3538],[5.3391,46.3545]]]}},{"type":"Feature","properties":{"code":"01433","nom":"Vernoux","pop":290},"geometry":{"type":"Polygon","coordinates":[[[5.0714,46.4859],[5.0764,46.486],[5.0762,46.4888],[5.084,46.4904],[5.0882,46.4929],[5.0887,46.4957],[5.0921,46.4958],[5.0957,46.4993],[5.0978,46.4993],[5.0994,46.4968],[5.109,46.4916],[5.1146,46.4928],[5.1159,46.496],[5.1213,46.4981],[5.1281,46.4997],[5.1311,46.5014],[5.1341,46.5015],[5.1321,46.4983],[5.1327,46.4954],[5.1352,46.4938],[5.1356,46.4916],[5.1343,46.4873],[5.1327,46.4862],[5.1279,46.4805],[5.1245,46.4771],[5.1234,46.4727],[5.1163,46.4732],[5.1146,46.47],[5.1096,46.4693],[5.1013,46.4723],[5.0945,46.4753],[5.0906,46.4795],[5.0841,46.4813],[5.0843,46.4793],[5.0828,46.4741],[5.08,46.4739],[5.0756,46.4715],[5.0714,46.4859]]]}},{"type":"Feature","properties":{"code":"01434","nom":"Versailleux","pop":497},"geometry":{"type":"Polygon","coordinates":[[[5.0725,45.9666],[5.0753,45.9694],[5.0804,45.9698],[5.0793,45.9753],[5.0801,45.9784],[5.0784,45.9829],[5.0786,45.9854],[5.0763,45.995],[5.0783,45.9962],[5.0813,45.9958],[5.0819,45.9976],[5.0946,45.9962],[5.0942,46.0009],[5.0979,46.001],[5.1037,46.0031],[5.1044,46.0084],[5.112,46.0089],[5.12,46.0111],[5.1247,46.0112],[5.1274,46.0084],[5.1281,46.0041],[5.1314,45.9998],[5.1315,45.9957],[5.1338,45.9905],[5.1378,45.9887],[5.1449,45.9878],[5.148,45.9883],[5.1508,45.9872],[5.1524,45.9846],[5.1567,45.9812],[5.1568,45.9796],[5.1573,45.9756],[5.1559,45.9747],[5.1497,45.9743],[5.1507,45.9782],[5.1444,45.976],[5.141,45.9757],[5.1422,45.9722],[5.1464,45.9722],[5.1467,45.9702],[5.1445,45.9688],[5.1417,45.9712],[5.1319,45.9698],[5.1286,45.9705],[5.1255,45.9693],[5.1244,45.9698],[5.117,45.9666],[5.1116,45.9712],[5.1089,45.9683],[5.1004,45.9704],[5.0917,45.9676],[5.0883,45.9686],[5.0836,45.9677],[5.0823,45.9661],[5.079,45.9666],[5.0757,45.9653],[5.0725,45.9666]]]}},{"type":"Feature","properties":{"code":"01435","nom":"Versonnex","pop":2182},"geometry":{"type":"Polygon","coordinates":[[[6.0878,46.2941],[6.0855,46.2958],[6.0838,46.3018],[6.0797,46.3047],[6.081,46.3071],[6.0902,46.3123],[6.0959,46.313],[6.0967,46.3115],[6.1044,46.3061],[6.1077,46.3076],[6.1125,46.3068],[6.1148,46.3086],[6.1192,46.3078],[6.1206,46.3061],[6.1188,46.3028],[6.1218,46.2991],[6.1209,46.2971],[6.1166,46.294],[6.1133,46.2941],[6.1116,46.2915],[6.1045,46.287],[6.1024,46.2849],[6.0989,46.2867],[6.0954,46.2899],[6.0913,46.291],[6.0878,46.2941]]]}},{"type":"Feature","properties":{"code":"01436","nom":"Vesancy","pop":520},"geometry":{"type":"Polygon","coordinates":[[[6.1111,46.3477],[6.1011,46.3437],[6.0969,46.3426],[6.0943,46.3406],[6.0909,46.3348],[6.0825,46.3359],[6.0768,46.341],[6.076,46.3461],[6.0769,46.3501],[6.0782,46.3509],[6.0781,46.3556],[6.0758,46.3608],[6.0729,46.3647],[6.0699,46.3675],[6.0696,46.3705],[6.0666,46.3713],[6.0644,46.3734],[6.0643,46.3783],[6.0595,46.3845],[6.0648,46.3888],[6.066,46.3915],[6.0726,46.3889],[6.0783,46.388],[6.0828,46.3832],[6.082,46.3796],[6.0832,46.376],[6.1007,46.3627],[6.1,46.3606],[6.1058,46.3581],[6.111,46.3498],[6.1111,46.3477]]]}},{"type":"Feature","properties":{"code":"01437","nom":"Vescours","pop":221},"geometry":{"type":"Polygon","coordinates":[[[5.0144,46.5004],[5.0183,46.499],[5.0228,46.4964],[5.0261,46.4959],[5.0287,46.4918],[5.0327,46.492],[5.0405,46.4915],[5.0446,46.4902],[5.0463,46.4885],[5.0513,46.4866],[5.0547,46.4841],[5.0528,46.4806],[5.0536,46.4784],[5.0496,46.4765],[5.0477,46.4733],[5.0442,46.4739],[5.0403,46.4734],[5.0371,46.4714],[5.0347,46.4683],[5.0378,46.4664],[5.0379,46.4638],[5.0409,46.4629],[5.0402,46.4603],[5.0337,46.4533],[5.0331,46.4515],[5.0147,46.4483],[5.016,46.4532],[5.0141,46.4571],[5.0138,46.4599],[5.0115,46.4603],[5.0099,46.4644],[5.0074,46.4624],[5.0025,46.467],[5.0065,46.469],[5.0055,46.4727],[5.0084,46.4765],[5.0068,46.478],[5.0061,46.4798],[5.0088,46.4824],[5.0089,46.4856],[5.0103,46.4906],[5.0139,46.4928],[5.0171,46.4937],[5.0163,46.4962],[5.0139,46.4984],[5.0144,46.5004]]]}},{"type":"Feature","properties":{"code":"01439","nom":"Vésines","pop":96},"geometry":{"type":"Polygon","coordinates":[[[4.8657,46.3757],[4.8715,46.3728],[4.8694,46.371],[4.8746,46.369],[4.8763,46.3695],[4.8764,46.368],[4.8722,46.3604],[4.8656,46.3543],[4.8667,46.353],[4.8666,46.3463],[4.8569,46.3443],[4.8529,46.3432],[4.8512,46.3523],[4.8518,46.3564],[4.8551,46.3626],[4.8587,46.3681],[4.8657,46.3757]]]}},{"type":"Feature","properties":{"code":"01441","nom":"Vieu-d'Izenave","pop":719},"geometry":{"type":"Polygon","coordinates":[[[5.5859,46.0932],[5.5882,46.0931],[5.5902,46.0967],[5.5931,46.0995],[5.598,46.1025],[5.6062,46.0964],[5.6043,46.0893],[5.6027,46.0875],[5.6039,46.0857],[5.5985,46.0843],[5.5967,46.0856],[5.591,46.0792],[5.5858,46.0759],[5.5853,46.0719],[5.5836,46.0684],[5.5764,46.0724],[5.5776,46.0761],[5.5742,46.0765],[5.5731,46.0788],[5.5658,46.0783],[5.5637,46.0771],[5.5431,46.0774],[5.5392,46.0763],[5.5379,46.0722],[5.5311,46.0727],[5.532,46.0703],[5.5296,46.071],[5.5276,46.0684],[5.5274,46.0661],[5.5253,46.065],[5.5171,46.0654],[5.5145,46.0645],[5.5144,46.0598],[5.5136,46.0611],[5.5077,46.0605],[5.5056,46.0639],[5.5058,46.0672],[5.5047,46.0699],[5.506,46.071],[5.5069,46.0737],[5.5057,46.0797],[5.5068,46.087],[5.508,46.0899],[5.51,46.0904],[5.5102,46.0939],[5.5143,46.0937],[5.5161,46.0946],[5.5217,46.0937],[5.5234,46.0975],[5.5279,46.0975],[5.5313,46.103],[5.5334,46.1048],[5.5421,46.1021],[5.5475,46.1016],[5.554,46.0989],[5.5605,46.0993],[5.5635,46.0968],[5.5702,46.0967],[5.5736,46.0957],[5.5754,46.0964],[5.5796,46.095],[5.581,46.0934],[5.5859,46.0932]]]}},{"type":"Feature","properties":{"code":"01443","nom":"Villars-les-Dombes","pop":5163},"geometry":{"type":"Polygon","coordinates":[[[5.0437,46.0343],[5.0468,46.0344],[5.0511,46.0324],[5.0519,46.0303],[5.0517,46.0246],[5.0605,46.0139],[5.0644,46.0101],[5.0697,46.0036],[5.0754,45.9985],[5.0763,45.995],[5.0786,45.9854],[5.0784,45.9829],[5.0801,45.9784],[5.0793,45.9753],[5.0804,45.9698],[5.0753,45.9694],[5.0709,45.9701],[5.07,45.9688],[5.0618,45.972],[5.0558,45.9729],[5.053,45.9728],[5.0512,45.9698],[5.0474,45.9688],[5.0447,45.9701],[5.0413,45.9705],[5.0389,45.9694],[5.034,45.9699],[5.0336,45.9715],[5.0297,45.9723],[5.0277,45.9682],[5.0252,45.9655],[5.0129,45.967],[5.0117,45.9687],[5.0083,45.9703],[5.0138,45.9806],[5.0216,45.9898],[5.018,45.9919],[5.0155,45.9948],[5.0126,45.9952],[5.0094,45.997],[5.0126,45.9984],[5.0111,46.0002],[5.0114,46.0023],[5.0154,46.0044],[5.0187,46.0069],[5.0257,46.0063],[5.0244,46.0087],[5.0247,46.0124],[5.028,46.0133],[5.0287,46.0171],[5.0327,46.0157],[5.037,46.0186],[5.0374,46.0207],[5.0426,46.0212],[5.0463,46.0244],[5.0413,46.0299],[5.043,46.0307],[5.0444,46.0311],[5.0437,46.0343]]]}},{"type":"Feature","properties":{"code":"01444","nom":"Villebois","pop":1206},"geometry":{"type":"Polygon","coordinates":[[[5.4334,45.8322],[5.4276,45.8367],[5.4184,45.8401],[5.4161,45.8448],[5.4164,45.8481],[5.4174,45.8485],[5.4216,45.8441],[5.4231,45.8473],[5.4231,45.8497],[5.4205,45.8505],[5.4191,45.8524],[5.4202,45.856],[5.4182,45.8653],[5.4192,45.868],[5.4269,45.8615],[5.4346,45.8606],[5.4361,45.8622],[5.4399,45.8587],[5.4442,45.8614],[5.4484,45.8611],[5.4491,45.8631],[5.4538,45.8618],[5.4546,45.8599],[5.458,45.8585],[5.4604,45.8602],[5.4581,45.8654],[5.4566,45.8676],[5.4588,45.8722],[5.4635,45.8708],[5.4706,45.8676],[5.4735,45.8652],[5.4734,45.8634],[5.47,45.8622],[5.4681,45.8593],[5.4691,45.8558],[5.477,45.8465],[5.4766,45.8447],[5.4785,45.8393],[5.4804,45.8373],[5.4768,45.8355],[5.4693,45.8377],[5.465,45.837],[5.4613,45.8391],[5.4584,45.8362],[5.4521,45.8317],[5.4504,45.829],[5.4438,45.8269],[5.4423,45.8287],[5.4352,45.8298],[5.4334,45.8322]]]}},{"type":"Feature","properties":{"code":"01445","nom":"Villemotier","pop":612},"geometry":{"type":"Polygon","coordinates":[[[5.3075,46.3149],[5.3084,46.3207],[5.3065,46.3223],[5.3081,46.3254],[5.313,46.3304],[5.3109,46.3312],[5.3074,46.336],[5.309,46.3411],[5.3089,46.3428],[5.3061,46.3465],[5.3005,46.3466],[5.2848,46.3475],[5.2781,46.3473],[5.2746,46.3532],[5.2761,46.3575],[5.273,46.3635],[5.2738,46.3666],[5.2717,46.3692],[5.2747,46.3704],[5.2772,46.3699],[5.2841,46.3642],[5.2874,46.3583],[5.2961,46.3595],[5.2975,46.3612],[5.301,46.3625],[5.3045,46.3611],[5.305,46.3655],[5.3092,46.3692],[5.3088,46.3714],[5.3149,46.3706],[5.316,46.3688],[5.3149,46.3674],[5.3148,46.3586],[5.3334,46.3577],[5.3348,46.3561],[5.3391,46.3545],[5.341,46.3538],[5.3404,46.3499],[5.3378,46.3494],[5.3342,46.3461],[5.3344,46.3427],[5.3306,46.3399],[5.3311,46.3369],[5.3344,46.3339],[5.3351,46.3311],[5.3312,46.3306],[5.3286,46.3292],[5.3257,46.3245],[5.3233,46.3225],[5.3215,46.3179],[5.3222,46.3161],[5.3268,46.3152],[5.3243,46.3128],[5.3182,46.3131],[5.3155,46.3139],[5.3075,46.3149]]]}},{"type":"Feature","properties":{"code":"01446","nom":"Villeneuve","pop":1638},"geometry":{"type":"Polygon","coordinates":[[[4.9102,46.0205],[4.9098,46.0191],[4.903,46.0189],[4.902,46.0166],[4.8969,46.0173],[4.8956,46.0149],[4.888,46.0165],[4.8865,46.016],[4.8836,46.0151],[4.8757,46.0156],[4.8714,46.0136],[4.8654,46.0133],[4.8582,46.0139],[4.8572,46.0126],[4.8506,46.0139],[4.8475,46.0124],[4.8433,46.0129],[4.8412,46.0145],[4.8352,46.0128],[4.8355,46.0106],[4.8307,46.0086],[4.8271,46.0079],[4.8225,46.0044],[4.8104,46.0059],[4.8083,46.0075],[4.8119,46.012],[4.8111,46.0165],[4.8143,46.0216],[4.8202,46.0275],[4.8216,46.0298],[4.8174,46.0324],[4.8157,46.0347],[4.8163,46.0422],[4.8184,46.0474],[4.8217,46.0502],[4.8257,46.0506],[4.8289,46.052],[4.8303,46.0537],[4.8259,46.0544],[4.8257,46.0606],[4.8263,46.0614],[4.8279,46.0645],[4.8395,46.0634],[4.8422,46.0649],[4.8463,46.0641],[4.8464,46.0623],[4.8496,46.0618],[4.8529,46.0633],[4.8551,46.0586],[4.8556,46.054],[4.8587,46.0525],[4.858,46.0484],[4.8634,46.0437],[4.861,46.0411],[4.8613,46.0383],[4.864,46.0364],[4.8714,46.0346],[4.873,46.0361],[4.8769,46.0354],[4.8797,46.037],[4.8844,46.038],[4.886,46.0368],[4.8894,46.0383],[4.8908,46.0351],[4.896,46.035],[4.9001,46.0314],[4.9068,46.0315],[4.9103,46.0309],[4.9077,46.0235],[4.9112,46.0231],[4.9102,46.0205]]]}},{"type":"Feature","properties":{"code":"01447","nom":"Villereversure","pop":1420},"geometry":{"type":"Polygon","coordinates":[[[5.4222,46.2133],[5.4213,46.2106],[5.4184,46.2051],[5.4199,46.2049],[5.4176,46.1978],[5.4153,46.1937],[5.4165,46.19],[5.416,46.1885],[5.417,46.1803],[5.4154,46.1797],[5.4092,46.1742],[5.4094,46.1724],[5.4035,46.1664],[5.4005,46.166],[5.3951,46.1664],[5.3946,46.1679],[5.3914,46.1698],[5.3862,46.1693],[5.3805,46.1698],[5.3767,46.1708],[5.3723,46.171],[5.3705,46.1719],[5.3652,46.1725],[5.3661,46.1764],[5.3673,46.1768],[5.3693,46.1821],[5.3688,46.183],[5.3719,46.1909],[5.3733,46.1933],[5.3758,46.2005],[5.378,46.2039],[5.3799,46.2066],[5.3828,46.2157],[5.3839,46.2165],[5.3845,46.2214],[5.3854,46.2221],[5.3859,46.2208],[5.3933,46.2184],[5.394,46.2194],[5.404,46.2173],[5.4071,46.2146],[5.412,46.2123],[5.4159,46.2145],[5.4222,46.2133]]]}},{"type":"Feature","properties":{"code":"01448","nom":"Villes","pop":381},"geometry":{"type":"Polygon","coordinates":[[[5.7148,46.0929],[5.7176,46.1025],[5.7206,46.106],[5.7225,46.1057],[5.7303,46.1069],[5.7318,46.1075],[5.7378,46.1078],[5.7398,46.1067],[5.7485,46.1051],[5.7505,46.1033],[5.7569,46.1019],[5.7646,46.0997],[5.7795,46.0963],[5.7795,46.0972],[5.7919,46.0977],[5.7976,46.0934],[5.8004,46.0923],[5.8034,46.089],[5.8045,46.0854],[5.7991,46.0845],[5.7954,46.0827],[5.7845,46.0833],[5.7787,46.0853],[5.7739,46.0891],[5.7614,46.0908],[5.7535,46.0909],[5.7525,46.09],[5.7465,46.0917],[5.7447,46.0935],[5.7399,46.0917],[5.7246,46.0921],[5.7196,46.094],[5.7148,46.0929]]]}},{"type":"Feature","properties":{"code":"01449","nom":"Villette-sur-Ain","pop":780},"geometry":{"type":"Polygon","coordinates":[[[5.2868,45.9868],[5.281,45.9792],[5.2786,45.9782],[5.2785,45.9763],[5.2679,45.9829],[5.2683,45.984],[5.2632,45.9861],[5.261,45.9835],[5.2567,45.9867],[5.2522,45.9865],[5.2453,45.9916],[5.2434,45.9897],[5.2375,45.9908],[5.2377,45.9894],[5.2294,45.9925],[5.2304,45.9942],[5.2272,45.9963],[5.2212,45.9979],[5.2234,46.0003],[5.2233,46.005],[5.2279,46.0097],[5.227,46.0119],[5.2288,46.0152],[5.2319,46.0169],[5.2351,46.0221],[5.237,46.0234],[5.2368,46.0266],[5.2321,46.0284],[5.2284,46.0329],[5.2245,46.0346],[5.2275,46.0355],[5.2286,46.0381],[5.2308,46.0378],[5.233,46.0399],[5.2364,46.0381],[5.2455,46.0416],[5.2503,46.048],[5.2546,46.0484],[5.2537,46.0447],[5.2586,46.0436],[5.2572,46.0414],[5.2614,46.0407],[5.26,46.0383],[5.2614,46.0373],[5.2641,46.0346],[5.2611,46.0333],[5.2587,46.0277],[5.2542,46.0217],[5.2582,46.0204],[5.2638,46.0173],[5.2738,46.0175],[5.2748,46.0156],[5.2738,46.0137],[5.2736,46.0089],[5.2755,46.0081],[5.2759,46.0057],[5.2744,46.0038],[5.2762,46.0002],[5.2753,45.9978],[5.2771,45.9952],[5.2822,45.9923],[5.2868,45.9868]]]}},{"type":"Feature","properties":{"code":"01450","nom":"Villieu-Loyes-Mollon","pop":3849},"geometry":{"type":"Polygon","coordinates":[[[5.1996,45.9291],[5.1989,45.9313],[5.1995,45.9338],[5.2032,45.9363],[5.2063,45.9366],[5.2064,45.9386],[5.2096,45.9389],[5.2072,45.9436],[5.2098,45.9451],[5.2149,45.947],[5.2212,45.9475],[5.2257,45.9497],[5.2267,45.9546],[5.2275,45.9569],[5.2308,45.9601],[5.2333,45.9612],[5.2406,45.9611],[5.2441,45.9593],[5.2493,45.9585],[5.247,45.9548],[5.2485,45.9542],[5.2476,45.9536],[5.2479,45.9486],[5.2503,45.9456],[5.254,45.9383],[5.2542,45.9362],[5.2509,45.9325],[5.2488,45.9291],[5.2452,45.9264],[5.2429,45.9227],[5.2436,45.9192],[5.2416,45.9141],[5.2354,45.9104],[5.2336,45.9087],[5.2337,45.9058],[5.2355,45.9019],[5.2428,45.8988],[5.2465,45.8965],[5.2335,45.8976],[5.2291,45.901],[5.2164,45.9133],[5.2137,45.9155],[5.2096,45.9174],[5.2135,45.9206],[5.2116,45.9213],[5.2112,45.9243],[5.2048,45.928],[5.1996,45.9291]]]}},{"type":"Feature","properties":{"code":"01451","nom":"Viriat","pop":7102},"geometry":{"type":"Polygon","coordinates":[[[5.2453,46.2892],[5.2427,46.287],[5.2388,46.2867],[5.2376,46.2844],[5.2414,46.2819],[5.2412,46.2782],[5.2393,46.2753],[5.2443,46.2706],[5.2442,46.2688],[5.2491,46.2672],[5.2501,46.2689],[5.2556,46.2677],[5.2586,46.2681],[5.2602,46.2646],[5.2587,46.2621],[5.2616,46.2575],[5.2641,46.2562],[5.2686,46.251],[5.2713,46.2465],[5.2758,46.2438],[5.2799,46.243],[5.2818,46.2413],[5.2852,46.2409],[5.2864,46.2399],[5.2871,46.2351],[5.2888,46.2332],[5.2872,46.2259],[5.282,46.2281],[5.2803,46.2276],[5.2748,46.2301],[5.2713,46.2276],[5.2672,46.2256],[5.2579,46.2228],[5.256,46.224],[5.2522,46.2244],[5.2508,46.2259],[5.2453,46.2282],[5.2414,46.2271],[5.2382,46.2278],[5.2294,46.2282],[5.2226,46.2276],[5.2219,46.2256],[5.2174,46.2229],[5.2165,46.2193],[5.2189,46.2132],[5.217,46.2119],[5.2108,46.2113],[5.203,46.2156],[5.2039,46.2185],[5.2022,46.2194],[5.1964,46.2199],[5.1954,46.2246],[5.1893,46.2253],[5.1902,46.2287],[5.1882,46.23],[5.1784,46.2314],[5.1796,46.2363],[5.1777,46.2365],[5.1785,46.2402],[5.1748,46.2423],[5.175,46.2439],[5.1705,46.244],[5.1697,46.2488],[5.1682,46.2514],[5.1634,46.2537],[5.1626,46.2562],[5.1695,46.258],[5.171,46.2596],[5.1768,46.2595],[5.1773,46.2624],[5.1849,46.2664],[5.1889,46.2717],[5.1884,46.2743],[5.1899,46.2751],[5.193,46.2734],[5.1947,46.2763],[5.1982,46.2781],[5.2017,46.279],[5.1998,46.2848],[5.2129,46.2861],[5.2152,46.2875],[5.2173,46.2931],[5.2186,46.292],[5.2228,46.2915],[5.2296,46.2918],[5.2316,46.2904],[5.2341,46.2914],[5.2392,46.2898],[5.241,46.2911],[5.2453,46.2892]]]}},{"type":"Feature","properties":{"code":"01452","nom":"Virieu-le-Grand","pop":1111},"geometry":{"type":"Polygon","coordinates":[[[5.6233,45.8668],[5.6403,45.8616],[5.6616,45.8611],[5.6602,45.854],[5.6601,45.8488],[5.6581,45.8464],[5.6602,45.8449],[5.666,45.8433],[5.6681,45.8353],[5.666,45.8331],[5.6608,45.8312],[5.6501,45.8304],[5.638,45.8261],[5.6362,45.8263],[5.63,45.8302],[5.6254,45.8362],[5.6223,45.8425],[5.6169,45.8453],[5.6156,45.8482],[5.6093,45.8484],[5.6129,45.8532],[5.6156,45.86],[5.6233,45.8668]]]}},{"type":"Feature","properties":{"code":"01453","nom":"Arvière-en-Valromey","pop":717},"geometry":{"type":"Polygon","coordinates":[[[5.7404,45.8643],[5.7337,45.8684],[5.7308,45.8709],[5.7268,45.8704],[5.7228,45.8718],[5.7201,45.8708],[5.7172,45.8711],[5.712,45.8735],[5.7101,45.8767],[5.7038,45.8803],[5.7004,45.8816],[5.7021,45.8849],[5.7012,45.8871],[5.7012,45.8911],[5.7051,45.8969],[5.7062,45.901],[5.7081,45.9028],[5.7053,45.9039],[5.7013,45.9035],[5.7018,45.906],[5.7042,45.9094],[5.7044,45.9132],[5.7056,45.9139],[5.7081,45.9189],[5.7123,45.9234],[5.713,45.9261],[5.7156,45.9305],[5.7179,45.9312],[5.7134,45.9367],[5.7142,45.9414],[5.7139,45.9443],[5.715,45.9456],[5.7131,45.9501],[5.7136,45.9539],[5.7124,45.9585],[5.719,45.9611],[5.724,45.96],[5.7368,45.9626],[5.7371,45.9648],[5.7411,45.9663],[5.7475,45.9663],[5.7483,45.9613],[5.7535,45.9623],[5.7571,45.9611],[5.7605,45.9556],[5.7603,45.9489],[5.7632,45.9442],[5.7664,45.936],[5.7689,45.9304],[5.7688,45.9264],[5.7676,45.924],[5.767,45.9171],[5.764,45.9128],[5.7608,45.9037],[5.7607,45.8919],[5.7599,45.8889],[5.758,45.8852],[5.7579,45.8811],[5.7532,45.8802],[5.7502,45.8773],[5.7498,45.8749],[5.7469,45.8756],[5.7423,45.8789],[5.7401,45.8735],[5.7427,45.8666],[5.7404,45.8643]]]}},{"type":"Feature","properties":{"code":"01454","nom":"Virignin","pop":1144},"geometry":{"type":"Polygon","coordinates":[[[5.7313,45.71],[5.728,45.7094],[5.7215,45.7079],[5.715,45.7084],[5.7065,45.7111],[5.7033,45.711],[5.7,45.7097],[5.701,45.7125],[5.6987,45.7256],[5.6993,45.7298],[5.6976,45.7309],[5.6979,45.7347],[5.6999,45.7356],[5.6999,45.7381],[5.7053,45.741],[5.7052,45.7443],[5.7076,45.7442],[5.7104,45.748],[5.7215,45.744],[5.7221,45.7485],[5.7244,45.7482],[5.7241,45.7454],[5.7257,45.7398],[5.7249,45.7386],[5.7244,45.7331],[5.7251,45.7295],[5.7245,45.7252],[5.7252,45.7227],[5.7219,45.7209],[5.7232,45.7165],[5.7278,45.7129],[5.7321,45.713],[5.7313,45.71]]]}},{"type":"Feature","properties":{"code":"01456","nom":"Vongnes","pop":75},"geometry":{"type":"Polygon","coordinates":[[[5.7417,45.8175],[5.7365,45.8158],[5.732,45.8128],[5.7313,45.8112],[5.7324,45.8072],[5.7266,45.8054],[5.7218,45.8085],[5.7204,45.8079],[5.7202,45.8049],[5.7167,45.8041],[5.7164,45.8089],[5.7137,45.8123],[5.7104,45.814],[5.7154,45.8155],[5.7205,45.8184],[5.7274,45.82],[5.7301,45.8198],[5.7311,45.8179],[5.7382,45.819],[5.7417,45.8175]]]}},{"type":"Feature","properties":{"code":"01457","nom":"Vonnas","pop":3255},"geometry":{"type":"Polygon","coordinates":[[[5.0008,46.185],[4.9923,46.1842],[4.9897,46.1847],[4.9871,46.1837],[4.9852,46.1863],[4.9802,46.1864],[4.9797,46.1912],[4.9812,46.1924],[4.9813,46.1977],[4.9802,46.1994],[4.977,46.1999],[4.9705,46.2037],[4.9721,46.2056],[4.9738,46.21],[4.9725,46.2103],[4.9732,46.2151],[4.9761,46.2167],[4.9805,46.2211],[4.9805,46.2254],[4.9741,46.2263],[4.9712,46.2305],[4.967,46.2311],[4.9638,46.2311],[4.9577,46.2326],[4.9599,46.2338],[4.9709,46.234],[4.9759,46.2345],[4.9792,46.2356],[4.9831,46.2356],[4.9902,46.2369],[4.9939,46.2366],[4.9979,46.2388],[5.0047,46.2407],[5.0083,46.2411],[5.0084,46.2426],[5.0141,46.2385],[5.0164,46.238],[5.0235,46.2386],[5.0302,46.2366],[5.0313,46.2341],[5.0294,46.2294],[5.0296,46.2257],[5.0247,46.2233],[5.0261,46.2218],[5.0232,46.22],[5.0213,46.2176],[5.0195,46.2182],[5.0181,46.2138],[5.0144,46.2112],[5.0153,46.2101],[5.0146,46.2074],[5.0122,46.2057],[5.0077,46.2055],[5.0042,46.2032],[5.0067,46.1965],[5.0041,46.1929],[4.9993,46.188],[5.0008,46.185]]]}}]}