{"type":"FeatureCollection","features":[{"type":"Feature","properties":{"code":"2B002","nom":"Aghione","pop":258},"geometry":{"type":"Polygon","coordinates":[[[9.4566,42.0772],[9.448,42.0711],[9.4403,42.0688],[9.4367,42.0651],[9.4352,42.0645],[9.435,42.0616],[9.4335,42.0597],[9.4312,42.0608],[9.4213,42.0677],[9.412,42.0725],[9.4027,42.0749],[9.3987,42.0764],[9.3956,42.0796],[9.3897,42.083],[9.3833,42.1049],[9.3789,42.1048],[9.3731,42.102],[9.3682,42.1013],[9.3678,42.0996],[9.366,42.1021],[9.3664,42.1057],[9.3623,42.1093],[9.3562,42.1171],[9.3581,42.1194],[9.3569,42.1237],[9.3614,42.124],[9.3656,42.1218],[9.3704,42.1216],[9.3746,42.124],[9.3785,42.1222],[9.3839,42.1228],[9.3837,42.1248],[9.3855,42.127],[9.3896,42.1267],[9.3933,42.1275],[9.3984,42.128],[9.4026,42.1252],[9.4088,42.1241],[9.409,42.1227],[9.4159,42.122],[9.4159,42.1202],[9.4226,42.12],[9.4245,42.1215],[9.4286,42.1215],[9.4381,42.1234],[9.439,42.1169],[9.4378,42.1142],[9.4421,42.1093],[9.4425,42.108],[9.4456,42.1061],[9.4516,42.1058],[9.4498,42.0941],[9.4469,42.0869],[9.4466,42.0849],[9.4566,42.0772]]]}},{"type":"Feature","properties":{"code":"2B003","nom":"Aiti","pop":27},"geometry":{"type":"Polygon","coordinates":[[[9.2571,42.3922],[9.2488,42.3901],[9.2428,42.3902],[9.2399,42.3873],[9.2366,42.3864],[9.232,42.3873],[9.2313,42.3915],[9.2256,42.3932],[9.2232,42.3926],[9.2164,42.3934],[9.2121,42.3934],[9.209,42.3955],[9.2078,42.4005],[9.2051,42.4041],[9.2026,42.4052],[9.1975,42.406],[9.1976,42.4133],[9.1968,42.4151],[9.1972,42.4182],[9.2021,42.4159],[9.2049,42.4159],[9.2079,42.4178],[9.2132,42.4176],[9.2162,42.4189],[9.2198,42.4172],[9.2301,42.4179],[9.2317,42.4183],[9.242,42.4133],[9.251,42.4136],[9.2525,42.4087],[9.2561,42.4028],[9.2561,42.4017],[9.26,42.3986],[9.2573,42.3965],[9.2589,42.3949],[9.2571,42.3922]]]}},{"type":"Feature","properties":{"code":"2B005","nom":"Alando","pop":30},"geometry":{"type":"Polygon","coordinates":[[[9.3061,42.3122],[9.3032,42.3113],[9.3007,42.309],[9.2969,42.3071],[9.294,42.3009],[9.2887,42.301],[9.2805,42.2959],[9.2743,42.3026],[9.2762,42.3053],[9.2785,42.3056],[9.2784,42.311],[9.28,42.3128],[9.2775,42.3192],[9.2833,42.3196],[9.2852,42.3175],[9.2908,42.3159],[9.2911,42.3123],[9.2929,42.3104],[9.2985,42.311],[9.3036,42.3134],[9.3061,42.3122]]]}},{"type":"Feature","properties":{"code":"2B007","nom":"Albertacce","pop":196},"geometry":{"type":"Polygon","coordinates":[[[8.9268,42.2545],[8.9228,42.2578],[8.9187,42.2558],[8.9149,42.255],[8.9108,42.2551],[8.905,42.2539],[8.8991,42.2588],[8.8962,42.2605],[8.8887,42.2673],[8.8829,42.2703],[8.8823,42.2719],[8.8844,42.2768],[8.8847,42.2798],[8.8863,42.2806],[8.8865,42.2831],[8.8833,42.2849],[8.8785,42.2896],[8.8779,42.2931],[8.8703,42.2961],[8.863,42.2968],[8.8592,42.3],[8.8585,42.3018],[8.8593,42.3057],[8.8612,42.3082],[8.8612,42.3129],[8.8589,42.3152],[8.8606,42.3186],[8.8623,42.3203],[8.8617,42.3233],[8.86,42.3245],[8.8616,42.33],[8.8572,42.331],[8.8656,42.3346],[8.866,42.3384],[8.8678,42.3402],[8.8708,42.3398],[8.875,42.341],[8.8786,42.343],[8.8796,42.3465],[8.882,42.3491],[8.8857,42.3503],[8.8931,42.3549],[8.8957,42.3575],[8.8978,42.3581],[8.8989,42.3633],[8.9006,42.3644],[8.901,42.367],[8.9035,42.3678],[8.9045,42.3701],[8.9115,42.3734],[8.9138,42.3751],[8.9188,42.374],[8.9239,42.3739],[8.9296,42.373],[8.9295,42.3702],[8.931,42.3686],[8.9336,42.3691],[8.9425,42.3648],[8.95,42.3623],[8.9524,42.3597],[8.9511,42.3569],[8.9524,42.355],[8.9529,42.3504],[8.9542,42.35],[8.9583,42.3445],[8.9614,42.3432],[8.9628,42.344],[8.964,42.3369],[8.9723,42.3359],[8.9749,42.3367],[8.9781,42.3355],[8.9813,42.3354],[8.9842,42.3336],[8.9898,42.333],[8.995,42.3352],[8.9979,42.3341],[8.9966,42.3314],[8.9983,42.3293],[8.9949,42.3279],[8.994,42.3242],[8.9915,42.3248],[8.9894,42.3235],[8.9891,42.3201],[8.9842,42.3191],[8.981,42.3174],[8.9776,42.3174],[8.9774,42.3132],[8.9743,42.3107],[8.9768,42.3084],[8.9778,42.3054],[8.9748,42.2989],[8.9768,42.2976],[8.9756,42.2955],[8.9764,42.2928],[8.976,42.2889],[8.98,42.2867],[8.9827,42.2828],[8.9859,42.2802],[8.9848,42.2765],[8.9783,42.2724],[8.9767,42.2692],[8.9701,42.2647],[8.966,42.2653],[8.9635,42.2665],[8.9595,42.2643],[8.9553,42.2643],[8.9527,42.2653],[8.9499,42.2647],[8.9466,42.2628],[8.9436,42.2622],[8.9325,42.2577],[8.9324,42.2565],[8.9268,42.2545]]]}},{"type":"Feature","properties":{"code":"2B009","nom":"Aléria","pop":2267},"geometry":{"type":"Polygon","coordinates":[[[9.4973,42.0485],[9.496,42.049],[9.4963,42.0531],[9.4948,42.0553],[9.4909,42.0563],[9.4886,42.0583],[9.4852,42.0585],[9.4842,42.0624],[9.4824,42.063],[9.4821,42.0663],[9.4798,42.0687],[9.4791,42.0718],[9.4751,42.0723],[9.4748,42.075],[9.4719,42.0779],[9.4644,42.0756],[9.4566,42.0772],[9.4466,42.0849],[9.4469,42.0869],[9.4498,42.0941],[9.4516,42.1058],[9.4456,42.1061],[9.4425,42.108],[9.4421,42.1093],[9.4378,42.1142],[9.439,42.1169],[9.4381,42.1234],[9.4395,42.128],[9.4409,42.129],[9.4438,42.1278],[9.4477,42.1283],[9.4497,42.1294],[9.4523,42.1289],[9.4568,42.1296],[9.456,42.1311],[9.4575,42.1333],[9.4571,42.137],[9.4551,42.141],[9.4522,42.1426],[9.453,42.144],[9.453,42.1458],[9.455,42.1484],[9.4542,42.1501],[9.4564,42.1498],[9.4627,42.1445],[9.4748,42.1406],[9.4908,42.1423],[9.509,42.1372],[9.5113,42.1363],[9.5185,42.1374],[9.5204,42.1347],[9.5252,42.1336],[9.5281,42.1319],[9.5339,42.1303],[9.5371,42.1311],[9.5396,42.1336],[9.541,42.1373],[9.5438,42.1405],[9.5441,42.1438],[9.5455,42.146],[9.5481,42.1466],[9.5558,42.1424],[9.5558,42.1338],[9.5551,42.1254],[9.5529,42.1178],[9.5519,42.112],[9.5488,42.1036],[9.5452,42.1],[9.5357,42.0919],[9.5298,42.0857],[9.5228,42.0774],[9.5123,42.0654],[9.506,42.0591],[9.4973,42.0485]]]}},{"type":"Feature","properties":{"code":"2B010","nom":"Algajola","pop":363},"geometry":{"type":"Polygon","coordinates":[[[8.8675,42.6082],[8.8706,42.605],[8.8682,42.6044],[8.8669,42.6022],[8.8636,42.6014],[8.8605,42.6018],[8.8598,42.5999],[8.8557,42.5978],[8.8511,42.5986],[8.8508,42.6007],[8.8469,42.6031],[8.8496,42.6062],[8.848,42.6093],[8.8511,42.612],[8.8536,42.6117],[8.8535,42.6089],[8.8603,42.6088],[8.8623,42.6096],[8.8646,42.6079],[8.8675,42.6082]]]}},{"type":"Feature","properties":{"code":"2B012","nom":"Altiani","pop":53},"geometry":{"type":"Polygon","coordinates":[[[9.2418,42.2182],[9.243,42.2234],[9.2451,42.2253],[9.2452,42.2279],[9.2454,42.228],[9.2499,42.2279],[9.2527,42.2289],[9.2577,42.2268],[9.2617,42.2242],[9.2664,42.2279],[9.2687,42.2277],[9.2713,42.2319],[9.2731,42.2324],[9.2756,42.2377],[9.2787,42.239],[9.279,42.2411],[9.2851,42.2434],[9.2907,42.2443],[9.2933,42.2437],[9.2978,42.2441],[9.2998,42.2434],[9.3114,42.2445],[9.3085,42.2429],[9.3072,42.2405],[9.3085,42.2373],[9.3088,42.2322],[9.3062,42.2254],[9.3069,42.2211],[9.3043,42.2154],[9.299,42.2149],[9.2981,42.2128],[9.295,42.21],[9.2924,42.2089],[9.2895,42.2025],[9.2918,42.1992],[9.288,42.1992],[9.279,42.1956],[9.2691,42.1962],[9.2655,42.1997],[9.2607,42.1976],[9.2562,42.2019],[9.2532,42.2071],[9.2507,42.21],[9.2472,42.2125],[9.2429,42.2178],[9.2418,42.2182]]]}},{"type":"Feature","properties":{"code":"2B013","nom":"Alzi","pop":27},"geometry":{"type":"Polygon","coordinates":[[[9.294,42.3009],[9.2969,42.3071],[9.3007,42.309],[9.3032,42.3113],[9.3061,42.3122],[9.3153,42.3154],[9.3166,42.3188],[9.3198,42.3186],[9.3225,42.3207],[9.3219,42.3221],[9.3273,42.3241],[9.341,42.3259],[9.3351,42.3226],[9.3245,42.3158],[9.3231,42.3127],[9.3182,42.3113],[9.318,42.3096],[9.3138,42.3084],[9.3077,42.3053],[9.3055,42.3014],[9.3008,42.3017],[9.294,42.3009]]]}},{"type":"Feature","properties":{"code":"2B015","nom":"Ampriani","pop":23},"geometry":{"type":"Polygon","coordinates":[[[9.3502,42.2505],[9.3483,42.2513],[9.3447,42.2563],[9.3458,42.2583],[9.3493,42.2608],[9.3571,42.2622],[9.3592,42.26],[9.3668,42.2568],[9.3685,42.2534],[9.3663,42.2502],[9.3675,42.2487],[9.3614,42.2463],[9.3601,42.2451],[9.3571,42.2451],[9.356,42.2485],[9.3502,42.2505]]]}},{"type":"Feature","properties":{"code":"2B016","nom":"Antisanti","pop":591},"geometry":{"type":"Polygon","coordinates":[[[9.3167,42.1805],[9.3294,42.1763],[9.3341,42.1798],[9.3377,42.184],[9.3413,42.1851],[9.3418,42.1872],[9.3465,42.1891],[9.3475,42.1913],[9.3505,42.1919],[9.3529,42.1941],[9.3552,42.1941],[9.3587,42.1938],[9.3616,42.192],[9.3597,42.1898],[9.3611,42.1888],[9.3644,42.1902],[9.3669,42.1851],[9.3687,42.1837],[9.3762,42.1819],[9.3794,42.1841],[9.3836,42.1843],[9.386,42.1836],[9.3871,42.1817],[9.3861,42.1802],[9.3821,42.1784],[9.3816,42.1752],[9.3899,42.1731],[9.3958,42.1821],[9.3987,42.1828],[9.4011,42.1811],[9.4048,42.1812],[9.4067,42.1771],[9.4083,42.1763],[9.4135,42.176],[9.4157,42.1718],[9.419,42.1684],[9.4157,42.1646],[9.4245,42.1641],[9.4275,42.1621],[9.4277,42.1603],[9.4252,42.1584],[9.4258,42.1561],[9.4277,42.1547],[9.4337,42.1542],[9.4379,42.1527],[9.4385,42.1502],[9.441,42.1461],[9.442,42.1432],[9.4469,42.1421],[9.4504,42.1443],[9.4522,42.1426],[9.4551,42.141],[9.4571,42.137],[9.4575,42.1333],[9.456,42.1311],[9.4568,42.1296],[9.4523,42.1289],[9.4497,42.1294],[9.4477,42.1283],[9.4438,42.1278],[9.4409,42.129],[9.4395,42.128],[9.4381,42.1234],[9.4286,42.1215],[9.4245,42.1215],[9.4226,42.12],[9.4159,42.1202],[9.4159,42.122],[9.409,42.1227],[9.4088,42.1241],[9.4026,42.1252],[9.3984,42.128],[9.3933,42.1275],[9.3933,42.1291],[9.3889,42.1301],[9.3889,42.132],[9.3852,42.1374],[9.3884,42.1442],[9.3854,42.1465],[9.3804,42.1463],[9.3786,42.1495],[9.3734,42.1501],[9.3727,42.1518],[9.3698,42.1516],[9.3647,42.1461],[9.3581,42.1443],[9.3527,42.145],[9.3435,42.1448],[9.337,42.1455],[9.3318,42.1478],[9.327,42.1483],[9.3205,42.1507],[9.3186,42.1524],[9.3146,42.1588],[9.3171,42.1646],[9.3178,42.1683],[9.3153,42.1725],[9.3165,42.1769],[9.3167,42.1805]]]}},{"type":"Feature","properties":{"code":"2B020","nom":"Aregno","pop":588},"geometry":{"type":"Polygon","coordinates":[[[8.8812,42.6074],[8.8814,42.6043],[8.8858,42.6031],[8.885,42.6015],[8.8864,42.5995],[8.8899,42.5994],[8.8918,42.5951],[8.8946,42.5946],[8.8937,42.593],[8.8949,42.5906],[8.8947,42.5878],[8.8974,42.5829],[8.8999,42.5762],[8.8987,42.5744],[8.8913,42.5734],[8.8862,42.5755],[8.8839,42.5758],[8.8814,42.5762],[8.8799,42.5785],[8.8775,42.5774],[8.8728,42.5781],[8.8681,42.582],[8.8648,42.582],[8.8615,42.5831],[8.8588,42.5824],[8.8565,42.5862],[8.8555,42.5893],[8.8531,42.5907],[8.853,42.5934],[8.8557,42.5978],[8.8598,42.5999],[8.8605,42.6018],[8.8636,42.6014],[8.8669,42.6022],[8.8682,42.6044],[8.8706,42.605],[8.8675,42.6082],[8.8736,42.6116],[8.8755,42.6152],[8.8765,42.6102],[8.8812,42.6074]]]}},{"type":"Feature","properties":{"code":"2B023","nom":"Asco","pop":116},"geometry":{"type":"Polygon","coordinates":[[[8.9784,42.3915],[8.971,42.3918],[8.9614,42.387],[8.958,42.3843],[8.9517,42.3831],[8.9462,42.3801],[8.9419,42.3771],[8.9367,42.3761],[8.9327,42.3738],[8.9296,42.373],[8.9239,42.3739],[8.9188,42.374],[8.9138,42.3751],[8.9129,42.378],[8.9051,42.3791],[8.9011,42.3827],[8.9017,42.3856],[8.901,42.3901],[8.9017,42.3936],[8.9035,42.3946],[8.9043,42.399],[8.9087,42.4017],[8.9101,42.4051],[8.9098,42.4065],[8.9112,42.4102],[8.9164,42.4142],[8.9156,42.417],[8.9162,42.4209],[8.9184,42.4244],[8.9211,42.426],[8.9202,42.4312],[8.9174,42.4322],[8.9165,42.434],[8.9174,42.4402],[8.9164,42.444],[8.9131,42.4458],[8.9138,42.4488],[8.918,42.4553],[8.919,42.4595],[8.9273,42.4573],[8.9305,42.4559],[8.9375,42.4554],[8.941,42.4561],[8.9492,42.4563],[8.9531,42.4571],[8.9569,42.4566],[8.9607,42.4545],[8.9631,42.4544],[8.9654,42.456],[8.9706,42.4628],[8.9755,42.4641],[8.9787,42.4636],[8.989,42.4671],[8.9891,42.4695],[8.9908,42.4716],[8.9927,42.4719],[9.0019,42.4769],[9.0029,42.4791],[9.0082,42.483],[9.0115,42.4888],[9.0134,42.4899],[9.0167,42.494],[9.0235,42.4953],[9.0303,42.4978],[9.0361,42.4951],[9.0414,42.4955],[9.0448,42.4968],[9.0467,42.499],[9.0502,42.499],[9.0523,42.4977],[9.0565,42.5001],[9.0612,42.5045],[9.0623,42.5027],[9.0591,42.499],[9.0585,42.4971],[9.0601,42.4947],[9.0591,42.4914],[9.0572,42.4885],[9.0587,42.4852],[9.0632,42.4819],[9.0673,42.4824],[9.0715,42.4836],[9.0742,42.4832],[9.0765,42.4802],[9.0767,42.476],[9.0785,42.473],[9.0843,42.4672],[9.084,42.4658],[9.0808,42.4635],[9.0812,42.4605],[9.0828,42.459],[9.0811,42.4576],[9.0833,42.4562],[9.0802,42.4499],[9.0789,42.4492],[9.0802,42.4439],[9.0813,42.4425],[9.0811,42.4386],[9.0829,42.435],[9.0822,42.4334],[9.0791,42.4312],[9.0785,42.4276],[9.081,42.42],[9.0785,42.4184],[9.0741,42.4174],[9.0707,42.4168],[9.0655,42.4127],[9.058,42.4125],[9.0561,42.4116],[9.0532,42.4068],[9.0491,42.4054],[9.0484,42.4007],[9.0439,42.4002],[9.0409,42.3991],[9.0332,42.3983],[9.0274,42.3998],[9.0266,42.3991],[9.0215,42.3992],[9.0144,42.3974],[9.0099,42.395],[9.0071,42.3953],[9.0035,42.3987],[8.9908,42.4008],[8.9885,42.4021],[8.9847,42.3983],[8.9816,42.3971],[8.9784,42.3915]]]}},{"type":"Feature","properties":{"code":"2B025","nom":"Avapessa","pop":80},"geometry":{"type":"Polygon","coordinates":[[[8.8795,42.5599],[8.8837,42.5618],[8.887,42.565],[8.8941,42.5669],[8.8965,42.5666],[8.899,42.5643],[8.9022,42.5664],[8.9068,42.565],[8.9132,42.5668],[8.9163,42.5686],[8.9156,42.5668],[8.9095,42.5617],[8.9075,42.5609],[8.9049,42.5572],[8.8972,42.5541],[8.8949,42.55],[8.8882,42.5499],[8.8844,42.552],[8.8813,42.5527],[8.8763,42.556],[8.8795,42.5599]]]}},{"type":"Feature","properties":{"code":"2B029","nom":"Barbaggio","pop":362},"geometry":{"type":"Polygon","coordinates":[[[9.3983,42.6932],[9.398,42.6905],[9.3964,42.6885],[9.3957,42.6853],[9.3927,42.6829],[9.3904,42.6783],[9.3904,42.6759],[9.393,42.6748],[9.393,42.6728],[9.39,42.6703],[9.385,42.6678],[9.3821,42.6675],[9.3803,42.6692],[9.3767,42.6697],[9.3756,42.6716],[9.3702,42.6728],[9.3647,42.6748],[9.3474,42.6754],[9.3376,42.6781],[9.339,42.6805],[9.3395,42.6838],[9.3392,42.6905],[9.3345,42.6924],[9.329,42.6935],[9.333,42.6951],[9.339,42.6936],[9.3446,42.694],[9.3471,42.6931],[9.3543,42.696],[9.3554,42.6977],[9.3591,42.6939],[9.3599,42.691],[9.3655,42.6906],[9.3684,42.6935],[9.3705,42.6934],[9.3738,42.6969],[9.3764,42.6978],[9.3815,42.6967],[9.3895,42.6937],[9.3933,42.6944],[9.3983,42.6932]]]}},{"type":"Feature","properties":{"code":"2B030","nom":"Barrettali","pop":174},"geometry":{"type":"Polygon","coordinates":[[[9.3915,42.8451],[9.3851,42.8452],[9.3827,42.846],[9.3803,42.8494],[9.3764,42.8502],[9.3733,42.8528],[9.3656,42.8552],[9.3601,42.8577],[9.3579,42.8599],[9.3571,42.8624],[9.3547,42.8623],[9.3477,42.8648],[9.347,42.8664],[9.343,42.8653],[9.3405,42.8659],[9.3402,42.8674],[9.3318,42.8706],[9.3301,42.8726],[9.3273,42.8778],[9.3279,42.8784],[9.3266,42.8832],[9.329,42.8853],[9.3288,42.8891],[9.3245,42.8912],[9.3211,42.8938],[9.3225,42.8992],[9.3264,42.9013],[9.3307,42.8984],[9.3363,42.8971],[9.3404,42.8983],[9.3426,42.8947],[9.3505,42.8922],[9.3581,42.889],[9.3609,42.8896],[9.3642,42.8879],[9.369,42.8895],[9.3718,42.8875],[9.3721,42.8844],[9.3784,42.8811],[9.3808,42.8783],[9.3799,42.8769],[9.383,42.8746],[9.386,42.8737],[9.3888,42.871],[9.393,42.8645],[9.3963,42.8625],[9.4019,42.8613],[9.4011,42.8592],[9.3957,42.8547],[9.3939,42.8518],[9.3943,42.8477],[9.3915,42.8451]]]}},{"type":"Feature","properties":{"code":"2B033","nom":"Bastia","pop":46867},"geometry":{"type":"Polygon","coordinates":[[[9.4497,42.6623],[9.4428,42.6614],[9.4355,42.6624],[9.4284,42.6646],[9.424,42.6645],[9.4188,42.6658],[9.412,42.6669],[9.4056,42.6692],[9.4043,42.6708],[9.3974,42.6723],[9.3966,42.6737],[9.393,42.6748],[9.3904,42.6759],[9.3904,42.6783],[9.3927,42.6829],[9.3957,42.6853],[9.3964,42.6885],[9.398,42.6905],[9.3983,42.6932],[9.3999,42.6949],[9.4003,42.6988],[9.4029,42.6994],[9.4056,42.7026],[9.4047,42.705],[9.4131,42.705],[9.417,42.7066],[9.4179,42.7081],[9.4211,42.7094],[9.4323,42.7077],[9.4385,42.706],[9.4419,42.7063],[9.4423,42.7078],[9.4453,42.7083],[9.4459,42.7101],[9.4505,42.7106],[9.4546,42.7084],[9.4562,42.7064],[9.4522,42.6998],[9.453,42.6978],[9.4524,42.6917],[9.4478,42.6898],[9.4465,42.6865],[9.4474,42.6787],[9.4465,42.6748],[9.448,42.6667],[9.4497,42.6623]]]}},{"type":"Feature","properties":{"code":"2B034","nom":"Belgodère","pop":835},"geometry":{"type":"Polygon","coordinates":[[[9.0377,42.5739],[9.0371,42.5752],[9.033,42.5763],[9.03,42.5756],[9.0271,42.5762],[9.0233,42.5755],[9.019,42.576],[9.0157,42.5776],[9.0104,42.5821],[9.0102,42.5846],[9.0066,42.588],[9.0048,42.5908],[9.0062,42.5946],[9.003,42.5971],[9.0006,42.6046],[9.0012,42.6087],[8.998,42.6137],[8.998,42.6152],[9.0002,42.6248],[8.999,42.6338],[9.0003,42.6389],[9.0003,42.6416],[9.0025,42.6431],[9.0073,42.642],[9.0085,42.64],[9.0144,42.6408],[9.0178,42.6425],[9.0215,42.639],[9.021,42.634],[9.0247,42.631],[9.022,42.624],[9.0197,42.6229],[9.0188,42.6204],[9.0155,42.6159],[9.0159,42.6115],[9.0203,42.6086],[9.0265,42.6033],[9.0251,42.5982],[9.0277,42.5956],[9.0269,42.5932],[9.0302,42.5887],[9.0304,42.5845],[9.0338,42.5837],[9.0355,42.5807],[9.0412,42.5751],[9.0377,42.5739]]]}},{"type":"Feature","properties":{"code":"2B036","nom":"Bigorno","pop":97},"geometry":{"type":"Polygon","coordinates":[[[9.3119,42.5057],[9.3098,42.5032],[9.3064,42.5026],[9.3034,42.5066],[9.2993,42.5084],[9.2973,42.5126],[9.294,42.5148],[9.2944,42.519],[9.2925,42.5245],[9.2908,42.5266],[9.2888,42.5323],[9.2893,42.539],[9.2876,42.5418],[9.2883,42.5462],[9.2897,42.5493],[9.291,42.5517],[9.2944,42.5523],[9.3002,42.5518],[9.3037,42.5504],[9.3057,42.5486],[9.315,42.5471],[9.3212,42.5447],[9.3219,42.5418],[9.3183,42.5372],[9.3129,42.5317],[9.3097,42.526],[9.3113,42.5231],[9.3104,42.5219],[9.3118,42.5192],[9.3096,42.5125],[9.3116,42.5095],[9.3119,42.5057]]]}},{"type":"Feature","properties":{"code":"2B037","nom":"Biguglia","pop":7642},"geometry":{"type":"Polygon","coordinates":[[[9.3979,42.6205],[9.3994,42.6219],[9.405,42.6224],[9.4052,42.6244],[9.4075,42.626],[9.3982,42.6297],[9.3945,42.6347],[9.3988,42.6353],[9.4023,42.6348],[9.411,42.6371],[9.4179,42.6396],[9.4269,42.6375],[9.4294,42.6382],[9.4341,42.6375],[9.4378,42.6352],[9.4434,42.6377],[9.4576,42.6398],[9.463,42.6392],[9.4745,42.6251],[9.4813,42.6178],[9.4858,42.6134],[9.4668,42.598],[9.4658,42.5983],[9.4572,42.5963],[9.4506,42.5943],[9.4463,42.5938],[9.444,42.5944],[9.4403,42.5927],[9.4352,42.5926],[9.4326,42.5901],[9.4228,42.5888],[9.4212,42.5901],[9.4149,42.5865],[9.4126,42.5879],[9.4157,42.5924],[9.4141,42.5942],[9.4165,42.5976],[9.4188,42.5988],[9.4191,42.6008],[9.4168,42.603],[9.4164,42.6052],[9.4179,42.6077],[9.4214,42.6101],[9.4197,42.6113],[9.413,42.6133],[9.4095,42.6155],[9.4069,42.6158],[9.403,42.6187],[9.3979,42.6205]]]}},{"type":"Feature","properties":{"code":"2B039","nom":"Bisinchi","pop":183},"geometry":{"type":"Polygon","coordinates":[[[9.3064,42.5026],[9.3098,42.5032],[9.3119,42.5057],[9.3138,42.5067],[9.3157,42.5042],[9.3182,42.5044],[9.322,42.508],[9.3264,42.5057],[9.3302,42.5062],[9.3323,42.5045],[9.3329,42.4995],[9.3352,42.4982],[9.3362,42.4959],[9.337,42.491],[9.341,42.4854],[9.3407,42.4836],[9.3393,42.4777],[9.3401,42.4759],[9.3339,42.4679],[9.333,42.4659],[9.3307,42.4569],[9.3314,42.4551],[9.3281,42.4566],[9.3231,42.4641],[9.319,42.4693],[9.3128,42.4742],[9.3081,42.4771],[9.3057,42.4777],[9.3008,42.4822],[9.2961,42.485],[9.2944,42.4844],[9.2864,42.4886],[9.2906,42.4931],[9.2928,42.4938],[9.2961,42.4922],[9.2992,42.493],[9.2986,42.4951],[9.3024,42.4981],[9.3039,42.5012],[9.3064,42.5026]]]}},{"type":"Feature","properties":{"code":"2B042","nom":"Borgo","pop":10311},"geometry":{"type":"Polygon","coordinates":[[[9.3957,42.5501],[9.3918,42.5509],[9.3873,42.5575],[9.3822,42.5599],[9.3831,42.5658],[9.3818,42.5672],[9.3845,42.5692],[9.3883,42.5686],[9.393,42.5713],[9.3955,42.5763],[9.3987,42.5768],[9.4025,42.5793],[9.4129,42.5839],[9.4149,42.5865],[9.4212,42.5901],[9.4228,42.5888],[9.4326,42.5901],[9.4352,42.5926],[9.4403,42.5927],[9.444,42.5944],[9.4463,42.5938],[9.4506,42.5943],[9.4572,42.5963],[9.4658,42.5983],[9.4668,42.598],[9.4858,42.6134],[9.4906,42.6082],[9.4989,42.6007],[9.5109,42.5892],[9.5153,42.5845],[9.5227,42.5741],[9.5275,42.5649],[9.5186,42.5628],[9.4865,42.5557],[9.4745,42.5525],[9.4663,42.5516],[9.4526,42.5518],[9.4505,42.5509],[9.4422,42.5506],[9.4391,42.5488],[9.4269,42.5487],[9.4228,42.5512],[9.4113,42.5511],[9.4072,42.5518],[9.3957,42.5501]]]}},{"type":"Feature","properties":{"code":"2B043","nom":"Brando","pop":1584},"geometry":{"type":"Polygon","coordinates":[[[9.4164,42.7958],[9.4228,42.7956],[9.4413,42.7969],[9.4493,42.7992],[9.4609,42.7975],[9.4687,42.8016],[9.4911,42.7976],[9.4873,42.7905],[9.4869,42.7882],[9.4844,42.7867],[9.4836,42.7827],[9.4792,42.7786],[9.4764,42.7745],[9.4691,42.7664],[9.4681,42.7629],[9.4656,42.7581],[9.4674,42.7558],[9.4681,42.7527],[9.4645,42.7548],[9.4614,42.7549],[9.4584,42.7538],[9.4506,42.7536],[9.4423,42.7566],[9.4371,42.7596],[9.4346,42.7618],[9.421,42.7657],[9.4183,42.7675],[9.4174,42.7712],[9.415,42.7726],[9.4141,42.7736],[9.416,42.7807],[9.4196,42.785],[9.4184,42.7885],[9.4165,42.7926],[9.4164,42.7958]]]}},{"type":"Feature","properties":{"code":"2B045","nom":"Bustanico","pop":65},"geometry":{"type":"Polygon","coordinates":[[[9.347,42.3297],[9.3447,42.3285],[9.341,42.3259],[9.3273,42.3241],[9.3219,42.3221],[9.3225,42.3207],[9.3198,42.3186],[9.3166,42.3188],[9.3153,42.3154],[9.3061,42.3122],[9.3036,42.3134],[9.2985,42.311],[9.2929,42.3104],[9.2911,42.3123],[9.2908,42.3159],[9.2852,42.3175],[9.2833,42.3196],[9.2775,42.3192],[9.2772,42.3221],[9.2785,42.3237],[9.2755,42.3295],[9.2755,42.3319],[9.2813,42.3352],[9.286,42.3344],[9.2917,42.337],[9.2977,42.3368],[9.3007,42.3373],[9.3052,42.3367],[9.3107,42.3383],[9.3128,42.3373],[9.3162,42.3378],[9.3232,42.3356],[9.3258,42.3353],[9.3353,42.3378],[9.3402,42.3417],[9.3442,42.3392],[9.3469,42.335],[9.347,42.3297]]]}},{"type":"Feature","properties":{"code":"2B046","nom":"Cagnano","pop":148},"geometry":{"type":"Polygon","coordinates":[[[9.4038,42.8627],[9.4067,42.867],[9.4092,42.8718],[9.4101,42.8751],[9.41,42.8785],[9.4114,42.8809],[9.4143,42.8831],[9.4173,42.8869],[9.425,42.8863],[9.4297,42.8865],[9.4339,42.8874],[9.4397,42.8868],[9.4482,42.8837],[9.4544,42.8828],[9.4649,42.8821],[9.4752,42.8807],[9.4775,42.8819],[9.478,42.8795],[9.4755,42.8778],[9.4738,42.8781],[9.4725,42.8748],[9.4738,42.8736],[9.4787,42.872],[9.4779,42.8705],[9.4807,42.8689],[9.4822,42.8647],[9.4814,42.861],[9.4801,42.8604],[9.4701,42.8608],[9.4681,42.8598],[9.4582,42.8583],[9.4493,42.8579],[9.4494,42.8594],[9.4429,42.8606],[9.4294,42.8606],[9.4253,42.8624],[9.416,42.8649],[9.4104,42.8632],[9.4076,42.8635],[9.4038,42.8627]]]}},{"type":"Feature","properties":{"code":"2B047","nom":"Calacuccia","pop":272},"geometry":{"type":"Polygon","coordinates":[[[9.0759,42.3139],[9.0612,42.306],[9.0562,42.3049],[9.0428,42.2984],[9.0388,42.2957],[9.0376,42.2973],[9.0363,42.3056],[9.0304,42.3032],[9.0284,42.3017],[9.0255,42.3056],[9.0237,42.3093],[9.0235,42.3119],[9.0175,42.318],[9.0155,42.3215],[9.012,42.3221],[9.009,42.3256],[9.0056,42.3246],[9.0012,42.3251],[8.9973,42.3236],[8.994,42.3242],[8.9949,42.3279],[8.9983,42.3293],[8.9966,42.3314],[8.9979,42.3341],[9.006,42.3378],[9.0052,42.3393],[9.0114,42.3401],[9.013,42.3426],[9.0197,42.3478],[9.024,42.3522],[9.0253,42.3527],[9.029,42.3513],[9.0308,42.3474],[9.0338,42.3463],[9.0345,42.3435],[9.037,42.34],[9.0388,42.3358],[9.0423,42.3351],[9.0431,42.3337],[9.0486,42.3315],[9.0492,42.3302],[9.053,42.3279],[9.0609,42.3262],[9.0656,42.3233],[9.0692,42.3186],[9.0759,42.3139]]]}},{"type":"Feature","properties":{"code":"2B049","nom":"Calenzana","pop":2684},"geometry":{"type":"Polygon","coordinates":[[[8.9189,42.498],[8.9198,42.4972],[8.9216,42.4918],[8.9221,42.4875],[8.9237,42.4857],[8.9238,42.483],[8.921,42.4789],[8.9181,42.477],[8.9172,42.4741],[8.9141,42.472],[8.9164,42.4693],[8.9166,42.4673],[8.9183,42.4649],[8.919,42.4595],[8.918,42.4553],[8.9138,42.4488],[8.9131,42.4458],[8.9164,42.444],[8.9174,42.4402],[8.9165,42.434],[8.9174,42.4322],[8.9202,42.4312],[8.9211,42.426],[8.9184,42.4244],[8.9162,42.4209],[8.9156,42.417],[8.9164,42.4142],[8.9112,42.4102],[8.9067,42.411],[8.9042,42.4128],[8.8988,42.413],[8.8972,42.4123],[8.8874,42.4138],[8.8837,42.4128],[8.8793,42.4137],[8.8767,42.4167],[8.8682,42.4204],[8.8619,42.4213],[8.8561,42.4193],[8.8537,42.4168],[8.8497,42.4171],[8.8463,42.416],[8.8384,42.419],[8.8373,42.4224],[8.8287,42.4245],[8.8233,42.4276],[8.8168,42.4275],[8.8118,42.4295],[8.8094,42.4294],[8.8046,42.4313],[8.8,42.435],[8.8002,42.4406],[8.7995,42.442],[8.8016,42.4464],[8.7993,42.4501],[8.797,42.451],[8.7925,42.4554],[8.7898,42.4554],[8.7878,42.4573],[8.7822,42.4572],[8.7783,42.4595],[8.7723,42.4619],[8.7628,42.4605],[8.7559,42.4561],[8.7534,42.4551],[8.747,42.4501],[8.7444,42.4468],[8.7388,42.4456],[8.736,42.4436],[8.7326,42.4443],[8.7319,42.4463],[8.7281,42.4467],[8.7248,42.4519],[8.723,42.4524],[8.7215,42.4556],[8.7192,42.4571],[8.7075,42.4599],[8.7027,42.4595],[8.6996,42.46],[8.6949,42.4595],[8.6911,42.4619],[8.6854,42.4627],[8.6802,42.4661],[8.6794,42.4673],[8.6799,42.4689],[8.6789,42.4725],[8.6751,42.4765],[8.6721,42.4766],[8.6695,42.4754],[8.6675,42.4759],[8.6635,42.4752],[8.6556,42.4759],[8.6514,42.4738],[8.6497,42.4743],[8.6503,42.479],[8.6537,42.4812],[8.6542,42.4838],[8.6568,42.485],[8.6632,42.4915],[8.6662,42.4958],[8.6667,42.4998],[8.6643,42.5041],[8.6664,42.5047],[8.6656,42.5076],[8.6656,42.5123],[8.6667,42.5158],[8.6724,42.5183],[8.6765,42.5174],[8.6798,42.518],[8.683,42.5148],[8.6877,42.518],[8.6945,42.5202],[8.6968,42.5223],[8.695,42.5256],[8.6981,42.5257],[8.7001,42.527],[8.704,42.5265],[8.7065,42.5233],[8.7087,42.5229],[8.7107,42.5243],[8.714,42.524],[8.7201,42.525],[8.7197,42.5278],[8.7175,42.5291],[8.7224,42.5296],[8.7232,42.5329],[8.7311,42.5352],[8.7362,42.5357],[8.7403,42.5349],[8.7429,42.5326],[8.7421,42.5309],[8.7462,42.5265],[8.754,42.5264],[8.7601,42.5183],[8.7645,42.5168],[8.7655,42.5153],[8.7683,42.5152],[8.7743,42.5172],[8.7792,42.5174],[8.7817,42.5194],[8.7871,42.522],[8.7898,42.5226],[8.7945,42.5248],[8.7953,42.5262],[8.7954,42.5303],[8.8002,42.5281],[8.8154,42.537],[8.8283,42.5337],[8.8285,42.5349],[8.8356,42.533],[8.8445,42.5273],[8.8509,42.5226],[8.8562,42.5248],[8.858,42.5236],[8.8635,42.5207],[8.8641,42.5197],[8.8686,42.5202],[8.869,42.5179],[8.8714,42.5161],[8.8741,42.5169],[8.8767,42.5146],[8.8825,42.5113],[8.8866,42.5126],[8.8901,42.5113],[8.8982,42.5055],[8.9081,42.5034],[8.9106,42.5017],[8.9149,42.5009],[8.9189,42.498]],[[8.8426,42.5094],[8.8423,42.5128],[8.8383,42.5196],[8.8339,42.5186],[8.8277,42.5146],[8.8213,42.5147],[8.8212,42.5117],[8.8166,42.5087],[8.8143,42.5086],[8.8081,42.5115],[8.8053,42.5109],[8.8008,42.5139],[8.7996,42.5134],[8.8002,42.5066],[8.8018,42.5024],[8.801,42.4971],[8.8018,42.492],[8.8054,42.487],[8.8094,42.4851],[8.8153,42.4907],[8.8224,42.4937],[8.827,42.4951],[8.8295,42.4966],[8.8327,42.5002],[8.8353,42.5047],[8.8386,42.5047],[8.8414,42.5066],[8.8426,42.5094]]]}},{"type":"Feature","properties":{"code":"2B050","nom":"Calvi","pop":5788},"geometry":{"type":"Polygon","coordinates":[[[8.8154,42.537],[8.8002,42.5281],[8.7954,42.5303],[8.7953,42.5262],[8.7945,42.5248],[8.7898,42.5226],[8.7871,42.522],[8.7817,42.5194],[8.7792,42.5174],[8.7743,42.5172],[8.7683,42.5152],[8.7655,42.5153],[8.7645,42.5168],[8.7601,42.5183],[8.754,42.5264],[8.7462,42.5265],[8.7421,42.5309],[8.7429,42.5326],[8.7403,42.5349],[8.7362,42.5357],[8.7311,42.5352],[8.7232,42.5329],[8.7224,42.5296],[8.7175,42.5291],[8.7157,42.5304],[8.7157,42.5343],[8.7115,42.5343],[8.7103,42.5356],[8.7122,42.538],[8.7169,42.539],[8.719,42.5409],[8.7174,42.5438],[8.719,42.545],[8.7226,42.5451],[8.7167,42.549],[8.7173,42.5512],[8.7196,42.5521],[8.723,42.555],[8.7225,42.5572],[8.7204,42.5595],[8.7176,42.5598],[8.7188,42.5624],[8.7158,42.5639],[8.7148,42.5655],[8.7178,42.5692],[8.7172,42.571],[8.711,42.5694],[8.7076,42.5711],[8.7124,42.5731],[8.7121,42.5778],[8.7152,42.5783],[8.7189,42.5811],[8.7221,42.5816],[8.7253,42.5845],[8.727,42.5837],[8.7239,42.5798],[8.7239,42.5738],[8.7266,42.5714],[8.7273,42.5683],[8.7274,42.5627],[8.7325,42.563],[8.7379,42.5653],[8.7378,42.5676],[8.7401,42.5687],[8.7455,42.5676],[8.7545,42.5697],[8.7559,42.5713],[8.7587,42.5687],[8.7625,42.5697],[8.7615,42.567],[8.7572,42.5655],[8.7567,42.5618],[8.7589,42.5595],[8.7654,42.5563],[8.7739,42.5557],[8.7825,42.5567],[8.7876,42.558],[8.7938,42.5613],[8.7966,42.565],[8.8012,42.5614],[8.8023,42.5591],[8.8047,42.5584],[8.8053,42.5559],[8.8102,42.5534],[8.804,42.5528],[8.8018,42.5509],[8.8042,42.5482],[8.8039,42.5439],[8.8088,42.5413],[8.8112,42.5386],[8.8154,42.537]]]}},{"type":"Feature","properties":{"code":"2B051","nom":"Cambia","pop":61},"geometry":{"type":"Polygon","coordinates":[[[9.2789,42.3786],[9.2878,42.3782],[9.2906,42.3799],[9.2943,42.3789],[9.296,42.3808],[9.2993,42.3812],[9.3035,42.3791],[9.3071,42.3795],[9.3102,42.3789],[9.314,42.3794],[9.318,42.3789],[9.3201,42.3777],[9.3205,42.3752],[9.325,42.3767],[9.3243,42.3736],[9.3256,42.3716],[9.325,42.3672],[9.3286,42.3626],[9.3227,42.3613],[9.3215,42.3621],[9.3147,42.3617],[9.3084,42.3568],[9.3086,42.3529],[9.3056,42.3543],[9.3009,42.3553],[9.2955,42.359],[9.2904,42.3598],[9.2873,42.3614],[9.2815,42.36],[9.2791,42.3605],[9.2804,42.3641],[9.2811,42.3657],[9.2788,42.3678],[9.2811,42.3724],[9.2774,42.3749],[9.2789,42.3786]]]}},{"type":"Feature","properties":{"code":"2B052","nom":"Campana","pop":22},"geometry":{"type":"Polygon","coordinates":[[[9.327,42.3913],[9.3267,42.3962],[9.3344,42.3935],[9.3399,42.3927],[9.3498,42.3923],[9.3543,42.3918],[9.3567,42.388],[9.3533,42.3864],[9.3504,42.3832],[9.3446,42.3826],[9.3397,42.3834],[9.3358,42.3834],[9.3338,42.3822],[9.3293,42.3853],[9.327,42.3913]]]}},{"type":"Feature","properties":{"code":"2B053","nom":"Campi","pop":19},"geometry":{"type":"Polygon","coordinates":[[[9.4095,42.2542],[9.4058,42.2558],[9.4041,42.26],[9.4044,42.2628],[9.4064,42.2673],[9.4105,42.2699],[9.4116,42.2726],[9.4177,42.2731],[9.4199,42.2757],[9.4314,42.2819],[9.436,42.2778],[9.4399,42.2758],[9.444,42.2698],[9.4439,42.2696],[9.4416,42.2667],[9.4368,42.2649],[9.4315,42.2642],[9.4282,42.2624],[9.4168,42.2608],[9.4148,42.2596],[9.4095,42.2542]]]}},{"type":"Feature","properties":{"code":"2B054","nom":"Campile","pop":181},"geometry":{"type":"Polygon","coordinates":[[[9.3849,42.51],[9.3814,42.5084],[9.3798,42.5061],[9.3805,42.5029],[9.3774,42.4973],[9.3763,42.4941],[9.3738,42.4935],[9.3746,42.4892],[9.3722,42.4879],[9.3735,42.4856],[9.3705,42.4846],[9.3663,42.4833],[9.3605,42.4835],[9.3592,42.4821],[9.36,42.4789],[9.3561,42.4798],[9.3454,42.4786],[9.3434,42.4791],[9.3432,42.482],[9.3407,42.4836],[9.341,42.4854],[9.337,42.491],[9.3362,42.4959],[9.3352,42.4982],[9.3329,42.4995],[9.3323,42.5045],[9.3302,42.5062],[9.335,42.5059],[9.3374,42.5065],[9.3389,42.5102],[9.3489,42.5107],[9.3509,42.5092],[9.3546,42.5088],[9.3615,42.5061],[9.3651,42.5052],[9.3698,42.5052],[9.3741,42.5077],[9.384,42.5104],[9.3849,42.51]]]}},{"type":"Feature","properties":{"code":"2B055","nom":"Campitello","pop":107},"geometry":{"type":"Polygon","coordinates":[[[9.3212,42.5447],[9.3313,42.5484],[9.3339,42.5498],[9.3437,42.5503],[9.3461,42.5452],[9.3427,42.5441],[9.3375,42.5382],[9.3342,42.537],[9.3321,42.5263],[9.3333,42.519],[9.3318,42.5148],[9.3334,42.5086],[9.335,42.5059],[9.3302,42.5062],[9.3264,42.5057],[9.322,42.508],[9.3182,42.5044],[9.3157,42.5042],[9.3138,42.5067],[9.3119,42.5057],[9.3116,42.5095],[9.3096,42.5125],[9.3118,42.5192],[9.3104,42.5219],[9.3113,42.5231],[9.3097,42.526],[9.3129,42.5317],[9.3183,42.5372],[9.3219,42.5418],[9.3212,42.5447]]]}},{"type":"Feature","properties":{"code":"2B057","nom":"Canale-di-Verde","pop":302},"geometry":{"type":"Polygon","coordinates":[[[9.444,42.2698],[9.4466,42.2738],[9.4476,42.2789],[9.4577,42.2846],[9.4592,42.2852],[9.4747,42.2843],[9.4798,42.2824],[9.4851,42.2818],[9.4916,42.2801],[9.495,42.2781],[9.497,42.2779],[9.5031,42.2754],[9.5028,42.2746],[9.5138,42.2714],[9.5152,42.2706],[9.5196,42.2683],[9.5267,42.2667],[9.5291,42.2653],[9.5309,42.2627],[9.5385,42.2559],[9.5441,42.2518],[9.5439,42.2506],[9.5522,42.2493],[9.5553,42.2528],[9.5533,42.2414],[9.5422,42.242],[9.5385,42.2415],[9.534,42.2422],[9.5273,42.2443],[9.5248,42.2461],[9.5217,42.2462],[9.5204,42.2478],[9.5107,42.2536],[9.498,42.2623],[9.4971,42.2653],[9.4867,42.2667],[9.478,42.2708],[9.4714,42.2721],[9.469,42.2712],[9.466,42.2725],[9.4631,42.2701],[9.4603,42.269],[9.4573,42.27],[9.444,42.2698]]]}},{"type":"Feature","properties":{"code":"2B058","nom":"Canari","pop":305},"geometry":{"type":"Polygon","coordinates":[[[9.3405,42.8659],[9.343,42.8653],[9.347,42.8664],[9.3477,42.8648],[9.3547,42.8623],[9.3571,42.8624],[9.3579,42.8599],[9.3601,42.8577],[9.3656,42.8552],[9.3733,42.8528],[9.3764,42.8502],[9.3803,42.8494],[9.3827,42.846],[9.3851,42.8452],[9.3915,42.8451],[9.3884,42.843],[9.3868,42.8401],[9.3851,42.8349],[9.3833,42.8364],[9.3753,42.8391],[9.3728,42.8393],[9.3674,42.8355],[9.3555,42.833],[9.3487,42.8337],[9.3418,42.8297],[9.332,42.823],[9.3309,42.8219],[9.3298,42.8167],[9.3263,42.8122],[9.3245,42.8166],[9.3225,42.8192],[9.3205,42.8245],[9.3187,42.8265],[9.3158,42.8269],[9.3141,42.8296],[9.311,42.8311],[9.3096,42.8338],[9.3154,42.8368],[9.3155,42.8425],[9.3218,42.8466],[9.3247,42.851],[9.3291,42.8532],[9.3291,42.8549],[9.3336,42.8602],[9.3331,42.8629],[9.3343,42.864],[9.3405,42.8659]]]}},{"type":"Feature","properties":{"code":"2B059","nom":"Canavaggia","pop":123},"geometry":{"type":"Polygon","coordinates":[[[9.222,42.5282],[9.2272,42.5251],[9.231,42.5238],[9.2312,42.5205],[9.2364,42.5196],[9.2432,42.5209],[9.2505,42.521],[9.2514,42.5159],[9.2565,42.5159],[9.26,42.518],[9.2619,42.5202],[9.2669,42.52],[9.2699,42.5157],[9.2731,42.5154],[9.2757,42.512],[9.2759,42.5103],[9.2818,42.5082],[9.2853,42.504],[9.2885,42.5026],[9.2847,42.5001],[9.2819,42.4961],[9.2772,42.4921],[9.2647,42.4772],[9.2619,42.4756],[9.2545,42.4745],[9.2496,42.4701],[9.2411,42.4715],[9.2365,42.4693],[9.2289,42.4704],[9.2251,42.4725],[9.2197,42.4735],[9.2129,42.4706],[9.2102,42.4717],[9.2074,42.4745],[9.2041,42.4758],[9.2004,42.4818],[9.1962,42.4831],[9.1923,42.4831],[9.1895,42.4853],[9.1899,42.4873],[9.1878,42.4908],[9.1844,42.492],[9.1806,42.4916],[9.1799,42.4944],[9.1843,42.4967],[9.1866,42.5001],[9.1899,42.5015],[9.1909,42.5042],[9.1929,42.5063],[9.1984,42.5104],[9.2024,42.5153],[9.2058,42.5168],[9.2168,42.5161],[9.2215,42.5177],[9.2223,42.5192],[9.22,42.5218],[9.222,42.5282]]]}},{"type":"Feature","properties":{"code":"2B063","nom":"Carcheto-Brustico","pop":57},"geometry":{"type":"Polygon","coordinates":[[[9.3402,42.3417],[9.3394,42.3422],[9.3443,42.3465],[9.3454,42.3515],[9.3481,42.3541],[9.3476,42.3555],[9.3499,42.358],[9.3568,42.3621],[9.3597,42.3652],[9.3618,42.3663],[9.3653,42.3714],[9.3692,42.3706],[9.3706,42.369],[9.3752,42.3694],[9.3767,42.366],[9.3791,42.3652],[9.3772,42.3631],[9.375,42.3643],[9.3749,42.3601],[9.3715,42.3533],[9.3662,42.3511],[9.3677,42.3488],[9.3731,42.347],[9.3662,42.3461],[9.3645,42.3451],[9.3567,42.3451],[9.3554,42.3439],[9.3442,42.3392],[9.3402,42.3417]]]}},{"type":"Feature","properties":{"code":"2B067","nom":"Carpineto","pop":38},"geometry":{"type":"Polygon","coordinates":[[[9.3791,42.3652],[9.3811,42.365],[9.3871,42.3631],[9.3909,42.3601],[9.3922,42.3539],[9.3858,42.3525],[9.3815,42.349],[9.3731,42.347],[9.3677,42.3488],[9.3662,42.3511],[9.3715,42.3533],[9.3749,42.3601],[9.375,42.3643],[9.3772,42.3631],[9.3791,42.3652]]]}},{"type":"Feature","properties":{"code":"2B068","nom":"Carticasi","pop":25},"geometry":{"type":"Polygon","coordinates":[[[9.3394,42.3422],[9.3402,42.3417],[9.3353,42.3378],[9.3258,42.3353],[9.3232,42.3356],[9.3162,42.3378],[9.3128,42.3373],[9.3107,42.3383],[9.3052,42.3367],[9.3007,42.3373],[9.2977,42.3368],[9.2917,42.337],[9.286,42.3344],[9.2813,42.3352],[9.2787,42.3352],[9.2759,42.3378],[9.2716,42.3405],[9.2721,42.3434],[9.2708,42.3453],[9.2705,42.3508],[9.2725,42.3529],[9.2749,42.3585],[9.2791,42.3605],[9.2815,42.36],[9.2873,42.3614],[9.2904,42.3598],[9.2955,42.359],[9.3009,42.3553],[9.3056,42.3543],[9.3086,42.3529],[9.3084,42.3568],[9.3147,42.3617],[9.3215,42.3621],[9.3227,42.3613],[9.3286,42.3626],[9.3313,42.3598],[9.3331,42.3578],[9.3344,42.3536],[9.3338,42.3476],[9.337,42.3436],[9.3394,42.3422]]]}},{"type":"Feature","properties":{"code":"2B069","nom":"Casabianca","pop":123},"geometry":{"type":"Polygon","coordinates":[[[9.3752,42.4382],[9.3732,42.4384],[9.37,42.4381],[9.3665,42.4369],[9.3626,42.4365],[9.3618,42.4404],[9.3602,42.4435],[9.3581,42.4457],[9.3597,42.4493],[9.3578,42.4517],[9.3646,42.456],[9.3683,42.4579],[9.3746,42.4527],[9.3796,42.4528],[9.3821,42.4512],[9.3862,42.451],[9.3917,42.4494],[9.3865,42.4464],[9.3841,42.4415],[9.3829,42.4429],[9.3785,42.4424],[9.3757,42.4402],[9.3752,42.4382]]]}},{"type":"Feature","properties":{"code":"2B072","nom":"Casalta","pop":51},"geometry":{"type":"Polygon","coordinates":[[[9.4087,42.4473],[9.4174,42.4455],[9.42,42.4434],[9.418,42.4419],[9.4205,42.4386],[9.4225,42.4391],[9.4315,42.4387],[9.435,42.4408],[9.4399,42.4402],[9.4422,42.4387],[9.4458,42.4392],[9.4486,42.4363],[9.4452,42.4324],[9.4439,42.429],[9.4398,42.43],[9.4355,42.4296],[9.4318,42.4264],[9.4287,42.4281],[9.425,42.4283],[9.4221,42.4264],[9.4181,42.428],[9.4157,42.4295],[9.412,42.4306],[9.4093,42.43],[9.4052,42.4308],[9.4032,42.4351],[9.4044,42.4394],[9.4031,42.442],[9.4073,42.4442],[9.4087,42.4473]]]}},{"type":"Feature","properties":{"code":"2B073","nom":"Casamaccioli","pop":115},"geometry":{"type":"Polygon","coordinates":[[[9.0388,42.2957],[9.0348,42.2928],[9.0366,42.2826],[9.0336,42.2812],[9.0295,42.2804],[9.0273,42.2785],[9.0234,42.2778],[9.0185,42.275],[9.0193,42.2714],[9.016,42.2686],[9.0144,42.2658],[9.0105,42.262],[9.0079,42.2609],[9.0079,42.2591],[9.0057,42.2565],[9.002,42.2549],[8.9966,42.2497],[8.9967,42.2473],[8.9923,42.2432],[8.987,42.2415],[8.9783,42.2408],[8.9746,42.2411],[8.9669,42.2443],[8.9672,42.2457],[8.9634,42.2466],[8.9626,42.2505],[8.9576,42.2539],[8.9559,42.2527],[8.9501,42.2528],[8.9487,42.2519],[8.9419,42.2545],[8.9413,42.2558],[8.9372,42.2577],[8.9342,42.2574],[8.9335,42.2558],[8.9268,42.2542],[8.9268,42.2545],[8.9324,42.2565],[8.9325,42.2577],[8.9436,42.2622],[8.9466,42.2628],[8.9499,42.2647],[8.9527,42.2653],[8.9553,42.2643],[8.9595,42.2643],[8.9635,42.2665],[8.966,42.2653],[8.9701,42.2647],[8.9767,42.2692],[8.9783,42.2724],[8.9848,42.2765],[8.9859,42.2802],[8.9827,42.2828],[8.98,42.2867],[8.976,42.2889],[8.9764,42.2928],[8.9756,42.2955],[8.9768,42.2976],[8.9748,42.2989],[8.9778,42.3054],[8.9768,42.3084],[8.9743,42.3107],[8.9774,42.3132],[8.9776,42.3174],[8.981,42.3174],[8.9842,42.3191],[8.9891,42.3201],[8.9894,42.3235],[8.9915,42.3248],[8.994,42.3242],[8.9973,42.3236],[9.0012,42.3251],[9.0056,42.3246],[9.009,42.3256],[9.012,42.3221],[9.0155,42.3215],[9.0175,42.318],[9.0235,42.3119],[9.0237,42.3093],[9.0255,42.3056],[9.0284,42.3017],[9.0304,42.3032],[9.0363,42.3056],[9.0376,42.2973],[9.0388,42.2957]]]}},{"type":"Feature","properties":{"code":"2B074","nom":"Casanova","pop":384},"geometry":{"type":"Polygon","coordinates":[[[9.1821,42.2567],[9.1823,42.255],[9.18,42.2524],[9.177,42.2505],[9.1742,42.2483],[9.1694,42.2525],[9.1694,42.2559],[9.1649,42.2558],[9.1617,42.255],[9.1525,42.2565],[9.1498,42.2586],[9.1483,42.2563],[9.1397,42.2516],[9.138,42.2502],[9.1316,42.2472],[9.1287,42.2455],[9.1236,42.2389],[9.1221,42.2425],[9.1182,42.245],[9.1219,42.2502],[9.1224,42.2522],[9.1257,42.2562],[9.1339,42.2605],[9.1329,42.2631],[9.1333,42.267],[9.1389,42.2701],[9.141,42.2723],[9.1414,42.2759],[9.1478,42.2768],[9.1503,42.2789],[9.1548,42.2767],[9.1581,42.2734],[9.1619,42.273],[9.1685,42.2757],[9.1699,42.2751],[9.1801,42.2751],[9.1776,42.2736],[9.1778,42.2677],[9.174,42.2626],[9.1753,42.2599],[9.1784,42.2565],[9.1821,42.2567]]]}},{"type":"Feature","properties":{"code":"2B075","nom":"Casevecchie","pop":69},"geometry":{"type":"Polygon","coordinates":[[[9.3933,42.1275],[9.3896,42.1267],[9.3855,42.127],[9.3837,42.1248],[9.3839,42.1228],[9.3785,42.1222],[9.3746,42.124],[9.3704,42.1216],[9.3656,42.1218],[9.3614,42.124],[9.3569,42.1237],[9.3517,42.1272],[9.3519,42.1285],[9.3468,42.1309],[9.3442,42.1342],[9.3426,42.1389],[9.3422,42.1428],[9.3435,42.1448],[9.3527,42.145],[9.3581,42.1443],[9.3647,42.1461],[9.3698,42.1516],[9.3727,42.1518],[9.3734,42.1501],[9.3786,42.1495],[9.3804,42.1463],[9.3854,42.1465],[9.3884,42.1442],[9.3852,42.1374],[9.3889,42.132],[9.3889,42.1301],[9.3933,42.1291],[9.3933,42.1275]]]}},{"type":"Feature","properties":{"code":"2B077","nom":"Castellare-di-Casinca","pop":701},"geometry":{"type":"Polygon","coordinates":[[[9.4644,42.4755],[9.4697,42.4749],[9.4718,42.4739],[9.4793,42.474],[9.4847,42.4733],[9.4886,42.475],[9.4937,42.4764],[9.5104,42.48],[9.5247,42.4837],[9.5314,42.4838],[9.5362,42.4704],[9.5228,42.469],[9.5225,42.4671],[9.5158,42.4649],[9.5138,42.4633],[9.5087,42.4621],[9.5026,42.4625],[9.4924,42.4617],[9.488,42.4601],[9.4819,42.4597],[9.4743,42.4608],[9.4709,42.4629],[9.4675,42.4639],[9.4659,42.4683],[9.4671,42.4705],[9.4644,42.4755]]]}},{"type":"Feature","properties":{"code":"2B078","nom":"Castellare-di-Mercurio","pop":31},"geometry":{"type":"Polygon","coordinates":[[[9.2549,42.3357],[9.2557,42.3315],[9.2585,42.3287],[9.2591,42.3264],[9.2553,42.3226],[9.2564,42.3173],[9.2574,42.3082],[9.2564,42.3073],[9.2532,42.3006],[9.2514,42.2994],[9.2496,42.2946],[9.2469,42.2906],[9.245,42.2896],[9.2374,42.2887],[9.2324,42.2923],[9.2315,42.2945],[9.2287,42.2954],[9.2345,42.2976],[9.2365,42.2999],[9.2392,42.3006],[9.2387,42.3047],[9.2395,42.3086],[9.239,42.3134],[9.2379,42.3147],[9.2394,42.3172],[9.239,42.3193],[9.2409,42.3232],[9.2433,42.3262],[9.2485,42.3278],[9.2515,42.3338],[9.2549,42.3357]]]}},{"type":"Feature","properties":{"code":"2B079","nom":"Castello-di-Rostino","pop":522},"geometry":{"type":"Polygon","coordinates":[[[9.3314,42.4551],[9.3277,42.453],[9.3282,42.4502],[9.3254,42.4462],[9.3214,42.4471],[9.3175,42.4465],[9.3123,42.4486],[9.3081,42.4481],[9.3021,42.4574],[9.2972,42.4596],[9.2964,42.4625],[9.2933,42.4668],[9.2847,42.4717],[9.2798,42.4723],[9.2787,42.4707],[9.2741,42.4705],[9.2722,42.4717],[9.2674,42.4726],[9.2619,42.4756],[9.2647,42.4772],[9.2772,42.4921],[9.2819,42.4961],[9.2847,42.5001],[9.2854,42.4985],[9.2885,42.4976],[9.2937,42.4984],[9.2986,42.4951],[9.2992,42.493],[9.2961,42.4922],[9.2928,42.4938],[9.2906,42.4931],[9.2864,42.4886],[9.2944,42.4844],[9.2961,42.485],[9.3008,42.4822],[9.3057,42.4777],[9.3081,42.4771],[9.3128,42.4742],[9.319,42.4693],[9.3231,42.4641],[9.3281,42.4566],[9.3314,42.4551]]]}},{"type":"Feature","properties":{"code":"2B080","nom":"Castifao","pop":168},"geometry":{"type":"Polygon","coordinates":[[[9.0748,42.5381],[9.0792,42.54],[9.081,42.5423],[9.0823,42.5458],[9.0801,42.5483],[9.0794,42.5506],[9.0805,42.5544],[9.0873,42.5569],[9.0909,42.5572],[9.0934,42.5596],[9.092,42.5632],[9.0942,42.565],[9.0978,42.5673],[9.1026,42.5667],[9.1043,42.5649],[9.1091,42.5624],[9.1126,42.5615],[9.1155,42.5628],[9.1182,42.5622],[9.1202,42.5632],[9.1238,42.5627],[9.1268,42.5613],[9.127,42.5602],[9.1339,42.559],[9.1302,42.5532],[9.1323,42.5459],[9.1372,42.5469],[9.1394,42.5437],[9.1384,42.5417],[9.1439,42.5398],[9.1414,42.5377],[9.145,42.5368],[9.1495,42.5309],[9.1537,42.5318],[9.1564,42.5313],[9.1555,42.5284],[9.1587,42.5287],[9.1575,42.5244],[9.1653,42.5223],[9.1655,42.5199],[9.1677,42.52],[9.1686,42.5162],[9.1721,42.5155],[9.1745,42.5128],[9.1748,42.5103],[9.1781,42.5078],[9.1808,42.5101],[9.1831,42.5103],[9.1899,42.5089],[9.1929,42.5063],[9.1909,42.5042],[9.1899,42.5015],[9.1866,42.5001],[9.1843,42.4967],[9.1799,42.4944],[9.1812,42.4975],[9.1802,42.4992],[9.177,42.5014],[9.1721,42.5033],[9.1675,42.5044],[9.1637,42.5065],[9.1606,42.5106],[9.1548,42.5096],[9.1516,42.5044],[9.1513,42.5028],[9.148,42.5009],[9.1409,42.5001],[9.1398,42.4989],[9.1348,42.4987],[9.1316,42.4964],[9.1269,42.4972],[9.123,42.4963],[9.118,42.4967],[9.1155,42.4957],[9.1135,42.4971],[9.1099,42.4966],[9.1068,42.498],[9.1019,42.4966],[9.0979,42.4967],[9.0946,42.499],[9.0909,42.4991],[9.0815,42.5012],[9.078,42.507],[9.0818,42.5202],[9.0776,42.5291],[9.0788,42.5307],[9.0772,42.5333],[9.0773,42.5354],[9.0748,42.5381]]]}},{"type":"Feature","properties":{"code":"2B081","nom":"Castiglione","pop":40},"geometry":{"type":"Polygon","coordinates":[[[9.1121,42.3876],[9.1072,42.388],[9.1008,42.3875],[9.0981,42.3864],[9.0924,42.3886],[9.0927,42.3902],[9.0903,42.3962],[9.0876,42.3996],[9.088,42.402],[9.0839,42.4039],[9.0813,42.4044],[9.08,42.4079],[9.0782,42.4092],[9.0741,42.4174],[9.0785,42.4184],[9.081,42.42],[9.0785,42.4276],[9.0819,42.4273],[9.0876,42.4283],[9.0903,42.4295],[9.0934,42.4282],[9.1012,42.4299],[9.1071,42.4301],[9.1129,42.4302],[9.114,42.4276],[9.1169,42.4267],[9.1246,42.4269],[9.1287,42.4264],[9.1338,42.4275],[9.1388,42.4256],[9.1445,42.4225],[9.1475,42.4222],[9.1497,42.4201],[9.15,42.4156],[9.1491,42.4135],[9.1506,42.4079],[9.1501,42.4029],[9.1487,42.3998],[9.1503,42.3992],[9.1518,42.3955],[9.1458,42.3915],[9.1352,42.3898],[9.1295,42.3904],[9.1283,42.3913],[9.121,42.3921],[9.1166,42.3895],[9.1121,42.3876]]]}},{"type":"Feature","properties":{"code":"2B082","nom":"Castineta","pop":34},"geometry":{"type":"Polygon","coordinates":[[[9.3236,42.4113],[9.3241,42.4051],[9.317,42.4079],[9.3092,42.4151],[9.3058,42.4142],[9.2956,42.4179],[9.2914,42.4214],[9.2886,42.4209],[9.287,42.422],[9.2801,42.4216],[9.2765,42.4237],[9.2728,42.4233],[9.2695,42.4255],[9.2676,42.4238],[9.2624,42.4221],[9.2549,42.4234],[9.2547,42.426],[9.2516,42.4251],[9.2512,42.4297],[9.2464,42.4312],[9.2434,42.4352],[9.2411,42.4367],[9.2389,42.4348],[9.2352,42.4342],[9.2286,42.4357],[9.2238,42.4362],[9.2226,42.4399],[9.2198,42.4441],[9.2271,42.4456],[9.2339,42.4431],[9.2361,42.4437],[9.2425,42.4409],[9.2458,42.4388],[9.2484,42.4406],[9.2554,42.4411],[9.2632,42.4384],[9.2711,42.4372],[9.276,42.4325],[9.2782,42.4289],[9.2803,42.4292],[9.2874,42.4268],[9.2897,42.4272],[9.2998,42.4243],[9.3048,42.4262],[9.3104,42.4257],[9.3155,42.4188],[9.3192,42.4175],[9.3267,42.4168],[9.3236,42.4113]]]}},{"type":"Feature","properties":{"code":"2B083","nom":"Castirla","pop":166},"geometry":{"type":"Polygon","coordinates":[[[9.1664,42.3706],[9.163,42.3698],[9.1588,42.3709],[9.1594,42.3675],[9.1537,42.3637],[9.1526,42.362],[9.1484,42.3618],[9.1475,42.3578],[9.1459,42.3556],[9.1466,42.354],[9.1452,42.352],[9.1425,42.3522],[9.1386,42.3508],[9.136,42.3524],[9.1312,42.3514],[9.1245,42.3513],[9.117,42.3499],[9.1166,42.3486],[9.1119,42.3437],[9.1091,42.3423],[9.1085,42.3404],[9.1039,42.339],[9.0985,42.3357],[9.0975,42.3374],[9.0906,42.3412],[9.0876,42.3461],[9.0829,42.3488],[9.0856,42.353],[9.0858,42.3558],[9.0909,42.3629],[9.0962,42.3664],[9.0977,42.3688],[9.104,42.3719],[9.1066,42.3788],[9.1103,42.3834],[9.1121,42.3876],[9.1166,42.3895],[9.121,42.3921],[9.1283,42.3913],[9.1295,42.3904],[9.1352,42.3898],[9.1458,42.3915],[9.1518,42.3955],[9.1569,42.3961],[9.1605,42.3957],[9.1625,42.3972],[9.1649,42.3942],[9.1666,42.3928],[9.1637,42.3895],[9.166,42.3862],[9.1627,42.3851],[9.1602,42.3832],[9.1597,42.3801],[9.1637,42.3731],[9.1664,42.3706]]]}},{"type":"Feature","properties":{"code":"2B084","nom":"Cateri","pop":247},"geometry":{"type":"Polygon","coordinates":[[[8.9163,42.5686],[8.9132,42.5668],[8.9068,42.565],[8.9022,42.5664],[8.899,42.5643],[8.8965,42.5666],[8.8941,42.5669],[8.887,42.565],[8.8837,42.5618],[8.8795,42.5599],[8.8773,42.5606],[8.8752,42.5647],[8.8789,42.5684],[8.8828,42.5693],[8.885,42.5723],[8.8839,42.5758],[8.8862,42.5755],[8.8913,42.5734],[8.8987,42.5744],[8.9007,42.5759],[8.9042,42.5761],[8.9055,42.5741],[8.9124,42.5738],[8.9162,42.5753],[8.9188,42.5746],[8.9171,42.5712],[8.9163,42.5686]]]}},{"type":"Feature","properties":{"code":"2B086","nom":"Centuri","pop":175},"geometry":{"type":"Polygon","coordinates":[[[9.3936,42.9466],[9.3901,42.9455],[9.3869,42.9461],[9.3855,42.9496],[9.3863,42.9517],[9.3777,42.9517],[9.3726,42.9526],[9.3712,42.9521],[9.3639,42.9546],[9.3596,42.9554],[9.3555,42.9579],[9.3542,42.9611],[9.3499,42.9608],[9.3483,42.9661],[9.3509,42.9681],[9.3484,42.9735],[9.3433,42.9777],[9.3419,42.9805],[9.3441,42.9823],[9.3438,42.9852],[9.3412,42.9883],[9.3431,42.9896],[9.3403,42.994],[9.3422,42.9943],[9.3437,42.9977],[9.3469,42.9931],[9.3506,42.9903],[9.3524,42.9873],[9.3553,42.9853],[9.3572,42.9853],[9.3598,42.9777],[9.3612,42.9755],[9.3704,42.9721],[9.3711,42.9714],[9.3801,42.969],[9.3797,42.9668],[9.3811,42.9645],[9.3839,42.9635],[9.3855,42.9606],[9.3825,42.9575],[9.3849,42.955],[9.3933,42.9581],[9.3932,42.9537],[9.3967,42.9513],[9.3934,42.9488],[9.3936,42.9466]]]}},{"type":"Feature","properties":{"code":"2B087","nom":"Cervione","pop":2149},"geometry":{"type":"Polygon","coordinates":[[[9.4696,42.3345],[9.473,42.3349],[9.4765,42.3374],[9.4785,42.3372],[9.4862,42.3358],[9.4985,42.3316],[9.5088,42.3296],[9.5139,42.3307],[9.5162,42.3301],[9.519,42.3315],[9.5243,42.3299],[9.5289,42.3297],[9.5291,42.3286],[9.536,42.3246],[9.5368,42.3268],[9.5434,42.3284],[9.5451,42.3235],[9.5481,42.3193],[9.5503,42.3139],[9.5519,42.3051],[9.5535,42.2992],[9.5399,42.2999],[9.5356,42.3038],[9.5342,42.3073],[9.5294,42.3126],[9.524,42.3157],[9.5152,42.3182],[9.5127,42.3193],[9.5094,42.3189],[9.5051,42.3196],[9.5012,42.3189],[9.497,42.319],[9.4941,42.3169],[9.4899,42.3166],[9.4853,42.3205],[9.4818,42.3242],[9.4767,42.3235],[9.4735,42.3269],[9.4743,42.3296],[9.4696,42.3345]]]}},{"type":"Feature","properties":{"code":"2B088","nom":"Chiatra","pop":231},"geometry":{"type":"Polygon","coordinates":[[[9.4577,42.2846],[9.456,42.2854],[9.4576,42.2883],[9.4667,42.2966],[9.4677,42.2999],[9.4714,42.3001],[9.4737,42.2982],[9.4818,42.2987],[9.4931,42.2983],[9.4955,42.2997],[9.4984,42.2994],[9.4965,42.2977],[9.5043,42.2923],[9.5085,42.2916],[9.5108,42.2881],[9.5133,42.2879],[9.5122,42.2852],[9.5159,42.2819],[9.5164,42.2771],[9.5174,42.2747],[9.5152,42.2706],[9.5138,42.2714],[9.5028,42.2746],[9.5031,42.2754],[9.497,42.2779],[9.495,42.2781],[9.4916,42.2801],[9.4851,42.2818],[9.4798,42.2824],[9.4747,42.2843],[9.4592,42.2852],[9.4577,42.2846]]]}},{"type":"Feature","properties":{"code":"2B093","nom":"Corbara","pop":962},"geometry":{"type":"Polygon","coordinates":[[[8.9243,42.6381],[8.9233,42.6311],[8.9238,42.6263],[8.9231,42.621],[8.9199,42.6185],[8.9195,42.6161],[8.9174,42.6144],[8.9183,42.6125],[8.9142,42.6077],[8.9168,42.6052],[8.9192,42.604],[8.9189,42.6023],[8.9126,42.6022],[8.9085,42.6014],[8.9065,42.5999],[8.9,42.6025],[8.8943,42.604],[8.8933,42.6053],[8.8903,42.6047],[8.8839,42.6076],[8.8812,42.6074],[8.8765,42.6102],[8.8755,42.6152],[8.8744,42.6179],[8.8772,42.6196],[8.8813,42.621],[8.8789,42.6232],[8.8837,42.6249],[8.8802,42.6264],[8.88,42.6291],[8.883,42.6294],[8.8851,42.628],[8.8892,42.6305],[8.8911,42.6274],[8.8937,42.6296],[8.8954,42.6277],[8.8991,42.6283],[8.9029,42.627],[8.9119,42.629],[8.9142,42.6308],[8.9187,42.6374],[8.9227,42.6396],[8.9243,42.6381]]]}},{"type":"Feature","properties":{"code":"2B095","nom":"Corscia","pop":123},"geometry":{"type":"Polygon","coordinates":[[[8.9784,42.3915],[8.9816,42.3971],[8.9847,42.3983],[8.9885,42.4021],[8.9908,42.4008],[9.0035,42.3987],[9.0071,42.3953],[9.0099,42.395],[9.0144,42.3974],[9.0215,42.3992],[9.0266,42.3991],[9.0274,42.3998],[9.0332,42.3983],[9.0409,42.3991],[9.0439,42.4002],[9.0484,42.4007],[9.0491,42.4054],[9.0532,42.4068],[9.0561,42.4116],[9.058,42.4125],[9.0655,42.4127],[9.0707,42.4168],[9.0741,42.4174],[9.0782,42.4092],[9.08,42.4079],[9.0813,42.4044],[9.0839,42.4039],[9.088,42.402],[9.0876,42.3996],[9.0903,42.3962],[9.0927,42.3902],[9.0924,42.3886],[9.0981,42.3864],[9.1008,42.3875],[9.1072,42.388],[9.1121,42.3876],[9.1103,42.3834],[9.1066,42.3788],[9.104,42.3719],[9.0977,42.3688],[9.0962,42.3664],[9.0909,42.3629],[9.0858,42.3558],[9.0856,42.353],[9.0829,42.3488],[9.0876,42.3461],[9.0906,42.3412],[9.0975,42.3374],[9.0985,42.3357],[9.0942,42.3326],[9.0925,42.3293],[9.0921,42.3248],[9.0934,42.3232],[9.0923,42.3221],[9.0942,42.3199],[9.0881,42.3148],[9.0845,42.3079],[9.0759,42.3139],[9.0692,42.3186],[9.0656,42.3233],[9.0609,42.3262],[9.053,42.3279],[9.0492,42.3302],[9.0486,42.3315],[9.0431,42.3337],[9.0423,42.3351],[9.0388,42.3358],[9.037,42.34],[9.0345,42.3435],[9.0338,42.3463],[9.0308,42.3474],[9.029,42.3513],[9.0253,42.3527],[9.0236,42.3531],[9.0216,42.3562],[9.0189,42.3568],[9.0174,42.3601],[9.018,42.3622],[9.0158,42.3642],[9.0179,42.3673],[9.019,42.3708],[9.018,42.372],[9.0139,42.373],[9.0122,42.3763],[9.0095,42.378],[9.005,42.3783],[9.0016,42.3792],[8.9967,42.3832],[8.9885,42.3881],[8.9803,42.3899],[8.9784,42.3915]]]}},{"type":"Feature","properties":{"code":"2B096","nom":"Corte","pop":7819},"geometry":{"type":"Polygon","coordinates":[[[8.9268,42.2542],[8.9335,42.2558],[8.9342,42.2574],[8.9372,42.2577],[8.9413,42.2558],[8.9419,42.2545],[8.9487,42.2519],[8.9501,42.2528],[8.9559,42.2527],[8.9576,42.2539],[8.9626,42.2505],[8.9634,42.2466],[8.9672,42.2457],[8.9669,42.2443],[8.9746,42.2411],[8.9783,42.2408],[8.987,42.2415],[8.9923,42.2432],[8.9967,42.2473],[8.9966,42.2497],[9.002,42.2549],[9.0057,42.2565],[9.0079,42.2591],[9.0079,42.2609],[9.0105,42.262],[9.0144,42.2658],[9.016,42.2686],[9.0193,42.2714],[9.0185,42.275],[9.0234,42.2778],[9.0273,42.2785],[9.0295,42.2804],[9.0336,42.2812],[9.0366,42.2826],[9.0348,42.2928],[9.0388,42.2957],[9.0428,42.2984],[9.0562,42.3049],[9.0612,42.306],[9.0759,42.3139],[9.0845,42.3079],[9.0881,42.3148],[9.0942,42.3199],[9.0923,42.3221],[9.0934,42.3232],[9.0994,42.3246],[9.1091,42.3289],[9.1105,42.3301],[9.1132,42.3377],[9.1277,42.3418],[9.1353,42.3421],[9.1389,42.3407],[9.1427,42.3439],[9.15,42.343],[9.1546,42.3394],[9.1599,42.3311],[9.17,42.331],[9.1701,42.3288],[9.1741,42.328],[9.1724,42.3232],[9.1722,42.3201],[9.1805,42.3179],[9.19,42.3194],[9.1914,42.3228],[9.1945,42.3226],[9.194,42.3199],[9.1921,42.3168],[9.194,42.3148],[9.1917,42.3088],[9.1902,42.3068],[9.1891,42.3018],[9.1901,42.2987],[9.1878,42.2944],[9.1922,42.2929],[9.1951,42.2907],[9.1959,42.2882],[9.1978,42.2869],[9.2055,42.2847],[9.208,42.2839],[9.2115,42.2805],[9.2094,42.2789],[9.204,42.2815],[9.1937,42.2805],[9.1887,42.2778],[9.1801,42.2751],[9.1699,42.2751],[9.1685,42.2757],[9.1619,42.273],[9.1581,42.2734],[9.1548,42.2767],[9.1503,42.2789],[9.1478,42.2768],[9.1414,42.2759],[9.141,42.2723],[9.1389,42.2701],[9.1333,42.267],[9.1329,42.2631],[9.1339,42.2605],[9.1257,42.2562],[9.1224,42.2522],[9.1219,42.2502],[9.1182,42.245],[9.1221,42.2425],[9.1236,42.2389],[9.1206,42.2338],[9.1202,42.2305],[9.1105,42.2285],[9.1024,42.2259],[9.0989,42.2258],[9.096,42.2228],[9.0921,42.2171],[9.0879,42.2149],[9.0853,42.2156],[9.0809,42.2146],[9.0783,42.2133],[9.0753,42.2097],[9.0699,42.2076],[9.0652,42.2104],[9.0619,42.2108],[9.0594,42.2128],[9.0571,42.2161],[9.0526,42.2165],[9.049,42.2115],[9.0461,42.2106],[9.0455,42.2075],[9.0426,42.2068],[9.0375,42.2068],[9.0306,42.2051],[9.0272,42.2034],[9.0226,42.2034],[9.0183,42.2048],[9.0138,42.2083],[9.0062,42.2087],[9.0056,42.2128],[9,42.2151],[8.9946,42.2146],[8.9916,42.2166],[8.9908,42.2185],[8.9875,42.2208],[8.9838,42.2253],[8.9798,42.224],[8.9775,42.2278],[8.977,42.2309],[8.9734,42.2328],[8.9723,42.2319],[8.9675,42.2328],[8.9642,42.2324],[8.9543,42.2338],[8.9517,42.2335],[8.9454,42.2345],[8.9432,42.2364],[8.9397,42.2373],[8.9394,42.2401],[8.9362,42.2465],[8.9343,42.2476],[8.9332,42.2505],[8.9267,42.2515],[8.9268,42.2542]]]}},{"type":"Feature","properties":{"code":"2B097","nom":"Costa","pop":49},"geometry":{"type":"Polygon","coordinates":[[[9.0044,42.569],[9.0014,42.5676],[8.9992,42.5686],[8.9934,42.5737],[8.9927,42.5759],[8.9954,42.578],[8.9966,42.5818],[8.9955,42.5841],[8.9998,42.5853],[9.0026,42.5778],[9.0044,42.569]]]}},{"type":"Feature","properties":{"code":"2B101","nom":"Croce","pop":78},"geometry":{"type":"Polygon","coordinates":[[[9.3258,42.3985],[9.3248,42.4009],[9.3259,42.4023],[9.3241,42.4051],[9.3236,42.4113],[9.3378,42.4117],[9.3453,42.4131],[9.3574,42.418],[9.3617,42.4171],[9.3637,42.4181],[9.3667,42.4152],[9.3695,42.4156],[9.3729,42.4147],[9.3758,42.4115],[9.3788,42.4102],[9.3818,42.4077],[9.3889,42.4084],[9.3918,42.4066],[9.392,42.4045],[9.3895,42.401],[9.3894,42.3979],[9.3855,42.3995],[9.3835,42.3988],[9.3813,42.4001],[9.3699,42.4013],[9.3657,42.4043],[9.3622,42.404],[9.3575,42.4061],[9.3502,42.4067],[9.349,42.4059],[9.3425,42.4052],[9.34,42.4044],[9.3395,42.4022],[9.3389,42.4008],[9.3346,42.4011],[9.3258,42.3985]]]}},{"type":"Feature","properties":{"code":"2B102","nom":"Crocicchia","pop":81},"geometry":{"type":"Polygon","coordinates":[[[9.3407,42.4836],[9.3432,42.482],[9.3434,42.4791],[9.3454,42.4786],[9.3561,42.4798],[9.36,42.4789],[9.3592,42.4821],[9.3605,42.4835],[9.3663,42.4833],[9.3705,42.4846],[9.3725,42.4834],[9.3723,42.4793],[9.3713,42.4779],[9.3677,42.4765],[9.367,42.4719],[9.3647,42.4696],[9.3611,42.4696],[9.3564,42.4679],[9.3542,42.465],[9.3506,42.4635],[9.3457,42.4628],[9.3383,42.4663],[9.3364,42.4646],[9.333,42.4659],[9.3339,42.4679],[9.3401,42.4759],[9.3393,42.4777],[9.3407,42.4836]]]}},{"type":"Feature","properties":{"code":"2B105","nom":"Erbajolo","pop":90},"geometry":{"type":"Polygon","coordinates":[[[9.2454,42.228],[9.2423,42.2303],[9.2413,42.2323],[9.2382,42.2329],[9.2358,42.2353],[9.2306,42.2374],[9.2292,42.2406],[9.2338,42.244],[9.235,42.2469],[9.2324,42.2498],[9.2332,42.2504],[9.2405,42.2503],[9.2438,42.2483],[9.2484,42.2497],[9.2499,42.2545],[9.2518,42.2554],[9.2515,42.2578],[9.2529,42.2597],[9.2519,42.2655],[9.2547,42.2683],[9.2563,42.2716],[9.2637,42.2753],[9.2666,42.275],[9.2696,42.2759],[9.2815,42.2772],[9.289,42.2741],[9.2956,42.2695],[9.2991,42.2648],[9.296,42.2611],[9.289,42.2591],[9.2843,42.2594],[9.2821,42.2572],[9.2824,42.2528],[9.2801,42.2501],[9.2765,42.2506],[9.2749,42.2459],[9.2732,42.2442],[9.2728,42.241],[9.2709,42.2384],[9.2703,42.235],[9.2668,42.2346],[9.263,42.231],[9.2591,42.2303],[9.2577,42.2268],[9.2527,42.2289],[9.2499,42.2279],[9.2454,42.228]]]}},{"type":"Feature","properties":{"code":"2B106","nom":"Érone","pop":9},"geometry":{"type":"Polygon","coordinates":[[[9.2804,42.3641],[9.2792,42.3651],[9.2725,42.3657],[9.272,42.3667],[9.2603,42.3681],[9.257,42.3705],[9.2514,42.3715],[9.2506,42.3761],[9.2538,42.3765],[9.2537,42.3807],[9.2545,42.3836],[9.2588,42.3851],[9.2592,42.3866],[9.2649,42.3841],[9.2681,42.3862],[9.2707,42.3862],[9.2711,42.3842],[9.2762,42.3793],[9.2789,42.3786],[9.2774,42.3749],[9.2811,42.3724],[9.2788,42.3678],[9.2811,42.3657],[9.2804,42.3641]]]}},{"type":"Feature","properties":{"code":"2B107","nom":"Ersa","pop":124},"geometry":{"type":"Polygon","coordinates":[[[9.3933,42.9581],[9.3849,42.955],[9.3825,42.9575],[9.3855,42.9606],[9.3839,42.9635],[9.3811,42.9645],[9.3797,42.9668],[9.3801,42.969],[9.3711,42.9714],[9.3704,42.9721],[9.3612,42.9755],[9.3598,42.9777],[9.3572,42.9853],[9.3553,42.9853],[9.3524,42.9873],[9.3506,42.9903],[9.3469,42.9931],[9.3437,42.9977],[9.3439,42.9992],[9.353,43.0021],[9.3579,43.0072],[9.3612,43.0056],[9.366,43.0048],[9.3703,43.0062],[9.3735,43.0045],[9.3757,43.0051],[9.3773,43.007],[9.3831,43.0098],[9.3853,43.0095],[9.389,43.0069],[9.3921,43.0085],[9.3966,43.0061],[9.4009,43.0087],[9.4045,43.0057],[9.4049,43.002],[9.4111,42.9954],[9.4131,42.9882],[9.4113,42.9865],[9.4134,42.984],[9.4129,42.9827],[9.4147,42.9796],[9.4093,42.9767],[9.4011,42.9661],[9.3933,42.9581]]]}},{"type":"Feature","properties":{"code":"2B109","nom":"Farinole","pop":236},"geometry":{"type":"Polygon","coordinates":[[[9.3881,42.7479],[9.3935,42.7413],[9.3954,42.7405],[9.3966,42.7357],[9.3962,42.7279],[9.3831,42.7218],[9.3825,42.72],[9.3792,42.7183],[9.3717,42.7167],[9.3487,42.7101],[9.3456,42.7116],[9.3426,42.7113],[9.3402,42.7132],[9.3376,42.7128],[9.3295,42.719],[9.3345,42.7225],[9.3341,42.7264],[9.339,42.7281],[9.3432,42.7328],[9.3452,42.7366],[9.3439,42.7397],[9.346,42.7389],[9.3531,42.7391],[9.3588,42.7428],[9.3615,42.7428],[9.3669,42.7448],[9.3717,42.7512],[9.3765,42.7508],[9.3816,42.7484],[9.384,42.7489],[9.3881,42.7479]]]}},{"type":"Feature","properties":{"code":"2B110","nom":"Favalello","pop":71},"geometry":{"type":"Polygon","coordinates":[[[9.2743,42.3026],[9.2805,42.2959],[9.2812,42.2925],[9.2774,42.2911],[9.2721,42.2925],[9.2671,42.2905],[9.2564,42.2892],[9.2542,42.2871],[9.2571,42.2832],[9.2545,42.281],[9.2507,42.2764],[9.246,42.2745],[9.2409,42.2764],[9.2356,42.2765],[9.2307,42.278],[9.2302,42.2798],[9.225,42.2853],[9.223,42.2862],[9.2229,42.2894],[9.2263,42.2906],[9.2256,42.2923],[9.2287,42.2954],[9.2315,42.2945],[9.2324,42.2923],[9.2374,42.2887],[9.245,42.2896],[9.2469,42.2906],[9.25,42.2913],[9.2546,42.2937],[9.2647,42.2964],[9.2677,42.2978],[9.2707,42.3005],[9.2743,42.3026]]]}},{"type":"Feature","properties":{"code":"2B111","nom":"Felce","pop":54},"geometry":{"type":"Polygon","coordinates":[[[9.4305,42.3548],[9.4396,42.3496],[9.4451,42.3407],[9.4402,42.3401],[9.4385,42.3406],[9.4337,42.3397],[9.4333,42.3374],[9.4287,42.3361],[9.4208,42.3371],[9.4143,42.336],[9.4127,42.3353],[9.4109,42.3402],[9.4136,42.3415],[9.4126,42.3453],[9.4107,42.3471],[9.4126,42.3504],[9.4119,42.3542],[9.4105,42.3558],[9.4124,42.3575],[9.4194,42.3569],[9.4219,42.3554],[9.4305,42.3548]]]}},{"type":"Feature","properties":{"code":"2B112","nom":"Feliceto","pop":232},"geometry":{"type":"Polygon","coordinates":[[[8.9521,42.5726],[8.9493,42.5692],[8.9471,42.5679],[8.9474,42.5653],[8.9432,42.5637],[8.9427,42.5606],[8.9466,42.5582],[8.9451,42.5559],[8.9416,42.5532],[8.9423,42.5497],[8.944,42.547],[8.9442,42.5436],[8.9462,42.5404],[8.9488,42.5397],[8.9527,42.5372],[8.9586,42.5349],[8.9608,42.5328],[8.9658,42.5309],[8.9658,42.5283],[8.9638,42.5251],[8.9639,42.5195],[8.9618,42.518],[8.9558,42.5157],[8.9477,42.5163],[8.9396,42.5159],[8.9351,42.5174],[8.9323,42.5197],[8.933,42.5259],[8.935,42.5284],[8.9343,42.5308],[8.9276,42.5364],[8.9239,42.5372],[8.9221,42.541],[8.9222,42.5446],[8.9249,42.5455],[8.9284,42.5483],[8.931,42.5526],[8.9251,42.561],[8.9203,42.5683],[8.9171,42.5712],[8.9188,42.5746],[8.9206,42.5774],[8.9247,42.5792],[8.925,42.5813],[8.9292,42.582],[8.9334,42.5838],[8.9371,42.5843],[8.9419,42.5836],[8.9492,42.5874],[8.9481,42.5848],[8.95,42.5836],[8.9514,42.5804],[8.9478,42.5764],[8.9487,42.5741],[8.9521,42.5726]]]}},{"type":"Feature","properties":{"code":"2B113","nom":"Ficaja","pop":54},"geometry":{"type":"Polygon","coordinates":[[[9.3889,42.4084],[9.3818,42.4077],[9.3788,42.4102],[9.3758,42.4115],[9.3729,42.4147],[9.3695,42.4156],[9.3667,42.4152],[9.3637,42.4181],[9.3618,42.4195],[9.3603,42.4248],[9.3644,42.4293],[9.37,42.4322],[9.3768,42.4334],[9.381,42.4305],[9.384,42.4294],[9.388,42.4294],[9.3944,42.4268],[9.3967,42.4266],[9.3942,42.4245],[9.392,42.425],[9.3907,42.4215],[9.3923,42.42],[9.3903,42.4164],[9.3908,42.4126],[9.3889,42.4084]]]}},{"type":"Feature","properties":{"code":"2B116","nom":"Focicchia","pop":36},"geometry":{"type":"Polygon","coordinates":[[[9.3114,42.2445],[9.2998,42.2434],[9.2978,42.2441],[9.2933,42.2437],[9.2907,42.2443],[9.2851,42.2434],[9.279,42.2411],[9.2787,42.239],[9.2756,42.2377],[9.2731,42.2324],[9.2713,42.2319],[9.2687,42.2277],[9.2664,42.2279],[9.2617,42.2242],[9.2577,42.2268],[9.2591,42.2303],[9.263,42.231],[9.2668,42.2346],[9.2703,42.235],[9.2709,42.2384],[9.2728,42.241],[9.2732,42.2442],[9.2749,42.2459],[9.2765,42.2506],[9.2801,42.2501],[9.2824,42.2528],[9.2821,42.2572],[9.2843,42.2594],[9.289,42.2591],[9.296,42.2611],[9.2991,42.2648],[9.3012,42.2663],[9.3117,42.2701],[9.3125,42.2684],[9.3124,42.2595],[9.3136,42.2574],[9.3124,42.2545],[9.3132,42.2527],[9.3114,42.2445]]]}},{"type":"Feature","properties":{"code":"2B120","nom":"Furiani","pop":6585},"geometry":{"type":"Polygon","coordinates":[[[9.3945,42.6347],[9.3922,42.6378],[9.3893,42.6406],[9.3854,42.6431],[9.386,42.6479],[9.3841,42.6499],[9.3832,42.6532],[9.3803,42.6582],[9.3796,42.6624],[9.38,42.666],[9.3821,42.6675],[9.385,42.6678],[9.39,42.6703],[9.393,42.6728],[9.393,42.6748],[9.3966,42.6737],[9.3974,42.6723],[9.4043,42.6708],[9.4056,42.6692],[9.412,42.6669],[9.4188,42.6658],[9.424,42.6645],[9.4284,42.6646],[9.4355,42.6624],[9.4428,42.6614],[9.4497,42.6623],[9.4531,42.6547],[9.4572,42.6475],[9.463,42.6392],[9.4576,42.6398],[9.4434,42.6377],[9.4378,42.6352],[9.4341,42.6375],[9.4294,42.6382],[9.4269,42.6375],[9.4179,42.6396],[9.411,42.6371],[9.4023,42.6348],[9.3988,42.6353],[9.3945,42.6347]]]}},{"type":"Feature","properties":{"code":"2B121","nom":"Galéria","pop":395},"geometry":{"type":"Polygon","coordinates":[[[8.6836,42.3482],[8.6816,42.3505],[8.6831,42.3537],[8.6814,42.3573],[8.682,42.3598],[8.6778,42.3605],[8.6716,42.3601],[8.6644,42.3585],[8.6594,42.3595],[8.6566,42.3613],[8.65,42.3624],[8.6435,42.3679],[8.641,42.3735],[8.6353,42.3737],[8.6314,42.3731],[8.6291,42.3719],[8.6228,42.3712],[8.6203,42.3721],[8.6183,42.3748],[8.6146,42.3732],[8.6104,42.3739],[8.6053,42.372],[8.6024,42.369],[8.5979,42.3705],[8.5949,42.3704],[8.5915,42.3732],[8.5914,42.3754],[8.5888,42.3756],[8.5866,42.379],[8.5779,42.3804],[8.5733,42.3815],[8.577,42.3836],[8.5804,42.3818],[8.584,42.382],[8.5885,42.3841],[8.5913,42.3837],[8.5944,42.3817],[8.601,42.384],[8.6034,42.3867],[8.608,42.3863],[8.6097,42.3902],[8.6081,42.3939],[8.6053,42.3954],[8.6021,42.3986],[8.603,42.4008],[8.6054,42.4019],[8.6076,42.4014],[8.612,42.4034],[8.6083,42.4072],[8.6038,42.4073],[8.6024,42.4098],[8.6088,42.4113],[8.6056,42.414],[8.6058,42.416],[8.6087,42.417],[8.611,42.4158],[8.6137,42.4168],[8.6204,42.4176],[8.622,42.4215],[8.6263,42.4206],[8.6297,42.4207],[8.6348,42.4189],[8.6398,42.418],[8.645,42.4164],[8.6451,42.4138],[8.6484,42.4134],[8.6545,42.4151],[8.6561,42.4169],[8.6568,42.4201],[8.6585,42.4201],[8.6619,42.4256],[8.6632,42.4305],[8.6636,42.4348],[8.6611,42.4349],[8.657,42.4378],[8.6548,42.4378],[8.6491,42.4418],[8.6499,42.444],[8.6597,42.4456],[8.6654,42.4445],[8.6689,42.4452],[8.6682,42.4482],[8.6699,42.4507],[8.6671,42.4543],[8.6644,42.4563],[8.6684,42.4579],[8.6705,42.461],[8.6747,42.4639],[8.6748,42.466],[8.6794,42.4673],[8.6802,42.4661],[8.6854,42.4627],[8.6911,42.4619],[8.6949,42.4595],[8.6996,42.46],[8.7027,42.4595],[8.7075,42.4599],[8.7192,42.4571],[8.7215,42.4556],[8.723,42.4524],[8.7248,42.4519],[8.7281,42.4467],[8.7319,42.4463],[8.7326,42.4443],[8.736,42.4436],[8.7388,42.4456],[8.7444,42.4468],[8.747,42.4501],[8.7534,42.4551],[8.7559,42.4561],[8.7628,42.4605],[8.7723,42.4619],[8.7783,42.4595],[8.7822,42.4572],[8.7878,42.4573],[8.7898,42.4554],[8.7925,42.4554],[8.797,42.451],[8.7993,42.4501],[8.8016,42.4464],[8.7995,42.442],[8.8002,42.4406],[8.8,42.435],[8.8046,42.4313],[8.8094,42.4294],[8.8118,42.4295],[8.8168,42.4275],[8.8233,42.4276],[8.8287,42.4245],[8.8373,42.4224],[8.8384,42.419],[8.829,42.4161],[8.8237,42.4111],[8.8233,42.4086],[8.8155,42.4024],[8.8104,42.4004],[8.8045,42.3991],[8.7977,42.3984],[8.7947,42.3989],[8.7906,42.398],[8.7886,42.4004],[8.7843,42.4016],[8.7816,42.4059],[8.7769,42.4077],[8.768,42.4076],[8.7632,42.4056],[8.7601,42.4059],[8.7551,42.405],[8.747,42.4073],[8.7454,42.4068],[8.7402,42.4079],[8.7388,42.4101],[8.7327,42.4103],[8.7289,42.4092],[8.7284,42.4049],[8.7297,42.4022],[8.7254,42.3999],[8.7191,42.3994],[8.7143,42.3969],[8.7181,42.3928],[8.7217,42.3925],[8.7258,42.3888],[8.7333,42.389],[8.7437,42.3879],[8.7505,42.3859],[8.7508,42.384],[8.7539,42.3834],[8.7503,42.38],[8.7465,42.3794],[8.7459,42.375],[8.7468,42.3738],[8.744,42.3683],[8.7403,42.3661],[8.735,42.3614],[8.7345,42.3575],[8.7299,42.3501],[8.7298,42.348],[8.7249,42.3424],[8.7186,42.3447],[8.7161,42.3462],[8.7142,42.3493],[8.7105,42.3494],[8.7059,42.3473],[8.6957,42.3477],[8.688,42.349],[8.6836,42.3482]]]}},{"type":"Feature","properties":{"code":"2B122","nom":"Gavignano","pop":61},"geometry":{"type":"Polygon","coordinates":[[[9.3241,42.4051],[9.3259,42.4023],[9.3182,42.4035],[9.3104,42.4052],[9.3064,42.4057],[9.294,42.4079],[9.2919,42.4093],[9.2842,42.4088],[9.2802,42.4071],[9.2778,42.4084],[9.2752,42.4144],[9.2651,42.4149],[9.2617,42.4168],[9.2514,42.4195],[9.2462,42.4193],[9.2471,42.4233],[9.2449,42.4254],[9.246,42.4274],[9.2376,42.4261],[9.2326,42.4237],[9.2216,42.4258],[9.2159,42.4297],[9.212,42.4297],[9.209,42.4332],[9.2098,42.4344],[9.2081,42.4384],[9.2058,42.4382],[9.2035,42.4409],[9.2014,42.445],[9.2122,42.446],[9.2147,42.4449],[9.2198,42.4441],[9.2226,42.4399],[9.2238,42.4362],[9.2286,42.4357],[9.2352,42.4342],[9.2389,42.4348],[9.2411,42.4367],[9.2434,42.4352],[9.2464,42.4312],[9.2512,42.4297],[9.2516,42.4251],[9.2547,42.426],[9.2549,42.4234],[9.2624,42.4221],[9.2676,42.4238],[9.2695,42.4255],[9.2728,42.4233],[9.2765,42.4237],[9.2801,42.4216],[9.287,42.422],[9.2886,42.4209],[9.2914,42.4214],[9.2956,42.4179],[9.3058,42.4142],[9.3092,42.4151],[9.317,42.4079],[9.3241,42.4051]]]}},{"type":"Feature","properties":{"code":"2B123","nom":"Ghisonaccia","pop":4405},"geometry":{"type":"Polygon","coordinates":[[[9.4566,42.0772],[9.4644,42.0756],[9.4719,42.0779],[9.4748,42.075],[9.4751,42.0723],[9.4791,42.0718],[9.4798,42.0687],[9.4821,42.0663],[9.4824,42.063],[9.4842,42.0624],[9.4852,42.0585],[9.4886,42.0583],[9.4909,42.0563],[9.4948,42.0553],[9.4963,42.0531],[9.496,42.049],[9.4973,42.0485],[9.4975,42.0483],[9.4764,42.0242],[9.4697,42.0157],[9.458,42.0046],[9.4568,42.0017],[9.4488,41.996],[9.4418,41.9898],[9.4389,41.9901],[9.4375,41.9924],[9.4312,41.9969],[9.4292,41.9955],[9.4265,41.9991],[9.4236,42.0001],[9.4179,42.0063],[9.4146,42.0079],[9.411,42.0056],[9.408,42.0092],[9.4011,42.0086],[9.3972,42.01],[9.3928,42.0128],[9.3911,42.0147],[9.3861,42.0153],[9.3826,42.0169],[9.3798,42.0169],[9.3742,42.0217],[9.3727,42.0241],[9.3678,42.0274],[9.3687,42.031],[9.3666,42.0347],[9.3677,42.0383],[9.3662,42.0409],[9.3692,42.0428],[9.3719,42.0424],[9.3723,42.0446],[9.3675,42.0473],[9.367,42.0489],[9.3693,42.0517],[9.3659,42.0545],[9.3653,42.0576],[9.3685,42.0614],[9.3682,42.0629],[9.3636,42.065],[9.365,42.0674],[9.3613,42.0688],[9.3608,42.0722],[9.3584,42.0733],[9.3576,42.0767],[9.3615,42.0778],[9.3588,42.0827],[9.359,42.0848],[9.3471,42.0924],[9.3409,42.0932],[9.3414,42.0963],[9.3452,42.0971],[9.3445,42.1009],[9.3489,42.1003],[9.3515,42.0981],[9.3589,42.0952],[9.368,42.0932],[9.3789,42.0887],[9.3825,42.0863],[9.3897,42.083],[9.3956,42.0796],[9.3987,42.0764],[9.4027,42.0749],[9.412,42.0725],[9.4213,42.0677],[9.4312,42.0608],[9.4335,42.0597],[9.435,42.0616],[9.4352,42.0645],[9.4367,42.0651],[9.4403,42.0688],[9.448,42.0711],[9.4566,42.0772]]]}},{"type":"Feature","properties":{"code":"2B124","nom":"Ghisoni","pop":182},"geometry":{"type":"Polygon","coordinates":[[[9.2277,42.0447],[9.2283,42.0429],[9.2262,42.0361],[9.2236,42.0346],[9.2208,42.0295],[9.2212,42.0274],[9.2125,42.0284],[9.2072,42.0301],[9.2055,42.0288],[9.1955,42.0281],[9.189,42.0315],[9.187,42.0305],[9.1822,42.0308],[9.1807,42.0296],[9.1615,42.0249],[9.1602,42.0268],[9.1524,42.0362],[9.1522,42.0406],[9.1486,42.0405],[9.1452,42.0421],[9.1411,42.0465],[9.1413,42.0484],[9.1366,42.0518],[9.1331,42.0519],[9.1309,42.0543],[9.1318,42.0576],[9.1337,42.0596],[9.1311,42.0611],[9.1278,42.0666],[9.1309,42.071],[9.1328,42.0755],[9.1327,42.0785],[9.134,42.0798],[9.134,42.0851],[9.1347,42.0875],[9.1338,42.0909],[9.1371,42.0939],[9.1382,42.0962],[9.141,42.0983],[9.1434,42.0986],[9.1486,42.1011],[9.1515,42.104],[9.1505,42.1088],[9.1514,42.1105],[9.1558,42.1121],[9.1571,42.1145],[9.1591,42.1154],[9.1639,42.1223],[9.1672,42.1247],[9.1688,42.1287],[9.1716,42.1312],[9.1782,42.1334],[9.1784,42.139],[9.1801,42.1406],[9.181,42.1418],[9.1887,42.1434],[9.1931,42.1451],[9.196,42.1474],[9.2028,42.1495],[9.2071,42.1525],[9.2086,42.1554],[9.2146,42.1594],[9.2165,42.1621],[9.2194,42.163],[9.2226,42.1629],[9.2261,42.1601],[9.2311,42.1537],[9.2334,42.1531],[9.2368,42.1453],[9.2384,42.1428],[9.2418,42.1417],[9.2453,42.1421],[9.247,42.1413],[9.2509,42.1414],[9.2517,42.1367],[9.2541,42.1354],[9.258,42.1315],[9.2606,42.1272],[9.2689,42.1265],[9.2774,42.1238],[9.2791,42.113],[9.2802,42.1102],[9.2867,42.1099],[9.2901,42.1083],[9.3015,42.1081],[9.3057,42.1076],[9.335,42.1063],[9.3363,42.1046],[9.3424,42.1028],[9.3445,42.1009],[9.3452,42.0971],[9.3414,42.0963],[9.3409,42.0932],[9.3388,42.094],[9.3361,42.0926],[9.3325,42.0943],[9.3286,42.092],[9.3224,42.0917],[9.3185,42.0933],[9.3146,42.0916],[9.3138,42.0932],[9.3149,42.0955],[9.3133,42.0972],[9.3101,42.0978],[9.3077,42.096],[9.3028,42.0952],[9.2989,42.096],[9.2904,42.0964],[9.2824,42.0946],[9.2789,42.0944],[9.2781,42.0858],[9.2769,42.0841],[9.2774,42.0789],[9.2755,42.0764],[9.2705,42.0749],[9.265,42.0724],[9.258,42.0726],[9.2565,42.0714],[9.2537,42.0716],[9.2485,42.0737],[9.2404,42.075],[9.2386,42.0746],[9.2371,42.0664],[9.2318,42.0625],[9.2299,42.0592],[9.2269,42.058],[9.2293,42.0548],[9.2298,42.0516],[9.2277,42.0447]]]}},{"type":"Feature","properties":{"code":"2B125","nom":"Giocatojo","pop":46},"geometry":{"type":"Polygon","coordinates":[[[9.3602,42.4435],[9.3588,42.441],[9.3561,42.44],[9.3499,42.439],[9.3463,42.4395],[9.3367,42.437],[9.334,42.4402],[9.3276,42.4439],[9.3308,42.4439],[9.3325,42.4458],[9.3369,42.4473],[9.3426,42.4474],[9.3468,42.449],[9.3499,42.4491],[9.3542,42.451],[9.3578,42.4517],[9.3597,42.4493],[9.3581,42.4457],[9.3602,42.4435]]]}},{"type":"Feature","properties":{"code":"2B126","nom":"Giuncaggio","pop":91},"geometry":{"type":"Polygon","coordinates":[[[9.453,42.144],[9.4522,42.1426],[9.4504,42.1443],[9.4469,42.1421],[9.442,42.1432],[9.441,42.1461],[9.4385,42.1502],[9.4379,42.1527],[9.4337,42.1542],[9.4277,42.1547],[9.4258,42.1561],[9.4252,42.1584],[9.4277,42.1603],[9.4275,42.1621],[9.4245,42.1641],[9.4157,42.1646],[9.419,42.1684],[9.4157,42.1718],[9.4135,42.176],[9.4083,42.1763],[9.4067,42.1771],[9.4048,42.1812],[9.4011,42.1811],[9.3987,42.1828],[9.3958,42.1821],[9.3899,42.1731],[9.3816,42.1752],[9.3821,42.1784],[9.3861,42.1802],[9.3871,42.1817],[9.386,42.1836],[9.3836,42.1843],[9.3794,42.1841],[9.3762,42.1819],[9.3687,42.1837],[9.3669,42.1851],[9.3644,42.1902],[9.3611,42.1888],[9.3597,42.1898],[9.3616,42.192],[9.3587,42.1938],[9.3552,42.1941],[9.3546,42.1972],[9.3526,42.1977],[9.3479,42.196],[9.344,42.1955],[9.3437,42.1985],[9.3495,42.2027],[9.3497,42.2052],[9.348,42.2062],[9.3437,42.2069],[9.3431,42.2104],[9.3444,42.2132],[9.3477,42.2179],[9.3504,42.2179],[9.3583,42.2214],[9.3635,42.2224],[9.3641,42.2237],[9.3664,42.2193],[9.3697,42.2158],[9.3703,42.2105],[9.3714,42.208],[9.3747,42.2068],[9.3784,42.2064],[9.3793,42.2048],[9.3837,42.2033],[9.3838,42.2022],[9.388,42.2004],[9.3934,42.1993],[9.3955,42.1996],[9.3982,42.1977],[9.4026,42.1961],[9.4045,42.1921],[9.4082,42.1873],[9.4107,42.1826],[9.4106,42.1805],[9.4151,42.1766],[9.4182,42.1758],[9.4242,42.1706],[9.4256,42.1672],[9.4319,42.1621],[9.4338,42.1591],[9.4369,42.156],[9.44,42.1541],[9.4463,42.1515],[9.4513,42.145],[9.453,42.144]]]}},{"type":"Feature","properties":{"code":"2B134","nom":"L'Île-Rousse","pop":3231},"geometry":{"type":"Polygon","coordinates":[[[8.9238,42.6263],[8.9233,42.6311],[8.9243,42.6381],[8.9329,42.6379],[8.9348,42.639],[8.9391,42.6351],[8.9483,42.6336],[8.9498,42.6317],[8.9433,42.6289],[8.9387,42.6247],[8.935,42.6237],[8.9355,42.6223],[8.9309,42.6225],[8.9271,42.6254],[8.9238,42.6263]]]}},{"type":"Feature","properties":{"code":"2B135","nom":"Isolaccio-di-Fiumorbo","pop":330},"geometry":{"type":"Polygon","coordinates":[[[9.2212,42.0274],[9.2208,42.0295],[9.2236,42.0346],[9.2262,42.0361],[9.2283,42.0429],[9.2277,42.0447],[9.2303,42.0464],[9.236,42.0477],[9.2404,42.0474],[9.2417,42.0485],[9.2476,42.0476],[9.2503,42.0478],[9.2544,42.0464],[9.2589,42.0457],[9.2634,42.0431],[9.2692,42.0389],[9.2728,42.0388],[9.2743,42.0368],[9.2795,42.0342],[9.2856,42.0358],[9.2888,42.0361],[9.2936,42.033],[9.3019,42.0315],[9.3053,42.0324],[9.3064,42.0349],[9.3098,42.0347],[9.3122,42.0375],[9.3141,42.0379],[9.3163,42.0358],[9.3138,42.0327],[9.3129,42.0283],[9.3143,42.0272],[9.3105,42.0248],[9.3105,42.0226],[9.3123,42.0215],[9.3102,42.0194],[9.3104,42.0175],[9.308,42.0149],[9.3099,42.0121],[9.3124,42.0119],[9.3142,42.0098],[9.3117,42.0045],[9.3121,42.0013],[9.3142,41.9985],[9.317,41.9968],[9.3239,41.9963],[9.3193,41.9936],[9.3165,41.9939],[9.3111,41.9925],[9.3054,41.9925],[9.3011,41.9868],[9.2975,41.986],[9.2954,41.988],[9.2915,41.987],[9.2866,41.9872],[9.2844,41.9905],[9.2821,41.9923],[9.2834,41.9945],[9.2806,41.9961],[9.2768,41.9971],[9.2751,41.9954],[9.2707,41.9936],[9.2672,41.9946],[9.2599,41.9984],[9.2537,41.9975],[9.2506,41.9942],[9.2453,41.993],[9.2387,41.9902],[9.234,41.9892],[9.2283,41.9899],[9.2201,41.9896],[9.2165,41.9922],[9.215,41.9941],[9.2168,41.9972],[9.2188,42.0078],[9.2212,42.0274]]]}},{"type":"Feature","properties":{"code":"2B136","nom":"Lama","pop":155},"geometry":{"type":"Polygon","coordinates":[[[9.1348,42.6076],[9.1378,42.6044],[9.1403,42.5958],[9.1525,42.5943],[9.1553,42.5933],[9.1584,42.5934],[9.1591,42.5913],[9.1658,42.5907],[9.1777,42.5913],[9.2097,42.5946],[9.2113,42.5916],[9.2102,42.586],[9.2069,42.5843],[9.2123,42.5791],[9.2074,42.576],[9.2009,42.5727],[9.1957,42.5732],[9.1888,42.5689],[9.1775,42.5634],[9.1741,42.5624],[9.1709,42.563],[9.166,42.5622],[9.1636,42.5647],[9.1602,42.5617],[9.1588,42.5585],[9.156,42.5612],[9.1512,42.5625],[9.1453,42.5664],[9.1338,42.5699],[9.1309,42.5716],[9.1311,42.5744],[9.1285,42.5771],[9.1268,42.58],[9.1258,42.5856],[9.1265,42.5892],[9.1295,42.5937],[9.135,42.6],[9.1348,42.6076]]]}},{"type":"Feature","properties":{"code":"2B137","nom":"Lano","pop":21},"geometry":{"type":"Polygon","coordinates":[[[9.2295,42.3585],[9.2266,42.3633],[9.2262,42.3667],[9.2271,42.3692],[9.2257,42.3732],[9.2271,42.3774],[9.227,42.3805],[9.2284,42.3843],[9.2188,42.3851],[9.2143,42.3865],[9.2117,42.3884],[9.2073,42.3878],[9.2014,42.3906],[9.2059,42.3943],[9.209,42.3955],[9.2121,42.3934],[9.2164,42.3934],[9.2232,42.3926],[9.2256,42.3932],[9.2313,42.3915],[9.232,42.3873],[9.2366,42.3864],[9.2399,42.3873],[9.2428,42.3902],[9.2488,42.3901],[9.2571,42.3922],[9.2569,42.389],[9.2592,42.3866],[9.2588,42.3851],[9.2545,42.3836],[9.2537,42.3807],[9.2538,42.3765],[9.2506,42.3761],[9.2514,42.3715],[9.2464,42.3639],[9.241,42.3636],[9.2353,42.3602],[9.2341,42.3578],[9.2342,42.3552],[9.2321,42.3559],[9.2295,42.3585]]]}},{"type":"Feature","properties":{"code":"2B138","nom":"Lavatoggio","pop":154},"geometry":{"type":"Polygon","coordinates":[[[8.8773,42.5606],[8.8722,42.5618],[8.8709,42.5636],[8.8664,42.5616],[8.8607,42.561],[8.8548,42.5617],[8.8503,42.564],[8.8501,42.565],[8.8475,42.5688],[8.8451,42.5696],[8.8435,42.572],[8.8447,42.5736],[8.842,42.5747],[8.8423,42.5784],[8.8398,42.5806],[8.8442,42.5822],[8.8471,42.5845],[8.8502,42.5894],[8.8531,42.5907],[8.8555,42.5893],[8.8565,42.5862],[8.8588,42.5824],[8.8615,42.5831],[8.8648,42.582],[8.8681,42.582],[8.8728,42.5781],[8.8775,42.5774],[8.8799,42.5785],[8.8814,42.5762],[8.8839,42.5758],[8.885,42.5723],[8.8828,42.5693],[8.8789,42.5684],[8.8752,42.5647],[8.8773,42.5606]]]}},{"type":"Feature","properties":{"code":"2B140","nom":"Lento","pop":117},"geometry":{"type":"Polygon","coordinates":[[[9.2847,42.5001],[9.2885,42.5026],[9.2853,42.504],[9.2818,42.5082],[9.2759,42.5103],[9.2757,42.512],[9.2731,42.5154],[9.2699,42.5157],[9.2669,42.52],[9.2619,42.5202],[9.26,42.518],[9.2565,42.5159],[9.2514,42.5159],[9.2505,42.521],[9.2432,42.5209],[9.2364,42.5196],[9.2312,42.5205],[9.231,42.5238],[9.2272,42.5251],[9.222,42.5282],[9.2236,42.5296],[9.2246,42.5375],[9.2272,42.5397],[9.225,42.5432],[9.2251,42.5468],[9.2287,42.5491],[9.2338,42.5511],[9.2351,42.5551],[9.2425,42.5566],[9.2456,42.5552],[9.254,42.555],[9.26,42.5553],[9.2621,42.5526],[9.2694,42.5509],[9.2767,42.5513],[9.2805,42.5509],[9.2837,42.5497],[9.2847,42.551],[9.2897,42.5493],[9.2883,42.5462],[9.2876,42.5418],[9.2893,42.539],[9.2888,42.5323],[9.2908,42.5266],[9.2925,42.5245],[9.2944,42.519],[9.294,42.5148],[9.2973,42.5126],[9.2993,42.5084],[9.3034,42.5066],[9.3064,42.5026],[9.3039,42.5012],[9.3024,42.4981],[9.2986,42.4951],[9.2937,42.4984],[9.2885,42.4976],[9.2854,42.4985],[9.2847,42.5001]]]}},{"type":"Feature","properties":{"code":"2B143","nom":"Linguizzetta","pop":1166},"geometry":{"type":"Polygon","coordinates":[[[9.4439,42.2696],[9.444,42.2698],[9.4573,42.27],[9.4603,42.269],[9.4631,42.2701],[9.466,42.2725],[9.469,42.2712],[9.4714,42.2721],[9.478,42.2708],[9.4867,42.2667],[9.4971,42.2653],[9.498,42.2623],[9.5107,42.2536],[9.5204,42.2478],[9.5217,42.2462],[9.5248,42.2461],[9.5273,42.2443],[9.534,42.2422],[9.5385,42.2415],[9.5422,42.242],[9.5533,42.2414],[9.5524,42.2324],[9.5526,42.2245],[9.5531,42.2203],[9.5559,42.2134],[9.5557,42.2014],[9.557,42.2006],[9.5588,42.1964],[9.5587,42.1936],[9.556,42.1816],[9.5551,42.1747],[9.5553,42.1726],[9.5543,42.1633],[9.5544,42.1567],[9.5496,42.1565],[9.547,42.1577],[9.5442,42.1627],[9.5436,42.166],[9.5352,42.1662],[9.5312,42.1676],[9.5277,42.167],[9.5195,42.1679],[9.5189,42.169],[9.515,42.169],[9.5132,42.1705],[9.516,42.1727],[9.5158,42.1746],[9.5122,42.1744],[9.5104,42.1762],[9.5068,42.1766],[9.5064,42.1783],[9.5023,42.1781],[9.5034,42.1814],[9.5015,42.1829],[9.4986,42.1824],[9.4967,42.1842],[9.4944,42.1836],[9.4924,42.1863],[9.4874,42.1881],[9.4852,42.1881],[9.4794,42.1912],[9.4769,42.2009],[9.4736,42.2053],[9.4697,42.2132],[9.4714,42.2205],[9.4728,42.2218],[9.4748,42.2214],[9.4765,42.2268],[9.4754,42.2308],[9.4736,42.2345],[9.4712,42.2359],[9.4679,42.2422],[9.46,42.2435],[9.4582,42.2465],[9.4565,42.2471],[9.4535,42.2503],[9.4533,42.2545],[9.4505,42.2601],[9.4474,42.2642],[9.4442,42.2659],[9.4439,42.2696]]]}},{"type":"Feature","properties":{"code":"2B145","nom":"Loreto-di-Casinca","pop":188},"geometry":{"type":"Polygon","coordinates":[[[9.4083,42.4634],[9.4071,42.4665],[9.4047,42.4684],[9.4056,42.4718],[9.4096,42.4779],[9.4099,42.4808],[9.4116,42.4871],[9.4152,42.4913],[9.418,42.492],[9.4296,42.4902],[9.4351,42.4876],[9.4401,42.4878],[9.4446,42.4866],[9.4467,42.4837],[9.4426,42.4757],[9.4372,42.4677],[9.4345,42.4655],[9.4356,42.4642],[9.4331,42.4619],[9.424,42.462],[9.4219,42.4613],[9.4172,42.4637],[9.4083,42.4634]]]}},{"type":"Feature","properties":{"code":"2B147","nom":"Lozzi","pop":110},"geometry":{"type":"Polygon","coordinates":[[[8.9296,42.373],[8.9327,42.3738],[8.9367,42.3761],[8.9419,42.3771],[8.9462,42.3801],[8.9517,42.3831],[8.958,42.3843],[8.9614,42.387],[8.971,42.3918],[8.9784,42.3915],[8.9803,42.3899],[8.9885,42.3881],[8.9967,42.3832],[9.0016,42.3792],[9.005,42.3783],[9.0095,42.378],[9.0122,42.3763],[9.0139,42.373],[9.018,42.372],[9.019,42.3708],[9.0179,42.3673],[9.0158,42.3642],[9.018,42.3622],[9.0174,42.3601],[9.0189,42.3568],[9.0216,42.3562],[9.0236,42.3531],[9.0253,42.3527],[9.024,42.3522],[9.0197,42.3478],[9.013,42.3426],[9.0114,42.3401],[9.0052,42.3393],[9.006,42.3378],[8.9979,42.3341],[8.995,42.3352],[8.9898,42.333],[8.9842,42.3336],[8.9813,42.3354],[8.9781,42.3355],[8.9749,42.3367],[8.9723,42.3359],[8.964,42.3369],[8.9628,42.344],[8.9614,42.3432],[8.9583,42.3445],[8.9542,42.35],[8.9529,42.3504],[8.9524,42.355],[8.9511,42.3569],[8.9524,42.3597],[8.95,42.3623],[8.9425,42.3648],[8.9336,42.3691],[8.931,42.3686],[8.9295,42.3702],[8.9296,42.373]]]}},{"type":"Feature","properties":{"code":"2B148","nom":"Lucciana","pop":6923},"geometry":{"type":"Polygon","coordinates":[[[9.4272,42.5192],[9.4284,42.5222],[9.428,42.5257],[9.4263,42.5283],[9.4213,42.5311],[9.4185,42.5357],[9.4152,42.5372],[9.4073,42.5394],[9.4053,42.5418],[9.4057,42.5432],[9.4042,42.5468],[9.3989,42.5493],[9.3957,42.5501],[9.4072,42.5518],[9.4113,42.5511],[9.4228,42.5512],[9.4269,42.5487],[9.4391,42.5488],[9.4422,42.5506],[9.4505,42.5509],[9.4526,42.5518],[9.4663,42.5516],[9.4745,42.5525],[9.4865,42.5557],[9.5186,42.5628],[9.5275,42.5649],[9.5293,42.5582],[9.5335,42.5454],[9.5338,42.5367],[9.5337,42.5267],[9.5343,42.5233],[9.5331,42.5238],[9.5292,42.5256],[9.5248,42.5238],[9.5213,42.5243],[9.5203,42.5259],[9.5205,42.5296],[9.5187,42.531],[9.5149,42.5318],[9.5132,42.5344],[9.5105,42.5353],[9.5048,42.5354],[9.4996,42.5375],[9.4974,42.5347],[9.4924,42.5336],[9.4878,42.5368],[9.4856,42.5365],[9.4835,42.5333],[9.4801,42.5331],[9.4759,42.5355],[9.4692,42.5338],[9.4696,42.5324],[9.4664,42.5313],[9.4646,42.5286],[9.458,42.5257],[9.4535,42.5251],[9.4484,42.525],[9.4442,42.5221],[9.442,42.5185],[9.4388,42.5165],[9.4333,42.5138],[9.4288,42.5141],[9.4276,42.5161],[9.4272,42.5192]]]}},{"type":"Feature","properties":{"code":"2B149","nom":"Lugo-di-Nazza","pop":85},"geometry":{"type":"Polygon","coordinates":[[[9.3409,42.0932],[9.3471,42.0924],[9.359,42.0848],[9.3588,42.0827],[9.3615,42.0778],[9.3576,42.0767],[9.3584,42.0733],[9.3608,42.0722],[9.3613,42.0688],[9.365,42.0674],[9.3636,42.065],[9.3682,42.0629],[9.3685,42.0614],[9.3653,42.0576],[9.3659,42.0545],[9.3693,42.0517],[9.367,42.0489],[9.3623,42.0464],[9.3582,42.0503],[9.3536,42.0497],[9.3506,42.0505],[9.348,42.0545],[9.3415,42.0576],[9.3371,42.0589],[9.3166,42.0606],[9.3101,42.0625],[9.2925,42.0698],[9.286,42.0685],[9.2838,42.0723],[9.2822,42.0725],[9.2755,42.0764],[9.2774,42.0789],[9.2769,42.0841],[9.2781,42.0858],[9.2789,42.0944],[9.2824,42.0946],[9.2904,42.0964],[9.2989,42.096],[9.3028,42.0952],[9.3077,42.096],[9.3101,42.0978],[9.3133,42.0972],[9.3149,42.0955],[9.3138,42.0932],[9.3146,42.0916],[9.3185,42.0933],[9.3224,42.0917],[9.3286,42.092],[9.3325,42.0943],[9.3361,42.0926],[9.3388,42.094],[9.3409,42.0932]]]}},{"type":"Feature","properties":{"code":"2B150","nom":"Lumio","pop":1224},"geometry":{"type":"Polygon","coordinates":[[[8.8102,42.5534],[8.8053,42.5559],[8.8047,42.5584],[8.8023,42.5591],[8.8012,42.5614],[8.7966,42.565],[8.8037,42.5693],[8.8051,42.5712],[8.8054,42.5763],[8.803,42.5789],[8.8014,42.5839],[8.8039,42.5891],[8.8109,42.5896],[8.8113,42.5945],[8.8074,42.5998],[8.8048,42.5993],[8.8023,42.6025],[8.8116,42.6047],[8.8165,42.6049],[8.8195,42.6042],[8.8217,42.6058],[8.8267,42.6064],[8.828,42.6031],[8.8314,42.6013],[8.8346,42.6019],[8.8387,42.6048],[8.8415,42.6049],[8.8424,42.6078],[8.848,42.6093],[8.8496,42.6062],[8.8469,42.6031],[8.8508,42.6007],[8.8511,42.5986],[8.8557,42.5978],[8.853,42.5934],[8.8531,42.5907],[8.8502,42.5894],[8.8471,42.5845],[8.8442,42.5822],[8.8398,42.5806],[8.8423,42.5784],[8.842,42.5747],[8.8447,42.5736],[8.8435,42.572],[8.8451,42.5696],[8.8475,42.5688],[8.8501,42.565],[8.8473,42.5663],[8.8412,42.5616],[8.8404,42.5601],[8.8341,42.5553],[8.829,42.5546],[8.8266,42.552],[8.8234,42.5524],[8.8228,42.5507],[8.8183,42.5518],[8.8117,42.5525],[8.8102,42.5534]]]}},{"type":"Feature","properties":{"code":"2B152","nom":"Luri","pop":872},"geometry":{"type":"Polygon","coordinates":[[[9.4775,42.8819],[9.4752,42.8807],[9.4649,42.8821],[9.4544,42.8828],[9.4482,42.8837],[9.4397,42.8868],[9.4339,42.8874],[9.4297,42.8865],[9.425,42.8863],[9.4173,42.8869],[9.4143,42.8831],[9.4114,42.8809],[9.41,42.8785],[9.4101,42.8751],[9.4092,42.8718],[9.4067,42.867],[9.4038,42.8627],[9.4019,42.8613],[9.3963,42.8625],[9.393,42.8645],[9.3888,42.871],[9.386,42.8737],[9.383,42.8746],[9.3799,42.8769],[9.3808,42.8783],[9.3784,42.8811],[9.3721,42.8844],[9.3718,42.8875],[9.369,42.8895],[9.3642,42.8879],[9.3609,42.8896],[9.361,42.8934],[9.3626,42.897],[9.3654,42.9011],[9.3735,42.9056],[9.3744,42.9081],[9.377,42.9115],[9.3797,42.9132],[9.3856,42.9154],[9.3889,42.9173],[9.3886,42.9201],[9.3903,42.9212],[9.3951,42.9204],[9.3957,42.9195],[9.4044,42.9153],[9.4152,42.9111],[9.4229,42.9117],[9.4309,42.9047],[9.4329,42.9004],[9.4393,42.8998],[9.4447,42.8987],[9.4487,42.8972],[9.4549,42.8981],[9.4596,42.9007],[9.4666,42.9008],[9.4745,42.9002],[9.4731,42.8993],[9.4728,42.896],[9.4743,42.8933],[9.4739,42.8902],[9.4758,42.8892],[9.4735,42.8868],[9.4775,42.8819]]]}},{"type":"Feature","properties":{"code":"2B153","nom":"Manso","pop":116},"geometry":{"type":"Polygon","coordinates":[[[8.7709,42.3248],[8.7659,42.3296],[8.7628,42.3313],[8.7594,42.337],[8.7566,42.3387],[8.7507,42.339],[8.7425,42.3378],[8.7381,42.3399],[8.7298,42.3395],[8.7249,42.3424],[8.7298,42.348],[8.7299,42.3501],[8.7345,42.3575],[8.735,42.3614],[8.7403,42.3661],[8.744,42.3683],[8.7468,42.3738],[8.7459,42.375],[8.7465,42.3794],[8.7503,42.38],[8.7539,42.3834],[8.7508,42.384],[8.7505,42.3859],[8.7437,42.3879],[8.7333,42.389],[8.7258,42.3888],[8.7217,42.3925],[8.7181,42.3928],[8.7143,42.3969],[8.7191,42.3994],[8.7254,42.3999],[8.7297,42.4022],[8.7284,42.4049],[8.7289,42.4092],[8.7327,42.4103],[8.7388,42.4101],[8.7402,42.4079],[8.7454,42.4068],[8.747,42.4073],[8.7551,42.405],[8.7601,42.4059],[8.7632,42.4056],[8.768,42.4076],[8.7769,42.4077],[8.7816,42.4059],[8.7843,42.4016],[8.7886,42.4004],[8.7906,42.398],[8.7947,42.3989],[8.7977,42.3984],[8.8045,42.3991],[8.8104,42.4004],[8.8155,42.4024],[8.8233,42.4086],[8.8237,42.4111],[8.829,42.4161],[8.8384,42.419],[8.8463,42.416],[8.8497,42.4171],[8.8537,42.4168],[8.8561,42.4193],[8.8619,42.4213],[8.8682,42.4204],[8.8767,42.4167],[8.8793,42.4137],[8.8837,42.4128],[8.8874,42.4138],[8.8972,42.4123],[8.8988,42.413],[8.9042,42.4128],[8.9067,42.411],[8.9112,42.4102],[8.9098,42.4065],[8.9101,42.4051],[8.9087,42.4017],[8.9043,42.399],[8.9035,42.3946],[8.9017,42.3936],[8.901,42.3901],[8.9017,42.3856],[8.9011,42.3827],[8.9051,42.3791],[8.9129,42.378],[8.9138,42.3751],[8.9115,42.3734],[8.9045,42.3701],[8.9035,42.3678],[8.901,42.367],[8.9006,42.3644],[8.8989,42.3633],[8.8978,42.3581],[8.8957,42.3575],[8.8931,42.3549],[8.8857,42.3503],[8.882,42.3491],[8.8796,42.3465],[8.8786,42.343],[8.875,42.341],[8.8708,42.3398],[8.8678,42.3402],[8.866,42.3384],[8.8656,42.3346],[8.8572,42.331],[8.853,42.3303],[8.8483,42.3274],[8.845,42.3276],[8.841,42.3243],[8.8371,42.324],[8.8277,42.3187],[8.8254,42.3189],[8.8231,42.317],[8.8197,42.3159],[8.8193,42.3186],[8.8121,42.3192],[8.8111,42.3201],[8.8069,42.3199],[8.8016,42.3228],[8.7965,42.3234],[8.7922,42.3232],[8.7898,42.3266],[8.7709,42.3248]]]}},{"type":"Feature","properties":{"code":"2B155","nom":"Matra","pop":54},"geometry":{"type":"Polygon","coordinates":[[[9.3792,42.2996],[9.3877,42.2996],[9.394,42.2972],[9.3958,42.2976],[9.3978,42.2918],[9.4012,42.2892],[9.4005,42.2776],[9.4009,42.275],[9.4001,42.2712],[9.3971,42.2662],[9.3959,42.2673],[9.392,42.2674],[9.3917,42.2652],[9.388,42.2665],[9.3837,42.2716],[9.3801,42.2719],[9.3783,42.2732],[9.3739,42.2756],[9.3742,42.2776],[9.3718,42.2795],[9.3742,42.2818],[9.376,42.2906],[9.3806,42.2945],[9.3792,42.2996]]]}},{"type":"Feature","properties":{"code":"2B156","nom":"Mausoléo","pop":24},"geometry":{"type":"Polygon","coordinates":[[[8.9216,42.4918],[8.9273,42.4908],[8.9307,42.4917],[8.9345,42.4962],[8.9408,42.4978],[8.9447,42.5027],[8.9491,42.5038],[8.9506,42.5049],[8.9569,42.5065],[8.9728,42.5051],[8.9771,42.5043],[8.9809,42.5059],[8.9896,42.5077],[8.9912,42.5089],[8.9888,42.5105],[8.983,42.5164],[8.9887,42.5158],[8.9914,42.517],[8.9976,42.5161],[9.0017,42.5169],[9.0005,42.5208],[9.0011,42.5239],[9.0059,42.5275],[9.006,42.5284],[9.0094,42.5269],[9.0107,42.5231],[9.0137,42.522],[9.0169,42.5171],[9.0164,42.514],[9.0219,42.5112],[9.0181,42.5091],[9.015,42.5094],[9.0141,42.508],[9.0101,42.5065],[9.0059,42.5032],[9.0027,42.5028],[9.0003,42.5013],[8.9982,42.4978],[8.9942,42.4962],[8.9938,42.4942],[8.9881,42.4936],[8.9858,42.4912],[8.9839,42.4916],[8.9772,42.4877],[8.9751,42.4877],[8.9718,42.4851],[8.97,42.4851],[8.9674,42.4827],[8.9591,42.4813],[8.9531,42.478],[8.9473,42.4729],[8.9444,42.4716],[8.9379,42.4718],[8.9359,42.4711],[8.9327,42.4717],[8.9262,42.471],[8.9195,42.468],[8.9166,42.4673],[8.9164,42.4693],[8.9141,42.472],[8.9172,42.4741],[8.9181,42.477],[8.921,42.4789],[8.9238,42.483],[8.9237,42.4857],[8.9221,42.4875],[8.9216,42.4918]]]}},{"type":"Feature","properties":{"code":"2B157","nom":"Mazzola","pop":22},"geometry":{"type":"Polygon","coordinates":[[[9.3447,42.3285],[9.3414,42.3232],[9.3422,42.3201],[9.338,42.312],[9.3385,42.311],[9.3382,42.3018],[9.3378,42.2989],[9.3358,42.2937],[9.3343,42.2836],[9.3332,42.2835],[9.3276,42.2874],[9.3229,42.2888],[9.3209,42.2921],[9.3208,42.2962],[9.3111,42.2974],[9.3092,42.2996],[9.3055,42.3014],[9.3077,42.3053],[9.3138,42.3084],[9.318,42.3096],[9.3182,42.3113],[9.3231,42.3127],[9.3245,42.3158],[9.3351,42.3226],[9.341,42.3259],[9.3447,42.3285]]]}},{"type":"Feature","properties":{"code":"2B159","nom":"Meria","pop":81},"geometry":{"type":"Polygon","coordinates":[[[9.4207,42.9382],[9.4276,42.9359],[9.4469,42.9356],[9.4538,42.935],[9.4688,42.9366],[9.4647,42.9317],[9.4669,42.9299],[9.4671,42.9269],[9.4728,42.9241],[9.4697,42.9221],[9.4718,42.9203],[9.4707,42.9165],[9.4717,42.9143],[9.4712,42.9117],[9.4722,42.9098],[9.469,42.908],[9.4692,42.9047],[9.4726,42.903],[9.4745,42.9002],[9.4666,42.9008],[9.4596,42.9007],[9.4549,42.8981],[9.4487,42.8972],[9.4447,42.8987],[9.4393,42.8998],[9.4329,42.9004],[9.4309,42.9047],[9.4229,42.9117],[9.4152,42.9111],[9.4044,42.9153],[9.3957,42.9195],[9.3951,42.9204],[9.3903,42.9212],[9.3893,42.9229],[9.3919,42.9241],[9.393,42.9264],[9.3961,42.9274],[9.3969,42.9322],[9.3993,42.9336],[9.4025,42.9386],[9.4061,42.938],[9.41,42.9362],[9.4153,42.937],[9.4188,42.9385],[9.4207,42.9382]]]}},{"type":"Feature","properties":{"code":"2B161","nom":"Moïta","pop":59},"geometry":{"type":"Polygon","coordinates":[[[9.3958,42.2976],[9.4012,42.2971],[9.4034,42.296],[9.4094,42.2952],[9.4138,42.2964],[9.4175,42.291],[9.4212,42.2888],[9.4279,42.2871],[9.4304,42.2823],[9.4314,42.2819],[9.4199,42.2757],[9.4177,42.2731],[9.4116,42.2726],[9.4105,42.2699],[9.4064,42.2673],[9.4044,42.2628],[9.398,42.2642],[9.3971,42.2662],[9.4001,42.2712],[9.4009,42.275],[9.4005,42.2776],[9.4012,42.2892],[9.3978,42.2918],[9.3958,42.2976]]]}},{"type":"Feature","properties":{"code":"2B162","nom":"Moltifao","pop":735},"geometry":{"type":"Polygon","coordinates":[[[9.1768,42.4593],[9.1729,42.4613],[9.1701,42.461],[9.1653,42.4638],[9.1606,42.4607],[9.1592,42.4584],[9.1569,42.4574],[9.1569,42.455],[9.153,42.4527],[9.1498,42.452],[9.1429,42.4514],[9.1398,42.4537],[9.135,42.4519],[9.1317,42.4521],[9.1277,42.4496],[9.1206,42.4478],[9.1206,42.4435],[9.1193,42.4417],[9.1137,42.4396],[9.1113,42.4406],[9.1015,42.4399],[9.1021,42.4367],[9.1054,42.4339],[9.1071,42.4301],[9.1012,42.4299],[9.0934,42.4282],[9.0903,42.4295],[9.0876,42.4283],[9.0819,42.4273],[9.0785,42.4276],[9.0791,42.4312],[9.0822,42.4334],[9.0829,42.435],[9.0811,42.4386],[9.0813,42.4425],[9.0802,42.4439],[9.0789,42.4492],[9.0802,42.4499],[9.0833,42.4562],[9.0811,42.4576],[9.0828,42.459],[9.0812,42.4605],[9.0808,42.4635],[9.084,42.4658],[9.0843,42.4672],[9.0785,42.473],[9.0767,42.476],[9.0765,42.4802],[9.0742,42.4832],[9.0715,42.4836],[9.0673,42.4824],[9.0632,42.4819],[9.0587,42.4852],[9.0572,42.4885],[9.0591,42.4914],[9.0601,42.4947],[9.0585,42.4971],[9.0591,42.499],[9.0623,42.5027],[9.0612,42.5045],[9.0657,42.504],[9.0712,42.5049],[9.0716,42.5059],[9.078,42.507],[9.0815,42.5012],[9.0909,42.4991],[9.0946,42.499],[9.0979,42.4967],[9.1019,42.4966],[9.1068,42.498],[9.1099,42.4966],[9.1135,42.4971],[9.1155,42.4957],[9.118,42.4967],[9.123,42.4963],[9.1269,42.4972],[9.1316,42.4964],[9.1348,42.4987],[9.1398,42.4989],[9.1409,42.5001],[9.148,42.5009],[9.1513,42.5028],[9.1516,42.5044],[9.1548,42.5096],[9.1606,42.5106],[9.1637,42.5065],[9.1675,42.5044],[9.1721,42.5033],[9.177,42.5014],[9.1802,42.4992],[9.1812,42.4975],[9.1799,42.4944],[9.1806,42.4916],[9.1844,42.492],[9.1878,42.4908],[9.1899,42.4873],[9.1895,42.4853],[9.1923,42.4831],[9.1888,42.4814],[9.1888,42.4769],[9.1908,42.4748],[9.1909,42.4728],[9.1891,42.4695],[9.1859,42.4671],[9.1821,42.4654],[9.1784,42.4625],[9.1768,42.4593]]]}},{"type":"Feature","properties":{"code":"2B164","nom":"Monacia-d'Orezza","pop":25},"geometry":{"type":"Polygon","coordinates":[[[9.3936,42.3727],[9.3942,42.3745],[9.3913,42.3762],[9.3882,42.3805],[9.3866,42.3887],[9.3887,42.3901],[9.3882,42.3914],[9.3912,42.3901],[9.3931,42.3915],[9.4024,42.3915],[9.4052,42.3874],[9.4093,42.3851],[9.4125,42.3846],[9.4203,42.3852],[9.4233,42.3833],[9.4252,42.3802],[9.4267,42.3794],[9.4272,42.3743],[9.4265,42.3727],[9.4238,42.3732],[9.4173,42.3733],[9.4139,42.3763],[9.4113,42.3763],[9.4044,42.3747],[9.4022,42.3732],[9.4002,42.3736],[9.3975,42.3717],[9.3936,42.3727]]]}},{"type":"Feature","properties":{"code":"2B165","nom":"Moncale","pop":348},"geometry":{"type":"Polygon","coordinates":[[[8.8426,42.5094],[8.8414,42.5066],[8.8386,42.5047],[8.8353,42.5047],[8.8327,42.5002],[8.8295,42.4966],[8.827,42.4951],[8.8224,42.4937],[8.8153,42.4907],[8.8094,42.4851],[8.8054,42.487],[8.8018,42.492],[8.801,42.4971],[8.8018,42.5024],[8.8002,42.5066],[8.7996,42.5134],[8.8008,42.5139],[8.8053,42.5109],[8.8081,42.5115],[8.8143,42.5086],[8.8166,42.5087],[8.8212,42.5117],[8.8213,42.5147],[8.8277,42.5146],[8.8339,42.5186],[8.8383,42.5196],[8.8423,42.5128],[8.8426,42.5094]]]}},{"type":"Feature","properties":{"code":"2B166","nom":"Monte","pop":650},"geometry":{"type":"Polygon","coordinates":[[[9.3917,42.4494],[9.3862,42.451],[9.3847,42.4567],[9.3813,42.4616],[9.3794,42.4627],[9.3767,42.4665],[9.3746,42.4732],[9.3732,42.474],[9.3723,42.4793],[9.3725,42.4834],[9.3705,42.4846],[9.3735,42.4856],[9.3722,42.4879],[9.3746,42.4892],[9.3738,42.4935],[9.3763,42.4941],[9.3774,42.4973],[9.3805,42.5029],[9.3837,42.4998],[9.3847,42.4969],[9.3872,42.4936],[9.3933,42.4884],[9.3985,42.4867],[9.4019,42.4883],[9.4053,42.4888],[9.4091,42.4913],[9.4104,42.4944],[9.4158,42.495],[9.4162,42.4973],[9.4206,42.5005],[9.4274,42.5009],[9.4288,42.5035],[9.4332,42.5078],[9.4388,42.5099],[9.4438,42.5128],[9.4388,42.5165],[9.442,42.5185],[9.4442,42.5221],[9.4484,42.525],[9.4535,42.5251],[9.4522,42.5231],[9.4479,42.5207],[9.4505,42.5183],[9.4502,42.5155],[9.4511,42.5116],[9.4492,42.5088],[9.4505,42.5039],[9.4461,42.5029],[9.4418,42.5012],[9.4388,42.499],[9.4339,42.4994],[9.4248,42.4962],[9.418,42.492],[9.4152,42.4913],[9.4116,42.4871],[9.4099,42.4808],[9.4096,42.4779],[9.4056,42.4718],[9.4047,42.4684],[9.4071,42.4665],[9.4083,42.4634],[9.4006,42.4583],[9.3971,42.4548],[9.3944,42.4506],[9.3917,42.4494]]]}},{"type":"Feature","properties":{"code":"2B167","nom":"Montegrosso","pop":413},"geometry":{"type":"Polygon","coordinates":[[[8.8773,42.5606],[8.8795,42.5599],[8.8763,42.556],[8.8813,42.5527],[8.8844,42.552],[8.8882,42.5499],[8.8949,42.55],[8.8974,42.5484],[8.9021,42.5469],[8.9051,42.5451],[8.9056,42.5418],[8.9073,42.5382],[8.8994,42.5356],[8.8973,42.5359],[8.8893,42.5327],[8.888,42.5309],[8.8819,42.5311],[8.8805,42.5291],[8.8745,42.5272],[8.8722,42.5251],[8.8651,42.5241],[8.858,42.5236],[8.8562,42.5248],[8.8509,42.5226],[8.8445,42.5273],[8.8356,42.533],[8.8285,42.5349],[8.8283,42.5337],[8.8154,42.537],[8.8112,42.5386],[8.8088,42.5413],[8.8039,42.5439],[8.8042,42.5482],[8.8018,42.5509],[8.804,42.5528],[8.8102,42.5534],[8.8117,42.5525],[8.8183,42.5518],[8.8228,42.5507],[8.8234,42.5524],[8.8266,42.552],[8.829,42.5546],[8.8341,42.5553],[8.8404,42.5601],[8.8412,42.5616],[8.8473,42.5663],[8.8501,42.565],[8.8503,42.564],[8.8548,42.5617],[8.8607,42.561],[8.8664,42.5616],[8.8709,42.5636],[8.8722,42.5618],[8.8773,42.5606]]]}},{"type":"Feature","properties":{"code":"2B168","nom":"Monticello","pop":2065},"geometry":{"type":"Polygon","coordinates":[[[8.9849,42.6205],[8.9825,42.6183],[8.9796,42.6176],[8.9751,42.6136],[8.9722,42.6128],[8.9682,42.61],[8.9651,42.6067],[8.9653,42.6052],[8.958,42.6044],[8.9522,42.6024],[8.9514,42.6049],[8.9485,42.6075],[8.9448,42.6081],[8.9409,42.61],[8.9417,42.6143],[8.9355,42.6223],[8.935,42.6237],[8.9387,42.6247],[8.9433,42.6289],[8.9498,42.6317],[8.9483,42.6336],[8.9586,42.6356],[8.9624,42.6342],[8.9656,42.6353],[8.9657,42.6369],[8.9705,42.6381],[8.9724,42.6394],[8.9762,42.6389],[8.9799,42.6395],[8.982,42.6366],[8.982,42.6345],[8.984,42.6301],[8.9878,42.6256],[8.9858,42.6236],[8.9849,42.6205]]]}},{"type":"Feature","properties":{"code":"2B169","nom":"Morosaglia","pop":961},"geometry":{"type":"Polygon","coordinates":[[[9.3276,42.4439],[9.3246,42.4389],[9.3265,42.4353],[9.3265,42.4304],[9.3256,42.4291],[9.3269,42.417],[9.3267,42.4168],[9.3192,42.4175],[9.3155,42.4188],[9.3104,42.4257],[9.3048,42.4262],[9.2998,42.4243],[9.2897,42.4272],[9.2874,42.4268],[9.2803,42.4292],[9.2782,42.4289],[9.276,42.4325],[9.2711,42.4372],[9.2632,42.4384],[9.2554,42.4411],[9.2484,42.4406],[9.2458,42.4388],[9.2425,42.4409],[9.2361,42.4437],[9.2339,42.4431],[9.2271,42.4456],[9.2198,42.4441],[9.2147,42.4449],[9.2122,42.446],[9.2014,42.445],[9.1981,42.4473],[9.204,42.453],[9.2019,42.4556],[9.1983,42.4573],[9.1945,42.4572],[9.1894,42.4588],[9.1841,42.4571],[9.1752,42.4575],[9.1768,42.4593],[9.1784,42.4625],[9.1821,42.4654],[9.1859,42.4671],[9.1891,42.4695],[9.1909,42.4728],[9.1908,42.4748],[9.1888,42.4769],[9.1888,42.4814],[9.1923,42.4831],[9.1962,42.4831],[9.2004,42.4818],[9.2041,42.4758],[9.2074,42.4745],[9.2102,42.4717],[9.2105,42.4693],[9.2134,42.467],[9.2235,42.4636],[9.2272,42.4611],[9.2283,42.4594],[9.2378,42.4579],[9.2401,42.4547],[9.2429,42.4529],[9.2486,42.4538],[9.253,42.4504],[9.256,42.4504],[9.2626,42.4481],[9.2664,42.4487],[9.2693,42.4467],[9.2754,42.4449],[9.2816,42.4454],[9.2844,42.4447],[9.2905,42.4451],[9.2967,42.4445],[9.3048,42.4463],[9.3081,42.4481],[9.3123,42.4486],[9.3175,42.4465],[9.3214,42.4471],[9.3254,42.4462],[9.3276,42.4439]]]}},{"type":"Feature","properties":{"code":"2B170","nom":"Morsiglia","pop":109},"geometry":{"type":"Polygon","coordinates":[[[9.3499,42.9608],[9.3542,42.9611],[9.3555,42.9579],[9.3596,42.9554],[9.3639,42.9546],[9.3712,42.9521],[9.3726,42.9526],[9.3777,42.9517],[9.3863,42.9517],[9.3855,42.9496],[9.3869,42.9461],[9.3901,42.9455],[9.3936,42.9466],[9.3928,42.9449],[9.3969,42.9446],[9.4004,42.9387],[9.4025,42.9386],[9.3993,42.9336],[9.3969,42.9322],[9.3961,42.9274],[9.393,42.9264],[9.3919,42.9241],[9.3893,42.9229],[9.3903,42.9212],[9.3886,42.9201],[9.3889,42.9173],[9.3856,42.9154],[9.3797,42.9132],[9.377,42.9115],[9.3712,42.9149],[9.37,42.9162],[9.3613,42.9187],[9.3594,42.9213],[9.3597,42.9232],[9.3616,42.925],[9.3565,42.9276],[9.35,42.9289],[9.35,42.9334],[9.3571,42.9396],[9.3578,42.9427],[9.3593,42.9451],[9.3564,42.947],[9.3556,42.9494],[9.3515,42.9501],[9.3469,42.9537],[9.3476,42.9546],[9.3459,42.9576],[9.3499,42.9608]]]}},{"type":"Feature","properties":{"code":"2B171","nom":"Muracciole","pop":33},"geometry":{"type":"Polygon","coordinates":[[[9.2194,42.163],[9.2165,42.1621],[9.2146,42.1594],[9.2086,42.1554],[9.2071,42.1525],[9.2028,42.1495],[9.196,42.1474],[9.1931,42.1451],[9.1887,42.1434],[9.181,42.1418],[9.1801,42.1406],[9.1776,42.1409],[9.1746,42.1442],[9.1721,42.1481],[9.1725,42.1529],[9.1734,42.155],[9.176,42.1565],[9.1758,42.1589],[9.178,42.1627],[9.1772,42.1643],[9.1801,42.169],[9.1801,42.1712],[9.1779,42.1738],[9.178,42.1763],[9.1752,42.1785],[9.1741,42.1826],[9.1744,42.1851],[9.1721,42.1882],[9.1687,42.1898],[9.1683,42.1933],[9.1699,42.1939],[9.1707,42.1967],[9.1736,42.1978],[9.175,42.1996],[9.18,42.1968],[9.1862,42.1971],[9.1891,42.1967],[9.1913,42.1902],[9.1932,42.1878],[9.1942,42.1837],[9.1972,42.182],[9.2002,42.1773],[9.2031,42.1753],[9.2079,42.174],[9.2147,42.1681],[9.2179,42.1672],[9.2193,42.1653],[9.2194,42.163]]]}},{"type":"Feature","properties":{"code":"2B172","nom":"Murato","pop":560},"geometry":{"type":"Polygon","coordinates":[[[9.3019,42.5742],[9.3034,42.5755],[9.3029,42.5777],[9.3045,42.5793],[9.3071,42.5797],[9.3125,42.5839],[9.3138,42.5861],[9.3123,42.5886],[9.3141,42.5917],[9.3142,42.5935],[9.3162,42.5962],[9.3159,42.5994],[9.3212,42.598],[9.325,42.5959],[9.3297,42.5958],[9.3291,42.5938],[9.331,42.5925],[9.3318,42.5899],[9.3367,42.5867],[9.3411,42.5873],[9.3436,42.586],[9.3444,42.5824],[9.3468,42.5822],[9.3482,42.574],[9.352,42.572],[9.3534,42.5688],[9.355,42.5686],[9.3641,42.5638],[9.367,42.5617],[9.3676,42.5587],[9.3668,42.5552],[9.3494,42.5505],[9.3437,42.5503],[9.3339,42.5498],[9.3313,42.5484],[9.3212,42.5447],[9.315,42.5471],[9.3057,42.5486],[9.3037,42.5504],[9.3002,42.5518],[9.2944,42.5523],[9.2952,42.5563],[9.2933,42.5573],[9.2932,42.563],[9.3008,42.5669],[9.2999,42.5681],[9.3019,42.5742]]]}},{"type":"Feature","properties":{"code":"2B173","nom":"Muro","pop":243},"geometry":{"type":"Polygon","coordinates":[[[8.9323,42.5197],[8.9262,42.5237],[8.9178,42.5271],[8.9158,42.5299],[8.916,42.5341],[8.9129,42.5349],[8.9073,42.5382],[8.9056,42.5418],[8.9051,42.5451],[8.9021,42.5469],[8.8974,42.5484],[8.8949,42.55],[8.8972,42.5541],[8.9049,42.5572],[8.9075,42.5609],[8.9095,42.5617],[8.9156,42.5668],[8.9163,42.5686],[8.9171,42.5712],[8.9203,42.5683],[8.9251,42.561],[8.931,42.5526],[8.9284,42.5483],[8.9249,42.5455],[8.9222,42.5446],[8.9221,42.541],[8.9239,42.5372],[8.9276,42.5364],[8.9343,42.5308],[8.935,42.5284],[8.933,42.5259],[8.9323,42.5197]]]}},{"type":"Feature","properties":{"code":"2B175","nom":"Nessa","pop":122},"geometry":{"type":"Polygon","coordinates":[[[8.9658,42.5309],[8.9608,42.5328],[8.9586,42.5349],[8.9527,42.5372],[8.9488,42.5397],[8.9462,42.5404],[8.9442,42.5436],[8.944,42.547],[8.9423,42.5497],[8.9416,42.5532],[8.9451,42.5559],[8.9466,42.5582],[8.9427,42.5606],[8.9432,42.5637],[8.9474,42.5653],[8.9471,42.5679],[8.9493,42.5692],[8.9521,42.5726],[8.9546,42.5682],[8.9574,42.5647],[8.9594,42.5634],[8.9604,42.5601],[8.9594,42.558],[8.9623,42.5554],[8.9612,42.551],[8.9622,42.5478],[8.9665,42.5457],[8.968,42.5415],[8.9737,42.5378],[8.9719,42.5342],[8.9688,42.5319],[8.9658,42.5309]]]}},{"type":"Feature","properties":{"code":"2B176","nom":"Nocario","pop":74},"geometry":{"type":"Polygon","coordinates":[[[9.3673,42.396],[9.3633,42.3933],[9.3623,42.391],[9.365,42.3879],[9.3609,42.3872],[9.3574,42.3851],[9.3504,42.3832],[9.3533,42.3864],[9.3567,42.388],[9.3543,42.3918],[9.3498,42.3923],[9.3399,42.3927],[9.3344,42.3935],[9.3267,42.3962],[9.3258,42.3985],[9.3346,42.4011],[9.3389,42.4008],[9.3395,42.4022],[9.3419,42.4026],[9.3458,42.4012],[9.3516,42.4016],[9.3567,42.4002],[9.3622,42.3965],[9.3673,42.396]]]}},{"type":"Feature","properties":{"code":"2B177","nom":"Noceta","pop":73},"geometry":{"type":"Polygon","coordinates":[[[9.175,42.1996],[9.1778,42.2026],[9.1772,42.2042],[9.1798,42.2079],[9.1852,42.2123],[9.1859,42.2157],[9.1879,42.2161],[9.1871,42.2186],[9.1882,42.2211],[9.1918,42.2198],[9.1954,42.2193],[9.1989,42.2215],[9.2001,42.224],[9.2045,42.2244],[9.2069,42.2234],[9.2086,42.2211],[9.2108,42.2208],[9.2143,42.2235],[9.2174,42.2248],[9.2229,42.2241],[9.227,42.225],[9.233,42.2252],[9.2328,42.2266],[9.2368,42.2274],[9.2452,42.2279],[9.2451,42.2253],[9.243,42.2234],[9.2418,42.2182],[9.2394,42.219],[9.2353,42.2144],[9.2362,42.2128],[9.2332,42.209],[9.2299,42.2067],[9.2259,42.2061],[9.2269,42.2035],[9.2252,42.1993],[9.2248,42.1919],[9.2255,42.1901],[9.2167,42.1783],[9.2193,42.1653],[9.2179,42.1672],[9.2147,42.1681],[9.2079,42.174],[9.2031,42.1753],[9.2002,42.1773],[9.1972,42.182],[9.1942,42.1837],[9.1932,42.1878],[9.1913,42.1902],[9.1891,42.1967],[9.1862,42.1971],[9.18,42.1968],[9.175,42.1996]]]}},{"type":"Feature","properties":{"code":"2B178","nom":"Nonza","pop":62},"geometry":{"type":"Polygon","coordinates":[[[9.3588,42.8072],[9.3614,42.8068],[9.361,42.8041],[9.3653,42.8008],[9.3672,42.7981],[9.3681,42.7952],[9.3719,42.7932],[9.3784,42.7922],[9.3812,42.7896],[9.3775,42.7883],[9.3726,42.7851],[9.3713,42.7832],[9.3682,42.7813],[9.3661,42.7785],[9.3644,42.7792],[9.3537,42.7771],[9.3491,42.7709],[9.3487,42.7693],[9.3453,42.7663],[9.3422,42.7648],[9.3399,42.7607],[9.3381,42.766],[9.3405,42.7678],[9.3409,42.7705],[9.3392,42.7742],[9.3414,42.7789],[9.3401,42.7808],[9.3404,42.7852],[9.3424,42.7861],[9.343,42.7958],[9.3408,42.7989],[9.3381,42.8044],[9.3456,42.804],[9.3538,42.8069],[9.3588,42.8072]]]}},{"type":"Feature","properties":{"code":"2B179","nom":"Novale","pop":57},"geometry":{"type":"Polygon","coordinates":[[[9.4255,42.3011],[9.4254,42.2983],[9.424,42.2967],[9.4238,42.2935],[9.4209,42.291],[9.4212,42.2888],[9.4175,42.291],[9.4138,42.2964],[9.4094,42.2952],[9.4034,42.296],[9.4012,42.2971],[9.3958,42.2976],[9.3987,42.3033],[9.3965,42.3049],[9.3959,42.3086],[9.3981,42.3118],[9.4015,42.3151],[9.403,42.3152],[9.404,42.3166],[9.4076,42.3161],[9.4094,42.3145],[9.4133,42.3179],[9.4177,42.3159],[9.4185,42.3134],[9.4211,42.3142],[9.4262,42.3117],[9.4234,42.3094],[9.4203,42.303],[9.4223,42.2998],[9.4255,42.3011]]]}},{"type":"Feature","properties":{"code":"2B180","nom":"Novella","pop":80},"geometry":{"type":"Polygon","coordinates":[[[9.1268,42.5613],[9.1238,42.5627],[9.1202,42.5632],[9.1182,42.5622],[9.1155,42.5628],[9.1126,42.5615],[9.1091,42.5624],[9.1043,42.5649],[9.1026,42.5667],[9.0978,42.5673],[9.0942,42.565],[9.0948,42.5692],[9.093,42.5722],[9.0908,42.5733],[9.0856,42.5722],[9.0814,42.5734],[9.0803,42.5766],[9.0773,42.5788],[9.0744,42.5791],[9.0706,42.5834],[9.0703,42.5867],[9.0721,42.594],[9.0716,42.5959],[9.0736,42.5981],[9.0744,42.601],[9.0783,42.6027],[9.0787,42.6042],[9.0755,42.6057],[9.0754,42.6092],[9.078,42.6115],[9.0774,42.616],[9.0798,42.6175],[9.0832,42.6178],[9.0851,42.6191],[9.0891,42.6273],[9.0902,42.6317],[9.0891,42.6331],[9.0905,42.6353],[9.0884,42.6372],[9.0885,42.6396],[9.0926,42.6407],[9.0936,42.644],[9.0959,42.6457],[9.1002,42.6389],[9.1006,42.6367],[9.1048,42.6331],[9.1067,42.6327],[9.1077,42.6302],[9.1097,42.6292],[9.1099,42.626],[9.1133,42.626],[9.1186,42.6217],[9.1241,42.6151],[9.1298,42.6126],[9.1315,42.6087],[9.1348,42.6076],[9.135,42.6],[9.1295,42.5937],[9.1265,42.5892],[9.1258,42.5856],[9.1268,42.58],[9.1285,42.5771],[9.1311,42.5744],[9.1309,42.5716],[9.1338,42.5699],[9.1287,42.5641],[9.1268,42.5613]]]}},{"type":"Feature","properties":{"code":"2B182","nom":"Occhiatana","pop":235},"geometry":{"type":"Polygon","coordinates":[[[9.0201,42.5519],[9.0165,42.5522],[9.0082,42.5594],[9.007,42.5631],[9.0052,42.5655],[9.0044,42.569],[9.0026,42.5778],[8.9998,42.5853],[8.9981,42.5919],[8.9943,42.5941],[8.9915,42.6009],[8.9894,42.6096],[8.9858,42.6136],[8.9849,42.6205],[8.9858,42.6236],[8.9878,42.6256],[8.984,42.6301],[8.982,42.6345],[8.982,42.6366],[8.9799,42.6395],[8.9829,42.6392],[8.9858,42.6414],[8.9881,42.6406],[8.9926,42.6409],[8.9936,42.6397],[8.9978,42.6402],[9.0003,42.6416],[9.0003,42.6389],[8.999,42.6338],[9.0002,42.6248],[8.998,42.6152],[8.998,42.6137],[9.0012,42.6087],[9.0006,42.6046],[9.003,42.5971],[9.0062,42.5946],[9.0048,42.5908],[9.0066,42.588],[9.0102,42.5846],[9.0104,42.5821],[9.0157,42.5776],[9.019,42.576],[9.0233,42.5755],[9.0271,42.5762],[9.03,42.5756],[9.033,42.5763],[9.0371,42.5752],[9.0377,42.5739],[9.0363,42.5682],[9.0338,42.5658],[9.0335,42.5638],[9.0315,42.5605],[9.0265,42.5567],[9.0243,42.5564],[9.0222,42.5531],[9.0201,42.5519]]]}},{"type":"Feature","properties":{"code":"2B183","nom":"Ogliastro","pop":90},"geometry":{"type":"Polygon","coordinates":[[[9.3851,42.8349],[9.3868,42.8314],[9.3853,42.8274],[9.3823,42.8257],[9.3755,42.8247],[9.3664,42.8218],[9.3632,42.8196],[9.3612,42.8153],[9.3583,42.8124],[9.3539,42.8095],[9.3588,42.8072],[9.3538,42.8069],[9.3456,42.804],[9.3381,42.8044],[9.3336,42.8073],[9.3323,42.8111],[9.3263,42.8122],[9.3298,42.8167],[9.3309,42.8219],[9.332,42.823],[9.3418,42.8297],[9.3487,42.8337],[9.3555,42.833],[9.3674,42.8355],[9.3728,42.8393],[9.3753,42.8391],[9.3833,42.8364],[9.3851,42.8349]]]}},{"type":"Feature","properties":{"code":"2B184","nom":"Olcani","pop":96},"geometry":{"type":"Polygon","coordinates":[[[9.4184,42.7885],[9.4066,42.7881],[9.4047,42.7888],[9.4016,42.7879],[9.397,42.7886],[9.3941,42.7874],[9.384,42.7882],[9.3812,42.7896],[9.3784,42.7922],[9.3719,42.7932],[9.3681,42.7952],[9.3672,42.7981],[9.3653,42.8008],[9.361,42.8041],[9.3614,42.8068],[9.3588,42.8072],[9.3539,42.8095],[9.3583,42.8124],[9.3612,42.8153],[9.3632,42.8196],[9.3664,42.8218],[9.3755,42.8247],[9.3823,42.8257],[9.3853,42.8274],[9.387,42.8261],[9.3955,42.8225],[9.3984,42.8223],[9.4026,42.8178],[9.4076,42.8146],[9.4068,42.8115],[9.4074,42.8055],[9.4065,42.804],[9.4107,42.8017],[9.4134,42.798],[9.4164,42.7958],[9.4165,42.7926],[9.4184,42.7885]]]}},{"type":"Feature","properties":{"code":"2B185","nom":"Oletta","pop":1780},"geometry":{"type":"Polygon","coordinates":[[[9.3922,42.6378],[9.3945,42.6347],[9.3982,42.6297],[9.4075,42.626],[9.4052,42.6244],[9.405,42.6224],[9.3994,42.6219],[9.3979,42.6205],[9.3927,42.6182],[9.3848,42.6208],[9.3787,42.6199],[9.376,42.6187],[9.372,42.6186],[9.3686,42.6204],[9.3637,42.621],[9.3599,42.6205],[9.3512,42.6262],[9.3484,42.6255],[9.344,42.6264],[9.3296,42.6258],[9.3056,42.6273],[9.3017,42.6268],[9.303,42.6294],[9.3017,42.6319],[9.2966,42.6314],[9.2964,42.6343],[9.2973,42.6385],[9.2952,42.6434],[9.2925,42.6451],[9.2888,42.6459],[9.287,42.6497],[9.2887,42.6517],[9.2883,42.6538],[9.283,42.6625],[9.2868,42.6649],[9.2892,42.6653],[9.2943,42.6678],[9.2992,42.6679],[9.2996,42.6695],[9.3101,42.6696],[9.3146,42.6684],[9.3212,42.6719],[9.3236,42.6701],[9.3209,42.6679],[9.3226,42.6654],[9.3318,42.661],[9.332,42.66],[9.3365,42.6585],[9.3388,42.6559],[9.3397,42.6527],[9.3435,42.65],[9.3468,42.646],[9.349,42.6463],[9.3513,42.6448],[9.3539,42.6417],[9.3547,42.6389],[9.3591,42.6367],[9.3647,42.6351],[9.3659,42.6336],[9.3698,42.6353],[9.3742,42.6335],[9.3842,42.6344],[9.3885,42.6368],[9.3922,42.6378]]]}},{"type":"Feature","properties":{"code":"2B187","nom":"Olmeta-di-Capocorso","pop":123},"geometry":{"type":"Polygon","coordinates":[[[9.3812,42.7896],[9.384,42.7882],[9.3941,42.7874],[9.397,42.7886],[9.4016,42.7879],[9.4047,42.7888],[9.4066,42.7881],[9.4184,42.7885],[9.4196,42.785],[9.416,42.7807],[9.4141,42.7736],[9.415,42.7726],[9.4125,42.7722],[9.4088,42.7685],[9.4073,42.7652],[9.4046,42.7635],[9.4038,42.7602],[9.3983,42.758],[9.3881,42.7509],[9.3881,42.7479],[9.384,42.7489],[9.3816,42.7484],[9.3765,42.7508],[9.3717,42.7512],[9.3669,42.7448],[9.3615,42.7428],[9.3588,42.7428],[9.3531,42.7391],[9.346,42.7389],[9.3439,42.7397],[9.3458,42.7431],[9.3446,42.7461],[9.3424,42.7484],[9.3418,42.7528],[9.339,42.7578],[9.3399,42.7607],[9.3422,42.7648],[9.3453,42.7663],[9.3487,42.7693],[9.3491,42.7709],[9.3537,42.7771],[9.3644,42.7792],[9.3661,42.7785],[9.3682,42.7813],[9.3713,42.7832],[9.3726,42.7851],[9.3775,42.7883],[9.3812,42.7896]]]}},{"type":"Feature","properties":{"code":"2B188","nom":"Olmeta-di-Tuda","pop":583},"geometry":{"type":"Polygon","coordinates":[[[9.3632,42.5918],[9.3568,42.5978],[9.3527,42.5995],[9.3505,42.6039],[9.3472,42.6059],[9.3432,42.6071],[9.3412,42.609],[9.3356,42.6081],[9.3304,42.6125],[9.327,42.613],[9.3244,42.6168],[9.3208,42.6178],[9.3114,42.6183],[9.3045,42.6225],[9.3036,42.6258],[9.3017,42.6268],[9.3056,42.6273],[9.3296,42.6258],[9.344,42.6264],[9.3484,42.6255],[9.3512,42.6262],[9.3599,42.6205],[9.3637,42.621],[9.3686,42.6204],[9.372,42.6186],[9.376,42.6187],[9.3787,42.6199],[9.3848,42.6208],[9.3927,42.6182],[9.3979,42.6205],[9.403,42.6187],[9.4069,42.6158],[9.4095,42.6155],[9.413,42.6133],[9.4197,42.6113],[9.4214,42.6101],[9.4179,42.6077],[9.4164,42.6052],[9.4144,42.6059],[9.4085,42.6053],[9.4052,42.606],[9.403,42.6048],[9.4,42.6053],[9.3966,42.6045],[9.3964,42.6007],[9.3934,42.5977],[9.391,42.5988],[9.3881,42.5976],[9.3835,42.5978],[9.3788,42.5994],[9.3711,42.5969],[9.3709,42.5954],[9.3682,42.5942],[9.3644,42.5949],[9.3632,42.5918]]]}},{"type":"Feature","properties":{"code":"2B190","nom":"Olmi-Cappella","pop":190},"geometry":{"type":"Polygon","coordinates":[[[8.9166,42.4673],[8.9195,42.468],[8.9262,42.471],[8.9327,42.4717],[8.9359,42.4711],[8.9379,42.4718],[8.9444,42.4716],[8.9473,42.4729],[8.9531,42.478],[8.9591,42.4813],[8.9674,42.4827],[8.97,42.4851],[8.9718,42.4851],[8.9751,42.4877],[8.9772,42.4877],[8.9839,42.4916],[8.9858,42.4912],[8.9881,42.4936],[8.9938,42.4942],[8.9942,42.4962],[8.9982,42.4978],[9.0003,42.5013],[9.0027,42.5028],[9.0059,42.5032],[9.0101,42.5065],[9.0141,42.508],[9.015,42.5094],[9.0181,42.5091],[9.0219,42.5112],[9.0164,42.514],[9.0169,42.5171],[9.0137,42.522],[9.0107,42.5231],[9.0094,42.5269],[9.006,42.5284],[9.0066,42.5331],[9.0094,42.5353],[9.0107,42.5399],[9.0161,42.5469],[9.017,42.5496],[9.0201,42.5519],[9.0222,42.5531],[9.0243,42.5564],[9.0265,42.5567],[9.0315,42.5605],[9.0335,42.5638],[9.0338,42.5658],[9.0363,42.5682],[9.0377,42.5739],[9.0412,42.5751],[9.0466,42.5755],[9.0509,42.5781],[9.0525,42.5798],[9.0565,42.5801],[9.0596,42.5795],[9.0617,42.5807],[9.068,42.5793],[9.0744,42.5791],[9.0773,42.5788],[9.0803,42.5766],[9.0814,42.5734],[9.0856,42.5722],[9.0908,42.5733],[9.093,42.5722],[9.0948,42.5692],[9.0942,42.565],[9.092,42.5632],[9.0934,42.5596],[9.0909,42.5572],[9.0873,42.5569],[9.0805,42.5544],[9.0794,42.5506],[9.0801,42.5483],[9.0823,42.5458],[9.081,42.5423],[9.0792,42.54],[9.0748,42.5381],[9.0734,42.5361],[9.0699,42.5345],[9.0635,42.5336],[9.0498,42.533],[9.0446,42.5335],[9.0415,42.5347],[9.0402,42.5332],[9.0396,42.5232],[9.0373,42.523],[9.0372,42.5205],[9.035,42.5194],[9.0377,42.5141],[9.0404,42.5121],[9.0405,42.5094],[9.0395,42.501],[9.0371,42.4991],[9.0375,42.4974],[9.0361,42.4951],[9.0303,42.4978],[9.0235,42.4953],[9.0167,42.494],[9.0134,42.4899],[9.0115,42.4888],[9.0082,42.483],[9.0029,42.4791],[9.0019,42.4769],[8.9927,42.4719],[8.9908,42.4716],[8.9891,42.4695],[8.989,42.4671],[8.9787,42.4636],[8.9755,42.4641],[8.9706,42.4628],[8.9654,42.456],[8.9631,42.4544],[8.9607,42.4545],[8.9569,42.4566],[8.9531,42.4571],[8.9492,42.4563],[8.941,42.4561],[8.9375,42.4554],[8.9305,42.4559],[8.9273,42.4573],[8.919,42.4595],[8.9183,42.4649],[8.9166,42.4673]]]}},{"type":"Feature","properties":{"code":"2B192","nom":"Olmo","pop":138},"geometry":{"type":"Polygon","coordinates":[[[9.4288,42.5141],[9.4333,42.5138],[9.4388,42.5165],[9.4438,42.5128],[9.4388,42.5099],[9.4332,42.5078],[9.4288,42.5035],[9.4274,42.5009],[9.4206,42.5005],[9.4162,42.4973],[9.4158,42.495],[9.4104,42.4944],[9.4091,42.4913],[9.4053,42.4888],[9.4019,42.4883],[9.3985,42.4867],[9.3933,42.4884],[9.3872,42.4936],[9.3847,42.4969],[9.3837,42.4998],[9.3855,42.4995],[9.3888,42.4969],[9.3952,42.496],[9.3976,42.493],[9.3996,42.4939],[9.4023,42.4983],[9.4056,42.4999],[9.4068,42.5059],[9.4118,42.5063],[9.4145,42.5034],[9.4185,42.5059],[9.4231,42.5108],[9.4259,42.5111],[9.4288,42.5141]]]}},{"type":"Feature","properties":{"code":"2B193","nom":"Omessa","pop":595},"geometry":{"type":"Polygon","coordinates":[[[9.209,42.3955],[9.2059,42.3943],[9.2014,42.3906],[9.2073,42.3878],[9.2117,42.3884],[9.2143,42.3865],[9.2188,42.3851],[9.2284,42.3843],[9.227,42.3805],[9.2271,42.3774],[9.2257,42.3732],[9.2271,42.3692],[9.2262,42.3667],[9.2266,42.3633],[9.2295,42.3585],[9.2244,42.3584],[9.2231,42.3591],[9.2159,42.36],[9.2119,42.3553],[9.2109,42.3529],[9.2089,42.352],[9.2028,42.3529],[9.2012,42.3561],[9.1992,42.3575],[9.195,42.3556],[9.1932,42.358],[9.1851,42.3593],[9.1821,42.3609],[9.1799,42.3637],[9.1769,42.3657],[9.1738,42.3637],[9.1708,42.3672],[9.1684,42.3711],[9.1664,42.3706],[9.1637,42.3731],[9.1597,42.3801],[9.1602,42.3832],[9.1627,42.3851],[9.166,42.3862],[9.1637,42.3895],[9.1666,42.3928],[9.1649,42.3942],[9.1665,42.3975],[9.1686,42.4],[9.1741,42.401],[9.1776,42.4078],[9.1773,42.4114],[9.1791,42.4122],[9.1877,42.4192],[9.1898,42.4221],[9.1986,42.4212],[9.1972,42.4182],[9.1968,42.4151],[9.1976,42.4133],[9.1975,42.406],[9.2026,42.4052],[9.2051,42.4041],[9.2078,42.4005],[9.209,42.3955]]]}},{"type":"Feature","properties":{"code":"2B194","nom":"Ortale","pop":25},"geometry":{"type":"Polygon","coordinates":[[[9.4255,42.3011],[9.4223,42.2998],[9.4203,42.303],[9.4234,42.3094],[9.4262,42.3117],[9.4211,42.3142],[9.4185,42.3134],[9.4177,42.3159],[9.4133,42.3179],[9.4218,42.3211],[9.427,42.3177],[9.4297,42.3195],[9.4324,42.3174],[9.4343,42.3184],[9.4384,42.3167],[9.4465,42.3152],[9.4487,42.313],[9.4561,42.316],[9.4597,42.3115],[9.4586,42.3096],[9.4555,42.3074],[9.4504,42.3085],[9.4481,42.3098],[9.4464,42.3084],[9.4427,42.3086],[9.4413,42.3064],[9.4409,42.3018],[9.4284,42.3017],[9.4255,42.3011]]]}},{"type":"Feature","properties":{"code":"2B195","nom":"Ortiporio","pop":139},"geometry":{"type":"Polygon","coordinates":[[[9.3314,42.4551],[9.3307,42.4569],[9.333,42.4659],[9.3364,42.4646],[9.3383,42.4663],[9.3457,42.4628],[9.3506,42.4635],[9.3542,42.465],[9.3564,42.4679],[9.3611,42.4696],[9.3647,42.4696],[9.3598,42.4659],[9.3599,42.4639],[9.3619,42.4606],[9.3657,42.4595],[9.3646,42.456],[9.3578,42.4517],[9.3542,42.451],[9.3499,42.4491],[9.3468,42.449],[9.3426,42.4474],[9.3369,42.4473],[9.3325,42.4458],[9.3308,42.4439],[9.3276,42.4439],[9.3254,42.4462],[9.3282,42.4502],[9.3277,42.453],[9.3314,42.4551]]]}},{"type":"Feature","properties":{"code":"2B199","nom":"Palasca","pop":222},"geometry":{"type":"Polygon","coordinates":[[[9.0618,42.6937],[9.0666,42.6849],[9.0709,42.6849],[9.0754,42.683],[9.0834,42.6786],[9.0852,42.6758],[9.0857,42.6722],[9.0896,42.669],[9.0894,42.6663],[9.0923,42.6625],[9.0931,42.6596],[9.0974,42.6588],[9.1005,42.6561],[9.1041,42.6565],[9.1064,42.6558],[9.1015,42.6513],[9.0975,42.65],[9.0959,42.6457],[9.0936,42.644],[9.0926,42.6407],[9.0885,42.6396],[9.0884,42.6372],[9.0905,42.6353],[9.0891,42.6331],[9.0902,42.6317],[9.0891,42.6273],[9.0851,42.6191],[9.0832,42.6178],[9.0798,42.6175],[9.0774,42.616],[9.078,42.6115],[9.0754,42.6092],[9.0755,42.6057],[9.0787,42.6042],[9.0783,42.6027],[9.0744,42.601],[9.0736,42.5981],[9.0716,42.5959],[9.0721,42.594],[9.0703,42.5867],[9.0706,42.5834],[9.0744,42.5791],[9.068,42.5793],[9.0617,42.5807],[9.0596,42.5795],[9.0565,42.5801],[9.0525,42.5798],[9.0509,42.5781],[9.0466,42.5755],[9.0412,42.5751],[9.0355,42.5807],[9.0338,42.5837],[9.0304,42.5845],[9.0302,42.5887],[9.0269,42.5932],[9.0277,42.5956],[9.0251,42.5982],[9.0265,42.6033],[9.0203,42.6086],[9.0159,42.6115],[9.0155,42.6159],[9.0188,42.6204],[9.0197,42.6229],[9.022,42.624],[9.0247,42.631],[9.021,42.634],[9.0215,42.639],[9.0178,42.6425],[9.02,42.6439],[9.0258,42.6493],[9.0277,42.6522],[9.0307,42.6534],[9.0377,42.6546],[9.0405,42.6529],[9.046,42.6547],[9.0468,42.6557],[9.0527,42.6583],[9.0594,42.6605],[9.0617,42.6649],[9.0575,42.6686],[9.0602,42.6714],[9.0555,42.6737],[9.0547,42.6773],[9.0555,42.6784],[9.0535,42.6822],[9.0599,42.6831],[9.0575,42.6882],[9.0582,42.6886],[9.057,42.6955],[9.0599,42.6961],[9.0618,42.6937]]]}},{"type":"Feature","properties":{"code":"2B201","nom":"Pancheraccia","pop":198},"geometry":{"type":"Polygon","coordinates":[[[9.3641,42.2237],[9.3654,42.2254],[9.3706,42.2282],[9.3777,42.2284],[9.381,42.23],[9.3815,42.2342],[9.3847,42.2332],[9.3837,42.2273],[9.3851,42.224],[9.3881,42.2213],[9.3947,42.2196],[9.3972,42.2169],[9.395,42.2156],[9.3959,42.2137],[9.403,42.2156],[9.4029,42.2137],[9.4048,42.2099],[9.4086,42.2085],[9.4101,42.2062],[9.4149,42.2052],[9.4195,42.2027],[9.4202,42.2002],[9.4205,42.1886],[9.4229,42.1879],[9.4283,42.1881],[9.4283,42.1849],[9.4309,42.1822],[9.43,42.18],[9.4348,42.1713],[9.4379,42.1678],[9.4384,42.163],[9.4431,42.1616],[9.4461,42.1591],[9.4469,42.1571],[9.4497,42.1552],[9.452,42.1512],[9.4542,42.1501],[9.455,42.1484],[9.453,42.1458],[9.453,42.144],[9.4513,42.145],[9.4463,42.1515],[9.44,42.1541],[9.4369,42.156],[9.4338,42.1591],[9.4319,42.1621],[9.4256,42.1672],[9.4242,42.1706],[9.4182,42.1758],[9.4151,42.1766],[9.4106,42.1805],[9.4107,42.1826],[9.4082,42.1873],[9.4045,42.1921],[9.4026,42.1961],[9.3982,42.1977],[9.3955,42.1996],[9.3934,42.1993],[9.388,42.2004],[9.3838,42.2022],[9.3837,42.2033],[9.3793,42.2048],[9.3784,42.2064],[9.3747,42.2068],[9.3714,42.208],[9.3703,42.2105],[9.3697,42.2158],[9.3664,42.2193],[9.3641,42.2237]]]}},{"type":"Feature","properties":{"code":"2B202","nom":"Parata","pop":22},"geometry":{"type":"Polygon","coordinates":[[[9.4305,42.3548],[9.4269,42.3565],[9.4255,42.3584],[9.4226,42.3593],[9.419,42.3632],[9.4164,42.3636],[9.4148,42.3657],[9.41,42.3681],[9.4074,42.3678],[9.4031,42.3696],[9.4022,42.3732],[9.4044,42.3747],[9.4113,42.3763],[9.4139,42.3763],[9.4173,42.3733],[9.4238,42.3732],[9.4265,42.3727],[9.4267,42.3712],[9.4326,42.3641],[9.4319,42.3569],[9.4305,42.3548]]]}},{"type":"Feature","properties":{"code":"2B205","nom":"Patrimonio","pop":897},"geometry":{"type":"Polygon","coordinates":[[[9.4047,42.705],[9.4056,42.7026],[9.4029,42.6994],[9.4003,42.6988],[9.3999,42.6949],[9.3983,42.6932],[9.3933,42.6944],[9.3895,42.6937],[9.3815,42.6967],[9.3764,42.6978],[9.3738,42.6969],[9.3705,42.6934],[9.3684,42.6935],[9.3655,42.6906],[9.3599,42.691],[9.3591,42.6939],[9.3554,42.6977],[9.3543,42.696],[9.3471,42.6931],[9.3446,42.694],[9.339,42.6936],[9.333,42.6951],[9.329,42.6935],[9.3216,42.6962],[9.323,42.6971],[9.3226,42.7016],[9.3214,42.7039],[9.3225,42.7058],[9.3212,42.7125],[9.3223,42.7168],[9.3295,42.719],[9.3376,42.7128],[9.3402,42.7132],[9.3426,42.7113],[9.3456,42.7116],[9.3487,42.7101],[9.3717,42.7167],[9.3792,42.7183],[9.3825,42.72],[9.3831,42.7218],[9.3962,42.7279],[9.4025,42.7269],[9.4057,42.7211],[9.4079,42.7192],[9.4079,42.7149],[9.405,42.7124],[9.4037,42.7091],[9.4047,42.705]]]}},{"type":"Feature","properties":{"code":"2B206","nom":"Penta-Acquatella","pop":41},"geometry":{"type":"Polygon","coordinates":[[[9.3862,42.451],[9.3821,42.4512],[9.3796,42.4528],[9.3746,42.4527],[9.3683,42.4579],[9.3646,42.456],[9.3657,42.4595],[9.3619,42.4606],[9.3599,42.4639],[9.3598,42.4659],[9.3647,42.4696],[9.367,42.4719],[9.3677,42.4765],[9.3713,42.4779],[9.3723,42.4793],[9.3732,42.474],[9.3746,42.4732],[9.3767,42.4665],[9.3794,42.4627],[9.3813,42.4616],[9.3847,42.4567],[9.3862,42.451]]]}},{"type":"Feature","properties":{"code":"2B207","nom":"Penta-di-Casinca","pop":3671},"geometry":{"type":"Polygon","coordinates":[[[9.4622,42.4461],[9.4608,42.45],[9.4508,42.4546],[9.4454,42.4589],[9.4408,42.4594],[9.436,42.4607],[9.4356,42.4642],[9.4382,42.4654],[9.4442,42.4661],[9.4467,42.4671],[9.4534,42.4684],[9.4564,42.4716],[9.4624,42.4741],[9.4644,42.4755],[9.4671,42.4705],[9.4659,42.4683],[9.4675,42.4639],[9.4709,42.4629],[9.4743,42.4608],[9.4819,42.4597],[9.488,42.4601],[9.4924,42.4617],[9.5026,42.4625],[9.5087,42.4621],[9.5138,42.4633],[9.5158,42.4649],[9.5225,42.4671],[9.5228,42.469],[9.5362,42.4704],[9.5386,42.4638],[9.5415,42.4588],[9.5409,42.4534],[9.5419,42.4484],[9.541,42.4444],[9.5414,42.4386],[9.5344,42.4388],[9.5297,42.4378],[9.5289,42.4397],[9.5209,42.4401],[9.5171,42.4425],[9.5129,42.4412],[9.5063,42.4401],[9.5029,42.4417],[9.4952,42.4439],[9.4934,42.443],[9.4862,42.4441],[9.4836,42.4455],[9.4771,42.4457],[9.4729,42.4449],[9.4687,42.4459],[9.4655,42.4455],[9.4622,42.4461]]]}},{"type":"Feature","properties":{"code":"2B208","nom":"Perelli","pop":109},"geometry":{"type":"Polygon","coordinates":[[[9.3792,42.2996],[9.3794,42.3052],[9.381,42.307],[9.3773,42.3099],[9.3679,42.3132],[9.3681,42.3159],[9.3724,42.3188],[9.3806,42.3235],[9.3849,42.3234],[9.3861,42.3252],[9.3907,42.3272],[9.3933,42.3273],[9.3928,42.3297],[9.397,42.3309],[9.3991,42.3304],[9.4024,42.3318],[9.4031,42.3314],[9.4033,42.3278],[9.4063,42.3265],[9.4076,42.3247],[9.4051,42.3244],[9.4017,42.3222],[9.3966,42.3218],[9.4001,42.3197],[9.4024,42.3172],[9.403,42.3152],[9.4015,42.3151],[9.3981,42.3118],[9.3959,42.3086],[9.3965,42.3049],[9.3987,42.3033],[9.3958,42.2976],[9.394,42.2972],[9.3877,42.2996],[9.3792,42.2996]]]}},{"type":"Feature","properties":{"code":"2B210","nom":"Pero-Casevecchie","pop":109},"geometry":{"type":"Polygon","coordinates":[[[9.4469,42.404],[9.4509,42.4112],[9.453,42.4125],[9.4564,42.417],[9.4592,42.4244],[9.4619,42.4256],[9.4626,42.4274],[9.4619,42.4303],[9.4652,42.4307],[9.4739,42.428],[9.4749,42.4259],[9.4785,42.424],[9.4771,42.4213],[9.4811,42.4216],[9.4813,42.4187],[9.48,42.4167],[9.4755,42.4147],[9.4718,42.4108],[9.4688,42.4075],[9.4658,42.4054],[9.461,42.4036],[9.4493,42.4028],[9.4469,42.404]]]}},{"type":"Feature","properties":{"code":"2B213","nom":"Pianello","pop":53},"geometry":{"type":"Polygon","coordinates":[[[9.3681,42.3159],[9.3679,42.3132],[9.3773,42.3099],[9.381,42.307],[9.3794,42.3052],[9.3792,42.2996],[9.3806,42.2945],[9.376,42.2906],[9.3742,42.2818],[9.3718,42.2795],[9.3742,42.2776],[9.3739,42.2756],[9.3783,42.2732],[9.3696,42.2732],[9.3679,42.2721],[9.3624,42.2742],[9.3584,42.2726],[9.3542,42.2711],[9.3507,42.2749],[9.3486,42.2761],[9.3451,42.2758],[9.3412,42.2767],[9.3351,42.2799],[9.3343,42.2836],[9.3358,42.2937],[9.3378,42.2989],[9.3382,42.3018],[9.3385,42.311],[9.338,42.312],[9.3422,42.3201],[9.3414,42.3232],[9.3447,42.3285],[9.347,42.3297],[9.3493,42.3285],[9.3538,42.3276],[9.3544,42.3256],[9.3568,42.323],[9.3681,42.3159]]]}},{"type":"Feature","properties":{"code":"2B214","nom":"Piano","pop":17},"geometry":{"type":"Polygon","coordinates":[[[9.3971,42.4548],[9.4035,42.4517],[9.4087,42.4473],[9.4073,42.4442],[9.4031,42.442],[9.4044,42.4394],[9.4032,42.4351],[9.4052,42.4308],[9.4017,42.4278],[9.3967,42.4266],[9.3934,42.4326],[9.3914,42.4341],[9.3914,42.4366],[9.3841,42.4415],[9.3865,42.4464],[9.3917,42.4494],[9.3944,42.4506],[9.3971,42.4548]]]}},{"type":"Feature","properties":{"code":"2B216","nom":"Piazzali","pop":19},"geometry":{"type":"Polygon","coordinates":[[[9.4133,42.3179],[9.4094,42.3145],[9.4076,42.3161],[9.404,42.3166],[9.403,42.3152],[9.4024,42.3172],[9.4001,42.3197],[9.3966,42.3218],[9.4017,42.3222],[9.4051,42.3244],[9.4076,42.3247],[9.4132,42.3191],[9.4133,42.3179]]]}},{"type":"Feature","properties":{"code":"2B217","nom":"Piazzole","pop":50},"geometry":{"type":"Polygon","coordinates":[[[9.4243,42.3913],[9.4203,42.3852],[9.4125,42.3846],[9.4093,42.3851],[9.4052,42.3874],[9.4024,42.3915],[9.3931,42.3915],[9.3912,42.3901],[9.3882,42.3914],[9.3873,42.3919],[9.3893,42.3957],[9.3894,42.3979],[9.3895,42.401],[9.392,42.4045],[9.395,42.4026],[9.4021,42.4027],[9.4126,42.401],[9.4161,42.3996],[9.4187,42.3973],[9.4187,42.3959],[9.4243,42.3913]]]}},{"type":"Feature","properties":{"code":"2B218","nom":"Piedicorte-di-Gaggio","pop":114},"geometry":{"type":"Polygon","coordinates":[[[9.3552,42.1941],[9.3529,42.1941],[9.3505,42.1919],[9.3475,42.1913],[9.3465,42.1891],[9.3418,42.1872],[9.3413,42.1851],[9.3377,42.184],[9.3341,42.1798],[9.3294,42.1763],[9.3167,42.1805],[9.3122,42.187],[9.3087,42.1863],[9.3084,42.1886],[9.2958,42.1915],[9.2973,42.1963],[9.2964,42.1993],[9.2943,42.2005],[9.2918,42.1992],[9.2895,42.2025],[9.2924,42.2089],[9.295,42.21],[9.2981,42.2128],[9.299,42.2149],[9.3043,42.2154],[9.3069,42.2211],[9.3062,42.2254],[9.3088,42.2322],[9.3085,42.2373],[9.3072,42.2405],[9.3085,42.2429],[9.3114,42.2445],[9.3132,42.2527],[9.3124,42.2545],[9.3136,42.2574],[9.3179,42.2578],[9.3246,42.2563],[9.329,42.2566],[9.3311,42.2555],[9.3373,42.2526],[9.3386,42.2507],[9.344,42.247],[9.3415,42.2458],[9.3431,42.2387],[9.3395,42.2385],[9.3379,42.2362],[9.3412,42.2342],[9.3423,42.2254],[9.3418,42.2226],[9.3437,42.2204],[9.3477,42.2179],[9.3444,42.2132],[9.3431,42.2104],[9.3437,42.2069],[9.348,42.2062],[9.3497,42.2052],[9.3495,42.2027],[9.3437,42.1985],[9.344,42.1955],[9.3479,42.196],[9.3526,42.1977],[9.3546,42.1972],[9.3552,42.1941]]]}},{"type":"Feature","properties":{"code":"2B219","nom":"Piedicroce","pop":81},"geometry":{"type":"Polygon","coordinates":[[[9.3853,42.3991],[9.3855,42.3995],[9.3894,42.3979],[9.3893,42.3957],[9.3873,42.3919],[9.3882,42.3914],[9.3887,42.3901],[9.3824,42.3913],[9.3764,42.3897],[9.3745,42.3882],[9.3752,42.3866],[9.3733,42.3849],[9.3753,42.3835],[9.3718,42.3813],[9.3731,42.3786],[9.3717,42.3766],[9.3687,42.3751],[9.3695,42.3722],[9.3629,42.3727],[9.3604,42.3697],[9.3601,42.3721],[9.357,42.3764],[9.3569,42.3782],[9.352,42.3798],[9.3487,42.3802],[9.3446,42.3826],[9.3504,42.3832],[9.3574,42.3851],[9.3609,42.3872],[9.365,42.3879],[9.3692,42.3901],[9.3736,42.3902],[9.38,42.3937],[9.3827,42.3958],[9.3853,42.3991]]]}},{"type":"Feature","properties":{"code":"2B220","nom":"Piedigriggio","pop":164},"geometry":{"type":"Polygon","coordinates":[[[9.1498,42.452],[9.153,42.4527],[9.1569,42.455],[9.1569,42.4574],[9.1592,42.4584],[9.1606,42.4607],[9.1653,42.4638],[9.1701,42.461],[9.1729,42.4613],[9.1768,42.4593],[9.1752,42.4575],[9.1841,42.4571],[9.1894,42.4588],[9.1945,42.4572],[9.1983,42.4573],[9.2019,42.4556],[9.204,42.453],[9.1981,42.4473],[9.2014,42.445],[9.2035,42.4409],[9.2058,42.4382],[9.2081,42.4384],[9.2098,42.4344],[9.209,42.4332],[9.2073,42.4306],[9.2026,42.4274],[9.1952,42.4292],[9.193,42.4308],[9.1865,42.4324],[9.1802,42.435],[9.1767,42.4373],[9.1724,42.4379],[9.1693,42.4412],[9.1642,42.4415],[9.1562,42.4429],[9.1544,42.4484],[9.1498,42.452]]]}},{"type":"Feature","properties":{"code":"2B221","nom":"Piedipartino","pop":19},"geometry":{"type":"Polygon","coordinates":[[[9.3604,42.3697],[9.3631,42.3716],[9.3653,42.3714],[9.3618,42.3663],[9.3597,42.3652],[9.3568,42.3621],[9.3499,42.358],[9.3476,42.3555],[9.3481,42.3541],[9.3454,42.3515],[9.3443,42.3465],[9.3394,42.3422],[9.337,42.3436],[9.3338,42.3476],[9.3344,42.3536],[9.3331,42.3578],[9.3313,42.3598],[9.333,42.3598],[9.338,42.3637],[9.3435,42.3639],[9.3501,42.3664],[9.3556,42.3702],[9.3577,42.3692],[9.3604,42.3697]]]}},{"type":"Feature","properties":{"code":"2B222","nom":"Pie-d'Orezza","pop":35},"geometry":{"type":"Polygon","coordinates":[[[9.325,42.3767],[9.3234,42.3781],[9.3229,42.382],[9.3204,42.385],[9.3243,42.39],[9.327,42.3913],[9.3293,42.3853],[9.3338,42.3822],[9.3358,42.3834],[9.3397,42.3834],[9.3446,42.3826],[9.3487,42.3802],[9.352,42.3798],[9.3569,42.3782],[9.357,42.3764],[9.3601,42.3721],[9.3604,42.3697],[9.3577,42.3692],[9.3556,42.3702],[9.3501,42.3664],[9.3435,42.3639],[9.338,42.3637],[9.333,42.3598],[9.3313,42.3598],[9.3286,42.3626],[9.325,42.3672],[9.3256,42.3716],[9.3243,42.3736],[9.325,42.3767]]]}},{"type":"Feature","properties":{"code":"2B223","nom":"Pietralba","pop":507},"geometry":{"type":"Polygon","coordinates":[[[9.2287,42.5491],[9.2251,42.5468],[9.225,42.5432],[9.2272,42.5397],[9.2246,42.5375],[9.2236,42.5296],[9.222,42.5282],[9.22,42.5218],[9.2223,42.5192],[9.2215,42.5177],[9.2168,42.5161],[9.2058,42.5168],[9.2024,42.5153],[9.1984,42.5104],[9.1929,42.5063],[9.1899,42.5089],[9.1831,42.5103],[9.1808,42.5101],[9.1781,42.5078],[9.1748,42.5103],[9.1745,42.5128],[9.1721,42.5155],[9.1686,42.5162],[9.1677,42.52],[9.1655,42.5199],[9.1653,42.5223],[9.1575,42.5244],[9.1587,42.5287],[9.1555,42.5284],[9.1564,42.5313],[9.1537,42.5318],[9.1495,42.5309],[9.145,42.5368],[9.1414,42.5377],[9.1439,42.5398],[9.1384,42.5417],[9.1394,42.5437],[9.1372,42.5469],[9.1323,42.5459],[9.1302,42.5532],[9.1339,42.559],[9.127,42.5602],[9.1268,42.5613],[9.1287,42.5641],[9.1338,42.5699],[9.1453,42.5664],[9.1512,42.5625],[9.156,42.5612],[9.1588,42.5585],[9.1602,42.5617],[9.1636,42.5647],[9.166,42.5622],[9.1709,42.563],[9.1741,42.5624],[9.1775,42.5634],[9.1888,42.5689],[9.1957,42.5732],[9.2009,42.5727],[9.2074,42.576],[9.2123,42.5791],[9.2147,42.5757],[9.2157,42.5724],[9.2154,42.5671],[9.2138,42.5639],[9.2184,42.5607],[9.22,42.5604],[9.2233,42.5579],[9.2221,42.5545],[9.2225,42.552],[9.2258,42.5495],[9.2287,42.5491]]]}},{"type":"Feature","properties":{"code":"2B224","nom":"Pietracorbara","pop":652},"geometry":{"type":"Polygon","coordinates":[[[9.4871,42.8269],[9.472,42.8277],[9.4574,42.8282],[9.4357,42.8291],[9.4092,42.8305],[9.3851,42.8349],[9.3868,42.8401],[9.3884,42.843],[9.3915,42.8451],[9.3943,42.8477],[9.3939,42.8518],[9.3957,42.8547],[9.4011,42.8592],[9.4019,42.8613],[9.4038,42.8627],[9.4076,42.8635],[9.4104,42.8632],[9.416,42.8649],[9.4253,42.8624],[9.4294,42.8606],[9.4429,42.8606],[9.4494,42.8594],[9.4493,42.8579],[9.4582,42.8583],[9.4681,42.8598],[9.4701,42.8608],[9.4801,42.8604],[9.4832,42.8561],[9.4856,42.8512],[9.4839,42.8502],[9.4829,42.8477],[9.4828,42.8439],[9.4839,42.842],[9.4808,42.8408],[9.4799,42.8378],[9.4829,42.8364],[9.4857,42.8337],[9.4846,42.831],[9.4871,42.8269]]]}},{"type":"Feature","properties":{"code":"2B225","nom":"Pietra-di-Verde","pop":102},"geometry":{"type":"Polygon","coordinates":[[[9.4212,42.2888],[9.4209,42.291],[9.4238,42.2935],[9.424,42.2967],[9.4254,42.2983],[9.4255,42.3011],[9.4284,42.3017],[9.4409,42.3018],[9.4413,42.3064],[9.4427,42.3086],[9.4464,42.3084],[9.4481,42.3098],[9.4504,42.3085],[9.4555,42.3074],[9.4647,42.3034],[9.4658,42.3011],[9.4677,42.2999],[9.4667,42.2966],[9.4576,42.2883],[9.456,42.2854],[9.4577,42.2846],[9.4476,42.2789],[9.4466,42.2738],[9.444,42.2698],[9.4399,42.2758],[9.436,42.2778],[9.4314,42.2819],[9.4304,42.2823],[9.4279,42.2871],[9.4212,42.2888]]]}},{"type":"Feature","properties":{"code":"2B226","nom":"Pietraserena","pop":62},"geometry":{"type":"Polygon","coordinates":[[[9.3815,42.2342],[9.381,42.23],[9.3777,42.2284],[9.3706,42.2282],[9.3654,42.2254],[9.3641,42.2237],[9.3635,42.2224],[9.3583,42.2214],[9.3504,42.2179],[9.3477,42.2179],[9.3437,42.2204],[9.3418,42.2226],[9.3423,42.2254],[9.3412,42.2342],[9.3379,42.2362],[9.3395,42.2385],[9.3431,42.2387],[9.3415,42.2458],[9.344,42.247],[9.3386,42.2507],[9.3448,42.2512],[9.3502,42.2505],[9.356,42.2485],[9.3571,42.2451],[9.3601,42.2451],[9.3611,42.2395],[9.3647,42.2387],[9.3659,42.2363],[9.3737,42.2347],[9.3793,42.232],[9.3815,42.2342]]]}},{"type":"Feature","properties":{"code":"2B227","nom":"Pietricaggio","pop":32},"geometry":{"type":"Polygon","coordinates":[[[9.3681,42.3159],[9.3568,42.323],[9.3544,42.3256],[9.3538,42.3276],[9.3579,42.3281],[9.3656,42.3329],[9.3735,42.3384],[9.3791,42.3402],[9.3838,42.3394],[9.3867,42.3408],[9.3897,42.3399],[9.3949,42.3375],[9.3945,42.3353],[9.3978,42.3327],[9.4024,42.3318],[9.3991,42.3304],[9.397,42.3309],[9.3928,42.3297],[9.3933,42.3273],[9.3907,42.3272],[9.3861,42.3252],[9.3849,42.3234],[9.3806,42.3235],[9.3724,42.3188],[9.3681,42.3159]]]}},{"type":"Feature","properties":{"code":"2B229","nom":"Pietroso","pop":334},"geometry":{"type":"Polygon","coordinates":[[[9.3897,42.083],[9.3825,42.0863],[9.3789,42.0887],[9.368,42.0932],[9.3589,42.0952],[9.3515,42.0981],[9.3489,42.1003],[9.3445,42.1009],[9.3424,42.1028],[9.3363,42.1046],[9.335,42.1063],[9.3057,42.1076],[9.3015,42.1081],[9.2901,42.1083],[9.2867,42.1099],[9.2802,42.1102],[9.2791,42.113],[9.2774,42.1238],[9.2689,42.1265],[9.2606,42.1272],[9.258,42.1315],[9.2541,42.1354],[9.2517,42.1367],[9.2509,42.1414],[9.2507,42.1435],[9.2535,42.1451],[9.2516,42.1495],[9.2486,42.1531],[9.2488,42.1547],[9.2545,42.1584],[9.2574,42.1613],[9.2679,42.1677],[9.272,42.1694],[9.2747,42.1664],[9.2765,42.1659],[9.2767,42.162],[9.2795,42.1573],[9.2816,42.1512],[9.2838,42.149],[9.2864,42.1485],[9.2873,42.1463],[9.2944,42.1414],[9.2937,42.1402],[9.2971,42.1391],[9.3036,42.1344],[9.3033,42.1329],[9.3071,42.1317],[9.3068,42.1295],[9.3096,42.1249],[9.3129,42.1219],[9.3177,42.1185],[9.3203,42.1188],[9.3213,42.1172],[9.325,42.1153],[9.329,42.1142],[9.3349,42.117],[9.3395,42.1144],[9.3435,42.111],[9.3432,42.1088],[9.3453,42.1072],[9.3558,42.106],[9.3605,42.1037],[9.3637,42.1032],[9.3633,42.1],[9.3678,42.0996],[9.3682,42.1013],[9.3731,42.102],[9.3789,42.1048],[9.3833,42.1049],[9.3897,42.083]]]}},{"type":"Feature","properties":{"code":"2B230","nom":"Piève","pop":115},"geometry":{"type":"Polygon","coordinates":[[[9.2975,42.6142],[9.2991,42.6153],[9.2958,42.6169],[9.2923,42.6202],[9.2899,42.6212],[9.2884,42.6245],[9.2853,42.6257],[9.2849,42.6284],[9.2864,42.6308],[9.2826,42.6344],[9.2772,42.6378],[9.277,42.6402],[9.2742,42.6404],[9.2717,42.6425],[9.2644,42.6523],[9.2673,42.6537],[9.2758,42.656],[9.2812,42.6521],[9.2819,42.6464],[9.2851,42.6452],[9.2868,42.6421],[9.2929,42.6289],[9.2996,42.6227],[9.3016,42.6195],[9.3014,42.6172],[9.3054,42.6169],[9.3057,42.6146],[9.309,42.6103],[9.3061,42.6072],[9.3053,42.6041],[9.3027,42.6002],[9.2961,42.5971],[9.2944,42.5936],[9.2959,42.5912],[9.2934,42.586],[9.2976,42.5798],[9.2992,42.58],[9.2998,42.5755],[9.3019,42.5742],[9.2999,42.5681],[9.3008,42.5669],[9.2932,42.563],[9.2933,42.5573],[9.2952,42.5563],[9.2944,42.5523],[9.291,42.5517],[9.2897,42.5493],[9.2847,42.551],[9.2837,42.5497],[9.2805,42.5509],[9.2767,42.5513],[9.2694,42.5509],[9.2621,42.5526],[9.26,42.5553],[9.254,42.555],[9.2456,42.5552],[9.2425,42.5566],[9.2351,42.5551],[9.2338,42.5511],[9.2287,42.5491],[9.2258,42.5495],[9.2225,42.552],[9.2221,42.5545],[9.2233,42.5579],[9.22,42.5604],[9.2247,42.5598],[9.2284,42.5607],[9.2324,42.5597],[9.2345,42.561],[9.2384,42.5604],[9.245,42.5621],[9.2463,42.5633],[9.2507,42.5619],[9.2643,42.5699],[9.2675,42.5709],[9.2695,42.5728],[9.2725,42.5733],[9.2777,42.5774],[9.2818,42.5797],[9.283,42.5811],[9.2795,42.5893],[9.2799,42.5917],[9.2825,42.5944],[9.2826,42.5965],[9.2838,42.5991],[9.2872,42.601],[9.2885,42.6034],[9.292,42.6045],[9.2975,42.6142]]]}},{"type":"Feature","properties":{"code":"2B231","nom":"Pigna","pop":128},"geometry":{"type":"Polygon","coordinates":[[[8.8946,42.5946],[8.8918,42.5951],[8.8899,42.5994],[8.8864,42.5995],[8.885,42.6015],[8.8858,42.6031],[8.8814,42.6043],[8.8812,42.6074],[8.8839,42.6076],[8.8903,42.6047],[8.8933,42.6053],[8.8943,42.604],[8.9,42.6025],[8.9065,42.5999],[8.9085,42.6014],[8.9126,42.6022],[8.9189,42.6023],[8.9167,42.5985],[8.9148,42.5965],[8.9118,42.5952],[8.904,42.5937],[8.9005,42.595],[8.8972,42.5939],[8.8946,42.5946]]]}},{"type":"Feature","properties":{"code":"2B233","nom":"Pino","pop":148},"geometry":{"type":"Polygon","coordinates":[[[9.377,42.9115],[9.3744,42.9081],[9.3735,42.9056],[9.3654,42.9011],[9.3626,42.897],[9.361,42.8934],[9.3609,42.8896],[9.3581,42.889],[9.3505,42.8922],[9.3426,42.8947],[9.3404,42.8983],[9.3363,42.8971],[9.3307,42.8984],[9.3264,42.9013],[9.3293,42.9038],[9.3357,42.9068],[9.3379,42.9085],[9.3441,42.9107],[9.3439,42.9124],[9.349,42.9132],[9.3506,42.9158],[9.355,42.9167],[9.3551,42.9201],[9.3574,42.9234],[9.3597,42.9232],[9.3594,42.9213],[9.3613,42.9187],[9.37,42.9162],[9.3712,42.9149],[9.377,42.9115]]]}},{"type":"Feature","properties":{"code":"2B234","nom":"Piobetta","pop":20},"geometry":{"type":"Polygon","coordinates":[[[9.3922,42.3539],[9.3943,42.3507],[9.3914,42.3463],[9.3881,42.3448],[9.3876,42.3419],[9.3897,42.3399],[9.3867,42.3408],[9.3838,42.3394],[9.3791,42.3402],[9.3735,42.3384],[9.3656,42.3329],[9.3579,42.3281],[9.3538,42.3276],[9.3493,42.3285],[9.347,42.3297],[9.3469,42.335],[9.3442,42.3392],[9.3554,42.3439],[9.3567,42.3451],[9.3645,42.3451],[9.3662,42.3461],[9.3731,42.347],[9.3815,42.349],[9.3858,42.3525],[9.3922,42.3539]]]}},{"type":"Feature","properties":{"code":"2B235","nom":"Pioggiola","pop":87},"geometry":{"type":"Polygon","coordinates":[[[9.006,42.5284],[9.0059,42.5275],[9.0011,42.5239],[9.0005,42.5208],[9.0017,42.5169],[8.9976,42.5161],[8.9914,42.517],[8.9887,42.5158],[8.983,42.5164],[8.9888,42.5105],[8.9912,42.5089],[8.9896,42.5077],[8.9809,42.5059],[8.9771,42.5043],[8.9728,42.5051],[8.9569,42.5065],[8.9506,42.5049],[8.9491,42.5038],[8.9447,42.5027],[8.9408,42.4978],[8.9345,42.4962],[8.9307,42.4917],[8.9273,42.4908],[8.9216,42.4918],[8.9198,42.4972],[8.9189,42.498],[8.9225,42.5011],[8.9242,42.5037],[8.9284,42.5067],[8.9309,42.5097],[8.9378,42.5126],[8.9396,42.5159],[8.9477,42.5163],[8.9558,42.5157],[8.9618,42.518],[8.9639,42.5195],[8.9638,42.5251],[8.9658,42.5283],[8.9658,42.5309],[8.9688,42.5319],[8.9719,42.5342],[8.9737,42.5378],[8.9784,42.5401],[8.9847,42.5404],[8.9889,42.5432],[8.9917,42.5459],[8.9962,42.547],[8.9985,42.5486],[8.9983,42.5519],[9.0077,42.554],[9.0082,42.5594],[9.0165,42.5522],[9.0201,42.5519],[9.017,42.5496],[9.0161,42.5469],[9.0107,42.5399],[9.0094,42.5353],[9.0066,42.5331],[9.006,42.5284]]]}},{"type":"Feature","properties":{"code":"2B236","nom":"Poggio-di-Nazza","pop":187},"geometry":{"type":"Polygon","coordinates":[[[9.3666,42.0347],[9.3616,42.0367],[9.3549,42.0351],[9.349,42.0362],[9.3468,42.0375],[9.3417,42.0374],[9.3357,42.0391],[9.3335,42.0373],[9.331,42.0374],[9.3284,42.0353],[9.3249,42.035],[9.321,42.0374],[9.3192,42.0376],[9.3163,42.0358],[9.3141,42.0379],[9.3122,42.0375],[9.3098,42.0347],[9.3064,42.0349],[9.3053,42.0324],[9.3019,42.0315],[9.2936,42.033],[9.2888,42.0361],[9.2856,42.0358],[9.2795,42.0342],[9.2743,42.0368],[9.2728,42.0388],[9.2692,42.0389],[9.2634,42.0431],[9.2589,42.0457],[9.2544,42.0464],[9.2503,42.0478],[9.2476,42.0476],[9.2417,42.0485],[9.2404,42.0474],[9.236,42.0477],[9.2303,42.0464],[9.2277,42.0447],[9.2298,42.0516],[9.2293,42.0548],[9.2269,42.058],[9.2299,42.0592],[9.2318,42.0625],[9.2371,42.0664],[9.2386,42.0746],[9.2404,42.075],[9.2485,42.0737],[9.2537,42.0716],[9.2565,42.0714],[9.258,42.0726],[9.265,42.0724],[9.2705,42.0749],[9.2755,42.0764],[9.2822,42.0725],[9.2838,42.0723],[9.286,42.0685],[9.2925,42.0698],[9.3101,42.0625],[9.3166,42.0606],[9.3371,42.0589],[9.3415,42.0576],[9.348,42.0545],[9.3506,42.0505],[9.3536,42.0497],[9.3582,42.0503],[9.3623,42.0464],[9.367,42.0489],[9.3675,42.0473],[9.3723,42.0446],[9.3719,42.0424],[9.3692,42.0428],[9.3662,42.0409],[9.3677,42.0383],[9.3666,42.0347]]]}},{"type":"Feature","properties":{"code":"2B238","nom":"Poggio-di-Venaco","pop":211},"geometry":{"type":"Polygon","coordinates":[[[9.228,42.2498],[9.2248,42.2513],[9.2203,42.2485],[9.2173,42.2492],[9.2133,42.2484],[9.2122,42.2494],[9.2121,42.2529],[9.2131,42.2544],[9.2067,42.2565],[9.2004,42.2553],[9.1964,42.2562],[9.194,42.2551],[9.1895,42.2552],[9.1855,42.2542],[9.1851,42.2568],[9.1821,42.2567],[9.1784,42.2565],[9.1753,42.2599],[9.174,42.2626],[9.1778,42.2677],[9.1776,42.2736],[9.1801,42.2751],[9.1887,42.2778],[9.1937,42.2805],[9.204,42.2815],[9.2094,42.2789],[9.2115,42.2805],[9.208,42.2839],[9.2055,42.2847],[9.2055,42.2864],[9.2083,42.2879],[9.2127,42.2879],[9.2154,42.289],[9.2183,42.2885],[9.2229,42.2894],[9.223,42.2862],[9.225,42.2853],[9.2302,42.2798],[9.2307,42.278],[9.2356,42.2765],[9.2339,42.2734],[9.2297,42.2725],[9.2287,42.2692],[9.2247,42.2628],[9.2256,42.2575],[9.2249,42.2549],[9.228,42.2498]]]}},{"type":"Feature","properties":{"code":"2B239","nom":"Poggio-d'Oletta","pop":215},"geometry":{"type":"Polygon","coordinates":[[[9.3821,42.6675],[9.38,42.666],[9.3796,42.6624],[9.3803,42.6582],[9.3832,42.6532],[9.3841,42.6499],[9.386,42.6479],[9.3854,42.6431],[9.3893,42.6406],[9.3922,42.6378],[9.3885,42.6368],[9.3842,42.6344],[9.3742,42.6335],[9.3698,42.6353],[9.3659,42.6336],[9.3647,42.6351],[9.3591,42.6367],[9.3547,42.6389],[9.3539,42.6417],[9.3513,42.6448],[9.349,42.6463],[9.3468,42.646],[9.3435,42.65],[9.3397,42.6527],[9.3388,42.6559],[9.3365,42.6585],[9.332,42.66],[9.3318,42.661],[9.3226,42.6654],[9.3209,42.6679],[9.3236,42.6701],[9.3256,42.6716],[9.3323,42.6746],[9.3342,42.675],[9.3376,42.6781],[9.3474,42.6754],[9.3647,42.6748],[9.3702,42.6728],[9.3756,42.6716],[9.3767,42.6697],[9.3803,42.6692],[9.3821,42.6675]]]}},{"type":"Feature","properties":{"code":"2B241","nom":"Poggio-Marinaccio","pop":38},"geometry":{"type":"Polygon","coordinates":[[[9.3265,42.4353],[9.3246,42.4389],[9.3276,42.4439],[9.334,42.4402],[9.3367,42.437],[9.3463,42.4395],[9.3499,42.439],[9.3561,42.44],[9.3588,42.441],[9.3602,42.4435],[9.3618,42.4404],[9.3626,42.4365],[9.3665,42.4369],[9.37,42.4381],[9.3732,42.4384],[9.3739,42.437],[9.3686,42.4333],[9.3652,42.4339],[9.3627,42.4315],[9.3568,42.4314],[9.3463,42.4327],[9.3444,42.432],[9.331,42.4322],[9.3265,42.4353]]]}},{"type":"Feature","properties":{"code":"2B242","nom":"Poggio-Mezzana","pop":885},"geometry":{"type":"Polygon","coordinates":[[[9.4879,42.3896],[9.4886,42.3924],[9.4876,42.3937],[9.4881,42.3968],[9.4859,42.402],[9.491,42.4042],[9.4935,42.4059],[9.4925,42.4086],[9.4988,42.4103],[9.5097,42.4099],[9.5119,42.4115],[9.5129,42.4161],[9.5184,42.4154],[9.5234,42.4127],[9.5261,42.4132],[9.529,42.4149],[9.5309,42.413],[9.5382,42.4116],[9.5354,42.394],[9.5322,42.3936],[9.5274,42.3955],[9.5229,42.395],[9.5143,42.393],[9.5112,42.3943],[9.5115,42.3902],[9.5054,42.3894],[9.5043,42.3877],[9.5011,42.3884],[9.4981,42.3858],[9.4888,42.3891],[9.4879,42.3896]]]}},{"type":"Feature","properties":{"code":"2B243","nom":"Polveroso","pop":31},"geometry":{"type":"Polygon","coordinates":[[[9.3853,42.3991],[9.3832,42.3979],[9.3751,42.397],[9.3695,42.3955],[9.3673,42.396],[9.3622,42.3965],[9.3567,42.4002],[9.3516,42.4016],[9.3458,42.4012],[9.3419,42.4026],[9.3395,42.4022],[9.34,42.4044],[9.3425,42.4052],[9.349,42.4059],[9.3502,42.4067],[9.3575,42.4061],[9.3622,42.404],[9.3657,42.4043],[9.3699,42.4013],[9.3813,42.4001],[9.3835,42.3988],[9.3855,42.3995],[9.3853,42.3991]]]}},{"type":"Feature","properties":{"code":"2B244","nom":"Popolasca","pop":41},"geometry":{"type":"Polygon","coordinates":[[[9.1498,42.452],[9.1544,42.4484],[9.1562,42.4429],[9.1642,42.4415],[9.1624,42.4394],[9.1575,42.4399],[9.1583,42.4352],[9.1604,42.4334],[9.1586,42.4315],[9.1574,42.4274],[9.1558,42.4253],[9.1517,42.4246],[9.1475,42.4222],[9.1445,42.4225],[9.1388,42.4256],[9.1338,42.4275],[9.1287,42.4264],[9.1246,42.4269],[9.1169,42.4267],[9.114,42.4276],[9.1129,42.4302],[9.1071,42.4301],[9.1054,42.4339],[9.1021,42.4367],[9.1015,42.4399],[9.1113,42.4406],[9.1137,42.4396],[9.1193,42.4417],[9.1206,42.4435],[9.1206,42.4478],[9.1277,42.4496],[9.1317,42.4521],[9.135,42.4519],[9.1398,42.4537],[9.1429,42.4514],[9.1498,42.452]]]}},{"type":"Feature","properties":{"code":"2B245","nom":"Porri","pop":44},"geometry":{"type":"Polygon","coordinates":[[[9.436,42.4607],[9.4408,42.4594],[9.4454,42.4589],[9.4508,42.4546],[9.4608,42.45],[9.4622,42.4461],[9.4594,42.4495],[9.4564,42.448],[9.4576,42.4445],[9.4535,42.4455],[9.4512,42.4442],[9.4545,42.4425],[9.4513,42.4409],[9.4528,42.4373],[9.4486,42.4363],[9.4458,42.4392],[9.4422,42.4387],[9.4399,42.4402],[9.435,42.4408],[9.4336,42.4407],[9.4269,42.4496],[9.4265,42.4518],[9.4279,42.4566],[9.4316,42.4587],[9.4324,42.4603],[9.436,42.4607]]]}},{"type":"Feature","properties":{"code":"2B246","nom":"La Porta","pop":187},"geometry":{"type":"Polygon","coordinates":[[[9.3752,42.4382],[9.3757,42.4402],[9.3785,42.4424],[9.3829,42.4429],[9.3841,42.4415],[9.3914,42.4366],[9.3914,42.4341],[9.3934,42.4326],[9.3967,42.4266],[9.3944,42.4268],[9.388,42.4294],[9.384,42.4294],[9.381,42.4305],[9.3768,42.4334],[9.37,42.4322],[9.3644,42.4293],[9.3603,42.4248],[9.3618,42.4195],[9.3637,42.4181],[9.3617,42.4171],[9.3574,42.418],[9.3453,42.4131],[9.3378,42.4117],[9.3236,42.4113],[9.3267,42.4168],[9.3269,42.417],[9.3308,42.4207],[9.3327,42.4215],[9.3392,42.4227],[9.3479,42.4232],[9.3519,42.4251],[9.3538,42.4273],[9.3556,42.4268],[9.3577,42.4293],[9.3641,42.431],[9.3656,42.4321],[9.3762,42.4339],[9.3767,42.4358],[9.3752,42.4382]]]}},{"type":"Feature","properties":{"code":"2B248","nom":"Prato-di-Giovellina","pop":52},"geometry":{"type":"Polygon","coordinates":[[[9.1518,42.3955],[9.1503,42.3992],[9.1487,42.3998],[9.1501,42.4029],[9.1506,42.4079],[9.1491,42.4135],[9.15,42.4156],[9.1497,42.4201],[9.1475,42.4222],[9.1517,42.4246],[9.1558,42.4253],[9.1574,42.4274],[9.1586,42.4315],[9.1604,42.4334],[9.1583,42.4352],[9.1575,42.4399],[9.1624,42.4394],[9.1642,42.4415],[9.1693,42.4412],[9.1724,42.4379],[9.1767,42.4373],[9.1802,42.435],[9.1865,42.4324],[9.193,42.4308],[9.1952,42.4292],[9.2026,42.4274],[9.1986,42.4212],[9.1898,42.4221],[9.1877,42.4192],[9.1791,42.4122],[9.1773,42.4114],[9.1776,42.4078],[9.1741,42.401],[9.1686,42.4],[9.1665,42.3975],[9.1649,42.3942],[9.1625,42.3972],[9.1605,42.3957],[9.1569,42.3961],[9.1518,42.3955]]]}},{"type":"Feature","properties":{"code":"2B250","nom":"Prunelli-di-Casacconi","pop":151},"geometry":{"type":"Polygon","coordinates":[[[9.3837,42.4998],[9.3805,42.5029],[9.3798,42.5061],[9.3814,42.5084],[9.3849,42.51],[9.3857,42.5051],[9.388,42.504],[9.3933,42.5043],[9.3964,42.5074],[9.3959,42.5102],[9.3965,42.5144],[9.3949,42.5181],[9.3965,42.5184],[9.4031,42.5157],[9.4046,42.5181],[9.4011,42.5215],[9.4039,42.5224],[9.4101,42.5228],[9.4114,42.5255],[9.4146,42.5253],[9.4199,42.5185],[9.4233,42.5185],[9.4259,42.5207],[9.4272,42.5192],[9.4276,42.5161],[9.4288,42.5141],[9.4259,42.5111],[9.4231,42.5108],[9.4185,42.5059],[9.4145,42.5034],[9.4118,42.5063],[9.4068,42.5059],[9.4056,42.4999],[9.4023,42.4983],[9.3996,42.4939],[9.3976,42.493],[9.3952,42.496],[9.3888,42.4969],[9.3855,42.4995],[9.3837,42.4998]]]}},{"type":"Feature","properties":{"code":"2B251","nom":"Prunelli-di-Fiumorbo","pop":3880},"geometry":{"type":"Polygon","coordinates":[[[9.3239,41.9963],[9.317,41.9968],[9.3142,41.9985],[9.3121,42.0013],[9.3117,42.0045],[9.3142,42.0098],[9.3124,42.0119],[9.3099,42.0121],[9.308,42.0149],[9.3104,42.0175],[9.3102,42.0194],[9.3123,42.0215],[9.3105,42.0226],[9.3105,42.0248],[9.3143,42.0272],[9.3129,42.0283],[9.3138,42.0327],[9.3163,42.0358],[9.3192,42.0376],[9.321,42.0374],[9.3249,42.035],[9.3284,42.0353],[9.331,42.0374],[9.3335,42.0373],[9.3357,42.0391],[9.3417,42.0374],[9.3468,42.0375],[9.349,42.0362],[9.3549,42.0351],[9.3616,42.0367],[9.3666,42.0347],[9.3687,42.031],[9.3678,42.0274],[9.3727,42.0241],[9.3742,42.0217],[9.3798,42.0169],[9.3826,42.0169],[9.3861,42.0153],[9.3911,42.0147],[9.3928,42.0128],[9.3972,42.01],[9.4011,42.0086],[9.408,42.0092],[9.411,42.0056],[9.4146,42.0079],[9.4179,42.0063],[9.4236,42.0001],[9.4265,41.9991],[9.4292,41.9955],[9.4312,41.9969],[9.4375,41.9924],[9.4389,41.9901],[9.4418,41.9898],[9.4398,41.9878],[9.4317,41.9817],[9.428,41.9804],[9.4272,41.9783],[9.4226,41.9776],[9.4193,41.9748],[9.4167,41.9762],[9.4123,41.9767],[9.4074,41.9759],[9.4054,41.9764],[9.3984,41.976],[9.3955,41.9775],[9.3922,41.9778],[9.3907,41.9797],[9.3916,41.9818],[9.3878,41.9845],[9.3843,41.9844],[9.3835,41.9899],[9.384,41.9922],[9.3797,41.994],[9.377,41.9973],[9.3721,42.0008],[9.3695,42.0001],[9.3656,41.9972],[9.3597,41.9947],[9.3556,41.9963],[9.3456,41.9947],[9.3408,41.9979],[9.3366,41.9981],[9.3318,41.997],[9.3303,41.9938],[9.3268,41.9943],[9.3239,41.9963]]]}},{"type":"Feature","properties":{"code":"2B252","nom":"Pruno","pop":180},"geometry":{"type":"Polygon","coordinates":[[[9.4622,42.4461],[9.4619,42.4429],[9.4579,42.4394],[9.4612,42.4336],[9.4628,42.4328],[9.4619,42.4303],[9.4626,42.4274],[9.4619,42.4256],[9.4592,42.4244],[9.4564,42.417],[9.453,42.4125],[9.4509,42.4112],[9.4469,42.404],[9.4401,42.4066],[9.4392,42.4077],[9.4343,42.412],[9.4323,42.4157],[9.4325,42.4188],[9.4347,42.4223],[9.4342,42.4247],[9.4318,42.4264],[9.4355,42.4296],[9.4398,42.43],[9.4439,42.429],[9.4452,42.4324],[9.4486,42.4363],[9.4528,42.4373],[9.4513,42.4409],[9.4545,42.4425],[9.4512,42.4442],[9.4535,42.4455],[9.4576,42.4445],[9.4564,42.448],[9.4594,42.4495],[9.4622,42.4461]]]}},{"type":"Feature","properties":{"code":"2B255","nom":"Quercitello","pop":53},"geometry":{"type":"Polygon","coordinates":[[[9.3732,42.4384],[9.3752,42.4382],[9.3767,42.4358],[9.3762,42.4339],[9.3656,42.4321],[9.3641,42.431],[9.3577,42.4293],[9.3556,42.4268],[9.3538,42.4273],[9.3519,42.4251],[9.3479,42.4232],[9.3392,42.4227],[9.3327,42.4215],[9.3308,42.4207],[9.3269,42.417],[9.3256,42.4291],[9.3265,42.4304],[9.3265,42.4353],[9.331,42.4322],[9.3444,42.432],[9.3463,42.4327],[9.3568,42.4314],[9.3627,42.4315],[9.3652,42.4339],[9.3686,42.4333],[9.3739,42.437],[9.3732,42.4384]]]}},{"type":"Feature","properties":{"code":"2B256","nom":"Rapaggio","pop":32},"geometry":{"type":"Polygon","coordinates":[[[9.3936,42.3727],[9.3918,42.3701],[9.3916,42.3678],[9.3895,42.3658],[9.3842,42.366],[9.3811,42.365],[9.3791,42.3652],[9.3767,42.366],[9.3752,42.3694],[9.3776,42.3708],[9.3757,42.3739],[9.3764,42.3796],[9.3801,42.3825],[9.379,42.3849],[9.3814,42.3869],[9.3866,42.3887],[9.3882,42.3805],[9.3913,42.3762],[9.3942,42.3745],[9.3936,42.3727]]]}},{"type":"Feature","properties":{"code":"2B257","nom":"Rapale","pop":162},"geometry":{"type":"Polygon","coordinates":[[[9.3159,42.5994],[9.3162,42.5962],[9.3142,42.5935],[9.3141,42.5917],[9.3123,42.5886],[9.3138,42.5861],[9.3125,42.5839],[9.3071,42.5797],[9.3045,42.5793],[9.3029,42.5777],[9.3034,42.5755],[9.3019,42.5742],[9.2998,42.5755],[9.2992,42.58],[9.2976,42.5798],[9.2934,42.586],[9.2959,42.5912],[9.2944,42.5936],[9.2961,42.5971],[9.3027,42.6002],[9.3053,42.6041],[9.3061,42.6072],[9.309,42.6103],[9.3057,42.6146],[9.3054,42.6169],[9.3014,42.6172],[9.3016,42.6195],[9.2996,42.6227],[9.2929,42.6289],[9.2868,42.6421],[9.2851,42.6452],[9.2819,42.6464],[9.2812,42.6521],[9.2758,42.656],[9.2673,42.6537],[9.2644,42.6523],[9.2634,42.6562],[9.2615,42.6593],[9.2615,42.6614],[9.2652,42.6629],[9.2659,42.6665],[9.2726,42.6664],[9.2799,42.6645],[9.283,42.6625],[9.2883,42.6538],[9.2887,42.6517],[9.287,42.6497],[9.2888,42.6459],[9.2925,42.6451],[9.2952,42.6434],[9.2973,42.6385],[9.2964,42.6343],[9.2966,42.6314],[9.3017,42.6319],[9.303,42.6294],[9.3017,42.6268],[9.3036,42.6258],[9.3045,42.6225],[9.3114,42.6183],[9.3155,42.6163],[9.3149,42.6143],[9.318,42.6119],[9.3194,42.609],[9.3218,42.6073],[9.3206,42.6026],[9.3165,42.601],[9.3159,42.5994]]]}},{"type":"Feature","properties":{"code":"2B260","nom":"Riventosa","pop":145},"geometry":{"type":"Polygon","coordinates":[[[9.2292,42.2406],[9.2274,42.2411],[9.223,42.2404],[9.219,42.2429],[9.2133,42.2404],[9.211,42.2402],[9.2101,42.2422],[9.2075,42.2416],[9.2014,42.2422],[9.198,42.2434],[9.1919,42.2415],[9.19,42.2403],[9.1863,42.2403],[9.1776,42.2441],[9.1779,42.2482],[9.177,42.2505],[9.18,42.2524],[9.1823,42.255],[9.1821,42.2567],[9.1851,42.2568],[9.1855,42.2542],[9.1895,42.2552],[9.194,42.2551],[9.1964,42.2562],[9.2004,42.2553],[9.2067,42.2565],[9.2131,42.2544],[9.2121,42.2529],[9.2122,42.2494],[9.2133,42.2484],[9.2173,42.2492],[9.2203,42.2485],[9.2248,42.2513],[9.228,42.2498],[9.2324,42.2498],[9.235,42.2469],[9.2338,42.244],[9.2292,42.2406]]]}},{"type":"Feature","properties":{"code":"2B261","nom":"Rogliano","pop":530},"geometry":{"type":"Polygon","coordinates":[[[9.4045,43.0057],[9.4111,43.0058],[9.4146,43.0069],[9.4157,43.0093],[9.4183,43.011],[9.4226,43.0116],[9.424,43.0094],[9.4287,43.0087],[9.4299,43.0066],[9.4296,43.0036],[9.4354,43.0016],[9.4363,43.0006],[9.4411,43.0011],[9.4448,42.9964],[9.4436,42.9935],[9.4474,42.9934],[9.449,42.9913],[9.4546,42.9878],[9.4564,42.9881],[9.4636,42.9866],[9.461,42.9829],[9.4617,42.9807],[9.4606,42.9779],[9.4588,42.9765],[9.4551,42.9756],[9.4541,42.9736],[9.4577,42.966],[9.4535,42.9663],[9.4521,42.965],[9.4516,42.9619],[9.4553,42.9568],[9.4517,42.9562],[9.4488,42.9547],[9.4441,42.9546],[9.4339,42.9521],[9.4306,42.9484],[9.4267,42.947],[9.4253,42.9403],[9.4207,42.9382],[9.4188,42.9385],[9.4153,42.937],[9.41,42.9362],[9.4061,42.938],[9.4025,42.9386],[9.4004,42.9387],[9.3969,42.9446],[9.3928,42.9449],[9.3936,42.9466],[9.3934,42.9488],[9.3967,42.9513],[9.3932,42.9537],[9.3933,42.9581],[9.4011,42.9661],[9.4093,42.9767],[9.4147,42.9796],[9.4129,42.9827],[9.4134,42.984],[9.4113,42.9865],[9.4131,42.9882],[9.4111,42.9954],[9.4049,43.002],[9.4045,43.0057]]]}},{"type":"Feature","properties":{"code":"2B263","nom":"Rospigliani","pop":70},"geometry":{"type":"Polygon","coordinates":[[[9.2418,42.2182],[9.2429,42.2178],[9.2472,42.2125],[9.2507,42.21],[9.2532,42.2071],[9.2562,42.2019],[9.2607,42.1976],[9.258,42.194],[9.2575,42.1918],[9.2545,42.1865],[9.2496,42.1854],[9.2456,42.183],[9.2384,42.1812],[9.2338,42.178],[9.2298,42.1769],[9.2296,42.1758],[9.2193,42.1653],[9.2167,42.1783],[9.2255,42.1901],[9.2248,42.1919],[9.2252,42.1993],[9.2269,42.2035],[9.2259,42.2061],[9.2299,42.2067],[9.2332,42.209],[9.2362,42.2128],[9.2353,42.2144],[9.2394,42.219],[9.2418,42.2182]]]}},{"type":"Feature","properties":{"code":"2B264","nom":"Rusio","pop":65},"geometry":{"type":"Polygon","coordinates":[[[9.2384,42.3525],[9.2342,42.3552],[9.2341,42.3578],[9.2353,42.3602],[9.241,42.3636],[9.2464,42.3639],[9.2514,42.3715],[9.257,42.3705],[9.2603,42.3681],[9.272,42.3667],[9.2725,42.3657],[9.2792,42.3651],[9.2804,42.3641],[9.2791,42.3605],[9.2749,42.3585],[9.2725,42.3529],[9.2705,42.3508],[9.2708,42.3453],[9.2721,42.3434],[9.2716,42.3405],[9.2686,42.3385],[9.2675,42.334],[9.2623,42.3323],[9.2593,42.3306],[9.2585,42.3287],[9.2557,42.3315],[9.2549,42.3357],[9.2554,42.3406],[9.2504,42.3489],[9.2485,42.3509],[9.2433,42.3521],[9.2384,42.3525]]]}},{"type":"Feature","properties":{"code":"2B265","nom":"Rutali","pop":531},"geometry":{"type":"Polygon","coordinates":[[[9.3752,42.5559],[9.3668,42.5552],[9.3676,42.5587],[9.367,42.5617],[9.3641,42.5638],[9.355,42.5686],[9.3534,42.5688],[9.352,42.572],[9.3482,42.574],[9.3468,42.5822],[9.3504,42.5873],[9.3545,42.5884],[9.3573,42.5884],[9.3598,42.5914],[9.3632,42.5918],[9.3644,42.5949],[9.3682,42.5942],[9.3709,42.5954],[9.3711,42.5969],[9.3788,42.5994],[9.3835,42.5978],[9.3881,42.5976],[9.391,42.5988],[9.3934,42.5977],[9.3964,42.6007],[9.3966,42.6045],[9.4,42.6053],[9.403,42.6048],[9.4052,42.606],[9.4085,42.6053],[9.4144,42.6059],[9.4164,42.6052],[9.4168,42.603],[9.4191,42.6008],[9.4188,42.5988],[9.4165,42.5976],[9.4141,42.5942],[9.4157,42.5924],[9.4126,42.5879],[9.4149,42.5865],[9.4129,42.5839],[9.4025,42.5793],[9.3987,42.5768],[9.3955,42.5763],[9.393,42.5713],[9.3883,42.5686],[9.3845,42.5692],[9.3818,42.5672],[9.3831,42.5658],[9.3822,42.5599],[9.3776,42.5579],[9.3752,42.5559]]]}},{"type":"Feature","properties":{"code":"2B267","nom":"Saliceto","pop":46},"geometry":{"type":"Polygon","coordinates":[[[9.1972,42.4182],[9.1986,42.4212],[9.2026,42.4274],[9.2073,42.4306],[9.209,42.4332],[9.212,42.4297],[9.2159,42.4297],[9.2216,42.4258],[9.2326,42.4237],[9.2376,42.4261],[9.246,42.4274],[9.2449,42.4254],[9.2471,42.4233],[9.2462,42.4193],[9.2514,42.4195],[9.2617,42.4168],[9.2651,42.4149],[9.2752,42.4144],[9.2778,42.4084],[9.2802,42.4071],[9.2842,42.4088],[9.2919,42.4093],[9.294,42.4079],[9.3064,42.4057],[9.3104,42.4052],[9.3182,42.4035],[9.3259,42.4023],[9.3248,42.4009],[9.3258,42.3985],[9.3267,42.3962],[9.3164,42.3928],[9.3125,42.392],[9.307,42.3925],[9.3046,42.3921],[9.2965,42.3935],[9.289,42.3964],[9.2853,42.397],[9.2814,42.4009],[9.2747,42.4003],[9.2726,42.4024],[9.2718,42.405],[9.2701,42.4061],[9.2561,42.4028],[9.2525,42.4087],[9.251,42.4136],[9.242,42.4133],[9.2317,42.4183],[9.2301,42.4179],[9.2198,42.4172],[9.2162,42.4189],[9.2132,42.4176],[9.2079,42.4178],[9.2049,42.4159],[9.2021,42.4159],[9.1972,42.4182]]]}},{"type":"Feature","properties":{"code":"2B273","nom":"Scata","pop":41},"geometry":{"type":"Polygon","coordinates":[[[9.3903,42.4164],[9.3923,42.42],[9.3907,42.4215],[9.392,42.425],[9.3942,42.4245],[9.3967,42.4266],[9.4017,42.4278],[9.4052,42.4308],[9.4093,42.43],[9.412,42.4306],[9.4157,42.4295],[9.4181,42.428],[9.4146,42.4223],[9.4147,42.4168],[9.4075,42.4163],[9.4047,42.415],[9.4011,42.4147],[9.3962,42.4154],[9.3936,42.4151],[9.3903,42.4164]]]}},{"type":"Feature","properties":{"code":"2B274","nom":"Scolca","pop":92},"geometry":{"type":"Polygon","coordinates":[[[9.3668,42.5552],[9.3752,42.5559],[9.3729,42.5488],[9.371,42.5449],[9.374,42.5416],[9.3746,42.5361],[9.3739,42.5337],[9.3808,42.5317],[9.3855,42.5283],[9.3871,42.5242],[9.3913,42.522],[9.3826,42.5219],[9.3781,42.5261],[9.3732,42.5244],[9.3716,42.5248],[9.369,42.5228],[9.3642,42.5239],[9.3592,42.5265],[9.3524,42.5348],[9.3527,42.5367],[9.3461,42.5452],[9.3437,42.5503],[9.3494,42.5505],[9.3668,42.5552]]]}},{"type":"Feature","properties":{"code":"2B275","nom":"Sermano","pop":72},"geometry":{"type":"Polygon","coordinates":[[[9.2716,42.3405],[9.2759,42.3378],[9.2787,42.3352],[9.2813,42.3352],[9.2755,42.3319],[9.2755,42.3295],[9.2785,42.3237],[9.2772,42.3221],[9.2775,42.3192],[9.28,42.3128],[9.2784,42.311],[9.2785,42.3056],[9.2762,42.3053],[9.2743,42.3026],[9.2707,42.3005],[9.2677,42.2978],[9.2647,42.2964],[9.2546,42.2937],[9.25,42.2913],[9.2469,42.2906],[9.2496,42.2946],[9.2514,42.2994],[9.2532,42.3006],[9.2564,42.3073],[9.2574,42.3082],[9.2564,42.3173],[9.2553,42.3226],[9.2591,42.3264],[9.2585,42.3287],[9.2593,42.3306],[9.2623,42.3323],[9.2675,42.334],[9.2686,42.3385],[9.2716,42.3405]]]}},{"type":"Feature","properties":{"code":"2B277","nom":"Serra-di-Fiumorbo","pop":365},"geometry":{"type":"Polygon","coordinates":[[[9.2307,41.9327],[9.2336,41.9378],[9.2377,41.9411],[9.2409,41.9415],[9.2441,41.9465],[9.2489,41.95],[9.2517,41.9554],[9.256,41.9582],[9.2611,41.9643],[9.2667,41.9676],[9.2678,41.9699],[9.2699,41.9714],[9.2758,41.9728],[9.2777,41.9741],[9.277,41.9783],[9.2792,41.9806],[9.2825,41.9795],[9.2867,41.9815],[9.2897,41.9816],[9.2926,41.9848],[9.2961,41.9847],[9.2975,41.986],[9.3011,41.9868],[9.3054,41.9925],[9.3111,41.9925],[9.3165,41.9939],[9.3193,41.9936],[9.3239,41.9963],[9.3268,41.9943],[9.3303,41.9938],[9.3318,41.997],[9.3366,41.9981],[9.3408,41.9979],[9.3456,41.9947],[9.3556,41.9963],[9.3597,41.9947],[9.3656,41.9972],[9.3695,42.0001],[9.3721,42.0008],[9.377,41.9973],[9.3797,41.994],[9.384,41.9922],[9.3835,41.9899],[9.3843,41.9844],[9.3878,41.9845],[9.3916,41.9818],[9.3907,41.9797],[9.3922,41.9778],[9.3955,41.9775],[9.3984,41.976],[9.4054,41.9764],[9.4074,41.9759],[9.4123,41.9767],[9.4167,41.9762],[9.4193,41.9748],[9.4226,41.9776],[9.4272,41.9783],[9.428,41.9804],[9.4317,41.9817],[9.4398,41.9878],[9.4325,41.9806],[9.4241,41.9707],[9.4173,41.9611],[9.4128,41.9517],[9.4118,41.9441],[9.4129,41.938],[9.4101,41.9386],[9.4078,41.9413],[9.4092,41.9515],[9.4061,41.9552],[9.4089,41.9569],[9.4076,41.9595],[9.4092,41.9623],[9.408,41.9678],[9.3953,41.9684],[9.3845,41.9692],[9.375,41.9704],[9.37,41.9687],[9.3644,41.9696],[9.3614,41.9686],[9.3586,41.9691],[9.3564,41.9677],[9.3444,41.9693],[9.3445,41.9663],[9.341,41.9639],[9.3388,41.9636],[9.3363,41.9615],[9.3265,41.9584],[9.3117,41.9561],[9.2945,41.95],[9.2911,41.948],[9.2851,41.9474],[9.2809,41.9463],[9.2756,41.9489],[9.2701,41.9505],[9.2663,41.9474],[9.2611,41.9458],[9.2595,41.9443],[9.2495,41.9409],[9.2435,41.9359],[9.24,41.9343],[9.2355,41.9348],[9.2307,41.9327]]]}},{"type":"Feature","properties":{"code":"2B280","nom":"Silvareccio","pop":99},"geometry":{"type":"Polygon","coordinates":[[[9.3971,42.4548],[9.4006,42.4583],[9.4083,42.4634],[9.4172,42.4637],[9.4219,42.4613],[9.424,42.462],[9.4331,42.4619],[9.4356,42.4642],[9.436,42.4607],[9.4324,42.4603],[9.4316,42.4587],[9.4279,42.4566],[9.4265,42.4518],[9.4269,42.4496],[9.4336,42.4407],[9.435,42.4408],[9.4315,42.4387],[9.4225,42.4391],[9.4205,42.4386],[9.418,42.4419],[9.42,42.4434],[9.4174,42.4455],[9.4087,42.4473],[9.4035,42.4517],[9.3971,42.4548]]]}},{"type":"Feature","properties":{"code":"2B281","nom":"Sisco","pop":1182},"geometry":{"type":"Polygon","coordinates":[[[9.3851,42.8349],[9.4092,42.8305],[9.4357,42.8291],[9.4574,42.8282],[9.472,42.8277],[9.4871,42.8269],[9.4861,42.8252],[9.4876,42.8233],[9.4866,42.8209],[9.4898,42.813],[9.4901,42.8082],[9.4927,42.8071],[9.4911,42.7976],[9.4687,42.8016],[9.4609,42.7975],[9.4493,42.7992],[9.4413,42.7969],[9.4228,42.7956],[9.4164,42.7958],[9.4134,42.798],[9.4107,42.8017],[9.4065,42.804],[9.4074,42.8055],[9.4068,42.8115],[9.4076,42.8146],[9.4026,42.8178],[9.3984,42.8223],[9.3955,42.8225],[9.387,42.8261],[9.3853,42.8274],[9.3868,42.8314],[9.3851,42.8349]]]}},{"type":"Feature","properties":{"code":"2B283","nom":"Solaro","pop":736},"geometry":{"type":"Polygon","coordinates":[[[9.3091,41.8322],[9.3076,41.8355],[9.3089,41.8397],[9.3027,41.8441],[9.2991,41.8451],[9.2915,41.8427],[9.2892,41.8429],[9.2883,41.8451],[9.2834,41.8441],[9.2755,41.8413],[9.2687,41.8398],[9.266,41.8429],[9.2604,41.8452],[9.255,41.8454],[9.2486,41.8465],[9.2447,41.8505],[9.2407,41.8489],[9.2371,41.8464],[9.2327,41.8495],[9.2315,41.853],[9.2274,41.8555],[9.2304,41.8595],[9.2321,41.864],[9.233,41.8681],[9.2366,41.8741],[9.2362,41.8757],[9.238,41.8788],[9.2426,41.8822],[9.2502,41.8821],[9.2563,41.8848],[9.2588,41.885],[9.2604,41.888],[9.2651,41.8925],[9.2707,41.8935],[9.2733,41.8955],[9.2772,41.9011],[9.2794,41.9025],[9.2813,41.9056],[9.2849,41.9063],[9.2865,41.9094],[9.291,41.9111],[9.2937,41.9137],[9.2971,41.9153],[9.3009,41.9155],[9.306,41.9176],[9.3086,41.9213],[9.3119,41.9213],[9.3155,41.9248],[9.3203,41.9255],[9.321,41.9231],[9.324,41.9219],[9.3298,41.9228],[9.3316,41.9214],[9.3409,41.9193],[9.3457,41.92],[9.3473,41.9214],[9.3504,41.9221],[9.3539,41.9206],[9.3661,41.92],[9.3773,41.9173],[9.3801,41.9159],[9.3861,41.9139],[9.3908,41.9112],[9.3981,41.9104],[9.4041,41.9087],[9.4052,41.907],[9.4087,41.9068],[9.4088,41.906],[9.4045,41.9014],[9.4023,41.8972],[9.4015,41.8941],[9.401,41.8857],[9.3987,41.8819],[9.397,41.874],[9.3974,41.8713],[9.3997,41.8672],[9.3988,41.8634],[9.4015,41.8596],[9.396,41.8602],[9.3947,41.863],[9.3904,41.8655],[9.3887,41.8655],[9.3862,41.8677],[9.383,41.8671],[9.3788,41.865],[9.3784,41.8672],[9.3738,41.8646],[9.3709,41.8648],[9.3697,41.8608],[9.3662,41.8611],[9.3632,41.8598],[9.3615,41.8573],[9.357,41.8549],[9.3525,41.8544],[9.3519,41.8494],[9.3487,41.8488],[9.3465,41.8461],[9.3389,41.8464],[9.3299,41.839],[9.3298,41.8367],[9.3269,41.8368],[9.3264,41.8345],[9.3228,41.8354],[9.3198,41.835],[9.3171,41.8323],[9.3136,41.8333],[9.3091,41.8322]]]}},{"type":"Feature","properties":{"code":"2B286","nom":"Sorbo-Ocagnano","pop":904},"geometry":{"type":"Polygon","coordinates":[[[9.4644,42.4755],[9.4624,42.4741],[9.4564,42.4716],[9.4534,42.4684],[9.4467,42.4671],[9.4442,42.4661],[9.4382,42.4654],[9.4356,42.4642],[9.4345,42.4655],[9.4372,42.4677],[9.4426,42.4757],[9.4446,42.4766],[9.4459,42.4791],[9.4493,42.4804],[9.4578,42.479],[9.4598,42.4792],[9.4644,42.4822],[9.4676,42.4824],[9.4693,42.4835],[9.4734,42.4839],[9.4798,42.4865],[9.4813,42.489],[9.4899,42.4916],[9.5073,42.496],[9.5082,42.4981],[9.5148,42.497],[9.5192,42.4957],[9.5299,42.4955],[9.5302,42.4884],[9.5314,42.4838],[9.5247,42.4837],[9.5104,42.48],[9.4937,42.4764],[9.4886,42.475],[9.4847,42.4733],[9.4793,42.474],[9.4718,42.4739],[9.4697,42.4749],[9.4644,42.4755]]]}},{"type":"Feature","properties":{"code":"2B287","nom":"Sorio","pop":118},"geometry":{"type":"Polygon","coordinates":[[[9.2826,42.5965],[9.2825,42.5944],[9.2799,42.5917],[9.2795,42.5893],[9.283,42.5811],[9.2818,42.5797],[9.2777,42.5774],[9.2725,42.5733],[9.2695,42.5728],[9.2675,42.5709],[9.2643,42.5699],[9.2507,42.5619],[9.2463,42.5633],[9.245,42.5621],[9.2384,42.5604],[9.2345,42.561],[9.2324,42.5597],[9.2284,42.5607],[9.2247,42.5598],[9.22,42.5604],[9.2184,42.5607],[9.2138,42.5639],[9.2154,42.5671],[9.2157,42.5724],[9.2147,42.5757],[9.2123,42.5791],[9.2069,42.5843],[9.2102,42.586],[9.2154,42.585],[9.2223,42.5865],[9.2257,42.5889],[9.2332,42.5897],[9.2365,42.5888],[9.2437,42.5919],[9.2486,42.5931],[9.2638,42.5902],[9.2687,42.5898],[9.2712,42.5921],[9.2783,42.5946],[9.2786,42.5959],[9.2826,42.5965]]]}},{"type":"Feature","properties":{"code":"2B289","nom":"Soveria","pop":109},"geometry":{"type":"Polygon","coordinates":[[[9.1932,42.358],[9.1923,42.3545],[9.1893,42.3536],[9.1883,42.3519],[9.1847,42.3499],[9.1814,42.3492],[9.1782,42.347],[9.1736,42.348],[9.1689,42.3468],[9.1644,42.3474],[9.1598,42.3457],[9.1573,42.3471],[9.1542,42.3462],[9.1529,42.3447],[9.1546,42.3394],[9.15,42.343],[9.1427,42.3439],[9.1389,42.3407],[9.1353,42.3421],[9.1277,42.3418],[9.1132,42.3377],[9.1105,42.3301],[9.1091,42.3289],[9.0994,42.3246],[9.0934,42.3232],[9.0921,42.3248],[9.0925,42.3293],[9.0942,42.3326],[9.0985,42.3357],[9.1039,42.339],[9.1085,42.3404],[9.1091,42.3423],[9.1119,42.3437],[9.1166,42.3486],[9.117,42.3499],[9.1245,42.3513],[9.1312,42.3514],[9.136,42.3524],[9.1386,42.3508],[9.1425,42.3522],[9.1452,42.352],[9.1466,42.354],[9.1459,42.3556],[9.1475,42.3578],[9.1484,42.3618],[9.1526,42.362],[9.1537,42.3637],[9.1594,42.3675],[9.1588,42.3709],[9.163,42.3698],[9.1664,42.3706],[9.1684,42.3711],[9.1708,42.3672],[9.1738,42.3637],[9.1769,42.3657],[9.1799,42.3637],[9.1821,42.3609],[9.1851,42.3593],[9.1932,42.358]]]}},{"type":"Feature","properties":{"code":"2B290","nom":"Speloncato","pop":261},"geometry":{"type":"Polygon","coordinates":[[[8.9751,42.6136],[8.9781,42.6119],[8.9782,42.6087],[8.9759,42.6062],[8.9774,42.6044],[8.9758,42.6032],[8.9758,42.6002],[8.9775,42.5984],[8.9781,42.5957],[8.9777,42.5883],[8.9807,42.5823],[8.9841,42.5803],[8.984,42.5719],[8.9828,42.5659],[8.9846,42.561],[8.9905,42.5541],[8.9934,42.5529],[8.9985,42.5486],[8.9962,42.547],[8.9917,42.5459],[8.9889,42.5432],[8.9847,42.5404],[8.9784,42.5401],[8.9737,42.5378],[8.968,42.5415],[8.9665,42.5457],[8.9622,42.5478],[8.9612,42.551],[8.9623,42.5554],[8.9594,42.558],[8.9604,42.5601],[8.9594,42.5634],[8.9574,42.5647],[8.9546,42.5682],[8.9521,42.5726],[8.9487,42.5741],[8.9478,42.5764],[8.9514,42.5804],[8.95,42.5836],[8.9481,42.5848],[8.9492,42.5874],[8.9488,42.6006],[8.9522,42.6024],[8.958,42.6044],[8.9653,42.6052],[8.9651,42.6067],[8.9682,42.61],[8.9722,42.6128],[8.9751,42.6136]]]}},{"type":"Feature","properties":{"code":"2B291","nom":"Stazzona","pop":38},"geometry":{"type":"Polygon","coordinates":[[[9.3653,42.3714],[9.3631,42.3716],[9.3604,42.3697],[9.3629,42.3727],[9.3695,42.3722],[9.3687,42.3751],[9.3717,42.3766],[9.3731,42.3786],[9.3718,42.3813],[9.3753,42.3835],[9.3733,42.3849],[9.3752,42.3866],[9.3745,42.3882],[9.3764,42.3897],[9.3824,42.3913],[9.3887,42.3901],[9.3866,42.3887],[9.3814,42.3869],[9.379,42.3849],[9.3801,42.3825],[9.3764,42.3796],[9.3757,42.3739],[9.3776,42.3708],[9.3752,42.3694],[9.3706,42.369],[9.3692,42.3706],[9.3653,42.3714]]]}},{"type":"Feature","properties":{"code":"2B292","nom":"Sant'Andréa-di-Bozio","pop":55},"geometry":{"type":"Polygon","coordinates":[[[9.2356,42.2765],[9.2409,42.2764],[9.246,42.2745],[9.2507,42.2764],[9.2545,42.281],[9.2571,42.2832],[9.2542,42.2871],[9.2564,42.2892],[9.2671,42.2905],[9.2721,42.2925],[9.2774,42.2911],[9.2812,42.2925],[9.2805,42.2959],[9.2887,42.301],[9.294,42.3009],[9.3008,42.3017],[9.3055,42.3014],[9.3092,42.2996],[9.3111,42.2974],[9.3208,42.2962],[9.3209,42.2921],[9.3229,42.2888],[9.3276,42.2874],[9.3332,42.2835],[9.3343,42.2836],[9.3351,42.2799],[9.335,42.2787],[9.3307,42.2753],[9.3288,42.2722],[9.3286,42.2695],[9.3264,42.2662],[9.326,42.2639],[9.3308,42.2586],[9.3311,42.2555],[9.329,42.2566],[9.3246,42.2563],[9.3179,42.2578],[9.3136,42.2574],[9.3124,42.2595],[9.3125,42.2684],[9.3117,42.2701],[9.3012,42.2663],[9.2991,42.2648],[9.2956,42.2695],[9.289,42.2741],[9.2815,42.2772],[9.2696,42.2759],[9.2666,42.275],[9.2637,42.2753],[9.2563,42.2716],[9.2547,42.2683],[9.2519,42.2655],[9.2529,42.2597],[9.2515,42.2578],[9.2518,42.2554],[9.2499,42.2545],[9.2484,42.2497],[9.2438,42.2483],[9.2405,42.2503],[9.2332,42.2504],[9.2324,42.2498],[9.228,42.2498],[9.2249,42.2549],[9.2256,42.2575],[9.2247,42.2628],[9.2287,42.2692],[9.2297,42.2725],[9.2339,42.2734],[9.2356,42.2765]]]}},{"type":"Feature","properties":{"code":"2B293","nom":"Sant'Andréa-di-Cotone","pop":193},"geometry":{"type":"Polygon","coordinates":[[[9.4581,42.3388],[9.4616,42.3389],[9.4657,42.3351],[9.4696,42.3345],[9.4743,42.3296],[9.4735,42.3269],[9.4767,42.3235],[9.4818,42.3242],[9.4853,42.3205],[9.4899,42.3166],[9.4895,42.3145],[9.4867,42.3124],[9.4829,42.311],[9.484,42.3086],[9.4878,42.3093],[9.4915,42.3086],[9.4946,42.3069],[9.4962,42.3029],[9.4984,42.2994],[9.4955,42.2997],[9.4931,42.2983],[9.4818,42.2987],[9.4737,42.2982],[9.4714,42.3001],[9.4677,42.2999],[9.4658,42.3011],[9.4647,42.3034],[9.4555,42.3074],[9.4586,42.3096],[9.4597,42.3115],[9.4561,42.316],[9.4548,42.3194],[9.4571,42.3236],[9.456,42.3256],[9.4584,42.3278],[9.4607,42.3326],[9.4571,42.3356],[9.4581,42.3388]]]}},{"type":"Feature","properties":{"code":"2B296","nom":"Sant'Antonino","pop":127},"geometry":{"type":"Polygon","coordinates":[[[8.925,42.5813],[8.9247,42.5792],[8.9206,42.5774],[8.9188,42.5746],[8.9162,42.5753],[8.9124,42.5738],[8.9055,42.5741],[8.9042,42.5761],[8.9007,42.5759],[8.8987,42.5744],[8.8999,42.5762],[8.8974,42.5829],[8.8947,42.5878],[8.8949,42.5906],[8.8937,42.593],[8.8946,42.5946],[8.8972,42.5939],[8.9005,42.595],[8.904,42.5937],[8.9118,42.5952],[8.9148,42.5965],[8.9167,42.5985],[8.9143,42.5927],[8.9151,42.5875],[8.9205,42.586],[8.9227,42.5846],[8.925,42.5813]]]}},{"type":"Feature","properties":{"code":"2B297","nom":"San-Damiano","pop":54},"geometry":{"type":"Polygon","coordinates":[[[9.4392,42.4077],[9.4401,42.4066],[9.4469,42.404],[9.4449,42.4036],[9.436,42.3998],[9.4281,42.3982],[9.4276,42.3957],[9.4243,42.3913],[9.4187,42.3959],[9.4187,42.3973],[9.4161,42.3996],[9.4126,42.401],[9.4021,42.4027],[9.395,42.4026],[9.392,42.4045],[9.3918,42.4066],[9.3889,42.4084],[9.3908,42.4126],[9.3903,42.4164],[9.3936,42.4151],[9.3962,42.4154],[9.4011,42.4147],[9.4047,42.415],[9.4075,42.4163],[9.4147,42.4168],[9.4171,42.4156],[9.4175,42.4121],[9.4192,42.4103],[9.4222,42.4101],[9.427,42.4066],[9.4373,42.4067],[9.4392,42.4077]]]}},{"type":"Feature","properties":{"code":"2B298","nom":"Saint-Florent","pop":1694},"geometry":{"type":"Polygon","coordinates":[[[9.2659,42.6665],[9.2664,42.6724],[9.2638,42.6759],[9.2609,42.6763],[9.2582,42.6786],[9.2592,42.6807],[9.2588,42.6839],[9.2614,42.6865],[9.2626,42.6894],[9.2621,42.6923],[9.2511,42.698],[9.2499,42.6965],[9.246,42.6974],[9.2454,42.6999],[9.2423,42.6992],[9.2346,42.7017],[9.2326,42.7035],[9.2349,42.7081],[9.2337,42.7093],[9.2287,42.7182],[9.2336,42.7199],[9.2424,42.7189],[9.2487,42.7196],[9.2489,42.7186],[9.2532,42.7176],[9.2554,42.7184],[9.257,42.7149],[9.255,42.7132],[9.2568,42.7053],[9.2588,42.703],[9.2592,42.7007],[9.263,42.7005],[9.2693,42.7011],[9.2702,42.6981],[9.2688,42.6968],[9.2703,42.6949],[9.2769,42.6924],[9.2797,42.6889],[9.2788,42.6838],[9.2832,42.6809],[9.283,42.6783],[9.2845,42.6762],[9.2873,42.6745],[9.2932,42.6743],[9.2982,42.6761],[9.301,42.6795],[9.2989,42.6815],[9.3019,42.6839],[9.3046,42.6841],[9.3136,42.6886],[9.316,42.6905],[9.3171,42.6927],[9.3216,42.6962],[9.329,42.6935],[9.3345,42.6924],[9.3392,42.6905],[9.3395,42.6838],[9.339,42.6805],[9.3376,42.6781],[9.3342,42.675],[9.3323,42.6746],[9.3256,42.6716],[9.3236,42.6701],[9.3212,42.6719],[9.3146,42.6684],[9.3101,42.6696],[9.2996,42.6695],[9.2992,42.6679],[9.2943,42.6678],[9.2892,42.6653],[9.2868,42.6649],[9.283,42.6625],[9.2799,42.6645],[9.2726,42.6664],[9.2659,42.6665]]]}},{"type":"Feature","properties":{"code":"2B299","nom":"San-Gavino-d'Ampugnani","pop":103},"geometry":{"type":"Polygon","coordinates":[[[9.4392,42.4077],[9.4373,42.4067],[9.427,42.4066],[9.4222,42.4101],[9.4192,42.4103],[9.4175,42.4121],[9.4171,42.4156],[9.4147,42.4168],[9.4146,42.4223],[9.4181,42.428],[9.4221,42.4264],[9.425,42.4283],[9.4287,42.4281],[9.4318,42.4264],[9.4342,42.4247],[9.4347,42.4223],[9.4325,42.4188],[9.4323,42.4157],[9.4343,42.412],[9.4392,42.4077]]]}},{"type":"Feature","properties":{"code":"2B301","nom":"San-Gavino-di-Tenda","pop":64},"geometry":{"type":"Polygon","coordinates":[[[9.1064,42.6558],[9.1041,42.6565],[9.1005,42.6561],[9.0974,42.6588],[9.0931,42.6596],[9.0923,42.6625],[9.0894,42.6663],[9.0896,42.669],[9.0857,42.6722],[9.0852,42.6758],[9.0834,42.6786],[9.0754,42.683],[9.0709,42.6849],[9.0666,42.6849],[9.0618,42.6937],[9.0638,42.694],[9.068,42.6917],[9.0707,42.6929],[9.0731,42.6955],[9.0767,42.6969],[9.0759,42.6997],[9.0807,42.7009],[9.0823,42.7042],[9.0844,42.7055],[9.0818,42.7085],[9.0863,42.7151],[9.092,42.7147],[9.0923,42.7161],[9.0967,42.7149],[9.1004,42.7157],[9.1063,42.7109],[9.1107,42.7101],[9.1105,42.7077],[9.1151,42.7054],[9.1205,42.702],[9.1264,42.7006],[9.1298,42.6972],[9.1359,42.6924],[9.1322,42.6883],[9.1278,42.6871],[9.1307,42.6856],[9.1299,42.6819],[9.1348,42.6806],[9.1402,42.6766],[9.1444,42.6753],[9.1445,42.6716],[9.1406,42.671],[9.1381,42.6676],[9.1416,42.6661],[9.1464,42.6664],[9.1534,42.666],[9.1562,42.6621],[9.1566,42.6599],[9.1629,42.656],[9.1617,42.6538],[9.1728,42.6399],[9.1812,42.6356],[9.1862,42.6319],[9.2002,42.621],[9.2114,42.6155],[9.2357,42.6023],[9.2421,42.6008],[9.2467,42.5986],[9.2557,42.5995],[9.2569,42.6007],[9.2608,42.6017],[9.2642,42.6011],[9.2678,42.6024],[9.2712,42.6045],[9.2737,42.6074],[9.2778,42.6093],[9.2856,42.6099],[9.2936,42.6136],[9.2975,42.6142],[9.292,42.6045],[9.2885,42.6034],[9.2872,42.601],[9.2838,42.5991],[9.2826,42.5965],[9.2786,42.5959],[9.2783,42.5946],[9.2712,42.5921],[9.2687,42.5898],[9.2638,42.5902],[9.2486,42.5931],[9.2437,42.5919],[9.2365,42.5888],[9.2332,42.5897],[9.2257,42.5889],[9.2223,42.5865],[9.2154,42.585],[9.2102,42.586],[9.2113,42.5916],[9.2097,42.5946],[9.2092,42.598],[9.2061,42.6016],[9.202,42.6052],[9.1966,42.6066],[9.195,42.6086],[9.1901,42.6089],[9.1863,42.6115],[9.1856,42.6145],[9.1825,42.6174],[9.1808,42.6169],[9.1751,42.6175],[9.174,42.6185],[9.173,42.6223],[9.1738,42.6249],[9.1728,42.6273],[9.1676,42.6312],[9.1658,42.6308],[9.1598,42.6351],[9.1542,42.638],[9.151,42.6386],[9.1446,42.6424],[9.1422,42.6423],[9.1352,42.6444],[9.134,42.6461],[9.1302,42.648],[9.1287,42.6515],[9.1233,42.6558],[9.1195,42.6608],[9.1167,42.6608],[9.1122,42.6585],[9.1114,42.6568],[9.1064,42.6558]]]}},{"type":"Feature","properties":{"code":"2B302","nom":"San-Giovanni-di-Moriani","pop":102},"geometry":{"type":"Polygon","coordinates":[[[9.4326,42.3641],[9.4345,42.3662],[9.435,42.3689],[9.4392,42.3756],[9.4467,42.377],[9.452,42.3823],[9.4562,42.3852],[9.4578,42.3882],[9.4609,42.3898],[9.4653,42.3877],[9.4681,42.3882],[9.4732,42.3874],[9.475,42.3891],[9.4784,42.3885],[9.4797,42.3893],[9.4828,42.3879],[9.4865,42.3882],[9.4879,42.3896],[9.4888,42.3891],[9.4857,42.3817],[9.4861,42.3799],[9.4834,42.379],[9.4825,42.3754],[9.4872,42.3737],[9.4834,42.3718],[9.4819,42.3701],[9.4844,42.3649],[9.4787,42.3586],[9.4821,42.3555],[9.4801,42.3526],[9.4739,42.3535],[9.4682,42.356],[9.4659,42.36],[9.457,42.3638],[9.4511,42.3687],[9.4426,42.367],[9.4326,42.3641]]]}},{"type":"Feature","properties":{"code":"2B303","nom":"San-Giuliano","pop":812},"geometry":{"type":"Polygon","coordinates":[[[9.4984,42.2994],[9.4962,42.3029],[9.4946,42.3069],[9.4915,42.3086],[9.4878,42.3093],[9.484,42.3086],[9.4829,42.311],[9.4867,42.3124],[9.4895,42.3145],[9.4899,42.3166],[9.4941,42.3169],[9.497,42.319],[9.5012,42.3189],[9.5051,42.3196],[9.5094,42.3189],[9.5127,42.3193],[9.5152,42.3182],[9.524,42.3157],[9.5294,42.3126],[9.5342,42.3073],[9.5356,42.3038],[9.5399,42.2999],[9.5535,42.2992],[9.5552,42.2928],[9.5601,42.2821],[9.5595,42.2796],[9.5593,42.2724],[9.5569,42.2648],[9.5553,42.2528],[9.5522,42.2493],[9.5439,42.2506],[9.5441,42.2518],[9.5385,42.2559],[9.5309,42.2627],[9.5291,42.2653],[9.5267,42.2667],[9.5196,42.2683],[9.5152,42.2706],[9.5174,42.2747],[9.5164,42.2771],[9.5159,42.2819],[9.5122,42.2852],[9.5133,42.2879],[9.5108,42.2881],[9.5085,42.2916],[9.5043,42.2923],[9.4965,42.2977],[9.4984,42.2994]]]}},{"type":"Feature","properties":{"code":"2B304","nom":"San-Lorenzo","pop":138},"geometry":{"type":"Polygon","coordinates":[[[9.325,42.3767],[9.3205,42.3752],[9.3201,42.3777],[9.318,42.3789],[9.314,42.3794],[9.3102,42.3789],[9.3071,42.3795],[9.3035,42.3791],[9.2993,42.3812],[9.296,42.3808],[9.2943,42.3789],[9.2906,42.3799],[9.2878,42.3782],[9.2789,42.3786],[9.2762,42.3793],[9.2711,42.3842],[9.2707,42.3862],[9.2681,42.3862],[9.2649,42.3841],[9.2592,42.3866],[9.2569,42.389],[9.2571,42.3922],[9.2589,42.3949],[9.2573,42.3965],[9.26,42.3986],[9.2561,42.4017],[9.2561,42.4028],[9.2701,42.4061],[9.2718,42.405],[9.2726,42.4024],[9.2747,42.4003],[9.2814,42.4009],[9.2853,42.397],[9.289,42.3964],[9.2965,42.3935],[9.3046,42.3921],[9.307,42.3925],[9.3125,42.392],[9.3164,42.3928],[9.3267,42.3962],[9.327,42.3913],[9.3243,42.39],[9.3204,42.385],[9.3229,42.382],[9.3234,42.3781],[9.325,42.3767]]]}},{"type":"Feature","properties":{"code":"2B305","nom":"San-Martino-di-Lota","pop":3056},"geometry":{"type":"Polygon","coordinates":[[[9.3962,42.7279],[9.3966,42.7357],[9.3954,42.7405],[9.4007,42.739],[9.403,42.7395],[9.4115,42.7371],[9.4164,42.7362],[9.4202,42.7403],[9.4212,42.7429],[9.4231,42.7442],[9.4277,42.7438],[9.4313,42.7424],[9.437,42.7435],[9.4451,42.7394],[9.4496,42.7416],[9.4559,42.7417],[9.4614,42.7402],[9.4625,42.7357],[9.4613,42.7339],[9.4606,42.729],[9.4587,42.7247],[9.4561,42.7208],[9.4563,42.7176],[9.4534,42.7171],[9.4486,42.7219],[9.4416,42.7224],[9.4372,42.7245],[9.4307,42.7247],[9.4269,42.7258],[9.4166,42.7244],[9.4116,42.7263],[9.4017,42.7282],[9.3962,42.7279]]]}},{"type":"Feature","properties":{"code":"2B306","nom":"Santa-Lucia-di-Mercurio","pop":115},"geometry":{"type":"Polygon","coordinates":[[[9.1945,42.3226],[9.1951,42.3256],[9.1942,42.3282],[9.1978,42.329],[9.2052,42.332],[9.2081,42.3328],[9.2119,42.3326],[9.2163,42.3373],[9.2187,42.3386],[9.2244,42.3469],[9.2276,42.3467],[9.2347,42.3501],[9.2384,42.3525],[9.2433,42.3521],[9.2485,42.3509],[9.2504,42.3489],[9.2554,42.3406],[9.2549,42.3357],[9.2515,42.3338],[9.2485,42.3278],[9.2433,42.3262],[9.2409,42.3232],[9.239,42.3193],[9.2394,42.3172],[9.2379,42.3147],[9.239,42.3134],[9.2395,42.3086],[9.2387,42.3047],[9.2392,42.3006],[9.2365,42.2999],[9.2345,42.2976],[9.2287,42.2954],[9.2256,42.2923],[9.2263,42.2906],[9.2229,42.2894],[9.2183,42.2885],[9.2154,42.289],[9.2127,42.2879],[9.2083,42.2879],[9.2055,42.2864],[9.2055,42.2847],[9.1978,42.2869],[9.1959,42.2882],[9.1951,42.2907],[9.1922,42.2929],[9.1878,42.2944],[9.1901,42.2987],[9.1891,42.3018],[9.1902,42.3068],[9.1917,42.3088],[9.194,42.3148],[9.1921,42.3168],[9.194,42.3199],[9.1945,42.3226]]]}},{"type":"Feature","properties":{"code":"2B307","nom":"Santa-Lucia-di-Moriani","pop":1514},"geometry":{"type":"Polygon","coordinates":[[[9.4872,42.3737],[9.4825,42.3754],[9.4834,42.379],[9.4861,42.3799],[9.4857,42.3817],[9.4888,42.3891],[9.4981,42.3858],[9.5011,42.3884],[9.5043,42.3877],[9.5054,42.3894],[9.5115,42.3902],[9.5112,42.3943],[9.5143,42.393],[9.5229,42.395],[9.5274,42.3955],[9.5322,42.3936],[9.5354,42.394],[9.5322,42.3821],[9.5327,42.3779],[9.5297,42.3779],[9.5259,42.3765],[9.5209,42.3784],[9.5186,42.3777],[9.515,42.3796],[9.5133,42.3795],[9.5087,42.3819],[9.5044,42.3798],[9.5041,42.3781],[9.5013,42.3756],[9.4922,42.3737],[9.4901,42.3728],[9.4872,42.3737]]]}},{"type":"Feature","properties":{"code":"2B309","nom":"Santa-Maria-di-Lota","pop":1973},"geometry":{"type":"Polygon","coordinates":[[[9.3954,42.7405],[9.3935,42.7413],[9.3881,42.7479],[9.3881,42.7509],[9.3983,42.758],[9.4038,42.7602],[9.4046,42.7635],[9.4073,42.7652],[9.4088,42.7685],[9.4125,42.7722],[9.415,42.7726],[9.4174,42.7712],[9.4183,42.7675],[9.421,42.7657],[9.4346,42.7618],[9.4371,42.7596],[9.4423,42.7566],[9.4506,42.7536],[9.4584,42.7538],[9.4614,42.7549],[9.4645,42.7548],[9.4681,42.7527],[9.4637,42.7493],[9.4638,42.7464],[9.4614,42.7402],[9.4559,42.7417],[9.4496,42.7416],[9.4451,42.7394],[9.437,42.7435],[9.4313,42.7424],[9.4277,42.7438],[9.4231,42.7442],[9.4212,42.7429],[9.4202,42.7403],[9.4164,42.7362],[9.4115,42.7371],[9.403,42.7395],[9.4007,42.739],[9.3954,42.7405]]]}},{"type":"Feature","properties":{"code":"2B311","nom":"Santa-Maria-Poggio","pop":807},"geometry":{"type":"Polygon","coordinates":[[[9.5414,42.3372],[9.5361,42.3384],[9.5335,42.3426],[9.5305,42.3419],[9.5203,42.342],[9.5197,42.3429],[9.5151,42.3426],[9.5134,42.341],[9.5061,42.3394],[9.5009,42.3399],[9.498,42.3407],[9.4941,42.34],[9.4896,42.3415],[9.48,42.3418],[9.4753,42.3417],[9.4772,42.3452],[9.4787,42.3504],[9.4801,42.3526],[9.4821,42.3555],[9.49,42.3623],[9.4916,42.3617],[9.5005,42.3612],[9.5053,42.3605],[9.5162,42.3621],[9.5193,42.3602],[9.5227,42.3604],[9.5265,42.3587],[9.53,42.3584],[9.535,42.3592],[9.5348,42.3576],[9.5367,42.3527],[9.5376,42.3447],[9.54,42.3419],[9.5394,42.34],[9.5414,42.3372]]]}},{"type":"Feature","properties":{"code":"2B313","nom":"San-Nicolao","pop":2062},"geometry":{"type":"Polygon","coordinates":[[[9.4821,42.3555],[9.4787,42.3586],[9.4844,42.3649],[9.4819,42.3701],[9.4834,42.3718],[9.4872,42.3737],[9.4901,42.3728],[9.4922,42.3737],[9.5013,42.3756],[9.5041,42.3781],[9.5044,42.3798],[9.5087,42.3819],[9.5133,42.3795],[9.515,42.3796],[9.5186,42.3777],[9.5209,42.3784],[9.5259,42.3765],[9.5297,42.3779],[9.5327,42.3779],[9.5325,42.3689],[9.535,42.3592],[9.53,42.3584],[9.5265,42.3587],[9.5227,42.3604],[9.5193,42.3602],[9.5162,42.3621],[9.5053,42.3605],[9.5005,42.3612],[9.4916,42.3617],[9.49,42.3623],[9.4821,42.3555]]]}},{"type":"Feature","properties":{"code":"2B314","nom":"Santo-Pietro-di-Tenda","pop":341},"geometry":{"type":"Polygon","coordinates":[[[9.2644,42.6523],[9.2717,42.6425],[9.2742,42.6404],[9.277,42.6402],[9.2772,42.6378],[9.2826,42.6344],[9.2864,42.6308],[9.2849,42.6284],[9.2853,42.6257],[9.2884,42.6245],[9.2899,42.6212],[9.2923,42.6202],[9.2958,42.6169],[9.2991,42.6153],[9.2975,42.6142],[9.2936,42.6136],[9.2856,42.6099],[9.2778,42.6093],[9.2737,42.6074],[9.2712,42.6045],[9.2678,42.6024],[9.2642,42.6011],[9.2608,42.6017],[9.2569,42.6007],[9.2557,42.5995],[9.2467,42.5986],[9.2421,42.6008],[9.2357,42.6023],[9.2114,42.6155],[9.2002,42.621],[9.1862,42.6319],[9.1812,42.6356],[9.1728,42.6399],[9.1617,42.6538],[9.1629,42.656],[9.1566,42.6599],[9.1562,42.6621],[9.1534,42.666],[9.1464,42.6664],[9.1416,42.6661],[9.1381,42.6676],[9.1406,42.671],[9.1445,42.6716],[9.1444,42.6753],[9.1402,42.6766],[9.1348,42.6806],[9.1299,42.6819],[9.1307,42.6856],[9.1278,42.6871],[9.1322,42.6883],[9.1359,42.6924],[9.1298,42.6972],[9.1264,42.7006],[9.1205,42.702],[9.1151,42.7054],[9.1105,42.7077],[9.1107,42.7101],[9.1063,42.7109],[9.1004,42.7157],[9.1014,42.7193],[9.1069,42.7246],[9.1099,42.7233],[9.112,42.7258],[9.1144,42.7268],[9.1176,42.7237],[9.1179,42.728],[9.1248,42.7317],[9.1324,42.7299],[9.1347,42.7285],[9.1397,42.7305],[9.1405,42.7323],[9.1433,42.7338],[9.1482,42.7312],[9.1509,42.7319],[9.1539,42.7347],[9.1567,42.7343],[9.1607,42.7363],[9.1691,42.736],[9.1699,42.7335],[9.1759,42.7323],[9.1777,42.7302],[9.1826,42.73],[9.1883,42.727],[9.1926,42.7268],[9.1982,42.7246],[9.2012,42.7251],[9.2097,42.729],[9.2143,42.7333],[9.2182,42.7334],[9.2208,42.7355],[9.2239,42.7339],[9.2238,42.7326],[9.2265,42.7289],[9.2281,42.7282],[9.2317,42.7217],[9.2336,42.7199],[9.2287,42.7182],[9.2337,42.7093],[9.2349,42.7081],[9.2326,42.7035],[9.2346,42.7017],[9.2423,42.6992],[9.2454,42.6999],[9.246,42.6974],[9.2499,42.6965],[9.2511,42.698],[9.2621,42.6923],[9.2626,42.6894],[9.2614,42.6865],[9.2588,42.6839],[9.2592,42.6807],[9.2582,42.6786],[9.2609,42.6763],[9.2638,42.6759],[9.2664,42.6724],[9.2659,42.6665],[9.2652,42.6629],[9.2615,42.6614],[9.2615,42.6593],[9.2634,42.6562],[9.2644,42.6523]]]}},{"type":"Feature","properties":{"code":"2B315","nom":"Santo-Pietro-di-Venaco","pop":305},"geometry":{"type":"Polygon","coordinates":[[[9.177,42.2505],[9.1779,42.2482],[9.1776,42.2441],[9.1863,42.2403],[9.19,42.2403],[9.1919,42.2415],[9.198,42.2434],[9.2014,42.2422],[9.2075,42.2416],[9.2101,42.2422],[9.211,42.2402],[9.2133,42.2404],[9.219,42.2429],[9.223,42.2404],[9.2274,42.2411],[9.2292,42.2406],[9.2232,42.237],[9.2151,42.2357],[9.2127,42.237],[9.207,42.2386],[9.205,42.2374],[9.202,42.2377],[9.2,42.2365],[9.1973,42.2371],[9.195,42.2361],[9.1911,42.236],[9.1843,42.2401],[9.1811,42.2408],[9.1775,42.2432],[9.1747,42.2435],[9.1702,42.2401],[9.1636,42.2412],[9.154,42.2402],[9.1493,42.2385],[9.1236,42.2389],[9.1287,42.2455],[9.1316,42.2472],[9.138,42.2502],[9.1397,42.2516],[9.1483,42.2563],[9.1498,42.2586],[9.1525,42.2565],[9.1617,42.255],[9.1649,42.2558],[9.1694,42.2559],[9.1694,42.2525],[9.1742,42.2483],[9.177,42.2505]]]}},{"type":"Feature","properties":{"code":"2B316","nom":"Santa-Reparata-di-Balagna","pop":1024},"geometry":{"type":"Polygon","coordinates":[[[8.9167,42.5985],[8.9189,42.6023],[8.9192,42.604],[8.9168,42.6052],[8.9142,42.6077],[8.9183,42.6125],[8.9174,42.6144],[8.9195,42.6161],[8.9199,42.6185],[8.9231,42.621],[8.9238,42.6263],[8.9271,42.6254],[8.9309,42.6225],[8.9355,42.6223],[8.9417,42.6143],[8.9409,42.61],[8.9448,42.6081],[8.9485,42.6075],[8.9514,42.6049],[8.9522,42.6024],[8.9488,42.6006],[8.9492,42.5874],[8.9419,42.5836],[8.9371,42.5843],[8.9334,42.5838],[8.9292,42.582],[8.925,42.5813],[8.9227,42.5846],[8.9205,42.586],[8.9151,42.5875],[8.9143,42.5927],[8.9167,42.5985]]]}},{"type":"Feature","properties":{"code":"2B317","nom":"Santa-Reparata-di-Moriani","pop":52},"geometry":{"type":"Polygon","coordinates":[[[9.48,42.3418],[9.4785,42.3372],[9.4765,42.3374],[9.473,42.3349],[9.4696,42.3345],[9.4657,42.3351],[9.4616,42.3389],[9.4581,42.3388],[9.4552,42.3392],[9.4511,42.3409],[9.4476,42.3401],[9.4451,42.3407],[9.4396,42.3496],[9.4305,42.3548],[9.4319,42.3569],[9.4326,42.3641],[9.4426,42.367],[9.4511,42.3687],[9.457,42.3638],[9.4659,42.36],[9.4682,42.356],[9.4739,42.3535],[9.4801,42.3526],[9.4787,42.3504],[9.4772,42.3452],[9.4753,42.3417],[9.48,42.3418]]]}},{"type":"Feature","properties":{"code":"2B318","nom":"Taglio-Isolaccio","pop":623},"geometry":{"type":"Polygon","coordinates":[[[9.4619,42.4303],[9.4628,42.4328],[9.4612,42.4336],[9.4579,42.4394],[9.4619,42.4429],[9.4622,42.4461],[9.4655,42.4455],[9.4687,42.4459],[9.4729,42.4449],[9.4771,42.4457],[9.4836,42.4455],[9.4862,42.4441],[9.4934,42.443],[9.4952,42.4439],[9.5029,42.4417],[9.5063,42.4401],[9.5129,42.4412],[9.5171,42.4425],[9.5209,42.4401],[9.5289,42.4397],[9.5297,42.4378],[9.5344,42.4388],[9.5414,42.4386],[9.5417,42.4323],[9.5434,42.4286],[9.5421,42.428],[9.5356,42.4296],[9.5335,42.4289],[9.5292,42.4304],[9.5221,42.4311],[9.5186,42.4289],[9.5161,42.4283],[9.5117,42.426],[9.5083,42.4274],[9.5036,42.4274],[9.5014,42.4258],[9.4944,42.4231],[9.4893,42.4229],[9.486,42.4247],[9.4811,42.4216],[9.4771,42.4213],[9.4785,42.424],[9.4749,42.4259],[9.4739,42.428],[9.4652,42.4307],[9.4619,42.4303]]]}},{"type":"Feature","properties":{"code":"2B319","nom":"Talasani","pop":847},"geometry":{"type":"Polygon","coordinates":[[[9.4718,42.4108],[9.4755,42.4147],[9.48,42.4167],[9.4813,42.4187],[9.4811,42.4216],[9.486,42.4247],[9.4893,42.4229],[9.4944,42.4231],[9.5014,42.4258],[9.5036,42.4274],[9.5083,42.4274],[9.5117,42.426],[9.5161,42.4283],[9.5186,42.4289],[9.5221,42.4311],[9.5292,42.4304],[9.5335,42.4289],[9.5356,42.4296],[9.5421,42.428],[9.5434,42.4286],[9.5418,42.4216],[9.5401,42.4186],[9.5382,42.4116],[9.5309,42.413],[9.529,42.4149],[9.5261,42.4132],[9.5234,42.4127],[9.5184,42.4154],[9.5129,42.4161],[9.5119,42.4115],[9.5097,42.4099],[9.4988,42.4103],[9.4925,42.4086],[9.4935,42.4059],[9.491,42.4042],[9.4859,42.402],[9.4813,42.4014],[9.477,42.4032],[9.4766,42.4049],[9.4741,42.407],[9.4718,42.4108]]]}},{"type":"Feature","properties":{"code":"2B320","nom":"Tallone","pop":288},"geometry":{"type":"Polygon","coordinates":[[[9.4109,42.2491],[9.4174,42.2457],[9.417,42.2428],[9.4234,42.2428],[9.4253,42.2411],[9.4271,42.2375],[9.4295,42.2353],[9.4326,42.235],[9.4314,42.2327],[9.4359,42.2311],[9.4433,42.2261],[9.4471,42.2254],[9.4467,42.2233],[9.4491,42.2211],[9.4522,42.2218],[9.4573,42.2239],[9.4599,42.2241],[9.46,42.2268],[9.4632,42.2283],[9.4668,42.2253],[9.4715,42.2235],[9.4728,42.2218],[9.4714,42.2205],[9.4697,42.2132],[9.4736,42.2053],[9.4769,42.2009],[9.4794,42.1912],[9.4852,42.1881],[9.4874,42.1881],[9.4924,42.1863],[9.4944,42.1836],[9.4967,42.1842],[9.4986,42.1824],[9.5015,42.1829],[9.5034,42.1814],[9.5023,42.1781],[9.5064,42.1783],[9.5068,42.1766],[9.5104,42.1762],[9.5122,42.1744],[9.5158,42.1746],[9.516,42.1727],[9.5132,42.1705],[9.515,42.169],[9.5189,42.169],[9.5195,42.1679],[9.5277,42.167],[9.5312,42.1676],[9.5352,42.1662],[9.5436,42.166],[9.5442,42.1627],[9.547,42.1577],[9.5496,42.1565],[9.5544,42.1567],[9.5544,42.1481],[9.5558,42.1424],[9.5481,42.1466],[9.5455,42.146],[9.5441,42.1438],[9.5438,42.1405],[9.541,42.1373],[9.5396,42.1336],[9.5371,42.1311],[9.5339,42.1303],[9.5281,42.1319],[9.5252,42.1336],[9.5204,42.1347],[9.5185,42.1374],[9.5113,42.1363],[9.509,42.1372],[9.4908,42.1423],[9.4748,42.1406],[9.4627,42.1445],[9.4564,42.1498],[9.4542,42.1501],[9.452,42.1512],[9.4497,42.1552],[9.4469,42.1571],[9.4461,42.1591],[9.4431,42.1616],[9.4384,42.163],[9.4379,42.1678],[9.4348,42.1713],[9.43,42.18],[9.4309,42.1822],[9.4283,42.1849],[9.4283,42.1881],[9.4229,42.1879],[9.4205,42.1886],[9.4202,42.2002],[9.4195,42.2027],[9.4149,42.2052],[9.4101,42.2062],[9.4086,42.2085],[9.4048,42.2099],[9.4029,42.2137],[9.403,42.2156],[9.3959,42.2137],[9.395,42.2156],[9.3972,42.2169],[9.3947,42.2196],[9.3881,42.2213],[9.3851,42.224],[9.3837,42.2273],[9.3847,42.2332],[9.3881,42.2355],[9.3913,42.2388],[9.3964,42.2399],[9.4013,42.2425],[9.4046,42.2463],[9.4047,42.2478],[9.4109,42.2491]]]}},{"type":"Feature","properties":{"code":"2B321","nom":"Tarrano","pop":16},"geometry":{"type":"Polygon","coordinates":[[[9.3897,42.3399],[9.3876,42.3419],[9.3881,42.3448],[9.3914,42.3463],[9.3943,42.3507],[9.3922,42.3539],[9.4021,42.3541],[9.4043,42.3552],[9.4105,42.3558],[9.4119,42.3542],[9.4126,42.3504],[9.4107,42.3471],[9.4126,42.3453],[9.4136,42.3415],[9.4109,42.3402],[9.4127,42.3353],[9.4059,42.335],[9.4031,42.3314],[9.4024,42.3318],[9.3978,42.3327],[9.3945,42.3353],[9.3949,42.3375],[9.3897,42.3399]]]}},{"type":"Feature","properties":{"code":"2B327","nom":"Tomino","pop":184},"geometry":{"type":"Polygon","coordinates":[[[9.4688,42.9366],[9.4538,42.935],[9.4469,42.9356],[9.4276,42.9359],[9.4207,42.9382],[9.4253,42.9403],[9.4267,42.947],[9.4306,42.9484],[9.4339,42.9521],[9.4441,42.9546],[9.4488,42.9547],[9.4517,42.9562],[9.4553,42.9568],[9.4568,42.9523],[9.4562,42.9504],[9.4619,42.9454],[9.4688,42.9366]]]}},{"type":"Feature","properties":{"code":"2B328","nom":"Tox","pop":96},"geometry":{"type":"Polygon","coordinates":[[[9.4728,42.2218],[9.4715,42.2235],[9.4668,42.2253],[9.4632,42.2283],[9.46,42.2268],[9.4599,42.2241],[9.4573,42.2239],[9.4522,42.2218],[9.4491,42.2211],[9.4467,42.2233],[9.4471,42.2254],[9.4433,42.2261],[9.4359,42.2311],[9.4314,42.2327],[9.4326,42.235],[9.4295,42.2353],[9.4271,42.2375],[9.4253,42.2411],[9.4234,42.2428],[9.417,42.2428],[9.4174,42.2457],[9.4109,42.2491],[9.411,42.2524],[9.4095,42.2542],[9.4148,42.2596],[9.4168,42.2608],[9.4282,42.2624],[9.4315,42.2642],[9.4368,42.2649],[9.4416,42.2667],[9.4439,42.2696],[9.4442,42.2659],[9.4474,42.2642],[9.4505,42.2601],[9.4533,42.2545],[9.4535,42.2503],[9.4565,42.2471],[9.4582,42.2465],[9.46,42.2435],[9.4679,42.2422],[9.4712,42.2359],[9.4736,42.2345],[9.4754,42.2308],[9.4765,42.2268],[9.4748,42.2214],[9.4728,42.2218]]]}},{"type":"Feature","properties":{"code":"2B329","nom":"Tralonca","pop":118},"geometry":{"type":"Polygon","coordinates":[[[9.2384,42.3525],[9.2347,42.3501],[9.2276,42.3467],[9.2244,42.3469],[9.2187,42.3386],[9.2163,42.3373],[9.2119,42.3326],[9.2081,42.3328],[9.2052,42.332],[9.1978,42.329],[9.1942,42.3282],[9.1951,42.3256],[9.1945,42.3226],[9.1914,42.3228],[9.19,42.3194],[9.1805,42.3179],[9.1722,42.3201],[9.1724,42.3232],[9.1741,42.328],[9.1701,42.3288],[9.17,42.331],[9.1599,42.3311],[9.1546,42.3394],[9.1529,42.3447],[9.1542,42.3462],[9.1573,42.3471],[9.1598,42.3457],[9.1644,42.3474],[9.1689,42.3468],[9.1736,42.348],[9.1782,42.347],[9.1814,42.3492],[9.1847,42.3499],[9.1883,42.3519],[9.1893,42.3536],[9.1923,42.3545],[9.1932,42.358],[9.195,42.3556],[9.1992,42.3575],[9.2012,42.3561],[9.2028,42.3529],[9.2089,42.352],[9.2109,42.3529],[9.2119,42.3553],[9.2159,42.36],[9.2231,42.3591],[9.2244,42.3584],[9.2295,42.3585],[9.2321,42.3559],[9.2342,42.3552],[9.2384,42.3525]]]}},{"type":"Feature","properties":{"code":"2B332","nom":"Urtaca","pop":263},"geometry":{"type":"Polygon","coordinates":[[[9.1348,42.6076],[9.1315,42.6087],[9.1298,42.6126],[9.1241,42.6151],[9.1186,42.6217],[9.1133,42.626],[9.1099,42.626],[9.1097,42.6292],[9.1077,42.6302],[9.1067,42.6327],[9.1048,42.6331],[9.1006,42.6367],[9.1002,42.6389],[9.0959,42.6457],[9.0975,42.65],[9.1015,42.6513],[9.1064,42.6558],[9.1114,42.6568],[9.1122,42.6585],[9.1167,42.6608],[9.1195,42.6608],[9.1233,42.6558],[9.1287,42.6515],[9.1302,42.648],[9.134,42.6461],[9.1352,42.6444],[9.1422,42.6423],[9.1446,42.6424],[9.151,42.6386],[9.1542,42.638],[9.1598,42.6351],[9.1658,42.6308],[9.1676,42.6312],[9.1728,42.6273],[9.1738,42.6249],[9.173,42.6223],[9.174,42.6185],[9.1751,42.6175],[9.1808,42.6169],[9.1825,42.6174],[9.1856,42.6145],[9.1863,42.6115],[9.1901,42.6089],[9.195,42.6086],[9.1966,42.6066],[9.202,42.6052],[9.2061,42.6016],[9.2092,42.598],[9.2097,42.5946],[9.1777,42.5913],[9.1658,42.5907],[9.1591,42.5913],[9.1584,42.5934],[9.1553,42.5933],[9.1525,42.5943],[9.1403,42.5958],[9.1378,42.6044],[9.1348,42.6076]]]}},{"type":"Feature","properties":{"code":"2B333","nom":"Vallecalle","pop":169},"geometry":{"type":"Polygon","coordinates":[[[9.3114,42.6183],[9.3208,42.6178],[9.3244,42.6168],[9.327,42.613],[9.3304,42.6125],[9.3356,42.6081],[9.3412,42.609],[9.3432,42.6071],[9.3472,42.6059],[9.3505,42.6039],[9.3527,42.5995],[9.3568,42.5978],[9.3632,42.5918],[9.3598,42.5914],[9.3573,42.5884],[9.3545,42.5884],[9.3504,42.5873],[9.3468,42.5822],[9.3444,42.5824],[9.3436,42.586],[9.3411,42.5873],[9.3367,42.5867],[9.3318,42.5899],[9.331,42.5925],[9.3291,42.5938],[9.3297,42.5958],[9.325,42.5959],[9.3212,42.598],[9.3159,42.5994],[9.3165,42.601],[9.3206,42.6026],[9.3218,42.6073],[9.3194,42.609],[9.318,42.6119],[9.3149,42.6143],[9.3155,42.6163],[9.3114,42.6183]]]}},{"type":"Feature","properties":{"code":"2B334","nom":"Valle-d'Alesani","pop":124},"geometry":{"type":"Polygon","coordinates":[[[9.4133,42.3179],[9.4132,42.3191],[9.4076,42.3247],[9.4063,42.3265],[9.4033,42.3278],[9.4031,42.3314],[9.4059,42.335],[9.4127,42.3353],[9.4143,42.336],[9.4208,42.3371],[9.4287,42.3361],[9.4333,42.3374],[9.4337,42.3397],[9.4385,42.3406],[9.4402,42.3401],[9.4451,42.3407],[9.4476,42.3401],[9.4511,42.3409],[9.4552,42.3392],[9.4581,42.3388],[9.4571,42.3356],[9.4607,42.3326],[9.4584,42.3278],[9.456,42.3256],[9.4571,42.3236],[9.4548,42.3194],[9.4561,42.316],[9.4487,42.313],[9.4465,42.3152],[9.4384,42.3167],[9.4343,42.3184],[9.4324,42.3174],[9.4297,42.3195],[9.427,42.3177],[9.4218,42.3211],[9.4133,42.3179]]]}},{"type":"Feature","properties":{"code":"2B335","nom":"Valle-di-Campoloro","pop":336},"geometry":{"type":"Polygon","coordinates":[[[9.4785,42.3372],[9.48,42.3418],[9.4896,42.3415],[9.4941,42.34],[9.498,42.3407],[9.5009,42.3399],[9.5061,42.3394],[9.5134,42.341],[9.5151,42.3426],[9.5197,42.3429],[9.5203,42.342],[9.5305,42.3419],[9.5335,42.3426],[9.5361,42.3384],[9.5414,42.3372],[9.5418,42.3332],[9.5434,42.3284],[9.5368,42.3268],[9.536,42.3246],[9.5291,42.3286],[9.5289,42.3297],[9.5243,42.3299],[9.519,42.3315],[9.5162,42.3301],[9.5139,42.3307],[9.5088,42.3296],[9.4985,42.3316],[9.4862,42.3358],[9.4785,42.3372]]]}},{"type":"Feature","properties":{"code":"2B337","nom":"Valle-di-Rostino","pop":167},"geometry":{"type":"Polygon","coordinates":[[[9.3081,42.4481],[9.3048,42.4463],[9.2967,42.4445],[9.2905,42.4451],[9.2844,42.4447],[9.2816,42.4454],[9.2754,42.4449],[9.2693,42.4467],[9.2664,42.4487],[9.2626,42.4481],[9.256,42.4504],[9.253,42.4504],[9.2486,42.4538],[9.2429,42.4529],[9.2401,42.4547],[9.2378,42.4579],[9.2283,42.4594],[9.2272,42.4611],[9.2235,42.4636],[9.2134,42.467],[9.2105,42.4693],[9.2102,42.4717],[9.2129,42.4706],[9.2197,42.4735],[9.2251,42.4725],[9.2289,42.4704],[9.2365,42.4693],[9.2411,42.4715],[9.2496,42.4701],[9.2545,42.4745],[9.2619,42.4756],[9.2674,42.4726],[9.2722,42.4717],[9.2741,42.4705],[9.2787,42.4707],[9.2798,42.4723],[9.2847,42.4717],[9.2933,42.4668],[9.2964,42.4625],[9.2972,42.4596],[9.3021,42.4574],[9.3081,42.4481]]]}},{"type":"Feature","properties":{"code":"2B338","nom":"Valle-d'Orezza","pop":25},"geometry":{"type":"Polygon","coordinates":[[[9.3811,42.365],[9.3842,42.366],[9.3895,42.3658],[9.3916,42.3678],[9.3918,42.3701],[9.3936,42.3727],[9.3975,42.3717],[9.4002,42.3736],[9.4022,42.3732],[9.4031,42.3696],[9.4074,42.3678],[9.41,42.3681],[9.4148,42.3657],[9.4164,42.3636],[9.419,42.3632],[9.4226,42.3593],[9.4255,42.3584],[9.4269,42.3565],[9.4305,42.3548],[9.4219,42.3554],[9.4194,42.3569],[9.4124,42.3575],[9.4105,42.3558],[9.4043,42.3552],[9.4021,42.3541],[9.3922,42.3539],[9.3909,42.3601],[9.3871,42.3631],[9.3811,42.365]]]}},{"type":"Feature","properties":{"code":"2B339","nom":"Vallica","pop":29},"geometry":{"type":"Polygon","coordinates":[[[9.0612,42.5045],[9.0565,42.5001],[9.0523,42.4977],[9.0502,42.499],[9.0467,42.499],[9.0448,42.4968],[9.0414,42.4955],[9.0361,42.4951],[9.0375,42.4974],[9.0371,42.4991],[9.0395,42.501],[9.0405,42.5094],[9.0404,42.5121],[9.0377,42.5141],[9.035,42.5194],[9.0372,42.5205],[9.0373,42.523],[9.0396,42.5232],[9.0402,42.5332],[9.0415,42.5347],[9.0446,42.5335],[9.0498,42.533],[9.0635,42.5336],[9.0699,42.5345],[9.0734,42.5361],[9.0748,42.5381],[9.0773,42.5354],[9.0772,42.5333],[9.0788,42.5307],[9.0776,42.5291],[9.0818,42.5202],[9.078,42.507],[9.0716,42.5059],[9.0712,42.5049],[9.0657,42.504],[9.0612,42.5045]]]}},{"type":"Feature","properties":{"code":"2B340","nom":"Velone-Orneto","pop":101},"geometry":{"type":"Polygon","coordinates":[[[9.4203,42.3852],[9.4243,42.3913],[9.4276,42.3957],[9.4281,42.3982],[9.436,42.3998],[9.4449,42.4036],[9.4469,42.404],[9.4493,42.4028],[9.461,42.4036],[9.4658,42.4054],[9.4688,42.4075],[9.4718,42.4108],[9.4741,42.407],[9.4766,42.4049],[9.477,42.4032],[9.4813,42.4014],[9.4859,42.402],[9.4881,42.3968],[9.4876,42.3937],[9.4886,42.3924],[9.4879,42.3896],[9.4865,42.3882],[9.4828,42.3879],[9.4797,42.3893],[9.4784,42.3885],[9.475,42.3891],[9.4732,42.3874],[9.4681,42.3882],[9.4653,42.3877],[9.4609,42.3898],[9.4578,42.3882],[9.4562,42.3852],[9.452,42.3823],[9.4467,42.377],[9.4392,42.3756],[9.435,42.3689],[9.4345,42.3662],[9.4326,42.3641],[9.4267,42.3712],[9.4265,42.3727],[9.4272,42.3743],[9.4267,42.3794],[9.4252,42.3802],[9.4233,42.3833],[9.4203,42.3852]]]}},{"type":"Feature","properties":{"code":"2B341","nom":"Venaco","pop":644},"geometry":{"type":"Polygon","coordinates":[[[9.2452,42.2279],[9.2368,42.2274],[9.2328,42.2266],[9.233,42.2252],[9.227,42.225],[9.2229,42.2241],[9.2174,42.2248],[9.2143,42.2235],[9.2108,42.2208],[9.2086,42.2211],[9.2069,42.2234],[9.2045,42.2244],[9.2001,42.224],[9.1989,42.2215],[9.1954,42.2193],[9.1918,42.2198],[9.1882,42.2211],[9.1871,42.2186],[9.1879,42.2161],[9.1859,42.2157],[9.1852,42.2123],[9.1798,42.2079],[9.1772,42.2042],[9.1778,42.2026],[9.175,42.1996],[9.1736,42.1978],[9.1707,42.1967],[9.1699,42.1939],[9.1683,42.1933],[9.1633,42.193],[9.1621,42.1944],[9.1519,42.1948],[9.1472,42.191],[9.1443,42.191],[9.1334,42.1883],[9.1308,42.1884],[9.1268,42.1859],[9.1234,42.1823],[9.1181,42.1834],[9.116,42.1847],[9.1132,42.1847],[9.1095,42.186],[9.095,42.1881],[9.0896,42.1874],[9.0856,42.1883],[9.0836,42.1913],[9.064,42.1934],[9.0586,42.195],[9.0551,42.1938],[9.0531,42.1941],[9.049,42.193],[9.0467,42.1991],[9.0475,42.2029],[9.0455,42.2075],[9.0461,42.2106],[9.049,42.2115],[9.0526,42.2165],[9.0571,42.2161],[9.0594,42.2128],[9.0619,42.2108],[9.0652,42.2104],[9.0699,42.2076],[9.0753,42.2097],[9.0783,42.2133],[9.0809,42.2146],[9.0853,42.2156],[9.0879,42.2149],[9.0921,42.2171],[9.096,42.2228],[9.0989,42.2258],[9.1024,42.2259],[9.1105,42.2285],[9.1202,42.2305],[9.1206,42.2338],[9.1236,42.2389],[9.1493,42.2385],[9.154,42.2402],[9.1636,42.2412],[9.1702,42.2401],[9.1747,42.2435],[9.1775,42.2432],[9.1811,42.2408],[9.1843,42.2401],[9.1911,42.236],[9.195,42.2361],[9.1973,42.2371],[9.2,42.2365],[9.202,42.2377],[9.205,42.2374],[9.207,42.2386],[9.2127,42.237],[9.2151,42.2357],[9.2232,42.237],[9.2292,42.2406],[9.2306,42.2374],[9.2358,42.2353],[9.2382,42.2329],[9.2413,42.2323],[9.2423,42.2303],[9.2454,42.228],[9.2452,42.2279]]]}},{"type":"Feature","properties":{"code":"2B342","nom":"Ventiseri","pop":2629},"geometry":{"type":"Polygon","coordinates":[[[9.4087,41.9068],[9.4052,41.907],[9.4041,41.9087],[9.3981,41.9104],[9.3908,41.9112],[9.3861,41.9139],[9.3801,41.9159],[9.3773,41.9173],[9.3661,41.92],[9.3539,41.9206],[9.3504,41.9221],[9.3473,41.9214],[9.3457,41.92],[9.3409,41.9193],[9.3316,41.9214],[9.3298,41.9228],[9.324,41.9219],[9.321,41.9231],[9.3203,41.9255],[9.3155,41.9248],[9.3119,41.9213],[9.3089,41.9237],[9.3053,41.9211],[9.3044,41.9254],[9.3003,41.9266],[9.3031,41.9282],[9.3007,41.9329],[9.3019,41.9359],[9.3043,41.9368],[9.3039,41.94],[9.3016,41.9423],[9.3016,41.9453],[9.3,41.9468],[9.2945,41.95],[9.3117,41.9561],[9.3265,41.9584],[9.3363,41.9615],[9.3388,41.9636],[9.341,41.9639],[9.3445,41.9663],[9.3444,41.9693],[9.3564,41.9677],[9.3586,41.9691],[9.3614,41.9686],[9.3644,41.9696],[9.37,41.9687],[9.375,41.9704],[9.3845,41.9692],[9.3953,41.9684],[9.408,41.9678],[9.4092,41.9623],[9.4076,41.9595],[9.4089,41.9569],[9.4061,41.9552],[9.4092,41.9515],[9.4078,41.9413],[9.4101,41.9386],[9.4129,41.938],[9.415,41.935],[9.4162,41.9288],[9.4148,41.924],[9.4132,41.9218],[9.4123,41.9177],[9.4136,41.9151],[9.4128,41.9127],[9.4087,41.9068]]]}},{"type":"Feature","properties":{"code":"2B343","nom":"Venzolasca","pop":1874},"geometry":{"type":"Polygon","coordinates":[[[9.5331,42.5238],[9.5343,42.5233],[9.5341,42.5199],[9.5306,42.505],[9.5299,42.4955],[9.5192,42.4957],[9.5148,42.497],[9.5082,42.4981],[9.5073,42.496],[9.4899,42.4916],[9.4813,42.489],[9.4798,42.4865],[9.4734,42.4839],[9.4693,42.4835],[9.4676,42.4824],[9.4644,42.4822],[9.4598,42.4792],[9.4578,42.479],[9.4493,42.4804],[9.4459,42.4791],[9.4446,42.4766],[9.4426,42.4757],[9.4467,42.4837],[9.4446,42.4866],[9.4469,42.4892],[9.4496,42.4903],[9.4484,42.4921],[9.4556,42.4936],[9.4564,42.4946],[9.4623,42.4971],[9.4635,42.4985],[9.467,42.4993],[9.4643,42.5025],[9.4681,42.5033],[9.4665,42.506],[9.4718,42.5067],[9.4738,42.5062],[9.4787,42.5067],[9.4818,42.5098],[9.4812,42.5112],[9.4854,42.514],[9.4913,42.514],[9.4971,42.5157],[9.5068,42.5168],[9.5076,42.5207],[9.5178,42.5221],[9.523,42.5203],[9.5297,42.5219],[9.5331,42.5238]]]}},{"type":"Feature","properties":{"code":"2B344","nom":"Verdèse","pop":42},"geometry":{"type":"Polygon","coordinates":[[[9.365,42.3879],[9.3623,42.391],[9.3633,42.3933],[9.3673,42.396],[9.3695,42.3955],[9.3751,42.397],[9.3832,42.3979],[9.3853,42.3991],[9.3827,42.3958],[9.38,42.3937],[9.3736,42.3902],[9.3692,42.3901],[9.365,42.3879]]]}},{"type":"Feature","properties":{"code":"2B346","nom":"Vescovato","pop":3406},"geometry":{"type":"Polygon","coordinates":[[[9.4535,42.5251],[9.458,42.5257],[9.4646,42.5286],[9.4664,42.5313],[9.4696,42.5324],[9.4692,42.5338],[9.4759,42.5355],[9.4801,42.5331],[9.4835,42.5333],[9.4856,42.5365],[9.4878,42.5368],[9.4924,42.5336],[9.4974,42.5347],[9.4996,42.5375],[9.5048,42.5354],[9.5105,42.5353],[9.5132,42.5344],[9.5149,42.5318],[9.5187,42.531],[9.5205,42.5296],[9.5203,42.5259],[9.5213,42.5243],[9.5248,42.5238],[9.5292,42.5256],[9.5331,42.5238],[9.5297,42.5219],[9.523,42.5203],[9.5178,42.5221],[9.5076,42.5207],[9.5068,42.5168],[9.4971,42.5157],[9.4913,42.514],[9.4854,42.514],[9.4812,42.5112],[9.4818,42.5098],[9.4787,42.5067],[9.4738,42.5062],[9.4718,42.5067],[9.4665,42.506],[9.4681,42.5033],[9.4643,42.5025],[9.467,42.4993],[9.4635,42.4985],[9.4623,42.4971],[9.4564,42.4946],[9.4556,42.4936],[9.4484,42.4921],[9.4496,42.4903],[9.4469,42.4892],[9.4446,42.4866],[9.4401,42.4878],[9.4351,42.4876],[9.4296,42.4902],[9.418,42.492],[9.4248,42.4962],[9.4339,42.4994],[9.4388,42.499],[9.4418,42.5012],[9.4461,42.5029],[9.4505,42.5039],[9.4492,42.5088],[9.4511,42.5116],[9.4502,42.5155],[9.4505,42.5183],[9.4479,42.5207],[9.4522,42.5231],[9.4535,42.5251]]]}},{"type":"Feature","properties":{"code":"2B347","nom":"Vezzani","pop":269},"geometry":{"type":"Polygon","coordinates":[[[9.2194,42.163],[9.2193,42.1653],[9.2296,42.1758],[9.2298,42.1769],[9.2338,42.178],[9.2384,42.1812],[9.2456,42.183],[9.2496,42.1854],[9.2545,42.1865],[9.2575,42.1918],[9.258,42.194],[9.2607,42.1976],[9.2655,42.1997],[9.2691,42.1962],[9.279,42.1956],[9.288,42.1992],[9.2918,42.1992],[9.2943,42.2005],[9.2964,42.1993],[9.2973,42.1963],[9.2958,42.1915],[9.3084,42.1886],[9.3087,42.1863],[9.3122,42.187],[9.3167,42.1805],[9.3165,42.1769],[9.3153,42.1725],[9.3178,42.1683],[9.3171,42.1646],[9.3146,42.1588],[9.3186,42.1524],[9.3205,42.1507],[9.327,42.1483],[9.3318,42.1478],[9.337,42.1455],[9.3435,42.1448],[9.3422,42.1428],[9.3426,42.1389],[9.3442,42.1342],[9.3468,42.1309],[9.3519,42.1285],[9.3517,42.1272],[9.3569,42.1237],[9.3581,42.1194],[9.3562,42.1171],[9.3623,42.1093],[9.3664,42.1057],[9.366,42.1021],[9.3678,42.0996],[9.3633,42.1],[9.3637,42.1032],[9.3605,42.1037],[9.3558,42.106],[9.3453,42.1072],[9.3432,42.1088],[9.3435,42.111],[9.3395,42.1144],[9.3349,42.117],[9.329,42.1142],[9.325,42.1153],[9.3213,42.1172],[9.3203,42.1188],[9.3177,42.1185],[9.3129,42.1219],[9.3096,42.1249],[9.3068,42.1295],[9.3071,42.1317],[9.3033,42.1329],[9.3036,42.1344],[9.2971,42.1391],[9.2937,42.1402],[9.2944,42.1414],[9.2873,42.1463],[9.2864,42.1485],[9.2838,42.149],[9.2816,42.1512],[9.2795,42.1573],[9.2767,42.162],[9.2765,42.1659],[9.2747,42.1664],[9.272,42.1694],[9.2679,42.1677],[9.2574,42.1613],[9.2545,42.1584],[9.2488,42.1547],[9.2486,42.1531],[9.2516,42.1495],[9.2535,42.1451],[9.2507,42.1435],[9.2509,42.1414],[9.247,42.1413],[9.2453,42.1421],[9.2418,42.1417],[9.2384,42.1428],[9.2368,42.1453],[9.2334,42.1531],[9.2311,42.1537],[9.2261,42.1601],[9.2226,42.1629],[9.2194,42.163]]]}},{"type":"Feature","properties":{"code":"2B350","nom":"Vignale","pop":222},"geometry":{"type":"Polygon","coordinates":[[[9.3957,42.5501],[9.3989,42.5493],[9.4042,42.5468],[9.4057,42.5432],[9.4053,42.5418],[9.4073,42.5394],[9.4152,42.5372],[9.4185,42.5357],[9.4213,42.5311],[9.4263,42.5283],[9.428,42.5257],[9.4284,42.5222],[9.4272,42.5192],[9.4259,42.5207],[9.4233,42.5185],[9.4199,42.5185],[9.4146,42.5253],[9.4114,42.5255],[9.4101,42.5228],[9.4039,42.5224],[9.4011,42.5215],[9.3979,42.5202],[9.3913,42.522],[9.3871,42.5242],[9.3855,42.5283],[9.3808,42.5317],[9.3739,42.5337],[9.3746,42.5361],[9.374,42.5416],[9.371,42.5449],[9.3729,42.5488],[9.3752,42.5559],[9.3776,42.5579],[9.3822,42.5599],[9.3873,42.5575],[9.3918,42.5509],[9.3957,42.5501]]]}},{"type":"Feature","properties":{"code":"2B352","nom":"Ville-di-Paraso","pop":205},"geometry":{"type":"Polygon","coordinates":[[[8.9751,42.6136],[8.9796,42.6176],[8.9825,42.6183],[8.9849,42.6205],[8.9858,42.6136],[8.9894,42.6096],[8.9915,42.6009],[8.9943,42.5941],[8.9981,42.5919],[8.9998,42.5853],[8.9955,42.5841],[8.9966,42.5818],[8.9954,42.578],[8.9927,42.5759],[8.9934,42.5737],[8.9992,42.5686],[9.0014,42.5676],[9.0044,42.569],[9.0052,42.5655],[9.007,42.5631],[9.0082,42.5594],[9.0077,42.554],[8.9983,42.5519],[8.9985,42.5486],[8.9934,42.5529],[8.9905,42.5541],[8.9846,42.561],[8.9828,42.5659],[8.984,42.5719],[8.9841,42.5803],[8.9807,42.5823],[8.9777,42.5883],[8.9781,42.5957],[8.9775,42.5984],[8.9758,42.6002],[8.9758,42.6032],[8.9774,42.6044],[8.9759,42.6062],[8.9782,42.6087],[8.9781,42.6119],[8.9751,42.6136]]]}},{"type":"Feature","properties":{"code":"2B353","nom":"Ville-di-Pietrabugno","pop":3215},"geometry":{"type":"Polygon","coordinates":[[[9.4047,42.705],[9.4037,42.7091],[9.405,42.7124],[9.4079,42.7149],[9.4079,42.7192],[9.4057,42.7211],[9.4025,42.7269],[9.3962,42.7279],[9.4017,42.7282],[9.4116,42.7263],[9.4166,42.7244],[9.4269,42.7258],[9.4307,42.7247],[9.4372,42.7245],[9.4416,42.7224],[9.4486,42.7219],[9.4534,42.7171],[9.4563,42.7176],[9.4564,42.7152],[9.4546,42.7084],[9.4505,42.7106],[9.4459,42.7101],[9.4453,42.7083],[9.4423,42.7078],[9.4419,42.7063],[9.4385,42.706],[9.4323,42.7077],[9.4211,42.7094],[9.4179,42.7081],[9.417,42.7066],[9.4131,42.705],[9.4047,42.705]]]}},{"type":"Feature","properties":{"code":"2B354","nom":"Vivario","pop":409},"geometry":{"type":"Polygon","coordinates":[[[9.0482,42.1757],[9.0492,42.1777],[9.0476,42.1815],[9.0505,42.1869],[9.0509,42.1899],[9.049,42.193],[9.0531,42.1941],[9.0551,42.1938],[9.0586,42.195],[9.064,42.1934],[9.0836,42.1913],[9.0856,42.1883],[9.0896,42.1874],[9.095,42.1881],[9.1095,42.186],[9.1132,42.1847],[9.116,42.1847],[9.1181,42.1834],[9.1234,42.1823],[9.1268,42.1859],[9.1308,42.1884],[9.1334,42.1883],[9.1443,42.191],[9.1472,42.191],[9.1519,42.1948],[9.1621,42.1944],[9.1633,42.193],[9.1683,42.1933],[9.1687,42.1898],[9.1721,42.1882],[9.1744,42.1851],[9.1741,42.1826],[9.1752,42.1785],[9.178,42.1763],[9.1779,42.1738],[9.1801,42.1712],[9.1801,42.169],[9.1772,42.1643],[9.178,42.1627],[9.1758,42.1589],[9.176,42.1565],[9.1734,42.155],[9.1725,42.1529],[9.1721,42.1481],[9.1746,42.1442],[9.1776,42.1409],[9.1801,42.1406],[9.1784,42.139],[9.1782,42.1334],[9.1716,42.1312],[9.1688,42.1287],[9.1672,42.1247],[9.1639,42.1223],[9.1591,42.1154],[9.1571,42.1145],[9.1558,42.1121],[9.1514,42.1105],[9.1505,42.1088],[9.1515,42.104],[9.1486,42.1011],[9.1434,42.0986],[9.141,42.0983],[9.1382,42.0962],[9.1371,42.0939],[9.1338,42.0909],[9.1318,42.0913],[9.1255,42.0986],[9.1248,42.1051],[9.1205,42.1071],[9.1177,42.1098],[9.1144,42.1095],[9.1122,42.1116],[9.1117,42.1137],[9.1034,42.1165],[9.0985,42.116],[9.0954,42.1151],[9.0927,42.1163],[9.0878,42.1199],[9.0841,42.1247],[9.0801,42.1268],[9.0783,42.1268],[9.0766,42.129],[9.0712,42.1297],[9.0743,42.1321],[9.0768,42.1366],[9.073,42.1461],[9.0703,42.15],[9.0719,42.1546],[9.0661,42.1578],[9.0654,42.167],[9.0626,42.1673],[9.0563,42.1693],[9.0508,42.1699],[9.0496,42.1709],[9.0482,42.1757]]]}},{"type":"Feature","properties":{"code":"2B355","nom":"Volpajola","pop":418},"geometry":{"type":"Polygon","coordinates":[[[9.4011,42.5215],[9.4046,42.5181],[9.4031,42.5157],[9.3965,42.5184],[9.3949,42.5181],[9.3965,42.5144],[9.3959,42.5102],[9.3964,42.5074],[9.3933,42.5043],[9.388,42.504],[9.3857,42.5051],[9.3849,42.51],[9.384,42.5104],[9.3741,42.5077],[9.3698,42.5052],[9.3651,42.5052],[9.3615,42.5061],[9.3546,42.5088],[9.3509,42.5092],[9.3489,42.5107],[9.3389,42.5102],[9.3374,42.5065],[9.335,42.5059],[9.3334,42.5086],[9.3318,42.5148],[9.3333,42.519],[9.3321,42.5263],[9.3342,42.537],[9.3375,42.5382],[9.3427,42.5441],[9.3461,42.5452],[9.3527,42.5367],[9.3524,42.5348],[9.3592,42.5265],[9.3642,42.5239],[9.369,42.5228],[9.3716,42.5248],[9.3732,42.5244],[9.3781,42.5261],[9.3826,42.5219],[9.3913,42.522],[9.3979,42.5202],[9.4011,42.5215]]]}},{"type":"Feature","properties":{"code":"2B356","nom":"Zalana","pop":153},"geometry":{"type":"Polygon","coordinates":[[[9.3815,42.2342],[9.3793,42.232],[9.3737,42.2347],[9.3659,42.2363],[9.3647,42.2387],[9.3611,42.2395],[9.3601,42.2451],[9.3614,42.2463],[9.3675,42.2487],[9.3663,42.2502],[9.3685,42.2534],[9.3668,42.2568],[9.3592,42.26],[9.3571,42.2622],[9.3572,42.2683],[9.3563,42.2702],[9.3584,42.2726],[9.3624,42.2742],[9.3679,42.2721],[9.3696,42.2732],[9.3783,42.2732],[9.3801,42.2719],[9.3837,42.2716],[9.388,42.2665],[9.3917,42.2652],[9.392,42.2674],[9.3959,42.2673],[9.3971,42.2662],[9.398,42.2642],[9.4044,42.2628],[9.4041,42.26],[9.4058,42.2558],[9.4095,42.2542],[9.411,42.2524],[9.4109,42.2491],[9.4047,42.2478],[9.4046,42.2463],[9.4013,42.2425],[9.3964,42.2399],[9.3913,42.2388],[9.3881,42.2355],[9.3847,42.2332],[9.3815,42.2342]]]}},{"type":"Feature","properties":{"code":"2B361","nom":"Zilia","pop":320},"geometry":{"type":"Polygon","coordinates":[[[8.9073,42.5382],[8.9129,42.5349],[8.916,42.5341],[8.9158,42.5299],[8.9178,42.5271],[8.9262,42.5237],[8.9323,42.5197],[8.9351,42.5174],[8.9396,42.5159],[8.9378,42.5126],[8.9309,42.5097],[8.9284,42.5067],[8.9242,42.5037],[8.9225,42.5011],[8.9189,42.498],[8.9149,42.5009],[8.9106,42.5017],[8.9081,42.5034],[8.8982,42.5055],[8.8901,42.5113],[8.8866,42.5126],[8.8825,42.5113],[8.8767,42.5146],[8.8741,42.5169],[8.8714,42.5161],[8.869,42.5179],[8.8686,42.5202],[8.8641,42.5197],[8.8635,42.5207],[8.858,42.5236],[8.8651,42.5241],[8.8722,42.5251],[8.8745,42.5272],[8.8805,42.5291],[8.8819,42.5311],[8.888,42.5309],[8.8893,42.5327],[8.8973,42.5359],[8.8994,42.5356],[8.9073,42.5382]]]}},{"type":"Feature","properties":{"code":"2B364","nom":"Zuani","pop":37},"geometry":{"type":"Polygon","coordinates":[[[9.3351,42.2799],[9.3412,42.2767],[9.3451,42.2758],[9.3486,42.2761],[9.3507,42.2749],[9.3542,42.2711],[9.3584,42.2726],[9.3563,42.2702],[9.3572,42.2683],[9.3571,42.2622],[9.3493,42.2608],[9.3458,42.2583],[9.3447,42.2563],[9.3483,42.2513],[9.3502,42.2505],[9.3448,42.2512],[9.3386,42.2507],[9.3373,42.2526],[9.3311,42.2555],[9.3308,42.2586],[9.326,42.2639],[9.3264,42.2662],[9.3286,42.2695],[9.3288,42.2722],[9.3307,42.2753],[9.335,42.2787],[9.3351,42.2799]]]}},{"type":"Feature","properties":{"code":"2B365","nom":"San-Gavino-di-Fiumorbo","pop":99},"geometry":{"type":"Polygon","coordinates":[[[9.2227,41.9494],[9.2232,41.9549],[9.2251,41.9595],[9.2234,41.9627],[9.2237,41.9666],[9.2255,41.9711],[9.2202,41.9752],[9.2214,41.981],[9.2194,41.9827],[9.2188,41.9863],[9.2201,41.9896],[9.2283,41.9899],[9.234,41.9892],[9.2387,41.9902],[9.2453,41.993],[9.2506,41.9942],[9.2537,41.9975],[9.2599,41.9984],[9.2672,41.9946],[9.2707,41.9936],[9.2751,41.9954],[9.2768,41.9971],[9.2806,41.9961],[9.2834,41.9945],[9.2821,41.9923],[9.2844,41.9905],[9.2866,41.9872],[9.2915,41.987],[9.2954,41.988],[9.2975,41.986],[9.2961,41.9847],[9.2926,41.9848],[9.2897,41.9816],[9.2867,41.9815],[9.2825,41.9795],[9.2792,41.9806],[9.277,41.9783],[9.2777,41.9741],[9.2758,41.9728],[9.2699,41.9714],[9.2678,41.9699],[9.2667,41.9676],[9.2611,41.9643],[9.256,41.9582],[9.2517,41.9554],[9.2489,41.95],[9.2441,41.9465],[9.2409,41.9415],[9.2377,41.9411],[9.2336,41.9378],[9.2307,41.9327],[9.2239,41.9343],[9.2208,41.9366],[9.2158,41.9417],[9.2169,41.9435],[9.2211,41.9461],[9.2227,41.9494]]]}},{"type":"Feature","properties":{"code":"2B366","nom":"Chisa","pop":104},"geometry":{"type":"Polygon","coordinates":[[[9.2136,41.9173],[9.2201,41.9218],[9.2223,41.9224],[9.2236,41.9248],[9.2307,41.9327],[9.2355,41.9348],[9.24,41.9343],[9.2435,41.9359],[9.2495,41.9409],[9.2595,41.9443],[9.2611,41.9458],[9.2663,41.9474],[9.2701,41.9505],[9.2756,41.9489],[9.2809,41.9463],[9.2851,41.9474],[9.2911,41.948],[9.2945,41.95],[9.3,41.9468],[9.3016,41.9453],[9.3016,41.9423],[9.3039,41.94],[9.3043,41.9368],[9.3019,41.9359],[9.3007,41.9329],[9.3031,41.9282],[9.3003,41.9266],[9.3044,41.9254],[9.3053,41.9211],[9.3089,41.9237],[9.3119,41.9213],[9.3086,41.9213],[9.306,41.9176],[9.3009,41.9155],[9.2971,41.9153],[9.2937,41.9137],[9.291,41.9111],[9.2865,41.9094],[9.2849,41.9063],[9.2813,41.9056],[9.2794,41.9025],[9.2772,41.9011],[9.2733,41.8955],[9.2707,41.8935],[9.2651,41.8925],[9.2604,41.888],[9.2588,41.885],[9.2563,41.8848],[9.2502,41.8821],[9.2426,41.8822],[9.238,41.8788],[9.2362,41.8757],[9.2352,41.8795],[9.2394,41.8846],[9.2409,41.8853],[9.2463,41.8922],[9.2476,41.893],[9.2523,41.8992],[9.2484,41.9102],[9.2449,41.9093],[9.2374,41.9129],[9.2374,41.9141],[9.2339,41.9161],[9.2299,41.916],[9.2201,41.9146],[9.2174,41.9134],[9.2136,41.9173]]]}}]}