{"type":"FeatureCollection","features":[{"type":"Feature","properties":{"code":"37001","nom":"Abilly","pop":1116},"geometry":{"type":"Polygon","coordinates":[[[0.7038,46.9094],[0.7058,46.9138],[0.708,46.9152],[0.709,46.9177],[0.7081,46.9208],[0.7043,46.9239],[0.7032,46.9261],[0.7033,46.9292],[0.706,46.9357],[0.7061,46.9378],[0.7033,46.947],[0.7016,46.9501],[0.6961,46.9568],[0.696,46.9594],[0.695,46.9625],[0.7,46.9632],[0.7057,46.9634],[0.7065,46.9643],[0.7042,46.9695],[0.706,46.9702],[0.7115,46.9687],[0.7152,46.9687],[0.7233,46.97],[0.7247,46.9715],[0.7283,46.9716],[0.7437,46.9694],[0.7523,46.9702],[0.7553,46.9668],[0.761,46.9642],[0.7634,46.9556],[0.7638,46.9515],[0.7679,46.9502],[0.7708,46.9504],[0.781,46.9498],[0.7856,46.9491],[0.7847,46.9475],[0.7862,46.9437],[0.7744,46.9451],[0.7706,46.9434],[0.7701,46.9418],[0.7655,46.9384],[0.7656,46.9375],[0.7588,46.9343],[0.7588,46.931],[0.769,46.9301],[0.7659,46.9243],[0.7655,46.9218],[0.7671,46.9205],[0.7641,46.9162],[0.7604,46.9142],[0.7546,46.9108],[0.7476,46.9151],[0.7422,46.915],[0.7368,46.9142],[0.734,46.9147],[0.7356,46.9096],[0.7301,46.9096],[0.729,46.9075],[0.7237,46.9065],[0.7192,46.9117],[0.7192,46.9131],[0.7137,46.9128],[0.7075,46.9113],[0.7038,46.9094]]]}},{"type":"Feature","properties":{"code":"37002","nom":"Ambillou","pop":1746},"geometry":{"type":"Polygon","coordinates":[[[0.5002,47.4286],[0.4948,47.4263],[0.4919,47.4231],[0.4812,47.4254],[0.477,47.4279],[0.4754,47.4267],[0.4686,47.4242],[0.4666,47.4229],[0.4636,47.4189],[0.4662,47.4147],[0.4664,47.412],[0.463,47.4124],[0.4457,47.4142],[0.4373,47.4167],[0.4249,47.4157],[0.4159,47.4136],[0.4111,47.4199],[0.4049,47.4234],[0.3994,47.4248],[0.3985,47.4284],[0.3991,47.4308],[0.3973,47.4344],[0.4036,47.4399],[0.4067,47.4406],[0.4063,47.445],[0.4089,47.4484],[0.4039,47.4549],[0.4084,47.4774],[0.4125,47.4882],[0.4067,47.4939],[0.4094,47.4956],[0.4132,47.4936],[0.4207,47.4941],[0.4229,47.4917],[0.428,47.4907],[0.43,47.4895],[0.436,47.4931],[0.4387,47.4886],[0.4477,47.4858],[0.4604,47.483],[0.4728,47.4817],[0.4831,47.4794],[0.4915,47.4788],[0.4986,47.4776],[0.5003,47.4753],[0.5053,47.4717],[0.5015,47.4704],[0.4933,47.4602],[0.4937,47.457],[0.4902,47.4553],[0.4854,47.4543],[0.4868,47.4522],[0.4827,47.4469],[0.4856,47.4383],[0.4886,47.4358],[0.489,47.4333],[0.4984,47.4332],[0.4974,47.4313],[0.5002,47.4286]]]}},{"type":"Feature","properties":{"code":"37003","nom":"Amboise","pop":12937},"geometry":{"type":"Polygon","coordinates":[[[0.9536,47.3702],[0.9458,47.37],[0.9541,47.3748],[0.9402,47.3746],[0.9426,47.3793],[0.9491,47.391],[0.9475,47.3939],[0.9367,47.3997],[0.9341,47.4043],[0.949,47.4068],[0.9627,47.4087],[0.9702,47.4124],[0.9811,47.415],[0.9774,47.4228],[0.9803,47.4226],[0.9878,47.4247],[0.9901,47.4238],[0.99,47.4219],[0.9981,47.4235],[1.0049,47.4261],[1.0107,47.4294],[1.0166,47.4235],[1.0191,47.4183],[1.0233,47.4154],[1.0303,47.4167],[1.0315,47.4127],[1.0187,47.4135],[1.0135,47.4123],[1.0016,47.4113],[1.0032,47.4087],[1.0073,47.4053],[1.0129,47.4072],[1.0177,47.4048],[1.0243,47.4048],[1.0283,47.4041],[1.0299,47.4022],[1.0344,47.404],[1.0379,47.4038],[1.0418,47.4025],[1.045,47.4001],[1.055,47.3982],[1.0561,47.3974],[1.056,47.3913],[1.0595,47.3887],[1.0608,47.3866],[1.0587,47.3845],[1.0637,47.3838],[1.0588,47.3728],[1.056,47.3665],[1.0508,47.3692],[1.0464,47.3676],[1.0365,47.3649],[1.0315,47.368],[1.0247,47.3642],[1.0181,47.3685],[1.0158,47.3652],[1.0105,47.3668],[1.0042,47.3713],[0.9933,47.3711],[0.9911,47.366],[0.9851,47.366],[0.9835,47.3708],[0.9714,47.3714],[0.9637,47.3737],[0.9636,47.375],[0.9575,47.3749],[0.9536,47.3702]]]}},{"type":"Feature","properties":{"code":"37004","nom":"Anché","pop":426},"geometry":{"type":"Polygon","coordinates":[[[0.3046,47.1138],[0.3045,47.1164],[0.3022,47.1209],[0.2988,47.1225],[0.2969,47.1217],[0.2909,47.1213],[0.2874,47.1233],[0.2864,47.1263],[0.2882,47.1287],[0.2906,47.1363],[0.2886,47.1427],[0.2901,47.1455],[0.2948,47.1459],[0.3013,47.1452],[0.3124,47.1455],[0.3185,47.1438],[0.3213,47.144],[0.3285,47.1422],[0.3317,47.1409],[0.3289,47.1353],[0.3268,47.1355],[0.325,47.1334],[0.3249,47.1284],[0.3234,47.1261],[0.3195,47.1248],[0.3184,47.1206],[0.315,47.1177],[0.3137,47.1148],[0.3067,47.1145],[0.3046,47.1138]]]}},{"type":"Feature","properties":{"code":"37005","nom":"Antogny-le-Tillac","pop":485},"geometry":{"type":"Polygon","coordinates":[[[0.5739,46.9834],[0.5789,46.9795],[0.5851,46.979],[0.5937,46.9776],[0.5969,46.9762],[0.6013,46.9731],[0.6018,46.9626],[0.6016,46.9588],[0.5983,46.9568],[0.587,46.9571],[0.5805,46.9561],[0.5736,46.9565],[0.5701,46.9557],[0.565,46.9556],[0.5579,46.9568],[0.5543,46.9585],[0.5434,46.9604],[0.5401,46.9603],[0.5277,46.9558],[0.521,46.9584],[0.5147,46.956],[0.5082,46.9576],[0.5052,46.96],[0.5065,46.9639],[0.5098,46.9693],[0.5082,46.9712],[0.5078,46.9752],[0.5156,46.9764],[0.5245,46.9789],[0.5275,46.982],[0.5307,46.9839],[0.5333,46.9835],[0.5386,46.9811],[0.5406,46.9794],[0.5501,46.9775],[0.5536,46.9775],[0.5623,46.98],[0.5673,46.981],[0.5739,46.9834]]]}},{"type":"Feature","properties":{"code":"37006","nom":"Artannes-sur-Indre","pop":2795},"geometry":{"type":"Polygon","coordinates":[[[0.6152,47.3049],[0.6151,47.2973],[0.611,47.298],[0.6098,47.2956],[0.6121,47.2949],[0.6085,47.2896],[0.6125,47.2862],[0.608,47.2849],[0.6052,47.2822],[0.6041,47.2795],[0.6068,47.279],[0.6059,47.2762],[0.6085,47.2741],[0.6111,47.2733],[0.6097,47.2696],[0.6149,47.2661],[0.6227,47.2655],[0.6242,47.2632],[0.6275,47.2627],[0.6271,47.2567],[0.6321,47.2537],[0.632,47.2508],[0.6377,47.2491],[0.6354,47.2469],[0.6359,47.2435],[0.6297,47.2444],[0.6273,47.2458],[0.6231,47.2464],[0.6255,47.2509],[0.6152,47.2509],[0.6162,47.2466],[0.6158,47.2419],[0.6128,47.2422],[0.612,47.2442],[0.6091,47.2451],[0.608,47.2468],[0.6023,47.2505],[0.598,47.2515],[0.5882,47.256],[0.5868,47.255],[0.5779,47.2597],[0.5759,47.2629],[0.5787,47.2667],[0.5767,47.2672],[0.5742,47.2716],[0.5734,47.2766],[0.5708,47.2773],[0.5664,47.2767],[0.5636,47.2776],[0.5626,47.2755],[0.5509,47.2755],[0.5491,47.2778],[0.546,47.2782],[0.5468,47.2799],[0.5516,47.2817],[0.553,47.2836],[0.5571,47.2852],[0.5615,47.288],[0.5652,47.2893],[0.5682,47.2916],[0.5715,47.2963],[0.5743,47.2959],[0.575,47.2994],[0.5774,47.3017],[0.5758,47.3041],[0.5793,47.3062],[0.5909,47.3062],[0.5961,47.3051],[0.6016,47.3049],[0.606,47.3038],[0.6103,47.3054],[0.6152,47.3049]]]}},{"type":"Feature","properties":{"code":"37007","nom":"Assay","pop":177},"geometry":{"type":"Polygon","coordinates":[[[0.2352,47.0692],[0.2338,47.0698],[0.2328,47.0733],[0.2443,47.0864],[0.2567,47.0821],[0.2633,47.0814],[0.2719,47.0821],[0.2854,47.084],[0.2884,47.0825],[0.2932,47.0816],[0.3035,47.0782],[0.3035,47.0757],[0.3053,47.0743],[0.3116,47.0701],[0.3079,47.0668],[0.3108,47.0626],[0.2983,47.054],[0.2955,47.0517],[0.2927,47.0531],[0.291,47.0511],[0.2845,47.0478],[0.2795,47.0459],[0.2717,47.0465],[0.2682,47.0424],[0.2671,47.0448],[0.264,47.0463],[0.2667,47.0486],[0.2651,47.0549],[0.2598,47.0555],[0.2656,47.0614],[0.2649,47.0628],[0.2681,47.0665],[0.2678,47.0677],[0.2615,47.0701],[0.2597,47.0689],[0.2448,47.0714],[0.2411,47.071],[0.239,47.0677],[0.2352,47.0692]]]}},{"type":"Feature","properties":{"code":"37008","nom":"Athée-sur-Cher","pop":2855},"geometry":{"type":"Polygon","coordinates":[[[0.9421,47.2942],[0.9363,47.2946],[0.928,47.2877],[0.9271,47.2834],[0.9235,47.2817],[0.9195,47.285],[0.9108,47.2801],[0.9012,47.2849],[0.8934,47.2882],[0.8891,47.2916],[0.8847,47.2928],[0.8826,47.2922],[0.8798,47.2963],[0.8772,47.2974],[0.8706,47.2977],[0.8644,47.2995],[0.8565,47.2992],[0.846,47.3008],[0.8443,47.302],[0.8465,47.3093],[0.8556,47.3092],[0.8584,47.3087],[0.8601,47.3114],[0.8635,47.3138],[0.869,47.3204],[0.8691,47.3244],[0.8711,47.3278],[0.8705,47.3305],[0.8714,47.3326],[0.8739,47.333],[0.8746,47.3362],[0.878,47.3392],[0.8795,47.3432],[0.8797,47.3484],[0.8885,47.3478],[0.8919,47.3464],[0.9014,47.344],[0.9048,47.3437],[0.9131,47.3418],[0.9179,47.3422],[0.9221,47.3416],[0.931,47.338],[0.9466,47.3339],[0.9451,47.3299],[0.9473,47.3275],[0.945,47.3254],[0.9446,47.3212],[0.9409,47.3177],[0.9407,47.3162],[0.9432,47.3128],[0.9374,47.3102],[0.9382,47.305],[0.9354,47.3039],[0.9364,47.3012],[0.9401,47.2991],[0.9428,47.2951],[0.9421,47.2942]]]}},{"type":"Feature","properties":{"code":"37009","nom":"Autrèche","pop":419},"geometry":{"type":"Polygon","coordinates":[[[0.9659,47.5141],[0.9633,47.5186],[0.9651,47.5283],[0.9681,47.5317],[0.9666,47.535],[0.9772,47.5359],[0.9777,47.5377],[0.9811,47.5395],[0.9812,47.5414],[0.9856,47.5438],[0.9876,47.5464],[0.9946,47.5472],[1.0141,47.5466],[1.016,47.5352],[1.0176,47.5323],[1.0246,47.5361],[1.029,47.5321],[1.0344,47.5308],[1.0356,47.5282],[1.0365,47.5214],[1.04,47.5181],[1.0393,47.5153],[1.0423,47.5096],[1.0372,47.5085],[1.0315,47.5055],[1.021,47.5023],[1.0098,47.5008],[1.0038,47.4994],[0.9991,47.4958],[0.9973,47.4987],[0.9977,47.5007],[0.9938,47.5065],[0.989,47.5078],[0.9821,47.5125],[0.9785,47.5126],[0.9776,47.5141],[0.9736,47.5133],[0.9698,47.5142],[0.9659,47.5141]]]}},{"type":"Feature","properties":{"code":"37010","nom":"Auzouer-en-Touraine","pop":2159},"geometry":{"type":"Polygon","coordinates":[[[0.9651,47.5283],[0.9587,47.5279],[0.954,47.5286],[0.9513,47.5305],[0.9386,47.5265],[0.9389,47.5253],[0.9289,47.5226],[0.9152,47.5251],[0.915,47.5273],[0.9123,47.5284],[0.9081,47.5288],[0.9047,47.5328],[0.905,47.5354],[0.9016,47.5434],[0.9096,47.5427],[0.912,47.5465],[0.9111,47.5492],[0.9081,47.5538],[0.9029,47.5539],[0.9027,47.5526],[0.8986,47.5498],[0.8947,47.5458],[0.8919,47.5477],[0.8893,47.5522],[0.8922,47.5547],[0.8927,47.5579],[0.8948,47.5605],[0.8939,47.5623],[0.8967,47.5665],[0.8989,47.5685],[0.8974,47.5712],[0.8997,47.5746],[0.9025,47.5753],[0.9023,47.5775],[0.8997,47.5787],[0.9005,47.5816],[0.9017,47.5847],[0.9113,47.5873],[0.9226,47.59],[0.925,47.5898],[0.926,47.5864],[0.9318,47.5813],[0.9318,47.5796],[0.9361,47.5763],[0.9414,47.5749],[0.9445,47.5753],[0.9497,47.5784],[0.9518,47.5779],[0.9559,47.5708],[0.9573,47.567],[0.9639,47.5657],[0.9688,47.5678],[0.9691,47.5695],[0.9764,47.567],[0.9829,47.563],[0.9898,47.5546],[0.9897,47.5505],[0.9876,47.5464],[0.9856,47.5438],[0.9812,47.5414],[0.9811,47.5395],[0.9777,47.5377],[0.9772,47.5359],[0.9666,47.535],[0.9681,47.5317],[0.9651,47.5283]]]}},{"type":"Feature","properties":{"code":"37011","nom":"Avoine","pop":2067},"geometry":{"type":"Polygon","coordinates":[[[0.2206,47.2185],[0.2099,47.2179],[0.2032,47.2167],[0.1976,47.217],[0.1954,47.2148],[0.1895,47.2119],[0.1887,47.2082],[0.1865,47.2042],[0.1869,47.2025],[0.1844,47.2016],[0.1774,47.2009],[0.1794,47.2077],[0.1687,47.2138],[0.1625,47.2166],[0.1591,47.2184],[0.1574,47.2215],[0.153,47.2247],[0.1528,47.2332],[0.1534,47.2373],[0.161,47.2365],[0.1829,47.2344],[0.1876,47.2328],[0.1917,47.2324],[0.1952,47.2329],[0.2007,47.235],[0.2038,47.2353],[0.2069,47.2373],[0.2097,47.2374],[0.2204,47.2391],[0.2162,47.2361],[0.2203,47.2359],[0.2238,47.2327],[0.2253,47.2278],[0.2197,47.2264],[0.2223,47.2237],[0.221,47.2228],[0.2206,47.2185]]]}},{"type":"Feature","properties":{"code":"37012","nom":"Avon-les-Roches","pop":534},"geometry":{"type":"Polygon","coordinates":[[[0.4972,47.1993],[0.4957,47.1975],[0.4911,47.1914],[0.4908,47.1883],[0.489,47.184],[0.4905,47.1802],[0.4886,47.1758],[0.4888,47.1715],[0.488,47.1691],[0.4887,47.1664],[0.4878,47.1647],[0.4842,47.1622],[0.482,47.1578],[0.4769,47.1536],[0.4742,47.1524],[0.4737,47.1462],[0.4708,47.1456],[0.4629,47.1465],[0.4604,47.1446],[0.4548,47.1442],[0.452,47.1446],[0.4456,47.1414],[0.4422,47.1383],[0.4385,47.1381],[0.4372,47.1366],[0.4366,47.1379],[0.4316,47.1405],[0.4393,47.1456],[0.4398,47.1484],[0.4372,47.1499],[0.4386,47.154],[0.4366,47.1576],[0.4335,47.1589],[0.4347,47.1622],[0.4347,47.1702],[0.4334,47.1724],[0.4343,47.1749],[0.4301,47.1857],[0.4304,47.1874],[0.428,47.1942],[0.4284,47.1974],[0.4314,47.1999],[0.4321,47.2074],[0.4369,47.2154],[0.4478,47.217],[0.458,47.2217],[0.4611,47.2216],[0.4651,47.2231],[0.468,47.2252],[0.4715,47.2258],[0.4767,47.2278],[0.4718,47.2238],[0.4704,47.2211],[0.4706,47.2173],[0.475,47.2143],[0.4775,47.2103],[0.4799,47.21],[0.4833,47.2074],[0.4869,47.2095],[0.4884,47.2069],[0.4956,47.2033],[0.4942,47.2004],[0.4972,47.1993]]]}},{"type":"Feature","properties":{"code":"37013","nom":"Avrillé-les-Ponceaux","pop":479},"geometry":{"type":"Polygon","coordinates":[[[0.3684,47.4078],[0.3716,47.4007],[0.3709,47.3966],[0.3728,47.3934],[0.3676,47.3881],[0.3641,47.3859],[0.3598,47.3853],[0.3508,47.3868],[0.349,47.3852],[0.3445,47.3833],[0.3425,47.3856],[0.3397,47.3868],[0.3352,47.3869],[0.3333,47.3883],[0.3307,47.3881],[0.3273,47.3896],[0.3238,47.3902],[0.3199,47.3881],[0.313,47.3868],[0.3108,47.3834],[0.3076,47.3803],[0.3071,47.3773],[0.3054,47.3758],[0.3056,47.3729],[0.3022,47.3696],[0.3036,47.3679],[0.3039,47.363],[0.302,47.359],[0.3001,47.3598],[0.2944,47.358],[0.2917,47.3554],[0.2911,47.3532],[0.2885,47.3506],[0.2848,47.3524],[0.2809,47.3556],[0.2744,47.3592],[0.2711,47.3648],[0.2685,47.3655],[0.2626,47.3649],[0.2592,47.3655],[0.2523,47.3692],[0.2558,47.3723],[0.2521,47.3791],[0.2415,47.3804],[0.2407,47.3845],[0.2332,47.3881],[0.2341,47.3898],[0.2381,47.3929],[0.2417,47.3941],[0.2464,47.3945],[0.2466,47.3992],[0.2508,47.4],[0.256,47.3995],[0.2601,47.3984],[0.2608,47.3971],[0.2662,47.3972],[0.27,47.3964],[0.2773,47.397],[0.2841,47.4003],[0.2913,47.4029],[0.3018,47.4048],[0.3053,47.4048],[0.312,47.404],[0.3126,47.406],[0.3182,47.4064],[0.3212,47.4088],[0.3216,47.4105],[0.3242,47.4121],[0.33,47.4143],[0.3387,47.4134],[0.3431,47.4142],[0.3478,47.413],[0.3492,47.4138],[0.3506,47.418],[0.3522,47.4179],[0.3564,47.4121],[0.3568,47.409],[0.3603,47.4091],[0.3669,47.411],[0.3684,47.4078]]]}},{"type":"Feature","properties":{"code":"37014","nom":"Azay-le-Rideau","pop":3438},"geometry":{"type":"Polygon","coordinates":[[[0.4459,47.293],[0.4527,47.293],[0.4564,47.2945],[0.4651,47.2946],[0.467,47.2933],[0.473,47.2932],[0.4793,47.2921],[0.4827,47.289],[0.4864,47.2868],[0.4916,47.285],[0.4979,47.2825],[0.5026,47.2797],[0.507,47.2753],[0.5145,47.2738],[0.5191,47.2717],[0.5268,47.2724],[0.5281,47.2662],[0.532,47.2667],[0.5343,47.2639],[0.5352,47.2607],[0.5371,47.259],[0.5349,47.2577],[0.5341,47.2534],[0.526,47.2526],[0.5191,47.2529],[0.5168,47.2543],[0.5119,47.254],[0.508,47.2528],[0.4982,47.2548],[0.4896,47.2562],[0.4884,47.254],[0.4839,47.2539],[0.4734,47.2545],[0.4675,47.2589],[0.4643,47.259],[0.462,47.2606],[0.4466,47.2621],[0.4403,47.2663],[0.4343,47.2682],[0.4299,47.2689],[0.4246,47.2688],[0.4225,47.2706],[0.4117,47.2734],[0.409,47.2732],[0.4065,47.2746],[0.398,47.2746],[0.3952,47.2757],[0.3929,47.2749],[0.3914,47.2771],[0.3859,47.2808],[0.3861,47.282],[0.3895,47.2806],[0.394,47.2799],[0.3983,47.2802],[0.4077,47.284],[0.4194,47.2843],[0.4237,47.2841],[0.4337,47.2871],[0.4459,47.293]]]}},{"type":"Feature","properties":{"code":"37015","nom":"Azay-sur-Cher","pop":3243},"geometry":{"type":"Polygon","coordinates":[[[0.8002,47.3271],[0.8041,47.3312],[0.8058,47.3319],[0.8074,47.3351],[0.8103,47.3359],[0.8128,47.3395],[0.8159,47.3401],[0.8225,47.3441],[0.8262,47.3445],[0.8277,47.3461],[0.838,47.3501],[0.8419,47.3539],[0.8378,47.3553],[0.8415,47.3601],[0.8461,47.3625],[0.8467,47.3643],[0.8506,47.363],[0.8563,47.3627],[0.8615,47.3613],[0.8664,47.3599],[0.8684,47.3586],[0.8784,47.3574],[0.8794,47.3566],[0.8852,47.3561],[0.8797,47.3484],[0.8795,47.3432],[0.878,47.3392],[0.8746,47.3362],[0.8739,47.333],[0.8714,47.3326],[0.8705,47.3305],[0.8711,47.3278],[0.8691,47.3244],[0.869,47.3204],[0.8635,47.3138],[0.8601,47.3114],[0.8584,47.3087],[0.8556,47.3092],[0.8465,47.3093],[0.8398,47.3107],[0.8333,47.3112],[0.83,47.3098],[0.8271,47.3098],[0.8243,47.3105],[0.8219,47.3135],[0.8215,47.3176],[0.8143,47.3168],[0.8109,47.3215],[0.8037,47.3203],[0.8024,47.3266],[0.8002,47.3271]]]}},{"type":"Feature","properties":{"code":"37016","nom":"Azay-sur-Indre","pop":363},"geometry":{"type":"Polygon","coordinates":[[[0.9071,47.1931],[0.9145,47.1995],[0.913,47.2007],[0.9208,47.2062],[0.9247,47.2098],[0.9234,47.2109],[0.9261,47.216],[0.9295,47.2148],[0.9332,47.2199],[0.9414,47.223],[0.9499,47.2224],[0.9567,47.2231],[0.9651,47.2209],[0.9686,47.2193],[0.9672,47.2173],[0.967,47.2106],[0.9736,47.2099],[0.9755,47.205],[0.9741,47.2014],[0.9724,47.1999],[0.9587,47.1932],[0.9587,47.1905],[0.9527,47.1883],[0.9512,47.1899],[0.9482,47.1888],[0.945,47.1855],[0.9323,47.1906],[0.9298,47.1895],[0.9272,47.1906],[0.9237,47.1881],[0.9216,47.1897],[0.9165,47.1869],[0.9129,47.1897],[0.9086,47.1881],[0.9071,47.1931]]]}},{"type":"Feature","properties":{"code":"37018","nom":"Ballan-Miré","pop":8477},"geometry":{"type":"Polygon","coordinates":[[[0.6103,47.3054],[0.606,47.3038],[0.6016,47.3049],[0.5961,47.3051],[0.5909,47.3062],[0.5793,47.3062],[0.5734,47.3073],[0.5664,47.3126],[0.5638,47.3165],[0.5597,47.3175],[0.5568,47.3171],[0.5564,47.3219],[0.5628,47.3262],[0.5653,47.327],[0.5644,47.3311],[0.5679,47.3345],[0.5745,47.3367],[0.5774,47.3369],[0.582,47.3399],[0.586,47.3435],[0.5868,47.3512],[0.5913,47.3508],[0.5939,47.3528],[0.5928,47.3578],[0.5911,47.3604],[0.5901,47.3649],[0.5969,47.3638],[0.6029,47.3634],[0.607,47.3646],[0.6096,47.3677],[0.6131,47.3715],[0.6207,47.3714],[0.6265,47.3739],[0.6312,47.3716],[0.6343,47.3726],[0.6372,47.3746],[0.6408,47.3733],[0.6431,47.3697],[0.6418,47.369],[0.642,47.3657],[0.6408,47.363],[0.6411,47.3591],[0.64,47.3534],[0.633,47.3505],[0.6299,47.3468],[0.6244,47.347],[0.6216,47.3448],[0.6234,47.339],[0.6268,47.3381],[0.6262,47.3329],[0.6269,47.3299],[0.6197,47.3261],[0.6181,47.324],[0.6126,47.3135],[0.6095,47.3108],[0.6103,47.3054]]]}},{"type":"Feature","properties":{"code":"37019","nom":"Barrou","pop":478},"geometry":{"type":"Polygon","coordinates":[[[0.7662,46.8563],[0.7669,46.8576],[0.771,46.8598],[0.7719,46.8634],[0.7698,46.8652],[0.7652,46.8656],[0.7605,46.8632],[0.7568,46.8602],[0.7524,46.8605],[0.7515,46.8631],[0.7472,46.8694],[0.7435,46.8717],[0.7482,46.8811],[0.7378,46.8878],[0.7343,46.8941],[0.7304,46.8977],[0.7237,46.9065],[0.729,46.9075],[0.7301,46.9096],[0.7356,46.9096],[0.734,46.9147],[0.7368,46.9142],[0.7422,46.915],[0.7476,46.9151],[0.7546,46.9108],[0.7604,46.9142],[0.7629,46.9108],[0.7685,46.9116],[0.768,46.9087],[0.7743,46.9081],[0.7793,46.9065],[0.7873,46.8957],[0.8069,46.8882],[0.8076,46.8863],[0.8143,46.8891],[0.8142,46.8864],[0.8114,46.8841],[0.8164,46.8781],[0.815,46.8757],[0.8176,46.872],[0.8214,46.8702],[0.8198,46.8689],[0.8243,46.8659],[0.8247,46.8646],[0.824,46.8619],[0.8219,46.8605],[0.8198,46.8572],[0.8101,46.8572],[0.8096,46.8546],[0.8049,46.8536],[0.8023,46.8508],[0.8026,46.8494],[0.7965,46.8474],[0.796,46.8501],[0.793,46.8517],[0.7888,46.8526],[0.7833,46.8515],[0.768,46.8511],[0.767,46.8521],[0.7662,46.8563]]]}},{"type":"Feature","properties":{"code":"37020","nom":"Beaulieu-lès-Loches","pop":1733},"geometry":{"type":"Polygon","coordinates":[[[1.038,47.1262],[1.0362,47.124],[1.0333,47.1237],[1.0336,47.121],[1.0297,47.1208],[1.0211,47.1212],[1.0188,47.1195],[1.0138,47.119],[1.0128,47.1159],[1.0122,47.1214],[1.0098,47.1255],[1.0076,47.1318],[1.0095,47.1323],[1.0087,47.136],[1.0071,47.1387],[1.0163,47.1394],[1.0147,47.1355],[1.0189,47.1369],[1.0209,47.1353],[1.0274,47.135],[1.0368,47.1351],[1.0394,47.1318],[1.0406,47.132],[1.0443,47.1284],[1.038,47.1262]]]}},{"type":"Feature","properties":{"code":"37021","nom":"Beaumont-Louestault","pop":1813},"geometry":{"type":"Polygon","coordinates":[[[0.6389,47.6257],[0.6417,47.6287],[0.6459,47.6285],[0.6482,47.6362],[0.6507,47.6371],[0.6545,47.6305],[0.6565,47.6301],[0.6606,47.6271],[0.6615,47.6253],[0.6663,47.622],[0.6669,47.6195],[0.67,47.6177],[0.6693,47.6154],[0.6715,47.6117],[0.6762,47.6122],[0.6812,47.6092],[0.6803,47.6079],[0.6842,47.6069],[0.6912,47.6083],[0.6929,47.6053],[0.6919,47.6036],[0.6873,47.6024],[0.6851,47.6005],[0.6855,47.5987],[0.6915,47.5967],[0.7032,47.5981],[0.71,47.5974],[0.7227,47.5983],[0.7288,47.6003],[0.7313,47.599],[0.731,47.5954],[0.7295,47.5927],[0.7256,47.5887],[0.726,47.5862],[0.7246,47.5822],[0.7247,47.58],[0.7218,47.5773],[0.7185,47.5702],[0.7142,47.564],[0.7128,47.5599],[0.7118,47.5553],[0.7104,47.5535],[0.7024,47.5515],[0.6975,47.5491],[0.6944,47.5462],[0.6917,47.5417],[0.6891,47.5401],[0.6895,47.5377],[0.6885,47.5347],[0.6833,47.5341],[0.6774,47.5304],[0.6766,47.5323],[0.6714,47.536],[0.6627,47.5388],[0.6622,47.5426],[0.6597,47.5475],[0.6561,47.5472],[0.6533,47.5533],[0.6463,47.5517],[0.6399,47.5507],[0.6355,47.5514],[0.6319,47.551],[0.6293,47.5524],[0.6232,47.554],[0.6198,47.5512],[0.6144,47.5497],[0.612,47.5532],[0.6109,47.562],[0.608,47.5647],[0.6042,47.5664],[0.6116,47.5713],[0.617,47.5767],[0.6169,47.5781],[0.6237,47.5768],[0.6255,47.5782],[0.6267,47.5821],[0.6326,47.5867],[0.6383,47.5883],[0.632,47.5947],[0.6315,47.5977],[0.6284,47.6001],[0.6256,47.6098],[0.6253,47.615],[0.6324,47.6193],[0.6313,47.6223],[0.6375,47.6247],[0.6389,47.6257]]]}},{"type":"Feature","properties":{"code":"37022","nom":"Beaumont-en-Véron","pop":2717},"geometry":{"type":"Polygon","coordinates":[[[0.1625,47.2166],[0.1687,47.2138],[0.1794,47.2077],[0.1774,47.2009],[0.1844,47.2016],[0.1869,47.2025],[0.1865,47.2042],[0.1887,47.2082],[0.1895,47.2119],[0.1954,47.2148],[0.1976,47.217],[0.2032,47.2167],[0.2099,47.2179],[0.2206,47.2185],[0.2187,47.215],[0.2167,47.2082],[0.2198,47.2076],[0.2202,47.2051],[0.2176,47.1994],[0.2177,47.1944],[0.2205,47.1898],[0.2207,47.1868],[0.2156,47.1854],[0.2095,47.1817],[0.2039,47.179],[0.1983,47.1774],[0.1926,47.1768],[0.19,47.1729],[0.1711,47.1744],[0.1674,47.1759],[0.1579,47.1791],[0.153,47.18],[0.1387,47.1817],[0.1408,47.1873],[0.143,47.1903],[0.145,47.1906],[0.1499,47.1883],[0.1514,47.1894],[0.1546,47.1886],[0.1607,47.1928],[0.1588,47.1952],[0.1607,47.2031],[0.1613,47.2086],[0.1633,47.2143],[0.1625,47.2166]]]}},{"type":"Feature","properties":{"code":"37023","nom":"Beaumont-Village","pop":239},"geometry":{"type":"Polygon","coordinates":[[[1.1925,47.1547],[1.1913,47.1545],[1.1875,47.1604],[1.1874,47.1647],[1.1844,47.1689],[1.1778,47.1769],[1.1785,47.18],[1.1735,47.1848],[1.1689,47.1874],[1.1779,47.1926],[1.1838,47.1953],[1.187,47.1962],[1.1889,47.2014],[1.1882,47.2047],[1.1889,47.2084],[1.191,47.2109],[1.1856,47.2146],[1.1932,47.2149],[1.1951,47.2157],[1.1969,47.2128],[1.2042,47.2072],[1.2043,47.2035],[1.208,47.2006],[1.2083,47.1978],[1.2126,47.1949],[1.2176,47.1953],[1.2209,47.1945],[1.225,47.1912],[1.2274,47.1875],[1.2272,47.1857],[1.2333,47.1818],[1.2355,47.1796],[1.2399,47.1768],[1.2442,47.175],[1.2353,47.1694],[1.2271,47.1665],[1.2247,47.1665],[1.2256,47.162],[1.2207,47.1562],[1.22,47.1528],[1.2157,47.1512],[1.2137,47.1514],[1.2117,47.149],[1.2079,47.1527],[1.2063,47.1572],[1.2037,47.157],[1.1984,47.1582],[1.196,47.156],[1.1933,47.1574],[1.1925,47.1547]]]}},{"type":"Feature","properties":{"code":"37024","nom":"Benais","pop":945},"geometry":{"type":"Polygon","coordinates":[[[0.2531,47.3281],[0.247,47.3222],[0.2523,47.3207],[0.2516,47.3191],[0.2475,47.3159],[0.243,47.31],[0.2402,47.3054],[0.2367,47.3013],[0.2338,47.2955],[0.2275,47.2882],[0.2223,47.2891],[0.2062,47.2906],[0.1954,47.2887],[0.1931,47.2892],[0.1916,47.2913],[0.193,47.2984],[0.1921,47.3007],[0.1954,47.3079],[0.1939,47.3104],[0.1955,47.3158],[0.1947,47.3174],[0.1962,47.3195],[0.1932,47.321],[0.1923,47.326],[0.1933,47.3284],[0.1915,47.3351],[0.1927,47.3373],[0.193,47.3406],[0.1945,47.3444],[0.1952,47.3484],[0.1984,47.3482],[0.2029,47.3397],[0.2063,47.3382],[0.2102,47.3384],[0.2137,47.3347],[0.2162,47.3338],[0.2233,47.3327],[0.2263,47.3343],[0.2287,47.3341],[0.236,47.3359],[0.2429,47.3323],[0.2456,47.3345],[0.2514,47.3339],[0.2531,47.3281]]]}},{"type":"Feature","properties":{"code":"37025","nom":"Berthenay","pop":707},"geometry":{"type":"Polygon","coordinates":[[[0.4945,47.3587],[0.498,47.3602],[0.5069,47.3621],[0.5155,47.3636],[0.522,47.3667],[0.5336,47.3688],[0.5488,47.371],[0.5635,47.3742],[0.5649,47.3734],[0.5664,47.3676],[0.5661,47.3652],[0.5477,47.3615],[0.5368,47.3592],[0.5208,47.3537],[0.5048,47.348],[0.4983,47.3504],[0.4919,47.3482],[0.4926,47.3471],[0.4799,47.3444],[0.4854,47.3526],[0.4909,47.3568],[0.4945,47.3587]]]}},{"type":"Feature","properties":{"code":"37026","nom":"Betz-le-Château","pop":499},"geometry":{"type":"Polygon","coordinates":[[[0.9222,47.0288],[0.941,47.0311],[0.9473,47.0341],[0.9581,47.0319],[0.9775,47.0318],[0.9787,47.0279],[0.9868,47.0268],[0.9928,47.0245],[0.9953,47.0185],[1.0003,47.0112],[1.0046,47.0088],[1.0102,47.0085],[1.0188,47.004],[1.021,47.0019],[1.0217,46.9994],[1.0146,46.9961],[1.0114,46.9958],[1.0092,46.9943],[1.0028,46.9931],[0.9994,46.99],[0.9986,46.9859],[0.9994,46.9795],[0.996,46.9767],[0.9942,46.9741],[0.9909,46.9736],[0.9825,46.9751],[0.9726,46.9788],[0.9669,46.9768],[0.9641,46.9785],[0.9613,46.9754],[0.9586,46.9759],[0.955,46.9709],[0.9524,46.9737],[0.9474,46.9731],[0.946,46.97],[0.9306,46.9736],[0.9258,46.9739],[0.9049,46.9725],[0.8944,46.972],[0.889,46.9714],[0.8888,46.9729],[0.8915,46.9752],[0.8949,46.9743],[0.8968,46.9761],[0.8939,46.9822],[0.8934,46.9854],[0.8896,46.9877],[0.8929,46.9882],[0.895,46.9896],[0.8996,46.9902],[0.9052,46.9899],[0.9059,46.9947],[0.9011,47.008],[0.901,47.0106],[0.9051,47.0158],[0.9077,47.0195],[0.9144,47.0203],[0.9211,47.0194],[0.9222,47.0288]]]}},{"type":"Feature","properties":{"code":"37027","nom":"Bléré","pop":5352},"geometry":{"type":"Polygon","coordinates":[[[0.9466,47.3339],[0.9615,47.3315],[0.9692,47.3307],[0.9891,47.3312],[0.9924,47.331],[0.9976,47.3294],[1.0036,47.3287],[1.0094,47.3283],[1.0281,47.3281],[1.0262,47.3196],[1.0236,47.3138],[1.0265,47.311],[1.0224,47.306],[1.0247,47.3041],[1.0302,47.3035],[1.0298,47.2999],[1.0281,47.2975],[1.0342,47.2969],[1.0326,47.2921],[1.0267,47.2901],[1.0277,47.2891],[1.0244,47.2849],[1.0195,47.2701],[1.0174,47.269],[1.0116,47.2682],[1.0115,47.2698],[1.0084,47.2778],[1.0083,47.2825],[1.0011,47.2822],[0.9965,47.2834],[0.9929,47.2873],[0.9902,47.2915],[0.9784,47.2948],[0.9741,47.2981],[0.9707,47.2942],[0.9633,47.2891],[0.952,47.2951],[0.947,47.2932],[0.9421,47.2942],[0.9428,47.2951],[0.9401,47.2991],[0.9364,47.3012],[0.9354,47.3039],[0.9382,47.305],[0.9374,47.3102],[0.9432,47.3128],[0.9407,47.3162],[0.9409,47.3177],[0.9446,47.3212],[0.945,47.3254],[0.9473,47.3275],[0.9451,47.3299],[0.9466,47.3339]]]}},{"type":"Feature","properties":{"code":"37028","nom":"Bossay-sur-Claise","pop":733},"geometry":{"type":"Polygon","coordinates":[[[0.9167,46.8159],[0.9245,46.818],[0.9277,46.8183],[0.9392,46.8214],[0.9403,46.8236],[0.9398,46.8279],[0.9419,46.8315],[0.9445,46.8383],[0.9435,46.8411],[0.9382,46.8438],[0.9359,46.8485],[0.9329,46.8508],[0.935,46.8517],[0.9353,46.8542],[0.9388,46.8557],[0.944,46.8591],[0.9409,46.8601],[0.9524,46.8772],[0.9554,46.8756],[0.958,46.8778],[0.9623,46.8797],[0.9786,46.8757],[0.9806,46.875],[0.9849,46.8774],[1.002,46.8788],[1.005,46.8782],[1.0058,46.8766],[1.0127,46.8747],[1.0181,46.8788],[1.0213,46.8799],[1.0252,46.8799],[1.0254,46.8797],[1.0264,46.8787],[1.0262,46.8754],[1.0221,46.8651],[1.0227,46.8638],[1.021,46.8604],[1.0168,46.8561],[1.0172,46.8514],[1.0227,46.8456],[1.0176,46.8444],[1.0111,46.8384],[1.0089,46.8334],[1.0098,46.8314],[1.0069,46.8233],[1.0071,46.8206],[1.0087,46.8189],[1.0104,46.8149],[1.0063,46.8109],[1.0032,46.8141],[0.9955,46.8102],[0.9949,46.8079],[0.992,46.8056],[0.9897,46.8055],[0.9836,46.8038],[0.9872,46.7982],[0.9908,46.797],[0.9956,46.7941],[1.0024,46.7947],[1.0048,46.7909],[1.0047,46.7866],[1.0026,46.7854],[0.9991,46.7812],[1.002,46.7778],[1.0055,46.7721],[1.0095,46.7688],[1.0114,46.767],[1.011,46.761],[1.0117,46.7578],[0.9892,46.7616],[0.983,46.7641],[0.9802,46.7592],[0.9795,46.7561],[0.9738,46.7633],[0.9704,46.7682],[0.9663,46.7694],[0.9662,46.772],[0.9645,46.7737],[0.9604,46.772],[0.9585,46.7759],[0.9551,46.7736],[0.9485,46.7773],[0.9466,46.7771],[0.9445,46.7829],[0.9445,46.7912],[0.9443,46.7999],[0.9434,46.8019],[0.9355,46.8018],[0.9322,46.8034],[0.924,46.8041],[0.9233,46.8064],[0.9204,46.8089],[0.9167,46.8159]]]}},{"type":"Feature","properties":{"code":"37029","nom":"Bossée","pop":327},"geometry":{"type":"Polygon","coordinates":[[[0.7044,47.1241],[0.7086,47.1279],[0.7137,47.131],[0.7193,47.1344],[0.7221,47.1346],[0.723,47.1366],[0.7278,47.1349],[0.7382,47.1347],[0.7407,47.1368],[0.754,47.1331],[0.7569,47.1302],[0.7613,47.1239],[0.7617,47.1217],[0.765,47.1155],[0.7647,47.1127],[0.7626,47.11],[0.7628,47.1084],[0.7595,47.1027],[0.7549,47.0985],[0.7505,47.097],[0.7453,47.0945],[0.7422,47.0949],[0.7376,47.0905],[0.7334,47.0881],[0.7167,47.0829],[0.7131,47.0814],[0.7122,47.0848],[0.7137,47.0903],[0.7152,47.0919],[0.713,47.094],[0.7124,47.0964],[0.7092,47.0996],[0.7101,47.1063],[0.7083,47.1137],[0.7023,47.1208],[0.7044,47.1241]]]}},{"type":"Feature","properties":{"code":"37030","nom":"Le Boulay","pop":810},"geometry":{"type":"Polygon","coordinates":[[[0.8527,47.613],[0.8572,47.6126],[0.8591,47.6115],[0.8602,47.6091],[0.8596,47.6068],[0.8608,47.5993],[0.8645,47.6008],[0.8727,47.6004],[0.8815,47.6017],[0.8865,47.602],[0.8889,47.6037],[0.896,47.6043],[0.899,47.6037],[0.902,47.6029],[0.9009,47.6012],[0.9022,47.5965],[0.9036,47.5961],[0.9007,47.5949],[0.8938,47.5943],[0.8873,47.5924],[0.8868,47.5894],[0.8922,47.5895],[0.8913,47.5861],[0.8872,47.5855],[0.8812,47.5861],[0.8679,47.5842],[0.8597,47.5817],[0.8554,47.5811],[0.8497,47.5823],[0.8414,47.5824],[0.838,47.5805],[0.8302,47.5795],[0.8305,47.5772],[0.8241,47.5728],[0.8211,47.5682],[0.8148,47.5733],[0.8131,47.5706],[0.809,47.5711],[0.8133,47.5782],[0.8129,47.5805],[0.8149,47.5825],[0.8148,47.5874],[0.8129,47.588],[0.8087,47.5914],[0.8075,47.5936],[0.8001,47.5956],[0.8012,47.6008],[0.8062,47.6038],[0.8085,47.607],[0.8088,47.61],[0.8132,47.6103],[0.8205,47.6134],[0.8247,47.6137],[0.8298,47.6131],[0.8333,47.6139],[0.8365,47.6136],[0.8405,47.6143],[0.8485,47.6122],[0.8527,47.613]]]}},{"type":"Feature","properties":{"code":"37031","nom":"Bourgueil","pop":3631},"geometry":{"type":"Polygon","coordinates":[[[0.1999,47.2591],[0.1966,47.2576],[0.188,47.258],[0.1792,47.2554],[0.175,47.2553],[0.1706,47.2562],[0.164,47.2556],[0.1649,47.2613],[0.1617,47.2618],[0.1561,47.2639],[0.1598,47.2692],[0.1573,47.2706],[0.1583,47.2758],[0.1561,47.278],[0.1588,47.2826],[0.1585,47.287],[0.1596,47.2877],[0.1606,47.2946],[0.1586,47.295],[0.1598,47.3032],[0.1641,47.3117],[0.1624,47.3151],[0.1644,47.3181],[0.1645,47.3203],[0.1606,47.3233],[0.1596,47.3258],[0.1566,47.3286],[0.1518,47.3315],[0.1509,47.3369],[0.1496,47.3385],[0.1502,47.3415],[0.147,47.3455],[0.1478,47.3471],[0.147,47.3517],[0.1454,47.355],[0.1404,47.3618],[0.1476,47.3619],[0.1536,47.3636],[0.1559,47.362],[0.1585,47.3638],[0.1637,47.3647],[0.1703,47.3572],[0.1765,47.3593],[0.179,47.3563],[0.1834,47.3543],[0.1869,47.3537],[0.1937,47.3496],[0.1959,47.3491],[0.1952,47.3484],[0.1945,47.3444],[0.193,47.3406],[0.1927,47.3373],[0.1915,47.3351],[0.1933,47.3284],[0.1923,47.326],[0.1932,47.321],[0.1962,47.3195],[0.1947,47.3174],[0.1955,47.3158],[0.1939,47.3104],[0.1954,47.3079],[0.1921,47.3007],[0.193,47.2984],[0.1916,47.2913],[0.1931,47.2892],[0.1954,47.2887],[0.1988,47.2832],[0.1977,47.2801],[0.195,47.277],[0.1965,47.2754],[0.2003,47.2685],[0.2021,47.2662],[0.2016,47.2631],[0.1999,47.2615],[0.1999,47.2591]]]}},{"type":"Feature","properties":{"code":"37032","nom":"Bournan","pop":277},"geometry":{"type":"Polygon","coordinates":[[[0.7475,47.0492],[0.7235,47.0492],[0.717,47.0482],[0.7172,47.0505],[0.7141,47.0501],[0.7063,47.0513],[0.7028,47.0489],[0.6982,47.0504],[0.6995,47.0549],[0.7033,47.0573],[0.7088,47.0599],[0.7093,47.0616],[0.7072,47.0659],[0.7087,47.0706],[0.7065,47.0739],[0.7084,47.0775],[0.7076,47.0798],[0.7131,47.0814],[0.7167,47.0829],[0.7334,47.0881],[0.7376,47.0905],[0.7422,47.0949],[0.7453,47.0945],[0.7505,47.097],[0.749,47.0931],[0.7503,47.0899],[0.7484,47.0867],[0.7537,47.0758],[0.7578,47.0717],[0.7515,47.0702],[0.7511,47.0675],[0.7534,47.0651],[0.7552,47.0606],[0.7547,47.0542],[0.7527,47.0545],[0.7463,47.0529],[0.7475,47.0492]]]}},{"type":"Feature","properties":{"code":"37033","nom":"Boussay","pop":237},"geometry":{"type":"Polygon","coordinates":[[[0.9229,46.883],[0.9249,46.8761],[0.9238,46.8695],[0.9255,46.8644],[0.9194,46.8626],[0.92,46.8609],[0.9186,46.8566],[0.9214,46.8541],[0.9268,46.8514],[0.9255,46.849],[0.9273,46.8474],[0.9199,46.8421],[0.9175,46.8392],[0.9084,46.8334],[0.9115,46.8317],[0.9121,46.8287],[0.9158,46.8278],[0.9153,46.8232],[0.9156,46.8181],[0.9137,46.816],[0.9023,46.8153],[0.8986,46.8164],[0.8916,46.8165],[0.8884,46.8206],[0.8878,46.8241],[0.8853,46.8261],[0.8763,46.8237],[0.8739,46.8264],[0.8698,46.8254],[0.8581,46.8236],[0.8555,46.822],[0.8522,46.8213],[0.8441,46.8229],[0.8423,46.8227],[0.8465,46.826],[0.8572,46.8296],[0.8606,46.8299],[0.859,46.834],[0.855,46.8389],[0.8547,46.8457],[0.8527,46.8495],[0.8529,46.8514],[0.864,46.853],[0.8718,46.857],[0.8734,46.8595],[0.8715,46.8602],[0.8709,46.8634],[0.8717,46.8655],[0.8777,46.8662],[0.881,46.8688],[0.8844,46.8747],[0.8835,46.8794],[0.8854,46.8825],[0.8904,46.8812],[0.8941,46.8818],[0.8952,46.8807],[0.9014,46.8789],[0.9026,46.8779],[0.9082,46.8787],[0.9105,46.8797],[0.9166,46.8805],[0.9203,46.8826],[0.9229,46.883]]]}},{"type":"Feature","properties":{"code":"37034","nom":"Braslou","pop":319},"geometry":{"type":"Polygon","coordinates":[[[0.3698,47.0023],[0.3783,47.0054],[0.376,47.0063],[0.3816,47.013],[0.3855,47.0124],[0.3916,47.0094],[0.3935,47.0099],[0.3975,47.008],[0.4041,47.0084],[0.4054,47.0101],[0.4025,47.0113],[0.4045,47.0138],[0.4023,47.0151],[0.4066,47.0178],[0.4091,47.0158],[0.4119,47.0158],[0.414,47.0172],[0.4158,47.021],[0.4242,47.0183],[0.4294,47.0176],[0.4342,47.0142],[0.4355,47.0094],[0.4324,47.0077],[0.437,47.0041],[0.4325,47.0023],[0.4359,47],[0.4465,46.9948],[0.45,46.9943],[0.4499,46.992],[0.4558,46.989],[0.4461,46.9857],[0.439,46.9816],[0.4372,46.9861],[0.4372,46.9885],[0.4346,46.9886],[0.4227,46.9936],[0.4178,46.9887],[0.4147,46.9876],[0.4126,46.9896],[0.4078,46.9868],[0.4054,46.9887],[0.4026,46.9879],[0.3978,46.9845],[0.3981,46.9837],[0.393,46.98],[0.3886,46.9788],[0.3833,46.9819],[0.376,46.9875],[0.3742,46.9868],[0.3711,46.9893],[0.3664,46.9908],[0.3701,46.9935],[0.371,46.9967],[0.3743,46.999],[0.3698,47.0023]]]}},{"type":"Feature","properties":{"code":"37035","nom":"Braye-sous-Faye","pop":281},"geometry":{"type":"Polygon","coordinates":[[[0.2913,46.9904],[0.2965,46.9901],[0.3041,46.9907],[0.305,46.9949],[0.3116,46.9962],[0.313,46.9981],[0.3081,47],[0.3138,47.0028],[0.3161,47.0051],[0.3209,47.0058],[0.3185,46.9982],[0.3235,46.9974],[0.3405,46.9942],[0.3528,46.9921],[0.3548,46.9991],[0.3582,46.9994],[0.3698,47.0023],[0.3743,46.999],[0.371,46.9967],[0.3701,46.9935],[0.3664,46.9908],[0.3644,46.987],[0.3587,46.9829],[0.351,46.9805],[0.3508,46.9778],[0.3504,46.9768],[0.3443,46.9735],[0.3383,46.9676],[0.3378,46.9632],[0.3352,46.9618],[0.3295,46.9604],[0.3265,46.9613],[0.3177,46.9625],[0.3113,46.9642],[0.3111,46.9627],[0.3056,46.9565],[0.3022,46.9554],[0.302,46.9573],[0.308,46.9628],[0.3009,46.9679],[0.3008,46.9704],[0.2981,46.9712],[0.2995,46.9732],[0.3066,46.9763],[0.3083,46.9782],[0.3028,46.9819],[0.3056,46.9849],[0.3024,46.9848],[0.2981,46.9837],[0.2913,46.9904]]]}},{"type":"Feature","properties":{"code":"37036","nom":"Braye-sur-Maulne","pop":199},"geometry":{"type":"Polygon","coordinates":[[[0.2893,47.5472],[0.2623,47.5419],[0.2612,47.5399],[0.2566,47.5405],[0.2545,47.5422],[0.2509,47.5433],[0.2467,47.5468],[0.2461,47.5491],[0.2436,47.5506],[0.2435,47.5551],[0.2409,47.5576],[0.235,47.5594],[0.2331,47.5614],[0.2285,47.5639],[0.2301,47.565],[0.2346,47.5633],[0.2382,47.5707],[0.2409,47.5726],[0.2357,47.5758],[0.238,47.577],[0.2429,47.5793],[0.2498,47.5799],[0.2535,47.5781],[0.2622,47.5751],[0.2646,47.5757],[0.2688,47.5746],[0.2715,47.5714],[0.2825,47.5642],[0.2884,47.5609],[0.2889,47.559],[0.284,47.5547],[0.2911,47.5505],[0.2915,47.5476],[0.2893,47.5472]]]}},{"type":"Feature","properties":{"code":"37037","nom":"Brèches","pop":239},"geometry":{"type":"Polygon","coordinates":[[[0.4378,47.5522],[0.4366,47.5506],[0.4318,47.5493],[0.4303,47.5478],[0.4255,47.5461],[0.4246,47.5436],[0.421,47.5435],[0.4132,47.5419],[0.4123,47.5431],[0.402,47.5469],[0.3989,47.5476],[0.395,47.5509],[0.3919,47.5509],[0.3866,47.553],[0.3828,47.5563],[0.38,47.5619],[0.3808,47.5651],[0.3785,47.5684],[0.3833,47.57],[0.3844,47.5725],[0.3937,47.5774],[0.3985,47.5775],[0.4024,47.5785],[0.4065,47.5784],[0.4107,47.5751],[0.412,47.5731],[0.4165,47.5711],[0.4183,47.5718],[0.4231,47.5697],[0.4264,47.5662],[0.4339,47.5643],[0.4347,47.5593],[0.4377,47.5553],[0.4396,47.5546],[0.4378,47.5522]]]}},{"type":"Feature","properties":{"code":"37038","nom":"Bréhémont","pop":737},"geometry":{"type":"Polygon","coordinates":[[[0.3929,47.2749],[0.3903,47.2739],[0.3815,47.2762],[0.3773,47.2798],[0.3758,47.2831],[0.3676,47.2854],[0.366,47.2844],[0.3592,47.2846],[0.3551,47.2821],[0.3503,47.2805],[0.3493,47.2781],[0.3445,47.2772],[0.3383,47.2736],[0.3372,47.272],[0.3331,47.2703],[0.3311,47.2653],[0.3273,47.2633],[0.3238,47.2638],[0.3214,47.2696],[0.3166,47.2717],[0.3146,47.274],[0.3207,47.2774],[0.3271,47.2838],[0.3356,47.2896],[0.341,47.2923],[0.3422,47.294],[0.3456,47.295],[0.3504,47.2979],[0.3545,47.2992],[0.3661,47.3007],[0.368,47.302],[0.373,47.3038],[0.3794,47.3072],[0.3847,47.3116],[0.3922,47.3145],[0.3936,47.3126],[0.3962,47.3123],[0.3994,47.3074],[0.4033,47.3044],[0.4033,47.3027],[0.4002,47.3011],[0.3982,47.2977],[0.3929,47.2965],[0.3866,47.2943],[0.382,47.291],[0.3809,47.2872],[0.3848,47.2856],[0.3861,47.282],[0.3859,47.2808],[0.3914,47.2771],[0.3929,47.2749]]]}},{"type":"Feature","properties":{"code":"37039","nom":"Bridoré","pop":491},"geometry":{"type":"Polygon","coordinates":[[[1.1102,47.0292],[1.1032,47.0279],[1.0972,47.0258],[1.0891,47.0215],[1.0871,47.0195],[1.0837,47.0211],[1.0784,47.0158],[1.0776,47.0158],[1.0674,47.016],[1.0657,47.0165],[1.0565,47.0164],[1.0541,47.0171],[1.0526,47.0231],[1.0504,47.0241],[1.054,47.0342],[1.0578,47.0487],[1.0598,47.0484],[1.0601,47.0458],[1.0652,47.0475],[1.0685,47.0507],[1.0688,47.0529],[1.0739,47.0586],[1.0763,47.0606],[1.0807,47.0606],[1.084,47.0627],[1.088,47.0604],[1.0883,47.0583],[1.0939,47.0563],[1.0979,47.0559],[1.0994,47.0503],[1.0968,47.0491],[1.0988,47.046],[1.099,47.0428],[1.098,47.0414],[1.104,47.0413],[1.1093,47.0357],[1.1102,47.0326],[1.1102,47.0292]]]}},{"type":"Feature","properties":{"code":"37040","nom":"Brizay","pop":256},"geometry":{"type":"Polygon","coordinates":[[[0.4119,47.117],[0.4187,47.1142],[0.4205,47.1096],[0.4188,47.1071],[0.4177,47.1015],[0.4177,47.0968],[0.4133,47.0941],[0.4109,47.0915],[0.4084,47.0904],[0.4031,47.0865],[0.3988,47.0843],[0.3955,47.0816],[0.388,47.0772],[0.3832,47.0741],[0.3804,47.0714],[0.3752,47.0744],[0.3705,47.0775],[0.3618,47.0814],[0.363,47.0853],[0.3632,47.0897],[0.3619,47.0917],[0.3617,47.0968],[0.3634,47.0991],[0.358,47.1002],[0.359,47.1015],[0.3558,47.1029],[0.3585,47.1077],[0.3606,47.1083],[0.3669,47.1078],[0.3705,47.1085],[0.383,47.1093],[0.391,47.1118],[0.3992,47.1136],[0.4068,47.1135],[0.408,47.1151],[0.4119,47.117]]]}},{"type":"Feature","properties":{"code":"37041","nom":"Bueil-en-Touraine","pop":323},"geometry":{"type":"Polygon","coordinates":[[[0.5861,47.6471],[0.5871,47.6438],[0.5857,47.6382],[0.5875,47.6348],[0.5785,47.6316],[0.5761,47.6291],[0.568,47.6273],[0.5648,47.6251],[0.5589,47.6231],[0.5542,47.6228],[0.5534,47.6214],[0.5565,47.62],[0.5538,47.6176],[0.5514,47.613],[0.5554,47.6107],[0.553,47.6079],[0.554,47.6063],[0.5537,47.6022],[0.5479,47.6016],[0.5422,47.6001],[0.5414,47.604],[0.536,47.6023],[0.5323,47.5985],[0.5299,47.6016],[0.5245,47.605],[0.5252,47.6091],[0.5217,47.6114],[0.5188,47.6163],[0.5205,47.6193],[0.5204,47.6223],[0.5224,47.6243],[0.5225,47.6285],[0.529,47.6315],[0.5359,47.6325],[0.5429,47.6341],[0.5386,47.6389],[0.5386,47.641],[0.5366,47.6433],[0.5409,47.6455],[0.5423,47.6471],[0.549,47.6475],[0.5477,47.6525],[0.55,47.6529],[0.5521,47.6552],[0.5563,47.6545],[0.5581,47.6578],[0.563,47.6571],[0.5688,47.6576],[0.57,47.657],[0.5768,47.661],[0.5807,47.6592],[0.5816,47.6544],[0.5834,47.6508],[0.5861,47.6471]]]}},{"type":"Feature","properties":{"code":"37042","nom":"Candes-Saint-Martin","pop":180},"geometry":{"type":"Polygon","coordinates":[[[0.0665,47.1897],[0.0619,47.1904],[0.058,47.194],[0.0552,47.1945],[0.0527,47.1967],[0.0536,47.1993],[0.0577,47.203],[0.0592,47.2071],[0.0625,47.2076],[0.0669,47.2113],[0.0657,47.2133],[0.0682,47.2158],[0.0745,47.2144],[0.0838,47.2128],[0.0898,47.2138],[0.095,47.2118],[0.0965,47.2093],[0.0951,47.2079],[0.0917,47.21],[0.0894,47.2083],[0.0953,47.2059],[0.0931,47.2033],[0.0945,47.2009],[0.0921,47.2031],[0.0899,47.2011],[0.0768,47.1933],[0.0709,47.1884],[0.0665,47.1897]]]}},{"type":"Feature","properties":{"code":"37043","nom":"Cangey","pop":1021},"geometry":{"type":"Polygon","coordinates":[[[1.0356,47.5282],[1.0421,47.5287],[1.0448,47.5318],[1.0477,47.5303],[1.0522,47.5302],[1.0555,47.5287],[1.0551,47.5252],[1.0617,47.5243],[1.0634,47.5222],[1.0681,47.5231],[1.07,47.5222],[1.068,47.5165],[1.0737,47.5123],[1.0707,47.5082],[1.0657,47.5053],[1.071,47.5008],[1.0732,47.4974],[1.0756,47.497],[1.079,47.4944],[1.0816,47.4883],[1.0852,47.4842],[1.0864,47.4783],[1.0898,47.4735],[1.0935,47.4706],[1.0927,47.4672],[1.0854,47.4643],[1.0871,47.4618],[1.085,47.4611],[1.0714,47.453],[1.0665,47.4507],[1.064,47.4484],[1.0635,47.4508],[1.0612,47.4548],[1.0585,47.4571],[1.0569,47.4564],[1.0517,47.4634],[1.0433,47.4704],[1.0414,47.4706],[1.04,47.4752],[1.0375,47.4804],[1.0398,47.4834],[1.0364,47.4875],[1.0356,47.4901],[1.0409,47.4948],[1.0386,47.4984],[1.039,47.5006],[1.0372,47.5085],[1.0423,47.5096],[1.0393,47.5153],[1.04,47.5181],[1.0365,47.5214],[1.0356,47.5282]]]}},{"type":"Feature","properties":{"code":"37044","nom":"La Celle-Guenand","pop":379},"geometry":{"type":"Polygon","coordinates":[[[0.9501,46.9446],[0.9411,46.9458],[0.9367,46.9451],[0.9341,46.9437],[0.9224,46.9409],[0.9186,46.9413],[0.915,46.9385],[0.9136,46.936],[0.914,46.932],[0.9068,46.9314],[0.903,46.9329],[0.8998,46.9249],[0.9023,46.922],[0.9022,46.9193],[0.8971,46.9204],[0.8911,46.9188],[0.8875,46.9186],[0.8821,46.9166],[0.8773,46.917],[0.8723,46.9154],[0.8705,46.9128],[0.8676,46.9119],[0.8643,46.9127],[0.8624,46.9194],[0.8605,46.9233],[0.8572,46.9271],[0.851,46.9325],[0.8501,46.9363],[0.8475,46.9378],[0.8519,46.9437],[0.8503,46.9487],[0.8472,46.9497],[0.8502,46.955],[0.8499,46.958],[0.8546,46.9603],[0.8572,46.963],[0.8613,46.9656],[0.8674,46.9661],[0.8709,46.9685],[0.8807,46.9686],[0.8852,46.9709],[0.889,46.9714],[0.8944,46.972],[0.9049,46.9725],[0.9258,46.9739],[0.9306,46.9736],[0.946,46.97],[0.9474,46.9731],[0.9524,46.9737],[0.955,46.9709],[0.9573,46.9648],[0.9604,46.9653],[0.9719,46.9658],[0.9735,46.9583],[0.9639,46.9545],[0.9591,46.9556],[0.9563,46.9507],[0.9501,46.9446]]]}},{"type":"Feature","properties":{"code":"37045","nom":"La Celle-Saint-Avant","pop":1079},"geometry":{"type":"Polygon","coordinates":[[[0.6218,46.9994],[0.6241,47.0032],[0.6199,47.0072],[0.6158,47.0082],[0.6127,47.0081],[0.6043,47.0061],[0.6008,47.006],[0.5906,47.0067],[0.5894,47.0083],[0.5802,47.0129],[0.5824,47.0142],[0.5771,47.0174],[0.5737,47.021],[0.5723,47.0253],[0.5767,47.0268],[0.5789,47.0257],[0.5835,47.0272],[0.5889,47.0303],[0.5908,47.0327],[0.5946,47.0353],[0.5964,47.033],[0.6007,47.0333],[0.607,47.0327],[0.6079,47.0338],[0.6047,47.0357],[0.605,47.0379],[0.6035,47.0395],[0.6078,47.0409],[0.6073,47.0456],[0.6124,47.0471],[0.6145,47.0478],[0.6185,47.043],[0.6221,47.0446],[0.6249,47.0432],[0.6282,47.04],[0.6336,47.038],[0.6364,47.0377],[0.6374,47.035],[0.6363,47.0324],[0.6365,47.0274],[0.6339,47.0242],[0.6387,47.0216],[0.6393,47.0206],[0.6453,47.0168],[0.6592,47.0099],[0.6586,47.0077],[0.6564,47.0072],[0.6483,47.0079],[0.6453,47.0063],[0.6439,47.0032],[0.6387,46.9983],[0.6373,46.9959],[0.6281,46.9991],[0.6218,46.9994]]]}},{"type":"Feature","properties":{"code":"37046","nom":"Céré-la-Ronde","pop":418},"geometry":{"type":"Polygon","coordinates":[[[1.162,47.2722],[1.1735,47.2859],[1.1739,47.2885],[1.1763,47.288],[1.1811,47.285],[1.1865,47.2849],[1.1904,47.2859],[1.1942,47.283],[1.2038,47.2889],[1.2097,47.2878],[1.213,47.2897],[1.2155,47.2896],[1.2158,47.2927],[1.2237,47.2941],[1.2264,47.2925],[1.2329,47.2904],[1.2361,47.2899],[1.2421,47.2876],[1.2437,47.2839],[1.2426,47.2824],[1.2432,47.2783],[1.2421,47.2759],[1.2388,47.2738],[1.2394,47.2723],[1.2386,47.2641],[1.2325,47.2569],[1.2302,47.2559],[1.2268,47.2526],[1.224,47.2521],[1.2161,47.2481],[1.2122,47.2456],[1.2108,47.2429],[1.2067,47.2371],[1.2073,47.2316],[1.2053,47.2316],[1.2017,47.2279],[1.2042,47.2255],[1.2021,47.2223],[1.1976,47.2203],[1.1925,47.2193],[1.1867,47.2195],[1.1833,47.2187],[1.171,47.2158],[1.1654,47.2168],[1.1529,47.2174],[1.1452,47.219],[1.1437,47.2197],[1.1385,47.2255],[1.136,47.2292],[1.1333,47.2314],[1.1254,47.2343],[1.1217,47.2374],[1.1204,47.24],[1.1217,47.2469],[1.1206,47.249],[1.1157,47.249],[1.1121,47.2481],[1.1113,47.2498],[1.1123,47.2532],[1.1185,47.2564],[1.12,47.2557],[1.1237,47.2575],[1.1286,47.2587],[1.1288,47.2599],[1.1365,47.2624],[1.1432,47.2651],[1.1524,47.2642],[1.1552,47.2671],[1.1519,47.2706],[1.1582,47.2721],[1.162,47.2722]]]}},{"type":"Feature","properties":{"code":"37047","nom":"Cerelles","pop":1252},"geometry":{"type":"Polygon","coordinates":[[[0.663,47.4823],[0.6633,47.4877],[0.6592,47.4905],[0.6579,47.4934],[0.6539,47.4977],[0.6561,47.4982],[0.6571,47.5028],[0.6543,47.5029],[0.6542,47.5067],[0.6622,47.507],[0.6648,47.5076],[0.6685,47.5107],[0.6729,47.5117],[0.6788,47.5118],[0.6849,47.5163],[0.6805,47.5173],[0.6799,47.5205],[0.6852,47.5239],[0.6856,47.5266],[0.6913,47.526],[0.6922,47.5249],[0.7018,47.5198],[0.7037,47.517],[0.7088,47.5165],[0.7143,47.5174],[0.7113,47.5146],[0.7114,47.511],[0.7087,47.5054],[0.7192,47.5035],[0.7199,47.5001],[0.7093,47.4993],[0.71,47.4965],[0.7069,47.4953],[0.7015,47.4952],[0.6901,47.4906],[0.6802,47.488],[0.6692,47.4832],[0.663,47.4823]]]}},{"type":"Feature","properties":{"code":"37048","nom":"Chambon","pop":311},"geometry":{"type":"Polygon","coordinates":[[[0.8423,46.8227],[0.8363,46.8159],[0.825,46.8106],[0.8215,46.8185],[0.8163,46.8167],[0.8098,46.8159],[0.8088,46.8213],[0.8093,46.8262],[0.8083,46.829],[0.8049,46.8317],[0.7951,46.8327],[0.7906,46.8356],[0.7866,46.8413],[0.7877,46.845],[0.7954,46.8465],[0.7965,46.8474],[0.8026,46.8494],[0.8023,46.8508],[0.8049,46.8536],[0.8096,46.8546],[0.8101,46.8572],[0.8198,46.8572],[0.8219,46.8605],[0.824,46.8619],[0.8247,46.8646],[0.8295,46.8643],[0.8339,46.8595],[0.8387,46.8565],[0.8436,46.8571],[0.8472,46.8568],[0.8529,46.8514],[0.8527,46.8495],[0.8547,46.8457],[0.855,46.8389],[0.859,46.834],[0.8606,46.8299],[0.8572,46.8296],[0.8465,46.826],[0.8423,46.8227]]]}},{"type":"Feature","properties":{"code":"37049","nom":"Chambourg-sur-Indre","pop":1265},"geometry":{"type":"Polygon","coordinates":[[[0.9724,47.1999],[0.9789,47.1971],[0.9859,47.1931],[0.9874,47.1904],[0.9903,47.1897],[0.9982,47.1846],[1.0031,47.1844],[1.0174,47.183],[1.0162,47.1778],[1.0143,47.172],[1.0138,47.1678],[1.0116,47.1607],[1.0119,47.1598],[1.0091,47.1555],[1.0063,47.1526],[1.0001,47.1505],[0.9941,47.1474],[0.9904,47.1489],[0.9805,47.1524],[0.9768,47.151],[0.9699,47.1535],[0.9661,47.151],[0.9604,47.1522],[0.9586,47.1534],[0.956,47.1526],[0.9544,47.154],[0.9488,47.1554],[0.9462,47.1549],[0.9402,47.1569],[0.9363,47.1571],[0.9339,47.1562],[0.9272,47.158],[0.9242,47.1595],[0.9278,47.161],[0.9279,47.1643],[0.9228,47.1713],[0.9218,47.1792],[0.9144,47.1829],[0.9135,47.1844],[0.9182,47.1854],[0.9165,47.1869],[0.9216,47.1897],[0.9237,47.1881],[0.9272,47.1906],[0.9298,47.1895],[0.9323,47.1906],[0.945,47.1855],[0.9482,47.1888],[0.9512,47.1899],[0.9527,47.1883],[0.9587,47.1905],[0.9587,47.1932],[0.9724,47.1999]]]}},{"type":"Feature","properties":{"code":"37050","nom":"Chambray-lès-Tours","pop":12720},"geometry":{"type":"Polygon","coordinates":[[[0.7638,47.3388],[0.7658,47.3351],[0.7663,47.3308],[0.764,47.3259],[0.7623,47.3247],[0.7539,47.3231],[0.7512,47.3188],[0.7472,47.3198],[0.7405,47.3177],[0.735,47.3179],[0.7317,47.319],[0.7304,47.3143],[0.7268,47.3145],[0.7249,47.3158],[0.7179,47.3161],[0.7146,47.3136],[0.7119,47.3137],[0.7038,47.3115],[0.6987,47.3145],[0.6947,47.3123],[0.6912,47.3133],[0.6887,47.3147],[0.6848,47.3238],[0.6843,47.3271],[0.6823,47.3299],[0.6781,47.3295],[0.6765,47.3313],[0.6762,47.3342],[0.6747,47.3374],[0.6745,47.3408],[0.6771,47.341],[0.6821,47.3437],[0.6874,47.3471],[0.6912,47.3484],[0.6929,47.3516],[0.697,47.3508],[0.6973,47.3531],[0.6993,47.3542],[0.7003,47.351],[0.7038,47.3493],[0.705,47.3502],[0.712,47.3483],[0.7137,47.3472],[0.7237,47.3512],[0.7304,47.3445],[0.7352,47.3411],[0.7379,47.3379],[0.7424,47.3367],[0.7454,47.337],[0.7467,47.3328],[0.7528,47.3348],[0.7501,47.3381],[0.753,47.3391],[0.7548,47.3364],[0.7638,47.3388]]]}},{"type":"Feature","properties":{"code":"37051","nom":"Champigny-sur-Veude","pop":809},"geometry":{"type":"Polygon","coordinates":[[[0.3287,47.0307],[0.3246,47.0308],[0.3201,47.0299],[0.3156,47.0277],[0.3099,47.028],[0.3096,47.0306],[0.3066,47.0352],[0.3057,47.0384],[0.3094,47.0443],[0.3053,47.0527],[0.2983,47.054],[0.3108,47.0626],[0.3079,47.0668],[0.3116,47.0701],[0.3053,47.0743],[0.3082,47.0761],[0.3145,47.0782],[0.3239,47.0786],[0.329,47.0779],[0.3388,47.0788],[0.3468,47.0804],[0.3485,47.0791],[0.3474,47.0771],[0.3514,47.076],[0.3477,47.0704],[0.3567,47.0663],[0.3595,47.0664],[0.3608,47.0637],[0.3643,47.0594],[0.3598,47.0569],[0.3547,47.0554],[0.3519,47.0517],[0.3492,47.0492],[0.3467,47.0517],[0.3399,47.0495],[0.3358,47.0463],[0.3333,47.0462],[0.3354,47.0399],[0.3346,47.0382],[0.3362,47.0362],[0.3352,47.0349],[0.3305,47.0335],[0.3287,47.0307]]]}},{"type":"Feature","properties":{"code":"37052","nom":"Chançay","pop":1122},"geometry":{"type":"Polygon","coordinates":[[[0.8461,47.4658],[0.8497,47.4664],[0.8539,47.4661],[0.8633,47.4678],[0.8684,47.4669],[0.8754,47.462],[0.8829,47.4607],[0.8847,47.4614],[0.8863,47.4649],[0.8908,47.4648],[0.8928,47.4636],[0.9007,47.4622],[0.9032,47.4601],[0.9103,47.4585],[0.9191,47.4539],[0.9158,47.4522],[0.9166,47.4476],[0.9189,47.4463],[0.9193,47.4429],[0.9171,47.4417],[0.9133,47.4408],[0.906,47.441],[0.8946,47.438],[0.8843,47.4342],[0.8791,47.4301],[0.8755,47.4286],[0.8696,47.4276],[0.868,47.4274],[0.8638,47.4295],[0.8623,47.4286],[0.8595,47.4317],[0.8607,47.4347],[0.8652,47.4387],[0.8654,47.4411],[0.8625,47.4431],[0.8556,47.4431],[0.8573,47.4451],[0.8505,47.4493],[0.8463,47.4552],[0.8477,47.4596],[0.8474,47.4632],[0.8461,47.4658]]]}},{"type":"Feature","properties":{"code":"37053","nom":"Chanceaux-près-Loches","pop":109},"geometry":{"type":"Polygon","coordinates":[[[0.9325,47.1232],[0.9288,47.1248],[0.9243,47.1253],[0.9182,47.1245],[0.9145,47.1252],[0.9128,47.1268],[0.9089,47.1263],[0.9056,47.1293],[0.9036,47.1335],[0.9049,47.1403],[0.9046,47.1421],[0.9097,47.1424],[0.9118,47.1449],[0.9156,47.1464],[0.9145,47.1498],[0.9167,47.1522],[0.924,47.1554],[0.9272,47.158],[0.9339,47.1562],[0.9363,47.1571],[0.9402,47.1569],[0.9462,47.1549],[0.9488,47.1554],[0.9544,47.154],[0.956,47.1526],[0.9586,47.1534],[0.9604,47.1522],[0.9661,47.151],[0.9699,47.1535],[0.9768,47.151],[0.9805,47.1524],[0.9904,47.1489],[0.9862,47.1453],[0.9845,47.142],[0.9814,47.1397],[0.9803,47.1416],[0.9774,47.1427],[0.9739,47.1455],[0.9662,47.1384],[0.9605,47.1365],[0.9575,47.1344],[0.9477,47.129],[0.9409,47.1263],[0.9363,47.1204],[0.9325,47.1232]]]}},{"type":"Feature","properties":{"code":"37054","nom":"Chanceaux-sur-Choisille","pop":3499},"geometry":{"type":"Polygon","coordinates":[[[0.7423,47.4795],[0.7479,47.4737],[0.7462,47.4679],[0.741,47.4674],[0.737,47.47],[0.7334,47.4706],[0.7257,47.4737],[0.7242,47.4712],[0.72,47.4703],[0.7156,47.4675],[0.7119,47.4687],[0.7058,47.4699],[0.7055,47.4671],[0.7022,47.4669],[0.7006,47.4631],[0.7001,47.4583],[0.6945,47.4565],[0.6862,47.4522],[0.6827,47.4539],[0.6811,47.4533],[0.6783,47.4593],[0.6754,47.462],[0.6721,47.4615],[0.669,47.4665],[0.667,47.4709],[0.6634,47.4731],[0.6635,47.4784],[0.6621,47.4793],[0.6633,47.4818],[0.663,47.4823],[0.6692,47.4832],[0.6802,47.488],[0.6901,47.4906],[0.7015,47.4952],[0.7069,47.4953],[0.71,47.4965],[0.7093,47.4993],[0.7199,47.5001],[0.7202,47.4988],[0.7273,47.4994],[0.7284,47.4965],[0.7338,47.4969],[0.7361,47.4923],[0.7387,47.4888],[0.7361,47.4829],[0.7362,47.48],[0.7423,47.4795]]]}},{"type":"Feature","properties":{"code":"37055","nom":"Channay-sur-Lathan","pop":803},"geometry":{"type":"Polygon","coordinates":[[[0.22,47.5019],[0.2251,47.4977],[0.2307,47.5004],[0.2383,47.5005],[0.2427,47.4965],[0.238,47.4933],[0.2444,47.4907],[0.2459,47.4892],[0.2508,47.489],[0.2552,47.4895],[0.2546,47.4926],[0.2612,47.4935],[0.265,47.496],[0.2643,47.4979],[0.2667,47.499],[0.2705,47.5026],[0.2689,47.5047],[0.2719,47.507],[0.2766,47.5047],[0.2787,47.5012],[0.2862,47.4957],[0.2932,47.4934],[0.2912,47.491],[0.2971,47.4868],[0.2982,47.4841],[0.2981,47.4809],[0.2943,47.4792],[0.2889,47.4748],[0.2927,47.4647],[0.289,47.4596],[0.2908,47.4586],[0.2901,47.4563],[0.2917,47.4546],[0.2898,47.4496],[0.2864,47.4519],[0.2835,47.4517],[0.2777,47.4496],[0.2739,47.4497],[0.2689,47.4526],[0.2655,47.452],[0.2606,47.4541],[0.2559,47.4539],[0.2534,47.4551],[0.2458,47.4564],[0.2439,47.4579],[0.2357,47.4598],[0.2127,47.4681],[0.1988,47.4765],[0.1996,47.4835],[0.2034,47.4857],[0.2077,47.4905],[0.2095,47.4945],[0.2144,47.4985],[0.22,47.5019]]]}},{"type":"Feature","properties":{"code":"37056","nom":"La Chapelle-aux-Naux","pop":562},"geometry":{"type":"Polygon","coordinates":[[[0.4449,47.3179],[0.4446,47.3173],[0.4361,47.314],[0.4375,47.3106],[0.436,47.3097],[0.429,47.3104],[0.426,47.3086],[0.4249,47.3059],[0.4197,47.305],[0.4162,47.3032],[0.4121,47.3032],[0.4091,47.3023],[0.4033,47.3027],[0.4033,47.3044],[0.3994,47.3074],[0.3962,47.3123],[0.3936,47.3126],[0.3922,47.3145],[0.3975,47.3176],[0.4056,47.3195],[0.4105,47.3195],[0.4169,47.3209],[0.4248,47.3208],[0.4418,47.323],[0.4449,47.3179]]]}},{"type":"Feature","properties":{"code":"37057","nom":"La Chapelle-Blanche-Saint-Martin","pop":688},"geometry":{"type":"Polygon","coordinates":[[[0.765,47.1155],[0.7715,47.1159],[0.7764,47.1143],[0.7839,47.1142],[0.7904,47.1173],[0.7943,47.1151],[0.797,47.1099],[0.7985,47.1099],[0.8022,47.1064],[0.8057,47.1017],[0.8079,47.1009],[0.8107,47.1029],[0.8148,47.0985],[0.8135,47.096],[0.8174,47.0875],[0.8166,47.0851],[0.822,47.0823],[0.825,47.0815],[0.827,47.0763],[0.8324,47.0722],[0.8304,47.0693],[0.8259,47.0665],[0.8177,47.0665],[0.8123,47.0649],[0.8073,47.0645],[0.7999,47.0632],[0.7965,47.0616],[0.7982,47.0602],[0.7957,47.0581],[0.783,47.0583],[0.7764,47.0575],[0.7712,47.0583],[0.7656,47.0577],[0.7602,47.055],[0.7547,47.0542],[0.7552,47.0606],[0.7534,47.0651],[0.7511,47.0675],[0.7515,47.0702],[0.7578,47.0717],[0.7537,47.0758],[0.7484,47.0867],[0.7503,47.0899],[0.749,47.0931],[0.7505,47.097],[0.7549,47.0985],[0.7595,47.1027],[0.7628,47.1084],[0.7626,47.11],[0.7647,47.1127],[0.765,47.1155]]]}},{"type":"Feature","properties":{"code":"37058","nom":"La Chapelle-sur-Loire","pop":1468},"geometry":{"type":"Polygon","coordinates":[[[0.164,47.2556],[0.1706,47.2562],[0.175,47.2553],[0.1792,47.2554],[0.188,47.258],[0.1966,47.2576],[0.1999,47.2591],[0.2034,47.2603],[0.206,47.2601],[0.2119,47.2615],[0.2189,47.2608],[0.2236,47.2615],[0.2295,47.2639],[0.2398,47.2652],[0.2456,47.2652],[0.2504,47.2659],[0.2565,47.2657],[0.2629,47.2687],[0.267,47.2697],[0.2757,47.27],[0.2801,47.2716],[0.2831,47.2663],[0.2797,47.2639],[0.2809,47.2622],[0.2747,47.2626],[0.2723,47.2621],[0.2625,47.2595],[0.2648,47.2552],[0.2648,47.2531],[0.2592,47.2505],[0.2573,47.2484],[0.2492,47.246],[0.2465,47.2476],[0.2405,47.2457],[0.239,47.2458],[0.2306,47.2418],[0.2242,47.2397],[0.2204,47.2391],[0.2097,47.2374],[0.2069,47.2373],[0.2038,47.2353],[0.2007,47.235],[0.1952,47.2329],[0.1917,47.2324],[0.1876,47.2328],[0.1829,47.2344],[0.161,47.2365],[0.162,47.2422],[0.1638,47.2453],[0.164,47.2508],[0.1649,47.2532],[0.164,47.2556]]]}},{"type":"Feature","properties":{"code":"37059","nom":"Charentilly","pop":1365},"geometry":{"type":"Polygon","coordinates":[[[0.5823,47.4482],[0.5753,47.4585],[0.5725,47.4617],[0.568,47.4655],[0.5629,47.4715],[0.5668,47.4741],[0.5739,47.4777],[0.5773,47.4789],[0.5806,47.4789],[0.5814,47.4842],[0.5824,47.4861],[0.5874,47.4884],[0.5918,47.4893],[0.6004,47.4922],[0.6061,47.4923],[0.6135,47.4833],[0.6144,47.4802],[0.6168,47.478],[0.6223,47.4698],[0.6267,47.4652],[0.622,47.4634],[0.62,47.4622],[0.6165,47.462],[0.6121,47.4591],[0.614,47.4563],[0.6072,47.4541],[0.6021,47.4516],[0.6015,47.4493],[0.6038,47.4467],[0.5974,47.4467],[0.5897,47.448],[0.5823,47.4482]]]}},{"type":"Feature","properties":{"code":"37060","nom":"Chargé","pop":1359},"geometry":{"type":"Polygon","coordinates":[[[1.0513,47.4205],[1.0303,47.4167],[1.0233,47.4154],[1.0191,47.4183],[1.0166,47.4235],[1.0107,47.4294],[1.0126,47.4304],[1.0171,47.4331],[1.0262,47.4376],[1.034,47.44],[1.0421,47.4411],[1.0514,47.4438],[1.0562,47.4459],[1.0592,47.4462],[1.064,47.4484],[1.0643,47.4464],[1.0671,47.4445],[1.0694,47.4414],[1.0727,47.4355],[1.0669,47.4336],[1.057,47.4271],[1.0551,47.4295],[1.0497,47.4276],[1.0485,47.4287],[1.0438,47.4287],[1.0414,47.4273],[1.046,47.4262],[1.0498,47.4244],[1.0513,47.4205]]]}},{"type":"Feature","properties":{"code":"37061","nom":"Charnizay","pop":461},"geometry":{"type":"Polygon","coordinates":[[[0.9401,46.8836],[0.9402,46.8866],[0.942,46.8881],[0.9426,46.8914],[0.9417,46.8927],[0.9463,46.8939],[0.9492,46.898],[0.9553,46.9076],[0.9557,46.9093],[0.9542,46.9151],[0.9545,46.9188],[0.9493,46.9207],[0.9501,46.9236],[0.954,46.9258],[0.9582,46.9252],[0.9576,46.9283],[0.955,46.935],[0.9519,46.9374],[0.9494,46.943],[0.9501,46.9446],[0.9563,46.9507],[0.9591,46.9556],[0.9639,46.9545],[0.9735,46.9583],[0.9719,46.9658],[0.98,46.9662],[0.9807,46.9637],[0.9865,46.955],[0.9947,46.9531],[1.0047,46.9556],[1.0101,46.9513],[1.013,46.9504],[1.0254,46.952],[1.0251,46.9497],[1.0321,46.9486],[1.0323,46.9456],[1.0313,46.9421],[1.0374,46.9421],[1.0355,46.94],[1.0362,46.9352],[1.0377,46.9322],[1.0376,46.9278],[1.0331,46.9139],[1.0338,46.9075],[1.0302,46.895],[1.0265,46.8853],[1.0252,46.8799],[1.0213,46.8799],[1.0181,46.8788],[1.0127,46.8747],[1.0058,46.8766],[1.005,46.8782],[1.002,46.8788],[0.9849,46.8774],[0.9806,46.875],[0.9786,46.8757],[0.9623,46.8797],[0.958,46.8778],[0.9554,46.8756],[0.9524,46.8772],[0.9478,46.88],[0.9406,46.8828],[0.9401,46.8836]]]}},{"type":"Feature","properties":{"code":"37062","nom":"Château-la-Vallière","pop":1734},"geometry":{"type":"Polygon","coordinates":[[[0.3615,47.5251],[0.3628,47.52],[0.3594,47.5193],[0.3606,47.5158],[0.3589,47.5108],[0.3599,47.5061],[0.3484,47.5017],[0.3449,47.5021],[0.34,47.5052],[0.3376,47.5031],[0.3279,47.505],[0.322,47.5093],[0.3187,47.5104],[0.3177,47.513],[0.3123,47.5138],[0.3081,47.5103],[0.3058,47.5094],[0.3011,47.5059],[0.2982,47.4999],[0.2968,47.4992],[0.2908,47.5032],[0.2906,47.505],[0.2844,47.5055],[0.28,47.5065],[0.2834,47.5089],[0.2848,47.5115],[0.2961,47.5139],[0.315,47.5154],[0.3154,47.5191],[0.3135,47.5213],[0.3149,47.5228],[0.3104,47.5264],[0.3059,47.527],[0.3067,47.5311],[0.3061,47.533],[0.2945,47.5377],[0.3017,47.5461],[0.3021,47.5472],[0.3011,47.5495],[0.306,47.5505],[0.3071,47.5561],[0.3157,47.5602],[0.3179,47.5593],[0.3191,47.5576],[0.3174,47.5545],[0.3239,47.5534],[0.325,47.5515],[0.3287,47.5515],[0.3334,47.5492],[0.3412,47.5506],[0.3395,47.5423],[0.341,47.5396],[0.3479,47.5312],[0.3496,47.5272],[0.3529,47.5279],[0.3582,47.5268],[0.3615,47.5251]]]}},{"type":"Feature","properties":{"code":"37063","nom":"Château-Renault","pop":4392},"geometry":{"type":"Polygon","coordinates":[[[0.9229,47.6038],[0.9273,47.5985],[0.9273,47.5953],[0.925,47.5898],[0.9226,47.59],[0.9113,47.5873],[0.9017,47.5847],[0.9005,47.5816],[0.8913,47.5861],[0.8922,47.5895],[0.8868,47.5894],[0.8873,47.5924],[0.8938,47.5943],[0.9007,47.5949],[0.9036,47.5961],[0.9061,47.5953],[0.9106,47.5997],[0.9144,47.5978],[0.9189,47.6038],[0.9229,47.6038]]]}},{"type":"Feature","properties":{"code":"37064","nom":"Chaumussay","pop":199},"geometry":{"type":"Polygon","coordinates":[[[0.8529,46.8514],[0.8472,46.8568],[0.8436,46.8571],[0.8387,46.8565],[0.8339,46.8595],[0.8295,46.8643],[0.8247,46.8646],[0.8243,46.8659],[0.8198,46.8689],[0.8214,46.8702],[0.8176,46.872],[0.815,46.8757],[0.8164,46.8781],[0.8114,46.8841],[0.8142,46.8864],[0.8143,46.8891],[0.8176,46.8934],[0.8207,46.8897],[0.8249,46.8885],[0.8305,46.8905],[0.831,46.8955],[0.837,46.8966],[0.8392,46.8939],[0.8412,46.889],[0.8441,46.8864],[0.8482,46.8849],[0.8542,46.8871],[0.8626,46.8939],[0.8629,46.8956],[0.8672,46.8963],[0.8711,46.8981],[0.876,46.8971],[0.8826,46.8946],[0.8848,46.8931],[0.8911,46.8918],[0.8889,46.888],[0.8858,46.8854],[0.8854,46.8825],[0.8835,46.8794],[0.8844,46.8747],[0.881,46.8688],[0.8777,46.8662],[0.8717,46.8655],[0.8709,46.8634],[0.8715,46.8602],[0.8734,46.8595],[0.8718,46.857],[0.864,46.853],[0.8529,46.8514]]]}},{"type":"Feature","properties":{"code":"37065","nom":"Chaveignes","pop":581},"geometry":{"type":"Polygon","coordinates":[[[0.3816,47.013],[0.376,47.0063],[0.3783,47.0054],[0.3698,47.0023],[0.3582,46.9994],[0.3548,46.9991],[0.3528,46.9921],[0.3405,46.9942],[0.3235,46.9974],[0.3255,47.0003],[0.3292,47.0006],[0.3278,47.0113],[0.3267,47.0116],[0.3259,47.017],[0.3219,47.0236],[0.3228,47.0261],[0.3277,47.0283],[0.3287,47.0307],[0.3305,47.0335],[0.3352,47.0349],[0.3362,47.0362],[0.3346,47.0382],[0.3354,47.0399],[0.3333,47.0462],[0.3358,47.0463],[0.3399,47.0495],[0.3467,47.0517],[0.3492,47.0492],[0.3519,47.0517],[0.3547,47.0554],[0.3598,47.0569],[0.3643,47.0594],[0.3682,47.0627],[0.3699,47.0628],[0.3681,47.0567],[0.3708,47.0555],[0.3773,47.0555],[0.3818,47.0537],[0.3803,47.0522],[0.3751,47.0501],[0.3724,47.0492],[0.3656,47.044],[0.3696,47.0421],[0.3673,47.0399],[0.3684,47.0378],[0.3681,47.0347],[0.3638,47.0307],[0.3645,47.0259],[0.3721,47.0245],[0.3763,47.0253],[0.3851,47.024],[0.3808,47.0178],[0.3763,47.0158],[0.3816,47.013]]]}},{"type":"Feature","properties":{"code":"37066","nom":"Chédigny","pop":566},"geometry":{"type":"Polygon","coordinates":[[[1.011,47.2457],[1.0212,47.2364],[1.0232,47.2329],[1.028,47.2277],[1.0274,47.225],[1.0235,47.224],[1.0106,47.2173],[1.0095,47.2145],[1.0121,47.212],[1.0079,47.2108],[1.0122,47.2059],[1.0087,47.2045],[1.0046,47.2009],[1.0061,47.1989],[1.0087,47.1999],[1.009,47.1965],[1.0117,47.1968],[1.011,47.1923],[1.0091,47.1897],[1.0061,47.1885],[1.0031,47.1844],[0.9982,47.1846],[0.9903,47.1897],[0.9874,47.1904],[0.9859,47.1931],[0.9789,47.1971],[0.9724,47.1999],[0.9741,47.2014],[0.9755,47.205],[0.9736,47.2099],[0.967,47.2106],[0.9672,47.2173],[0.9686,47.2193],[0.9651,47.2209],[0.9702,47.223],[0.9671,47.2274],[0.9645,47.2267],[0.9635,47.2296],[0.9648,47.2315],[0.9619,47.2362],[0.9618,47.2382],[0.9576,47.2417],[0.9594,47.2423],[0.9602,47.2448],[0.9631,47.2458],[0.9726,47.2476],[0.974,47.2499],[0.9791,47.2501],[0.9862,47.2514],[0.991,47.2511],[0.9945,47.2468],[1.0075,47.2499],[1.011,47.2457]]]}},{"type":"Feature","properties":{"code":"37067","nom":"Cheillé","pop":1907},"geometry":{"type":"Polygon","coordinates":[[[0.3969,47.2018],[0.3942,47.2033],[0.388,47.2052],[0.3843,47.2112],[0.3817,47.2142],[0.383,47.2186],[0.3817,47.2215],[0.3784,47.2241],[0.3783,47.2275],[0.3762,47.2332],[0.3724,47.239],[0.3715,47.2445],[0.3704,47.2478],[0.3721,47.2566],[0.3727,47.2629],[0.38,47.2618],[0.3842,47.2616],[0.385,47.2628],[0.3839,47.2698],[0.3896,47.2697],[0.3903,47.2739],[0.3929,47.2749],[0.3952,47.2757],[0.398,47.2746],[0.4065,47.2746],[0.409,47.2732],[0.4117,47.2734],[0.4225,47.2706],[0.4246,47.2688],[0.4299,47.2689],[0.4343,47.2682],[0.4403,47.2663],[0.4466,47.2621],[0.462,47.2606],[0.4643,47.259],[0.4675,47.2589],[0.4734,47.2545],[0.4839,47.2539],[0.4884,47.254],[0.4896,47.2562],[0.4982,47.2548],[0.4945,47.2479],[0.4903,47.2451],[0.4846,47.244],[0.481,47.2404],[0.4784,47.2398],[0.4761,47.233],[0.469,47.2301],[0.4731,47.2274],[0.4767,47.2278],[0.4715,47.2258],[0.468,47.2252],[0.4651,47.2231],[0.4611,47.2216],[0.458,47.2217],[0.4478,47.217],[0.4369,47.2154],[0.4237,47.2116],[0.4118,47.2068],[0.4045,47.2031],[0.3969,47.2018]]]}},{"type":"Feature","properties":{"code":"37068","nom":"Chemillé-sur-Dême","pop":707},"geometry":{"type":"Polygon","coordinates":[[[0.6125,47.657],[0.6208,47.6634],[0.622,47.6651],[0.6269,47.6648],[0.6294,47.6664],[0.6313,47.6695],[0.6354,47.6682],[0.6363,47.6714],[0.6413,47.6722],[0.6467,47.6648],[0.6536,47.6664],[0.6563,47.6659],[0.6627,47.6702],[0.6652,47.6753],[0.6641,47.6767],[0.6638,47.6812],[0.665,47.6845],[0.6609,47.6844],[0.6583,47.6834],[0.6544,47.6845],[0.6554,47.6862],[0.6606,47.689],[0.6669,47.6933],[0.6726,47.6958],[0.6747,47.6993],[0.6783,47.6965],[0.6853,47.6944],[0.6845,47.6932],[0.6898,47.6908],[0.6941,47.6869],[0.7004,47.6861],[0.7035,47.683],[0.7076,47.6833],[0.7123,47.6822],[0.7104,47.6791],[0.7076,47.6779],[0.7038,47.6735],[0.6993,47.6693],[0.7031,47.6694],[0.7056,47.6661],[0.7102,47.6663],[0.7129,47.6654],[0.7124,47.6624],[0.7159,47.6598],[0.7187,47.6602],[0.7191,47.6561],[0.7298,47.655],[0.7219,47.6469],[0.713,47.6496],[0.7105,47.6499],[0.7047,47.6485],[0.7006,47.6482],[0.6898,47.6454],[0.6847,47.6421],[0.6807,47.6415],[0.6783,47.6397],[0.6741,47.6394],[0.6666,47.6381],[0.6688,47.6366],[0.6715,47.6323],[0.6648,47.6287],[0.6646,47.6269],[0.6615,47.6253],[0.6606,47.6271],[0.6565,47.6301],[0.6545,47.6305],[0.6507,47.6371],[0.6482,47.6362],[0.6459,47.6285],[0.6417,47.6287],[0.6389,47.6257],[0.635,47.6332],[0.6274,47.6326],[0.6214,47.6308],[0.6208,47.6384],[0.619,47.6422],[0.6189,47.646],[0.616,47.649],[0.6188,47.6513],[0.616,47.6525],[0.6125,47.657]]]}},{"type":"Feature","properties":{"code":"37069","nom":"Chemillé-sur-Indrois","pop":227},"geometry":{"type":"Polygon","coordinates":[[[1.1689,47.1874],[1.1735,47.1848],[1.1785,47.18],[1.1778,47.1769],[1.1844,47.1689],[1.1874,47.1647],[1.1875,47.1604],[1.1913,47.1545],[1.1925,47.1547],[1.195,47.1515],[1.1998,47.1503],[1.1993,47.1482],[1.1969,47.145],[1.1954,47.1409],[1.1882,47.1391],[1.1913,47.1375],[1.1906,47.1346],[1.1838,47.1361],[1.1778,47.1347],[1.1755,47.1315],[1.1685,47.133],[1.1637,47.1316],[1.1562,47.1315],[1.1535,47.1295],[1.1457,47.1271],[1.1273,47.1294],[1.1309,47.1331],[1.1195,47.1415],[1.1114,47.1395],[1.1182,47.1429],[1.1218,47.1474],[1.1267,47.1544],[1.1314,47.158],[1.1318,47.1645],[1.1358,47.1649],[1.1395,47.1674],[1.1421,47.1711],[1.1453,47.1717],[1.1439,47.1744],[1.1447,47.177],[1.148,47.1787],[1.1471,47.1805],[1.1536,47.1828],[1.157,47.1845],[1.1624,47.1854],[1.1689,47.1874]]]}},{"type":"Feature","properties":{"code":"37070","nom":"Chenonceaux","pop":334},"geometry":{"type":"Polygon","coordinates":[[[1.078,47.3643],[1.0809,47.364],[1.0827,47.3598],[1.0779,47.3546],[1.0768,47.3484],[1.0768,47.3432],[1.0786,47.3402],[1.0792,47.3371],[1.0778,47.3358],[1.0765,47.3296],[1.0786,47.3264],[1.0749,47.3261],[1.0706,47.3242],[1.0596,47.323],[1.0617,47.3356],[1.058,47.339],[1.0609,47.3399],[1.0613,47.3429],[1.078,47.3643]]]}},{"type":"Feature","properties":{"code":"37071","nom":"Chezelles","pop":130},"geometry":{"type":"Polygon","coordinates":[[[0.4763,47.066],[0.4735,47.0635],[0.4748,47.0624],[0.4751,47.0584],[0.4711,47.0558],[0.467,47.0591],[0.4647,47.0597],[0.4613,47.0587],[0.4511,47.0515],[0.4463,47.0522],[0.4445,47.0504],[0.4421,47.0516],[0.4363,47.0452],[0.434,47.0415],[0.4283,47.0426],[0.4259,47.0442],[0.4272,47.0474],[0.4217,47.051],[0.4168,47.0526],[0.4134,47.0562],[0.4153,47.057],[0.4123,47.0598],[0.4115,47.0624],[0.4096,47.0633],[0.4152,47.0693],[0.4195,47.0824],[0.4255,47.0887],[0.4372,47.0884],[0.4388,47.0847],[0.4404,47.0837],[0.4496,47.0838],[0.4523,47.0796],[0.454,47.0817],[0.4569,47.082],[0.4638,47.0801],[0.4662,47.0769],[0.4706,47.0747],[0.4682,47.0734],[0.4693,47.0718],[0.4685,47.0687],[0.4717,47.0663],[0.4763,47.066]]]}},{"type":"Feature","properties":{"code":"37072","nom":"Chinon","pop":8144},"geometry":{"type":"Polygon","coordinates":[[[0.2422,47.1322],[0.2397,47.1309],[0.2366,47.1324],[0.2353,47.1343],[0.2315,47.1366],[0.2284,47.1364],[0.2239,47.1384],[0.2208,47.1387],[0.219,47.1404],[0.2093,47.1433],[0.211,47.1468],[0.2108,47.1507],[0.2117,47.1554],[0.2103,47.1587],[0.2064,47.1607],[0.2079,47.1637],[0.2014,47.1653],[0.1974,47.1653],[0.1906,47.167],[0.1889,47.172],[0.19,47.1729],[0.1926,47.1768],[0.1983,47.1774],[0.2039,47.179],[0.2095,47.1817],[0.2156,47.1854],[0.2207,47.1868],[0.2205,47.1898],[0.2177,47.1944],[0.2176,47.1994],[0.2202,47.2051],[0.2198,47.2076],[0.2324,47.2069],[0.2366,47.2073],[0.2385,47.2039],[0.2452,47.2035],[0.255,47.2011],[0.2597,47.2025],[0.2697,47.2001],[0.2774,47.2013],[0.2768,47.199],[0.2793,47.1964],[0.2804,47.192],[0.2819,47.1915],[0.2845,47.1828],[0.2891,47.1831],[0.2932,47.1815],[0.2963,47.178],[0.2976,47.1753],[0.2899,47.1679],[0.2891,47.1658],[0.2896,47.1622],[0.2865,47.1553],[0.2866,47.1534],[0.2827,47.1467],[0.2679,47.1512],[0.2618,47.1524],[0.2569,47.154],[0.2548,47.151],[0.249,47.1523],[0.2487,47.146],[0.2454,47.1416],[0.2449,47.1391],[0.243,47.1374],[0.2416,47.1341],[0.2422,47.1322]]]}},{"type":"Feature","properties":{"code":"37073","nom":"Chisseaux","pop":610},"geometry":{"type":"Polygon","coordinates":[[[1.1063,47.3314],[1.0971,47.3296],[1.0948,47.3287],[1.0854,47.3281],[1.0786,47.3264],[1.0765,47.3296],[1.0778,47.3358],[1.0792,47.3371],[1.0786,47.3402],[1.0768,47.3432],[1.0768,47.3484],[1.0779,47.3546],[1.0827,47.3598],[1.0809,47.364],[1.083,47.3638],[1.0858,47.3665],[1.0885,47.3652],[1.0913,47.3682],[1.0923,47.3709],[1.1036,47.3738],[1.1072,47.373],[1.1044,47.3694],[1.1099,47.3642],[1.1151,47.3638],[1.1197,47.3591],[1.1225,47.3571],[1.1231,47.3537],[1.1179,47.3519],[1.1133,47.3478],[1.1157,47.3464],[1.111,47.3424],[1.1097,47.3384],[1.1079,47.3368],[1.1063,47.3314]]]}},{"type":"Feature","properties":{"code":"37074","nom":"Chouzé-sur-Loire","pop":2132},"geometry":{"type":"Polygon","coordinates":[[[0.161,47.2365],[0.1534,47.2373],[0.1342,47.2354],[0.123,47.2316],[0.1164,47.2279],[0.1052,47.2242],[0.0904,47.2179],[0.0837,47.216],[0.0745,47.2144],[0.0762,47.2161],[0.0792,47.2168],[0.0767,47.2203],[0.0725,47.22],[0.0715,47.2232],[0.0731,47.2238],[0.0729,47.2264],[0.0743,47.2279],[0.0738,47.2369],[0.0699,47.241],[0.0679,47.2455],[0.0679,47.2475],[0.0748,47.2481],[0.075,47.2502],[0.0773,47.2539],[0.0747,47.2616],[0.0768,47.2638],[0.0807,47.2651],[0.0795,47.2668],[0.0816,47.2696],[0.0799,47.2717],[0.0834,47.275],[0.0886,47.2754],[0.0951,47.2752],[0.1027,47.2731],[0.1068,47.2712],[0.1104,47.2706],[0.1268,47.2631],[0.1418,47.2606],[0.1528,47.2549],[0.1572,47.2562],[0.164,47.2556],[0.1649,47.2532],[0.164,47.2508],[0.1638,47.2453],[0.162,47.2422],[0.161,47.2365]]]}},{"type":"Feature","properties":{"code":"37075","nom":"Cigogné","pop":460},"geometry":{"type":"Polygon","coordinates":[[[0.9235,47.2817],[0.9271,47.2834],[0.928,47.2877],[0.9363,47.2946],[0.9421,47.2942],[0.947,47.2932],[0.952,47.2951],[0.9633,47.2891],[0.9556,47.2839],[0.9678,47.2765],[0.9727,47.2729],[0.9768,47.2713],[0.9756,47.2674],[0.975,47.2608],[0.972,47.2528],[0.9862,47.2514],[0.9791,47.2501],[0.974,47.2499],[0.9726,47.2476],[0.9631,47.2458],[0.9602,47.2448],[0.9594,47.2423],[0.9576,47.2417],[0.9512,47.2377],[0.9496,47.2384],[0.9428,47.2448],[0.9356,47.2428],[0.9249,47.2484],[0.9158,47.25],[0.9102,47.2497],[0.9093,47.2559],[0.9062,47.2656],[0.9082,47.2662],[0.911,47.2692],[0.9178,47.2749],[0.9148,47.2772],[0.9235,47.2817]]]}},{"type":"Feature","properties":{"code":"37076","nom":"Cinais","pop":372},"geometry":{"type":"Polygon","coordinates":[[[0.1933,47.1438],[0.1885,47.1434],[0.1828,47.1399],[0.1796,47.1402],[0.1777,47.1418],[0.1775,47.144],[0.174,47.1442],[0.1636,47.1429],[0.1587,47.1482],[0.1583,47.153],[0.1528,47.1552],[0.1575,47.1574],[0.1579,47.1594],[0.1613,47.1611],[0.1572,47.1626],[0.157,47.1671],[0.1616,47.1652],[0.1623,47.168],[0.1674,47.1759],[0.1711,47.1744],[0.19,47.1729],[0.1889,47.172],[0.1906,47.167],[0.1923,47.1641],[0.1938,47.1573],[0.1972,47.1567],[0.1973,47.1518],[0.1957,47.1501],[0.1956,47.1477],[0.1933,47.1438]]]}},{"type":"Feature","properties":{"code":"37077","nom":"Cinq-Mars-la-Pile","pop":4015},"geometry":{"type":"Polygon","coordinates":[[[0.4418,47.323],[0.4424,47.3271],[0.4405,47.3295],[0.4345,47.3337],[0.4369,47.3347],[0.4329,47.3401],[0.4336,47.3419],[0.4322,47.3444],[0.4293,47.3451],[0.4272,47.3474],[0.423,47.3473],[0.4203,47.3487],[0.4212,47.351],[0.4193,47.3556],[0.4177,47.3558],[0.4199,47.3598],[0.414,47.362],[0.418,47.3684],[0.4195,47.3716],[0.4276,47.3718],[0.4332,47.3725],[0.4431,47.3721],[0.4507,47.3727],[0.4544,47.3716],[0.4676,47.3719],[0.4764,47.3709],[0.4879,47.3709],[0.4936,47.3642],[0.4924,47.3606],[0.4945,47.3587],[0.4909,47.3568],[0.4854,47.3526],[0.4799,47.3444],[0.4586,47.3309],[0.4535,47.3278],[0.4502,47.3251],[0.4418,47.323]]]}},{"type":"Feature","properties":{"code":"37078","nom":"Ciran","pop":425},"geometry":{"type":"Polygon","coordinates":[[[0.8872,47.0705],[0.8905,47.0642],[0.8918,47.0581],[0.8933,47.0552],[0.8956,47.0536],[0.8957,47.0514],[0.9004,47.051],[0.9025,47.0477],[0.9008,47.0446],[0.8964,47.0449],[0.8957,47.0432],[0.8912,47.0441],[0.8837,47.0434],[0.8903,47.0343],[0.8834,47.0313],[0.882,47.0278],[0.8763,47.0272],[0.8728,47.0281],[0.8725,47.0238],[0.8674,47.0264],[0.8639,47.0285],[0.8572,47.0341],[0.8498,47.0362],[0.8559,47.0403],[0.858,47.0424],[0.8561,47.045],[0.855,47.0482],[0.8524,47.0524],[0.8532,47.0541],[0.8489,47.0545],[0.8501,47.0573],[0.8493,47.0622],[0.8474,47.0637],[0.8528,47.0651],[0.8548,47.0679],[0.8575,47.0693],[0.8635,47.0703],[0.8687,47.0721],[0.8689,47.0732],[0.8752,47.0745],[0.8755,47.0765],[0.8835,47.0769],[0.8844,47.073],[0.8872,47.0705]]]}},{"type":"Feature","properties":{"code":"37079","nom":"Civray-de-Touraine","pop":1819},"geometry":{"type":"Polygon","coordinates":[[[1.0588,47.3728],[1.0757,47.3693],[1.078,47.3643],[1.0613,47.3429],[1.0609,47.3399],[1.058,47.339],[1.0617,47.3356],[1.0596,47.323],[1.0502,47.3247],[1.0496,47.3214],[1.0474,47.3179],[1.0452,47.3106],[1.0498,47.3057],[1.0431,47.3034],[1.0451,47.3],[1.0408,47.2997],[1.0419,47.2976],[1.0373,47.2961],[1.0359,47.2935],[1.0326,47.2921],[1.0342,47.2969],[1.0281,47.2975],[1.0298,47.2999],[1.0302,47.3035],[1.0247,47.3041],[1.0224,47.306],[1.0265,47.311],[1.0236,47.3138],[1.0262,47.3196],[1.0281,47.3281],[1.0094,47.3283],[1.0036,47.3287],[1.005,47.3332],[1.0084,47.3352],[1.0104,47.3392],[1.0154,47.3426],[1.0128,47.3463],[1.0149,47.3478],[1.0167,47.3516],[1.0186,47.3524],[1.0225,47.3561],[1.0259,47.3619],[1.0247,47.3642],[1.0315,47.368],[1.0365,47.3649],[1.0464,47.3676],[1.0508,47.3692],[1.056,47.3665],[1.0588,47.3728]]]}},{"type":"Feature","properties":{"code":"37080","nom":"Civray-sur-Esves","pop":212},"geometry":{"type":"Polygon","coordinates":[[[0.6982,47.0504],[0.7028,47.0489],[0.7063,47.0513],[0.7141,47.0501],[0.7172,47.0505],[0.717,47.0482],[0.7235,47.0492],[0.7475,47.0492],[0.7477,47.0459],[0.7465,47.0447],[0.7474,47.0395],[0.7451,47.0375],[0.7419,47.037],[0.7352,47.029],[0.7241,47.0252],[0.7179,47.0184],[0.711,47.0178],[0.7052,47.0178],[0.7009,47.019],[0.698,47.022],[0.6903,47.0223],[0.6904,47.0242],[0.6834,47.0292],[0.6853,47.03],[0.684,47.0344],[0.6811,47.0362],[0.6765,47.0413],[0.6771,47.0433],[0.6814,47.046],[0.6839,47.0459],[0.6898,47.0434],[0.6931,47.045],[0.6946,47.0486],[0.6982,47.0504]]]}},{"type":"Feature","properties":{"code":"37081","nom":"Cléré-les-Pins","pop":1429},"geometry":{"type":"Polygon","coordinates":[[[0.4159,47.4136],[0.4128,47.4129],[0.4133,47.4099],[0.3967,47.4049],[0.3849,47.4063],[0.3791,47.4074],[0.3729,47.4069],[0.3684,47.4078],[0.3669,47.411],[0.3603,47.4091],[0.3568,47.409],[0.3564,47.4121],[0.3522,47.4179],[0.3506,47.418],[0.3513,47.4207],[0.3502,47.4224],[0.3465,47.4248],[0.3494,47.4277],[0.3468,47.4343],[0.3448,47.4368],[0.3456,47.4385],[0.3388,47.443],[0.3369,47.4472],[0.3472,47.4491],[0.3466,47.4505],[0.3483,47.4543],[0.3489,47.465],[0.3499,47.4668],[0.3491,47.4702],[0.3612,47.4749],[0.3685,47.4762],[0.3732,47.479],[0.3767,47.4794],[0.3923,47.4848],[0.3983,47.4885],[0.4067,47.4939],[0.4125,47.4882],[0.4084,47.4774],[0.4039,47.4549],[0.4089,47.4484],[0.4063,47.445],[0.4067,47.4406],[0.4036,47.4399],[0.3973,47.4344],[0.3991,47.4308],[0.3985,47.4284],[0.3994,47.4248],[0.4049,47.4234],[0.4111,47.4199],[0.4159,47.4136]]]}},{"type":"Feature","properties":{"code":"37082","nom":"Continvoir","pop":469},"geometry":{"type":"Polygon","coordinates":[[[0.1959,47.3491],[0.1999,47.3522],[0.2058,47.3551],[0.2066,47.3575],[0.2035,47.359],[0.2004,47.3647],[0.1986,47.3659],[0.1987,47.3811],[0.2032,47.3815],[0.2034,47.3839],[0.2086,47.3881],[0.2136,47.3901],[0.2142,47.3922],[0.2131,47.4001],[0.2062,47.4071],[0.2038,47.4076],[0.21,47.4119],[0.2122,47.4148],[0.205,47.4192],[0.2054,47.4248],[0.2091,47.427],[0.2148,47.4292],[0.2158,47.4265],[0.2234,47.4256],[0.2288,47.4258],[0.2314,47.4246],[0.2358,47.4202],[0.2382,47.4129],[0.238,47.4115],[0.2413,47.4092],[0.2454,47.4086],[0.2451,47.4009],[0.2466,47.3992],[0.2464,47.3945],[0.2417,47.3941],[0.2381,47.3929],[0.2341,47.3898],[0.2332,47.3881],[0.2407,47.3845],[0.2415,47.3804],[0.2521,47.3791],[0.2558,47.3723],[0.2523,47.3692],[0.2592,47.3655],[0.2626,47.3649],[0.2685,47.3655],[0.2711,47.3648],[0.2744,47.3592],[0.2809,47.3556],[0.2848,47.3524],[0.2885,47.3506],[0.2843,47.3466],[0.2842,47.3443],[0.2839,47.3432],[0.2861,47.3387],[0.2835,47.3352],[0.2816,47.3312],[0.2767,47.3285],[0.2722,47.3268],[0.2659,47.3231],[0.2642,47.3242],[0.2602,47.3245],[0.2567,47.3225],[0.2531,47.3281],[0.2514,47.3339],[0.2456,47.3345],[0.2429,47.3323],[0.236,47.3359],[0.2287,47.3341],[0.2263,47.3343],[0.2233,47.3327],[0.2162,47.3338],[0.2137,47.3347],[0.2102,47.3384],[0.2063,47.3382],[0.2029,47.3397],[0.1984,47.3482],[0.1952,47.3484],[0.1959,47.3491]]]}},{"type":"Feature","properties":{"code":"37083","nom":"Cormery","pop":1905},"geometry":{"type":"Polygon","coordinates":[[[0.8628,47.2644],[0.865,47.2617],[0.8651,47.2562],[0.8692,47.2507],[0.8661,47.248],[0.8603,47.2454],[0.8574,47.2421],[0.8534,47.2432],[0.8472,47.2494],[0.8437,47.2504],[0.8412,47.2556],[0.8421,47.2574],[0.8363,47.2621],[0.8346,47.262],[0.832,47.262],[0.8185,47.2602],[0.8176,47.2621],[0.818,47.2656],[0.8196,47.266],[0.8168,47.2717],[0.818,47.2745],[0.8199,47.2696],[0.8229,47.269],[0.8283,47.2692],[0.8335,47.271],[0.8361,47.2698],[0.8402,47.2711],[0.8497,47.2681],[0.8543,47.2675],[0.8579,47.2657],[0.8628,47.2644]]]}},{"type":"Feature","properties":{"code":"37084","nom":"Couesmes","pop":543},"geometry":{"type":"Polygon","coordinates":[[[0.3391,47.5797],[0.3413,47.5796],[0.3464,47.5772],[0.3548,47.5766],[0.3579,47.5749],[0.3616,47.5748],[0.3669,47.5737],[0.3679,47.5721],[0.372,47.5705],[0.376,47.5703],[0.3785,47.5684],[0.3808,47.5651],[0.38,47.5619],[0.3828,47.5563],[0.3866,47.553],[0.3919,47.5509],[0.395,47.5509],[0.3989,47.5476],[0.402,47.5469],[0.4011,47.543],[0.3959,47.5388],[0.3973,47.5369],[0.3974,47.5336],[0.3894,47.532],[0.3853,47.5321],[0.3821,47.5307],[0.3786,47.528],[0.3771,47.5257],[0.3733,47.5262],[0.3722,47.5245],[0.3684,47.5247],[0.3661,47.5236],[0.3615,47.5251],[0.3582,47.5268],[0.3529,47.5279],[0.3496,47.5272],[0.3479,47.5312],[0.341,47.5396],[0.3395,47.5423],[0.3412,47.5506],[0.3334,47.5492],[0.3287,47.5515],[0.325,47.5515],[0.3239,47.5534],[0.3174,47.5545],[0.3191,47.5576],[0.3179,47.5593],[0.3221,47.5627],[0.3282,47.5655],[0.3317,47.5716],[0.336,47.5719],[0.3371,47.578],[0.3391,47.5797]]]}},{"type":"Feature","properties":{"code":"37085","nom":"Courçay","pop":792},"geometry":{"type":"Polygon","coordinates":[[[0.8891,47.2916],[0.8934,47.2882],[0.9012,47.2849],[0.9108,47.2801],[0.9195,47.285],[0.9235,47.2817],[0.9148,47.2772],[0.9178,47.2749],[0.911,47.2692],[0.9082,47.2662],[0.9062,47.2656],[0.9093,47.2559],[0.9102,47.2497],[0.9056,47.2489],[0.8993,47.2458],[0.8975,47.2443],[0.8998,47.2421],[0.9052,47.239],[0.9033,47.2383],[0.9013,47.2346],[0.8964,47.2366],[0.8953,47.2347],[0.899,47.2324],[0.8962,47.229],[0.8911,47.2252],[0.8896,47.2249],[0.8987,47.2194],[0.8933,47.2163],[0.8962,47.2141],[0.8868,47.2093],[0.8778,47.2145],[0.8767,47.2174],[0.8675,47.2109],[0.8653,47.2125],[0.862,47.2168],[0.8584,47.219],[0.8564,47.2213],[0.8533,47.2217],[0.8518,47.2284],[0.8479,47.2314],[0.8495,47.232],[0.8547,47.2392],[0.8574,47.2421],[0.8603,47.2454],[0.8661,47.248],[0.8692,47.2507],[0.8651,47.2562],[0.865,47.2617],[0.8628,47.2644],[0.8661,47.2656],[0.8702,47.2639],[0.8754,47.2686],[0.8787,47.2722],[0.8736,47.2751],[0.8773,47.2789],[0.8841,47.2818],[0.8802,47.2852],[0.8843,47.287],[0.8859,47.2895],[0.8891,47.2916]]]}},{"type":"Feature","properties":{"code":"37086","nom":"Courcelles-de-Touraine","pop":483},"geometry":{"type":"Polygon","coordinates":[[[0.2766,47.5047],[0.28,47.5065],[0.2844,47.5055],[0.2906,47.505],[0.2908,47.5032],[0.2968,47.4992],[0.2982,47.4999],[0.3011,47.5059],[0.3058,47.5094],[0.3081,47.5103],[0.3123,47.5138],[0.3177,47.513],[0.3187,47.5104],[0.322,47.5093],[0.3279,47.505],[0.3376,47.5031],[0.34,47.5052],[0.3449,47.5021],[0.3484,47.5017],[0.3599,47.5061],[0.3728,47.5022],[0.3848,47.496],[0.3925,47.4925],[0.3983,47.4885],[0.3923,47.4848],[0.3767,47.4794],[0.3732,47.479],[0.3685,47.4762],[0.3612,47.4749],[0.3491,47.4702],[0.342,47.4748],[0.337,47.4757],[0.328,47.4762],[0.3211,47.4744],[0.3166,47.4715],[0.3135,47.471],[0.3099,47.4685],[0.2972,47.4647],[0.2927,47.4647],[0.2889,47.4748],[0.2943,47.4792],[0.2981,47.4809],[0.2982,47.4841],[0.2971,47.4868],[0.2912,47.491],[0.2932,47.4934],[0.2862,47.4957],[0.2787,47.5012],[0.2766,47.5047]]]}},{"type":"Feature","properties":{"code":"37087","nom":"Courcoué","pop":235},"geometry":{"type":"Polygon","coordinates":[[[0.4259,47.0442],[0.4283,47.0426],[0.434,47.0415],[0.4355,47.0387],[0.4352,47.0344],[0.433,47.0293],[0.4351,47.026],[0.4348,47.0228],[0.4305,47.0198],[0.4294,47.0176],[0.4242,47.0183],[0.4158,47.021],[0.414,47.0172],[0.4119,47.0158],[0.4091,47.0158],[0.4066,47.0178],[0.4023,47.0151],[0.4045,47.0138],[0.4025,47.0113],[0.4054,47.0101],[0.4041,47.0084],[0.3975,47.008],[0.3935,47.0099],[0.3916,47.0094],[0.3855,47.0124],[0.3816,47.013],[0.3763,47.0158],[0.3808,47.0178],[0.3851,47.024],[0.3763,47.0253],[0.3721,47.0245],[0.3645,47.0259],[0.3638,47.0307],[0.3681,47.0347],[0.3684,47.0378],[0.3673,47.0399],[0.3696,47.0421],[0.3656,47.044],[0.3724,47.0492],[0.3751,47.0501],[0.3793,47.0481],[0.3873,47.0431],[0.3921,47.0439],[0.3975,47.0455],[0.3966,47.0432],[0.3978,47.0406],[0.405,47.0423],[0.4096,47.0428],[0.4217,47.043],[0.4259,47.0442]]]}},{"type":"Feature","properties":{"code":"37088","nom":"Couziers","pop":121},"geometry":{"type":"Polygon","coordinates":[[[0.0784,47.1464],[0.0656,47.1431],[0.0656,47.1477],[0.0634,47.147],[0.0615,47.1549],[0.0586,47.1565],[0.0575,47.1585],[0.0543,47.1609],[0.0539,47.1637],[0.0554,47.1662],[0.0586,47.1691],[0.0596,47.1724],[0.0632,47.1763],[0.0651,47.1826],[0.0665,47.1897],[0.0709,47.1884],[0.0768,47.1933],[0.0899,47.2011],[0.0921,47.2031],[0.0945,47.2009],[0.0995,47.1971],[0.0974,47.1961],[0.0901,47.1898],[0.083,47.1858],[0.081,47.1856],[0.0796,47.1817],[0.08,47.179],[0.0818,47.1757],[0.0817,47.1719],[0.0924,47.1696],[0.0968,47.1676],[0.1006,47.1642],[0.1024,47.1616],[0.1008,47.1599],[0.0968,47.158],[0.0962,47.1539],[0.0945,47.1523],[0.0945,47.1501],[0.0909,47.1489],[0.088,47.1495],[0.0849,47.1476],[0.0808,47.1478],[0.0784,47.1464]]]}},{"type":"Feature","properties":{"code":"37089","nom":"Cravant-les-Côteaux","pop":699},"geometry":{"type":"Polygon","coordinates":[[[0.2901,47.1455],[0.2827,47.1467],[0.2866,47.1534],[0.2865,47.1553],[0.2896,47.1622],[0.2891,47.1658],[0.2899,47.1679],[0.2976,47.1753],[0.2987,47.1732],[0.3037,47.17],[0.3124,47.1737],[0.3148,47.1775],[0.3141,47.1826],[0.3164,47.1892],[0.3146,47.1915],[0.3153,47.1945],[0.3257,47.1954],[0.3303,47.1945],[0.3597,47.1973],[0.3636,47.1988],[0.3649,47.2037],[0.394,47.2013],[0.384,47.1842],[0.3854,47.1833],[0.3858,47.179],[0.3849,47.1767],[0.3789,47.1737],[0.3775,47.1754],[0.3757,47.1677],[0.3774,47.1656],[0.3763,47.1607],[0.3765,47.1547],[0.3776,47.151],[0.3761,47.1474],[0.3689,47.1423],[0.3658,47.1358],[0.3627,47.1358],[0.3521,47.1378],[0.3439,47.1387],[0.3317,47.1409],[0.3285,47.1422],[0.3213,47.144],[0.3185,47.1438],[0.3124,47.1455],[0.3013,47.1452],[0.2948,47.1459],[0.2901,47.1455]]]}},{"type":"Feature","properties":{"code":"37090","nom":"Crissay-sur-Manse","pop":107},"geometry":{"type":"Polygon","coordinates":[[[0.5045,47.1453],[0.4987,47.1462],[0.494,47.1458],[0.4919,47.1448],[0.4789,47.1444],[0.4737,47.1462],[0.4742,47.1524],[0.4769,47.1536],[0.482,47.1578],[0.4842,47.1622],[0.4878,47.1647],[0.4887,47.1664],[0.488,47.1691],[0.4888,47.1715],[0.4886,47.1758],[0.4905,47.1802],[0.489,47.184],[0.4908,47.1883],[0.4911,47.1914],[0.4957,47.1975],[0.5145,47.1974],[0.5115,47.1906],[0.5091,47.1912],[0.5065,47.1887],[0.5023,47.1865],[0.4975,47.1828],[0.4995,47.1808],[0.4968,47.1786],[0.4939,47.1726],[0.4938,47.1689],[0.4967,47.1676],[0.4987,47.1652],[0.4982,47.1619],[0.5018,47.1622],[0.5041,47.1635],[0.5113,47.1636],[0.5121,47.1625],[0.509,47.1616],[0.5044,47.158],[0.5098,47.1549],[0.5039,47.1506],[0.5045,47.1453]]]}},{"type":"Feature","properties":{"code":"37091","nom":"La Croix-en-Touraine","pop":2543},"geometry":{"type":"Polygon","coordinates":[[[0.9851,47.366],[0.9911,47.366],[0.9933,47.3711],[1.0042,47.3713],[1.0105,47.3668],[1.0158,47.3652],[1.0181,47.3685],[1.0247,47.3642],[1.0259,47.3619],[1.0225,47.3561],[1.0186,47.3524],[1.0167,47.3516],[1.0149,47.3478],[1.0128,47.3463],[1.0154,47.3426],[1.0104,47.3392],[1.0084,47.3352],[1.005,47.3332],[1.0036,47.3287],[0.9976,47.3294],[0.9924,47.331],[0.9891,47.3312],[0.9692,47.3307],[0.9615,47.3315],[0.9627,47.3344],[0.9609,47.3366],[0.9636,47.3443],[0.9659,47.3475],[0.9695,47.3556],[0.9708,47.3554],[0.9741,47.361],[0.977,47.3622],[0.9804,47.3659],[0.9851,47.366]]]}},{"type":"Feature","properties":{"code":"37092","nom":"Crotelles","pop":649},"geometry":{"type":"Polygon","coordinates":[[[0.8333,47.5138],[0.8268,47.5115],[0.824,47.5155],[0.8222,47.5164],[0.8162,47.5163],[0.8103,47.5182],[0.8078,47.5208],[0.811,47.5236],[0.8083,47.5254],[0.8043,47.5304],[0.8012,47.5318],[0.8042,47.5342],[0.7992,47.535],[0.796,47.5396],[0.7993,47.5459],[0.8017,47.5502],[0.8064,47.5551],[0.8038,47.5575],[0.8058,47.5598],[0.8126,47.563],[0.8147,47.5659],[0.8211,47.5682],[0.8229,47.5638],[0.8287,47.5634],[0.8297,47.561],[0.8333,47.5591],[0.8426,47.5515],[0.8466,47.5462],[0.8467,47.5442],[0.8428,47.5433],[0.8431,47.5416],[0.8469,47.5409],[0.8473,47.5369],[0.8449,47.5355],[0.843,47.5327],[0.8441,47.5292],[0.8444,47.5251],[0.8472,47.5173],[0.8423,47.5172],[0.836,47.516],[0.8333,47.5138]]]}},{"type":"Feature","properties":{"code":"37093","nom":"Crouzilles","pop":528},"geometry":{"type":"Polygon","coordinates":[[[0.4737,47.1462],[0.4789,47.1444],[0.4919,47.1448],[0.494,47.1458],[0.4987,47.1462],[0.5045,47.1453],[0.5064,47.1412],[0.5037,47.1413],[0.5033,47.1387],[0.5013,47.1359],[0.497,47.1335],[0.4973,47.1314],[0.5001,47.128],[0.498,47.1256],[0.4893,47.1175],[0.4874,47.1152],[0.483,47.1157],[0.4756,47.1144],[0.4689,47.1137],[0.4647,47.1142],[0.4538,47.1203],[0.4499,47.1207],[0.4447,47.1199],[0.4351,47.119],[0.4362,47.1242],[0.4387,47.1269],[0.4407,47.1277],[0.4353,47.1306],[0.4325,47.1279],[0.4287,47.1258],[0.4267,47.1278],[0.4287,47.1293],[0.4323,47.1341],[0.4346,47.1361],[0.4372,47.1366],[0.4385,47.1381],[0.4422,47.1383],[0.4456,47.1414],[0.452,47.1446],[0.4548,47.1442],[0.4604,47.1446],[0.4629,47.1465],[0.4708,47.1456],[0.4737,47.1462]]]}},{"type":"Feature","properties":{"code":"37094","nom":"Cussay","pop":571},"geometry":{"type":"Polygon","coordinates":[[[0.7871,47],[0.7828,47.0005],[0.7735,46.9991],[0.7639,46.9964],[0.7553,46.9934],[0.7529,46.992],[0.7445,46.9955],[0.7409,47.011],[0.7391,47.0124],[0.7222,47.0162],[0.7179,47.0184],[0.7241,47.0252],[0.7352,47.029],[0.7419,47.037],[0.7451,47.0375],[0.7474,47.0395],[0.7465,47.0447],[0.7477,47.0459],[0.7499,47.0448],[0.7542,47.0459],[0.7629,47.0439],[0.7682,47.0449],[0.7722,47.0447],[0.7771,47.0456],[0.7808,47.0441],[0.7813,47.0428],[0.7796,47.0394],[0.7864,47.0361],[0.7893,47.0327],[0.7913,47.0329],[0.7962,47.0312],[0.7982,47.0323],[0.7999,47.0293],[0.8001,47.025],[0.8051,47.0257],[0.8108,47.0253],[0.8079,47.0174],[0.8082,47.015],[0.8122,47.0127],[0.818,47.015],[0.8214,47.0131],[0.8187,47.0105],[0.8174,47.0086],[0.8104,47.0041],[0.8047,47.001],[0.8015,47.0005],[0.7944,47.001],[0.7871,47]]]}},{"type":"Feature","properties":{"code":"37095","nom":"Dame-Marie-les-Bois","pop":343},"geometry":{"type":"Polygon","coordinates":[[[1.0448,47.5318],[1.0421,47.5287],[1.0356,47.5282],[1.0344,47.5308],[1.029,47.5321],[1.0246,47.5361],[1.0202,47.5404],[1.0198,47.5477],[1.0265,47.5511],[1.0313,47.5519],[1.0324,47.5544],[1.0356,47.5544],[1.0361,47.5581],[1.0426,47.5589],[1.0426,47.5604],[1.0499,47.5614],[1.0499,47.5623],[1.0566,47.5622],[1.0605,47.5637],[1.0639,47.5664],[1.069,47.5701],[1.077,47.5724],[1.0748,47.5681],[1.0756,47.5653],[1.0779,47.5622],[1.0745,47.5603],[1.0745,47.5585],[1.07,47.557],[1.0674,47.5546],[1.063,47.5522],[1.0512,47.5401],[1.0466,47.5395],[1.0471,47.5371],[1.048,47.5347],[1.0448,47.5318]]]}},{"type":"Feature","properties":{"code":"37096","nom":"Dierre","pop":645},"geometry":{"type":"Polygon","coordinates":[[[0.9615,47.3315],[0.9466,47.3339],[0.931,47.338],[0.9319,47.3444],[0.9339,47.3497],[0.9405,47.3586],[0.9426,47.3602],[0.9423,47.3631],[0.9447,47.3653],[0.9536,47.3702],[0.9575,47.3749],[0.9636,47.375],[0.9637,47.3737],[0.9714,47.3714],[0.9835,47.3708],[0.9851,47.366],[0.9804,47.3659],[0.977,47.3622],[0.9741,47.361],[0.9708,47.3554],[0.9695,47.3556],[0.9659,47.3475],[0.9636,47.3443],[0.9609,47.3366],[0.9627,47.3344],[0.9615,47.3315]]]}},{"type":"Feature","properties":{"code":"37097","nom":"Dolus-le-Sec","pop":651},"geometry":{"type":"Polygon","coordinates":[[[0.9036,47.1335],[0.9013,47.1334],[0.8933,47.1348],[0.8896,47.1323],[0.8834,47.1268],[0.8804,47.137],[0.8747,47.1393],[0.873,47.1379],[0.8694,47.1412],[0.869,47.1446],[0.8651,47.1449],[0.8642,47.1475],[0.861,47.1481],[0.8612,47.1523],[0.8576,47.1543],[0.8572,47.1572],[0.8583,47.1597],[0.8569,47.1613],[0.8521,47.1634],[0.8528,47.1646],[0.8555,47.1707],[0.8586,47.172],[0.8576,47.1763],[0.8543,47.178],[0.8569,47.1791],[0.8626,47.1752],[0.8667,47.1763],[0.8625,47.1788],[0.8724,47.1876],[0.879,47.1939],[0.8867,47.2021],[0.888,47.1997],[0.8917,47.1959],[0.8984,47.1924],[0.904,47.1965],[0.9071,47.1931],[0.9086,47.1881],[0.9129,47.1897],[0.9165,47.1869],[0.9182,47.1854],[0.9135,47.1844],[0.9144,47.1829],[0.9218,47.1792],[0.9228,47.1713],[0.9279,47.1643],[0.9278,47.161],[0.9242,47.1595],[0.9272,47.158],[0.924,47.1554],[0.9167,47.1522],[0.9145,47.1498],[0.9156,47.1464],[0.9118,47.1449],[0.9097,47.1424],[0.9046,47.1421],[0.9049,47.1403],[0.9036,47.1335]]]}},{"type":"Feature","properties":{"code":"37098","nom":"Draché","pop":698},"geometry":{"type":"Polygon","coordinates":[[[0.6124,47.0471],[0.6108,47.0544],[0.6075,47.0541],[0.6064,47.0573],[0.6081,47.0607],[0.6152,47.0641],[0.6142,47.0701],[0.6119,47.0705],[0.604,47.0743],[0.6047,47.0783],[0.6085,47.0801],[0.6124,47.0809],[0.6116,47.0855],[0.6196,47.0836],[0.6259,47.0858],[0.6308,47.0889],[0.6335,47.0925],[0.635,47.0916],[0.6388,47.0929],[0.645,47.0976],[0.6474,47.0979],[0.6486,47.1005],[0.6567,47.096],[0.652,47.0934],[0.6562,47.0921],[0.6523,47.0885],[0.6544,47.0859],[0.6574,47.0841],[0.6534,47.0805],[0.6518,47.0779],[0.6544,47.077],[0.6564,47.0747],[0.6577,47.069],[0.6572,47.0669],[0.6575,47.0613],[0.6594,47.0603],[0.6563,47.0574],[0.6543,47.0504],[0.6492,47.046],[0.6473,47.0423],[0.6408,47.0389],[0.6364,47.0377],[0.6336,47.038],[0.6282,47.04],[0.6249,47.0432],[0.6221,47.0446],[0.6185,47.043],[0.6145,47.0478],[0.6124,47.0471]]]}},{"type":"Feature","properties":{"code":"37099","nom":"Druye","pop":1024},"geometry":{"type":"Polygon","coordinates":[[[0.5389,47.2755],[0.5322,47.2742],[0.5268,47.2724],[0.5191,47.2717],[0.5145,47.2738],[0.507,47.2753],[0.5026,47.2797],[0.4979,47.2825],[0.4916,47.285],[0.4955,47.288],[0.4984,47.2929],[0.5015,47.295],[0.5033,47.2981],[0.5035,47.3019],[0.5061,47.3061],[0.5081,47.3071],[0.5082,47.3103],[0.5085,47.313],[0.5159,47.3119],[0.5177,47.3154],[0.5269,47.3158],[0.533,47.3182],[0.5319,47.3205],[0.5377,47.3234],[0.5448,47.3231],[0.5489,47.3217],[0.5564,47.3219],[0.5568,47.3171],[0.5597,47.3175],[0.5638,47.3165],[0.5664,47.3126],[0.5734,47.3073],[0.5793,47.3062],[0.5758,47.3041],[0.5774,47.3017],[0.575,47.2994],[0.5743,47.2959],[0.5715,47.2963],[0.5682,47.2916],[0.5652,47.2893],[0.5615,47.288],[0.5571,47.2852],[0.553,47.2836],[0.5516,47.2817],[0.5468,47.2799],[0.546,47.2782],[0.5419,47.2773],[0.5389,47.2755]]]}},{"type":"Feature","properties":{"code":"37100","nom":"Épeigné-les-Bois","pop":401},"geometry":{"type":"Polygon","coordinates":[[[1.1079,47.2986],[1.1113,47.2972],[1.1177,47.2963],[1.1228,47.2935],[1.1267,47.2975],[1.1285,47.294],[1.1317,47.2952],[1.1331,47.2941],[1.1399,47.2867],[1.147,47.2822],[1.1505,47.2792],[1.1557,47.2768],[1.162,47.2722],[1.1582,47.2721],[1.1519,47.2706],[1.1552,47.2671],[1.1524,47.2642],[1.1432,47.2651],[1.1365,47.2624],[1.1288,47.2599],[1.1286,47.2587],[1.1237,47.2575],[1.12,47.2557],[1.1185,47.2564],[1.1123,47.2532],[1.1128,47.2552],[1.1107,47.2564],[1.1059,47.2573],[1.104,47.2596],[1.1027,47.2647],[1.0991,47.2755],[1.0966,47.2807],[1.0963,47.2848],[1.0979,47.2859],[1.0954,47.2892],[1.0991,47.2914],[1.1016,47.2917],[1.1039,47.2966],[1.1079,47.2986]]]}},{"type":"Feature","properties":{"code":"37101","nom":"Épeigné-sur-Dême","pop":162},"geometry":{"type":"Polygon","coordinates":[[[0.6544,47.6845],[0.6583,47.6834],[0.6609,47.6844],[0.665,47.6845],[0.6638,47.6812],[0.6641,47.6767],[0.6652,47.6753],[0.6627,47.6702],[0.6563,47.6659],[0.6536,47.6664],[0.6467,47.6648],[0.6413,47.6722],[0.6363,47.6714],[0.6354,47.6682],[0.6313,47.6695],[0.6294,47.6664],[0.6269,47.6648],[0.622,47.6651],[0.6208,47.6634],[0.6125,47.657],[0.6076,47.6538],[0.605,47.6537],[0.602,47.6492],[0.5966,47.6491],[0.5925,47.6474],[0.5861,47.6471],[0.5834,47.6508],[0.5816,47.6544],[0.5807,47.6592],[0.5768,47.661],[0.57,47.657],[0.5688,47.6576],[0.563,47.6571],[0.5658,47.6642],[0.5612,47.6662],[0.5593,47.6662],[0.5583,47.6708],[0.5707,47.6686],[0.5757,47.6688],[0.579,47.6681],[0.5849,47.6687],[0.5887,47.6706],[0.5966,47.6729],[0.6006,47.6775],[0.6045,47.6782],[0.6047,47.6806],[0.6076,47.6825],[0.6115,47.6821],[0.6148,47.6829],[0.6195,47.6924],[0.618,47.6939],[0.6149,47.6941],[0.6172,47.6984],[0.6204,47.7021],[0.625,47.7036],[0.6266,47.7072],[0.6302,47.7094],[0.6345,47.7082],[0.6405,47.7096],[0.6424,47.7068],[0.6435,47.6999],[0.6508,47.7003],[0.6538,47.699],[0.6521,47.6964],[0.6476,47.6939],[0.6464,47.6899],[0.6437,47.688],[0.6439,47.6853],[0.6492,47.6841],[0.6544,47.6845]]]}},{"type":"Feature","properties":{"code":"37103","nom":"Esves-le-Moutier","pop":159},"geometry":{"type":"Polygon","coordinates":[[[0.8725,47.0238],[0.8728,47.0281],[0.8763,47.0272],[0.882,47.0278],[0.8834,47.0313],[0.8903,47.0343],[0.8837,47.0434],[0.8912,47.0441],[0.8957,47.0432],[0.8964,47.0449],[0.9008,47.0446],[0.9025,47.0477],[0.9068,47.0474],[0.9125,47.049],[0.9171,47.0521],[0.9195,47.0505],[0.9242,47.0467],[0.9294,47.0439],[0.9313,47.0407],[0.9347,47.0403],[0.9289,47.0361],[0.9272,47.0334],[0.9213,47.0314],[0.9222,47.0288],[0.9211,47.0194],[0.9144,47.0203],[0.9077,47.0195],[0.9051,47.0158],[0.8888,47.0155],[0.8782,47.0217],[0.8725,47.0238]]]}},{"type":"Feature","properties":{"code":"37104","nom":"Esvres","pop":6294},"geometry":{"type":"Polygon","coordinates":[[[0.7916,47.3274],[0.8002,47.3271],[0.8024,47.3266],[0.8037,47.3203],[0.8109,47.3215],[0.8143,47.3168],[0.8215,47.3176],[0.8219,47.3135],[0.8243,47.3105],[0.8271,47.3098],[0.8265,47.3009],[0.8243,47.2954],[0.8249,47.2865],[0.8258,47.2821],[0.8291,47.2762],[0.8231,47.2784],[0.8225,47.2765],[0.819,47.2771],[0.818,47.2745],[0.8168,47.2717],[0.8196,47.266],[0.818,47.2656],[0.8176,47.2621],[0.8185,47.2602],[0.8105,47.259],[0.804,47.2562],[0.8012,47.2533],[0.8043,47.2522],[0.8033,47.2506],[0.7964,47.252],[0.7927,47.2517],[0.7849,47.2537],[0.7826,47.2558],[0.7763,47.2573],[0.7686,47.2615],[0.7651,47.264],[0.7692,47.2709],[0.769,47.2744],[0.7703,47.2765],[0.7715,47.2817],[0.7693,47.285],[0.7621,47.2873],[0.7562,47.2879],[0.7551,47.289],[0.7514,47.2889],[0.7526,47.2923],[0.7555,47.2959],[0.7533,47.3001],[0.7514,47.3013],[0.7548,47.3064],[0.7554,47.3099],[0.7497,47.3116],[0.7548,47.3173],[0.7512,47.3188],[0.7539,47.3231],[0.7623,47.3247],[0.764,47.3259],[0.7663,47.3308],[0.7703,47.3274],[0.777,47.3243],[0.785,47.3254],[0.7916,47.3274]]]}},{"type":"Feature","properties":{"code":"37105","nom":"Faye-la-Vineuse","pop":272},"geometry":{"type":"Polygon","coordinates":[[[0.3479,46.9366],[0.3396,46.9368],[0.325,46.9305],[0.3167,46.9353],[0.3112,46.938],[0.3077,46.9451],[0.3077,46.9486],[0.3054,46.9511],[0.3057,46.9536],[0.3022,46.9554],[0.3056,46.9565],[0.3111,46.9627],[0.3113,46.9642],[0.3177,46.9625],[0.3265,46.9613],[0.3295,46.9604],[0.3352,46.9618],[0.3378,46.9632],[0.3383,46.9676],[0.3443,46.9735],[0.3504,46.9768],[0.3508,46.9778],[0.3611,46.9715],[0.3658,46.9692],[0.372,46.9635],[0.3755,46.9618],[0.3775,46.9628],[0.3821,46.9622],[0.3886,46.9534],[0.3867,46.9517],[0.3867,46.9469],[0.3877,46.9439],[0.3868,46.9423],[0.3802,46.9451],[0.3793,46.9447],[0.3718,46.9481],[0.3665,46.9499],[0.3625,46.9471],[0.3607,46.9485],[0.353,46.9424],[0.3516,46.9398],[0.3479,46.9366]]]}},{"type":"Feature","properties":{"code":"37106","nom":"La Ferrière","pop":306},"geometry":{"type":"Polygon","coordinates":[[[0.7383,47.6437],[0.7504,47.6446],[0.7579,47.644],[0.7611,47.6449],[0.7648,47.6441],[0.7708,47.6415],[0.7743,47.6388],[0.7785,47.6297],[0.7768,47.6267],[0.7812,47.6208],[0.7825,47.6154],[0.7793,47.6128],[0.782,47.6119],[0.7844,47.6096],[0.7764,47.6045],[0.7749,47.6017],[0.7699,47.5972],[0.7632,47.5987],[0.7593,47.5971],[0.7575,47.6017],[0.7545,47.6032],[0.7515,47.6034],[0.7484,47.605],[0.7503,47.6081],[0.7413,47.6113],[0.7371,47.6101],[0.736,47.6108],[0.7413,47.6148],[0.7336,47.6171],[0.732,47.6216],[0.7258,47.621],[0.724,47.6257],[0.7283,47.6294],[0.7286,47.6342],[0.7302,47.6371],[0.7298,47.6395],[0.7319,47.6415],[0.7383,47.6437]]]}},{"type":"Feature","properties":{"code":"37107","nom":"Ferrière-Larçon","pop":242},"geometry":{"type":"Polygon","coordinates":[[[0.8417,47.0164],[0.8522,47.0175],[0.8542,47.0191],[0.8531,47.0205],[0.8632,47.0242],[0.8674,47.0264],[0.8725,47.0238],[0.8782,47.0217],[0.8888,47.0155],[0.9051,47.0158],[0.901,47.0106],[0.9011,47.008],[0.9059,46.9947],[0.9052,46.9899],[0.8996,46.9902],[0.895,46.9896],[0.8929,46.9882],[0.8896,46.9877],[0.8934,46.9854],[0.8939,46.9822],[0.8968,46.9761],[0.8949,46.9743],[0.8915,46.9752],[0.8888,46.9729],[0.889,46.9714],[0.8852,46.9709],[0.8807,46.9686],[0.8709,46.9685],[0.8674,46.9661],[0.8613,46.9656],[0.8563,46.97],[0.8502,46.9742],[0.8532,46.9749],[0.855,46.979],[0.8535,46.9816],[0.8517,46.9815],[0.8474,46.9833],[0.8471,46.9871],[0.8514,46.9903],[0.8487,46.9939],[0.8521,46.9952],[0.8548,47.0013],[0.8548,47.0052],[0.8502,47.0076],[0.8508,47.0091],[0.8467,47.0124],[0.8418,47.0144],[0.8417,47.0164]]]}},{"type":"Feature","properties":{"code":"37108","nom":"Ferrière-sur-Beaulieu","pop":703},"geometry":{"type":"Polygon","coordinates":[[[1.0945,47.1337],[1.0949,47.1265],[1.0917,47.1272],[1.082,47.1263],[1.0775,47.1264],[1.0701,47.1239],[1.067,47.1234],[1.0617,47.1248],[1.0563,47.1235],[1.0543,47.1268],[1.0495,47.1258],[1.0457,47.1239],[1.0419,47.1244],[1.038,47.1262],[1.0443,47.1284],[1.0406,47.132],[1.0394,47.1318],[1.0368,47.1351],[1.0274,47.135],[1.0209,47.1353],[1.0189,47.1369],[1.0147,47.1355],[1.0163,47.1394],[1.0163,47.1423],[1.0224,47.145],[1.0155,47.1506],[1.0174,47.1533],[1.0142,47.1578],[1.0146,47.1601],[1.0116,47.1607],[1.0138,47.1678],[1.0143,47.172],[1.0162,47.1778],[1.0358,47.1683],[1.0581,47.158],[1.0717,47.1503],[1.0945,47.1337]]]}},{"type":"Feature","properties":{"code":"37109","nom":"Fondettes","pop":10954},"geometry":{"type":"Polygon","coordinates":[[[0.5664,47.4347],[0.567,47.4317],[0.5779,47.429],[0.5813,47.4309],[0.5868,47.43],[0.5929,47.4298],[0.5895,47.4339],[0.5863,47.4402],[0.586,47.4433],[0.5823,47.4482],[0.5897,47.448],[0.5974,47.4467],[0.6038,47.4467],[0.6067,47.4425],[0.6045,47.441],[0.6073,47.4381],[0.6108,47.4385],[0.6153,47.4369],[0.6186,47.4375],[0.6239,47.4347],[0.6241,47.4337],[0.6311,47.4312],[0.6327,47.4286],[0.6354,47.427],[0.6304,47.4228],[0.6325,47.4207],[0.6352,47.4207],[0.6398,47.4184],[0.6373,47.413],[0.637,47.409],[0.6396,47.4066],[0.6435,47.4052],[0.6465,47.4026],[0.6524,47.3987],[0.6504,47.397],[0.6464,47.397],[0.6459,47.3953],[0.648,47.3916],[0.632,47.3878],[0.6233,47.3873],[0.613,47.3854],[0.6059,47.3833],[0.5944,47.3819],[0.5923,47.3798],[0.5858,47.379],[0.5769,47.3771],[0.5743,47.3825],[0.5718,47.3846],[0.5701,47.3897],[0.5729,47.3914],[0.5741,47.3949],[0.5774,47.3962],[0.5809,47.3966],[0.5764,47.4026],[0.5777,47.404],[0.5758,47.4087],[0.5729,47.4122],[0.5693,47.4121],[0.5677,47.4143],[0.5595,47.4217],[0.5543,47.4282],[0.5542,47.4307],[0.5583,47.4324],[0.5664,47.4347]]]}},{"type":"Feature","properties":{"code":"37110","nom":"Francueil","pop":1461},"geometry":{"type":"Polygon","coordinates":[[[1.0948,47.3287],[1.0964,47.3233],[1.099,47.3117],[1.1053,47.3034],[1.1079,47.2986],[1.1039,47.2966],[1.1016,47.2917],[1.0991,47.2914],[1.0954,47.2892],[1.091,47.2918],[1.0889,47.294],[1.085,47.2909],[1.0805,47.293],[1.078,47.2929],[1.0768,47.2959],[1.0767,47.2998],[1.0732,47.3005],[1.0698,47.2989],[1.0654,47.2989],[1.0623,47.2999],[1.0572,47.2996],[1.0554,47.3018],[1.0498,47.3057],[1.0452,47.3106],[1.0474,47.3179],[1.0496,47.3214],[1.0502,47.3247],[1.0596,47.323],[1.0706,47.3242],[1.0749,47.3261],[1.0786,47.3264],[1.0854,47.3281],[1.0948,47.3287]]]}},{"type":"Feature","properties":{"code":"37111","nom":"Genillé","pop":1503},"geometry":{"type":"Polygon","coordinates":[[[1.0731,47.2262],[1.079,47.2226],[1.0817,47.2218],[1.0837,47.2196],[1.0863,47.2192],[1.091,47.2162],[1.091,47.214],[1.1003,47.2155],[1.1057,47.2187],[1.114,47.2201],[1.124,47.217],[1.1318,47.212],[1.1366,47.2141],[1.1437,47.2197],[1.1452,47.219],[1.1529,47.2174],[1.1654,47.2168],[1.171,47.2158],[1.1833,47.2187],[1.1856,47.2146],[1.191,47.2109],[1.1889,47.2084],[1.1882,47.2047],[1.1889,47.2014],[1.187,47.1962],[1.1838,47.1953],[1.1779,47.1926],[1.1689,47.1874],[1.1624,47.1854],[1.157,47.1845],[1.1536,47.1828],[1.1471,47.1805],[1.148,47.1787],[1.1447,47.177],[1.1439,47.1744],[1.1453,47.1717],[1.1421,47.1711],[1.1395,47.1674],[1.1358,47.1649],[1.1318,47.1645],[1.1314,47.158],[1.1267,47.1544],[1.1218,47.1474],[1.1182,47.1429],[1.1114,47.1395],[1.0975,47.1344],[1.0945,47.1337],[1.0717,47.1503],[1.0581,47.158],[1.0358,47.1683],[1.0416,47.1721],[1.0515,47.1796],[1.0457,47.1802],[1.0507,47.1873],[1.0542,47.1899],[1.055,47.1921],[1.0601,47.1907],[1.0575,47.1946],[1.0535,47.1958],[1.0541,47.2033],[1.0578,47.2015],[1.0617,47.2025],[1.0649,47.1971],[1.0674,47.1986],[1.0695,47.2023],[1.0743,47.2066],[1.076,47.2097],[1.0746,47.2138],[1.0676,47.2159],[1.0663,47.2177],[1.0717,47.2191],[1.0682,47.2207],[1.0641,47.224],[1.0655,47.2282],[1.0724,47.2257],[1.0731,47.2262]]]}},{"type":"Feature","properties":{"code":"37112","nom":"Gizeux","pop":382},"geometry":{"type":"Polygon","coordinates":[[[0.1852,47.4263],[0.1876,47.4274],[0.197,47.4237],[0.2001,47.4233],[0.2054,47.4248],[0.205,47.4192],[0.2122,47.4148],[0.21,47.4119],[0.2038,47.4076],[0.2062,47.4071],[0.2131,47.4001],[0.2142,47.3922],[0.2136,47.3901],[0.2086,47.3881],[0.2034,47.3839],[0.2032,47.3815],[0.1987,47.3811],[0.1986,47.3659],[0.2004,47.3647],[0.2035,47.359],[0.2066,47.3575],[0.2058,47.3551],[0.1999,47.3522],[0.1959,47.3491],[0.1937,47.3496],[0.1869,47.3537],[0.1834,47.3543],[0.179,47.3563],[0.1765,47.3593],[0.1703,47.3572],[0.1637,47.3647],[0.1585,47.3638],[0.1559,47.362],[0.1536,47.3636],[0.1627,47.3683],[0.1637,47.3705],[0.1697,47.3739],[0.1743,47.3755],[0.183,47.3804],[0.1824,47.383],[0.1788,47.3845],[0.173,47.3858],[0.1672,47.3855],[0.1691,47.3921],[0.1695,47.3959],[0.1667,47.3972],[0.1573,47.399],[0.1535,47.3988],[0.1592,47.4037],[0.1625,47.4048],[0.1662,47.4039],[0.1705,47.4091],[0.1746,47.415],[0.1765,47.4144],[0.1806,47.4164],[0.1848,47.4231],[0.1852,47.4263]]]}},{"type":"Feature","properties":{"code":"37113","nom":"Le Grand-Pressigny","pop":872},"geometry":{"type":"Polygon","coordinates":[[[0.7604,46.9142],[0.7641,46.9162],[0.7671,46.9205],[0.7655,46.9218],[0.7659,46.9243],[0.769,46.9301],[0.7588,46.931],[0.7588,46.9343],[0.7656,46.9375],[0.7655,46.9384],[0.7701,46.9418],[0.7706,46.9434],[0.7744,46.9451],[0.7862,46.9437],[0.7897,46.9416],[0.7992,46.9411],[0.8052,46.9389],[0.8125,46.9396],[0.8166,46.9394],[0.8163,46.9415],[0.8187,46.9441],[0.8208,46.9491],[0.8241,46.9488],[0.8283,46.9495],[0.8357,46.9496],[0.8386,46.9484],[0.8445,46.9487],[0.8472,46.9497],[0.8503,46.9487],[0.8519,46.9437],[0.8475,46.9378],[0.8501,46.9363],[0.851,46.9325],[0.8572,46.9271],[0.8605,46.9233],[0.8624,46.9194],[0.8643,46.9127],[0.8663,46.9091],[0.8667,46.9041],[0.8657,46.9005],[0.8632,46.8986],[0.8672,46.8963],[0.8629,46.8956],[0.8626,46.8939],[0.8542,46.8871],[0.8482,46.8849],[0.8441,46.8864],[0.8412,46.889],[0.8392,46.8939],[0.837,46.8966],[0.831,46.8955],[0.8305,46.8905],[0.8249,46.8885],[0.8207,46.8897],[0.8176,46.8934],[0.8143,46.8891],[0.8076,46.8863],[0.8069,46.8882],[0.7873,46.8957],[0.7793,46.9065],[0.7743,46.9081],[0.768,46.9087],[0.7685,46.9116],[0.7629,46.9108],[0.7604,46.9142]]]}},{"type":"Feature","properties":{"code":"37114","nom":"La Guerche","pop":174},"geometry":{"type":"Polygon","coordinates":[[[0.7038,46.9094],[0.7075,46.9113],[0.7137,46.9128],[0.7192,46.9131],[0.7192,46.9117],[0.7237,46.9065],[0.7304,46.8977],[0.7343,46.8941],[0.7378,46.8878],[0.7482,46.8811],[0.7435,46.8717],[0.7383,46.8732],[0.7332,46.8765],[0.7294,46.8833],[0.7261,46.8872],[0.7215,46.8902],[0.7139,46.8969],[0.7054,46.9023],[0.7041,46.9041],[0.7038,46.9094]]]}},{"type":"Feature","properties":{"code":"37115","nom":"Descartes","pop":3369},"geometry":{"type":"Polygon","coordinates":[[[0.695,46.9625],[0.6945,46.964],[0.6956,46.9678],[0.6938,46.9732],[0.6912,46.9748],[0.6826,46.977],[0.6773,46.9777],[0.6736,46.9775],[0.6663,46.9783],[0.6616,46.9781],[0.6578,46.9809],[0.6562,46.9857],[0.6479,46.9883],[0.6432,46.9881],[0.6378,46.9855],[0.6333,46.9869],[0.6295,46.9889],[0.6241,46.9938],[0.6213,46.9968],[0.6218,46.9994],[0.6281,46.9991],[0.6373,46.9959],[0.6387,46.9983],[0.6439,47.0032],[0.6453,47.0063],[0.6483,47.0079],[0.6564,47.0072],[0.6586,47.0077],[0.6592,47.0099],[0.661,47.0101],[0.6632,47.015],[0.6692,47.0145],[0.6704,47.0127],[0.6732,47.0128],[0.6742,47.018],[0.6724,47.0193],[0.6782,47.0219],[0.6772,47.0253],[0.6834,47.0292],[0.6904,47.0242],[0.6903,47.0223],[0.698,47.022],[0.7009,47.019],[0.7052,47.0178],[0.711,47.0178],[0.7179,47.0184],[0.7222,47.0162],[0.7391,47.0124],[0.7409,47.011],[0.7445,46.9955],[0.7529,46.992],[0.7507,46.9895],[0.746,46.9887],[0.7477,46.9862],[0.7475,46.9841],[0.7446,46.9825],[0.7475,46.9779],[0.7476,46.9748],[0.7523,46.9702],[0.7437,46.9694],[0.7283,46.9716],[0.7247,46.9715],[0.7233,46.97],[0.7152,46.9687],[0.7115,46.9687],[0.706,46.9702],[0.7042,46.9695],[0.7065,46.9643],[0.7057,46.9634],[0.7,46.9632],[0.695,46.9625]]]}},{"type":"Feature","properties":{"code":"37116","nom":"Les Hermites","pop":583},"geometry":{"type":"Polygon","coordinates":[[[0.7368,47.6951],[0.7388,47.6962],[0.7425,47.695],[0.7487,47.6914],[0.7534,47.691],[0.7564,47.6918],[0.7598,47.6908],[0.7705,47.684],[0.7771,47.6846],[0.7801,47.6826],[0.7838,47.6824],[0.788,47.6799],[0.7954,47.6804],[0.8011,47.6792],[0.8072,47.6797],[0.8116,47.6822],[0.8218,47.6791],[0.8279,47.6768],[0.8338,47.6771],[0.8339,47.6752],[0.8276,47.6741],[0.8233,47.6682],[0.8151,47.6655],[0.8113,47.6654],[0.8119,47.6628],[0.81,47.6609],[0.8038,47.6611],[0.8026,47.66],[0.7967,47.6592],[0.7945,47.6576],[0.7892,47.6553],[0.7921,47.6528],[0.7853,47.6506],[0.7848,47.648],[0.7818,47.6455],[0.781,47.6435],[0.7756,47.6415],[0.7775,47.6391],[0.7743,47.6388],[0.7708,47.6415],[0.7648,47.6441],[0.7611,47.6449],[0.7579,47.644],[0.7504,47.6446],[0.7383,47.6437],[0.7351,47.6456],[0.7355,47.6505],[0.7315,47.6495],[0.7319,47.6523],[0.7298,47.655],[0.7191,47.6561],[0.7187,47.6602],[0.7159,47.6598],[0.7124,47.6624],[0.7129,47.6654],[0.7102,47.6663],[0.7056,47.6661],[0.7031,47.6694],[0.6993,47.6693],[0.7038,47.6735],[0.7076,47.6779],[0.7104,47.6791],[0.7123,47.6822],[0.7179,47.6876],[0.7197,47.6906],[0.7241,47.6902],[0.7294,47.6915],[0.735,47.6952],[0.7368,47.6951]]]}},{"type":"Feature","properties":{"code":"37117","nom":"Hommes","pop":865},"geometry":{"type":"Polygon","coordinates":[[[0.2917,47.4546],[0.3012,47.453],[0.3003,47.4492],[0.3028,47.4479],[0.304,47.4452],[0.3071,47.445],[0.3071,47.4423],[0.3094,47.4423],[0.3095,47.4398],[0.316,47.4394],[0.3191,47.4377],[0.3189,47.4352],[0.3218,47.4354],[0.3233,47.4329],[0.3272,47.4333],[0.3291,47.4279],[0.3289,47.426],[0.3263,47.4254],[0.3287,47.4225],[0.33,47.4143],[0.3242,47.4121],[0.3216,47.4105],[0.3212,47.4088],[0.3182,47.4064],[0.3126,47.406],[0.312,47.404],[0.3053,47.4048],[0.3018,47.4048],[0.2913,47.4029],[0.2841,47.4003],[0.2773,47.397],[0.27,47.3964],[0.2662,47.3972],[0.2608,47.3971],[0.2601,47.3984],[0.256,47.3995],[0.2508,47.4],[0.2466,47.3992],[0.2451,47.4009],[0.2454,47.4086],[0.2413,47.4092],[0.238,47.4115],[0.2382,47.4129],[0.2358,47.4202],[0.2314,47.4246],[0.2367,47.4266],[0.2425,47.4278],[0.2456,47.4257],[0.2482,47.4255],[0.2516,47.427],[0.2545,47.4358],[0.2601,47.4396],[0.2615,47.4413],[0.2627,47.449],[0.2672,47.4501],[0.2689,47.4526],[0.2739,47.4497],[0.2777,47.4496],[0.2835,47.4517],[0.2864,47.4519],[0.2898,47.4496],[0.2917,47.4546]]]}},{"type":"Feature","properties":{"code":"37118","nom":"Huismes","pop":1498},"geometry":{"type":"Polygon","coordinates":[[[0.2774,47.2013],[0.2697,47.2001],[0.2597,47.2025],[0.255,47.2011],[0.2452,47.2035],[0.2385,47.2039],[0.2366,47.2073],[0.2324,47.2069],[0.2198,47.2076],[0.2167,47.2082],[0.2187,47.215],[0.2206,47.2185],[0.221,47.2228],[0.2223,47.2237],[0.2197,47.2264],[0.2253,47.2278],[0.2238,47.2327],[0.2203,47.2359],[0.2162,47.2361],[0.2204,47.2391],[0.2242,47.2397],[0.2306,47.2418],[0.239,47.2458],[0.2405,47.2457],[0.2465,47.2476],[0.2492,47.246],[0.2573,47.2484],[0.2592,47.2505],[0.2648,47.2531],[0.2648,47.2552],[0.2625,47.2595],[0.2723,47.2621],[0.2745,47.2603],[0.2725,47.2573],[0.2744,47.2558],[0.279,47.2569],[0.2805,47.2536],[0.2825,47.2518],[0.2834,47.2466],[0.2787,47.2424],[0.279,47.2404],[0.2815,47.2372],[0.2856,47.235],[0.2903,47.2307],[0.2875,47.2281],[0.2852,47.2268],[0.2823,47.2233],[0.2809,47.22],[0.2827,47.2184],[0.2833,47.2156],[0.2788,47.2121],[0.282,47.2109],[0.2744,47.2092],[0.2784,47.2045],[0.2812,47.2035],[0.2774,47.2013]]]}},{"type":"Feature","properties":{"code":"37119","nom":"L'Île-Bouchard","pop":1606},"geometry":{"type":"Polygon","coordinates":[[[0.4187,47.1142],[0.4119,47.117],[0.4138,47.1221],[0.4021,47.1235],[0.4043,47.128],[0.4112,47.1269],[0.4149,47.1256],[0.421,47.1245],[0.4216,47.1257],[0.4213,47.1334],[0.422,47.1351],[0.4273,47.1378],[0.4323,47.1341],[0.4287,47.1293],[0.4267,47.1278],[0.4287,47.1258],[0.4325,47.1279],[0.4353,47.1306],[0.4407,47.1277],[0.4387,47.1269],[0.4362,47.1242],[0.4351,47.119],[0.4342,47.1141],[0.429,47.1141],[0.4262,47.111],[0.4187,47.1142]]]}},{"type":"Feature","properties":{"code":"37121","nom":"Jaulnay","pop":243},"geometry":{"type":"Polygon","coordinates":[[[0.4449,46.9413],[0.443,46.9353],[0.4402,46.9306],[0.4386,46.9295],[0.4336,46.9324],[0.4289,46.9325],[0.4178,46.9374],[0.4121,46.9364],[0.4063,46.9368],[0.4054,46.9361],[0.402,46.938],[0.3877,46.9439],[0.3867,46.9469],[0.3867,46.9517],[0.3925,46.9495],[0.3942,46.9502],[0.3962,46.9542],[0.4022,46.9592],[0.4046,46.9628],[0.4094,46.9656],[0.4141,46.9711],[0.4226,46.9717],[0.4247,46.9705],[0.4292,46.9754],[0.439,46.9816],[0.4461,46.9857],[0.4558,46.989],[0.4501,46.9752],[0.4424,46.973],[0.4447,46.9713],[0.442,46.969],[0.4441,46.9664],[0.4413,46.961],[0.4397,46.9597],[0.4377,46.9552],[0.4377,46.9526],[0.4303,46.9491],[0.4366,46.9452],[0.4411,46.9442],[0.4449,46.9413]]]}},{"type":"Feature","properties":{"code":"37122","nom":"Joué-lès-Tours","pop":38423},"geometry":{"type":"Polygon","coordinates":[[[0.6993,47.3542],[0.6973,47.3531],[0.697,47.3508],[0.6929,47.3516],[0.6912,47.3484],[0.6874,47.3471],[0.6821,47.3437],[0.6771,47.341],[0.6745,47.3408],[0.6747,47.3374],[0.6762,47.3342],[0.6765,47.3313],[0.6781,47.3295],[0.6823,47.3299],[0.6843,47.3271],[0.6848,47.3238],[0.6887,47.3147],[0.6912,47.3133],[0.689,47.3111],[0.685,47.3108],[0.6841,47.3087],[0.6808,47.3088],[0.6762,47.3063],[0.6733,47.3042],[0.6686,47.3026],[0.6652,47.3006],[0.663,47.3013],[0.6569,47.3014],[0.6469,47.3036],[0.6391,47.3038],[0.6353,47.3017],[0.6334,47.3028],[0.6234,47.3026],[0.6193,47.3043],[0.6152,47.3049],[0.6103,47.3054],[0.6095,47.3108],[0.6126,47.3135],[0.6181,47.324],[0.6197,47.3261],[0.6269,47.3299],[0.6262,47.3329],[0.6268,47.3381],[0.6234,47.339],[0.6216,47.3448],[0.6244,47.347],[0.6299,47.3468],[0.633,47.3505],[0.64,47.3534],[0.6411,47.3591],[0.6408,47.363],[0.642,47.3657],[0.6418,47.369],[0.6431,47.3697],[0.6408,47.3733],[0.6452,47.373],[0.6489,47.3749],[0.6559,47.3743],[0.6605,47.3752],[0.661,47.3709],[0.653,47.3695],[0.6566,47.3662],[0.6609,47.364],[0.6644,47.363],[0.6685,47.3631],[0.6728,47.3643],[0.6762,47.362],[0.684,47.3621],[0.6891,47.3635],[0.69,47.3602],[0.6953,47.359],[0.6975,47.3598],[0.6993,47.3542]]]}},{"type":"Feature","properties":{"code":"37123","nom":"Langeais","pop":4367},"geometry":{"type":"Polygon","coordinates":[[[0.418,47.3684],[0.414,47.362],[0.4199,47.3598],[0.4177,47.3558],[0.4193,47.3556],[0.4212,47.351],[0.4203,47.3487],[0.423,47.3473],[0.4272,47.3474],[0.4293,47.3451],[0.4322,47.3444],[0.4336,47.3419],[0.4329,47.3401],[0.4369,47.3347],[0.4345,47.3337],[0.4405,47.3295],[0.4424,47.3271],[0.4418,47.323],[0.4248,47.3208],[0.4169,47.3209],[0.4105,47.3195],[0.4056,47.3195],[0.3975,47.3176],[0.3922,47.3145],[0.3847,47.3116],[0.3794,47.3072],[0.373,47.3038],[0.368,47.302],[0.3632,47.3093],[0.3594,47.3115],[0.3601,47.3127],[0.3566,47.316],[0.3489,47.3202],[0.3437,47.3244],[0.3413,47.3293],[0.3415,47.3333],[0.3372,47.3364],[0.333,47.3365],[0.3309,47.3375],[0.3292,47.3432],[0.3239,47.3448],[0.3212,47.3429],[0.3145,47.3414],[0.3076,47.3346],[0.3063,47.3282],[0.2977,47.3287],[0.292,47.3304],[0.2883,47.3352],[0.2877,47.3408],[0.2897,47.3442],[0.2842,47.3443],[0.2843,47.3466],[0.2885,47.3506],[0.2911,47.3532],[0.2917,47.3554],[0.2944,47.358],[0.3001,47.3598],[0.302,47.359],[0.3039,47.363],[0.3036,47.3679],[0.3022,47.3696],[0.3056,47.3729],[0.3054,47.3758],[0.3071,47.3773],[0.3076,47.3803],[0.3108,47.3834],[0.313,47.3868],[0.3199,47.3881],[0.3238,47.3902],[0.3273,47.3896],[0.3307,47.3881],[0.3333,47.3883],[0.3352,47.3869],[0.3397,47.3868],[0.3425,47.3856],[0.3445,47.3833],[0.349,47.3852],[0.3508,47.3868],[0.3598,47.3853],[0.3641,47.3859],[0.3676,47.3881],[0.3728,47.3934],[0.3756,47.3906],[0.3759,47.3871],[0.3818,47.3802],[0.3923,47.3777],[0.3941,47.3761],[0.3909,47.3733],[0.3947,47.3675],[0.398,47.3684],[0.41,47.37],[0.418,47.3684]]]}},{"type":"Feature","properties":{"code":"37124","nom":"Larçay","pop":2657},"geometry":{"type":"Polygon","coordinates":[[[0.7657,47.3707],[0.7658,47.3748],[0.7683,47.3777],[0.7725,47.3786],[0.784,47.3768],[0.7847,47.3744],[0.7887,47.3742],[0.7911,47.3727],[0.797,47.3723],[0.7923,47.3655],[0.787,47.353],[0.7835,47.3454],[0.784,47.3437],[0.7896,47.3382],[0.7916,47.3274],[0.785,47.3254],[0.777,47.3243],[0.7703,47.3274],[0.7663,47.3308],[0.7658,47.3351],[0.7638,47.3388],[0.7627,47.341],[0.7626,47.3466],[0.7584,47.3554],[0.7577,47.3592],[0.7585,47.3625],[0.762,47.3655],[0.7625,47.3697],[0.7657,47.3707]]]}},{"type":"Feature","properties":{"code":"37125","nom":"Lémeré","pop":401},"geometry":{"type":"Polygon","coordinates":[[[0.3585,47.1077],[0.3558,47.1029],[0.359,47.1015],[0.358,47.1002],[0.3634,47.0991],[0.3617,47.0968],[0.3619,47.0917],[0.3632,47.0897],[0.363,47.0853],[0.3618,47.0814],[0.3705,47.0775],[0.3752,47.0744],[0.3743,47.0722],[0.3697,47.0678],[0.3638,47.0663],[0.3595,47.0664],[0.3567,47.0663],[0.3477,47.0704],[0.3514,47.076],[0.3474,47.0771],[0.3485,47.0791],[0.3468,47.0804],[0.3388,47.0788],[0.329,47.0779],[0.3239,47.0786],[0.3145,47.0782],[0.3082,47.0761],[0.3053,47.0743],[0.3035,47.0757],[0.3035,47.0782],[0.3038,47.0832],[0.3023,47.0854],[0.3034,47.0901],[0.3068,47.0943],[0.3068,47.0976],[0.3036,47.1073],[0.3046,47.1138],[0.3067,47.1145],[0.3137,47.1148],[0.315,47.1177],[0.3184,47.1206],[0.336,47.1173],[0.3392,47.1123],[0.3389,47.109],[0.3433,47.1087],[0.3487,47.1095],[0.3512,47.1092],[0.3575,47.1148],[0.3634,47.1169],[0.3643,47.1153],[0.3577,47.1081],[0.3585,47.1077]]]}},{"type":"Feature","properties":{"code":"37126","nom":"Lerné","pop":351},"geometry":{"type":"Polygon","coordinates":[[[0.0841,47.1184],[0.0812,47.1185],[0.0796,47.1202],[0.0796,47.123],[0.0764,47.1239],[0.0791,47.1297],[0.0813,47.1315],[0.0821,47.1361],[0.0796,47.1391],[0.0795,47.1428],[0.0784,47.1464],[0.0808,47.1478],[0.0849,47.1476],[0.088,47.1495],[0.0909,47.1489],[0.0945,47.1501],[0.0945,47.1523],[0.0962,47.1539],[0.0968,47.158],[0.1008,47.1599],[0.1024,47.1616],[0.1059,47.1591],[0.1115,47.1619],[0.1146,47.1628],[0.1177,47.1599],[0.1233,47.1589],[0.1241,47.1558],[0.1277,47.1539],[0.1295,47.1515],[0.1353,47.1508],[0.1414,47.1517],[0.143,47.1511],[0.141,47.1498],[0.1431,47.1383],[0.1414,47.1365],[0.1428,47.1351],[0.1436,47.1312],[0.1379,47.1307],[0.1407,47.1247],[0.1364,47.1217],[0.1271,47.1198],[0.1235,47.1285],[0.1192,47.1285],[0.1178,47.1294],[0.1111,47.1286],[0.107,47.1286],[0.1077,47.125],[0.1046,47.1248],[0.1046,47.1208],[0.0969,47.1205],[0.0924,47.1223],[0.0871,47.1208],[0.0841,47.1184]]]}},{"type":"Feature","properties":{"code":"37127","nom":"Le Liège","pop":326},"geometry":{"type":"Polygon","coordinates":[[[1.0731,47.2262],[1.0861,47.2334],[1.0925,47.2372],[1.0974,47.2391],[1.1105,47.2467],[1.1067,47.2509],[1.1123,47.2532],[1.1113,47.2498],[1.1121,47.2481],[1.1157,47.249],[1.1206,47.249],[1.1217,47.2469],[1.1204,47.24],[1.1217,47.2374],[1.1254,47.2343],[1.1333,47.2314],[1.136,47.2292],[1.1385,47.2255],[1.1437,47.2197],[1.1366,47.2141],[1.1318,47.212],[1.124,47.217],[1.114,47.2201],[1.1057,47.2187],[1.1003,47.2155],[1.091,47.214],[1.091,47.2162],[1.0863,47.2192],[1.0837,47.2196],[1.0817,47.2218],[1.079,47.2226],[1.0731,47.2262]]]}},{"type":"Feature","properties":{"code":"37128","nom":"Lignières-de-Touraine","pop":1318},"geometry":{"type":"Polygon","coordinates":[[[0.3861,47.282],[0.3848,47.2856],[0.3809,47.2872],[0.382,47.291],[0.3866,47.2943],[0.3929,47.2965],[0.3982,47.2977],[0.4002,47.3011],[0.4033,47.3027],[0.4091,47.3023],[0.4121,47.3032],[0.4162,47.3032],[0.4197,47.305],[0.4249,47.3059],[0.426,47.3086],[0.429,47.3104],[0.436,47.3097],[0.4375,47.3106],[0.4392,47.3086],[0.4438,47.3099],[0.4456,47.3095],[0.4485,47.3047],[0.4453,47.3037],[0.4478,47.3007],[0.4446,47.3],[0.4459,47.293],[0.4337,47.2871],[0.4237,47.2841],[0.4194,47.2843],[0.4077,47.284],[0.3983,47.2802],[0.394,47.2799],[0.3895,47.2806],[0.3861,47.282]]]}},{"type":"Feature","properties":{"code":"37129","nom":"Ligré","pop":1068},"geometry":{"type":"Polygon","coordinates":[[[0.2422,47.1322],[0.2472,47.1347],[0.2521,47.1394],[0.2554,47.1446],[0.2906,47.1363],[0.2882,47.1287],[0.2864,47.1263],[0.2874,47.1233],[0.2909,47.1213],[0.2969,47.1217],[0.2988,47.1225],[0.3022,47.1209],[0.3045,47.1164],[0.3046,47.1138],[0.3036,47.1073],[0.3068,47.0976],[0.3068,47.0943],[0.3034,47.0901],[0.3023,47.0854],[0.3038,47.0832],[0.3035,47.0782],[0.2932,47.0816],[0.2884,47.0825],[0.2854,47.084],[0.2719,47.0821],[0.2633,47.0814],[0.2567,47.0821],[0.2443,47.0864],[0.2359,47.0905],[0.2351,47.0916],[0.2404,47.0964],[0.2355,47.0984],[0.2382,47.1013],[0.2454,47.1089],[0.2458,47.1104],[0.2435,47.1174],[0.2448,47.1209],[0.2422,47.1322]]]}},{"type":"Feature","properties":{"code":"37130","nom":"Ligueil","pop":2105},"geometry":{"type":"Polygon","coordinates":[[[0.8674,47.0264],[0.8632,47.0242],[0.8531,47.0205],[0.8542,47.0191],[0.8522,47.0175],[0.8417,47.0164],[0.8362,47.0178],[0.83,47.0163],[0.8237,47.0123],[0.8241,47.0111],[0.8207,47.0096],[0.8187,47.0105],[0.8214,47.0131],[0.818,47.015],[0.8122,47.0127],[0.8082,47.015],[0.8079,47.0174],[0.8108,47.0253],[0.8051,47.0257],[0.8001,47.025],[0.7999,47.0293],[0.7982,47.0323],[0.7962,47.0312],[0.7913,47.0329],[0.7893,47.0327],[0.7864,47.0361],[0.7796,47.0394],[0.7813,47.0428],[0.7808,47.0441],[0.7771,47.0456],[0.7722,47.0447],[0.7682,47.0449],[0.7629,47.0439],[0.7542,47.0459],[0.7499,47.0448],[0.7477,47.0459],[0.7475,47.0492],[0.7463,47.0529],[0.7527,47.0545],[0.7547,47.0542],[0.7602,47.055],[0.7656,47.0577],[0.7712,47.0583],[0.7764,47.0575],[0.783,47.0583],[0.7957,47.0581],[0.7982,47.0602],[0.7965,47.0616],[0.7999,47.0632],[0.8073,47.0645],[0.8123,47.0649],[0.8177,47.0665],[0.8259,47.0665],[0.8304,47.0693],[0.8319,47.0681],[0.8425,47.0635],[0.8474,47.0637],[0.8493,47.0622],[0.8501,47.0573],[0.8489,47.0545],[0.8532,47.0541],[0.8524,47.0524],[0.855,47.0482],[0.8561,47.045],[0.858,47.0424],[0.8559,47.0403],[0.8498,47.0362],[0.8572,47.0341],[0.8639,47.0285],[0.8674,47.0264]]]}},{"type":"Feature","properties":{"code":"37131","nom":"Limeray","pop":1252},"geometry":{"type":"Polygon","coordinates":[[[1.0356,47.4901],[1.0364,47.4875],[1.0398,47.4834],[1.0375,47.4804],[1.04,47.4752],[1.0414,47.4706],[1.0433,47.4704],[1.0517,47.4634],[1.0569,47.4564],[1.0585,47.4571],[1.0612,47.4548],[1.0635,47.4508],[1.064,47.4484],[1.0592,47.4462],[1.0562,47.4459],[1.0514,47.4438],[1.0421,47.4411],[1.034,47.44],[1.0262,47.4376],[1.0171,47.4331],[1.0126,47.4304],[1.0067,47.4357],[1.0079,47.4366],[1.0056,47.4392],[1.0098,47.4428],[1.0072,47.444],[1.007,47.4487],[1.0092,47.4519],[1.0093,47.4543],[1.0115,47.4567],[1.0111,47.4614],[1.0176,47.4639],[1.0197,47.4656],[1.0182,47.4679],[1.0189,47.4702],[1.0223,47.4721],[1.026,47.4768],[1.0254,47.4806],[1.0311,47.4841],[1.033,47.4866],[1.0321,47.4883],[1.0356,47.4901]]]}},{"type":"Feature","properties":{"code":"37132","nom":"Loches","pop":6234},"geometry":{"type":"Polygon","coordinates":[[[0.9346,47.084],[0.9347,47.087],[0.9362,47.091],[0.9418,47.0971],[0.943,47.0995],[0.9413,47.1005],[0.9385,47.1028],[0.9393,47.105],[0.9368,47.1095],[0.9258,47.1183],[0.9304,47.1201],[0.9325,47.1232],[0.9363,47.1204],[0.9409,47.1263],[0.9477,47.129],[0.9575,47.1344],[0.9605,47.1365],[0.9662,47.1384],[0.9739,47.1455],[0.9774,47.1427],[0.9803,47.1416],[0.9814,47.1397],[0.9845,47.142],[0.9862,47.1453],[0.9904,47.1489],[0.9941,47.1474],[1.0001,47.1505],[1.0063,47.1526],[1.0091,47.1555],[1.0119,47.1598],[1.0116,47.1607],[1.0146,47.1601],[1.0142,47.1578],[1.0174,47.1533],[1.0155,47.1506],[1.0224,47.145],[1.0163,47.1423],[1.0163,47.1394],[1.0071,47.1387],[1.0087,47.136],[1.0095,47.1323],[1.0076,47.1318],[1.0098,47.1255],[1.0122,47.1214],[1.0128,47.1159],[1.0104,47.1159],[1.005,47.1122],[0.9975,47.111],[0.9872,47.108],[0.9834,47.1053],[0.9815,47.1032],[0.9721,47.097],[0.9667,47.0926],[0.9685,47.0894],[0.9626,47.0885],[0.96,47.0861],[0.9585,47.0881],[0.9506,47.0886],[0.9486,47.0869],[0.9466,47.0887],[0.9346,47.084]]]}},{"type":"Feature","properties":{"code":"37133","nom":"Loché-sur-Indrois","pop":482},"geometry":{"type":"Polygon","coordinates":[[[1.193,47.0319],[1.1811,47.041],[1.1811,47.0443],[1.1795,47.046],[1.1802,47.0563],[1.1817,47.0611],[1.178,47.0643],[1.1736,47.064],[1.1521,47.0836],[1.1324,47.0838],[1.1242,47.0853],[1.125,47.0863],[1.1327,47.0911],[1.1298,47.0944],[1.1311,47.0954],[1.1323,47.1009],[1.1378,47.1036],[1.1356,47.1089],[1.1358,47.1115],[1.1457,47.1271],[1.1535,47.1295],[1.1562,47.1315],[1.1637,47.1316],[1.1685,47.133],[1.1755,47.1315],[1.1743,47.1249],[1.1887,47.1166],[1.1916,47.1145],[1.2027,47.1181],[1.2068,47.1188],[1.2174,47.119],[1.2238,47.1201],[1.2248,47.1184],[1.2284,47.1175],[1.2345,47.1201],[1.2382,47.1173],[1.2407,47.117],[1.2437,47.1148],[1.2458,47.1146],[1.2469,47.112],[1.2516,47.1092],[1.2552,47.1056],[1.2579,47.0997],[1.2633,47.0964],[1.2666,47.0957],[1.2695,47.0932],[1.2726,47.0894],[1.276,47.0884],[1.2793,47.0843],[1.2799,47.0819],[1.2843,47.0776],[1.2811,47.0761],[1.2736,47.0755],[1.2696,47.0696],[1.2654,47.0701],[1.2601,47.0594],[1.2576,47.0595],[1.2535,47.0615],[1.2518,47.0579],[1.2516,47.0553],[1.2477,47.0525],[1.2442,47.0512],[1.2449,47.0491],[1.2397,47.0461],[1.2345,47.0443],[1.2309,47.0414],[1.2291,47.0385],[1.223,47.035],[1.2187,47.0363],[1.2132,47.034],[1.2131,47.0304],[1.2067,47.0284],[1.2048,47.0276],[1.1993,47.0279],[1.1934,47.0307],[1.193,47.0319]]]}},{"type":"Feature","properties":{"code":"37134","nom":"Louans","pop":709},"geometry":{"type":"Polygon","coordinates":[[[0.6898,47.1706],[0.6972,47.1729],[0.7078,47.1777],[0.7134,47.1809],[0.7208,47.1821],[0.7265,47.1885],[0.7293,47.1907],[0.7313,47.1934],[0.737,47.1978],[0.747,47.201],[0.7512,47.2038],[0.7551,47.2017],[0.7593,47.1974],[0.7664,47.2008],[0.7707,47.2023],[0.772,47.1991],[0.7751,47.1976],[0.7742,47.1906],[0.7767,47.1839],[0.7938,47.1836],[0.7945,47.1811],[0.7968,47.1792],[0.7933,47.1773],[0.7911,47.1782],[0.7832,47.1789],[0.7794,47.1776],[0.7702,47.1762],[0.7665,47.1737],[0.7574,47.1733],[0.7588,47.1705],[0.7522,47.1682],[0.7456,47.1687],[0.7405,47.1677],[0.736,47.1678],[0.7342,47.1643],[0.7268,47.1637],[0.7235,47.167],[0.7102,47.1628],[0.7092,47.1612],[0.7058,47.16],[0.698,47.1588],[0.6949,47.1592],[0.6852,47.1582],[0.6815,47.1585],[0.6821,47.1618],[0.6844,47.1639],[0.6876,47.1691],[0.6898,47.1706]]]}},{"type":"Feature","properties":{"code":"37136","nom":"Le Louroux","pop":533},"geometry":{"type":"Polygon","coordinates":[[[0.8284,47.1745],[0.8247,47.1715],[0.8135,47.1659],[0.8081,47.1624],[0.8017,47.16],[0.7973,47.1546],[0.7926,47.1524],[0.7942,47.1479],[0.7813,47.1397],[0.7793,47.1412],[0.7765,47.1414],[0.7694,47.1362],[0.7646,47.1361],[0.7627,47.133],[0.7569,47.1302],[0.754,47.1331],[0.7407,47.1368],[0.7382,47.1347],[0.7278,47.1349],[0.723,47.1366],[0.7221,47.1346],[0.7193,47.1344],[0.7137,47.131],[0.7109,47.1357],[0.7103,47.1398],[0.7075,47.1456],[0.709,47.1488],[0.7089,47.1522],[0.7118,47.1571],[0.7092,47.1612],[0.7102,47.1628],[0.7235,47.167],[0.7268,47.1637],[0.7342,47.1643],[0.736,47.1678],[0.7405,47.1677],[0.7456,47.1687],[0.7522,47.1682],[0.7588,47.1705],[0.7574,47.1733],[0.7665,47.1737],[0.7702,47.1762],[0.7794,47.1776],[0.7832,47.1789],[0.7911,47.1782],[0.7933,47.1773],[0.7968,47.1792],[0.7945,47.1811],[0.7938,47.1836],[0.8029,47.1827],[0.8115,47.18],[0.8196,47.1793],[0.8168,47.1763],[0.8221,47.177],[0.8267,47.1769],[0.8284,47.1745]]]}},{"type":"Feature","properties":{"code":"37137","nom":"Lublé","pop":141},"geometry":{"type":"Polygon","coordinates":[[[0.2893,47.5472],[0.2911,47.5465],[0.3021,47.5472],[0.3017,47.5461],[0.2945,47.5377],[0.2885,47.5307],[0.2821,47.5314],[0.279,47.5279],[0.2751,47.5284],[0.2722,47.5277],[0.2746,47.5248],[0.2667,47.5231],[0.2616,47.5203],[0.2618,47.5169],[0.2532,47.5142],[0.2504,47.5122],[0.2445,47.5102],[0.2436,47.5121],[0.2404,47.5116],[0.2326,47.5067],[0.2267,47.5048],[0.22,47.5019],[0.2192,47.5092],[0.2207,47.5122],[0.2221,47.5178],[0.22,47.5197],[0.2236,47.5219],[0.2261,47.5266],[0.2248,47.5273],[0.2289,47.53],[0.2315,47.5336],[0.2388,47.5322],[0.2494,47.5314],[0.2521,47.5374],[0.2581,47.5383],[0.2566,47.5405],[0.2612,47.5399],[0.2623,47.5419],[0.2893,47.5472]]]}},{"type":"Feature","properties":{"code":"37138","nom":"Lussault-sur-Loire","pop":886},"geometry":{"type":"Polygon","coordinates":[[[0.9426,47.3793],[0.8994,47.3783],[0.8985,47.3776],[0.8967,47.3859],[0.8944,47.3887],[0.8926,47.3981],[0.9054,47.3991],[0.9121,47.4005],[0.9258,47.4021],[0.9341,47.4043],[0.9367,47.3997],[0.9475,47.3939],[0.9491,47.391],[0.9426,47.3793]]]}},{"type":"Feature","properties":{"code":"37139","nom":"Luynes","pop":5062},"geometry":{"type":"Polygon","coordinates":[[[0.5769,47.3771],[0.5635,47.3742],[0.5488,47.371],[0.5336,47.3688],[0.522,47.3667],[0.5205,47.3709],[0.5276,47.3731],[0.5333,47.3754],[0.5375,47.378],[0.5356,47.3793],[0.5313,47.3801],[0.5274,47.3861],[0.5286,47.3889],[0.5284,47.3915],[0.5252,47.3932],[0.5277,47.3961],[0.5255,47.3995],[0.5254,47.4016],[0.5208,47.4023],[0.5122,47.4024],[0.5078,47.4052],[0.5083,47.4079],[0.5073,47.4107],[0.5033,47.4152],[0.4976,47.4208],[0.4919,47.4231],[0.4948,47.4263],[0.5002,47.4286],[0.503,47.4321],[0.5064,47.4341],[0.5087,47.433],[0.5194,47.4333],[0.5249,47.4328],[0.5257,47.4354],[0.5329,47.4386],[0.5352,47.4432],[0.5355,47.4468],[0.5388,47.4482],[0.5478,47.4531],[0.5479,47.4539],[0.5546,47.4568],[0.5601,47.4579],[0.5652,47.4564],[0.5658,47.452],[0.5704,47.4495],[0.5708,47.4469],[0.5696,47.4427],[0.5673,47.4402],[0.5647,47.4392],[0.5664,47.4347],[0.5583,47.4324],[0.5542,47.4307],[0.5543,47.4282],[0.5595,47.4217],[0.5677,47.4143],[0.5693,47.4121],[0.5729,47.4122],[0.5758,47.4087],[0.5777,47.404],[0.5764,47.4026],[0.5809,47.3966],[0.5774,47.3962],[0.5741,47.3949],[0.5729,47.3914],[0.5701,47.3897],[0.5718,47.3846],[0.5743,47.3825],[0.5769,47.3771]]]}},{"type":"Feature","properties":{"code":"37140","nom":"Luzé","pop":276},"geometry":{"type":"Polygon","coordinates":[[[0.4294,47.0176],[0.4305,47.0198],[0.4348,47.0228],[0.4351,47.026],[0.433,47.0293],[0.4397,47.0258],[0.4438,47.0284],[0.448,47.0299],[0.4552,47.0297],[0.4561,47.0324],[0.4601,47.0327],[0.4618,47.0344],[0.4659,47.0332],[0.4725,47.0358],[0.4805,47.0363],[0.4841,47.0359],[0.4849,47.0323],[0.4899,47.0309],[0.4917,47.0282],[0.4971,47.0307],[0.5033,47.0353],[0.509,47.0373],[0.5117,47.033],[0.5141,47.0273],[0.5077,47.025],[0.5033,47.0206],[0.5037,47.0198],[0.5144,47.0171],[0.5108,47.0149],[0.5052,47.0154],[0.4987,47.0139],[0.4994,47.0127],[0.4966,47.0122],[0.4914,47.0098],[0.4914,47.0044],[0.4878,47.0043],[0.4832,47.0017],[0.482,46.9976],[0.479,46.9983],[0.4756,47.0003],[0.4734,46.9942],[0.4701,46.9936],[0.4672,46.9971],[0.4591,46.9917],[0.4558,46.989],[0.4499,46.992],[0.45,46.9943],[0.4465,46.9948],[0.4359,47],[0.4325,47.0023],[0.437,47.0041],[0.4324,47.0077],[0.4355,47.0094],[0.4342,47.0142],[0.4294,47.0176]]]}},{"type":"Feature","properties":{"code":"37141","nom":"Luzillé","pop":987},"geometry":{"type":"Polygon","coordinates":[[[1.1123,47.2532],[1.1067,47.2509],[1.1105,47.2467],[1.0974,47.2391],[1.0925,47.2372],[1.0861,47.2334],[1.0731,47.2262],[1.0724,47.2257],[1.0655,47.2282],[1.0658,47.2291],[1.0605,47.2313],[1.0543,47.2358],[1.0496,47.237],[1.0445,47.2399],[1.0367,47.2427],[1.0319,47.243],[1.0289,47.2454],[1.0206,47.2533],[1.017,47.2591],[1.0126,47.264],[1.0116,47.2682],[1.0174,47.269],[1.0195,47.2701],[1.0244,47.2849],[1.0277,47.2891],[1.0267,47.2901],[1.0326,47.2921],[1.0359,47.2935],[1.0373,47.2961],[1.0419,47.2976],[1.0408,47.2997],[1.0451,47.3],[1.0431,47.3034],[1.0498,47.3057],[1.0554,47.3018],[1.0572,47.2996],[1.0623,47.2999],[1.0654,47.2989],[1.0698,47.2989],[1.0732,47.3005],[1.0767,47.2998],[1.0768,47.2959],[1.078,47.2929],[1.0805,47.293],[1.085,47.2909],[1.0889,47.294],[1.091,47.2918],[1.0954,47.2892],[1.0979,47.2859],[1.0963,47.2848],[1.0966,47.2807],[1.0991,47.2755],[1.1027,47.2647],[1.104,47.2596],[1.1059,47.2573],[1.1107,47.2564],[1.1128,47.2552],[1.1123,47.2532]]]}},{"type":"Feature","properties":{"code":"37142","nom":"Maillé","pop":557},"geometry":{"type":"Polygon","coordinates":[[[0.604,47.0743],[0.6119,47.0705],[0.6142,47.0701],[0.6152,47.0641],[0.6081,47.0607],[0.6064,47.0573],[0.6075,47.0541],[0.6108,47.0544],[0.6124,47.0471],[0.6073,47.0456],[0.6078,47.0409],[0.6035,47.0395],[0.605,47.0379],[0.6047,47.0357],[0.6079,47.0338],[0.607,47.0327],[0.6007,47.0333],[0.5964,47.033],[0.5946,47.0353],[0.5908,47.0327],[0.5889,47.0303],[0.5835,47.0272],[0.5789,47.0257],[0.5767,47.0268],[0.5723,47.0253],[0.5696,47.0303],[0.5657,47.0351],[0.563,47.0393],[0.5605,47.0418],[0.5638,47.0448],[0.5673,47.0466],[0.5644,47.0517],[0.5615,47.06],[0.5598,47.0618],[0.5646,47.0643],[0.5709,47.0651],[0.577,47.0678],[0.5818,47.069],[0.5877,47.0692],[0.5868,47.0737],[0.5922,47.0786],[0.5965,47.0755],[0.604,47.0743]]]}},{"type":"Feature","properties":{"code":"37143","nom":"Manthelan","pop":1378},"geometry":{"type":"Polygon","coordinates":[[[0.7569,47.1302],[0.7627,47.133],[0.7646,47.1361],[0.7694,47.1362],[0.7765,47.1414],[0.7793,47.1412],[0.7813,47.1397],[0.7942,47.1479],[0.7926,47.1524],[0.7973,47.1546],[0.8017,47.16],[0.8081,47.1624],[0.8135,47.1659],[0.8247,47.1715],[0.8284,47.1745],[0.831,47.1726],[0.8316,47.1703],[0.8307,47.167],[0.8352,47.166],[0.839,47.1626],[0.8464,47.1671],[0.8506,47.1644],[0.8528,47.1646],[0.8521,47.1634],[0.8569,47.1613],[0.8583,47.1597],[0.8572,47.1572],[0.8576,47.1543],[0.8612,47.1523],[0.861,47.1481],[0.8642,47.1475],[0.8651,47.1449],[0.869,47.1446],[0.8694,47.1412],[0.873,47.1379],[0.8747,47.1393],[0.8804,47.137],[0.8834,47.1268],[0.8791,47.1248],[0.8775,47.1223],[0.8693,47.1214],[0.8639,47.1203],[0.8582,47.1209],[0.8526,47.1221],[0.8477,47.1219],[0.8444,47.1205],[0.8394,47.1165],[0.8326,47.1135],[0.8301,47.1114],[0.8198,47.1081],[0.8107,47.1029],[0.8079,47.1009],[0.8057,47.1017],[0.8022,47.1064],[0.7985,47.1099],[0.797,47.1099],[0.7943,47.1151],[0.7904,47.1173],[0.7839,47.1142],[0.7764,47.1143],[0.7715,47.1159],[0.765,47.1155],[0.7617,47.1217],[0.7613,47.1239],[0.7569,47.1302]]]}},{"type":"Feature","properties":{"code":"37144","nom":"Marçay","pop":465},"geometry":{"type":"Polygon","coordinates":[[[0.2443,47.0864],[0.2328,47.0733],[0.2338,47.0698],[0.2352,47.0692],[0.2328,47.0666],[0.2332,47.0642],[0.2299,47.0633],[0.2263,47.0609],[0.2147,47.0559],[0.2139,47.0544],[0.208,47.0533],[0.2069,47.055],[0.2006,47.0587],[0.1971,47.0631],[0.1922,47.0654],[0.1893,47.0608],[0.1847,47.0607],[0.1797,47.0591],[0.1757,47.0607],[0.1769,47.0647],[0.1737,47.0674],[0.1735,47.0695],[0.1757,47.0729],[0.1842,47.0794],[0.1872,47.0823],[0.1928,47.0837],[0.1941,47.0861],[0.2012,47.0913],[0.195,47.0954],[0.1918,47.0991],[0.1857,47.1014],[0.1873,47.1027],[0.1846,47.105],[0.1855,47.1093],[0.1834,47.1138],[0.1815,47.1153],[0.1815,47.1161],[0.1893,47.1141],[0.1976,47.1133],[0.2094,47.1095],[0.2148,47.1074],[0.2217,47.1061],[0.2241,47.1048],[0.2262,47.1022],[0.232,47.1037],[0.2382,47.1013],[0.2355,47.0984],[0.2404,47.0964],[0.2351,47.0916],[0.2359,47.0905],[0.2443,47.0864]]]}},{"type":"Feature","properties":{"code":"37145","nom":"Marcé-sur-Esves","pop":251},"geometry":{"type":"Polygon","coordinates":[[[0.6834,47.0292],[0.6772,47.0253],[0.6782,47.0219],[0.6724,47.0193],[0.6742,47.018],[0.6732,47.0128],[0.6704,47.0127],[0.6692,47.0145],[0.6632,47.015],[0.661,47.0101],[0.6592,47.0099],[0.6453,47.0168],[0.6393,47.0206],[0.6387,47.0216],[0.6339,47.0242],[0.6365,47.0274],[0.6363,47.0324],[0.6374,47.035],[0.6364,47.0377],[0.6408,47.0389],[0.6473,47.0423],[0.6492,47.046],[0.6543,47.0504],[0.659,47.0484],[0.6674,47.0484],[0.671,47.0475],[0.6745,47.0445],[0.6771,47.0433],[0.6765,47.0413],[0.6811,47.0362],[0.684,47.0344],[0.6853,47.03],[0.6834,47.0292]]]}},{"type":"Feature","properties":{"code":"37146","nom":"Marcilly-sur-Maulne","pop":222},"geometry":{"type":"Polygon","coordinates":[[[0.2566,47.5405],[0.2581,47.5383],[0.2521,47.5374],[0.2494,47.5314],[0.2388,47.5322],[0.2315,47.5336],[0.2289,47.53],[0.2248,47.5273],[0.2175,47.5294],[0.2151,47.5235],[0.2091,47.5266],[0.2058,47.5268],[0.2028,47.5282],[0.2066,47.5326],[0.2056,47.5346],[0.2021,47.5349],[0.1942,47.5375],[0.1933,47.5391],[0.1994,47.541],[0.1995,47.5453],[0.2034,47.5472],[0.2047,47.5519],[0.2091,47.5577],[0.2064,47.561],[0.208,47.5638],[0.2111,47.566],[0.2149,47.5699],[0.2152,47.5732],[0.2271,47.5746],[0.2315,47.5783],[0.2345,47.5784],[0.238,47.577],[0.2357,47.5758],[0.2409,47.5726],[0.2382,47.5707],[0.2346,47.5633],[0.2301,47.565],[0.2285,47.5639],[0.2331,47.5614],[0.235,47.5594],[0.2409,47.5576],[0.2435,47.5551],[0.2436,47.5506],[0.2461,47.5491],[0.2467,47.5468],[0.2509,47.5433],[0.2545,47.5422],[0.2566,47.5405]]]}},{"type":"Feature","properties":{"code":"37147","nom":"Marcilly-sur-Vienne","pop":550},"geometry":{"type":"Polygon","coordinates":[[[0.5279,47.0694],[0.5353,47.0745],[0.5379,47.0781],[0.5424,47.0759],[0.5458,47.0726],[0.5469,47.0645],[0.547,47.0623],[0.5453,47.0553],[0.5455,47.0507],[0.5419,47.0419],[0.5425,47.0362],[0.538,47.0321],[0.5339,47.0323],[0.5325,47.0312],[0.5285,47.0314],[0.5277,47.0282],[0.5228,47.0263],[0.5178,47.0221],[0.5181,47.0208],[0.5144,47.0171],[0.5037,47.0198],[0.5033,47.0206],[0.5077,47.025],[0.5141,47.0273],[0.5117,47.033],[0.509,47.0373],[0.5033,47.0353],[0.5042,47.0405],[0.5161,47.0496],[0.517,47.0559],[0.5184,47.0581],[0.5224,47.0606],[0.5289,47.0597],[0.5329,47.0623],[0.5279,47.0694]]]}},{"type":"Feature","properties":{"code":"37148","nom":"Marigny-Marmande","pop":601},"geometry":{"type":"Polygon","coordinates":[[[0.5156,46.9764],[0.5078,46.9752],[0.5082,46.9712],[0.5098,46.9693],[0.5065,46.9639],[0.5052,46.96],[0.5006,46.9565],[0.495,46.9562],[0.4915,46.9554],[0.4882,46.9546],[0.4786,46.9503],[0.471,46.9482],[0.4608,46.9463],[0.4578,46.946],[0.4542,46.9431],[0.451,46.9418],[0.4449,46.9413],[0.4411,46.9442],[0.4366,46.9452],[0.4303,46.9491],[0.4377,46.9526],[0.4377,46.9552],[0.4397,46.9597],[0.4413,46.961],[0.4441,46.9664],[0.442,46.969],[0.4447,46.9713],[0.4424,46.973],[0.4501,46.9752],[0.4558,46.989],[0.4591,46.9917],[0.4672,46.9971],[0.4701,46.9936],[0.4734,46.9942],[0.4756,47.0003],[0.479,46.9983],[0.482,46.9976],[0.4832,47.0017],[0.4878,47.0043],[0.4914,47.0044],[0.4914,47.0098],[0.4966,47.0122],[0.4994,47.0127],[0.5057,47.0126],[0.5091,47.01],[0.5135,47.0096],[0.5209,47.006],[0.5219,47.0043],[0.5258,47.0026],[0.5322,46.9964],[0.5252,46.988],[0.5166,46.9876],[0.5149,46.9785],[0.5156,46.9764]]]}},{"type":"Feature","properties":{"code":"37149","nom":"Marray","pop":496},"geometry":{"type":"Polygon","coordinates":[[[0.7288,47.6003],[0.7227,47.5983],[0.71,47.5974],[0.7032,47.5981],[0.6915,47.5967],[0.6855,47.5987],[0.6851,47.6005],[0.6873,47.6024],[0.6919,47.6036],[0.6929,47.6053],[0.6912,47.6083],[0.6842,47.6069],[0.6803,47.6079],[0.6812,47.6092],[0.6762,47.6122],[0.6715,47.6117],[0.6693,47.6154],[0.67,47.6177],[0.6669,47.6195],[0.6663,47.622],[0.6615,47.6253],[0.6646,47.6269],[0.6648,47.6287],[0.6715,47.6323],[0.6688,47.6366],[0.6666,47.6381],[0.6741,47.6394],[0.6783,47.6397],[0.6807,47.6415],[0.6847,47.6421],[0.6898,47.6454],[0.7006,47.6482],[0.7047,47.6485],[0.7105,47.6499],[0.713,47.6496],[0.7219,47.6469],[0.7298,47.655],[0.7319,47.6523],[0.7315,47.6495],[0.7355,47.6505],[0.7351,47.6456],[0.7383,47.6437],[0.7319,47.6415],[0.7298,47.6395],[0.7302,47.6371],[0.7286,47.6342],[0.7283,47.6294],[0.724,47.6257],[0.7258,47.621],[0.732,47.6216],[0.7336,47.6171],[0.7413,47.6148],[0.736,47.6108],[0.7371,47.6101],[0.7363,47.6071],[0.7335,47.6026],[0.7288,47.6003]]]}},{"type":"Feature","properties":{"code":"37150","nom":"Mazières-de-Touraine","pop":1488},"geometry":{"type":"Polygon","coordinates":[[[0.463,47.4124],[0.477,47.4008],[0.4802,47.3988],[0.4788,47.395],[0.4801,47.3897],[0.479,47.3868],[0.4803,47.3848],[0.4852,47.3822],[0.4872,47.3797],[0.4881,47.3762],[0.487,47.3728],[0.4879,47.3709],[0.4764,47.3709],[0.4676,47.3719],[0.4544,47.3716],[0.4507,47.3727],[0.4431,47.3721],[0.4332,47.3725],[0.4276,47.3718],[0.4195,47.3716],[0.418,47.3684],[0.41,47.37],[0.398,47.3684],[0.3947,47.3675],[0.3909,47.3733],[0.3941,47.3761],[0.3923,47.3777],[0.3818,47.3802],[0.3759,47.3871],[0.3756,47.3906],[0.3728,47.3934],[0.3709,47.3966],[0.3716,47.4007],[0.3684,47.4078],[0.3729,47.4069],[0.3791,47.4074],[0.3849,47.4063],[0.3967,47.4049],[0.4133,47.4099],[0.4128,47.4129],[0.4159,47.4136],[0.4249,47.4157],[0.4373,47.4167],[0.4457,47.4142],[0.463,47.4124]]]}},{"type":"Feature","properties":{"code":"37151","nom":"La Membrolle-sur-Choisille","pop":3290},"geometry":{"type":"Polygon","coordinates":[[[0.6354,47.427],[0.6327,47.4286],[0.6311,47.4312],[0.6241,47.4337],[0.6239,47.4347],[0.6186,47.4375],[0.6153,47.4369],[0.6108,47.4385],[0.6073,47.4381],[0.6045,47.441],[0.6067,47.4425],[0.6038,47.4467],[0.6015,47.4493],[0.6021,47.4516],[0.6072,47.4541],[0.614,47.4563],[0.6121,47.4591],[0.6165,47.462],[0.62,47.4622],[0.622,47.4634],[0.6297,47.451],[0.6322,47.4479],[0.6421,47.4496],[0.6413,47.447],[0.6439,47.4454],[0.6449,47.44],[0.6505,47.4422],[0.6521,47.4406],[0.6469,47.4361],[0.6447,47.435],[0.6401,47.4355],[0.6385,47.4296],[0.6354,47.427]]]}},{"type":"Feature","properties":{"code":"37152","nom":"Mettray","pop":2070},"geometry":{"type":"Polygon","coordinates":[[[0.6862,47.4522],[0.6875,47.446],[0.6903,47.4427],[0.691,47.4391],[0.6845,47.4386],[0.6832,47.4396],[0.675,47.4355],[0.6757,47.4406],[0.6756,47.446],[0.6717,47.4434],[0.6699,47.4432],[0.6638,47.4401],[0.6596,47.4411],[0.6521,47.4406],[0.6505,47.4422],[0.6449,47.44],[0.6439,47.4454],[0.6413,47.447],[0.6421,47.4496],[0.6322,47.4479],[0.6297,47.451],[0.622,47.4634],[0.6267,47.4652],[0.6317,47.459],[0.6388,47.4605],[0.6451,47.4607],[0.6465,47.4633],[0.6494,47.4624],[0.6521,47.4636],[0.6519,47.4667],[0.6551,47.469],[0.6568,47.4715],[0.6615,47.4747],[0.6604,47.4797],[0.6633,47.4818],[0.6621,47.4793],[0.6635,47.4784],[0.6634,47.4731],[0.667,47.4709],[0.669,47.4665],[0.6721,47.4615],[0.6754,47.462],[0.6783,47.4593],[0.6811,47.4533],[0.6827,47.4539],[0.6862,47.4522]]]}},{"type":"Feature","properties":{"code":"37153","nom":"Monnaie","pop":4833},"geometry":{"type":"Polygon","coordinates":[[[0.7993,47.5459],[0.796,47.5396],[0.7992,47.535],[0.8042,47.5342],[0.8012,47.5318],[0.8043,47.5304],[0.8083,47.5254],[0.811,47.5236],[0.8078,47.5208],[0.8103,47.5182],[0.8162,47.5163],[0.8222,47.5164],[0.824,47.5155],[0.8268,47.5115],[0.8333,47.5138],[0.8337,47.5089],[0.8324,47.508],[0.8301,47.5035],[0.8333,47.5026],[0.8333,47.5007],[0.8296,47.4993],[0.8245,47.5],[0.8238,47.4949],[0.8209,47.4873],[0.8222,47.4841],[0.8199,47.4821],[0.8194,47.4749],[0.8234,47.4699],[0.8212,47.466],[0.8211,47.4639],[0.8191,47.4604],[0.816,47.4621],[0.8112,47.4634],[0.8123,47.4658],[0.8076,47.4671],[0.8036,47.4695],[0.794,47.4669],[0.7866,47.4653],[0.784,47.4661],[0.773,47.4659],[0.7682,47.4651],[0.7658,47.467],[0.7611,47.4674],[0.7607,47.4721],[0.7596,47.4741],[0.7625,47.4792],[0.7536,47.48],[0.7423,47.4795],[0.7362,47.48],[0.7361,47.4829],[0.7387,47.4888],[0.7361,47.4923],[0.7338,47.4969],[0.7409,47.4966],[0.7435,47.4984],[0.7466,47.5055],[0.75,47.5072],[0.7539,47.5059],[0.7576,47.5097],[0.7584,47.5139],[0.7608,47.5165],[0.7626,47.5199],[0.7621,47.5214],[0.7674,47.5222],[0.7683,47.5234],[0.7751,47.5287],[0.7748,47.5312],[0.7765,47.535],[0.7783,47.5358],[0.7773,47.5392],[0.7778,47.5434],[0.7801,47.5446],[0.7917,47.5452],[0.7993,47.5459]]]}},{"type":"Feature","properties":{"code":"37154","nom":"Montbazon","pop":4874},"geometry":{"type":"Polygon","coordinates":[[[0.6804,47.2753],[0.6784,47.2754],[0.6784,47.2781],[0.6816,47.2836],[0.6886,47.2817],[0.6915,47.2821],[0.6931,47.2855],[0.6945,47.2929],[0.6979,47.2976],[0.7002,47.2992],[0.7041,47.2999],[0.7102,47.2966],[0.7178,47.2945],[0.7208,47.2925],[0.7286,47.2947],[0.7309,47.2934],[0.7248,47.2893],[0.7223,47.286],[0.7262,47.285],[0.723,47.2814],[0.7224,47.2785],[0.7207,47.2765],[0.7204,47.2727],[0.7177,47.2694],[0.7141,47.2701],[0.71,47.2743],[0.7069,47.2752],[0.702,47.2786],[0.6995,47.2766],[0.6977,47.2771],[0.6919,47.2743],[0.6898,47.2758],[0.6804,47.2753]]]}},{"type":"Feature","properties":{"code":"37155","nom":"Monthodon","pop":643},"geometry":{"type":"Polygon","coordinates":[[[0.8678,47.6866],[0.8635,47.6853],[0.8586,47.6784],[0.8621,47.6767],[0.8611,47.6761],[0.8594,47.6686],[0.8601,47.6654],[0.8535,47.662],[0.8491,47.654],[0.8483,47.6501],[0.8437,47.6455],[0.8485,47.641],[0.8541,47.6399],[0.8574,47.6372],[0.8593,47.6377],[0.8633,47.632],[0.8592,47.6261],[0.8566,47.6261],[0.8502,47.6246],[0.8531,47.6148],[0.8527,47.613],[0.8485,47.6122],[0.8405,47.6143],[0.8365,47.6136],[0.8333,47.6139],[0.8298,47.6131],[0.8247,47.6137],[0.8205,47.6134],[0.8112,47.6178],[0.8058,47.6183],[0.7989,47.617],[0.7887,47.6125],[0.7844,47.6096],[0.782,47.6119],[0.7793,47.6128],[0.7825,47.6154],[0.7812,47.6208],[0.7768,47.6267],[0.7785,47.6297],[0.7743,47.6388],[0.7775,47.6391],[0.7756,47.6415],[0.781,47.6435],[0.7818,47.6455],[0.7848,47.648],[0.7853,47.6506],[0.7921,47.6528],[0.7892,47.6553],[0.7945,47.6576],[0.7967,47.6592],[0.8026,47.66],[0.8038,47.6611],[0.81,47.6609],[0.8119,47.6628],[0.8113,47.6654],[0.8151,47.6655],[0.8233,47.6682],[0.8276,47.6741],[0.8339,47.6752],[0.8338,47.6771],[0.8371,47.679],[0.8443,47.6819],[0.8493,47.6831],[0.8533,47.6861],[0.8604,47.6869],[0.8633,47.6904],[0.8671,47.6908],[0.8662,47.688],[0.8678,47.6866]]]}},{"type":"Feature","properties":{"code":"37156","nom":"Montlouis-sur-Loire","pop":11335},"geometry":{"type":"Polygon","coordinates":[[[0.8615,47.3613],[0.8563,47.3627],[0.8506,47.363],[0.8467,47.3643],[0.8382,47.3654],[0.8329,47.3672],[0.8272,47.3676],[0.8236,47.367],[0.819,47.3674],[0.8088,47.3713],[0.8007,47.3714],[0.797,47.3723],[0.7911,47.3727],[0.7887,47.3742],[0.7887,47.3812],[0.7922,47.383],[0.7908,47.3862],[0.7919,47.3904],[0.7892,47.3927],[0.7896,47.4019],[0.7912,47.4046],[0.7986,47.4034],[0.8062,47.3997],[0.8064,47.3987],[0.8156,47.3948],[0.8202,47.3936],[0.8286,47.3941],[0.8327,47.3927],[0.835,47.3924],[0.8438,47.3929],[0.8655,47.3976],[0.8704,47.3975],[0.8794,47.3979],[0.8926,47.3981],[0.8944,47.3887],[0.8967,47.3859],[0.8985,47.3776],[0.8927,47.3759],[0.887,47.3759],[0.8821,47.3775],[0.8781,47.3732],[0.8726,47.3696],[0.8679,47.3686],[0.8654,47.3646],[0.8631,47.3648],[0.8615,47.3613]]]}},{"type":"Feature","properties":{"code":"37157","nom":"Montrésor","pop":309},"geometry":{"type":"Polygon","coordinates":[[[1.1993,47.1482],[1.1998,47.1503],[1.195,47.1515],[1.1925,47.1547],[1.1933,47.1574],[1.196,47.156],[1.1984,47.1582],[1.2037,47.157],[1.2063,47.1572],[1.2079,47.1527],[1.2117,47.149],[1.2103,47.1486],[1.1993,47.1482]]]}},{"type":"Feature","properties":{"code":"37158","nom":"Montreuil-en-Touraine","pop":740},"geometry":{"type":"Polygon","coordinates":[[[0.9659,47.5141],[0.9698,47.5142],[0.9736,47.5133],[0.9776,47.5141],[0.9785,47.5126],[0.9821,47.5125],[0.989,47.5078],[0.9938,47.5065],[0.9977,47.5007],[0.9973,47.4987],[0.9991,47.4958],[0.9936,47.4944],[0.9892,47.4926],[0.9849,47.4898],[0.9834,47.4863],[0.9788,47.4853],[0.9769,47.4837],[0.9702,47.4819],[0.9657,47.4758],[0.9671,47.475],[0.971,47.4668],[0.9668,47.4644],[0.9598,47.4623],[0.957,47.4621],[0.9546,47.4621],[0.954,47.4567],[0.95,47.4568],[0.9462,47.4555],[0.9426,47.4573],[0.9395,47.4612],[0.9309,47.4618],[0.9277,47.4614],[0.9254,47.4648],[0.9186,47.4689],[0.9177,47.4716],[0.9155,47.473],[0.9186,47.4749],[0.917,47.4782],[0.9198,47.481],[0.9197,47.4833],[0.9165,47.4859],[0.9196,47.4869],[0.9219,47.4888],[0.9172,47.4907],[0.9152,47.4928],[0.9182,47.4942],[0.9192,47.5013],[0.9291,47.5037],[0.9324,47.5053],[0.9406,47.5064],[0.9484,47.5097],[0.951,47.5131],[0.9571,47.515],[0.9617,47.5136],[0.9659,47.5141]]]}},{"type":"Feature","properties":{"code":"37159","nom":"Monts","pop":8080},"geometry":{"type":"Polygon","coordinates":[[[0.6377,47.2491],[0.632,47.2508],[0.6321,47.2537],[0.6271,47.2567],[0.6275,47.2627],[0.6242,47.2632],[0.6227,47.2655],[0.6149,47.2661],[0.6097,47.2696],[0.6111,47.2733],[0.6085,47.2741],[0.6059,47.2762],[0.6068,47.279],[0.6041,47.2795],[0.6052,47.2822],[0.608,47.2849],[0.6125,47.2862],[0.6085,47.2896],[0.6121,47.2949],[0.6098,47.2956],[0.611,47.298],[0.6151,47.2973],[0.6152,47.3049],[0.6193,47.3043],[0.6234,47.3026],[0.6334,47.3028],[0.6353,47.3017],[0.6391,47.3038],[0.6469,47.3036],[0.6569,47.3014],[0.663,47.3013],[0.6652,47.3006],[0.6686,47.3026],[0.6733,47.3042],[0.6762,47.3063],[0.6815,47.3025],[0.6767,47.3009],[0.6811,47.296],[0.6764,47.2931],[0.6745,47.2912],[0.6777,47.2886],[0.6817,47.2866],[0.6816,47.2836],[0.6784,47.2781],[0.6784,47.2754],[0.6804,47.2753],[0.6782,47.2714],[0.6762,47.2701],[0.6772,47.266],[0.6722,47.2614],[0.6656,47.2585],[0.6614,47.2545],[0.6587,47.2488],[0.6571,47.2482],[0.6526,47.2384],[0.6449,47.2401],[0.6429,47.2428],[0.6437,47.2449],[0.6409,47.2455],[0.6398,47.2481],[0.6377,47.2491]]]}},{"type":"Feature","properties":{"code":"37160","nom":"Morand","pop":351},"geometry":{"type":"Polygon","coordinates":[[[0.997,47.5841],[1.0037,47.5846],[1.0048,47.5821],[1.0173,47.5833],[1.0255,47.579],[1.0338,47.5768],[1.0346,47.5674],[1.033,47.5659],[1.034,47.5608],[1.0361,47.5581],[1.0356,47.5544],[1.0324,47.5544],[1.0313,47.5519],[1.0265,47.5511],[1.0198,47.5477],[1.0202,47.5404],[1.0246,47.5361],[1.0176,47.5323],[1.016,47.5352],[1.0141,47.5466],[0.9946,47.5472],[0.9876,47.5464],[0.9897,47.5505],[0.9898,47.5546],[0.9829,47.563],[0.9764,47.567],[0.9812,47.571],[0.9819,47.5725],[0.9801,47.5752],[0.977,47.5772],[0.9808,47.5796],[0.9877,47.5791],[0.9949,47.5804],[0.9933,47.584],[0.997,47.5841]]]}},{"type":"Feature","properties":{"code":"37161","nom":"Mosnes","pop":812},"geometry":{"type":"Polygon","coordinates":[[[1.0871,47.4618],[1.1128,47.4661],[1.1141,47.4627],[1.1174,47.459],[1.1207,47.4579],[1.1212,47.4556],[1.1249,47.4523],[1.1296,47.4496],[1.1335,47.449],[1.1318,47.4454],[1.1233,47.4394],[1.1182,47.4311],[1.1137,47.428],[1.112,47.4292],[1.105,47.4317],[1.104,47.4303],[1.0935,47.4289],[1.0849,47.4297],[1.0824,47.4276],[1.0751,47.4322],[1.0727,47.4355],[1.0694,47.4414],[1.0671,47.4445],[1.0643,47.4464],[1.064,47.4484],[1.0665,47.4507],[1.0714,47.453],[1.085,47.4611],[1.0871,47.4618]]]}},{"type":"Feature","properties":{"code":"37162","nom":"Mouzay","pop":460},"geometry":{"type":"Polygon","coordinates":[[[0.8834,47.1268],[0.8896,47.1323],[0.8933,47.1348],[0.9013,47.1334],[0.9036,47.1335],[0.9056,47.1293],[0.9089,47.1263],[0.9128,47.1268],[0.9145,47.1252],[0.9182,47.1245],[0.9243,47.1253],[0.9288,47.1248],[0.9325,47.1232],[0.9304,47.1201],[0.9258,47.1183],[0.9368,47.1095],[0.9393,47.105],[0.9385,47.1028],[0.9413,47.1005],[0.9344,47.0955],[0.928,47.0935],[0.9276,47.091],[0.9189,47.0896],[0.913,47.0902],[0.9122,47.0867],[0.9077,47.0856],[0.9058,47.084],[0.8992,47.0847],[0.9001,47.0804],[0.8985,47.0781],[0.8981,47.0749],[0.8935,47.0713],[0.8888,47.0717],[0.8872,47.0705],[0.8844,47.073],[0.8835,47.0769],[0.8755,47.0765],[0.875,47.0781],[0.8718,47.0813],[0.8697,47.0857],[0.8694,47.0889],[0.8714,47.0936],[0.8691,47.0981],[0.872,47.098],[0.8747,47.1],[0.8749,47.1029],[0.872,47.1063],[0.8711,47.1113],[0.8804,47.1106],[0.8693,47.1214],[0.8775,47.1223],[0.8791,47.1248],[0.8834,47.1268]]]}},{"type":"Feature","properties":{"code":"37163","nom":"Nazelles-Négron","pop":3776},"geometry":{"type":"Polygon","coordinates":[[[0.9803,47.4226],[0.9774,47.4228],[0.9811,47.415],[0.9702,47.4124],[0.9627,47.4087],[0.949,47.4068],[0.9341,47.4043],[0.9291,47.4092],[0.9289,47.4105],[0.9223,47.4228],[0.9212,47.4262],[0.9227,47.428],[0.9172,47.4319],[0.9167,47.437],[0.9171,47.4417],[0.9193,47.4429],[0.9189,47.4463],[0.9166,47.4476],[0.9158,47.4522],[0.9191,47.4539],[0.9208,47.4581],[0.9234,47.4601],[0.9277,47.4614],[0.9309,47.4618],[0.9395,47.4612],[0.9426,47.4573],[0.9462,47.4555],[0.95,47.4568],[0.954,47.4567],[0.9559,47.452],[0.956,47.4483],[0.9597,47.4473],[0.965,47.4477],[0.9698,47.4433],[0.9737,47.4428],[0.9746,47.4413],[0.98,47.4396],[0.9812,47.4376],[0.9789,47.4364],[0.9797,47.4328],[0.9819,47.4296],[0.9784,47.4289],[0.9803,47.4226]]]}},{"type":"Feature","properties":{"code":"37165","nom":"Neuil","pop":413},"geometry":{"type":"Polygon","coordinates":[[[0.4957,47.1975],[0.4972,47.1993],[0.499,47.2004],[0.5032,47.1995],[0.5064,47.1999],[0.5092,47.2058],[0.5168,47.2031],[0.5178,47.201],[0.5205,47.2008],[0.5267,47.2037],[0.5383,47.2017],[0.5462,47.2029],[0.5481,47.2037],[0.5541,47.2097],[0.5563,47.2132],[0.5636,47.2121],[0.5616,47.203],[0.5594,47.1894],[0.5555,47.1792],[0.5523,47.1722],[0.5478,47.168],[0.5434,47.1699],[0.5363,47.1674],[0.5349,47.1632],[0.5278,47.1604],[0.5264,47.1584],[0.5207,47.1622],[0.5174,47.1618],[0.5121,47.1625],[0.5113,47.1636],[0.5041,47.1635],[0.5018,47.1622],[0.4982,47.1619],[0.4987,47.1652],[0.4967,47.1676],[0.4938,47.1689],[0.4939,47.1726],[0.4968,47.1786],[0.4995,47.1808],[0.4975,47.1828],[0.5023,47.1865],[0.5065,47.1887],[0.5091,47.1912],[0.5115,47.1906],[0.5145,47.1974],[0.4957,47.1975]]]}},{"type":"Feature","properties":{"code":"37166","nom":"Neuillé-le-Lierre","pop":753},"geometry":{"type":"Polygon","coordinates":[[[0.9651,47.5283],[0.9633,47.5186],[0.9659,47.5141],[0.9617,47.5136],[0.9571,47.515],[0.951,47.5131],[0.9484,47.5097],[0.9406,47.5064],[0.9324,47.5053],[0.9291,47.5037],[0.9192,47.5013],[0.9182,47.4942],[0.9152,47.4928],[0.9172,47.4907],[0.9219,47.4888],[0.9196,47.4869],[0.9165,47.4859],[0.911,47.4858],[0.9075,47.4875],[0.9011,47.4869],[0.8972,47.4895],[0.9005,47.4902],[0.8988,47.4939],[0.9021,47.4953],[0.8964,47.4975],[0.8971,47.4998],[0.8914,47.5023],[0.89,47.5035],[0.8833,47.5028],[0.8798,47.5018],[0.8793,47.5065],[0.8722,47.5051],[0.8676,47.5085],[0.875,47.5103],[0.8739,47.5129],[0.8694,47.5141],[0.87,47.5163],[0.8687,47.5194],[0.872,47.5207],[0.8713,47.5239],[0.8823,47.5219],[0.884,47.5211],[0.8934,47.5199],[0.8987,47.5202],[0.9067,47.5188],[0.9104,47.5166],[0.9122,47.5172],[0.9148,47.5206],[0.9152,47.5251],[0.9289,47.5226],[0.9389,47.5253],[0.9386,47.5265],[0.9513,47.5305],[0.954,47.5286],[0.9587,47.5279],[0.9651,47.5283]]]}},{"type":"Feature","properties":{"code":"37167","nom":"Neuillé-Pont-Pierre","pop":2252},"geometry":{"type":"Polygon","coordinates":[[[0.4957,47.55],[0.503,47.5522],[0.5015,47.5543],[0.5039,47.5559],[0.506,47.5616],[0.5084,47.5652],[0.5129,47.5692],[0.5168,47.5698],[0.5177,47.5721],[0.5155,47.5731],[0.5133,47.5765],[0.517,47.5781],[0.5257,47.5782],[0.528,47.5801],[0.5339,47.5757],[0.5393,47.5772],[0.5506,47.579],[0.5534,47.5771],[0.5629,47.5781],[0.5685,47.5763],[0.5728,47.5729],[0.5714,47.5708],[0.5748,47.5664],[0.5792,47.5677],[0.5844,47.5624],[0.5872,47.5653],[0.5915,47.5662],[0.5927,47.5685],[0.5969,47.5663],[0.5994,47.5671],[0.6042,47.5664],[0.608,47.5647],[0.6109,47.562],[0.612,47.5532],[0.6144,47.5497],[0.6116,47.5481],[0.6132,47.5447],[0.6095,47.5413],[0.6054,47.5424],[0.6049,47.5396],[0.6014,47.5388],[0.5981,47.5392],[0.5944,47.5388],[0.5928,47.5335],[0.5878,47.5341],[0.5869,47.5324],[0.5833,47.5315],[0.5806,47.5323],[0.577,47.5287],[0.5713,47.5272],[0.5665,47.5304],[0.5572,47.5394],[0.5459,47.5347],[0.5389,47.5275],[0.5369,47.5211],[0.5337,47.5187],[0.5338,47.5167],[0.531,47.5134],[0.5267,47.5141],[0.5183,47.5183],[0.5106,47.5191],[0.5134,47.5216],[0.5081,47.5261],[0.5099,47.5274],[0.507,47.5293],[0.5083,47.5318],[0.5035,47.5332],[0.5023,47.5324],[0.4986,47.5373],[0.493,47.5469],[0.4971,47.5479],[0.4957,47.55]]]}},{"type":"Feature","properties":{"code":"37168","nom":"Neuilly-le-Brignon","pop":278},"geometry":{"type":"Polygon","coordinates":[[[0.7862,46.9437],[0.7847,46.9475],[0.7856,46.9491],[0.781,46.9498],[0.7708,46.9504],[0.7679,46.9502],[0.7638,46.9515],[0.7634,46.9556],[0.761,46.9642],[0.7553,46.9668],[0.7523,46.9702],[0.7476,46.9748],[0.7475,46.9779],[0.7446,46.9825],[0.7475,46.9841],[0.7477,46.9862],[0.746,46.9887],[0.7507,46.9895],[0.7529,46.992],[0.7553,46.9934],[0.7639,46.9964],[0.7735,46.9991],[0.7828,47.0005],[0.7871,47],[0.7883,46.9989],[0.802,46.9955],[0.8007,46.9899],[0.8028,46.9857],[0.8059,46.9819],[0.7979,46.98],[0.7981,46.9762],[0.8005,46.974],[0.7999,46.9725],[0.802,46.9672],[0.7994,46.965],[0.7949,46.964],[0.7979,46.9613],[0.8004,46.9572],[0.8103,46.9509],[0.8137,46.9521],[0.8159,46.9517],[0.8197,46.9536],[0.8208,46.9491],[0.8187,46.9441],[0.8163,46.9415],[0.8166,46.9394],[0.8125,46.9396],[0.8052,46.9389],[0.7992,46.9411],[0.7897,46.9416],[0.7862,46.9437]]]}},{"type":"Feature","properties":{"code":"37169","nom":"Neuville-sur-Brenne","pop":872},"geometry":{"type":"Polygon","coordinates":[[[0.899,47.6037],[0.8983,47.606],[0.8995,47.6087],[0.8931,47.6092],[0.8922,47.6115],[0.8972,47.6153],[0.9049,47.6144],[0.9065,47.6175],[0.9039,47.6184],[0.9052,47.6204],[0.9104,47.6223],[0.912,47.6246],[0.9169,47.6259],[0.9153,47.628],[0.9193,47.6327],[0.9236,47.6308],[0.9298,47.6291],[0.9374,47.6285],[0.9338,47.6237],[0.9325,47.6202],[0.9333,47.6184],[0.9311,47.6156],[0.9321,47.6134],[0.9318,47.6104],[0.9234,47.6046],[0.9229,47.6038],[0.9189,47.6038],[0.9144,47.5978],[0.9106,47.5997],[0.9061,47.5953],[0.9036,47.5961],[0.9022,47.5965],[0.9009,47.6012],[0.902,47.6029],[0.899,47.6037]]]}},{"type":"Feature","properties":{"code":"37170","nom":"Neuvy-le-Roi","pop":1048},"geometry":{"type":"Polygon","coordinates":[[[0.5323,47.5985],[0.536,47.6023],[0.5414,47.604],[0.5422,47.6001],[0.5479,47.6016],[0.5537,47.6022],[0.554,47.6063],[0.553,47.6079],[0.5554,47.6107],[0.5514,47.613],[0.5538,47.6176],[0.5565,47.62],[0.5534,47.6214],[0.5542,47.6228],[0.5589,47.6231],[0.5648,47.6251],[0.568,47.6273],[0.5761,47.6291],[0.5785,47.6316],[0.5875,47.6348],[0.5857,47.6382],[0.5871,47.6438],[0.5861,47.6471],[0.5925,47.6474],[0.5966,47.6491],[0.602,47.6492],[0.605,47.6537],[0.6076,47.6538],[0.6125,47.657],[0.616,47.6525],[0.6188,47.6513],[0.616,47.649],[0.6189,47.646],[0.619,47.6422],[0.6208,47.6384],[0.6214,47.6308],[0.6274,47.6326],[0.635,47.6332],[0.6389,47.6257],[0.6375,47.6247],[0.6313,47.6223],[0.6324,47.6193],[0.6253,47.615],[0.6256,47.6098],[0.6284,47.6001],[0.6315,47.5977],[0.632,47.5947],[0.6383,47.5883],[0.6326,47.5867],[0.6267,47.5821],[0.6255,47.5782],[0.6237,47.5768],[0.6169,47.5781],[0.617,47.5767],[0.6116,47.5713],[0.6042,47.5664],[0.5994,47.5671],[0.5969,47.5663],[0.5927,47.5685],[0.5915,47.5662],[0.5872,47.5653],[0.5844,47.5624],[0.5792,47.5677],[0.5748,47.5664],[0.5714,47.5708],[0.5728,47.5729],[0.5685,47.5763],[0.5629,47.5781],[0.5534,47.5771],[0.5506,47.579],[0.5393,47.5772],[0.5339,47.5757],[0.528,47.5801],[0.5288,47.5825],[0.5247,47.5874],[0.5272,47.5906],[0.5336,47.5918],[0.5287,47.5954],[0.5321,47.5962],[0.5323,47.5985]]]}},{"type":"Feature","properties":{"code":"37171","nom":"Noizay","pop":1168},"geometry":{"type":"Polygon","coordinates":[[[0.9171,47.4417],[0.9167,47.437],[0.9172,47.4319],[0.9227,47.428],[0.9212,47.4262],[0.9223,47.4228],[0.9289,47.4105],[0.9291,47.4092],[0.9341,47.4043],[0.9258,47.4021],[0.9121,47.4005],[0.9054,47.3991],[0.8926,47.3981],[0.8794,47.3979],[0.8704,47.3975],[0.8681,47.4048],[0.868,47.4082],[0.8658,47.4096],[0.8634,47.4162],[0.8662,47.4167],[0.8647,47.4219],[0.8702,47.4255],[0.8696,47.4276],[0.8755,47.4286],[0.8791,47.4301],[0.8843,47.4342],[0.8946,47.438],[0.906,47.441],[0.9133,47.4408],[0.9171,47.4417]]]}},{"type":"Feature","properties":{"code":"37172","nom":"Notre-Dame-d'Oé","pop":4515},"geometry":{"type":"Polygon","coordinates":[[[0.691,47.4391],[0.6903,47.4427],[0.6875,47.446],[0.6862,47.4522],[0.6945,47.4565],[0.7001,47.4583],[0.7006,47.4631],[0.7022,47.4669],[0.7055,47.4671],[0.7058,47.4699],[0.7119,47.4687],[0.7156,47.4675],[0.72,47.4703],[0.7242,47.4712],[0.7257,47.4737],[0.7334,47.4706],[0.7274,47.465],[0.7251,47.4618],[0.7327,47.4612],[0.7232,47.4503],[0.7204,47.4513],[0.7185,47.4499],[0.713,47.4414],[0.7102,47.4389],[0.7064,47.4382],[0.6991,47.4382],[0.6988,47.4371],[0.6931,47.4356],[0.691,47.4391]]]}},{"type":"Feature","properties":{"code":"37173","nom":"Nouans-les-Fontaines","pop":672},"geometry":{"type":"Polygon","coordinates":[[[1.3627,47.1349],[1.3645,47.1299],[1.3634,47.1247],[1.366,47.1229],[1.3591,47.1136],[1.3575,47.1123],[1.3556,47.1085],[1.3481,47.1042],[1.3468,47.1043],[1.3436,47.1006],[1.3381,47.1004],[1.3323,47.0996],[1.3282,47.1051],[1.3218,47.1061],[1.3177,47.1042],[1.3137,47.0987],[1.3104,47.0959],[1.31,47.0942],[1.3128,47.0903],[1.3157,47.0873],[1.3168,47.0845],[1.3156,47.0809],[1.3129,47.0775],[1.3122,47.0719],[1.3082,47.0703],[1.3004,47.0728],[1.2934,47.0724],[1.2902,47.0716],[1.2846,47.075],[1.2843,47.0776],[1.2799,47.0819],[1.2793,47.0843],[1.276,47.0884],[1.2726,47.0894],[1.2695,47.0932],[1.2735,47.0933],[1.2755,47.0974],[1.275,47.0985],[1.2789,47.102],[1.2806,47.1049],[1.2825,47.1048],[1.2864,47.1125],[1.2768,47.1185],[1.2725,47.1222],[1.2655,47.1246],[1.2655,47.1277],[1.2638,47.1319],[1.2647,47.1379],[1.2639,47.1407],[1.2681,47.1412],[1.2673,47.1477],[1.2685,47.1516],[1.2681,47.1547],[1.2661,47.1568],[1.2689,47.1599],[1.2648,47.1633],[1.2715,47.1658],[1.2791,47.1678],[1.2821,47.1696],[1.2971,47.1807],[1.2993,47.1811],[1.3172,47.1863],[1.322,47.1942],[1.324,47.1911],[1.3236,47.1878],[1.3266,47.1864],[1.3323,47.1822],[1.3356,47.1791],[1.3384,47.178],[1.3432,47.174],[1.3467,47.1688],[1.3466,47.1662],[1.3496,47.1615],[1.3513,47.1522],[1.3556,47.1467],[1.3634,47.1357],[1.3627,47.1349]]]}},{"type":"Feature","properties":{"code":"37174","nom":"Nouâtre","pop":786},"geometry":{"type":"Polygon","coordinates":[[[0.5906,47.0067],[0.5734,47.0048],[0.5676,47.0065],[0.562,47.0172],[0.5459,47.0291],[0.5425,47.0362],[0.5419,47.0419],[0.5455,47.0507],[0.5453,47.0553],[0.547,47.0623],[0.5469,47.0645],[0.5556,47.065],[0.5598,47.0618],[0.5615,47.06],[0.5644,47.0517],[0.5673,47.0466],[0.5638,47.0448],[0.5605,47.0418],[0.563,47.0393],[0.5657,47.0351],[0.5696,47.0303],[0.5723,47.0253],[0.5737,47.021],[0.5771,47.0174],[0.5824,47.0142],[0.5802,47.0129],[0.5894,47.0083],[0.5906,47.0067]]]}},{"type":"Feature","properties":{"code":"37175","nom":"Nouzilly","pop":1234},"geometry":{"type":"Polygon","coordinates":[[[0.7128,47.5599],[0.7213,47.5609],[0.728,47.559],[0.7318,47.562],[0.7427,47.5682],[0.7427,47.5701],[0.745,47.5725],[0.7485,47.5739],[0.7481,47.5754],[0.7506,47.5772],[0.757,47.579],[0.7575,47.5715],[0.7581,47.5697],[0.7616,47.5669],[0.7607,47.5643],[0.7615,47.5616],[0.7657,47.5587],[0.7667,47.5567],[0.7728,47.5581],[0.7744,47.5604],[0.7758,47.5647],[0.7792,47.5644],[0.7827,47.5621],[0.7894,47.5621],[0.7954,47.5604],[0.8012,47.5611],[0.8058,47.5598],[0.8038,47.5575],[0.8064,47.5551],[0.8017,47.5502],[0.7993,47.5459],[0.7917,47.5452],[0.7801,47.5446],[0.7778,47.5434],[0.7773,47.5392],[0.7783,47.5358],[0.7765,47.535],[0.7748,47.5312],[0.7751,47.5287],[0.7683,47.5234],[0.7674,47.5222],[0.7621,47.5214],[0.7626,47.5199],[0.7608,47.5165],[0.7584,47.5139],[0.7576,47.5097],[0.7539,47.5059],[0.75,47.5072],[0.7466,47.5055],[0.7435,47.4984],[0.7409,47.4966],[0.7338,47.4969],[0.7284,47.4965],[0.7273,47.4994],[0.7202,47.4988],[0.7199,47.5001],[0.7192,47.5035],[0.7087,47.5054],[0.7114,47.511],[0.7113,47.5146],[0.7143,47.5174],[0.7088,47.5165],[0.7037,47.517],[0.7018,47.5198],[0.6922,47.5249],[0.6913,47.526],[0.6856,47.5266],[0.6895,47.5306],[0.6885,47.5347],[0.6895,47.5377],[0.6891,47.5401],[0.6917,47.5417],[0.6944,47.5462],[0.6975,47.5491],[0.7024,47.5515],[0.7104,47.5535],[0.7118,47.5553],[0.7128,47.5599]]]}},{"type":"Feature","properties":{"code":"37176","nom":"Noyant-de-Touraine","pop":1160},"geometry":{"type":"Polygon","coordinates":[[[0.541,47.1096],[0.545,47.116],[0.553,47.1194],[0.555,47.1219],[0.5549,47.1245],[0.5585,47.1261],[0.5643,47.1248],[0.5756,47.1208],[0.5794,47.1212],[0.5839,47.1178],[0.5881,47.118],[0.5902,47.1147],[0.5864,47.1125],[0.5869,47.1086],[0.5855,47.1007],[0.588,47.099],[0.587,47.0947],[0.5922,47.0891],[0.5914,47.0872],[0.5852,47.0828],[0.5809,47.0787],[0.5742,47.0796],[0.568,47.0798],[0.5661,47.0823],[0.5635,47.0823],[0.5597,47.0811],[0.5577,47.0846],[0.5554,47.084],[0.5514,47.0855],[0.5468,47.0979],[0.5457,47.1033],[0.541,47.1096]]]}},{"type":"Feature","properties":{"code":"37177","nom":"Orbigny","pop":712},"geometry":{"type":"Polygon","coordinates":[[[1.3028,47.22],[1.3038,47.2177],[1.3083,47.2121],[1.312,47.2087],[1.3199,47.1984],[1.322,47.1965],[1.322,47.1942],[1.3172,47.1863],[1.2993,47.1811],[1.2971,47.1807],[1.2821,47.1696],[1.2791,47.1678],[1.2715,47.1658],[1.2686,47.1674],[1.2612,47.1699],[1.2535,47.171],[1.2495,47.1722],[1.2442,47.175],[1.2399,47.1768],[1.2355,47.1796],[1.2333,47.1818],[1.2272,47.1857],[1.2274,47.1875],[1.225,47.1912],[1.2209,47.1945],[1.2176,47.1953],[1.2126,47.1949],[1.2083,47.1978],[1.208,47.2006],[1.2043,47.2035],[1.2042,47.2072],[1.1969,47.2128],[1.1951,47.2157],[1.1932,47.2149],[1.1856,47.2146],[1.1833,47.2187],[1.1867,47.2195],[1.1925,47.2193],[1.1976,47.2203],[1.2021,47.2223],[1.2042,47.2255],[1.2017,47.2279],[1.2053,47.2316],[1.2073,47.2316],[1.2067,47.2371],[1.2108,47.2429],[1.2122,47.2456],[1.2161,47.2481],[1.224,47.2521],[1.2268,47.2526],[1.2302,47.2559],[1.2325,47.2569],[1.2386,47.2641],[1.2394,47.2723],[1.2388,47.2738],[1.2421,47.2759],[1.2442,47.2733],[1.2603,47.2645],[1.2592,47.262],[1.2655,47.2561],[1.2745,47.2567],[1.2785,47.2519],[1.28,47.248],[1.2836,47.2469],[1.2879,47.2411],[1.2946,47.2374],[1.2949,47.2329],[1.2988,47.2294],[1.3025,47.2217],[1.3028,47.22]]]}},{"type":"Feature","properties":{"code":"37178","nom":"Panzoult","pop":585},"geometry":{"type":"Polygon","coordinates":[[[0.394,47.2013],[0.3969,47.2018],[0.4045,47.2031],[0.4118,47.2068],[0.4237,47.2116],[0.4369,47.2154],[0.4321,47.2074],[0.4314,47.1999],[0.4284,47.1974],[0.428,47.1942],[0.4304,47.1874],[0.4301,47.1857],[0.4343,47.1749],[0.4334,47.1724],[0.4347,47.1702],[0.4347,47.1622],[0.4335,47.1589],[0.4366,47.1576],[0.4386,47.154],[0.4372,47.1499],[0.4398,47.1484],[0.4393,47.1456],[0.4316,47.1405],[0.4366,47.1379],[0.4372,47.1366],[0.4346,47.1361],[0.4323,47.1341],[0.4273,47.1378],[0.422,47.1351],[0.4213,47.1334],[0.4216,47.1257],[0.421,47.1245],[0.4149,47.1256],[0.4112,47.1269],[0.4043,47.128],[0.4021,47.1235],[0.3963,47.1251],[0.3905,47.128],[0.383,47.1328],[0.374,47.134],[0.3658,47.1358],[0.3689,47.1423],[0.3761,47.1474],[0.3776,47.151],[0.3765,47.1547],[0.3763,47.1607],[0.3774,47.1656],[0.3757,47.1677],[0.3775,47.1754],[0.3789,47.1737],[0.3849,47.1767],[0.3858,47.179],[0.3854,47.1833],[0.384,47.1842],[0.394,47.2013]]]}},{"type":"Feature","properties":{"code":"37179","nom":"Parçay-Meslay","pop":2574},"geometry":{"type":"Polygon","coordinates":[[[0.7682,47.4651],[0.7693,47.4622],[0.7674,47.457],[0.765,47.4531],[0.7661,47.4521],[0.765,47.4463],[0.764,47.4451],[0.7574,47.4455],[0.7551,47.4391],[0.7552,47.4341],[0.7487,47.4355],[0.7465,47.4337],[0.7474,47.4303],[0.7397,47.429],[0.7337,47.4289],[0.7309,47.4309],[0.7218,47.4331],[0.7095,47.4367],[0.7102,47.4389],[0.713,47.4414],[0.7185,47.4499],[0.7204,47.4513],[0.7232,47.4503],[0.7327,47.4612],[0.7251,47.4618],[0.7274,47.465],[0.7334,47.4706],[0.737,47.47],[0.741,47.4674],[0.7462,47.4679],[0.7479,47.4737],[0.7423,47.4795],[0.7536,47.48],[0.7625,47.4792],[0.7596,47.4741],[0.7607,47.4721],[0.7611,47.4674],[0.7658,47.467],[0.7682,47.4651]]]}},{"type":"Feature","properties":{"code":"37180","nom":"Parçay-sur-Vienne","pop":616},"geometry":{"type":"Polygon","coordinates":[[[0.5201,47.0732],[0.5166,47.073],[0.5119,47.0749],[0.5052,47.0767],[0.5002,47.077],[0.4907,47.0701],[0.4896,47.0706],[0.4844,47.0677],[0.4763,47.066],[0.4717,47.0663],[0.4685,47.0687],[0.4693,47.0718],[0.4682,47.0734],[0.4706,47.0747],[0.4662,47.0769],[0.4638,47.0801],[0.4569,47.082],[0.454,47.0817],[0.4523,47.0796],[0.4496,47.0838],[0.4478,47.0884],[0.4494,47.0887],[0.4493,47.0923],[0.4523,47.0934],[0.4542,47.0966],[0.4572,47.0991],[0.4566,47.1036],[0.4515,47.1074],[0.4525,47.1106],[0.4559,47.1129],[0.4514,47.1149],[0.4447,47.1199],[0.4499,47.1207],[0.4538,47.1203],[0.4647,47.1142],[0.4689,47.1137],[0.4756,47.1144],[0.483,47.1157],[0.4874,47.1152],[0.4918,47.1127],[0.493,47.1055],[0.494,47.1026],[0.4967,47.0995],[0.5041,47.0948],[0.5109,47.089],[0.517,47.0847],[0.5143,47.0829],[0.5209,47.0805],[0.5212,47.0792],[0.5194,47.0739],[0.5201,47.0732]]]}},{"type":"Feature","properties":{"code":"37181","nom":"Paulmy","pop":238},"geometry":{"type":"Polygon","coordinates":[[[0.8472,46.9497],[0.8445,46.9487],[0.8386,46.9484],[0.8357,46.9496],[0.8283,46.9495],[0.8241,46.9488],[0.8208,46.9491],[0.8197,46.9536],[0.8159,46.9517],[0.8137,46.9521],[0.8103,46.9509],[0.8004,46.9572],[0.7979,46.9613],[0.7949,46.964],[0.7994,46.965],[0.802,46.9672],[0.7999,46.9725],[0.8005,46.974],[0.7981,46.9762],[0.7979,46.98],[0.8059,46.9819],[0.8028,46.9857],[0.8007,46.9899],[0.802,46.9955],[0.7883,46.9989],[0.7871,47],[0.7944,47.001],[0.8015,47.0005],[0.8047,47.001],[0.8104,47.0041],[0.8174,47.0086],[0.8187,47.0105],[0.8207,47.0096],[0.8241,47.0111],[0.8237,47.0123],[0.83,47.0163],[0.8362,47.0178],[0.8417,47.0164],[0.8418,47.0144],[0.8467,47.0124],[0.8508,47.0091],[0.8502,47.0076],[0.8548,47.0052],[0.8548,47.0013],[0.8521,46.9952],[0.8487,46.9939],[0.8514,46.9903],[0.8471,46.9871],[0.8474,46.9833],[0.8517,46.9815],[0.8535,46.9816],[0.855,46.979],[0.8532,46.9749],[0.8502,46.9742],[0.8563,46.97],[0.8613,46.9656],[0.8572,46.963],[0.8546,46.9603],[0.8499,46.958],[0.8502,46.955],[0.8472,46.9497]]]}},{"type":"Feature","properties":{"code":"37182","nom":"Pernay","pop":1609},"geometry":{"type":"Polygon","coordinates":[[[0.5002,47.4286],[0.4974,47.4313],[0.4984,47.4332],[0.489,47.4333],[0.4886,47.4358],[0.4856,47.4383],[0.4827,47.4469],[0.4868,47.4522],[0.4854,47.4543],[0.4902,47.4553],[0.4937,47.457],[0.4933,47.4602],[0.5015,47.4704],[0.5053,47.4717],[0.5062,47.4727],[0.5118,47.4716],[0.5159,47.4729],[0.5218,47.4726],[0.5297,47.4745],[0.5315,47.4758],[0.5384,47.4724],[0.5433,47.4692],[0.5518,47.4665],[0.5563,47.4634],[0.5616,47.4599],[0.5601,47.4579],[0.5546,47.4568],[0.5479,47.4539],[0.5478,47.4531],[0.5388,47.4482],[0.5355,47.4468],[0.5352,47.4432],[0.5329,47.4386],[0.5257,47.4354],[0.5249,47.4328],[0.5194,47.4333],[0.5087,47.433],[0.5064,47.4341],[0.503,47.4321],[0.5002,47.4286]]]}},{"type":"Feature","properties":{"code":"37183","nom":"Perrusson","pop":1399},"geometry":{"type":"Polygon","coordinates":[[[1.0041,47.0595],[0.9952,47.0549],[0.9938,47.0497],[0.9837,47.0494],[0.9755,47.0495],[0.9779,47.0556],[0.9768,47.0599],[0.9745,47.0596],[0.9774,47.0668],[0.9734,47.077],[0.9668,47.0794],[0.9626,47.0791],[0.9622,47.0814],[0.9645,47.0822],[0.96,47.0861],[0.9626,47.0885],[0.9685,47.0894],[0.9667,47.0926],[0.9721,47.097],[0.9815,47.1032],[0.9834,47.1053],[0.9872,47.108],[0.9975,47.111],[1.005,47.1122],[1.0104,47.1159],[1.0128,47.1159],[1.0138,47.119],[1.0188,47.1195],[1.0211,47.1212],[1.0297,47.1208],[1.0336,47.121],[1.0333,47.1237],[1.0362,47.124],[1.038,47.1262],[1.0419,47.1244],[1.0457,47.1239],[1.0495,47.1258],[1.0543,47.1268],[1.0563,47.1235],[1.0617,47.1248],[1.067,47.1234],[1.0682,47.1228],[1.0678,47.1161],[1.0689,47.1143],[1.0677,47.1096],[1.0652,47.111],[1.0599,47.1121],[1.0584,47.1096],[1.052,47.107],[1.0481,47.1045],[1.0386,47.1001],[1.0375,47.0989],[1.0323,47.0978],[1.0254,47.0929],[1.0231,47.0935],[1.0204,47.092],[1.0232,47.0886],[1.022,47.0862],[1.0186,47.0837],[1.0156,47.0831],[1.014,47.0811],[1.0167,47.0784],[1.0138,47.0752],[1.0133,47.0732],[1.0072,47.0682],[1.0094,47.0674],[1.006,47.0643],[1.0008,47.0656],[0.9989,47.0626],[1.0041,47.0595]]]}},{"type":"Feature","properties":{"code":"37184","nom":"Le Petit-Pressigny","pop":305},"geometry":{"type":"Polygon","coordinates":[[[0.8643,46.9127],[0.8676,46.9119],[0.8705,46.9128],[0.8723,46.9154],[0.8773,46.917],[0.8821,46.9166],[0.8875,46.9186],[0.8911,46.9188],[0.8971,46.9204],[0.9022,46.9193],[0.9023,46.922],[0.8998,46.9249],[0.903,46.9329],[0.9068,46.9314],[0.914,46.932],[0.9136,46.936],[0.915,46.9385],[0.9186,46.9413],[0.9224,46.9409],[0.9341,46.9437],[0.9367,46.9451],[0.9411,46.9458],[0.9501,46.9446],[0.9494,46.943],[0.9519,46.9374],[0.955,46.935],[0.9576,46.9283],[0.9582,46.9252],[0.954,46.9258],[0.9501,46.9236],[0.9493,46.9207],[0.9545,46.9188],[0.9542,46.9151],[0.9557,46.9093],[0.9553,46.9076],[0.9492,46.898],[0.9463,46.8939],[0.9417,46.8927],[0.9426,46.8914],[0.942,46.8881],[0.9402,46.8866],[0.9401,46.8836],[0.9378,46.8832],[0.9336,46.8848],[0.9294,46.8831],[0.9229,46.883],[0.9203,46.8826],[0.9166,46.8805],[0.9105,46.8797],[0.9082,46.8787],[0.9026,46.8779],[0.9014,46.8789],[0.8952,46.8807],[0.8941,46.8818],[0.8904,46.8812],[0.8854,46.8825],[0.8858,46.8854],[0.8889,46.888],[0.8911,46.8918],[0.8848,46.8931],[0.8826,46.8946],[0.876,46.8971],[0.8711,46.8981],[0.8672,46.8963],[0.8632,46.8986],[0.8657,46.9005],[0.8667,46.9041],[0.8663,46.9091],[0.8643,46.9127]]]}},{"type":"Feature","properties":{"code":"37185","nom":"Pocé-sur-Cisse","pop":1711},"geometry":{"type":"Polygon","coordinates":[[[0.9803,47.4226],[0.9784,47.4289],[0.9819,47.4296],[0.9797,47.4328],[0.9789,47.4364],[0.9812,47.4376],[0.98,47.4396],[0.9746,47.4413],[0.9737,47.4428],[0.9698,47.4433],[0.965,47.4477],[0.9597,47.4473],[0.956,47.4483],[0.9559,47.452],[0.954,47.4567],[0.9546,47.4621],[0.957,47.4621],[0.9624,47.46],[0.9689,47.4557],[0.9729,47.4556],[0.9813,47.4571],[0.9896,47.4576],[0.9908,47.4558],[0.9936,47.4558],[1.0019,47.458],[1.0111,47.4614],[1.0115,47.4567],[1.0093,47.4543],[1.0092,47.4519],[1.007,47.4487],[1.0072,47.444],[1.0098,47.4428],[1.0056,47.4392],[1.0079,47.4366],[1.0067,47.4357],[1.0126,47.4304],[1.0107,47.4294],[1.0049,47.4261],[0.9981,47.4235],[0.99,47.4219],[0.9901,47.4238],[0.9878,47.4247],[0.9803,47.4226]]]}},{"type":"Feature","properties":{"code":"37186","nom":"Pont-de-Ruan","pop":1214},"geometry":{"type":"Polygon","coordinates":[[[0.5389,47.2755],[0.5419,47.2773],[0.546,47.2782],[0.5491,47.2778],[0.5509,47.2755],[0.5626,47.2755],[0.5636,47.2776],[0.5664,47.2767],[0.5708,47.2773],[0.5734,47.2766],[0.5742,47.2716],[0.5767,47.2672],[0.5787,47.2667],[0.5759,47.2629],[0.5779,47.2597],[0.5868,47.255],[0.5857,47.2516],[0.5892,47.2496],[0.5878,47.2482],[0.5832,47.2496],[0.5809,47.2489],[0.5804,47.2449],[0.5742,47.2441],[0.5735,47.2501],[0.5718,47.25],[0.5702,47.258],[0.568,47.2604],[0.5659,47.261],[0.5562,47.2615],[0.5519,47.263],[0.5511,47.2647],[0.5476,47.2641],[0.546,47.2689],[0.541,47.2681],[0.5401,47.2692],[0.5389,47.2755]]]}},{"type":"Feature","properties":{"code":"37187","nom":"Ports-sur-Vienne","pop":352},"geometry":{"type":"Polygon","coordinates":[[[0.5676,47.0065],[0.5671,47.0026],[0.5623,47.0024],[0.5596,47.0043],[0.5528,47],[0.5477,46.999],[0.5442,46.9996],[0.5416,47.0013],[0.5377,47.0015],[0.536,46.9986],[0.5322,46.9964],[0.5258,47.0026],[0.5219,47.0043],[0.5209,47.006],[0.5135,47.0096],[0.5091,47.01],[0.5057,47.0126],[0.4994,47.0127],[0.4987,47.0139],[0.5052,47.0154],[0.5108,47.0149],[0.5144,47.0171],[0.5181,47.0208],[0.5178,47.0221],[0.5228,47.0263],[0.5277,47.0282],[0.5285,47.0314],[0.5325,47.0312],[0.5339,47.0323],[0.538,47.0321],[0.5425,47.0362],[0.5459,47.0291],[0.562,47.0172],[0.5676,47.0065]]]}},{"type":"Feature","properties":{"code":"37188","nom":"Pouzay","pop":867},"geometry":{"type":"Polygon","coordinates":[[[0.5852,47.0828],[0.5922,47.0786],[0.5868,47.0737],[0.5877,47.0692],[0.5818,47.069],[0.577,47.0678],[0.5709,47.0651],[0.5646,47.0643],[0.5598,47.0618],[0.5556,47.065],[0.5469,47.0645],[0.5458,47.0726],[0.5424,47.0759],[0.5379,47.0781],[0.5353,47.0745],[0.5279,47.0694],[0.5201,47.0732],[0.5194,47.0739],[0.5212,47.0792],[0.5209,47.0805],[0.5143,47.0829],[0.517,47.0847],[0.5109,47.089],[0.5164,47.0936],[0.5227,47.1001],[0.5238,47.1027],[0.5266,47.1042],[0.5357,47.1126],[0.5383,47.1124],[0.541,47.1096],[0.5457,47.1033],[0.5468,47.0979],[0.5514,47.0855],[0.5554,47.084],[0.5577,47.0846],[0.5597,47.0811],[0.5635,47.0823],[0.5661,47.0823],[0.568,47.0798],[0.5742,47.0796],[0.5809,47.0787],[0.5852,47.0828]]]}},{"type":"Feature","properties":{"code":"37189","nom":"Preuilly-sur-Claise","pop":1011},"geometry":{"type":"Polygon","coordinates":[[[0.9524,46.8772],[0.9409,46.8601],[0.944,46.8591],[0.9388,46.8557],[0.9353,46.8542],[0.935,46.8517],[0.9329,46.8508],[0.9359,46.8485],[0.9382,46.8438],[0.9435,46.8411],[0.9445,46.8383],[0.9419,46.8315],[0.9398,46.8279],[0.9403,46.8236],[0.9392,46.8214],[0.9277,46.8183],[0.9245,46.818],[0.9167,46.8159],[0.9137,46.816],[0.9156,46.8181],[0.9153,46.8232],[0.9158,46.8278],[0.9121,46.8287],[0.9115,46.8317],[0.9084,46.8334],[0.9175,46.8392],[0.9199,46.8421],[0.9273,46.8474],[0.9255,46.849],[0.9268,46.8514],[0.9214,46.8541],[0.9186,46.8566],[0.92,46.8609],[0.9194,46.8626],[0.9255,46.8644],[0.9238,46.8695],[0.9249,46.8761],[0.9229,46.883],[0.9294,46.8831],[0.9336,46.8848],[0.9378,46.8832],[0.9401,46.8836],[0.9406,46.8828],[0.9478,46.88],[0.9524,46.8772]]]}},{"type":"Feature","properties":{"code":"37190","nom":"Pussigny","pop":159},"geometry":{"type":"Polygon","coordinates":[[[0.5671,47.0026],[0.5679,47],[0.5741,46.9953],[0.5745,46.9929],[0.5728,46.9876],[0.5739,46.9834],[0.5673,46.981],[0.5623,46.98],[0.5536,46.9775],[0.5501,46.9775],[0.5406,46.9794],[0.5386,46.9811],[0.5333,46.9835],[0.5307,46.9839],[0.5275,46.982],[0.5245,46.9789],[0.5156,46.9764],[0.5149,46.9785],[0.5166,46.9876],[0.5252,46.988],[0.5322,46.9964],[0.536,46.9986],[0.5377,47.0015],[0.5416,47.0013],[0.5442,46.9996],[0.5477,46.999],[0.5528,47],[0.5596,47.0043],[0.5623,47.0024],[0.5671,47.0026]]]}},{"type":"Feature","properties":{"code":"37191","nom":"Razines","pop":218},"geometry":{"type":"Polygon","coordinates":[[[0.439,46.9816],[0.4292,46.9754],[0.4247,46.9705],[0.4226,46.9717],[0.4141,46.9711],[0.4094,46.9656],[0.4046,46.9628],[0.4022,46.9592],[0.3962,46.9542],[0.3942,46.9502],[0.3925,46.9495],[0.3867,46.9517],[0.3886,46.9534],[0.3821,46.9622],[0.3775,46.9628],[0.3755,46.9618],[0.372,46.9635],[0.3658,46.9692],[0.3611,46.9715],[0.3508,46.9778],[0.351,46.9805],[0.3587,46.9829],[0.3644,46.987],[0.3664,46.9908],[0.3711,46.9893],[0.3742,46.9868],[0.376,46.9875],[0.3833,46.9819],[0.3886,46.9788],[0.393,46.98],[0.3981,46.9837],[0.3978,46.9845],[0.4026,46.9879],[0.4054,46.9887],[0.4078,46.9868],[0.4126,46.9896],[0.4147,46.9876],[0.4178,46.9887],[0.4227,46.9936],[0.4346,46.9886],[0.4372,46.9885],[0.4372,46.9861],[0.439,46.9816]]]}},{"type":"Feature","properties":{"code":"37192","nom":"Reignac-sur-Indre","pop":1288},"geometry":{"type":"Polygon","coordinates":[[[0.9651,47.2209],[0.9567,47.2231],[0.9499,47.2224],[0.9414,47.223],[0.9332,47.2199],[0.9295,47.2148],[0.9261,47.216],[0.9234,47.2109],[0.9247,47.2098],[0.9208,47.2062],[0.913,47.2007],[0.9145,47.1995],[0.9071,47.1931],[0.904,47.1965],[0.8984,47.1924],[0.8917,47.1959],[0.888,47.1997],[0.8867,47.2021],[0.879,47.1939],[0.8699,47.2004],[0.8773,47.2046],[0.8733,47.2076],[0.8681,47.2063],[0.8659,47.2078],[0.8675,47.2109],[0.8767,47.2174],[0.8778,47.2145],[0.8868,47.2093],[0.8962,47.2141],[0.8933,47.2163],[0.8987,47.2194],[0.8896,47.2249],[0.8911,47.2252],[0.8962,47.229],[0.899,47.2324],[0.8953,47.2347],[0.8964,47.2366],[0.9013,47.2346],[0.9033,47.2383],[0.9052,47.239],[0.8998,47.2421],[0.8975,47.2443],[0.8993,47.2458],[0.9056,47.2489],[0.9102,47.2497],[0.9158,47.25],[0.9249,47.2484],[0.9356,47.2428],[0.9428,47.2448],[0.9496,47.2384],[0.9512,47.2377],[0.9576,47.2417],[0.9618,47.2382],[0.9619,47.2362],[0.9648,47.2315],[0.9635,47.2296],[0.9645,47.2267],[0.9671,47.2274],[0.9702,47.223],[0.9651,47.2209]]]}},{"type":"Feature","properties":{"code":"37193","nom":"Restigné","pop":1139},"geometry":{"type":"Polygon","coordinates":[[[0.1954,47.2887],[0.2062,47.2906],[0.2223,47.2891],[0.2275,47.2882],[0.2338,47.2955],[0.2367,47.3013],[0.2402,47.3054],[0.243,47.31],[0.2475,47.3159],[0.2516,47.3191],[0.2523,47.3207],[0.247,47.3222],[0.2531,47.3281],[0.2567,47.3225],[0.2602,47.3245],[0.2642,47.3242],[0.2659,47.3231],[0.2722,47.3268],[0.2767,47.3285],[0.2816,47.3312],[0.2709,47.3203],[0.2627,47.3128],[0.2611,47.3031],[0.2575,47.2979],[0.2547,47.2963],[0.254,47.2939],[0.2565,47.2892],[0.2576,47.2846],[0.261,47.28],[0.2632,47.2736],[0.267,47.2697],[0.2629,47.2687],[0.2565,47.2657],[0.2504,47.2659],[0.2456,47.2652],[0.2398,47.2652],[0.2295,47.2639],[0.2236,47.2615],[0.2189,47.2608],[0.2119,47.2615],[0.206,47.2601],[0.2034,47.2603],[0.1999,47.2591],[0.1999,47.2615],[0.2016,47.2631],[0.2021,47.2662],[0.2003,47.2685],[0.1965,47.2754],[0.195,47.277],[0.1977,47.2801],[0.1988,47.2832],[0.1954,47.2887]]]}},{"type":"Feature","properties":{"code":"37194","nom":"Reugny","pop":1759},"geometry":{"type":"Polygon","coordinates":[[[0.9191,47.4539],[0.9103,47.4585],[0.9032,47.4601],[0.9007,47.4622],[0.8928,47.4636],[0.8908,47.4648],[0.8863,47.4649],[0.8847,47.4614],[0.8829,47.4607],[0.8754,47.462],[0.8684,47.4669],[0.8633,47.4678],[0.8539,47.4661],[0.8497,47.4664],[0.8461,47.4658],[0.8446,47.4715],[0.8443,47.4776],[0.8422,47.4824],[0.842,47.4847],[0.8278,47.4851],[0.8209,47.4873],[0.8238,47.4949],[0.8245,47.5],[0.8296,47.4993],[0.8333,47.5007],[0.8333,47.5026],[0.8301,47.5035],[0.8324,47.508],[0.8337,47.5089],[0.8333,47.5138],[0.836,47.516],[0.8423,47.5172],[0.8472,47.5173],[0.8528,47.5159],[0.8547,47.5165],[0.8584,47.5154],[0.8694,47.5141],[0.8739,47.5129],[0.875,47.5103],[0.8676,47.5085],[0.8722,47.5051],[0.8793,47.5065],[0.8798,47.5018],[0.8833,47.5028],[0.89,47.5035],[0.8914,47.5023],[0.8971,47.4998],[0.8964,47.4975],[0.9021,47.4953],[0.8988,47.4939],[0.9005,47.4902],[0.8972,47.4895],[0.9011,47.4869],[0.9075,47.4875],[0.911,47.4858],[0.9165,47.4859],[0.9197,47.4833],[0.9198,47.481],[0.917,47.4782],[0.9186,47.4749],[0.9155,47.473],[0.9177,47.4716],[0.9186,47.4689],[0.9254,47.4648],[0.9277,47.4614],[0.9234,47.4601],[0.9208,47.4581],[0.9191,47.4539]]]}},{"type":"Feature","properties":{"code":"37195","nom":"La Riche","pop":10487},"geometry":{"type":"Polygon","coordinates":[[[0.6605,47.3752],[0.6559,47.3743],[0.6489,47.3749],[0.6452,47.373],[0.6408,47.3733],[0.6372,47.3746],[0.6343,47.3726],[0.6312,47.3716],[0.6265,47.3739],[0.6207,47.3714],[0.6131,47.3715],[0.6096,47.3677],[0.6079,47.3678],[0.6068,47.3709],[0.6076,47.3748],[0.6059,47.3833],[0.613,47.3854],[0.6233,47.3873],[0.632,47.3878],[0.648,47.3916],[0.6642,47.3954],[0.6672,47.392],[0.6662,47.3896],[0.6661,47.3801],[0.6635,47.3767],[0.6605,47.3752]]]}},{"type":"Feature","properties":{"code":"37196","nom":"Richelieu","pop":1598},"geometry":{"type":"Polygon","coordinates":[[[0.3099,47.028],[0.3156,47.0277],[0.3201,47.0299],[0.3246,47.0308],[0.3287,47.0307],[0.3277,47.0283],[0.3228,47.0261],[0.3219,47.0236],[0.3259,47.017],[0.3267,47.0116],[0.3278,47.0113],[0.3292,47.0006],[0.3255,47.0003],[0.3235,46.9974],[0.3185,46.9982],[0.3209,47.0058],[0.3161,47.0051],[0.3138,47.0028],[0.3081,47],[0.305,47.003],[0.3038,47.0058],[0.3052,47.0066],[0.3071,47.0111],[0.3047,47.0141],[0.3013,47.0162],[0.2986,47.0197],[0.3023,47.0226],[0.3052,47.0217],[0.3065,47.0242],[0.3103,47.0257],[0.3099,47.028]]]}},{"type":"Feature","properties":{"code":"37197","nom":"Rigny-Ussé","pop":512},"geometry":{"type":"Polygon","coordinates":[[[0.3273,47.2633],[0.3277,47.262],[0.3331,47.263],[0.3343,47.2594],[0.3276,47.2572],[0.3309,47.252],[0.3324,47.2466],[0.3343,47.2464],[0.3303,47.2446],[0.3279,47.2411],[0.327,47.2383],[0.324,47.236],[0.3174,47.2358],[0.3113,47.2371],[0.3079,47.237],[0.302,47.2311],[0.2973,47.2304],[0.2903,47.2284],[0.2875,47.2281],[0.2903,47.2307],[0.2856,47.235],[0.2815,47.2372],[0.279,47.2404],[0.2787,47.2424],[0.2834,47.2466],[0.2825,47.2518],[0.2805,47.2536],[0.279,47.2569],[0.2744,47.2558],[0.2725,47.2573],[0.2745,47.2603],[0.2723,47.2621],[0.2747,47.2626],[0.2809,47.2622],[0.2904,47.2631],[0.3029,47.2695],[0.3085,47.271],[0.3146,47.274],[0.3166,47.2717],[0.3214,47.2696],[0.3238,47.2638],[0.3273,47.2633]]]}},{"type":"Feature","properties":{"code":"37198","nom":"Rillé","pop":313},"geometry":{"type":"Polygon","coordinates":[[[0.2054,47.4248],[0.2001,47.4233],[0.197,47.4237],[0.1876,47.4274],[0.1852,47.4263],[0.1833,47.4331],[0.1826,47.4435],[0.1811,47.4533],[0.188,47.4587],[0.1904,47.4612],[0.1937,47.47],[0.1949,47.4751],[0.1988,47.4765],[0.2127,47.4681],[0.2357,47.4598],[0.2439,47.4579],[0.2458,47.4564],[0.2534,47.4551],[0.2559,47.4539],[0.2606,47.4541],[0.2655,47.452],[0.2689,47.4526],[0.2672,47.4501],[0.2627,47.449],[0.2615,47.4413],[0.2601,47.4396],[0.2545,47.4358],[0.2516,47.427],[0.2482,47.4255],[0.2456,47.4257],[0.2425,47.4278],[0.2367,47.4266],[0.2314,47.4246],[0.2288,47.4258],[0.2234,47.4256],[0.2158,47.4265],[0.2148,47.4292],[0.2091,47.427],[0.2054,47.4248]]]}},{"type":"Feature","properties":{"code":"37199","nom":"Rilly-sur-Vienne","pop":458},"geometry":{"type":"Polygon","coordinates":[[[0.4751,47.0584],[0.4748,47.0624],[0.4735,47.0635],[0.4763,47.066],[0.4844,47.0677],[0.4896,47.0706],[0.4907,47.0701],[0.5002,47.077],[0.5052,47.0767],[0.5119,47.0749],[0.5166,47.073],[0.5201,47.0732],[0.5279,47.0694],[0.5329,47.0623],[0.5289,47.0597],[0.5224,47.0606],[0.5184,47.0581],[0.517,47.0559],[0.5161,47.0496],[0.5042,47.0405],[0.5033,47.0353],[0.4971,47.0307],[0.4917,47.0282],[0.4899,47.0309],[0.4849,47.0323],[0.4841,47.0359],[0.4805,47.0363],[0.4799,47.041],[0.4782,47.0458],[0.4765,47.0472],[0.4812,47.0504],[0.4752,47.0571],[0.4751,47.0584]]]}},{"type":"Feature","properties":{"code":"37200","nom":"Rivarennes","pop":1000},"geometry":{"type":"Polygon","coordinates":[[[0.3903,47.2739],[0.3896,47.2697],[0.3839,47.2698],[0.385,47.2628],[0.3842,47.2616],[0.38,47.2618],[0.3727,47.2629],[0.3721,47.2566],[0.3704,47.2478],[0.3715,47.2445],[0.3724,47.239],[0.3762,47.2332],[0.3783,47.2275],[0.3784,47.2241],[0.3817,47.2215],[0.383,47.2186],[0.3817,47.2142],[0.3843,47.2112],[0.388,47.2052],[0.3942,47.2033],[0.3969,47.2018],[0.394,47.2013],[0.3649,47.2037],[0.3678,47.2184],[0.3599,47.2208],[0.3687,47.2324],[0.3573,47.2455],[0.3561,47.2475],[0.3489,47.2478],[0.3441,47.2465],[0.3396,47.2469],[0.3343,47.2464],[0.3324,47.2466],[0.3309,47.252],[0.3276,47.2572],[0.3343,47.2594],[0.3331,47.263],[0.3277,47.262],[0.3273,47.2633],[0.3311,47.2653],[0.3331,47.2703],[0.3372,47.272],[0.3383,47.2736],[0.3445,47.2772],[0.3493,47.2781],[0.3503,47.2805],[0.3551,47.2821],[0.3592,47.2846],[0.366,47.2844],[0.3676,47.2854],[0.3758,47.2831],[0.3773,47.2798],[0.3815,47.2762],[0.3903,47.2739]]]}},{"type":"Feature","properties":{"code":"37201","nom":"Rivière","pop":699},"geometry":{"type":"Polygon","coordinates":[[[0.2906,47.1363],[0.2554,47.1446],[0.2521,47.1394],[0.2472,47.1347],[0.2422,47.1322],[0.2416,47.1341],[0.243,47.1374],[0.2449,47.1391],[0.2454,47.1416],[0.2487,47.146],[0.249,47.1523],[0.2548,47.151],[0.2569,47.154],[0.2618,47.1524],[0.2679,47.1512],[0.2827,47.1467],[0.2901,47.1455],[0.2886,47.1427],[0.2906,47.1363]]]}},{"type":"Feature","properties":{"code":"37202","nom":"La Roche-Clermault","pop":540},"geometry":{"type":"Polygon","coordinates":[[[0.1906,47.167],[0.1974,47.1653],[0.2014,47.1653],[0.2079,47.1637],[0.2064,47.1607],[0.2103,47.1587],[0.2117,47.1554],[0.2108,47.1507],[0.211,47.1468],[0.2093,47.1433],[0.219,47.1404],[0.2208,47.1387],[0.2239,47.1384],[0.2284,47.1364],[0.2315,47.1366],[0.2353,47.1343],[0.2366,47.1324],[0.2397,47.1309],[0.2422,47.1322],[0.2448,47.1209],[0.2435,47.1174],[0.2458,47.1104],[0.2454,47.1089],[0.2382,47.1013],[0.232,47.1037],[0.2262,47.1022],[0.2241,47.1048],[0.2217,47.1061],[0.2148,47.1074],[0.2094,47.1095],[0.1976,47.1133],[0.1893,47.1141],[0.1815,47.1161],[0.1797,47.1192],[0.1819,47.123],[0.1871,47.1264],[0.1892,47.1302],[0.191,47.1318],[0.189,47.1377],[0.1914,47.1399],[0.1933,47.1438],[0.1956,47.1477],[0.1957,47.1501],[0.1973,47.1518],[0.1972,47.1567],[0.1938,47.1573],[0.1923,47.1641],[0.1906,47.167]]]}},{"type":"Feature","properties":{"code":"37203","nom":"Rochecorbon","pop":3219},"geometry":{"type":"Polygon","coordinates":[[[0.7337,47.4289],[0.7397,47.429],[0.7474,47.4303],[0.7465,47.4337],[0.7487,47.4355],[0.7552,47.4341],[0.7551,47.4391],[0.7574,47.4455],[0.764,47.4451],[0.765,47.4463],[0.7661,47.4521],[0.765,47.4531],[0.7674,47.457],[0.7693,47.4622],[0.7682,47.4651],[0.773,47.4659],[0.784,47.4661],[0.7866,47.4653],[0.794,47.4669],[0.791,47.4605],[0.7886,47.4575],[0.7866,47.4533],[0.7876,47.4504],[0.7915,47.4441],[0.7842,47.4408],[0.7789,47.4405],[0.7759,47.4392],[0.7716,47.4343],[0.7699,47.4311],[0.7736,47.4306],[0.7726,47.427],[0.7745,47.4267],[0.7763,47.4205],[0.7759,47.4135],[0.7804,47.4128],[0.7818,47.4115],[0.7808,47.4083],[0.7731,47.4082],[0.7598,47.406],[0.7529,47.4049],[0.741,47.4035],[0.7297,47.4006],[0.7273,47.4048],[0.727,47.4079],[0.7292,47.4131],[0.7301,47.4174],[0.7338,47.4277],[0.7337,47.4289]]]}},{"type":"Feature","properties":{"code":"37204","nom":"Rouziers-de-Touraine","pop":1362},"geometry":{"type":"Polygon","coordinates":[[[0.6543,47.5029],[0.6488,47.502],[0.6484,47.5053],[0.6462,47.5062],[0.6441,47.5108],[0.6403,47.5128],[0.6369,47.5196],[0.6342,47.5284],[0.6372,47.5316],[0.6383,47.5341],[0.6337,47.5371],[0.6201,47.5347],[0.6204,47.5325],[0.6165,47.5331],[0.6134,47.5301],[0.6079,47.5287],[0.6051,47.5316],[0.6051,47.5334],[0.5991,47.5358],[0.5981,47.5392],[0.6014,47.5388],[0.6049,47.5396],[0.6054,47.5424],[0.6095,47.5413],[0.6132,47.5447],[0.6116,47.5481],[0.6144,47.5497],[0.6198,47.5512],[0.6232,47.554],[0.6293,47.5524],[0.6319,47.551],[0.6355,47.5514],[0.6399,47.5507],[0.6463,47.5517],[0.6533,47.5533],[0.6561,47.5472],[0.6597,47.5475],[0.6622,47.5426],[0.6627,47.5388],[0.6714,47.536],[0.6766,47.5323],[0.6774,47.5304],[0.6833,47.5341],[0.6885,47.5347],[0.6895,47.5306],[0.6856,47.5266],[0.6852,47.5239],[0.6799,47.5205],[0.6805,47.5173],[0.6849,47.5163],[0.6788,47.5118],[0.6729,47.5117],[0.6685,47.5107],[0.6648,47.5076],[0.6622,47.507],[0.6542,47.5067],[0.6543,47.5029]]]}},{"type":"Feature","properties":{"code":"37205","nom":"Saché","pop":1403},"geometry":{"type":"Polygon","coordinates":[[[0.5268,47.2724],[0.5322,47.2742],[0.5389,47.2755],[0.5401,47.2692],[0.541,47.2681],[0.546,47.2689],[0.5476,47.2641],[0.5511,47.2647],[0.5519,47.263],[0.5562,47.2615],[0.5659,47.261],[0.568,47.2604],[0.5702,47.258],[0.5718,47.25],[0.5735,47.2501],[0.5742,47.2441],[0.5736,47.2396],[0.5711,47.2367],[0.5681,47.2306],[0.5663,47.2252],[0.5636,47.2121],[0.5563,47.2132],[0.5541,47.2097],[0.5481,47.2037],[0.5462,47.2029],[0.5383,47.2017],[0.5267,47.2037],[0.5211,47.2089],[0.5217,47.2103],[0.5198,47.2138],[0.5187,47.2198],[0.516,47.2231],[0.5159,47.2275],[0.5138,47.2308],[0.5096,47.2309],[0.5046,47.234],[0.4975,47.2351],[0.4981,47.237],[0.4972,47.2422],[0.4913,47.2429],[0.4903,47.2451],[0.4945,47.2479],[0.4982,47.2548],[0.508,47.2528],[0.5119,47.254],[0.5168,47.2543],[0.5191,47.2529],[0.526,47.2526],[0.5341,47.2534],[0.5349,47.2577],[0.5371,47.259],[0.5352,47.2607],[0.5343,47.2639],[0.532,47.2667],[0.5281,47.2662],[0.5268,47.2724]]]}},{"type":"Feature","properties":{"code":"37206","nom":"Saint-Antoine-du-Rocher","pop":1824},"geometry":{"type":"Polygon","coordinates":[[[0.6134,47.5301],[0.6165,47.5331],[0.6204,47.5325],[0.6201,47.5347],[0.6337,47.5371],[0.6383,47.5341],[0.6372,47.5316],[0.6342,47.5284],[0.6369,47.5196],[0.6403,47.5128],[0.6441,47.5108],[0.6462,47.5062],[0.6484,47.5053],[0.6488,47.502],[0.6543,47.5029],[0.6571,47.5028],[0.6561,47.4982],[0.6539,47.4977],[0.6579,47.4934],[0.6592,47.4905],[0.6633,47.4877],[0.663,47.4823],[0.6633,47.4818],[0.6604,47.4797],[0.6615,47.4747],[0.6568,47.4715],[0.6551,47.469],[0.6519,47.4667],[0.6521,47.4636],[0.6494,47.4624],[0.6465,47.4633],[0.6451,47.4607],[0.6388,47.4605],[0.6317,47.459],[0.6267,47.4652],[0.6223,47.4698],[0.6168,47.478],[0.6144,47.4802],[0.6135,47.4833],[0.6061,47.4923],[0.6031,47.4984],[0.5944,47.5084],[0.5976,47.5095],[0.5991,47.5113],[0.6057,47.5159],[0.6073,47.5186],[0.6111,47.5181],[0.6138,47.519],[0.6131,47.5235],[0.6099,47.524],[0.6145,47.528],[0.6134,47.5301]]]}},{"type":"Feature","properties":{"code":"37207","nom":"Saint-Aubin-le-Dépeint","pop":340},"geometry":{"type":"Polygon","coordinates":[[[0.396,47.641],[0.3987,47.6372],[0.4026,47.6345],[0.4091,47.632],[0.4089,47.6281],[0.4106,47.6264],[0.4134,47.6263],[0.4183,47.6236],[0.4196,47.6211],[0.4242,47.6179],[0.4293,47.6176],[0.4317,47.6183],[0.4277,47.6134],[0.427,47.6085],[0.4235,47.6037],[0.4206,47.601],[0.4196,47.5998],[0.4126,47.5977],[0.4076,47.5967],[0.3963,47.5954],[0.3951,47.5946],[0.392,47.5966],[0.3889,47.6016],[0.385,47.606],[0.3835,47.6101],[0.3749,47.6119],[0.3691,47.6163],[0.3647,47.6202],[0.3645,47.624],[0.3697,47.63],[0.372,47.6311],[0.3809,47.6386],[0.3826,47.6434],[0.3852,47.6419],[0.3893,47.6408],[0.396,47.641]]]}},{"type":"Feature","properties":{"code":"37208","nom":"Saint-Avertin","pop":14999},"geometry":{"type":"Polygon","coordinates":[[[0.7625,47.3697],[0.762,47.3655],[0.7585,47.3625],[0.7577,47.3592],[0.7584,47.3554],[0.7626,47.3466],[0.7627,47.341],[0.7638,47.3388],[0.7548,47.3364],[0.753,47.3391],[0.7501,47.3381],[0.7528,47.3348],[0.7467,47.3328],[0.7454,47.337],[0.7424,47.3367],[0.7379,47.3379],[0.7352,47.3411],[0.7304,47.3445],[0.7237,47.3512],[0.7137,47.3472],[0.712,47.3483],[0.705,47.3502],[0.7038,47.3493],[0.7129,47.3639],[0.7151,47.3694],[0.7151,47.3741],[0.729,47.3745],[0.7371,47.3765],[0.7396,47.3692],[0.7415,47.3692],[0.7467,47.3734],[0.7499,47.3751],[0.7542,47.3744],[0.7583,47.3705],[0.7625,47.3697]]]}},{"type":"Feature","properties":{"code":"37210","nom":"Saint-Benoît-la-Forêt","pop":842},"geometry":{"type":"Polygon","coordinates":[[[0.3649,47.2037],[0.3636,47.1988],[0.3597,47.1973],[0.3303,47.1945],[0.3257,47.1954],[0.3153,47.1945],[0.3146,47.1915],[0.3164,47.1892],[0.3141,47.1826],[0.3148,47.1775],[0.3124,47.1737],[0.3037,47.17],[0.2987,47.1732],[0.2976,47.1753],[0.2963,47.178],[0.2932,47.1815],[0.2891,47.1831],[0.2845,47.1828],[0.2819,47.1915],[0.2804,47.192],[0.2793,47.1964],[0.2768,47.199],[0.2774,47.2013],[0.2812,47.2035],[0.2784,47.2045],[0.2744,47.2092],[0.282,47.2109],[0.2788,47.2121],[0.2833,47.2156],[0.2827,47.2184],[0.2809,47.22],[0.2823,47.2233],[0.2852,47.2268],[0.2875,47.2281],[0.2903,47.2284],[0.2973,47.2304],[0.302,47.2311],[0.3079,47.237],[0.3113,47.2371],[0.3174,47.2358],[0.324,47.236],[0.327,47.2383],[0.3279,47.2411],[0.3303,47.2446],[0.3343,47.2464],[0.3396,47.2469],[0.3441,47.2465],[0.3489,47.2478],[0.3561,47.2475],[0.3573,47.2455],[0.3687,47.2324],[0.3599,47.2208],[0.3678,47.2184],[0.3649,47.2037]]]}},{"type":"Feature","properties":{"code":"37211","nom":"Saint-Branchs","pop":2637},"geometry":{"type":"Polygon","coordinates":[[[0.7751,47.1976],[0.772,47.1991],[0.7707,47.2023],[0.7664,47.2008],[0.7593,47.1974],[0.7551,47.2017],[0.7512,47.2038],[0.747,47.201],[0.737,47.1978],[0.7313,47.1934],[0.7293,47.1907],[0.7265,47.1885],[0.7208,47.1821],[0.7134,47.1809],[0.7078,47.1777],[0.6972,47.1729],[0.6898,47.1706],[0.6855,47.1758],[0.6795,47.1776],[0.6966,47.1887],[0.6919,47.1918],[0.701,47.1967],[0.7029,47.1994],[0.7028,47.2016],[0.7076,47.2082],[0.7106,47.2135],[0.7139,47.2163],[0.7147,47.2197],[0.7146,47.2246],[0.7184,47.227],[0.7216,47.2334],[0.7203,47.2374],[0.7208,47.2433],[0.7199,47.2466],[0.7254,47.2502],[0.7298,47.2549],[0.7332,47.256],[0.7445,47.2556],[0.7482,47.2563],[0.7523,47.2551],[0.7528,47.2533],[0.7573,47.2521],[0.7604,47.2567],[0.7689,47.2582],[0.7686,47.2615],[0.7763,47.2573],[0.7826,47.2558],[0.7849,47.2537],[0.7927,47.2517],[0.7964,47.252],[0.8033,47.2506],[0.8043,47.2522],[0.8012,47.2533],[0.804,47.2562],[0.8105,47.259],[0.8185,47.2602],[0.832,47.262],[0.8346,47.262],[0.831,47.2565],[0.8299,47.252],[0.8307,47.2494],[0.8266,47.2463],[0.828,47.2412],[0.8314,47.2389],[0.8283,47.2365],[0.8234,47.2343],[0.8136,47.2308],[0.8133,47.2278],[0.8081,47.2243],[0.8094,47.222],[0.8063,47.2213],[0.8059,47.2194],[0.8106,47.2184],[0.8063,47.2144],[0.7995,47.2117],[0.7977,47.2104],[0.7946,47.2121],[0.7873,47.2096],[0.7791,47.2091],[0.7767,47.2084],[0.7751,47.1976]]]}},{"type":"Feature","properties":{"code":"37212","nom":"Sainte-Catherine-de-Fierbois","pop":732},"geometry":{"type":"Polygon","coordinates":[[[0.7092,47.1612],[0.7118,47.1571],[0.7089,47.1522],[0.709,47.1488],[0.7075,47.1456],[0.7103,47.1398],[0.7056,47.1385],[0.697,47.1384],[0.6943,47.1356],[0.6905,47.136],[0.6877,47.1345],[0.6807,47.1403],[0.6758,47.1396],[0.6752,47.1422],[0.6703,47.1446],[0.667,47.1421],[0.6641,47.1419],[0.6607,47.1432],[0.6551,47.1435],[0.6546,47.1449],[0.6468,47.1445],[0.646,47.1562],[0.6466,47.1584],[0.6578,47.1779],[0.6599,47.1817],[0.6633,47.1813],[0.6647,47.1834],[0.6701,47.1811],[0.673,47.1808],[0.6795,47.1776],[0.6855,47.1758],[0.6898,47.1706],[0.6876,47.1691],[0.6844,47.1639],[0.6821,47.1618],[0.6815,47.1585],[0.6852,47.1582],[0.6949,47.1592],[0.698,47.1588],[0.7058,47.16],[0.7092,47.1612]]]}},{"type":"Feature","properties":{"code":"37213","nom":"Saint-Christophe-sur-le-Nais","pop":1067},"geometry":{"type":"Polygon","coordinates":[[[0.5012,47.6064],[0.4959,47.6081],[0.4896,47.6093],[0.4839,47.6097],[0.4672,47.6073],[0.4632,47.6101],[0.4597,47.6064],[0.4563,47.6097],[0.4523,47.6082],[0.4463,47.604],[0.4423,47.6083],[0.4373,47.6057],[0.4305,47.6037],[0.4228,47.6006],[0.4206,47.601],[0.4235,47.6037],[0.427,47.6085],[0.4277,47.6134],[0.4317,47.6183],[0.4408,47.6199],[0.4501,47.6194],[0.4526,47.6232],[0.457,47.6285],[0.4545,47.6304],[0.453,47.6337],[0.4571,47.6394],[0.4627,47.6426],[0.462,47.6433],[0.464,47.6456],[0.4661,47.6442],[0.4739,47.6475],[0.4763,47.6468],[0.4787,47.6434],[0.49,47.6453],[0.493,47.6445],[0.4984,47.6446],[0.5016,47.6404],[0.5084,47.6329],[0.5035,47.6296],[0.5042,47.62],[0.5089,47.612],[0.5082,47.6096],[0.5002,47.6081],[0.5012,47.6064]]]}},{"type":"Feature","properties":{"code":"37214","nom":"Saint-Cyr-sur-Loire","pop":17029},"geometry":{"type":"Polygon","coordinates":[[[0.6642,47.3954],[0.648,47.3916],[0.6459,47.3953],[0.6464,47.397],[0.6504,47.397],[0.6524,47.3987],[0.6465,47.4026],[0.6435,47.4052],[0.6396,47.4066],[0.637,47.409],[0.6373,47.413],[0.6398,47.4184],[0.6352,47.4207],[0.6325,47.4207],[0.6304,47.4228],[0.6354,47.427],[0.6385,47.4296],[0.6401,47.4355],[0.6447,47.435],[0.6469,47.4361],[0.6521,47.4406],[0.6596,47.4411],[0.6638,47.4401],[0.6699,47.4432],[0.6717,47.4434],[0.6756,47.446],[0.6757,47.4406],[0.675,47.4355],[0.6729,47.4303],[0.6726,47.4245],[0.6737,47.4198],[0.6777,47.4166],[0.6773,47.4119],[0.6795,47.4097],[0.6788,47.4029],[0.6804,47.4005],[0.6756,47.3998],[0.6689,47.3978],[0.6638,47.397],[0.6642,47.3954]]]}},{"type":"Feature","properties":{"code":"37216","nom":"Saint-Épain","pop":1471},"geometry":{"type":"Polygon","coordinates":[[[0.6126,47.1847],[0.6284,47.183],[0.6289,47.1846],[0.6528,47.182],[0.6512,47.1797],[0.6578,47.1779],[0.6466,47.1584],[0.646,47.1562],[0.6468,47.1445],[0.6414,47.1409],[0.6368,47.1391],[0.6342,47.1374],[0.6273,47.1365],[0.6263,47.1372],[0.621,47.1374],[0.6182,47.1355],[0.6141,47.1356],[0.6088,47.1331],[0.6044,47.1318],[0.6015,47.1289],[0.5939,47.1271],[0.5917,47.125],[0.5867,47.1223],[0.5839,47.1178],[0.5794,47.1212],[0.5756,47.1208],[0.5643,47.1248],[0.5585,47.1261],[0.5549,47.1245],[0.555,47.1219],[0.553,47.1194],[0.545,47.116],[0.541,47.1096],[0.5383,47.1124],[0.5317,47.1192],[0.5275,47.1201],[0.5189,47.124],[0.5098,47.1269],[0.5042,47.1307],[0.4999,47.1313],[0.497,47.1335],[0.5013,47.1359],[0.5033,47.1387],[0.5037,47.1413],[0.5064,47.1412],[0.5045,47.1453],[0.5039,47.1506],[0.5098,47.1549],[0.5044,47.158],[0.509,47.1616],[0.5121,47.1625],[0.5174,47.1618],[0.5207,47.1622],[0.5264,47.1584],[0.5278,47.1604],[0.5349,47.1632],[0.5363,47.1674],[0.5434,47.1699],[0.5478,47.168],[0.5523,47.1722],[0.5555,47.1792],[0.5594,47.1894],[0.5675,47.1914],[0.5686,47.1894],[0.5741,47.189],[0.5899,47.1871],[0.6126,47.1847]]]}},{"type":"Feature","properties":{"code":"37217","nom":"Saint-Étienne-de-Chigny","pop":1579},"geometry":{"type":"Polygon","coordinates":[[[0.522,47.3667],[0.5155,47.3636],[0.5069,47.3621],[0.498,47.3602],[0.4945,47.3587],[0.4924,47.3606],[0.4936,47.3642],[0.4879,47.3709],[0.487,47.3728],[0.4881,47.3762],[0.4872,47.3797],[0.4852,47.3822],[0.4803,47.3848],[0.479,47.3868],[0.4801,47.3897],[0.4788,47.395],[0.4802,47.3988],[0.477,47.4008],[0.463,47.4124],[0.4664,47.412],[0.4662,47.4147],[0.4636,47.4189],[0.4666,47.4229],[0.4686,47.4242],[0.4754,47.4267],[0.477,47.4279],[0.4812,47.4254],[0.4919,47.4231],[0.4976,47.4208],[0.5033,47.4152],[0.5073,47.4107],[0.5083,47.4079],[0.5078,47.4052],[0.5122,47.4024],[0.5208,47.4023],[0.5254,47.4016],[0.5255,47.3995],[0.5277,47.3961],[0.5252,47.3932],[0.5284,47.3915],[0.5286,47.3889],[0.5274,47.3861],[0.5313,47.3801],[0.5356,47.3793],[0.5375,47.378],[0.5333,47.3754],[0.5276,47.3731],[0.5205,47.3709],[0.522,47.3667]]]}},{"type":"Feature","properties":{"code":"37218","nom":"Saint-Flovier","pop":576},"geometry":{"type":"Polygon","coordinates":[[[1.0599,46.9721],[1.0599,46.9666],[1.0632,46.9619],[1.0633,46.9564],[1.0579,46.9529],[1.0597,46.95],[1.0565,46.9495],[1.0449,46.9453],[1.0374,46.9421],[1.0313,46.9421],[1.0323,46.9456],[1.0321,46.9486],[1.0251,46.9497],[1.0254,46.952],[1.013,46.9504],[1.0101,46.9513],[1.0047,46.9556],[0.9947,46.9531],[0.9865,46.955],[0.9807,46.9637],[0.98,46.9662],[0.9719,46.9658],[0.9604,46.9653],[0.9573,46.9648],[0.955,46.9709],[0.9586,46.9759],[0.9613,46.9754],[0.9641,46.9785],[0.9669,46.9768],[0.9726,46.9788],[0.9825,46.9751],[0.9909,46.9736],[0.9942,46.9741],[0.996,46.9767],[0.9994,46.9795],[0.9986,46.9859],[0.9994,46.99],[1.0028,46.9931],[1.0092,46.9943],[1.0114,46.9958],[1.0146,46.9961],[1.0217,46.9994],[1.0294,46.9989],[1.0334,47.0003],[1.038,46.9997],[1.0457,46.9978],[1.0491,46.9982],[1.0564,46.9965],[1.0574,46.9907],[1.0552,46.9874],[1.0563,46.9829],[1.0499,46.9806],[1.0525,46.9776],[1.0558,46.975],[1.059,46.9738],[1.0599,46.9721]]]}},{"type":"Feature","properties":{"code":"37219","nom":"Saint-Genouph","pop":1019},"geometry":{"type":"Polygon","coordinates":[[[0.5635,47.3742],[0.5769,47.3771],[0.5858,47.379],[0.5923,47.3798],[0.5944,47.3819],[0.6059,47.3833],[0.6076,47.3748],[0.6068,47.3709],[0.6079,47.3678],[0.6096,47.3677],[0.607,47.3646],[0.6029,47.3634],[0.5969,47.3638],[0.5901,47.3649],[0.5887,47.365],[0.5876,47.3688],[0.5857,47.3686],[0.5686,47.3651],[0.5661,47.3652],[0.5664,47.3676],[0.5649,47.3734],[0.5635,47.3742]]]}},{"type":"Feature","properties":{"code":"37220","nom":"Saint-Germain-sur-Vienne","pop":360},"geometry":{"type":"Polygon","coordinates":[[[0.1024,47.1616],[0.1006,47.1642],[0.0968,47.1676],[0.0924,47.1696],[0.0817,47.1719],[0.0818,47.1757],[0.08,47.179],[0.0796,47.1817],[0.081,47.1856],[0.083,47.1858],[0.0901,47.1898],[0.0974,47.1961],[0.0995,47.1971],[0.0945,47.2009],[0.0931,47.2033],[0.0953,47.2059],[0.1042,47.2028],[0.1135,47.1961],[0.1284,47.1907],[0.1253,47.1855],[0.125,47.1836],[0.1387,47.1817],[0.153,47.18],[0.1579,47.1791],[0.1531,47.1726],[0.1499,47.1702],[0.1343,47.1767],[0.1317,47.1734],[0.1293,47.169],[0.1251,47.1659],[0.1221,47.1683],[0.1146,47.1644],[0.1146,47.1628],[0.1115,47.1619],[0.1059,47.1591],[0.1024,47.1616]]]}},{"type":"Feature","properties":{"code":"37221","nom":"Saint-Hippolyte","pop":638},"geometry":{"type":"Polygon","coordinates":[[[1.1155,47.0242],[1.1147,47.0257],[1.1102,47.0292],[1.1102,47.0326],[1.1093,47.0357],[1.104,47.0413],[1.098,47.0414],[1.099,47.0428],[1.0988,47.046],[1.0968,47.0491],[1.0994,47.0503],[1.0979,47.0559],[1.0939,47.0563],[1.0883,47.0583],[1.088,47.0604],[1.084,47.0627],[1.085,47.0638],[1.0822,47.0666],[1.0807,47.0715],[1.0881,47.0733],[1.0908,47.0728],[1.0941,47.075],[1.1011,47.0768],[1.1045,47.0788],[1.1073,47.0816],[1.1099,47.0807],[1.1126,47.0813],[1.1176,47.0848],[1.1204,47.0858],[1.1242,47.0853],[1.1324,47.0838],[1.1521,47.0836],[1.1736,47.064],[1.178,47.0643],[1.1817,47.0611],[1.1802,47.0563],[1.1795,47.046],[1.1811,47.0443],[1.1811,47.041],[1.175,47.0415],[1.1614,47.0397],[1.1584,47.038],[1.1415,47.0321],[1.1326,47.0277],[1.1278,47.0267],[1.1237,47.0271],[1.1176,47.0255],[1.1155,47.0242]]]}},{"type":"Feature","properties":{"code":"37222","nom":"Saint-Jean-Saint-Germain","pop":745},"geometry":{"type":"Polygon","coordinates":[[[1.0677,47.1096],[1.0656,47.1066],[1.0728,47.0989],[1.076,47.0968],[1.0827,47.098],[1.0943,47.093],[1.0955,47.0913],[1.1037,47.0901],[1.1085,47.0882],[1.1204,47.0858],[1.1176,47.0848],[1.1126,47.0813],[1.1099,47.0807],[1.1073,47.0816],[1.1045,47.0788],[1.1011,47.0768],[1.0941,47.075],[1.0908,47.0728],[1.0881,47.0733],[1.0807,47.0715],[1.0772,47.0707],[1.0733,47.0731],[1.076,47.0754],[1.0728,47.0763],[1.0725,47.0789],[1.069,47.0785],[1.0656,47.0806],[1.0613,47.08],[1.057,47.0816],[1.0541,47.077],[1.0541,47.0744],[1.0497,47.0709],[1.0442,47.0717],[1.0422,47.0701],[1.0403,47.0665],[1.0343,47.0665],[1.0324,47.0674],[1.0294,47.066],[1.0219,47.066],[1.0184,47.0624],[1.0165,47.0619],[1.0061,47.0558],[1.0041,47.0595],[0.9989,47.0626],[1.0008,47.0656],[1.006,47.0643],[1.0094,47.0674],[1.0072,47.0682],[1.0133,47.0732],[1.0138,47.0752],[1.0167,47.0784],[1.014,47.0811],[1.0156,47.0831],[1.0186,47.0837],[1.022,47.0862],[1.0232,47.0886],[1.0204,47.092],[1.0231,47.0935],[1.0254,47.0929],[1.0323,47.0978],[1.0375,47.0989],[1.0386,47.1001],[1.0481,47.1045],[1.052,47.107],[1.0584,47.1096],[1.0599,47.1121],[1.0652,47.111],[1.0677,47.1096]]]}},{"type":"Feature","properties":{"code":"37223","nom":"Saint-Laurent-de-Lin","pop":347},"geometry":{"type":"Polygon","coordinates":[[[0.28,47.5065],[0.2766,47.5047],[0.2719,47.507],[0.2689,47.5047],[0.2705,47.5026],[0.2667,47.499],[0.2643,47.4979],[0.265,47.496],[0.2612,47.4935],[0.2546,47.4926],[0.2552,47.4895],[0.2508,47.489],[0.2459,47.4892],[0.2444,47.4907],[0.238,47.4933],[0.2427,47.4965],[0.2383,47.5005],[0.2307,47.5004],[0.2251,47.4977],[0.22,47.5019],[0.2267,47.5048],[0.2326,47.5067],[0.2404,47.5116],[0.2436,47.5121],[0.2445,47.5102],[0.2504,47.5122],[0.2532,47.5142],[0.2618,47.5169],[0.2616,47.5203],[0.2667,47.5231],[0.2746,47.5248],[0.2722,47.5277],[0.2751,47.5284],[0.279,47.5279],[0.2821,47.5314],[0.2885,47.5307],[0.2945,47.5377],[0.3061,47.533],[0.3067,47.5311],[0.3059,47.527],[0.3104,47.5264],[0.3149,47.5228],[0.3135,47.5213],[0.3154,47.5191],[0.315,47.5154],[0.2961,47.5139],[0.2848,47.5115],[0.2834,47.5089],[0.28,47.5065]]]}},{"type":"Feature","properties":{"code":"37224","nom":"Saint-Laurent-en-Gâtines","pop":873},"geometry":{"type":"Polygon","coordinates":[[[0.8058,47.5598],[0.8012,47.5611],[0.7954,47.5604],[0.7894,47.5621],[0.7827,47.5621],[0.7792,47.5644],[0.7758,47.5647],[0.7744,47.5604],[0.7728,47.5581],[0.7667,47.5567],[0.7657,47.5587],[0.7615,47.5616],[0.7607,47.5643],[0.7616,47.5669],[0.7581,47.5697],[0.7575,47.5715],[0.757,47.579],[0.7506,47.5772],[0.7481,47.5754],[0.7485,47.5739],[0.745,47.5725],[0.7427,47.5701],[0.7427,47.5682],[0.7318,47.562],[0.728,47.559],[0.7213,47.5609],[0.7128,47.5599],[0.7142,47.564],[0.7185,47.5702],[0.7218,47.5773],[0.7247,47.58],[0.7246,47.5822],[0.726,47.5862],[0.7256,47.5887],[0.7295,47.5927],[0.731,47.5954],[0.7313,47.599],[0.7288,47.6003],[0.7335,47.6026],[0.7363,47.6071],[0.7371,47.6101],[0.7413,47.6113],[0.7503,47.6081],[0.7484,47.605],[0.7515,47.6034],[0.7545,47.6032],[0.7575,47.6017],[0.7593,47.5971],[0.7632,47.5987],[0.7699,47.5972],[0.7749,47.6017],[0.7764,47.6045],[0.7844,47.6096],[0.7887,47.6125],[0.7989,47.617],[0.8058,47.6183],[0.8112,47.6178],[0.8205,47.6134],[0.8132,47.6103],[0.8088,47.61],[0.8085,47.607],[0.8062,47.6038],[0.8012,47.6008],[0.8001,47.5956],[0.8075,47.5936],[0.8087,47.5914],[0.8129,47.588],[0.8148,47.5874],[0.8149,47.5825],[0.8129,47.5805],[0.8133,47.5782],[0.809,47.5711],[0.8131,47.5706],[0.8148,47.5733],[0.8211,47.5682],[0.8147,47.5659],[0.8126,47.563],[0.8058,47.5598]]]}},{"type":"Feature","properties":{"code":"37225","nom":"Saint-Martin-le-Beau","pop":3216},"geometry":{"type":"Polygon","coordinates":[[[0.9426,47.3793],[0.9402,47.3746],[0.9541,47.3748],[0.9458,47.37],[0.9536,47.3702],[0.9447,47.3653],[0.9423,47.3631],[0.9426,47.3602],[0.9405,47.3586],[0.9339,47.3497],[0.9319,47.3444],[0.931,47.338],[0.9221,47.3416],[0.9179,47.3422],[0.9131,47.3418],[0.9048,47.3437],[0.9014,47.344],[0.8919,47.3464],[0.8885,47.3478],[0.8797,47.3484],[0.8852,47.3561],[0.8794,47.3566],[0.8784,47.3574],[0.8684,47.3586],[0.8664,47.3599],[0.8615,47.3613],[0.8631,47.3648],[0.8654,47.3646],[0.8679,47.3686],[0.8726,47.3696],[0.8781,47.3732],[0.8821,47.3775],[0.887,47.3759],[0.8927,47.3759],[0.8985,47.3776],[0.8994,47.3783],[0.9426,47.3793]]]}},{"type":"Feature","properties":{"code":"37226","nom":"Sainte-Maure-de-Touraine","pop":4092},"geometry":{"type":"Polygon","coordinates":[[[0.5922,47.0786],[0.5852,47.0828],[0.5914,47.0872],[0.5922,47.0891],[0.587,47.0947],[0.588,47.099],[0.5855,47.1007],[0.5869,47.1086],[0.5864,47.1125],[0.5902,47.1147],[0.5881,47.118],[0.5839,47.1178],[0.5867,47.1223],[0.5917,47.125],[0.5939,47.1271],[0.6015,47.1289],[0.6044,47.1318],[0.6088,47.1331],[0.6141,47.1356],[0.6182,47.1355],[0.621,47.1374],[0.6263,47.1372],[0.6273,47.1365],[0.6342,47.1374],[0.6368,47.1391],[0.6414,47.1409],[0.6468,47.1445],[0.6546,47.1449],[0.6551,47.1435],[0.6607,47.1432],[0.6641,47.1419],[0.667,47.1421],[0.6703,47.1446],[0.6752,47.1422],[0.6758,47.1396],[0.6807,47.1403],[0.6877,47.1345],[0.6905,47.136],[0.6943,47.1356],[0.697,47.1384],[0.7056,47.1385],[0.7103,47.1398],[0.7109,47.1357],[0.7137,47.131],[0.7086,47.1279],[0.7044,47.1241],[0.6969,47.1211],[0.69,47.1196],[0.6884,47.1179],[0.6825,47.1172],[0.6832,47.1146],[0.6817,47.1117],[0.684,47.1093],[0.6774,47.109],[0.6708,47.1068],[0.6668,47.1036],[0.6649,47.1031],[0.6609,47.0984],[0.6567,47.096],[0.6486,47.1005],[0.6474,47.0979],[0.645,47.0976],[0.6388,47.0929],[0.635,47.0916],[0.6335,47.0925],[0.6308,47.0889],[0.6259,47.0858],[0.6196,47.0836],[0.6116,47.0855],[0.6124,47.0809],[0.6085,47.0801],[0.6047,47.0783],[0.604,47.0743],[0.5965,47.0755],[0.5922,47.0786]]]}},{"type":"Feature","properties":{"code":"37228","nom":"Saint-Nicolas-de-Bourgueil","pop":1116},"geometry":{"type":"Polygon","coordinates":[[[0.0886,47.2754],[0.0893,47.283],[0.0783,47.2829],[0.0822,47.2876],[0.0852,47.2893],[0.0866,47.2925],[0.0923,47.3005],[0.0955,47.3041],[0.0993,47.3033],[0.0982,47.306],[0.0993,47.3087],[0.1091,47.3134],[0.114,47.3183],[0.1141,47.32],[0.1184,47.326],[0.1175,47.3323],[0.1252,47.3324],[0.138,47.3361],[0.1385,47.3378],[0.1422,47.3419],[0.147,47.3455],[0.1502,47.3415],[0.1496,47.3385],[0.1509,47.3369],[0.1518,47.3315],[0.1566,47.3286],[0.1596,47.3258],[0.1606,47.3233],[0.1645,47.3203],[0.1644,47.3181],[0.1624,47.3151],[0.1641,47.3117],[0.1598,47.3032],[0.1586,47.295],[0.1606,47.2946],[0.1596,47.2877],[0.1585,47.287],[0.1588,47.2826],[0.1561,47.278],[0.1583,47.2758],[0.1573,47.2706],[0.1598,47.2692],[0.1561,47.2639],[0.1617,47.2618],[0.1649,47.2613],[0.164,47.2556],[0.1572,47.2562],[0.1528,47.2549],[0.1418,47.2606],[0.1268,47.2631],[0.1104,47.2706],[0.1068,47.2712],[0.1027,47.2731],[0.0951,47.2752],[0.0886,47.2754]]]}},{"type":"Feature","properties":{"code":"37229","nom":"Saint-Nicolas-des-Motets","pop":238},"geometry":{"type":"Polygon","coordinates":[[[1.0331,47.6073],[1.0519,47.5871],[1.0543,47.5827],[1.0594,47.5779],[1.0612,47.5718],[1.0639,47.5664],[1.0605,47.5637],[1.0566,47.5622],[1.0499,47.5623],[1.0499,47.5614],[1.0426,47.5604],[1.0426,47.5589],[1.0361,47.5581],[1.034,47.5608],[1.033,47.5659],[1.0346,47.5674],[1.0338,47.5768],[1.0255,47.579],[1.0173,47.5833],[1.0048,47.5821],[1.0037,47.5846],[1.0031,47.5872],[1.0046,47.5911],[1.0087,47.5943],[1.0124,47.6],[1.0122,47.6038],[1.0156,47.6052],[1.0185,47.6078],[1.0243,47.609],[1.0301,47.6086],[1.0331,47.6073]]]}},{"type":"Feature","properties":{"code":"37230","nom":"Saint-Ouen-les-Vignes","pop":963},"geometry":{"type":"Polygon","coordinates":[[[0.9991,47.4958],[1.0038,47.4994],[1.0098,47.5008],[1.021,47.5023],[1.0315,47.5055],[1.0372,47.5085],[1.039,47.5006],[1.0386,47.4984],[1.0409,47.4948],[1.0356,47.4901],[1.0321,47.4883],[1.033,47.4866],[1.0311,47.4841],[1.0254,47.4806],[1.026,47.4768],[1.0223,47.4721],[1.0189,47.4702],[1.0182,47.4679],[1.0197,47.4656],[1.0176,47.4639],[1.0111,47.4614],[1.0019,47.458],[0.9936,47.4558],[0.9908,47.4558],[0.9896,47.4576],[0.9813,47.4571],[0.9729,47.4556],[0.9689,47.4557],[0.9624,47.46],[0.957,47.4621],[0.9598,47.4623],[0.9668,47.4644],[0.971,47.4668],[0.9671,47.475],[0.9657,47.4758],[0.9702,47.4819],[0.9769,47.4837],[0.9788,47.4853],[0.9834,47.4863],[0.9849,47.4898],[0.9892,47.4926],[0.9936,47.4944],[0.9991,47.4958]]]}},{"type":"Feature","properties":{"code":"37231","nom":"Saint-Paterne-Racan","pop":1715},"geometry":{"type":"Polygon","coordinates":[[[0.528,47.5801],[0.5257,47.5782],[0.517,47.5781],[0.5133,47.5765],[0.5155,47.5731],[0.5177,47.5721],[0.5168,47.5698],[0.5129,47.5692],[0.5084,47.5652],[0.506,47.5616],[0.5039,47.5559],[0.5015,47.5543],[0.503,47.5522],[0.4957,47.55],[0.4929,47.5482],[0.4834,47.5488],[0.4807,47.5502],[0.477,47.5539],[0.4747,47.5512],[0.4719,47.5503],[0.4611,47.5512],[0.4506,47.5483],[0.4378,47.5522],[0.4396,47.5546],[0.4377,47.5553],[0.4347,47.5593],[0.4339,47.5643],[0.4264,47.5662],[0.4231,47.5697],[0.4183,47.5718],[0.4165,47.5711],[0.412,47.5731],[0.4107,47.5751],[0.4065,47.5784],[0.4024,47.5785],[0.4003,47.5803],[0.3975,47.5861],[0.3959,47.5868],[0.3967,47.5942],[0.3951,47.5946],[0.3963,47.5954],[0.4076,47.5967],[0.4126,47.5977],[0.4196,47.5998],[0.4206,47.601],[0.4228,47.6006],[0.4305,47.6037],[0.4373,47.6057],[0.4423,47.6083],[0.4463,47.604],[0.4523,47.6082],[0.4563,47.6097],[0.4597,47.6064],[0.4632,47.6101],[0.4672,47.6073],[0.4839,47.6097],[0.4896,47.6093],[0.4959,47.6081],[0.5012,47.6064],[0.5061,47.6061],[0.5117,47.604],[0.5168,47.6039],[0.5189,47.6024],[0.5245,47.605],[0.5299,47.6016],[0.5323,47.5985],[0.5321,47.5962],[0.5287,47.5954],[0.5336,47.5918],[0.5272,47.5906],[0.5247,47.5874],[0.5288,47.5825],[0.528,47.5801]]]}},{"type":"Feature","properties":{"code":"37232","nom":"Coteaux-sur-Loire","pop":1867},"geometry":{"type":"Polygon","coordinates":[[[0.2809,47.2622],[0.2797,47.2639],[0.2831,47.2663],[0.2801,47.2716],[0.2757,47.27],[0.267,47.2697],[0.2632,47.2736],[0.261,47.28],[0.2576,47.2846],[0.2565,47.2892],[0.254,47.2939],[0.2547,47.2963],[0.2575,47.2979],[0.2611,47.3031],[0.2627,47.3128],[0.2709,47.3203],[0.2816,47.3312],[0.2835,47.3352],[0.2861,47.3387],[0.2839,47.3432],[0.2842,47.3443],[0.2897,47.3442],[0.2877,47.3408],[0.2883,47.3352],[0.292,47.3304],[0.2977,47.3287],[0.3063,47.3282],[0.3076,47.3346],[0.3145,47.3414],[0.3212,47.3429],[0.3239,47.3448],[0.3292,47.3432],[0.3309,47.3375],[0.333,47.3365],[0.3372,47.3364],[0.3415,47.3333],[0.3413,47.3293],[0.3437,47.3244],[0.3489,47.3202],[0.3566,47.316],[0.3601,47.3127],[0.3594,47.3115],[0.3632,47.3093],[0.368,47.302],[0.3661,47.3007],[0.3545,47.2992],[0.3504,47.2979],[0.3456,47.295],[0.3422,47.294],[0.341,47.2923],[0.3356,47.2896],[0.3271,47.2838],[0.3207,47.2774],[0.3146,47.274],[0.3085,47.271],[0.3029,47.2695],[0.2904,47.2631],[0.2809,47.2622]]]}},{"type":"Feature","properties":{"code":"37233","nom":"Saint-Pierre-des-Corps","pop":15898},"geometry":{"type":"Polygon","coordinates":[[[0.7297,47.4006],[0.741,47.4035],[0.7529,47.4049],[0.7598,47.406],[0.7605,47.4039],[0.758,47.4034],[0.7559,47.4001],[0.757,47.3972],[0.7571,47.3931],[0.7602,47.3893],[0.7612,47.384],[0.7609,47.3779],[0.7639,47.3707],[0.7657,47.3707],[0.7625,47.3697],[0.7583,47.3705],[0.7542,47.3744],[0.7499,47.3751],[0.7467,47.3734],[0.7415,47.3692],[0.7396,47.3692],[0.7371,47.3765],[0.7363,47.38],[0.7331,47.3772],[0.7281,47.3766],[0.7266,47.3802],[0.7146,47.3777],[0.7051,47.3939],[0.7056,47.3989],[0.7118,47.3987],[0.7297,47.4006]]]}},{"type":"Feature","properties":{"code":"37234","nom":"Saint-Quentin-sur-Indrois","pop":484},"geometry":{"type":"Polygon","coordinates":[[[1.0031,47.1844],[1.0061,47.1885],[1.0091,47.1897],[1.011,47.1923],[1.0117,47.1968],[1.009,47.1965],[1.0087,47.1999],[1.0061,47.1989],[1.0046,47.2009],[1.0087,47.2045],[1.0122,47.2059],[1.0079,47.2108],[1.0121,47.212],[1.0095,47.2145],[1.0106,47.2173],[1.0235,47.224],[1.0274,47.225],[1.028,47.2277],[1.0232,47.2329],[1.0212,47.2364],[1.011,47.2457],[1.0181,47.2518],[1.0206,47.2533],[1.0289,47.2454],[1.0319,47.243],[1.0367,47.2427],[1.0445,47.2399],[1.0496,47.237],[1.0543,47.2358],[1.0605,47.2313],[1.0658,47.2291],[1.0655,47.2282],[1.0641,47.224],[1.0682,47.2207],[1.0717,47.2191],[1.0663,47.2177],[1.0676,47.2159],[1.0746,47.2138],[1.076,47.2097],[1.0743,47.2066],[1.0695,47.2023],[1.0674,47.1986],[1.0649,47.1971],[1.0617,47.2025],[1.0578,47.2015],[1.0541,47.2033],[1.0535,47.1958],[1.0575,47.1946],[1.0601,47.1907],[1.055,47.1921],[1.0542,47.1899],[1.0507,47.1873],[1.0457,47.1802],[1.0515,47.1796],[1.0416,47.1721],[1.0358,47.1683],[1.0162,47.1778],[1.0174,47.183],[1.0031,47.1844]]]}},{"type":"Feature","properties":{"code":"37236","nom":"Saint-Règle","pop":599},"geometry":{"type":"Polygon","coordinates":[[[1.0303,47.4167],[1.0513,47.4205],[1.0601,47.422],[1.0637,47.4187],[1.0638,47.4156],[1.0623,47.4148],[1.0598,47.4108],[1.061,47.4067],[1.0582,47.4065],[1.0593,47.4028],[1.0572,47.4022],[1.057,47.3994],[1.055,47.3982],[1.045,47.4001],[1.0418,47.4025],[1.0379,47.4038],[1.0344,47.404],[1.0299,47.4022],[1.0283,47.4041],[1.0243,47.4048],[1.0177,47.4048],[1.0129,47.4072],[1.0073,47.4053],[1.0032,47.4087],[1.0016,47.4113],[1.0135,47.4123],[1.0187,47.4135],[1.0315,47.4127],[1.0303,47.4167]]]}},{"type":"Feature","properties":{"code":"37237","nom":"Saint-Roch","pop":1342},"geometry":{"type":"Polygon","coordinates":[[[0.5823,47.4482],[0.586,47.4433],[0.5863,47.4402],[0.5895,47.4339],[0.5929,47.4298],[0.5868,47.43],[0.5813,47.4309],[0.5779,47.429],[0.567,47.4317],[0.5664,47.4347],[0.5647,47.4392],[0.5673,47.4402],[0.5696,47.4427],[0.5708,47.4469],[0.5704,47.4495],[0.5658,47.452],[0.5652,47.4564],[0.5601,47.4579],[0.5616,47.4599],[0.5563,47.4634],[0.568,47.4655],[0.5725,47.4617],[0.5753,47.4585],[0.5823,47.4482]]]}},{"type":"Feature","properties":{"code":"37238","nom":"Saint-Senoch","pop":514},"geometry":{"type":"Polygon","coordinates":[[[0.9775,47.0318],[0.9581,47.0319],[0.9473,47.0341],[0.941,47.0311],[0.9222,47.0288],[0.9213,47.0314],[0.9272,47.0334],[0.9289,47.0361],[0.9347,47.0403],[0.9313,47.0407],[0.9294,47.0439],[0.9242,47.0467],[0.9195,47.0505],[0.9209,47.0515],[0.9197,47.0557],[0.9212,47.0597],[0.9196,47.0621],[0.9214,47.0643],[0.925,47.0656],[0.9294,47.0683],[0.933,47.0682],[0.9319,47.0737],[0.9282,47.0771],[0.9309,47.078],[0.9292,47.0809],[0.9309,47.0829],[0.9346,47.084],[0.9466,47.0887],[0.9486,47.0869],[0.9506,47.0886],[0.9585,47.0881],[0.96,47.0861],[0.9645,47.0822],[0.9622,47.0814],[0.9626,47.0791],[0.9668,47.0794],[0.9734,47.077],[0.9774,47.0668],[0.9745,47.0596],[0.9768,47.0599],[0.9779,47.0556],[0.9755,47.0495],[0.9837,47.0494],[0.9938,47.0497],[0.9947,47.0441],[0.9943,47.0416],[0.9912,47.0414],[0.9877,47.0369],[0.9854,47.0359],[0.9839,47.0335],[0.9775,47.0318]]]}},{"type":"Feature","properties":{"code":"37240","nom":"Saunay","pop":640},"geometry":{"type":"Polygon","coordinates":[[[0.9374,47.6285],[0.943,47.6283],[0.952,47.6268],[0.9541,47.6249],[0.9561,47.6263],[0.9651,47.6297],[0.9665,47.629],[0.9672,47.6252],[0.9712,47.622],[0.9918,47.6202],[0.9882,47.617],[0.9853,47.6129],[0.9845,47.6098],[0.9864,47.6084],[0.9864,47.606],[0.984,47.6054],[0.9856,47.6007],[0.9882,47.5982],[0.9866,47.5959],[0.988,47.5929],[0.9867,47.5906],[0.9903,47.5882],[0.993,47.589],[0.9969,47.5867],[0.997,47.5841],[0.9933,47.584],[0.9949,47.5804],[0.9877,47.5791],[0.9808,47.5796],[0.977,47.5772],[0.9801,47.5752],[0.9819,47.5725],[0.9812,47.571],[0.9764,47.567],[0.9691,47.5695],[0.9688,47.5678],[0.9639,47.5657],[0.9573,47.567],[0.9559,47.5708],[0.9518,47.5779],[0.9497,47.5784],[0.9445,47.5753],[0.9414,47.5749],[0.9361,47.5763],[0.9318,47.5796],[0.9318,47.5813],[0.926,47.5864],[0.925,47.5898],[0.9273,47.5953],[0.9273,47.5985],[0.9229,47.6038],[0.9234,47.6046],[0.9318,47.6104],[0.9321,47.6134],[0.9311,47.6156],[0.9333,47.6184],[0.9325,47.6202],[0.9338,47.6237],[0.9374,47.6285]]]}},{"type":"Feature","properties":{"code":"37241","nom":"Savigné-sur-Lathan","pop":1305},"geometry":{"type":"Polygon","coordinates":[[[0.33,47.4143],[0.3287,47.4225],[0.3263,47.4254],[0.3289,47.426],[0.3291,47.4279],[0.3272,47.4333],[0.3233,47.4329],[0.3218,47.4354],[0.3189,47.4352],[0.3191,47.4377],[0.316,47.4394],[0.3095,47.4398],[0.3094,47.4423],[0.3071,47.4423],[0.3071,47.445],[0.304,47.4452],[0.3028,47.4479],[0.3003,47.4492],[0.3012,47.453],[0.2917,47.4546],[0.2901,47.4563],[0.2908,47.4586],[0.289,47.4596],[0.2927,47.4647],[0.2972,47.4647],[0.3099,47.4685],[0.3135,47.471],[0.3166,47.4715],[0.3211,47.4744],[0.328,47.4762],[0.337,47.4757],[0.342,47.4748],[0.3491,47.4702],[0.3499,47.4668],[0.3489,47.465],[0.3483,47.4543],[0.3466,47.4505],[0.3472,47.4491],[0.3369,47.4472],[0.3388,47.443],[0.3456,47.4385],[0.3448,47.4368],[0.3468,47.4343],[0.3494,47.4277],[0.3465,47.4248],[0.3502,47.4224],[0.3513,47.4207],[0.3506,47.418],[0.3492,47.4138],[0.3478,47.413],[0.3431,47.4142],[0.3387,47.4134],[0.33,47.4143]]]}},{"type":"Feature","properties":{"code":"37242","nom":"Savigny-en-Véron","pop":1541},"geometry":{"type":"Polygon","coordinates":[[[0.1534,47.2373],[0.1528,47.2332],[0.153,47.2247],[0.1574,47.2215],[0.1591,47.2184],[0.1625,47.2166],[0.1633,47.2143],[0.1613,47.2086],[0.1607,47.2031],[0.1588,47.1952],[0.1607,47.1928],[0.1546,47.1886],[0.1514,47.1894],[0.1499,47.1883],[0.145,47.1906],[0.143,47.1903],[0.1408,47.1873],[0.1387,47.1817],[0.125,47.1836],[0.1253,47.1855],[0.1284,47.1907],[0.1135,47.1961],[0.1042,47.2028],[0.0953,47.2059],[0.0894,47.2083],[0.0917,47.21],[0.0951,47.2079],[0.0965,47.2093],[0.095,47.2118],[0.0898,47.2138],[0.0838,47.2128],[0.0745,47.2144],[0.0837,47.216],[0.0904,47.2179],[0.1052,47.2242],[0.1164,47.2279],[0.123,47.2316],[0.1342,47.2354],[0.1534,47.2373]]]}},{"type":"Feature","properties":{"code":"37243","nom":"Savonnières","pop":3392},"geometry":{"type":"Polygon","coordinates":[[[0.5564,47.3219],[0.5489,47.3217],[0.5448,47.3231],[0.5377,47.3234],[0.5371,47.3253],[0.5336,47.3278],[0.5339,47.3312],[0.5314,47.3358],[0.5323,47.3378],[0.5304,47.3455],[0.5285,47.3487],[0.525,47.3474],[0.5222,47.3504],[0.5208,47.3537],[0.5368,47.3592],[0.5477,47.3615],[0.5661,47.3652],[0.5686,47.3651],[0.5857,47.3686],[0.5876,47.3688],[0.5887,47.365],[0.5901,47.3649],[0.5911,47.3604],[0.5928,47.3578],[0.5939,47.3528],[0.5913,47.3508],[0.5868,47.3512],[0.586,47.3435],[0.582,47.3399],[0.5774,47.3369],[0.5745,47.3367],[0.5679,47.3345],[0.5644,47.3311],[0.5653,47.327],[0.5628,47.3262],[0.5564,47.3219]]]}},{"type":"Feature","properties":{"code":"37244","nom":"Sazilly","pop":273},"geometry":{"type":"Polygon","coordinates":[[[0.3658,47.1358],[0.374,47.134],[0.383,47.1328],[0.3804,47.1286],[0.3824,47.1263],[0.3795,47.1202],[0.377,47.1185],[0.369,47.1182],[0.3634,47.1169],[0.3575,47.1148],[0.3512,47.1092],[0.3487,47.1095],[0.3433,47.1087],[0.3389,47.109],[0.3392,47.1123],[0.336,47.1173],[0.3184,47.1206],[0.3195,47.1248],[0.3234,47.1261],[0.3249,47.1284],[0.325,47.1334],[0.3268,47.1355],[0.3289,47.1353],[0.3317,47.1409],[0.3439,47.1387],[0.3521,47.1378],[0.3627,47.1358],[0.3658,47.1358]]]}},{"type":"Feature","properties":{"code":"37245","nom":"Semblançay","pop":2200},"geometry":{"type":"Polygon","coordinates":[[[0.531,47.5134],[0.5338,47.5167],[0.5337,47.5187],[0.5369,47.5211],[0.5389,47.5275],[0.5459,47.5347],[0.5572,47.5394],[0.5665,47.5304],[0.5713,47.5272],[0.577,47.5287],[0.5806,47.5323],[0.5833,47.5315],[0.5869,47.5324],[0.5878,47.5341],[0.5928,47.5335],[0.5944,47.5388],[0.5981,47.5392],[0.5991,47.5358],[0.6051,47.5334],[0.6051,47.5316],[0.6079,47.5287],[0.6134,47.5301],[0.6145,47.528],[0.6099,47.524],[0.6131,47.5235],[0.6138,47.519],[0.6111,47.5181],[0.6073,47.5186],[0.6057,47.5159],[0.5991,47.5113],[0.5976,47.5095],[0.5944,47.5084],[0.6031,47.4984],[0.6061,47.4923],[0.6004,47.4922],[0.5918,47.4893],[0.5874,47.4884],[0.5824,47.4861],[0.5814,47.4842],[0.5806,47.4789],[0.5773,47.4789],[0.5739,47.4777],[0.5668,47.4741],[0.5629,47.4715],[0.568,47.4655],[0.5563,47.4634],[0.5518,47.4665],[0.5433,47.4692],[0.5384,47.4724],[0.5315,47.4758],[0.5249,47.4785],[0.5173,47.4845],[0.5202,47.4891],[0.5202,47.4914],[0.5254,47.4952],[0.5275,47.4959],[0.5304,47.4989],[0.5266,47.4999],[0.5275,47.5023],[0.5323,47.5039],[0.5344,47.5055],[0.53,47.5088],[0.5318,47.5105],[0.531,47.5134]]]}},{"type":"Feature","properties":{"code":"37246","nom":"Sennevières","pop":226},"geometry":{"type":"Polygon","coordinates":[[[1.067,47.1234],[1.0701,47.1239],[1.0775,47.1264],[1.082,47.1263],[1.0917,47.1272],[1.0949,47.1265],[1.0945,47.1337],[1.0975,47.1344],[1.1114,47.1395],[1.1195,47.1415],[1.1309,47.1331],[1.1273,47.1294],[1.1457,47.1271],[1.1358,47.1115],[1.1356,47.1089],[1.1378,47.1036],[1.1323,47.1009],[1.1311,47.0954],[1.1298,47.0944],[1.1327,47.0911],[1.125,47.0863],[1.1242,47.0853],[1.1204,47.0858],[1.1085,47.0882],[1.1037,47.0901],[1.0955,47.0913],[1.0943,47.093],[1.0827,47.098],[1.076,47.0968],[1.0728,47.0989],[1.0656,47.1066],[1.0677,47.1096],[1.0689,47.1143],[1.0678,47.1161],[1.0682,47.1228],[1.067,47.1234]]]}},{"type":"Feature","properties":{"code":"37247","nom":"Sepmes","pop":604},"geometry":{"type":"Polygon","coordinates":[[[0.6567,47.096],[0.6609,47.0984],[0.6649,47.1031],[0.6668,47.1036],[0.6708,47.1068],[0.6774,47.109],[0.684,47.1093],[0.6817,47.1117],[0.6832,47.1146],[0.6825,47.1172],[0.6884,47.1179],[0.69,47.1196],[0.6969,47.1211],[0.7044,47.1241],[0.7023,47.1208],[0.7083,47.1137],[0.7101,47.1063],[0.7092,47.0996],[0.7124,47.0964],[0.713,47.094],[0.7152,47.0919],[0.7137,47.0903],[0.7122,47.0848],[0.7131,47.0814],[0.7076,47.0798],[0.7084,47.0775],[0.7065,47.0739],[0.7087,47.0706],[0.7072,47.0659],[0.7093,47.0616],[0.7088,47.0599],[0.7033,47.0573],[0.6995,47.0549],[0.6982,47.0504],[0.6946,47.0486],[0.6931,47.045],[0.6898,47.0434],[0.6839,47.0459],[0.6814,47.046],[0.6771,47.0433],[0.6745,47.0445],[0.671,47.0475],[0.6674,47.0484],[0.659,47.0484],[0.6543,47.0504],[0.6563,47.0574],[0.6594,47.0603],[0.6575,47.0613],[0.6572,47.0669],[0.6577,47.069],[0.6564,47.0747],[0.6544,47.077],[0.6518,47.0779],[0.6534,47.0805],[0.6574,47.0841],[0.6544,47.0859],[0.6523,47.0885],[0.6562,47.0921],[0.652,47.0934],[0.6567,47.096]]]}},{"type":"Feature","properties":{"code":"37248","nom":"Seuilly","pop":368},"geometry":{"type":"Polygon","coordinates":[[[0.1815,47.1153],[0.1813,47.1139],[0.1738,47.1124],[0.1661,47.1073],[0.1635,47.1041],[0.1619,47.1001],[0.1593,47.1026],[0.153,47.1043],[0.1459,47.1047],[0.144,47.1062],[0.14,47.1057],[0.1352,47.1071],[0.1341,47.1089],[0.1341,47.1145],[0.1369,47.118],[0.1407,47.1247],[0.1379,47.1307],[0.1436,47.1312],[0.1428,47.1351],[0.1414,47.1365],[0.1431,47.1383],[0.141,47.1498],[0.143,47.1511],[0.1464,47.1519],[0.1488,47.1539],[0.1528,47.1552],[0.1583,47.153],[0.1587,47.1482],[0.1636,47.1429],[0.174,47.1442],[0.1775,47.144],[0.1777,47.1418],[0.1796,47.1402],[0.1828,47.1399],[0.1885,47.1434],[0.1933,47.1438],[0.1914,47.1399],[0.189,47.1377],[0.191,47.1318],[0.1892,47.1302],[0.1871,47.1264],[0.1819,47.123],[0.1797,47.1192],[0.1815,47.1161],[0.1815,47.1153]]]}},{"type":"Feature","properties":{"code":"37249","nom":"Sonzay","pop":1410},"geometry":{"type":"Polygon","coordinates":[[[0.4378,47.5522],[0.4506,47.5483],[0.4611,47.5512],[0.4719,47.5503],[0.4747,47.5512],[0.477,47.5539],[0.4807,47.5502],[0.4834,47.5488],[0.4929,47.5482],[0.4957,47.55],[0.4971,47.5479],[0.493,47.5469],[0.4986,47.5373],[0.5023,47.5324],[0.5035,47.5332],[0.5083,47.5318],[0.507,47.5293],[0.5099,47.5274],[0.5081,47.5261],[0.5134,47.5216],[0.5106,47.5191],[0.5183,47.5183],[0.5267,47.5141],[0.531,47.5134],[0.5318,47.5105],[0.53,47.5088],[0.5344,47.5055],[0.5323,47.5039],[0.5275,47.5023],[0.5266,47.4999],[0.5304,47.4989],[0.5275,47.4959],[0.5254,47.4952],[0.5202,47.4914],[0.5202,47.4891],[0.5173,47.4845],[0.5249,47.4785],[0.5315,47.4758],[0.5297,47.4745],[0.5218,47.4726],[0.5159,47.4729],[0.5118,47.4716],[0.5062,47.4727],[0.5053,47.4717],[0.5003,47.4753],[0.4986,47.4776],[0.4915,47.4788],[0.4831,47.4794],[0.4728,47.4817],[0.4604,47.483],[0.4477,47.4858],[0.4387,47.4886],[0.436,47.4931],[0.4345,47.4936],[0.4383,47.4972],[0.4396,47.5036],[0.4398,47.5073],[0.4389,47.5151],[0.4398,47.5178],[0.436,47.5184],[0.4326,47.5236],[0.4206,47.526],[0.4202,47.5276],[0.4228,47.532],[0.425,47.5317],[0.4259,47.5383],[0.4289,47.5411],[0.4366,47.5506],[0.4378,47.5522]]]}},{"type":"Feature","properties":{"code":"37250","nom":"Sorigny","pop":2938},"geometry":{"type":"Polygon","coordinates":[[[0.6449,47.2401],[0.6526,47.2384],[0.6571,47.2482],[0.6587,47.2488],[0.6614,47.2545],[0.6656,47.2585],[0.6722,47.2614],[0.6772,47.266],[0.6762,47.2701],[0.6782,47.2714],[0.6804,47.2753],[0.6898,47.2758],[0.6919,47.2743],[0.6977,47.2771],[0.6995,47.2766],[0.702,47.2786],[0.7069,47.2752],[0.71,47.2743],[0.7141,47.2701],[0.7177,47.2694],[0.7273,47.2702],[0.7268,47.2679],[0.7294,47.258],[0.7298,47.2549],[0.7254,47.2502],[0.7199,47.2466],[0.7208,47.2433],[0.7203,47.2374],[0.7216,47.2334],[0.7184,47.227],[0.7146,47.2246],[0.7147,47.2197],[0.7139,47.2163],[0.7106,47.2135],[0.7076,47.2082],[0.7028,47.2016],[0.7029,47.1994],[0.701,47.1967],[0.6919,47.1918],[0.6966,47.1887],[0.6795,47.1776],[0.673,47.1808],[0.6701,47.1811],[0.6647,47.1834],[0.6633,47.1813],[0.6599,47.1817],[0.6648,47.1903],[0.6589,47.1914],[0.656,47.1929],[0.6591,47.1947],[0.663,47.1983],[0.6624,47.2005],[0.657,47.1996],[0.659,47.2026],[0.656,47.2059],[0.6532,47.214],[0.6516,47.2231],[0.6485,47.2261],[0.6457,47.2295],[0.6447,47.2346],[0.6461,47.2381],[0.6449,47.2401]]]}},{"type":"Feature","properties":{"code":"37251","nom":"Souvigné","pop":933},"geometry":{"type":"Polygon","coordinates":[[[0.3599,47.5061],[0.3589,47.5108],[0.3606,47.5158],[0.3594,47.5193],[0.3628,47.52],[0.3615,47.5251],[0.3661,47.5236],[0.3684,47.5247],[0.3722,47.5245],[0.3733,47.5262],[0.3771,47.5257],[0.3786,47.528],[0.3821,47.5307],[0.3853,47.5321],[0.3894,47.532],[0.3974,47.5336],[0.3973,47.5369],[0.3959,47.5388],[0.4011,47.543],[0.402,47.5469],[0.4123,47.5431],[0.4132,47.5419],[0.421,47.5435],[0.4246,47.5436],[0.4255,47.5461],[0.4303,47.5478],[0.4318,47.5493],[0.4366,47.5506],[0.4289,47.5411],[0.4259,47.5383],[0.425,47.5317],[0.4228,47.532],[0.4202,47.5276],[0.4206,47.526],[0.4326,47.5236],[0.436,47.5184],[0.4398,47.5178],[0.4389,47.5151],[0.4398,47.5073],[0.4396,47.5036],[0.4383,47.4972],[0.4345,47.4936],[0.436,47.4931],[0.43,47.4895],[0.428,47.4907],[0.4229,47.4917],[0.4207,47.4941],[0.4132,47.4936],[0.4094,47.4956],[0.4067,47.4939],[0.3983,47.4885],[0.3925,47.4925],[0.3848,47.496],[0.3728,47.5022],[0.3599,47.5061]]]}},{"type":"Feature","properties":{"code":"37252","nom":"Souvigny-de-Touraine","pop":380},"geometry":{"type":"Polygon","coordinates":[[[1.0809,47.364],[1.078,47.3643],[1.0757,47.3693],[1.0588,47.3728],[1.0637,47.3838],[1.0587,47.3845],[1.0608,47.3866],[1.0595,47.3887],[1.056,47.3913],[1.0561,47.3974],[1.055,47.3982],[1.057,47.3994],[1.0572,47.4022],[1.0593,47.4028],[1.0582,47.4065],[1.061,47.4067],[1.0598,47.4108],[1.0623,47.4148],[1.0638,47.4156],[1.0637,47.4187],[1.0601,47.422],[1.0513,47.4205],[1.0498,47.4244],[1.046,47.4262],[1.0414,47.4273],[1.0438,47.4287],[1.0485,47.4287],[1.0497,47.4276],[1.0551,47.4295],[1.057,47.4271],[1.0669,47.4336],[1.0727,47.4355],[1.0751,47.4322],[1.0824,47.4276],[1.0849,47.4297],[1.09,47.4246],[1.0964,47.4221],[1.0982,47.4174],[1.1023,47.4183],[1.1032,47.4152],[1.1051,47.4142],[1.109,47.4094],[1.1112,47.4041],[1.1144,47.399],[1.1136,47.3967],[1.1235,47.392],[1.1198,47.3891],[1.119,47.387],[1.1211,47.3862],[1.1219,47.3837],[1.1216,47.3824],[1.1132,47.3799],[1.1086,47.3764],[1.1072,47.373],[1.1036,47.3738],[1.0923,47.3709],[1.0913,47.3682],[1.0885,47.3652],[1.0858,47.3665],[1.083,47.3638],[1.0809,47.364]]]}},{"type":"Feature","properties":{"code":"37253","nom":"Sublaines","pop":176},"geometry":{"type":"Polygon","coordinates":[[[1.011,47.2457],[1.0075,47.2499],[0.9945,47.2468],[0.991,47.2511],[0.9862,47.2514],[0.972,47.2528],[0.975,47.2608],[0.9756,47.2674],[0.9768,47.2713],[0.9727,47.2729],[0.9678,47.2765],[0.9556,47.2839],[0.9633,47.2891],[0.9707,47.2942],[0.9741,47.2981],[0.9784,47.2948],[0.9902,47.2915],[0.9929,47.2873],[0.9965,47.2834],[1.0011,47.2822],[1.0083,47.2825],[1.0084,47.2778],[1.0115,47.2698],[1.0116,47.2682],[1.0126,47.264],[1.017,47.2591],[1.0206,47.2533],[1.0181,47.2518],[1.011,47.2457]]]}},{"type":"Feature","properties":{"code":"37254","nom":"Tauxigny-Saint-Bauld","pop":1688},"geometry":{"type":"Polygon","coordinates":[[[0.7751,47.1976],[0.7767,47.2084],[0.7791,47.2091],[0.7873,47.2096],[0.7946,47.2121],[0.7977,47.2104],[0.7995,47.2117],[0.8063,47.2144],[0.8106,47.2184],[0.8059,47.2194],[0.8063,47.2213],[0.8094,47.222],[0.8081,47.2243],[0.8133,47.2278],[0.8136,47.2308],[0.8234,47.2343],[0.8283,47.2365],[0.8314,47.2389],[0.828,47.2412],[0.8266,47.2463],[0.8307,47.2494],[0.8299,47.252],[0.831,47.2565],[0.8346,47.262],[0.8363,47.2621],[0.8421,47.2574],[0.8412,47.2556],[0.8437,47.2504],[0.8472,47.2494],[0.8534,47.2432],[0.8574,47.2421],[0.8547,47.2392],[0.8495,47.232],[0.8479,47.2314],[0.8518,47.2284],[0.8533,47.2217],[0.8564,47.2213],[0.8584,47.219],[0.862,47.2168],[0.8653,47.2125],[0.8675,47.2109],[0.8659,47.2078],[0.8681,47.2063],[0.8733,47.2076],[0.8773,47.2046],[0.8699,47.2004],[0.879,47.1939],[0.8724,47.1876],[0.8625,47.1788],[0.8667,47.1763],[0.8626,47.1752],[0.8569,47.1791],[0.8543,47.178],[0.8576,47.1763],[0.8586,47.172],[0.8555,47.1707],[0.8528,47.1646],[0.8506,47.1644],[0.8464,47.1671],[0.839,47.1626],[0.8352,47.166],[0.8307,47.167],[0.8316,47.1703],[0.831,47.1726],[0.8284,47.1745],[0.8267,47.1769],[0.8221,47.177],[0.8168,47.1763],[0.8196,47.1793],[0.8115,47.18],[0.8029,47.1827],[0.7938,47.1836],[0.7767,47.1839],[0.7742,47.1906],[0.7751,47.1976]]]}},{"type":"Feature","properties":{"code":"37255","nom":"Tavant","pop":267},"geometry":{"type":"Polygon","coordinates":[[[0.4119,47.117],[0.408,47.1151],[0.4068,47.1135],[0.3992,47.1136],[0.391,47.1118],[0.383,47.1093],[0.3705,47.1085],[0.3669,47.1078],[0.3606,47.1083],[0.3585,47.1077],[0.3577,47.1081],[0.3643,47.1153],[0.3634,47.1169],[0.369,47.1182],[0.377,47.1185],[0.3795,47.1202],[0.3824,47.1263],[0.3804,47.1286],[0.383,47.1328],[0.3905,47.128],[0.3963,47.1251],[0.4021,47.1235],[0.4138,47.1221],[0.4119,47.117]]]}},{"type":"Feature","properties":{"code":"37256","nom":"Theneuil","pop":294},"geometry":{"type":"Polygon","coordinates":[[[0.4031,47.0865],[0.4084,47.0904],[0.4109,47.0915],[0.4133,47.0941],[0.4177,47.0968],[0.4177,47.1015],[0.4188,47.1071],[0.4205,47.1096],[0.4187,47.1142],[0.4262,47.111],[0.429,47.1141],[0.4342,47.1141],[0.4351,47.119],[0.4447,47.1199],[0.4514,47.1149],[0.4559,47.1129],[0.4525,47.1106],[0.4515,47.1074],[0.4566,47.1036],[0.4572,47.0991],[0.4542,47.0966],[0.4523,47.0934],[0.4493,47.0923],[0.4494,47.0887],[0.4478,47.0884],[0.4496,47.0838],[0.4404,47.0837],[0.4388,47.0847],[0.4372,47.0884],[0.4255,47.0887],[0.4195,47.0824],[0.4166,47.0808],[0.415,47.0783],[0.4115,47.0808],[0.4081,47.0817],[0.403,47.0857],[0.4031,47.0865]]]}},{"type":"Feature","properties":{"code":"37257","nom":"Thilouze","pop":1815},"geometry":{"type":"Polygon","coordinates":[[[0.5594,47.1894],[0.5616,47.203],[0.5636,47.2121],[0.5663,47.2252],[0.5681,47.2306],[0.5711,47.2367],[0.5736,47.2396],[0.5742,47.2441],[0.5804,47.2449],[0.5809,47.2489],[0.5832,47.2496],[0.5878,47.2482],[0.5892,47.2496],[0.5857,47.2516],[0.5868,47.255],[0.5882,47.256],[0.598,47.2515],[0.6023,47.2505],[0.608,47.2468],[0.6091,47.2451],[0.612,47.2442],[0.6128,47.2422],[0.6158,47.2419],[0.6162,47.2466],[0.6152,47.2509],[0.6255,47.2509],[0.6231,47.2464],[0.6273,47.2458],[0.6297,47.2444],[0.6359,47.2435],[0.6354,47.2469],[0.6377,47.2491],[0.6398,47.2481],[0.6409,47.2455],[0.6437,47.2449],[0.6429,47.2428],[0.6449,47.2401],[0.6461,47.2381],[0.6447,47.2346],[0.6457,47.2295],[0.6485,47.2261],[0.6455,47.2244],[0.6419,47.2202],[0.6388,47.2176],[0.6394,47.2164],[0.6379,47.2125],[0.6387,47.2096],[0.6363,47.2057],[0.6326,47.2064],[0.6247,47.2095],[0.6182,47.2102],[0.6151,47.2083],[0.6164,47.2071],[0.614,47.1991],[0.6105,47.1996],[0.6102,47.1945],[0.609,47.1886],[0.6113,47.1878],[0.6126,47.1847],[0.5899,47.1871],[0.5741,47.189],[0.5686,47.1894],[0.5675,47.1914],[0.5594,47.1894]]]}},{"type":"Feature","properties":{"code":"37258","nom":"Thizay","pop":307},"geometry":{"type":"Polygon","coordinates":[[[0.143,47.1511],[0.1414,47.1517],[0.1353,47.1508],[0.1295,47.1515],[0.1277,47.1539],[0.1241,47.1558],[0.1233,47.1589],[0.1177,47.1599],[0.1146,47.1628],[0.1146,47.1644],[0.1221,47.1683],[0.1251,47.1659],[0.1293,47.169],[0.1317,47.1734],[0.1343,47.1767],[0.1499,47.1702],[0.1531,47.1726],[0.1579,47.1791],[0.1674,47.1759],[0.1623,47.168],[0.1616,47.1652],[0.157,47.1671],[0.1572,47.1626],[0.1613,47.1611],[0.1579,47.1594],[0.1575,47.1574],[0.1528,47.1552],[0.1488,47.1539],[0.1464,47.1519],[0.143,47.1511]]]}},{"type":"Feature","properties":{"code":"37259","nom":"Tournon-Saint-Pierre","pop":426},"geometry":{"type":"Polygon","coordinates":[[[0.9795,46.7561],[0.9779,46.7543],[0.9724,46.7527],[0.9703,46.7503],[0.9651,46.7478],[0.9653,46.7447],[0.9581,46.7376],[0.9533,46.7368],[0.9503,46.7383],[0.9474,46.7367],[0.9443,46.7371],[0.9416,46.7422],[0.937,46.7465],[0.935,46.7514],[0.9331,46.7534],[0.9276,46.7571],[0.9251,46.7573],[0.9195,46.7559],[0.9167,46.7565],[0.9118,46.7592],[0.9124,46.7633],[0.9135,46.7658],[0.9161,46.7655],[0.9198,46.7698],[0.9198,46.7718],[0.9232,46.7748],[0.9276,46.777],[0.9422,46.7904],[0.9445,46.7912],[0.9445,46.7829],[0.9466,46.7771],[0.9485,46.7773],[0.9551,46.7736],[0.9585,46.7759],[0.9604,46.772],[0.9645,46.7737],[0.9662,46.772],[0.9663,46.7694],[0.9704,46.7682],[0.9738,46.7633],[0.9795,46.7561]]]}},{"type":"Feature","properties":{"code":"37260","nom":"La Tour-Saint-Gelin","pop":501},"geometry":{"type":"Polygon","coordinates":[[[0.3595,47.0664],[0.3638,47.0663],[0.3697,47.0678],[0.3743,47.0722],[0.3752,47.0744],[0.3804,47.0714],[0.3832,47.0741],[0.388,47.0772],[0.3955,47.0816],[0.3988,47.0843],[0.4031,47.0865],[0.403,47.0857],[0.4081,47.0817],[0.4115,47.0808],[0.415,47.0783],[0.4166,47.0808],[0.4195,47.0824],[0.4152,47.0693],[0.4096,47.0633],[0.4115,47.0624],[0.4123,47.0598],[0.4153,47.057],[0.4134,47.0562],[0.4168,47.0526],[0.4217,47.051],[0.4272,47.0474],[0.4259,47.0442],[0.4217,47.043],[0.4096,47.0428],[0.405,47.0423],[0.3978,47.0406],[0.3966,47.0432],[0.3975,47.0455],[0.3921,47.0439],[0.3873,47.0431],[0.3793,47.0481],[0.3751,47.0501],[0.3803,47.0522],[0.3818,47.0537],[0.3773,47.0555],[0.3708,47.0555],[0.3681,47.0567],[0.3699,47.0628],[0.3682,47.0627],[0.3643,47.0594],[0.3608,47.0637],[0.3595,47.0664]]]}},{"type":"Feature","properties":{"code":"37261","nom":"Tours","pop":139259},"geometry":{"type":"Polygon","coordinates":[[[0.7371,47.3765],[0.729,47.3745],[0.7151,47.3741],[0.7151,47.3694],[0.7129,47.3639],[0.7038,47.3493],[0.7003,47.351],[0.6993,47.3542],[0.6975,47.3598],[0.6953,47.359],[0.69,47.3602],[0.6891,47.3635],[0.684,47.3621],[0.6762,47.362],[0.6728,47.3643],[0.6685,47.3631],[0.6644,47.363],[0.6609,47.364],[0.6566,47.3662],[0.653,47.3695],[0.661,47.3709],[0.6605,47.3752],[0.6635,47.3767],[0.6661,47.3801],[0.6662,47.3896],[0.6672,47.392],[0.6642,47.3954],[0.6638,47.397],[0.6689,47.3978],[0.6756,47.3998],[0.6804,47.4005],[0.6788,47.4029],[0.6795,47.4097],[0.6773,47.4119],[0.6777,47.4166],[0.6737,47.4198],[0.6726,47.4245],[0.6729,47.4303],[0.675,47.4355],[0.6832,47.4396],[0.6845,47.4386],[0.691,47.4391],[0.6931,47.4356],[0.6988,47.4371],[0.6991,47.4382],[0.7064,47.4382],[0.7102,47.4389],[0.7095,47.4367],[0.7218,47.4331],[0.7309,47.4309],[0.7337,47.4289],[0.7338,47.4277],[0.7301,47.4174],[0.7292,47.4131],[0.727,47.4079],[0.7273,47.4048],[0.7297,47.4006],[0.7118,47.3987],[0.7056,47.3989],[0.7051,47.3939],[0.7146,47.3777],[0.7266,47.3802],[0.7281,47.3766],[0.7331,47.3772],[0.7363,47.38],[0.7371,47.3765]]]}},{"type":"Feature","properties":{"code":"37262","nom":"Trogues","pop":285},"geometry":{"type":"Polygon","coordinates":[[[0.4874,47.1152],[0.4893,47.1175],[0.498,47.1256],[0.5001,47.128],[0.4973,47.1314],[0.497,47.1335],[0.4999,47.1313],[0.5042,47.1307],[0.5098,47.1269],[0.5189,47.124],[0.5275,47.1201],[0.5317,47.1192],[0.5383,47.1124],[0.5357,47.1126],[0.5266,47.1042],[0.5238,47.1027],[0.5227,47.1001],[0.5164,47.0936],[0.5109,47.089],[0.5041,47.0948],[0.4967,47.0995],[0.494,47.1026],[0.493,47.1055],[0.4918,47.1127],[0.4874,47.1152]]]}},{"type":"Feature","properties":{"code":"37263","nom":"Truyes","pop":2442},"geometry":{"type":"Polygon","coordinates":[[[0.8271,47.3098],[0.83,47.3098],[0.8333,47.3112],[0.8398,47.3107],[0.8465,47.3093],[0.8443,47.302],[0.846,47.3008],[0.8565,47.2992],[0.8644,47.2995],[0.8706,47.2977],[0.8772,47.2974],[0.8798,47.2963],[0.8826,47.2922],[0.8847,47.2928],[0.8891,47.2916],[0.8859,47.2895],[0.8843,47.287],[0.8802,47.2852],[0.8841,47.2818],[0.8773,47.2789],[0.8736,47.2751],[0.8787,47.2722],[0.8754,47.2686],[0.8702,47.2639],[0.8661,47.2656],[0.8628,47.2644],[0.8579,47.2657],[0.8543,47.2675],[0.8497,47.2681],[0.8402,47.2711],[0.8361,47.2698],[0.8335,47.271],[0.8283,47.2692],[0.8229,47.269],[0.8199,47.2696],[0.818,47.2745],[0.819,47.2771],[0.8225,47.2765],[0.8231,47.2784],[0.8291,47.2762],[0.8258,47.2821],[0.8249,47.2865],[0.8243,47.2954],[0.8265,47.3009],[0.8271,47.3098]]]}},{"type":"Feature","properties":{"code":"37264","nom":"Vallères","pop":1345},"geometry":{"type":"Polygon","coordinates":[[[0.4375,47.3106],[0.4361,47.314],[0.4446,47.3173],[0.4449,47.3179],[0.4516,47.3195],[0.4567,47.3216],[0.4588,47.3183],[0.4617,47.3191],[0.4656,47.3218],[0.468,47.3245],[0.4707,47.3252],[0.4708,47.3283],[0.4743,47.3295],[0.48,47.3294],[0.4863,47.322],[0.4878,47.3191],[0.4913,47.3176],[0.4901,47.3147],[0.4935,47.3136],[0.4978,47.3144],[0.4997,47.3134],[0.5049,47.3133],[0.5054,47.3107],[0.5082,47.3103],[0.5081,47.3071],[0.5061,47.3061],[0.5035,47.3019],[0.5033,47.2981],[0.5015,47.295],[0.4984,47.2929],[0.4955,47.288],[0.4916,47.285],[0.4864,47.2868],[0.4827,47.289],[0.4793,47.2921],[0.473,47.2932],[0.467,47.2933],[0.4651,47.2946],[0.4564,47.2945],[0.4527,47.293],[0.4459,47.293],[0.4446,47.3],[0.4478,47.3007],[0.4453,47.3037],[0.4485,47.3047],[0.4456,47.3095],[0.4438,47.3099],[0.4392,47.3086],[0.4375,47.3106]]]}},{"type":"Feature","properties":{"code":"37265","nom":"Varennes","pop":250},"geometry":{"type":"Polygon","coordinates":[[[0.9413,47.1005],[0.943,47.0995],[0.9418,47.0971],[0.9362,47.091],[0.9347,47.087],[0.9346,47.084],[0.9309,47.0829],[0.9292,47.0809],[0.9309,47.078],[0.9282,47.0771],[0.9319,47.0737],[0.933,47.0682],[0.9294,47.0683],[0.925,47.0656],[0.9214,47.0643],[0.9196,47.0621],[0.9212,47.0597],[0.9197,47.0557],[0.9209,47.0515],[0.9195,47.0505],[0.9171,47.0521],[0.9125,47.049],[0.9068,47.0474],[0.9025,47.0477],[0.9004,47.051],[0.8957,47.0514],[0.8956,47.0536],[0.8933,47.0552],[0.8918,47.0581],[0.8905,47.0642],[0.8872,47.0705],[0.8888,47.0717],[0.8935,47.0713],[0.8981,47.0749],[0.8985,47.0781],[0.9001,47.0804],[0.8992,47.0847],[0.9058,47.084],[0.9077,47.0856],[0.9122,47.0867],[0.913,47.0902],[0.9189,47.0896],[0.9276,47.091],[0.928,47.0935],[0.9344,47.0955],[0.9413,47.1005]]]}},{"type":"Feature","properties":{"code":"37266","nom":"Veigné","pop":6865},"geometry":{"type":"Polygon","coordinates":[[[0.6762,47.3063],[0.6808,47.3088],[0.6841,47.3087],[0.685,47.3108],[0.689,47.3111],[0.6912,47.3133],[0.6947,47.3123],[0.6987,47.3145],[0.7038,47.3115],[0.7119,47.3137],[0.7146,47.3136],[0.7179,47.3161],[0.7249,47.3158],[0.7268,47.3145],[0.7304,47.3143],[0.7317,47.319],[0.735,47.3179],[0.7405,47.3177],[0.7472,47.3198],[0.7512,47.3188],[0.7548,47.3173],[0.7497,47.3116],[0.7554,47.3099],[0.7548,47.3064],[0.7514,47.3013],[0.7533,47.3001],[0.7555,47.2959],[0.7526,47.2923],[0.7514,47.2889],[0.7551,47.289],[0.7562,47.2879],[0.7621,47.2873],[0.7693,47.285],[0.7715,47.2817],[0.7703,47.2765],[0.769,47.2744],[0.7692,47.2709],[0.7651,47.264],[0.7686,47.2615],[0.7689,47.2582],[0.7604,47.2567],[0.7573,47.2521],[0.7528,47.2533],[0.7523,47.2551],[0.7482,47.2563],[0.7445,47.2556],[0.7332,47.256],[0.7298,47.2549],[0.7294,47.258],[0.7268,47.2679],[0.7273,47.2702],[0.7177,47.2694],[0.7204,47.2727],[0.7207,47.2765],[0.7224,47.2785],[0.723,47.2814],[0.7262,47.285],[0.7223,47.286],[0.7248,47.2893],[0.7309,47.2934],[0.7286,47.2947],[0.7208,47.2925],[0.7178,47.2945],[0.7102,47.2966],[0.7041,47.2999],[0.7002,47.2992],[0.6979,47.2976],[0.6945,47.2929],[0.6931,47.2855],[0.6915,47.2821],[0.6886,47.2817],[0.6816,47.2836],[0.6817,47.2866],[0.6777,47.2886],[0.6745,47.2912],[0.6764,47.2931],[0.6811,47.296],[0.6767,47.3009],[0.6815,47.3025],[0.6762,47.3063]]]}},{"type":"Feature","properties":{"code":"37267","nom":"Véretz","pop":4644},"geometry":{"type":"Polygon","coordinates":[[[0.8467,47.3643],[0.8461,47.3625],[0.8415,47.3601],[0.8378,47.3553],[0.8419,47.3539],[0.838,47.3501],[0.8277,47.3461],[0.8262,47.3445],[0.8225,47.3441],[0.8159,47.3401],[0.8128,47.3395],[0.8103,47.3359],[0.8074,47.3351],[0.8058,47.3319],[0.8041,47.3312],[0.8002,47.3271],[0.7916,47.3274],[0.7896,47.3382],[0.784,47.3437],[0.7835,47.3454],[0.787,47.353],[0.7923,47.3655],[0.797,47.3723],[0.8007,47.3714],[0.8088,47.3713],[0.819,47.3674],[0.8236,47.367],[0.8272,47.3676],[0.8329,47.3672],[0.8382,47.3654],[0.8467,47.3643]]]}},{"type":"Feature","properties":{"code":"37268","nom":"Verneuil-le-Château","pop":124},"geometry":{"type":"Polygon","coordinates":[[[0.434,47.0415],[0.4363,47.0452],[0.4421,47.0516],[0.4445,47.0504],[0.4463,47.0522],[0.4511,47.0515],[0.4613,47.0587],[0.4647,47.0597],[0.467,47.0591],[0.4711,47.0558],[0.4751,47.0584],[0.4752,47.0571],[0.4812,47.0504],[0.4765,47.0472],[0.4782,47.0458],[0.4799,47.041],[0.4805,47.0363],[0.4725,47.0358],[0.4659,47.0332],[0.4618,47.0344],[0.4601,47.0327],[0.4561,47.0324],[0.4552,47.0297],[0.448,47.0299],[0.4438,47.0284],[0.4397,47.0258],[0.433,47.0293],[0.4352,47.0344],[0.4355,47.0387],[0.434,47.0415]]]}},{"type":"Feature","properties":{"code":"37269","nom":"Verneuil-sur-Indre","pop":466},"geometry":{"type":"Polygon","coordinates":[[[1.0776,47.0158],[1.074,47.0099],[1.0755,47.0091],[1.068,47.0067],[1.0714,47.006],[1.0743,47.0037],[1.069,46.9999],[1.0665,47],[1.0615,46.9989],[1.0591,46.9969],[1.0564,46.9965],[1.0491,46.9982],[1.0457,46.9978],[1.038,46.9997],[1.0334,47.0003],[1.0294,46.9989],[1.0217,46.9994],[1.021,47.0019],[1.0188,47.004],[1.0102,47.0085],[1.0046,47.0088],[1.0003,47.0112],[0.9953,47.0185],[0.9928,47.0245],[0.9868,47.0268],[0.9787,47.0279],[0.9775,47.0318],[0.9839,47.0335],[0.9854,47.0359],[0.9877,47.0369],[0.9912,47.0414],[0.9943,47.0416],[0.9947,47.0441],[0.9938,47.0497],[0.9952,47.0549],[1.0041,47.0595],[1.0061,47.0558],[1.0165,47.0619],[1.0184,47.0624],[1.0219,47.066],[1.0294,47.066],[1.0324,47.0674],[1.0343,47.0665],[1.0403,47.0665],[1.0422,47.0701],[1.0442,47.0717],[1.0497,47.0709],[1.0541,47.0744],[1.0541,47.077],[1.057,47.0816],[1.0613,47.08],[1.0656,47.0806],[1.069,47.0785],[1.0725,47.0789],[1.0728,47.0763],[1.076,47.0754],[1.0733,47.0731],[1.0772,47.0707],[1.0807,47.0715],[1.0822,47.0666],[1.085,47.0638],[1.084,47.0627],[1.0807,47.0606],[1.0763,47.0606],[1.0739,47.0586],[1.0688,47.0529],[1.0685,47.0507],[1.0652,47.0475],[1.0601,47.0458],[1.0598,47.0484],[1.0578,47.0487],[1.054,47.0342],[1.0504,47.0241],[1.0526,47.0231],[1.0541,47.0171],[1.0565,47.0164],[1.0657,47.0165],[1.0674,47.016],[1.0776,47.0158]]]}},{"type":"Feature","properties":{"code":"37270","nom":"Vernou-sur-Brenne","pop":2870},"geometry":{"type":"Polygon","coordinates":[[[0.8461,47.4658],[0.8474,47.4632],[0.8477,47.4596],[0.8463,47.4552],[0.8505,47.4493],[0.8573,47.4451],[0.8556,47.4431],[0.8625,47.4431],[0.8654,47.4411],[0.8652,47.4387],[0.8607,47.4347],[0.8595,47.4317],[0.8623,47.4286],[0.8638,47.4295],[0.868,47.4274],[0.8696,47.4276],[0.8702,47.4255],[0.8647,47.4219],[0.8662,47.4167],[0.8634,47.4162],[0.8658,47.4096],[0.868,47.4082],[0.8681,47.4048],[0.8704,47.3975],[0.8655,47.3976],[0.8438,47.3929],[0.835,47.3924],[0.8327,47.3927],[0.8336,47.3965],[0.8386,47.4122],[0.8389,47.4144],[0.8312,47.4146],[0.8282,47.4161],[0.8284,47.4209],[0.8222,47.4207],[0.8197,47.4291],[0.8183,47.4322],[0.814,47.4382],[0.817,47.4419],[0.8183,47.4448],[0.8169,47.4469],[0.811,47.4477],[0.8123,47.452],[0.817,47.4556],[0.8191,47.4604],[0.8211,47.4639],[0.8212,47.466],[0.8234,47.4699],[0.8194,47.4749],[0.8199,47.4821],[0.8222,47.4841],[0.8209,47.4873],[0.8278,47.4851],[0.842,47.4847],[0.8422,47.4824],[0.8443,47.4776],[0.8446,47.4715],[0.8461,47.4658]]]}},{"type":"Feature","properties":{"code":"37271","nom":"Villaines-les-Rochers","pop":1051},"geometry":{"type":"Polygon","coordinates":[[[0.4767,47.2278],[0.4731,47.2274],[0.469,47.2301],[0.4761,47.233],[0.4784,47.2398],[0.481,47.2404],[0.4846,47.244],[0.4903,47.2451],[0.4913,47.2429],[0.4972,47.2422],[0.4981,47.237],[0.4975,47.2351],[0.5046,47.234],[0.5096,47.2309],[0.5138,47.2308],[0.5159,47.2275],[0.516,47.2231],[0.5187,47.2198],[0.5198,47.2138],[0.5217,47.2103],[0.5211,47.2089],[0.5267,47.2037],[0.5205,47.2008],[0.5178,47.201],[0.5168,47.2031],[0.5092,47.2058],[0.5064,47.1999],[0.5032,47.1995],[0.499,47.2004],[0.4972,47.1993],[0.4942,47.2004],[0.4956,47.2033],[0.4884,47.2069],[0.4869,47.2095],[0.4833,47.2074],[0.4799,47.21],[0.4775,47.2103],[0.475,47.2143],[0.4706,47.2173],[0.4704,47.2211],[0.4718,47.2238],[0.4767,47.2278]]]}},{"type":"Feature","properties":{"code":"37272","nom":"Villandry","pop":1143},"geometry":{"type":"Polygon","coordinates":[[[0.4418,47.323],[0.4502,47.3251],[0.4535,47.3278],[0.4586,47.3309],[0.4799,47.3444],[0.4926,47.3471],[0.4919,47.3482],[0.4983,47.3504],[0.5048,47.348],[0.5208,47.3537],[0.5222,47.3504],[0.525,47.3474],[0.5285,47.3487],[0.5304,47.3455],[0.5323,47.3378],[0.5314,47.3358],[0.5339,47.3312],[0.5336,47.3278],[0.5371,47.3253],[0.5377,47.3234],[0.5319,47.3205],[0.533,47.3182],[0.5269,47.3158],[0.5177,47.3154],[0.5159,47.3119],[0.5085,47.313],[0.5082,47.3103],[0.5054,47.3107],[0.5049,47.3133],[0.4997,47.3134],[0.4978,47.3144],[0.4935,47.3136],[0.4901,47.3147],[0.4913,47.3176],[0.4878,47.3191],[0.4863,47.322],[0.48,47.3294],[0.4743,47.3295],[0.4708,47.3283],[0.4707,47.3252],[0.468,47.3245],[0.4656,47.3218],[0.4617,47.3191],[0.4588,47.3183],[0.4567,47.3216],[0.4516,47.3195],[0.4449,47.3179],[0.4418,47.323]]]}},{"type":"Feature","properties":{"code":"37273","nom":"La Ville-aux-Dames","pop":5606},"geometry":{"type":"Polygon","coordinates":[[[0.7808,47.4083],[0.7875,47.4056],[0.7912,47.4046],[0.7896,47.4019],[0.7892,47.3927],[0.7919,47.3904],[0.7908,47.3862],[0.7922,47.383],[0.7887,47.3812],[0.7887,47.3742],[0.7847,47.3744],[0.784,47.3768],[0.7725,47.3786],[0.7683,47.3777],[0.7658,47.3748],[0.7657,47.3707],[0.7639,47.3707],[0.7609,47.3779],[0.7612,47.384],[0.7602,47.3893],[0.7571,47.3931],[0.757,47.3972],[0.7559,47.4001],[0.758,47.4034],[0.7605,47.4039],[0.7598,47.406],[0.7731,47.4082],[0.7808,47.4083]]]}},{"type":"Feature","properties":{"code":"37274","nom":"Villebourg","pop":303},"geometry":{"type":"Polygon","coordinates":[[[0.4984,47.6446],[0.5054,47.6493],[0.5118,47.6519],[0.5166,47.6568],[0.5202,47.6537],[0.523,47.6531],[0.527,47.6547],[0.5337,47.6555],[0.537,47.6571],[0.5431,47.6564],[0.5532,47.6602],[0.5552,47.6638],[0.5593,47.6662],[0.5612,47.6662],[0.5658,47.6642],[0.563,47.6571],[0.5581,47.6578],[0.5563,47.6545],[0.5521,47.6552],[0.55,47.6529],[0.5477,47.6525],[0.549,47.6475],[0.5423,47.6471],[0.5409,47.6455],[0.5366,47.6433],[0.5386,47.641],[0.5386,47.6389],[0.5429,47.6341],[0.5359,47.6325],[0.529,47.6315],[0.5225,47.6285],[0.5224,47.6243],[0.5204,47.6223],[0.5205,47.6193],[0.5188,47.6163],[0.5217,47.6114],[0.5252,47.6091],[0.5245,47.605],[0.5189,47.6024],[0.5168,47.6039],[0.5117,47.604],[0.5061,47.6061],[0.5012,47.6064],[0.5002,47.6081],[0.5082,47.6096],[0.5089,47.612],[0.5042,47.62],[0.5035,47.6296],[0.5084,47.6329],[0.5016,47.6404],[0.4984,47.6446]]]}},{"type":"Feature","properties":{"code":"37275","nom":"Villedômain","pop":129},"geometry":{"type":"Polygon","coordinates":[[[1.2891,47.0634],[1.2866,47.0589],[1.283,47.055],[1.2808,47.0537],[1.2759,47.0528],[1.2702,47.0503],[1.2692,47.0491],[1.2747,47.0457],[1.2776,47.0404],[1.2763,47.0391],[1.268,47.0359],[1.2605,47.0291],[1.2572,47.025],[1.2533,47.0218],[1.2475,47.0209],[1.2457,47.0207],[1.2378,47.0173],[1.232,47.0142],[1.2287,47.0184],[1.2231,47.0244],[1.2067,47.0284],[1.2131,47.0304],[1.2132,47.034],[1.2187,47.0363],[1.223,47.035],[1.2291,47.0385],[1.2309,47.0414],[1.2345,47.0443],[1.2397,47.0461],[1.2449,47.0491],[1.2442,47.0512],[1.2477,47.0525],[1.2516,47.0553],[1.2518,47.0579],[1.2535,47.0615],[1.2576,47.0595],[1.2601,47.0594],[1.2654,47.0701],[1.2696,47.0696],[1.2736,47.0755],[1.2811,47.0761],[1.2843,47.0776],[1.2846,47.075],[1.2902,47.0716],[1.2934,47.0724],[1.2937,47.0713],[1.2918,47.0664],[1.2891,47.0634]]]}},{"type":"Feature","properties":{"code":"37276","nom":"Villedômer","pop":1290},"geometry":{"type":"Polygon","coordinates":[[[0.9152,47.5251],[0.9148,47.5206],[0.9122,47.5172],[0.9104,47.5166],[0.9067,47.5188],[0.8987,47.5202],[0.8934,47.5199],[0.884,47.5211],[0.8823,47.5219],[0.8713,47.5239],[0.872,47.5207],[0.8687,47.5194],[0.87,47.5163],[0.8694,47.5141],[0.8584,47.5154],[0.8547,47.5165],[0.8528,47.5159],[0.8472,47.5173],[0.8444,47.5251],[0.8441,47.5292],[0.843,47.5327],[0.8449,47.5355],[0.8473,47.5369],[0.8469,47.5409],[0.8431,47.5416],[0.8428,47.5433],[0.8467,47.5442],[0.8466,47.5462],[0.8426,47.5515],[0.8333,47.5591],[0.8297,47.561],[0.8287,47.5634],[0.8229,47.5638],[0.8211,47.5682],[0.8241,47.5728],[0.8305,47.5772],[0.8302,47.5795],[0.838,47.5805],[0.8414,47.5824],[0.8497,47.5823],[0.8554,47.5811],[0.8597,47.5817],[0.8679,47.5842],[0.8812,47.5861],[0.8872,47.5855],[0.8913,47.5861],[0.9005,47.5816],[0.8997,47.5787],[0.9023,47.5775],[0.9025,47.5753],[0.8997,47.5746],[0.8974,47.5712],[0.8989,47.5685],[0.8967,47.5665],[0.8939,47.5623],[0.8948,47.5605],[0.8927,47.5579],[0.8922,47.5547],[0.8893,47.5522],[0.8919,47.5477],[0.8947,47.5458],[0.8986,47.5498],[0.9027,47.5526],[0.9029,47.5539],[0.9081,47.5538],[0.9111,47.5492],[0.912,47.5465],[0.9096,47.5427],[0.9016,47.5434],[0.905,47.5354],[0.9047,47.5328],[0.9081,47.5288],[0.9123,47.5284],[0.915,47.5273],[0.9152,47.5251]]]}},{"type":"Feature","properties":{"code":"37277","nom":"Villeloin-Coulangé","pop":580},"geometry":{"type":"Polygon","coordinates":[[[1.2715,47.1658],[1.2648,47.1633],[1.2689,47.1599],[1.2661,47.1568],[1.2681,47.1547],[1.2685,47.1516],[1.2673,47.1477],[1.2681,47.1412],[1.2639,47.1407],[1.2647,47.1379],[1.2638,47.1319],[1.2655,47.1277],[1.2655,47.1246],[1.2725,47.1222],[1.2768,47.1185],[1.2864,47.1125],[1.2825,47.1048],[1.2806,47.1049],[1.2789,47.102],[1.275,47.0985],[1.2755,47.0974],[1.2735,47.0933],[1.2695,47.0932],[1.2666,47.0957],[1.2633,47.0964],[1.2579,47.0997],[1.2552,47.1056],[1.2516,47.1092],[1.2469,47.112],[1.2458,47.1146],[1.2437,47.1148],[1.2407,47.117],[1.2382,47.1173],[1.2345,47.1201],[1.2284,47.1175],[1.2248,47.1184],[1.2238,47.1201],[1.2174,47.119],[1.2068,47.1188],[1.2027,47.1181],[1.1916,47.1145],[1.1887,47.1166],[1.1743,47.1249],[1.1755,47.1315],[1.1778,47.1347],[1.1838,47.1361],[1.1906,47.1346],[1.1913,47.1375],[1.1882,47.1391],[1.1954,47.1409],[1.1969,47.145],[1.1993,47.1482],[1.2103,47.1486],[1.2117,47.149],[1.2137,47.1514],[1.2157,47.1512],[1.22,47.1528],[1.2207,47.1562],[1.2256,47.162],[1.2247,47.1665],[1.2271,47.1665],[1.2353,47.1694],[1.2442,47.175],[1.2495,47.1722],[1.2535,47.171],[1.2612,47.1699],[1.2686,47.1674],[1.2715,47.1658]]]}},{"type":"Feature","properties":{"code":"37278","nom":"Villeperdue","pop":1126},"geometry":{"type":"Polygon","coordinates":[[[0.6578,47.1779],[0.6512,47.1797],[0.6528,47.182],[0.6289,47.1846],[0.6284,47.183],[0.6126,47.1847],[0.6113,47.1878],[0.609,47.1886],[0.6102,47.1945],[0.6105,47.1996],[0.614,47.1991],[0.6164,47.2071],[0.6151,47.2083],[0.6182,47.2102],[0.6247,47.2095],[0.6326,47.2064],[0.6363,47.2057],[0.6387,47.2096],[0.6379,47.2125],[0.6394,47.2164],[0.6388,47.2176],[0.6419,47.2202],[0.6455,47.2244],[0.6485,47.2261],[0.6516,47.2231],[0.6532,47.214],[0.656,47.2059],[0.659,47.2026],[0.657,47.1996],[0.6624,47.2005],[0.663,47.1983],[0.6591,47.1947],[0.656,47.1929],[0.6589,47.1914],[0.6648,47.1903],[0.6599,47.1817],[0.6578,47.1779]]]}},{"type":"Feature","properties":{"code":"37279","nom":"Villiers-au-Bouin","pop":727},"geometry":{"type":"Polygon","coordinates":[[[0.3021,47.5472],[0.2911,47.5465],[0.2893,47.5472],[0.2915,47.5476],[0.2911,47.5505],[0.284,47.5547],[0.2889,47.559],[0.2884,47.5609],[0.2825,47.5642],[0.2715,47.5714],[0.2688,47.5746],[0.2646,47.5757],[0.2622,47.5751],[0.2535,47.5781],[0.2498,47.5799],[0.2429,47.5793],[0.238,47.577],[0.2345,47.5784],[0.2339,47.5805],[0.2296,47.5847],[0.2315,47.5851],[0.2339,47.5899],[0.2337,47.5929],[0.2319,47.5963],[0.2327,47.6008],[0.2324,47.6058],[0.2299,47.6085],[0.2307,47.6108],[0.2359,47.6118],[0.2395,47.6106],[0.2459,47.6106],[0.2511,47.6132],[0.2553,47.6116],[0.2591,47.6123],[0.2624,47.6087],[0.2677,47.6088],[0.27,47.6052],[0.2675,47.6027],[0.2721,47.6014],[0.2768,47.5977],[0.281,47.5981],[0.2892,47.5979],[0.2977,47.5969],[0.302,47.5959],[0.3129,47.5953],[0.3221,47.5954],[0.323,47.593],[0.3272,47.592],[0.3323,47.5896],[0.3329,47.5875],[0.3376,47.5856],[0.3398,47.5829],[0.3391,47.5797],[0.3371,47.578],[0.336,47.5719],[0.3317,47.5716],[0.3282,47.5655],[0.3221,47.5627],[0.3179,47.5593],[0.3157,47.5602],[0.3071,47.5561],[0.306,47.5505],[0.3011,47.5495],[0.3021,47.5472]]]}},{"type":"Feature","properties":{"code":"37280","nom":"Vou","pop":247},"geometry":{"type":"Polygon","coordinates":[[[0.8474,47.0637],[0.8425,47.0635],[0.8319,47.0681],[0.8304,47.0693],[0.8324,47.0722],[0.827,47.0763],[0.825,47.0815],[0.822,47.0823],[0.8166,47.0851],[0.8174,47.0875],[0.8135,47.096],[0.8148,47.0985],[0.8107,47.1029],[0.8198,47.1081],[0.8301,47.1114],[0.8326,47.1135],[0.8394,47.1165],[0.8444,47.1205],[0.8477,47.1219],[0.8526,47.1221],[0.8582,47.1209],[0.8639,47.1203],[0.8693,47.1214],[0.8804,47.1106],[0.8711,47.1113],[0.872,47.1063],[0.8749,47.1029],[0.8747,47.1],[0.872,47.098],[0.8691,47.0981],[0.8714,47.0936],[0.8694,47.0889],[0.8697,47.0857],[0.8718,47.0813],[0.875,47.0781],[0.8755,47.0765],[0.8752,47.0745],[0.8689,47.0732],[0.8687,47.0721],[0.8635,47.0703],[0.8575,47.0693],[0.8548,47.0679],[0.8528,47.0651],[0.8474,47.0637]]]}},{"type":"Feature","properties":{"code":"37281","nom":"Vouvray","pop":3420},"geometry":{"type":"Polygon","coordinates":[[[0.7912,47.4046],[0.7875,47.4056],[0.7808,47.4083],[0.7818,47.4115],[0.7804,47.4128],[0.7759,47.4135],[0.7763,47.4205],[0.7745,47.4267],[0.7726,47.427],[0.7736,47.4306],[0.7699,47.4311],[0.7716,47.4343],[0.7759,47.4392],[0.7789,47.4405],[0.7842,47.4408],[0.7915,47.4441],[0.7876,47.4504],[0.7866,47.4533],[0.7886,47.4575],[0.791,47.4605],[0.794,47.4669],[0.8036,47.4695],[0.8076,47.4671],[0.8123,47.4658],[0.8112,47.4634],[0.816,47.4621],[0.8191,47.4604],[0.817,47.4556],[0.8123,47.452],[0.811,47.4477],[0.8169,47.4469],[0.8183,47.4448],[0.817,47.4419],[0.814,47.4382],[0.8183,47.4322],[0.8197,47.4291],[0.8222,47.4207],[0.8284,47.4209],[0.8282,47.4161],[0.8312,47.4146],[0.8389,47.4144],[0.8386,47.4122],[0.8336,47.3965],[0.8327,47.3927],[0.8286,47.3941],[0.8202,47.3936],[0.8156,47.3948],[0.8064,47.3987],[0.8062,47.3997],[0.7986,47.4034],[0.7912,47.4046]]]}},{"type":"Feature","properties":{"code":"37282","nom":"Yzeures-sur-Creuse","pop":1348},"geometry":{"type":"Polygon","coordinates":[[[0.8101,46.8142],[0.8098,46.8159],[0.8163,46.8167],[0.8215,46.8185],[0.825,46.8106],[0.8363,46.8159],[0.8423,46.8227],[0.8441,46.8229],[0.8522,46.8213],[0.8555,46.822],[0.8581,46.8236],[0.8698,46.8254],[0.8739,46.8264],[0.8763,46.8237],[0.8853,46.8261],[0.8878,46.8241],[0.8884,46.8206],[0.8916,46.8165],[0.8986,46.8164],[0.9023,46.8153],[0.9137,46.816],[0.9167,46.8159],[0.9204,46.8089],[0.9233,46.8064],[0.924,46.8041],[0.9322,46.8034],[0.9355,46.8018],[0.9434,46.8019],[0.9443,46.7999],[0.9445,46.7912],[0.9422,46.7904],[0.9276,46.777],[0.9232,46.7748],[0.9198,46.7718],[0.9198,46.7698],[0.9161,46.7655],[0.9135,46.7658],[0.9124,46.7633],[0.9118,46.7592],[0.9167,46.7565],[0.9126,46.7567],[0.9061,46.7589],[0.9042,46.757],[0.9042,46.7544],[0.8973,46.7563],[0.8846,46.7549],[0.8781,46.7517],[0.8674,46.7482],[0.8645,46.7525],[0.8598,46.7559],[0.8591,46.76],[0.857,46.7609],[0.8537,46.7602],[0.8484,46.7607],[0.8429,46.7643],[0.8418,46.768],[0.8363,46.7706],[0.8346,46.7738],[0.8281,46.7771],[0.8276,46.7793],[0.8296,46.7846],[0.8261,46.7877],[0.8151,46.7884],[0.8119,46.7948],[0.8126,46.7999],[0.8156,46.802],[0.8169,46.8043],[0.8152,46.806],[0.8106,46.8081],[0.8101,46.8142]]]}}]}