{"type":"FeatureCollection","features":[{"type":"Feature","properties":{"code":"40001","nom":"Aire-sur-l'Adour","pop":6211},"geometry":{"type":"Polygon","coordinates":[[[-0.194,43.737],[-0.1975,43.7358],[-0.2022,43.733],[-0.2023,43.7301],[-0.2116,43.7238],[-0.2133,43.7236],[-0.2222,43.719],[-0.2268,43.7172],[-0.2299,43.7145],[-0.2344,43.7143],[-0.2396,43.712],[-0.243,43.7125],[-0.2505,43.708],[-0.2454,43.7049],[-0.2454,43.703],[-0.2433,43.7019],[-0.2453,43.6992],[-0.2408,43.6975],[-0.2386,43.6931],[-0.2428,43.691],[-0.2448,43.6875],[-0.247,43.6892],[-0.2482,43.686],[-0.2511,43.6841],[-0.2568,43.6832],[-0.2572,43.681],[-0.2557,43.678],[-0.2581,43.6737],[-0.2527,43.6722],[-0.2454,43.6713],[-0.2397,43.6712],[-0.2396,43.6699],[-0.2445,43.6652],[-0.2431,43.664],[-0.2444,43.6614],[-0.2429,43.6578],[-0.2433,43.6546],[-0.2473,43.6554],[-0.2525,43.6532],[-0.2564,43.6526],[-0.2606,43.6536],[-0.2643,43.6515],[-0.2612,43.6491],[-0.262,43.6479],[-0.2639,43.6445],[-0.264,43.6416],[-0.263,43.6371],[-0.2637,43.636],[-0.2732,43.639],[-0.2797,43.6425],[-0.2821,43.6429],[-0.2805,43.6441],[-0.2766,43.6424],[-0.2747,43.6446],[-0.2741,43.6472],[-0.2815,43.6488],[-0.2824,43.6518],[-0.2869,43.652],[-0.2889,43.6497],[-0.3011,43.6477],[-0.3058,43.6502],[-0.3089,43.6574],[-0.3124,43.6607],[-0.3183,43.6693],[-0.3178,43.6726],[-0.3159,43.6748],[-0.3152,43.6776],[-0.3169,43.6828],[-0.3166,43.6854],[-0.3182,43.6887],[-0.3164,43.6937],[-0.3138,43.6937],[-0.3101,43.6903],[-0.3058,43.6904],[-0.3002,43.6918],[-0.301,43.6986],[-0.3023,43.702],[-0.3044,43.7032],[-0.3018,43.7048],[-0.2961,43.7049],[-0.2897,43.7059],[-0.2851,43.7051],[-0.2832,43.7097],[-0.2824,43.7157],[-0.2787,43.719],[-0.2784,43.7217],[-0.2752,43.7272],[-0.2746,43.7305],[-0.2773,43.7339],[-0.2813,43.7333],[-0.2827,43.7314],[-0.2849,43.7322],[-0.2874,43.7366],[-0.2909,43.7371],[-0.293,43.7397],[-0.2895,43.7435],[-0.2908,43.7444],[-0.2948,43.7442],[-0.2971,43.7455],[-0.2958,43.7499],[-0.2877,43.7504],[-0.287,43.7487],[-0.2839,43.748],[-0.2805,43.7455],[-0.2742,43.7439],[-0.2744,43.7416],[-0.2704,43.7402],[-0.2663,43.7415],[-0.2623,43.7443],[-0.2557,43.7439],[-0.2529,43.7449],[-0.246,43.744],[-0.24,43.7459],[-0.2364,43.7423],[-0.2339,43.7421],[-0.2303,43.745],[-0.2215,43.7498],[-0.2181,43.7497],[-0.214,43.75],[-0.2056,43.7498],[-0.1973,43.7475],[-0.1952,43.7452],[-0.1958,43.7403],[-0.194,43.737]]]}},{"type":"Feature","properties":{"code":"40002","nom":"Amou","pop":1550},"geometry":{"type":"Polygon","coordinates":[[[-0.7339,43.5558],[-0.7431,43.56],[-0.7512,43.5651],[-0.7524,43.5665],[-0.7583,43.5708],[-0.7609,43.5721],[-0.763,43.5746],[-0.7665,43.5766],[-0.7683,43.5795],[-0.7703,43.5792],[-0.7755,43.5849],[-0.7773,43.5906],[-0.7786,43.593],[-0.7772,43.5968],[-0.7808,43.5969],[-0.781,43.5983],[-0.7799,43.5989],[-0.78,43.603],[-0.777,43.6058],[-0.7691,43.6085],[-0.7696,43.6101],[-0.7669,43.6147],[-0.7675,43.6183],[-0.7658,43.62],[-0.7633,43.6201],[-0.7618,43.6224],[-0.7584,43.6223],[-0.7555,43.6209],[-0.7505,43.6214],[-0.7479,43.6204],[-0.7441,43.6219],[-0.739,43.622],[-0.7364,43.6206],[-0.731,43.6206],[-0.7299,43.6187],[-0.7209,43.6153],[-0.7151,43.6159],[-0.7123,43.6139],[-0.7149,43.6085],[-0.714,43.6017],[-0.7133,43.6011],[-0.7138,43.5947],[-0.712,43.5898],[-0.7141,43.5875],[-0.7145,43.5822],[-0.7132,43.582],[-0.7134,43.5804],[-0.7167,43.5778],[-0.7225,43.5742],[-0.7258,43.576],[-0.7285,43.572],[-0.7254,43.569],[-0.7256,43.5666],[-0.7292,43.5642],[-0.7302,43.5615],[-0.7339,43.5558]]]}},{"type":"Feature","properties":{"code":"40003","nom":"Angoumé","pop":261},"geometry":{"type":"Polygon","coordinates":[[[-1.1305,43.6802],[-1.1336,43.6816],[-1.1443,43.6852],[-1.1495,43.6889],[-1.1513,43.6915],[-1.1586,43.7092],[-1.1594,43.7136],[-1.1683,43.7361],[-1.1472,43.7134],[-1.1323,43.7003],[-1.1297,43.6972],[-1.1222,43.6906],[-1.118,43.6884],[-1.1136,43.6873],[-1.1101,43.6851],[-1.117,43.6819],[-1.1243,43.6816],[-1.128,43.682],[-1.1305,43.6802]]]}},{"type":"Feature","properties":{"code":"40004","nom":"Angresse","pop":2277},"geometry":{"type":"Polygon","coordinates":[[[-1.373,43.6711],[-1.369,43.6695],[-1.3635,43.6709],[-1.3534,43.6655],[-1.3502,43.6643],[-1.3427,43.6639],[-1.339,43.6616],[-1.3322,43.6603],[-1.3268,43.6605],[-1.3291,43.6554],[-1.3321,43.6528],[-1.3348,43.6515],[-1.34,43.6528],[-1.3435,43.6543],[-1.3589,43.6522],[-1.3674,43.6517],[-1.3716,43.6493],[-1.38,43.6471],[-1.3861,43.6482],[-1.3913,43.6479],[-1.3955,43.6489],[-1.398,43.6522],[-1.382,43.6602],[-1.373,43.6711]]]}},{"type":"Feature","properties":{"code":"40005","nom":"Arboucave","pop":220},"geometry":{"type":"Polygon","coordinates":[[[-0.4165,43.6142],[-0.4136,43.6104],[-0.4143,43.607],[-0.42,43.6032],[-0.4225,43.602],[-0.4242,43.603],[-0.4283,43.6007],[-0.429,43.5957],[-0.4322,43.5932],[-0.4349,43.5949],[-0.4388,43.5931],[-0.4414,43.5935],[-0.4454,43.5943],[-0.4473,43.596],[-0.4499,43.5957],[-0.4611,43.5869],[-0.4648,43.5895],[-0.4709,43.601],[-0.4683,43.6031],[-0.457,43.6114],[-0.4498,43.6162],[-0.4456,43.6162],[-0.4443,43.6177],[-0.4383,43.6203],[-0.4392,43.6247],[-0.4341,43.6256],[-0.4339,43.6239],[-0.427,43.6204],[-0.4244,43.6197],[-0.421,43.6158],[-0.4165,43.6142]]]}},{"type":"Feature","properties":{"code":"40006","nom":"Arengosse","pop":711},"geometry":{"type":"Polygon","coordinates":[[[-0.8244,44.0828],[-0.7858,44.0866],[-0.7671,44.0701],[-0.7448,44.0677],[-0.7435,44.0684],[-0.7391,44.0662],[-0.7352,44.0599],[-0.7401,44.0527],[-0.7428,44.0476],[-0.749,44.0395],[-0.7499,44.027],[-0.7518,44.0156],[-0.7515,44.0117],[-0.7554,44.0069],[-0.7561,44.0024],[-0.7585,43.9971],[-0.7619,43.9924],[-0.762,43.9904],[-0.7642,43.9887],[-0.7669,43.9892],[-0.7759,43.9893],[-0.7765,43.9874],[-0.7797,43.9851],[-0.7839,43.9838],[-0.777,43.9749],[-0.7797,43.9732],[-0.7853,43.9742],[-0.8025,43.9757],[-0.8066,43.9768],[-0.8103,43.9786],[-0.8166,43.9802],[-0.8195,43.9803],[-0.8177,43.9887],[-0.8209,43.9929],[-0.8156,43.995],[-0.816,43.9991],[-0.8172,44.0011],[-0.821,44.0028],[-0.819,44.0048],[-0.8202,44.0093],[-0.8175,44.0152],[-0.8149,44.0185],[-0.8147,44.0215],[-0.8157,44.0259],[-0.8171,44.0291],[-0.8216,44.0334],[-0.8244,44.0464],[-0.8271,44.057],[-0.8244,44.0828]]]}},{"type":"Feature","properties":{"code":"40007","nom":"Argelos","pop":160},"geometry":{"type":"Polygon","coordinates":[[[-0.6231,43.6009],[-0.6196,43.5997],[-0.6148,43.5953],[-0.612,43.5944],[-0.6148,43.5924],[-0.6106,43.5848],[-0.6095,43.5805],[-0.6031,43.5757],[-0.606,43.5767],[-0.6097,43.5737],[-0.611,43.5717],[-0.6114,43.5672],[-0.616,43.5633],[-0.6196,43.5621],[-0.626,43.5627],[-0.6278,43.5641],[-0.6284,43.5665],[-0.6325,43.5683],[-0.6303,43.5718],[-0.6312,43.575],[-0.6297,43.5762],[-0.6354,43.5811],[-0.6361,43.5862],[-0.6354,43.5882],[-0.633,43.5901],[-0.6269,43.5923],[-0.6271,43.5962],[-0.6314,43.5985],[-0.6334,43.5982],[-0.6325,43.5997],[-0.6282,43.6005],[-0.6268,43.5991],[-0.6231,43.6009]]]}},{"type":"Feature","properties":{"code":"40008","nom":"Argelouse","pop":92},"geometry":{"type":"Polygon","coordinates":[[[-0.6424,44.4001],[-0.6383,44.3991],[-0.6336,44.4001],[-0.6317,44.3996],[-0.6027,44.3908],[-0.5995,44.378],[-0.6035,44.3652],[-0.6109,44.3525],[-0.6148,44.3512],[-0.6227,44.3455],[-0.6338,44.349],[-0.6325,44.3503],[-0.6351,44.3523],[-0.6418,44.355],[-0.6457,44.3536],[-0.6665,44.3478],[-0.6724,44.3485],[-0.6664,44.3607],[-0.6628,44.3688],[-0.6582,44.3723],[-0.6604,44.3757],[-0.6583,44.3793],[-0.6546,44.3814],[-0.6424,44.4001]]]}},{"type":"Feature","properties":{"code":"40011","nom":"Arsague","pop":348},"geometry":{"type":"Polygon","coordinates":[[[-0.7703,43.5792],[-0.7722,43.5785],[-0.7801,43.5778],[-0.7824,43.5767],[-0.783,43.5731],[-0.7809,43.5685],[-0.782,43.5643],[-0.7892,43.5632],[-0.7939,43.564],[-0.7957,43.5658],[-0.7957,43.5679],[-0.7983,43.5685],[-0.7997,43.571],[-0.8055,43.5762],[-0.8068,43.5828],[-0.8077,43.5845],[-0.8053,43.5877],[-0.8019,43.5943],[-0.7989,43.5953],[-0.7894,43.5956],[-0.7888,43.5983],[-0.7857,43.5988],[-0.781,43.5983],[-0.7808,43.5969],[-0.7772,43.5968],[-0.7786,43.593],[-0.7773,43.5906],[-0.7755,43.5849],[-0.7703,43.5792]]]}},{"type":"Feature","properties":{"code":"40012","nom":"Artassenx","pop":262},"geometry":{"type":"Polygon","coordinates":[[[-0.3758,43.8466],[-0.376,43.8459],[-0.3769,43.8445],[-0.3837,43.8414],[-0.3885,43.8371],[-0.3895,43.8329],[-0.3908,43.8314],[-0.4015,43.834],[-0.4075,43.8371],[-0.4126,43.8379],[-0.4142,43.8407],[-0.4119,43.8481],[-0.41,43.8495],[-0.4081,43.8501],[-0.4065,43.8525],[-0.3999,43.8542],[-0.3989,43.8569],[-0.3964,43.8599],[-0.392,43.8602],[-0.385,43.8567],[-0.3839,43.8542],[-0.3841,43.8489],[-0.3809,43.8462],[-0.3758,43.8466]]]}},{"type":"Feature","properties":{"code":"40013","nom":"Arthez-d'Armagnac","pop":92},"geometry":{"type":"Polygon","coordinates":[[[-0.2403,43.8979],[-0.2366,43.897],[-0.2347,43.8955],[-0.2386,43.8939],[-0.234,43.891],[-0.2253,43.8901],[-0.224,43.8921],[-0.2212,43.8925],[-0.2189,43.8906],[-0.2153,43.8889],[-0.2152,43.8858],[-0.212,43.8816],[-0.2091,43.8807],[-0.213,43.8768],[-0.2174,43.8764],[-0.2232,43.8707],[-0.225,43.8732],[-0.2315,43.8761],[-0.2382,43.8775],[-0.2442,43.881],[-0.2485,43.8799],[-0.2516,43.8801],[-0.2549,43.8813],[-0.2618,43.886],[-0.2678,43.8832],[-0.2735,43.8851],[-0.2735,43.8883],[-0.2713,43.8921],[-0.2727,43.8931],[-0.2753,43.8947],[-0.2797,43.8959],[-0.283,43.8994],[-0.2754,43.9003],[-0.274,43.9044],[-0.2715,43.9048],[-0.273,43.9083],[-0.2754,43.9095],[-0.2751,43.912],[-0.2771,43.913],[-0.2767,43.9156],[-0.2747,43.9195],[-0.2748,43.9173],[-0.2717,43.9163],[-0.2721,43.9149],[-0.2698,43.9125],[-0.2671,43.9118],[-0.2649,43.91],[-0.2641,43.9073],[-0.2652,43.9062],[-0.2608,43.8997],[-0.2549,43.9017],[-0.2514,43.9022],[-0.2482,43.9041],[-0.2457,43.9042],[-0.2403,43.8979]]]}},{"type":"Feature","properties":{"code":"40014","nom":"Arue","pop":356},"geometry":{"type":"Polygon","coordinates":[[[-0.4036,44.0074],[-0.4019,44.0113],[-0.4035,44.0131],[-0.4031,44.0156],[-0.4013,44.0174],[-0.406,44.0221],[-0.4111,44.0236],[-0.4123,44.0252],[-0.4104,44.0296],[-0.4173,44.0313],[-0.4224,44.034],[-0.4254,44.034],[-0.4241,44.0368],[-0.4325,44.0374],[-0.4406,44.0412],[-0.4373,44.0475],[-0.4361,44.0519],[-0.4327,44.0512],[-0.4263,44.0529],[-0.4098,44.0531],[-0.3974,44.0503],[-0.3766,44.0517],[-0.3607,44.051],[-0.3594,44.0588],[-0.3564,44.0589],[-0.3584,44.0625],[-0.3586,44.0669],[-0.3639,44.071],[-0.3783,44.0785],[-0.3779,44.0834],[-0.3662,44.0963],[-0.3519,44.0967],[-0.3103,44.0866],[-0.2967,44.0837],[-0.2933,44.0822],[-0.2893,44.0823],[-0.2869,44.0786],[-0.2842,44.0766],[-0.2839,44.0736],[-0.2856,44.0723],[-0.2837,44.0692],[-0.2841,44.0651],[-0.286,44.0626],[-0.2839,44.0613],[-0.2862,44.0583],[-0.2897,44.0575],[-0.2935,44.0555],[-0.296,44.055],[-0.2986,44.0528],[-0.3024,44.0524],[-0.3031,44.0504],[-0.3106,44.0456],[-0.313,44.0451],[-0.3179,44.0464],[-0.3174,44.0496],[-0.3217,44.0494],[-0.326,44.0474],[-0.3319,44.0478],[-0.3381,44.0476],[-0.3375,44.0461],[-0.344,44.0452],[-0.349,44.0463],[-0.3479,44.0441],[-0.3522,44.0409],[-0.3485,44.0358],[-0.3506,44.0341],[-0.3519,44.0308],[-0.3552,44.0314],[-0.359,44.03],[-0.3619,44.0303],[-0.3629,44.0333],[-0.3689,44.0325],[-0.3724,44.0299],[-0.3777,44.0271],[-0.3784,44.0254],[-0.3834,44.0231],[-0.3876,44.019],[-0.3949,44.0136],[-0.3935,44.0115],[-0.3965,44.0101],[-0.3956,44.0076],[-0.4003,44.0066],[-0.4036,44.0074]]]}},{"type":"Feature","properties":{"code":"40015","nom":"Arx","pop":57},"geometry":{"type":"Polygon","coordinates":[[[0.0346,44.1307],[0.0366,44.1307],[0.0627,44.129],[0.0749,44.1277],[0.078,44.1281],[0.0998,44.1268],[0.1195,44.1252],[0.1361,44.1242],[0.1307,44.1217],[0.132,44.1178],[0.1358,44.1134],[0.1368,44.1098],[0.1314,44.1066],[0.1276,44.1067],[0.1265,44.1052],[0.1235,44.1051],[0.1224,44.1021],[0.1174,44.1],[0.1169,44.0973],[0.114,44.0967],[0.1132,44.0941],[0.1092,44.0926],[0.1009,44.0866],[0.093,44.0908],[0.0868,44.0927],[0.0773,44.0941],[0.0708,44.0961],[0.0687,44.098],[0.0636,44.1001],[0.0626,44.103],[0.0603,44.1054],[0.0553,44.1078],[0.0521,44.1108],[0.0318,44.1178],[0.0346,44.1307]]]}},{"type":"Feature","properties":{"code":"40016","nom":"Aubagnan","pop":277},"geometry":{"type":"Polygon","coordinates":[[[-0.4885,43.6742],[-0.4891,43.6715],[-0.4853,43.6683],[-0.4858,43.6663],[-0.481,43.6575],[-0.4851,43.6532],[-0.4876,43.6529],[-0.4915,43.6531],[-0.4946,43.6565],[-0.4981,43.6566],[-0.4975,43.6585],[-0.503,43.661],[-0.5028,43.6624],[-0.5079,43.6682],[-0.5116,43.6691],[-0.5122,43.6719],[-0.5154,43.6727],[-0.5181,43.677],[-0.5149,43.677],[-0.5126,43.6744],[-0.5085,43.6733],[-0.5062,43.6738],[-0.5032,43.6724],[-0.5006,43.6727],[-0.4991,43.6699],[-0.4955,43.671],[-0.4915,43.6747],[-0.4885,43.6742]]]}},{"type":"Feature","properties":{"code":"40017","nom":"Audignon","pop":386},"geometry":{"type":"Polygon","coordinates":[[[-0.6133,43.7103],[-0.6186,43.7107],[-0.6195,43.7166],[-0.6102,43.7208],[-0.6116,43.7223],[-0.6084,43.7261],[-0.6021,43.7277],[-0.6049,43.7339],[-0.6073,43.7355],[-0.6069,43.737],[-0.6107,43.7383],[-0.6098,43.7389],[-0.6011,43.7377],[-0.5985,43.7394],[-0.5946,43.7362],[-0.5846,43.7378],[-0.5738,43.7379],[-0.5711,43.7355],[-0.5705,43.7326],[-0.5689,43.7282],[-0.5739,43.7224],[-0.5719,43.7158],[-0.5723,43.7088],[-0.5754,43.7089],[-0.582,43.711],[-0.5865,43.7116],[-0.5944,43.711],[-0.5959,43.7086],[-0.5976,43.7108],[-0.5997,43.7108],[-0.6024,43.7139],[-0.6071,43.7113],[-0.6133,43.7103]]]}},{"type":"Feature","properties":{"code":"40018","nom":"Audon","pop":409},"geometry":{"type":"Polygon","coordinates":[[[-0.813,43.7884],[-0.8158,43.7844],[-0.8216,43.7866],[-0.8256,43.7866],[-0.8276,43.7906],[-0.8293,43.7908],[-0.8375,43.7893],[-0.8404,43.7871],[-0.8453,43.7896],[-0.8473,43.7914],[-0.8485,43.7942],[-0.8521,43.7969],[-0.8584,43.7978],[-0.8612,43.8005],[-0.8549,43.7989],[-0.8521,43.8012],[-0.849,43.7992],[-0.8436,43.7991],[-0.8389,43.8007],[-0.8356,43.8005],[-0.833,43.8047],[-0.8303,43.8076],[-0.8246,43.8106],[-0.8239,43.8125],[-0.8233,43.8148],[-0.8193,43.8137],[-0.8171,43.8146],[-0.813,43.8148],[-0.8076,43.8133],[-0.8041,43.8129],[-0.8045,43.8109],[-0.8013,43.809],[-0.8022,43.8078],[-0.7949,43.8061],[-0.7968,43.8038],[-0.8021,43.8052],[-0.8142,43.795],[-0.8156,43.7914],[-0.8121,43.7893],[-0.813,43.7884]]]}},{"type":"Feature","properties":{"code":"40019","nom":"Aureilhan","pop":1146},"geometry":{"type":"Polygon","coordinates":[[[-1.2005,44.233],[-1.1941,44.2334],[-1.1696,44.2236],[-1.1714,44.2178],[-1.17,44.2141],[-1.1712,44.2092],[-1.1735,44.2047],[-1.1743,44.1998],[-1.1782,44.1936],[-1.1766,44.1853],[-1.1856,44.1879],[-1.1903,44.19],[-1.194,44.1929],[-1.1975,44.1983],[-1.2017,44.201],[-1.2017,44.2027],[-1.205,44.2042],[-1.2058,44.2076],[-1.2095,44.2142],[-1.2135,44.2151],[-1.2146,44.2166],[-1.2005,44.233]]]}},{"type":"Feature","properties":{"code":"40020","nom":"Aurice","pop":633},"geometry":{"type":"Polygon","coordinates":[[[-0.6278,43.8165],[-0.6276,43.8182],[-0.6304,43.826],[-0.6293,43.8265],[-0.6242,43.825],[-0.6172,43.8249],[-0.612,43.8255],[-0.6093,43.8251],[-0.5962,43.829],[-0.5846,43.8293],[-0.5834,43.8275],[-0.5804,43.8276],[-0.5774,43.8238],[-0.574,43.8176],[-0.5763,43.816],[-0.5788,43.8128],[-0.5785,43.8076],[-0.582,43.7991],[-0.5832,43.7985],[-0.5849,43.788],[-0.583,43.7817],[-0.5771,43.7746],[-0.5816,43.7702],[-0.586,43.7696],[-0.5868,43.7724],[-0.5894,43.7732],[-0.5884,43.775],[-0.6029,43.7782],[-0.6045,43.776],[-0.604,43.7727],[-0.609,43.7749],[-0.613,43.7749],[-0.6161,43.776],[-0.6136,43.7817],[-0.6173,43.7827],[-0.6169,43.7855],[-0.6177,43.7875],[-0.6122,43.7885],[-0.6076,43.7879],[-0.6094,43.7902],[-0.6097,43.7949],[-0.6149,43.795],[-0.6138,43.798],[-0.6152,43.8018],[-0.6137,43.8046],[-0.616,43.8101],[-0.6172,43.8108],[-0.6165,43.8142],[-0.6215,43.8144],[-0.6218,43.8156],[-0.6278,43.8165]]]}},{"type":"Feature","properties":{"code":"40021","nom":"Azur","pop":988},"geometry":{"type":"Polygon","coordinates":[[[-1.3136,43.8254],[-1.2918,43.8152],[-1.2885,43.8134],[-1.2816,43.8135],[-1.2779,43.8118],[-1.2698,43.8115],[-1.2622,43.8075],[-1.2623,43.8],[-1.2638,43.7994],[-1.2686,43.7997],[-1.2753,43.7944],[-1.2746,43.793],[-1.2768,43.7899],[-1.276,43.7855],[-1.2792,43.7822],[-1.2793,43.7784],[-1.2811,43.7762],[-1.2846,43.7784],[-1.2857,43.7754],[-1.2843,43.7738],[-1.2894,43.7737],[-1.303,43.7745],[-1.3201,43.7903],[-1.3205,43.7903],[-1.3189,43.7983],[-1.3216,43.7996],[-1.3178,43.8053],[-1.3186,43.8062],[-1.3207,43.813],[-1.3136,43.8254]]]}},{"type":"Feature","properties":{"code":"40022","nom":"Bahus-Soubiran","pop":394},"geometry":{"type":"Polygon","coordinates":[[[-0.3124,43.6607],[-0.3245,43.6555],[-0.3347,43.6547],[-0.3361,43.6589],[-0.3432,43.6576],[-0.3493,43.6576],[-0.3628,43.6593],[-0.3657,43.6592],[-0.3653,43.6613],[-0.3739,43.6644],[-0.3723,43.6679],[-0.3748,43.669],[-0.3773,43.6738],[-0.3789,43.6744],[-0.3772,43.6757],[-0.3727,43.681],[-0.3676,43.6832],[-0.3697,43.6857],[-0.3653,43.6894],[-0.3596,43.6878],[-0.3586,43.6913],[-0.3519,43.6948],[-0.3505,43.6909],[-0.3441,43.6879],[-0.3355,43.6799],[-0.3261,43.6845],[-0.3166,43.6854],[-0.3169,43.6828],[-0.3152,43.6776],[-0.3159,43.6748],[-0.3178,43.6726],[-0.3183,43.6693],[-0.3124,43.6607]]]}},{"type":"Feature","properties":{"code":"40023","nom":"Baigts","pop":331},"geometry":{"type":"Polygon","coordinates":[[[-0.7769,43.701],[-0.7721,43.6995],[-0.7684,43.7003],[-0.7678,43.6985],[-0.7707,43.6958],[-0.771,43.6934],[-0.7747,43.6897],[-0.775,43.6872],[-0.7726,43.6862],[-0.7682,43.6858],[-0.7655,43.6845],[-0.7646,43.6825],[-0.7667,43.6791],[-0.7651,43.6769],[-0.7655,43.6744],[-0.7691,43.6728],[-0.7713,43.6744],[-0.774,43.6747],[-0.7782,43.6723],[-0.7799,43.6742],[-0.7824,43.6732],[-0.7873,43.6747],[-0.7927,43.6716],[-0.7986,43.6715],[-0.8109,43.6749],[-0.8137,43.6777],[-0.8185,43.6793],[-0.8189,43.6817],[-0.8115,43.6833],[-0.8166,43.6882],[-0.8166,43.6908],[-0.8121,43.6902],[-0.8076,43.6923],[-0.8069,43.6936],[-0.8129,43.6953],[-0.8156,43.6982],[-0.8169,43.702],[-0.8164,43.7062],[-0.8114,43.7091],[-0.8092,43.7083],[-0.8084,43.7061],[-0.8012,43.7024],[-0.7991,43.699],[-0.7926,43.701],[-0.7889,43.6999],[-0.782,43.7],[-0.7769,43.701]]]}},{"type":"Feature","properties":{"code":"40024","nom":"Banos","pop":271},"geometry":{"type":"Polygon","coordinates":[[[-0.6107,43.7383],[-0.6069,43.737],[-0.6073,43.7355],[-0.6049,43.7339],[-0.6021,43.7277],[-0.6084,43.7261],[-0.6116,43.7223],[-0.6102,43.7208],[-0.6195,43.7166],[-0.6231,43.7161],[-0.634,43.7166],[-0.634,43.719],[-0.6286,43.7236],[-0.6344,43.7254],[-0.6335,43.7274],[-0.6343,43.7302],[-0.6337,43.7341],[-0.6324,43.7366],[-0.6346,43.7394],[-0.6329,43.7411],[-0.6345,43.7459],[-0.6317,43.7465],[-0.6266,43.7461],[-0.6215,43.7428],[-0.6176,43.7418],[-0.618,43.7399],[-0.6142,43.7383],[-0.6107,43.7383]]]}},{"type":"Feature","properties":{"code":"40025","nom":"Bascons","pop":855},"geometry":{"type":"Polygon","coordinates":[[[-0.4546,43.8146],[-0.4559,43.8152],[-0.4544,43.8209],[-0.4558,43.8239],[-0.453,43.8267],[-0.4522,43.8342],[-0.4487,43.8428],[-0.4466,43.8449],[-0.4456,43.8525],[-0.4445,43.8532],[-0.4434,43.8583],[-0.4417,43.8562],[-0.4356,43.8555],[-0.4305,43.8558],[-0.4141,43.8516],[-0.41,43.8495],[-0.4119,43.8481],[-0.4142,43.8407],[-0.4126,43.8379],[-0.4075,43.8371],[-0.4015,43.834],[-0.3908,43.8314],[-0.3929,43.8247],[-0.3918,43.8142],[-0.3987,43.8123],[-0.4025,43.8128],[-0.4029,43.8108],[-0.408,43.8122],[-0.4135,43.8103],[-0.4171,43.8097],[-0.425,43.8096],[-0.43,43.8112],[-0.4383,43.8117],[-0.4421,43.8151],[-0.4485,43.816],[-0.4546,43.8146]]]}},{"type":"Feature","properties":{"code":"40026","nom":"Bas-Mauco","pop":421},"geometry":{"type":"Polygon","coordinates":[[[-0.582,43.7991],[-0.5744,43.7979],[-0.5685,43.7995],[-0.5683,43.8014],[-0.5637,43.8024],[-0.5616,43.8071],[-0.5597,43.8084],[-0.5532,43.8079],[-0.5506,43.8091],[-0.5528,43.8144],[-0.5525,43.8168],[-0.5482,43.8167],[-0.5457,43.8154],[-0.5432,43.8154],[-0.5409,43.8116],[-0.5423,43.8095],[-0.5399,43.803],[-0.5358,43.8035],[-0.5317,43.8028],[-0.5298,43.7995],[-0.5182,43.7922],[-0.5222,43.7908],[-0.5264,43.7907],[-0.5295,43.7896],[-0.5378,43.7886],[-0.5409,43.7871],[-0.5419,43.7844],[-0.5481,43.7822],[-0.5496,43.7848],[-0.5553,43.7848],[-0.5611,43.7829],[-0.5612,43.7802],[-0.563,43.7779],[-0.5666,43.7786],[-0.5671,43.7769],[-0.5735,43.7763],[-0.5771,43.7746],[-0.583,43.7817],[-0.5849,43.788],[-0.5832,43.7985],[-0.582,43.7991]]]}},{"type":"Feature","properties":{"code":"40027","nom":"Bassercles","pop":151},"geometry":{"type":"Polygon","coordinates":[[[-0.5888,43.5683],[-0.5902,43.5678],[-0.5919,43.5633],[-0.5913,43.5617],[-0.5925,43.5585],[-0.5957,43.5589],[-0.5966,43.5562],[-0.6013,43.5561],[-0.6024,43.5531],[-0.5993,43.5511],[-0.5999,43.548],[-0.6035,43.5466],[-0.6111,43.5459],[-0.6156,43.5444],[-0.6198,43.5454],[-0.6258,43.548],[-0.6285,43.5499],[-0.6312,43.5504],[-0.6334,43.5543],[-0.6318,43.556],[-0.6328,43.5578],[-0.6295,43.5584],[-0.626,43.5627],[-0.6196,43.5621],[-0.616,43.5633],[-0.6114,43.5672],[-0.611,43.5717],[-0.6097,43.5737],[-0.606,43.5767],[-0.6031,43.5757],[-0.6012,43.5732],[-0.5964,43.5718],[-0.5928,43.5693],[-0.5888,43.5683]]]}},{"type":"Feature","properties":{"code":"40028","nom":"Bastennes","pop":237},"geometry":{"type":"Polygon","coordinates":[[[-0.7574,43.6561],[-0.7566,43.6543],[-0.7571,43.6512],[-0.7549,43.6494],[-0.7548,43.6465],[-0.7572,43.6452],[-0.7622,43.6471],[-0.7648,43.6472],[-0.769,43.645],[-0.7687,43.6428],[-0.7749,43.6386],[-0.7763,43.6359],[-0.7812,43.637],[-0.7827,43.6351],[-0.7873,43.6357],[-0.787,43.6398],[-0.7908,43.6387],[-0.7948,43.6406],[-0.7933,43.6425],[-0.8,43.6431],[-0.8021,43.6438],[-0.8018,43.6461],[-0.8042,43.6467],[-0.8028,43.6497],[-0.7944,43.6513],[-0.7919,43.6537],[-0.7878,43.6541],[-0.7858,43.6573],[-0.7822,43.661],[-0.7802,43.6641],[-0.774,43.6657],[-0.7663,43.663],[-0.7626,43.663],[-0.7609,43.6614],[-0.7592,43.6569],[-0.7574,43.6561]]]}},{"type":"Feature","properties":{"code":"40029","nom":"Bats","pop":328},"geometry":{"type":"Polygon","coordinates":[[[-0.4474,43.6668],[-0.4451,43.6652],[-0.4463,43.6647],[-0.45,43.66],[-0.4518,43.6568],[-0.4519,43.6534],[-0.45,43.6506],[-0.4594,43.6476],[-0.4578,43.6435],[-0.4519,43.6383],[-0.4477,43.6363],[-0.4493,43.6329],[-0.4552,43.6337],[-0.4585,43.6346],[-0.4642,43.6384],[-0.4676,43.6392],[-0.4686,43.6415],[-0.4732,43.6445],[-0.4795,43.6445],[-0.4856,43.6465],[-0.4855,43.6483],[-0.4881,43.65],[-0.4876,43.6529],[-0.4851,43.6532],[-0.481,43.6575],[-0.4759,43.6553],[-0.4737,43.6562],[-0.4721,43.6644],[-0.4697,43.6663],[-0.4639,43.6732],[-0.4618,43.6739],[-0.4559,43.6701],[-0.4552,43.6677],[-0.4514,43.6676],[-0.4474,43.6668]]]}},{"type":"Feature","properties":{"code":"40030","nom":"Baudignan","pop":50},"geometry":{"type":"Polygon","coordinates":[[[0.0318,44.1178],[0.0521,44.1108],[0.0553,44.1078],[0.0603,44.1054],[0.0626,44.103],[0.0636,44.1001],[0.0687,44.098],[0.0708,44.0961],[0.0773,44.0941],[0.0769,44.0863],[0.0787,44.0845],[0.079,44.081],[0.0741,44.0794],[0.0655,44.078],[0.0615,44.0749],[0.0606,44.0725],[0.0586,44.0714],[0.0593,44.0694],[0.058,44.0658],[0.0492,44.0656],[0.0283,44.0685],[0.0114,44.0648],[0.0088,44.0659],[0.0078,44.0686],[0.0037,44.0693],[0.0018,44.0719],[0.0035,44.0809],[0.0146,44.0985],[0.0176,44.1028],[0.0261,44.1161],[0.0318,44.1178]]]}},{"type":"Feature","properties":{"code":"40031","nom":"Bégaar","pop":1251},"geometry":{"type":"Polygon","coordinates":[[[-0.8252,43.8417],[-0.8214,43.8386],[-0.824,43.8376],[-0.8319,43.8381],[-0.8336,43.8365],[-0.8303,43.8351],[-0.8284,43.8304],[-0.8287,43.8261],[-0.8299,43.8233],[-0.8287,43.8196],[-0.8304,43.816],[-0.8279,43.8133],[-0.8239,43.8125],[-0.8246,43.8106],[-0.8303,43.8076],[-0.833,43.8047],[-0.8356,43.8005],[-0.8389,43.8007],[-0.8436,43.7991],[-0.849,43.7992],[-0.8521,43.8012],[-0.8549,43.7989],[-0.8612,43.8005],[-0.8658,43.8016],[-0.8736,43.8007],[-0.8757,43.7961],[-0.8803,43.7959],[-0.8818,43.7987],[-0.8782,43.8031],[-0.8797,43.806],[-0.8769,43.8056],[-0.8702,43.8105],[-0.8726,43.8125],[-0.8742,43.8159],[-0.8792,43.8168],[-0.8805,43.8178],[-0.9032,43.8254],[-0.9167,43.8294],[-0.9045,43.8313],[-0.8823,43.834],[-0.8798,43.8336],[-0.8765,43.8345],[-0.8729,43.8431],[-0.87,43.8469],[-0.8647,43.8524],[-0.8692,43.8606],[-0.841,43.8586],[-0.8419,43.8611],[-0.8398,43.8622],[-0.8402,43.8652],[-0.834,43.8643],[-0.83,43.8628],[-0.8277,43.8598],[-0.8284,43.8443],[-0.8252,43.8417]]]}},{"type":"Feature","properties":{"code":"40032","nom":"Belhade","pop":227},"geometry":{"type":"Polygon","coordinates":[[[-0.6422,44.4004],[-0.6424,44.4001],[-0.6546,44.3814],[-0.6583,44.3793],[-0.6604,44.3757],[-0.6582,44.3723],[-0.6628,44.3688],[-0.6664,44.3607],[-0.6724,44.3485],[-0.6756,44.3417],[-0.6829,44.3273],[-0.7098,44.3445],[-0.7122,44.3556],[-0.7106,44.3601],[-0.7068,44.3739],[-0.7102,44.379],[-0.7136,44.3818],[-0.7106,44.4035],[-0.702,44.4022],[-0.6537,44.4005],[-0.6422,44.4004]]]}},{"type":"Feature","properties":{"code":"40033","nom":"Bélis","pop":166},"geometry":{"type":"Polygon","coordinates":[[[-0.4764,44.0873],[-0.4724,44.0868],[-0.4588,44.0836],[-0.4544,44.0843],[-0.4488,44.0834],[-0.4434,44.0813],[-0.4419,44.0768],[-0.4397,44.0742],[-0.4397,44.0699],[-0.4366,44.065],[-0.4366,44.061],[-0.441,44.0571],[-0.4409,44.0549],[-0.4361,44.0519],[-0.4373,44.0475],[-0.4406,44.0412],[-0.4502,44.0407],[-0.4582,44.0411],[-0.463,44.0422],[-0.4762,44.0432],[-0.4851,44.0443],[-0.4903,44.0458],[-0.4973,44.0472],[-0.5014,44.0605],[-0.4992,44.0659],[-0.4976,44.0713],[-0.4993,44.0754],[-0.4949,44.0745],[-0.4948,44.0729],[-0.4863,44.0735],[-0.4813,44.0758],[-0.4764,44.0873]]]}},{"type":"Feature","properties":{"code":"40034","nom":"Bélus","pop":615},"geometry":{"type":"Polygon","coordinates":[[[-1.1467,43.5944],[-1.1453,43.5938],[-1.1424,43.5963],[-1.1426,43.5993],[-1.1392,43.6037],[-1.1359,43.6045],[-1.1322,43.6084],[-1.1228,43.6082],[-1.1172,43.6073],[-1.1127,43.6057],[-1.1049,43.6045],[-1.0995,43.6055],[-1.0909,43.6018],[-1.089,43.6003],[-1.0869,43.5966],[-1.0906,43.5921],[-1.0959,43.5888],[-1.0942,43.5807],[-1.1112,43.5779],[-1.116,43.5759],[-1.1164,43.5775],[-1.1247,43.5787],[-1.1249,43.5795],[-1.1321,43.5793],[-1.1347,43.5821],[-1.1332,43.5847],[-1.1449,43.59],[-1.1472,43.5888],[-1.1498,43.5905],[-1.1467,43.5944]]]}},{"type":"Feature","properties":{"code":"40035","nom":"Bénesse-lès-Dax","pop":598},"geometry":{"type":"Polygon","coordinates":[[[-1.0232,43.6498],[-1.0241,43.648],[-1.0219,43.6453],[-1.0247,43.6432],[-1.0273,43.6429],[-1.0304,43.6399],[-1.0272,43.6367],[-1.0323,43.6352],[-1.0417,43.6292],[-1.0532,43.624],[-1.0518,43.6261],[-1.0532,43.6298],[-1.0554,43.6316],[-1.0565,43.6341],[-1.0479,43.6409],[-1.0462,43.6414],[-1.049,43.6477],[-1.0465,43.6506],[-1.048,43.6529],[-1.0448,43.6545],[-1.0436,43.6575],[-1.0397,43.6587],[-1.0368,43.6583],[-1.0301,43.6596],[-1.0292,43.6604],[-1.0256,43.6584],[-1.0234,43.6583],[-1.0222,43.6553],[-1.0239,43.6525],[-1.0232,43.6498]]]}},{"type":"Feature","properties":{"code":"40036","nom":"Bénesse-Maremne","pop":3780},"geometry":{"type":"Polygon","coordinates":[[[-1.3432,43.6184],[-1.3456,43.6181],[-1.3542,43.6243],[-1.3586,43.6244],[-1.364,43.6232],[-1.3713,43.6192],[-1.381,43.6169],[-1.3886,43.6167],[-1.3902,43.6138],[-1.394,43.6156],[-1.3949,43.617],[-1.4025,43.6203],[-1.4033,43.6219],[-1.4015,43.6242],[-1.4033,43.6266],[-1.4062,43.6277],[-1.4052,43.6298],[-1.4012,43.6316],[-1.3953,43.6392],[-1.3949,43.6412],[-1.3917,43.6407],[-1.3913,43.6479],[-1.3861,43.6482],[-1.38,43.6471],[-1.3716,43.6493],[-1.3674,43.6517],[-1.3589,43.6522],[-1.3435,43.6543],[-1.34,43.6528],[-1.3348,43.6515],[-1.3321,43.6528],[-1.3328,43.6501],[-1.3362,43.6502],[-1.3359,43.6448],[-1.3327,43.6426],[-1.3311,43.6359],[-1.3298,43.6235],[-1.3296,43.6186],[-1.3348,43.6183],[-1.3432,43.6184]]]}},{"type":"Feature","properties":{"code":"40037","nom":"Benquet","pop":1913},"geometry":{"type":"Polygon","coordinates":[[[-0.4838,43.799],[-0.4914,43.7974],[-0.4933,43.7922],[-0.4966,43.7926],[-0.4981,43.7875],[-0.5035,43.7864],[-0.5038,43.7845],[-0.5131,43.784],[-0.5138,43.7893],[-0.5123,43.7918],[-0.5148,43.7927],[-0.5182,43.7922],[-0.5298,43.7995],[-0.5317,43.8028],[-0.5358,43.8035],[-0.5399,43.803],[-0.5423,43.8095],[-0.5409,43.8116],[-0.5432,43.8154],[-0.5202,43.8534],[-0.5125,43.8534],[-0.5104,43.8548],[-0.5091,43.8573],[-0.5025,43.8566],[-0.4908,43.8535],[-0.4869,43.8534],[-0.4857,43.8498],[-0.4801,43.8463],[-0.4775,43.8462],[-0.4729,43.8439],[-0.4756,43.841],[-0.4783,43.8404],[-0.4793,43.8377],[-0.4786,43.834],[-0.4832,43.8335],[-0.4877,43.8266],[-0.4852,43.8246],[-0.4868,43.8228],[-0.4823,43.8214],[-0.4828,43.8182],[-0.4801,43.8166],[-0.4792,43.8133],[-0.4746,43.8124],[-0.4712,43.8103],[-0.4706,43.8075],[-0.4745,43.8046],[-0.4802,43.8017],[-0.48,43.8003],[-0.4838,43.799]]]}},{"type":"Feature","properties":{"code":"40038","nom":"Bergouey","pop":110},"geometry":{"type":"Polygon","coordinates":[[[-0.712,43.6753],[-0.7086,43.672],[-0.7103,43.6681],[-0.7119,43.6663],[-0.7109,43.664],[-0.7132,43.6597],[-0.7154,43.6573],[-0.7207,43.6553],[-0.7289,43.6594],[-0.7333,43.6598],[-0.7358,43.6566],[-0.7373,43.6574],[-0.7376,43.6647],[-0.7356,43.6645],[-0.7333,43.6675],[-0.7345,43.669],[-0.7317,43.6743],[-0.7293,43.6803],[-0.7252,43.6801],[-0.7226,43.6816],[-0.7192,43.6807],[-0.7152,43.6786],[-0.712,43.6753]]]}},{"type":"Feature","properties":{"code":"40039","nom":"Betbezer-d'Armagnac","pop":124},"geometry":{"type":"Polygon","coordinates":[[[-0.153,43.9589],[-0.155,43.9599],[-0.1602,43.9597],[-0.1639,43.9604],[-0.1669,43.9629],[-0.1665,43.9647],[-0.169,43.9662],[-0.1708,43.9686],[-0.1709,43.9714],[-0.1745,43.9729],[-0.174,43.9745],[-0.1781,43.9766],[-0.1797,43.9747],[-0.1837,43.9744],[-0.1856,43.9729],[-0.1892,43.9721],[-0.1916,43.9753],[-0.1883,43.9772],[-0.1887,43.979],[-0.1865,43.9787],[-0.1865,43.9834],[-0.188,43.9868],[-0.1844,43.9882],[-0.1746,43.9894],[-0.1654,43.9922],[-0.1609,43.9912],[-0.159,43.9897],[-0.1562,43.9896],[-0.1542,43.9883],[-0.1532,43.9832],[-0.1581,43.9783],[-0.1585,43.9766],[-0.1545,43.9763],[-0.1475,43.9732],[-0.1409,43.9686],[-0.1371,43.9679],[-0.1369,43.9675],[-0.1403,43.9654],[-0.146,43.9602],[-0.1484,43.9591],[-0.153,43.9589]]]}},{"type":"Feature","properties":{"code":"40040","nom":"Beylongue","pop":400},"geometry":{"type":"Polygon","coordinates":[[[-0.7977,43.9446],[-0.8016,43.9378],[-0.8001,43.9303],[-0.7869,43.9289],[-0.7613,43.9287],[-0.7635,43.9248],[-0.7704,43.9218],[-0.7738,43.9162],[-0.778,43.9144],[-0.7807,43.9122],[-0.7849,43.9138],[-0.7869,43.9102],[-0.795,43.8978],[-0.7966,43.8958],[-0.8276,43.8939],[-0.8508,43.8939],[-0.8564,43.8936],[-0.8569,43.8925],[-0.864,43.8906],[-0.8625,43.896],[-0.8627,43.9057],[-0.8702,43.9271],[-0.8787,43.9377],[-0.8702,43.9456],[-0.8579,43.9497],[-0.8331,43.9435],[-0.8259,43.9433],[-0.8243,43.9447],[-0.819,43.946],[-0.8099,43.9457],[-0.8078,43.9468],[-0.8056,43.9453],[-0.7977,43.9446]]]}},{"type":"Feature","properties":{"code":"40041","nom":"Beyries","pop":121},"geometry":{"type":"Polygon","coordinates":[[[-0.641,43.5748],[-0.6379,43.5777],[-0.6354,43.5811],[-0.6297,43.5762],[-0.6312,43.575],[-0.6303,43.5718],[-0.6325,43.5683],[-0.6284,43.5665],[-0.6278,43.5641],[-0.626,43.5627],[-0.6295,43.5584],[-0.6328,43.5578],[-0.6318,43.556],[-0.6334,43.5543],[-0.6421,43.5527],[-0.6439,43.5529],[-0.6542,43.5568],[-0.6582,43.5559],[-0.6585,43.5596],[-0.6555,43.5627],[-0.6517,43.5641],[-0.6481,43.5677],[-0.6486,43.569],[-0.6423,43.5718],[-0.641,43.5748]]]}},{"type":"Feature","properties":{"code":"40042","nom":"Biarrotte","pop":347},"geometry":{"type":"Polygon","coordinates":[[[-1.2668,43.5485],[-1.2691,43.548],[-1.275,43.5446],[-1.2838,43.5441],[-1.2817,43.5498],[-1.2798,43.5512],[-1.2862,43.5535],[-1.2884,43.5568],[-1.2953,43.5596],[-1.2897,43.5615],[-1.2801,43.564],[-1.2803,43.5669],[-1.2776,43.5683],[-1.2745,43.5672],[-1.2665,43.5668],[-1.2625,43.567],[-1.2613,43.5644],[-1.2584,43.5633],[-1.2559,43.5607],[-1.2566,43.5579],[-1.2547,43.557],[-1.2548,43.5547],[-1.2568,43.5527],[-1.2632,43.5517],[-1.2668,43.5485]]]}},{"type":"Feature","properties":{"code":"40043","nom":"Bias","pop":809},"geometry":{"type":"Polygon","coordinates":[[[-1.1857,44.1144],[-1.2371,44.1228],[-1.2901,44.1282],[-1.2799,44.1333],[-1.2448,44.1511],[-1.2395,44.155],[-1.224,44.1545],[-1.2146,44.1528],[-1.1987,44.1521],[-1.199,44.1458],[-1.1978,44.14],[-1.1935,44.1367],[-1.1857,44.1144]]]}},{"type":"Feature","properties":{"code":"40044","nom":"Biaudos","pop":1041},"geometry":{"type":"Polygon","coordinates":[[[-1.331,43.5731],[-1.3237,43.5722],[-1.316,43.5687],[-1.3117,43.5657],[-1.3065,43.5652],[-1.3037,43.5642],[-1.3012,43.5615],[-1.2953,43.5596],[-1.2884,43.5568],[-1.2862,43.5535],[-1.2798,43.5512],[-1.2817,43.5498],[-1.2838,43.5441],[-1.2886,43.5411],[-1.2907,43.5412],[-1.2935,43.5389],[-1.3004,43.5354],[-1.3015,43.5306],[-1.3032,43.5273],[-1.3078,43.5217],[-1.3132,43.518],[-1.3153,43.5152],[-1.3186,43.5137],[-1.3259,43.5227],[-1.325,43.5277],[-1.3232,43.5322],[-1.3241,43.5338],[-1.3282,43.5357],[-1.3333,43.5373],[-1.3375,43.5417],[-1.3355,43.5477],[-1.3328,43.5495],[-1.3318,43.5531],[-1.3321,43.558],[-1.3302,43.5627],[-1.3287,43.5689],[-1.331,43.5731]]]}},{"type":"Feature","properties":{"code":"40046","nom":"Biscarrosse","pop":15836},"geometry":{"type":"Polygon","coordinates":[[[-1.2753,44.3359],[-1.2703,44.362],[-1.2704,44.3648],[-1.2692,44.3715],[-1.2682,44.3732],[-1.2678,44.3786],[-1.2664,44.386],[-1.2669,44.3866],[-1.2636,44.4034],[-1.2623,44.4084],[-1.2623,44.4128],[-1.2599,44.4231],[-1.2588,44.4338],[-1.2569,44.4408],[-1.2569,44.4447],[-1.255,44.4541],[-1.2536,44.4675],[-1.2264,44.4733],[-1.2,44.4795],[-1.1786,44.4747],[-1.1471,44.4672],[-1.1309,44.4635],[-1.1095,44.4582],[-1.1032,44.4546],[-1.0736,44.4396],[-1.0293,44.4227],[-1.0892,44.3914],[-1.1084,44.3813],[-1.1187,44.3731],[-1.1356,44.3601],[-1.1483,44.3561],[-1.1906,44.3422],[-1.1953,44.3405],[-1.2182,44.3393],[-1.2753,44.3359]]]}},{"type":"Feature","properties":{"code":"40047","nom":"Bonnegarde","pop":254},"geometry":{"type":"Polygon","coordinates":[[[-0.7082,43.5413],[-0.7125,43.542],[-0.7174,43.5406],[-0.7239,43.5426],[-0.7285,43.5453],[-0.7262,43.5467],[-0.7319,43.5502],[-0.7339,43.5558],[-0.7302,43.5615],[-0.7292,43.5642],[-0.7256,43.5666],[-0.7254,43.569],[-0.7285,43.572],[-0.7258,43.576],[-0.7225,43.5742],[-0.7167,43.5778],[-0.7134,43.5804],[-0.7132,43.582],[-0.7043,43.5823],[-0.7036,43.5839],[-0.6974,43.5864],[-0.6935,43.584],[-0.6899,43.5834],[-0.6879,43.5815],[-0.6901,43.5768],[-0.6939,43.5752],[-0.6974,43.5727],[-0.6938,43.5709],[-0.695,43.5673],[-0.6976,43.5684],[-0.7004,43.5648],[-0.7005,43.5621],[-0.7013,43.5607],[-0.7077,43.5601],[-0.7075,43.5529],[-0.7101,43.5481],[-0.7082,43.5413]]]}},{"type":"Feature","properties":{"code":"40049","nom":"Bordères-et-Lamensans","pop":359},"geometry":{"type":"Polygon","coordinates":[[[-0.3965,43.7667],[-0.4032,43.7688],[-0.4035,43.7714],[-0.399,43.7798],[-0.4007,43.7815],[-0.4,43.7857],[-0.3964,43.7866],[-0.3953,43.79],[-0.3913,43.7905],[-0.3769,43.7894],[-0.3688,43.7867],[-0.3658,43.7878],[-0.3587,43.7888],[-0.3562,43.7876],[-0.3478,43.7894],[-0.3417,43.7887],[-0.336,43.7877],[-0.3305,43.7875],[-0.3257,43.7861],[-0.32,43.7854],[-0.3191,43.7842],[-0.3205,43.7754],[-0.3217,43.7738],[-0.3206,43.7714],[-0.3265,43.7705],[-0.3288,43.7685],[-0.3333,43.7668],[-0.3353,43.7626],[-0.3383,43.7669],[-0.3419,43.7675],[-0.3437,43.7661],[-0.3434,43.7636],[-0.3473,43.7617],[-0.3498,43.7632],[-0.3496,43.7663],[-0.3537,43.767],[-0.3576,43.7654],[-0.3627,43.7647],[-0.3646,43.7654],[-0.3673,43.7704],[-0.3713,43.7718],[-0.3732,43.77],[-0.3775,43.7708],[-0.3803,43.7704],[-0.3829,43.7682],[-0.3867,43.7697],[-0.3889,43.7696],[-0.3934,43.7666],[-0.3965,43.7667]]]}},{"type":"Feature","properties":{"code":"40050","nom":"Bostens","pop":206},"geometry":{"type":"Polygon","coordinates":[[[-0.3594,43.9541],[-0.3621,43.9531],[-0.3696,43.9548],[-0.38,43.9549],[-0.383,43.9565],[-0.3856,43.9567],[-0.3822,43.9637],[-0.3835,43.9647],[-0.3812,43.9681],[-0.3853,43.9691],[-0.3853,43.9717],[-0.3885,43.9728],[-0.3852,43.9782],[-0.3758,43.9876],[-0.3683,43.9855],[-0.3594,43.9823],[-0.3599,43.9808],[-0.358,43.9784],[-0.3534,43.9775],[-0.3484,43.9757],[-0.3495,43.9732],[-0.3468,43.9718],[-0.3504,43.9704],[-0.3549,43.9672],[-0.3581,43.9605],[-0.3594,43.9541]]]}},{"type":"Feature","properties":{"code":"40051","nom":"Bougue","pop":833},"geometry":{"type":"Polygon","coordinates":[[[-0.4421,43.9135],[-0.41,43.932],[-0.4037,43.9309],[-0.398,43.9263],[-0.3886,43.9246],[-0.3809,43.9214],[-0.3772,43.922],[-0.3689,43.9206],[-0.3683,43.92],[-0.3678,43.918],[-0.3649,43.9159],[-0.3656,43.9148],[-0.3706,43.9143],[-0.3703,43.9096],[-0.3745,43.9097],[-0.3762,43.9067],[-0.375,43.9023],[-0.3734,43.9013],[-0.3672,43.9004],[-0.365,43.8989],[-0.3688,43.8956],[-0.3747,43.8965],[-0.374,43.8941],[-0.372,43.8924],[-0.3723,43.8906],[-0.3692,43.8889],[-0.369,43.8845],[-0.3718,43.8851],[-0.3734,43.8816],[-0.3781,43.8831],[-0.3794,43.8845],[-0.3824,43.8839],[-0.384,43.8805],[-0.3866,43.8761],[-0.3893,43.8744],[-0.3921,43.8746],[-0.3928,43.8721],[-0.3949,43.8717],[-0.405,43.8732],[-0.4137,43.8755],[-0.4182,43.8778],[-0.4143,43.8877],[-0.4133,43.8926],[-0.412,43.8939],[-0.4075,43.8958],[-0.4066,43.8986],[-0.412,43.9005],[-0.4157,43.899],[-0.4229,43.9001],[-0.424,43.9019],[-0.4241,43.9101],[-0.4248,43.9143],[-0.4374,43.9135],[-0.4421,43.9135]]]}},{"type":"Feature","properties":{"code":"40052","nom":"Bourdalat","pop":204},"geometry":{"type":"Polygon","coordinates":[[[-0.2125,43.8092],[-0.2141,43.812],[-0.2159,43.8126],[-0.2232,43.8144],[-0.2266,43.8186],[-0.2339,43.8234],[-0.2345,43.8273],[-0.2449,43.8336],[-0.2485,43.8341],[-0.2501,43.838],[-0.2488,43.8391],[-0.2501,43.8422],[-0.2423,43.8432],[-0.2388,43.8427],[-0.2374,43.8447],[-0.2285,43.8433],[-0.2203,43.8459],[-0.217,43.8444],[-0.2129,43.8479],[-0.2124,43.853],[-0.2087,43.8576],[-0.2071,43.8547],[-0.2008,43.8511],[-0.1976,43.8459],[-0.1949,43.8444],[-0.1937,43.8406],[-0.1906,43.8343],[-0.1881,43.8325],[-0.1909,43.8304],[-0.1974,43.8309],[-0.1972,43.8229],[-0.1956,43.8193],[-0.1919,43.8178],[-0.1935,43.8162],[-0.1927,43.8124],[-0.1947,43.8083],[-0.2007,43.8067],[-0.2023,43.8088],[-0.2125,43.8092]]]}},{"type":"Feature","properties":{"code":"40053","nom":"Bourriot-Bergonce","pop":326},"geometry":{"type":"Polygon","coordinates":[[[-0.1475,44.1536],[-0.1476,44.1529],[-0.1425,44.1385],[-0.148,44.1164],[-0.159,44.111],[-0.1675,44.1072],[-0.18,44.1],[-0.2058,44.1156],[-0.2088,44.1126],[-0.2209,44.1166],[-0.2268,44.1204],[-0.2295,44.1202],[-0.2306,44.1187],[-0.2363,44.115],[-0.237,44.112],[-0.2481,44.1152],[-0.2528,44.1157],[-0.2674,44.1185],[-0.2701,44.1241],[-0.2727,44.1273],[-0.2735,44.1312],[-0.2715,44.1335],[-0.2754,44.1367],[-0.2748,44.144],[-0.2758,44.1539],[-0.2735,44.1567],[-0.2717,44.1668],[-0.2631,44.1846],[-0.2652,44.1933],[-0.2639,44.1958],[-0.2233,44.2059],[-0.174,44.1716],[-0.1734,44.1715],[-0.1475,44.1536]]]}},{"type":"Feature","properties":{"code":"40054","nom":"Brassempouy","pop":279},"geometry":{"type":"Polygon","coordinates":[[[-0.7154,43.6573],[-0.7136,43.6553],[-0.7082,43.6537],[-0.7049,43.652],[-0.7013,43.6468],[-0.6974,43.6449],[-0.6953,43.6426],[-0.6917,43.6405],[-0.6888,43.64],[-0.6815,43.6373],[-0.6757,43.6364],[-0.6734,43.6305],[-0.6799,43.6283],[-0.683,43.6264],[-0.686,43.6228],[-0.6858,43.6207],[-0.6875,43.6148],[-0.6901,43.6123],[-0.696,43.6143],[-0.6978,43.6141],[-0.707,43.6146],[-0.7123,43.6139],[-0.7151,43.6159],[-0.7209,43.6153],[-0.7299,43.6187],[-0.731,43.6206],[-0.7265,43.6189],[-0.7185,43.6171],[-0.7171,43.6191],[-0.7195,43.6242],[-0.7189,43.6278],[-0.7195,43.6306],[-0.7174,43.6323],[-0.7179,43.6354],[-0.717,43.6388],[-0.7132,43.639],[-0.7125,43.6407],[-0.71,43.641],[-0.7095,43.6433],[-0.7147,43.6474],[-0.7234,43.6493],[-0.7251,43.6526],[-0.7223,43.6551],[-0.7207,43.6553],[-0.7154,43.6573]]]}},{"type":"Feature","properties":{"code":"40055","nom":"Bretagne-de-Marsan","pop":1618},"geometry":{"type":"Polygon","coordinates":[[[-0.4559,43.8152],[-0.4617,43.8136],[-0.4662,43.8091],[-0.4706,43.8075],[-0.4712,43.8103],[-0.4746,43.8124],[-0.4792,43.8133],[-0.4801,43.8166],[-0.4828,43.8182],[-0.4823,43.8214],[-0.4868,43.8228],[-0.4852,43.8246],[-0.4877,43.8266],[-0.4832,43.8335],[-0.4786,43.834],[-0.4793,43.8377],[-0.4783,43.8404],[-0.4756,43.841],[-0.4729,43.8439],[-0.4775,43.8462],[-0.4801,43.8463],[-0.4857,43.8498],[-0.4869,43.8534],[-0.4844,43.856],[-0.4823,43.8565],[-0.4817,43.8555],[-0.4741,43.8554],[-0.465,43.858],[-0.4594,43.8587],[-0.4529,43.8632],[-0.4514,43.8644],[-0.446,43.8629],[-0.4434,43.8583],[-0.4445,43.8532],[-0.4456,43.8525],[-0.4466,43.8449],[-0.4487,43.8428],[-0.4522,43.8342],[-0.453,43.8267],[-0.4558,43.8239],[-0.4544,43.8209],[-0.4559,43.8152]]]}},{"type":"Feature","properties":{"code":"40056","nom":"Brocas","pop":721},"geometry":{"type":"Polygon","coordinates":[[[-0.4993,44.0754],[-0.4976,44.0713],[-0.4992,44.0659],[-0.5014,44.0605],[-0.4973,44.0472],[-0.4903,44.0458],[-0.4851,44.0443],[-0.4853,44.0345],[-0.4891,44.0247],[-0.4915,44.0199],[-0.5137,44.0168],[-0.5269,44.0163],[-0.5506,44.0174],[-0.5721,44.0185],[-0.5989,44.0144],[-0.5992,44.0336],[-0.5982,44.0422],[-0.5964,44.051],[-0.6042,44.0635],[-0.5985,44.0643],[-0.5517,44.0692],[-0.5509,44.0692],[-0.5498,44.0693],[-0.5399,44.0745],[-0.5242,44.0837],[-0.5168,44.0836],[-0.5041,44.0902],[-0.4995,44.0922],[-0.503,44.085],[-0.5038,44.0803],[-0.4993,44.0754]]]}},{"type":"Feature","properties":{"code":"40057","nom":"Buanes","pop":236},"geometry":{"type":"Polygon","coordinates":[[[-0.4361,43.7072],[-0.4412,43.7131],[-0.4371,43.7137],[-0.4316,43.7168],[-0.4322,43.7221],[-0.4297,43.7232],[-0.4287,43.7292],[-0.4273,43.7319],[-0.4255,43.7317],[-0.4236,43.7355],[-0.4198,43.7354],[-0.418,43.7334],[-0.4142,43.7319],[-0.4099,43.7278],[-0.405,43.7255],[-0.4086,43.7229],[-0.4111,43.7174],[-0.4167,43.7119],[-0.4167,43.7104],[-0.4191,43.7072],[-0.4126,43.7029],[-0.4118,43.7014],[-0.4139,43.6987],[-0.4175,43.6967],[-0.4206,43.6962],[-0.4239,43.6937],[-0.4283,43.6961],[-0.4325,43.7002],[-0.4339,43.7031],[-0.4361,43.7055],[-0.4361,43.7072]]]}},{"type":"Feature","properties":{"code":"40058","nom":"Cachen","pop":233},"geometry":{"type":"Polygon","coordinates":[[[-0.4361,44.0519],[-0.4409,44.0549],[-0.441,44.0571],[-0.4366,44.061],[-0.4366,44.065],[-0.4397,44.0699],[-0.4397,44.0742],[-0.4419,44.0768],[-0.4434,44.0813],[-0.4488,44.0834],[-0.4544,44.0843],[-0.4588,44.0836],[-0.4724,44.0868],[-0.4764,44.0873],[-0.4699,44.1013],[-0.4605,44.1223],[-0.438,44.1174],[-0.4341,44.1167],[-0.4362,44.1058],[-0.4379,44.1033],[-0.4361,44.0954],[-0.4401,44.0879],[-0.4381,44.0869],[-0.4364,44.0891],[-0.4336,44.0905],[-0.4261,44.0921],[-0.4229,44.0952],[-0.4199,44.0942],[-0.4154,44.0914],[-0.4094,44.0895],[-0.3994,44.0874],[-0.3985,44.0897],[-0.3943,44.0888],[-0.3834,44.0921],[-0.3769,44.0932],[-0.3731,44.0956],[-0.3662,44.0963],[-0.3779,44.0834],[-0.3783,44.0785],[-0.3639,44.071],[-0.3586,44.0669],[-0.3584,44.0625],[-0.3564,44.0589],[-0.3594,44.0588],[-0.3607,44.051],[-0.3766,44.0517],[-0.3974,44.0503],[-0.4098,44.0531],[-0.4263,44.0529],[-0.4327,44.0512],[-0.4361,44.0519]]]}},{"type":"Feature","properties":{"code":"40059","nom":"Cagnotte","pop":784},"geometry":{"type":"Polygon","coordinates":[[[-1.0995,43.6055],[-1.1025,43.6265],[-1.0955,43.6284],[-1.0952,43.6303],[-1.0906,43.6289],[-1.0872,43.6264],[-1.0863,43.6237],[-1.083,43.622],[-1.0802,43.6221],[-1.0783,43.6202],[-1.0734,43.6194],[-1.0715,43.6232],[-1.0678,43.6247],[-1.0638,43.6231],[-1.0607,43.6208],[-1.0608,43.6175],[-1.0564,43.616],[-1.0557,43.6132],[-1.0574,43.6051],[-1.0537,43.6008],[-1.0537,43.5992],[-1.05,43.5928],[-1.0489,43.5917],[-1.0494,43.5886],[-1.0561,43.5859],[-1.0563,43.585],[-1.0694,43.5857],[-1.0755,43.5866],[-1.0793,43.586],[-1.0811,43.5841],[-1.0858,43.5834],[-1.0942,43.5807],[-1.0959,43.5888],[-1.0906,43.5921],[-1.0869,43.5966],[-1.089,43.6003],[-1.0909,43.6018],[-1.0995,43.6055]]]}},{"type":"Feature","properties":{"code":"40060","nom":"Callen","pop":153},"geometry":{"type":"Polygon","coordinates":[[[-0.3896,44.2095],[-0.3956,44.2132],[-0.4235,44.2318],[-0.4533,44.2519],[-0.4643,44.2588],[-0.466,44.2604],[-0.4702,44.2601],[-0.4723,44.2611],[-0.482,44.2631],[-0.4837,44.2647],[-0.4887,44.2659],[-0.4928,44.2655],[-0.4937,44.2664],[-0.498,44.2668],[-0.5002,44.2693],[-0.5035,44.2689],[-0.5081,44.2709],[-0.5136,44.2707],[-0.5145,44.2737],[-0.5189,44.2744],[-0.5219,44.2767],[-0.5262,44.2765],[-0.5305,44.2807],[-0.5306,44.2843],[-0.5323,44.2868],[-0.5365,44.2869],[-0.5371,44.2929],[-0.5403,44.2925],[-0.5423,44.2971],[-0.5513,44.3007],[-0.55,44.3044],[-0.5516,44.3049],[-0.5417,44.3129],[-0.5175,44.3391],[-0.479,44.325],[-0.4318,44.3226],[-0.4301,44.3048],[-0.4314,44.3011],[-0.4292,44.3001],[-0.426,44.3008],[-0.4232,44.2996],[-0.4204,44.2997],[-0.4173,44.2951],[-0.4083,44.2921],[-0.4047,44.2875],[-0.3914,44.2867],[-0.3886,44.2879],[-0.3833,44.2864],[-0.3966,44.2366],[-0.3936,44.2244],[-0.3896,44.2095]]]}},{"type":"Feature","properties":{"code":"40061","nom":"Campagne","pop":1061},"geometry":{"type":"Polygon","coordinates":[[[-0.6448,43.8293],[-0.6431,43.8323],[-0.6468,43.8361],[-0.6529,43.8485],[-0.6561,43.8541],[-0.6643,43.8565],[-0.6721,43.8561],[-0.6821,43.8563],[-0.6849,43.8586],[-0.6849,43.862],[-0.6876,43.8629],[-0.6866,43.8677],[-0.6844,43.8696],[-0.6824,43.8739],[-0.6826,43.8774],[-0.6688,43.8826],[-0.6619,43.9061],[-0.6611,43.9081],[-0.6537,43.9073],[-0.6552,43.9002],[-0.6503,43.8977],[-0.653,43.8937],[-0.65,43.8915],[-0.6491,43.8899],[-0.6502,43.8867],[-0.6444,43.8855],[-0.6401,43.8857],[-0.6365,43.8891],[-0.6315,43.8898],[-0.6285,43.8875],[-0.6267,43.8839],[-0.6233,43.8813],[-0.6193,43.8798],[-0.6158,43.8794],[-0.6157,43.877],[-0.6083,43.8766],[-0.6052,43.8759],[-0.6047,43.8739],[-0.6055,43.8694],[-0.6075,43.8671],[-0.6027,43.8656],[-0.6041,43.8633],[-0.599,43.8624],[-0.6012,43.8584],[-0.5992,43.8579],[-0.6012,43.8531],[-0.5991,43.8529],[-0.5993,43.8499],[-0.6009,43.849],[-0.6019,43.8431],[-0.602,43.8387],[-0.6047,43.8394],[-0.6085,43.8376],[-0.6117,43.8336],[-0.6111,43.8313],[-0.612,43.8255],[-0.6172,43.8249],[-0.6242,43.825],[-0.6293,43.8265],[-0.6304,43.826],[-0.6352,43.8273],[-0.6444,43.8279],[-0.6448,43.8293]]]}},{"type":"Feature","properties":{"code":"40062","nom":"Campet-et-Lamolère","pop":506},"geometry":{"type":"Polygon","coordinates":[[[-0.559,43.8959],[-0.5681,43.8979],[-0.5688,43.9005],[-0.572,43.9011],[-0.576,43.8987],[-0.5788,43.9012],[-0.5825,43.9006],[-0.5853,43.9028],[-0.5894,43.9037],[-0.5943,43.9027],[-0.5986,43.8997],[-0.6011,43.9001],[-0.6021,43.9019],[-0.6049,43.9005],[-0.61,43.9009],[-0.6137,43.9029],[-0.6172,43.9057],[-0.6166,43.9083],[-0.62,43.9074],[-0.6208,43.91],[-0.6256,43.9096],[-0.6261,43.9111],[-0.6239,43.9126],[-0.6268,43.9173],[-0.6268,43.9204],[-0.6285,43.927],[-0.6255,43.9331],[-0.622,43.9328],[-0.6161,43.9355],[-0.6154,43.9372],[-0.6084,43.9351],[-0.6044,43.9361],[-0.5973,43.9348],[-0.5963,43.9374],[-0.5928,43.9359],[-0.5905,43.9343],[-0.5907,43.9321],[-0.5874,43.931],[-0.5884,43.928],[-0.5834,43.9287],[-0.5781,43.9273],[-0.5787,43.9252],[-0.5819,43.9238],[-0.5826,43.9193],[-0.5761,43.9193],[-0.5748,43.9212],[-0.5697,43.92],[-0.5573,43.9162],[-0.5563,43.9147],[-0.5515,43.9143],[-0.5505,43.9155],[-0.5453,43.9151],[-0.5452,43.9129],[-0.5356,43.9105],[-0.5394,43.9081],[-0.5411,43.9036],[-0.5434,43.9025],[-0.5509,43.9037],[-0.5556,43.8954],[-0.559,43.8959]]]}},{"type":"Feature","properties":{"code":"40063","nom":"Candresse","pop":872},"geometry":{"type":"Polygon","coordinates":[[[-0.9687,43.7292],[-0.9679,43.7289],[-0.9696,43.7223],[-0.9731,43.7203],[-0.9738,43.7181],[-0.968,43.7107],[-0.9705,43.7074],[-0.9673,43.7063],[-0.9627,43.7036],[-0.9583,43.7016],[-0.9568,43.6974],[-0.954,43.6968],[-0.9532,43.6937],[-0.9577,43.6915],[-0.9585,43.6897],[-0.9634,43.691],[-0.9659,43.6933],[-0.9766,43.6945],[-0.9819,43.6978],[-0.9823,43.6999],[-0.9853,43.7015],[-0.9868,43.7038],[-0.9898,43.7045],[-0.9918,43.7074],[-0.9938,43.7061],[-1.0017,43.7072],[-0.9999,43.7106],[-0.999,43.7145],[-1.0015,43.7156],[-0.999,43.7179],[-0.9982,43.7227],[-0.9928,43.7232],[-0.9895,43.7247],[-0.988,43.7266],[-0.9851,43.7277],[-0.9817,43.7303],[-0.9786,43.729],[-0.9762,43.7316],[-0.9703,43.7303],[-0.9687,43.7292]]]}},{"type":"Feature","properties":{"code":"40064","nom":"Canenx-et-Réaut","pop":179},"geometry":{"type":"Polygon","coordinates":[[[-0.4915,44.0199],[-0.4891,44.0247],[-0.4853,44.0345],[-0.478,44.032],[-0.4736,44.0231],[-0.4695,44.0211],[-0.4668,44.021],[-0.4604,44.0189],[-0.4458,44.0169],[-0.444,44.0159],[-0.4412,44.0194],[-0.4301,44.0204],[-0.4274,44.0199],[-0.4244,44.018],[-0.4194,44.0179],[-0.418,44.017],[-0.4205,44.0106],[-0.4257,44.0028],[-0.4227,44.0001],[-0.4255,44.0002],[-0.4285,43.997],[-0.4319,43.9969],[-0.4367,43.9912],[-0.4352,43.9895],[-0.4375,43.986],[-0.4355,43.985],[-0.4375,43.9831],[-0.4407,43.9831],[-0.4408,43.9806],[-0.4449,43.9797],[-0.4474,43.9777],[-0.4504,43.9791],[-0.4508,43.9763],[-0.4526,43.9736],[-0.4528,43.9715],[-0.4552,43.9704],[-0.4746,43.974],[-0.4773,43.9734],[-0.4851,43.975],[-0.5025,43.9717],[-0.4996,43.9854],[-0.4968,44.0006],[-0.4915,44.0199]]]}},{"type":"Feature","properties":{"code":"40065","nom":"Capbreton","pop":9184},"geometry":{"type":"Polygon","coordinates":[[[-1.4664,43.6102],[-1.4638,43.6132],[-1.4552,43.6268],[-1.4473,43.6418],[-1.4453,43.6465],[-1.4469,43.6512],[-1.4455,43.6549],[-1.4476,43.6562],[-1.4462,43.6584],[-1.4334,43.6534],[-1.4253,43.6563],[-1.42,43.6565],[-1.4018,43.6536],[-1.398,43.6522],[-1.3955,43.6489],[-1.3913,43.6479],[-1.3917,43.6407],[-1.3949,43.6412],[-1.3953,43.6392],[-1.4012,43.6316],[-1.4052,43.6298],[-1.4062,43.6277],[-1.4033,43.6266],[-1.4015,43.6242],[-1.4033,43.6219],[-1.4025,43.6203],[-1.4047,43.6196],[-1.4129,43.621],[-1.4161,43.6162],[-1.4166,43.6139],[-1.4201,43.6132],[-1.4213,43.6115],[-1.4256,43.6122],[-1.4294,43.6108],[-1.4341,43.6104],[-1.435,43.6091],[-1.4405,43.6098],[-1.4434,43.6074],[-1.445,43.6038],[-1.4664,43.6102]]]}},{"type":"Feature","properties":{"code":"40066","nom":"Carcarès-Sainte-Croix","pop":533},"geometry":{"type":"Polygon","coordinates":[[[-0.7245,43.8787],[-0.7177,43.8751],[-0.7217,43.8706],[-0.7237,43.8673],[-0.7238,43.8635],[-0.7252,43.8613],[-0.7267,43.8493],[-0.7312,43.8487],[-0.734,43.8491],[-0.7433,43.8473],[-0.7472,43.8443],[-0.7501,43.8401],[-0.7557,43.8392],[-0.7663,43.8369],[-0.7744,43.8378],[-0.7794,43.8358],[-0.7832,43.8378],[-0.7882,43.839],[-0.7895,43.837],[-0.7935,43.8364],[-0.7959,43.8373],[-0.7963,43.8398],[-0.7979,43.8404],[-0.7989,43.8432],[-0.8027,43.8434],[-0.799,43.8454],[-0.7961,43.8443],[-0.7916,43.8474],[-0.7839,43.8515],[-0.7801,43.8544],[-0.7789,43.8585],[-0.7728,43.8614],[-0.7712,43.8643],[-0.7615,43.8669],[-0.7571,43.8704],[-0.7549,43.8714],[-0.7471,43.8719],[-0.7416,43.871],[-0.7347,43.8734],[-0.7304,43.8769],[-0.7245,43.8787]]]}},{"type":"Feature","properties":{"code":"40067","nom":"Carcen-Ponson","pop":628},"geometry":{"type":"Polygon","coordinates":[[[-0.864,43.8906],[-0.8569,43.8925],[-0.8564,43.8936],[-0.8508,43.8939],[-0.8276,43.8939],[-0.7966,43.8958],[-0.7902,43.895],[-0.7783,43.8867],[-0.772,43.8782],[-0.7745,43.8742],[-0.7667,43.8726],[-0.7663,43.8716],[-0.7616,43.8718],[-0.7592,43.8739],[-0.7569,43.872],[-0.7571,43.8704],[-0.7615,43.8669],[-0.7712,43.8643],[-0.7728,43.8614],[-0.7789,43.8585],[-0.7801,43.8544],[-0.7839,43.8515],[-0.7916,43.8474],[-0.7961,43.8443],[-0.799,43.8454],[-0.8027,43.8434],[-0.8035,43.8404],[-0.8074,43.8377],[-0.8165,43.8406],[-0.8252,43.8417],[-0.8284,43.8443],[-0.8277,43.8598],[-0.83,43.8628],[-0.834,43.8643],[-0.8402,43.8652],[-0.8398,43.8622],[-0.8419,43.8611],[-0.841,43.8586],[-0.8692,43.8606],[-0.8796,43.8729],[-0.8692,43.8854],[-0.864,43.8906]]]}},{"type":"Feature","properties":{"code":"40068","nom":"Cassen","pop":624},"geometry":{"type":"Polygon","coordinates":[[[-0.8678,43.7723],[-0.8648,43.7725],[-0.8626,43.7741],[-0.8506,43.7736],[-0.8523,43.7705],[-0.8521,43.7659],[-0.8485,43.7654],[-0.8499,43.7612],[-0.8527,43.7616],[-0.8543,43.7587],[-0.8566,43.7587],[-0.8562,43.7531],[-0.8561,43.7429],[-0.8593,43.7411],[-0.8677,43.7458],[-0.8675,43.7472],[-0.8715,43.748],[-0.8724,43.7499],[-0.8785,43.7508],[-0.8763,43.7571],[-0.8776,43.7589],[-0.8811,43.7574],[-0.8828,43.7602],[-0.8856,43.7617],[-0.8865,43.7643],[-0.8829,43.7669],[-0.8784,43.7655],[-0.8762,43.7693],[-0.8692,43.7676],[-0.8678,43.7723]]]}},{"type":"Feature","properties":{"code":"40069","nom":"Castaignos-Souslens","pop":428},"geometry":{"type":"Polygon","coordinates":[[[-0.6354,43.5811],[-0.6379,43.5777],[-0.641,43.5748],[-0.6468,43.5748],[-0.6541,43.5725],[-0.66,43.5694],[-0.6619,43.5691],[-0.6634,43.5736],[-0.6648,43.5743],[-0.6656,43.5795],[-0.6652,43.5858],[-0.6622,43.5943],[-0.6601,43.596],[-0.6576,43.6028],[-0.6513,43.6031],[-0.6496,43.6037],[-0.6421,43.6014],[-0.641,43.5993],[-0.6379,43.5984],[-0.6334,43.5982],[-0.6314,43.5985],[-0.6271,43.5962],[-0.6269,43.5923],[-0.633,43.5901],[-0.6354,43.5882],[-0.6361,43.5862],[-0.6354,43.5811]]]}},{"type":"Feature","properties":{"code":"40070","nom":"Castandet","pop":425},"geometry":{"type":"Polygon","coordinates":[[[-0.3954,43.7962],[-0.3856,43.798],[-0.3798,43.8006],[-0.3779,43.8005],[-0.3754,43.806],[-0.3726,43.8064],[-0.3699,43.8105],[-0.3679,43.816],[-0.3654,43.8172],[-0.3628,43.8205],[-0.3586,43.824],[-0.356,43.8237],[-0.3533,43.8278],[-0.3464,43.8291],[-0.3459,43.8317],[-0.3432,43.8341],[-0.3424,43.8382],[-0.3388,43.8386],[-0.3357,43.8379],[-0.333,43.8365],[-0.3324,43.8341],[-0.3337,43.827],[-0.3303,43.8245],[-0.3282,43.8242],[-0.3265,43.8217],[-0.3268,43.819],[-0.3286,43.8144],[-0.3211,43.812],[-0.3242,43.8073],[-0.328,43.8026],[-0.3281,43.8001],[-0.3324,43.794],[-0.3353,43.7927],[-0.3404,43.7917],[-0.3417,43.7887],[-0.3478,43.7894],[-0.3562,43.7876],[-0.3587,43.7888],[-0.3658,43.7878],[-0.3688,43.7867],[-0.3769,43.7894],[-0.3913,43.7905],[-0.3913,43.7943],[-0.3937,43.794],[-0.3954,43.7962]]]}},{"type":"Feature","properties":{"code":"40071","nom":"Castelnau-Chalosse","pop":593},"geometry":{"type":"Polygon","coordinates":[[[-0.8716,43.6717],[-0.87,43.6747],[-0.867,43.6747],[-0.8639,43.6734],[-0.8567,43.6745],[-0.8545,43.6758],[-0.8507,43.6767],[-0.8494,43.6788],[-0.8464,43.6793],[-0.8431,43.6781],[-0.8439,43.6766],[-0.8397,43.674],[-0.8406,43.6717],[-0.8374,43.6712],[-0.8326,43.6688],[-0.8342,43.6673],[-0.8364,43.6625],[-0.8361,43.6598],[-0.8305,43.6579],[-0.8268,43.6551],[-0.8253,43.6516],[-0.827,43.6494],[-0.8315,43.6477],[-0.8334,43.6452],[-0.8368,43.6457],[-0.8652,43.6436],[-0.8682,43.643],[-0.8687,43.647],[-0.8712,43.6486],[-0.8732,43.6468],[-0.8731,43.6437],[-0.8706,43.6387],[-0.8788,43.6406],[-0.8772,43.648],[-0.8745,43.6481],[-0.8723,43.6497],[-0.8736,43.6537],[-0.8715,43.6539],[-0.8684,43.656],[-0.8671,43.6584],[-0.8678,43.6627],[-0.871,43.6649],[-0.8684,43.6672],[-0.8696,43.6706],[-0.8716,43.6717]]]}},{"type":"Feature","properties":{"code":"40072","nom":"Castelnau-Tursan","pop":182},"geometry":{"type":"Polygon","coordinates":[[[-0.3739,43.6644],[-0.3653,43.6613],[-0.3657,43.6592],[-0.3694,43.6595],[-0.3743,43.6585],[-0.3794,43.6566],[-0.383,43.6543],[-0.387,43.6508],[-0.3897,43.6501],[-0.3935,43.6477],[-0.3952,43.6441],[-0.3983,43.641],[-0.4003,43.6378],[-0.4039,43.6391],[-0.4105,43.6405],[-0.4147,43.6433],[-0.4162,43.6435],[-0.4164,43.6454],[-0.4212,43.6467],[-0.4254,43.6491],[-0.4267,43.652],[-0.4356,43.6563],[-0.4366,43.6598],[-0.4382,43.661],[-0.4323,43.6633],[-0.4264,43.6646],[-0.4233,43.6637],[-0.422,43.6608],[-0.4185,43.6617],[-0.4195,43.6645],[-0.4184,43.6664],[-0.4154,43.6664],[-0.4117,43.6627],[-0.4083,43.6605],[-0.4049,43.6626],[-0.4007,43.6642],[-0.3956,43.6646],[-0.3878,43.6667],[-0.3795,43.6659],[-0.3739,43.6644]]]}},{"type":"Feature","properties":{"code":"40073","nom":"Castelner","pop":120},"geometry":{"type":"Polygon","coordinates":[[[-0.5668,43.5583],[-0.5719,43.555],[-0.5723,43.552],[-0.5811,43.5485],[-0.5834,43.5461],[-0.5891,43.5454],[-0.596,43.5417],[-0.5984,43.5389],[-0.6006,43.5381],[-0.6054,43.5387],[-0.6132,43.5384],[-0.6142,43.5376],[-0.6147,43.5421],[-0.6156,43.5444],[-0.6111,43.5459],[-0.6035,43.5466],[-0.5999,43.548],[-0.5993,43.5511],[-0.6024,43.5531],[-0.6013,43.5561],[-0.5966,43.5562],[-0.5957,43.5589],[-0.5925,43.5585],[-0.5913,43.5617],[-0.5919,43.5633],[-0.5902,43.5678],[-0.5888,43.5683],[-0.5816,43.5664],[-0.5783,43.5646],[-0.5718,43.5627],[-0.5668,43.5583]]]}},{"type":"Feature","properties":{"code":"40074","nom":"Castel-Sarrazin","pop":559},"geometry":{"type":"Polygon","coordinates":[[[-0.8053,43.5877],[-0.8103,43.59],[-0.81,43.592],[-0.8077,43.5932],[-0.807,43.595],[-0.809,43.5973],[-0.8019,43.6045],[-0.7997,43.6061],[-0.7962,43.6049],[-0.7937,43.6051],[-0.7946,43.6092],[-0.7974,43.611],[-0.7981,43.6145],[-0.8011,43.6166],[-0.8006,43.6188],[-0.7981,43.6209],[-0.8068,43.6222],[-0.8039,43.6297],[-0.8052,43.631],[-0.8033,43.637],[-0.8002,43.6368],[-0.8015,43.6402],[-0.8,43.6431],[-0.7933,43.6425],[-0.7948,43.6406],[-0.7908,43.6387],[-0.787,43.6398],[-0.7873,43.6357],[-0.7827,43.6351],[-0.7812,43.637],[-0.7763,43.6359],[-0.7725,43.634],[-0.7698,43.6299],[-0.7659,43.6272],[-0.7635,43.6273],[-0.7618,43.6224],[-0.7633,43.6201],[-0.7658,43.62],[-0.7675,43.6183],[-0.7669,43.6147],[-0.7696,43.6101],[-0.7691,43.6085],[-0.777,43.6058],[-0.78,43.603],[-0.7799,43.5989],[-0.781,43.5983],[-0.7857,43.5988],[-0.7888,43.5983],[-0.7894,43.5956],[-0.7989,43.5953],[-0.8019,43.5943],[-0.8053,43.5877]]]}},{"type":"Feature","properties":{"code":"40075","nom":"Castets","pop":2516},"geometry":{"type":"Polygon","coordinates":[[[-1.1426,43.936],[-1.1339,43.9341],[-1.112,43.9255],[-1.1086,43.9231],[-1.1065,43.923],[-1.1041,43.9254],[-1.0982,43.9269],[-1.0993,43.9167],[-1.1013,43.9147],[-1.102,43.91],[-1.1009,43.9047],[-1.1026,43.9005],[-1.0946,43.9014],[-1.0911,43.9024],[-1.0886,43.9021],[-1.0875,43.8982],[-1.0885,43.8955],[-1.091,43.8931],[-1.0925,43.8884],[-1.0967,43.8872],[-1.0937,43.8822],[-1.092,43.882],[-1.0921,43.8758],[-1.091,43.8743],[-1.087,43.8738],[-1.0901,43.8629],[-1.0882,43.8608],[-1.0829,43.8567],[-1.0692,43.8503],[-1.069,43.8391],[-1.0714,43.8326],[-1.1179,43.8363],[-1.119,43.8379],[-1.1232,43.8392],[-1.127,43.8392],[-1.1354,43.838],[-1.1388,43.8389],[-1.1497,43.8373],[-1.155,43.8358],[-1.1616,43.8349],[-1.1711,43.834],[-1.1725,43.8328],[-1.177,43.8326],[-1.1787,43.8334],[-1.182,43.8286],[-1.1878,43.8284],[-1.1949,43.8263],[-1.195,43.8252],[-1.2007,43.8271],[-1.2061,43.83],[-1.2152,43.8348],[-1.2169,43.8426],[-1.2163,43.8476],[-1.2176,43.8509],[-1.22,43.8545],[-1.2117,43.8616],[-1.2134,43.8642],[-1.2194,43.8661],[-1.2232,43.8691],[-1.2248,43.8753],[-1.2262,43.8785],[-1.2164,43.8768],[-1.2092,43.8767],[-1.2035,43.876],[-1.198,43.8763],[-1.193,43.8793],[-1.1963,43.8828],[-1.1892,43.8833],[-1.1833,43.8864],[-1.1777,43.8907],[-1.1766,43.8945],[-1.1746,43.8969],[-1.1781,43.8973],[-1.1782,43.9083],[-1.1767,43.9119],[-1.1719,43.9165],[-1.1704,43.9142],[-1.1658,43.9153],[-1.1642,43.9201],[-1.1642,43.923],[-1.1623,43.9251],[-1.1426,43.936]]]}},{"type":"Feature","properties":{"code":"40076","nom":"Cauna","pop":418},"geometry":{"type":"Polygon","coordinates":[[[-0.6823,43.7656],[-0.6774,43.7659],[-0.6767,43.7715],[-0.6784,43.775],[-0.6779,43.7817],[-0.6755,43.7817],[-0.6748,43.7799],[-0.6669,43.7795],[-0.661,43.7783],[-0.6583,43.7842],[-0.6584,43.7861],[-0.6463,43.7875],[-0.6448,43.7885],[-0.6404,43.7881],[-0.6382,43.7863],[-0.6365,43.7874],[-0.6321,43.7868],[-0.629,43.7849],[-0.6262,43.7858],[-0.6266,43.7893],[-0.6244,43.795],[-0.6256,43.7981],[-0.6329,43.8056],[-0.6306,43.81],[-0.6289,43.8099],[-0.6278,43.8165],[-0.6218,43.8156],[-0.6215,43.8144],[-0.6165,43.8142],[-0.6172,43.8108],[-0.616,43.8101],[-0.6137,43.8046],[-0.6152,43.8018],[-0.6138,43.798],[-0.6149,43.795],[-0.6097,43.7949],[-0.6094,43.7902],[-0.6076,43.7879],[-0.6122,43.7885],[-0.6177,43.7875],[-0.6169,43.7855],[-0.6173,43.7827],[-0.6136,43.7817],[-0.6161,43.776],[-0.6202,43.773],[-0.624,43.7716],[-0.6291,43.7755],[-0.6318,43.7747],[-0.6332,43.7701],[-0.6358,43.769],[-0.6408,43.7694],[-0.6486,43.7686],[-0.651,43.7633],[-0.6532,43.7628],[-0.6574,43.7655],[-0.6624,43.7655],[-0.6602,43.7626],[-0.6672,43.7615],[-0.6722,43.7653],[-0.6795,43.7645],[-0.6823,43.7656]]]}},{"type":"Feature","properties":{"code":"40077","nom":"Cauneille","pop":804},"geometry":{"type":"Polygon","coordinates":[[[-1.0997,43.5412],[-1.0985,43.5421],[-1.0877,43.5434],[-1.0853,43.5429],[-1.0833,43.5447],[-1.0843,43.5515],[-1.0815,43.5531],[-1.0825,43.5585],[-1.0821,43.5615],[-1.0835,43.5646],[-1.0811,43.5681],[-1.081,43.5734],[-1.0866,43.5758],[-1.0875,43.5774],[-1.086,43.5801],[-1.0811,43.5841],[-1.0793,43.586],[-1.0755,43.5866],[-1.0694,43.5857],[-1.0563,43.585],[-1.0562,43.5824],[-1.0587,43.58],[-1.0591,43.5748],[-1.0563,43.5738],[-1.0531,43.5748],[-1.0469,43.5731],[-1.0426,43.5699],[-1.0402,43.566],[-1.0394,43.5617],[-1.0377,43.5591],[-1.0359,43.5548],[-1.0369,43.5528],[-1.0362,43.5504],[-1.0402,43.5478],[-1.0427,43.5443],[-1.0469,43.5415],[-1.0531,43.5449],[-1.0578,43.5458],[-1.063,43.5449],[-1.0727,43.539],[-1.0812,43.5396],[-1.0863,43.5413],[-1.0919,43.5402],[-1.0954,43.5391],[-1.0997,43.5412]]]}},{"type":"Feature","properties":{"code":"40078","nom":"Caupenne","pop":402},"geometry":{"type":"Polygon","coordinates":[[[-0.7373,43.6574],[-0.7473,43.661],[-0.7515,43.6614],[-0.7526,43.6596],[-0.7571,43.6577],[-0.7574,43.6561],[-0.7592,43.6569],[-0.7609,43.6614],[-0.7626,43.663],[-0.7663,43.663],[-0.774,43.6657],[-0.7782,43.6723],[-0.774,43.6747],[-0.7713,43.6744],[-0.7691,43.6728],[-0.7655,43.6744],[-0.7651,43.6769],[-0.7667,43.6791],[-0.7646,43.6825],[-0.7655,43.6845],[-0.7682,43.6858],[-0.7726,43.6862],[-0.775,43.6872],[-0.7747,43.6897],[-0.771,43.6934],[-0.7707,43.6958],[-0.7678,43.6985],[-0.7684,43.7003],[-0.7721,43.6995],[-0.7769,43.701],[-0.7742,43.7032],[-0.7731,43.7062],[-0.7684,43.7088],[-0.7626,43.7136],[-0.76,43.7167],[-0.7597,43.719],[-0.7555,43.7186],[-0.7534,43.7171],[-0.7502,43.7169],[-0.7477,43.714],[-0.7515,43.7089],[-0.75,43.7059],[-0.7509,43.7046],[-0.7474,43.7009],[-0.748,43.699],[-0.7439,43.695],[-0.7397,43.6924],[-0.7405,43.6903],[-0.7394,43.6881],[-0.7337,43.6856],[-0.7305,43.6835],[-0.7293,43.6803],[-0.7317,43.6743],[-0.7345,43.669],[-0.7333,43.6675],[-0.7356,43.6645],[-0.7376,43.6647],[-0.7373,43.6574]]]}},{"type":"Feature","properties":{"code":"40079","nom":"Cazalis","pop":136},"geometry":{"type":"Polygon","coordinates":[[[-0.6857,43.6121],[-0.6901,43.6123],[-0.6875,43.6148],[-0.6858,43.6207],[-0.686,43.6228],[-0.683,43.6264],[-0.6799,43.6283],[-0.6734,43.6305],[-0.6757,43.6364],[-0.6713,43.637],[-0.6627,43.6354],[-0.6524,43.632],[-0.647,43.6312],[-0.6449,43.6293],[-0.6449,43.6269],[-0.6484,43.6259],[-0.6504,43.623],[-0.6623,43.6212],[-0.6661,43.6194],[-0.671,43.6147],[-0.6744,43.6136],[-0.6844,43.6138],[-0.6857,43.6121]]]}},{"type":"Feature","properties":{"code":"40080","nom":"Cazères-sur-l'Adour","pop":1128},"geometry":{"type":"Polygon","coordinates":[[[-0.3242,43.8073],[-0.3117,43.8033],[-0.3073,43.8042],[-0.3049,43.8036],[-0.301,43.8007],[-0.3001,43.796],[-0.3035,43.7922],[-0.3014,43.7879],[-0.3045,43.7854],[-0.3054,43.7879],[-0.3086,43.7878],[-0.3088,43.7844],[-0.3099,43.7833],[-0.3048,43.7806],[-0.3074,43.7775],[-0.3079,43.7725],[-0.3057,43.7701],[-0.3026,43.7693],[-0.303,43.7662],[-0.3066,43.7621],[-0.2977,43.7592],[-0.2946,43.7604],[-0.2919,43.7631],[-0.2874,43.7648],[-0.2818,43.7647],[-0.2819,43.7678],[-0.279,43.7726],[-0.2756,43.7733],[-0.2659,43.7799],[-0.2626,43.7825],[-0.2583,43.7812],[-0.2572,43.7707],[-0.2558,43.7692],[-0.2434,43.7712],[-0.2384,43.7723],[-0.2372,43.7711],[-0.2362,43.7674],[-0.237,43.7658],[-0.2354,43.763],[-0.2351,43.7599],[-0.2325,43.7596],[-0.2289,43.7612],[-0.2202,43.7617],[-0.2156,43.7595],[-0.214,43.7556],[-0.2181,43.7538],[-0.2181,43.7497],[-0.2215,43.7498],[-0.2303,43.745],[-0.2339,43.7421],[-0.2364,43.7423],[-0.24,43.7459],[-0.246,43.744],[-0.2529,43.7449],[-0.2557,43.7439],[-0.2623,43.7443],[-0.2663,43.7415],[-0.2704,43.7402],[-0.2744,43.7416],[-0.2742,43.7439],[-0.2805,43.7455],[-0.2839,43.748],[-0.287,43.7487],[-0.2877,43.7504],[-0.2958,43.7499],[-0.2971,43.7455],[-0.2948,43.7442],[-0.2908,43.7444],[-0.2895,43.7435],[-0.293,43.7397],[-0.2963,43.7399],[-0.3024,43.7416],[-0.3073,43.7452],[-0.3101,43.746],[-0.3134,43.7495],[-0.3161,43.7482],[-0.3204,43.7489],[-0.3255,43.7505],[-0.328,43.7472],[-0.3295,43.7502],[-0.3314,43.7517],[-0.3363,43.7539],[-0.336,43.7576],[-0.3369,43.7597],[-0.3353,43.7626],[-0.3333,43.7668],[-0.3288,43.7685],[-0.3265,43.7705],[-0.3206,43.7714],[-0.3217,43.7738],[-0.3205,43.7754],[-0.3191,43.7842],[-0.32,43.7854],[-0.3257,43.7861],[-0.3305,43.7875],[-0.336,43.7877],[-0.3417,43.7887],[-0.3404,43.7917],[-0.3353,43.7927],[-0.3324,43.794],[-0.3281,43.8001],[-0.328,43.8026],[-0.3242,43.8073]]]}},{"type":"Feature","properties":{"code":"40081","nom":"Cère","pop":420},"geometry":{"type":"Polygon","coordinates":[[[-0.5025,43.9717],[-0.5206,43.9705],[-0.5364,43.9695],[-0.5412,43.9696],[-0.5441,43.9675],[-0.5456,43.9713],[-0.5497,43.9767],[-0.5561,43.9788],[-0.5676,43.9794],[-0.5692,43.9781],[-0.5775,43.9687],[-0.5863,43.9672],[-0.5901,43.9675],[-0.5938,43.9807],[-0.6022,44.0149],[-0.5989,44.0144],[-0.5721,44.0185],[-0.5506,44.0174],[-0.5269,44.0163],[-0.5137,44.0168],[-0.4915,44.0199],[-0.4968,44.0006],[-0.4996,43.9854],[-0.5025,43.9717]]]}},{"type":"Feature","properties":{"code":"40082","nom":"Classun","pop":242},"geometry":{"type":"Polygon","coordinates":[[[-0.3619,43.7116],[-0.3612,43.7085],[-0.3621,43.706],[-0.3669,43.7021],[-0.3735,43.7067],[-0.3774,43.7079],[-0.3884,43.7085],[-0.3942,43.7094],[-0.3974,43.7074],[-0.3999,43.7084],[-0.4042,43.7037],[-0.4065,43.6995],[-0.4091,43.6988],[-0.4139,43.6987],[-0.4118,43.7014],[-0.4126,43.7029],[-0.4191,43.7072],[-0.4167,43.7104],[-0.4167,43.7119],[-0.4111,43.7174],[-0.4086,43.7229],[-0.405,43.7255],[-0.4017,43.728],[-0.3966,43.7275],[-0.3979,43.7326],[-0.39,43.7333],[-0.3871,43.7305],[-0.3854,43.726],[-0.3809,43.7221],[-0.3767,43.7204],[-0.3733,43.722],[-0.3668,43.7225],[-0.365,43.721],[-0.3672,43.7182],[-0.3667,43.7147],[-0.3619,43.7116]]]}},{"type":"Feature","properties":{"code":"40083","nom":"Clèdes","pop":115},"geometry":{"type":"Polygon","coordinates":[[[-0.3762,43.6291],[-0.3734,43.628],[-0.3684,43.6215],[-0.3646,43.6183],[-0.3636,43.6165],[-0.358,43.6119],[-0.3613,43.607],[-0.3622,43.6035],[-0.364,43.6019],[-0.3671,43.5966],[-0.3651,43.5925],[-0.3657,43.5888],[-0.3705,43.5899],[-0.3768,43.5895],[-0.3811,43.5903],[-0.3842,43.5929],[-0.3872,43.5944],[-0.3867,43.5961],[-0.3886,43.5984],[-0.3873,43.6028],[-0.3867,43.6078],[-0.3882,43.6131],[-0.3852,43.6141],[-0.3789,43.62],[-0.3812,43.6214],[-0.3799,43.6248],[-0.377,43.6268],[-0.3762,43.6291]]]}},{"type":"Feature","properties":{"code":"40084","nom":"Clermont","pop":736},"geometry":{"type":"Polygon","coordinates":[[[-0.8816,43.6367],[-0.8848,43.6295],[-0.8847,43.623],[-0.8863,43.6232],[-0.9008,43.6294],[-0.9051,43.6332],[-0.9068,43.6308],[-0.9114,43.6325],[-0.9121,43.6302],[-0.9289,43.6407],[-0.9263,43.6438],[-0.9307,43.6488],[-0.9344,43.6501],[-0.9487,43.6563],[-0.9531,43.6604],[-0.9562,43.6644],[-0.9531,43.6651],[-0.9524,43.6672],[-0.9502,43.6685],[-0.9494,43.6706],[-0.9464,43.6692],[-0.9444,43.6663],[-0.9403,43.6631],[-0.9343,43.6612],[-0.9239,43.6609],[-0.9237,43.6583],[-0.9207,43.6592],[-0.9193,43.6554],[-0.9165,43.6547],[-0.9144,43.6582],[-0.9105,43.6592],[-0.9059,43.6627],[-0.9088,43.663],[-0.9107,43.6647],[-0.9078,43.6664],[-0.9063,43.6699],[-0.9047,43.6698],[-0.9013,43.6717],[-0.8988,43.6713],[-0.8984,43.6672],[-0.8962,43.6649],[-0.8973,43.6631],[-0.8942,43.6619],[-0.8932,43.6602],[-0.8849,43.6615],[-0.8816,43.6566],[-0.8822,43.6549],[-0.8852,43.652],[-0.8846,43.6486],[-0.8853,43.6459],[-0.8903,43.6427],[-0.8849,43.6395],[-0.8816,43.6367]]]}},{"type":"Feature","properties":{"code":"40085","nom":"Commensacq","pop":440},"geometry":{"type":"Polygon","coordinates":[[[-0.8832,44.2505],[-0.8827,44.2504],[-0.8419,44.2522],[-0.8413,44.2521],[-0.8131,44.2535],[-0.7845,44.2564],[-0.781,44.2551],[-0.781,44.2503],[-0.7838,44.2495],[-0.7832,44.2468],[-0.7857,44.2439],[-0.7833,44.2433],[-0.7805,44.2406],[-0.7799,44.2378],[-0.7813,44.2342],[-0.778,44.2323],[-0.7776,44.2298],[-0.7801,44.2272],[-0.7811,44.2236],[-0.7827,44.2232],[-0.7822,44.2195],[-0.7777,44.2167],[-0.7797,44.2156],[-0.7794,44.2135],[-0.7829,44.2077],[-0.7836,44.2035],[-0.7826,44.203],[-0.7795,44.1976],[-0.7804,44.1954],[-0.7786,44.1943],[-0.7751,44.1943],[-0.7712,44.193],[-0.7765,44.1881],[-0.7813,44.1843],[-0.7848,44.1836],[-0.7893,44.1855],[-0.7937,44.1832],[-0.7908,44.18],[-0.7914,44.1791],[-0.8061,44.1741],[-0.8182,44.1698],[-0.847,44.1599],[-0.8676,44.1765],[-0.879,44.1853],[-0.879,44.1877],[-0.8794,44.1988],[-0.879,44.2075],[-0.8797,44.2184],[-0.8813,44.2325],[-0.8818,44.239],[-0.8832,44.2505]]]}},{"type":"Feature","properties":{"code":"40086","nom":"Coudures","pop":571},"geometry":{"type":"Polygon","coordinates":[[[-0.531,43.7017],[-0.5255,43.7001],[-0.5241,43.7012],[-0.5187,43.7012],[-0.5198,43.6983],[-0.5175,43.6972],[-0.5121,43.7004],[-0.5086,43.7043],[-0.5035,43.7064],[-0.5007,43.7033],[-0.4999,43.6986],[-0.4949,43.6956],[-0.4921,43.6946],[-0.4873,43.6943],[-0.4845,43.6926],[-0.4832,43.6945],[-0.4791,43.6927],[-0.4775,43.6938],[-0.475,43.6897],[-0.4719,43.6886],[-0.4716,43.6825],[-0.4709,43.6813],[-0.4778,43.6802],[-0.4852,43.6766],[-0.4846,43.6755],[-0.4885,43.6742],[-0.4915,43.6747],[-0.4955,43.671],[-0.4991,43.6699],[-0.5006,43.6727],[-0.5032,43.6724],[-0.5062,43.6738],[-0.5085,43.6733],[-0.5126,43.6744],[-0.5149,43.677],[-0.5181,43.677],[-0.5218,43.6778],[-0.5234,43.6818],[-0.5274,43.6853],[-0.5273,43.6865],[-0.5313,43.6887],[-0.5315,43.6912],[-0.5365,43.696],[-0.5396,43.701],[-0.5383,43.7029],[-0.531,43.7017]]]}},{"type":"Feature","properties":{"code":"40087","nom":"Créon-d'Armagnac","pop":331},"geometry":{"type":"Polygon","coordinates":[[[-0.1241,44.0109],[-0.1118,44.0097],[-0.0812,44.0155],[-0.0442,44.0034],[-0.0361,43.9978],[-0.0318,43.995],[-0.0276,43.9931],[-0.0247,43.9893],[-0.0351,43.9885],[-0.0346,43.9842],[-0.0365,43.984],[-0.0403,43.9867],[-0.0638,43.9898],[-0.0658,43.9889],[-0.0729,43.9839],[-0.0764,43.9823],[-0.0799,43.9788],[-0.08,43.9766],[-0.0852,43.9744],[-0.0951,43.9759],[-0.1029,43.9755],[-0.1044,43.9741],[-0.1153,43.9748],[-0.119,43.9767],[-0.1138,43.9782],[-0.1149,43.9816],[-0.1137,43.9854],[-0.1204,43.9868],[-0.1163,43.9887],[-0.1177,43.9926],[-0.1175,43.9981],[-0.1182,44.0004],[-0.1217,44.006],[-0.1241,44.0109]]]}},{"type":"Feature","properties":{"code":"40088","nom":"Dax","pop":22109},"geometry":{"type":"Polygon","coordinates":[[[-1.0259,43.7289],[-1.0292,43.7279],[-1.032,43.7244],[-1.0286,43.7199],[-1.0302,43.714],[-1.0297,43.7127],[-1.0316,43.7062],[-1.0266,43.7066],[-1.0335,43.7005],[-1.0301,43.6973],[-1.0272,43.6962],[-1.0272,43.6944],[-1.0295,43.6928],[-1.028,43.6913],[-1.0296,43.6851],[-1.0317,43.6822],[-1.0388,43.6787],[-1.0359,43.6766],[-1.0397,43.6757],[-1.0478,43.6798],[-1.0496,43.6789],[-1.0535,43.68],[-1.0502,43.6866],[-1.0525,43.6867],[-1.0515,43.6899],[-1.0529,43.6924],[-1.0622,43.6915],[-1.0646,43.6916],[-1.0724,43.6901],[-1.0744,43.688],[-1.0823,43.684],[-1.0889,43.6827],[-1.0932,43.6796],[-1.0955,43.6801],[-1.0969,43.6827],[-1.0967,43.6861],[-1.0989,43.6879],[-1.1024,43.6892],[-1.1006,43.69],[-1.0958,43.6899],[-1.093,43.6915],[-1.0939,43.6953],[-1.0969,43.6992],[-1.0972,43.7035],[-1.0938,43.7069],[-1.09,43.712],[-1.0865,43.7152],[-1.0834,43.7158],[-1.0765,43.7144],[-1.0655,43.7138],[-1.0626,43.7182],[-1.0579,43.7203],[-1.0521,43.7208],[-1.0505,43.7218],[-1.0465,43.7213],[-1.0425,43.7228],[-1.0419,43.7214],[-1.0385,43.7204],[-1.0362,43.7214],[-1.0319,43.7269],[-1.0306,43.7294],[-1.0259,43.7289]]]}},{"type":"Feature","properties":{"code":"40089","nom":"Doazit","pop":839},"geometry":{"type":"Polygon","coordinates":[[[-0.6608,43.671],[-0.6639,43.6716],[-0.6681,43.6735],[-0.6707,43.674],[-0.6732,43.6731],[-0.6827,43.6723],[-0.6878,43.6709],[-0.6912,43.6725],[-0.6949,43.6752],[-0.6885,43.6768],[-0.6862,43.6793],[-0.6872,43.6808],[-0.6849,43.6812],[-0.6747,43.6875],[-0.6735,43.6929],[-0.6684,43.6958],[-0.6678,43.6971],[-0.6701,43.6992],[-0.6727,43.6986],[-0.6768,43.6998],[-0.6766,43.7011],[-0.6713,43.706],[-0.6707,43.7083],[-0.6665,43.7125],[-0.6554,43.7099],[-0.643,43.7109],[-0.6458,43.7148],[-0.6436,43.7163],[-0.634,43.7166],[-0.6231,43.7161],[-0.6195,43.7166],[-0.6186,43.7107],[-0.6133,43.7103],[-0.613,43.7076],[-0.6143,43.706],[-0.6056,43.7041],[-0.6049,43.6997],[-0.6092,43.6989],[-0.6092,43.6972],[-0.6157,43.6938],[-0.6183,43.6905],[-0.6203,43.6833],[-0.6231,43.6793],[-0.6219,43.6758],[-0.622,43.6735],[-0.6253,43.6725],[-0.6272,43.6717],[-0.6343,43.6717],[-0.6379,43.6731],[-0.6458,43.6727],[-0.6506,43.674],[-0.6541,43.6735],[-0.6575,43.6711],[-0.6608,43.671]]]}},{"type":"Feature","properties":{"code":"40090","nom":"Donzacq","pop":452},"geometry":{"type":"Polygon","coordinates":[[[-0.8197,43.6724],[-0.8169,43.671],[-0.8131,43.6713],[-0.8111,43.6726],[-0.8109,43.6749],[-0.7986,43.6715],[-0.7927,43.6716],[-0.7873,43.6747],[-0.7824,43.6732],[-0.7799,43.6742],[-0.7782,43.6723],[-0.774,43.6657],[-0.7802,43.6641],[-0.7822,43.661],[-0.7858,43.6573],[-0.7878,43.6541],[-0.7919,43.6537],[-0.7944,43.6513],[-0.8028,43.6497],[-0.8042,43.6467],[-0.8018,43.6461],[-0.8021,43.6438],[-0.8,43.6431],[-0.8015,43.6402],[-0.8002,43.6368],[-0.8033,43.637],[-0.8052,43.631],[-0.8102,43.6311],[-0.8111,43.6363],[-0.814,43.6391],[-0.8119,43.644],[-0.8171,43.648],[-0.8221,43.6467],[-0.8253,43.6516],[-0.8268,43.6551],[-0.8305,43.6579],[-0.8361,43.6598],[-0.8364,43.6625],[-0.8342,43.6673],[-0.8326,43.6688],[-0.8285,43.6698],[-0.8243,43.6721],[-0.8197,43.6724]]]}},{"type":"Feature","properties":{"code":"40091","nom":"Duhort-Bachen","pop":700},"geometry":{"type":"Polygon","coordinates":[[[-0.3612,43.7085],[-0.3619,43.7116],[-0.3611,43.7137],[-0.3576,43.7141],[-0.3579,43.7166],[-0.3565,43.7184],[-0.3555,43.7222],[-0.3569,43.7236],[-0.3537,43.7267],[-0.3526,43.7303],[-0.3537,43.7316],[-0.3524,43.7339],[-0.3448,43.7366],[-0.3423,43.7391],[-0.342,43.741],[-0.3449,43.7434],[-0.3449,43.7476],[-0.3426,43.7487],[-0.3364,43.7457],[-0.3315,43.7486],[-0.3314,43.7517],[-0.3295,43.7502],[-0.328,43.7472],[-0.3255,43.7505],[-0.3204,43.7489],[-0.3161,43.7482],[-0.3134,43.7495],[-0.3101,43.746],[-0.3073,43.7452],[-0.3024,43.7416],[-0.2963,43.7399],[-0.293,43.7397],[-0.2909,43.7371],[-0.2874,43.7366],[-0.2849,43.7322],[-0.2827,43.7314],[-0.2813,43.7333],[-0.2773,43.7339],[-0.2746,43.7305],[-0.2752,43.7272],[-0.2784,43.7217],[-0.2787,43.719],[-0.2824,43.7157],[-0.2832,43.7097],[-0.2851,43.7051],[-0.2897,43.7059],[-0.2961,43.7049],[-0.3018,43.7048],[-0.3044,43.7032],[-0.3023,43.702],[-0.301,43.6986],[-0.3002,43.6918],[-0.3058,43.6904],[-0.3101,43.6903],[-0.3138,43.6937],[-0.3164,43.6937],[-0.3182,43.6887],[-0.3166,43.6854],[-0.3261,43.6845],[-0.3355,43.6799],[-0.3441,43.6879],[-0.3505,43.6909],[-0.3519,43.6948],[-0.3576,43.7051],[-0.3612,43.7085]]]}},{"type":"Feature","properties":{"code":"40092","nom":"Dumes","pop":265},"geometry":{"type":"Polygon","coordinates":[[[-0.5723,43.7088],[-0.5731,43.7069],[-0.572,43.6995],[-0.573,43.6965],[-0.5749,43.6945],[-0.5778,43.6931],[-0.5801,43.6939],[-0.5806,43.6972],[-0.5861,43.6984],[-0.5891,43.7009],[-0.5914,43.704],[-0.5952,43.706],[-0.5959,43.7086],[-0.5944,43.711],[-0.5865,43.7116],[-0.582,43.711],[-0.5754,43.7089],[-0.5723,43.7088]]]}},{"type":"Feature","properties":{"code":"40093","nom":"Escalans","pop":215},"geometry":{"type":"Polygon","coordinates":[[[0.0602,44.0247],[0.0621,44.0214],[0.0622,44.018],[0.0625,44.0165],[0.0604,44.014],[0.0623,44.0099],[0.0606,44.0073],[0.0625,44.0033],[0.0625,44.0005],[0.068,43.9938],[0.0731,43.9889],[0.0755,43.9851],[0.0759,43.9829],[0.0731,43.9808],[0.0732,43.9786],[0.0677,43.9745],[0.0616,43.9756],[0.0561,43.9742],[0.0483,43.9753],[0.04,43.9744],[0.0338,43.9762],[0.0295,43.9741],[0.0268,43.9721],[0.027,43.9699],[0.0229,43.9698],[0.0211,43.9684],[0.013,43.9665],[0.0105,43.9655],[0.0089,43.9661],[0.0113,43.9699],[0.0102,43.9715],[0.0129,43.975],[0.0161,43.977],[0.0179,43.9803],[0.0214,43.9802],[0.0253,43.9861],[0.0259,43.9887],[0.0217,43.9898],[0.0233,43.9954],[0.0211,43.9973],[0.0176,43.998],[0.0149,43.9997],[0.0119,44.0043],[0.0026,44.0136],[-0.0012,44.0116],[0.005,44.0234],[-0.0001,44.039],[0.0042,44.0368],[0.0175,44.037],[0.0247,44.0378],[0.0266,44.0385],[0.0314,44.0382],[0.0362,44.0392],[0.0456,44.0353],[0.0508,44.0355],[0.0561,44.0277],[0.0602,44.0247]]]}},{"type":"Feature","properties":{"code":"40094","nom":"Escource","pop":824},"geometry":{"type":"Polygon","coordinates":[[[-1.1164,44.2045],[-1.1147,44.2017],[-1.1125,44.2017],[-1.107,44.1987],[-1.1005,44.1981],[-1.0967,44.1985],[-1.0937,44.1974],[-1.09,44.2007],[-1.0858,44.2078],[-1.0795,44.2147],[-1.0502,44.2145],[-1.0271,44.2051],[-0.9722,44.1823],[-0.9651,44.1795],[-0.9453,44.1765],[-0.9591,44.1534],[-0.9618,44.1498],[-0.9697,44.1429],[-0.9718,44.1416],[-0.9774,44.1365],[-0.9805,44.1325],[-0.9575,44.123],[-0.9455,44.1129],[-0.9612,44.1152],[-0.9886,44.1203],[-1.0219,44.1263],[-1.0766,44.1353],[-1.0932,44.1347],[-1.1252,44.1512],[-1.1265,44.1516],[-1.1237,44.1663],[-1.1258,44.171],[-1.1251,44.1754],[-1.1269,44.1808],[-1.1235,44.1832],[-1.1216,44.1864],[-1.1179,44.1887],[-1.1192,44.1923],[-1.1209,44.1942],[-1.1199,44.1958],[-1.1197,44.2004],[-1.116,44.2031],[-1.1164,44.2045]]]}},{"type":"Feature","properties":{"code":"40095","nom":"Estibeaux","pop":699},"geometry":{"type":"Polygon","coordinates":[[[-0.9414,43.6208],[-0.939,43.6203],[-0.9187,43.6289],[-0.9155,43.6271],[-0.9129,43.6273],[-0.9121,43.6302],[-0.9114,43.6325],[-0.9068,43.6308],[-0.9051,43.6332],[-0.9008,43.6294],[-0.8863,43.6232],[-0.8847,43.623],[-0.883,43.6198],[-0.888,43.6185],[-0.883,43.6114],[-0.8851,43.6095],[-0.883,43.6071],[-0.887,43.5998],[-0.8876,43.5972],[-0.8918,43.5922],[-0.8958,43.5927],[-0.898,43.5919],[-0.8971,43.5895],[-0.9034,43.5871],[-0.9064,43.5831],[-0.9095,43.5803],[-0.913,43.5805],[-0.9208,43.5878],[-0.9205,43.5894],[-0.9303,43.5983],[-0.9316,43.6005],[-0.9322,43.6045],[-0.9361,43.6086],[-0.9375,43.615],[-0.9405,43.6178],[-0.9414,43.6208]]]}},{"type":"Feature","properties":{"code":"40096","nom":"Estigarde","pop":100},"geometry":{"type":"Polygon","coordinates":[[[-0.1567,44.0187],[-0.1523,44.031],[-0.1501,44.0379],[-0.1382,44.0478],[-0.1373,44.063],[-0.1283,44.0764],[-0.1244,44.0722],[-0.1201,44.0708],[-0.1171,44.0716],[-0.1135,44.0679],[-0.1091,44.0672],[-0.1074,44.0644],[-0.0998,44.0603],[-0.0991,44.0584],[-0.0945,44.0557],[-0.0947,44.0524],[-0.0896,44.0463],[-0.0763,44.037],[-0.0792,44.0217],[-0.0812,44.0155],[-0.1118,44.0097],[-0.1241,44.0109],[-0.1363,44.014],[-0.1567,44.0187]]]}},{"type":"Feature","properties":{"code":"40097","nom":"Eugénie-les-Bains","pop":498},"geometry":{"type":"Polygon","coordinates":[[[-0.4091,43.6988],[-0.4065,43.6995],[-0.4042,43.7037],[-0.3999,43.7084],[-0.3974,43.7074],[-0.3942,43.7094],[-0.3884,43.7085],[-0.3774,43.7079],[-0.3735,43.7067],[-0.3669,43.7021],[-0.3621,43.706],[-0.3612,43.7085],[-0.3576,43.7051],[-0.3519,43.6948],[-0.3586,43.6913],[-0.3596,43.6878],[-0.3653,43.6894],[-0.3697,43.6857],[-0.3676,43.6832],[-0.3727,43.681],[-0.3772,43.6757],[-0.3789,43.6744],[-0.3831,43.6758],[-0.3888,43.6787],[-0.3905,43.681],[-0.3937,43.6816],[-0.4041,43.6866],[-0.4051,43.6875],[-0.4102,43.6883],[-0.4081,43.6905],[-0.4071,43.6938],[-0.4052,43.6965],[-0.4091,43.6988]]]}},{"type":"Feature","properties":{"code":"40098","nom":"Eyres-Moncube","pop":345},"geometry":{"type":"Polygon","coordinates":[[[-0.573,43.6965],[-0.572,43.6995],[-0.5731,43.7069],[-0.5723,43.7088],[-0.5719,43.7158],[-0.5739,43.7224],[-0.5689,43.7282],[-0.5705,43.7326],[-0.5654,43.7306],[-0.5603,43.7304],[-0.5513,43.7346],[-0.547,43.7349],[-0.54,43.7328],[-0.5355,43.7336],[-0.5297,43.7321],[-0.5361,43.7221],[-0.5324,43.7193],[-0.535,43.7177],[-0.5383,43.7171],[-0.5396,43.7149],[-0.535,43.7139],[-0.5298,43.7145],[-0.5271,43.7135],[-0.5254,43.7109],[-0.5316,43.7068],[-0.531,43.7017],[-0.5383,43.7029],[-0.5407,43.7019],[-0.5455,43.6976],[-0.5483,43.6967],[-0.5488,43.6951],[-0.558,43.6966],[-0.5632,43.6969],[-0.5671,43.6982],[-0.5689,43.6963],[-0.573,43.6965]]]}},{"type":"Feature","properties":{"code":"40099","nom":"Fargues","pop":314},"geometry":{"type":"Polygon","coordinates":[[[-0.4361,43.7072],[-0.4412,43.706],[-0.4445,43.7067],[-0.4469,43.7058],[-0.4507,43.7049],[-0.458,43.7061],[-0.4638,43.7134],[-0.4674,43.7161],[-0.4688,43.7182],[-0.4717,43.7204],[-0.4754,43.7217],[-0.478,43.7251],[-0.4781,43.7271],[-0.4821,43.7279],[-0.483,43.7312],[-0.4849,43.7345],[-0.4792,43.7349],[-0.4745,43.7377],[-0.4685,43.7377],[-0.4659,43.736],[-0.462,43.735],[-0.4548,43.7351],[-0.4542,43.7403],[-0.4505,43.7402],[-0.4457,43.7386],[-0.4419,43.7385],[-0.4402,43.7425],[-0.4371,43.7406],[-0.4346,43.7413],[-0.4323,43.7392],[-0.4281,43.738],[-0.4273,43.7364],[-0.4236,43.7355],[-0.4255,43.7317],[-0.4273,43.7319],[-0.4287,43.7292],[-0.4297,43.7232],[-0.4322,43.7221],[-0.4316,43.7168],[-0.4371,43.7137],[-0.4412,43.7131],[-0.4361,43.7072]]]}},{"type":"Feature","properties":{"code":"40100","nom":"Le Frêche","pop":367},"geometry":{"type":"Polygon","coordinates":[[[-0.2087,43.9119],[-0.2109,43.9115],[-0.2163,43.9076],[-0.219,43.9076],[-0.2209,43.9098],[-0.2211,43.9127],[-0.2239,43.9144],[-0.2257,43.9123],[-0.229,43.9115],[-0.2287,43.9098],[-0.2311,43.9079],[-0.2335,43.9028],[-0.2334,43.8992],[-0.2403,43.8979],[-0.2457,43.9042],[-0.2482,43.9041],[-0.2514,43.9022],[-0.2549,43.9017],[-0.2608,43.8997],[-0.2652,43.9062],[-0.2641,43.9073],[-0.2649,43.91],[-0.2671,43.9118],[-0.2698,43.9125],[-0.2721,43.9149],[-0.2717,43.9163],[-0.2748,43.9173],[-0.2747,43.9195],[-0.2747,43.9214],[-0.2777,43.9221],[-0.279,43.9241],[-0.284,43.925],[-0.2879,43.9279],[-0.2874,43.9297],[-0.2899,43.9325],[-0.2893,43.9342],[-0.2845,43.9343],[-0.2826,43.9368],[-0.2784,43.9353],[-0.2768,43.9376],[-0.2695,43.9365],[-0.2678,43.9372],[-0.2612,43.944],[-0.2599,43.9471],[-0.2572,43.9496],[-0.2514,43.9507],[-0.2493,43.9486],[-0.2457,43.9478],[-0.2433,43.9504],[-0.2398,43.9465],[-0.2346,43.9447],[-0.2339,43.9467],[-0.2308,43.9471],[-0.231,43.9512],[-0.226,43.9504],[-0.2229,43.9505],[-0.224,43.947],[-0.2226,43.9434],[-0.2211,43.9424],[-0.2212,43.9378],[-0.2123,43.9348],[-0.2088,43.9302],[-0.2079,43.9266],[-0.2085,43.9239],[-0.2074,43.9204],[-0.2095,43.9188],[-0.2077,43.9155],[-0.2087,43.9119]]]}},{"type":"Feature","properties":{"code":"40101","nom":"Gaas","pop":470},"geometry":{"type":"Polygon","coordinates":[[[-1.0638,43.6231],[-1.06,43.6231],[-1.0567,43.6241],[-1.0532,43.624],[-1.0417,43.6292],[-1.0386,43.6287],[-1.0378,43.6271],[-1.0315,43.623],[-1.0255,43.6209],[-1.0221,43.6181],[-1.0224,43.6152],[-1.0214,43.6136],[-1.0239,43.6104],[-1.0229,43.6069],[-1.0202,43.6036],[-1.0274,43.6013],[-1.0271,43.6001],[-1.0289,43.5962],[-1.0282,43.5942],[-1.0344,43.5948],[-1.0396,43.5917],[-1.0425,43.5914],[-1.0432,43.5931],[-1.05,43.5928],[-1.0537,43.5992],[-1.0537,43.6008],[-1.0574,43.6051],[-1.0557,43.6132],[-1.0564,43.616],[-1.0608,43.6175],[-1.0607,43.6208],[-1.0638,43.6231]]]}},{"type":"Feature","properties":{"code":"40102","nom":"Gabarret","pop":1283},"geometry":{"type":"Polygon","coordinates":[[[-0.0011,43.9606],[-0.0054,43.9628],[-0.0189,43.971],[-0.0362,43.9837],[-0.0365,43.984],[-0.0346,43.9842],[-0.0351,43.9885],[-0.0247,43.9893],[-0.0276,43.9931],[-0.0318,43.995],[-0.0361,43.9978],[-0.0196,44.0034],[-0.0118,44.005],[-0.0115,44.0031],[-0.0063,44.0049],[-0.0049,44.0085],[-0.0012,44.0116],[0.0026,44.0136],[0.0119,44.0043],[0.0149,43.9997],[0.0176,43.998],[0.0211,43.9973],[0.0233,43.9954],[0.0217,43.9898],[0.0259,43.9887],[0.0253,43.9861],[0.0214,43.9802],[0.0179,43.9803],[0.0161,43.977],[0.0129,43.975],[0.0102,43.9715],[0.0113,43.9699],[0.0089,43.9661],[0.0105,43.9655],[0.0117,43.9638],[0.0099,43.962],[-0.0011,43.9606]]]}},{"type":"Feature","properties":{"code":"40103","nom":"Gaillères","pop":653},"geometry":{"type":"Polygon","coordinates":[[[-0.3683,43.92],[-0.3689,43.9206],[-0.3772,43.922],[-0.3809,43.9214],[-0.3886,43.9246],[-0.398,43.9263],[-0.4037,43.9309],[-0.41,43.932],[-0.4039,43.9374],[-0.398,43.9417],[-0.3959,43.9453],[-0.3934,43.9485],[-0.3896,43.9515],[-0.3865,43.9512],[-0.3851,43.9535],[-0.3856,43.9567],[-0.383,43.9565],[-0.38,43.9549],[-0.3696,43.9548],[-0.3621,43.9531],[-0.3594,43.9541],[-0.3443,43.9471],[-0.3461,43.9442],[-0.3472,43.94],[-0.3468,43.9355],[-0.3494,43.9313],[-0.3498,43.9291],[-0.352,43.9275],[-0.3541,43.9232],[-0.3565,43.9209],[-0.3655,43.9218],[-0.3683,43.92]]]}},{"type":"Feature","properties":{"code":"40104","nom":"Gamarde-les-Bains","pop":1583},"geometry":{"type":"Polygon","coordinates":[[[-0.8318,43.7334],[-0.8307,43.7315],[-0.8334,43.7307],[-0.8381,43.7267],[-0.842,43.7276],[-0.8464,43.7265],[-0.8518,43.7222],[-0.8522,43.7189],[-0.8504,43.7158],[-0.8543,43.7114],[-0.8598,43.7071],[-0.8653,43.7052],[-0.8661,43.7027],[-0.8688,43.7072],[-0.8729,43.7078],[-0.876,43.7051],[-0.8812,43.705],[-0.882,43.707],[-0.8898,43.707],[-0.8916,43.7051],[-0.8941,43.7048],[-0.8955,43.7084],[-0.8978,43.7092],[-0.9008,43.7087],[-0.9033,43.7118],[-0.91,43.7108],[-0.9123,43.7122],[-0.9089,43.7172],[-0.9052,43.7176],[-0.8976,43.717],[-0.8967,43.7198],[-0.8922,43.7212],[-0.8893,43.721],[-0.8896,43.7262],[-0.8874,43.7284],[-0.896,43.7359],[-0.8975,43.7389],[-0.9053,43.7443],[-0.9026,43.7471],[-0.8998,43.7459],[-0.8945,43.7472],[-0.8941,43.7509],[-0.8907,43.7525],[-0.8864,43.752],[-0.8842,43.7495],[-0.8785,43.7508],[-0.8724,43.7499],[-0.8715,43.748],[-0.8675,43.7472],[-0.8677,43.7458],[-0.8593,43.7411],[-0.8561,43.7429],[-0.8526,43.7451],[-0.851,43.7428],[-0.8456,43.7431],[-0.8442,43.74],[-0.8397,43.7397],[-0.8375,43.7388],[-0.8363,43.736],[-0.8313,43.7359],[-0.8318,43.7334]]]}},{"type":"Feature","properties":{"code":"40105","nom":"Garein","pop":424},"geometry":{"type":"Polygon","coordinates":[[[-0.7065,44.0433],[-0.699,44.0607],[-0.6959,44.0671],[-0.6845,44.0806],[-0.6754,44.09],[-0.6438,44.0856],[-0.6318,44.0842],[-0.6157,44.0728],[-0.6042,44.0635],[-0.5964,44.051],[-0.5982,44.0422],[-0.5992,44.0336],[-0.5989,44.0144],[-0.6022,44.0149],[-0.6095,44.0154],[-0.6191,44.0156],[-0.6271,44.0154],[-0.6448,44.0141],[-0.6543,44.0145],[-0.6583,44.0151],[-0.6862,44.0188],[-0.6884,44.0212],[-0.6941,44.0297],[-0.6975,44.0356],[-0.7065,44.0433]]]}},{"type":"Feature","properties":{"code":"40106","nom":"Garrey","pop":215},"geometry":{"type":"Polygon","coordinates":[[[-0.8808,43.6771],[-0.8825,43.6765],[-0.883,43.6726],[-0.8868,43.6723],[-0.8873,43.6696],[-0.8803,43.6691],[-0.8823,43.6663],[-0.8823,43.6631],[-0.8849,43.6615],[-0.8932,43.6602],[-0.8942,43.6619],[-0.8973,43.6631],[-0.8962,43.6649],[-0.8984,43.6672],[-0.8988,43.6713],[-0.9013,43.6717],[-0.9047,43.6698],[-0.9063,43.6699],[-0.9078,43.6664],[-0.9107,43.6647],[-0.9088,43.663],[-0.9059,43.6627],[-0.9105,43.6592],[-0.9144,43.6582],[-0.9165,43.6547],[-0.9193,43.6554],[-0.9207,43.6592],[-0.9215,43.6634],[-0.9178,43.6701],[-0.9154,43.6709],[-0.9156,43.6736],[-0.912,43.6739],[-0.9038,43.6777],[-0.9001,43.6814],[-0.8949,43.6796],[-0.8862,43.6825],[-0.8807,43.6784],[-0.8808,43.6771]]]}},{"type":"Feature","properties":{"code":"40108","nom":"Gastes","pop":925},"geometry":{"type":"Polygon","coordinates":[[[-1.1953,44.3405],[-1.1713,44.3381],[-1.1194,44.3326],[-1.118,44.3302],[-1.1252,44.3172],[-1.1362,44.2829],[-1.1381,44.2839],[-1.1585,44.2984],[-1.162,44.2993],[-1.163,44.3034],[-1.1687,44.3061],[-1.167,44.3076],[-1.1702,44.3087],[-1.1764,44.3095],[-1.1771,44.3104],[-1.193,44.3119],[-1.212,44.3109],[-1.2811,44.3076],[-1.2779,44.3209],[-1.2771,44.3251],[-1.2772,44.3287],[-1.2753,44.3359],[-1.2182,44.3393],[-1.1953,44.3405]]]}},{"type":"Feature","properties":{"code":"40109","nom":"Gaujacq","pop":437},"geometry":{"type":"Polygon","coordinates":[[[-0.7763,43.6359],[-0.7749,43.6386],[-0.7687,43.6428],[-0.769,43.645],[-0.7648,43.6472],[-0.7622,43.6471],[-0.7572,43.6452],[-0.7548,43.6465],[-0.7549,43.6494],[-0.7571,43.6512],[-0.7566,43.6543],[-0.7574,43.6561],[-0.7571,43.6577],[-0.7526,43.6596],[-0.7515,43.6614],[-0.7473,43.661],[-0.7373,43.6574],[-0.7358,43.6566],[-0.7333,43.6598],[-0.7289,43.6594],[-0.7207,43.6553],[-0.7223,43.6551],[-0.7251,43.6526],[-0.7234,43.6493],[-0.7147,43.6474],[-0.7095,43.6433],[-0.71,43.641],[-0.7125,43.6407],[-0.7132,43.639],[-0.717,43.6388],[-0.7179,43.6354],[-0.7174,43.6323],[-0.7195,43.6306],[-0.7189,43.6278],[-0.7195,43.6242],[-0.7171,43.6191],[-0.7185,43.6171],[-0.7265,43.6189],[-0.731,43.6206],[-0.7364,43.6206],[-0.739,43.622],[-0.7441,43.6219],[-0.7479,43.6204],[-0.7505,43.6214],[-0.7555,43.6209],[-0.7584,43.6223],[-0.7618,43.6224],[-0.7635,43.6273],[-0.7659,43.6272],[-0.7698,43.6299],[-0.7725,43.634],[-0.7763,43.6359]]]}},{"type":"Feature","properties":{"code":"40110","nom":"Geaune","pop":767},"geometry":{"type":"Polygon","coordinates":[[[-0.383,43.6543],[-0.3789,43.6527],[-0.379,43.6495],[-0.3756,43.6447],[-0.3717,43.6412],[-0.3696,43.6407],[-0.3686,43.6432],[-0.3634,43.6461],[-0.3573,43.6439],[-0.3496,43.6376],[-0.3442,43.6356],[-0.3422,43.6325],[-0.342,43.6295],[-0.34,43.6274],[-0.3393,43.6229],[-0.3421,43.6222],[-0.3424,43.6195],[-0.3451,43.618],[-0.3461,43.6154],[-0.3489,43.6131],[-0.3487,43.6109],[-0.3545,43.6102],[-0.358,43.6119],[-0.3636,43.6165],[-0.3646,43.6183],[-0.3684,43.6215],[-0.3734,43.628],[-0.3762,43.6291],[-0.3825,43.633],[-0.3872,43.6339],[-0.3902,43.6359],[-0.392,43.6357],[-0.4003,43.6378],[-0.3983,43.641],[-0.3952,43.6441],[-0.3935,43.6477],[-0.3897,43.6501],[-0.387,43.6508],[-0.383,43.6543]]]}},{"type":"Feature","properties":{"code":"40111","nom":"Geloux","pop":719},"geometry":{"type":"Polygon","coordinates":[[[-0.5863,43.9672],[-0.5918,43.9651],[-0.5995,43.9598],[-0.6049,43.957],[-0.6101,43.9502],[-0.6193,43.9495],[-0.6196,43.9473],[-0.6239,43.9475],[-0.6252,43.9437],[-0.6275,43.9437],[-0.6282,43.9402],[-0.631,43.9382],[-0.6353,43.9392],[-0.6369,43.9426],[-0.6418,43.9469],[-0.6477,43.9483],[-0.6502,43.9454],[-0.667,43.9464],[-0.6677,43.943],[-0.6884,43.9488],[-0.687,43.9499],[-0.6848,43.9623],[-0.6825,43.9779],[-0.6781,43.983],[-0.6755,43.9875],[-0.6782,43.992],[-0.6759,43.9969],[-0.6767,44.0025],[-0.6821,44.0077],[-0.6862,44.0188],[-0.6583,44.0151],[-0.6543,44.0145],[-0.6448,44.0141],[-0.6271,44.0154],[-0.6191,44.0156],[-0.6095,44.0154],[-0.6022,44.0149],[-0.5938,43.9807],[-0.5901,43.9675],[-0.5863,43.9672]]]}},{"type":"Feature","properties":{"code":"40112","nom":"Gibret","pop":92},"geometry":{"type":"Polygon","coordinates":[[[-0.8109,43.6749],[-0.8111,43.6726],[-0.8131,43.6713],[-0.8169,43.671],[-0.8197,43.6724],[-0.8214,43.6737],[-0.8294,43.6777],[-0.8331,43.6791],[-0.8324,43.6815],[-0.834,43.6879],[-0.8284,43.6892],[-0.8264,43.6908],[-0.8188,43.6913],[-0.8166,43.6908],[-0.8166,43.6882],[-0.8115,43.6833],[-0.8189,43.6817],[-0.8185,43.6793],[-0.8137,43.6777],[-0.8109,43.6749]]]}},{"type":"Feature","properties":{"code":"40113","nom":"Goos","pop":531},"geometry":{"type":"Polygon","coordinates":[[[-0.9478,43.7274],[-0.9479,43.7304],[-0.9423,43.731],[-0.9395,43.7332],[-0.9404,43.7352],[-0.9449,43.7374],[-0.9451,43.7401],[-0.9419,43.7407],[-0.9389,43.7402],[-0.9339,43.7413],[-0.932,43.7418],[-0.9266,43.7391],[-0.9253,43.7409],[-0.9247,43.7442],[-0.9215,43.7425],[-0.9199,43.7402],[-0.917,43.7387],[-0.9135,43.7404],[-0.9124,43.7427],[-0.9093,43.7463],[-0.9053,43.7443],[-0.8975,43.7389],[-0.896,43.7359],[-0.8874,43.7284],[-0.8896,43.7262],[-0.8893,43.721],[-0.8922,43.7212],[-0.8967,43.7198],[-0.8976,43.717],[-0.9052,43.7176],[-0.9089,43.7172],[-0.9184,43.7172],[-0.9289,43.7183],[-0.9341,43.7218],[-0.9411,43.7224],[-0.9444,43.7242],[-0.9478,43.7274]]]}},{"type":"Feature","properties":{"code":"40114","nom":"Gourbera","pop":364},"geometry":{"type":"Polygon","coordinates":[[[-1.0714,43.8326],[-1.0466,43.837],[-1.0368,43.8305],[-1.0038,43.8226],[-1.0299,43.7841],[-1.0436,43.785],[-1.0446,43.7819],[-1.0508,43.7767],[-1.0527,43.7766],[-1.0764,43.7816],[-1.0788,43.799],[-1.0794,43.8003],[-1.0807,43.8111],[-1.0714,43.8326]]]}},{"type":"Feature","properties":{"code":"40115","nom":"Gousse","pop":275},"geometry":{"type":"Polygon","coordinates":[[[-0.9232,43.7688],[-0.9247,43.7732],[-0.9303,43.7742],[-0.9296,43.7767],[-0.9268,43.782],[-0.9249,43.7838],[-0.922,43.7849],[-0.9128,43.7834],[-0.9111,43.7812],[-0.9063,43.7801],[-0.9049,43.779],[-0.9038,43.7754],[-0.8987,43.7755],[-0.8927,43.7774],[-0.89,43.7772],[-0.8895,43.7749],[-0.8905,43.7723],[-0.8885,43.7719],[-0.8898,43.7669],[-0.8885,43.7655],[-0.895,43.7655],[-0.9011,43.766],[-0.9113,43.7687],[-0.9135,43.7714],[-0.9165,43.771],[-0.9203,43.7693],[-0.9232,43.7688]]]}},{"type":"Feature","properties":{"code":"40116","nom":"Gouts","pop":271},"geometry":{"type":"Polygon","coordinates":[[[-0.8158,43.7844],[-0.813,43.7884],[-0.8111,43.7877],[-0.8077,43.7901],[-0.8033,43.7897],[-0.8011,43.7907],[-0.7954,43.7896],[-0.7864,43.7916],[-0.7806,43.7916],[-0.779,43.7923],[-0.7652,43.7922],[-0.7634,43.7905],[-0.7582,43.7907],[-0.7565,43.7899],[-0.757,43.7786],[-0.7566,43.7678],[-0.7527,43.7674],[-0.7517,43.766],[-0.7514,43.7617],[-0.7568,43.7592],[-0.7593,43.7591],[-0.7612,43.7608],[-0.7665,43.7619],[-0.7731,43.7601],[-0.7749,43.7615],[-0.7756,43.7649],[-0.7833,43.7684],[-0.7846,43.7701],[-0.7838,43.7729],[-0.7848,43.7749],[-0.7917,43.7738],[-0.794,43.7712],[-0.7979,43.7713],[-0.7991,43.7726],[-0.7993,43.7784],[-0.8026,43.7797],[-0.8054,43.7789],[-0.807,43.776],[-0.8091,43.7776],[-0.8091,43.7808],[-0.8104,43.7853],[-0.8158,43.7844]]]}},{"type":"Feature","properties":{"code":"40117","nom":"Grenade-sur-l'Adour","pop":2398},"geometry":{"type":"Polygon","coordinates":[[[-0.4032,43.7688],[-0.4073,43.7684],[-0.4086,43.7648],[-0.4113,43.7649],[-0.4159,43.7681],[-0.4228,43.7682],[-0.4257,43.771],[-0.4313,43.7719],[-0.4364,43.7718],[-0.439,43.7729],[-0.4471,43.7783],[-0.4483,43.7812],[-0.448,43.7847],[-0.4517,43.7852],[-0.4512,43.7928],[-0.4486,43.7946],[-0.4534,43.7974],[-0.4501,43.8003],[-0.4494,43.8047],[-0.4506,43.8069],[-0.4548,43.811],[-0.4537,43.8124],[-0.4546,43.8146],[-0.4485,43.816],[-0.4421,43.8151],[-0.4383,43.8117],[-0.43,43.8112],[-0.425,43.8096],[-0.4171,43.8097],[-0.4135,43.8103],[-0.408,43.8122],[-0.4029,43.8108],[-0.4025,43.8128],[-0.3987,43.8123],[-0.3918,43.8142],[-0.3917,43.8119],[-0.3943,43.8051],[-0.3964,43.8028],[-0.3964,43.7989],[-0.3954,43.7962],[-0.3937,43.794],[-0.3913,43.7943],[-0.3913,43.7905],[-0.3953,43.79],[-0.3964,43.7866],[-0.4,43.7857],[-0.4007,43.7815],[-0.399,43.7798],[-0.4035,43.7714],[-0.4032,43.7688]]]}},{"type":"Feature","properties":{"code":"40118","nom":"Habas","pop":1489},"geometry":{"type":"Polygon","coordinates":[[[-0.9357,43.5372],[-0.9404,43.5386],[-0.9436,43.5374],[-0.9466,43.5345],[-0.9463,43.5325],[-0.9542,43.5323],[-0.9618,43.5351],[-0.9595,43.5379],[-0.9629,43.5403],[-0.9603,43.5457],[-0.9604,43.5515],[-0.957,43.5548],[-0.9516,43.5542],[-0.9475,43.5544],[-0.9463,43.5556],[-0.9419,43.5567],[-0.9385,43.5588],[-0.9389,43.5609],[-0.9445,43.5604],[-0.9453,43.5623],[-0.9421,43.5655],[-0.9493,43.5666],[-0.9537,43.5677],[-0.9552,43.5691],[-0.9561,43.5733],[-0.9528,43.5763],[-0.9482,43.5788],[-0.9404,43.5793],[-0.9368,43.5828],[-0.9394,43.586],[-0.9368,43.5903],[-0.9295,43.5942],[-0.9303,43.5983],[-0.9205,43.5894],[-0.9208,43.5878],[-0.913,43.5805],[-0.9095,43.5803],[-0.9081,43.578],[-0.9011,43.5746],[-0.9035,43.5732],[-0.9032,43.571],[-0.909,43.5652],[-0.9149,43.5629],[-0.9157,43.559],[-0.9154,43.555],[-0.912,43.5483],[-0.9164,43.5452],[-0.9202,43.5448],[-0.9226,43.5429],[-0.9228,43.5387],[-0.9219,43.5348],[-0.9262,43.5319],[-0.9296,43.5337],[-0.9342,43.5374],[-0.9357,43.5372]]]}},{"type":"Feature","properties":{"code":"40119","nom":"Hagetmau","pop":4624},"geometry":{"type":"Polygon","coordinates":[[[-0.6253,43.6725],[-0.622,43.6735],[-0.618,43.6716],[-0.6153,43.6722],[-0.6139,43.6706],[-0.6103,43.6689],[-0.6063,43.6681],[-0.603,43.6688],[-0.597,43.6692],[-0.5918,43.6678],[-0.589,43.6689],[-0.5888,43.6719],[-0.5876,43.6745],[-0.5917,43.6777],[-0.5883,43.6785],[-0.5849,43.6775],[-0.5798,43.6729],[-0.5766,43.6736],[-0.571,43.6723],[-0.5712,43.6686],[-0.5658,43.6649],[-0.5608,43.6665],[-0.5574,43.6662],[-0.5535,43.6641],[-0.5511,43.6594],[-0.5489,43.6576],[-0.5446,43.6587],[-0.5421,43.6604],[-0.5405,43.6578],[-0.5353,43.6523],[-0.5364,43.6495],[-0.5361,43.647],[-0.5388,43.6456],[-0.541,43.6423],[-0.545,43.6447],[-0.5509,43.6426],[-0.5531,43.6445],[-0.5554,43.6433],[-0.5596,43.6429],[-0.5645,43.6435],[-0.5709,43.6436],[-0.5802,43.6452],[-0.5803,43.6437],[-0.5765,43.6393],[-0.5734,43.6369],[-0.5704,43.6365],[-0.565,43.6322],[-0.5682,43.63],[-0.5662,43.6258],[-0.5641,43.624],[-0.5689,43.622],[-0.5782,43.6212],[-0.579,43.6268],[-0.5836,43.6285],[-0.5919,43.6302],[-0.5994,43.6284],[-0.6065,43.6284],[-0.6102,43.6287],[-0.6191,43.6336],[-0.6233,43.6348],[-0.6328,43.6354],[-0.632,43.6382],[-0.6346,43.6406],[-0.6357,43.6445],[-0.6353,43.6493],[-0.6379,43.652],[-0.636,43.6529],[-0.6324,43.657],[-0.6319,43.6588],[-0.6271,43.6613],[-0.6256,43.6629],[-0.6222,43.6692],[-0.6253,43.6725]]]}},{"type":"Feature","properties":{"code":"40120","nom":"Hastingues","pop":609},"geometry":{"type":"Polygon","coordinates":[[[-1.165,43.5083],[-1.1611,43.5086],[-1.1526,43.5071],[-1.1469,43.511],[-1.141,43.5103],[-1.1389,43.5092],[-1.1331,43.5097],[-1.1314,43.5105],[-1.13,43.5167],[-1.1307,43.519],[-1.1338,43.5208],[-1.1376,43.5203],[-1.1381,43.5235],[-1.1464,43.5268],[-1.1537,43.5287],[-1.1603,43.5367],[-1.1591,43.5387],[-1.1528,43.5365],[-1.1478,43.5369],[-1.1454,43.538],[-1.1417,43.5419],[-1.1402,43.5424],[-1.1339,43.543],[-1.1313,43.5426],[-1.1234,43.5401],[-1.1207,43.5401],[-1.1181,43.5414],[-1.1141,43.5401],[-1.1158,43.5367],[-1.1224,43.5359],[-1.1194,43.531],[-1.1175,43.5291],[-1.1183,43.5276],[-1.116,43.5254],[-1.1144,43.5205],[-1.1099,43.519],[-1.1076,43.516],[-1.1079,43.5143],[-1.1098,43.5132],[-1.1143,43.5079],[-1.114,43.5049],[-1.1171,43.503],[-1.1182,43.5011],[-1.123,43.5016],[-1.1306,43.5004],[-1.133,43.4994],[-1.1368,43.5003],[-1.1397,43.4969],[-1.1387,43.4927],[-1.1394,43.4894],[-1.1451,43.4874],[-1.1481,43.4883],[-1.1491,43.4937],[-1.151,43.4962],[-1.1566,43.4967],[-1.1622,43.4919],[-1.1659,43.4909],[-1.17,43.4932],[-1.17,43.4968],[-1.1683,43.5006],[-1.1714,43.5041],[-1.1711,43.506],[-1.165,43.5083]]]}},{"type":"Feature","properties":{"code":"40121","nom":"Hauriet","pop":271},"geometry":{"type":"Polygon","coordinates":[[[-0.6732,43.7445],[-0.6739,43.7431],[-0.6721,43.7397],[-0.6755,43.7342],[-0.6746,43.7315],[-0.6762,43.7249],[-0.6814,43.7248],[-0.685,43.7235],[-0.6858,43.7185],[-0.692,43.7193],[-0.6936,43.7201],[-0.7007,43.7203],[-0.7049,43.7237],[-0.7056,43.7254],[-0.7127,43.7298],[-0.7169,43.731],[-0.7193,43.7333],[-0.7186,43.7376],[-0.7129,43.7375],[-0.7076,43.7361],[-0.7078,43.7401],[-0.706,43.741],[-0.7063,43.7432],[-0.7044,43.7438],[-0.7018,43.7469],[-0.6971,43.7468],[-0.6902,43.7441],[-0.6825,43.7431],[-0.6797,43.7452],[-0.6732,43.7445]]]}},{"type":"Feature","properties":{"code":"40122","nom":"Haut-Mauco","pop":1001},"geometry":{"type":"Polygon","coordinates":[[[-0.5432,43.8154],[-0.5457,43.8154],[-0.5482,43.8167],[-0.5525,43.8168],[-0.5528,43.8144],[-0.5506,43.8091],[-0.5532,43.8079],[-0.5597,43.8084],[-0.5616,43.8071],[-0.5637,43.8024],[-0.5683,43.8014],[-0.5685,43.7995],[-0.5744,43.7979],[-0.582,43.7991],[-0.5785,43.8076],[-0.5788,43.8128],[-0.5763,43.816],[-0.574,43.8176],[-0.5774,43.8238],[-0.5804,43.8276],[-0.5834,43.8275],[-0.5846,43.8293],[-0.5962,43.829],[-0.6093,43.8251],[-0.612,43.8255],[-0.6111,43.8313],[-0.6117,43.8336],[-0.6085,43.8376],[-0.6047,43.8394],[-0.602,43.8387],[-0.5872,43.8375],[-0.5732,43.8369],[-0.5708,43.8455],[-0.5625,43.8485],[-0.562,43.85],[-0.5592,43.8499],[-0.5512,43.8484],[-0.5387,43.848],[-0.5329,43.8495],[-0.5239,43.8538],[-0.5202,43.8534],[-0.5432,43.8154]]]}},{"type":"Feature","properties":{"code":"40123","nom":"Herm","pop":1185},"geometry":{"type":"Polygon","coordinates":[[[-1.195,43.8252],[-1.1949,43.8263],[-1.1878,43.8284],[-1.182,43.8286],[-1.1787,43.8334],[-1.177,43.8326],[-1.1725,43.8328],[-1.1711,43.834],[-1.1616,43.8349],[-1.155,43.8358],[-1.1497,43.8373],[-1.1388,43.8389],[-1.1354,43.838],[-1.127,43.8392],[-1.1232,43.8392],[-1.119,43.8379],[-1.1179,43.8363],[-1.0714,43.8326],[-1.0807,43.8111],[-1.0794,43.8003],[-1.0788,43.799],[-1.0764,43.7816],[-1.1021,43.7634],[-1.1081,43.7645],[-1.1066,43.7718],[-1.1161,43.7729],[-1.1235,43.7719],[-1.1288,43.7698],[-1.1453,43.7811],[-1.1522,43.7876],[-1.1636,43.7954],[-1.1655,43.7977],[-1.1629,43.801],[-1.1735,43.8073],[-1.1815,43.8124],[-1.1935,43.8172],[-1.195,43.8252]]]}},{"type":"Feature","properties":{"code":"40124","nom":"Herré","pop":143},"geometry":{"type":"Polygon","coordinates":[[[-0.0003,44.0391],[-0.0001,44.039],[0.005,44.0234],[-0.0012,44.0116],[-0.0049,44.0085],[-0.0063,44.0049],[-0.0115,44.0031],[-0.0118,44.005],[-0.0196,44.0034],[-0.0361,43.9978],[-0.0442,44.0034],[-0.0812,44.0155],[-0.0792,44.0217],[-0.0763,44.037],[-0.0541,44.04],[-0.0534,44.0417],[-0.0483,44.0416],[-0.0438,44.036],[-0.0335,44.0336],[-0.0128,44.0388],[-0.0003,44.0391]]]}},{"type":"Feature","properties":{"code":"40125","nom":"Heugas","pop":1398},"geometry":{"type":"Polygon","coordinates":[[[-1.0952,43.6303],[-1.0958,43.6325],[-1.0936,43.6352],[-1.0948,43.6381],[-1.0975,43.6375],[-1.0996,43.6385],[-1.1031,43.642],[-1.1059,43.6414],[-1.11,43.6416],[-1.1099,43.6386],[-1.1122,43.6377],[-1.1138,43.6404],[-1.1162,43.6403],[-1.1164,43.6434],[-1.1209,43.6426],[-1.1232,43.6442],[-1.1201,43.65],[-1.1211,43.6523],[-1.1231,43.6534],[-1.1167,43.6545],[-1.1146,43.6601],[-1.1092,43.6632],[-1.1042,43.6638],[-1.0992,43.6635],[-1.0956,43.6597],[-1.0924,43.6612],[-1.089,43.6613],[-1.0828,43.6615],[-1.0789,43.6621],[-1.0785,43.6604],[-1.0748,43.6587],[-1.069,43.6584],[-1.0623,43.6607],[-1.058,43.6597],[-1.0536,43.6573],[-1.0531,43.6557],[-1.048,43.6529],[-1.0465,43.6506],[-1.049,43.6477],[-1.0462,43.6414],[-1.0479,43.6409],[-1.0565,43.6341],[-1.0554,43.6316],[-1.0532,43.6298],[-1.0518,43.6261],[-1.0532,43.624],[-1.0567,43.6241],[-1.06,43.6231],[-1.0638,43.6231],[-1.0678,43.6247],[-1.0715,43.6232],[-1.0734,43.6194],[-1.0783,43.6202],[-1.0802,43.6221],[-1.083,43.622],[-1.0863,43.6237],[-1.0872,43.6264],[-1.0906,43.6289],[-1.0952,43.6303]]]}},{"type":"Feature","properties":{"code":"40126","nom":"Hinx","pop":1894},"geometry":{"type":"Polygon","coordinates":[[[-0.9679,43.7289],[-0.9625,43.7274],[-0.9611,43.7246],[-0.9588,43.7264],[-0.9532,43.7266],[-0.9478,43.7274],[-0.9444,43.7242],[-0.9411,43.7224],[-0.9341,43.7218],[-0.9289,43.7183],[-0.9184,43.7172],[-0.9089,43.7172],[-0.9123,43.7122],[-0.91,43.7108],[-0.9033,43.7118],[-0.9008,43.7087],[-0.8978,43.7092],[-0.8955,43.7084],[-0.8941,43.7048],[-0.8955,43.7026],[-0.8954,43.6985],[-0.8978,43.6964],[-0.8979,43.6999],[-0.9062,43.7012],[-0.9155,43.7007],[-0.9194,43.6984],[-0.9236,43.694],[-0.9255,43.6912],[-0.9327,43.6939],[-0.9386,43.6969],[-0.948,43.6968],[-0.9509,43.6938],[-0.9532,43.6937],[-0.954,43.6968],[-0.9568,43.6974],[-0.9583,43.7016],[-0.9627,43.7036],[-0.9673,43.7063],[-0.9705,43.7074],[-0.968,43.7107],[-0.9738,43.7181],[-0.9731,43.7203],[-0.9696,43.7223],[-0.9679,43.7289]]]}},{"type":"Feature","properties":{"code":"40127","nom":"Hontanx","pop":608},"geometry":{"type":"Polygon","coordinates":[[[-0.301,43.8007],[-0.3049,43.8036],[-0.3073,43.8042],[-0.3117,43.8033],[-0.3242,43.8073],[-0.3211,43.812],[-0.3158,43.8112],[-0.3136,43.8099],[-0.3056,43.8084],[-0.3049,43.806],[-0.2994,43.8053],[-0.2988,43.8064],[-0.2944,43.807],[-0.2941,43.8052],[-0.2908,43.8051],[-0.2889,43.8069],[-0.2868,43.8053],[-0.2845,43.8068],[-0.2828,43.8118],[-0.2829,43.8151],[-0.2847,43.8165],[-0.2838,43.8197],[-0.2888,43.8206],[-0.2891,43.8228],[-0.2865,43.827],[-0.2864,43.8304],[-0.2839,43.8294],[-0.2792,43.8328],[-0.2766,43.8358],[-0.2742,43.8362],[-0.2776,43.8394],[-0.28,43.8408],[-0.2853,43.8423],[-0.2865,43.844],[-0.2924,43.8477],[-0.2929,43.8497],[-0.2869,43.852],[-0.2892,43.8543],[-0.2834,43.8529],[-0.2765,43.8545],[-0.2737,43.8545],[-0.2715,43.8566],[-0.2649,43.8546],[-0.2627,43.8527],[-0.2622,43.8492],[-0.2597,43.8469],[-0.2536,43.8453],[-0.2501,43.8422],[-0.2488,43.8391],[-0.2501,43.838],[-0.2485,43.8341],[-0.2449,43.8336],[-0.2345,43.8273],[-0.2339,43.8234],[-0.2266,43.8186],[-0.2232,43.8144],[-0.2159,43.8126],[-0.2173,43.81],[-0.2272,43.8086],[-0.2265,43.8049],[-0.2247,43.8037],[-0.2235,43.8006],[-0.2175,43.7984],[-0.2201,43.7949],[-0.2228,43.789],[-0.2221,43.7872],[-0.2315,43.7873],[-0.2368,43.7882],[-0.2405,43.7858],[-0.2437,43.7827],[-0.2498,43.7849],[-0.2541,43.7857],[-0.2582,43.7848],[-0.2589,43.7871],[-0.2637,43.7912],[-0.2692,43.7929],[-0.2728,43.7953],[-0.2801,43.7974],[-0.2862,43.796],[-0.2885,43.7979],[-0.2933,43.7979],[-0.2969,43.7987],[-0.301,43.8007]]]}},{"type":"Feature","properties":{"code":"40128","nom":"Horsarrieu","pop":717},"geometry":{"type":"Polygon","coordinates":[[[-0.622,43.6735],[-0.6219,43.6758],[-0.6231,43.6793],[-0.6203,43.6833],[-0.6183,43.6905],[-0.6157,43.6938],[-0.6092,43.6972],[-0.6092,43.6989],[-0.6049,43.6997],[-0.6056,43.7041],[-0.6143,43.706],[-0.613,43.7076],[-0.6133,43.7103],[-0.6071,43.7113],[-0.6024,43.7139],[-0.5997,43.7108],[-0.5976,43.7108],[-0.5959,43.7086],[-0.5952,43.706],[-0.5914,43.704],[-0.5891,43.7009],[-0.5861,43.6984],[-0.5806,43.6972],[-0.5825,43.6833],[-0.5849,43.6775],[-0.5883,43.6785],[-0.5917,43.6777],[-0.5876,43.6745],[-0.5888,43.6719],[-0.589,43.6689],[-0.5918,43.6678],[-0.597,43.6692],[-0.603,43.6688],[-0.6063,43.6681],[-0.6103,43.6689],[-0.6139,43.6706],[-0.6153,43.6722],[-0.618,43.6716],[-0.622,43.6735]]]}},{"type":"Feature","properties":{"code":"40129","nom":"Josse","pop":1018},"geometry":{"type":"Polygon","coordinates":[[[-1.2099,43.6397],[-1.2112,43.6387],[-1.2223,43.6321],[-1.229,43.6263],[-1.2342,43.6297],[-1.2394,43.6323],[-1.2427,43.6364],[-1.2528,43.6418],[-1.2697,43.6492],[-1.2664,43.6574],[-1.2491,43.6552],[-1.2305,43.6559],[-1.2223,43.6529],[-1.21,43.6476],[-1.205,43.6459],[-1.2099,43.6397]]]}},{"type":"Feature","properties":{"code":"40130","nom":"Labastide-Chalosse","pop":172},"geometry":{"type":"Polygon","coordinates":[[[-0.6196,43.5997],[-0.6231,43.6009],[-0.6207,43.6027],[-0.6194,43.6074],[-0.6197,43.6113],[-0.6212,43.6156],[-0.6201,43.6184],[-0.6178,43.6185],[-0.6131,43.6204],[-0.6087,43.6206],[-0.6082,43.6228],[-0.606,43.6247],[-0.6065,43.6284],[-0.5994,43.6284],[-0.5919,43.6302],[-0.5836,43.6285],[-0.5832,43.6255],[-0.5856,43.6235],[-0.5957,43.6217],[-0.6017,43.6185],[-0.601,43.6158],[-0.603,43.6126],[-0.6049,43.6124],[-0.6066,43.6102],[-0.6064,43.6082],[-0.6028,43.6031],[-0.6049,43.6011],[-0.6111,43.5991],[-0.6148,43.6003],[-0.6196,43.5997]]]}},{"type":"Feature","properties":{"code":"40131","nom":"Labastide-d'Armagnac","pop":673},"geometry":{"type":"Polygon","coordinates":[[[-0.1353,43.9361],[-0.1464,43.9394],[-0.153,43.9398],[-0.1527,43.9361],[-0.1537,43.9324],[-0.1607,43.9313],[-0.1593,43.9284],[-0.1642,43.9274],[-0.1677,43.9297],[-0.1707,43.9307],[-0.1761,43.9365],[-0.1802,43.9364],[-0.1807,43.9306],[-0.1835,43.9291],[-0.19,43.9278],[-0.1925,43.9264],[-0.1917,43.924],[-0.1962,43.9215],[-0.2004,43.9147],[-0.2041,43.9126],[-0.2087,43.9119],[-0.2077,43.9155],[-0.2095,43.9188],[-0.2074,43.9204],[-0.2085,43.9239],[-0.2079,43.9266],[-0.2088,43.9302],[-0.2123,43.9348],[-0.2212,43.9378],[-0.2211,43.9424],[-0.2226,43.9434],[-0.224,43.947],[-0.2229,43.9505],[-0.2213,43.9538],[-0.2188,43.9535],[-0.2157,43.9553],[-0.2099,43.9576],[-0.2107,43.9616],[-0.2127,43.9634],[-0.2115,43.9655],[-0.2141,43.9701],[-0.2133,43.9747],[-0.2111,43.9762],[-0.2095,43.9789],[-0.2049,43.9784],[-0.2036,43.9802],[-0.1981,43.9807],[-0.1968,43.9783],[-0.1929,43.9774],[-0.1922,43.9789],[-0.1887,43.979],[-0.1883,43.9772],[-0.1916,43.9753],[-0.1892,43.9721],[-0.1856,43.9729],[-0.1837,43.9744],[-0.1797,43.9747],[-0.1781,43.9766],[-0.174,43.9745],[-0.1745,43.9729],[-0.1709,43.9714],[-0.1708,43.9686],[-0.169,43.9662],[-0.1665,43.9647],[-0.1669,43.9629],[-0.1639,43.9604],[-0.1602,43.9597],[-0.155,43.9599],[-0.153,43.9589],[-0.1482,43.9568],[-0.146,43.9551],[-0.1467,43.9521],[-0.1391,43.9492],[-0.1339,43.9512],[-0.128,43.9504],[-0.1258,43.9513],[-0.1159,43.951],[-0.112,43.9486],[-0.1055,43.9479],[-0.1026,43.9433],[-0.0991,43.9441],[-0.0987,43.9424],[-0.0971,43.9416],[-0.0993,43.935],[-0.0939,43.9332],[-0.0937,43.9318],[-0.096,43.9291],[-0.1028,43.9271],[-0.1089,43.9294],[-0.1086,43.9313],[-0.1111,43.9341],[-0.1156,43.9363],[-0.1165,43.938],[-0.1205,43.9415],[-0.1249,43.9444],[-0.1287,43.94],[-0.1345,43.9378],[-0.1353,43.9361]]]}},{"type":"Feature","properties":{"code":"40132","nom":"Labatut","pop":1430},"geometry":{"type":"Polygon","coordinates":[[[-1.039,43.5402],[-1.0441,43.5403],[-1.0469,43.5415],[-1.0427,43.5443],[-1.0402,43.5478],[-1.0362,43.5504],[-1.0369,43.5528],[-1.0359,43.5548],[-1.0377,43.5591],[-1.033,43.5608],[-1.0314,43.5646],[-1.0282,43.5657],[-1.0252,43.5693],[-1.0207,43.5728],[-1.0165,43.5732],[-1.0135,43.5719],[-1.0098,43.5683],[-1.002,43.5678],[-1.0022,43.5715],[-1.0058,43.571],[-1.0088,43.5719],[-1.004,43.5744],[-1.0013,43.5764],[-0.998,43.572],[-0.994,43.5716],[-0.9928,43.5701],[-0.9931,43.5666],[-0.9906,43.5658],[-0.9915,43.5592],[-0.9842,43.5603],[-0.9783,43.5597],[-0.9776,43.5613],[-0.9699,43.5614],[-0.9651,43.5573],[-0.9636,43.5597],[-0.9599,43.5577],[-0.9576,43.5588],[-0.9583,43.564],[-0.9552,43.5691],[-0.9537,43.5677],[-0.9493,43.5666],[-0.9421,43.5655],[-0.9453,43.5623],[-0.9445,43.5604],[-0.9389,43.5609],[-0.9385,43.5588],[-0.9419,43.5567],[-0.9463,43.5556],[-0.9475,43.5544],[-0.9516,43.5542],[-0.957,43.5548],[-0.9604,43.5515],[-0.9603,43.5457],[-0.9629,43.5403],[-0.9595,43.5379],[-0.9618,43.5351],[-0.9677,43.5368],[-0.9731,43.5373],[-0.9762,43.5394],[-0.9793,43.5399],[-0.9856,43.5371],[-0.9866,43.5399],[-0.9891,43.5416],[-0.9921,43.5411],[-0.9937,43.5393],[-1.0011,43.5371],[-1.0037,43.5346],[-1.0131,43.5392],[-1.0201,43.5382],[-1.0212,43.535],[-1.0232,43.533],[-1.0254,43.5325],[-1.0279,43.5368],[-1.0315,43.5376],[-1.0344,43.5395],[-1.039,43.5402]]]}},{"type":"Feature","properties":{"code":"40133","nom":"Labenne","pop":7183},"geometry":{"type":"Polygon","coordinates":[[[-1.4664,43.6102],[-1.445,43.6038],[-1.4434,43.6074],[-1.4405,43.6098],[-1.435,43.6091],[-1.4341,43.6104],[-1.4294,43.6108],[-1.4256,43.6122],[-1.4213,43.6115],[-1.4201,43.6132],[-1.4166,43.6139],[-1.4161,43.6162],[-1.4129,43.621],[-1.4047,43.6196],[-1.4025,43.6203],[-1.3949,43.617],[-1.394,43.6156],[-1.3915,43.5886],[-1.3938,43.583],[-1.3953,43.5806],[-1.4004,43.5766],[-1.4166,43.5752],[-1.4225,43.5754],[-1.4299,43.5763],[-1.4346,43.5777],[-1.4408,43.5776],[-1.4445,43.5783],[-1.4826,43.5864],[-1.4775,43.5933],[-1.4737,43.6],[-1.4664,43.6102]]]}},{"type":"Feature","properties":{"code":"40134","nom":"Labouheyre","pop":2906},"geometry":{"type":"Polygon","coordinates":[[[-0.9214,44.2736],[-0.902,44.2642],[-0.8997,44.2625],[-0.8832,44.2505],[-0.8818,44.239],[-0.8813,44.2325],[-0.8797,44.2184],[-0.879,44.2075],[-0.8794,44.1988],[-0.879,44.1877],[-0.9023,44.175],[-0.9166,44.1815],[-0.9217,44.1866],[-0.9222,44.1783],[-0.9236,44.1815],[-0.9326,44.1976],[-0.9367,44.2037],[-0.9416,44.21],[-0.9402,44.2121],[-0.9424,44.2159],[-0.9394,44.2182],[-0.9377,44.2179],[-0.9364,44.2209],[-0.9321,44.2212],[-0.9279,44.2318],[-0.9265,44.2371],[-0.9214,44.2736]]]}},{"type":"Feature","properties":{"code":"40135","nom":"Labrit","pop":842},"geometry":{"type":"Polygon","coordinates":[[[-0.5517,44.0692],[-0.5552,44.0716],[-0.5539,44.0729],[-0.5574,44.0767],[-0.5612,44.0766],[-0.5624,44.0777],[-0.5594,44.0815],[-0.5602,44.0827],[-0.5587,44.0851],[-0.5596,44.092],[-0.5555,44.0943],[-0.5541,44.0974],[-0.5564,44.0993],[-0.5634,44.1018],[-0.5729,44.103],[-0.5757,44.106],[-0.5821,44.1099],[-0.5895,44.1116],[-0.6204,44.1211],[-0.6267,44.1228],[-0.6414,44.1275],[-0.6216,44.1614],[-0.6192,44.1694],[-0.6202,44.1727],[-0.6226,44.1846],[-0.5836,44.1786],[-0.5637,44.1757],[-0.5592,44.1666],[-0.5496,44.1487],[-0.5485,44.1373],[-0.5426,44.1323],[-0.5341,44.1259],[-0.5345,44.1231],[-0.5318,44.1228],[-0.5285,44.12],[-0.5251,44.1192],[-0.5258,44.1166],[-0.517,44.1151],[-0.5032,44.1087],[-0.4962,44.1067],[-0.4803,44.1046],[-0.4699,44.1013],[-0.4764,44.0873],[-0.4813,44.0758],[-0.4863,44.0735],[-0.4948,44.0729],[-0.4949,44.0745],[-0.4993,44.0754],[-0.5038,44.0803],[-0.503,44.085],[-0.4995,44.0922],[-0.5041,44.0902],[-0.5168,44.0836],[-0.5242,44.0837],[-0.5399,44.0745],[-0.5498,44.0693],[-0.5509,44.0692],[-0.5517,44.0692]]]}},{"type":"Feature","properties":{"code":"40136","nom":"Lacajunte","pop":144},"geometry":{"type":"Polygon","coordinates":[[[-0.4316,43.5837],[-0.4344,43.5882],[-0.4373,43.5906],[-0.441,43.5903],[-0.4414,43.5935],[-0.4388,43.5931],[-0.4349,43.5949],[-0.4322,43.5932],[-0.429,43.5957],[-0.4283,43.6007],[-0.4242,43.603],[-0.4225,43.602],[-0.42,43.6032],[-0.4192,43.6018],[-0.4145,43.6011],[-0.4109,43.5983],[-0.4055,43.5959],[-0.4057,43.5945],[-0.4017,43.5936],[-0.399,43.591],[-0.4001,43.5878],[-0.4022,43.5886],[-0.4039,43.5855],[-0.4039,43.5821],[-0.407,43.5814],[-0.4068,43.5798],[-0.4113,43.5785],[-0.4132,43.5797],[-0.4183,43.5795],[-0.4234,43.576],[-0.426,43.5792],[-0.4304,43.5802],[-0.4316,43.5837]]]}},{"type":"Feature","properties":{"code":"40137","nom":"Lacquy","pop":289},"geometry":{"type":"Polygon","coordinates":[[[-0.2962,43.9827],[-0.2788,43.9764],[-0.2702,43.9731],[-0.2585,43.9666],[-0.2565,43.9638],[-0.2531,43.9627],[-0.2542,43.9598],[-0.2511,43.957],[-0.244,43.9541],[-0.2423,43.9524],[-0.2433,43.9504],[-0.2457,43.9478],[-0.2493,43.9486],[-0.2514,43.9507],[-0.2572,43.9496],[-0.2599,43.9471],[-0.2612,43.944],[-0.2678,43.9372],[-0.2695,43.9365],[-0.2768,43.9376],[-0.2784,43.9353],[-0.2826,43.9368],[-0.2845,43.9343],[-0.2893,43.9342],[-0.2963,43.9363],[-0.296,43.9397],[-0.2988,43.9407],[-0.2982,43.9456],[-0.3114,43.9458],[-0.3267,43.9497],[-0.3272,43.9509],[-0.3235,43.9561],[-0.3214,43.9565],[-0.32,43.9597],[-0.3195,43.9641],[-0.3089,43.9675],[-0.3033,43.969],[-0.2992,43.9728],[-0.299,43.9769],[-0.296,43.9799],[-0.2962,43.9827]]]}},{"type":"Feature","properties":{"code":"40138","nom":"Lacrabe","pop":287},"geometry":{"type":"Polygon","coordinates":[[[-0.5641,43.624],[-0.564,43.6229],[-0.5715,43.6196],[-0.5735,43.6185],[-0.5729,43.6162],[-0.5745,43.6141],[-0.5735,43.611],[-0.5886,43.6056],[-0.5917,43.6027],[-0.5905,43.6011],[-0.5906,43.5973],[-0.5947,43.5939],[-0.5984,43.5943],[-0.604,43.5935],[-0.6069,43.5958],[-0.6104,43.5964],[-0.612,43.5944],[-0.6148,43.5953],[-0.6196,43.5997],[-0.6148,43.6003],[-0.6111,43.5991],[-0.6049,43.6011],[-0.6028,43.6031],[-0.6064,43.6082],[-0.6066,43.6102],[-0.6049,43.6124],[-0.603,43.6126],[-0.601,43.6158],[-0.6017,43.6185],[-0.5957,43.6217],[-0.5856,43.6235],[-0.5832,43.6255],[-0.5836,43.6285],[-0.579,43.6268],[-0.5782,43.6212],[-0.5689,43.622],[-0.5641,43.624]]]}},{"type":"Feature","properties":{"code":"40139","nom":"Laglorieuse","pop":626},"geometry":{"type":"Polygon","coordinates":[[[-0.384,43.8805],[-0.3813,43.8786],[-0.3758,43.878],[-0.3724,43.8752],[-0.3655,43.8743],[-0.3634,43.8751],[-0.3611,43.8731],[-0.3656,43.8688],[-0.3687,43.8646],[-0.3674,43.8624],[-0.3694,43.8543],[-0.3709,43.8517],[-0.3758,43.8466],[-0.3809,43.8462],[-0.3841,43.8489],[-0.3839,43.8542],[-0.385,43.8567],[-0.392,43.8602],[-0.3964,43.8599],[-0.3989,43.8569],[-0.3999,43.8542],[-0.4065,43.8525],[-0.4081,43.8501],[-0.41,43.8495],[-0.4141,43.8516],[-0.4305,43.8558],[-0.4269,43.864],[-0.4232,43.868],[-0.4215,43.8717],[-0.4186,43.8738],[-0.4205,43.8755],[-0.4182,43.8778],[-0.4137,43.8755],[-0.405,43.8732],[-0.3949,43.8717],[-0.3928,43.8721],[-0.3921,43.8746],[-0.3893,43.8744],[-0.3866,43.8761],[-0.384,43.8805]]]}},{"type":"Feature","properties":{"code":"40140","nom":"Lagrange","pop":185},"geometry":{"type":"Polygon","coordinates":[[[-0.0362,43.9837],[-0.0406,43.9695],[-0.0438,43.9659],[-0.0441,43.9628],[-0.0467,43.9609],[-0.0512,43.9616],[-0.0585,43.9613],[-0.0626,43.9582],[-0.0636,43.9557],[-0.0682,43.9524],[-0.0694,43.9506],[-0.0703,43.9464],[-0.0727,43.9454],[-0.08,43.9437],[-0.084,43.9441],[-0.0889,43.9492],[-0.0936,43.9484],[-0.0937,43.9462],[-0.0987,43.9424],[-0.0991,43.9441],[-0.1026,43.9433],[-0.1055,43.9479],[-0.112,43.9486],[-0.1159,43.951],[-0.1145,43.952],[-0.1152,43.9555],[-0.1133,43.9622],[-0.1136,43.9646],[-0.1115,43.9682],[-0.1151,43.9689],[-0.1216,43.9667],[-0.1266,43.9664],[-0.1339,43.9677],[-0.1369,43.9675],[-0.1371,43.9679],[-0.134,43.972],[-0.1312,43.9739],[-0.1272,43.9737],[-0.1233,43.9757],[-0.119,43.9767],[-0.1153,43.9748],[-0.1044,43.9741],[-0.1029,43.9755],[-0.0951,43.9759],[-0.0852,43.9744],[-0.08,43.9766],[-0.0799,43.9788],[-0.0764,43.9823],[-0.0729,43.9839],[-0.0658,43.9889],[-0.0638,43.9898],[-0.0403,43.9867],[-0.0365,43.984],[-0.0362,43.9837]]]}},{"type":"Feature","properties":{"code":"40141","nom":"Lahosse","pop":288},"geometry":{"type":"Polygon","coordinates":[[[-0.8092,43.7083],[-0.8068,43.7101],[-0.8089,43.7139],[-0.811,43.7156],[-0.8132,43.7227],[-0.8084,43.7245],[-0.8067,43.726],[-0.8046,43.7261],[-0.8035,43.7229],[-0.7982,43.7238],[-0.7962,43.722],[-0.7906,43.7217],[-0.7873,43.7233],[-0.7827,43.7217],[-0.7795,43.7199],[-0.7782,43.7209],[-0.7769,43.7189],[-0.7741,43.7207],[-0.7686,43.7201],[-0.7661,43.7212],[-0.7635,43.7197],[-0.7597,43.719],[-0.76,43.7167],[-0.7626,43.7136],[-0.7684,43.7088],[-0.7731,43.7062],[-0.7742,43.7032],[-0.7769,43.701],[-0.782,43.7],[-0.7889,43.6999],[-0.7926,43.701],[-0.7991,43.699],[-0.8012,43.7024],[-0.8084,43.7061],[-0.8092,43.7083]]]}},{"type":"Feature","properties":{"code":"40142","nom":"Laluque","pop":1102},"geometry":{"type":"Polygon","coordinates":[[[-1.0466,43.837],[-1.0364,43.8678],[-1.0309,43.884],[-1.022,43.8823],[-1.0032,43.8791],[-1.0008,43.8801],[-0.9958,43.8789],[-0.9938,43.8772],[-0.9903,43.8772],[-0.9891,43.8811],[-0.9621,43.8821],[-0.953,43.8826],[-0.9412,43.872],[-0.9394,43.8549],[-0.939,43.8489],[-0.9364,43.8469],[-0.9167,43.8294],[-0.9346,43.8256],[-0.9451,43.8228],[-0.9705,43.8233],[-1.0038,43.8226],[-1.0368,43.8305],[-1.0466,43.837]]]}},{"type":"Feature","properties":{"code":"40143","nom":"Lamothe","pop":308},"geometry":{"type":"Polygon","coordinates":[[[-0.6329,43.8056],[-0.6256,43.7981],[-0.6244,43.795],[-0.6266,43.7893],[-0.6262,43.7858],[-0.629,43.7849],[-0.6321,43.7868],[-0.6365,43.7874],[-0.6382,43.7863],[-0.6404,43.7881],[-0.6448,43.7885],[-0.6463,43.7875],[-0.6584,43.7861],[-0.6583,43.7842],[-0.661,43.7783],[-0.6669,43.7795],[-0.6748,43.7799],[-0.6755,43.7817],[-0.6779,43.7817],[-0.6764,43.7855],[-0.6762,43.7887],[-0.6792,43.7883],[-0.6798,43.7918],[-0.6821,43.7925],[-0.6869,43.7924],[-0.694,43.7931],[-0.6966,43.7944],[-0.6991,43.7971],[-0.6954,43.7997],[-0.6902,43.7996],[-0.6902,43.8008],[-0.6854,43.8041],[-0.6786,43.8111],[-0.6776,43.8139],[-0.6762,43.813],[-0.6707,43.8132],[-0.666,43.8104],[-0.6589,43.8102],[-0.6549,43.8091],[-0.6546,43.8064],[-0.6529,43.8051],[-0.6441,43.804],[-0.6422,43.805],[-0.6386,43.8035],[-0.6366,43.8048],[-0.6329,43.8056]]]}},{"type":"Feature","properties":{"code":"40144","nom":"Larbey","pop":237},"geometry":{"type":"Polygon","coordinates":[[[-0.706,43.7037],[-0.7088,43.7004],[-0.7123,43.7006],[-0.7135,43.6992],[-0.7167,43.7001],[-0.7207,43.6993],[-0.7233,43.6951],[-0.7235,43.6928],[-0.7285,43.6907],[-0.7328,43.6914],[-0.7405,43.6903],[-0.7397,43.6924],[-0.7439,43.695],[-0.748,43.699],[-0.7474,43.7009],[-0.7509,43.7046],[-0.75,43.7059],[-0.7515,43.7089],[-0.7477,43.714],[-0.7502,43.7169],[-0.743,43.7154],[-0.7407,43.7162],[-0.7366,43.7142],[-0.7323,43.7143],[-0.7265,43.7131],[-0.7236,43.7116],[-0.7222,43.7091],[-0.7162,43.7063],[-0.7151,43.7039],[-0.7108,43.7042],[-0.706,43.7037]]]}},{"type":"Feature","properties":{"code":"40145","nom":"Larrivière-Saint-Savin","pop":583},"geometry":{"type":"Polygon","coordinates":[[[-0.3965,43.7667],[-0.3988,43.7639],[-0.399,43.7602],[-0.398,43.7596],[-0.3982,43.756],[-0.3959,43.7507],[-0.4001,43.7463],[-0.4016,43.7434],[-0.4001,43.7388],[-0.3995,43.7348],[-0.3979,43.7326],[-0.3966,43.7275],[-0.4017,43.728],[-0.405,43.7255],[-0.4099,43.7278],[-0.4142,43.7319],[-0.418,43.7334],[-0.4198,43.7354],[-0.4236,43.7355],[-0.4273,43.7364],[-0.4281,43.738],[-0.4323,43.7392],[-0.4346,43.7413],[-0.4382,43.7474],[-0.4385,43.7502],[-0.448,43.7549],[-0.4529,43.76],[-0.4568,43.7619],[-0.4597,43.7669],[-0.4608,43.7676],[-0.4617,43.772],[-0.4563,43.7734],[-0.4549,43.7752],[-0.4586,43.7778],[-0.4585,43.779],[-0.4517,43.7852],[-0.448,43.7847],[-0.4483,43.7812],[-0.4471,43.7783],[-0.439,43.7729],[-0.4364,43.7718],[-0.4313,43.7719],[-0.4257,43.771],[-0.4228,43.7682],[-0.4159,43.7681],[-0.4113,43.7649],[-0.4086,43.7648],[-0.4073,43.7684],[-0.4032,43.7688],[-0.3965,43.7667]]]}},{"type":"Feature","properties":{"code":"40146","nom":"Latrille","pop":168},"geometry":{"type":"Polygon","coordinates":[[[-0.2821,43.6429],[-0.2809,43.6401],[-0.2818,43.6387],[-0.2808,43.6362],[-0.2816,43.6318],[-0.2794,43.6289],[-0.2806,43.6279],[-0.2815,43.6239],[-0.2844,43.6203],[-0.2867,43.6085],[-0.2898,43.6064],[-0.2901,43.6037],[-0.2941,43.6024],[-0.2943,43.6106],[-0.2934,43.6185],[-0.2957,43.6234],[-0.2988,43.6262],[-0.3014,43.6279],[-0.3019,43.636],[-0.3051,43.6399],[-0.3067,43.6471],[-0.3058,43.6502],[-0.3011,43.6477],[-0.2889,43.6497],[-0.2869,43.652],[-0.2824,43.6518],[-0.2815,43.6488],[-0.2741,43.6472],[-0.2747,43.6446],[-0.2766,43.6424],[-0.2805,43.6441],[-0.2821,43.6429]]]}},{"type":"Feature","properties":{"code":"40147","nom":"Laurède","pop":367},"geometry":{"type":"Polygon","coordinates":[[[-0.782,43.7391],[-0.786,43.7383],[-0.7919,43.7415],[-0.7966,43.7407],[-0.7983,43.744],[-0.8008,43.7448],[-0.8063,43.7445],[-0.8069,43.7452],[-0.8024,43.7494],[-0.8001,43.7534],[-0.7997,43.7565],[-0.7978,43.759],[-0.7972,43.7633],[-0.7954,43.7678],[-0.797,43.7686],[-0.7979,43.7713],[-0.794,43.7712],[-0.7917,43.7738],[-0.7848,43.7749],[-0.7838,43.7729],[-0.7846,43.7701],[-0.7833,43.7684],[-0.7756,43.7649],[-0.7749,43.7615],[-0.7731,43.7601],[-0.7738,43.7582],[-0.7776,43.7569],[-0.7787,43.7541],[-0.7814,43.7529],[-0.781,43.7493],[-0.7819,43.7469],[-0.782,43.7391]]]}},{"type":"Feature","properties":{"code":"40148","nom":"Lauret","pop":76},"geometry":{"type":"Polygon","coordinates":[[[-0.3015,43.5655],[-0.3035,43.5635],[-0.3042,43.5598],[-0.3113,43.5571],[-0.3144,43.557],[-0.3222,43.5555],[-0.3275,43.5556],[-0.3361,43.5506],[-0.3494,43.5565],[-0.352,43.5585],[-0.3536,43.5615],[-0.3488,43.5665],[-0.3455,43.567],[-0.3428,43.5693],[-0.346,43.5733],[-0.347,43.576],[-0.341,43.5755],[-0.3382,43.5775],[-0.3341,43.5741],[-0.3298,43.5715],[-0.3247,43.5694],[-0.3219,43.5703],[-0.3188,43.5693],[-0.3156,43.5707],[-0.3112,43.5742],[-0.3034,43.5731],[-0.3011,43.5712],[-0.3023,43.5681],[-0.3015,43.5655]]]}},{"type":"Feature","properties":{"code":"40149","nom":"Lencouacq","pop":378},"geometry":{"type":"Polygon","coordinates":[[[-0.3729,44.207],[-0.3702,44.2062],[-0.3636,44.2061],[-0.3281,44.2038],[-0.3106,44.2032],[-0.3221,44.1842],[-0.3259,44.1794],[-0.3295,44.1761],[-0.3316,44.1732],[-0.3455,44.163],[-0.3458,44.1609],[-0.3488,44.16],[-0.3491,44.1503],[-0.3503,44.1279],[-0.3523,44.1233],[-0.3508,44.1221],[-0.3512,44.1177],[-0.3508,44.114],[-0.352,44.1098],[-0.3517,44.1031],[-0.3519,44.0967],[-0.3662,44.0963],[-0.3731,44.0956],[-0.3769,44.0932],[-0.3834,44.0921],[-0.3943,44.0888],[-0.3985,44.0897],[-0.3994,44.0874],[-0.4094,44.0895],[-0.4154,44.0914],[-0.4199,44.0942],[-0.4229,44.0952],[-0.4261,44.0921],[-0.4336,44.0905],[-0.4364,44.0891],[-0.4381,44.0869],[-0.4401,44.0879],[-0.4361,44.0954],[-0.4379,44.1033],[-0.4362,44.1058],[-0.4341,44.1167],[-0.438,44.1174],[-0.4605,44.1223],[-0.4499,44.1465],[-0.45,44.149],[-0.4562,44.173],[-0.4388,44.1707],[-0.4146,44.1874],[-0.4086,44.1918],[-0.3896,44.2095],[-0.3729,44.207]]]}},{"type":"Feature","properties":{"code":"40150","nom":"Léon","pop":2306},"geometry":{"type":"Polygon","coordinates":[[[-1.3214,43.8278],[-1.3187,43.829],[-1.3183,43.8315],[-1.3207,43.8354],[-1.3195,43.8366],[-1.3221,43.8393],[-1.3256,43.8405],[-1.3258,43.8422],[-1.3291,43.8426],[-1.3308,43.8443],[-1.329,43.8469],[-1.3314,43.8484],[-1.334,43.8527],[-1.3349,43.8564],[-1.3383,43.8587],[-1.3362,43.8642],[-1.3401,43.8669],[-1.3405,43.8684],[-1.3382,43.8721],[-1.3382,43.875],[-1.345,43.8924],[-1.3474,43.8972],[-1.347,43.8975],[-1.3333,43.8998],[-1.3019,43.8914],[-1.2965,43.8877],[-1.296,43.8849],[-1.291,43.8832],[-1.2878,43.8833],[-1.2825,43.8811],[-1.281,43.8795],[-1.2774,43.8788],[-1.2745,43.8795],[-1.2705,43.8787],[-1.2674,43.8763],[-1.2602,43.8758],[-1.2589,43.8721],[-1.2576,43.8708],[-1.2557,43.8664],[-1.2516,43.8648],[-1.2412,43.8639],[-1.2371,43.8619],[-1.2333,43.8634],[-1.226,43.8628],[-1.2257,43.8601],[-1.2239,43.8544],[-1.2245,43.8492],[-1.2238,43.8484],[-1.2186,43.8484],[-1.2163,43.8476],[-1.2169,43.8426],[-1.2152,43.8348],[-1.2061,43.83],[-1.2081,43.8275],[-1.2103,43.8268],[-1.2151,43.8278],[-1.2148,43.8253],[-1.2156,43.8194],[-1.2199,43.8202],[-1.2213,43.8175],[-1.2251,43.8184],[-1.2279,43.8146],[-1.2311,43.8131],[-1.2386,43.8113],[-1.2404,43.8119],[-1.2458,43.8105],[-1.2493,43.8103],[-1.2508,43.8091],[-1.2515,43.8051],[-1.2559,43.8033],[-1.2512,43.7995],[-1.2529,43.7951],[-1.2686,43.7997],[-1.2638,43.7994],[-1.2623,43.8],[-1.2622,43.8075],[-1.2698,43.8115],[-1.2779,43.8118],[-1.2816,43.8135],[-1.2885,43.8134],[-1.2918,43.8152],[-1.3136,43.8254],[-1.3214,43.8278]]]}},{"type":"Feature","properties":{"code":"40151","nom":"Lesgor","pop":427},"geometry":{"type":"Polygon","coordinates":[[[-0.8796,43.8729],[-0.8692,43.8606],[-0.8647,43.8524],[-0.87,43.8469],[-0.8729,43.8431],[-0.8765,43.8345],[-0.8798,43.8336],[-0.8823,43.834],[-0.9045,43.8313],[-0.9167,43.8294],[-0.9364,43.8469],[-0.939,43.8489],[-0.9394,43.8549],[-0.9412,43.872],[-0.953,43.8826],[-0.9466,43.889],[-0.8796,43.8729]]]}},{"type":"Feature","properties":{"code":"40152","nom":"Lesperon","pop":1043},"geometry":{"type":"Polygon","coordinates":[[[-1.1678,43.9729],[-1.157,43.9702],[-1.1528,43.974],[-1.1514,43.974],[-1.1491,43.9804],[-1.1471,43.9804],[-1.1454,43.9826],[-1.1464,43.9847],[-1.1448,43.9869],[-1.142,43.9873],[-1.1396,43.9896],[-1.1349,43.9894],[-1.1311,43.9919],[-1.1248,43.9984],[-1.1221,43.9977],[-1.111,43.9986],[-1.1111,44.0001],[-1.1045,44.0076],[-1.0999,44.0109],[-1.0887,44.0179],[-1.0804,44.0197],[-1.0766,44.0161],[-1.0746,44.0155],[-1.0736,44.0121],[-1.0686,44.0088],[-1.0656,44.0078],[-1.0608,44.0021],[-1.0543,43.9989],[-1.0509,44.0003],[-1.0428,44.0004],[-1.0349,43.9985],[-1.0308,43.9982],[-1.004,43.9928],[-0.9939,43.9906],[-0.9951,43.9878],[-1.0041,43.9638],[-1.0068,43.9537],[-1.0086,43.9486],[-1.0195,43.9112],[-1.0704,43.9223],[-1.0771,43.922],[-1.0814,43.921],[-1.0886,43.9204],[-1.0883,43.925],[-1.0946,43.9257],[-1.0954,43.9275],[-1.0982,43.9269],[-1.1041,43.9254],[-1.1065,43.923],[-1.1086,43.9231],[-1.112,43.9255],[-1.1339,43.9341],[-1.1426,43.936],[-1.1618,43.9534],[-1.168,43.9574],[-1.173,43.9597],[-1.1686,43.9661],[-1.1678,43.9729]]]}},{"type":"Feature","properties":{"code":"40153","nom":"Le Leuy","pop":225},"geometry":{"type":"Polygon","coordinates":[[[-0.6278,43.8165],[-0.6289,43.8099],[-0.6306,43.81],[-0.6329,43.8056],[-0.6366,43.8048],[-0.6386,43.8035],[-0.6422,43.805],[-0.6441,43.804],[-0.6529,43.8051],[-0.6546,43.8064],[-0.6549,43.8091],[-0.6589,43.8102],[-0.666,43.8104],[-0.6707,43.8132],[-0.6762,43.813],[-0.6776,43.8139],[-0.6757,43.8232],[-0.6765,43.8253],[-0.6738,43.8309],[-0.6733,43.8318],[-0.6602,43.8333],[-0.658,43.834],[-0.651,43.8324],[-0.6448,43.8293],[-0.6444,43.8279],[-0.6352,43.8273],[-0.6304,43.826],[-0.6276,43.8182],[-0.6278,43.8165]]]}},{"type":"Feature","properties":{"code":"40154","nom":"Lévignacq","pop":362},"geometry":{"type":"Polygon","coordinates":[[[-1.1777,44.0555],[-1.1732,44.0539],[-1.1647,44.0499],[-1.1468,44.0453],[-1.1417,44.0399],[-1.1399,44.0387],[-1.1336,44.0395],[-1.1347,44.0368],[-1.1337,44.0356],[-1.1234,44.0273],[-1.1177,44.0286],[-1.0887,44.0179],[-1.0999,44.0109],[-1.1045,44.0076],[-1.1111,44.0001],[-1.111,43.9986],[-1.1221,43.9977],[-1.1248,43.9984],[-1.1311,43.9919],[-1.1349,43.9894],[-1.1396,43.9896],[-1.142,43.9873],[-1.1448,43.9869],[-1.1464,43.9847],[-1.1454,43.9826],[-1.1471,43.9804],[-1.1491,43.9804],[-1.1514,43.974],[-1.1528,43.974],[-1.157,43.9702],[-1.1678,43.9729],[-1.1826,43.9748],[-1.1874,43.975],[-1.1922,43.9765],[-1.199,43.9763],[-1.2005,43.9766],[-1.2016,43.9817],[-1.2,43.9844],[-1.2006,43.9872],[-1.1993,43.9976],[-1.1967,43.9996],[-1.1943,44.0029],[-1.1895,44.0037],[-1.1833,44.0046],[-1.1812,44.0113],[-1.1791,44.012],[-1.1813,44.0178],[-1.1841,44.0226],[-1.1821,44.0244],[-1.1766,44.0243],[-1.1794,44.0367],[-1.1777,44.0555]]]}},{"type":"Feature","properties":{"code":"40155","nom":"Linxe","pop":1552},"geometry":{"type":"Polygon","coordinates":[[[-1.1963,43.8828],[-1.2002,43.8836],[-1.2045,43.8836],[-1.2078,43.8816],[-1.2129,43.8834],[-1.2148,43.8824],[-1.2183,43.8822],[-1.2217,43.881],[-1.2274,43.8813],[-1.2336,43.881],[-1.2435,43.8837],[-1.2455,43.8877],[-1.2432,43.8889],[-1.2421,43.8912],[-1.243,43.896],[-1.2483,43.8982],[-1.257,43.9028],[-1.2717,43.9025],[-1.2744,43.9028],[-1.2797,43.9014],[-1.2818,43.9032],[-1.2916,43.9169],[-1.294,43.9165],[-1.2963,43.9183],[-1.2913,43.9233],[-1.287,43.9248],[-1.2843,43.9271],[-1.2799,43.9351],[-1.2806,43.9394],[-1.2763,43.9463],[-1.2713,43.948],[-1.2679,43.9521],[-1.2651,43.9525],[-1.2652,43.9562],[-1.2617,43.9572],[-1.2601,43.9647],[-1.2565,43.9661],[-1.2529,43.9653],[-1.2514,43.9684],[-1.2477,43.9689],[-1.2469,43.9723],[-1.2415,43.972],[-1.2415,43.9697],[-1.2366,43.967],[-1.23,43.9686],[-1.2282,43.9675],[-1.2195,43.9647],[-1.2007,43.973],[-1.199,43.9763],[-1.1922,43.9765],[-1.1874,43.975],[-1.1826,43.9748],[-1.1678,43.9729],[-1.1686,43.9661],[-1.173,43.9597],[-1.168,43.9574],[-1.1618,43.9534],[-1.1426,43.936],[-1.1623,43.9251],[-1.1642,43.923],[-1.1642,43.9201],[-1.1658,43.9153],[-1.1704,43.9142],[-1.1719,43.9165],[-1.1767,43.9119],[-1.1782,43.9083],[-1.1781,43.8973],[-1.1746,43.8969],[-1.1766,43.8945],[-1.1777,43.8907],[-1.1833,43.8864],[-1.1892,43.8833],[-1.1963,43.8828]]]}},{"type":"Feature","properties":{"code":"40156","nom":"Liposthey","pop":603},"geometry":{"type":"Polygon","coordinates":[[[-0.8997,44.2625],[-0.902,44.2642],[-0.9214,44.2736],[-0.9195,44.2781],[-0.903,44.3126],[-0.9024,44.3134],[-0.9015,44.3213],[-0.8994,44.3292],[-0.9022,44.3455],[-0.8719,44.3352],[-0.856,44.3363],[-0.8543,44.322],[-0.8445,44.3223],[-0.8453,44.308],[-0.8804,44.2992],[-0.887,44.2963],[-0.8997,44.2625]]]}},{"type":"Feature","properties":{"code":"40157","nom":"Lit-et-Mixe","pop":1719},"geometry":{"type":"Polygon","coordinates":[[[-1.199,43.9763],[-1.2007,43.973],[-1.2195,43.9647],[-1.2282,43.9675],[-1.23,43.9686],[-1.2366,43.967],[-1.2415,43.9697],[-1.2415,43.972],[-1.2469,43.9723],[-1.2477,43.9689],[-1.2514,43.9684],[-1.2529,43.9653],[-1.2565,43.9661],[-1.2601,43.9647],[-1.2602,43.9698],[-1.2728,43.9745],[-1.2831,43.9748],[-1.3074,43.9794],[-1.3164,43.9841],[-1.3517,44.0016],[-1.3504,44.005],[-1.3473,44.0185],[-1.3448,44.0254],[-1.3446,44.0286],[-1.3415,44.0395],[-1.3388,44.0467],[-1.338,44.0521],[-1.335,44.0603],[-1.3351,44.0627],[-1.3319,44.0713],[-1.3309,44.0754],[-1.3271,44.0878],[-1.3243,44.0889],[-1.314,44.0851],[-1.3084,44.0864],[-1.3026,44.0849],[-1.2972,44.0841],[-1.2946,44.082],[-1.2919,44.0821],[-1.2792,44.0762],[-1.2717,44.0695],[-1.2691,44.068],[-1.2674,44.0607],[-1.2408,44.0475],[-1.2223,44.0417],[-1.2203,44.0415],[-1.2218,44.0374],[-1.2205,44.0348],[-1.2218,44.0321],[-1.2212,44.0302],[-1.218,44.0288],[-1.2149,44.0255],[-1.211,44.0202],[-1.2088,44.0182],[-1.2059,44.017],[-1.1947,44.0188],[-1.1895,44.0037],[-1.1943,44.0029],[-1.1967,43.9996],[-1.1993,43.9976],[-1.2006,43.9872],[-1.2,43.9844],[-1.2016,43.9817],[-1.2005,43.9766],[-1.199,43.9763]]]}},{"type":"Feature","properties":{"code":"40158","nom":"Losse","pop":286},"geometry":{"type":"Polygon","coordinates":[[[-0.1289,44.1524],[-0.1139,44.1514],[-0.1137,44.1523],[-0.1082,44.1547],[-0.1048,44.1551],[-0.0918,44.1545],[-0.0873,44.156],[-0.0819,44.1542],[-0.0714,44.1531],[-0.06,44.1509],[-0.0564,44.1211],[-0.0583,44.1171],[-0.0583,44.1117],[-0.0557,44.1039],[-0.0428,44.088],[-0.0404,44.084],[-0.0305,44.0773],[-0.0107,44.0686],[-0.0003,44.0391],[-0.0128,44.0388],[-0.0335,44.0336],[-0.0438,44.036],[-0.0483,44.0416],[-0.0534,44.0417],[-0.0541,44.04],[-0.0763,44.037],[-0.0896,44.0463],[-0.0947,44.0524],[-0.0945,44.0557],[-0.0991,44.0584],[-0.0998,44.0603],[-0.1074,44.0644],[-0.1091,44.0672],[-0.1135,44.0679],[-0.1171,44.0716],[-0.1201,44.0708],[-0.1244,44.0722],[-0.1283,44.0764],[-0.1361,44.0773],[-0.1396,44.0766],[-0.1419,44.0782],[-0.1475,44.0794],[-0.1501,44.0812],[-0.1564,44.0831],[-0.1632,44.0839],[-0.1642,44.0854],[-0.1689,44.0854],[-0.1736,44.0877],[-0.1789,44.0865],[-0.1829,44.0878],[-0.1859,44.0912],[-0.1857,44.0939],[-0.1834,44.0946],[-0.1821,44.0995],[-0.18,44.1],[-0.1675,44.1072],[-0.159,44.111],[-0.148,44.1164],[-0.1425,44.1385],[-0.1476,44.1529],[-0.1475,44.1536],[-0.1358,44.1552],[-0.1289,44.1524]]]}},{"type":"Feature","properties":{"code":"40159","nom":"Louer","pop":335},"geometry":{"type":"Polygon","coordinates":[[[-0.9026,43.7471],[-0.9036,43.7476],[-0.9026,43.7523],[-0.9,43.7601],[-0.895,43.7655],[-0.8885,43.7655],[-0.8865,43.7643],[-0.8856,43.7617],[-0.8828,43.7602],[-0.8811,43.7574],[-0.8776,43.7589],[-0.8763,43.7571],[-0.8785,43.7508],[-0.8842,43.7495],[-0.8864,43.752],[-0.8907,43.7525],[-0.8941,43.7509],[-0.8945,43.7472],[-0.8998,43.7459],[-0.9026,43.7471]]]}},{"type":"Feature","properties":{"code":"40160","nom":"Lourquen","pop":193},"geometry":{"type":"Polygon","coordinates":[[[-0.8063,43.7445],[-0.8008,43.7448],[-0.7983,43.744],[-0.7966,43.7407],[-0.7919,43.7415],[-0.786,43.7383],[-0.782,43.7391],[-0.7795,43.7397],[-0.7741,43.739],[-0.7748,43.7371],[-0.7738,43.7323],[-0.7741,43.7298],[-0.7771,43.7281],[-0.7766,43.7249],[-0.7749,43.7238],[-0.7782,43.7209],[-0.7795,43.7199],[-0.7827,43.7217],[-0.7873,43.7233],[-0.7906,43.7217],[-0.7962,43.722],[-0.7982,43.7238],[-0.8035,43.7229],[-0.8046,43.7261],[-0.8067,43.726],[-0.8085,43.728],[-0.8143,43.7311],[-0.8149,43.7319],[-0.8086,43.7399],[-0.8085,43.7419],[-0.8063,43.7445]]]}},{"type":"Feature","properties":{"code":"40161","nom":"Lubbon","pop":85},"geometry":{"type":"Polygon","coordinates":[[[-0.0038,44.1499],[0.0287,44.1372],[0.0346,44.1307],[0.0318,44.1178],[0.0261,44.1161],[0.0176,44.1028],[0.0146,44.0985],[0.0035,44.0809],[0.0018,44.0719],[-0.0107,44.0686],[-0.0305,44.0773],[-0.0404,44.084],[-0.0428,44.088],[-0.0557,44.1039],[-0.0583,44.1117],[-0.0583,44.1171],[-0.0564,44.1211],[-0.06,44.1509],[-0.0584,44.1507],[-0.0153,44.1502],[-0.0144,44.1494],[-0.0081,44.1489],[-0.0038,44.1499]]]}},{"type":"Feature","properties":{"code":"40162","nom":"Lucbardez-et-Bargues","pop":561},"geometry":{"type":"Polygon","coordinates":[[[-0.3856,43.9567],[-0.3851,43.9535],[-0.3865,43.9512],[-0.3896,43.9515],[-0.3934,43.9485],[-0.3959,43.9453],[-0.4042,43.9472],[-0.4116,43.9501],[-0.4116,43.9529],[-0.4137,43.9532],[-0.4153,43.9555],[-0.424,43.9568],[-0.4331,43.9636],[-0.4309,43.967],[-0.4315,43.9692],[-0.4428,43.9718],[-0.4526,43.9736],[-0.4508,43.9763],[-0.4504,43.9791],[-0.4474,43.9777],[-0.4449,43.9797],[-0.4408,43.9806],[-0.4407,43.9831],[-0.4375,43.9831],[-0.4355,43.985],[-0.4375,43.986],[-0.4352,43.9895],[-0.4367,43.9912],[-0.4319,43.9969],[-0.4285,43.997],[-0.4255,44.0002],[-0.4227,44.0001],[-0.4187,44.0005],[-0.4171,44.002],[-0.4141,44.0012],[-0.4116,43.9995],[-0.4078,44.0039],[-0.4063,44.0033],[-0.4007,43.9987],[-0.3989,43.9929],[-0.3952,43.9911],[-0.3862,43.9904],[-0.3795,43.989],[-0.3762,43.989],[-0.3758,43.9876],[-0.3852,43.9782],[-0.3885,43.9728],[-0.3853,43.9717],[-0.3853,43.9691],[-0.3812,43.9681],[-0.3835,43.9647],[-0.3822,43.9637],[-0.3856,43.9567]]]}},{"type":"Feature","properties":{"code":"40163","nom":"Lüe","pop":621},"geometry":{"type":"Polygon","coordinates":[[[-1.0502,44.2145],[-1.0445,44.2243],[-1.0409,44.2293],[-1.0378,44.2459],[-1.0337,44.2705],[-1.0316,44.2868],[-1.011,44.2899],[-0.9804,44.2943],[-0.9611,44.2876],[-0.9215,44.2738],[-0.9214,44.2736],[-0.9265,44.2371],[-0.9279,44.2318],[-0.9321,44.2212],[-0.9364,44.2209],[-0.9377,44.2179],[-0.9394,44.2182],[-0.9424,44.2159],[-0.9402,44.2121],[-0.9416,44.21],[-0.9367,44.2037],[-0.9326,44.1976],[-0.9236,44.1815],[-0.9222,44.1783],[-0.9226,44.1731],[-0.9453,44.1765],[-0.9651,44.1795],[-0.9722,44.1823],[-1.0271,44.2051],[-1.0502,44.2145]]]}},{"type":"Feature","properties":{"code":"40164","nom":"Retjons","pop":301},"geometry":{"type":"Polygon","coordinates":[[[-0.3106,44.2032],[-0.2744,44.1942],[-0.2718,44.1939],[-0.2639,44.1958],[-0.2652,44.1933],[-0.2631,44.1846],[-0.2717,44.1668],[-0.2735,44.1567],[-0.2758,44.1539],[-0.2748,44.144],[-0.2754,44.1367],[-0.2715,44.1335],[-0.2735,44.1312],[-0.2727,44.1273],[-0.2701,44.1241],[-0.2674,44.1185],[-0.2528,44.1157],[-0.2481,44.1152],[-0.237,44.112],[-0.2366,44.1096],[-0.2337,44.1081],[-0.2358,44.1057],[-0.2387,44.1041],[-0.2395,44.1024],[-0.2455,44.0982],[-0.2483,44.0969],[-0.2523,44.0926],[-0.2586,44.0908],[-0.2591,44.0894],[-0.2626,44.0886],[-0.2681,44.0843],[-0.2717,44.0842],[-0.2789,44.0823],[-0.2816,44.0783],[-0.2842,44.0766],[-0.2869,44.0786],[-0.2893,44.0823],[-0.2933,44.0822],[-0.2967,44.0837],[-0.3103,44.0866],[-0.3519,44.0967],[-0.3517,44.1031],[-0.352,44.1098],[-0.3508,44.114],[-0.3512,44.1177],[-0.3508,44.1221],[-0.3523,44.1233],[-0.3503,44.1279],[-0.3491,44.1503],[-0.3488,44.16],[-0.3458,44.1609],[-0.3455,44.163],[-0.3316,44.1732],[-0.3295,44.1761],[-0.3259,44.1794],[-0.3221,44.1842],[-0.3106,44.2032]]]}},{"type":"Feature","properties":{"code":"40165","nom":"Luglon","pop":373},"geometry":{"type":"Polygon","coordinates":[[[-0.6754,44.09],[-0.6845,44.0806],[-0.6959,44.0671],[-0.699,44.0607],[-0.7065,44.0433],[-0.7339,44.0466],[-0.7428,44.0476],[-0.7401,44.0527],[-0.7352,44.0599],[-0.7391,44.0662],[-0.7435,44.0684],[-0.7448,44.0677],[-0.7671,44.0701],[-0.7858,44.0866],[-0.7518,44.1047],[-0.7301,44.1167],[-0.7138,44.1181],[-0.7068,44.1173],[-0.7029,44.1113],[-0.6994,44.111],[-0.6795,44.1008],[-0.6779,44.101],[-0.6756,44.0963],[-0.6763,44.0931],[-0.6754,44.09]]]}},{"type":"Feature","properties":{"code":"40166","nom":"Lussagnet","pop":80},"geometry":{"type":"Polygon","coordinates":[[[-0.2221,43.7872],[-0.2178,43.7854],[-0.2147,43.7831],[-0.2146,43.7805],[-0.2126,43.7789],[-0.213,43.7763],[-0.2175,43.7716],[-0.2169,43.77],[-0.2129,43.7692],[-0.2117,43.7681],[-0.2103,43.7615],[-0.207,43.7604],[-0.2072,43.7562],[-0.2127,43.7563],[-0.214,43.7556],[-0.2156,43.7595],[-0.2202,43.7617],[-0.2289,43.7612],[-0.2325,43.7596],[-0.2351,43.7599],[-0.2354,43.763],[-0.237,43.7658],[-0.2362,43.7674],[-0.2372,43.7711],[-0.2384,43.7723],[-0.2434,43.7712],[-0.2558,43.7692],[-0.2572,43.7707],[-0.2583,43.7812],[-0.2626,43.7825],[-0.2582,43.7848],[-0.2541,43.7857],[-0.2498,43.7849],[-0.2437,43.7827],[-0.2405,43.7858],[-0.2368,43.7882],[-0.2315,43.7873],[-0.2221,43.7872]]]}},{"type":"Feature","properties":{"code":"40167","nom":"Luxey","pop":654},"geometry":{"type":"Polygon","coordinates":[[[-0.617,44.2238],[-0.6028,44.2337],[-0.5911,44.2473],[-0.583,44.2575],[-0.5806,44.259],[-0.5819,44.2608],[-0.5787,44.2615],[-0.5728,44.2648],[-0.5724,44.2693],[-0.5701,44.2724],[-0.5674,44.2735],[-0.5665,44.2761],[-0.5667,44.2803],[-0.5653,44.2826],[-0.5653,44.2867],[-0.5633,44.2878],[-0.5643,44.2906],[-0.5633,44.2937],[-0.5606,44.2973],[-0.5633,44.2992],[-0.5613,44.305],[-0.5516,44.3049],[-0.55,44.3044],[-0.5513,44.3007],[-0.5423,44.2971],[-0.5403,44.2925],[-0.5371,44.2929],[-0.5365,44.2869],[-0.5323,44.2868],[-0.5306,44.2843],[-0.5305,44.2807],[-0.5262,44.2765],[-0.5219,44.2767],[-0.5189,44.2744],[-0.5145,44.2737],[-0.5136,44.2707],[-0.5081,44.2709],[-0.5035,44.2689],[-0.5002,44.2693],[-0.498,44.2668],[-0.4937,44.2664],[-0.4928,44.2655],[-0.4887,44.2659],[-0.4837,44.2647],[-0.482,44.2631],[-0.4723,44.2611],[-0.4702,44.2601],[-0.466,44.2604],[-0.4643,44.2588],[-0.4533,44.2519],[-0.4235,44.2318],[-0.3956,44.2132],[-0.3896,44.2095],[-0.4086,44.1918],[-0.4146,44.1874],[-0.4388,44.1707],[-0.4562,44.173],[-0.4919,44.1712],[-0.501,44.172],[-0.5024,44.1727],[-0.5198,44.1742],[-0.5274,44.174],[-0.5356,44.1727],[-0.5394,44.1715],[-0.5498,44.1732],[-0.5524,44.1767],[-0.5637,44.1757],[-0.5836,44.1786],[-0.6226,44.1846],[-0.6203,44.1994],[-0.6184,44.2153],[-0.617,44.2238]]]}},{"type":"Feature","properties":{"code":"40168","nom":"Magescq","pop":2698},"geometry":{"type":"Polygon","coordinates":[[[-1.1683,43.7361],[-1.2074,43.7319],[-1.2207,43.7207],[-1.2412,43.7248],[-1.2329,43.7375],[-1.2348,43.7413],[-1.2531,43.7577],[-1.261,43.7653],[-1.2585,43.774],[-1.2575,43.7751],[-1.2517,43.7781],[-1.2529,43.7817],[-1.2529,43.7951],[-1.2512,43.7995],[-1.2559,43.8033],[-1.2515,43.8051],[-1.2508,43.8091],[-1.2493,43.8103],[-1.2458,43.8105],[-1.2404,43.8119],[-1.2386,43.8113],[-1.2311,43.8131],[-1.2279,43.8146],[-1.2251,43.8184],[-1.2213,43.8175],[-1.2199,43.8202],[-1.2156,43.8194],[-1.2148,43.8253],[-1.2151,43.8278],[-1.2103,43.8268],[-1.2081,43.8275],[-1.2061,43.83],[-1.2007,43.8271],[-1.195,43.8252],[-1.1935,43.8172],[-1.1815,43.8124],[-1.1735,43.8073],[-1.1629,43.801],[-1.1655,43.7977],[-1.1636,43.7954],[-1.1522,43.7876],[-1.1453,43.7811],[-1.1288,43.7698],[-1.1235,43.7719],[-1.1161,43.7729],[-1.1066,43.7718],[-1.1081,43.7645],[-1.1162,43.7623],[-1.121,43.7619],[-1.1235,43.763],[-1.1292,43.7603],[-1.1671,43.7428],[-1.1679,43.7422],[-1.1683,43.7361]]]}},{"type":"Feature","properties":{"code":"40169","nom":"Maillas","pop":125},"geometry":{"type":"Polygon","coordinates":[[[-0.2233,44.2059],[-0.2245,44.2181],[-0.227,44.24],[-0.2283,44.256],[-0.226,44.2648],[-0.2189,44.2655],[-0.2101,44.2651],[-0.2107,44.2633],[-0.2023,44.2646],[-0.2001,44.266],[-0.1977,44.2693],[-0.1934,44.2716],[-0.1896,44.269],[-0.189,44.2676],[-0.1783,44.261],[-0.1748,44.2574],[-0.1705,44.2497],[-0.1689,44.2458],[-0.1662,44.2413],[-0.1523,44.2329],[-0.1407,44.2264],[-0.139,44.2227],[-0.1295,44.2041],[-0.1313,44.1893],[-0.13,44.1729],[-0.1289,44.1524],[-0.1358,44.1552],[-0.1475,44.1536],[-0.1734,44.1715],[-0.174,44.1716],[-0.2233,44.2059]]]}},{"type":"Feature","properties":{"code":"40170","nom":"Maillères","pop":230},"geometry":{"type":"Polygon","coordinates":[[[-0.4406,44.0412],[-0.4325,44.0374],[-0.4241,44.0368],[-0.4254,44.034],[-0.4224,44.034],[-0.4173,44.0313],[-0.4104,44.0296],[-0.4123,44.0252],[-0.4111,44.0236],[-0.406,44.0221],[-0.4013,44.0174],[-0.4031,44.0156],[-0.4035,44.0131],[-0.4019,44.0113],[-0.4036,44.0074],[-0.4074,44.0066],[-0.4078,44.0039],[-0.4116,43.9995],[-0.4141,44.0012],[-0.4171,44.002],[-0.4187,44.0005],[-0.4227,44.0001],[-0.4257,44.0028],[-0.4205,44.0106],[-0.418,44.017],[-0.4194,44.0179],[-0.4244,44.018],[-0.4274,44.0199],[-0.4301,44.0204],[-0.4412,44.0194],[-0.444,44.0159],[-0.4458,44.0169],[-0.4604,44.0189],[-0.4668,44.021],[-0.4695,44.0211],[-0.4736,44.0231],[-0.478,44.032],[-0.4853,44.0345],[-0.4851,44.0443],[-0.4762,44.0432],[-0.463,44.0422],[-0.4582,44.0411],[-0.4502,44.0407],[-0.4406,44.0412]]]}},{"type":"Feature","properties":{"code":"40171","nom":"Mano","pop":149},"geometry":{"type":"Polygon","coordinates":[[[-0.6987,44.4428],[-0.6927,44.4406],[-0.688,44.4427],[-0.6816,44.4442],[-0.6786,44.4502],[-0.6825,44.4509],[-0.6762,44.4573],[-0.6427,44.4501],[-0.6395,44.4489],[-0.6277,44.4429],[-0.6273,44.4293],[-0.6255,44.4124],[-0.626,44.4072],[-0.6275,44.4059],[-0.6422,44.4004],[-0.6537,44.4005],[-0.702,44.4022],[-0.7106,44.4035],[-0.7141,44.412],[-0.7132,44.4144],[-0.7091,44.413],[-0.7075,44.4168],[-0.7035,44.4193],[-0.7009,44.4259],[-0.6987,44.4428]]]}},{"type":"Feature","properties":{"code":"40172","nom":"Mant","pop":268},"geometry":{"type":"Polygon","coordinates":[[[-0.4683,43.6031],[-0.4709,43.601],[-0.4648,43.5895],[-0.4719,43.5875],[-0.4745,43.5855],[-0.4791,43.5848],[-0.4795,43.5824],[-0.4832,43.5801],[-0.488,43.5805],[-0.497,43.5753],[-0.4986,43.5756],[-0.5076,43.569],[-0.5104,43.5687],[-0.5141,43.5667],[-0.516,43.5713],[-0.5228,43.5714],[-0.5253,43.5728],[-0.5291,43.5734],[-0.5319,43.5728],[-0.5376,43.5729],[-0.5383,43.5737],[-0.5377,43.5748],[-0.5397,43.5776],[-0.5402,43.5808],[-0.5362,43.5874],[-0.5343,43.5882],[-0.5327,43.5912],[-0.5303,43.5923],[-0.5286,43.596],[-0.5261,43.5988],[-0.5238,43.6038],[-0.522,43.6058],[-0.5186,43.6077],[-0.5142,43.6086],[-0.5106,43.6114],[-0.5092,43.6134],[-0.4959,43.6067],[-0.4939,43.6043],[-0.4922,43.6043],[-0.4904,43.6066],[-0.4934,43.61],[-0.4881,43.6196],[-0.486,43.6175],[-0.478,43.615],[-0.4748,43.6108],[-0.4723,43.609],[-0.4683,43.6031]]]}},{"type":"Feature","properties":{"code":"40173","nom":"Marpaps","pop":129},"geometry":{"type":"Polygon","coordinates":[[[-0.6619,43.5691],[-0.6703,43.5672],[-0.6764,43.5637],[-0.6773,43.5603],[-0.6803,43.5596],[-0.6854,43.5599],[-0.6873,43.5573],[-0.6928,43.557],[-0.696,43.5596],[-0.7005,43.5621],[-0.7004,43.5648],[-0.6976,43.5684],[-0.695,43.5673],[-0.6938,43.5709],[-0.6974,43.5727],[-0.6939,43.5752],[-0.6901,43.5768],[-0.6879,43.5815],[-0.6899,43.5834],[-0.6935,43.584],[-0.6903,43.5894],[-0.6825,43.5891],[-0.6766,43.5879],[-0.6753,43.5869],[-0.671,43.5868],[-0.6652,43.5858],[-0.6656,43.5795],[-0.6648,43.5743],[-0.6634,43.5736],[-0.6619,43.5691]]]}},{"type":"Feature","properties":{"code":"40174","nom":"Mauries","pop":84},"geometry":{"type":"Polygon","coordinates":[[[-0.3393,43.6229],[-0.335,43.6249],[-0.3245,43.6266],[-0.3217,43.6274],[-0.3194,43.6261],[-0.315,43.6265],[-0.3119,43.6256],[-0.3075,43.6258],[-0.3065,43.6219],[-0.3051,43.6197],[-0.3116,43.6187],[-0.3135,43.6195],[-0.3189,43.6179],[-0.3221,43.6158],[-0.3271,43.6149],[-0.3307,43.6136],[-0.3336,43.6136],[-0.3367,43.609],[-0.3386,43.6077],[-0.3391,43.6048],[-0.3464,43.6036],[-0.3483,43.6005],[-0.355,43.601],[-0.3622,43.6005],[-0.364,43.6019],[-0.3622,43.6035],[-0.3613,43.607],[-0.358,43.6119],[-0.3545,43.6102],[-0.3487,43.6109],[-0.3489,43.6131],[-0.3461,43.6154],[-0.3451,43.618],[-0.3424,43.6195],[-0.3421,43.6222],[-0.3393,43.6229]]]}},{"type":"Feature","properties":{"code":"40175","nom":"Maurrin","pop":467},"geometry":{"type":"Polygon","coordinates":[[[-0.3357,43.8379],[-0.3388,43.8386],[-0.3424,43.8382],[-0.3432,43.8341],[-0.3459,43.8317],[-0.3464,43.8291],[-0.3533,43.8278],[-0.356,43.8237],[-0.3586,43.824],[-0.3628,43.8205],[-0.3654,43.8172],[-0.3679,43.816],[-0.3699,43.8105],[-0.3726,43.8064],[-0.3754,43.806],[-0.3779,43.8005],[-0.3798,43.8006],[-0.3856,43.798],[-0.3954,43.7962],[-0.3964,43.7989],[-0.3964,43.8028],[-0.3943,43.8051],[-0.3917,43.8119],[-0.3918,43.8142],[-0.3929,43.8247],[-0.3908,43.8314],[-0.3895,43.8329],[-0.3885,43.8371],[-0.3837,43.8414],[-0.3769,43.8445],[-0.376,43.8459],[-0.3743,43.8425],[-0.3704,43.8422],[-0.3649,43.8432],[-0.3613,43.8431],[-0.3585,43.8444],[-0.3506,43.8441],[-0.3423,43.8448],[-0.3394,43.846],[-0.3348,43.8449],[-0.3331,43.8435],[-0.3357,43.8379]]]}},{"type":"Feature","properties":{"code":"40176","nom":"Mauvezin-d'Armagnac","pop":105},"geometry":{"type":"Polygon","coordinates":[[[-0.1159,43.951],[-0.1258,43.9513],[-0.128,43.9504],[-0.1339,43.9512],[-0.1391,43.9492],[-0.1467,43.9521],[-0.146,43.9551],[-0.1482,43.9568],[-0.153,43.9589],[-0.1484,43.9591],[-0.146,43.9602],[-0.1403,43.9654],[-0.1369,43.9675],[-0.1339,43.9677],[-0.1266,43.9664],[-0.1216,43.9667],[-0.1151,43.9689],[-0.1115,43.9682],[-0.1136,43.9646],[-0.1133,43.9622],[-0.1152,43.9555],[-0.1145,43.952],[-0.1159,43.951]]]}},{"type":"Feature","properties":{"code":"40177","nom":"Maylis","pop":294},"geometry":{"type":"Polygon","coordinates":[[[-0.6872,43.6808],[-0.6939,43.6804],[-0.7009,43.681],[-0.7057,43.6789],[-0.7075,43.677],[-0.712,43.6753],[-0.7152,43.6786],[-0.7192,43.6807],[-0.7226,43.6816],[-0.7252,43.6801],[-0.7293,43.6803],[-0.7305,43.6835],[-0.7337,43.6856],[-0.7394,43.6881],[-0.7405,43.6903],[-0.7328,43.6914],[-0.7285,43.6907],[-0.7235,43.6928],[-0.7233,43.6951],[-0.7207,43.6993],[-0.7167,43.7001],[-0.7135,43.6992],[-0.7123,43.7006],[-0.7088,43.7004],[-0.706,43.7037],[-0.7024,43.7034],[-0.6974,43.7048],[-0.6973,43.7089],[-0.691,43.7095],[-0.6896,43.7089],[-0.6853,43.7114],[-0.683,43.7144],[-0.6808,43.7119],[-0.6776,43.712],[-0.6778,43.707],[-0.6744,43.7073],[-0.6713,43.706],[-0.6766,43.7011],[-0.6768,43.6998],[-0.6727,43.6986],[-0.6701,43.6992],[-0.6678,43.6971],[-0.6684,43.6958],[-0.6735,43.6929],[-0.6747,43.6875],[-0.6849,43.6812],[-0.6872,43.6808]]]}},{"type":"Feature","properties":{"code":"40178","nom":"Mazerolles","pop":715},"geometry":{"type":"Polygon","coordinates":[[[-0.4305,43.8558],[-0.4356,43.8555],[-0.4417,43.8562],[-0.4434,43.8583],[-0.446,43.8629],[-0.4514,43.8644],[-0.4529,43.8632],[-0.4523,43.8681],[-0.4604,43.8713],[-0.4571,43.8838],[-0.4535,43.8841],[-0.4491,43.886],[-0.4488,43.8896],[-0.4509,43.892],[-0.448,43.8939],[-0.4463,43.9007],[-0.4475,43.9023],[-0.4489,43.9087],[-0.4485,43.9135],[-0.4421,43.9135],[-0.4374,43.9135],[-0.4248,43.9143],[-0.4241,43.9101],[-0.424,43.9019],[-0.4229,43.9001],[-0.4157,43.899],[-0.412,43.9005],[-0.4066,43.8986],[-0.4075,43.8958],[-0.412,43.8939],[-0.4133,43.8926],[-0.4143,43.8877],[-0.4182,43.8778],[-0.4205,43.8755],[-0.4186,43.8738],[-0.4215,43.8717],[-0.4232,43.868],[-0.4269,43.864],[-0.4305,43.8558]]]}},{"type":"Feature","properties":{"code":"40179","nom":"Mées","pop":2036},"geometry":{"type":"Polygon","coordinates":[[[-1.1024,43.6892],[-1.106,43.6867],[-1.1101,43.6851],[-1.1136,43.6873],[-1.118,43.6884],[-1.1222,43.6906],[-1.1297,43.6972],[-1.1323,43.7003],[-1.1472,43.7134],[-1.1683,43.7361],[-1.1381,43.7285],[-1.1221,43.7235],[-1.1137,43.7221],[-1.103,43.7185],[-1.0984,43.7167],[-1.0927,43.7123],[-1.09,43.712],[-1.0938,43.7069],[-1.0972,43.7035],[-1.0969,43.6992],[-1.0939,43.6953],[-1.093,43.6915],[-1.0958,43.6899],[-1.1006,43.69],[-1.1024,43.6892]]]}},{"type":"Feature","properties":{"code":"40180","nom":"Meilhan","pop":1237},"geometry":{"type":"Polygon","coordinates":[[[-0.7242,43.824],[-0.7277,43.8257],[-0.7348,43.8268],[-0.7501,43.8401],[-0.7472,43.8443],[-0.7433,43.8473],[-0.734,43.8491],[-0.7312,43.8487],[-0.7267,43.8493],[-0.7252,43.8613],[-0.7238,43.8635],[-0.7237,43.8673],[-0.7217,43.8706],[-0.7177,43.8751],[-0.7245,43.8787],[-0.7214,43.8798],[-0.7146,43.8836],[-0.7131,43.8853],[-0.7136,43.8886],[-0.7115,43.8915],[-0.707,43.891],[-0.6996,43.8941],[-0.6934,43.9005],[-0.6889,43.904],[-0.6897,43.9055],[-0.6857,43.907],[-0.682,43.9074],[-0.6804,43.9087],[-0.6748,43.9085],[-0.671,43.9097],[-0.6693,43.9116],[-0.6644,43.913],[-0.6611,43.9081],[-0.6619,43.9061],[-0.6688,43.8826],[-0.6826,43.8774],[-0.6824,43.8739],[-0.6844,43.8696],[-0.6866,43.8677],[-0.6876,43.8629],[-0.6849,43.862],[-0.6849,43.8586],[-0.6821,43.8563],[-0.6721,43.8561],[-0.6643,43.8565],[-0.6561,43.8541],[-0.6529,43.8485],[-0.6468,43.8361],[-0.6431,43.8323],[-0.6448,43.8293],[-0.651,43.8324],[-0.658,43.834],[-0.6602,43.8333],[-0.6733,43.8318],[-0.6738,43.8309],[-0.6882,43.8307],[-0.6911,43.8311],[-0.6962,43.8307],[-0.7013,43.8282],[-0.7056,43.8271],[-0.7173,43.8263],[-0.7214,43.8264],[-0.7242,43.824]]]}},{"type":"Feature","properties":{"code":"40181","nom":"Messanges","pop":1086},"geometry":{"type":"Polygon","coordinates":[[[-1.3214,43.8278],[-1.3136,43.8254],[-1.3207,43.813],[-1.3186,43.8062],[-1.3178,43.8053],[-1.3216,43.7996],[-1.3189,43.7983],[-1.3205,43.7903],[-1.3314,43.793],[-1.3521,43.7948],[-1.355,43.7883],[-1.3595,43.785],[-1.3618,43.7827],[-1.3663,43.7808],[-1.3722,43.7829],[-1.377,43.7833],[-1.3759,43.7852],[-1.3767,43.7878],[-1.3809,43.789],[-1.3872,43.7888],[-1.3922,43.7947],[-1.4126,43.7982],[-1.4116,43.8012],[-1.4056,43.8152],[-1.4046,43.8223],[-1.4017,43.8305],[-1.4,43.8363],[-1.3657,43.8362],[-1.3436,43.8334],[-1.3214,43.8278]]]}},{"type":"Feature","properties":{"code":"40182","nom":"Mézos","pop":868},"geometry":{"type":"Polygon","coordinates":[[[-1.1476,44.1336],[-1.1279,44.1507],[-1.1265,44.1516],[-1.1252,44.1512],[-1.0932,44.1347],[-1.0766,44.1353],[-1.0831,44.1163],[-1.0836,44.1154],[-1.0848,44.1077],[-1.089,44.1047],[-1.0889,44.1018],[-1.0909,44.0999],[-1.0903,44.0985],[-1.092,44.0931],[-1.0967,44.0906],[-1.1008,44.0874],[-1.1019,44.085],[-1.1055,44.0851],[-1.1074,44.0803],[-1.1119,44.078],[-1.1125,44.0757],[-1.1155,44.0729],[-1.1157,44.0703],[-1.1111,44.0676],[-1.1076,44.0645],[-1.1,44.0624],[-1.0966,44.0641],[-1.0905,44.0648],[-1.084,44.0596],[-1.0835,44.057],[-1.0849,44.0555],[-1.0846,44.0532],[-1.0792,44.0497],[-1.0788,44.0428],[-1.0799,44.0382],[-1.0816,44.0352],[-1.0777,44.0327],[-1.0762,44.0299],[-1.0784,44.024],[-1.0799,44.0234],[-1.0804,44.0197],[-1.0887,44.0179],[-1.1177,44.0286],[-1.1234,44.0273],[-1.1337,44.0356],[-1.1347,44.0368],[-1.1336,44.0395],[-1.1399,44.0387],[-1.1417,44.0399],[-1.1468,44.0453],[-1.1647,44.0499],[-1.1732,44.0539],[-1.1777,44.0555],[-1.1899,44.0553],[-1.1911,44.0606],[-1.1895,44.0642],[-1.1911,44.0654],[-1.1945,44.0657],[-1.2003,44.0677],[-1.2048,44.0711],[-1.1997,44.0707],[-1.1914,44.0744],[-1.1898,44.074],[-1.1852,44.0756],[-1.1861,44.0782],[-1.1862,44.0836],[-1.1882,44.0861],[-1.1857,44.0885],[-1.1858,44.0945],[-1.1825,44.0969],[-1.1852,44.0986],[-1.1857,44.1144],[-1.1935,44.1367],[-1.1753,44.1306],[-1.1476,44.1336]]]}},{"type":"Feature","properties":{"code":"40183","nom":"Mimbaste","pop":1001},"geometry":{"type":"Polygon","coordinates":[[[-0.9533,43.6729],[-0.9528,43.6715],[-0.9494,43.6706],[-0.9502,43.6685],[-0.9524,43.6672],[-0.9531,43.6651],[-0.9562,43.6644],[-0.9531,43.6604],[-0.9487,43.6563],[-0.9344,43.6501],[-0.9307,43.6488],[-0.9263,43.6438],[-0.9289,43.6407],[-0.9121,43.6302],[-0.9129,43.6273],[-0.9155,43.6271],[-0.9187,43.6289],[-0.939,43.6203],[-0.9414,43.6208],[-0.9434,43.6234],[-0.9472,43.6257],[-0.9497,43.6255],[-0.9539,43.6301],[-0.9582,43.6318],[-0.9615,43.6344],[-0.9652,43.6326],[-0.9677,43.6303],[-0.9702,43.6304],[-0.971,43.6324],[-0.9759,43.6334],[-0.9784,43.6328],[-0.9832,43.6378],[-0.992,43.6397],[-0.9938,43.6422],[-0.9938,43.6464],[-0.9961,43.6492],[-0.9982,43.6503],[-0.9979,43.6543],[-0.9956,43.6549],[-0.9904,43.6581],[-0.9885,43.6581],[-0.983,43.6604],[-0.9808,43.6622],[-0.9801,43.6642],[-0.9818,43.6676],[-0.9803,43.6697],[-0.9833,43.6715],[-0.9832,43.6732],[-0.9809,43.675],[-0.9803,43.6784],[-0.9763,43.6796],[-0.9746,43.6788],[-0.9755,43.6762],[-0.9726,43.6746],[-0.9708,43.6755],[-0.9692,43.6728],[-0.9655,43.6719],[-0.9675,43.6702],[-0.9627,43.6677],[-0.9594,43.6691],[-0.9533,43.6729]]]}},{"type":"Feature","properties":{"code":"40184","nom":"Mimizan","pop":7673},"geometry":{"type":"Polygon","coordinates":[[[-1.2005,44.233],[-1.2146,44.2166],[-1.2135,44.2151],[-1.2095,44.2142],[-1.2058,44.2076],[-1.205,44.2042],[-1.2017,44.2027],[-1.2017,44.201],[-1.1975,44.1983],[-1.194,44.1929],[-1.1903,44.19],[-1.1856,44.1879],[-1.1766,44.1853],[-1.1732,44.1822],[-1.15,44.1382],[-1.1476,44.1336],[-1.1753,44.1306],[-1.1935,44.1367],[-1.1978,44.14],[-1.199,44.1458],[-1.1987,44.1521],[-1.2146,44.1528],[-1.224,44.1545],[-1.2395,44.155],[-1.2448,44.1511],[-1.2799,44.1333],[-1.2901,44.1282],[-1.3168,44.1289],[-1.314,44.1369],[-1.3097,44.1573],[-1.3088,44.1605],[-1.3092,44.1629],[-1.306,44.1729],[-1.3053,44.1779],[-1.3032,44.1882],[-1.3016,44.1997],[-1.2988,44.2109],[-1.2992,44.2131],[-1.2983,44.219],[-1.296,44.227],[-1.2963,44.2289],[-1.2949,44.2334],[-1.2927,44.2449],[-1.292,44.2518],[-1.2895,44.2616],[-1.2896,44.264],[-1.2876,44.2709],[-1.2805,44.2679],[-1.2412,44.2506],[-1.2178,44.24],[-1.2005,44.233]]]}},{"type":"Feature","properties":{"code":"40185","nom":"Miramont-Sensacq","pop":342},"geometry":{"type":"Polygon","coordinates":[[[-0.2898,43.586],[-0.2884,43.5798],[-0.2886,43.5746],[-0.2867,43.5747],[-0.2879,43.5716],[-0.2905,43.5682],[-0.2967,43.5675],[-0.2973,43.5689],[-0.3011,43.5712],[-0.3034,43.5731],[-0.3112,43.5742],[-0.3156,43.5707],[-0.3188,43.5693],[-0.3219,43.5703],[-0.3247,43.5694],[-0.3298,43.5715],[-0.3341,43.5741],[-0.3382,43.5775],[-0.341,43.5755],[-0.347,43.576],[-0.3483,43.579],[-0.3542,43.5793],[-0.3553,43.5784],[-0.3603,43.5792],[-0.3638,43.5786],[-0.3632,43.5824],[-0.3657,43.5888],[-0.3651,43.5925],[-0.3671,43.5966],[-0.364,43.6019],[-0.3622,43.6005],[-0.355,43.601],[-0.3483,43.6005],[-0.3464,43.6036],[-0.3391,43.6048],[-0.3386,43.6077],[-0.3367,43.609],[-0.3336,43.6136],[-0.3307,43.6136],[-0.3271,43.6149],[-0.3221,43.6158],[-0.3189,43.6179],[-0.3135,43.6195],[-0.3116,43.6187],[-0.3051,43.6197],[-0.3065,43.6219],[-0.3075,43.6258],[-0.2988,43.6262],[-0.2957,43.6234],[-0.2934,43.6185],[-0.2943,43.6106],[-0.2941,43.6024],[-0.2901,43.6037],[-0.2895,43.5987],[-0.2886,43.5974],[-0.2929,43.5935],[-0.2898,43.586]]]}},{"type":"Feature","properties":{"code":"40186","nom":"Misson","pop":828},"geometry":{"type":"Polygon","coordinates":[[[-0.9906,43.5658],[-0.985,43.5707],[-0.9872,43.5813],[-0.9824,43.579],[-0.9756,43.5822],[-0.9662,43.5849],[-0.9669,43.5878],[-0.9702,43.5905],[-0.9709,43.5933],[-0.9574,43.5961],[-0.9592,43.6002],[-0.9594,43.6027],[-0.957,43.6058],[-0.953,43.6079],[-0.951,43.6114],[-0.9462,43.6139],[-0.9405,43.6178],[-0.9375,43.615],[-0.9361,43.6086],[-0.9322,43.6045],[-0.9316,43.6005],[-0.9303,43.5983],[-0.9295,43.5942],[-0.9368,43.5903],[-0.9394,43.586],[-0.9368,43.5828],[-0.9404,43.5793],[-0.9482,43.5788],[-0.9528,43.5763],[-0.9561,43.5733],[-0.9552,43.5691],[-0.9583,43.564],[-0.9576,43.5588],[-0.9599,43.5577],[-0.9636,43.5597],[-0.9651,43.5573],[-0.9699,43.5614],[-0.9776,43.5613],[-0.9783,43.5597],[-0.9842,43.5603],[-0.9915,43.5592],[-0.9906,43.5658]]]}},{"type":"Feature","properties":{"code":"40187","nom":"Moliets-et-Maa","pop":1299},"geometry":{"type":"Polygon","coordinates":[[[-1.3474,43.8972],[-1.345,43.8924],[-1.3382,43.875],[-1.3382,43.8721],[-1.3405,43.8684],[-1.3401,43.8669],[-1.3362,43.8642],[-1.3383,43.8587],[-1.3349,43.8564],[-1.334,43.8527],[-1.3314,43.8484],[-1.329,43.8469],[-1.3308,43.8443],[-1.3291,43.8426],[-1.3258,43.8422],[-1.3256,43.8405],[-1.3221,43.8393],[-1.3195,43.8366],[-1.3207,43.8354],[-1.3183,43.8315],[-1.3187,43.829],[-1.3214,43.8278],[-1.3436,43.8334],[-1.3657,43.8362],[-1.4,43.8363],[-1.3971,43.8429],[-1.3943,43.8519],[-1.3927,43.8545],[-1.3894,43.8563],[-1.389,43.8578],[-1.3919,43.8593],[-1.3912,43.8634],[-1.3872,43.8734],[-1.3841,43.8844],[-1.3821,43.8867],[-1.3784,43.8877],[-1.3646,43.8883],[-1.362,43.8877],[-1.3549,43.8895],[-1.3523,43.8925],[-1.3527,43.8942],[-1.3474,43.8972]]]}},{"type":"Feature","properties":{"code":"40188","nom":"Momuy","pop":487},"geometry":{"type":"Polygon","coordinates":[[[-0.6231,43.6009],[-0.6268,43.5991],[-0.6282,43.6005],[-0.6325,43.5997],[-0.6334,43.5982],[-0.6379,43.5984],[-0.641,43.5993],[-0.6421,43.6014],[-0.6496,43.6037],[-0.6513,43.6031],[-0.6576,43.6028],[-0.6605,43.6055],[-0.6678,43.6076],[-0.6695,43.6075],[-0.6766,43.6095],[-0.6815,43.6096],[-0.6818,43.6106],[-0.6857,43.6121],[-0.6844,43.6138],[-0.6744,43.6136],[-0.671,43.6147],[-0.6661,43.6194],[-0.6623,43.6212],[-0.6504,43.623],[-0.6484,43.6259],[-0.6449,43.6269],[-0.6449,43.6293],[-0.647,43.6312],[-0.6328,43.6354],[-0.6233,43.6348],[-0.6191,43.6336],[-0.6102,43.6287],[-0.6065,43.6284],[-0.606,43.6247],[-0.6082,43.6228],[-0.6087,43.6206],[-0.6131,43.6204],[-0.6178,43.6185],[-0.6201,43.6184],[-0.6212,43.6156],[-0.6197,43.6113],[-0.6194,43.6074],[-0.6207,43.6027],[-0.6231,43.6009]]]}},{"type":"Feature","properties":{"code":"40189","nom":"Monget","pop":77},"geometry":{"type":"Polygon","coordinates":[[[-0.5076,43.569],[-0.5073,43.5684],[-0.5107,43.5662],[-0.5091,43.5649],[-0.5112,43.5627],[-0.5186,43.5604],[-0.5207,43.559],[-0.5255,43.5578],[-0.5283,43.5545],[-0.5363,43.5499],[-0.5402,43.5493],[-0.543,43.5468],[-0.5529,43.5432],[-0.5572,43.5428],[-0.5583,43.5451],[-0.5623,43.5505],[-0.5618,43.5529],[-0.5573,43.5515],[-0.5568,43.5533],[-0.5518,43.5542],[-0.5505,43.557],[-0.5438,43.56],[-0.5412,43.5622],[-0.5376,43.5627],[-0.5338,43.5641],[-0.5316,43.5659],[-0.5385,43.5729],[-0.5383,43.5737],[-0.5376,43.5729],[-0.5319,43.5728],[-0.5291,43.5734],[-0.5253,43.5728],[-0.5228,43.5714],[-0.516,43.5713],[-0.5141,43.5667],[-0.5104,43.5687],[-0.5076,43.569]]]}},{"type":"Feature","properties":{"code":"40190","nom":"Monségur","pop":395},"geometry":{"type":"Polygon","coordinates":[[[-0.5402,43.5808],[-0.5428,43.5831],[-0.5487,43.5848],[-0.5508,43.5887],[-0.5528,43.5898],[-0.5597,43.5897],[-0.562,43.5878],[-0.5707,43.5905],[-0.5667,43.5948],[-0.5642,43.5999],[-0.5604,43.6026],[-0.559,43.6051],[-0.5516,43.607],[-0.5503,43.6091],[-0.5563,43.6116],[-0.5657,43.6177],[-0.5715,43.6196],[-0.564,43.6229],[-0.5641,43.624],[-0.5662,43.6258],[-0.5682,43.63],[-0.565,43.6322],[-0.5704,43.6365],[-0.5734,43.6369],[-0.5765,43.6393],[-0.5803,43.6437],[-0.5802,43.6452],[-0.5709,43.6436],[-0.5645,43.6435],[-0.5596,43.6429],[-0.5554,43.6433],[-0.5531,43.6445],[-0.5509,43.6426],[-0.545,43.6447],[-0.541,43.6423],[-0.5331,43.6399],[-0.5318,43.6391],[-0.5377,43.629],[-0.5397,43.6264],[-0.5356,43.6258],[-0.5358,43.6244],[-0.5138,43.6206],[-0.5169,43.6181],[-0.5077,43.6174],[-0.5092,43.6134],[-0.5106,43.6114],[-0.5142,43.6086],[-0.5186,43.6077],[-0.522,43.6058],[-0.5238,43.6038],[-0.5261,43.5988],[-0.5286,43.596],[-0.5303,43.5923],[-0.5327,43.5912],[-0.5343,43.5882],[-0.5362,43.5874],[-0.5402,43.5808]]]}},{"type":"Feature","properties":{"code":"40191","nom":"Montaut","pop":594},"geometry":{"type":"Polygon","coordinates":[[[-0.6732,43.7445],[-0.6698,43.7458],[-0.6692,43.7481],[-0.6653,43.7465],[-0.6643,43.7493],[-0.6616,43.7475],[-0.6488,43.7451],[-0.6489,43.7472],[-0.6454,43.7469],[-0.6434,43.7484],[-0.6432,43.7472],[-0.6397,43.7457],[-0.6376,43.7479],[-0.6345,43.7459],[-0.6329,43.7411],[-0.6346,43.7394],[-0.6324,43.7366],[-0.6337,43.7341],[-0.6343,43.7302],[-0.6335,43.7274],[-0.6344,43.7254],[-0.6286,43.7236],[-0.634,43.719],[-0.634,43.7166],[-0.6436,43.7163],[-0.6458,43.7148],[-0.643,43.7109],[-0.6554,43.7099],[-0.6665,43.7125],[-0.6707,43.7083],[-0.6713,43.706],[-0.6744,43.7073],[-0.6778,43.707],[-0.6776,43.712],[-0.6808,43.7119],[-0.683,43.7144],[-0.686,43.7159],[-0.6858,43.7185],[-0.685,43.7235],[-0.6814,43.7248],[-0.6762,43.7249],[-0.6746,43.7315],[-0.6755,43.7342],[-0.6721,43.7397],[-0.6739,43.7431],[-0.6732,43.7445]]]}},{"type":"Feature","properties":{"code":"40192","nom":"Mont-de-Marsan","pop":31592},"geometry":{"type":"Polygon","coordinates":[[[-0.5356,43.9105],[-0.5316,43.9143],[-0.5181,43.9302],[-0.5092,43.9316],[-0.5032,43.9309],[-0.4822,43.9299],[-0.4744,43.9308],[-0.4695,43.9282],[-0.4703,43.9248],[-0.476,43.9209],[-0.4752,43.9159],[-0.478,43.9132],[-0.4723,43.9123],[-0.4586,43.9137],[-0.452,43.9133],[-0.4485,43.9135],[-0.4489,43.9087],[-0.4475,43.9023],[-0.4463,43.9007],[-0.448,43.8939],[-0.4509,43.892],[-0.4488,43.8896],[-0.4491,43.886],[-0.4535,43.8841],[-0.4571,43.8838],[-0.4604,43.8713],[-0.4523,43.8681],[-0.4529,43.8632],[-0.4594,43.8587],[-0.465,43.858],[-0.4741,43.8554],[-0.4817,43.8555],[-0.4823,43.8565],[-0.4812,43.8592],[-0.4783,43.8603],[-0.476,43.8643],[-0.4816,43.8743],[-0.4852,43.8789],[-0.49,43.8827],[-0.4932,43.8801],[-0.4961,43.8805],[-0.4992,43.8825],[-0.5036,43.8824],[-0.5062,43.8834],[-0.5126,43.8835],[-0.5158,43.8853],[-0.5163,43.887],[-0.515,43.8905],[-0.5194,43.8911],[-0.5235,43.8941],[-0.5283,43.8937],[-0.5331,43.8971],[-0.5356,43.8955],[-0.544,43.896],[-0.5483,43.895],[-0.5556,43.8954],[-0.5509,43.9037],[-0.5434,43.9025],[-0.5411,43.9036],[-0.5394,43.9081],[-0.5356,43.9105]]]}},{"type":"Feature","properties":{"code":"40193","nom":"Montégut","pop":79},"geometry":{"type":"Polygon","coordinates":[[[-0.2153,43.8889],[-0.2145,43.8876],[-0.2088,43.8853],[-0.203,43.8847],[-0.2013,43.8855],[-0.1978,43.8839],[-0.1952,43.8812],[-0.1904,43.8806],[-0.1921,43.8767],[-0.1886,43.8723],[-0.1887,43.8696],[-0.1863,43.869],[-0.1857,43.8669],[-0.1868,43.862],[-0.1892,43.8627],[-0.192,43.8704],[-0.197,43.8711],[-0.1985,43.8675],[-0.1957,43.8653],[-0.1993,43.8621],[-0.2042,43.8604],[-0.208,43.8615],[-0.2118,43.8639],[-0.2149,43.8674],[-0.2195,43.868],[-0.2232,43.8707],[-0.2174,43.8764],[-0.213,43.8768],[-0.2091,43.8807],[-0.212,43.8816],[-0.2152,43.8858],[-0.2153,43.8889]]]}},{"type":"Feature","properties":{"code":"40194","nom":"Montfort-en-Chalosse","pop":1242},"geometry":{"type":"Polygon","coordinates":[[[-0.834,43.6879],[-0.8399,43.6869],[-0.8421,43.6856],[-0.8456,43.6854],[-0.8522,43.6873],[-0.8443,43.6931],[-0.8446,43.6944],[-0.8522,43.6966],[-0.8545,43.6948],[-0.8583,43.699],[-0.865,43.7006],[-0.8661,43.7027],[-0.8653,43.7052],[-0.8598,43.7071],[-0.8543,43.7114],[-0.8504,43.7158],[-0.8522,43.7189],[-0.8518,43.7222],[-0.8464,43.7265],[-0.842,43.7276],[-0.8381,43.7267],[-0.8346,43.7234],[-0.833,43.7201],[-0.8304,43.7173],[-0.8312,43.7132],[-0.8309,43.7104],[-0.8256,43.7103],[-0.8243,43.7124],[-0.8205,43.7156],[-0.8166,43.7169],[-0.8114,43.7091],[-0.8164,43.7062],[-0.8169,43.702],[-0.8156,43.6982],[-0.8129,43.6953],[-0.8069,43.6936],[-0.8076,43.6923],[-0.8121,43.6902],[-0.8166,43.6908],[-0.8188,43.6913],[-0.8264,43.6908],[-0.8284,43.6892],[-0.834,43.6879]]]}},{"type":"Feature","properties":{"code":"40195","nom":"Montgaillard","pop":602},"geometry":{"type":"Polygon","coordinates":[[[-0.4617,43.772],[-0.4608,43.7676],[-0.4597,43.7669],[-0.4568,43.7619],[-0.4529,43.76],[-0.448,43.7549],[-0.4385,43.7502],[-0.4382,43.7474],[-0.4346,43.7413],[-0.4371,43.7406],[-0.4402,43.7425],[-0.4419,43.7385],[-0.4457,43.7386],[-0.4505,43.7402],[-0.4542,43.7403],[-0.4548,43.7351],[-0.462,43.735],[-0.4659,43.736],[-0.4685,43.7377],[-0.4745,43.7377],[-0.4792,43.7349],[-0.4849,43.7345],[-0.4874,43.7353],[-0.4891,43.7375],[-0.4904,43.7411],[-0.4961,43.7448],[-0.4985,43.7476],[-0.4997,43.753],[-0.5067,43.7573],[-0.511,43.7585],[-0.5124,43.7632],[-0.5145,43.764],[-0.5182,43.7687],[-0.5229,43.7674],[-0.5269,43.7685],[-0.5299,43.7719],[-0.5256,43.7764],[-0.5206,43.7765],[-0.5159,43.7797],[-0.5124,43.7794],[-0.5091,43.7778],[-0.5063,43.7752],[-0.5028,43.7756],[-0.5014,43.7776],[-0.4959,43.7789],[-0.4896,43.7772],[-0.487,43.7761],[-0.4825,43.777],[-0.4775,43.7765],[-0.4751,43.7756],[-0.4707,43.7722],[-0.4671,43.7712],[-0.4617,43.772]]]}},{"type":"Feature","properties":{"code":"40196","nom":"Montsoué","pop":566},"geometry":{"type":"Polygon","coordinates":[[[-0.4674,43.7161],[-0.4705,43.7124],[-0.4749,43.7083],[-0.4826,43.7106],[-0.4853,43.7126],[-0.4881,43.7134],[-0.49,43.7105],[-0.4919,43.711],[-0.4976,43.7092],[-0.4975,43.7079],[-0.5027,43.707],[-0.5026,43.7097],[-0.5039,43.712],[-0.5019,43.7143],[-0.5054,43.7156],[-0.5086,43.7181],[-0.517,43.7197],[-0.5175,43.7159],[-0.5216,43.7142],[-0.5271,43.7135],[-0.5298,43.7145],[-0.535,43.7139],[-0.5396,43.7149],[-0.5383,43.7171],[-0.535,43.7177],[-0.5324,43.7193],[-0.5361,43.7221],[-0.5297,43.7321],[-0.5355,43.7336],[-0.54,43.7328],[-0.5358,43.7401],[-0.5301,43.7433],[-0.5294,43.7509],[-0.5257,43.7511],[-0.5147,43.7536],[-0.5122,43.7547],[-0.5136,43.7564],[-0.511,43.7585],[-0.5067,43.7573],[-0.4997,43.753],[-0.4985,43.7476],[-0.4961,43.7448],[-0.4904,43.7411],[-0.4891,43.7375],[-0.4874,43.7353],[-0.4849,43.7345],[-0.483,43.7312],[-0.4821,43.7279],[-0.4781,43.7271],[-0.478,43.7251],[-0.4754,43.7217],[-0.4717,43.7204],[-0.4688,43.7182],[-0.4674,43.7161]]]}},{"type":"Feature","properties":{"code":"40197","nom":"Morcenx-la-Nouvelle","pop":5022},"geometry":{"type":"Polygon","coordinates":[[[-0.8244,44.0828],[-0.8271,44.057],[-0.8244,44.0464],[-0.8216,44.0334],[-0.8171,44.0291],[-0.8157,44.0259],[-0.8147,44.0215],[-0.8149,44.0185],[-0.8175,44.0152],[-0.8202,44.0093],[-0.819,44.0048],[-0.821,44.0028],[-0.8172,44.0011],[-0.816,43.9991],[-0.8156,43.995],[-0.8209,43.9929],[-0.8387,43.9913],[-0.843,43.9914],[-0.8458,43.9888],[-0.8604,43.9851],[-0.8635,43.9782],[-0.8754,43.9761],[-0.8759,43.976],[-0.9159,43.9792],[-0.9441,43.9834],[-0.9939,43.9906],[-1.0087,44.0128],[-1.0103,44.0144],[-1.0147,44.0222],[-1.0058,44.0311],[-1.0062,44.0351],[-1.0097,44.0384],[-1.0134,44.0408],[-1.0102,44.0446],[-1.0019,44.0435],[-0.9966,44.0439],[-0.9943,44.0482],[-0.9922,44.0478],[-0.9903,44.0501],[-0.9876,44.051],[-0.97,44.0477],[-0.9621,44.0468],[-0.9408,44.0434],[-0.9356,44.064],[-0.9246,44.0816],[-0.9226,44.0837],[-0.9102,44.0853],[-0.8772,44.0811],[-0.8644,44.0789],[-0.8623,44.0789],[-0.8452,44.0764],[-0.8386,44.0875],[-0.8267,44.0826],[-0.8244,44.0828]]]}},{"type":"Feature","properties":{"code":"40198","nom":"Morganx","pop":165},"geometry":{"type":"Polygon","coordinates":[[[-0.5707,43.5905],[-0.5718,43.5893],[-0.5757,43.5905],[-0.5798,43.5926],[-0.5829,43.5956],[-0.5865,43.5948],[-0.5869,43.5964],[-0.5906,43.5973],[-0.5905,43.6011],[-0.5917,43.6027],[-0.5886,43.6056],[-0.5735,43.611],[-0.5745,43.6141],[-0.5729,43.6162],[-0.5735,43.6185],[-0.5715,43.6196],[-0.5657,43.6177],[-0.5563,43.6116],[-0.5503,43.6091],[-0.5516,43.607],[-0.559,43.6051],[-0.5604,43.6026],[-0.5642,43.5999],[-0.5667,43.5948],[-0.5707,43.5905]]]}},{"type":"Feature","properties":{"code":"40199","nom":"Mouscardès","pop":265},"geometry":{"type":"Polygon","coordinates":[[[-0.8692,43.6052],[-0.8717,43.6006],[-0.8709,43.5887],[-0.867,43.578],[-0.8697,43.5768],[-0.8732,43.5716],[-0.8783,43.5718],[-0.8942,43.5716],[-0.9011,43.5746],[-0.9081,43.578],[-0.9095,43.5803],[-0.9064,43.5831],[-0.9034,43.5871],[-0.8971,43.5895],[-0.898,43.5919],[-0.8958,43.5927],[-0.8918,43.5922],[-0.8876,43.5972],[-0.887,43.5998],[-0.883,43.6071],[-0.8851,43.6095],[-0.883,43.6114],[-0.888,43.6185],[-0.883,43.6198],[-0.8789,43.6129],[-0.8692,43.6052]]]}},{"type":"Feature","properties":{"code":"40200","nom":"Moustey","pop":798},"geometry":{"type":"Polygon","coordinates":[[[-0.7098,44.3445],[-0.727,44.349],[-0.7348,44.3477],[-0.7384,44.3481],[-0.7445,44.3497],[-0.7506,44.3521],[-0.7558,44.3497],[-0.756,44.3472],[-0.7576,44.3455],[-0.7548,44.3441],[-0.7535,44.3419],[-0.7555,44.3394],[-0.7543,44.3375],[-0.7553,44.3341],[-0.7596,44.3334],[-0.7624,44.3354],[-0.7656,44.3361],[-0.7711,44.3357],[-0.7736,44.3347],[-0.7778,44.3357],[-0.7819,44.3358],[-0.7899,44.3367],[-0.7964,44.3387],[-0.8053,44.3405],[-0.847,44.3369],[-0.8385,44.3444],[-0.8357,44.3473],[-0.833,44.3487],[-0.8269,44.3501],[-0.8012,44.3575],[-0.7801,44.3715],[-0.7733,44.3763],[-0.769,44.3811],[-0.7709,44.386],[-0.7667,44.3869],[-0.7646,44.3859],[-0.7606,44.3877],[-0.7552,44.3856],[-0.7502,44.3897],[-0.7548,44.393],[-0.7559,44.3951],[-0.7598,44.3981],[-0.7607,44.4017],[-0.7652,44.4049],[-0.767,44.4075],[-0.7712,44.4107],[-0.7726,44.4128],[-0.7775,44.4146],[-0.7821,44.4183],[-0.7832,44.4206],[-0.7798,44.4214],[-0.7801,44.4237],[-0.7776,44.4255],[-0.7805,44.4281],[-0.7792,44.4294],[-0.7774,44.4379],[-0.778,44.4404],[-0.769,44.44],[-0.7303,44.4464],[-0.7293,44.4482],[-0.6987,44.4428],[-0.7009,44.4259],[-0.7035,44.4193],[-0.7075,44.4168],[-0.7091,44.413],[-0.7132,44.4144],[-0.7141,44.412],[-0.7106,44.4035],[-0.7136,44.3818],[-0.7102,44.379],[-0.7068,44.3739],[-0.7106,44.3601],[-0.7122,44.3556],[-0.7098,44.3445]]]}},{"type":"Feature","properties":{"code":"40201","nom":"Mugron","pop":1348},"geometry":{"type":"Polygon","coordinates":[[[-0.7731,43.7601],[-0.7665,43.7619],[-0.7612,43.7608],[-0.7593,43.7591],[-0.7568,43.7592],[-0.7514,43.7617],[-0.7468,43.7608],[-0.7441,43.7611],[-0.7415,43.7562],[-0.7417,43.755],[-0.739,43.752],[-0.7392,43.7494],[-0.7346,43.7471],[-0.7307,43.7472],[-0.7299,43.742],[-0.7221,43.7468],[-0.7164,43.747],[-0.7162,43.7449],[-0.7129,43.7375],[-0.7186,43.7376],[-0.7193,43.7333],[-0.7238,43.7273],[-0.7223,43.7259],[-0.7293,43.7247],[-0.738,43.7251],[-0.7389,43.7267],[-0.7447,43.7279],[-0.7512,43.7273],[-0.7581,43.7251],[-0.7578,43.7236],[-0.7631,43.721],[-0.7661,43.7212],[-0.7686,43.7201],[-0.7741,43.7207],[-0.7769,43.7189],[-0.7782,43.7209],[-0.7749,43.7238],[-0.7766,43.7249],[-0.7771,43.7281],[-0.7741,43.7298],[-0.7738,43.7323],[-0.7748,43.7371],[-0.7741,43.739],[-0.7795,43.7397],[-0.782,43.7391],[-0.7819,43.7469],[-0.781,43.7493],[-0.7814,43.7529],[-0.7787,43.7541],[-0.7776,43.7569],[-0.7738,43.7582],[-0.7731,43.7601]]]}},{"type":"Feature","properties":{"code":"40202","nom":"Narrosse","pop":3387},"geometry":{"type":"Polygon","coordinates":[[[-0.9766,43.6945],[-0.9818,43.6919],[-0.9931,43.6877],[-0.9995,43.6861],[-0.9982,43.6844],[-1.001,43.6771],[-1.0045,43.6772],[-1.0101,43.6761],[-1.0112,43.6768],[-1.0113,43.6776],[-1.0183,43.677],[-1.0207,43.6777],[-1.021,43.6811],[-1.0242,43.6814],[-1.0241,43.6785],[-1.0264,43.6776],[-1.0305,43.6822],[-1.0317,43.6822],[-1.0296,43.6851],[-1.028,43.6913],[-1.0295,43.6928],[-1.0272,43.6944],[-1.0272,43.6962],[-1.0301,43.6973],[-1.0335,43.7005],[-1.0266,43.7066],[-1.0255,43.7061],[-1.0161,43.7066],[-1.005,43.7087],[-1.0017,43.7072],[-0.9938,43.7061],[-0.9918,43.7074],[-0.9898,43.7045],[-0.9868,43.7038],[-0.9853,43.7015],[-0.9823,43.6999],[-0.9819,43.6978],[-0.9766,43.6945]]]}},{"type":"Feature","properties":{"code":"40203","nom":"Nassiet","pop":330},"geometry":{"type":"Polygon","coordinates":[[[-0.6901,43.6123],[-0.6857,43.6121],[-0.6818,43.6106],[-0.6815,43.6096],[-0.6766,43.6095],[-0.6695,43.6075],[-0.6678,43.6076],[-0.6605,43.6055],[-0.6576,43.6028],[-0.6601,43.596],[-0.6622,43.5943],[-0.6652,43.5858],[-0.671,43.5868],[-0.6753,43.5869],[-0.6766,43.5879],[-0.6825,43.5891],[-0.6903,43.5894],[-0.6935,43.584],[-0.6974,43.5864],[-0.7036,43.5839],[-0.7043,43.5823],[-0.7132,43.582],[-0.7145,43.5822],[-0.7141,43.5875],[-0.712,43.5898],[-0.7138,43.5947],[-0.7133,43.6011],[-0.714,43.6017],[-0.7149,43.6085],[-0.7123,43.6139],[-0.707,43.6146],[-0.6978,43.6141],[-0.696,43.6143],[-0.6901,43.6123]]]}},{"type":"Feature","properties":{"code":"40204","nom":"Nerbis","pop":267},"geometry":{"type":"Polygon","coordinates":[[[-0.7441,43.7611],[-0.7398,43.7616],[-0.7363,43.7631],[-0.7323,43.7634],[-0.7309,43.7618],[-0.7206,43.7593],[-0.7209,43.7547],[-0.7187,43.7544],[-0.7125,43.758],[-0.7115,43.7547],[-0.7166,43.7535],[-0.7134,43.7516],[-0.7117,43.7489],[-0.7045,43.7461],[-0.7018,43.7469],[-0.7044,43.7438],[-0.7063,43.7432],[-0.706,43.741],[-0.7078,43.7401],[-0.7076,43.7361],[-0.7129,43.7375],[-0.7162,43.7449],[-0.7164,43.747],[-0.7221,43.7468],[-0.7299,43.742],[-0.7307,43.7472],[-0.7346,43.7471],[-0.7392,43.7494],[-0.739,43.752],[-0.7417,43.755],[-0.7415,43.7562],[-0.7441,43.7611]]]}},{"type":"Feature","properties":{"code":"40205","nom":"Nousse","pop":252},"geometry":{"type":"Polygon","coordinates":[[[-0.8067,43.726],[-0.8084,43.7245],[-0.8132,43.7227],[-0.811,43.7156],[-0.8089,43.7139],[-0.8068,43.7101],[-0.8092,43.7083],[-0.8114,43.7091],[-0.8166,43.7169],[-0.8205,43.7156],[-0.8243,43.7124],[-0.8256,43.7103],[-0.8309,43.7104],[-0.8312,43.7132],[-0.8304,43.7173],[-0.833,43.7201],[-0.8346,43.7234],[-0.8381,43.7267],[-0.8334,43.7307],[-0.8307,43.7315],[-0.8318,43.7334],[-0.8289,43.7333],[-0.8272,43.7315],[-0.8247,43.7313],[-0.8213,43.7286],[-0.8182,43.7302],[-0.8143,43.7311],[-0.8085,43.728],[-0.8067,43.726]]]}},{"type":"Feature","properties":{"code":"40206","nom":"Oeyregave","pop":321},"geometry":{"type":"Polygon","coordinates":[[[-1.0813,43.5231],[-1.081,43.5181],[-1.0823,43.5174],[-1.0875,43.5109],[-1.0905,43.5131],[-1.0945,43.5108],[-1.0962,43.5108],[-1.1079,43.5143],[-1.1076,43.516],[-1.1099,43.519],[-1.1144,43.5205],[-1.116,43.5254],[-1.1183,43.5276],[-1.1175,43.5291],[-1.1194,43.531],[-1.1224,43.5359],[-1.1158,43.5367],[-1.1141,43.5401],[-1.1115,43.5409],[-1.1067,43.5383],[-1.1037,43.5385],[-1.1027,43.542],[-1.0997,43.5412],[-1.0954,43.5391],[-1.0919,43.5402],[-1.0869,43.5396],[-1.0778,43.536],[-1.0788,43.5319],[-1.0829,43.5296],[-1.0856,43.5293],[-1.0881,43.5269],[-1.0862,43.5236],[-1.0813,43.5231]]]}},{"type":"Feature","properties":{"code":"40207","nom":"Oeyreluy","pop":1493},"geometry":{"type":"Polygon","coordinates":[[[-1.0623,43.6607],[-1.069,43.6584],[-1.0748,43.6587],[-1.0785,43.6604],[-1.0789,43.6621],[-1.0828,43.6615],[-1.089,43.6613],[-1.0849,43.6619],[-1.0844,43.6637],[-1.0889,43.6653],[-1.0915,43.6654],[-1.0963,43.6673],[-1.0931,43.6705],[-1.0948,43.6714],[-1.0944,43.6745],[-1.0899,43.6735],[-1.0905,43.676],[-1.0932,43.6796],[-1.0889,43.6827],[-1.0823,43.684],[-1.0744,43.688],[-1.0724,43.6901],[-1.0646,43.6916],[-1.0622,43.6915],[-1.0717,43.6857],[-1.0693,43.6823],[-1.0662,43.6818],[-1.0656,43.6785],[-1.0679,43.6788],[-1.0622,43.6722],[-1.0643,43.6715],[-1.0644,43.6658],[-1.0678,43.6673],[-1.0749,43.6683],[-1.0742,43.6662],[-1.0705,43.6638],[-1.0638,43.6617],[-1.0623,43.6607]]]}},{"type":"Feature","properties":{"code":"40208","nom":"Onard","pop":381},"geometry":{"type":"Polygon","coordinates":[[[-0.8158,43.7844],[-0.8104,43.7853],[-0.8091,43.7808],[-0.8104,43.7804],[-0.8149,43.774],[-0.8172,43.7736],[-0.8193,43.7706],[-0.8214,43.7694],[-0.8249,43.768],[-0.8282,43.77],[-0.831,43.7706],[-0.833,43.7689],[-0.8352,43.7653],[-0.8425,43.7675],[-0.8457,43.7655],[-0.8485,43.7654],[-0.8468,43.773],[-0.8484,43.7746],[-0.8505,43.7799],[-0.8476,43.7847],[-0.8453,43.7896],[-0.8404,43.7871],[-0.8375,43.7893],[-0.8293,43.7908],[-0.8276,43.7906],[-0.8256,43.7866],[-0.8216,43.7866],[-0.8158,43.7844]]]}},{"type":"Feature","properties":{"code":"40209","nom":"Ondres","pop":6533},"geometry":{"type":"Polygon","coordinates":[[[-1.4225,43.5754],[-1.4241,43.5708],[-1.4263,43.57],[-1.4263,43.566],[-1.4281,43.5638],[-1.4273,43.5622],[-1.4298,43.559],[-1.4312,43.5539],[-1.431,43.5517],[-1.4268,43.551],[-1.428,43.5488],[-1.4304,43.5484],[-1.4327,43.5457],[-1.4316,43.5433],[-1.4319,43.5396],[-1.4331,43.5385],[-1.4358,43.5384],[-1.44,43.54],[-1.4428,43.542],[-1.4485,43.5441],[-1.4522,43.5486],[-1.4557,43.5551],[-1.4753,43.563],[-1.4834,43.5666],[-1.4936,43.5705],[-1.4826,43.5864],[-1.4445,43.5783],[-1.4408,43.5776],[-1.4346,43.5777],[-1.4299,43.5763],[-1.4225,43.5754]]]}},{"type":"Feature","properties":{"code":"40210","nom":"Onesse-Laharie","pop":1079},"geometry":{"type":"Polygon","coordinates":[[[-1.0804,44.0197],[-1.0799,44.0234],[-1.0784,44.024],[-1.0762,44.0299],[-1.0777,44.0327],[-1.0816,44.0352],[-1.0799,44.0382],[-1.0788,44.0428],[-1.0792,44.0497],[-1.0846,44.0532],[-1.0849,44.0555],[-1.0835,44.057],[-1.084,44.0596],[-1.0905,44.0648],[-1.0966,44.0641],[-1.1,44.0624],[-1.1076,44.0645],[-1.1111,44.0676],[-1.1157,44.0703],[-1.1155,44.0729],[-1.1125,44.0757],[-1.1119,44.078],[-1.1074,44.0803],[-1.1055,44.0851],[-1.1019,44.085],[-1.1008,44.0874],[-1.0967,44.0906],[-1.092,44.0931],[-1.0903,44.0985],[-1.0909,44.0999],[-1.0889,44.1018],[-1.089,44.1047],[-1.0848,44.1077],[-1.0836,44.1154],[-1.0831,44.1163],[-1.0766,44.1353],[-1.0219,44.1263],[-0.9886,44.1203],[-0.9612,44.1152],[-0.9455,44.1129],[-0.9289,44.0994],[-0.9367,44.086],[-0.9468,44.0643],[-0.9498,44.0638],[-0.953,44.0649],[-0.9621,44.0468],[-0.97,44.0477],[-0.9876,44.051],[-0.9903,44.0501],[-0.9922,44.0478],[-0.9943,44.0482],[-0.9966,44.0439],[-1.0019,44.0435],[-1.0102,44.0446],[-1.0134,44.0408],[-1.0097,44.0384],[-1.0062,44.0351],[-1.0058,44.0311],[-1.0147,44.0222],[-1.0103,44.0144],[-1.0087,44.0128],[-0.9939,43.9906],[-1.004,43.9928],[-1.0308,43.9982],[-1.0349,43.9985],[-1.0428,44.0004],[-1.0509,44.0003],[-1.0543,43.9989],[-1.0608,44.0021],[-1.0656,44.0078],[-1.0686,44.0088],[-1.0736,44.0121],[-1.0746,44.0155],[-1.0766,44.0161],[-1.0804,44.0197]]]}},{"type":"Feature","properties":{"code":"40211","nom":"Orist","pop":814},"geometry":{"type":"Polygon","coordinates":[[[-1.1688,43.6066],[-1.1746,43.6073],[-1.1778,43.6116],[-1.1898,43.6242],[-1.1954,43.6308],[-1.1986,43.6337],[-1.2043,43.6377],[-1.2099,43.6397],[-1.205,43.6459],[-1.1985,43.6521],[-1.1951,43.6536],[-1.1893,43.6551],[-1.1838,43.6553],[-1.1748,43.6522],[-1.1681,43.6508],[-1.1603,43.651],[-1.1562,43.6537],[-1.1532,43.6566],[-1.1511,43.6576],[-1.1436,43.659],[-1.1442,43.655],[-1.1462,43.6479],[-1.1375,43.6431],[-1.1446,43.6342],[-1.1479,43.6329],[-1.1503,43.6334],[-1.1522,43.6289],[-1.1543,43.6293],[-1.1535,43.6351],[-1.1572,43.6351],[-1.1583,43.6335],[-1.1566,43.6315],[-1.1577,43.6291],[-1.1627,43.6301],[-1.1665,43.6321],[-1.1704,43.6331],[-1.1717,43.6309],[-1.1742,43.6304],[-1.1736,43.6277],[-1.1745,43.6244],[-1.177,43.6222],[-1.1751,43.619],[-1.1635,43.6121],[-1.1688,43.6066]]]}},{"type":"Feature","properties":{"code":"40212","nom":"Orthevielle","pop":1073},"geometry":{"type":"Polygon","coordinates":[[[-1.1591,43.5387],[-1.1682,43.5449],[-1.1741,43.5459],[-1.1736,43.5481],[-1.171,43.5529],[-1.1689,43.5524],[-1.1678,43.5573],[-1.1643,43.5587],[-1.154,43.5759],[-1.1578,43.5773],[-1.1541,43.5824],[-1.1533,43.5847],[-1.1566,43.5985],[-1.1467,43.5944],[-1.1498,43.5905],[-1.1472,43.5888],[-1.1449,43.59],[-1.1332,43.5847],[-1.1347,43.5821],[-1.1321,43.5793],[-1.1249,43.5795],[-1.1247,43.5787],[-1.1164,43.5775],[-1.116,43.5759],[-1.1173,43.5734],[-1.1172,43.5708],[-1.1192,43.5698],[-1.1259,43.5679],[-1.1348,43.5607],[-1.1381,43.5566],[-1.1373,43.5519],[-1.136,43.5513],[-1.1373,43.5457],[-1.1407,43.5444],[-1.1402,43.5424],[-1.1417,43.5419],[-1.1454,43.538],[-1.1478,43.5369],[-1.1528,43.5365],[-1.1591,43.5387]]]}},{"type":"Feature","properties":{"code":"40213","nom":"Orx","pop":647},"geometry":{"type":"Polygon","coordinates":[[[-1.394,43.6156],[-1.3902,43.6138],[-1.3886,43.6167],[-1.381,43.6169],[-1.3713,43.6192],[-1.364,43.6232],[-1.3586,43.6244],[-1.3542,43.6243],[-1.3456,43.6181],[-1.3432,43.6184],[-1.3451,43.614],[-1.3475,43.6138],[-1.349,43.6097],[-1.3518,43.606],[-1.3501,43.6027],[-1.3545,43.6001],[-1.3542,43.5959],[-1.357,43.5937],[-1.3616,43.5889],[-1.3829,43.5854],[-1.3864,43.5856],[-1.3874,43.5883],[-1.3915,43.5886],[-1.394,43.6156]]]}},{"type":"Feature","properties":{"code":"40214","nom":"Ossages","pop":492},"geometry":{"type":"Polygon","coordinates":[[[-0.8715,43.5452],[-0.8781,43.5457],[-0.8808,43.5477],[-0.8859,43.5482],[-0.8925,43.5507],[-0.8984,43.5506],[-0.9002,43.5499],[-0.9068,43.5504],[-0.912,43.5483],[-0.9154,43.555],[-0.9157,43.559],[-0.9149,43.5629],[-0.909,43.5652],[-0.9032,43.571],[-0.9035,43.5732],[-0.9011,43.5746],[-0.8942,43.5716],[-0.8783,43.5718],[-0.8732,43.5716],[-0.8693,43.5711],[-0.8656,43.5693],[-0.8634,43.5693],[-0.8577,43.5673],[-0.8539,43.5668],[-0.8515,43.5652],[-0.8453,43.5567],[-0.8426,43.5538],[-0.8432,43.5511],[-0.8421,43.5479],[-0.8433,43.5431],[-0.8472,43.5419],[-0.853,43.5425],[-0.8582,43.542],[-0.864,43.5442],[-0.8715,43.5452]]]}},{"type":"Feature","properties":{"code":"40215","nom":"Ousse-Suzan","pop":297},"geometry":{"type":"Polygon","coordinates":[[[-0.7613,43.9287],[-0.7869,43.9289],[-0.8001,43.9303],[-0.8016,43.9378],[-0.7977,43.9446],[-0.794,43.9451],[-0.7923,43.9443],[-0.7872,43.9486],[-0.7818,43.9512],[-0.7782,43.9541],[-0.779,43.9558],[-0.7757,43.9573],[-0.7745,43.9621],[-0.7751,43.9627],[-0.7745,43.9691],[-0.7707,43.9691],[-0.77,43.9724],[-0.7612,43.9689],[-0.7566,43.9703],[-0.7541,43.9704],[-0.742,43.9671],[-0.7332,43.965],[-0.7364,43.9604],[-0.7238,43.9567],[-0.7112,43.9525],[-0.7087,43.9429],[-0.7054,43.9401],[-0.7029,43.9392],[-0.7089,43.9345],[-0.7152,43.9266],[-0.7162,43.9267],[-0.7315,43.933],[-0.7332,43.9333],[-0.7455,43.9325],[-0.7468,43.9286],[-0.7519,43.926],[-0.7553,43.9267],[-0.7581,43.9317],[-0.7613,43.9287]]]}},{"type":"Feature","properties":{"code":"40216","nom":"Ozourt","pop":204},"geometry":{"type":"Polygon","coordinates":[[[-0.8849,43.6615],[-0.8823,43.6631],[-0.8823,43.6663],[-0.8803,43.6691],[-0.8873,43.6696],[-0.8868,43.6723],[-0.883,43.6726],[-0.8825,43.6765],[-0.8808,43.6771],[-0.8775,43.6757],[-0.8762,43.674],[-0.8716,43.6717],[-0.8696,43.6706],[-0.8684,43.6672],[-0.871,43.6649],[-0.8678,43.6627],[-0.8671,43.6584],[-0.8684,43.656],[-0.8715,43.6539],[-0.8736,43.6537],[-0.8723,43.6497],[-0.8745,43.6481],[-0.8772,43.648],[-0.8788,43.6406],[-0.8816,43.6367],[-0.8849,43.6395],[-0.8903,43.6427],[-0.8853,43.6459],[-0.8846,43.6486],[-0.8852,43.652],[-0.8822,43.6549],[-0.8816,43.6566],[-0.8849,43.6615]]]}},{"type":"Feature","properties":{"code":"40217","nom":"Parentis-en-Born","pop":7586},"geometry":{"type":"Polygon","coordinates":[[[-1.0293,44.4227],[-1.0292,44.4228],[-1.0248,44.4123],[-1.012,44.3835],[-1.0071,44.3722],[-1.0027,44.3632],[-0.9943,44.3431],[-0.9958,44.3358],[-0.9971,44.333],[-0.9976,44.3253],[-0.9804,44.2943],[-1.011,44.2899],[-1.0316,44.2868],[-1.0375,44.291],[-1.0619,44.3093],[-1.0706,44.3114],[-1.0836,44.3135],[-1.0856,44.3109],[-1.1096,44.2851],[-1.1334,44.2828],[-1.1362,44.2829],[-1.1252,44.3172],[-1.118,44.3302],[-1.1194,44.3326],[-1.1713,44.3381],[-1.1953,44.3405],[-1.1906,44.3422],[-1.1483,44.3561],[-1.1356,44.3601],[-1.1187,44.3731],[-1.1084,44.3813],[-1.0892,44.3914],[-1.0293,44.4227]]]}},{"type":"Feature","properties":{"code":"40218","nom":"Parleboscq","pop":451},"geometry":{"type":"Polygon","coordinates":[[[0.0677,43.9745],[0.0665,43.9732],[0.0666,43.9688],[0.0691,43.9672],[0.0663,43.9648],[0.0612,43.9652],[0.0612,43.9626],[0.056,43.9614],[0.0552,43.9599],[0.0564,43.9567],[0.0552,43.9545],[0.0573,43.9521],[0.0568,43.9507],[0.0609,43.9491],[0.063,43.9459],[0.0626,43.9424],[0.0635,43.9406],[0.0688,43.9391],[0.0688,43.9361],[0.0704,43.9344],[0.0709,43.9314],[0.0724,43.9282],[0.0725,43.9218],[0.0731,43.919],[0.0762,43.9164],[0.0748,43.9147],[0.0724,43.9144],[0.072,43.9098],[0.07,43.9098],[0.0696,43.9042],[0.0639,43.9031],[0.0606,43.9012],[0.0586,43.8968],[0.0555,43.8975],[0.0479,43.9006],[0.0417,43.904],[0.0382,43.9032],[0.0345,43.9],[0.0332,43.9],[0.0309,43.9005],[0.0226,43.9085],[0.0172,43.9104],[0.0177,43.9117],[0.0124,43.9139],[0.01,43.9142],[0.0069,43.9161],[0.0041,43.9165],[-0.0008,43.92],[-0.0024,43.9218],[-0.006,43.9236],[-0.0113,43.9231],[-0.0153,43.9241],[-0.0179,43.9264],[-0.0202,43.93],[-0.0154,43.9341],[-0.0106,43.935],[-0.0098,43.9375],[-0.0076,43.9395],[-0.0029,43.94],[0.0005,43.9423],[0.0055,43.9435],[0.0068,43.948],[0.0067,43.9538],[0.0055,43.9569],[0.0011,43.9601],[-0.0011,43.9606],[0.0099,43.962],[0.0117,43.9638],[0.0105,43.9655],[0.013,43.9665],[0.0211,43.9684],[0.0229,43.9698],[0.027,43.9699],[0.0268,43.9721],[0.0295,43.9741],[0.0338,43.9762],[0.04,43.9744],[0.0483,43.9753],[0.0561,43.9742],[0.0616,43.9756],[0.0677,43.9745]]]}},{"type":"Feature","properties":{"code":"40219","nom":"Payros-Cazautets","pop":105},"geometry":{"type":"Polygon","coordinates":[[[-0.4136,43.6104],[-0.4165,43.6142],[-0.4188,43.6175],[-0.4113,43.6208],[-0.4102,43.6233],[-0.4046,43.6277],[-0.4088,43.6319],[-0.4099,43.6348],[-0.414,43.6376],[-0.4162,43.6435],[-0.4147,43.6433],[-0.4105,43.6405],[-0.4039,43.6391],[-0.4003,43.6378],[-0.392,43.6357],[-0.3902,43.6359],[-0.3872,43.6339],[-0.3825,43.633],[-0.3762,43.6291],[-0.377,43.6268],[-0.3799,43.6248],[-0.3812,43.6214],[-0.3789,43.62],[-0.3852,43.6141],[-0.3882,43.6131],[-0.3903,43.616],[-0.394,43.6182],[-0.3967,43.6182],[-0.4006,43.6153],[-0.4056,43.6136],[-0.4077,43.6112],[-0.4136,43.6104]]]}},{"type":"Feature","properties":{"code":"40220","nom":"Pécorade","pop":133},"geometry":{"type":"Polygon","coordinates":[[[-0.3657,43.6592],[-0.3628,43.6593],[-0.3493,43.6576],[-0.3432,43.6576],[-0.3361,43.6589],[-0.3347,43.6547],[-0.339,43.652],[-0.3446,43.6491],[-0.3482,43.6497],[-0.3519,43.6514],[-0.3564,43.6503],[-0.36,43.6471],[-0.3634,43.6461],[-0.3686,43.6432],[-0.3696,43.6407],[-0.3717,43.6412],[-0.3756,43.6447],[-0.379,43.6495],[-0.3789,43.6527],[-0.383,43.6543],[-0.3794,43.6566],[-0.3743,43.6585],[-0.3694,43.6595],[-0.3657,43.6592]]]}},{"type":"Feature","properties":{"code":"40221","nom":"Perquie","pop":342},"geometry":{"type":"Polygon","coordinates":[[[-0.2042,43.8604],[-0.2087,43.8576],[-0.2124,43.853],[-0.2129,43.8479],[-0.217,43.8444],[-0.2203,43.8459],[-0.2285,43.8433],[-0.2374,43.8447],[-0.2388,43.8427],[-0.2423,43.8432],[-0.2501,43.8422],[-0.2536,43.8453],[-0.2597,43.8469],[-0.2622,43.8492],[-0.2627,43.8527],[-0.2649,43.8546],[-0.2715,43.8566],[-0.2737,43.8545],[-0.2765,43.8545],[-0.2834,43.8529],[-0.2892,43.8543],[-0.2954,43.855],[-0.297,43.8567],[-0.3048,43.8589],[-0.3062,43.8672],[-0.3082,43.8744],[-0.3081,43.8772],[-0.3079,43.8787],[-0.3022,43.8795],[-0.2954,43.8811],[-0.2919,43.8852],[-0.2913,43.8874],[-0.2845,43.8869],[-0.2813,43.8879],[-0.2803,43.8897],[-0.2751,43.8888],[-0.2727,43.8931],[-0.2713,43.8921],[-0.2735,43.8883],[-0.2735,43.8851],[-0.2678,43.8832],[-0.2618,43.886],[-0.2549,43.8813],[-0.2516,43.8801],[-0.2485,43.8799],[-0.2442,43.881],[-0.2382,43.8775],[-0.2315,43.8761],[-0.225,43.8732],[-0.2232,43.8707],[-0.2195,43.868],[-0.2149,43.8674],[-0.2118,43.8639],[-0.208,43.8615],[-0.2042,43.8604]]]}},{"type":"Feature","properties":{"code":"40222","nom":"Pey","pop":838},"geometry":{"type":"Polygon","coordinates":[[[-1.229,43.6263],[-1.2223,43.6321],[-1.2112,43.6387],[-1.2099,43.6397],[-1.2043,43.6377],[-1.1986,43.6337],[-1.1954,43.6308],[-1.1898,43.6242],[-1.1778,43.6116],[-1.1746,43.6073],[-1.1787,43.608],[-1.1927,43.6045],[-1.1962,43.6031],[-1.2018,43.5958],[-1.2154,43.6038],[-1.2207,43.5978],[-1.2221,43.5954],[-1.2274,43.5974],[-1.2326,43.6016],[-1.2341,43.6057],[-1.2342,43.6101],[-1.2335,43.6158],[-1.232,43.6216],[-1.229,43.6263]]]}},{"type":"Feature","properties":{"code":"40223","nom":"Peyre","pop":241},"geometry":{"type":"Polygon","coordinates":[[[-0.5618,43.5529],[-0.5631,43.5567],[-0.5668,43.5583],[-0.5718,43.5627],[-0.5783,43.5646],[-0.5816,43.5664],[-0.5797,43.5715],[-0.5793,43.5755],[-0.5755,43.5802],[-0.5759,43.5817],[-0.5702,43.5834],[-0.5689,43.5863],[-0.5718,43.5893],[-0.5707,43.5905],[-0.562,43.5878],[-0.5597,43.5897],[-0.5528,43.5898],[-0.5508,43.5887],[-0.5487,43.5848],[-0.5428,43.5831],[-0.5402,43.5808],[-0.5397,43.5776],[-0.5377,43.5748],[-0.5383,43.5737],[-0.5385,43.5729],[-0.5316,43.5659],[-0.5338,43.5641],[-0.5376,43.5627],[-0.5412,43.5622],[-0.5438,43.56],[-0.5505,43.557],[-0.5518,43.5542],[-0.5568,43.5533],[-0.5573,43.5515],[-0.5618,43.5529]]]}},{"type":"Feature","properties":{"code":"40224","nom":"Peyrehorade","pop":3700},"geometry":{"type":"Polygon","coordinates":[[[-1.0811,43.5841],[-1.086,43.5801],[-1.0875,43.5774],[-1.0866,43.5758],[-1.081,43.5734],[-1.0811,43.5681],[-1.0835,43.5646],[-1.0821,43.5615],[-1.0825,43.5585],[-1.0815,43.5531],[-1.0843,43.5515],[-1.0833,43.5447],[-1.0853,43.5429],[-1.0877,43.5434],[-1.0985,43.5421],[-1.0997,43.5412],[-1.1027,43.542],[-1.1037,43.5385],[-1.1067,43.5383],[-1.1115,43.5409],[-1.1141,43.5401],[-1.1181,43.5414],[-1.1207,43.5401],[-1.1234,43.5401],[-1.1313,43.5426],[-1.1339,43.543],[-1.1402,43.5424],[-1.1407,43.5444],[-1.1373,43.5457],[-1.136,43.5513],[-1.1373,43.5519],[-1.1381,43.5566],[-1.1348,43.5607],[-1.1259,43.5679],[-1.1192,43.5698],[-1.1172,43.5708],[-1.1173,43.5734],[-1.116,43.5759],[-1.1112,43.5779],[-1.0942,43.5807],[-1.0858,43.5834],[-1.0811,43.5841]]]}},{"type":"Feature","properties":{"code":"40225","nom":"Philondenx","pop":187},"geometry":{"type":"Polygon","coordinates":[[[-0.4494,43.55],[-0.452,43.5502],[-0.4537,43.5549],[-0.4565,43.5593],[-0.4585,43.5598],[-0.4625,43.563],[-0.4591,43.5649],[-0.4609,43.5673],[-0.4594,43.5689],[-0.456,43.5693],[-0.455,43.567],[-0.4596,43.5631],[-0.4531,43.5645],[-0.4479,43.5666],[-0.4477,43.5731],[-0.4453,43.574],[-0.4418,43.5768],[-0.4315,43.5785],[-0.434,43.5815],[-0.4316,43.5837],[-0.4304,43.5802],[-0.426,43.5792],[-0.4234,43.576],[-0.4183,43.5795],[-0.4132,43.5797],[-0.4113,43.5785],[-0.4068,43.5798],[-0.407,43.5814],[-0.4039,43.5821],[-0.4039,43.5855],[-0.4022,43.5886],[-0.4001,43.5878],[-0.3979,43.586],[-0.3978,43.5839],[-0.4001,43.5827],[-0.3948,43.5761],[-0.3998,43.5744],[-0.4037,43.5721],[-0.4042,43.5696],[-0.406,43.5682],[-0.4149,43.5633],[-0.4226,43.5585],[-0.4259,43.5591],[-0.4323,43.5575],[-0.4335,43.5548],[-0.4377,43.553],[-0.4396,43.5525],[-0.4455,43.5531],[-0.4494,43.55]]]}},{"type":"Feature","properties":{"code":"40226","nom":"Pimbo","pop":195},"geometry":{"type":"Polygon","coordinates":[[[-0.4007,43.5632],[-0.406,43.5682],[-0.4042,43.5696],[-0.4037,43.5721],[-0.3998,43.5744],[-0.3948,43.5761],[-0.4001,43.5827],[-0.3978,43.5839],[-0.3979,43.586],[-0.4001,43.5878],[-0.399,43.591],[-0.4017,43.5936],[-0.3968,43.5928],[-0.395,43.5942],[-0.3905,43.5958],[-0.3886,43.5984],[-0.3867,43.5961],[-0.3872,43.5944],[-0.3842,43.5929],[-0.3811,43.5903],[-0.3768,43.5895],[-0.3705,43.5899],[-0.3657,43.5888],[-0.3632,43.5824],[-0.3638,43.5786],[-0.3603,43.5792],[-0.3553,43.5784],[-0.3542,43.5793],[-0.3483,43.579],[-0.347,43.576],[-0.346,43.5733],[-0.3428,43.5693],[-0.3455,43.567],[-0.3488,43.5665],[-0.3536,43.5615],[-0.3567,43.5629],[-0.3617,43.5632],[-0.364,43.562],[-0.3684,43.5625],[-0.3723,43.5645],[-0.3761,43.5683],[-0.3796,43.5663],[-0.3944,43.5693],[-0.3936,43.5681],[-0.3973,43.5661],[-0.4007,43.5632]]]}},{"type":"Feature","properties":{"code":"40227","nom":"Pissos","pop":1505},"geometry":{"type":"Polygon","coordinates":[[[-0.847,44.3369],[-0.8053,44.3405],[-0.7964,44.3387],[-0.7899,44.3367],[-0.7819,44.3358],[-0.7778,44.3357],[-0.7736,44.3347],[-0.7711,44.3357],[-0.7656,44.3361],[-0.7624,44.3354],[-0.7596,44.3334],[-0.7553,44.3341],[-0.7543,44.3375],[-0.7555,44.3394],[-0.7535,44.3419],[-0.7548,44.3441],[-0.7576,44.3455],[-0.756,44.3472],[-0.7558,44.3497],[-0.7506,44.3521],[-0.7445,44.3497],[-0.7384,44.3481],[-0.7348,44.3477],[-0.727,44.349],[-0.7098,44.3445],[-0.6829,44.3273],[-0.6867,44.306],[-0.6816,44.2873],[-0.685,44.2594],[-0.6864,44.2513],[-0.7288,44.2553],[-0.7331,44.2567],[-0.7404,44.2584],[-0.7483,44.2615],[-0.7494,44.2634],[-0.7537,44.2674],[-0.7639,44.2718],[-0.7693,44.2751],[-0.7751,44.2737],[-0.7789,44.2708],[-0.7791,44.269],[-0.7759,44.2689],[-0.774,44.2637],[-0.7801,44.2622],[-0.7822,44.2592],[-0.7821,44.257],[-0.7845,44.2564],[-0.8131,44.2535],[-0.8413,44.2521],[-0.8419,44.2522],[-0.8827,44.2504],[-0.8832,44.2505],[-0.8997,44.2625],[-0.887,44.2963],[-0.8804,44.2992],[-0.8453,44.308],[-0.8445,44.3223],[-0.8543,44.322],[-0.856,44.3363],[-0.847,44.3369]]]}},{"type":"Feature","properties":{"code":"40228","nom":"Pomarez","pop":1642},"geometry":{"type":"Polygon","coordinates":[[[-0.8847,43.623],[-0.8848,43.6295],[-0.8816,43.6367],[-0.8788,43.6406],[-0.8706,43.6387],[-0.8731,43.6437],[-0.8732,43.6468],[-0.8712,43.6486],[-0.8687,43.647],[-0.8682,43.643],[-0.8652,43.6436],[-0.8368,43.6457],[-0.8334,43.6452],[-0.8315,43.6477],[-0.827,43.6494],[-0.8253,43.6516],[-0.8221,43.6467],[-0.8171,43.648],[-0.8119,43.644],[-0.814,43.6391],[-0.8111,43.6363],[-0.8102,43.6311],[-0.8052,43.631],[-0.8039,43.6297],[-0.8068,43.6222],[-0.7981,43.6209],[-0.8006,43.6188],[-0.8011,43.6166],[-0.7981,43.6145],[-0.7974,43.611],[-0.7946,43.6092],[-0.7937,43.6051],[-0.7962,43.6049],[-0.7997,43.6061],[-0.8019,43.6045],[-0.809,43.5973],[-0.807,43.595],[-0.8077,43.5932],[-0.81,43.592],[-0.8103,43.59],[-0.8223,43.5941],[-0.8228,43.5963],[-0.8271,43.5983],[-0.8294,43.5955],[-0.8337,43.5962],[-0.8416,43.599],[-0.8525,43.6037],[-0.865,43.6101],[-0.8669,43.6104],[-0.8692,43.6052],[-0.8789,43.6129],[-0.883,43.6198],[-0.8847,43.623]]]}},{"type":"Feature","properties":{"code":"40229","nom":"Pontenx-les-Forges","pop":1775},"geometry":{"type":"Polygon","coordinates":[[[-1.0502,44.2145],[-1.0795,44.2147],[-1.0858,44.2078],[-1.09,44.2007],[-1.0937,44.1974],[-1.0967,44.1985],[-1.1005,44.1981],[-1.107,44.1987],[-1.1125,44.2017],[-1.1147,44.2017],[-1.1164,44.2045],[-1.1161,44.2067],[-1.119,44.2111],[-1.1206,44.2148],[-1.1262,44.2179],[-1.13,44.2192],[-1.1363,44.2187],[-1.1393,44.2227],[-1.1389,44.2275],[-1.1493,44.2322],[-1.1512,44.2337],[-1.1495,44.2383],[-1.1497,44.2399],[-1.1482,44.246],[-1.1362,44.2829],[-1.1334,44.2828],[-1.1096,44.2851],[-1.0856,44.3109],[-1.0836,44.3135],[-1.0706,44.3114],[-1.0619,44.3093],[-1.0375,44.291],[-1.0316,44.2868],[-1.0337,44.2705],[-1.0378,44.2459],[-1.0409,44.2293],[-1.0445,44.2243],[-1.0502,44.2145]]]}},{"type":"Feature","properties":{"code":"40230","nom":"Pontonx-sur-l'Adour","pop":3021},"geometry":{"type":"Polygon","coordinates":[[[-0.8987,43.7755],[-0.9038,43.7754],[-0.9049,43.779],[-0.9063,43.7801],[-0.9111,43.7812],[-0.9128,43.7834],[-0.922,43.7849],[-0.9249,43.7838],[-0.9268,43.782],[-0.9296,43.7767],[-0.9303,43.7742],[-0.9247,43.7732],[-0.9232,43.7688],[-0.9274,43.7689],[-0.9317,43.7672],[-0.9347,43.7687],[-0.9365,43.7678],[-0.9374,43.7652],[-0.9397,43.7641],[-0.9433,43.7607],[-0.9416,43.758],[-0.9475,43.7571],[-0.9522,43.7575],[-0.9581,43.756],[-0.9605,43.7567],[-0.9665,43.761],[-0.9728,43.7674],[-0.9857,43.7709],[-0.9847,43.773],[-0.9775,43.7839],[-0.9853,43.7961],[-0.9904,43.8036],[-1.0038,43.8226],[-0.9705,43.8233],[-0.9451,43.8228],[-0.9346,43.8256],[-0.9167,43.8294],[-0.9032,43.8254],[-0.8805,43.8178],[-0.8792,43.8168],[-0.8742,43.8159],[-0.8726,43.8125],[-0.8702,43.8105],[-0.8769,43.8056],[-0.8797,43.806],[-0.8821,43.8066],[-0.8879,43.8022],[-0.8941,43.7988],[-0.8953,43.7973],[-0.8954,43.7933],[-0.8924,43.7884],[-0.8935,43.7847],[-0.897,43.7793],[-0.8987,43.7755]]]}},{"type":"Feature","properties":{"code":"40231","nom":"Port-de-Lanne","pop":1232},"geometry":{"type":"Polygon","coordinates":[[[-1.1955,43.5463],[-1.1963,43.5494],[-1.2027,43.5529],[-1.2107,43.5559],[-1.2184,43.56],[-1.2167,43.5631],[-1.2122,43.5642],[-1.2039,43.5627],[-1.1967,43.5628],[-1.1928,43.5654],[-1.1927,43.5681],[-1.1945,43.5693],[-1.2007,43.5713],[-1.2012,43.5752],[-1.1899,43.5754],[-1.1846,43.5763],[-1.1762,43.5724],[-1.1745,43.5726],[-1.1697,43.5759],[-1.165,43.5762],[-1.1612,43.5772],[-1.1586,43.5827],[-1.1593,43.5844],[-1.1714,43.5946],[-1.1735,43.6004],[-1.1688,43.6066],[-1.1618,43.604],[-1.1577,43.6031],[-1.1566,43.5985],[-1.1533,43.5847],[-1.1541,43.5824],[-1.1578,43.5773],[-1.154,43.5759],[-1.1643,43.5587],[-1.1678,43.5573],[-1.1689,43.5524],[-1.171,43.5529],[-1.1736,43.5481],[-1.1741,43.5459],[-1.1843,43.5472],[-1.1903,43.5471],[-1.1955,43.5463]]]}},{"type":"Feature","properties":{"code":"40232","nom":"Poudenx","pop":219},"geometry":{"type":"Polygon","coordinates":[[[-0.6031,43.5757],[-0.6095,43.5805],[-0.6106,43.5848],[-0.6148,43.5924],[-0.612,43.5944],[-0.6104,43.5964],[-0.6069,43.5958],[-0.604,43.5935],[-0.5984,43.5943],[-0.5947,43.5939],[-0.5906,43.5973],[-0.5869,43.5964],[-0.5865,43.5948],[-0.5829,43.5956],[-0.5798,43.5926],[-0.5757,43.5905],[-0.5718,43.5893],[-0.5689,43.5863],[-0.5702,43.5834],[-0.5759,43.5817],[-0.5755,43.5802],[-0.5793,43.5755],[-0.5797,43.5715],[-0.5816,43.5664],[-0.5888,43.5683],[-0.5928,43.5693],[-0.5964,43.5718],[-0.6012,43.5732],[-0.6031,43.5757]]]}},{"type":"Feature","properties":{"code":"40233","nom":"Pouillon","pop":3134},"geometry":{"type":"Polygon","coordinates":[[[-1.0232,43.6498],[-1.0208,43.6489],[-1.019,43.6533],[-1.0151,43.6526],[-1.0171,43.6507],[-1.0128,43.6502],[-1.0043,43.6519],[-1.0018,43.6537],[-0.9979,43.6543],[-0.9982,43.6503],[-0.9961,43.6492],[-0.9938,43.6464],[-0.9938,43.6422],[-0.992,43.6397],[-0.9832,43.6378],[-0.9784,43.6328],[-0.9759,43.6334],[-0.971,43.6324],[-0.9702,43.6304],[-0.9677,43.6303],[-0.9652,43.6326],[-0.9615,43.6344],[-0.9582,43.6318],[-0.9539,43.6301],[-0.9497,43.6255],[-0.9472,43.6257],[-0.9434,43.6234],[-0.9414,43.6208],[-0.9405,43.6178],[-0.9462,43.6139],[-0.951,43.6114],[-0.953,43.6079],[-0.957,43.6058],[-0.9594,43.6027],[-0.9592,43.6002],[-0.9574,43.5961],[-0.9709,43.5933],[-0.9702,43.5905],[-0.9669,43.5878],[-0.9662,43.5849],[-0.9756,43.5822],[-0.9824,43.579],[-0.9872,43.5813],[-0.985,43.5707],[-0.9906,43.5658],[-0.9931,43.5666],[-0.9928,43.5701],[-0.994,43.5716],[-0.998,43.572],[-1.0013,43.5764],[-1.004,43.5744],[-1.0088,43.5719],[-1.0058,43.571],[-1.0022,43.5715],[-1.002,43.5678],[-1.0098,43.5683],[-1.0135,43.5719],[-1.0165,43.5732],[-1.0207,43.5728],[-1.0252,43.5693],[-1.0282,43.5657],[-1.0314,43.5646],[-1.033,43.5608],[-1.0377,43.5591],[-1.0394,43.5617],[-1.0402,43.566],[-1.0426,43.5699],[-1.0469,43.5731],[-1.0531,43.5748],[-1.0563,43.5738],[-1.0591,43.5748],[-1.0587,43.58],[-1.0562,43.5824],[-1.0563,43.585],[-1.0561,43.5859],[-1.0494,43.5886],[-1.0489,43.5917],[-1.05,43.5928],[-1.0432,43.5931],[-1.0425,43.5914],[-1.0396,43.5917],[-1.0344,43.5948],[-1.0282,43.5942],[-1.0289,43.5962],[-1.0271,43.6001],[-1.0274,43.6013],[-1.0202,43.6036],[-1.0229,43.6069],[-1.0239,43.6104],[-1.0214,43.6136],[-1.0224,43.6152],[-1.0221,43.6181],[-1.0255,43.6209],[-1.0315,43.623],[-1.0378,43.6271],[-1.0386,43.6287],[-1.0417,43.6292],[-1.0323,43.6352],[-1.0272,43.6367],[-1.0304,43.6399],[-1.0273,43.6429],[-1.0247,43.6432],[-1.0219,43.6453],[-1.0241,43.648],[-1.0232,43.6498]]]}},{"type":"Feature","properties":{"code":"40234","nom":"Pouydesseaux","pop":869},"geometry":{"type":"Polygon","coordinates":[[[-0.3267,43.9497],[-0.3309,43.9489],[-0.3329,43.9464],[-0.3443,43.9471],[-0.3594,43.9541],[-0.3581,43.9605],[-0.3549,43.9672],[-0.3504,43.9704],[-0.3468,43.9718],[-0.3495,43.9732],[-0.3484,43.9757],[-0.3534,43.9775],[-0.358,43.9784],[-0.3599,43.9808],[-0.3594,43.9823],[-0.3683,43.9855],[-0.3758,43.9876],[-0.3762,43.989],[-0.3795,43.989],[-0.3862,43.9904],[-0.3952,43.9911],[-0.3989,43.9929],[-0.4007,43.9987],[-0.4063,44.0033],[-0.4078,44.0039],[-0.4074,44.0066],[-0.4036,44.0074],[-0.4003,44.0066],[-0.3956,44.0076],[-0.3965,44.0101],[-0.3935,44.0115],[-0.3949,44.0136],[-0.3876,44.019],[-0.3834,44.0231],[-0.3784,44.0254],[-0.3777,44.0271],[-0.3724,44.0299],[-0.3714,44.0282],[-0.3664,44.0256],[-0.3629,44.0246],[-0.3623,44.0201],[-0.367,44.0151],[-0.3661,44.012],[-0.3539,44.0121],[-0.3559,44.0095],[-0.3441,44.0086],[-0.3415,44.0069],[-0.3358,44.006],[-0.336,44.0033],[-0.3316,44.0024],[-0.3321,43.9984],[-0.3296,43.9983],[-0.3278,43.9997],[-0.3237,43.9976],[-0.3236,43.9947],[-0.3248,43.9928],[-0.3216,43.9919],[-0.3181,43.9926],[-0.3145,43.9914],[-0.3096,43.991],[-0.3095,43.9859],[-0.302,43.9855],[-0.2963,43.9839],[-0.2962,43.9827],[-0.296,43.9799],[-0.299,43.9769],[-0.2992,43.9728],[-0.3033,43.969],[-0.3089,43.9675],[-0.3195,43.9641],[-0.32,43.9597],[-0.3214,43.9565],[-0.3235,43.9561],[-0.3272,43.9509],[-0.3267,43.9497]]]}},{"type":"Feature","properties":{"code":"40235","nom":"Poyanne","pop":693},"geometry":{"type":"Polygon","coordinates":[[[-0.8091,43.7808],[-0.8091,43.7776],[-0.807,43.776],[-0.8054,43.7789],[-0.8026,43.7797],[-0.7993,43.7784],[-0.7991,43.7726],[-0.7979,43.7713],[-0.797,43.7686],[-0.7954,43.7678],[-0.7972,43.7633],[-0.7978,43.759],[-0.7997,43.7565],[-0.8001,43.7534],[-0.8024,43.7494],[-0.8069,43.7452],[-0.8063,43.7445],[-0.8085,43.7419],[-0.8086,43.7399],[-0.8149,43.7319],[-0.8143,43.7311],[-0.8182,43.7302],[-0.8213,43.7286],[-0.8247,43.7313],[-0.8272,43.7315],[-0.8289,43.7333],[-0.8318,43.7334],[-0.8313,43.7359],[-0.8363,43.736],[-0.8375,43.7388],[-0.8365,43.7399],[-0.8369,43.7437],[-0.8327,43.7486],[-0.8327,43.7517],[-0.8309,43.7539],[-0.8312,43.7556],[-0.8274,43.7576],[-0.8263,43.7616],[-0.8233,43.7647],[-0.8232,43.7675],[-0.8214,43.7694],[-0.8193,43.7706],[-0.8172,43.7736],[-0.8149,43.774],[-0.8104,43.7804],[-0.8091,43.7808]]]}},{"type":"Feature","properties":{"code":"40236","nom":"Poyartin","pop":776},"geometry":{"type":"Polygon","coordinates":[[[-0.8326,43.6688],[-0.8374,43.6712],[-0.8406,43.6717],[-0.8397,43.674],[-0.8439,43.6766],[-0.8431,43.6781],[-0.8464,43.6793],[-0.8494,43.6788],[-0.8507,43.6767],[-0.8545,43.6758],[-0.8567,43.6745],[-0.8639,43.6734],[-0.867,43.6747],[-0.87,43.6747],[-0.8716,43.6717],[-0.8762,43.674],[-0.8775,43.6757],[-0.8808,43.6771],[-0.8807,43.6784],[-0.8862,43.6825],[-0.8927,43.6864],[-0.8947,43.6892],[-0.8941,43.6927],[-0.8978,43.6964],[-0.8954,43.6985],[-0.8955,43.7026],[-0.8941,43.7048],[-0.8916,43.7051],[-0.8898,43.707],[-0.882,43.707],[-0.8812,43.705],[-0.876,43.7051],[-0.8729,43.7078],[-0.8688,43.7072],[-0.8661,43.7027],[-0.865,43.7006],[-0.8583,43.699],[-0.8545,43.6948],[-0.8522,43.6966],[-0.8446,43.6944],[-0.8443,43.6931],[-0.8522,43.6873],[-0.8456,43.6854],[-0.8421,43.6856],[-0.8399,43.6869],[-0.834,43.6879],[-0.8324,43.6815],[-0.8331,43.6791],[-0.8294,43.6777],[-0.8214,43.6737],[-0.8197,43.6724],[-0.8243,43.6721],[-0.8285,43.6698],[-0.8326,43.6688]]]}},{"type":"Feature","properties":{"code":"40237","nom":"Préchacq-les-Bains","pop":808},"geometry":{"type":"Polygon","coordinates":[[[-0.895,43.7655],[-0.9,43.7601],[-0.9026,43.7523],[-0.9036,43.7476],[-0.9026,43.7471],[-0.9053,43.7443],[-0.9093,43.7463],[-0.9124,43.7427],[-0.9135,43.7404],[-0.917,43.7387],[-0.9199,43.7402],[-0.9215,43.7425],[-0.9247,43.7442],[-0.9253,43.7409],[-0.9266,43.7391],[-0.932,43.7418],[-0.9339,43.7413],[-0.9357,43.7454],[-0.9363,43.7496],[-0.9351,43.7519],[-0.9357,43.7544],[-0.9416,43.758],[-0.9433,43.7607],[-0.9397,43.7641],[-0.9374,43.7652],[-0.9365,43.7678],[-0.9347,43.7687],[-0.9317,43.7672],[-0.9274,43.7689],[-0.9232,43.7688],[-0.9203,43.7693],[-0.9165,43.771],[-0.9135,43.7714],[-0.9113,43.7687],[-0.9011,43.766],[-0.895,43.7655]]]}},{"type":"Feature","properties":{"code":"40238","nom":"Pujo-le-Plan","pop":641},"geometry":{"type":"Polygon","coordinates":[[[-0.376,43.8459],[-0.3758,43.8466],[-0.3709,43.8517],[-0.3694,43.8543],[-0.3674,43.8624],[-0.3687,43.8646],[-0.3656,43.8688],[-0.3611,43.8731],[-0.3634,43.8751],[-0.3655,43.8743],[-0.3724,43.8752],[-0.3758,43.878],[-0.3813,43.8786],[-0.384,43.8805],[-0.3824,43.8839],[-0.3794,43.8845],[-0.3781,43.8831],[-0.3734,43.8816],[-0.3718,43.8851],[-0.369,43.8845],[-0.3594,43.8823],[-0.3584,43.88],[-0.3556,43.8791],[-0.3511,43.8765],[-0.3454,43.876],[-0.3394,43.8768],[-0.3334,43.8758],[-0.3323,43.8783],[-0.3297,43.8779],[-0.3233,43.8772],[-0.3081,43.8772],[-0.3082,43.8744],[-0.3062,43.8672],[-0.3048,43.8589],[-0.3111,43.8596],[-0.3129,43.8553],[-0.311,43.8546],[-0.3129,43.8522],[-0.3153,43.852],[-0.3218,43.845],[-0.3258,43.8435],[-0.3295,43.8443],[-0.3306,43.843],[-0.3317,43.8375],[-0.333,43.8365],[-0.3357,43.8379],[-0.3331,43.8435],[-0.3348,43.8449],[-0.3394,43.846],[-0.3423,43.8448],[-0.3506,43.8441],[-0.3585,43.8444],[-0.3613,43.8431],[-0.3649,43.8432],[-0.3704,43.8422],[-0.3743,43.8425],[-0.376,43.8459]]]}},{"type":"Feature","properties":{"code":"40239","nom":"Puyol-Cazalet","pop":105},"geometry":{"type":"Polygon","coordinates":[[[-0.42,43.6032],[-0.4143,43.607],[-0.4136,43.6104],[-0.4077,43.6112],[-0.4056,43.6136],[-0.4006,43.6153],[-0.3967,43.6182],[-0.394,43.6182],[-0.3903,43.616],[-0.3882,43.6131],[-0.3867,43.6078],[-0.3873,43.6028],[-0.3886,43.5984],[-0.3905,43.5958],[-0.395,43.5942],[-0.3968,43.5928],[-0.4017,43.5936],[-0.4057,43.5945],[-0.4055,43.5959],[-0.4109,43.5983],[-0.4145,43.6011],[-0.4192,43.6018],[-0.42,43.6032]]]}},{"type":"Feature","properties":{"code":"40240","nom":"Renung","pop":483},"geometry":{"type":"Polygon","coordinates":[[[-0.3979,43.7326],[-0.3995,43.7348],[-0.4001,43.7388],[-0.4016,43.7434],[-0.4001,43.7463],[-0.3959,43.7507],[-0.3982,43.756],[-0.398,43.7596],[-0.399,43.7602],[-0.3988,43.7639],[-0.3965,43.7667],[-0.3934,43.7666],[-0.3889,43.7696],[-0.3867,43.7697],[-0.3829,43.7682],[-0.3803,43.7704],[-0.3775,43.7708],[-0.3732,43.77],[-0.3713,43.7718],[-0.3673,43.7704],[-0.3646,43.7654],[-0.3627,43.7647],[-0.3576,43.7654],[-0.3537,43.767],[-0.3496,43.7663],[-0.3498,43.7632],[-0.3473,43.7617],[-0.3434,43.7636],[-0.3437,43.7661],[-0.3419,43.7675],[-0.3383,43.7669],[-0.3353,43.7626],[-0.3369,43.7597],[-0.336,43.7576],[-0.3363,43.7539],[-0.3314,43.7517],[-0.3315,43.7486],[-0.3364,43.7457],[-0.3426,43.7487],[-0.3449,43.7476],[-0.3449,43.7434],[-0.342,43.741],[-0.3423,43.7391],[-0.3448,43.7366],[-0.3524,43.7339],[-0.3537,43.7316],[-0.3526,43.7303],[-0.3537,43.7267],[-0.3569,43.7236],[-0.3555,43.7222],[-0.3565,43.7184],[-0.3579,43.7166],[-0.3576,43.7141],[-0.3611,43.7137],[-0.3619,43.7116],[-0.3667,43.7147],[-0.3672,43.7182],[-0.365,43.721],[-0.3668,43.7225],[-0.3733,43.722],[-0.3767,43.7204],[-0.3809,43.7221],[-0.3854,43.726],[-0.3871,43.7305],[-0.39,43.7333],[-0.3979,43.7326]]]}},{"type":"Feature","properties":{"code":"40242","nom":"Rimbez-et-Baudiets","pop":104},"geometry":{"type":"Polygon","coordinates":[[[-0.0001,44.039],[-0.0003,44.0391],[-0.0107,44.0686],[0.0018,44.0719],[0.0037,44.0693],[0.0078,44.0686],[0.0088,44.0659],[0.0114,44.0648],[0.0283,44.0685],[0.0492,44.0656],[0.058,44.0658],[0.0593,44.0694],[0.0586,44.0714],[0.0606,44.0725],[0.0615,44.0749],[0.0655,44.078],[0.0741,44.0794],[0.079,44.081],[0.0787,44.0845],[0.0769,44.0863],[0.0773,44.0941],[0.0868,44.0927],[0.093,44.0908],[0.1009,44.0866],[0.1011,44.084],[0.1046,44.0819],[0.1054,44.0784],[0.1023,44.0775],[0.0983,44.079],[0.0974,44.077],[0.0967,44.0702],[0.0945,44.0678],[0.0943,44.0656],[0.083,44.0637],[0.0878,44.058],[0.0872,44.0523],[0.0828,44.0501],[0.0826,44.0473],[0.0789,44.0454],[0.0818,44.0404],[0.0749,44.0285],[0.0718,44.0252],[0.0642,44.0257],[0.0602,44.0247],[0.0561,44.0277],[0.0508,44.0355],[0.0456,44.0353],[0.0362,44.0392],[0.0314,44.0382],[0.0266,44.0385],[0.0247,44.0378],[0.0175,44.037],[0.0042,44.0368],[-0.0001,44.039]]]}},{"type":"Feature","properties":{"code":"40243","nom":"Rion-des-Landes","pop":3142},"geometry":{"type":"Polygon","coordinates":[[[-0.953,43.8826],[-0.9621,43.8821],[-0.9891,43.8811],[-0.9903,43.8772],[-0.9938,43.8772],[-0.9958,43.8789],[-1.0008,43.8801],[-1.0032,43.8791],[-1.022,43.8823],[-1.0309,43.884],[-1.0265,43.8947],[-1.0195,43.9112],[-1.0086,43.9486],[-1.0068,43.9537],[-1.0041,43.9638],[-0.9951,43.9878],[-0.9939,43.9906],[-0.9441,43.9834],[-0.9159,43.9792],[-0.8759,43.976],[-0.8754,43.9761],[-0.8564,43.9707],[-0.8566,43.957],[-0.8579,43.9497],[-0.8702,43.9456],[-0.8787,43.9377],[-0.8702,43.9271],[-0.8627,43.9057],[-0.8625,43.896],[-0.864,43.8906],[-0.8692,43.8854],[-0.8796,43.8729],[-0.9466,43.889],[-0.953,43.8826]]]}},{"type":"Feature","properties":{"code":"40244","nom":"Rivière-Saas-et-Gourby","pop":1476},"geometry":{"type":"Polygon","coordinates":[[[-1.1408,43.6604],[-1.1436,43.659],[-1.1511,43.6576],[-1.1532,43.6566],[-1.1565,43.658],[-1.1745,43.6712],[-1.1765,43.6737],[-1.1799,43.6752],[-1.1795,43.6773],[-1.1825,43.6791],[-1.1853,43.6824],[-1.1864,43.6861],[-1.1912,43.6863],[-1.1923,43.6873],[-1.1925,43.6908],[-1.197,43.6936],[-1.1988,43.6969],[-1.1994,43.6993],[-1.1934,43.7005],[-1.189,43.7042],[-1.1932,43.7099],[-1.1972,43.7139],[-1.2207,43.7207],[-1.2074,43.7319],[-1.1683,43.7361],[-1.1594,43.7136],[-1.1586,43.7092],[-1.1513,43.6915],[-1.1495,43.6889],[-1.1443,43.6852],[-1.1336,43.6816],[-1.1305,43.6802],[-1.1317,43.6764],[-1.1409,43.6706],[-1.1424,43.6686],[-1.1423,43.6655],[-1.14,43.6619],[-1.1408,43.6604]]]}},{"type":"Feature","properties":{"code":"40245","nom":"Roquefort","pop":1990},"geometry":{"type":"Polygon","coordinates":[[[-0.2859,44.0395],[-0.2918,44.041],[-0.2953,44.0404],[-0.2993,44.0381],[-0.2949,44.0325],[-0.3038,44.0292],[-0.3072,44.0289],[-0.3095,44.0301],[-0.3117,44.0281],[-0.3148,44.0287],[-0.3154,44.0316],[-0.3203,44.0311],[-0.3217,44.029],[-0.3258,44.0307],[-0.3275,44.0301],[-0.3348,44.0254],[-0.3388,44.0261],[-0.3418,44.0255],[-0.3438,44.0231],[-0.3466,44.023],[-0.3485,44.0209],[-0.3623,44.0201],[-0.3629,44.0246],[-0.3664,44.0256],[-0.3714,44.0282],[-0.3724,44.0299],[-0.3689,44.0325],[-0.3629,44.0333],[-0.3619,44.0303],[-0.359,44.03],[-0.3552,44.0314],[-0.3519,44.0308],[-0.3506,44.0341],[-0.3485,44.0358],[-0.3522,44.0409],[-0.3479,44.0441],[-0.349,44.0463],[-0.344,44.0452],[-0.3375,44.0461],[-0.3381,44.0476],[-0.3319,44.0478],[-0.326,44.0474],[-0.3217,44.0494],[-0.3174,44.0496],[-0.3179,44.0464],[-0.313,44.0451],[-0.3106,44.0456],[-0.3031,44.0504],[-0.3024,44.0524],[-0.2986,44.0528],[-0.296,44.055],[-0.2935,44.0555],[-0.2852,44.0422],[-0.2859,44.0395]]]}},{"type":"Feature","properties":{"code":"40246","nom":"Sabres","pop":1213},"geometry":{"type":"Polygon","coordinates":[[[-0.8244,44.0828],[-0.8267,44.0826],[-0.8386,44.0875],[-0.8335,44.0951],[-0.8346,44.0966],[-0.8444,44.139],[-0.8493,44.159],[-0.847,44.1599],[-0.8182,44.1698],[-0.8061,44.1741],[-0.7914,44.1791],[-0.7908,44.18],[-0.7937,44.1832],[-0.7893,44.1855],[-0.7848,44.1836],[-0.7813,44.1843],[-0.7765,44.1881],[-0.7712,44.193],[-0.7706,44.1957],[-0.764,44.1926],[-0.7609,44.1949],[-0.7566,44.1923],[-0.7518,44.1923],[-0.7493,44.1915],[-0.7475,44.1892],[-0.7425,44.1903],[-0.7391,44.189],[-0.7362,44.1891],[-0.7295,44.1908],[-0.7245,44.1909],[-0.7156,44.189],[-0.7099,44.1912],[-0.684,44.1911],[-0.6597,44.1951],[-0.6355,44.1994],[-0.6277,44.2099],[-0.617,44.2238],[-0.6184,44.2153],[-0.6203,44.1994],[-0.6226,44.1846],[-0.6202,44.1727],[-0.6192,44.1694],[-0.6216,44.1614],[-0.6414,44.1275],[-0.6479,44.1192],[-0.6599,44.1117],[-0.6721,44.1036],[-0.6779,44.101],[-0.6795,44.1008],[-0.6994,44.111],[-0.7029,44.1113],[-0.7068,44.1173],[-0.7138,44.1181],[-0.7301,44.1167],[-0.7518,44.1047],[-0.7858,44.0866],[-0.8244,44.0828]]]}},{"type":"Feature","properties":{"code":"40247","nom":"Saint-Agnet","pop":179},"geometry":{"type":"Polygon","coordinates":[[[-0.2815,43.6239],[-0.2798,43.6183],[-0.2776,43.616],[-0.2636,43.6167],[-0.2546,43.6152],[-0.2472,43.6158],[-0.2472,43.6113],[-0.248,43.6056],[-0.2546,43.5993],[-0.2539,43.5969],[-0.2574,43.596],[-0.2663,43.5949],[-0.2702,43.596],[-0.2729,43.5954],[-0.2792,43.5958],[-0.2843,43.5967],[-0.2842,43.5932],[-0.2829,43.5864],[-0.2898,43.586],[-0.2929,43.5935],[-0.2886,43.5974],[-0.2895,43.5987],[-0.2901,43.6037],[-0.2898,43.6064],[-0.2867,43.6085],[-0.2844,43.6203],[-0.2815,43.6239]]]}},{"type":"Feature","properties":{"code":"40248","nom":"Saint-André-de-Seignanx","pop":1945},"geometry":{"type":"Polygon","coordinates":[[[-1.3384,43.5809],[-1.3368,43.58],[-1.3384,43.577],[-1.336,43.5745],[-1.331,43.5731],[-1.3287,43.5689],[-1.3302,43.5627],[-1.3321,43.558],[-1.3318,43.5531],[-1.3328,43.5495],[-1.3355,43.5477],[-1.3375,43.5417],[-1.3333,43.5373],[-1.3395,43.5371],[-1.3452,43.5354],[-1.3515,43.5403],[-1.3551,43.5416],[-1.3585,43.5403],[-1.3622,43.5416],[-1.3676,43.5448],[-1.371,43.5495],[-1.3729,43.5539],[-1.3733,43.5591],[-1.3766,43.5615],[-1.3853,43.5663],[-1.3953,43.5806],[-1.3938,43.583],[-1.3915,43.5886],[-1.3874,43.5883],[-1.3864,43.5856],[-1.3829,43.5854],[-1.3616,43.5889],[-1.3435,43.5838],[-1.3384,43.5809]]]}},{"type":"Feature","properties":{"code":"40249","nom":"Saint-Aubin","pop":498},"geometry":{"type":"Polygon","coordinates":[[[-0.7597,43.719],[-0.7635,43.7197],[-0.7661,43.7212],[-0.7631,43.721],[-0.7578,43.7236],[-0.7581,43.7251],[-0.7512,43.7273],[-0.7447,43.7279],[-0.7389,43.7267],[-0.738,43.7251],[-0.7293,43.7247],[-0.7223,43.7259],[-0.7238,43.7273],[-0.7193,43.7333],[-0.7169,43.731],[-0.7127,43.7298],[-0.7056,43.7254],[-0.7049,43.7237],[-0.7007,43.7203],[-0.6936,43.7201],[-0.692,43.7193],[-0.6858,43.7185],[-0.686,43.7159],[-0.683,43.7144],[-0.6853,43.7114],[-0.6896,43.7089],[-0.691,43.7095],[-0.6973,43.7089],[-0.6974,43.7048],[-0.7024,43.7034],[-0.706,43.7037],[-0.7108,43.7042],[-0.7151,43.7039],[-0.7162,43.7063],[-0.7222,43.7091],[-0.7236,43.7116],[-0.7265,43.7131],[-0.7323,43.7143],[-0.7366,43.7142],[-0.7407,43.7162],[-0.743,43.7154],[-0.7502,43.7169],[-0.7534,43.7171],[-0.7555,43.7186],[-0.7597,43.719]]]}},{"type":"Feature","properties":{"code":"40250","nom":"Saint-Avit","pop":684},"geometry":{"type":"Polygon","coordinates":[[[-0.41,43.932],[-0.4421,43.9135],[-0.4485,43.9135],[-0.452,43.9133],[-0.4586,43.9137],[-0.4723,43.9123],[-0.478,43.9132],[-0.4752,43.9159],[-0.476,43.9209],[-0.4703,43.9248],[-0.4695,43.9282],[-0.4744,43.9308],[-0.4822,43.9299],[-0.5032,43.9309],[-0.5092,43.9316],[-0.5064,43.9426],[-0.5037,43.9491],[-0.5025,43.9717],[-0.4851,43.975],[-0.4773,43.9734],[-0.4746,43.974],[-0.4552,43.9704],[-0.4528,43.9715],[-0.4526,43.9736],[-0.4428,43.9718],[-0.4315,43.9692],[-0.4309,43.967],[-0.4331,43.9636],[-0.424,43.9568],[-0.4153,43.9555],[-0.4137,43.9532],[-0.4116,43.9529],[-0.4116,43.9501],[-0.4042,43.9472],[-0.3959,43.9453],[-0.398,43.9417],[-0.4039,43.9374],[-0.41,43.932]]]}},{"type":"Feature","properties":{"code":"40251","nom":"Saint-Barthélemy","pop":412},"geometry":{"type":"Polygon","coordinates":[[[-1.3225,43.5051],[-1.3268,43.505],[-1.3329,43.5039],[-1.3347,43.5029],[-1.3351,43.5029],[-1.336,43.5056],[-1.3381,43.5077],[-1.3342,43.5102],[-1.3327,43.515],[-1.3403,43.5132],[-1.3399,43.5185],[-1.3445,43.5196],[-1.3454,43.5225],[-1.3434,43.5281],[-1.3442,43.5296],[-1.3452,43.5354],[-1.3395,43.5371],[-1.3333,43.5373],[-1.3282,43.5357],[-1.3241,43.5338],[-1.3232,43.5322],[-1.325,43.5277],[-1.3259,43.5227],[-1.3186,43.5137],[-1.3153,43.5152],[-1.3161,43.5095],[-1.3115,43.5086],[-1.3084,43.5073],[-1.3099,43.5058],[-1.317,43.5065],[-1.3225,43.5051]]]}},{"type":"Feature","properties":{"code":"40252","nom":"Sainte-Colombe","pop":633},"geometry":{"type":"Polygon","coordinates":[[[-0.5365,43.696],[-0.5364,43.6945],[-0.539,43.6924],[-0.5398,43.6894],[-0.5369,43.6873],[-0.5383,43.6809],[-0.5375,43.6779],[-0.5352,43.6755],[-0.5308,43.6725],[-0.5308,43.6711],[-0.537,43.6647],[-0.5421,43.6604],[-0.5446,43.6587],[-0.5489,43.6576],[-0.5511,43.6594],[-0.5535,43.6641],[-0.5574,43.6662],[-0.5608,43.6665],[-0.5658,43.6649],[-0.5712,43.6686],[-0.571,43.6723],[-0.5766,43.6736],[-0.5798,43.6729],[-0.5849,43.6775],[-0.5825,43.6833],[-0.5806,43.6972],[-0.5801,43.6939],[-0.5778,43.6931],[-0.5749,43.6945],[-0.573,43.6965],[-0.5689,43.6963],[-0.5671,43.6982],[-0.5632,43.6969],[-0.558,43.6966],[-0.5488,43.6951],[-0.5483,43.6967],[-0.5455,43.6976],[-0.5407,43.7019],[-0.5383,43.7029],[-0.5396,43.701],[-0.5365,43.696]]]}},{"type":"Feature","properties":{"code":"40253","nom":"Saint-Cricq-Chalosse","pop":614},"geometry":{"type":"Polygon","coordinates":[[[-0.6872,43.6808],[-0.6862,43.6793],[-0.6885,43.6768],[-0.6949,43.6752],[-0.6912,43.6725],[-0.6878,43.6709],[-0.6827,43.6723],[-0.6732,43.6731],[-0.6707,43.674],[-0.6681,43.6735],[-0.6639,43.6716],[-0.6608,43.671],[-0.6638,43.6678],[-0.6634,43.6636],[-0.6639,43.6611],[-0.663,43.6585],[-0.6582,43.659],[-0.6542,43.6586],[-0.6506,43.6554],[-0.648,43.6558],[-0.6453,43.6538],[-0.6379,43.652],[-0.6353,43.6493],[-0.6357,43.6445],[-0.6346,43.6406],[-0.632,43.6382],[-0.6328,43.6354],[-0.647,43.6312],[-0.6524,43.632],[-0.6627,43.6354],[-0.6713,43.637],[-0.6757,43.6364],[-0.6815,43.6373],[-0.6888,43.64],[-0.6917,43.6405],[-0.6953,43.6426],[-0.6974,43.6449],[-0.7013,43.6468],[-0.7049,43.652],[-0.7082,43.6537],[-0.7136,43.6553],[-0.7154,43.6573],[-0.7132,43.6597],[-0.7109,43.664],[-0.7119,43.6663],[-0.7103,43.6681],[-0.7086,43.672],[-0.712,43.6753],[-0.7075,43.677],[-0.7057,43.6789],[-0.7009,43.681],[-0.6939,43.6804],[-0.6872,43.6808]]]}},{"type":"Feature","properties":{"code":"40254","nom":"Saint-Cricq-du-Gave","pop":445},"geometry":{"type":"Polygon","coordinates":[[[-1.0011,43.5371],[-0.9991,43.5342],[-0.9972,43.5333],[-0.9928,43.5341],[-0.9899,43.5337],[-0.9891,43.5305],[-0.989,43.5187],[-0.9898,43.5158],[-0.992,43.5134],[-0.9937,43.5088],[-1.0238,43.519],[-1.0233,43.5219],[-1.0355,43.5274],[-1.0418,43.5334],[-1.0432,43.5362],[-1.0403,43.537],[-1.039,43.5402],[-1.0344,43.5395],[-1.0315,43.5376],[-1.0279,43.5368],[-1.0254,43.5325],[-1.0232,43.533],[-1.0212,43.535],[-1.0201,43.5382],[-1.0131,43.5392],[-1.0037,43.5346],[-1.0011,43.5371]]]}},{"type":"Feature","properties":{"code":"40255","nom":"Saint-Cricq-Villeneuve","pop":472},"geometry":{"type":"Polygon","coordinates":[[[-0.3343,43.9157],[-0.3335,43.9129],[-0.3384,43.9124],[-0.3413,43.9099],[-0.3342,43.9084],[-0.3312,43.9069],[-0.3292,43.9043],[-0.3313,43.9019],[-0.3322,43.8985],[-0.3307,43.8965],[-0.3327,43.8949],[-0.3293,43.8926],[-0.3308,43.8885],[-0.3276,43.8879],[-0.3268,43.8834],[-0.3253,43.8826],[-0.3264,43.8793],[-0.3297,43.8779],[-0.3323,43.8783],[-0.3334,43.8758],[-0.3394,43.8768],[-0.3454,43.876],[-0.3511,43.8765],[-0.3556,43.8791],[-0.3584,43.88],[-0.3594,43.8823],[-0.369,43.8845],[-0.3692,43.8889],[-0.3723,43.8906],[-0.372,43.8924],[-0.374,43.8941],[-0.3747,43.8965],[-0.3688,43.8956],[-0.365,43.8989],[-0.3672,43.9004],[-0.3734,43.9013],[-0.375,43.9023],[-0.3762,43.9067],[-0.3745,43.9097],[-0.3703,43.9096],[-0.3706,43.9143],[-0.3656,43.9148],[-0.3649,43.9159],[-0.3678,43.918],[-0.3683,43.92],[-0.3655,43.9218],[-0.3565,43.9209],[-0.3541,43.9232],[-0.352,43.9275],[-0.3498,43.9291],[-0.3494,43.9313],[-0.3459,43.929],[-0.3405,43.9273],[-0.3413,43.9232],[-0.3341,43.9207],[-0.3361,43.9174],[-0.3343,43.9157]]]}},{"type":"Feature","properties":{"code":"40256","nom":"Saint-Étienne-d'Orthe","pop":740},"geometry":{"type":"Polygon","coordinates":[[[-1.2012,43.5752],[-1.2009,43.5762],[-1.1984,43.5796],[-1.1991,43.5822],[-1.2028,43.5853],[-1.209,43.5883],[-1.2142,43.592],[-1.2221,43.5954],[-1.2207,43.5978],[-1.2154,43.6038],[-1.2018,43.5958],[-1.1962,43.6031],[-1.1927,43.6045],[-1.1787,43.608],[-1.1746,43.6073],[-1.1688,43.6066],[-1.1735,43.6004],[-1.1714,43.5946],[-1.1593,43.5844],[-1.1586,43.5827],[-1.1612,43.5772],[-1.165,43.5762],[-1.1697,43.5759],[-1.1745,43.5726],[-1.1762,43.5724],[-1.1846,43.5763],[-1.1899,43.5754],[-1.2012,43.5752]]]}},{"type":"Feature","properties":{"code":"40257","nom":"Sainte-Eulalie-en-Born","pop":1443},"geometry":{"type":"Polygon","coordinates":[[[-1.1941,44.2334],[-1.2005,44.233],[-1.2178,44.24],[-1.2412,44.2506],[-1.2805,44.2679],[-1.2876,44.2709],[-1.2874,44.274],[-1.2859,44.2791],[-1.2847,44.2854],[-1.2852,44.2866],[-1.2841,44.2905],[-1.2827,44.2983],[-1.2811,44.3034],[-1.2811,44.3076],[-1.212,44.3109],[-1.193,44.3119],[-1.1771,44.3104],[-1.1764,44.3095],[-1.1702,44.3087],[-1.167,44.3076],[-1.1687,44.3061],[-1.163,44.3034],[-1.162,44.2993],[-1.1585,44.2984],[-1.1381,44.2839],[-1.1362,44.2829],[-1.1554,44.2627],[-1.1568,44.2601],[-1.1596,44.2605],[-1.1641,44.2574],[-1.1675,44.2567],[-1.1715,44.2513],[-1.1721,44.248],[-1.1748,44.2459],[-1.1758,44.2435],[-1.1789,44.24],[-1.1793,44.2372],[-1.1871,44.2376],[-1.1908,44.2364],[-1.1941,44.2334]]]}},{"type":"Feature","properties":{"code":"40258","nom":"Sainte-Foy","pop":251},"geometry":{"type":"Polygon","coordinates":[[[-0.3494,43.9313],[-0.3468,43.9355],[-0.3472,43.94],[-0.3461,43.9442],[-0.3443,43.9471],[-0.3329,43.9464],[-0.3309,43.9489],[-0.3267,43.9497],[-0.3114,43.9458],[-0.2982,43.9456],[-0.2988,43.9407],[-0.3007,43.9394],[-0.3042,43.9401],[-0.3038,43.9367],[-0.3086,43.9332],[-0.3084,43.9322],[-0.3126,43.9311],[-0.3136,43.9288],[-0.3133,43.9243],[-0.3224,43.9245],[-0.3243,43.9222],[-0.3243,43.9203],[-0.3216,43.9199],[-0.3232,43.9162],[-0.3343,43.9157],[-0.3361,43.9174],[-0.3341,43.9207],[-0.3413,43.9232],[-0.3405,43.9273],[-0.3459,43.929],[-0.3494,43.9313]]]}},{"type":"Feature","properties":{"code":"40259","nom":"Saint-Gein","pop":409},"geometry":{"type":"Polygon","coordinates":[[[-0.2892,43.8543],[-0.2869,43.852],[-0.2929,43.8497],[-0.2924,43.8477],[-0.2865,43.844],[-0.2853,43.8423],[-0.28,43.8408],[-0.2776,43.8394],[-0.2742,43.8362],[-0.2766,43.8358],[-0.2792,43.8328],[-0.2839,43.8294],[-0.2864,43.8304],[-0.2865,43.827],[-0.2891,43.8228],[-0.2888,43.8206],[-0.2838,43.8197],[-0.2847,43.8165],[-0.2829,43.8151],[-0.2828,43.8118],[-0.2845,43.8068],[-0.2868,43.8053],[-0.2889,43.8069],[-0.2908,43.8051],[-0.2941,43.8052],[-0.2944,43.807],[-0.2988,43.8064],[-0.2994,43.8053],[-0.3049,43.806],[-0.3056,43.8084],[-0.3136,43.8099],[-0.3158,43.8112],[-0.3211,43.812],[-0.3286,43.8144],[-0.3268,43.819],[-0.3265,43.8217],[-0.3282,43.8242],[-0.3303,43.8245],[-0.3337,43.827],[-0.3324,43.8341],[-0.333,43.8365],[-0.3317,43.8375],[-0.3306,43.843],[-0.3295,43.8443],[-0.3258,43.8435],[-0.3218,43.845],[-0.3153,43.852],[-0.3129,43.8522],[-0.311,43.8546],[-0.3129,43.8553],[-0.3111,43.8596],[-0.3048,43.8589],[-0.297,43.8567],[-0.2954,43.855],[-0.2892,43.8543]]]}},{"type":"Feature","properties":{"code":"40260","nom":"Saint-Geours-d'Auribat","pop":409},"geometry":{"type":"Polygon","coordinates":[[[-0.8375,43.7388],[-0.8397,43.7397],[-0.8442,43.74],[-0.8456,43.7431],[-0.851,43.7428],[-0.8526,43.7451],[-0.8561,43.7429],[-0.8562,43.7531],[-0.8566,43.7587],[-0.8543,43.7587],[-0.8527,43.7616],[-0.8499,43.7612],[-0.8485,43.7654],[-0.8457,43.7655],[-0.8425,43.7675],[-0.8352,43.7653],[-0.833,43.7689],[-0.831,43.7706],[-0.8282,43.77],[-0.8249,43.768],[-0.8214,43.7694],[-0.8232,43.7675],[-0.8233,43.7647],[-0.8263,43.7616],[-0.8274,43.7576],[-0.8312,43.7556],[-0.8309,43.7539],[-0.8327,43.7517],[-0.8327,43.7486],[-0.8369,43.7437],[-0.8365,43.7399],[-0.8375,43.7388]]]}},{"type":"Feature","properties":{"code":"40261","nom":"Saint-Geours-de-Maremne","pop":3089},"geometry":{"type":"Polygon","coordinates":[[[-1.1988,43.6969],[-1.2,43.6965],[-1.1991,43.6926],[-1.2026,43.6853],[-1.2021,43.6821],[-1.205,43.6821],[-1.2037,43.6777],[-1.2062,43.6768],[-1.2097,43.6739],[-1.2089,43.6718],[-1.2096,43.6681],[-1.2079,43.6654],[-1.2009,43.6616],[-1.1981,43.6564],[-1.1951,43.6536],[-1.1985,43.6521],[-1.205,43.6459],[-1.21,43.6476],[-1.2223,43.6529],[-1.2305,43.6559],[-1.2491,43.6552],[-1.2664,43.6574],[-1.2706,43.6629],[-1.2774,43.6698],[-1.2807,43.6864],[-1.2796,43.6909],[-1.2689,43.709],[-1.2634,43.7114],[-1.2553,43.7168],[-1.2412,43.7248],[-1.2207,43.7207],[-1.1972,43.7139],[-1.1932,43.7099],[-1.189,43.7042],[-1.1934,43.7005],[-1.1994,43.6993],[-1.1988,43.6969]]]}},{"type":"Feature","properties":{"code":"40262","nom":"Saint-Gor","pop":308},"geometry":{"type":"Polygon","coordinates":[[[-0.2859,44.0395],[-0.2852,44.0422],[-0.2935,44.0555],[-0.2897,44.0575],[-0.2862,44.0583],[-0.2839,44.0613],[-0.286,44.0626],[-0.2841,44.0651],[-0.2837,44.0692],[-0.2856,44.0723],[-0.2839,44.0736],[-0.2842,44.0766],[-0.2816,44.0783],[-0.2789,44.0823],[-0.2717,44.0842],[-0.2681,44.0843],[-0.2626,44.0886],[-0.2591,44.0894],[-0.2586,44.0908],[-0.2523,44.0926],[-0.2483,44.0969],[-0.2455,44.0982],[-0.2395,44.1024],[-0.2387,44.1041],[-0.2358,44.1057],[-0.2337,44.1081],[-0.2366,44.1096],[-0.237,44.112],[-0.2363,44.115],[-0.2306,44.1187],[-0.2295,44.1202],[-0.2268,44.1204],[-0.2209,44.1166],[-0.2088,44.1126],[-0.2058,44.1156],[-0.18,44.1],[-0.1821,44.0995],[-0.1834,44.0946],[-0.1857,44.0939],[-0.1859,44.0912],[-0.1946,44.0793],[-0.1983,44.0756],[-0.2129,44.0599],[-0.2109,44.0569],[-0.2074,44.0568],[-0.2039,44.0531],[-0.2018,44.0532],[-0.2005,44.0503],[-0.1996,44.0442],[-0.1999,44.0412],[-0.1981,44.0301],[-0.2397,44.0316],[-0.2489,44.0328],[-0.2577,44.0349],[-0.2614,44.0365],[-0.2734,44.0362],[-0.2774,44.0388],[-0.2813,44.0401],[-0.2859,44.0395]]]}},{"type":"Feature","properties":{"code":"40263","nom":"Saint-Jean-de-Lier","pop":405},"geometry":{"type":"Polygon","coordinates":[[[-0.8797,43.806],[-0.8782,43.8031],[-0.8818,43.7987],[-0.8803,43.7959],[-0.8757,43.7961],[-0.8736,43.8007],[-0.8658,43.8016],[-0.8675,43.7983],[-0.8629,43.7969],[-0.8632,43.7953],[-0.8605,43.7943],[-0.8617,43.7904],[-0.8644,43.7873],[-0.866,43.7874],[-0.8687,43.7828],[-0.8698,43.7768],[-0.8678,43.7723],[-0.8692,43.7676],[-0.8762,43.7693],[-0.8784,43.7655],[-0.8829,43.7669],[-0.8865,43.7643],[-0.8885,43.7655],[-0.8898,43.7669],[-0.8885,43.7719],[-0.8905,43.7723],[-0.8895,43.7749],[-0.89,43.7772],[-0.8927,43.7774],[-0.8987,43.7755],[-0.897,43.7793],[-0.8935,43.7847],[-0.8924,43.7884],[-0.8954,43.7933],[-0.8953,43.7973],[-0.8941,43.7988],[-0.8879,43.8022],[-0.8821,43.8066],[-0.8797,43.806]]]}},{"type":"Feature","properties":{"code":"40264","nom":"Saint-Jean-de-Marsacq","pop":1840},"geometry":{"type":"Polygon","coordinates":[[[-1.2221,43.5954],[-1.2142,43.592],[-1.209,43.5883],[-1.2177,43.5845],[-1.218,43.5874],[-1.2199,43.5896],[-1.2236,43.5903],[-1.2271,43.5874],[-1.2281,43.5892],[-1.2339,43.5925],[-1.242,43.5944],[-1.253,43.5993],[-1.2551,43.5985],[-1.2619,43.6011],[-1.2729,43.5981],[-1.2842,43.5973],[-1.2876,43.5986],[-1.2918,43.6024],[-1.2934,43.6058],[-1.2949,43.6147],[-1.2956,43.6214],[-1.2943,43.6241],[-1.2965,43.625],[-1.2977,43.6271],[-1.3,43.637],[-1.2991,43.6391],[-1.2714,43.6478],[-1.2697,43.6492],[-1.2528,43.6418],[-1.2427,43.6364],[-1.2394,43.6323],[-1.2342,43.6297],[-1.229,43.6263],[-1.232,43.6216],[-1.2335,43.6158],[-1.2342,43.6101],[-1.2341,43.6057],[-1.2326,43.6016],[-1.2274,43.5974],[-1.2221,43.5954]]]}},{"type":"Feature","properties":{"code":"40265","nom":"Saint-Julien-d'Armagnac","pop":108},"geometry":{"type":"Polygon","coordinates":[[[-0.1567,44.0187],[-0.1363,44.014],[-0.1241,44.0109],[-0.1217,44.006],[-0.1182,44.0004],[-0.1175,43.9981],[-0.1177,43.9926],[-0.1163,43.9887],[-0.1204,43.9868],[-0.1137,43.9854],[-0.1149,43.9816],[-0.1138,43.9782],[-0.119,43.9767],[-0.1233,43.9757],[-0.1272,43.9737],[-0.1312,43.9739],[-0.134,43.972],[-0.1371,43.9679],[-0.1409,43.9686],[-0.1475,43.9732],[-0.1545,43.9763],[-0.1585,43.9766],[-0.1581,43.9783],[-0.1532,43.9832],[-0.1542,43.9883],[-0.1562,43.9896],[-0.159,43.9897],[-0.1609,43.9912],[-0.1638,43.9951],[-0.162,44.0005],[-0.1579,44.0064],[-0.1568,44.0102],[-0.1567,44.0187]]]}},{"type":"Feature","properties":{"code":"40266","nom":"Saint-Julien-en-Born","pop":1781},"geometry":{"type":"Polygon","coordinates":[[[-1.1899,44.0553],[-1.1989,44.0482],[-1.2043,44.0481],[-1.2093,44.0524],[-1.2142,44.05],[-1.2203,44.0415],[-1.2223,44.0417],[-1.2408,44.0475],[-1.2674,44.0607],[-1.2691,44.068],[-1.2717,44.0695],[-1.2792,44.0762],[-1.2919,44.0821],[-1.2946,44.082],[-1.2972,44.0841],[-1.3026,44.0849],[-1.3084,44.0864],[-1.314,44.0851],[-1.3243,44.0889],[-1.3268,44.0899],[-1.3255,44.0948],[-1.3247,44.1007],[-1.3216,44.1083],[-1.3213,44.1123],[-1.3186,44.1204],[-1.3168,44.1289],[-1.2901,44.1282],[-1.2371,44.1228],[-1.1857,44.1144],[-1.1852,44.0986],[-1.1825,44.0969],[-1.1858,44.0945],[-1.1857,44.0885],[-1.1882,44.0861],[-1.1862,44.0836],[-1.1861,44.0782],[-1.1852,44.0756],[-1.1898,44.074],[-1.1914,44.0744],[-1.1997,44.0707],[-1.2048,44.0711],[-1.2003,44.0677],[-1.1945,44.0657],[-1.1911,44.0654],[-1.1895,44.0642],[-1.1911,44.0606],[-1.1899,44.0553]]]}},{"type":"Feature","properties":{"code":"40267","nom":"Saint-Justin","pop":1008},"geometry":{"type":"Polygon","coordinates":[[[-0.2963,43.9839],[-0.2955,43.9876],[-0.2938,43.9876],[-0.2938,43.9926],[-0.2917,43.9942],[-0.2925,43.9956],[-0.29,44.0008],[-0.2831,44.0046],[-0.2821,44.0076],[-0.2782,44.01],[-0.2772,44.0145],[-0.2822,44.0165],[-0.2845,44.0193],[-0.2831,44.0233],[-0.2904,44.0253],[-0.2874,44.0262],[-0.2809,44.026],[-0.2754,44.0253],[-0.274,44.0305],[-0.2757,44.031],[-0.2734,44.0362],[-0.2614,44.0365],[-0.2577,44.0349],[-0.2489,44.0328],[-0.2397,44.0316],[-0.1981,44.0301],[-0.1959,44.0267],[-0.1788,44.0211],[-0.1625,44.0202],[-0.1567,44.0187],[-0.1568,44.0102],[-0.1579,44.0064],[-0.162,44.0005],[-0.1638,43.9951],[-0.1609,43.9912],[-0.1654,43.9922],[-0.1746,43.9894],[-0.1844,43.9882],[-0.188,43.9868],[-0.1865,43.9834],[-0.1865,43.9787],[-0.1887,43.979],[-0.1922,43.9789],[-0.1929,43.9774],[-0.1968,43.9783],[-0.1981,43.9807],[-0.2036,43.9802],[-0.2049,43.9784],[-0.2095,43.9789],[-0.2111,43.9762],[-0.2133,43.9747],[-0.2141,43.9701],[-0.2115,43.9655],[-0.2127,43.9634],[-0.2107,43.9616],[-0.2099,43.9576],[-0.2157,43.9553],[-0.2188,43.9535],[-0.2213,43.9538],[-0.2229,43.9505],[-0.226,43.9504],[-0.231,43.9512],[-0.2308,43.9471],[-0.2339,43.9467],[-0.2346,43.9447],[-0.2398,43.9465],[-0.2433,43.9504],[-0.2423,43.9524],[-0.244,43.9541],[-0.2511,43.957],[-0.2542,43.9598],[-0.2531,43.9627],[-0.2565,43.9638],[-0.2585,43.9666],[-0.2702,43.9731],[-0.2788,43.9764],[-0.2962,43.9827],[-0.2963,43.9839]]]}},{"type":"Feature","properties":{"code":"40268","nom":"Saint-Laurent-de-Gosse","pop":745},"geometry":{"type":"Polygon","coordinates":[[[-1.2838,43.5441],[-1.275,43.5446],[-1.2691,43.548],[-1.2668,43.5485],[-1.2679,43.546],[-1.2649,43.5425],[-1.2677,43.5391],[-1.2642,43.5354],[-1.2645,43.5343],[-1.2586,43.5319],[-1.2546,43.531],[-1.2476,43.5216],[-1.2502,43.5203],[-1.2504,43.5167],[-1.2602,43.5131],[-1.2662,43.5104],[-1.2758,43.5051],[-1.2831,43.5018],[-1.2878,43.499],[-1.2911,43.4982],[-1.295,43.4988],[-1.299,43.5017],[-1.3095,43.5027],[-1.3151,43.5037],[-1.3199,43.5034],[-1.3225,43.5051],[-1.317,43.5065],[-1.3099,43.5058],[-1.3084,43.5073],[-1.3115,43.5086],[-1.3161,43.5095],[-1.3153,43.5152],[-1.3132,43.518],[-1.3078,43.5217],[-1.3032,43.5273],[-1.3015,43.5306],[-1.3004,43.5354],[-1.2935,43.5389],[-1.2907,43.5412],[-1.2886,43.5411],[-1.2838,43.5441]]]}},{"type":"Feature","properties":{"code":"40269","nom":"Saint-Lon-les-Mines","pop":1246},"geometry":{"type":"Polygon","coordinates":[[[-1.1209,43.6426],[-1.1164,43.6434],[-1.1162,43.6403],[-1.1138,43.6404],[-1.1122,43.6377],[-1.1099,43.6386],[-1.11,43.6416],[-1.1059,43.6414],[-1.1031,43.642],[-1.0996,43.6385],[-1.0975,43.6375],[-1.0948,43.6381],[-1.0936,43.6352],[-1.0958,43.6325],[-1.0952,43.6303],[-1.0955,43.6284],[-1.1025,43.6265],[-1.0995,43.6055],[-1.1049,43.6045],[-1.1127,43.6057],[-1.1172,43.6073],[-1.1228,43.6082],[-1.1322,43.6084],[-1.1359,43.6045],[-1.1392,43.6037],[-1.1426,43.5993],[-1.1424,43.5963],[-1.1453,43.5938],[-1.1467,43.5944],[-1.1566,43.5985],[-1.1577,43.6031],[-1.1618,43.604],[-1.1688,43.6066],[-1.1635,43.6121],[-1.1751,43.619],[-1.177,43.6222],[-1.1745,43.6244],[-1.1736,43.6277],[-1.1742,43.6304],[-1.1717,43.6309],[-1.1704,43.6331],[-1.1665,43.6321],[-1.1627,43.6301],[-1.1577,43.6291],[-1.1566,43.6315],[-1.1583,43.6335],[-1.1572,43.6351],[-1.1535,43.6351],[-1.1543,43.6293],[-1.1522,43.6289],[-1.1503,43.6334],[-1.1479,43.6329],[-1.1446,43.6342],[-1.1375,43.6431],[-1.1244,43.6393],[-1.1209,43.6426]]]}},{"type":"Feature","properties":{"code":"40270","nom":"Saint-Loubouer","pop":442},"geometry":{"type":"Polygon","coordinates":[[[-0.4469,43.7058],[-0.4445,43.7067],[-0.4412,43.706],[-0.4361,43.7072],[-0.4361,43.7055],[-0.4339,43.7031],[-0.4325,43.7002],[-0.4283,43.6961],[-0.4239,43.6937],[-0.4206,43.6962],[-0.4175,43.6967],[-0.4139,43.6987],[-0.4091,43.6988],[-0.4052,43.6965],[-0.4071,43.6938],[-0.4081,43.6905],[-0.4102,43.6883],[-0.4051,43.6875],[-0.4041,43.6866],[-0.3937,43.6816],[-0.3905,43.681],[-0.3888,43.6787],[-0.3831,43.6758],[-0.3789,43.6744],[-0.3773,43.6738],[-0.3748,43.669],[-0.3723,43.6679],[-0.3739,43.6644],[-0.3795,43.6659],[-0.3878,43.6667],[-0.3956,43.6646],[-0.4007,43.6642],[-0.4049,43.6626],[-0.4083,43.6605],[-0.4117,43.6627],[-0.4154,43.6664],[-0.4184,43.6664],[-0.4195,43.6645],[-0.4185,43.6617],[-0.422,43.6608],[-0.4233,43.6637],[-0.4264,43.6646],[-0.4323,43.6633],[-0.4382,43.661],[-0.443,43.662],[-0.4451,43.6652],[-0.4474,43.6668],[-0.4433,43.6702],[-0.4416,43.6701],[-0.4392,43.6759],[-0.4392,43.6803],[-0.4431,43.6812],[-0.4416,43.6853],[-0.4451,43.6868],[-0.448,43.6901],[-0.4511,43.6907],[-0.4509,43.695],[-0.4517,43.6986],[-0.4452,43.7015],[-0.4449,43.7039],[-0.4469,43.7058]]]}},{"type":"Feature","properties":{"code":"40271","nom":"Sainte-Marie-de-Gosse","pop":1241},"geometry":{"type":"Polygon","coordinates":[[[-1.2009,43.5762],[-1.2012,43.5752],[-1.2007,43.5713],[-1.1945,43.5693],[-1.1927,43.5681],[-1.1928,43.5654],[-1.1967,43.5628],[-1.2039,43.5627],[-1.2122,43.5642],[-1.2167,43.5631],[-1.2184,43.56],[-1.2107,43.5559],[-1.2027,43.5529],[-1.1963,43.5494],[-1.1955,43.5463],[-1.2038,43.54],[-1.2124,43.5343],[-1.2155,43.5317],[-1.225,43.5273],[-1.2285,43.5253],[-1.2411,43.5197],[-1.2504,43.5167],[-1.2502,43.5203],[-1.2476,43.5216],[-1.2546,43.531],[-1.2586,43.5319],[-1.2645,43.5343],[-1.2642,43.5354],[-1.2677,43.5391],[-1.2649,43.5425],[-1.2679,43.546],[-1.2668,43.5485],[-1.2632,43.5517],[-1.2568,43.5527],[-1.2548,43.5547],[-1.2547,43.557],[-1.2566,43.5579],[-1.2559,43.5607],[-1.2584,43.5633],[-1.2613,43.5644],[-1.2625,43.567],[-1.26,43.5673],[-1.2586,43.5711],[-1.253,43.574],[-1.251,43.5772],[-1.2354,43.5771],[-1.2327,43.5777],[-1.2227,43.5784],[-1.2226,43.58],[-1.2172,43.5827],[-1.2056,43.5793],[-1.2009,43.5762]]]}},{"type":"Feature","properties":{"code":"40272","nom":"Saint-Martin-de-Hinx","pop":1808},"geometry":{"type":"Polygon","coordinates":[[[-1.331,43.5731],[-1.336,43.5745],[-1.3384,43.577],[-1.3368,43.58],[-1.3384,43.5809],[-1.3342,43.5841],[-1.3298,43.5863],[-1.3258,43.5871],[-1.3219,43.5903],[-1.311,43.5916],[-1.3067,43.5913],[-1.3057,43.5896],[-1.3014,43.591],[-1.2927,43.5906],[-1.2915,43.594],[-1.2876,43.5986],[-1.2842,43.5973],[-1.2729,43.5981],[-1.2619,43.6011],[-1.2551,43.5985],[-1.253,43.5993],[-1.242,43.5944],[-1.2339,43.5925],[-1.2281,43.5892],[-1.2271,43.5874],[-1.2236,43.5903],[-1.2199,43.5896],[-1.218,43.5874],[-1.2177,43.5845],[-1.209,43.5883],[-1.2028,43.5853],[-1.1991,43.5822],[-1.1984,43.5796],[-1.2009,43.5762],[-1.2056,43.5793],[-1.2172,43.5827],[-1.2226,43.58],[-1.2227,43.5784],[-1.2327,43.5777],[-1.2354,43.5771],[-1.251,43.5772],[-1.253,43.574],[-1.2586,43.5711],[-1.26,43.5673],[-1.2625,43.567],[-1.2665,43.5668],[-1.2745,43.5672],[-1.2776,43.5683],[-1.2803,43.5669],[-1.2801,43.564],[-1.2897,43.5615],[-1.2953,43.5596],[-1.3012,43.5615],[-1.3037,43.5642],[-1.3065,43.5652],[-1.3117,43.5657],[-1.316,43.5687],[-1.3237,43.5722],[-1.331,43.5731]]]}},{"type":"Feature","properties":{"code":"40273","nom":"Saint-Martin-de-Seignanx","pop":6238},"geometry":{"type":"Polygon","coordinates":[[[-1.4331,43.5385],[-1.4319,43.5396],[-1.4316,43.5433],[-1.4327,43.5457],[-1.4304,43.5484],[-1.428,43.5488],[-1.4268,43.551],[-1.431,43.5517],[-1.4312,43.5539],[-1.4298,43.559],[-1.4273,43.5622],[-1.4281,43.5638],[-1.4263,43.566],[-1.4263,43.57],[-1.4241,43.5708],[-1.4225,43.5754],[-1.4166,43.5752],[-1.4004,43.5766],[-1.3953,43.5806],[-1.3853,43.5663],[-1.3766,43.5615],[-1.3733,43.5591],[-1.3729,43.5539],[-1.371,43.5495],[-1.3676,43.5448],[-1.3622,43.5416],[-1.3585,43.5403],[-1.3551,43.5416],[-1.3515,43.5403],[-1.3452,43.5354],[-1.3442,43.5296],[-1.3434,43.5281],[-1.3454,43.5225],[-1.3445,43.5196],[-1.3399,43.5185],[-1.3403,43.5132],[-1.3327,43.515],[-1.3342,43.5102],[-1.3381,43.5077],[-1.336,43.5056],[-1.3351,43.5029],[-1.3405,43.5021],[-1.3498,43.4999],[-1.3567,43.4998],[-1.3616,43.4974],[-1.3611,43.4961],[-1.3702,43.4949],[-1.3853,43.497],[-1.3955,43.4966],[-1.4011,43.4969],[-1.4099,43.4968],[-1.4144,43.4971],[-1.4104,43.5008],[-1.4118,43.5044],[-1.4117,43.5101],[-1.4133,43.5136],[-1.4113,43.5164],[-1.4141,43.5267],[-1.4196,43.53],[-1.4268,43.5319],[-1.4276,43.5346],[-1.4331,43.5385]]]}},{"type":"Feature","properties":{"code":"40274","nom":"Saint-Martin-d'Oney","pop":1367},"geometry":{"type":"Polygon","coordinates":[[[-0.6884,43.9488],[-0.6677,43.943],[-0.667,43.9464],[-0.6502,43.9454],[-0.6477,43.9483],[-0.6418,43.9469],[-0.6369,43.9426],[-0.6353,43.9392],[-0.631,43.9382],[-0.6282,43.9402],[-0.6275,43.9437],[-0.6252,43.9437],[-0.6239,43.9475],[-0.6196,43.9473],[-0.6193,43.9495],[-0.6101,43.9502],[-0.6049,43.957],[-0.5995,43.9598],[-0.5918,43.9651],[-0.5863,43.9672],[-0.5842,43.9606],[-0.5928,43.9359],[-0.5963,43.9374],[-0.5973,43.9348],[-0.6044,43.9361],[-0.6084,43.9351],[-0.6154,43.9372],[-0.6161,43.9355],[-0.622,43.9328],[-0.6255,43.9331],[-0.6285,43.927],[-0.6268,43.9204],[-0.6268,43.9173],[-0.6239,43.9126],[-0.6261,43.9111],[-0.6256,43.9096],[-0.6277,43.906],[-0.6323,43.9067],[-0.6346,43.9054],[-0.6349,43.9035],[-0.6332,43.9006],[-0.6334,43.8961],[-0.65,43.8915],[-0.653,43.8937],[-0.6503,43.8977],[-0.6552,43.9002],[-0.6537,43.9073],[-0.6611,43.9081],[-0.6644,43.913],[-0.6693,43.9116],[-0.671,43.9097],[-0.6748,43.9085],[-0.6804,43.9087],[-0.682,43.9074],[-0.6857,43.907],[-0.6861,43.909],[-0.6886,43.9124],[-0.6944,43.9145],[-0.6969,43.916],[-0.7008,43.9168],[-0.7152,43.9266],[-0.7089,43.9345],[-0.7029,43.9392],[-0.6884,43.9488]]]}},{"type":"Feature","properties":{"code":"40275","nom":"Saint-Maurice-sur-Adour","pop":625},"geometry":{"type":"Polygon","coordinates":[[[-0.4706,43.8075],[-0.4662,43.8091],[-0.4617,43.8136],[-0.4559,43.8152],[-0.4546,43.8146],[-0.4537,43.8124],[-0.4548,43.811],[-0.4506,43.8069],[-0.4494,43.8047],[-0.4501,43.8003],[-0.4534,43.7974],[-0.4486,43.7946],[-0.4512,43.7928],[-0.4517,43.7852],[-0.4585,43.779],[-0.4586,43.7778],[-0.4549,43.7752],[-0.4563,43.7734],[-0.4617,43.772],[-0.4671,43.7712],[-0.4707,43.7722],[-0.4751,43.7756],[-0.4775,43.7765],[-0.4825,43.777],[-0.487,43.7761],[-0.4896,43.7772],[-0.4868,43.7822],[-0.487,43.7847],[-0.4855,43.7866],[-0.482,43.7873],[-0.4798,43.7898],[-0.4792,43.7953],[-0.4802,43.797],[-0.4838,43.799],[-0.48,43.8003],[-0.4802,43.8017],[-0.4745,43.8046],[-0.4706,43.8075]]]}},{"type":"Feature","properties":{"code":"40276","nom":"Saint-Michel-Escalus","pop":332},"geometry":{"type":"Polygon","coordinates":[[[-1.2797,43.9014],[-1.2744,43.9028],[-1.2717,43.9025],[-1.257,43.9028],[-1.2483,43.8982],[-1.243,43.896],[-1.2421,43.8912],[-1.2432,43.8889],[-1.2455,43.8877],[-1.2435,43.8837],[-1.2336,43.881],[-1.2274,43.8813],[-1.2217,43.881],[-1.2183,43.8822],[-1.2148,43.8824],[-1.2129,43.8834],[-1.2078,43.8816],[-1.2045,43.8836],[-1.2002,43.8836],[-1.1963,43.8828],[-1.193,43.8793],[-1.198,43.8763],[-1.2035,43.876],[-1.2092,43.8767],[-1.2164,43.8768],[-1.2262,43.8785],[-1.2248,43.8753],[-1.2232,43.8691],[-1.2194,43.8661],[-1.2134,43.8642],[-1.2117,43.8616],[-1.22,43.8545],[-1.2176,43.8509],[-1.2163,43.8476],[-1.2186,43.8484],[-1.2238,43.8484],[-1.2245,43.8492],[-1.2239,43.8544],[-1.2257,43.8601],[-1.226,43.8628],[-1.2333,43.8634],[-1.2371,43.8619],[-1.2412,43.8639],[-1.2516,43.8648],[-1.2557,43.8664],[-1.2576,43.8708],[-1.2589,43.8721],[-1.2602,43.8758],[-1.2674,43.8763],[-1.2705,43.8787],[-1.2745,43.8795],[-1.2774,43.8788],[-1.281,43.8795],[-1.2825,43.8811],[-1.2878,43.8833],[-1.291,43.8832],[-1.296,43.8849],[-1.2965,43.8877],[-1.3019,43.8914],[-1.2925,43.8948],[-1.2855,43.8969],[-1.2831,43.9005],[-1.2797,43.9014]]]}},{"type":"Feature","properties":{"code":"40277","nom":"Saint-Pandelon","pop":749},"geometry":{"type":"Polygon","coordinates":[[[-1.0535,43.68],[-1.0496,43.6789],[-1.0478,43.6798],[-1.0397,43.6757],[-1.0359,43.6766],[-1.0388,43.6787],[-1.0317,43.6822],[-1.0305,43.6822],[-1.0264,43.6776],[-1.0241,43.6785],[-1.0242,43.6814],[-1.021,43.6811],[-1.0207,43.6777],[-1.0183,43.677],[-1.0113,43.6776],[-1.0112,43.6768],[-1.0112,43.675],[-1.0084,43.6721],[-1.0086,43.6708],[-1.0119,43.668],[-1.014,43.6654],[-1.0118,43.6632],[-1.0139,43.6615],[-1.0161,43.6614],[-1.0181,43.6635],[-1.026,43.6636],[-1.0292,43.6604],[-1.0301,43.6596],[-1.0368,43.6583],[-1.0397,43.6587],[-1.0436,43.6575],[-1.0448,43.6545],[-1.048,43.6529],[-1.0531,43.6557],[-1.0536,43.6573],[-1.058,43.6597],[-1.0623,43.6607],[-1.0638,43.6617],[-1.0705,43.6638],[-1.0742,43.6662],[-1.0749,43.6683],[-1.0678,43.6673],[-1.0644,43.6658],[-1.0643,43.6715],[-1.0622,43.6722],[-1.0605,43.6695],[-1.0588,43.6702],[-1.0596,43.6726],[-1.0552,43.6751],[-1.0584,43.6759],[-1.0601,43.6786],[-1.0578,43.6805],[-1.0535,43.68]]]}},{"type":"Feature","properties":{"code":"40278","nom":"Saint-Paul-en-Born","pop":975},"geometry":{"type":"Polygon","coordinates":[[[-1.1164,44.2045],[-1.116,44.2031],[-1.1197,44.2004],[-1.1199,44.1958],[-1.1209,44.1942],[-1.1192,44.1923],[-1.1179,44.1887],[-1.1216,44.1864],[-1.1235,44.1832],[-1.1269,44.1808],[-1.1251,44.1754],[-1.1258,44.171],[-1.1237,44.1663],[-1.1265,44.1516],[-1.1279,44.1507],[-1.1476,44.1336],[-1.15,44.1382],[-1.1732,44.1822],[-1.1766,44.1853],[-1.1782,44.1936],[-1.1743,44.1998],[-1.1735,44.2047],[-1.1712,44.2092],[-1.17,44.2141],[-1.1714,44.2178],[-1.1696,44.2236],[-1.1941,44.2334],[-1.1908,44.2364],[-1.1871,44.2376],[-1.1793,44.2372],[-1.1789,44.24],[-1.1758,44.2435],[-1.1748,44.2459],[-1.1721,44.248],[-1.1715,44.2513],[-1.1675,44.2567],[-1.1641,44.2574],[-1.1596,44.2605],[-1.1568,44.2601],[-1.1554,44.2627],[-1.1362,44.2829],[-1.1482,44.246],[-1.1497,44.2399],[-1.1495,44.2383],[-1.1512,44.2337],[-1.1493,44.2322],[-1.1389,44.2275],[-1.1393,44.2227],[-1.1363,44.2187],[-1.13,44.2192],[-1.1262,44.2179],[-1.1206,44.2148],[-1.119,44.2111],[-1.1161,44.2067],[-1.1164,44.2045]]]}},{"type":"Feature","properties":{"code":"40279","nom":"Saint-Paul-lès-Dax","pop":14481},"geometry":{"type":"Polygon","coordinates":[[[-1.09,43.712],[-1.0927,43.7123],[-1.0984,43.7167],[-1.103,43.7185],[-1.1137,43.7221],[-1.1221,43.7235],[-1.1381,43.7285],[-1.1683,43.7361],[-1.1679,43.7422],[-1.1671,43.7428],[-1.1292,43.7603],[-1.1235,43.763],[-1.121,43.7619],[-1.1162,43.7623],[-1.1081,43.7645],[-1.1021,43.7634],[-1.0764,43.7816],[-1.0527,43.7766],[-1.0508,43.7767],[-1.0446,43.7819],[-1.0436,43.785],[-1.0299,43.7841],[-1.0272,43.7664],[-1.0244,43.7606],[-1.0206,43.7498],[-1.0211,43.7445],[-1.02,43.7329],[-1.0218,43.7318],[-1.0259,43.7289],[-1.0306,43.7294],[-1.0319,43.7269],[-1.0362,43.7214],[-1.0385,43.7204],[-1.0419,43.7214],[-1.0425,43.7228],[-1.0465,43.7213],[-1.0505,43.7218],[-1.0521,43.7208],[-1.0579,43.7203],[-1.0626,43.7182],[-1.0655,43.7138],[-1.0765,43.7144],[-1.0834,43.7158],[-1.0865,43.7152],[-1.09,43.712]]]}},{"type":"Feature","properties":{"code":"40280","nom":"Saint-Perdon","pop":1732},"geometry":{"type":"Polygon","coordinates":[[[-0.6256,43.9096],[-0.6208,43.91],[-0.62,43.9074],[-0.6166,43.9083],[-0.6172,43.9057],[-0.6137,43.9029],[-0.61,43.9009],[-0.6049,43.9005],[-0.6021,43.9019],[-0.6011,43.9001],[-0.5986,43.8997],[-0.5943,43.9027],[-0.5894,43.9037],[-0.5853,43.9028],[-0.5825,43.9006],[-0.5788,43.9012],[-0.576,43.8987],[-0.572,43.9011],[-0.5688,43.9005],[-0.5681,43.8979],[-0.559,43.8959],[-0.559,43.8932],[-0.5573,43.8904],[-0.5593,43.889],[-0.5606,43.8854],[-0.56,43.8804],[-0.559,43.8784],[-0.5613,43.8772],[-0.5612,43.8729],[-0.5629,43.8729],[-0.5639,43.8671],[-0.5618,43.8668],[-0.5628,43.8617],[-0.5599,43.8619],[-0.5589,43.8596],[-0.562,43.85],[-0.5625,43.8485],[-0.5708,43.8455],[-0.5732,43.8369],[-0.5872,43.8375],[-0.602,43.8387],[-0.6019,43.8431],[-0.6009,43.849],[-0.5993,43.8499],[-0.5991,43.8529],[-0.6012,43.8531],[-0.5992,43.8579],[-0.6012,43.8584],[-0.599,43.8624],[-0.6041,43.8633],[-0.6027,43.8656],[-0.6075,43.8671],[-0.6055,43.8694],[-0.6047,43.8739],[-0.6052,43.8759],[-0.6083,43.8766],[-0.6157,43.877],[-0.6158,43.8794],[-0.6193,43.8798],[-0.6233,43.8813],[-0.6267,43.8839],[-0.6285,43.8875],[-0.6315,43.8898],[-0.6365,43.8891],[-0.6401,43.8857],[-0.6444,43.8855],[-0.6502,43.8867],[-0.6491,43.8899],[-0.65,43.8915],[-0.6334,43.8961],[-0.6332,43.9006],[-0.6349,43.9035],[-0.6346,43.9054],[-0.6323,43.9067],[-0.6277,43.906],[-0.6256,43.9096]]]}},{"type":"Feature","properties":{"code":"40281","nom":"Saint-Pierre-du-Mont","pop":10092},"geometry":{"type":"Polygon","coordinates":[[[-0.559,43.8959],[-0.5556,43.8954],[-0.5483,43.895],[-0.544,43.896],[-0.5356,43.8955],[-0.5331,43.8971],[-0.5283,43.8937],[-0.5235,43.8941],[-0.5194,43.8911],[-0.515,43.8905],[-0.5163,43.887],[-0.5158,43.8853],[-0.5126,43.8835],[-0.5062,43.8834],[-0.5036,43.8824],[-0.4992,43.8825],[-0.4961,43.8805],[-0.4932,43.8801],[-0.49,43.8827],[-0.4852,43.8789],[-0.4816,43.8743],[-0.476,43.8643],[-0.4783,43.8603],[-0.4812,43.8592],[-0.4823,43.8565],[-0.4844,43.856],[-0.4869,43.8534],[-0.4908,43.8535],[-0.5025,43.8566],[-0.5091,43.8573],[-0.5104,43.8548],[-0.5125,43.8534],[-0.5202,43.8534],[-0.5239,43.8538],[-0.5329,43.8495],[-0.5387,43.848],[-0.5512,43.8484],[-0.5592,43.8499],[-0.562,43.85],[-0.5589,43.8596],[-0.5599,43.8619],[-0.5628,43.8617],[-0.5618,43.8668],[-0.5639,43.8671],[-0.5629,43.8729],[-0.5612,43.8729],[-0.5613,43.8772],[-0.559,43.8784],[-0.56,43.8804],[-0.5606,43.8854],[-0.5593,43.889],[-0.5573,43.8904],[-0.559,43.8932],[-0.559,43.8959]]]}},{"type":"Feature","properties":{"code":"40282","nom":"Saint-Sever","pop":5043},"geometry":{"type":"Polygon","coordinates":[[[-0.5182,43.7922],[-0.5148,43.7927],[-0.5123,43.7918],[-0.5138,43.7893],[-0.5131,43.784],[-0.5038,43.7845],[-0.5035,43.7864],[-0.4981,43.7875],[-0.4966,43.7926],[-0.4933,43.7922],[-0.4914,43.7974],[-0.4838,43.799],[-0.4802,43.797],[-0.4792,43.7953],[-0.4798,43.7898],[-0.482,43.7873],[-0.4855,43.7866],[-0.487,43.7847],[-0.4868,43.7822],[-0.4896,43.7772],[-0.4959,43.7789],[-0.5014,43.7776],[-0.5028,43.7756],[-0.5063,43.7752],[-0.5091,43.7778],[-0.5124,43.7794],[-0.5159,43.7797],[-0.5206,43.7765],[-0.5256,43.7764],[-0.5299,43.7719],[-0.5269,43.7685],[-0.5229,43.7674],[-0.5182,43.7687],[-0.5145,43.764],[-0.5124,43.7632],[-0.511,43.7585],[-0.5136,43.7564],[-0.5122,43.7547],[-0.5147,43.7536],[-0.5257,43.7511],[-0.5294,43.7509],[-0.5301,43.7433],[-0.5358,43.7401],[-0.54,43.7328],[-0.547,43.7349],[-0.5513,43.7346],[-0.5603,43.7304],[-0.5654,43.7306],[-0.5705,43.7326],[-0.5711,43.7355],[-0.5738,43.7379],[-0.5846,43.7378],[-0.5946,43.7362],[-0.5985,43.7394],[-0.6011,43.7377],[-0.6098,43.7389],[-0.6107,43.7383],[-0.6142,43.7383],[-0.618,43.7399],[-0.6176,43.7418],[-0.6215,43.7428],[-0.6266,43.7461],[-0.6317,43.7465],[-0.6345,43.7459],[-0.6376,43.7479],[-0.6397,43.7457],[-0.6432,43.7472],[-0.6434,43.7484],[-0.6405,43.7548],[-0.642,43.7562],[-0.6388,43.7603],[-0.6353,43.7659],[-0.6358,43.769],[-0.6332,43.7701],[-0.6318,43.7747],[-0.6291,43.7755],[-0.624,43.7716],[-0.6202,43.773],[-0.6161,43.776],[-0.613,43.7749],[-0.609,43.7749],[-0.604,43.7727],[-0.6045,43.776],[-0.6029,43.7782],[-0.5884,43.775],[-0.5894,43.7732],[-0.5868,43.7724],[-0.586,43.7696],[-0.5816,43.7702],[-0.5771,43.7746],[-0.5735,43.7763],[-0.5671,43.7769],[-0.5666,43.7786],[-0.563,43.7779],[-0.5612,43.7802],[-0.5611,43.7829],[-0.5553,43.7848],[-0.5496,43.7848],[-0.5481,43.7822],[-0.5419,43.7844],[-0.5409,43.7871],[-0.5378,43.7886],[-0.5295,43.7896],[-0.5264,43.7907],[-0.5222,43.7908],[-0.5182,43.7922]]]}},{"type":"Feature","properties":{"code":"40283","nom":"Saint-Vincent-de-Paul","pop":3402},"geometry":{"type":"Polygon","coordinates":[[[-0.9982,43.7227],[-1.007,43.7265],[-1.0093,43.7268],[-1.0115,43.725],[-1.0162,43.7252],[-1.0218,43.7318],[-1.02,43.7329],[-1.0211,43.7445],[-1.0206,43.7498],[-1.0244,43.7606],[-1.0272,43.7664],[-1.0299,43.7841],[-1.0038,43.8226],[-0.9904,43.8036],[-0.9853,43.7961],[-0.9775,43.7839],[-0.9847,43.773],[-0.9857,43.7709],[-0.9852,43.7671],[-0.9819,43.7608],[-0.9806,43.7571],[-0.9798,43.7514],[-0.9777,43.7446],[-0.9785,43.7411],[-0.9731,43.7392],[-0.9674,43.7362],[-0.9683,43.734],[-0.9635,43.7329],[-0.9642,43.7303],[-0.9687,43.7292],[-0.9703,43.7303],[-0.9762,43.7316],[-0.9786,43.729],[-0.9817,43.7303],[-0.9851,43.7277],[-0.988,43.7266],[-0.9895,43.7247],[-0.9928,43.7232],[-0.9982,43.7227]]]}},{"type":"Feature","properties":{"code":"40284","nom":"Saint-Vincent-de-Tyrosse","pop":8014},"geometry":{"type":"Polygon","coordinates":[[[-1.3321,43.6528],[-1.3291,43.6554],[-1.3268,43.6605],[-1.3234,43.6646],[-1.3218,43.6695],[-1.3088,43.6743],[-1.3038,43.6774],[-1.3012,43.6855],[-1.3038,43.6858],[-1.2968,43.6884],[-1.2932,43.6883],[-1.2878,43.6915],[-1.2796,43.6909],[-1.2807,43.6864],[-1.2774,43.6698],[-1.2706,43.6629],[-1.2664,43.6574],[-1.2697,43.6492],[-1.2714,43.6478],[-1.2991,43.6391],[-1.3,43.637],[-1.309,43.6363],[-1.3199,43.6345],[-1.3311,43.6359],[-1.3327,43.6426],[-1.3359,43.6448],[-1.3362,43.6502],[-1.3328,43.6501],[-1.3321,43.6528]]]}},{"type":"Feature","properties":{"code":"40285","nom":"Saint-Yaguen","pop":625},"geometry":{"type":"Polygon","coordinates":[[[-0.7152,43.9266],[-0.7008,43.9168],[-0.6969,43.916],[-0.6944,43.9145],[-0.6886,43.9124],[-0.6861,43.909],[-0.6857,43.907],[-0.6897,43.9055],[-0.6889,43.904],[-0.6934,43.9005],[-0.6996,43.8941],[-0.707,43.891],[-0.7115,43.8915],[-0.7136,43.8886],[-0.7131,43.8853],[-0.7146,43.8836],[-0.7214,43.8798],[-0.7245,43.8787],[-0.7304,43.8769],[-0.7347,43.8734],[-0.7416,43.871],[-0.7471,43.8719],[-0.7549,43.8714],[-0.7571,43.8704],[-0.7569,43.872],[-0.7592,43.8739],[-0.7616,43.8718],[-0.7663,43.8716],[-0.7667,43.8726],[-0.7745,43.8742],[-0.772,43.8782],[-0.7783,43.8867],[-0.7902,43.895],[-0.7966,43.8958],[-0.795,43.8978],[-0.7869,43.9102],[-0.7849,43.9138],[-0.7807,43.9122],[-0.778,43.9144],[-0.7738,43.9162],[-0.7704,43.9218],[-0.7635,43.9248],[-0.7613,43.9287],[-0.7581,43.9317],[-0.7553,43.9267],[-0.7519,43.926],[-0.7468,43.9286],[-0.7455,43.9325],[-0.7332,43.9333],[-0.7315,43.933],[-0.7162,43.9267],[-0.7152,43.9266]]]}},{"type":"Feature","properties":{"code":"40286","nom":"Samadet","pop":1123},"geometry":{"type":"Polygon","coordinates":[[[-0.541,43.6423],[-0.5388,43.6456],[-0.5361,43.647],[-0.5364,43.6495],[-0.5353,43.6523],[-0.5314,43.6524],[-0.5253,43.6516],[-0.5222,43.6506],[-0.5149,43.6469],[-0.51,43.646],[-0.5108,43.6479],[-0.5065,43.6486],[-0.5037,43.6499],[-0.5026,43.653],[-0.5004,43.656],[-0.4981,43.6566],[-0.4946,43.6565],[-0.4915,43.6531],[-0.4876,43.6529],[-0.4881,43.65],[-0.4855,43.6483],[-0.4856,43.6465],[-0.4795,43.6445],[-0.4732,43.6445],[-0.4686,43.6415],[-0.4676,43.6392],[-0.4642,43.6384],[-0.4585,43.6346],[-0.4552,43.6337],[-0.4493,43.6329],[-0.4465,43.63],[-0.4425,43.6282],[-0.4404,43.6247],[-0.4392,43.6247],[-0.4383,43.6203],[-0.4443,43.6177],[-0.4456,43.6162],[-0.4498,43.6162],[-0.457,43.6114],[-0.4683,43.6031],[-0.4723,43.609],[-0.4748,43.6108],[-0.478,43.615],[-0.486,43.6175],[-0.4881,43.6196],[-0.4934,43.61],[-0.4904,43.6066],[-0.4922,43.6043],[-0.4939,43.6043],[-0.4959,43.6067],[-0.5092,43.6134],[-0.5077,43.6174],[-0.5169,43.6181],[-0.5138,43.6206],[-0.5358,43.6244],[-0.5356,43.6258],[-0.5397,43.6264],[-0.5377,43.629],[-0.5318,43.6391],[-0.5331,43.6399],[-0.541,43.6423]]]}},{"type":"Feature","properties":{"code":"40287","nom":"Sanguinet","pop":4741},"geometry":{"type":"Polygon","coordinates":[[[-1.0851,44.5324],[-1.0555,44.5196],[-1.0265,44.5071],[-1.0112,44.5103],[-0.9912,44.5119],[-0.9876,44.5081],[-0.9834,44.4936],[-0.9806,44.4828],[-0.9924,44.4613],[-1.0039,44.4426],[-1.0071,44.4407],[-1.0073,44.4366],[-1.0292,44.4228],[-1.0293,44.4227],[-1.0736,44.4396],[-1.1032,44.4546],[-1.1095,44.4582],[-1.1309,44.4635],[-1.1471,44.4672],[-1.1786,44.4747],[-1.2,44.4795],[-1.1925,44.4812],[-1.1074,44.5025],[-1.107,44.5027],[-1.0903,44.5242],[-1.0851,44.5324]]]}},{"type":"Feature","properties":{"code":"40288","nom":"Sarbazan","pop":1167},"geometry":{"type":"Polygon","coordinates":[[[-0.2734,44.0362],[-0.2757,44.031],[-0.274,44.0305],[-0.2754,44.0253],[-0.2809,44.026],[-0.2874,44.0262],[-0.2904,44.0253],[-0.2831,44.0233],[-0.2845,44.0193],[-0.2822,44.0165],[-0.2772,44.0145],[-0.2782,44.01],[-0.2821,44.0076],[-0.2831,44.0046],[-0.29,44.0008],[-0.2925,43.9956],[-0.2917,43.9942],[-0.2938,43.9926],[-0.2938,43.9876],[-0.2955,43.9876],[-0.2963,43.9839],[-0.302,43.9855],[-0.3095,43.9859],[-0.3096,43.991],[-0.3145,43.9914],[-0.3181,43.9926],[-0.3216,43.9919],[-0.3248,43.9928],[-0.3236,43.9947],[-0.3237,43.9976],[-0.3278,43.9997],[-0.3296,43.9983],[-0.3321,43.9984],[-0.3316,44.0024],[-0.336,44.0033],[-0.3358,44.006],[-0.3415,44.0069],[-0.3441,44.0086],[-0.3559,44.0095],[-0.3539,44.0121],[-0.3661,44.012],[-0.367,44.0151],[-0.3623,44.0201],[-0.3485,44.0209],[-0.3466,44.023],[-0.3438,44.0231],[-0.3418,44.0255],[-0.3388,44.0261],[-0.3348,44.0254],[-0.3275,44.0301],[-0.3258,44.0307],[-0.3217,44.029],[-0.3203,44.0311],[-0.3154,44.0316],[-0.3148,44.0287],[-0.3117,44.0281],[-0.3095,44.0301],[-0.3072,44.0289],[-0.3038,44.0292],[-0.2949,44.0325],[-0.2993,44.0381],[-0.2953,44.0404],[-0.2918,44.041],[-0.2859,44.0395],[-0.2813,44.0401],[-0.2774,44.0388],[-0.2734,44.0362]]]}},{"type":"Feature","properties":{"code":"40289","nom":"Sarraziet","pop":235},"geometry":{"type":"Polygon","coordinates":[[[-0.4775,43.6938],[-0.4791,43.6927],[-0.4832,43.6945],[-0.4845,43.6926],[-0.4873,43.6943],[-0.4921,43.6946],[-0.4949,43.6956],[-0.4999,43.6986],[-0.5007,43.7033],[-0.5035,43.7064],[-0.5086,43.7043],[-0.5121,43.7004],[-0.5175,43.6972],[-0.5198,43.6983],[-0.5187,43.7012],[-0.5241,43.7012],[-0.5255,43.7001],[-0.531,43.7017],[-0.5316,43.7068],[-0.5254,43.7109],[-0.5271,43.7135],[-0.5216,43.7142],[-0.5175,43.7159],[-0.517,43.7197],[-0.5086,43.7181],[-0.5054,43.7156],[-0.5019,43.7143],[-0.5039,43.712],[-0.5026,43.7097],[-0.5027,43.707],[-0.4975,43.7079],[-0.4976,43.7092],[-0.4919,43.711],[-0.49,43.7105],[-0.4881,43.7134],[-0.4853,43.7126],[-0.4826,43.7106],[-0.4749,43.7083],[-0.47,43.7039],[-0.4666,43.7022],[-0.4735,43.7006],[-0.4768,43.7012],[-0.4796,43.6982],[-0.4773,43.6969],[-0.4775,43.6938]]]}},{"type":"Feature","properties":{"code":"40290","nom":"Sarron","pop":104},"geometry":{"type":"Polygon","coordinates":[[[-0.2867,43.5747],[-0.2886,43.5746],[-0.2884,43.5798],[-0.2898,43.586],[-0.2829,43.5864],[-0.2842,43.5932],[-0.2843,43.5967],[-0.2792,43.5958],[-0.2729,43.5954],[-0.2702,43.596],[-0.2663,43.5949],[-0.2574,43.596],[-0.2539,43.5969],[-0.2481,43.5968],[-0.2484,43.5947],[-0.247,43.593],[-0.2475,43.5902],[-0.2458,43.5887],[-0.243,43.5885],[-0.2425,43.5848],[-0.247,43.5826],[-0.2544,43.5833],[-0.2537,43.5884],[-0.2605,43.5888],[-0.2646,43.5871],[-0.2693,43.5861],[-0.2729,43.5841],[-0.2831,43.5862],[-0.2841,43.5834],[-0.2841,43.5793],[-0.2867,43.5747]]]}},{"type":"Feature","properties":{"code":"40291","nom":"Saubion","pop":1826},"geometry":{"type":"Polygon","coordinates":[[[-1.3635,43.6709],[-1.3596,43.6727],[-1.3581,43.6761],[-1.3534,43.678],[-1.3466,43.6822],[-1.3435,43.6814],[-1.337,43.6814],[-1.3358,43.6794],[-1.3318,43.6804],[-1.325,43.6836],[-1.319,43.6839],[-1.311,43.6831],[-1.3097,43.6845],[-1.3038,43.6858],[-1.3012,43.6855],[-1.3038,43.6774],[-1.3088,43.6743],[-1.3218,43.6695],[-1.3234,43.6646],[-1.3268,43.6605],[-1.3322,43.6603],[-1.339,43.6616],[-1.3427,43.6639],[-1.3502,43.6643],[-1.3534,43.6655],[-1.3635,43.6709]]]}},{"type":"Feature","properties":{"code":"40292","nom":"Saubrigues","pop":1659},"geometry":{"type":"Polygon","coordinates":[[[-1.3384,43.5809],[-1.3435,43.5838],[-1.3616,43.5889],[-1.357,43.5937],[-1.3542,43.5959],[-1.3545,43.6001],[-1.3501,43.6027],[-1.3518,43.606],[-1.349,43.6097],[-1.3475,43.6138],[-1.3451,43.614],[-1.3432,43.6184],[-1.3348,43.6183],[-1.3296,43.6186],[-1.3298,43.6235],[-1.3311,43.6359],[-1.3199,43.6345],[-1.309,43.6363],[-1.3,43.637],[-1.2977,43.6271],[-1.2965,43.625],[-1.2943,43.6241],[-1.2956,43.6214],[-1.2949,43.6147],[-1.2934,43.6058],[-1.2918,43.6024],[-1.2876,43.5986],[-1.2915,43.594],[-1.2927,43.5906],[-1.3014,43.591],[-1.3057,43.5896],[-1.3067,43.5913],[-1.311,43.5916],[-1.3219,43.5903],[-1.3258,43.5871],[-1.3298,43.5863],[-1.3342,43.5841],[-1.3384,43.5809]]]}},{"type":"Feature","properties":{"code":"40293","nom":"Saubusse","pop":1093},"geometry":{"type":"Polygon","coordinates":[[[-1.1951,43.6536],[-1.1981,43.6564],[-1.2009,43.6616],[-1.2079,43.6654],[-1.2096,43.6681],[-1.2089,43.6718],[-1.2097,43.6739],[-1.2062,43.6768],[-1.2037,43.6777],[-1.205,43.6821],[-1.2021,43.6821],[-1.2026,43.6853],[-1.1991,43.6926],[-1.2,43.6965],[-1.1988,43.6969],[-1.197,43.6936],[-1.1925,43.6908],[-1.1923,43.6873],[-1.1912,43.6863],[-1.1864,43.6861],[-1.1853,43.6824],[-1.1825,43.6791],[-1.1795,43.6773],[-1.1799,43.6752],[-1.1765,43.6737],[-1.1745,43.6712],[-1.1565,43.658],[-1.1532,43.6566],[-1.1562,43.6537],[-1.1603,43.651],[-1.1681,43.6508],[-1.1748,43.6522],[-1.1838,43.6553],[-1.1893,43.6551],[-1.1951,43.6536]]]}},{"type":"Feature","properties":{"code":"40294","nom":"Saugnac-et-Cambran","pop":1560},"geometry":{"type":"Polygon","coordinates":[[[-0.9979,43.6543],[-1.0018,43.6537],[-1.0043,43.6519],[-1.0128,43.6502],[-1.0171,43.6507],[-1.0151,43.6526],[-1.019,43.6533],[-1.0208,43.6489],[-1.0232,43.6498],[-1.0239,43.6525],[-1.0222,43.6553],[-1.0234,43.6583],[-1.0256,43.6584],[-1.0292,43.6604],[-1.026,43.6636],[-1.0181,43.6635],[-1.0161,43.6614],[-1.0139,43.6615],[-1.0118,43.6632],[-1.014,43.6654],[-1.0119,43.668],[-1.0086,43.6708],[-1.0084,43.6721],[-1.0112,43.675],[-1.0112,43.6768],[-1.0101,43.6761],[-1.0045,43.6772],[-1.001,43.6771],[-0.9982,43.6844],[-0.9995,43.6861],[-0.9931,43.6877],[-0.9818,43.6919],[-0.9766,43.6945],[-0.9659,43.6933],[-0.9634,43.691],[-0.9585,43.6897],[-0.9574,43.6883],[-0.9587,43.6863],[-0.9578,43.6837],[-0.9587,43.6791],[-0.9563,43.6795],[-0.9554,43.6762],[-0.9525,43.6753],[-0.9533,43.6729],[-0.9594,43.6691],[-0.9627,43.6677],[-0.9675,43.6702],[-0.9655,43.6719],[-0.9692,43.6728],[-0.9708,43.6755],[-0.9726,43.6746],[-0.9755,43.6762],[-0.9746,43.6788],[-0.9763,43.6796],[-0.9803,43.6784],[-0.9809,43.675],[-0.9832,43.6732],[-0.9833,43.6715],[-0.9803,43.6697],[-0.9818,43.6676],[-0.9801,43.6642],[-0.9808,43.6622],[-0.983,43.6604],[-0.9885,43.6581],[-0.9904,43.6581],[-0.9956,43.6549],[-0.9979,43.6543]]]}},{"type":"Feature","properties":{"code":"40295","nom":"Saugnac-et-Muret","pop":1382},"geometry":{"type":"Polygon","coordinates":[[[-0.9487,44.4354],[-0.9191,44.4435],[-0.912,44.4368],[-0.9083,44.4361],[-0.8531,44.4214],[-0.8431,44.4184],[-0.8342,44.419],[-0.8284,44.4203],[-0.8187,44.4203],[-0.8156,44.4211],[-0.81,44.4203],[-0.8071,44.4233],[-0.7981,44.4277],[-0.7964,44.4272],[-0.7915,44.4293],[-0.7875,44.43],[-0.7805,44.4281],[-0.7776,44.4255],[-0.7801,44.4237],[-0.7798,44.4214],[-0.7832,44.4206],[-0.7821,44.4183],[-0.7775,44.4146],[-0.7726,44.4128],[-0.7712,44.4107],[-0.767,44.4075],[-0.7652,44.4049],[-0.7607,44.4017],[-0.7598,44.3981],[-0.7559,44.3951],[-0.7548,44.393],[-0.7502,44.3897],[-0.7552,44.3856],[-0.7606,44.3877],[-0.7646,44.3859],[-0.7667,44.3869],[-0.7709,44.386],[-0.769,44.3811],[-0.7733,44.3763],[-0.7801,44.3715],[-0.8012,44.3575],[-0.8269,44.3501],[-0.833,44.3487],[-0.8357,44.3473],[-0.8385,44.3444],[-0.847,44.3369],[-0.856,44.3363],[-0.8719,44.3352],[-0.9022,44.3455],[-0.9366,44.4096],[-0.9444,44.4244],[-0.9487,44.4354]]]}},{"type":"Feature","properties":{"code":"40296","nom":"Seignosse","pop":4056},"geometry":{"type":"Polygon","coordinates":[[[-1.3635,43.6709],[-1.369,43.6695],[-1.373,43.6711],[-1.3706,43.6737],[-1.3779,43.6751],[-1.3792,43.6741],[-1.3847,43.6749],[-1.3856,43.676],[-1.3896,43.6762],[-1.3903,43.6794],[-1.4035,43.6784],[-1.4081,43.681],[-1.4145,43.6817],[-1.4204,43.6812],[-1.424,43.6825],[-1.4413,43.6836],[-1.4416,43.6875],[-1.4378,43.705],[-1.4388,43.7071],[-1.4349,43.7177],[-1.4332,43.7244],[-1.4317,43.7276],[-1.428,43.7416],[-1.4124,43.7361],[-1.3953,43.7306],[-1.3834,43.7264],[-1.3814,43.7222],[-1.3724,43.7153],[-1.3592,43.7083],[-1.3631,43.6969],[-1.3585,43.6942],[-1.3531,43.6944],[-1.3471,43.6927],[-1.3466,43.6822],[-1.3534,43.678],[-1.3581,43.6761],[-1.3596,43.6727],[-1.3635,43.6709]]]}},{"type":"Feature","properties":{"code":"40297","nom":"Le Sen","pop":215},"geometry":{"type":"Polygon","coordinates":[[[-0.4605,44.1223],[-0.4699,44.1013],[-0.4803,44.1046],[-0.4962,44.1067],[-0.5032,44.1087],[-0.517,44.1151],[-0.5258,44.1166],[-0.5251,44.1192],[-0.5285,44.12],[-0.5318,44.1228],[-0.5345,44.1231],[-0.5341,44.1259],[-0.5426,44.1323],[-0.5485,44.1373],[-0.5496,44.1487],[-0.5592,44.1666],[-0.5637,44.1757],[-0.5524,44.1767],[-0.5498,44.1732],[-0.5394,44.1715],[-0.5356,44.1727],[-0.5274,44.174],[-0.5198,44.1742],[-0.5024,44.1727],[-0.501,44.172],[-0.4919,44.1712],[-0.4562,44.173],[-0.45,44.149],[-0.4499,44.1465],[-0.4605,44.1223]]]}},{"type":"Feature","properties":{"code":"40298","nom":"Serres-Gaston","pop":405},"geometry":{"type":"Polygon","coordinates":[[[-0.5421,43.6604],[-0.537,43.6647],[-0.5308,43.6711],[-0.5308,43.6725],[-0.5352,43.6755],[-0.5375,43.6779],[-0.5383,43.6809],[-0.5369,43.6873],[-0.5398,43.6894],[-0.539,43.6924],[-0.5364,43.6945],[-0.5365,43.696],[-0.5315,43.6912],[-0.5313,43.6887],[-0.5273,43.6865],[-0.5274,43.6853],[-0.5234,43.6818],[-0.5218,43.6778],[-0.5181,43.677],[-0.5154,43.6727],[-0.5122,43.6719],[-0.5116,43.6691],[-0.5079,43.6682],[-0.5028,43.6624],[-0.503,43.661],[-0.4975,43.6585],[-0.4981,43.6566],[-0.5004,43.656],[-0.5026,43.653],[-0.5037,43.6499],[-0.5065,43.6486],[-0.5108,43.6479],[-0.51,43.646],[-0.5149,43.6469],[-0.5222,43.6506],[-0.5253,43.6516],[-0.5314,43.6524],[-0.5353,43.6523],[-0.5405,43.6578],[-0.5421,43.6604]]]}},{"type":"Feature","properties":{"code":"40299","nom":"Serreslous-et-Arribans","pop":196},"geometry":{"type":"Polygon","coordinates":[[[-0.6379,43.652],[-0.6453,43.6538],[-0.648,43.6558],[-0.6506,43.6554],[-0.6542,43.6586],[-0.6582,43.659],[-0.663,43.6585],[-0.6639,43.6611],[-0.6634,43.6636],[-0.6638,43.6678],[-0.6608,43.671],[-0.6575,43.6711],[-0.6541,43.6735],[-0.6506,43.674],[-0.6458,43.6727],[-0.6379,43.6731],[-0.6343,43.6717],[-0.6272,43.6717],[-0.6253,43.6725],[-0.6222,43.6692],[-0.6256,43.6629],[-0.6271,43.6613],[-0.6319,43.6588],[-0.6324,43.657],[-0.636,43.6529],[-0.6379,43.652]]]}},{"type":"Feature","properties":{"code":"40300","nom":"Seyresse","pop":1029},"geometry":{"type":"Polygon","coordinates":[[[-1.0622,43.6915],[-1.0529,43.6924],[-1.0515,43.6899],[-1.0525,43.6867],[-1.0502,43.6866],[-1.0535,43.68],[-1.0578,43.6805],[-1.0601,43.6786],[-1.0584,43.6759],[-1.0552,43.6751],[-1.0596,43.6726],[-1.0588,43.6702],[-1.0605,43.6695],[-1.0622,43.6722],[-1.0679,43.6788],[-1.0656,43.6785],[-1.0662,43.6818],[-1.0693,43.6823],[-1.0717,43.6857],[-1.0622,43.6915]]]}},{"type":"Feature","properties":{"code":"40301","nom":"Siest","pop":135},"geometry":{"type":"Polygon","coordinates":[[[-1.1436,43.659],[-1.1408,43.6604],[-1.1366,43.6604],[-1.1339,43.6591],[-1.1325,43.655],[-1.1266,43.6525],[-1.1231,43.6534],[-1.1211,43.6523],[-1.1201,43.65],[-1.1232,43.6442],[-1.1209,43.6426],[-1.1244,43.6393],[-1.1375,43.6431],[-1.1462,43.6479],[-1.1442,43.655],[-1.1436,43.659]]]}},{"type":"Feature","properties":{"code":"40303","nom":"Solférino","pop":374},"geometry":{"type":"Polygon","coordinates":[[[-0.9621,44.0468],[-0.953,44.0649],[-0.9498,44.0638],[-0.9468,44.0643],[-0.9367,44.086],[-0.9289,44.0994],[-0.9455,44.1129],[-0.9575,44.123],[-0.9805,44.1325],[-0.9774,44.1365],[-0.9718,44.1416],[-0.9697,44.1429],[-0.9618,44.1498],[-0.9591,44.1534],[-0.9453,44.1765],[-0.9226,44.1731],[-0.9222,44.1783],[-0.9217,44.1866],[-0.9166,44.1815],[-0.9023,44.175],[-0.879,44.1877],[-0.879,44.1853],[-0.8676,44.1765],[-0.847,44.1599],[-0.8493,44.159],[-0.8444,44.139],[-0.8346,44.0966],[-0.8335,44.0951],[-0.8386,44.0875],[-0.8452,44.0764],[-0.8623,44.0789],[-0.8644,44.0789],[-0.8772,44.0811],[-0.9102,44.0853],[-0.9226,44.0837],[-0.9246,44.0816],[-0.9356,44.064],[-0.9408,44.0434],[-0.9621,44.0468]]]}},{"type":"Feature","properties":{"code":"40304","nom":"Soorts-Hossegor","pop":3817},"geometry":{"type":"Polygon","coordinates":[[[-1.398,43.6522],[-1.4018,43.6536],[-1.42,43.6565],[-1.4253,43.6563],[-1.4334,43.6534],[-1.4462,43.6584],[-1.4434,43.6639],[-1.4428,43.6696],[-1.4411,43.6805],[-1.4413,43.6836],[-1.424,43.6825],[-1.4204,43.6812],[-1.4145,43.6817],[-1.4081,43.681],[-1.4035,43.6784],[-1.3903,43.6794],[-1.3896,43.6762],[-1.3856,43.676],[-1.3847,43.6749],[-1.3792,43.6741],[-1.3779,43.6751],[-1.3706,43.6737],[-1.373,43.6711],[-1.382,43.6602],[-1.398,43.6522]]]}},{"type":"Feature","properties":{"code":"40305","nom":"Sorbets","pop":198},"geometry":{"type":"Polygon","coordinates":[[[-0.3058,43.6502],[-0.3067,43.6471],[-0.3051,43.6399],[-0.3019,43.636],[-0.3014,43.6279],[-0.2988,43.6262],[-0.3075,43.6258],[-0.3119,43.6256],[-0.315,43.6265],[-0.3194,43.6261],[-0.3217,43.6274],[-0.3245,43.6266],[-0.335,43.6249],[-0.3393,43.6229],[-0.34,43.6274],[-0.342,43.6295],[-0.3422,43.6325],[-0.3442,43.6356],[-0.3496,43.6376],[-0.3573,43.6439],[-0.3634,43.6461],[-0.36,43.6471],[-0.3564,43.6503],[-0.3519,43.6514],[-0.3482,43.6497],[-0.3446,43.6491],[-0.339,43.652],[-0.3347,43.6547],[-0.3245,43.6555],[-0.3124,43.6607],[-0.3089,43.6574],[-0.3058,43.6502]]]}},{"type":"Feature","properties":{"code":"40306","nom":"Sorde-l'Abbaye","pop":645},"geometry":{"type":"Polygon","coordinates":[[[-1.0469,43.5415],[-1.0441,43.5403],[-1.039,43.5402],[-1.0403,43.537],[-1.0432,43.5362],[-1.0418,43.5334],[-1.0355,43.5274],[-1.0233,43.5219],[-1.0238,43.519],[-0.9937,43.5088],[-0.9926,43.5044],[-0.9993,43.5051],[-1.0035,43.5045],[-1.0105,43.5043],[-1.0134,43.5057],[-1.0203,43.5058],[-1.022,43.5047],[-1.0238,43.5017],[-1.027,43.504],[-1.0281,43.5065],[-1.0317,43.5101],[-1.0361,43.5086],[-1.0413,43.5084],[-1.0444,43.5088],[-1.0443,43.5118],[-1.0466,43.5143],[-1.0501,43.5124],[-1.05,43.5102],[-1.0526,43.5096],[-1.0546,43.5127],[-1.0582,43.5126],[-1.0618,43.5105],[-1.0651,43.51],[-1.0689,43.5083],[-1.0722,43.5114],[-1.0711,43.5123],[-1.0728,43.515],[-1.0726,43.5183],[-1.0771,43.5212],[-1.0792,43.5213],[-1.0813,43.5231],[-1.0862,43.5236],[-1.0881,43.5269],[-1.0856,43.5293],[-1.0829,43.5296],[-1.0788,43.5319],[-1.0778,43.536],[-1.0869,43.5396],[-1.0919,43.5402],[-1.0863,43.5413],[-1.0812,43.5396],[-1.0727,43.539],[-1.063,43.5449],[-1.0578,43.5458],[-1.0531,43.5449],[-1.0469,43.5415]]]}},{"type":"Feature","properties":{"code":"40307","nom":"Sore","pop":1179},"geometry":{"type":"Polygon","coordinates":[[[-0.5516,44.3049],[-0.5613,44.305],[-0.5633,44.2992],[-0.5606,44.2973],[-0.5633,44.2937],[-0.5643,44.2906],[-0.5633,44.2878],[-0.5653,44.2867],[-0.5653,44.2826],[-0.5667,44.2803],[-0.5665,44.2761],[-0.5674,44.2735],[-0.5701,44.2724],[-0.5724,44.2693],[-0.5728,44.2648],[-0.5787,44.2615],[-0.5819,44.2608],[-0.5806,44.259],[-0.583,44.2575],[-0.5911,44.2473],[-0.6028,44.2337],[-0.617,44.2238],[-0.6557,44.2339],[-0.6588,44.236],[-0.6634,44.2373],[-0.6649,44.2401],[-0.6686,44.2422],[-0.6743,44.2437],[-0.6864,44.2513],[-0.685,44.2594],[-0.6816,44.2873],[-0.6867,44.306],[-0.6829,44.3273],[-0.6756,44.3417],[-0.6724,44.3485],[-0.6665,44.3478],[-0.6457,44.3536],[-0.6418,44.355],[-0.6351,44.3523],[-0.6325,44.3503],[-0.6338,44.349],[-0.6227,44.3455],[-0.6148,44.3512],[-0.6109,44.3525],[-0.6035,44.3652],[-0.5995,44.378],[-0.6027,44.3908],[-0.5707,44.3825],[-0.5612,44.3751],[-0.553,44.372],[-0.5452,44.3699],[-0.5281,44.3645],[-0.5175,44.3391],[-0.5417,44.3129],[-0.5516,44.3049]]]}},{"type":"Feature","properties":{"code":"40308","nom":"Sort-en-Chalosse","pop":885},"geometry":{"type":"Polygon","coordinates":[[[-0.9494,43.6706],[-0.9528,43.6715],[-0.9533,43.6729],[-0.9525,43.6753],[-0.9554,43.6762],[-0.9563,43.6795],[-0.9587,43.6791],[-0.9578,43.6837],[-0.9587,43.6863],[-0.9574,43.6883],[-0.9585,43.6897],[-0.9577,43.6915],[-0.9532,43.6937],[-0.9509,43.6938],[-0.948,43.6968],[-0.9386,43.6969],[-0.9327,43.6939],[-0.9255,43.6912],[-0.9236,43.694],[-0.9194,43.6984],[-0.9155,43.7007],[-0.9062,43.7012],[-0.8979,43.6999],[-0.8978,43.6964],[-0.8941,43.6927],[-0.8947,43.6892],[-0.8927,43.6864],[-0.8862,43.6825],[-0.8949,43.6796],[-0.9001,43.6814],[-0.9038,43.6777],[-0.912,43.6739],[-0.9156,43.6736],[-0.9154,43.6709],[-0.9178,43.6701],[-0.9215,43.6634],[-0.9207,43.6592],[-0.9237,43.6583],[-0.9239,43.6609],[-0.9343,43.6612],[-0.9403,43.6631],[-0.9444,43.6663],[-0.9464,43.6692],[-0.9494,43.6706]]]}},{"type":"Feature","properties":{"code":"40309","nom":"Souprosse","pop":1184},"geometry":{"type":"Polygon","coordinates":[[[-0.6779,43.7817],[-0.6784,43.775],[-0.6767,43.7715],[-0.6774,43.7659],[-0.6823,43.7656],[-0.686,43.7665],[-0.69,43.7635],[-0.6966,43.763],[-0.6951,43.7586],[-0.7007,43.7601],[-0.7036,43.7621],[-0.7125,43.758],[-0.7187,43.7544],[-0.7209,43.7547],[-0.7206,43.7593],[-0.7309,43.7618],[-0.7323,43.7634],[-0.7363,43.7631],[-0.7398,43.7616],[-0.7441,43.7611],[-0.7468,43.7608],[-0.7514,43.7617],[-0.7517,43.766],[-0.7527,43.7674],[-0.7566,43.7678],[-0.757,43.7786],[-0.7565,43.7899],[-0.7582,43.7907],[-0.7634,43.7905],[-0.7652,43.7922],[-0.763,43.7923],[-0.7602,43.7941],[-0.7603,43.7965],[-0.7577,43.8],[-0.7576,43.8024],[-0.7591,43.804],[-0.7598,43.8069],[-0.7556,43.8099],[-0.7545,43.812],[-0.7433,43.8194],[-0.741,43.8177],[-0.7309,43.8145],[-0.728,43.8181],[-0.7242,43.824],[-0.7214,43.8264],[-0.7173,43.8263],[-0.7056,43.8271],[-0.7013,43.8282],[-0.6962,43.8307],[-0.6911,43.8311],[-0.6882,43.8307],[-0.6738,43.8309],[-0.6765,43.8253],[-0.6757,43.8232],[-0.6776,43.8139],[-0.6786,43.8111],[-0.6854,43.8041],[-0.6902,43.8008],[-0.6902,43.7996],[-0.6954,43.7997],[-0.6991,43.7971],[-0.6966,43.7944],[-0.694,43.7931],[-0.6869,43.7924],[-0.6821,43.7925],[-0.6798,43.7918],[-0.6792,43.7883],[-0.6762,43.7887],[-0.6764,43.7855],[-0.6779,43.7817]]]}},{"type":"Feature","properties":{"code":"40310","nom":"Soustons","pop":8701},"geometry":{"type":"Polygon","coordinates":[[[-1.2686,43.7997],[-1.2529,43.7951],[-1.2529,43.7817],[-1.2517,43.7781],[-1.2575,43.7751],[-1.2585,43.774],[-1.261,43.7653],[-1.2531,43.7577],[-1.2348,43.7413],[-1.2329,43.7375],[-1.2412,43.7248],[-1.2553,43.7168],[-1.2634,43.7114],[-1.2689,43.709],[-1.2987,43.7102],[-1.3146,43.7111],[-1.3394,43.7098],[-1.3462,43.7085],[-1.3505,43.7089],[-1.3592,43.7083],[-1.3724,43.7153],[-1.3814,43.7222],[-1.3834,43.7264],[-1.3953,43.7306],[-1.4124,43.7361],[-1.428,43.7416],[-1.4263,43.7469],[-1.4269,43.7475],[-1.4247,43.7551],[-1.4232,43.758],[-1.4208,43.7685],[-1.4155,43.7854],[-1.4103,43.7832],[-1.4009,43.7793],[-1.3914,43.7793],[-1.3855,43.78],[-1.3798,43.7793],[-1.38,43.7812],[-1.377,43.7833],[-1.3722,43.7829],[-1.3663,43.7808],[-1.3618,43.7827],[-1.3595,43.785],[-1.355,43.7883],[-1.3521,43.7948],[-1.3314,43.793],[-1.3205,43.7903],[-1.3201,43.7903],[-1.303,43.7745],[-1.2894,43.7737],[-1.2843,43.7738],[-1.2857,43.7754],[-1.2846,43.7784],[-1.2811,43.7762],[-1.2793,43.7784],[-1.2792,43.7822],[-1.276,43.7855],[-1.2768,43.7899],[-1.2746,43.793],[-1.2753,43.7944],[-1.2686,43.7997]]]}},{"type":"Feature","properties":{"code":"40311","nom":"Taller","pop":693},"geometry":{"type":"Polygon","coordinates":[[[-1.0466,43.837],[-1.0714,43.8326],[-1.069,43.8391],[-1.0692,43.8503],[-1.0829,43.8567],[-1.0882,43.8608],[-1.0901,43.8629],[-1.087,43.8738],[-1.091,43.8743],[-1.0921,43.8758],[-1.092,43.882],[-1.0937,43.8822],[-1.0967,43.8872],[-1.0925,43.8884],[-1.091,43.8931],[-1.0885,43.8955],[-1.0875,43.8982],[-1.0886,43.9021],[-1.0911,43.9024],[-1.0946,43.9014],[-1.1026,43.9005],[-1.1009,43.9047],[-1.102,43.91],[-1.1013,43.9147],[-1.0993,43.9167],[-1.0982,43.9269],[-1.0954,43.9275],[-1.0946,43.9257],[-1.0883,43.925],[-1.0886,43.9204],[-1.0814,43.921],[-1.0771,43.922],[-1.0704,43.9223],[-1.0195,43.9112],[-1.0265,43.8947],[-1.0309,43.884],[-1.0364,43.8678],[-1.0466,43.837]]]}},{"type":"Feature","properties":{"code":"40312","nom":"Tarnos","pop":12957},"geometry":{"type":"Polygon","coordinates":[[[-1.4144,43.4971],[-1.4178,43.497],[-1.4173,43.4998],[-1.4184,43.5023],[-1.4236,43.5044],[-1.4262,43.5095],[-1.4312,43.5145],[-1.4376,43.5129],[-1.4407,43.5133],[-1.4448,43.5152],[-1.45,43.5162],[-1.4543,43.5161],[-1.4565,43.5181],[-1.4593,43.5189],[-1.4658,43.5163],[-1.4642,43.5201],[-1.4646,43.5225],[-1.464,43.527],[-1.4612,43.5314],[-1.4619,43.5327],[-1.4684,43.5343],[-1.4696,43.5336],[-1.4733,43.5348],[-1.4739,43.5374],[-1.4782,43.5397],[-1.4863,43.5361],[-1.4903,43.5314],[-1.494,43.5285],[-1.5008,43.5291],[-1.5018,43.5271],[-1.5209,43.5288],[-1.522,43.5311],[-1.5145,43.5414],[-1.5048,43.5542],[-1.4936,43.5705],[-1.4834,43.5666],[-1.4753,43.563],[-1.4557,43.5551],[-1.4522,43.5486],[-1.4485,43.5441],[-1.4428,43.542],[-1.44,43.54],[-1.4358,43.5384],[-1.4331,43.5385],[-1.4276,43.5346],[-1.4268,43.5319],[-1.4196,43.53],[-1.4141,43.5267],[-1.4113,43.5164],[-1.4133,43.5136],[-1.4117,43.5101],[-1.4118,43.5044],[-1.4104,43.5008],[-1.4144,43.4971]]]}},{"type":"Feature","properties":{"code":"40313","nom":"Tartas","pop":3169},"geometry":{"type":"Polygon","coordinates":[[[-0.8239,43.8125],[-0.8279,43.8133],[-0.8304,43.816],[-0.8287,43.8196],[-0.8299,43.8233],[-0.8287,43.8261],[-0.8284,43.8304],[-0.8303,43.8351],[-0.8336,43.8365],[-0.8319,43.8381],[-0.824,43.8376],[-0.8214,43.8386],[-0.8252,43.8417],[-0.8165,43.8406],[-0.8074,43.8377],[-0.8035,43.8404],[-0.8027,43.8434],[-0.7989,43.8432],[-0.7979,43.8404],[-0.7963,43.8398],[-0.7959,43.8373],[-0.7935,43.8364],[-0.7895,43.837],[-0.7882,43.839],[-0.7832,43.8378],[-0.7794,43.8358],[-0.7744,43.8378],[-0.7663,43.8369],[-0.7557,43.8392],[-0.7501,43.8401],[-0.7348,43.8268],[-0.7277,43.8257],[-0.7242,43.824],[-0.728,43.8181],[-0.7309,43.8145],[-0.741,43.8177],[-0.7433,43.8194],[-0.7545,43.812],[-0.7556,43.8099],[-0.7598,43.8069],[-0.7591,43.804],[-0.7576,43.8024],[-0.7577,43.8],[-0.7603,43.7965],[-0.7602,43.7941],[-0.763,43.7923],[-0.7652,43.7922],[-0.779,43.7923],[-0.7806,43.7916],[-0.7864,43.7916],[-0.7954,43.7896],[-0.8011,43.7907],[-0.8033,43.7897],[-0.8077,43.7901],[-0.8111,43.7877],[-0.813,43.7884],[-0.8121,43.7893],[-0.8156,43.7914],[-0.8142,43.795],[-0.8021,43.8052],[-0.7968,43.8038],[-0.7949,43.8061],[-0.8022,43.8078],[-0.8013,43.809],[-0.8045,43.8109],[-0.8041,43.8129],[-0.8076,43.8133],[-0.813,43.8148],[-0.8171,43.8146],[-0.8193,43.8137],[-0.8233,43.8148],[-0.8239,43.8125]]]}},{"type":"Feature","properties":{"code":"40314","nom":"Tercis-les-Bains","pop":1359},"geometry":{"type":"Polygon","coordinates":[[[-1.1024,43.6892],[-1.0989,43.6879],[-1.0967,43.6861],[-1.0969,43.6827],[-1.0955,43.6801],[-1.0932,43.6796],[-1.0905,43.676],[-1.0899,43.6735],[-1.0944,43.6745],[-1.0948,43.6714],[-1.0931,43.6705],[-1.0963,43.6673],[-1.0915,43.6654],[-1.0889,43.6653],[-1.0844,43.6637],[-1.0849,43.6619],[-1.089,43.6613],[-1.0924,43.6612],[-1.0956,43.6597],[-1.0992,43.6635],[-1.1042,43.6638],[-1.1092,43.6632],[-1.1146,43.6601],[-1.1167,43.6545],[-1.1231,43.6534],[-1.1266,43.6525],[-1.1325,43.655],[-1.1339,43.6591],[-1.1366,43.6604],[-1.1408,43.6604],[-1.14,43.6619],[-1.1423,43.6655],[-1.1424,43.6686],[-1.1409,43.6706],[-1.1317,43.6764],[-1.1305,43.6802],[-1.128,43.682],[-1.1243,43.6816],[-1.117,43.6819],[-1.1101,43.6851],[-1.106,43.6867],[-1.1024,43.6892]]]}},{"type":"Feature","properties":{"code":"40315","nom":"Téthieu","pop":758},"geometry":{"type":"Polygon","coordinates":[[[-0.9679,43.7289],[-0.9687,43.7292],[-0.9642,43.7303],[-0.9635,43.7329],[-0.9683,43.734],[-0.9674,43.7362],[-0.9731,43.7392],[-0.9785,43.7411],[-0.9777,43.7446],[-0.9798,43.7514],[-0.9806,43.7571],[-0.9819,43.7608],[-0.9852,43.7671],[-0.9857,43.7709],[-0.9728,43.7674],[-0.9665,43.761],[-0.9605,43.7567],[-0.9581,43.756],[-0.9522,43.7575],[-0.9475,43.7571],[-0.9416,43.758],[-0.9357,43.7544],[-0.9351,43.7519],[-0.9363,43.7496],[-0.9357,43.7454],[-0.9339,43.7413],[-0.9389,43.7402],[-0.9419,43.7407],[-0.9451,43.7401],[-0.9449,43.7374],[-0.9404,43.7352],[-0.9395,43.7332],[-0.9423,43.731],[-0.9479,43.7304],[-0.9478,43.7274],[-0.9532,43.7266],[-0.9588,43.7264],[-0.9611,43.7246],[-0.9625,43.7274],[-0.9679,43.7289]]]}},{"type":"Feature","properties":{"code":"40316","nom":"Tilh","pop":832},"geometry":{"type":"Polygon","coordinates":[[[-0.8103,43.59],[-0.8053,43.5877],[-0.8077,43.5845],[-0.8068,43.5828],[-0.8055,43.5762],[-0.7997,43.571],[-0.7983,43.5685],[-0.7957,43.5679],[-0.7957,43.5658],[-0.7939,43.564],[-0.797,43.5589],[-0.8018,43.558],[-0.8033,43.5562],[-0.8155,43.5609],[-0.8195,43.5614],[-0.8283,43.5601],[-0.8311,43.5589],[-0.833,43.5562],[-0.8362,43.5557],[-0.839,43.5535],[-0.8426,43.5538],[-0.8453,43.5567],[-0.8515,43.5652],[-0.8539,43.5668],[-0.8577,43.5673],[-0.8634,43.5693],[-0.8656,43.5693],[-0.8693,43.5711],[-0.8732,43.5716],[-0.8697,43.5768],[-0.867,43.578],[-0.8709,43.5887],[-0.8717,43.6006],[-0.8692,43.6052],[-0.8669,43.6104],[-0.865,43.6101],[-0.8525,43.6037],[-0.8416,43.599],[-0.8337,43.5962],[-0.8294,43.5955],[-0.8271,43.5983],[-0.8228,43.5963],[-0.8223,43.5941],[-0.8103,43.59]]]}},{"type":"Feature","properties":{"code":"40317","nom":"Tosse","pop":3556},"geometry":{"type":"Polygon","coordinates":[[[-1.3038,43.6858],[-1.3097,43.6845],[-1.311,43.6831],[-1.319,43.6839],[-1.325,43.6836],[-1.3318,43.6804],[-1.3358,43.6794],[-1.337,43.6814],[-1.3435,43.6814],[-1.3466,43.6822],[-1.3471,43.6927],[-1.3531,43.6944],[-1.3585,43.6942],[-1.3631,43.6969],[-1.3592,43.7083],[-1.3505,43.7089],[-1.3462,43.7085],[-1.3394,43.7098],[-1.3146,43.7111],[-1.2987,43.7102],[-1.2689,43.709],[-1.2796,43.6909],[-1.2878,43.6915],[-1.2932,43.6883],[-1.2968,43.6884],[-1.3038,43.6858]]]}},{"type":"Feature","properties":{"code":"40318","nom":"Toulouzette","pop":309},"geometry":{"type":"Polygon","coordinates":[[[-0.6434,43.7484],[-0.6454,43.7469],[-0.6489,43.7472],[-0.6488,43.7451],[-0.6616,43.7475],[-0.6643,43.7493],[-0.6653,43.7465],[-0.6692,43.7481],[-0.6698,43.7458],[-0.6732,43.7445],[-0.6797,43.7452],[-0.6825,43.7431],[-0.6902,43.7441],[-0.6971,43.7468],[-0.7018,43.7469],[-0.7045,43.7461],[-0.7117,43.7489],[-0.7134,43.7516],[-0.7166,43.7535],[-0.7115,43.7547],[-0.7125,43.758],[-0.7036,43.7621],[-0.7007,43.7601],[-0.6951,43.7586],[-0.6966,43.763],[-0.69,43.7635],[-0.686,43.7665],[-0.6823,43.7656],[-0.6795,43.7645],[-0.6722,43.7653],[-0.6672,43.7615],[-0.6602,43.7626],[-0.6624,43.7655],[-0.6574,43.7655],[-0.6532,43.7628],[-0.651,43.7633],[-0.6486,43.7686],[-0.6408,43.7694],[-0.6358,43.769],[-0.6353,43.7659],[-0.6388,43.7603],[-0.642,43.7562],[-0.6405,43.7548],[-0.6434,43.7484]]]}},{"type":"Feature","properties":{"code":"40319","nom":"Trensacq","pop":284},"geometry":{"type":"Polygon","coordinates":[[[-0.7845,44.2564],[-0.7821,44.257],[-0.7822,44.2592],[-0.7801,44.2622],[-0.774,44.2637],[-0.7759,44.2689],[-0.7791,44.269],[-0.7789,44.2708],[-0.7751,44.2737],[-0.7693,44.2751],[-0.7639,44.2718],[-0.7537,44.2674],[-0.7494,44.2634],[-0.7483,44.2615],[-0.7404,44.2584],[-0.7331,44.2567],[-0.7288,44.2553],[-0.6864,44.2513],[-0.6743,44.2437],[-0.6686,44.2422],[-0.6649,44.2401],[-0.6634,44.2373],[-0.6588,44.236],[-0.6557,44.2339],[-0.617,44.2238],[-0.6277,44.2099],[-0.6355,44.1994],[-0.6597,44.1951],[-0.684,44.1911],[-0.7099,44.1912],[-0.7156,44.189],[-0.7245,44.1909],[-0.7295,44.1908],[-0.7362,44.1891],[-0.7391,44.189],[-0.7425,44.1903],[-0.7475,44.1892],[-0.7493,44.1915],[-0.7518,44.1923],[-0.7566,44.1923],[-0.7609,44.1949],[-0.764,44.1926],[-0.7706,44.1957],[-0.7712,44.193],[-0.7751,44.1943],[-0.7786,44.1943],[-0.7804,44.1954],[-0.7795,44.1976],[-0.7826,44.203],[-0.7836,44.2035],[-0.7829,44.2077],[-0.7794,44.2135],[-0.7797,44.2156],[-0.7777,44.2167],[-0.7822,44.2195],[-0.7827,44.2232],[-0.7811,44.2236],[-0.7801,44.2272],[-0.7776,44.2298],[-0.778,44.2323],[-0.7813,44.2342],[-0.7799,44.2378],[-0.7805,44.2406],[-0.7833,44.2433],[-0.7857,44.2439],[-0.7832,44.2468],[-0.7838,44.2495],[-0.781,44.2503],[-0.781,44.2551],[-0.7845,44.2564]]]}},{"type":"Feature","properties":{"code":"40320","nom":"Uchacq-et-Parentis","pop":626},"geometry":{"type":"Polygon","coordinates":[[[-0.5863,43.9672],[-0.5775,43.9687],[-0.5692,43.9781],[-0.5676,43.9794],[-0.5561,43.9788],[-0.5497,43.9767],[-0.5456,43.9713],[-0.5441,43.9675],[-0.5412,43.9696],[-0.5364,43.9695],[-0.5206,43.9705],[-0.5025,43.9717],[-0.5037,43.9491],[-0.5064,43.9426],[-0.5092,43.9316],[-0.5181,43.9302],[-0.5316,43.9143],[-0.5356,43.9105],[-0.5452,43.9129],[-0.5453,43.9151],[-0.5505,43.9155],[-0.5515,43.9143],[-0.5563,43.9147],[-0.5573,43.9162],[-0.5697,43.92],[-0.5748,43.9212],[-0.5761,43.9193],[-0.5826,43.9193],[-0.5819,43.9238],[-0.5787,43.9252],[-0.5781,43.9273],[-0.5834,43.9287],[-0.5884,43.928],[-0.5874,43.931],[-0.5907,43.9321],[-0.5905,43.9343],[-0.5928,43.9359],[-0.5842,43.9606],[-0.5863,43.9672]]]}},{"type":"Feature","properties":{"code":"40321","nom":"Urgons","pop":244},"geometry":{"type":"Polygon","coordinates":[[[-0.4451,43.6652],[-0.443,43.662],[-0.4382,43.661],[-0.4366,43.6598],[-0.4356,43.6563],[-0.4267,43.652],[-0.4254,43.6491],[-0.4212,43.6467],[-0.4164,43.6454],[-0.4162,43.6435],[-0.414,43.6376],[-0.4099,43.6348],[-0.4088,43.6319],[-0.4046,43.6277],[-0.4102,43.6233],[-0.4113,43.6208],[-0.4188,43.6175],[-0.4165,43.6142],[-0.421,43.6158],[-0.4244,43.6197],[-0.427,43.6204],[-0.4339,43.6239],[-0.4341,43.6256],[-0.4392,43.6247],[-0.4404,43.6247],[-0.4425,43.6282],[-0.4465,43.63],[-0.4493,43.6329],[-0.4477,43.6363],[-0.4519,43.6383],[-0.4578,43.6435],[-0.4594,43.6476],[-0.45,43.6506],[-0.4519,43.6534],[-0.4518,43.6568],[-0.45,43.66],[-0.4463,43.6647],[-0.4451,43.6652]]]}},{"type":"Feature","properties":{"code":"40322","nom":"Uza","pop":180},"geometry":{"type":"Polygon","coordinates":[[[-1.2203,44.0415],[-1.2142,44.05],[-1.2093,44.0524],[-1.2043,44.0481],[-1.1989,44.0482],[-1.1899,44.0553],[-1.1777,44.0555],[-1.1794,44.0367],[-1.1766,44.0243],[-1.1821,44.0244],[-1.1841,44.0226],[-1.1813,44.0178],[-1.1791,44.012],[-1.1812,44.0113],[-1.1833,44.0046],[-1.1895,44.0037],[-1.1947,44.0188],[-1.2059,44.017],[-1.2088,44.0182],[-1.211,44.0202],[-1.2149,44.0255],[-1.218,44.0288],[-1.2212,44.0302],[-1.2218,44.0321],[-1.2205,44.0348],[-1.2218,44.0374],[-1.2203,44.0415]]]}},{"type":"Feature","properties":{"code":"40323","nom":"Vert","pop":235},"geometry":{"type":"Polygon","coordinates":[[[-0.6414,44.1275],[-0.6267,44.1228],[-0.6204,44.1211],[-0.5895,44.1116],[-0.5821,44.1099],[-0.5757,44.106],[-0.5729,44.103],[-0.5634,44.1018],[-0.5564,44.0993],[-0.5541,44.0974],[-0.5555,44.0943],[-0.5596,44.092],[-0.5587,44.0851],[-0.5602,44.0827],[-0.5594,44.0815],[-0.5624,44.0777],[-0.5612,44.0766],[-0.5574,44.0767],[-0.5539,44.0729],[-0.5552,44.0716],[-0.5517,44.0692],[-0.5985,44.0643],[-0.6042,44.0635],[-0.6157,44.0728],[-0.6318,44.0842],[-0.6438,44.0856],[-0.6754,44.09],[-0.6763,44.0931],[-0.6756,44.0963],[-0.6779,44.101],[-0.6721,44.1036],[-0.6599,44.1117],[-0.6479,44.1192],[-0.6414,44.1275]]]}},{"type":"Feature","properties":{"code":"40324","nom":"Vicq-d'Auribat","pop":243},"geometry":{"type":"Polygon","coordinates":[[[-0.8485,43.7654],[-0.8521,43.7659],[-0.8523,43.7705],[-0.8506,43.7736],[-0.8626,43.7741],[-0.8648,43.7725],[-0.8678,43.7723],[-0.8698,43.7768],[-0.8687,43.7828],[-0.866,43.7874],[-0.8644,43.7873],[-0.8617,43.7904],[-0.8605,43.7943],[-0.8632,43.7953],[-0.8629,43.7969],[-0.8675,43.7983],[-0.8658,43.8016],[-0.8612,43.8005],[-0.8584,43.7978],[-0.8521,43.7969],[-0.8485,43.7942],[-0.8473,43.7914],[-0.8453,43.7896],[-0.8476,43.7847],[-0.8505,43.7799],[-0.8484,43.7746],[-0.8468,43.773],[-0.8485,43.7654]]]}},{"type":"Feature","properties":{"code":"40325","nom":"Vielle-Tursan","pop":283},"geometry":{"type":"Polygon","coordinates":[[[-0.481,43.6575],[-0.4858,43.6663],[-0.4853,43.6683],[-0.4891,43.6715],[-0.4885,43.6742],[-0.4846,43.6755],[-0.4852,43.6766],[-0.4778,43.6802],[-0.4709,43.6813],[-0.4716,43.6825],[-0.4719,43.6886],[-0.475,43.6897],[-0.4775,43.6938],[-0.4773,43.6969],[-0.4796,43.6982],[-0.4768,43.7012],[-0.4735,43.7006],[-0.4666,43.7022],[-0.47,43.7039],[-0.4749,43.7083],[-0.4705,43.7124],[-0.4674,43.7161],[-0.4638,43.7134],[-0.458,43.7061],[-0.4507,43.7049],[-0.4469,43.7058],[-0.4449,43.7039],[-0.4452,43.7015],[-0.4517,43.6986],[-0.4509,43.695],[-0.4511,43.6907],[-0.448,43.6901],[-0.4451,43.6868],[-0.4416,43.6853],[-0.4431,43.6812],[-0.4392,43.6803],[-0.4392,43.6759],[-0.4416,43.6701],[-0.4433,43.6702],[-0.4474,43.6668],[-0.4514,43.6676],[-0.4552,43.6677],[-0.4559,43.6701],[-0.4618,43.6739],[-0.4639,43.6732],[-0.4697,43.6663],[-0.4721,43.6644],[-0.4737,43.6562],[-0.4759,43.6553],[-0.481,43.6575]]]}},{"type":"Feature","properties":{"code":"40326","nom":"Vielle-Saint-Girons","pop":1518},"geometry":{"type":"Polygon","coordinates":[[[-1.3019,43.8914],[-1.3333,43.8998],[-1.347,43.8975],[-1.3474,43.8972],[-1.3527,43.8942],[-1.3523,43.8925],[-1.3549,43.8895],[-1.362,43.8877],[-1.3646,43.8883],[-1.3784,43.8877],[-1.3821,43.8867],[-1.3841,43.8844],[-1.3834,43.8881],[-1.3792,43.8985],[-1.3796,43.9018],[-1.3782,43.9041],[-1.3745,43.9153],[-1.3747,43.9172],[-1.3734,43.9227],[-1.3698,43.9336],[-1.3664,43.9463],[-1.3662,43.9502],[-1.3622,43.9602],[-1.3622,43.9628],[-1.3589,43.9728],[-1.3581,43.9788],[-1.3573,43.9808],[-1.3546,43.9938],[-1.3517,44.0016],[-1.3164,43.9841],[-1.3074,43.9794],[-1.2831,43.9748],[-1.2728,43.9745],[-1.2602,43.9698],[-1.2601,43.9647],[-1.2617,43.9572],[-1.2652,43.9562],[-1.2651,43.9525],[-1.2679,43.9521],[-1.2713,43.948],[-1.2763,43.9463],[-1.2806,43.9394],[-1.2799,43.9351],[-1.2843,43.9271],[-1.287,43.9248],[-1.2913,43.9233],[-1.2963,43.9183],[-1.294,43.9165],[-1.2916,43.9169],[-1.2818,43.9032],[-1.2797,43.9014],[-1.2831,43.9005],[-1.2855,43.8969],[-1.2925,43.8948],[-1.3019,43.8914]]]}},{"type":"Feature","properties":{"code":"40327","nom":"Vielle-Soubiran","pop":226},"geometry":{"type":"Polygon","coordinates":[[[-0.1283,44.0764],[-0.1373,44.063],[-0.1382,44.0478],[-0.1501,44.0379],[-0.1523,44.031],[-0.1567,44.0187],[-0.1625,44.0202],[-0.1788,44.0211],[-0.1959,44.0267],[-0.1981,44.0301],[-0.1999,44.0412],[-0.1996,44.0442],[-0.2005,44.0503],[-0.2018,44.0532],[-0.2039,44.0531],[-0.2074,44.0568],[-0.2109,44.0569],[-0.2129,44.0599],[-0.1983,44.0756],[-0.1946,44.0793],[-0.1859,44.0912],[-0.1829,44.0878],[-0.1789,44.0865],[-0.1736,44.0877],[-0.1689,44.0854],[-0.1642,44.0854],[-0.1632,44.0839],[-0.1564,44.0831],[-0.1501,44.0812],[-0.1475,44.0794],[-0.1419,44.0782],[-0.1396,44.0766],[-0.1361,44.0773],[-0.1283,44.0764]]]}},{"type":"Feature","properties":{"code":"40328","nom":"Vieux-Boucau-les-Bains","pop":1685},"geometry":{"type":"Polygon","coordinates":[[[-1.4126,43.7982],[-1.3922,43.7947],[-1.3872,43.7888],[-1.3809,43.789],[-1.3767,43.7878],[-1.3759,43.7852],[-1.377,43.7833],[-1.38,43.7812],[-1.3798,43.7793],[-1.3855,43.78],[-1.3914,43.7793],[-1.4009,43.7793],[-1.4103,43.7832],[-1.4121,43.785],[-1.4159,43.786],[-1.4126,43.7957],[-1.4126,43.7982]]]}},{"type":"Feature","properties":{"code":"40329","nom":"Le Vignau","pop":522},"geometry":{"type":"Polygon","coordinates":[[[-0.2582,43.7848],[-0.2626,43.7825],[-0.2659,43.7799],[-0.2756,43.7733],[-0.279,43.7726],[-0.2819,43.7678],[-0.2818,43.7647],[-0.2874,43.7648],[-0.2919,43.7631],[-0.2946,43.7604],[-0.2977,43.7592],[-0.3066,43.7621],[-0.303,43.7662],[-0.3026,43.7693],[-0.3057,43.7701],[-0.3079,43.7725],[-0.3074,43.7775],[-0.3048,43.7806],[-0.3099,43.7833],[-0.3088,43.7844],[-0.3086,43.7878],[-0.3054,43.7879],[-0.3045,43.7854],[-0.3014,43.7879],[-0.3035,43.7922],[-0.3001,43.796],[-0.301,43.8007],[-0.2969,43.7987],[-0.2933,43.7979],[-0.2885,43.7979],[-0.2862,43.796],[-0.2801,43.7974],[-0.2728,43.7953],[-0.2692,43.7929],[-0.2637,43.7912],[-0.2589,43.7871],[-0.2582,43.7848]]]}},{"type":"Feature","properties":{"code":"40330","nom":"Villenave","pop":312},"geometry":{"type":"Polygon","coordinates":[[[-0.777,43.9749],[-0.77,43.9724],[-0.7707,43.9691],[-0.7745,43.9691],[-0.7751,43.9627],[-0.7745,43.9621],[-0.7757,43.9573],[-0.779,43.9558],[-0.7782,43.9541],[-0.7818,43.9512],[-0.7872,43.9486],[-0.7923,43.9443],[-0.794,43.9451],[-0.7977,43.9446],[-0.8056,43.9453],[-0.8078,43.9468],[-0.8099,43.9457],[-0.819,43.946],[-0.8243,43.9447],[-0.8259,43.9433],[-0.8331,43.9435],[-0.8579,43.9497],[-0.8566,43.957],[-0.8564,43.9707],[-0.8754,43.9761],[-0.8635,43.9782],[-0.8604,43.9851],[-0.8458,43.9888],[-0.843,43.9914],[-0.8387,43.9913],[-0.8209,43.9929],[-0.8177,43.9887],[-0.8195,43.9803],[-0.8166,43.9802],[-0.8103,43.9786],[-0.8066,43.9768],[-0.8025,43.9757],[-0.7853,43.9742],[-0.7797,43.9732],[-0.777,43.9749]]]}},{"type":"Feature","properties":{"code":"40331","nom":"Villeneuve-de-Marsan","pop":2508},"geometry":{"type":"Polygon","coordinates":[[[-0.3297,43.8779],[-0.3264,43.8793],[-0.3253,43.8826],[-0.3268,43.8834],[-0.3276,43.8879],[-0.3308,43.8885],[-0.3293,43.8926],[-0.3327,43.8949],[-0.3307,43.8965],[-0.3322,43.8985],[-0.3313,43.9019],[-0.3292,43.9043],[-0.3312,43.9069],[-0.3342,43.9084],[-0.3413,43.9099],[-0.3384,43.9124],[-0.3335,43.9129],[-0.3343,43.9157],[-0.3232,43.9162],[-0.3216,43.9199],[-0.3243,43.9203],[-0.3243,43.9222],[-0.3224,43.9245],[-0.3133,43.9243],[-0.3136,43.9288],[-0.3126,43.9311],[-0.3084,43.9322],[-0.3086,43.9332],[-0.3038,43.9367],[-0.3042,43.9401],[-0.3007,43.9394],[-0.2988,43.9407],[-0.296,43.9397],[-0.2963,43.9363],[-0.2893,43.9342],[-0.2899,43.9325],[-0.2874,43.9297],[-0.2879,43.9279],[-0.284,43.925],[-0.279,43.9241],[-0.2777,43.9221],[-0.2747,43.9214],[-0.2747,43.9195],[-0.2767,43.9156],[-0.2771,43.913],[-0.2751,43.912],[-0.2754,43.9095],[-0.273,43.9083],[-0.2715,43.9048],[-0.274,43.9044],[-0.2754,43.9003],[-0.283,43.8994],[-0.2797,43.8959],[-0.2753,43.8947],[-0.2727,43.8931],[-0.2751,43.8888],[-0.2803,43.8897],[-0.2813,43.8879],[-0.2845,43.8869],[-0.2913,43.8874],[-0.2919,43.8852],[-0.2954,43.8811],[-0.3022,43.8795],[-0.3079,43.8787],[-0.3081,43.8772],[-0.3233,43.8772],[-0.3297,43.8779]]]}},{"type":"Feature","properties":{"code":"40332","nom":"Ychoux","pop":2338},"geometry":{"type":"Polygon","coordinates":[[[-1.0292,44.4228],[-0.9756,44.4287],[-0.9687,44.4296],[-0.9487,44.4354],[-0.9444,44.4244],[-0.9366,44.4096],[-0.9022,44.3455],[-0.8994,44.3292],[-0.9015,44.3213],[-0.9024,44.3134],[-0.903,44.3126],[-0.9195,44.2781],[-0.9214,44.2736],[-0.9215,44.2738],[-0.9611,44.2876],[-0.9804,44.2943],[-0.9976,44.3253],[-0.9971,44.333],[-0.9958,44.3358],[-0.9943,44.3431],[-1.0027,44.3632],[-1.0071,44.3722],[-1.012,44.3835],[-1.0248,44.4123],[-1.0292,44.4228]]]}},{"type":"Feature","properties":{"code":"40333","nom":"Ygos-Saint-Saturnin","pop":1334},"geometry":{"type":"Polygon","coordinates":[[[-0.77,43.9724],[-0.777,43.9749],[-0.7839,43.9838],[-0.7797,43.9851],[-0.7765,43.9874],[-0.7759,43.9893],[-0.7669,43.9892],[-0.7642,43.9887],[-0.762,43.9904],[-0.7619,43.9924],[-0.7585,43.9971],[-0.7561,44.0024],[-0.7554,44.0069],[-0.7515,44.0117],[-0.7518,44.0156],[-0.7499,44.027],[-0.749,44.0395],[-0.7428,44.0476],[-0.7339,44.0466],[-0.7065,44.0433],[-0.6975,44.0356],[-0.6941,44.0297],[-0.6884,44.0212],[-0.6862,44.0188],[-0.6821,44.0077],[-0.6767,44.0025],[-0.6759,43.9969],[-0.6782,43.992],[-0.6755,43.9875],[-0.6781,43.983],[-0.6825,43.9779],[-0.6848,43.9623],[-0.687,43.9499],[-0.6884,43.9488],[-0.7029,43.9392],[-0.7054,43.9401],[-0.7087,43.9429],[-0.7112,43.9525],[-0.7238,43.9567],[-0.7364,43.9604],[-0.7332,43.965],[-0.742,43.9671],[-0.7541,43.9704],[-0.7566,43.9703],[-0.7612,43.9689],[-0.77,43.9724]]]}},{"type":"Feature","properties":{"code":"40334","nom":"Yzosse","pop":386},"geometry":{"type":"Polygon","coordinates":[[[-1.0218,43.7318],[-1.0162,43.7252],[-1.0115,43.725],[-1.0093,43.7268],[-1.007,43.7265],[-0.9982,43.7227],[-0.999,43.7179],[-1.0015,43.7156],[-0.999,43.7145],[-0.9999,43.7106],[-1.0017,43.7072],[-1.005,43.7087],[-1.0161,43.7066],[-1.0255,43.7061],[-1.0266,43.7066],[-1.0316,43.7062],[-1.0297,43.7127],[-1.0302,43.714],[-1.0286,43.7199],[-1.032,43.7244],[-1.0292,43.7279],[-1.0259,43.7289],[-1.0218,43.7318]]]}}]}