{"type":"FeatureCollection","features":[{"type":"Feature","properties":{"code":"43001","nom":"Agnat","pop":170},"geometry":{"type":"Polygon","coordinates":[[[3.4637,45.3237],[3.4606,45.3245],[3.4559,45.327],[3.45,45.3273],[3.4476,45.3203],[3.4463,45.3189],[3.4426,45.3216],[3.4416,45.3195],[3.4383,45.3187],[3.4358,45.3224],[3.4318,45.3229],[3.4279,45.3225],[3.4276,45.3267],[3.4227,45.3288],[3.422,45.3313],[3.4172,45.3325],[3.4137,45.334],[3.4166,45.3348],[3.4178,45.3385],[3.4249,45.3406],[3.4252,45.3428],[3.4224,45.3458],[3.4213,45.3519],[3.4251,45.3526],[3.4266,45.3549],[3.4242,45.3587],[3.4246,45.3606],[3.4346,45.3629],[3.4402,45.3671],[3.4464,45.367],[3.4513,45.3678],[3.4588,45.3675],[3.4637,45.3684],[3.4702,45.365],[3.474,45.3645],[3.4764,45.3618],[3.4807,45.3625],[3.4814,45.3615],[3.4801,45.3566],[3.4759,45.3562],[3.4767,45.3499],[3.4797,45.3423],[3.4851,45.3416],[3.4886,45.3398],[3.4896,45.3419],[3.4946,45.3409],[3.4885,45.3373],[3.4807,45.3372],[3.476,45.3348],[3.4716,45.3342],[3.4703,45.331],[3.4653,45.3287],[3.4637,45.3237]]]}},{"type":"Feature","properties":{"code":"43002","nom":"Aiguilhe","pop":1498},"geometry":{"type":"MultiPolygon","coordinates":[[[[3.8767,45.0541],[3.8778,45.0588],[3.886,45.0566],[3.8911,45.0559],[3.8947,45.0543],[3.8953,45.0505],[3.893,45.0506],[3.8884,45.0488],[3.8859,45.0468],[3.88,45.0485],[3.8789,45.05],[3.8814,45.0521],[3.8767,45.0541]]],[[[3.876,45.048],[3.8749,45.0496],[3.8757,45.0504],[3.876,45.048]]]]}},{"type":"Feature","properties":{"code":"43003","nom":"Allègre","pop":922},"geometry":{"type":"Polygon","coordinates":[[[3.6616,45.1601],[3.6672,45.1652],[3.6671,45.1671],[3.6697,45.1696],[3.6748,45.1685],[3.6737,45.1718],[3.6638,45.1761],[3.6614,45.1793],[3.6608,45.1838],[3.6628,45.1846],[3.6603,45.1874],[3.6575,45.1885],[3.6524,45.1881],[3.65,45.1905],[3.6467,45.1915],[3.6438,45.191],[3.6422,45.1944],[3.6476,45.1966],[3.6515,45.1966],[3.6551,45.1975],[3.6591,45.2023],[3.6573,45.2059],[3.6644,45.2076],[3.6763,45.2062],[3.6796,45.2088],[3.6817,45.2099],[3.6837,45.2084],[3.6873,45.2095],[3.6912,45.2075],[3.7009,45.205],[3.7042,45.2074],[3.7075,45.2057],[3.7131,45.2096],[3.716,45.2144],[3.72,45.214],[3.7245,45.2151],[3.7289,45.213],[3.7332,45.2099],[3.7287,45.2076],[3.7279,45.2049],[3.7307,45.2033],[3.7277,45.2018],[3.7275,45.1978],[3.7303,45.1961],[3.7249,45.1946],[3.7263,45.1913],[3.7231,45.1866],[3.7189,45.1861],[3.7198,45.1842],[3.7159,45.181],[3.714,45.1748],[3.7095,45.1758],[3.7061,45.172],[3.7055,45.17],[3.6991,45.162],[3.6974,45.1613],[3.6905,45.1611],[3.6854,45.1622],[3.6848,45.1637],[3.68,45.1637],[3.6794,45.1614],[3.674,45.1641],[3.6681,45.1631],[3.6675,45.161],[3.6655,45.1599],[3.6662,45.1574],[3.6641,45.157],[3.6616,45.1601]]]}},{"type":"Feature","properties":{"code":"43004","nom":"Alleyrac","pop":117},"geometry":{"type":"Polygon","coordinates":[[[3.9706,44.8813],[3.9725,44.8848],[3.9693,44.8856],[3.9695,44.888],[3.9712,44.889],[3.9664,44.8913],[3.9697,44.8924],[3.973,44.896],[3.9639,44.902],[3.9656,44.9066],[3.9708,44.9052],[3.9735,44.9101],[3.9739,44.9123],[3.9765,44.9116],[3.9788,44.9125],[3.9833,44.9109],[3.99,44.9146],[3.9907,44.9114],[3.9949,44.9107],[3.9943,44.9084],[4.0034,44.9056],[4.0049,44.9035],[4.0127,44.9022],[4.014,44.9007],[4.0135,44.8987],[4.0165,44.8963],[4.0157,44.8929],[4.008,44.8923],[4.0072,44.8901],[4.0099,44.8856],[4.0131,44.8837],[4.0091,44.8774],[4.0021,44.8761],[3.9993,44.8766],[3.9956,44.8787],[3.9925,44.878],[3.9891,44.8802],[3.9847,44.8778],[3.9818,44.8796],[3.979,44.8802],[3.9767,44.878],[3.9728,44.8773],[3.9725,44.8799],[3.9706,44.8813]]]}},{"type":"Feature","properties":{"code":"43005","nom":"Alleyras","pop":152},"geometry":{"type":"Polygon","coordinates":[[[3.6541,44.8798],[3.6516,44.8801],[3.6452,44.885],[3.646,44.89],[3.6488,44.8927],[3.6477,44.8946],[3.6513,44.8978],[3.6459,44.9024],[3.643,44.9026],[3.6429,44.9064],[3.6461,44.9056],[3.6501,44.9056],[3.6553,44.9079],[3.6505,44.9152],[3.65,44.9177],[3.6512,44.9221],[3.6534,44.922],[3.6578,44.9256],[3.6603,44.9265],[3.6599,44.929],[3.6631,44.9306],[3.6642,44.9337],[3.6658,44.9354],[3.6678,44.9369],[3.6701,44.944],[3.6727,44.9438],[3.673,44.9468],[3.6752,44.95],[3.6804,44.9453],[3.6847,44.9421],[3.6875,44.9367],[3.6897,44.9352],[3.6862,44.9338],[3.6881,44.9317],[3.6885,44.928],[3.688,44.922],[3.6924,44.9192],[3.6958,44.9194],[3.6988,44.916],[3.6991,44.9106],[3.7107,44.9074],[3.7128,44.9029],[3.7147,44.9026],[3.7188,44.8987],[3.7194,44.8952],[3.7227,44.8935],[3.723,44.8885],[3.7216,44.8852],[3.7097,44.8802],[3.7034,44.8781],[3.6998,44.8791],[3.6964,44.8769],[3.6976,44.8752],[3.6965,44.8738],[3.6916,44.873],[3.6888,44.8738],[3.6889,44.8766],[3.6913,44.8791],[3.6955,44.8789],[3.6963,44.8814],[3.6951,44.8828],[3.6888,44.8832],[3.6908,44.8864],[3.6938,44.8877],[3.6935,44.8922],[3.6922,44.8939],[3.6849,44.8987],[3.6821,44.8967],[3.6764,44.8941],[3.6773,44.8922],[3.6753,44.8889],[3.6719,44.8897],[3.6678,44.8856],[3.6591,44.881],[3.6554,44.8821],[3.6541,44.8798]]]}},{"type":"Feature","properties":{"code":"43006","nom":"Ally","pop":123},"geometry":{"type":"Polygon","coordinates":[[[3.3121,45.1185],[3.307,45.1209],[3.2997,45.1254],[3.2946,45.1228],[3.288,45.1205],[3.2868,45.1241],[3.285,45.1261],[3.2836,45.1306],[3.2797,45.1338],[3.2775,45.1408],[3.2783,45.1414],[3.2735,45.1452],[3.275,45.1471],[3.2804,45.1471],[3.2821,45.1516],[3.282,45.1556],[3.2842,45.1578],[3.2854,45.1612],[3.2845,45.1639],[3.2804,45.1695],[3.285,45.1699],[3.293,45.1718],[3.2966,45.1716],[3.3,45.1743],[3.3042,45.174],[3.3033,45.1776],[3.3092,45.1782],[3.3082,45.1802],[3.3103,45.1819],[3.3149,45.1819],[3.3174,45.1796],[3.323,45.1759],[3.3226,45.1745],[3.3186,45.1722],[3.3239,45.1714],[3.3306,45.1714],[3.3324,45.1725],[3.3374,45.172],[3.3461,45.173],[3.3487,45.1747],[3.3459,45.1765],[3.3531,45.1807],[3.356,45.1792],[3.3575,45.1804],[3.3632,45.179],[3.361,45.1771],[3.3623,45.172],[3.3597,45.1687],[3.3556,45.1668],[3.3547,45.1637],[3.3519,45.1626],[3.3555,45.1607],[3.3562,45.1586],[3.3546,45.157],[3.3506,45.1572],[3.346,45.1538],[3.347,45.1522],[3.3526,45.1501],[3.3558,45.1426],[3.3592,45.141],[3.3564,45.138],[3.3534,45.1377],[3.3489,45.1389],[3.3463,45.1381],[3.3416,45.139],[3.3389,45.137],[3.3312,45.1359],[3.3324,45.1342],[3.3303,45.1311],[3.3336,45.13],[3.3362,45.124],[3.3356,45.1231],[3.3309,45.1219],[3.3283,45.1227],[3.321,45.119],[3.3143,45.1182],[3.3121,45.1185]]]}},{"type":"Feature","properties":{"code":"43007","nom":"Araules","pop":620},"geometry":{"type":"Polygon","coordinates":[[[4.1963,45.0313],[4.1922,45.0307],[4.1833,45.0278],[4.1837,45.0293],[4.1802,45.0316],[4.1762,45.031],[4.1739,45.0326],[4.1709,45.0318],[4.1669,45.0321],[4.1657,45.0335],[4.159,45.0367],[4.1506,45.0426],[4.1387,45.0494],[4.1352,45.0572],[4.1294,45.0697],[4.1285,45.0731],[4.1281,45.0785],[4.1327,45.0779],[4.1354,45.0812],[4.1468,45.0848],[4.1489,45.0882],[4.1481,45.0892],[4.1486,45.0935],[4.1516,45.0953],[4.1523,45.097],[4.1573,45.0972],[4.1617,45.1017],[4.1641,45.1028],[4.1697,45.1032],[4.1721,45.1017],[4.1724,45.1],[4.18,45.0951],[4.1886,45.0917],[4.1919,45.0807],[4.1898,45.0758],[4.1962,45.0695],[4.2064,45.0668],[4.216,45.0651],[4.2201,45.0602],[4.22,45.0575],[4.2174,45.0574],[4.2161,45.0557],[4.2134,45.0562],[4.2083,45.0556],[4.2049,45.0576],[4.1998,45.0567],[4.1945,45.0514],[4.1893,45.0488],[4.1911,45.0449],[4.1897,45.0422],[4.1943,45.0402],[4.191,45.0349],[4.1963,45.0313]]]}},{"type":"Feature","properties":{"code":"43008","nom":"Arlempdes","pop":156},"geometry":{"type":"Polygon","coordinates":[[[3.9252,44.8539],[3.9222,44.8554],[3.9166,44.8551],[3.9141,44.8556],[3.9112,44.8539],[3.91,44.8507],[3.9025,44.8476],[3.8985,44.8469],[3.8937,44.8446],[3.8904,44.844],[3.8873,44.8451],[3.885,44.8446],[3.88,44.8457],[3.8798,44.8493],[3.8809,44.8523],[3.8814,44.8574],[3.8802,44.8607],[3.8802,44.8636],[3.8836,44.8632],[3.8858,44.864],[3.8847,44.8711],[3.8836,44.873],[3.8839,44.8768],[3.8864,44.8777],[3.8872,44.8808],[3.8908,44.883],[3.8938,44.8882],[3.9,44.8896],[3.9014,44.8913],[3.9106,44.8916],[3.9165,44.8892],[3.9183,44.8873],[3.9165,44.8848],[3.9175,44.8785],[3.9182,44.8773],[3.9199,44.874],[3.9229,44.8721],[3.9188,44.8689],[3.9209,44.8675],[3.925,44.8685],[3.9245,44.865],[3.9308,44.8643],[3.9339,44.8622],[3.9265,44.8556],[3.9252,44.8539]]]}},{"type":"Feature","properties":{"code":"43009","nom":"Arlet","pop":24},"geometry":{"type":"Polygon","coordinates":[[[3.3837,45.11],[3.3892,45.1133],[3.392,45.1144],[3.3962,45.1135],[3.4004,45.116],[3.4038,45.1168],[3.4033,45.1184],[3.4098,45.1224],[3.413,45.1212],[3.4174,45.1251],[3.4232,45.1251],[3.4305,45.1212],[3.4313,45.1177],[3.4332,45.1156],[3.4345,45.1107],[3.4336,45.1094],[3.4296,45.1074],[3.4265,45.1066],[3.4208,45.1058],[3.4192,45.1038],[3.4167,45.1065],[3.4151,45.1044],[3.4112,45.1077],[3.4086,45.1057],[3.4055,45.1059],[3.4054,45.1088],[3.4012,45.1079],[3.3982,45.1081],[3.3963,45.1057],[3.3924,45.1052],[3.3913,45.1032],[3.3868,45.1043],[3.3871,45.1019],[3.386,45.0987],[3.3837,45.0968],[3.3809,45.0998],[3.3805,45.1015],[3.3828,45.1041],[3.3818,45.1062],[3.3853,45.1085],[3.3837,45.11]]]}},{"type":"Feature","properties":{"code":"43010","nom":"Arsac-en-Velay","pop":1219},"geometry":{"type":"Polygon","coordinates":[[[3.9627,44.9709],[3.9523,44.9749],[3.9516,44.9758],[3.9408,44.9806],[3.9383,44.9854],[3.9387,44.9871],[3.9342,44.9883],[3.9279,44.9928],[3.9301,44.9962],[3.9312,45.0003],[3.9291,45.0011],[3.9313,45.0032],[3.9353,45.002],[3.9367,45.0072],[3.9369,45.0107],[3.9492,45.0118],[3.9509,45.0093],[3.9552,45.0099],[3.9592,45.0085],[3.9608,45.01],[3.9666,45.0122],[3.9693,45.0114],[3.9738,45.0079],[3.975,45.0055],[3.9764,45.0027],[3.9805,45.0008],[3.9818,44.9974],[3.9808,44.9945],[3.9785,44.9916],[3.9749,44.9916],[3.971,44.9936],[3.9694,44.9925],[3.9632,44.9907],[3.9618,44.9879],[3.9632,44.9859],[3.9615,44.9826],[3.9655,44.9821],[3.9704,44.9791],[3.9741,44.9781],[3.976,44.9764],[3.974,44.975],[3.9767,44.9717],[3.975,44.9704],[3.9697,44.971],[3.9666,44.9722],[3.9627,44.9709]]]}},{"type":"Feature","properties":{"code":"43011","nom":"Aubazat","pop":175},"geometry":{"type":"Polygon","coordinates":[[[3.4388,45.0985],[3.4403,45.0998],[3.439,45.1046],[3.4358,45.106],[3.4296,45.1048],[3.4265,45.1066],[3.4296,45.1074],[3.4336,45.1094],[3.4345,45.1107],[3.4332,45.1156],[3.4313,45.1177],[3.4305,45.1212],[3.4232,45.1251],[3.4235,45.1272],[3.4202,45.1354],[3.4235,45.1385],[3.4221,45.1422],[3.4196,45.1452],[3.4211,45.1474],[3.4199,45.1499],[3.4204,45.1545],[3.4216,45.1557],[3.426,45.1563],[3.4312,45.1542],[3.4349,45.1543],[3.4374,45.1529],[3.4382,45.1486],[3.4373,45.1471],[3.44,45.143],[3.4427,45.1434],[3.4462,45.1456],[3.4498,45.1463],[3.453,45.145],[3.4575,45.143],[3.4611,45.1464],[3.4643,45.1447],[3.4656,45.1426],[3.4658,45.1397],[3.4683,45.1391],[3.475,45.1421],[3.4781,45.1424],[3.4781,45.1402],[3.4758,45.1357],[3.4741,45.131],[3.4719,45.1292],[3.4693,45.1247],[3.4673,45.1201],[3.4642,45.1164],[3.4619,45.117],[3.4585,45.1153],[3.46,45.1139],[3.4551,45.1076],[3.4565,45.1034],[3.4509,45.1029],[3.4518,45.1015],[3.4486,45.1001],[3.4467,45.0977],[3.4432,45.0966],[3.4388,45.0985]]]}},{"type":"Feature","properties":{"code":"43012","nom":"Aurec-sur-Loire","pop":6164},"geometry":{"type":"Polygon","coordinates":[[[4.2394,45.385],[4.242,45.3814],[4.2354,45.3799],[4.239,45.3746],[4.2375,45.3732],[4.2427,45.3693],[4.2418,45.3677],[4.2468,45.3644],[4.2426,45.3633],[4.2436,45.3617],[4.237,45.359],[4.2375,45.3568],[4.2359,45.3549],[4.2333,45.3537],[4.2288,45.3541],[4.2294,45.3524],[4.2262,45.3512],[4.223,45.3519],[4.2226,45.3487],[4.2157,45.3485],[4.2141,45.347],[4.205,45.3446],[4.2052,45.3435],[4.1997,45.3409],[4.1901,45.3413],[4.1911,45.346],[4.1958,45.3488],[4.1952,45.3504],[4.1892,45.351],[4.1824,45.3544],[4.1792,45.3543],[4.1778,45.3569],[4.171,45.3612],[4.1704,45.3656],[4.1714,45.3681],[4.1696,45.3698],[4.1605,45.3724],[4.168,45.3744],[4.1712,45.3747],[4.1728,45.3771],[4.1715,45.3828],[4.1667,45.3842],[4.1614,45.388],[4.1624,45.3892],[4.167,45.39],[4.1719,45.39],[4.1787,45.3925],[4.1814,45.3919],[4.1887,45.3885],[4.1931,45.3845],[4.1991,45.3836],[4.2022,45.3822],[4.2046,45.3859],[4.2138,45.3845],[4.2184,45.3848],[4.2199,45.3877],[4.2266,45.3902],[4.23,45.3884],[4.2328,45.389],[4.2394,45.385]]]}},{"type":"Feature","properties":{"code":"43013","nom":"Vissac-Auteyrac","pop":302},"geometry":{"type":"Polygon","coordinates":[[[3.5975,45.1307],[3.6051,45.1337],[3.6105,45.1328],[3.6129,45.1312],[3.6164,45.1321],[3.6195,45.1303],[3.6243,45.1301],[3.6366,45.1363],[3.6396,45.1366],[3.643,45.1386],[3.6461,45.1355],[3.6451,45.1326],[3.6498,45.1333],[3.6496,45.13],[3.6525,45.1249],[3.6554,45.122],[3.6614,45.1196],[3.6626,45.1165],[3.6659,45.1175],[3.6699,45.1204],[3.6723,45.1193],[3.678,45.1115],[3.6789,45.1094],[3.676,45.1049],[3.6732,45.1043],[3.6695,45.1039],[3.6619,45.1061],[3.6541,45.1065],[3.6498,45.1083],[3.6465,45.1082],[3.6429,45.1094],[3.6381,45.1094],[3.6372,45.1107],[3.629,45.1145],[3.6264,45.1176],[3.6248,45.1173],[3.6217,45.1138],[3.6187,45.115],[3.6159,45.1144],[3.6116,45.1147],[3.6086,45.1132],[3.6062,45.1103],[3.606,45.1086],[3.6037,45.1037],[3.5997,45.0984],[3.5958,45.098],[3.5948,45.0942],[3.5956,45.0911],[3.5945,45.0894],[3.5898,45.0884],[3.5874,45.0883],[3.5818,45.0903],[3.5815,45.0951],[3.5779,45.097],[3.5752,45.1006],[3.5775,45.1015],[3.5776,45.1043],[3.5795,45.1056],[3.5789,45.1074],[3.5832,45.1075],[3.5844,45.1097],[3.5879,45.1102],[3.5887,45.1117],[3.5921,45.1133],[3.5889,45.1177],[3.5923,45.1188],[3.592,45.1233],[3.5908,45.1263],[3.5957,45.1267],[3.5975,45.1307]]]}},{"type":"Feature","properties":{"code":"43014","nom":"Autrac","pop":50},"geometry":{"type":"Polygon","coordinates":[[[3.1132,45.3273],[3.1146,45.3327],[3.1161,45.3337],[3.1125,45.3364],[3.1128,45.3432],[3.1093,45.3452],[3.1092,45.347],[3.1111,45.35],[3.1079,45.3523],[3.1037,45.3541],[3.1091,45.3523],[3.1143,45.3524],[3.1203,45.3516],[3.1244,45.3518],[3.1305,45.3513],[3.1344,45.3536],[3.1395,45.355],[3.1434,45.3517],[3.1461,45.3503],[3.151,45.3511],[3.1523,45.3485],[3.1476,45.3476],[3.14,45.3418],[3.1348,45.3403],[3.1328,45.3381],[3.1372,45.3382],[3.1345,45.3351],[3.1466,45.3307],[3.147,45.3288],[3.1447,45.3262],[3.1466,45.3242],[3.1463,45.3201],[3.1482,45.3168],[3.145,45.3171],[3.143,45.315],[3.1365,45.3158],[3.1354,45.3186],[3.1274,45.3212],[3.1248,45.3224],[3.1221,45.3252],[3.1132,45.3273]]]}},{"type":"Feature","properties":{"code":"43015","nom":"Auvers","pop":48},"geometry":{"type":"Polygon","coordinates":[[[3.3727,44.9758],[3.3623,44.9713],[3.3613,44.9714],[3.3479,44.9739],[3.3491,44.9766],[3.3467,44.9809],[3.3475,44.9825],[3.3455,44.9851],[3.3469,44.9876],[3.3557,44.9896],[3.3629,44.9895],[3.3683,44.9949],[3.3679,44.9991],[3.3714,45.0023],[3.3746,45.0033],[3.3766,45.0076],[3.3785,45.0096],[3.3757,45.0132],[3.3775,45.022],[3.3815,45.0219],[3.3876,45.0237],[3.3883,45.0249],[3.3934,45.0254],[3.3972,45.0225],[3.3995,45.0198],[3.4054,45.0203],[3.4064,45.0181],[3.4101,45.0179],[3.4095,45.0159],[3.4064,45.0152],[3.408,45.0122],[3.4131,45.0127],[3.4174,45.0088],[3.4203,45.0108],[3.4253,45.0093],[3.4288,45.0113],[3.4319,45.0096],[3.4357,45.0092],[3.4387,45.0098],[3.442,45.0082],[3.4445,45.0051],[3.4403,45.0055],[3.4359,45.0033],[3.4322,45.0029],[3.4303,45.001],[3.4269,44.9993],[3.4254,44.9973],[3.4233,44.9971],[3.4215,44.9949],[3.4158,44.9907],[3.4129,44.9895],[3.4113,44.9871],[3.4111,44.9843],[3.4063,44.9826],[3.4003,44.9761],[3.3952,44.9766],[3.3902,44.9782],[3.3796,44.9793],[3.3727,44.9758]]]}},{"type":"Feature","properties":{"code":"43016","nom":"Auzon","pop":858},"geometry":{"type":"Polygon","coordinates":[[[3.4063,45.4034],[3.4119,45.4017],[3.4185,45.4007],[3.4203,45.3974],[3.4162,45.3946],[3.4165,45.3908],[3.4141,45.3882],[3.4141,45.3844],[3.4149,45.3821],[3.4107,45.3814],[3.4069,45.3771],[3.401,45.3834],[3.3969,45.3818],[3.3943,45.383],[3.3904,45.3813],[3.392,45.3713],[3.3915,45.3694],[3.3841,45.3688],[3.3778,45.37],[3.3686,45.3643],[3.3635,45.3646],[3.3614,45.3664],[3.3617,45.3682],[3.3554,45.3737],[3.3474,45.3775],[3.3439,45.3787],[3.3445,45.3807],[3.3421,45.3833],[3.3424,45.3871],[3.3386,45.3889],[3.3423,45.3906],[3.3419,45.3921],[3.3471,45.3916],[3.3506,45.3899],[3.3523,45.3922],[3.3578,45.3951],[3.3638,45.4016],[3.3673,45.4111],[3.373,45.4083],[3.3769,45.4031],[3.378,45.4009],[3.3814,45.401],[3.3902,45.4038],[3.3964,45.4009],[3.403,45.4003],[3.4037,45.4023],[3.4063,45.4034]]]}},{"type":"Feature","properties":{"code":"43017","nom":"Azérat","pop":294},"geometry":{"type":"Polygon","coordinates":[[[3.3944,45.323],[3.3899,45.3253],[3.3877,45.3275],[3.3874,45.3354],[3.3886,45.3382],[3.3816,45.3427],[3.3801,45.3475],[3.3748,45.3487],[3.374,45.351],[3.3701,45.3539],[3.3659,45.355],[3.3639,45.3598],[3.3635,45.3614],[3.3686,45.3643],[3.3778,45.37],[3.3841,45.3688],[3.3915,45.3694],[3.392,45.3713],[3.3904,45.3813],[3.3943,45.383],[3.3969,45.3818],[3.401,45.3834],[3.4069,45.3771],[3.4102,45.3749],[3.4118,45.3677],[3.4154,45.3677],[3.4196,45.3703],[3.4218,45.3694],[3.4269,45.3706],[3.4281,45.3687],[3.4254,45.3656],[3.4217,45.3633],[3.4219,45.3614],[3.4246,45.3606],[3.4242,45.3587],[3.4266,45.3549],[3.4251,45.3526],[3.4213,45.3519],[3.4224,45.3458],[3.4252,45.3428],[3.4249,45.3406],[3.4178,45.3385],[3.4166,45.3348],[3.4137,45.334],[3.4092,45.3309],[3.4082,45.3276],[3.3988,45.326],[3.3944,45.323]]]}},{"type":"Feature","properties":{"code":"43018","nom":"Bains","pop":1378},"geometry":{"type":"Polygon","coordinates":[[[3.795,44.9702],[3.7904,44.9685],[3.7865,44.966],[3.7815,44.965],[3.7804,44.9674],[3.7777,44.9691],[3.7751,44.9684],[3.7679,44.963],[3.7661,44.964],[3.771,44.9681],[3.7739,44.9695],[3.7734,44.9714],[3.7779,44.9749],[3.7705,44.9776],[3.7663,44.9772],[3.7639,44.9749],[3.7614,44.974],[3.7569,44.9704],[3.7585,44.9663],[3.7585,44.9639],[3.7611,44.9617],[3.7658,44.961],[3.7671,44.9591],[3.7594,44.9523],[3.7575,44.9548],[3.7525,44.9536],[3.751,44.9586],[3.747,44.9633],[3.7436,44.9625],[3.7383,44.969],[3.7334,44.972],[3.7289,44.9759],[3.7259,44.9773],[3.7193,44.9776],[3.7178,44.9786],[3.7169,44.9818],[3.7154,44.9819],[3.7168,44.9835],[3.7149,44.9928],[3.717,44.9982],[3.7169,45.0036],[3.7159,45.0058],[3.7222,45.0059],[3.7238,45.0068],[3.7314,45.0082],[3.7342,45.0105],[3.7382,45.0113],[3.7405,45.0103],[3.7433,45.0134],[3.742,45.0156],[3.746,45.0173],[3.7453,45.019],[3.7473,45.0214],[3.7526,45.0262],[3.7549,45.0263],[3.7587,45.0211],[3.7681,45.0235],[3.772,45.022],[3.7754,45.0275],[3.7783,45.0265],[3.78,45.0284],[3.7861,45.0305],[3.7892,45.0305],[3.7897,45.0286],[3.7931,45.0284],[3.7944,45.0269],[3.7987,45.0289],[3.8041,45.0276],[3.8095,45.0272],[3.8083,45.0209],[3.8085,45.0169],[3.8113,45.011],[3.8118,45.008],[3.8075,45.0055],[3.8045,45.0047],[3.8039,45.0009],[3.7998,44.9964],[3.7943,44.9935],[3.795,44.9918],[3.7925,44.9897],[3.7865,44.988],[3.7876,44.9836],[3.7893,44.9802],[3.7904,44.9748],[3.7956,44.9761],[3.7963,44.9749],[3.7961,44.9704],[3.795,44.9702]]]}},{"type":"Feature","properties":{"code":"43019","nom":"Barges","pop":100},"geometry":{"type":"Polygon","coordinates":[[[3.8938,44.8201],[3.8799,44.8214],[3.8729,44.8266],[3.8665,44.8301],[3.8636,44.8322],[3.8584,44.8386],[3.869,44.8424],[3.8731,44.8459],[3.88,44.8457],[3.885,44.8446],[3.8873,44.8451],[3.8904,44.844],[3.8925,44.8413],[3.8982,44.8428],[3.9015,44.842],[3.9022,44.8405],[3.9059,44.8415],[3.9066,44.8399],[3.9114,44.8405],[3.9153,44.84],[3.9141,44.8384],[3.9086,44.838],[3.9027,44.8357],[3.9021,44.8327],[3.8987,44.8315],[3.8996,44.8257],[3.8979,44.8241],[3.8976,44.8213],[3.8938,44.8201]]]}},{"type":"Feature","properties":{"code":"43020","nom":"Bas-en-Basset","pop":4638},"geometry":{"type":"Polygon","coordinates":[[[4.143,45.2872],[4.1395,45.2876],[4.1384,45.2855],[4.1349,45.2847],[4.131,45.2863],[4.1283,45.2889],[4.1246,45.2895],[4.1191,45.2914],[4.1159,45.2864],[4.1135,45.2848],[4.1091,45.284],[4.1026,45.2791],[4.1001,45.2781],[4.0982,45.2755],[4.0911,45.2755],[4.0851,45.2744],[4.0782,45.2781],[4.0744,45.2763],[4.0709,45.2782],[4.0663,45.2775],[4.0654,45.2802],[4.0593,45.2801],[4.0574,45.2835],[4.0582,45.287],[4.0582,45.2889],[4.0608,45.2908],[4.0611,45.2929],[4.0675,45.2995],[4.0677,45.3006],[4.073,45.3021],[4.0781,45.2999],[4.081,45.301],[4.0779,45.3059],[4.0706,45.3102],[4.0668,45.3152],[4.0688,45.3171],[4.0658,45.3202],[4.0646,45.3248],[4.0672,45.3263],[4.0696,45.3297],[4.0753,45.3323],[4.0731,45.3333],[4.0708,45.3361],[4.0785,45.3449],[4.0766,45.3466],[4.075,45.352],[4.0765,45.3545],[4.0812,45.3559],[4.0804,45.3578],[4.0842,45.3578],[4.0896,45.3593],[4.092,45.3584],[4.0959,45.3585],[4.0989,45.3596],[4.1021,45.3575],[4.105,45.3571],[4.108,45.3547],[4.1087,45.3532],[4.1144,45.3517],[4.1198,45.3475],[4.1231,45.3462],[4.1299,45.3462],[4.1378,45.3424],[4.1407,45.3399],[4.1419,45.337],[4.1448,45.335],[4.1448,45.3332],[4.147,45.3317],[4.154,45.3291],[4.1543,45.3287],[4.1579,45.3253],[4.158,45.323],[4.1564,45.3202],[4.1523,45.3158],[4.145,45.3127],[4.135,45.3113],[4.1404,45.3088],[4.1458,45.3049],[4.1445,45.3016],[4.1444,45.2897],[4.143,45.2872]]]}},{"type":"Feature","properties":{"code":"43021","nom":"Beaulieu","pop":1096},"geometry":{"type":"Polygon","coordinates":[[[3.9726,45.1661],[3.9776,45.1651],[3.9814,45.1608],[3.9824,45.1565],[3.9816,45.1519],[3.9792,45.1474],[3.9755,45.1433],[3.9746,45.138],[3.9699,45.1308],[3.9697,45.1286],[3.9713,45.1251],[3.9654,45.1209],[3.9638,45.1206],[3.9645,45.115],[3.9639,45.1126],[3.9597,45.1118],[3.9529,45.1137],[3.9468,45.1095],[3.9406,45.108],[3.9379,45.1098],[3.939,45.112],[3.9361,45.1131],[3.9383,45.1158],[3.9375,45.1184],[3.9382,45.1209],[3.9334,45.1249],[3.9299,45.1255],[3.9284,45.1272],[3.9253,45.1264],[3.9205,45.128],[3.9218,45.1297],[3.9236,45.1353],[3.9227,45.1375],[3.9264,45.1409],[3.9285,45.1472],[3.9245,45.1518],[3.9255,45.1565],[3.9276,45.1608],[3.9317,45.1625],[3.9348,45.1657],[3.9335,45.1687],[3.9355,45.1698],[3.938,45.1683],[3.9398,45.1693],[3.9475,45.1712],[3.9536,45.1721],[3.9596,45.1692],[3.9634,45.1686],[3.9657,45.1657],[3.9686,45.167],[3.9726,45.1661]]]}},{"type":"Feature","properties":{"code":"43022","nom":"Beaumont","pop":268},"geometry":{"type":"Polygon","coordinates":[[[3.3674,45.3146],[3.3691,45.3115],[3.3688,45.3077],[3.3642,45.306],[3.3636,45.3049],[3.3606,45.3097],[3.3591,45.3133],[3.3516,45.3113],[3.3499,45.3079],[3.3463,45.309],[3.3445,45.3085],[3.3422,45.305],[3.3365,45.3093],[3.3258,45.3027],[3.3256,45.2964],[3.3212,45.2925],[3.3165,45.2916],[3.3139,45.2896],[3.3125,45.2896],[3.3065,45.2943],[3.3063,45.2966],[3.3023,45.2966],[3.2962,45.2983],[3.293,45.3],[3.2922,45.2974],[3.2872,45.2978],[3.2902,45.3033],[3.2914,45.3075],[3.2968,45.3063],[3.3032,45.308],[3.3067,45.3069],[3.3078,45.3089],[3.3132,45.3151],[3.3168,45.3168],[3.3264,45.3156],[3.3298,45.322],[3.327,45.3228],[3.3337,45.3263],[3.3361,45.3287],[3.3385,45.333],[3.3403,45.3343],[3.3463,45.3342],[3.3518,45.3323],[3.3561,45.3259],[3.3594,45.3244],[3.364,45.3209],[3.3674,45.3146]]]}},{"type":"Feature","properties":{"code":"43023","nom":"Beaune-sur-Arzon","pop":227},"geometry":{"type":"Polygon","coordinates":[[[3.8573,45.2896],[3.855,45.287],[3.848,45.2822],[3.845,45.2772],[3.8405,45.2796],[3.8317,45.278],[3.8232,45.2737],[3.8157,45.2744],[3.8124,45.2762],[3.8088,45.275],[3.8064,45.276],[3.8019,45.2735],[3.7924,45.2734],[3.791,45.2749],[3.7878,45.2751],[3.7843,45.2776],[3.7806,45.2769],[3.7772,45.2792],[3.7811,45.2812],[3.781,45.2847],[3.785,45.2866],[3.7868,45.2865],[3.7915,45.2891],[3.7971,45.2899],[3.7974,45.2916],[3.8024,45.2961],[3.8056,45.3009],[3.8057,45.3028],[3.8106,45.3043],[3.8127,45.3066],[3.816,45.3056],[3.816,45.3036],[3.8199,45.3041],[3.8218,45.3029],[3.8259,45.3051],[3.8293,45.3029],[3.8308,45.3043],[3.8349,45.3039],[3.8369,45.2999],[3.8423,45.298],[3.8443,45.2997],[3.849,45.2993],[3.8541,45.3004],[3.8558,45.2978],[3.8596,45.2964],[3.8649,45.2973],[3.8573,45.2896]]]}},{"type":"Feature","properties":{"code":"43024","nom":"Beaux","pop":886},"geometry":{"type":"Polygon","coordinates":[[[4.0634,45.1699],[4.0613,45.1715],[4.0587,45.1715],[4.0559,45.1748],[4.0576,45.1797],[4.0559,45.1829],[4.0552,45.1864],[4.0567,45.1889],[4.0562,45.191],[4.059,45.1946],[4.0636,45.198],[4.0655,45.2011],[4.0695,45.205],[4.0722,45.2099],[4.0719,45.2139],[4.0733,45.2154],[4.0732,45.2207],[4.0798,45.2257],[4.0809,45.2239],[4.0838,45.2231],[4.0848,45.2199],[4.0894,45.2203],[4.0911,45.2186],[4.0906,45.2147],[4.0947,45.2156],[4.0965,45.2145],[4.1012,45.2143],[4.1014,45.2117],[4.1029,45.2095],[4.1068,45.2079],[4.1073,45.2034],[4.1097,45.2032],[4.1099,45.1993],[4.1086,45.1973],[4.1133,45.1959],[4.1134,45.195],[4.1106,45.1942],[4.1108,45.1913],[4.1053,45.1851],[4.1028,45.1845],[4.0994,45.1818],[4.097,45.1825],[4.094,45.1808],[4.0935,45.178],[4.0898,45.179],[4.0862,45.1755],[4.0848,45.1724],[4.0776,45.1716],[4.0756,45.1706],[4.0746,45.1684],[4.0709,45.1663],[4.0663,45.1664],[4.0658,45.1683],[4.0634,45.1699]]]}},{"type":"Feature","properties":{"code":"43025","nom":"Beauzac","pop":2954},"geometry":{"type":"Polygon","coordinates":[[[4.0593,45.2801],[4.0654,45.2802],[4.0663,45.2775],[4.0709,45.2782],[4.0744,45.2763],[4.0782,45.2781],[4.0851,45.2744],[4.0911,45.2755],[4.0982,45.2755],[4.1001,45.2781],[4.1026,45.2791],[4.1091,45.284],[4.1135,45.2848],[4.1159,45.2864],[4.1191,45.2914],[4.1246,45.2895],[4.1283,45.2889],[4.131,45.2863],[4.1349,45.2847],[4.1384,45.2855],[4.1395,45.2876],[4.143,45.2872],[4.1455,45.2863],[4.1462,45.2833],[4.1455,45.2816],[4.141,45.2802],[4.1387,45.2771],[4.1328,45.2758],[4.1354,45.2726],[4.1356,45.2654],[4.1393,45.2656],[4.139,45.263],[4.1404,45.2612],[4.1447,45.2587],[4.1435,45.2571],[4.138,45.2559],[4.1349,45.2567],[4.1316,45.2558],[4.1319,45.2528],[4.1302,45.2481],[4.1266,45.2466],[4.1186,45.2471],[4.1144,45.2444],[4.1107,45.2439],[4.1055,45.2451],[4.1027,45.2433],[4.103,45.2404],[4.1008,45.236],[4.1006,45.234],[4.104,45.2323],[4.1019,45.2271],[4.1037,45.2237],[4.102,45.2222],[4.1009,45.2183],[4.1012,45.2143],[4.0965,45.2145],[4.0947,45.2156],[4.0906,45.2147],[4.0911,45.2186],[4.0894,45.2203],[4.0848,45.2199],[4.0838,45.2231],[4.0809,45.2239],[4.0798,45.2257],[4.0732,45.2207],[4.0703,45.222],[4.0686,45.2256],[4.066,45.228],[4.0676,45.2303],[4.0598,45.2335],[4.0599,45.237],[4.0637,45.2402],[4.061,45.2413],[4.0597,45.2434],[4.0571,45.243],[4.0502,45.2457],[4.0532,45.2497],[4.0499,45.2518],[4.0479,45.2563],[4.0524,45.259],[4.0525,45.2674],[4.0486,45.2679],[4.047,45.2695],[4.0478,45.2714],[4.0445,45.2757],[4.0444,45.2771],[4.0505,45.2779],[4.0527,45.2801],[4.0545,45.2791],[4.0593,45.2801]]]}},{"type":"Feature","properties":{"code":"43026","nom":"Bellevue-la-Montagne","pop":461},"geometry":{"type":"Polygon","coordinates":[[[3.7837,45.242],[3.789,45.2394],[3.7901,45.2425],[3.7948,45.2414],[3.7995,45.2419],[3.8026,45.2408],[3.8072,45.2439],[3.8092,45.2443],[3.8163,45.2406],[3.8155,45.2377],[3.8222,45.2348],[3.8227,45.2336],[3.8316,45.2348],[3.8349,45.2357],[3.8387,45.2379],[3.8424,45.2381],[3.8501,45.234],[3.8518,45.2351],[3.8555,45.2345],[3.8593,45.2326],[3.8605,45.2304],[3.8624,45.2233],[3.8655,45.2244],[3.8668,45.2262],[3.872,45.2242],[3.8729,45.2202],[3.871,45.2179],[3.8687,45.2134],[3.8636,45.2133],[3.8562,45.2094],[3.8491,45.2085],[3.8433,45.2029],[3.8406,45.2037],[3.8374,45.2014],[3.8312,45.1988],[3.832,45.1969],[3.8335,45.1865],[3.8274,45.1837],[3.8254,45.1819],[3.8244,45.1868],[3.8171,45.1862],[3.8129,45.183],[3.8106,45.1836],[3.8063,45.181],[3.8022,45.1796],[3.8008,45.1761],[3.7977,45.1803],[3.7968,45.1831],[3.795,45.1844],[3.7972,45.1868],[3.801,45.1895],[3.8006,45.1938],[3.7996,45.1952],[3.7997,45.1985],[3.8025,45.2019],[3.7997,45.2037],[3.7966,45.203],[3.7941,45.2055],[3.79,45.2051],[3.7893,45.2065],[3.7852,45.2064],[3.7839,45.2075],[3.7839,45.2112],[3.7816,45.2138],[3.7833,45.2163],[3.7784,45.2165],[3.7728,45.2195],[3.7707,45.2186],[3.7662,45.2201],[3.7618,45.2223],[3.7608,45.2267],[3.759,45.2286],[3.7642,45.2301],[3.7641,45.2316],[3.7662,45.2345],[3.7664,45.2373],[3.7742,45.2378],[3.7837,45.242]]]}},{"type":"Feature","properties":{"code":"43027","nom":"Berbezit","pop":45},"geometry":{"type":"Polygon","coordinates":[[[3.5558,45.274],[3.5619,45.2762],[3.5645,45.2746],[3.5695,45.275],[3.5724,45.2769],[3.5701,45.2816],[3.5764,45.2859],[3.5818,45.2867],[3.5897,45.2893],[3.5892,45.2933],[3.5871,45.2957],[3.5891,45.2993],[3.5919,45.302],[3.5925,45.3072],[3.5921,45.3099],[3.5935,45.3136],[3.5961,45.3112],[3.601,45.3085],[3.6056,45.3071],[3.6119,45.3064],[3.6139,45.3051],[3.6138,45.3032],[3.6123,45.3008],[3.6149,45.2982],[3.615,45.2941],[3.6139,45.2916],[3.6143,45.2871],[3.607,45.2855],[3.606,45.2835],[3.61,45.2785],[3.6138,45.2748],[3.6142,45.2721],[3.6113,45.2722],[3.6086,45.2711],[3.6035,45.2716],[3.6006,45.2696],[3.5912,45.2701],[3.5901,45.2686],[3.5855,45.267],[3.5838,45.2679],[3.585,45.2708],[3.5809,45.2722],[3.579,45.274],[3.5752,45.2736],[3.5693,45.2717],[3.5654,45.2696],[3.5602,45.27],[3.5558,45.274]]]}},{"type":"Feature","properties":{"code":"43028","nom":"Bessamorel","pop":432},"geometry":{"type":"Polygon","coordinates":[[[4.0917,45.1039],[4.0882,45.1028],[4.0844,45.1035],[4.0824,45.1067],[4.0846,45.1106],[4.0836,45.1156],[4.0796,45.1184],[4.0767,45.1186],[4.0733,45.1208],[4.0692,45.1204],[4.0704,45.1222],[4.0705,45.1267],[4.072,45.1294],[4.0717,45.1339],[4.0676,45.1329],[4.0648,45.1354],[4.0628,45.1388],[4.064,45.1406],[4.0629,45.1453],[4.0634,45.1514],[4.0668,45.1496],[4.0757,45.1534],[4.0776,45.1518],[4.0808,45.1516],[4.0831,45.1492],[4.0891,45.1483],[4.0896,45.1458],[4.0864,45.1426],[4.0831,45.1367],[4.0835,45.1346],[4.0863,45.1344],[4.0877,45.1303],[4.087,45.1286],[4.094,45.1252],[4.098,45.1237],[4.0982,45.1226],[4.0929,45.1139],[4.0911,45.1129],[4.0921,45.1087],[4.0944,45.1068],[4.0942,45.1049],[4.0917,45.1039]]]}},{"type":"Feature","properties":{"code":"43029","nom":"La Besseyre-Saint-Mary","pop":103},"geometry":{"type":"Polygon","coordinates":[[[3.3727,44.9758],[3.3796,44.9793],[3.3902,44.9782],[3.3952,44.9766],[3.4003,44.9761],[3.4063,44.9826],[3.4111,44.9843],[3.4113,44.9871],[3.4129,44.9895],[3.4158,44.9907],[3.4215,44.9949],[3.4233,44.9971],[3.4254,44.9973],[3.4269,44.9993],[3.4303,45.001],[3.4322,45.0029],[3.4359,45.0033],[3.4403,45.0055],[3.4445,45.0051],[3.4464,45.0083],[3.4506,45.0075],[3.449,45.0051],[3.4501,45.0035],[3.4478,45.0005],[3.4485,44.9985],[3.4453,44.996],[3.4471,44.991],[3.4454,44.9883],[3.441,44.9867],[3.4426,44.9825],[3.4397,44.98],[3.435,44.9778],[3.4363,44.9752],[3.4312,44.9747],[3.432,44.9695],[3.434,44.9702],[3.4377,44.9685],[3.4384,44.9648],[3.4426,44.9604],[3.4425,44.9559],[3.4385,44.9511],[3.4361,44.9491],[3.4331,44.9488],[3.4274,44.947],[3.4201,44.9456],[3.4169,44.9428],[3.4125,44.945],[3.4099,44.9494],[3.4044,44.9571],[3.3998,44.9574],[3.397,44.9586],[3.3947,44.9569],[3.3912,44.952],[3.3891,44.9513],[3.3853,44.9535],[3.3815,44.9546],[3.3741,44.9586],[3.3716,44.9604],[3.3725,44.9635],[3.3761,44.9647],[3.3703,44.9703],[3.3727,44.9758]]]}},{"type":"Feature","properties":{"code":"43030","nom":"Blanzac","pop":464},"geometry":{"type":"Polygon","coordinates":[[[3.8905,45.1062],[3.8882,45.104],[3.8846,45.1038],[3.8793,45.1047],[3.8739,45.1034],[3.8685,45.1029],[3.8678,45.1008],[3.8647,45.1011],[3.86,45.1025],[3.8572,45.1021],[3.853,45.1039],[3.8389,45.0966],[3.834,45.0987],[3.8333,45.1005],[3.8295,45.1027],[3.8289,45.1055],[3.8266,45.1105],[3.8245,45.1106],[3.822,45.1168],[3.827,45.1185],[3.8294,45.1217],[3.835,45.1251],[3.8372,45.1283],[3.8435,45.1277],[3.8472,45.1262],[3.8471,45.1196],[3.8491,45.1188],[3.8498,45.1159],[3.856,45.1143],[3.8599,45.1157],[3.8652,45.1135],[3.8716,45.1133],[3.8721,45.1123],[3.8776,45.1118],[3.8852,45.1124],[3.8911,45.1097],[3.8905,45.1062]]]}},{"type":"Feature","properties":{"code":"43031","nom":"Blassac","pop":126},"geometry":{"type":"Polygon","coordinates":[[[3.4138,45.1673],[3.412,45.1623],[3.4056,45.1575],[3.4027,45.1571],[3.3994,45.1601],[3.3972,45.1605],[3.3942,45.1589],[3.3959,45.1556],[3.3957,45.1537],[3.3987,45.1524],[3.3917,45.1498],[3.3922,45.1472],[3.388,45.1469],[3.3807,45.1481],[3.374,45.1447],[3.3698,45.1445],[3.3681,45.1458],[3.3646,45.1446],[3.3597,45.1441],[3.3558,45.1426],[3.3526,45.1501],[3.347,45.1522],[3.346,45.1538],[3.3506,45.1572],[3.3546,45.157],[3.3562,45.1586],[3.3555,45.1607],[3.3519,45.1626],[3.3547,45.1637],[3.3556,45.1668],[3.3597,45.1687],[3.3623,45.172],[3.3631,45.1693],[3.3652,45.1671],[3.371,45.168],[3.3743,45.1643],[3.3769,45.1626],[3.3794,45.1654],[3.385,45.1648],[3.3868,45.1677],[3.392,45.1722],[3.3915,45.1784],[3.3947,45.1788],[3.4002,45.1783],[3.403,45.1796],[3.4048,45.182],[3.4118,45.1792],[3.4117,45.1765],[3.4147,45.1764],[3.4201,45.1804],[3.4214,45.1805],[3.4234,45.1764],[3.4245,45.1708],[3.4232,45.1698],[3.4138,45.1673]]]}},{"type":"Feature","properties":{"code":"43032","nom":"Blavozy","pop":1724},"geometry":{"type":"Polygon","coordinates":[[[3.9755,45.0725],[3.977,45.075],[3.9855,45.0688],[3.9878,45.0662],[3.9931,45.0661],[3.996,45.0646],[3.9991,45.0592],[3.9946,45.0578],[3.9899,45.058],[3.987,45.0565],[3.9871,45.0527],[3.9847,45.0519],[3.9838,45.0495],[3.9616,45.0555],[3.9594,45.0557],[3.9541,45.0618],[3.9514,45.0597],[3.9469,45.0597],[3.9449,45.062],[3.9476,45.066],[3.9505,45.0658],[3.9536,45.0694],[3.9538,45.0711],[3.9608,45.0722],[3.9656,45.072],[3.9681,45.0695],[3.9721,45.0705],[3.9755,45.0725]]]}},{"type":"Feature","properties":{"code":"43033","nom":"Blesle","pop":611},"geometry":{"type":"Polygon","coordinates":[[[3.1855,45.2796],[3.1835,45.2754],[3.1724,45.2715],[3.1688,45.2711],[3.1647,45.2686],[3.1684,45.2746],[3.1671,45.2765],[3.1676,45.2819],[3.169,45.2826],[3.1668,45.2862],[3.1632,45.285],[3.1628,45.2889],[3.1583,45.2925],[3.1604,45.2952],[3.1623,45.2963],[3.1625,45.2999],[3.1653,45.3018],[3.1637,45.3048],[3.1601,45.3041],[3.1589,45.3071],[3.1554,45.309],[3.1588,45.3099],[3.1588,45.3127],[3.1559,45.3131],[3.1547,45.3155],[3.1513,45.3146],[3.1482,45.3168],[3.1463,45.3201],[3.1466,45.3242],[3.1447,45.3262],[3.147,45.3288],[3.1466,45.3307],[3.1345,45.3351],[3.1372,45.3382],[3.1328,45.3381],[3.1348,45.3403],[3.14,45.3418],[3.1476,45.3476],[3.1523,45.3485],[3.151,45.3511],[3.1568,45.3512],[3.1611,45.3525],[3.1629,45.3516],[3.169,45.3527],[3.174,45.3523],[3.1777,45.3512],[3.1811,45.3522],[3.183,45.3511],[3.1809,45.349],[3.1838,45.3449],[3.1828,45.3423],[3.1856,45.3411],[3.1877,45.3365],[3.1901,45.3355],[3.1879,45.3322],[3.1911,45.3321],[3.1931,45.3303],[3.1984,45.332],[3.1998,45.3317],[3.2076,45.3344],[3.2089,45.3321],[3.2168,45.3303],[3.22,45.3281],[3.2191,45.3261],[3.2109,45.3058],[3.2082,45.3054],[3.2017,45.2993],[3.1985,45.3007],[3.1953,45.3011],[3.193,45.2968],[3.1888,45.2965],[3.1845,45.2936],[3.1881,45.2913],[3.1912,45.2908],[3.1904,45.2887],[3.1865,45.2862],[3.1862,45.2812],[3.1855,45.2796]]]}},{"type":"Feature","properties":{"code":"43034","nom":"Boisset","pop":394},"geometry":{"type":"Polygon","coordinates":[[[3.9424,45.3163],[3.9446,45.317],[3.9487,45.3199],[3.953,45.3205],[3.9533,45.322],[3.9603,45.3214],[3.9634,45.3202],[3.98,45.327],[3.9804,45.329],[3.9781,45.3312],[3.9803,45.3331],[3.9801,45.3349],[3.9846,45.3357],[3.9878,45.337],[3.9899,45.3354],[3.9979,45.3355],[4.0031,45.3323],[4.0093,45.3328],[4.0116,45.3339],[4.0146,45.3336],[4.015,45.3304],[4.0169,45.3282],[4.0207,45.3282],[4.0211,45.323],[4.024,45.3204],[4.0265,45.3167],[4.0267,45.314],[4.0237,45.3116],[4.0222,45.3132],[4.0144,45.3165],[4.0113,45.3159],[4.0063,45.3128],[4.0029,45.3134],[3.996,45.3155],[3.9904,45.3164],[3.9844,45.3148],[3.9826,45.3126],[3.9761,45.3084],[3.9733,45.3089],[3.9714,45.3063],[3.9732,45.3054],[3.9746,45.3008],[3.9739,45.299],[3.9761,45.2947],[3.9742,45.292],[3.9761,45.2908],[3.977,45.2864],[3.9738,45.2873],[3.9737,45.2903],[3.9705,45.2914],[3.9717,45.2936],[3.9699,45.2944],[3.9656,45.2932],[3.9647,45.2949],[3.9612,45.2953],[3.9619,45.2974],[3.9579,45.2989],[3.9548,45.3005],[3.9565,45.3034],[3.9529,45.3061],[3.9467,45.3058],[3.9442,45.3069],[3.94,45.3057],[3.9384,45.3072],[3.9388,45.3102],[3.9431,45.3153],[3.9424,45.3163]]]}},{"type":"Feature","properties":{"code":"43035","nom":"Bonneval","pop":92},"geometry":{"type":"Polygon","coordinates":[[[3.7225,45.2849],[3.7142,45.286],[3.7073,45.2913],[3.7042,45.2959],[3.7026,45.2961],[3.705,45.2973],[3.7079,45.3032],[3.7113,45.3088],[3.7145,45.3104],[3.7165,45.3148],[3.7138,45.3203],[3.7196,45.3205],[3.7187,45.3223],[3.7263,45.3228],[3.7311,45.3238],[3.7312,45.3283],[3.7354,45.3284],[3.7454,45.3275],[3.7466,45.3267],[3.7512,45.3314],[3.7525,45.3299],[3.7606,45.3287],[3.7635,45.326],[3.7638,45.3203],[3.7598,45.3147],[3.7502,45.3117],[3.7456,45.309],[3.7481,45.3065],[3.7478,45.2996],[3.7442,45.2916],[3.7428,45.2896],[3.738,45.2873],[3.7348,45.2818],[3.7285,45.2812],[3.7255,45.284],[3.7225,45.2849]]]}},{"type":"Feature","properties":{"code":"43036","nom":"Borne","pop":403},"geometry":{"type":"Polygon","coordinates":[[[3.7882,45.1101],[3.7942,45.1057],[3.7963,45.107],[3.8057,45.1074],[3.8047,45.1041],[3.8066,45.1033],[3.8039,45.0988],[3.8066,45.096],[3.8108,45.093],[3.8095,45.0902],[3.8059,45.089],[3.8054,45.0865],[3.8014,45.0854],[3.799,45.0831],[3.795,45.0839],[3.7944,45.0859],[3.7884,45.0851],[3.7831,45.0823],[3.7797,45.0812],[3.7789,45.0797],[3.7759,45.0791],[3.7748,45.0853],[3.7735,45.0901],[3.7745,45.0916],[3.7802,45.0927],[3.7835,45.0955],[3.786,45.0999],[3.7814,45.1018],[3.7818,45.104],[3.7855,45.1061],[3.7878,45.1057],[3.7882,45.1101]]]}},{"type":"Feature","properties":{"code":"43037","nom":"Le Bouchet-Saint-Nicolas","pop":267},"geometry":{"type":"Polygon","coordinates":[[[3.8094,44.8596],[3.8062,44.8589],[3.8012,44.8622],[3.7984,44.8655],[3.7861,44.8697],[3.7865,44.8736],[3.7806,44.8764],[3.7775,44.8721],[3.772,44.873],[3.7725,44.8759],[3.7647,44.8754],[3.7633,44.8769],[3.7581,44.8764],[3.7573,44.8788],[3.7523,44.8838],[3.7504,44.8881],[3.7539,44.8896],[3.7533,44.8927],[3.7532,44.8947],[3.7563,44.8977],[3.7569,44.9025],[3.7626,44.9049],[3.7659,44.9071],[3.7713,44.9059],[3.7698,44.9094],[3.7724,44.9116],[3.7728,44.9102],[3.7768,44.9094],[3.7829,44.9098],[3.7978,44.9071],[3.8067,44.9003],[3.8072,44.8898],[3.8091,44.8898],[3.8119,44.8844],[3.8134,44.8827],[3.816,44.8826],[3.8193,44.8846],[3.8243,44.8816],[3.8198,44.8793],[3.8178,44.8773],[3.8162,44.8729],[3.8185,44.8723],[3.8248,44.8688],[3.8216,44.8649],[3.8174,44.8631],[3.8157,44.8609],[3.8094,44.8596]]]}},{"type":"Feature","properties":{"code":"43038","nom":"Bournoncle-Saint-Pierre","pop":1075},"geometry":{"type":"Polygon","coordinates":[[[3.3014,45.3683],[3.3141,45.3713],[3.3145,45.3688],[3.3135,45.3652],[3.3122,45.3641],[3.3187,45.3606],[3.326,45.3652],[3.3268,45.3666],[3.3433,45.3564],[3.3481,45.3521],[3.35,45.3481],[3.3565,45.3425],[3.3569,45.3376],[3.3544,45.3351],[3.3552,45.3328],[3.3518,45.3323],[3.3463,45.3342],[3.3403,45.3343],[3.3385,45.333],[3.3361,45.3287],[3.3337,45.3263],[3.327,45.3228],[3.3298,45.322],[3.3264,45.3156],[3.3168,45.3168],[3.3132,45.3151],[3.3154,45.3171],[3.315,45.3194],[3.3124,45.3214],[3.3125,45.3242],[3.3094,45.324],[3.307,45.3257],[3.3046,45.3253],[3.3006,45.3266],[3.3019,45.3289],[3.2982,45.3328],[3.2981,45.3377],[3.303,45.3386],[3.3084,45.3428],[3.3053,45.3474],[3.3009,45.3496],[3.3029,45.3506],[3.3041,45.3539],[3.3027,45.3576],[3.2998,45.3621],[3.3046,45.3644],[3.3014,45.3683]]]}},{"type":"Feature","properties":{"code":"43039","nom":"Le Brignon","pop":617},"geometry":{"type":"Polygon","coordinates":[[[3.9212,44.9395],[3.9201,44.9375],[3.9211,44.9352],[3.915,44.9331],[3.9172,44.9302],[3.9136,44.9271],[3.9104,44.9223],[3.9172,44.9197],[3.9157,44.9171],[3.9192,44.9155],[3.9193,44.9134],[3.9159,44.9128],[3.9134,44.9136],[3.911,44.9114],[3.9096,44.9082],[3.9078,44.9072],[3.9076,44.901],[3.9137,44.8982],[3.9139,44.8962],[3.9116,44.8938],[3.9048,44.893],[3.9014,44.8913],[3.9,44.8896],[3.8938,44.8882],[3.8908,44.883],[3.8872,44.8808],[3.8859,44.8779],[3.8823,44.8771],[3.8788,44.8778],[3.8767,44.8765],[3.8705,44.8745],[3.8667,44.8758],[3.8665,44.8773],[3.8627,44.8786],[3.8647,44.8835],[3.8638,44.8851],[3.8602,44.8845],[3.8597,44.8889],[3.8588,44.8896],[3.8613,44.8917],[3.8641,44.8907],[3.8636,44.8949],[3.8573,44.8979],[3.853,44.8986],[3.8481,44.8981],[3.8464,44.899],[3.8405,44.8983],[3.8397,44.8994],[3.8403,44.9043],[3.8448,44.9117],[3.8475,44.9139],[3.8451,44.9173],[3.8438,44.9212],[3.8389,44.9282],[3.8399,44.9325],[3.8388,44.9349],[3.8367,44.936],[3.834,44.9414],[3.8346,44.945],[3.8347,44.952],[3.8397,44.9523],[3.8454,44.9511],[3.8475,44.9495],[3.8516,44.9504],[3.8529,44.9518],[3.8581,44.9539],[3.8606,44.9511],[3.8575,44.9491],[3.8575,44.9437],[3.8556,44.941],[3.8558,44.9363],[3.8583,44.9361],[3.8571,44.9336],[3.8578,44.9314],[3.8606,44.9302],[3.8703,44.9294],[3.8705,44.9318],[3.8732,44.9333],[3.8749,44.9377],[3.8814,44.9424],[3.8909,44.9423],[3.8979,44.9451],[3.9009,44.9415],[3.9038,44.9421],[3.9097,44.9396],[3.912,44.943],[3.915,44.9436],[3.9168,44.9425],[3.9177,44.9397],[3.9212,44.9395]]]}},{"type":"Feature","properties":{"code":"43040","nom":"Brioude","pop":6527},"geometry":{"type":"Polygon","coordinates":[[[3.3636,45.3049],[3.3642,45.306],[3.3688,45.3077],[3.3691,45.3115],[3.3674,45.3146],[3.3688,45.3153],[3.3799,45.3161],[3.389,45.3191],[3.3911,45.3181],[3.3948,45.3186],[3.3955,45.3149],[3.3993,45.3121],[3.4004,45.309],[3.404,45.3098],[3.4047,45.3041],[3.4035,45.3029],[3.4022,45.3005],[3.4048,45.2974],[3.4119,45.2966],[3.4119,45.2931],[3.4101,45.2894],[3.4099,45.2869],[3.4076,45.2795],[3.406,45.2811],[3.3965,45.2779],[3.394,45.2801],[3.3905,45.2801],[3.3908,45.2781],[3.384,45.2745],[3.3787,45.2746],[3.3771,45.2773],[3.3743,45.279],[3.3741,45.2823],[3.3711,45.2821],[3.3688,45.2846],[3.3651,45.2834],[3.3613,45.2848],[3.3573,45.2847],[3.3583,45.2876],[3.36,45.2887],[3.3604,45.291],[3.3639,45.2915],[3.3631,45.2935],[3.365,45.2987],[3.367,45.3006],[3.3636,45.3049]]]}},{"type":"Feature","properties":{"code":"43041","nom":"Brives-Charensac","pop":4244},"geometry":{"type":"Polygon","coordinates":[[[3.9051,45.0568],[3.9097,45.0556],[3.9138,45.0571],[3.9149,45.0551],[3.92,45.0558],[3.9251,45.0544],[3.9303,45.0548],[3.9311,45.0534],[3.9368,45.0521],[3.9391,45.0501],[3.9416,45.0498],[3.9421,45.0476],[3.9398,45.0428],[3.9409,45.0392],[3.9372,45.0387],[3.9393,45.0366],[3.9363,45.0332],[3.9335,45.0303],[3.9237,45.0405],[3.918,45.042],[3.917,45.0433],[3.9138,45.0426],[3.9108,45.044],[3.9099,45.0466],[3.905,45.0498],[3.9023,45.0552],[3.9051,45.0568]]]}},{"type":"Feature","properties":{"code":"43042","nom":"Cayres","pop":674},"geometry":{"type":"Polygon","coordinates":[[[3.8274,44.884],[3.8243,44.8816],[3.8193,44.8846],[3.816,44.8826],[3.8134,44.8827],[3.8119,44.8844],[3.8091,44.8898],[3.8072,44.8898],[3.8067,44.9003],[3.7978,44.9071],[3.7829,44.9098],[3.7768,44.9094],[3.7728,44.9102],[3.7724,44.9116],[3.7698,44.9139],[3.769,44.918],[3.7692,44.9265],[3.7661,44.9288],[3.7648,44.9364],[3.7705,44.9361],[3.773,44.9382],[3.7771,44.937],[3.7807,44.9371],[3.7831,44.9388],[3.7795,44.9404],[3.7803,44.9427],[3.7879,44.9409],[3.7915,44.9423],[3.7934,44.9388],[3.7968,44.9412],[3.8028,44.9417],[3.8139,44.9397],[3.8147,44.9438],[3.8113,44.9448],[3.81,44.9468],[3.8108,44.9522],[3.8105,44.9549],[3.8162,44.9568],[3.8235,44.9557],[3.8276,44.957],[3.8296,44.9587],[3.831,44.9563],[3.8351,44.9552],[3.84,44.9557],[3.8412,44.9544],[3.8397,44.9523],[3.8347,44.952],[3.8346,44.945],[3.834,44.9414],[3.8367,44.936],[3.8388,44.9349],[3.8399,44.9325],[3.8389,44.9282],[3.8438,44.9212],[3.8451,44.9173],[3.8475,44.9139],[3.8448,44.9117],[3.8403,44.9043],[3.8397,44.8994],[3.836,44.9008],[3.8297,44.8986],[3.8288,44.8963],[3.8261,44.8947],[3.8255,44.8924],[3.8276,44.891],[3.8276,44.8881],[3.8264,44.885],[3.8274,44.884]]]}},{"type":"Feature","properties":{"code":"43043","nom":"Céaux-d'Allègre","pop":487},"geometry":{"type":"Polygon","coordinates":[[[3.8008,45.1761],[3.7991,45.1739],[3.7954,45.1767],[3.7886,45.1753],[3.7896,45.1732],[3.7892,45.1683],[3.7854,45.1684],[3.7833,45.1671],[3.7834,45.1651],[3.7773,45.1654],[3.7758,45.1609],[3.7694,45.1595],[3.7682,45.1582],[3.7726,45.1547],[3.773,45.1534],[3.7684,45.1544],[3.7591,45.1577],[3.7578,45.1551],[3.753,45.1531],[3.7526,45.1515],[3.7491,45.1491],[3.752,45.1456],[3.7472,45.143],[3.7434,45.1452],[3.7417,45.1474],[3.7417,45.1502],[3.7381,45.152],[3.7377,45.1545],[3.7298,45.1574],[3.7278,45.1593],[3.7233,45.1611],[3.7221,45.1627],[3.7226,45.1651],[3.7217,45.1675],[3.7237,45.171],[3.7205,45.1752],[3.714,45.1748],[3.7159,45.181],[3.7198,45.1842],[3.7189,45.1861],[3.7231,45.1866],[3.7263,45.1913],[3.7249,45.1946],[3.7303,45.1961],[3.7405,45.1984],[3.7453,45.2003],[3.7525,45.1982],[3.7549,45.2022],[3.7578,45.2019],[3.758,45.2045],[3.7559,45.2061],[3.758,45.2079],[3.7562,45.2101],[3.7525,45.212],[3.7515,45.2155],[3.7563,45.219],[3.7615,45.2204],[3.7618,45.2223],[3.7662,45.2201],[3.7707,45.2186],[3.7728,45.2195],[3.7784,45.2165],[3.7833,45.2163],[3.7816,45.2138],[3.7839,45.2112],[3.7839,45.2075],[3.7852,45.2064],[3.7893,45.2065],[3.79,45.2051],[3.7941,45.2055],[3.7966,45.203],[3.7997,45.2037],[3.8025,45.2019],[3.7997,45.1985],[3.7996,45.1952],[3.8006,45.1938],[3.801,45.1895],[3.7972,45.1868],[3.795,45.1844],[3.7968,45.1831],[3.7977,45.1803],[3.8008,45.1761]]]}},{"type":"Feature","properties":{"code":"43044","nom":"Cerzat","pop":220},"geometry":{"type":"Polygon","coordinates":[[[3.453,45.145],[3.4527,45.1462],[3.4488,45.1486],[3.4509,45.1521],[3.4499,45.1561],[3.4502,45.1581],[3.4528,45.1606],[3.4535,45.1633],[3.4505,45.1632],[3.4509,45.166],[3.4469,45.1684],[3.4508,45.1712],[3.4547,45.1712],[3.4571,45.1727],[3.4599,45.1723],[3.4625,45.1681],[3.4698,45.1713],[3.473,45.17],[3.4777,45.174],[3.4782,45.1759],[3.4813,45.178],[3.4843,45.1763],[3.4873,45.1769],[3.4953,45.1751],[3.4942,45.1719],[3.4922,45.1695],[3.4943,45.1657],[3.4928,45.1631],[3.4936,45.1617],[3.49,45.1583],[3.4917,45.1551],[3.4896,45.1515],[3.4888,45.1478],[3.4865,45.1472],[3.4823,45.1481],[3.4781,45.1424],[3.475,45.1421],[3.4683,45.1391],[3.4658,45.1397],[3.4656,45.1426],[3.4643,45.1447],[3.4611,45.1464],[3.4575,45.143],[3.453,45.145]]]}},{"type":"Feature","properties":{"code":"43045","nom":"Ceyssac","pop":442},"geometry":{"type":"Polygon","coordinates":[[[3.8346,45.059],[3.8366,45.0536],[3.8386,45.0522],[3.8415,45.0484],[3.8459,45.0463],[3.8472,45.0413],[3.8535,45.0374],[3.8552,45.0324],[3.8586,45.0287],[3.8528,45.0263],[3.8411,45.0236],[3.8342,45.0244],[3.8324,45.0218],[3.8282,45.0197],[3.8253,45.0171],[3.8188,45.0146],[3.8166,45.0119],[3.8113,45.011],[3.8085,45.0169],[3.8083,45.0209],[3.8095,45.0272],[3.8133,45.0275],[3.8154,45.0285],[3.8133,45.0316],[3.815,45.0348],[3.8133,45.0377],[3.8153,45.0404],[3.8125,45.0406],[3.8106,45.0427],[3.8159,45.0446],[3.8198,45.045],[3.8213,45.0478],[3.8205,45.0511],[3.8226,45.0562],[3.8297,45.057],[3.8346,45.059]]]}},{"type":"Feature","properties":{"code":"43046","nom":"Chadrac","pop":2542},"geometry":{"type":"Polygon","coordinates":[[[3.9138,45.0571],[3.9097,45.0556],[3.9051,45.0568],[3.9018,45.057],[3.8995,45.0539],[3.8988,45.0511],[3.8953,45.0505],[3.8947,45.0543],[3.8911,45.0559],[3.8887,45.059],[3.8905,45.0636],[3.8902,45.0653],[3.8938,45.0659],[3.8961,45.0686],[3.8989,45.0699],[3.9022,45.068],[3.9068,45.0679],[3.9105,45.0668],[3.9115,45.0646],[3.9105,45.0624],[3.9135,45.06],[3.9138,45.0571]]]}},{"type":"Feature","properties":{"code":"43047","nom":"Chadron","pop":346},"geometry":{"type":"Polygon","coordinates":[[[3.9211,44.9352],[3.9201,44.9375],[3.9212,44.9395],[3.9214,44.9419],[3.9186,44.9453],[3.9185,44.9507],[3.9215,44.9535],[3.9198,44.9559],[3.9236,44.9558],[3.9266,44.9568],[3.926,44.9596],[3.9206,44.9633],[3.9218,44.9672],[3.9191,44.9687],[3.9172,44.9678],[3.9145,44.9696],[3.9105,44.9748],[3.9153,44.9769],[3.9152,44.9782],[3.9171,44.9783],[3.9193,44.9755],[3.9286,44.9782],[3.9293,44.9767],[3.9331,44.9748],[3.9362,44.9749],[3.9372,44.9731],[3.9406,44.971],[3.9398,44.9695],[3.943,44.9654],[3.9494,44.9614],[3.9561,44.96],[3.9575,44.9581],[3.9575,44.9539],[3.9528,44.9504],[3.9528,44.9492],[3.9566,44.9463],[3.9596,44.9459],[3.9618,44.9439],[3.9625,44.9413],[3.9662,44.9424],[3.967,44.9395],[3.9651,44.9369],[3.9622,44.9357],[3.9541,44.9348],[3.9518,44.9365],[3.9512,44.9314],[3.9485,44.93],[3.9435,44.9259],[3.944,44.9245],[3.9412,44.9229],[3.9378,44.9255],[3.9386,44.9275],[3.9349,44.9274],[3.9307,44.9304],[3.9281,44.9312],[3.9267,44.9293],[3.923,44.9316],[3.9211,44.9352]]]}},{"type":"Feature","properties":{"code":"43048","nom":"La Chaise-Dieu","pop":594},"geometry":{"type":"Polygon","coordinates":[[[3.6975,45.3464],[3.701,45.3423],[3.7037,45.3419],[3.7053,45.3378],[3.7073,45.3361],[3.707,45.3325],[3.7079,45.3278],[3.7072,45.3271],[3.7125,45.3242],[3.7138,45.3203],[3.7165,45.3148],[3.7145,45.3104],[3.7113,45.3088],[3.7079,45.3032],[3.705,45.2973],[3.7026,45.2961],[3.6997,45.2976],[3.692,45.298],[3.6888,45.2965],[3.6849,45.2979],[3.6839,45.3],[3.6791,45.301],[3.6769,45.3027],[3.6726,45.3039],[3.6732,45.3079],[3.6725,45.3102],[3.6701,45.3121],[3.6695,45.3147],[3.6664,45.3166],[3.6661,45.322],[3.6676,45.3238],[3.6657,45.3261],[3.67,45.3243],[3.6767,45.3225],[3.6791,45.325],[3.678,45.3299],[3.6816,45.336],[3.6864,45.3382],[3.6888,45.3436],[3.6917,45.3461],[3.6951,45.3456],[3.6975,45.3464]]]}},{"type":"Feature","properties":{"code":"43049","nom":"Chamalières-sur-Loire","pop":506},"geometry":{"type":"Polygon","coordinates":[[[3.9822,45.2064],[3.9858,45.2098],[3.9923,45.2085],[3.9947,45.2103],[3.9982,45.2108],[4.0029,45.2095],[4.0086,45.2061],[4.0114,45.2057],[4.0149,45.2067],[4.0151,45.2042],[4.0099,45.2],[4.0039,45.1992],[4.0054,45.1963],[4.0027,45.1931],[4.0007,45.1927],[3.998,45.1929],[3.9954,45.1914],[3.9909,45.1913],[3.9884,45.1894],[3.9879,45.1874],[3.9932,45.1859],[3.9998,45.1853],[4.0024,45.1837],[4.0024,45.1815],[3.9984,45.1788],[3.9988,45.1765],[3.9966,45.1728],[3.9898,45.1702],[3.9879,45.1667],[3.9836,45.1666],[3.9806,45.1696],[3.9751,45.1686],[3.9726,45.1661],[3.9686,45.167],[3.9657,45.1657],[3.9634,45.1686],[3.9596,45.1692],[3.9536,45.1721],[3.9518,45.1738],[3.9537,45.1779],[3.9519,45.1826],[3.9589,45.1898],[3.96,45.1927],[3.9623,45.1942],[3.9666,45.1952],[3.9702,45.197],[3.97,45.1981],[3.9751,45.2014],[3.9791,45.2022],[3.9799,45.2045],[3.9822,45.2064]]]}},{"type":"Feature","properties":{"code":"43050","nom":"Chambezon","pop":125},"geometry":{"type":"Polygon","coordinates":[[[3.26,45.391],[3.2588,45.3807],[3.2549,45.3798],[3.2534,45.3779],[3.2561,45.3743],[3.2528,45.3752],[3.2503,45.3748],[3.2502,45.3718],[3.2454,45.3716],[3.239,45.3722],[3.236,45.3745],[3.2339,45.3709],[3.2319,45.3749],[3.2255,45.3727],[3.2185,45.3695],[3.2198,45.372],[3.2218,45.3819],[3.2256,45.383],[3.2298,45.3883],[3.2365,45.3927],[3.2359,45.3947],[3.2406,45.3938],[3.2415,45.391],[3.2446,45.3895],[3.2505,45.3902],[3.2539,45.3886],[3.2572,45.3908],[3.26,45.391]]]}},{"type":"Feature","properties":{"code":"43051","nom":"Le Chambon-sur-Lignon","pop":2501},"geometry":{"type":"Polygon","coordinates":[[[4.3521,45.028],[4.3486,45.0304],[4.3442,45.0286],[4.3411,45.0259],[4.3336,45.028],[4.3301,45.0299],[4.3253,45.0303],[4.3216,45.0297],[4.316,45.0312],[4.3125,45.0307],[4.3096,45.0287],[4.312,45.0255],[4.3077,45.0251],[4.3032,45.0266],[4.3017,45.0253],[4.3039,45.0226],[4.3045,45.0186],[4.302,45.0179],[4.3,45.0199],[4.2969,45.0203],[4.2924,45.0179],[4.289,45.0194],[4.2873,45.0212],[4.285,45.0259],[4.2834,45.0254],[4.2803,45.022],[4.2741,45.0235],[4.2686,45.0228],[4.2759,45.0299],[4.278,45.0403],[4.2784,45.0455],[4.2777,45.0545],[4.2745,45.0587],[4.2747,45.0603],[4.278,45.0607],[4.2798,45.0654],[4.2857,45.0654],[4.2861,45.0681],[4.2911,45.0695],[4.2902,45.0734],[4.2877,45.0752],[4.2849,45.0753],[4.286,45.078],[4.2894,45.0789],[4.2911,45.0811],[4.2883,45.0833],[4.29,45.0859],[4.2939,45.0897],[4.2969,45.0907],[4.3003,45.0902],[4.3039,45.0879],[4.3071,45.0867],[4.3107,45.0894],[4.3139,45.0903],[4.317,45.0894],[4.3203,45.0905],[4.3267,45.0902],[4.3292,45.087],[4.3286,45.0844],[4.3297,45.0821],[4.3349,45.0794],[4.3385,45.0759],[4.3464,45.075],[4.3482,45.0706],[4.3463,45.0705],[4.3458,45.0676],[4.3469,45.065],[4.3526,45.0641],[4.3561,45.061],[4.3587,45.0564],[4.3648,45.0537],[4.3658,45.0554],[4.3707,45.0564],[4.3757,45.0547],[4.3776,45.0549],[4.3805,45.05],[4.3816,45.0462],[4.3818,45.0418],[4.379,45.0362],[4.374,45.0364],[4.3598,45.0347],[4.3562,45.0338],[4.3534,45.0311],[4.3521,45.028]]]}},{"type":"Feature","properties":{"code":"43052","nom":"Champagnac-le-Vieux","pop":191},"geometry":{"type":"Polygon","coordinates":[[[3.5408,45.3474],[3.5409,45.3448],[3.5449,45.3369],[3.5476,45.3335],[3.5429,45.3329],[3.5389,45.3344],[3.5338,45.3313],[3.5328,45.3327],[3.5294,45.3308],[3.5235,45.3338],[3.5205,45.3337],[3.5185,45.3349],[3.5151,45.3325],[3.513,45.3236],[3.5099,45.3228],[3.5052,45.3226],[3.5011,45.3201],[3.4984,45.3212],[3.4976,45.3239],[3.5002,45.3266],[3.5016,45.3316],[3.5057,45.3381],[3.5002,45.3427],[3.4946,45.3409],[3.4896,45.3419],[3.4886,45.3398],[3.4851,45.3416],[3.4797,45.3423],[3.4767,45.3499],[3.4759,45.3562],[3.4801,45.3566],[3.4814,45.3615],[3.4807,45.3625],[3.4764,45.3618],[3.474,45.3645],[3.4702,45.365],[3.4637,45.3684],[3.4656,45.3699],[3.466,45.3736],[3.4724,45.3719],[3.4797,45.368],[3.4811,45.3707],[3.4814,45.3743],[3.4832,45.3756],[3.4834,45.3779],[3.4802,45.3813],[3.481,45.3837],[3.4834,45.3859],[3.4888,45.3873],[3.4942,45.3866],[3.5026,45.3824],[3.5067,45.3822],[3.5101,45.3798],[3.5152,45.3809],[3.5146,45.3754],[3.5178,45.3729],[3.5138,45.3727],[3.5104,45.3699],[3.5102,45.367],[3.5177,45.3634],[3.5215,45.3621],[3.5227,45.3579],[3.5297,45.3481],[3.5368,45.348],[3.5408,45.3474]]]}},{"type":"Feature","properties":{"code":"43053","nom":"Champclause","pop":201},"geometry":{"type":"Polygon","coordinates":[[[4.1963,45.0313],[4.1984,45.0292],[4.2043,45.028],[4.2052,45.0285],[4.2112,45.0262],[4.2123,45.0225],[4.2112,45.0208],[4.2083,45.0195],[4.2047,45.0197],[4.2003,45.0144],[4.2047,45.0116],[4.2021,45.0096],[4.2046,45.0078],[4.2041,45.0049],[4.1926,45.0047],[4.1886,45.0008],[4.1842,44.9981],[4.1768,45.0005],[4.1659,45.0026],[4.167,45.0065],[4.165,45.009],[4.1574,45.008],[4.1506,45.0166],[4.1416,45.0173],[4.1355,45.0215],[4.1338,45.0243],[4.1286,45.0242],[4.1241,45.0219],[4.1211,45.0195],[4.1187,45.0203],[4.1179,45.0224],[4.1123,45.0249],[4.1113,45.0292],[4.1192,45.0328],[4.1186,45.0354],[4.1156,45.0379],[4.1237,45.0472],[4.1297,45.054],[4.1352,45.0572],[4.1387,45.0494],[4.1506,45.0426],[4.159,45.0367],[4.1657,45.0335],[4.1669,45.0321],[4.1709,45.0318],[4.1739,45.0326],[4.1762,45.031],[4.1802,45.0316],[4.1837,45.0293],[4.1833,45.0278],[4.1922,45.0307],[4.1963,45.0313]]]}},{"type":"Feature","properties":{"code":"43054","nom":"Chanaleilles","pop":173},"geometry":{"type":"Polygon","coordinates":[[[3.4913,44.8082],[3.4871,44.8064],[3.4825,44.8078],[3.4785,44.8098],[3.4775,44.8137],[3.474,44.8165],[3.47,44.8226],[3.4679,44.8238],[3.4649,44.8273],[3.4617,44.8288],[3.4562,44.8291],[3.4555,44.8315],[3.4585,44.8358],[3.4587,44.8394],[3.4556,44.8443],[3.4515,44.8454],[3.4505,44.8471],[3.4448,44.8525],[3.4419,44.8542],[3.4387,44.8607],[3.4379,44.8725],[3.436,44.8802],[3.4458,44.8793],[3.4587,44.8841],[3.4615,44.8869],[3.4655,44.8876],[3.4675,44.8871],[3.4772,44.8887],[3.4823,44.889],[3.499,44.8947],[3.5016,44.8951],[3.5042,44.8975],[3.5093,44.8997],[3.516,44.8914],[3.5189,44.8931],[3.5237,44.8927],[3.526,44.8941],[3.5285,44.8887],[3.5328,44.8849],[3.5391,44.8777],[3.5385,44.8732],[3.5343,44.8739],[3.5316,44.8732],[3.5289,44.875],[3.5273,44.8725],[3.5249,44.872],[3.5165,44.8667],[3.5127,44.8647],[3.5196,44.861],[3.5296,44.8614],[3.5347,44.8599],[3.5362,44.8588],[3.5366,44.8551],[3.5346,44.8533],[3.5287,44.8518],[3.5272,44.8477],[3.5238,44.8443],[3.5226,44.8419],[3.5234,44.8386],[3.5215,44.8351],[3.5181,44.8313],[3.5085,44.8265],[3.5073,44.8242],[3.5061,44.8241],[3.4987,44.8188],[3.4937,44.814],[3.4928,44.8099],[3.4913,44.8082]]]}},{"type":"Feature","properties":{"code":"43055","nom":"Chaniat","pop":164},"geometry":{"type":"Polygon","coordinates":[[[3.5011,45.3201],[3.505,45.3178],[3.5027,45.3152],[3.5036,45.3108],[3.4999,45.3092],[3.4984,45.3055],[3.4988,45.3026],[3.4923,45.3003],[3.4895,45.2981],[3.4861,45.2988],[3.4848,45.3011],[3.4786,45.3001],[3.4771,45.2954],[3.4737,45.2948],[3.4702,45.2976],[3.4668,45.2965],[3.4642,45.2937],[3.4606,45.2919],[3.459,45.2952],[3.4622,45.2987],[3.462,45.3003],[3.4552,45.3034],[3.4455,45.3019],[3.4395,45.3006],[3.4383,45.3025],[3.4408,45.3032],[3.4429,45.3063],[3.4493,45.3071],[3.4534,45.3091],[3.4559,45.3126],[3.4653,45.3168],[3.4674,45.3202],[3.4664,45.3222],[3.4637,45.3237],[3.4653,45.3287],[3.4703,45.331],[3.4716,45.3342],[3.476,45.3348],[3.4807,45.3372],[3.4885,45.3373],[3.4946,45.3409],[3.5002,45.3427],[3.5057,45.3381],[3.5016,45.3316],[3.5002,45.3266],[3.4976,45.3239],[3.4984,45.3212],[3.5011,45.3201]]]}},{"type":"Feature","properties":{"code":"43056","nom":"Chanteuges","pop":403},"geometry":{"type":"Polygon","coordinates":[[[3.5044,45.0495],[3.5018,45.0527],[3.4993,45.0524],[3.5001,45.0562],[3.4979,45.0612],[3.5009,45.0602],[3.5036,45.061],[3.506,45.0636],[3.5045,45.0668],[3.509,45.0701],[3.5066,45.0735],[3.5091,45.0796],[3.5111,45.0829],[3.5093,45.0832],[3.5085,45.0858],[3.5128,45.0878],[3.5143,45.0923],[3.5128,45.0938],[3.5175,45.0956],[3.5259,45.0938],[3.53,45.0924],[3.5329,45.0929],[3.5373,45.0912],[3.5432,45.0869],[3.5418,45.0829],[3.544,45.0831],[3.5453,45.0809],[3.544,45.0753],[3.5393,45.0759],[3.5501,45.0662],[3.5555,45.0643],[3.5612,45.0651],[3.5652,45.0636],[3.568,45.0612],[3.5705,45.0595],[3.5646,45.0557],[3.5618,45.0549],[3.5617,45.0512],[3.5549,45.0479],[3.5493,45.0472],[3.5433,45.0496],[3.5376,45.051],[3.5359,45.0498],[3.5331,45.0502],[3.5322,45.0518],[3.5283,45.0523],[3.5275,45.0537],[3.5235,45.0548],[3.5218,45.0543],[3.5128,45.0549],[3.5085,45.0534],[3.5044,45.0495]]]}},{"type":"Feature","properties":{"code":"43057","nom":"La Chapelle-Bertin","pop":50},"geometry":{"type":"Polygon","coordinates":[[[3.6589,45.2294],[3.6614,45.2241],[3.6654,45.2222],[3.6648,45.2205],[3.6674,45.2193],[3.6703,45.216],[3.6756,45.2141],[3.6802,45.2119],[3.6796,45.2088],[3.6763,45.2062],[3.6644,45.2076],[3.6573,45.2059],[3.6591,45.2023],[3.6551,45.1975],[3.6515,45.1966],[3.6476,45.1966],[3.6422,45.1944],[3.6421,45.1984],[3.6395,45.2012],[3.6389,45.203],[3.6383,45.205],[3.6397,45.2076],[3.6356,45.2094],[3.6324,45.2099],[3.627,45.2093],[3.6246,45.2104],[3.6315,45.2165],[3.6302,45.2217],[3.6224,45.223],[3.619,45.2272],[3.6224,45.2288],[3.6211,45.2316],[3.6233,45.2361],[3.6286,45.2379],[3.6318,45.2402],[3.6351,45.2399],[3.6384,45.2384],[3.6399,45.2359],[3.6425,45.2356],[3.6412,45.2309],[3.6442,45.2298],[3.65,45.2302],[3.6551,45.2292],[3.6589,45.2294]]]}},{"type":"Feature","properties":{"code":"43058","nom":"La Chapelle-d'Aurec","pop":1115},"geometry":{"type":"Polygon","coordinates":[[[4.1543,45.3287],[4.154,45.3291],[4.1533,45.3313],[4.1547,45.3342],[4.1575,45.3346],[4.1628,45.3331],[4.1744,45.3328],[4.18,45.3317],[4.1823,45.3346],[4.1851,45.3357],[4.1887,45.339],[4.1901,45.3413],[4.1997,45.3409],[4.2052,45.3435],[4.205,45.3446],[4.2141,45.347],[4.2157,45.3485],[4.2226,45.3487],[4.2244,45.3412],[4.2279,45.3371],[4.2301,45.3309],[4.236,45.3272],[4.2376,45.3247],[4.2346,45.32],[4.2306,45.3178],[4.2307,45.3148],[4.2283,45.3128],[4.225,45.3143],[4.2218,45.3141],[4.2182,45.3153],[4.2139,45.3151],[4.2081,45.3197],[4.2049,45.3199],[4.2038,45.3215],[4.1994,45.3234],[4.1913,45.323],[4.188,45.3242],[4.1853,45.3228],[4.1842,45.3209],[4.1812,45.3217],[4.1794,45.3251],[4.1721,45.3282],[4.1679,45.3275],[4.1673,45.3288],[4.1567,45.3297],[4.1543,45.3287]]]}},{"type":"Feature","properties":{"code":"43059","nom":"La Chapelle-Geneste","pop":110},"geometry":{"type":"Polygon","coordinates":[[[3.6842,45.3801],[3.6862,45.3781],[3.6889,45.3794],[3.69,45.3735],[3.6967,45.3727],[3.6993,45.3719],[3.705,45.3739],[3.7064,45.3733],[3.7068,45.3693],[3.703,45.3682],[3.6966,45.3651],[3.6968,45.3628],[3.6999,45.3595],[3.7017,45.3592],[3.7061,45.3607],[3.7055,45.3592],[3.6999,45.356],[3.7,45.3508],[3.7014,45.3486],[3.6975,45.3464],[3.6951,45.3456],[3.6917,45.3461],[3.6888,45.3436],[3.6864,45.3382],[3.6816,45.336],[3.678,45.3299],[3.6791,45.325],[3.6767,45.3225],[3.67,45.3243],[3.6657,45.3261],[3.6598,45.3277],[3.659,45.3326],[3.6544,45.3327],[3.6514,45.3385],[3.6476,45.3408],[3.6439,45.3458],[3.6405,45.3483],[3.6449,45.3511],[3.6453,45.3532],[3.6439,45.3569],[3.6449,45.3593],[3.6515,45.3593],[3.653,45.3583],[3.6582,45.3604],[3.6638,45.3615],[3.6645,45.3676],[3.6669,45.3724],[3.6673,45.3766],[3.6701,45.3789],[3.6692,45.3811],[3.6738,45.3802],[3.6787,45.382],[3.6796,45.3842],[3.6842,45.3801]]]}},{"type":"Feature","properties":{"code":"43060","nom":"Charraix","pop":67},"geometry":{"type":"Polygon","coordinates":[[[3.5416,45.0087],[3.5443,45.0104],[3.549,45.011],[3.5518,45.0129],[3.5511,45.0162],[3.5521,45.0178],[3.5493,45.0198],[3.5422,45.0204],[3.5383,45.0222],[3.5396,45.0248],[3.5373,45.0262],[3.5393,45.0279],[3.5376,45.0303],[3.5392,45.0332],[3.542,45.0341],[3.5416,45.0359],[3.5442,45.0387],[3.5446,45.0423],[3.5424,45.0464],[3.5477,45.0456],[3.5503,45.0448],[3.5572,45.0404],[3.5569,45.038],[3.5596,45.038],[3.566,45.0397],[3.5715,45.0386],[3.5766,45.0396],[3.5776,45.0376],[3.5798,45.0329],[3.581,45.0282],[3.5784,45.0214],[3.5808,45.0188],[3.5853,45.0178],[3.5828,45.0163],[3.58,45.0163],[3.5775,45.0133],[3.574,45.0136],[3.5727,45.0122],[3.5691,45.0117],[3.5654,45.0088],[3.5628,45.0089],[3.5594,45.0109],[3.5582,45.0132],[3.5523,45.0118],[3.5502,45.0099],[3.5503,45.0081],[3.5447,45.0049],[3.5453,45.0037],[3.5431,45.0008],[3.5408,45.002],[3.5416,45.0087]]]}},{"type":"Feature","properties":{"code":"43061","nom":"Chaspinhac","pop":875},"geometry":{"type":"Polygon","coordinates":[[[3.9262,45.1083],[3.9322,45.1045],[3.9347,45.1019],[3.9389,45.1003],[3.9393,45.0978],[3.9433,45.0965],[3.9469,45.094],[3.9494,45.0941],[3.9505,45.0922],[3.9533,45.0913],[3.9561,45.0891],[3.9535,45.0851],[3.9594,45.0843],[3.9642,45.0864],[3.9653,45.0795],[3.9687,45.0776],[3.9728,45.0734],[3.9755,45.0725],[3.9721,45.0705],[3.9681,45.0695],[3.9656,45.072],[3.9608,45.0722],[3.9538,45.0711],[3.9536,45.0694],[3.9505,45.0658],[3.9476,45.066],[3.9464,45.0682],[3.9437,45.0682],[3.9415,45.0704],[3.9375,45.0677],[3.9367,45.07],[3.934,45.0729],[3.9306,45.0695],[3.9279,45.0683],[3.9254,45.0696],[3.9218,45.0695],[3.9186,45.069],[3.9162,45.07],[3.9124,45.0698],[3.9139,45.0734],[3.9142,45.0766],[3.9114,45.0768],[3.9109,45.0806],[3.9138,45.0824],[3.9088,45.0833],[3.9079,45.0865],[3.9114,45.0886],[3.9113,45.0923],[3.9081,45.0933],[3.9017,45.0925],[3.8993,45.0936],[3.8966,45.0992],[3.8979,45.1012],[3.8987,45.105],[3.8956,45.107],[3.9023,45.1104],[3.9054,45.1112],[3.9115,45.1088],[3.9127,45.1097],[3.9122,45.1131],[3.917,45.1146],[3.917,45.1121],[3.9262,45.1083]]]}},{"type":"Feature","properties":{"code":"43062","nom":"Chaspuzac","pop":876},"geometry":{"type":"Polygon","coordinates":[[[3.7177,45.0555],[3.7172,45.0578],[3.7202,45.0588],[3.7223,45.0616],[3.7177,45.0639],[3.7198,45.067],[3.7239,45.0673],[3.7274,45.0694],[3.7305,45.0702],[3.734,45.0711],[3.7376,45.0737],[3.7398,45.0735],[3.7481,45.0761],[3.7527,45.0796],[3.7569,45.0781],[3.7599,45.0783],[3.7617,45.0772],[3.764,45.08],[3.7659,45.0769],[3.7695,45.0785],[3.7763,45.0764],[3.7782,45.0693],[3.7842,45.067],[3.784,45.0629],[3.7771,45.0614],[3.7743,45.06],[3.7679,45.0602],[3.7669,45.0585],[3.7596,45.0563],[3.7592,45.0547],[3.7528,45.0549],[3.7494,45.0575],[3.7466,45.0569],[3.7436,45.0551],[3.7407,45.0545],[3.7378,45.0557],[3.7279,45.0515],[3.7274,45.0493],[3.7194,45.0526],[3.7204,45.0546],[3.7177,45.0555]]]}},{"type":"Feature","properties":{"code":"43063","nom":"Chassagnes","pop":160},"geometry":{"type":"Polygon","coordinates":[[[3.5655,45.2353],[3.5687,45.2349],[3.5738,45.2315],[3.5767,45.2288],[3.5756,45.2255],[3.5775,45.2226],[3.5776,45.2198],[3.579,45.2151],[3.5769,45.2125],[3.574,45.2117],[3.57,45.2062],[3.5675,45.2078],[3.564,45.2077],[3.5596,45.2099],[3.5513,45.2088],[3.5458,45.2085],[3.5428,45.2066],[3.5455,45.2019],[3.5479,45.1994],[3.548,45.1972],[3.5436,45.1977],[3.5424,45.1988],[3.537,45.1985],[3.5313,45.2],[3.531,45.2056],[3.5317,45.2074],[3.5299,45.209],[3.531,45.2122],[3.5287,45.2161],[3.5255,45.2171],[3.5213,45.2246],[3.5246,45.2282],[3.5265,45.229],[3.5303,45.2327],[3.5364,45.2326],[3.5379,45.2316],[3.5439,45.2349],[3.5471,45.2364],[3.5529,45.2353],[3.5559,45.2334],[3.5591,45.2343],[3.5636,45.2343],[3.5655,45.2353]]]}},{"type":"Feature","properties":{"code":"43064","nom":"Chassignolles","pop":64},"geometry":{"type":"Polygon","coordinates":[[[3.481,45.3837],[3.477,45.3805],[3.474,45.38],[3.4704,45.3781],[3.4645,45.3813],[3.4634,45.3837],[3.4532,45.3863],[3.4491,45.3877],[3.4477,45.3908],[3.4482,45.3946],[3.4502,45.3972],[3.4538,45.3978],[3.4559,45.4004],[3.4632,45.402],[3.4635,45.405],[3.4613,45.406],[3.4687,45.4114],[3.4709,45.4135],[3.477,45.416],[3.4769,45.4185],[3.4798,45.4211],[3.4887,45.4232],[3.4914,45.423],[3.4989,45.4275],[3.5013,45.4276],[3.504,45.4233],[3.502,45.4218],[3.5054,45.4145],[3.5052,45.413],[3.5076,45.41],[3.5116,45.4073],[3.516,45.407],[3.5214,45.4024],[3.5236,45.3991],[3.5227,45.3957],[3.5159,45.3935],[3.5134,45.3918],[3.5143,45.3896],[3.5146,45.3825],[3.5152,45.3809],[3.5101,45.3798],[3.5067,45.3822],[3.5026,45.3824],[3.4942,45.3866],[3.4888,45.3873],[3.4834,45.3859],[3.481,45.3837]]]}},{"type":"Feature","properties":{"code":"43065","nom":"Chastel","pop":122},"geometry":{"type":"Polygon","coordinates":[[[3.3078,45.0234],[3.3079,45.0255],[3.3049,45.0272],[3.3025,45.0304],[3.3004,45.0312],[3.299,45.0348],[3.2976,45.0359],[3.2975,45.0389],[3.3014,45.0426],[3.3044,45.044],[3.3049,45.0475],[3.3004,45.0519],[3.2997,45.0561],[3.2998,45.0608],[3.3022,45.0619],[3.3045,45.0604],[3.3065,45.0628],[3.303,45.0643],[3.3061,45.0674],[3.3088,45.0679],[3.3086,45.0715],[3.3104,45.0731],[3.3108,45.0762],[3.3125,45.0785],[3.3122,45.0809],[3.3146,45.0838],[3.3118,45.0858],[3.3088,45.0856],[3.3046,45.0878],[3.2983,45.0901],[3.2973,45.091],[3.2921,45.0901],[3.2898,45.0868],[3.2875,45.089],[3.2891,45.0918],[3.2857,45.0937],[3.2868,45.097],[3.2835,45.1003],[3.2823,45.1031],[3.2847,45.1034],[3.2921,45.1028],[3.2925,45.1052],[3.2944,45.1062],[3.301,45.1068],[3.3047,45.1064],[3.3034,45.1024],[3.3098,45.0999],[3.319,45.0988],[3.3229,45.0963],[3.3285,45.095],[3.3314,45.0955],[3.3326,45.0941],[3.3415,45.09],[3.3441,45.0867],[3.3408,45.0826],[3.3426,45.077],[3.3404,45.0748],[3.3405,45.0707],[3.3443,45.0705],[3.3491,45.0689],[3.3488,45.067],[3.3554,45.0639],[3.3545,45.062],[3.3575,45.0613],[3.3548,45.0589],[3.3577,45.0579],[3.3551,45.0557],[3.3545,45.0539],[3.3504,45.0504],[3.3456,45.0493],[3.343,45.047],[3.3442,45.0461],[3.3423,45.0454],[3.3407,45.0406],[3.3426,45.0371],[3.3438,45.0323],[3.3371,45.0254],[3.3319,45.0279],[3.3279,45.0307],[3.3263,45.0304],[3.3225,45.0272],[3.3209,45.0248],[3.3188,45.0247],[3.3132,45.0228],[3.3109,45.0204],[3.3078,45.0234]]]}},{"type":"Feature","properties":{"code":"43066","nom":"Chaudeyrolles","pop":129},"geometry":{"type":"Polygon","coordinates":[[[4.1902,44.9139],[4.1783,44.9164],[4.177,44.9172],[4.179,44.9256],[4.1773,44.9288],[4.1788,44.9339],[4.1716,44.9369],[4.1684,44.9389],[4.1661,44.9464],[4.1707,44.9503],[4.1732,44.9507],[4.1758,44.9533],[4.1745,44.956],[4.1757,44.9601],[4.1791,44.9644],[4.1838,44.965],[4.186,44.9644],[4.1896,44.9668],[4.194,44.9707],[4.1975,44.9688],[4.2032,44.9718],[4.2075,44.9733],[4.2116,44.9737],[4.2181,44.976],[4.218,44.9709],[4.2191,44.9698],[4.2181,44.9673],[4.2196,44.9652],[4.2195,44.9628],[4.2246,44.9631],[4.222,44.9616],[4.2219,44.9587],[4.2206,44.9549],[4.222,44.9534],[4.2232,44.9484],[4.2205,44.9458],[4.2165,44.9379],[4.2165,44.9335],[4.214,44.9317],[4.21,44.9306],[4.2025,44.927],[4.2034,44.9249],[4.1899,44.9142],[4.1902,44.9139]]]}},{"type":"Feature","properties":{"code":"43067","nom":"Chavaniac-Lafayette","pop":273},"geometry":{"type":"Polygon","coordinates":[[[3.6071,45.1468],[3.6036,45.1453],[3.5977,45.1474],[3.5931,45.1453],[3.5852,45.1454],[3.5816,45.145],[3.5752,45.1453],[3.5693,45.1503],[3.5686,45.1535],[3.5649,45.1563],[3.5602,45.1579],[3.5574,45.1601],[3.5551,45.1633],[3.5585,45.1663],[3.562,45.168],[3.5667,45.1702],[3.5699,45.1679],[3.5762,45.1663],[3.5789,45.1672],[3.5828,45.1699],[3.5876,45.1685],[3.5928,45.1678],[3.5963,45.1646],[3.5985,45.1649],[3.5996,45.1622],[3.6035,45.1628],[3.6045,45.1643],[3.6082,45.1632],[3.607,45.1619],[3.6084,45.1549],[3.6134,45.1542],[3.6135,45.1497],[3.6071,45.1468]]]}},{"type":"Feature","properties":{"code":"43068","nom":"Chazelles","pop":32},"geometry":{"type":"Polygon","coordinates":[[[3.4791,45.0335],[3.4818,45.0349],[3.485,45.0349],[3.4873,45.035],[3.4901,45.0371],[3.4945,45.038],[3.4932,45.0371],[3.4958,45.0343],[3.4997,45.0313],[3.5004,45.0283],[3.5038,45.0231],[3.5015,45.0209],[3.5033,45.0189],[3.5021,45.014],[3.4999,45.0142],[3.4985,45.012],[3.4972,45.0077],[3.492,45.0091],[3.4911,45.0075],[3.4877,45.0096],[3.4822,45.01],[3.4802,45.0135],[3.4782,45.0139],[3.4761,45.0171],[3.4796,45.0207],[3.4777,45.0235],[3.4781,45.0255],[3.4814,45.0258],[3.4818,45.0281],[3.4789,45.0317],[3.4791,45.0335]]]}},{"type":"Feature","properties":{"code":"43069","nom":"Chenereilles","pop":287},"geometry":{"type":"Polygon","coordinates":[[[4.2116,45.1483],[4.2171,45.1448],[4.2199,45.1475],[4.2251,45.1486],[4.2275,45.151],[4.2334,45.1522],[4.2364,45.1538],[4.2366,45.1573],[4.2466,45.1572],[4.2509,45.1506],[4.254,45.1502],[4.2579,45.151],[4.2592,45.1489],[4.2625,45.1469],[4.2604,45.1443],[4.264,45.1438],[4.2654,45.1456],[4.2719,45.1442],[4.2709,45.1423],[4.2664,45.1404],[4.2668,45.1374],[4.2656,45.1335],[4.2656,45.1296],[4.2666,45.1282],[4.2644,45.1255],[4.257,45.1259],[4.2574,45.1242],[4.2534,45.1231],[4.2521,45.1212],[4.2496,45.1211],[4.2451,45.1191],[4.241,45.121],[4.238,45.1198],[4.2347,45.1225],[4.2326,45.1232],[4.227,45.1205],[4.2185,45.1209],[4.2164,45.1226],[4.2105,45.1213],[4.2085,45.1215],[4.2083,45.127],[4.2097,45.1305],[4.2107,45.1373],[4.2086,45.1382],[4.2075,45.141],[4.2048,45.1414],[4.2081,45.1477],[4.2116,45.1483]]]}},{"type":"Feature","properties":{"code":"43070","nom":"Chilhac","pop":176},"geometry":{"type":"Polygon","coordinates":[[[3.432,45.1661],[3.4353,45.1646],[3.4381,45.1651],[3.4392,45.1678],[3.4434,45.1693],[3.4449,45.1715],[3.4488,45.172],[3.4508,45.1712],[3.4469,45.1684],[3.4509,45.166],[3.4505,45.1632],[3.4535,45.1633],[3.4528,45.1606],[3.4502,45.1581],[3.4499,45.1561],[3.4509,45.1521],[3.4488,45.1486],[3.4527,45.1462],[3.453,45.145],[3.4498,45.1463],[3.4462,45.1456],[3.4427,45.1434],[3.44,45.143],[3.4373,45.1471],[3.4382,45.1486],[3.4374,45.1529],[3.4349,45.1543],[3.4312,45.1542],[3.426,45.1563],[3.4216,45.1557],[3.42,45.1586],[3.4245,45.1615],[3.4256,45.1633],[3.432,45.1661]]]}},{"type":"Feature","properties":{"code":"43071","nom":"Chomelix","pop":457},"geometry":{"type":"Polygon","coordinates":[[[3.8593,45.2326],[3.8555,45.2345],[3.8518,45.2351],[3.8501,45.234],[3.8424,45.2381],[3.8387,45.2379],[3.8349,45.2357],[3.8316,45.2348],[3.8227,45.2336],[3.8222,45.2348],[3.8155,45.2377],[3.8163,45.2406],[3.8092,45.2443],[3.8072,45.2439],[3.8026,45.2408],[3.7995,45.2419],[3.7948,45.2414],[3.7901,45.2425],[3.789,45.2394],[3.7837,45.242],[3.7822,45.2451],[3.7779,45.2464],[3.778,45.2478],[3.7757,45.2528],[3.778,45.2555],[3.7811,45.256],[3.7744,45.2629],[3.7702,45.2688],[3.7739,45.2704],[3.7766,45.2726],[3.7808,45.2735],[3.7806,45.2769],[3.7843,45.2776],[3.7878,45.2751],[3.791,45.2749],[3.7924,45.2734],[3.8019,45.2735],[3.8064,45.276],[3.8088,45.275],[3.8124,45.2762],[3.8157,45.2744],[3.8232,45.2737],[3.8317,45.278],[3.8405,45.2796],[3.845,45.2772],[3.848,45.2822],[3.855,45.287],[3.8573,45.2896],[3.8588,45.2866],[3.8611,45.2866],[3.8622,45.2833],[3.8671,45.2837],[3.8679,45.2802],[3.8697,45.2796],[3.868,45.2726],[3.862,45.2692],[3.8552,45.2702],[3.8522,45.2669],[3.8543,45.265],[3.8523,45.263],[3.8509,45.2599],[3.8511,45.2574],[3.8502,45.2527],[3.852,45.2517],[3.8534,45.2491],[3.8518,45.2463],[3.8529,45.243],[3.8557,45.2424],[3.8567,45.2404],[3.8543,45.2387],[3.8605,45.2363],[3.8593,45.2326]]]}},{"type":"Feature","properties":{"code":"43072","nom":"La Chomette","pop":143},"geometry":{"type":"Polygon","coordinates":[[[3.446,45.2266],[3.4464,45.2291],[3.445,45.2305],[3.4513,45.2312],[3.4535,45.2327],[3.4555,45.2394],[3.4623,45.2376],[3.4661,45.2381],[3.4684,45.2371],[3.4733,45.2406],[3.4765,45.2416],[3.4763,45.2433],[3.4778,45.2423],[3.4774,45.24],[3.4814,45.2373],[3.4874,45.2347],[3.4915,45.2322],[3.4871,45.227],[3.4884,45.2248],[3.485,45.2247],[3.4814,45.2232],[3.4796,45.2195],[3.476,45.2191],[3.4705,45.2219],[3.4689,45.2194],[3.4655,45.2215],[3.4644,45.2206],[3.4648,45.2123],[3.4581,45.2126],[3.4552,45.2142],[3.4497,45.2123],[3.4483,45.2162],[3.4448,45.2234],[3.446,45.2266]]]}},{"type":"Feature","properties":{"code":"43073","nom":"Cistrières","pop":136},"geometry":{"type":"Polygon","coordinates":[[[3.5907,45.357],[3.5983,45.3536],[3.6041,45.3499],[3.6072,45.3444],[3.6087,45.343],[3.6186,45.3375],[3.628,45.339],[3.6338,45.3455],[3.6368,45.3457],[3.6405,45.3483],[3.6439,45.3458],[3.6476,45.3408],[3.6514,45.3385],[3.6544,45.3327],[3.659,45.3326],[3.6598,45.3277],[3.6569,45.3282],[3.6523,45.3274],[3.6409,45.3263],[3.6358,45.3248],[3.6399,45.32],[3.6422,45.3186],[3.64,45.315],[3.6405,45.3133],[3.6311,45.3114],[3.6263,45.3124],[3.6176,45.3087],[3.6164,45.3054],[3.6138,45.3032],[3.6139,45.3051],[3.6119,45.3064],[3.6056,45.3071],[3.601,45.3085],[3.5961,45.3112],[3.5935,45.3136],[3.5898,45.3159],[3.5845,45.317],[3.5784,45.3199],[3.5748,45.3197],[3.5707,45.3235],[3.5676,45.325],[3.568,45.3272],[3.565,45.3313],[3.5705,45.3351],[3.5775,45.3359],[3.5727,45.3428],[3.577,45.3427],[3.5798,45.344],[3.582,45.3466],[3.5817,45.3485],[3.585,45.3514],[3.5859,45.3539],[3.5907,45.357]]]}},{"type":"Feature","properties":{"code":"43074","nom":"Cohade","pop":893},"geometry":{"type":"Polygon","coordinates":[[[3.3481,45.3521],[3.3527,45.3528],[3.3564,45.3546],[3.3552,45.357],[3.3614,45.3583],[3.3639,45.3598],[3.3659,45.355],[3.3701,45.3539],[3.374,45.351],[3.3748,45.3487],[3.3801,45.3475],[3.3816,45.3427],[3.3886,45.3382],[3.3874,45.3354],[3.3877,45.3275],[3.3899,45.3253],[3.3944,45.323],[3.3974,45.3215],[3.3965,45.3189],[3.3948,45.3186],[3.3911,45.3181],[3.389,45.3191],[3.3799,45.3161],[3.3688,45.3153],[3.3674,45.3146],[3.364,45.3209],[3.3594,45.3244],[3.3561,45.3259],[3.3518,45.3323],[3.3552,45.3328],[3.3544,45.3351],[3.3569,45.3376],[3.3565,45.3425],[3.35,45.3481],[3.3481,45.3521]]]}},{"type":"Feature","properties":{"code":"43075","nom":"Collat","pop":77},"geometry":{"type":"Polygon","coordinates":[[[3.5866,45.2304],[3.5819,45.2345],[3.5798,45.2343],[3.5767,45.2288],[3.5738,45.2315],[3.5687,45.2349],[3.5655,45.2353],[3.5654,45.2405],[3.57,45.2407],[3.5706,45.2451],[3.5763,45.246],[3.5802,45.2472],[3.5811,45.2511],[3.5858,45.2531],[3.5903,45.25],[3.5938,45.2528],[3.5962,45.252],[3.6084,45.2576],[3.6093,45.2591],[3.6142,45.2621],[3.6173,45.265],[3.6198,45.2572],[3.625,45.2559],[3.6258,45.2529],[3.6246,45.25],[3.6269,45.2445],[3.626,45.2419],[3.6286,45.2379],[3.6233,45.2361],[3.6211,45.2316],[3.6224,45.2288],[3.619,45.2272],[3.6099,45.231],[3.6062,45.2338],[3.602,45.2343],[3.6023,45.2363],[3.5996,45.2368],[3.5992,45.239],[3.596,45.2391],[3.5946,45.2408],[3.5919,45.2405],[3.5916,45.2367],[3.589,45.2349],[3.5866,45.2304]]]}},{"type":"Feature","properties":{"code":"43076","nom":"Connangles","pop":131},"geometry":{"type":"Polygon","coordinates":[[[3.6142,45.2721],[3.6138,45.2748],[3.61,45.2785],[3.606,45.2835],[3.607,45.2855],[3.6143,45.2871],[3.6139,45.2916],[3.615,45.2941],[3.6149,45.2982],[3.6123,45.3008],[3.6138,45.3032],[3.6164,45.3054],[3.6176,45.3087],[3.6263,45.3124],[3.6311,45.3114],[3.6405,45.3133],[3.64,45.315],[3.6422,45.3186],[3.6399,45.32],[3.6358,45.3248],[3.6409,45.3263],[3.6523,45.3274],[3.6569,45.3282],[3.6598,45.3277],[3.6657,45.3261],[3.6676,45.3238],[3.6661,45.322],[3.6664,45.3166],[3.6695,45.3147],[3.6701,45.3121],[3.6725,45.3102],[3.6732,45.3079],[3.6726,45.3039],[3.6769,45.3027],[3.6791,45.301],[3.6839,45.3],[3.6849,45.2979],[3.6888,45.2965],[3.6906,45.2934],[3.6895,45.2895],[3.6856,45.2898],[3.6831,45.2921],[3.6797,45.2972],[3.6713,45.2992],[3.6667,45.2996],[3.6708,45.2931],[3.6699,45.2915],[3.6709,45.2892],[3.674,45.2893],[3.6799,45.2875],[3.6816,45.2883],[3.6845,45.284],[3.6812,45.2832],[3.6756,45.2807],[3.674,45.2791],[3.6709,45.2787],[3.6611,45.2799],[3.6573,45.2834],[3.6541,45.2844],[3.6509,45.2813],[3.6487,45.2818],[3.6478,45.2838],[3.6422,45.2818],[3.6367,45.2772],[3.6343,45.2767],[3.6298,45.279],[3.6268,45.2776],[3.6226,45.2768],[3.622,45.2746],[3.6201,45.2734],[3.6188,45.2695],[3.6142,45.2721]]]}},{"type":"Feature","properties":{"code":"43077","nom":"Costaros","pop":553},"geometry":{"type":"Polygon","coordinates":[[[3.8397,44.8994],[3.8405,44.8983],[3.8464,44.899],[3.8481,44.8981],[3.853,44.8986],[3.8573,44.8979],[3.8636,44.8949],[3.8641,44.8907],[3.8613,44.8917],[3.8588,44.8896],[3.8479,44.8891],[3.8472,44.8841],[3.8413,44.8845],[3.8384,44.8822],[3.8319,44.8848],[3.8274,44.884],[3.8264,44.885],[3.8276,44.8881],[3.8276,44.891],[3.8255,44.8924],[3.8261,44.8947],[3.8288,44.8963],[3.8297,44.8986],[3.836,44.9008],[3.8397,44.8994]]]}},{"type":"Feature","properties":{"code":"43078","nom":"Coubon","pop":3140},"geometry":{"type":"Polygon","coordinates":[[[3.9666,45.0122],[3.9608,45.01],[3.9592,45.0085],[3.9552,45.0099],[3.9509,45.0093],[3.9492,45.0118],[3.9369,45.0107],[3.9367,45.0072],[3.9353,45.002],[3.9313,45.0032],[3.9291,45.0011],[3.9312,45.0003],[3.9301,44.9962],[3.9279,44.9928],[3.9342,44.9883],[3.9387,44.9871],[3.9383,44.9854],[3.9408,44.9806],[3.9516,44.9758],[3.9523,44.9749],[3.9627,44.9709],[3.963,44.9684],[3.9688,44.9665],[3.963,44.963],[3.9572,44.9625],[3.9561,44.96],[3.9494,44.9614],[3.943,44.9654],[3.9398,44.9695],[3.9406,44.971],[3.9372,44.9731],[3.9362,44.9749],[3.9331,44.9748],[3.9293,44.9767],[3.9286,44.9782],[3.9193,44.9755],[3.9171,44.9783],[3.9152,44.9782],[3.9102,44.9804],[3.9055,44.9806],[3.9007,44.9838],[3.8975,44.984],[3.8978,44.9868],[3.8996,44.9882],[3.8969,44.9902],[3.8962,44.9924],[3.8928,44.9961],[3.8863,45.0006],[3.8796,45],[3.8825,45.0051],[3.8861,45.0083],[3.8913,45.0106],[3.8964,45.0114],[3.9048,45.0093],[3.9067,45.0124],[3.9094,45.0143],[3.9093,45.0175],[3.915,45.0237],[3.9232,45.0226],[3.9264,45.0232],[3.9284,45.0248],[3.9291,45.0278],[3.9324,45.0287],[3.9335,45.0303],[3.9363,45.0332],[3.9389,45.0316],[3.9432,45.0307],[3.9469,45.0285],[3.9518,45.0279],[3.9579,45.0252],[3.9658,45.0232],[3.9646,45.0219],[3.9656,45.015],[3.9666,45.0122]]]}},{"type":"Feature","properties":{"code":"43079","nom":"Couteuges","pop":286},"geometry":{"type":"Polygon","coordinates":[[[3.5233,45.1893],[3.5194,45.1883],[3.5212,45.1849],[3.5186,45.1827],[3.514,45.1831],[3.5125,45.1809],[3.5097,45.179],[3.5129,45.176],[3.5103,45.1746],[3.51,45.1716],[3.5143,45.1705],[3.5151,45.1674],[3.5068,45.1651],[3.5032,45.1649],[3.4936,45.1617],[3.4928,45.1631],[3.4943,45.1657],[3.4922,45.1695],[3.4942,45.1719],[3.4953,45.1751],[3.4873,45.1769],[3.4843,45.1763],[3.4813,45.178],[3.4782,45.1759],[3.4777,45.174],[3.4737,45.1769],[3.4708,45.1772],[3.4674,45.1793],[3.4735,45.1832],[3.4775,45.1877],[3.4755,45.191],[3.4717,45.1939],[3.4793,45.1977],[3.4844,45.1977],[3.4902,45.1986],[3.4929,45.1999],[3.501,45.2011],[3.5032,45.2006],[3.5034,45.2045],[3.5068,45.2057],[3.5118,45.201],[3.5132,45.1927],[3.5155,45.1928],[3.5233,45.1893]]]}},{"type":"Feature","properties":{"code":"43080","nom":"Craponne-sur-Arzon","pop":1998},"geometry":{"type":"Polygon","coordinates":[[[3.837,45.3665],[3.8432,45.3679],[3.8463,45.3693],[3.85,45.3676],[3.8501,45.364],[3.8546,45.3598],[3.8586,45.3594],[3.8602,45.3604],[3.8639,45.3593],[3.8688,45.356],[3.8736,45.3549],[3.8782,45.3548],[3.882,45.3566],[3.8877,45.3549],[3.8925,45.3542],[3.8939,45.3558],[3.8975,45.357],[3.8989,45.3501],[3.9008,45.3488],[3.9023,45.3449],[3.9026,45.3387],[3.8999,45.3374],[3.8968,45.3381],[3.8933,45.3376],[3.8903,45.3387],[3.888,45.3365],[3.8875,45.334],[3.885,45.3312],[3.8794,45.3275],[3.8755,45.3194],[3.8742,45.3146],[3.8714,45.312],[3.8708,45.3064],[3.8713,45.3038],[3.8697,45.3],[3.8649,45.2973],[3.8596,45.2964],[3.8558,45.2978],[3.8541,45.3004],[3.849,45.2993],[3.8443,45.2997],[3.8423,45.298],[3.8369,45.2999],[3.8349,45.3039],[3.8308,45.3043],[3.8293,45.3029],[3.8259,45.3051],[3.8218,45.3029],[3.8199,45.3041],[3.816,45.3036],[3.816,45.3056],[3.8127,45.3066],[3.8117,45.3075],[3.8146,45.3103],[3.8171,45.3104],[3.8191,45.3181],[3.8181,45.3212],[3.8152,45.3223],[3.8162,45.3262],[3.8138,45.3278],[3.8116,45.329],[3.8119,45.333],[3.8127,45.3368],[3.819,45.3382],[3.8185,45.3409],[3.8158,45.344],[3.8189,45.3464],[3.8266,45.3434],[3.8307,45.3451],[3.8318,45.3431],[3.8371,45.3434],[3.8376,45.3464],[3.8335,45.3534],[3.8306,45.3555],[3.8326,45.3578],[3.8318,45.3612],[3.835,45.3637],[3.837,45.3665]]]}},{"type":"Feature","properties":{"code":"43082","nom":"Cronce","pop":71},"geometry":{"type":"Polygon","coordinates":[[[3.3837,45.0968],[3.3844,45.0942],[3.3834,45.0925],[3.3845,45.0893],[3.3842,45.0856],[3.3816,45.0794],[3.3793,45.0777],[3.3791,45.075],[3.3768,45.0735],[3.3823,45.0693],[3.3804,45.0627],[3.3773,45.0609],[3.3735,45.0594],[3.3686,45.0564],[3.3624,45.0544],[3.3582,45.0539],[3.3541,45.0522],[3.3501,45.048],[3.3518,45.045],[3.3517,45.0421],[3.35,45.0408],[3.3477,45.0426],[3.3459,45.0459],[3.3442,45.0461],[3.343,45.047],[3.3456,45.0493],[3.3504,45.0504],[3.3545,45.0539],[3.3551,45.0557],[3.3577,45.0579],[3.3548,45.0589],[3.3575,45.0613],[3.3545,45.062],[3.3554,45.0639],[3.3488,45.067],[3.3491,45.0689],[3.3443,45.0705],[3.3405,45.0707],[3.3404,45.0748],[3.3426,45.077],[3.3408,45.0826],[3.3441,45.0867],[3.3415,45.09],[3.3326,45.0941],[3.3314,45.0955],[3.3285,45.095],[3.3328,45.0977],[3.3387,45.0983],[3.3402,45.1004],[3.3426,45.0995],[3.3457,45.1009],[3.3502,45.1012],[3.3547,45.1004],[3.3583,45.1012],[3.362,45.1042],[3.3683,45.1087],[3.3735,45.1082],[3.3757,45.1063],[3.3794,45.1084],[3.3837,45.11],[3.3853,45.1085],[3.3818,45.1062],[3.3828,45.1041],[3.3805,45.1015],[3.3809,45.0998],[3.3837,45.0968]]]}},{"type":"Feature","properties":{"code":"43083","nom":"Cubelles","pop":154},"geometry":{"type":"Polygon","coordinates":[[[3.5853,45.0178],[3.5895,45.0135],[3.5871,45.0089],[3.5892,45.0061],[3.5875,45.0039],[3.5898,45.0024],[3.5907,44.9998],[3.5872,44.9964],[3.5866,44.9912],[3.5853,44.9863],[3.5834,44.9843],[3.5778,44.9834],[3.5703,44.9846],[3.5607,44.9836],[3.5585,44.981],[3.5553,44.9792],[3.5493,44.9823],[3.5461,44.983],[3.5427,44.9816],[3.5417,44.9838],[3.5396,44.9845],[3.5332,44.9842],[3.5292,44.9867],[3.527,44.9893],[3.5366,44.9909],[3.5413,44.9942],[3.5431,45.0008],[3.5453,45.0037],[3.5447,45.0049],[3.5503,45.0081],[3.5502,45.0099],[3.5523,45.0118],[3.5582,45.0132],[3.5594,45.0109],[3.5628,45.0089],[3.5654,45.0088],[3.5691,45.0117],[3.5727,45.0122],[3.574,45.0136],[3.5775,45.0133],[3.58,45.0163],[3.5828,45.0163],[3.5853,45.0178]]]}},{"type":"Feature","properties":{"code":"43084","nom":"Cussac-sur-Loire","pop":1653},"geometry":{"type":"Polygon","coordinates":[[[3.9152,44.9782],[3.9153,44.9769],[3.9105,44.9748],[3.9082,44.973],[3.9045,44.9717],[3.9007,44.9722],[3.8927,44.978],[3.8935,44.9818],[3.8922,44.9844],[3.8874,44.9834],[3.8833,44.9818],[3.8794,44.9812],[3.8777,44.98],[3.8771,44.9767],[3.8747,44.9741],[3.8658,44.9728],[3.8627,44.9739],[3.8599,44.9735],[3.857,44.9712],[3.8529,44.9716],[3.851,44.9703],[3.8457,44.9716],[3.8438,44.9714],[3.8434,44.9738],[3.8464,44.9765],[3.8448,44.981],[3.8471,44.9824],[3.851,44.9864],[3.8528,44.9865],[3.8547,44.9913],[3.8561,44.9909],[3.8603,44.9974],[3.8658,44.9989],[3.8731,44.9999],[3.8796,45],[3.8863,45.0006],[3.8928,44.9961],[3.8962,44.9924],[3.8969,44.9902],[3.8996,44.9882],[3.8978,44.9868],[3.8975,44.984],[3.9007,44.9838],[3.9055,44.9806],[3.9102,44.9804],[3.9152,44.9782]]]}},{"type":"Feature","properties":{"code":"43085","nom":"Desges","pop":57},"geometry":{"type":"Polygon","coordinates":[[[3.441,45.0403],[3.4406,45.037],[3.446,45.034],[3.4508,45.033],[3.4524,45.0342],[3.4606,45.0316],[3.4622,45.0326],[3.4689,45.0305],[3.4756,45.0331],[3.4791,45.0335],[3.4789,45.0317],[3.4818,45.0281],[3.4814,45.0258],[3.4781,45.0255],[3.4777,45.0235],[3.4796,45.0207],[3.4761,45.0171],[3.4782,45.0139],[3.4783,45.0114],[3.4726,45.0105],[3.4688,45.0089],[3.463,45.0055],[3.4552,45.006],[3.4501,45.0035],[3.449,45.0051],[3.4506,45.0075],[3.4464,45.0083],[3.4445,45.0051],[3.442,45.0082],[3.4387,45.0098],[3.4357,45.0092],[3.4319,45.0096],[3.4288,45.0113],[3.4253,45.0093],[3.4203,45.0108],[3.4174,45.0088],[3.4131,45.0127],[3.408,45.0122],[3.4064,45.0152],[3.4095,45.0159],[3.4101,45.0179],[3.4064,45.0181],[3.4054,45.0203],[3.4031,45.0217],[3.4038,45.027],[3.4091,45.0312],[3.4098,45.0347],[3.4157,45.033],[3.4174,45.0341],[3.4139,45.039],[3.4157,45.0398],[3.4216,45.0401],[3.4305,45.0393],[3.4327,45.0383],[3.4388,45.0379],[3.441,45.0403]]]}},{"type":"Feature","properties":{"code":"43086","nom":"Domeyrat","pop":176},"geometry":{"type":"Polygon","coordinates":[[[3.4763,45.2433],[3.4753,45.2458],[3.4765,45.247],[3.4741,45.2529],[3.4763,45.2546],[3.4786,45.254],[3.4803,45.2508],[3.4864,45.2528],[3.4954,45.2604],[3.5036,45.2596],[3.5068,45.2579],[3.5059,45.2552],[3.5075,45.2531],[3.5133,45.252],[3.5158,45.2509],[3.5198,45.252],[3.523,45.2563],[3.5245,45.2549],[3.5283,45.2539],[3.5343,45.2542],[3.5353,45.2486],[3.5317,45.2452],[3.5351,45.2424],[3.5335,45.2417],[3.5322,45.2387],[3.525,45.2355],[3.5205,45.2349],[3.5181,45.2358],[3.5129,45.2361],[3.5113,45.2343],[3.5127,45.228],[3.5096,45.229],[3.5087,45.2324],[3.5037,45.2335],[3.5032,45.2361],[3.5002,45.2358],[3.4972,45.2379],[3.4972,45.2394],[3.4883,45.2368],[3.4874,45.2347],[3.4814,45.2373],[3.4774,45.24],[3.4778,45.2423],[3.4763,45.2433]]]}},{"type":"Feature","properties":{"code":"43087","nom":"Dunières","pop":2670},"geometry":{"type":"Polygon","coordinates":[[[4.2964,45.2133],[4.3006,45.2146],[4.2989,45.2183],[4.3009,45.2209],[4.3017,45.2258],[4.3059,45.229],[4.3093,45.2298],[4.3123,45.2319],[4.3204,45.2315],[4.3177,45.2367],[4.3229,45.2393],[4.3215,45.241],[4.3247,45.2431],[4.3224,45.2433],[4.3212,45.2452],[4.3279,45.2465],[4.3296,45.246],[4.3326,45.2479],[4.3384,45.2498],[4.3458,45.2487],[4.3483,45.2471],[4.3535,45.2484],[4.3567,45.2458],[4.3574,45.2436],[4.3553,45.2423],[4.3576,45.2391],[4.3578,45.2366],[4.3618,45.2384],[4.3682,45.2387],[4.3701,45.2367],[4.3763,45.235],[4.3807,45.2307],[4.3765,45.2206],[4.3795,45.2173],[4.3819,45.216],[4.3822,45.2133],[4.3799,45.2126],[4.381,45.2105],[4.3802,45.2082],[4.3834,45.2072],[4.3864,45.2032],[4.3851,45.1991],[4.3795,45.1974],[4.3852,45.1959],[4.3826,45.1907],[4.388,45.1851],[4.3885,45.1821],[4.3863,45.183],[4.3836,45.1822],[4.3639,45.1843],[4.3564,45.1862],[4.3509,45.1869],[4.3455,45.1867],[4.3423,45.1903],[4.3383,45.1913],[4.3345,45.1903],[4.3296,45.1922],[4.3268,45.192],[4.3237,45.1933],[4.3207,45.1926],[4.3175,45.1949],[4.3151,45.1973],[4.3137,45.203],[4.3073,45.2064],[4.3052,45.2082],[4.3007,45.2082],[4.3001,45.2098],[4.2964,45.212],[4.2964,45.2133]]]}},{"type":"Feature","properties":{"code":"43088","nom":"Espalem","pop":329},"geometry":{"type":"Polygon","coordinates":[[[3.2191,45.3261],[3.223,45.3252],[3.2282,45.328],[3.2315,45.3257],[3.2318,45.3239],[3.2342,45.3214],[3.2348,45.3183],[3.241,45.3179],[3.2456,45.3117],[3.2475,45.3111],[3.2521,45.3066],[3.2582,45.3062],[3.2625,45.3013],[3.2664,45.3003],[3.268,45.3014],[3.2694,45.2979],[3.2721,45.2946],[3.2751,45.2934],[3.2775,45.2894],[3.273,45.288],[3.2713,45.2898],[3.2637,45.2877],[3.2582,45.2879],[3.254,45.2874],[3.2497,45.2898],[3.2429,45.288],[3.2401,45.2865],[3.2354,45.2884],[3.2307,45.2878],[3.2279,45.2928],[3.2234,45.2936],[3.2231,45.2917],[3.218,45.2918],[3.2172,45.2868],[3.2144,45.2854],[3.2123,45.2871],[3.2094,45.2875],[3.2011,45.2899],[3.2003,45.2933],[3.1987,45.296],[3.1985,45.3007],[3.2017,45.2993],[3.2082,45.3054],[3.2109,45.3058],[3.2191,45.3261]]]}},{"type":"Feature","properties":{"code":"43089","nom":"Espaly-Saint-Marcel","pop":3585},"geometry":{"type":"Polygon","coordinates":[[[3.8749,45.0496],[3.876,45.048],[3.8726,45.0389],[3.8695,45.0368],[3.8666,45.0326],[3.8627,45.03],[3.8586,45.0287],[3.8552,45.0324],[3.8535,45.0374],[3.8472,45.0413],[3.8459,45.0463],[3.8415,45.0484],[3.8386,45.0522],[3.8366,45.0536],[3.8346,45.059],[3.8388,45.0591],[3.8428,45.0597],[3.8436,45.0571],[3.846,45.0575],[3.8484,45.0562],[3.8553,45.0586],[3.861,45.0587],[3.8657,45.0578],[3.8698,45.0559],[3.8723,45.0537],[3.8749,45.0496]]]}},{"type":"Feature","properties":{"code":"43090","nom":"Esplantas-Vazeilles","pop":126},"geometry":{"type":"Polygon","coordinates":[[[3.5093,44.8997],[3.5135,44.9016],[3.5173,44.902],[3.5293,44.9024],[3.5294,44.9043],[3.5334,44.9054],[3.5352,44.9075],[3.5334,44.9099],[3.536,44.9133],[3.5418,44.9125],[3.5442,44.9179],[3.5488,44.9178],[3.555,44.9203],[3.5575,44.9234],[3.5592,44.9234],[3.5622,44.9208],[3.5654,44.9195],[3.5689,44.9218],[3.5745,44.9184],[3.5773,44.9133],[3.5788,44.9129],[3.5874,44.9081],[3.5922,44.9078],[3.5951,44.9059],[3.6001,44.9068],[3.6054,44.9055],[3.6079,44.903],[3.6067,44.9003],[3.5986,44.898],[3.5987,44.8956],[3.5911,44.8947],[3.587,44.8916],[3.5857,44.889],[3.5839,44.8891],[3.5839,44.8844],[3.5801,44.8852],[3.5735,44.8855],[3.5664,44.8871],[3.5629,44.8897],[3.5524,44.8873],[3.5492,44.8874],[3.5417,44.8859],[3.5386,44.8888],[3.5394,44.8924],[3.5381,44.8943],[3.5356,44.8934],[3.5324,44.8956],[3.5277,44.8954],[3.526,44.8941],[3.5237,44.8927],[3.5189,44.8931],[3.516,44.8914],[3.5093,44.8997]]]}},{"type":"Feature","properties":{"code":"43091","nom":"Les Estables","pop":321},"geometry":{"type":"Polygon","coordinates":[[[4.1783,44.9164],[4.1902,44.9139],[4.1907,44.9121],[4.1839,44.9082],[4.1819,44.9084],[4.1828,44.9037],[4.1818,44.899],[4.1794,44.893],[4.1812,44.8905],[4.1782,44.8858],[4.1753,44.8855],[4.1718,44.8832],[4.1662,44.8823],[4.1619,44.8798],[4.1612,44.8771],[4.1592,44.8744],[4.1567,44.8733],[4.1513,44.8739],[4.1449,44.8736],[4.1384,44.8746],[4.1325,44.8737],[4.1315,44.8758],[4.1239,44.8761],[4.1182,44.8783],[4.1192,44.8807],[4.1178,44.884],[4.117,44.8908],[4.118,44.8937],[4.1164,44.9013],[4.1179,44.9037],[4.1157,44.9047],[4.1166,44.9078],[4.1126,44.9088],[4.11,44.9085],[4.1092,44.9109],[4.1064,44.9136],[4.1075,44.9144],[4.1019,44.9195],[4.1001,44.9184],[4.0964,44.9209],[4.0897,44.9193],[4.0889,44.9208],[4.0876,44.9254],[4.0836,44.9255],[4.0811,44.9272],[4.0815,44.9289],[4.0861,44.9291],[4.0887,44.9322],[4.0914,44.9304],[4.093,44.9344],[4.0968,44.935],[4.1017,44.9343],[4.1038,44.93],[4.1135,44.9274],[4.1191,44.9268],[4.1178,44.9312],[4.1195,44.9329],[4.1224,44.9326],[4.1272,44.9348],[4.1284,44.9373],[4.1282,44.9417],[4.1323,44.9409],[4.137,44.9374],[4.1384,44.9352],[4.1437,44.9358],[4.146,44.9367],[4.1454,44.94],[4.1508,44.9392],[4.1563,44.9308],[4.1606,44.921],[4.1665,44.9206],[4.1717,44.9177],[4.1783,44.9164]]]}},{"type":"Feature","properties":{"code":"43092","nom":"Fay-sur-Lignon","pop":335},"geometry":{"type":"Polygon","coordinates":[[[4.2345,44.9684],[4.2281,44.9654],[4.2246,44.9631],[4.2195,44.9628],[4.2196,44.9652],[4.2181,44.9673],[4.2191,44.9698],[4.218,44.9709],[4.2181,44.976],[4.2116,44.9737],[4.2075,44.9733],[4.2032,44.9718],[4.1975,44.9688],[4.194,44.9707],[4.1937,44.9753],[4.1899,44.9764],[4.1877,44.9788],[4.1879,44.9806],[4.1837,44.9823],[4.1843,44.9854],[4.1875,44.9885],[4.1881,44.9948],[4.19,44.9952],[4.191,44.998],[4.1886,45.0008],[4.1926,45.0047],[4.2041,45.0049],[4.2071,44.9996],[4.2104,45.0017],[4.2208,45.0027],[4.2219,45.0007],[4.2307,45.0027],[4.2327,45.0009],[4.2338,44.9938],[4.2332,44.9918],[4.2363,44.9906],[4.238,44.9875],[4.2364,44.985],[4.2371,44.9798],[4.2342,44.9755],[4.2345,44.9731],[4.2321,44.9703],[4.2345,44.9684]]]}},{"type":"Feature","properties":{"code":"43093","nom":"Félines","pop":298},"geometry":{"type":"Polygon","coordinates":[[[3.759,45.2286],[3.7541,45.2304],[3.7508,45.236],[3.7532,45.2393],[3.7573,45.24],[3.7624,45.2421],[3.7625,45.246],[3.7588,45.2455],[3.7548,45.246],[3.7521,45.2451],[3.7461,45.2457],[3.7463,45.248],[3.7439,45.2492],[3.7457,45.2515],[3.746,45.2549],[3.745,45.2564],[3.7397,45.2581],[3.7313,45.2581],[3.7306,45.2556],[3.7255,45.2561],[3.722,45.2535],[3.7145,45.2521],[3.7133,45.2534],[3.7136,45.2554],[3.7163,45.2604],[3.7202,45.2606],[3.7224,45.2659],[3.7229,45.2713],[3.726,45.2766],[3.7201,45.2793],[3.7225,45.2849],[3.7255,45.284],[3.7285,45.2812],[3.7348,45.2818],[3.738,45.2873],[3.7428,45.2896],[3.7442,45.2916],[3.7498,45.2895],[3.754,45.2873],[3.7572,45.2903],[3.7628,45.2917],[3.7685,45.2893],[3.7744,45.2878],[3.7751,45.2831],[3.7772,45.2792],[3.7806,45.2769],[3.7808,45.2735],[3.7766,45.2726],[3.7739,45.2704],[3.7702,45.2688],[3.7744,45.2629],[3.7811,45.256],[3.778,45.2555],[3.7757,45.2528],[3.778,45.2478],[3.7779,45.2464],[3.7822,45.2451],[3.7837,45.242],[3.7742,45.2378],[3.7664,45.2373],[3.7662,45.2345],[3.7641,45.2316],[3.7642,45.2301],[3.759,45.2286]]]}},{"type":"Feature","properties":{"code":"43094","nom":"Ferrussac","pop":77},"geometry":{"type":"Polygon","coordinates":[[[3.3773,45.0609],[3.3804,45.0627],[3.3823,45.0693],[3.3768,45.0735],[3.3791,45.075],[3.3793,45.0777],[3.3816,45.0794],[3.3842,45.0856],[3.3845,45.0893],[3.3834,45.0925],[3.3844,45.0942],[3.3837,45.0968],[3.386,45.0987],[3.3871,45.1019],[3.3868,45.1043],[3.3913,45.1032],[3.3924,45.1052],[3.3963,45.1057],[3.3982,45.1081],[3.4012,45.1079],[3.4054,45.1088],[3.4055,45.1059],[3.4086,45.1057],[3.4112,45.1077],[3.4151,45.1044],[3.4167,45.1065],[3.4192,45.1038],[3.4208,45.1058],[3.4265,45.1066],[3.4296,45.1048],[3.4358,45.106],[3.439,45.1046],[3.4403,45.0998],[3.4388,45.0985],[3.4369,45.0981],[3.4334,45.0941],[3.4356,45.0917],[3.4322,45.0857],[3.4288,45.0842],[3.4281,45.0803],[3.4252,45.0795],[3.417,45.0695],[3.4129,45.07],[3.4056,45.0687],[3.4014,45.0658],[3.3983,45.0646],[3.395,45.061],[3.3893,45.0572],[3.3852,45.0566],[3.3845,45.0542],[3.3798,45.0557],[3.3772,45.0581],[3.3773,45.0609]]]}},{"type":"Feature","properties":{"code":"43095","nom":"Fix-Saint-Geneys","pop":143},"geometry":{"type":"Polygon","coordinates":[[[3.6461,45.1355],[3.6494,45.1372],[3.6509,45.1398],[3.6566,45.1416],[3.6587,45.1435],[3.6576,45.1472],[3.6532,45.1513],[3.6548,45.1539],[3.658,45.155],[3.6604,45.1569],[3.6616,45.1601],[3.6641,45.157],[3.6662,45.1574],[3.6655,45.1599],[3.6675,45.161],[3.6681,45.1631],[3.674,45.1641],[3.6794,45.1614],[3.6814,45.1586],[3.6825,45.155],[3.6769,45.1517],[3.68,45.1461],[3.6801,45.1421],[3.6818,45.1407],[3.6798,45.1386],[3.6717,45.1405],[3.6692,45.139],[3.6706,45.1353],[3.6701,45.1311],[3.6723,45.1222],[3.6723,45.1193],[3.6699,45.1204],[3.6659,45.1175],[3.6626,45.1165],[3.6614,45.1196],[3.6554,45.122],[3.6525,45.1249],[3.6496,45.13],[3.6498,45.1333],[3.6451,45.1326],[3.6461,45.1355]]]}},{"type":"Feature","properties":{"code":"43096","nom":"Fontannes","pop":875},"geometry":{"type":"Polygon","coordinates":[[[3.4606,45.2919],[3.4577,45.2898],[3.4544,45.2887],[3.4501,45.2897],[3.4482,45.2911],[3.4456,45.287],[3.446,45.2827],[3.4434,45.2821],[3.4434,45.2791],[3.4361,45.2786],[3.4295,45.2794],[3.4284,45.2764],[3.4301,45.2758],[3.4292,45.27],[3.427,45.2684],[3.4242,45.2687],[3.422,45.2676],[3.4165,45.2711],[3.411,45.2769],[3.4082,45.2772],[3.4076,45.2795],[3.4099,45.2869],[3.4101,45.2894],[3.4119,45.2931],[3.4119,45.2966],[3.4048,45.2974],[3.4022,45.3005],[3.4035,45.3029],[3.406,45.3021],[3.4064,45.2999],[3.4104,45.2977],[3.4154,45.2978],[3.4142,45.3011],[3.4188,45.3016],[3.4216,45.3031],[3.4263,45.3023],[3.429,45.2986],[3.4395,45.3006],[3.4455,45.3019],[3.4552,45.3034],[3.462,45.3003],[3.4622,45.2987],[3.459,45.2952],[3.4606,45.2919]]]}},{"type":"Feature","properties":{"code":"43097","nom":"Freycenet-la-Cuche","pop":105},"geometry":{"type":"Polygon","coordinates":[[[4.1182,44.8783],[4.1164,44.8792],[4.104,44.8773],[4.102,44.8734],[4.0976,44.8736],[4.0926,44.8704],[4.0882,44.8704],[4.083,44.8687],[4.0792,44.8683],[4.0777,44.8698],[4.0794,44.8719],[4.0889,44.8775],[4.0824,44.8795],[4.0739,44.8857],[4.0754,44.8882],[4.0736,44.8938],[4.0745,44.8959],[4.0729,44.8988],[4.0748,44.8998],[4.0741,44.9029],[4.0753,44.9051],[4.0738,44.908],[4.0703,44.9094],[4.0723,44.9108],[4.0691,44.9121],[4.0748,44.9156],[4.0686,44.9202],[4.0688,44.9222],[4.0726,44.9226],[4.0751,44.9235],[4.0889,44.9208],[4.0897,44.9193],[4.0964,44.9209],[4.1001,44.9184],[4.1019,44.9195],[4.1075,44.9144],[4.1064,44.9136],[4.1092,44.9109],[4.11,44.9085],[4.1126,44.9088],[4.1166,44.9078],[4.1157,44.9047],[4.1179,44.9037],[4.1164,44.9013],[4.118,44.8937],[4.117,44.8908],[4.1178,44.884],[4.1192,44.8807],[4.1182,44.8783]]]}},{"type":"Feature","properties":{"code":"43098","nom":"Freycenet-la-Tour","pop":117},"geometry":{"type":"Polygon","coordinates":[[[4.0889,44.9208],[4.0751,44.9235],[4.0726,44.9226],[4.069,44.923],[4.0652,44.9254],[4.0582,44.9238],[4.0597,44.9263],[4.0575,44.9279],[4.0469,44.9317],[4.0481,44.9335],[4.0463,44.9349],[4.0486,44.9369],[4.0471,44.9407],[4.0469,44.946],[4.0498,44.9468],[4.0522,44.9482],[4.0538,44.9463],[4.0572,44.9456],[4.0616,44.9467],[4.058,44.9504],[4.0583,44.9537],[4.0614,44.9537],[4.0619,44.9497],[4.0644,44.9474],[4.0715,44.9442],[4.0773,44.9441],[4.0801,44.9423],[4.0853,44.9418],[4.0925,44.9404],[4.1021,44.9391],[4.0992,44.9365],[4.1017,44.9343],[4.0968,44.935],[4.093,44.9344],[4.0914,44.9304],[4.0887,44.9322],[4.0861,44.9291],[4.0815,44.9289],[4.0811,44.9272],[4.0836,44.9255],[4.0876,44.9254],[4.0889,44.9208]]]}},{"type":"Feature","properties":{"code":"43099","nom":"Frugerès-les-Mines","pop":548},"geometry":{"type":"Polygon","coordinates":[[[3.3158,45.384],[3.3121,45.3837],[3.3067,45.3802],[3.3011,45.3869],[3.3003,45.3892],[3.3048,45.3906],[3.311,45.3933],[3.3155,45.3897],[3.3158,45.384]]]}},{"type":"Feature","properties":{"code":"43100","nom":"Frugières-le-Pin","pop":185},"geometry":{"type":"Polygon","coordinates":[[[3.4786,45.254],[3.4819,45.2574],[3.4848,45.2639],[3.4814,45.2638],[3.476,45.2661],[3.4769,45.268],[3.4734,45.273],[3.473,45.2756],[3.4702,45.275],[3.4655,45.2794],[3.4646,45.2814],[3.472,45.2841],[3.4755,45.2846],[3.4789,45.2826],[3.4845,45.2807],[3.4857,45.2817],[3.4932,45.2832],[3.494,45.2846],[3.5007,45.2824],[3.502,45.2838],[3.5078,45.2869],[3.5184,45.2889],[3.5193,45.2911],[3.5241,45.2927],[3.5278,45.2899],[3.5251,45.2883],[3.5252,45.2847],[3.5218,45.2829],[3.5188,45.2827],[3.5167,45.2758],[3.5144,45.2714],[3.5163,45.2703],[3.5187,45.2668],[3.5212,45.261],[3.5234,45.2592],[3.5234,45.2571],[3.523,45.2563],[3.5198,45.252],[3.5158,45.2509],[3.5133,45.252],[3.5075,45.2531],[3.5059,45.2552],[3.5068,45.2579],[3.5036,45.2596],[3.4954,45.2604],[3.4864,45.2528],[3.4803,45.2508],[3.4786,45.254]]]}},{"type":"Feature","properties":{"code":"43101","nom":"Goudet","pop":85},"geometry":{"type":"Polygon","coordinates":[[[3.9014,44.8913],[3.9048,44.893],[3.9116,44.8938],[3.9139,44.8962],[3.9137,44.8982],[3.9076,44.901],[3.9078,44.9072],[3.9096,44.9082],[3.911,44.9114],[3.9134,44.9136],[3.9159,44.9128],[3.9193,44.9134],[3.9187,44.9114],[3.922,44.9094],[3.9217,44.9055],[3.9173,44.9022],[3.9195,44.9015],[3.9224,44.8974],[3.9252,44.8975],[3.9273,44.8956],[3.9274,44.8936],[3.9355,44.8889],[3.9367,44.8872],[3.9366,44.8846],[3.9396,44.8823],[3.9447,44.882],[3.9477,44.8806],[3.9469,44.8783],[3.9435,44.8792],[3.9411,44.8788],[3.9358,44.8807],[3.9334,44.8807],[3.9275,44.8826],[3.923,44.8836],[3.919,44.8836],[3.9211,44.88],[3.9182,44.8773],[3.9175,44.8785],[3.9165,44.8848],[3.9183,44.8873],[3.9165,44.8892],[3.9106,44.8916],[3.9014,44.8913]]]}},{"type":"Feature","properties":{"code":"43102","nom":"Grazac","pop":1152},"geometry":{"type":"Polygon","coordinates":[[[4.155,45.1914],[4.1583,45.1895],[4.1589,45.1867],[4.1605,45.1865],[4.1625,45.19],[4.1643,45.1909],[4.1645,45.1939],[4.1697,45.1954],[4.1698,45.1985],[4.1669,45.2019],[4.1636,45.2021],[4.1642,45.2042],[4.1672,45.2059],[4.1674,45.2091],[4.1715,45.2139],[4.166,45.2135],[4.1661,45.2159],[4.1638,45.2174],[4.1651,45.2202],[4.1671,45.2217],[4.1712,45.2211],[4.1787,45.2238],[4.1781,45.2248],[4.1809,45.2255],[4.1822,45.2231],[4.1845,45.2246],[4.1883,45.2238],[4.1959,45.2238],[4.1983,45.2218],[4.2015,45.2213],[4.2029,45.2185],[4.2078,45.2187],[4.2099,45.2163],[4.2072,45.2139],[4.2046,45.2104],[4.2024,45.2072],[4.2065,45.2017],[4.2041,45.1998],[4.2053,45.1946],[4.2039,45.1929],[4.2035,45.1879],[4.2056,45.1853],[4.203,45.1839],[4.2041,45.1806],[4.2019,45.1796],[4.2033,45.1775],[4.2009,45.1758],[4.2023,45.1742],[4.2012,45.1713],[4.2031,45.1693],[4.2058,45.1691],[4.2079,45.1671],[4.2053,45.1642],[4.2075,45.1597],[4.2056,45.1557],[4.2029,45.1552],[4.2001,45.1573],[4.1944,45.1565],[4.193,45.1615],[4.1905,45.163],[4.187,45.1623],[4.1867,45.1643],[4.1821,45.1673],[4.1786,45.167],[4.1777,45.1649],[4.1787,45.1621],[4.1756,45.1601],[4.1728,45.1611],[4.1702,45.1633],[4.1682,45.1665],[4.1762,45.1667],[4.1734,45.169],[4.1727,45.1713],[4.1703,45.1716],[4.1684,45.17],[4.1662,45.1712],[4.17,45.1743],[4.1697,45.1767],[4.1653,45.1758],[4.1633,45.1771],[4.1551,45.1784],[4.152,45.1806],[4.148,45.1807],[4.1481,45.1851],[4.1495,45.1874],[4.155,45.1914]]]}},{"type":"Feature","properties":{"code":"43103","nom":"Grenier-Montgon","pop":112},"geometry":{"type":"Polygon","coordinates":[[[3.2373,45.2801],[3.2361,45.2824],[3.2272,45.2822],[3.2243,45.2789],[3.225,45.2749],[3.2265,45.272],[3.2199,45.272],[3.2225,45.2757],[3.2204,45.2769],[3.2157,45.2767],[3.2117,45.2798],[3.2113,45.2814],[3.205,45.2814],[3.2024,45.2824],[3.1985,45.2814],[3.1979,45.2801],[3.1921,45.281],[3.1855,45.2796],[3.1862,45.2812],[3.1865,45.2862],[3.1904,45.2887],[3.1912,45.2908],[3.1881,45.2913],[3.1845,45.2936],[3.1888,45.2965],[3.193,45.2968],[3.1953,45.3011],[3.1985,45.3007],[3.1987,45.296],[3.2003,45.2933],[3.2011,45.2899],[3.2094,45.2875],[3.2123,45.2871],[3.2144,45.2854],[3.2172,45.2868],[3.218,45.2918],[3.2231,45.2917],[3.2234,45.2936],[3.2279,45.2928],[3.2307,45.2878],[3.2354,45.2884],[3.2401,45.2865],[3.2365,45.2829],[3.2373,45.2801]]]}},{"type":"Feature","properties":{"code":"43104","nom":"Grèzes","pop":182},"geometry":{"type":"Polygon","coordinates":[[[3.436,44.8802],[3.4272,44.8905],[3.4207,44.8949],[3.418,44.9009],[3.4195,44.9051],[3.417,44.9063],[3.4194,44.9084],[3.4231,44.9121],[3.4253,44.9156],[3.429,44.9173],[3.4333,44.9203],[3.4343,44.9227],[3.4389,44.9262],[3.4466,44.9268],[3.4592,44.9274],[3.4607,44.9263],[3.4654,44.9261],[3.4641,44.9297],[3.4644,44.9341],[3.4595,44.9373],[3.4623,44.9407],[3.4662,44.942],[3.4675,44.9437],[3.4744,44.945],[3.4806,44.9426],[3.4887,44.9452],[3.4911,44.9421],[3.4905,44.9393],[3.4946,44.9394],[3.4949,44.9373],[3.5004,44.9367],[3.5034,44.9342],[3.502,44.9326],[3.5064,44.9271],[3.5083,44.9256],[3.5114,44.9261],[3.5145,44.9204],[3.5184,44.9174],[3.5156,44.9165],[3.5153,44.9113],[3.5181,44.9042],[3.5173,44.902],[3.5135,44.9016],[3.5093,44.8997],[3.5042,44.8975],[3.5016,44.8951],[3.499,44.8947],[3.4823,44.889],[3.4772,44.8887],[3.4675,44.8871],[3.4655,44.8876],[3.4615,44.8869],[3.4587,44.8841],[3.4458,44.8793],[3.436,44.8802]]]}},{"type":"Feature","properties":{"code":"43105","nom":"Javaugues","pop":174},"geometry":{"type":"Polygon","coordinates":[[[3.4642,45.2937],[3.4668,45.2965],[3.4702,45.2976],[3.4737,45.2948],[3.4771,45.2954],[3.4786,45.3001],[3.4848,45.3011],[3.4861,45.2988],[3.4895,45.2981],[3.4923,45.3003],[3.4988,45.3026],[3.5024,45.3016],[3.5059,45.3019],[3.5092,45.3033],[3.5138,45.2989],[3.5132,45.2945],[3.515,45.2927],[3.5193,45.2911],[3.5184,45.2889],[3.5078,45.2869],[3.502,45.2838],[3.5007,45.2824],[3.494,45.2846],[3.4932,45.2832],[3.4857,45.2817],[3.4845,45.2807],[3.4789,45.2826],[3.4755,45.2846],[3.472,45.2841],[3.4646,45.2814],[3.466,45.2868],[3.4642,45.2937]]]}},{"type":"Feature","properties":{"code":"43106","nom":"Jax","pop":145},"geometry":{"type":"Polygon","coordinates":[[[3.6171,45.1921],[3.6206,45.1871],[3.6224,45.1816],[3.6254,45.18],[3.6276,45.1771],[3.6307,45.1758],[3.6306,45.1722],[3.6335,45.1675],[3.6349,45.1623],[3.6375,45.1606],[3.6411,45.1612],[3.6499,45.1607],[3.6488,45.1575],[3.6481,45.1525],[3.6447,45.1513],[3.6377,45.1515],[3.6351,45.1505],[3.6332,45.1482],[3.6281,45.1478],[3.6235,45.1465],[3.6206,45.1468],[3.6197,45.1519],[3.6146,45.1509],[3.6135,45.1497],[3.6134,45.1542],[3.6084,45.1549],[3.607,45.1619],[3.6082,45.1632],[3.6045,45.1643],[3.6035,45.1628],[3.5996,45.1622],[3.5985,45.1649],[3.5963,45.1646],[3.5928,45.1678],[3.5948,45.1699],[3.5938,45.1724],[3.5954,45.1741],[3.5939,45.1825],[3.5977,45.1851],[3.6015,45.1854],[3.5996,45.191],[3.6042,45.1912],[3.6022,45.1965],[3.6091,45.1971],[3.6136,45.1957],[3.6171,45.1921]]]}},{"type":"Feature","properties":{"code":"43107","nom":"Josat","pop":84},"geometry":{"type":"Polygon","coordinates":[[[3.6022,45.1965],[3.5994,45.1962],[3.5949,45.1972],[3.5943,45.2006],[3.596,45.2036],[3.5986,45.2048],[3.5992,45.2071],[3.5957,45.2095],[3.5932,45.2126],[3.5884,45.2167],[3.5871,45.2218],[3.5852,45.2269],[3.5866,45.2304],[3.589,45.2349],[3.5916,45.2367],[3.5919,45.2405],[3.5946,45.2408],[3.596,45.2391],[3.5992,45.239],[3.5996,45.2368],[3.6023,45.2363],[3.602,45.2343],[3.6062,45.2338],[3.6099,45.231],[3.619,45.2272],[3.6224,45.223],[3.6302,45.2217],[3.6315,45.2165],[3.6246,45.2104],[3.627,45.2093],[3.6324,45.2099],[3.6356,45.2094],[3.6397,45.2076],[3.6383,45.205],[3.6389,45.203],[3.6362,45.2036],[3.6308,45.2025],[3.6294,45.2014],[3.624,45.2002],[3.6273,45.1979],[3.6278,45.1956],[3.6303,45.1952],[3.6297,45.1917],[3.6214,45.1926],[3.6171,45.1921],[3.6136,45.1957],[3.6091,45.1971],[3.6022,45.1965]]]}},{"type":"Feature","properties":{"code":"43108","nom":"Jullianges","pop":426},"geometry":{"type":"Polygon","coordinates":[[[3.7442,45.2916],[3.7478,45.2996],[3.7481,45.3065],[3.7456,45.309],[3.7502,45.3117],[3.7598,45.3147],[3.7614,45.3164],[3.7651,45.3159],[3.768,45.3145],[3.7734,45.3192],[3.7799,45.3182],[3.781,45.3194],[3.7781,45.3215],[3.7787,45.3234],[3.7776,45.3283],[3.7836,45.3326],[3.7881,45.3298],[3.7932,45.3278],[3.7935,45.3264],[3.8007,45.3233],[3.8045,45.3247],[3.8045,45.3261],[3.8092,45.3274],[3.8124,45.3265],[3.8138,45.3278],[3.8162,45.3262],[3.8152,45.3223],[3.8181,45.3212],[3.8191,45.3181],[3.8171,45.3104],[3.8146,45.3103],[3.8117,45.3075],[3.8127,45.3066],[3.8106,45.3043],[3.8057,45.3028],[3.8056,45.3009],[3.8024,45.2961],[3.7974,45.2916],[3.7971,45.2899],[3.7915,45.2891],[3.7868,45.2865],[3.785,45.2866],[3.781,45.2847],[3.7811,45.2812],[3.7772,45.2792],[3.7751,45.2831],[3.7744,45.2878],[3.7685,45.2893],[3.7628,45.2917],[3.7572,45.2903],[3.754,45.2873],[3.7498,45.2895],[3.7442,45.2916]]]}},{"type":"Feature","properties":{"code":"43109","nom":"Lafarre","pop":86},"geometry":{"type":"Polygon","coordinates":[[[3.962,44.8591],[3.9654,44.8581],[3.9741,44.8589],[3.9775,44.8553],[3.9838,44.8561],[3.9836,44.8545],[3.9885,44.8495],[3.9918,44.849],[3.9928,44.8459],[4.0026,44.8495],[4.0057,44.849],[4.0076,44.8474],[4.0096,44.849],[4.0124,44.8487],[4.0139,44.8465],[4.0201,44.8459],[4.0238,44.8445],[4.0244,44.8418],[4.0287,44.8387],[4.0289,44.8347],[4.0263,44.8314],[4.0246,44.8318],[4.0201,44.8295],[4.0137,44.8314],[4.0147,44.8349],[4.014,44.8366],[4.0113,44.838],[4.0054,44.8381],[4.0047,44.8332],[4.0072,44.8302],[4.0063,44.8271],[4.0017,44.8249],[4.0002,44.8228],[4.0004,44.8197],[3.9979,44.82],[3.9949,44.8222],[3.9947,44.8257],[3.9916,44.8306],[3.9921,44.8326],[3.9881,44.8331],[3.9842,44.832],[3.9821,44.8324],[3.9799,44.8301],[3.981,44.8286],[3.98,44.8258],[3.9826,44.8244],[3.9876,44.8179],[3.9865,44.8129],[3.9816,44.8114],[3.9788,44.8136],[3.9705,44.8176],[3.9668,44.8206],[3.9651,44.8245],[3.9647,44.8283],[3.9636,44.8294],[3.9616,44.8312],[3.9635,44.8334],[3.9709,44.8371],[3.973,44.8392],[3.9735,44.8423],[3.9684,44.8481],[3.9673,44.8503],[3.965,44.8513],[3.9631,44.8557],[3.9615,44.8568],[3.962,44.8591]]]}},{"type":"Feature","properties":{"code":"43110","nom":"Lamothe","pop":819},"geometry":{"type":"Polygon","coordinates":[[[3.4137,45.334],[3.4172,45.3325],[3.422,45.3313],[3.4227,45.3288],[3.4276,45.3267],[3.4279,45.3225],[3.4318,45.3229],[3.4358,45.3224],[3.4383,45.3187],[3.4416,45.3195],[3.4426,45.3216],[3.4463,45.3189],[3.4476,45.3203],[3.45,45.3273],[3.4559,45.327],[3.4606,45.3245],[3.4637,45.3237],[3.4664,45.3222],[3.4674,45.3202],[3.4653,45.3168],[3.4559,45.3126],[3.4534,45.3091],[3.4493,45.3071],[3.4429,45.3063],[3.4408,45.3032],[3.4383,45.3025],[3.4395,45.3006],[3.429,45.2986],[3.4263,45.3023],[3.4216,45.3031],[3.4188,45.3016],[3.4142,45.3011],[3.4154,45.2978],[3.4104,45.2977],[3.4064,45.2999],[3.406,45.3021],[3.4035,45.3029],[3.4047,45.3041],[3.404,45.3098],[3.4004,45.309],[3.3993,45.3121],[3.3955,45.3149],[3.3948,45.3186],[3.3965,45.3189],[3.3974,45.3215],[3.3944,45.323],[3.3988,45.326],[3.4082,45.3276],[3.4092,45.3309],[3.4137,45.334]]]}},{"type":"Feature","properties":{"code":"43111","nom":"Landos","pop":873},"geometry":{"type":"Polygon","coordinates":[[[3.8729,44.8266],[3.8701,44.8227],[3.8639,44.8176],[3.8649,44.8154],[3.8611,44.8107],[3.859,44.8111],[3.8552,44.8095],[3.8508,44.8098],[3.8492,44.8086],[3.845,44.8095],[3.8394,44.8063],[3.8354,44.8082],[3.8377,44.8114],[3.8355,44.8136],[3.8319,44.8142],[3.8323,44.8188],[3.8271,44.8196],[3.8238,44.8213],[3.8253,44.8242],[3.8219,44.8269],[3.8238,44.8291],[3.8179,44.8304],[3.8142,44.8318],[3.8104,44.8302],[3.8077,44.8309],[3.8042,44.828],[3.801,44.8291],[3.7973,44.8252],[3.7981,44.8298],[3.7973,44.832],[3.8004,44.8359],[3.8028,44.8368],[3.805,44.8424],[3.8056,44.8455],[3.8103,44.845],[3.8122,44.847],[3.811,44.8517],[3.811,44.855],[3.8094,44.8596],[3.8157,44.8609],[3.8174,44.8631],[3.8216,44.8649],[3.8248,44.8688],[3.8185,44.8723],[3.8162,44.8729],[3.8178,44.8773],[3.8198,44.8793],[3.8243,44.8816],[3.8274,44.884],[3.8319,44.8848],[3.8384,44.8822],[3.8413,44.8845],[3.8472,44.8841],[3.8479,44.8891],[3.8588,44.8896],[3.8597,44.8889],[3.8602,44.8845],[3.8638,44.8851],[3.8647,44.8835],[3.8627,44.8786],[3.8665,44.8773],[3.8667,44.8758],[3.8705,44.8745],[3.8767,44.8765],[3.8788,44.8778],[3.8823,44.8771],[3.8859,44.8779],[3.8872,44.8808],[3.8864,44.8777],[3.8839,44.8768],[3.8836,44.873],[3.8847,44.8711],[3.8858,44.864],[3.8836,44.8632],[3.8802,44.8636],[3.8802,44.8607],[3.8814,44.8574],[3.8809,44.8523],[3.8798,44.8493],[3.88,44.8457],[3.8731,44.8459],[3.869,44.8424],[3.8584,44.8386],[3.8636,44.8322],[3.8665,44.8301],[3.8729,44.8266]]]}},{"type":"Feature","properties":{"code":"43112","nom":"Langeac","pop":3499},"geometry":{"type":"Polygon","coordinates":[[[3.5259,45.0938],[3.5175,45.0956],[3.5128,45.0938],[3.5143,45.0923],[3.5128,45.0878],[3.5085,45.0858],[3.5093,45.0832],[3.5111,45.0829],[3.5091,45.0796],[3.5066,45.0735],[3.509,45.0701],[3.5045,45.0668],[3.506,45.0636],[3.5036,45.061],[3.5009,45.0602],[3.4979,45.0612],[3.5001,45.0562],[3.4993,45.0524],[3.5018,45.0527],[3.5044,45.0495],[3.5037,45.0457],[3.5009,45.0456],[3.4972,45.0415],[3.4949,45.0404],[3.4945,45.038],[3.4901,45.0371],[3.4873,45.035],[3.485,45.0349],[3.4826,45.0385],[3.4822,45.0459],[3.4774,45.0492],[3.4827,45.0535],[3.4828,45.0556],[3.4857,45.0579],[3.4855,45.062],[3.4754,45.061],[3.4719,45.0587],[3.4687,45.0586],[3.465,45.0567],[3.4608,45.0557],[3.457,45.058],[3.4594,45.0594],[3.459,45.0651],[3.4504,45.0688],[3.4493,45.0738],[3.4454,45.0722],[3.443,45.0751],[3.438,45.076],[3.4358,45.0776],[3.432,45.0796],[3.4281,45.0803],[3.4288,45.0842],[3.4322,45.0857],[3.4356,45.0917],[3.4334,45.0941],[3.4369,45.0981],[3.4388,45.0985],[3.4432,45.0966],[3.4467,45.0977],[3.4486,45.1001],[3.4518,45.1015],[3.4509,45.1029],[3.4565,45.1034],[3.4551,45.1076],[3.46,45.1139],[3.4585,45.1153],[3.4619,45.117],[3.4642,45.1164],[3.4633,45.1147],[3.4684,45.1131],[3.4701,45.1115],[3.4751,45.1103],[3.4783,45.1126],[3.482,45.114],[3.4857,45.1136],[3.4924,45.1145],[3.496,45.1125],[3.5001,45.1111],[3.5026,45.1083],[3.505,45.107],[3.5056,45.1046],[3.5096,45.105],[3.509,45.1024],[3.5146,45.1034],[3.516,45.1009],[3.5219,45.1004],[3.5217,45.0986],[3.5275,45.0954],[3.5259,45.0938]]]}},{"type":"Feature","properties":{"code":"43113","nom":"Lantriac","pop":1921},"geometry":{"type":"Polygon","coordinates":[[[3.975,45.0055],[3.979,45.0062],[3.9824,45.0035],[3.9849,45.0044],[3.9891,45.0073],[3.9903,45.0092],[3.9951,45.0119],[3.9957,45.0141],[3.9993,45.0153],[3.9998,45.0173],[4.007,45.0166],[4.01,45.0138],[4.0122,45.015],[4.0173,45.0122],[4.0189,45.0091],[4.022,45.0088],[4.0259,45.007],[4.0269,45.0048],[4.0317,45.0024],[4.0358,45.0011],[4.039,45.0018],[4.0436,44.9976],[4.0491,44.9949],[4.0523,44.9946],[4.0548,44.9933],[4.0551,44.9906],[4.05,44.9888],[4.0468,44.9892],[4.0467,44.9858],[4.0451,44.9813],[4.0399,44.9809],[4.0365,44.9849],[4.0275,44.9836],[4.0284,44.981],[4.0249,44.9817],[4.0222,44.9809],[4.0213,44.9784],[4.0181,44.9773],[4.0183,44.9807],[4.016,44.9816],[4.0143,44.9792],[4.0098,44.9772],[4.005,44.9731],[4.0061,44.9721],[4.0026,44.9685],[4.0057,44.964],[4.0043,44.9631],[3.9892,44.9631],[3.987,44.9643],[3.9847,44.9637],[3.9814,44.9665],[3.9777,44.9648],[3.9763,44.9657],[3.9724,44.9651],[3.9688,44.9665],[3.963,44.9684],[3.9627,44.9709],[3.9666,44.9722],[3.9697,44.971],[3.975,44.9704],[3.9767,44.9717],[3.974,44.975],[3.976,44.9764],[3.9741,44.9781],[3.9704,44.9791],[3.9655,44.9821],[3.9615,44.9826],[3.9632,44.9859],[3.9618,44.9879],[3.9632,44.9907],[3.9694,44.9925],[3.971,44.9936],[3.9749,44.9916],[3.9785,44.9916],[3.9808,44.9945],[3.9818,44.9974],[3.9805,45.0008],[3.9764,45.0027],[3.975,45.0055]]]}},{"type":"Feature","properties":{"code":"43114","nom":"Lapte","pop":1806},"geometry":{"type":"Polygon","coordinates":[[[4.2029,45.1552],[4.2056,45.1557],[4.2075,45.1597],[4.2053,45.1642],[4.2079,45.1671],[4.2058,45.1691],[4.2031,45.1693],[4.2012,45.1713],[4.2023,45.1742],[4.2009,45.1758],[4.2033,45.1775],[4.2019,45.1796],[4.2041,45.1806],[4.203,45.1839],[4.2056,45.1853],[4.2035,45.1879],[4.2039,45.1929],[4.2053,45.1946],[4.2041,45.1998],[4.2065,45.2017],[4.2024,45.2072],[4.2046,45.2104],[4.2107,45.2115],[4.2158,45.2092],[4.2188,45.2064],[4.2235,45.2079],[4.2299,45.2083],[4.2291,45.2108],[4.2302,45.213],[4.2311,45.2178],[4.2306,45.2194],[4.2348,45.2196],[4.238,45.2183],[4.2403,45.2166],[4.2438,45.2165],[4.2434,45.2147],[4.2492,45.2148],[4.2479,45.2132],[4.2492,45.2082],[4.2545,45.2025],[4.2526,45.2009],[4.2531,45.1964],[4.2579,45.1934],[4.2595,45.1915],[4.2623,45.1907],[4.2608,45.1858],[4.2582,45.1819],[4.2651,45.176],[4.2643,45.1746],[4.2671,45.173],[4.2684,45.1697],[4.2735,45.1665],[4.2778,45.1663],[4.2787,45.165],[4.2882,45.1607],[4.29,45.1587],[4.2898,45.1585],[4.2865,45.1553],[4.2822,45.1548],[4.2794,45.1533],[4.2772,45.1549],[4.276,45.1574],[4.2656,45.1589],[4.2629,45.1551],[4.2634,45.1534],[4.2579,45.151],[4.254,45.1502],[4.2509,45.1506],[4.2466,45.1572],[4.2366,45.1573],[4.2364,45.1538],[4.2334,45.1522],[4.2275,45.151],[4.2251,45.1486],[4.2199,45.1475],[4.2171,45.1448],[4.2116,45.1483],[4.2131,45.1517],[4.2115,45.153],[4.2037,45.1538],[4.2029,45.1552]]]}},{"type":"Feature","properties":{"code":"43115","nom":"Laussonne","pop":1011},"geometry":{"type":"Polygon","coordinates":[[[4.0498,44.9468],[4.0478,44.9468],[4.0441,44.9488],[4.0336,44.952],[4.0301,44.9545],[4.0277,44.9513],[4.0247,44.9495],[4.0228,44.9512],[4.0206,44.9495],[4.0129,44.9508],[4.013,44.9542],[4.0157,44.9557],[4.017,44.9588],[4.0099,44.9614],[4.0095,44.9636],[4.0057,44.964],[4.0026,44.9685],[4.0061,44.9721],[4.005,44.9731],[4.0098,44.9772],[4.0143,44.9792],[4.016,44.9816],[4.0183,44.9807],[4.0181,44.9773],[4.0213,44.9784],[4.0222,44.9809],[4.0249,44.9817],[4.0284,44.981],[4.0275,44.9836],[4.0365,44.9849],[4.0399,44.9809],[4.0451,44.9813],[4.0467,44.9858],[4.0468,44.9892],[4.05,44.9888],[4.0551,44.9906],[4.0548,44.9933],[4.0594,44.9931],[4.0601,44.9906],[4.0591,44.9892],[4.0604,44.9868],[4.0637,44.985],[4.0652,44.9875],[4.0754,44.9879],[4.081,44.984],[4.0788,44.9808],[4.0852,44.98],[4.0864,44.9808],[4.0913,44.9777],[4.0958,44.9756],[4.0938,44.9696],[4.0896,44.968],[4.0875,44.9647],[4.0904,44.9615],[4.0895,44.9569],[4.0846,44.9552],[4.082,44.9536],[4.0843,44.9513],[4.0833,44.9497],[4.0852,44.9473],[4.0824,44.9441],[4.0853,44.9418],[4.0801,44.9423],[4.0773,44.9441],[4.0715,44.9442],[4.0644,44.9474],[4.0619,44.9497],[4.0614,44.9537],[4.0583,44.9537],[4.058,44.9504],[4.0616,44.9467],[4.0572,44.9456],[4.0538,44.9463],[4.0522,44.9482],[4.0498,44.9468]]]}},{"type":"Feature","properties":{"code":"43116","nom":"Laval-sur-Doulon","pop":59},"geometry":{"type":"Polygon","coordinates":[[[3.5476,45.3335],[3.5449,45.3369],[3.5409,45.3448],[3.5408,45.3474],[3.5424,45.349],[3.5432,45.3527],[3.5495,45.3519],[3.5555,45.3532],[3.553,45.3568],[3.5525,45.36],[3.5571,45.3621],[3.5616,45.3658],[3.5681,45.3685],[3.5717,45.3718],[3.5692,45.3779],[3.5662,45.382],[3.5689,45.3857],[3.5799,45.3826],[3.5811,45.3828],[3.587,45.3768],[3.5874,45.3736],[3.5846,45.3684],[3.5865,45.362],[3.5907,45.357],[3.5859,45.3539],[3.585,45.3514],[3.5817,45.3485],[3.582,45.3466],[3.5798,45.344],[3.577,45.3427],[3.5727,45.3428],[3.5775,45.3359],[3.5705,45.3351],[3.565,45.3313],[3.5572,45.3343],[3.5537,45.3319],[3.5519,45.3278],[3.5487,45.3302],[3.5476,45.3335]]]}},{"type":"Feature","properties":{"code":"43117","nom":"Lavaudieu","pop":243},"geometry":{"type":"Polygon","coordinates":[[[3.4646,45.2814],[3.4655,45.2794],[3.4702,45.275],[3.473,45.2756],[3.4734,45.273],[3.4769,45.268],[3.476,45.2661],[3.4814,45.2638],[3.4848,45.2639],[3.4819,45.2574],[3.4786,45.254],[3.4763,45.2546],[3.4741,45.2529],[3.4765,45.247],[3.4753,45.2458],[3.4763,45.2433],[3.4765,45.2416],[3.4733,45.2406],[3.4684,45.2371],[3.4661,45.2381],[3.4623,45.2376],[3.4555,45.2394],[3.4535,45.2327],[3.4494,45.2386],[3.4464,45.2415],[3.4406,45.2441],[3.4429,45.2462],[3.4312,45.2515],[3.428,45.2548],[3.4272,45.257],[3.4277,45.2605],[3.4267,45.2627],[3.4287,45.2667],[3.4292,45.27],[3.4301,45.2758],[3.4284,45.2764],[3.4295,45.2794],[3.4361,45.2786],[3.4434,45.2791],[3.4434,45.2821],[3.446,45.2827],[3.4456,45.287],[3.4482,45.2911],[3.4501,45.2897],[3.4544,45.2887],[3.4577,45.2898],[3.4606,45.2919],[3.4642,45.2937],[3.466,45.2868],[3.4646,45.2814]]]}},{"type":"Feature","properties":{"code":"43118","nom":"Lavoûte-Chilhac","pop":254},"geometry":{"type":"Polygon","coordinates":[[[3.4216,45.1557],[3.4204,45.1545],[3.4199,45.1499],[3.4211,45.1474],[3.4196,45.1452],[3.4146,45.1451],[3.4111,45.1457],[3.4087,45.1488],[3.4063,45.1491],[3.4031,45.1471],[3.3971,45.1464],[3.3946,45.1478],[3.3922,45.1472],[3.3917,45.1498],[3.3987,45.1524],[3.3957,45.1537],[3.3959,45.1556],[3.3942,45.1589],[3.3972,45.1605],[3.3994,45.1601],[3.4027,45.1571],[3.4056,45.1575],[3.412,45.1623],[3.4138,45.1673],[3.417,45.1663],[3.42,45.1674],[3.4249,45.1655],[3.432,45.1661],[3.4256,45.1633],[3.4245,45.1615],[3.42,45.1586],[3.4216,45.1557]]]}},{"type":"Feature","properties":{"code":"43119","nom":"Lavoûte-sur-Loire","pop":805},"geometry":{"type":"Polygon","coordinates":[[[3.8956,45.107],[3.8931,45.1073],[3.8905,45.1062],[3.8911,45.1097],[3.8852,45.1124],[3.8776,45.1118],[3.8721,45.1123],[3.8716,45.1133],[3.8723,45.1206],[3.8759,45.1253],[3.8761,45.1269],[3.8784,45.1289],[3.88,45.1321],[3.883,45.1334],[3.8931,45.1316],[3.9013,45.1311],[3.9096,45.1326],[3.9179,45.1267],[3.9205,45.128],[3.9253,45.1264],[3.9284,45.1272],[3.9299,45.1255],[3.9334,45.1249],[3.9382,45.1209],[3.9375,45.1184],[3.9383,45.1158],[3.9361,45.1131],[3.9316,45.1118],[3.9262,45.1083],[3.917,45.1121],[3.917,45.1146],[3.9122,45.1131],[3.9127,45.1097],[3.9115,45.1088],[3.9054,45.1112],[3.9023,45.1104],[3.8956,45.107]]]}},{"type":"Feature","properties":{"code":"43120","nom":"Lempdes-sur-Allagnon","pop":1293},"geometry":{"type":"Polygon","coordinates":[[[3.26,45.391],[3.2626,45.3919],[3.2714,45.3928],[3.2808,45.3966],[3.283,45.3985],[3.2867,45.3998],[3.2956,45.3949],[3.2998,45.39],[3.297,45.3814],[3.2933,45.3802],[3.2916,45.3774],[3.2945,45.3751],[3.2977,45.3744],[3.2998,45.3691],[3.3014,45.3683],[3.3046,45.3644],[3.2998,45.3621],[3.2922,45.3608],[3.2911,45.362],[3.2856,45.3611],[3.2823,45.3626],[3.2784,45.3607],[3.2787,45.3593],[3.274,45.3589],[3.2745,45.3612],[3.2723,45.364],[3.2723,45.3698],[3.2702,45.371],[3.2682,45.3738],[3.2642,45.3733],[3.2606,45.3741],[3.2594,45.373],[3.2561,45.3743],[3.2534,45.3779],[3.2549,45.3798],[3.2588,45.3807],[3.26,45.391]]]}},{"type":"Feature","properties":{"code":"43121","nom":"Léotoing","pop":226},"geometry":{"type":"Polygon","coordinates":[[[3.2118,45.3673],[3.2159,45.37],[3.2185,45.3695],[3.2255,45.3727],[3.2319,45.3749],[3.2339,45.3709],[3.236,45.3745],[3.239,45.3722],[3.2454,45.3716],[3.2502,45.3718],[3.2503,45.3748],[3.2528,45.3752],[3.2561,45.3743],[3.2594,45.373],[3.2606,45.3741],[3.2642,45.3733],[3.2682,45.3738],[3.2702,45.371],[3.2723,45.3698],[3.2723,45.364],[3.2745,45.3612],[3.274,45.3589],[3.2787,45.3593],[3.2774,45.352],[3.2781,45.3494],[3.2759,45.348],[3.2769,45.3447],[3.2755,45.3436],[3.2711,45.3452],[3.266,45.344],[3.2632,45.3445],[3.2596,45.3465],[3.2553,45.3439],[3.2532,45.3464],[3.2501,45.3435],[3.2504,45.3413],[3.2486,45.3403],[3.249,45.3379],[3.248,45.3349],[3.2441,45.3348],[3.2415,45.3368],[3.2375,45.3333],[3.2366,45.3309],[3.2337,45.3308],[3.2298,45.329],[3.2315,45.3257],[3.2282,45.328],[3.223,45.3252],[3.2191,45.3261],[3.22,45.3281],[3.2168,45.3303],[3.2089,45.3321],[3.2076,45.3344],[3.2071,45.3424],[3.2053,45.3427],[3.2059,45.3467],[3.2096,45.3474],[3.2097,45.3516],[3.2111,45.3519],[3.2151,45.3478],[3.218,45.3483],[3.222,45.3506],[3.2192,45.3532],[3.2192,45.3566],[3.2175,45.3601],[3.2138,45.3608],[3.2143,45.3632],[3.2128,45.3642],[3.2118,45.3673]]]}},{"type":"Feature","properties":{"code":"43122","nom":"Lissac","pop":294},"geometry":{"type":"Polygon","coordinates":[[[3.773,45.1534],[3.7759,45.1523],[3.7769,45.149],[3.7826,45.146],[3.7826,45.1439],[3.7861,45.1417],[3.7777,45.1386],[3.7794,45.1365],[3.7794,45.1322],[3.7809,45.1313],[3.7782,45.1275],[3.7803,45.1251],[3.7776,45.1234],[3.7785,45.1197],[3.7736,45.1177],[3.7734,45.1165],[3.7686,45.1153],[3.764,45.1151],[3.7627,45.1132],[3.7602,45.1139],[3.7576,45.1169],[3.7549,45.1211],[3.7523,45.1205],[3.7497,45.1223],[3.7504,45.1252],[3.7468,45.1247],[3.7444,45.1268],[3.7429,45.1249],[3.7434,45.123],[3.7344,45.1213],[3.7315,45.1196],[3.7302,45.122],[3.7275,45.1223],[3.7281,45.1239],[3.7241,45.126],[3.7256,45.1281],[3.7296,45.1288],[3.7305,45.1311],[3.7327,45.1329],[3.7326,45.1351],[3.7392,45.1338],[3.74,45.1351],[3.7438,45.135],[3.7466,45.1374],[3.7434,45.1408],[3.7472,45.143],[3.752,45.1456],[3.7491,45.1491],[3.7526,45.1515],[3.753,45.1531],[3.7578,45.1551],[3.7591,45.1577],[3.7684,45.1544],[3.773,45.1534]]]}},{"type":"Feature","properties":{"code":"43123","nom":"Lorlanges","pop":425},"geometry":{"type":"Polygon","coordinates":[[[3.2781,45.3494],[3.2791,45.3469],[3.2793,45.3421],[3.2776,45.3399],[3.2802,45.3373],[3.2804,45.3336],[3.2841,45.3239],[3.2878,45.3195],[3.2904,45.3178],[3.2904,45.3137],[3.2923,45.311],[3.2794,45.3087],[3.2733,45.3066],[3.2713,45.3054],[3.27,45.3021],[3.268,45.3014],[3.2664,45.3003],[3.2625,45.3013],[3.2582,45.3062],[3.2521,45.3066],[3.2475,45.3111],[3.2456,45.3117],[3.241,45.3179],[3.2348,45.3183],[3.2342,45.3214],[3.2318,45.3239],[3.2315,45.3257],[3.2298,45.329],[3.2337,45.3308],[3.2366,45.3309],[3.2375,45.3333],[3.2415,45.3368],[3.2441,45.3348],[3.248,45.3349],[3.249,45.3379],[3.2486,45.3403],[3.2504,45.3413],[3.2501,45.3435],[3.2532,45.3464],[3.2553,45.3439],[3.2596,45.3465],[3.2632,45.3445],[3.266,45.344],[3.2711,45.3452],[3.2755,45.3436],[3.2769,45.3447],[3.2759,45.348],[3.2781,45.3494]]]}},{"type":"Feature","properties":{"code":"43124","nom":"Loudes","pop":944},"geometry":{"type":"Polygon","coordinates":[[[3.7759,45.0791],[3.7763,45.0764],[3.7695,45.0785],[3.7659,45.0769],[3.764,45.08],[3.7617,45.0772],[3.7599,45.0783],[3.7569,45.0781],[3.7527,45.0796],[3.7481,45.0761],[3.7398,45.0735],[3.7376,45.0737],[3.734,45.0711],[3.7305,45.0702],[3.7278,45.076],[3.7287,45.077],[3.7264,45.0803],[3.7245,45.0798],[3.7209,45.0808],[3.7231,45.0826],[3.7217,45.0838],[3.718,45.0836],[3.7148,45.0856],[3.7125,45.0856],[3.7106,45.0875],[3.7102,45.0902],[3.7078,45.0905],[3.7066,45.093],[3.7034,45.0952],[3.7048,45.0999],[3.7081,45.1014],[3.7057,45.1047],[3.7073,45.107],[3.7023,45.1093],[3.704,45.1113],[3.7084,45.1121],[3.7081,45.114],[3.7126,45.1145],[3.718,45.1126],[3.7285,45.1144],[3.7315,45.1196],[3.7344,45.1213],[3.7434,45.123],[3.7429,45.1249],[3.7444,45.1268],[3.7468,45.1247],[3.7504,45.1252],[3.7497,45.1223],[3.7523,45.1205],[3.7549,45.1211],[3.7576,45.1169],[3.7602,45.1139],[3.7627,45.1132],[3.764,45.1151],[3.7686,45.1153],[3.7734,45.1165],[3.772,45.1118],[3.7734,45.1108],[3.781,45.1131],[3.7838,45.1105],[3.7875,45.1125],[3.7882,45.1101],[3.7878,45.1057],[3.7855,45.1061],[3.7818,45.104],[3.7814,45.1018],[3.786,45.0999],[3.7835,45.0955],[3.7802,45.0927],[3.7745,45.0916],[3.7735,45.0901],[3.7748,45.0853],[3.7759,45.0791]]]}},{"type":"Feature","properties":{"code":"43125","nom":"Lubilhac","pop":105},"geometry":{"type":"Polygon","coordinates":[[[3.2373,45.2801],[3.2399,45.2776],[3.242,45.2778],[3.247,45.2722],[3.2593,45.27],[3.26,45.2681],[3.265,45.2642],[3.2748,45.2648],[3.2776,45.2608],[3.2786,45.2566],[3.2715,45.2486],[3.2683,45.2463],[3.2652,45.2418],[3.2667,45.2409],[3.2668,45.2384],[3.2656,45.2357],[3.2697,45.2358],[3.2692,45.233],[3.2712,45.2321],[3.2785,45.2321],[3.2775,45.2267],[3.2829,45.2289],[3.2862,45.228],[3.2911,45.2254],[3.2874,45.2222],[3.2913,45.2214],[3.2916,45.2202],[3.2877,45.2174],[3.2829,45.217],[3.2819,45.2157],[3.2765,45.2132],[3.2741,45.2105],[3.2721,45.2096],[3.2697,45.2091],[3.2674,45.2127],[3.2612,45.2133],[3.2578,45.2121],[3.2553,45.21],[3.2524,45.2111],[3.253,45.2141],[3.2545,45.2163],[3.2469,45.2156],[3.2433,45.2156],[3.2432,45.2171],[3.239,45.2167],[3.2349,45.2205],[3.234,45.2265],[3.2348,45.235],[3.234,45.2377],[3.2315,45.2405],[3.2253,45.2412],[3.2211,45.2441],[3.2242,45.2476],[3.2271,45.2553],[3.2254,45.256],[3.2253,45.2594],[3.2236,45.2609],[3.2262,45.2639],[3.2291,45.2648],[3.2271,45.2674],[3.2265,45.272],[3.225,45.2749],[3.2243,45.2789],[3.2272,45.2822],[3.2361,45.2824],[3.2373,45.2801]]]}},{"type":"Feature","properties":{"code":"43126","nom":"Malrevers","pop":763},"geometry":{"type":"Polygon","coordinates":[[[3.9755,45.0725],[3.9728,45.0734],[3.9687,45.0776],[3.9653,45.0795],[3.9642,45.0864],[3.9594,45.0843],[3.9535,45.0851],[3.9561,45.0891],[3.9533,45.0913],[3.9505,45.0922],[3.9494,45.0941],[3.9469,45.094],[3.9433,45.0965],[3.9393,45.0978],[3.9389,45.1003],[3.9347,45.1019],[3.9322,45.1045],[3.9262,45.1083],[3.9316,45.1118],[3.9361,45.1131],[3.939,45.112],[3.9379,45.1098],[3.9406,45.108],[3.9468,45.1095],[3.9529,45.1137],[3.9597,45.1118],[3.9639,45.1126],[3.9645,45.115],[3.9638,45.1206],[3.9654,45.1209],[3.9694,45.121],[3.9737,45.1194],[3.9759,45.1172],[3.984,45.1137],[3.9865,45.1107],[3.9885,45.1056],[3.9881,45.1046],[3.991,45.1015],[3.9913,45.0967],[3.9945,45.0952],[3.9938,45.0921],[3.9953,45.0899],[3.9929,45.0889],[3.9924,45.0871],[3.9881,45.0818],[3.9836,45.0796],[3.9812,45.0769],[3.9773,45.0796],[3.9742,45.0774],[3.977,45.075],[3.9755,45.0725]]]}},{"type":"Feature","properties":{"code":"43127","nom":"Malvalette","pop":887},"geometry":{"type":"Polygon","coordinates":[[[4.154,45.3291],[4.147,45.3317],[4.1448,45.3332],[4.1448,45.335],[4.1419,45.337],[4.1407,45.3399],[4.1378,45.3424],[4.1299,45.3462],[4.1231,45.3462],[4.1198,45.3475],[4.1144,45.3517],[4.1087,45.3532],[4.108,45.3547],[4.1093,45.3557],[4.1079,45.3611],[4.1091,45.3632],[4.1142,45.365],[4.1151,45.368],[4.1196,45.3695],[4.1223,45.3684],[4.1298,45.3672],[4.1329,45.3674],[4.1376,45.3692],[4.1415,45.3681],[4.1431,45.3663],[4.1457,45.3653],[4.1489,45.366],[4.1539,45.3648],[4.157,45.3686],[4.1569,45.3742],[4.1529,45.3759],[4.1472,45.3826],[4.1439,45.3842],[4.1507,45.385],[4.1545,45.3869],[4.1624,45.3892],[4.1614,45.388],[4.1667,45.3842],[4.1715,45.3828],[4.1728,45.3771],[4.1712,45.3747],[4.168,45.3744],[4.1605,45.3724],[4.1696,45.3698],[4.1714,45.3681],[4.1704,45.3656],[4.171,45.3612],[4.1778,45.3569],[4.1792,45.3543],[4.1824,45.3544],[4.1892,45.351],[4.1952,45.3504],[4.1958,45.3488],[4.1911,45.346],[4.1901,45.3413],[4.1887,45.339],[4.1851,45.3357],[4.1823,45.3346],[4.18,45.3317],[4.1744,45.3328],[4.1628,45.3331],[4.1575,45.3346],[4.1547,45.3342],[4.1533,45.3313],[4.154,45.3291]]]}},{"type":"Feature","properties":{"code":"43128","nom":"Malvières","pop":144},"geometry":{"type":"Polygon","coordinates":[[[3.7061,45.3607],[3.7147,45.3601],[3.7187,45.3611],[3.724,45.359],[3.7297,45.3613],[3.7314,45.3609],[3.7329,45.3562],[3.7384,45.3552],[3.7407,45.3528],[3.7443,45.3529],[3.746,45.3554],[3.7506,45.3531],[3.7525,45.3551],[3.756,45.3539],[3.7532,45.3501],[3.7529,45.3472],[3.7495,45.3416],[3.7491,45.3373],[3.7506,45.3349],[3.7512,45.3314],[3.7466,45.3267],[3.7454,45.3275],[3.7354,45.3284],[3.7312,45.3283],[3.7311,45.3238],[3.7263,45.3228],[3.7187,45.3223],[3.7196,45.3205],[3.7138,45.3203],[3.7125,45.3242],[3.7072,45.3271],[3.7079,45.3278],[3.707,45.3325],[3.7073,45.3361],[3.7053,45.3378],[3.7037,45.3419],[3.701,45.3423],[3.6975,45.3464],[3.7014,45.3486],[3.7,45.3508],[3.6999,45.356],[3.7055,45.3592],[3.7061,45.3607]]]}},{"type":"Feature","properties":{"code":"43129","nom":"Le Mas-de-Tence","pop":167},"geometry":{"type":"Polygon","coordinates":[[[4.3846,45.1014],[4.379,45.1043],[4.3764,45.104],[4.375,45.1057],[4.3716,45.1063],[4.37,45.1019],[4.3661,45.1006],[4.3594,45.0998],[4.3544,45.1031],[4.3474,45.1046],[4.3475,45.1074],[4.3539,45.1146],[4.3529,45.117],[4.3496,45.1181],[4.3452,45.1204],[4.3446,45.1223],[4.3414,45.1251],[4.3444,45.1298],[4.3453,45.1328],[4.3513,45.1376],[4.3567,45.1361],[4.3606,45.1395],[4.3636,45.1412],[4.3676,45.142],[4.3677,45.1438],[4.3717,45.1446],[4.3764,45.1444],[4.3739,45.144],[4.3745,45.1404],[4.3769,45.1364],[4.3744,45.1348],[4.3704,45.1303],[4.3698,45.1283],[4.3749,45.1274],[4.3759,45.1247],[4.3781,45.1227],[4.3811,45.1235],[4.3899,45.1228],[4.3902,45.1202],[4.3925,45.119],[4.3955,45.1192],[4.4001,45.1184],[4.3992,45.1132],[4.4003,45.1111],[4.3995,45.1045],[4.3878,45.1054],[4.3864,45.1016],[4.3846,45.1014]]]}},{"type":"Feature","properties":{"code":"43130","nom":"Mazet-Saint-Voy","pop":1114},"geometry":{"type":"Polygon","coordinates":[[[4.2686,45.0228],[4.2615,45.0225],[4.2602,45.0203],[4.2547,45.0191],[4.2533,45.0164],[4.2481,45.0155],[4.2483,45.0136],[4.2449,45.013],[4.244,45.0111],[4.2458,45.0096],[4.2472,45.0064],[4.2436,45.0035],[4.2408,45.0026],[4.2413,44.9992],[4.2384,44.9986],[4.2351,45.0015],[4.2327,45.0009],[4.2307,45.0027],[4.2219,45.0007],[4.2208,45.0027],[4.2104,45.0017],[4.2071,44.9996],[4.2041,45.0049],[4.2046,45.0078],[4.2021,45.0096],[4.2047,45.0116],[4.2003,45.0144],[4.2047,45.0197],[4.2083,45.0195],[4.2112,45.0208],[4.2123,45.0225],[4.2112,45.0262],[4.2052,45.0285],[4.2043,45.028],[4.1984,45.0292],[4.1963,45.0313],[4.191,45.0349],[4.1943,45.0402],[4.1897,45.0422],[4.1911,45.0449],[4.1893,45.0488],[4.1945,45.0514],[4.1998,45.0567],[4.2049,45.0576],[4.2083,45.0556],[4.2134,45.0562],[4.2161,45.0557],[4.2174,45.0574],[4.22,45.0575],[4.2201,45.0602],[4.216,45.0651],[4.2064,45.0668],[4.2095,45.0693],[4.2124,45.0702],[4.2136,45.0684],[4.2179,45.0702],[4.2244,45.0715],[4.2301,45.0744],[4.2336,45.0725],[4.2392,45.0718],[4.2421,45.0734],[4.2475,45.0789],[4.2478,45.0817],[4.2498,45.0844],[4.2488,45.0869],[4.2516,45.0875],[4.2576,45.0842],[4.2605,45.0809],[4.2664,45.0827],[4.2714,45.0852],[4.2764,45.086],[4.2798,45.0842],[4.2883,45.0833],[4.2911,45.0811],[4.2894,45.0789],[4.286,45.078],[4.2849,45.0753],[4.2877,45.0752],[4.2902,45.0734],[4.2911,45.0695],[4.2861,45.0681],[4.2857,45.0654],[4.2798,45.0654],[4.278,45.0607],[4.2747,45.0603],[4.2745,45.0587],[4.2777,45.0545],[4.2784,45.0455],[4.278,45.0403],[4.2759,45.0299],[4.2686,45.0228]]]}},{"type":"Feature","properties":{"code":"43131","nom":"Mazerat-Aurouze","pop":187},"geometry":{"type":"Polygon","coordinates":[[[3.5943,45.2006],[3.5949,45.1972],[3.5994,45.1962],[3.6022,45.1965],[3.6042,45.1912],[3.5996,45.191],[3.6015,45.1854],[3.5977,45.1851],[3.5939,45.1825],[3.5954,45.1741],[3.5938,45.1724],[3.5948,45.1699],[3.5928,45.1678],[3.5876,45.1685],[3.5828,45.1699],[3.5789,45.1672],[3.5762,45.1663],[3.5699,45.1679],[3.5667,45.1702],[3.562,45.168],[3.5601,45.1738],[3.5574,45.1758],[3.5524,45.1775],[3.5445,45.1817],[3.5388,45.183],[3.5269,45.1873],[3.5261,45.1901],[3.5295,45.1981],[3.5313,45.2],[3.537,45.1985],[3.5424,45.1988],[3.5436,45.1977],[3.548,45.1972],[3.5479,45.1994],[3.5455,45.2019],[3.5428,45.2066],[3.5458,45.2085],[3.5513,45.2088],[3.5596,45.2099],[3.564,45.2077],[3.5675,45.2078],[3.57,45.2062],[3.5694,45.2027],[3.5672,45.2002],[3.5715,45.1976],[3.5735,45.1949],[3.5719,45.1903],[3.5735,45.1904],[3.5781,45.1941],[3.5839,45.1966],[3.5852,45.1982],[3.5943,45.2006]]]}},{"type":"Feature","properties":{"code":"43132","nom":"Mazeyrat-d'Allier","pop":1432},"geometry":{"type":"Polygon","coordinates":[[[3.5151,45.1674],[3.5177,45.1666],[3.5164,45.1647],[3.5203,45.1594],[3.5224,45.1587],[3.5275,45.1546],[3.5318,45.1531],[3.5358,45.1504],[3.5406,45.148],[3.5425,45.1433],[3.545,45.1413],[3.5474,45.1379],[3.5494,45.1399],[3.5526,45.1405],[3.5563,45.144],[3.5593,45.1431],[3.572,45.1419],[3.5781,45.141],[3.5783,45.1383],[3.5855,45.1388],[3.5888,45.1366],[3.5909,45.1367],[3.5933,45.1325],[3.5975,45.1307],[3.5957,45.1267],[3.5908,45.1263],[3.592,45.1233],[3.5923,45.1188],[3.5889,45.1177],[3.5921,45.1133],[3.5887,45.1117],[3.5879,45.1102],[3.5844,45.1097],[3.5832,45.1075],[3.5789,45.1074],[3.5795,45.1056],[3.5746,45.1063],[3.5707,45.1057],[3.5691,45.1044],[3.5622,45.1055],[3.5589,45.1049],[3.5557,45.1055],[3.5505,45.1082],[3.5491,45.1041],[3.5452,45.1034],[3.542,45.0989],[3.5388,45.1001],[3.5373,45.0985],[3.5293,45.099],[3.5275,45.0954],[3.5217,45.0986],[3.5219,45.1004],[3.516,45.1009],[3.5146,45.1034],[3.509,45.1024],[3.5096,45.105],[3.5056,45.1046],[3.505,45.107],[3.5026,45.1083],[3.5001,45.1111],[3.496,45.1125],[3.4924,45.1145],[3.4857,45.1136],[3.482,45.114],[3.4783,45.1126],[3.4751,45.1103],[3.4701,45.1115],[3.4684,45.1131],[3.4633,45.1147],[3.4642,45.1164],[3.4673,45.1201],[3.4693,45.1247],[3.4719,45.1292],[3.4741,45.131],[3.4758,45.1357],[3.4781,45.1402],[3.4781,45.1424],[3.4823,45.1481],[3.4865,45.1472],[3.4888,45.1478],[3.4896,45.1515],[3.4917,45.1551],[3.49,45.1583],[3.4936,45.1617],[3.5032,45.1649],[3.5068,45.1651],[3.5151,45.1674]]]}},{"type":"Feature","properties":{"code":"43133","nom":"Mercœur","pop":146},"geometry":{"type":"Polygon","coordinates":[[[3.268,45.1541],[3.2702,45.157],[3.2688,45.1591],[3.2645,45.1612],[3.265,45.1629],[3.2606,45.1731],[3.2634,45.1777],[3.2621,45.1818],[3.2609,45.1834],[3.2647,45.1852],[3.2649,45.1874],[3.2686,45.1873],[3.2709,45.1898],[3.2714,45.1951],[3.2697,45.1973],[3.2708,45.1995],[3.2702,45.2031],[3.2732,45.2085],[3.2721,45.2096],[3.2741,45.2105],[3.2765,45.2132],[3.2819,45.2157],[3.2829,45.217],[3.2877,45.2174],[3.2916,45.2202],[3.2937,45.2202],[3.2953,45.2225],[3.2984,45.2219],[3.3002,45.2181],[3.2972,45.216],[3.2981,45.2143],[3.2962,45.2127],[3.2981,45.2086],[3.3031,45.2045],[3.3059,45.2067],[3.3077,45.2043],[3.3084,45.1999],[3.3055,45.1993],[3.3047,45.1955],[3.3097,45.1949],[3.3099,45.1965],[3.3147,45.1971],[3.3189,45.1961],[3.3229,45.1962],[3.3292,45.1944],[3.3315,45.1953],[3.335,45.1946],[3.3401,45.1948],[3.3424,45.1957],[3.3429,45.1977],[3.3451,45.1987],[3.3485,45.2067],[3.3537,45.2105],[3.3593,45.2103],[3.3607,45.2081],[3.3644,45.208],[3.3656,45.2045],[3.3597,45.2027],[3.356,45.2035],[3.3507,45.1997],[3.3547,45.1974],[3.3572,45.1944],[3.3575,45.1896],[3.3606,45.1884],[3.3593,45.1847],[3.3547,45.1836],[3.3531,45.1807],[3.3459,45.1765],[3.3487,45.1747],[3.3461,45.173],[3.3374,45.172],[3.3324,45.1725],[3.3306,45.1714],[3.3239,45.1714],[3.3186,45.1722],[3.3226,45.1745],[3.323,45.1759],[3.3174,45.1796],[3.3149,45.1819],[3.3103,45.1819],[3.3082,45.1802],[3.3092,45.1782],[3.3033,45.1776],[3.3042,45.174],[3.3,45.1743],[3.2966,45.1716],[3.293,45.1718],[3.285,45.1699],[3.2804,45.1695],[3.2845,45.1639],[3.2854,45.1612],[3.2842,45.1578],[3.282,45.1556],[3.2821,45.1516],[3.2786,45.1545],[3.2741,45.1519],[3.268,45.1541]]]}},{"type":"Feature","properties":{"code":"43134","nom":"Mézères","pop":178},"geometry":{"type":"Polygon","coordinates":[[[4.0235,45.1765],[4.0288,45.1729],[4.0364,45.1699],[4.0374,45.1676],[4.0373,45.1643],[4.0321,45.1605],[4.0311,45.1578],[4.0312,45.154],[4.0284,45.1521],[4.0298,45.1485],[4.0273,45.1485],[4.0236,45.1464],[4.0243,45.1441],[4.0194,45.1411],[4.0187,45.1463],[4.0151,45.1524],[4.0167,45.1537],[4.0171,45.1577],[4.0139,45.1586],[4.013,45.1611],[4.0111,45.1621],[4.0061,45.1626],[3.996,45.1625],[3.9924,45.1639],[3.9879,45.1667],[3.9898,45.1702],[3.9966,45.1728],[3.9988,45.1765],[3.9984,45.1788],[4.0024,45.1815],[4.0024,45.1837],[3.9998,45.1853],[3.9932,45.1859],[3.9879,45.1874],[3.9884,45.1894],[3.9909,45.1913],[3.9954,45.1914],[3.998,45.1929],[4.0007,45.1927],[3.9998,45.1885],[4.0018,45.186],[4.0072,45.1828],[4.0089,45.1827],[4.0118,45.1792],[4.0161,45.1798],[4.0177,45.1777],[4.0207,45.1763],[4.0235,45.1765]]]}},{"type":"Feature","properties":{"code":"43135","nom":"Le Monastier-sur-Gazeille","pop":1784},"geometry":{"type":"Polygon","coordinates":[[[4.0057,44.964],[4.0095,44.9636],[4.0099,44.9614],[4.017,44.9588],[4.0157,44.9557],[4.013,44.9542],[4.0129,44.9508],[4.0206,44.9495],[4.0228,44.9512],[4.0247,44.9495],[4.0277,44.9513],[4.0301,44.9545],[4.0336,44.952],[4.0441,44.9488],[4.0478,44.9468],[4.0498,44.9468],[4.0469,44.946],[4.0471,44.9407],[4.0486,44.9369],[4.0463,44.9349],[4.0481,44.9335],[4.0469,44.9317],[4.0575,44.9279],[4.0597,44.9263],[4.0582,44.9238],[4.0652,44.9254],[4.069,44.923],[4.0726,44.9226],[4.0688,44.9222],[4.0686,44.9202],[4.0748,44.9156],[4.0691,44.9121],[4.0723,44.9108],[4.0703,44.9094],[4.0738,44.908],[4.0753,44.9051],[4.0741,44.9029],[4.0707,44.9012],[4.0664,44.903],[4.0663,44.905],[4.0579,44.9057],[4.0551,44.9071],[4.0543,44.9101],[4.0497,44.9152],[4.0458,44.9138],[4.0422,44.9159],[4.0402,44.9159],[4.0359,44.9135],[4.0323,44.913],[4.0283,44.9138],[4.0259,44.9122],[4.0181,44.9155],[4.0152,44.9149],[4.0131,44.9117],[4.0158,44.9098],[4.0127,44.9074],[4.0127,44.9022],[4.0049,44.9035],[4.0034,44.9056],[3.9943,44.9084],[3.9949,44.9107],[3.9907,44.9114],[3.99,44.9146],[3.9833,44.9109],[3.9788,44.9125],[3.9765,44.9116],[3.9739,44.9123],[3.9691,44.9136],[3.972,44.9159],[3.9699,44.9193],[3.9714,44.9203],[3.9689,44.9235],[3.9671,44.9242],[3.9635,44.9277],[3.9653,44.9288],[3.9638,44.9331],[3.9622,44.9357],[3.9651,44.9369],[3.967,44.9395],[3.9662,44.9424],[3.9625,44.9413],[3.9618,44.9439],[3.9596,44.9459],[3.9566,44.9463],[3.9528,44.9492],[3.9528,44.9504],[3.9575,44.9539],[3.9575,44.9581],[3.9561,44.96],[3.9572,44.9625],[3.963,44.963],[3.9688,44.9665],[3.9724,44.9651],[3.9763,44.9657],[3.9777,44.9648],[3.9814,44.9665],[3.9847,44.9637],[3.987,44.9643],[3.9892,44.9631],[4.0043,44.9631],[4.0057,44.964]]]}},{"type":"Feature","properties":{"code":"43136","nom":"Monistrol-d'Allier","pop":226},"geometry":{"type":"Polygon","coordinates":[[[3.6752,44.95],[3.673,44.9468],[3.6727,44.9438],[3.6701,44.944],[3.6678,44.9369],[3.6658,44.9354],[3.6634,44.938],[3.6584,44.94],[3.6577,44.9444],[3.6493,44.9441],[3.6479,44.9478],[3.6426,44.9478],[3.6384,44.9503],[3.6318,44.9511],[3.6299,44.9551],[3.6289,44.9599],[3.6233,44.9623],[3.6212,44.9659],[3.6196,44.9656],[3.6172,44.9695],[3.6116,44.9743],[3.6092,44.9753],[3.5996,44.9744],[3.6005,44.9777],[3.6024,44.9783],[3.6031,44.9843],[3.6018,44.9874],[3.5996,44.9889],[3.5964,44.9894],[3.593,44.995],[3.5944,44.9979],[3.5937,44.9997],[3.5907,44.9998],[3.5898,45.0024],[3.5875,45.0039],[3.5892,45.0061],[3.5871,45.0089],[3.5895,45.0135],[3.5944,45.0131],[3.6021,45.014],[3.6051,45.0137],[3.6079,45.0174],[3.6145,45.0167],[3.6168,45.0188],[3.6205,45.017],[3.6241,45.0169],[3.6262,45.0147],[3.6266,45.0122],[3.6311,45.0069],[3.6272,45.0049],[3.6238,45.0008],[3.6277,44.9952],[3.6269,44.9923],[3.6276,44.9884],[3.6341,44.9861],[3.6342,44.9838],[3.6367,44.9813],[3.6395,44.9804],[3.6401,44.9767],[3.6449,44.9747],[3.6437,44.9731],[3.6468,44.9709],[3.6495,44.9719],[3.6565,44.9722],[3.6602,44.9737],[3.6592,44.9696],[3.6639,44.9694],[3.6675,44.9715],[3.6717,44.9689],[3.6744,44.97],[3.676,44.9752],[3.6801,44.9747],[3.6811,44.9715],[3.6827,44.9702],[3.6821,44.9675],[3.6849,44.9667],[3.6857,44.9651],[3.6842,44.9627],[3.6864,44.9594],[3.6938,44.9594],[3.6954,44.9589],[3.6963,44.9554],[3.6936,44.9541],[3.6892,44.9533],[3.6853,44.9504],[3.6814,44.9494],[3.6752,44.95]]]}},{"type":"Feature","properties":{"code":"43137","nom":"Monistrol-sur-Loire","pop":8823},"geometry":{"type":"Polygon","coordinates":[[[4.2355,45.2806],[4.2304,45.2796],[4.2249,45.2764],[4.2216,45.2768],[4.2186,45.2735],[4.2183,45.2697],[4.2114,45.2643],[4.204,45.2646],[4.1999,45.2665],[4.1945,45.2647],[4.194,45.2664],[4.1911,45.2662],[4.1885,45.2641],[4.186,45.2638],[4.1853,45.2619],[4.1878,45.2584],[4.1872,45.2564],[4.1832,45.2543],[4.1817,45.2504],[4.1782,45.2521],[4.1744,45.2556],[4.1696,45.2586],[4.1651,45.2589],[4.1643,45.2568],[4.1615,45.2558],[4.1583,45.2562],[4.1541,45.2591],[4.1523,45.2581],[4.1556,45.2536],[4.1607,45.2521],[4.1587,45.2502],[4.1579,45.2461],[4.155,45.2449],[4.1528,45.2417],[4.1516,45.2438],[4.1478,45.2446],[4.1464,45.2467],[4.143,45.2482],[4.1451,45.2502],[4.1474,45.2497],[4.1516,45.2522],[4.1522,45.2556],[4.151,45.2567],[4.1447,45.2587],[4.1404,45.2612],[4.139,45.263],[4.1393,45.2656],[4.1356,45.2654],[4.1354,45.2726],[4.1328,45.2758],[4.1387,45.2771],[4.141,45.2802],[4.1455,45.2816],[4.1462,45.2833],[4.1455,45.2863],[4.143,45.2872],[4.1444,45.2897],[4.1445,45.3016],[4.1458,45.3049],[4.1404,45.3088],[4.135,45.3113],[4.145,45.3127],[4.1523,45.3158],[4.1564,45.3202],[4.158,45.323],[4.1579,45.3253],[4.1543,45.3287],[4.1567,45.3297],[4.1673,45.3288],[4.1679,45.3275],[4.1721,45.3282],[4.1794,45.3251],[4.1812,45.3217],[4.1842,45.3209],[4.1853,45.3228],[4.188,45.3242],[4.1913,45.323],[4.1994,45.3234],[4.2038,45.3215],[4.2049,45.3199],[4.2081,45.3197],[4.2139,45.3151],[4.2182,45.3153],[4.2218,45.3141],[4.225,45.3143],[4.2283,45.3128],[4.2307,45.3148],[4.2314,45.3142],[4.2348,45.3113],[4.2359,45.3079],[4.236,45.2999],[4.235,45.2983],[4.2384,45.2902],[4.2341,45.2825],[4.2355,45.2806]]]}},{"type":"Feature","properties":{"code":"43138","nom":"Monlet","pop":402},"geometry":{"type":"Polygon","coordinates":[[[3.6796,45.2088],[3.6802,45.2119],[3.6756,45.2141],[3.6703,45.216],[3.6674,45.2193],[3.6648,45.2205],[3.6654,45.2222],[3.6614,45.2241],[3.6589,45.2294],[3.6623,45.2328],[3.6653,45.2388],[3.668,45.2416],[3.6756,45.2426],[3.6767,45.2448],[3.6796,45.2458],[3.6803,45.248],[3.6728,45.2498],[3.6687,45.2512],[3.6662,45.2501],[3.6627,45.2532],[3.6661,45.257],[3.6716,45.255],[3.6775,45.2522],[3.679,45.25],[3.6906,45.2458],[3.6942,45.2474],[3.7013,45.2519],[3.7066,45.252],[3.7133,45.2534],[3.7145,45.2521],[3.722,45.2535],[3.7255,45.2561],[3.7306,45.2556],[3.7313,45.2581],[3.7397,45.2581],[3.745,45.2564],[3.746,45.2549],[3.7457,45.2515],[3.7439,45.2492],[3.7463,45.248],[3.7461,45.2457],[3.7521,45.2451],[3.7548,45.246],[3.7588,45.2455],[3.7625,45.246],[3.7624,45.2421],[3.7573,45.24],[3.7532,45.2393],[3.7508,45.236],[3.7541,45.2304],[3.759,45.2286],[3.7608,45.2267],[3.7618,45.2223],[3.7615,45.2204],[3.7563,45.219],[3.7515,45.2155],[3.7525,45.212],[3.7562,45.2101],[3.758,45.2079],[3.7559,45.2061],[3.758,45.2045],[3.7578,45.2019],[3.7549,45.2022],[3.7525,45.1982],[3.7453,45.2003],[3.7405,45.1984],[3.7303,45.1961],[3.7275,45.1978],[3.7277,45.2018],[3.7307,45.2033],[3.7279,45.2049],[3.7287,45.2076],[3.7332,45.2099],[3.7289,45.213],[3.7245,45.2151],[3.72,45.214],[3.716,45.2144],[3.7131,45.2096],[3.7075,45.2057],[3.7042,45.2074],[3.7009,45.205],[3.6912,45.2075],[3.6873,45.2095],[3.6837,45.2084],[3.6817,45.2099],[3.6796,45.2088]]]}},{"type":"Feature","properties":{"code":"43139","nom":"Montclard","pop":52},"geometry":{"type":"Polygon","coordinates":[[[3.5351,45.2659],[3.5393,45.269],[3.5431,45.2701],[3.5435,45.2687],[3.5506,45.2685],[3.5518,45.2711],[3.5558,45.274],[3.5602,45.27],[3.5654,45.2696],[3.5693,45.2717],[3.5752,45.2736],[3.579,45.274],[3.5809,45.2722],[3.585,45.2708],[3.5838,45.2679],[3.5855,45.267],[3.5901,45.2686],[3.5912,45.2701],[3.6006,45.2696],[3.6035,45.2716],[3.6086,45.2711],[3.6113,45.2722],[3.6142,45.2721],[3.6188,45.2695],[3.6196,45.2674],[3.6173,45.265],[3.6142,45.2621],[3.6093,45.2591],[3.6084,45.2576],[3.5962,45.252],[3.5938,45.2528],[3.5903,45.25],[3.5858,45.2531],[3.5811,45.2511],[3.5747,45.2536],[3.5729,45.2552],[3.57,45.252],[3.5693,45.2586],[3.5644,45.2617],[3.5627,45.2593],[3.5593,45.2598],[3.5515,45.2596],[3.5454,45.2626],[3.5428,45.2624],[3.5351,45.2659]]]}},{"type":"Feature","properties":{"code":"43140","nom":"Le Monteil","pop":691},"geometry":{"type":"Polygon","coordinates":[[[3.92,45.0558],[3.9149,45.0551],[3.9138,45.0571],[3.9135,45.06],[3.9105,45.0624],[3.9115,45.0646],[3.9105,45.0668],[3.9068,45.0679],[3.9022,45.068],[3.8989,45.0699],[3.8975,45.0727],[3.9019,45.0752],[3.9114,45.0768],[3.9142,45.0766],[3.9139,45.0734],[3.9124,45.0698],[3.9162,45.07],[3.9186,45.069],[3.9218,45.0695],[3.9244,45.0627],[3.9182,45.0592],[3.92,45.0558]]]}},{"type":"Feature","properties":{"code":"43141","nom":"Montfaucon-en-Velay","pop":1158},"geometry":{"type":"Polygon","coordinates":[[[4.3455,45.1867],[4.3424,45.1866],[4.3417,45.1847],[4.3423,45.1755],[4.3353,45.176],[4.3334,45.1749],[4.3289,45.1793],[4.3276,45.1823],[4.3225,45.182],[4.32,45.18],[4.32,45.1773],[4.3164,45.1746],[4.3111,45.1736],[4.3075,45.1735],[4.302,45.1749],[4.2996,45.1771],[4.3004,45.1783],[4.3053,45.1808],[4.3065,45.1824],[4.3055,45.1842],[4.3086,45.1904],[4.3151,45.1956],[4.3175,45.1949],[4.3207,45.1926],[4.3237,45.1933],[4.3268,45.192],[4.3296,45.1922],[4.3345,45.1903],[4.3383,45.1913],[4.3423,45.1903],[4.3455,45.1867]]]}},{"type":"Feature","properties":{"code":"43142","nom":"Montregard","pop":629},"geometry":{"type":"Polygon","coordinates":[[[4.2898,45.1585],[4.29,45.1587],[4.2936,45.1582],[4.297,45.1598],[4.299,45.1643],[4.2964,45.1664],[4.2987,45.1677],[4.2981,45.1718],[4.3023,45.1741],[4.302,45.1749],[4.3075,45.1735],[4.3111,45.1736],[4.3164,45.1746],[4.32,45.1773],[4.32,45.18],[4.3225,45.182],[4.3276,45.1823],[4.3289,45.1793],[4.3334,45.1749],[4.3353,45.176],[4.3423,45.1755],[4.3417,45.1847],[4.3424,45.1866],[4.3455,45.1867],[4.3509,45.1869],[4.3564,45.1862],[4.3639,45.1843],[4.3836,45.1822],[4.3863,45.183],[4.3885,45.1821],[4.3885,45.1809],[4.4033,45.1765],[4.4081,45.1718],[4.4115,45.1712],[4.4154,45.1677],[4.4165,45.1654],[4.4161,45.1596],[4.4111,45.1572],[4.4111,45.1549],[4.4085,45.1528],[4.4079,45.1509],[4.4091,45.1473],[4.4085,45.1444],[4.4112,45.1408],[4.4005,45.141],[4.3964,45.1392],[4.3903,45.1426],[4.384,45.1425],[4.3822,45.144],[4.3786,45.1448],[4.3764,45.1444],[4.3717,45.1446],[4.3677,45.1438],[4.3676,45.142],[4.3636,45.1412],[4.3606,45.1395],[4.3567,45.1361],[4.3513,45.1376],[4.3453,45.1328],[4.3444,45.1298],[4.3386,45.1291],[4.3315,45.1317],[4.3264,45.1358],[4.3201,45.14],[4.3133,45.14],[4.3097,45.1427],[4.3053,45.1493],[4.2898,45.1585]]]}},{"type":"Feature","properties":{"code":"43143","nom":"Montusclat","pop":125},"geometry":{"type":"Polygon","coordinates":[[[4.1187,45.0203],[4.1211,45.0195],[4.1241,45.0219],[4.1286,45.0242],[4.1338,45.0243],[4.1355,45.0215],[4.1416,45.0173],[4.1506,45.0166],[4.1574,45.008],[4.1469,45.0067],[4.1414,45.0083],[4.1398,45.0064],[4.1417,45.0046],[4.1379,45.0039],[4.1376,45.0018],[4.1319,45.0017],[4.1282,45.001],[4.1234,45.0014],[4.1207,45.0006],[4.1189,44.9985],[4.1164,44.998],[4.1107,44.9997],[4.1063,45.0022],[4.1043,45.006],[4.101,45.0081],[4.0949,45.0068],[4.0945,45.0057],[4.0893,45.0047],[4.0866,45.0021],[4.0863,45.0001],[4.0836,44.9967],[4.0798,44.9966],[4.0785,44.9982],[4.0724,44.9954],[4.072,44.9975],[4.0696,44.9991],[4.0719,45.0007],[4.0716,45.0064],[4.0748,45.0059],[4.0772,45.0093],[4.0792,45.0136],[4.0869,45.0172],[4.0898,45.0135],[4.0939,45.0119],[4.1008,45.0149],[4.1151,45.0202],[4.1187,45.0203]]]}},{"type":"Feature","properties":{"code":"43144","nom":"Moudeyres","pop":115},"geometry":{"type":"Polygon","coordinates":[[[4.0958,44.9756],[4.0995,44.9742],[4.1041,44.9715],[4.1038,44.9684],[4.1078,44.9638],[4.11,44.9596],[4.115,44.9548],[4.1151,44.95],[4.1138,44.9472],[4.1155,44.9445],[4.1171,44.944],[4.119,44.9412],[4.1223,44.9407],[4.1257,44.9419],[4.1282,44.9417],[4.1284,44.9373],[4.1272,44.9348],[4.1224,44.9326],[4.1195,44.9329],[4.1178,44.9312],[4.1191,44.9268],[4.1135,44.9274],[4.1038,44.93],[4.1017,44.9343],[4.0992,44.9365],[4.1021,44.9391],[4.0925,44.9404],[4.0853,44.9418],[4.0824,44.9441],[4.0852,44.9473],[4.0833,44.9497],[4.0843,44.9513],[4.082,44.9536],[4.0846,44.9552],[4.0895,44.9569],[4.0904,44.9615],[4.0875,44.9647],[4.0896,44.968],[4.0938,44.9696],[4.0958,44.9756]]]}},{"type":"Feature","properties":{"code":"43145","nom":"Ouides","pop":51},"geometry":{"type":"Polygon","coordinates":[[[3.769,44.918],[3.7698,44.9139],[3.7724,44.9116],[3.7698,44.9094],[3.7713,44.9059],[3.7659,44.9071],[3.7626,44.9049],[3.7569,44.9025],[3.7563,44.8977],[3.7532,44.8947],[3.7533,44.8927],[3.7484,44.8927],[3.7455,44.8911],[3.7403,44.8905],[3.7386,44.8893],[3.7338,44.8887],[3.7317,44.8896],[3.7289,44.8926],[3.7227,44.8935],[3.7194,44.8952],[3.7188,44.8987],[3.7147,44.9026],[3.7128,44.9029],[3.7107,44.9074],[3.7118,44.9118],[3.7147,44.9143],[3.7201,44.9169],[3.7251,44.916],[3.7353,44.9169],[3.7444,44.9193],[3.7489,44.9184],[3.7513,44.9189],[3.7615,44.9175],[3.769,44.918]]]}},{"type":"Feature","properties":{"code":"43147","nom":"Paulhac","pop":590},"geometry":{"type":"Polygon","coordinates":[[[3.3146,45.2759],[3.315,45.2796],[3.3125,45.2791],[3.3137,45.2846],[3.3124,45.285],[3.3139,45.2896],[3.3165,45.2916],[3.3212,45.2925],[3.3256,45.2964],[3.3258,45.3027],[3.3365,45.3093],[3.3422,45.305],[3.3445,45.3085],[3.3463,45.309],[3.3499,45.3079],[3.3516,45.3113],[3.3591,45.3133],[3.3606,45.3097],[3.3636,45.3049],[3.367,45.3006],[3.365,45.2987],[3.3631,45.2935],[3.3639,45.2915],[3.3604,45.291],[3.36,45.2887],[3.3583,45.2876],[3.3573,45.2847],[3.3539,45.2843],[3.3533,45.2867],[3.3511,45.2883],[3.3473,45.2878],[3.3437,45.2922],[3.3372,45.2935],[3.3348,45.29],[3.3326,45.2892],[3.3328,45.2851],[3.3316,45.2843],[3.3329,45.2806],[3.3289,45.2767],[3.3259,45.2779],[3.3203,45.2777],[3.3146,45.2759]]]}},{"type":"Feature","properties":{"code":"43148","nom":"Paulhaguet","pop":853},"geometry":{"type":"Polygon","coordinates":[[[3.4884,45.2248],[3.4871,45.227],[3.4915,45.2322],[3.4874,45.2347],[3.4883,45.2368],[3.4972,45.2394],[3.4972,45.2379],[3.5002,45.2358],[3.5032,45.2361],[3.5037,45.2335],[3.5087,45.2324],[3.5096,45.229],[3.5127,45.228],[3.5113,45.2343],[3.5129,45.2361],[3.5181,45.2358],[3.5205,45.2349],[3.525,45.2355],[3.5322,45.2387],[3.5335,45.2417],[3.5351,45.2424],[3.543,45.2386],[3.5439,45.2349],[3.5379,45.2316],[3.5364,45.2326],[3.5303,45.2327],[3.5265,45.229],[3.5246,45.2282],[3.5213,45.2246],[3.5255,45.2171],[3.5287,45.2161],[3.531,45.2122],[3.5299,45.209],[3.5317,45.2074],[3.531,45.2056],[3.5313,45.2],[3.5295,45.1981],[3.5261,45.1901],[3.5233,45.1893],[3.5155,45.1928],[3.5132,45.1927],[3.5118,45.201],[3.5068,45.2057],[3.5034,45.2045],[3.5044,45.2074],[3.5026,45.2099],[3.505,45.2146],[3.5024,45.2179],[3.4982,45.2201],[3.4922,45.2205],[3.4884,45.2248]]]}},{"type":"Feature","properties":{"code":"43149","nom":"Pébrac","pop":113},"geometry":{"type":"Polygon","coordinates":[[[3.5477,45.0456],[3.5424,45.0464],[3.5446,45.0423],[3.5442,45.0387],[3.5416,45.0359],[3.542,45.0341],[3.5392,45.0332],[3.5376,45.0303],[3.5393,45.0279],[3.5373,45.0262],[3.5396,45.0248],[3.5383,45.0222],[3.5422,45.0204],[3.5493,45.0198],[3.5521,45.0178],[3.5511,45.0162],[3.5518,45.0129],[3.549,45.011],[3.5443,45.0104],[3.5416,45.0087],[3.5376,45.0077],[3.5313,45.0095],[3.5254,45.0085],[3.5171,45.0048],[3.5125,45.0081],[3.5105,45.008],[3.5022,45.005],[3.5,45.0025],[3.4973,45.0047],[3.4972,45.0077],[3.4985,45.012],[3.4999,45.0142],[3.5021,45.014],[3.5033,45.0189],[3.5015,45.0209],[3.5038,45.0231],[3.5004,45.0283],[3.4997,45.0313],[3.4958,45.0343],[3.4932,45.0371],[3.4945,45.038],[3.4949,45.0404],[3.4972,45.0415],[3.5009,45.0456],[3.5037,45.0457],[3.5044,45.0495],[3.5085,45.0534],[3.5128,45.0549],[3.5218,45.0543],[3.5235,45.0548],[3.5275,45.0537],[3.5283,45.0523],[3.5322,45.0518],[3.5331,45.0502],[3.5359,45.0498],[3.5376,45.051],[3.5433,45.0496],[3.5493,45.0472],[3.5477,45.0456]]]}},{"type":"Feature","properties":{"code":"43150","nom":"Le Pertuis","pop":576},"geometry":{"type":"Polygon","coordinates":[[[4.0917,45.1039],[4.0908,45.1026],[4.0934,45.0984],[4.0932,45.0964],[4.096,45.0952],[4.0938,45.092],[4.0906,45.092],[4.0908,45.0891],[4.0803,45.0875],[4.0705,45.0884],[4.0662,45.0872],[4.0617,45.0881],[4.0539,45.0884],[4.055,45.0913],[4.0528,45.0932],[4.0501,45.0933],[4.0468,45.0917],[4.0431,45.0928],[4.0384,45.0968],[4.0349,45.0988],[4.0294,45.1007],[4.0284,45.1011],[4.0312,45.1016],[4.0341,45.1053],[4.0356,45.1089],[4.0395,45.1103],[4.0409,45.114],[4.0425,45.1145],[4.0431,45.1177],[4.0453,45.116],[4.0498,45.1142],[4.0531,45.1091],[4.0556,45.1095],[4.0587,45.113],[4.0603,45.1136],[4.0639,45.1176],[4.0689,45.1191],[4.0692,45.1204],[4.0733,45.1208],[4.0767,45.1186],[4.0796,45.1184],[4.0836,45.1156],[4.0846,45.1106],[4.0824,45.1067],[4.0844,45.1035],[4.0882,45.1028],[4.0917,45.1039]]]}},{"type":"Feature","properties":{"code":"43151","nom":"Pinols","pop":181},"geometry":{"type":"Polygon","coordinates":[[[3.4358,45.0776],[3.4366,45.0751],[3.4348,45.0739],[3.4337,45.0679],[3.4345,45.0631],[3.4376,45.061],[3.4379,45.0577],[3.4346,45.0566],[3.4387,45.0522],[3.4373,45.0478],[3.4344,45.046],[3.4361,45.044],[3.4402,45.0425],[3.441,45.0403],[3.4388,45.0379],[3.4327,45.0383],[3.4305,45.0393],[3.4216,45.0401],[3.4157,45.0398],[3.4139,45.039],[3.4174,45.0341],[3.4157,45.033],[3.4098,45.0347],[3.4091,45.0312],[3.4038,45.027],[3.4031,45.0217],[3.4054,45.0203],[3.3995,45.0198],[3.3972,45.0225],[3.3934,45.0254],[3.3883,45.0249],[3.3876,45.0237],[3.3815,45.0219],[3.3775,45.022],[3.3757,45.0132],[3.3785,45.0096],[3.3766,45.0076],[3.3746,45.0033],[3.3714,45.0023],[3.37,45.0053],[3.3623,45.0023],[3.3585,45.0018],[3.3538,45.0027],[3.3497,45.0017],[3.3507,45.0092],[3.3504,45.0125],[3.3473,45.0144],[3.342,45.0126],[3.3385,45.0108],[3.3329,45.0102],[3.3296,45.008],[3.3251,45.0103],[3.3371,45.0254],[3.3438,45.0323],[3.3426,45.0371],[3.3407,45.0406],[3.3423,45.0454],[3.3442,45.0461],[3.3459,45.0459],[3.3477,45.0426],[3.35,45.0408],[3.3517,45.0421],[3.3518,45.045],[3.3501,45.048],[3.3541,45.0522],[3.3582,45.0539],[3.3624,45.0544],[3.3686,45.0564],[3.3735,45.0594],[3.3773,45.0609],[3.3772,45.0581],[3.3798,45.0557],[3.3845,45.0542],[3.3852,45.0566],[3.3893,45.0572],[3.395,45.061],[3.3983,45.0646],[3.4014,45.0658],[3.4056,45.0687],[3.4129,45.07],[3.417,45.0695],[3.4252,45.0795],[3.4281,45.0803],[3.432,45.0796],[3.4358,45.0776]]]}},{"type":"Feature","properties":{"code":"43152","nom":"Polignac","pop":2819},"geometry":{"type":"Polygon","coordinates":[[[3.8767,45.0541],[3.8759,45.0528],[3.8757,45.0511],[3.8757,45.0504],[3.8749,45.0496],[3.8723,45.0537],[3.8698,45.0559],[3.8657,45.0578],[3.861,45.0587],[3.8553,45.0586],[3.8484,45.0562],[3.846,45.0575],[3.8436,45.0571],[3.8428,45.0597],[3.8388,45.0591],[3.8386,45.0606],[3.8354,45.0619],[3.8289,45.0594],[3.8248,45.0594],[3.8201,45.0604],[3.8139,45.0594],[3.814,45.0633],[3.8067,45.0617],[3.8059,45.063],[3.8097,45.0659],[3.8152,45.0755],[3.8156,45.0779],[3.8178,45.0789],[3.8231,45.077],[3.8245,45.0812],[3.819,45.0839],[3.8123,45.0914],[3.8164,45.0926],[3.8204,45.0973],[3.8237,45.0966],[3.8236,45.0994],[3.8279,45.1009],[3.8295,45.1027],[3.8333,45.1005],[3.834,45.0987],[3.8389,45.0966],[3.853,45.1039],[3.8572,45.1021],[3.86,45.1025],[3.8647,45.1011],[3.8678,45.1008],[3.8685,45.1029],[3.8739,45.1034],[3.8793,45.1047],[3.8846,45.1038],[3.8882,45.104],[3.8905,45.1062],[3.8931,45.1073],[3.8956,45.107],[3.8987,45.105],[3.8979,45.1012],[3.8966,45.0992],[3.8993,45.0936],[3.9017,45.0925],[3.9081,45.0933],[3.9113,45.0923],[3.9114,45.0886],[3.9079,45.0865],[3.9088,45.0833],[3.9138,45.0824],[3.9109,45.0806],[3.9114,45.0768],[3.9019,45.0752],[3.8975,45.0727],[3.8989,45.0699],[3.8961,45.0686],[3.8938,45.0659],[3.8902,45.0653],[3.8905,45.0636],[3.8887,45.059],[3.8911,45.0559],[3.886,45.0566],[3.8778,45.0588],[3.8767,45.0541]]]}},{"type":"Feature","properties":{"code":"43153","nom":"Pont-Salomon","pop":1875},"geometry":{"type":"Polygon","coordinates":[[[4.2307,45.3148],[4.2306,45.3178],[4.2346,45.32],[4.2376,45.3247],[4.236,45.3272],[4.2301,45.3309],[4.2279,45.3371],[4.2244,45.3412],[4.2226,45.3487],[4.223,45.3519],[4.2262,45.3512],[4.2294,45.3524],[4.2288,45.3541],[4.2333,45.3537],[4.2359,45.3549],[4.2396,45.3545],[4.2416,45.3497],[4.2482,45.349],[4.2522,45.3457],[4.251,45.3433],[4.2606,45.3356],[4.2683,45.3345],[4.2706,45.3332],[4.2685,45.3283],[4.2662,45.3289],[4.2628,45.3275],[4.2627,45.3261],[4.2588,45.3231],[4.2536,45.3213],[4.2508,45.322],[4.249,45.3197],[4.2507,45.3175],[4.2468,45.3171],[4.2431,45.3181],[4.2348,45.3166],[4.2314,45.3142],[4.2307,45.3148]]]}},{"type":"Feature","properties":{"code":"43154","nom":"Pradelles","pop":531},"geometry":{"type":"Polygon","coordinates":[[[3.8418,44.7723],[3.8443,44.7724],[3.8484,44.7743],[3.8503,44.7737],[3.8594,44.7753],[3.8656,44.7785],[3.8668,44.78],[3.8747,44.786],[3.8869,44.786],[3.8896,44.7854],[3.894,44.7815],[3.9042,44.7806],[3.9115,44.7755],[3.9133,44.7699],[3.914,44.7651],[3.9102,44.7657],[3.9002,44.7644],[3.897,44.7612],[3.8976,44.7597],[3.8962,44.755],[3.8982,44.7528],[3.8925,44.7512],[3.8898,44.752],[3.8854,44.755],[3.8758,44.7574],[3.8753,44.7557],[3.8694,44.7549],[3.867,44.7513],[3.8673,44.7481],[3.8626,44.744],[3.8552,44.7464],[3.8502,44.7466],[3.8477,44.7453],[3.8434,44.7471],[3.8412,44.7467],[3.8352,44.7483],[3.8363,44.7511],[3.8347,44.7525],[3.8298,44.7548],[3.8311,44.7566],[3.8339,44.7575],[3.837,44.76],[3.8403,44.7651],[3.8424,44.7671],[3.8431,44.7697],[3.8418,44.7723]]]}},{"type":"Feature","properties":{"code":"43155","nom":"Prades","pop":77},"geometry":{"type":"Polygon","coordinates":[[[3.5895,45.0135],[3.5853,45.0178],[3.5808,45.0188],[3.5784,45.0214],[3.581,45.0282],[3.5798,45.0329],[3.5776,45.0376],[3.5872,45.037],[3.5925,45.0348],[3.5966,45.0359],[3.5979,45.035],[3.5979,45.0319],[3.6003,45.0325],[3.604,45.0275],[3.6045,45.0247],[3.6103,45.0244],[3.6141,45.022],[3.6168,45.0188],[3.6145,45.0167],[3.6079,45.0174],[3.6051,45.0137],[3.6021,45.014],[3.5944,45.0131],[3.5895,45.0135]]]}},{"type":"Feature","properties":{"code":"43156","nom":"Présailles","pop":108},"geometry":{"type":"Polygon","coordinates":[[[4.0131,44.8837],[4.0099,44.8856],[4.0072,44.8901],[4.008,44.8923],[4.0157,44.8929],[4.0165,44.8963],[4.0135,44.8987],[4.014,44.9007],[4.0127,44.9022],[4.0127,44.9074],[4.0158,44.9098],[4.0131,44.9117],[4.0152,44.9149],[4.0181,44.9155],[4.0259,44.9122],[4.0283,44.9138],[4.0323,44.913],[4.0359,44.9135],[4.0402,44.9159],[4.0422,44.9159],[4.0458,44.9138],[4.0497,44.9152],[4.0543,44.9101],[4.0551,44.9071],[4.0579,44.9057],[4.0663,44.905],[4.0664,44.903],[4.0707,44.9012],[4.0741,44.9029],[4.0748,44.8998],[4.0729,44.8988],[4.0745,44.8959],[4.0736,44.8938],[4.0754,44.8882],[4.0739,44.8857],[4.0824,44.8795],[4.0889,44.8775],[4.0794,44.8719],[4.0777,44.8698],[4.0733,44.8706],[4.0733,44.8687],[4.0709,44.8666],[4.067,44.8687],[4.0641,44.8685],[4.0625,44.8702],[4.0575,44.8716],[4.0566,44.8729],[4.0512,44.8719],[4.0472,44.8702],[4.0395,44.8735],[4.0338,44.8712],[4.033,44.8692],[4.0287,44.8662],[4.023,44.8689],[4.0225,44.8706],[4.0194,44.8724],[4.0179,44.8749],[4.0204,44.8771],[4.017,44.8778],[4.0186,44.8815],[4.0131,44.8837]]]}},{"type":"Feature","properties":{"code":"43157","nom":"Le Puy-en-Velay","pop":18540},"geometry":{"type":"Polygon","coordinates":[[[3.8767,45.0541],[3.8814,45.0521],[3.8789,45.05],[3.88,45.0485],[3.8859,45.0468],[3.8884,45.0488],[3.893,45.0506],[3.8953,45.0505],[3.8988,45.0511],[3.8995,45.0539],[3.9018,45.057],[3.9051,45.0568],[3.9023,45.0552],[3.905,45.0498],[3.9099,45.0466],[3.9108,45.044],[3.9138,45.0426],[3.917,45.0433],[3.918,45.042],[3.9237,45.0405],[3.9335,45.0303],[3.9324,45.0287],[3.9291,45.0278],[3.9284,45.0248],[3.9264,45.0232],[3.9232,45.0226],[3.915,45.0237],[3.9093,45.0175],[3.9094,45.0143],[3.9067,45.0124],[3.9048,45.0093],[3.8964,45.0114],[3.8913,45.0106],[3.8861,45.0083],[3.8825,45.0051],[3.8796,45],[3.8731,44.9999],[3.8658,44.9989],[3.8612,45.0007],[3.8652,45.0031],[3.8662,45.0053],[3.8616,45.0071],[3.8671,45.0109],[3.867,45.0171],[3.8713,45.0166],[3.8726,45.0185],[3.8783,45.0189],[3.8787,45.0208],[3.8818,45.0248],[3.8811,45.0278],[3.8811,45.0323],[3.8849,45.0358],[3.8817,45.0369],[3.8736,45.0374],[3.8726,45.0389],[3.876,45.048],[3.8757,45.0504],[3.8757,45.0511],[3.8759,45.0528],[3.8767,45.0541]]]}},{"type":"Feature","properties":{"code":"43158","nom":"Queyrières","pop":363},"geometry":{"type":"Polygon","coordinates":[[[4.096,45.0952],[4.0995,45.0932],[4.1016,45.0939],[4.1074,45.0911],[4.1076,45.0883],[4.1106,45.087],[4.1086,45.0848],[4.112,45.0843],[4.114,45.0813],[4.1175,45.0813],[4.119,45.0797],[4.1227,45.0807],[4.1226,45.0775],[4.1252,45.0761],[4.1266,45.0724],[4.1285,45.0731],[4.1294,45.0697],[4.1352,45.0572],[4.1297,45.054],[4.1237,45.0472],[4.1196,45.0491],[4.1152,45.0501],[4.1147,45.0513],[4.1106,45.0538],[4.1068,45.0546],[4.0989,45.0541],[4.0986,45.0567],[4.0968,45.0582],[4.0927,45.0567],[4.0918,45.0588],[4.0883,45.0613],[4.085,45.0625],[4.0829,45.0656],[4.0805,45.0648],[4.0755,45.0651],[4.0726,45.0664],[4.0681,45.0671],[4.0682,45.0685],[4.0721,45.0684],[4.0757,45.0722],[4.0833,45.0767],[4.0824,45.079],[4.0825,45.0826],[4.0837,45.0838],[4.0803,45.0875],[4.0908,45.0891],[4.0906,45.092],[4.0938,45.092],[4.096,45.0952]]]}},{"type":"Feature","properties":{"code":"43159","nom":"Raucoules","pop":948},"geometry":{"type":"Polygon","coordinates":[[[4.2492,45.2148],[4.2504,45.2163],[4.2493,45.2183],[4.2546,45.2175],[4.2564,45.2193],[4.26,45.2159],[4.2597,45.2124],[4.2646,45.2131],[4.2679,45.2128],[4.2687,45.21],[4.2728,45.2118],[4.2752,45.2107],[4.277,45.2135],[4.2748,45.2162],[4.2765,45.2181],[4.2831,45.2166],[4.2854,45.2132],[4.2922,45.2154],[4.2961,45.2146],[4.2964,45.2133],[4.2964,45.212],[4.3001,45.2098],[4.3007,45.2082],[4.3052,45.2082],[4.3073,45.2064],[4.3137,45.203],[4.3151,45.1973],[4.3175,45.1949],[4.3151,45.1956],[4.3086,45.1904],[4.3055,45.1842],[4.3065,45.1824],[4.3053,45.1808],[4.3004,45.1783],[4.2996,45.1771],[4.302,45.1749],[4.3023,45.1741],[4.2981,45.1718],[4.2987,45.1677],[4.2964,45.1664],[4.299,45.1643],[4.297,45.1598],[4.2936,45.1582],[4.29,45.1587],[4.2882,45.1607],[4.2787,45.165],[4.2778,45.1663],[4.2735,45.1665],[4.2684,45.1697],[4.2671,45.173],[4.2643,45.1746],[4.2651,45.176],[4.2582,45.1819],[4.2608,45.1858],[4.2623,45.1907],[4.2595,45.1915],[4.2579,45.1934],[4.2531,45.1964],[4.2526,45.2009],[4.2545,45.2025],[4.2492,45.2082],[4.2479,45.2132],[4.2492,45.2148]]]}},{"type":"Feature","properties":{"code":"43160","nom":"Rauret","pop":202},"geometry":{"type":"Polygon","coordinates":[[[3.7642,44.8005],[3.7612,44.8016],[3.7608,44.8045],[3.7587,44.8069],[3.7629,44.8098],[3.7615,44.8135],[3.7595,44.8161],[3.7613,44.8181],[3.7671,44.8188],[3.7743,44.8169],[3.7773,44.8181],[3.7807,44.8184],[3.7853,44.8212],[3.7884,44.8248],[3.7911,44.8234],[3.7973,44.8252],[3.801,44.8291],[3.8042,44.828],[3.8077,44.8309],[3.8104,44.8302],[3.8142,44.8318],[3.8179,44.8304],[3.8238,44.8291],[3.8219,44.8269],[3.8253,44.8242],[3.8238,44.8213],[3.8271,44.8196],[3.8323,44.8188],[3.8319,44.8142],[3.8355,44.8136],[3.8377,44.8114],[3.8354,44.8082],[3.8289,44.8085],[3.8257,44.8057],[3.8241,44.8059],[3.8206,44.8021],[3.8205,44.7996],[3.8166,44.796],[3.8181,44.7937],[3.8164,44.7919],[3.8169,44.7902],[3.8198,44.7874],[3.8178,44.7822],[3.8185,44.7804],[3.8169,44.7771],[3.8175,44.7744],[3.8193,44.7727],[3.8161,44.7685],[3.8123,44.769],[3.8119,44.7659],[3.8097,44.7652],[3.803,44.7708],[3.8049,44.773],[3.802,44.7802],[3.8031,44.7816],[3.7985,44.7862],[3.7966,44.7868],[3.7879,44.7922],[3.7871,44.7938],[3.7829,44.7956],[3.7794,44.7959],[3.7776,44.7988],[3.7751,44.7966],[3.7711,44.7977],[3.7739,44.8006],[3.7713,44.8033],[3.7664,44.8032],[3.7642,44.8005]]]}},{"type":"Feature","properties":{"code":"43162","nom":"Retournac","pop":3007},"geometry":{"type":"Polygon","coordinates":[[[4.0732,45.2207],[4.0733,45.2154],[4.0719,45.2139],[4.0722,45.2099],[4.0695,45.205],[4.0655,45.2011],[4.0636,45.198],[4.059,45.1946],[4.0562,45.191],[4.0567,45.1889],[4.0552,45.1864],[4.0559,45.1829],[4.0576,45.1797],[4.0559,45.1748],[4.0544,45.175],[4.0508,45.1809],[4.0462,45.1816],[4.0455,45.1788],[4.0393,45.182],[4.0367,45.181],[4.0361,45.1835],[4.031,45.1796],[4.0261,45.1788],[4.0235,45.1765],[4.0207,45.1763],[4.0177,45.1777],[4.0161,45.1798],[4.0118,45.1792],[4.0089,45.1827],[4.0072,45.1828],[4.0018,45.186],[3.9998,45.1885],[4.0007,45.1927],[4.0027,45.1931],[4.0054,45.1963],[4.0039,45.1992],[4.0099,45.2],[4.0151,45.2042],[4.0149,45.2067],[4.0114,45.2057],[4.0086,45.2061],[4.0029,45.2095],[3.9982,45.2108],[3.9947,45.2103],[3.9923,45.2085],[3.9858,45.2098],[3.9822,45.2064],[3.9811,45.2086],[3.9813,45.2127],[3.9766,45.2163],[3.9776,45.2192],[3.9752,45.2203],[3.9738,45.2273],[3.9714,45.2322],[3.9765,45.2376],[3.9767,45.2397],[3.9841,45.2388],[3.9884,45.2387],[3.9963,45.2368],[3.9984,45.2369],[4.0039,45.2393],[4.0061,45.2411],[4.0099,45.2407],[4.0238,45.2436],[4.021,45.2462],[4.019,45.25],[4.0203,45.2524],[4.0176,45.2555],[4.0202,45.2578],[4.0232,45.2575],[4.0226,45.2625],[4.0287,45.2635],[4.031,45.2622],[4.0345,45.2648],[4.0413,45.2626],[4.0415,45.2656],[4.047,45.2695],[4.0486,45.2679],[4.0525,45.2674],[4.0524,45.259],[4.0479,45.2563],[4.0499,45.2518],[4.0532,45.2497],[4.0502,45.2457],[4.0571,45.243],[4.0597,45.2434],[4.061,45.2413],[4.0637,45.2402],[4.0599,45.237],[4.0598,45.2335],[4.0676,45.2303],[4.066,45.228],[4.0686,45.2256],[4.0703,45.222],[4.0732,45.2207]]]}},{"type":"Feature","properties":{"code":"43163","nom":"Riotord","pop":1195},"geometry":{"type":"Polygon","coordinates":[[[4.4794,45.238],[4.4831,45.2366],[4.4833,45.2322],[4.4872,45.2285],[4.4873,45.2272],[4.4908,45.2235],[4.4878,45.2218],[4.4867,45.2191],[4.4875,45.2165],[4.4815,45.2161],[4.4803,45.2189],[4.4769,45.2219],[4.4726,45.2223],[4.468,45.2217],[4.4623,45.2197],[4.4586,45.2194],[4.458,45.2155],[4.4544,45.2106],[4.454,45.2086],[4.4503,45.2065],[4.4467,45.2018],[4.444,45.2013],[4.439,45.2017],[4.436,45.1993],[4.4305,45.2],[4.4256,45.2024],[4.4234,45.2022],[4.4179,45.2033],[4.4149,45.2019],[4.4117,45.1991],[4.4078,45.1986],[4.4045,45.1996],[4.4003,45.1977],[4.395,45.1999],[4.3943,45.2011],[4.3893,45.203],[4.3864,45.2032],[4.3834,45.2072],[4.3802,45.2082],[4.381,45.2105],[4.3799,45.2126],[4.3822,45.2133],[4.3819,45.216],[4.3795,45.2173],[4.3765,45.2206],[4.3807,45.2307],[4.3763,45.235],[4.3701,45.2367],[4.3682,45.2387],[4.3618,45.2384],[4.3578,45.2366],[4.3576,45.2391],[4.3553,45.2423],[4.3574,45.2436],[4.3618,45.2432],[4.3634,45.2422],[4.3714,45.2449],[4.3708,45.2474],[4.3749,45.248],[4.3779,45.2464],[4.3802,45.25],[4.3742,45.2541],[4.3765,45.2587],[4.3714,45.2599],[4.3762,45.2633],[4.3781,45.2609],[4.3815,45.2596],[4.383,45.2574],[4.3875,45.2552],[4.391,45.2577],[4.3875,45.2622],[4.3955,45.2652],[4.3986,45.265],[4.4004,45.2661],[4.3994,45.2685],[4.4023,45.27],[4.4057,45.2698],[4.4107,45.2723],[4.4142,45.2727],[4.4188,45.2753],[4.4306,45.2759],[4.4354,45.2747],[4.4409,45.2659],[4.4418,45.2629],[4.4452,45.2605],[4.448,45.2576],[4.4529,45.2573],[4.4568,45.2533],[4.4602,45.2523],[4.464,45.2501],[4.466,45.2477],[4.4686,45.2478],[4.4702,45.2459],[4.4704,45.2423],[4.4716,45.24],[4.4761,45.238],[4.4794,45.238]]]}},{"type":"Feature","properties":{"code":"43164","nom":"Roche-en-Régnier","pop":476},"geometry":{"type":"Polygon","coordinates":[[[3.9841,45.2388],[3.9767,45.2397],[3.9765,45.2376],[3.9714,45.2322],[3.9738,45.2273],[3.9752,45.2203],[3.9776,45.2192],[3.9766,45.2163],[3.9813,45.2127],[3.9811,45.2086],[3.9822,45.2064],[3.9799,45.2045],[3.9791,45.2022],[3.9751,45.2014],[3.97,45.1981],[3.9658,45.1979],[3.9628,45.1989],[3.9629,45.2015],[3.9659,45.202],[3.9634,45.2044],[3.964,45.2071],[3.9598,45.2071],[3.9622,45.2097],[3.9531,45.2143],[3.9496,45.2135],[3.9462,45.215],[3.9413,45.2147],[3.9377,45.2115],[3.9291,45.2126],[3.9263,45.2107],[3.9214,45.2101],[3.9215,45.2129],[3.9265,45.2158],[3.9189,45.2198],[3.9151,45.2179],[3.9101,45.2231],[3.9116,45.2275],[3.909,45.23],[3.9094,45.2313],[3.9066,45.2362],[3.9021,45.2379],[3.9064,45.24],[3.9056,45.2413],[3.9074,45.2433],[3.9058,45.2444],[3.9074,45.247],[3.9104,45.2492],[3.9175,45.2484],[3.9234,45.247],[3.9269,45.2493],[3.9289,45.2502],[3.9334,45.2505],[3.9335,45.253],[3.9373,45.255],[3.941,45.2548],[3.9408,45.2571],[3.944,45.2573],[3.9458,45.2605],[3.9501,45.2608],[3.9524,45.2629],[3.9557,45.2635],[3.9565,45.2608],[3.9592,45.2599],[3.9621,45.2618],[3.9634,45.2604],[3.9675,45.2606],[3.9695,45.2627],[3.9729,45.2619],[3.9736,45.2588],[3.9726,45.2562],[3.9746,45.2545],[3.9736,45.2512],[3.983,45.2454],[3.985,45.2417],[3.9841,45.2388]]]}},{"type":"Feature","properties":{"code":"43165","nom":"Rosières","pop":1548},"geometry":{"type":"Polygon","coordinates":[[[4.0243,45.1441],[4.0256,45.1424],[4.03,45.1437],[4.0292,45.1399],[4.0312,45.1385],[4.0292,45.136],[4.0277,45.1321],[4.0316,45.1311],[4.0348,45.1285],[4.04,45.127],[4.0431,45.1274],[4.045,45.1259],[4.0465,45.1218],[4.0431,45.1177],[4.0425,45.1145],[4.0409,45.114],[4.0395,45.1103],[4.0356,45.1089],[4.0341,45.1053],[4.0312,45.1016],[4.0284,45.1011],[4.025,45.1045],[4.0183,45.1072],[4.0134,45.1062],[4.0081,45.1069],[3.9957,45.103],[3.9937,45.1004],[3.9931,45.0972],[3.9945,45.0952],[3.9913,45.0967],[3.991,45.1015],[3.9881,45.1046],[3.9885,45.1056],[3.9865,45.1107],[3.984,45.1137],[3.9759,45.1172],[3.9737,45.1194],[3.9694,45.121],[3.9654,45.1209],[3.9713,45.1251],[3.9697,45.1286],[3.9699,45.1308],[3.9746,45.138],[3.9755,45.1433],[3.9792,45.1474],[3.9816,45.1519],[3.9824,45.1565],[3.9814,45.1608],[3.9776,45.1651],[3.9726,45.1661],[3.9751,45.1686],[3.9806,45.1696],[3.9836,45.1666],[3.9879,45.1667],[3.9924,45.1639],[3.996,45.1625],[4.0061,45.1626],[4.0111,45.1621],[4.013,45.1611],[4.0139,45.1586],[4.0171,45.1577],[4.0167,45.1537],[4.0151,45.1524],[4.0187,45.1463],[4.0194,45.1411],[4.0243,45.1441]]]}},{"type":"Feature","properties":{"code":"43166","nom":"Saint-André-de-Chalencon","pop":374},"geometry":{"type":"Polygon","coordinates":[[[3.9189,45.272],[3.9248,45.2765],[3.9249,45.2779],[3.9299,45.2872],[3.9316,45.2894],[3.9341,45.289],[3.9333,45.2835],[3.9387,45.2858],[3.9414,45.2853],[3.9459,45.2865],[3.946,45.288],[3.9427,45.2904],[3.9373,45.2967],[3.9414,45.2978],[3.9433,45.2969],[3.9426,45.294],[3.9511,45.2979],[3.9537,45.2977],[3.9559,45.2995],[3.9579,45.2989],[3.9619,45.2974],[3.9612,45.2953],[3.9647,45.2949],[3.9656,45.2932],[3.9699,45.2944],[3.9717,45.2936],[3.9705,45.2914],[3.9737,45.2903],[3.9738,45.2873],[3.977,45.2864],[3.9792,45.2851],[3.985,45.2842],[3.9841,45.2813],[3.9822,45.2786],[3.9843,45.278],[3.9848,45.2753],[3.9874,45.2758],[3.9905,45.2735],[3.9939,45.2692],[3.9973,45.2677],[3.9955,45.2643],[3.9929,45.2633],[3.9893,45.264],[3.9838,45.264],[3.9822,45.2671],[3.9781,45.2674],[3.9755,45.2659],[3.9729,45.2619],[3.9695,45.2627],[3.9675,45.2606],[3.9634,45.2604],[3.9621,45.2618],[3.9592,45.2599],[3.9565,45.2608],[3.9557,45.2635],[3.9524,45.2629],[3.9501,45.2608],[3.9458,45.2605],[3.944,45.2573],[3.9408,45.2571],[3.941,45.2548],[3.9373,45.255],[3.9335,45.253],[3.9334,45.2505],[3.9289,45.2502],[3.9269,45.2493],[3.9241,45.258],[3.9244,45.2634],[3.9237,45.2675],[3.9223,45.2697],[3.9189,45.272]]]}},{"type":"Feature","properties":{"code":"43167","nom":"Saint-Arcons-d'Allier","pop":189},"geometry":{"type":"Polygon","coordinates":[[[3.5259,45.0938],[3.5275,45.0954],[3.5293,45.099],[3.5373,45.0985],[3.5388,45.1001],[3.542,45.0989],[3.5452,45.1034],[3.5491,45.1041],[3.5505,45.1082],[3.5557,45.1055],[3.5589,45.1049],[3.5622,45.1055],[3.5691,45.1044],[3.5707,45.1057],[3.5746,45.1063],[3.5795,45.1056],[3.5776,45.1043],[3.5775,45.1015],[3.5752,45.1006],[3.5779,45.097],[3.5815,45.0951],[3.5818,45.0903],[3.5874,45.0883],[3.5898,45.0884],[3.5878,45.0872],[3.5866,45.0843],[3.5836,45.0811],[3.5858,45.0798],[3.589,45.0807],[3.5892,45.0769],[3.5937,45.0745],[3.593,45.0701],[3.5894,45.067],[3.5861,45.0662],[3.5846,45.0644],[3.5783,45.0643],[3.5754,45.0625],[3.5706,45.0622],[3.568,45.0612],[3.5652,45.0636],[3.5612,45.0651],[3.5555,45.0643],[3.5501,45.0662],[3.5393,45.0759],[3.544,45.0753],[3.5453,45.0809],[3.544,45.0831],[3.5418,45.0829],[3.5432,45.0869],[3.5373,45.0912],[3.5329,45.0929],[3.53,45.0924],[3.5259,45.0938]]]}},{"type":"Feature","properties":{"code":"43168","nom":"Saint-Arcons-de-Barges","pop":119},"geometry":{"type":"Polygon","coordinates":[[[3.9443,44.821],[3.9395,44.8207],[3.9352,44.8182],[3.9347,44.8162],[3.9289,44.8164],[3.9246,44.818],[3.9203,44.817],[3.9165,44.8172],[3.9126,44.8129],[3.9096,44.8151],[3.9078,44.8152],[3.9042,44.8127],[3.9002,44.8123],[3.8962,44.8139],[3.8938,44.8201],[3.8976,44.8213],[3.8979,44.8241],[3.8996,44.8257],[3.8987,44.8315],[3.9021,44.8327],[3.9027,44.8357],[3.9086,44.838],[3.9141,44.8384],[3.9153,44.84],[3.9114,44.8405],[3.9066,44.8399],[3.9059,44.8415],[3.9022,44.8405],[3.9015,44.842],[3.8982,44.8428],[3.8925,44.8413],[3.8904,44.844],[3.8937,44.8446],[3.8985,44.8469],[3.9025,44.8476],[3.91,44.8507],[3.9112,44.8539],[3.9141,44.8556],[3.9166,44.8551],[3.9222,44.8554],[3.9252,44.8539],[3.9297,44.8491],[3.9412,44.8456],[3.9442,44.8432],[3.9482,44.8433],[3.956,44.839],[3.9558,44.8376],[3.9598,44.8346],[3.9616,44.8312],[3.9636,44.8294],[3.9584,44.8285],[3.9565,44.8271],[3.9504,44.8265],[3.9471,44.8241],[3.9448,44.8246],[3.9443,44.821]]]}},{"type":"Feature","properties":{"code":"43169","nom":"Saint-Austremoine","pop":58},"geometry":{"type":"Polygon","coordinates":[[[3.3324,45.1342],[3.34,45.1312],[3.3458,45.132],[3.3566,45.1309],[3.3608,45.1312],[3.3652,45.1326],[3.366,45.1284],[3.3718,45.1292],[3.381,45.1319],[3.3852,45.1301],[3.3869,45.1275],[3.3862,45.1251],[3.3878,45.1236],[3.3855,45.1205],[3.3874,45.1175],[3.392,45.1144],[3.3892,45.1133],[3.3837,45.11],[3.3794,45.1084],[3.3757,45.1063],[3.3735,45.1082],[3.3683,45.1087],[3.362,45.1042],[3.3603,45.1046],[3.3534,45.1037],[3.3505,45.1043],[3.35,45.1081],[3.3518,45.112],[3.3478,45.1127],[3.343,45.1116],[3.3347,45.1111],[3.327,45.112],[3.326,45.1153],[3.3143,45.1182],[3.321,45.119],[3.3283,45.1227],[3.3309,45.1219],[3.3356,45.1231],[3.3362,45.124],[3.3336,45.13],[3.3303,45.1311],[3.3324,45.1342]]]}},{"type":"Feature","properties":{"code":"43170","nom":"Saint-Beauzire","pop":457},"geometry":{"type":"Polygon","coordinates":[[[3.2697,45.2358],[3.2656,45.2357],[3.2668,45.2384],[3.2667,45.2409],[3.2652,45.2418],[3.2683,45.2463],[3.2715,45.2486],[3.2786,45.2566],[3.2776,45.2608],[3.2748,45.2648],[3.265,45.2642],[3.26,45.2681],[3.2593,45.27],[3.247,45.2722],[3.242,45.2778],[3.2399,45.2776],[3.2373,45.2801],[3.2365,45.2829],[3.2401,45.2865],[3.2429,45.288],[3.2497,45.2898],[3.254,45.2874],[3.2582,45.2879],[3.2637,45.2877],[3.2713,45.2898],[3.273,45.288],[3.2775,45.2894],[3.2751,45.2934],[3.2721,45.2946],[3.2694,45.2979],[3.268,45.3014],[3.27,45.3021],[3.2713,45.3054],[3.2733,45.3066],[3.2794,45.3087],[3.2923,45.311],[3.2914,45.3075],[3.2902,45.3033],[3.2872,45.2978],[3.2922,45.2974],[3.293,45.3],[3.2962,45.2983],[3.3023,45.2966],[3.3063,45.2966],[3.3065,45.2943],[3.3125,45.2896],[3.3139,45.2896],[3.3124,45.285],[3.3137,45.2846],[3.3125,45.2791],[3.315,45.2796],[3.3146,45.2759],[3.3133,45.2743],[3.3158,45.2726],[3.3187,45.2659],[3.3153,45.2621],[3.3128,45.2621],[3.3117,45.2584],[3.3076,45.2572],[3.3077,45.2556],[3.3035,45.2545],[3.2976,45.255],[3.2939,45.2544],[3.2883,45.2518],[3.2843,45.2469],[3.2804,45.2465],[3.2791,45.2474],[3.2752,45.2458],[3.2754,45.2425],[3.2708,45.2383],[3.2697,45.2358]]]}},{"type":"Feature","properties":{"code":"43171","nom":"Saint-Bérain","pop":95},"geometry":{"type":"Polygon","coordinates":[[[3.6493,45.0491],[3.6498,45.0489],[3.6487,45.0437],[3.65,45.0396],[3.6493,45.0379],[3.6519,45.0361],[3.6497,45.0348],[3.6496,45.0317],[3.6525,45.0297],[3.6581,45.0289],[3.6586,45.0279],[3.6534,45.0247],[3.6466,45.0179],[3.6453,45.0119],[3.6393,45.0061],[3.6311,45.0069],[3.6266,45.0122],[3.6262,45.0147],[3.6241,45.0169],[3.6205,45.017],[3.6168,45.0188],[3.6141,45.022],[3.6103,45.0244],[3.6045,45.0247],[3.604,45.0275],[3.6003,45.0325],[3.5979,45.0319],[3.5979,45.035],[3.5991,45.0375],[3.5936,45.039],[3.5966,45.0397],[3.599,45.0423],[3.6015,45.0428],[3.6054,45.0406],[3.611,45.0415],[3.6159,45.0447],[3.6197,45.045],[3.6222,45.0486],[3.6291,45.0492],[3.6336,45.0487],[3.6441,45.0465],[3.6493,45.0491]]]}},{"type":"Feature","properties":{"code":"43172","nom":"Saint-Bonnet-le-Froid","pop":232},"geometry":{"type":"Polygon","coordinates":[[[4.4361,45.1086],[4.4346,45.1119],[4.4319,45.1124],[4.4282,45.1145],[4.4263,45.1178],[4.4286,45.1222],[4.4314,45.1216],[4.4308,45.1253],[4.4317,45.1279],[4.4303,45.1303],[4.4238,45.1342],[4.423,45.1373],[4.4142,45.1416],[4.4112,45.1408],[4.4085,45.1444],[4.4091,45.1473],[4.4079,45.1509],[4.4085,45.1528],[4.4111,45.1549],[4.4111,45.1572],[4.4161,45.1596],[4.4165,45.1654],[4.4183,45.1652],[4.4287,45.1671],[4.4348,45.1674],[4.4408,45.1668],[4.4436,45.1684],[4.4476,45.1676],[4.4505,45.1682],[4.454,45.1674],[4.4581,45.1689],[4.4565,45.167],[4.4498,45.1646],[4.4471,45.1608],[4.4478,45.1589],[4.4465,45.1552],[4.4474,45.1523],[4.4445,45.1494],[4.4431,45.1448],[4.4435,45.1421],[4.4449,45.1379],[4.4471,45.136],[4.446,45.1342],[4.4466,45.1309],[4.4483,45.1288],[4.4539,45.1276],[4.4574,45.1235],[4.4572,45.1189],[4.4478,45.1194],[4.4466,45.1186],[4.4421,45.1188],[4.4401,45.1227],[4.4383,45.1221],[4.4369,45.1184],[4.4374,45.1164],[4.4414,45.1117],[4.4389,45.1093],[4.4361,45.1086]]]}},{"type":"Feature","properties":{"code":"43173","nom":"Saint-Christophe-d'Allier","pop":83},"geometry":{"type":"Polygon","coordinates":[[[3.6916,44.873],[3.6965,44.8738],[3.6976,44.8752],[3.6996,44.8772],[3.7021,44.8765],[3.7056,44.874],[3.7072,44.8708],[3.7108,44.8699],[3.7122,44.8709],[3.7169,44.8692],[3.7188,44.8654],[3.7168,44.8623],[3.7299,44.8594],[3.7369,44.8586],[3.737,44.8559],[3.7355,44.8534],[3.7379,44.8497],[3.7339,44.8481],[3.7356,44.8459],[3.7399,44.8457],[3.74,44.8428],[3.7361,44.8414],[3.7355,44.8401],[3.7349,44.8379],[3.737,44.8361],[3.7346,44.8329],[3.7283,44.8339],[3.7223,44.8309],[3.7175,44.8316],[3.7144,44.8332],[3.7107,44.8365],[3.7041,44.8359],[3.6997,44.8367],[3.6981,44.8355],[3.6993,44.8336],[3.6966,44.8308],[3.6923,44.832],[3.6871,44.8318],[3.6862,44.8302],[3.6814,44.83],[3.6746,44.8304],[3.6699,44.8289],[3.6663,44.8286],[3.6632,44.8298],[3.6594,44.8335],[3.6576,44.8361],[3.6663,44.8398],[3.6697,44.8408],[3.6721,44.8433],[3.6706,44.8511],[3.6739,44.8541],[3.68,44.8556],[3.6848,44.8577],[3.6884,44.8581],[3.6875,44.8643],[3.6898,44.865],[3.6898,44.8691],[3.6916,44.8702],[3.6916,44.873]]]}},{"type":"Feature","properties":{"code":"43174","nom":"Saint-Christophe-sur-Dolaison","pop":931},"geometry":{"type":"Polygon","coordinates":[[[3.8113,45.011],[3.8166,45.0119],[3.8188,45.0146],[3.8253,45.0171],[3.8282,45.0197],[3.8324,45.0218],[3.8342,45.0244],[3.8411,45.0236],[3.8528,45.0263],[3.8506,45.0238],[3.8458,45.0226],[3.8425,45.0203],[3.8457,45.0172],[3.849,45.0169],[3.8526,45.0182],[3.8542,45.0167],[3.8552,45.0119],[3.8573,45.0082],[3.8616,45.0071],[3.8662,45.0053],[3.8652,45.0031],[3.8612,45.0007],[3.8658,44.9989],[3.8603,44.9974],[3.8561,44.9909],[3.8547,44.9913],[3.8528,44.9865],[3.851,44.9864],[3.8471,44.9824],[3.8448,44.981],[3.8464,44.9765],[3.8434,44.9738],[3.8438,44.9714],[3.8423,44.969],[3.8401,44.9688],[3.8388,44.9658],[3.8362,44.9634],[3.8308,44.9626],[3.8296,44.9587],[3.8276,44.957],[3.8235,44.9557],[3.8162,44.9568],[3.8105,44.9549],[3.8035,44.9573],[3.8052,44.961],[3.802,44.9616],[3.8025,44.9657],[3.795,44.9702],[3.7961,44.9704],[3.7963,44.9749],[3.7956,44.9761],[3.7904,44.9748],[3.7893,44.9802],[3.7876,44.9836],[3.7865,44.988],[3.7925,44.9897],[3.795,44.9918],[3.7943,44.9935],[3.7998,44.9964],[3.8039,45.0009],[3.8045,45.0047],[3.8075,45.0055],[3.8118,45.008],[3.8113,45.011]]]}},{"type":"Feature","properties":{"code":"43175","nom":"Saint-Cirgues","pop":165},"geometry":{"type":"Polygon","coordinates":[[[3.392,45.1144],[3.3874,45.1175],[3.3855,45.1205],[3.3878,45.1236],[3.3862,45.1251],[3.3869,45.1275],[3.3852,45.1301],[3.381,45.1319],[3.3718,45.1292],[3.366,45.1284],[3.3652,45.1326],[3.3608,45.1312],[3.3566,45.1309],[3.3458,45.132],[3.34,45.1312],[3.3324,45.1342],[3.3312,45.1359],[3.3389,45.137],[3.3416,45.139],[3.3463,45.1381],[3.3489,45.1389],[3.3534,45.1377],[3.3564,45.138],[3.3592,45.141],[3.3558,45.1426],[3.3597,45.1441],[3.3646,45.1446],[3.3681,45.1458],[3.3698,45.1445],[3.374,45.1447],[3.3807,45.1481],[3.388,45.1469],[3.3922,45.1472],[3.3946,45.1478],[3.3971,45.1464],[3.4031,45.1471],[3.4063,45.1491],[3.4087,45.1488],[3.4111,45.1457],[3.4146,45.1451],[3.4196,45.1452],[3.4221,45.1422],[3.4235,45.1385],[3.4202,45.1354],[3.4235,45.1272],[3.4232,45.1251],[3.4174,45.1251],[3.413,45.1212],[3.4098,45.1224],[3.4033,45.1184],[3.4038,45.1168],[3.4004,45.116],[3.3962,45.1135],[3.392,45.1144]]]}},{"type":"Feature","properties":{"code":"43177","nom":"Saint-Didier-en-Velay","pop":3523},"geometry":{"type":"Polygon","coordinates":[[[4.2596,45.2744],[4.2638,45.2761],[4.2636,45.278],[4.2661,45.2797],[4.2657,45.2821],[4.2687,45.2822],[4.2688,45.2854],[4.2639,45.2927],[4.261,45.2937],[4.2586,45.2973],[4.2589,45.3016],[4.2561,45.3021],[4.2569,45.3048],[4.2567,45.31],[4.2525,45.3097],[4.2488,45.3134],[4.2483,45.3163],[4.2468,45.3171],[4.2507,45.3175],[4.249,45.3197],[4.2508,45.322],[4.2536,45.3213],[4.2588,45.3231],[4.2627,45.3261],[4.2628,45.3275],[4.2662,45.3289],[4.2685,45.3283],[4.2706,45.3332],[4.2727,45.3344],[4.2786,45.3355],[4.2822,45.3387],[4.2839,45.3438],[4.2904,45.3442],[4.2953,45.342],[4.2958,45.3406],[4.3006,45.3382],[4.303,45.3339],[4.3048,45.3329],[4.3067,45.3297],[4.3104,45.3285],[4.3117,45.3293],[4.3188,45.3291],[4.3187,45.3271],[4.3207,45.3243],[4.3241,45.3236],[4.3248,45.3212],[4.3225,45.32],[4.3235,45.3154],[4.3166,45.3134],[4.315,45.3094],[4.3135,45.3087],[4.313,45.3057],[4.3109,45.3035],[4.3101,45.2999],[4.3055,45.2958],[4.3047,45.293],[4.3025,45.2897],[4.2978,45.2868],[4.2953,45.284],[4.2901,45.2851],[4.2863,45.2846],[4.2803,45.2782],[4.2819,45.2764],[4.2796,45.272],[4.2803,45.2702],[4.2787,45.2683],[4.27,45.2721],[4.2658,45.2726],[4.2629,45.2718],[4.2596,45.2744]]]}},{"type":"Feature","properties":{"code":"43178","nom":"Saint-Didier-sur-Doulon","pop":197},"geometry":{"type":"Polygon","coordinates":[[[3.5935,45.3136],[3.5921,45.3099],[3.5925,45.3072],[3.5919,45.302],[3.5891,45.2993],[3.5871,45.2957],[3.5892,45.2933],[3.5897,45.2893],[3.5818,45.2867],[3.5764,45.2859],[3.5701,45.2816],[3.5724,45.2769],[3.5695,45.275],[3.5645,45.2746],[3.5619,45.2762],[3.5558,45.274],[3.5518,45.2711],[3.5506,45.2685],[3.5435,45.2687],[3.5431,45.2701],[3.5422,45.2742],[3.5408,45.2752],[3.5414,45.2781],[3.5374,45.2814],[3.5306,45.2809],[3.5281,45.2794],[3.5248,45.2816],[3.5252,45.2847],[3.5251,45.2883],[3.5278,45.2899],[3.5241,45.2927],[3.5193,45.2911],[3.515,45.2927],[3.5132,45.2945],[3.5138,45.2989],[3.5092,45.3033],[3.5059,45.3019],[3.5024,45.3016],[3.4988,45.3026],[3.4984,45.3055],[3.4999,45.3092],[3.5036,45.3108],[3.5027,45.3152],[3.505,45.3178],[3.5011,45.3201],[3.5052,45.3226],[3.5099,45.3228],[3.513,45.3236],[3.5151,45.3325],[3.5185,45.3349],[3.5205,45.3337],[3.5235,45.3338],[3.5294,45.3308],[3.5328,45.3327],[3.5338,45.3313],[3.5389,45.3344],[3.5429,45.3329],[3.5476,45.3335],[3.5487,45.3302],[3.5519,45.3278],[3.5537,45.3319],[3.5572,45.3343],[3.565,45.3313],[3.568,45.3272],[3.5676,45.325],[3.5707,45.3235],[3.5748,45.3197],[3.5784,45.3199],[3.5845,45.317],[3.5898,45.3159],[3.5935,45.3136]]]}},{"type":"Feature","properties":{"code":"43180","nom":"Saint-Étienne-du-Vigan","pop":95},"geometry":{"type":"Polygon","coordinates":[[[3.8394,44.8063],[3.8425,44.8021],[3.847,44.8007],[3.8508,44.8008],[3.8588,44.7935],[3.8601,44.7891],[3.8542,44.7876],[3.8498,44.7832],[3.8503,44.7737],[3.8484,44.7743],[3.8443,44.7724],[3.8418,44.7723],[3.835,44.7735],[3.8332,44.7767],[3.8287,44.7747],[3.8193,44.7727],[3.8175,44.7744],[3.8169,44.7771],[3.8185,44.7804],[3.8178,44.7822],[3.8198,44.7874],[3.8169,44.7902],[3.8164,44.7919],[3.8181,44.7937],[3.8166,44.796],[3.8205,44.7996],[3.8206,44.8021],[3.8241,44.8059],[3.8257,44.8057],[3.8289,44.8085],[3.8354,44.8082],[3.8394,44.8063]]]}},{"type":"Feature","properties":{"code":"43181","nom":"Saint-Étienne-Lardeyrol","pop":771},"geometry":{"type":"Polygon","coordinates":[[[3.996,45.0646],[3.9931,45.0661],[3.9878,45.0662],[3.9855,45.0688],[3.977,45.075],[3.9742,45.0774],[3.9773,45.0796],[3.9812,45.0769],[3.9836,45.0796],[3.9881,45.0818],[3.9924,45.0871],[3.9929,45.0889],[3.9953,45.0899],[3.9938,45.0921],[3.9945,45.0952],[3.9931,45.0972],[3.9937,45.1004],[3.9957,45.103],[4.0081,45.1069],[4.0134,45.1062],[4.0183,45.1072],[4.025,45.1045],[4.0284,45.1011],[4.0294,45.1007],[4.0268,45.0932],[4.0269,45.0861],[4.0279,45.0852],[4.0268,45.0815],[4.0249,45.0784],[4.0221,45.0772],[4.0179,45.0743],[4.019,45.0718],[4.0156,45.0719],[4.0106,45.0695],[4.0047,45.0685],[4.0006,45.0661],[3.996,45.0646]]]}},{"type":"Feature","properties":{"code":"43182","nom":"Saint-Étienne-sur-Blesle","pop":53},"geometry":{"type":"Polygon","coordinates":[[[3.1316,45.2861],[3.1271,45.2853],[3.1217,45.2861],[3.1178,45.2842],[3.1113,45.2841],[3.1085,45.2858],[3.1078,45.2888],[3.1051,45.291],[3.0994,45.2923],[3.0985,45.2908],[3.091,45.2901],[3.0885,45.2889],[3.0831,45.2894],[3.0862,45.2967],[3.0842,45.299],[3.0885,45.3001],[3.0922,45.2992],[3.0979,45.3005],[3.101,45.3],[3.1073,45.3023],[3.1092,45.3036],[3.1111,45.3082],[3.1137,45.3091],[3.1144,45.3111],[3.1131,45.3135],[3.1082,45.3146],[3.1068,45.3138],[3.0986,45.3167],[3.0966,45.3191],[3.0922,45.322],[3.0905,45.3243],[3.0951,45.3272],[3.1034,45.3287],[3.1089,45.327],[3.1132,45.3273],[3.1221,45.3252],[3.1248,45.3224],[3.1274,45.3212],[3.1354,45.3186],[3.1365,45.3158],[3.143,45.315],[3.145,45.3171],[3.1482,45.3168],[3.1513,45.3146],[3.1547,45.3155],[3.1559,45.3131],[3.1588,45.3127],[3.1588,45.3099],[3.1554,45.309],[3.1589,45.3071],[3.1601,45.3041],[3.1637,45.3048],[3.1653,45.3018],[3.1625,45.2999],[3.1623,45.2963],[3.1604,45.2952],[3.1546,45.2945],[3.1468,45.2876],[3.1426,45.2879],[3.1369,45.2897],[3.1316,45.2861]]]}},{"type":"Feature","properties":{"code":"43183","nom":"Sainte-Eugénie-de-Villeneuve","pop":103},"geometry":{"type":"Polygon","coordinates":[[[3.6481,45.1525],[3.6479,45.1499],[3.6532,45.1513],[3.6576,45.1472],[3.6587,45.1435],[3.6566,45.1416],[3.6509,45.1398],[3.6494,45.1372],[3.6461,45.1355],[3.643,45.1386],[3.6396,45.1366],[3.6366,45.1363],[3.6243,45.1301],[3.6195,45.1303],[3.6164,45.1321],[3.6129,45.1312],[3.6105,45.1328],[3.6051,45.1337],[3.6057,45.1372],[3.6092,45.1399],[3.613,45.141],[3.611,45.143],[3.6093,45.1465],[3.6071,45.1468],[3.6135,45.1497],[3.6146,45.1509],[3.6197,45.1519],[3.6206,45.1468],[3.6235,45.1465],[3.6281,45.1478],[3.6332,45.1482],[3.6351,45.1505],[3.6377,45.1515],[3.6447,45.1513],[3.6481,45.1525]]]}},{"type":"Feature","properties":{"code":"43184","nom":"Saint-Ferréol-d'Auroure","pop":2441},"geometry":{"type":"Polygon","coordinates":[[[4.2359,45.3549],[4.2375,45.3568],[4.237,45.359],[4.2436,45.3617],[4.2426,45.3633],[4.2468,45.3644],[4.2418,45.3677],[4.2427,45.3693],[4.2375,45.3732],[4.239,45.3746],[4.2354,45.3799],[4.242,45.3814],[4.2394,45.385],[4.2445,45.3852],[4.2473,45.3824],[4.25,45.3822],[4.2501,45.3797],[4.2533,45.3793],[4.2517,45.3737],[4.2611,45.3733],[4.2662,45.3719],[4.2684,45.3749],[4.2711,45.3746],[4.2712,45.3721],[4.2698,45.363],[4.2713,45.3599],[4.2683,45.3591],[4.2668,45.3561],[4.2694,45.3528],[4.2745,45.352],[4.2757,45.3504],[4.2808,45.3491],[4.2839,45.3438],[4.2822,45.3387],[4.2786,45.3355],[4.2727,45.3344],[4.2706,45.3332],[4.2683,45.3345],[4.2606,45.3356],[4.251,45.3433],[4.2522,45.3457],[4.2482,45.349],[4.2416,45.3497],[4.2396,45.3545],[4.2359,45.3549]]]}},{"type":"Feature","properties":{"code":"43185","nom":"Sainte-Florine","pop":3283},"geometry":{"type":"Polygon","coordinates":[[[3.2867,45.3998],[3.2901,45.4011],[3.2911,45.4045],[3.2932,45.408],[3.2933,45.4112],[3.2952,45.413],[3.2957,45.4189],[3.2983,45.4204],[3.3034,45.4204],[3.3111,45.4184],[3.3113,45.4157],[3.3153,45.4116],[3.3201,45.4132],[3.3209,45.408],[3.3241,45.4076],[3.3268,45.3996],[3.3255,45.3978],[3.3275,45.3967],[3.3303,45.3972],[3.3281,45.3943],[3.33,45.391],[3.3324,45.3903],[3.3306,45.3892],[3.3282,45.3909],[3.3245,45.3889],[3.3188,45.3837],[3.3158,45.384],[3.3155,45.3897],[3.311,45.3933],[3.3048,45.3906],[3.3003,45.3892],[3.2998,45.39],[3.2956,45.3949],[3.2867,45.3998]]]}},{"type":"Feature","properties":{"code":"43186","nom":"Saint-Front","pop":410},"geometry":{"type":"Polygon","coordinates":[[[4.0958,44.9756],[4.0913,44.9777],[4.0864,44.9808],[4.0852,44.98],[4.0788,44.9808],[4.081,44.984],[4.0754,44.9879],[4.0652,44.9875],[4.0637,44.985],[4.0604,44.9868],[4.0591,44.9892],[4.0601,44.9906],[4.0594,44.9931],[4.0605,44.9924],[4.0693,44.9951],[4.0724,44.9954],[4.0785,44.9982],[4.0798,44.9966],[4.0836,44.9967],[4.0863,45.0001],[4.0866,45.0021],[4.0893,45.0047],[4.0945,45.0057],[4.0949,45.0068],[4.101,45.0081],[4.1043,45.006],[4.1063,45.0022],[4.1107,44.9997],[4.1164,44.998],[4.1189,44.9985],[4.1207,45.0006],[4.1234,45.0014],[4.1282,45.001],[4.1319,45.0017],[4.1376,45.0018],[4.1379,45.0039],[4.1417,45.0046],[4.1398,45.0064],[4.1414,45.0083],[4.1469,45.0067],[4.1574,45.008],[4.165,45.009],[4.167,45.0065],[4.1659,45.0026],[4.1768,45.0005],[4.1842,44.9981],[4.1886,45.0008],[4.191,44.998],[4.19,44.9952],[4.1881,44.9948],[4.1875,44.9885],[4.1843,44.9854],[4.1837,44.9823],[4.1879,44.9806],[4.1877,44.9788],[4.1899,44.9764],[4.1937,44.9753],[4.194,44.9707],[4.1896,44.9668],[4.186,44.9644],[4.1838,44.965],[4.1791,44.9644],[4.1757,44.9601],[4.1745,44.956],[4.1758,44.9533],[4.1732,44.9507],[4.1707,44.9503],[4.1661,44.9464],[4.1684,44.9389],[4.1716,44.9369],[4.1788,44.9339],[4.1773,44.9288],[4.179,44.9256],[4.177,44.9172],[4.1783,44.9164],[4.1717,44.9177],[4.1665,44.9206],[4.1606,44.921],[4.1563,44.9308],[4.1508,44.9392],[4.1454,44.94],[4.146,44.9367],[4.1437,44.9358],[4.1384,44.9352],[4.137,44.9374],[4.1323,44.9409],[4.1282,44.9417],[4.1257,44.9419],[4.1223,44.9407],[4.119,44.9412],[4.1171,44.944],[4.1155,44.9445],[4.1138,44.9472],[4.1151,44.95],[4.115,44.9548],[4.11,44.9596],[4.1078,44.9638],[4.1038,44.9684],[4.1041,44.9715],[4.0995,44.9742],[4.0958,44.9756]]]}},{"type":"Feature","properties":{"code":"43187","nom":"Saint-Geneys-près-Saint-Paulien","pop":313},"geometry":{"type":"Polygon","coordinates":[[[3.8602,45.1677],[3.8576,45.1658],[3.8586,45.1632],[3.8533,45.1646],[3.8521,45.1608],[3.8494,45.1612],[3.8457,45.163],[3.8404,45.1617],[3.8369,45.1582],[3.8377,45.1561],[3.8329,45.1535],[3.8286,45.1533],[3.8265,45.1514],[3.8214,45.1504],[3.8183,45.1527],[3.8141,45.1515],[3.8102,45.1513],[3.8092,45.1542],[3.806,45.1527],[3.8006,45.1575],[3.7996,45.1593],[3.801,45.1622],[3.798,45.1682],[3.7978,45.1709],[3.8006,45.1726],[3.7991,45.1739],[3.8008,45.1761],[3.8022,45.1796],[3.8063,45.181],[3.8106,45.1836],[3.8129,45.183],[3.8171,45.1862],[3.8244,45.1868],[3.8254,45.1819],[3.8274,45.1837],[3.8335,45.1865],[3.832,45.1969],[3.8312,45.1988],[3.8374,45.2014],[3.8406,45.2037],[3.8433,45.2029],[3.8418,45.2007],[3.844,45.1973],[3.8429,45.1944],[3.8441,45.1919],[3.8472,45.1927],[3.8516,45.1927],[3.8521,45.1949],[3.8552,45.1953],[3.8613,45.1932],[3.8598,45.1819],[3.8599,45.1794],[3.8552,45.1771],[3.8523,45.1705],[3.8563,45.168],[3.8602,45.1677]]]}},{"type":"Feature","properties":{"code":"43188","nom":"Saint-Georges-d'Aurac","pop":469},"geometry":{"type":"Polygon","coordinates":[[[3.5975,45.1307],[3.5933,45.1325],[3.5909,45.1367],[3.5888,45.1366],[3.5855,45.1388],[3.5783,45.1383],[3.5781,45.141],[3.572,45.1419],[3.5593,45.1431],[3.5563,45.144],[3.5526,45.1405],[3.5494,45.1399],[3.5474,45.1379],[3.545,45.1413],[3.5425,45.1433],[3.5406,45.148],[3.5358,45.1504],[3.5318,45.1531],[3.5275,45.1546],[3.5224,45.1587],[3.5203,45.1594],[3.5164,45.1647],[3.5177,45.1666],[3.5151,45.1674],[3.5143,45.1705],[3.51,45.1716],[3.5103,45.1746],[3.5129,45.176],[3.5097,45.179],[3.5125,45.1809],[3.514,45.1831],[3.5186,45.1827],[3.5212,45.1849],[3.5194,45.1883],[3.5233,45.1893],[3.5261,45.1901],[3.5269,45.1873],[3.5388,45.183],[3.5445,45.1817],[3.5524,45.1775],[3.5574,45.1758],[3.5601,45.1738],[3.562,45.168],[3.5585,45.1663],[3.5551,45.1633],[3.5574,45.1601],[3.5602,45.1579],[3.5649,45.1563],[3.5686,45.1535],[3.5693,45.1503],[3.5752,45.1453],[3.5816,45.145],[3.5852,45.1454],[3.5931,45.1453],[3.5977,45.1474],[3.6036,45.1453],[3.6071,45.1468],[3.6093,45.1465],[3.611,45.143],[3.613,45.141],[3.6092,45.1399],[3.6057,45.1372],[3.6051,45.1337],[3.5975,45.1307]]]}},{"type":"Feature","properties":{"code":"43189","nom":"Saint-Georges-Lagricol","pop":518},"geometry":{"type":"Polygon","coordinates":[[[3.8649,45.2973],[3.8697,45.3],[3.8713,45.3038],[3.8708,45.3064],[3.8714,45.312],[3.8742,45.3146],[3.8755,45.3194],[3.8794,45.3275],[3.885,45.3312],[3.8875,45.334],[3.888,45.3365],[3.8903,45.3387],[3.8933,45.3376],[3.8968,45.3381],[3.8999,45.3374],[3.9026,45.3387],[3.9048,45.3378],[3.9045,45.334],[3.906,45.3332],[3.9045,45.3319],[3.907,45.3284],[3.9119,45.3293],[3.914,45.3274],[3.9135,45.3237],[3.9148,45.3219],[3.9116,45.3186],[3.9121,45.3164],[3.9082,45.3154],[3.9069,45.3104],[3.9071,45.3078],[3.9056,45.3032],[3.9071,45.2996],[3.9039,45.2989],[3.9052,45.2953],[3.9044,45.2921],[3.9053,45.2897],[3.9036,45.2876],[3.9045,45.2843],[3.907,45.2849],[3.9071,45.2806],[3.9044,45.2796],[3.9006,45.28],[3.897,45.2815],[3.8915,45.2772],[3.8868,45.277],[3.8817,45.2723],[3.8748,45.2704],[3.868,45.2726],[3.8697,45.2796],[3.8679,45.2802],[3.8671,45.2837],[3.8622,45.2833],[3.8611,45.2866],[3.8588,45.2866],[3.8573,45.2896],[3.8649,45.2973]]]}},{"type":"Feature","properties":{"code":"43190","nom":"Saint-Germain-Laprade","pop":3432},"geometry":{"type":"Polygon","coordinates":[[[3.975,45.0055],[3.9738,45.0079],[3.9693,45.0114],[3.9666,45.0122],[3.9656,45.015],[3.9646,45.0219],[3.9658,45.0232],[3.9579,45.0252],[3.9518,45.0279],[3.9469,45.0285],[3.9432,45.0307],[3.9389,45.0316],[3.9363,45.0332],[3.9393,45.0366],[3.9372,45.0387],[3.9409,45.0392],[3.9398,45.0428],[3.9421,45.0476],[3.9416,45.0498],[3.9391,45.0501],[3.9368,45.0521],[3.9311,45.0534],[3.9303,45.0548],[3.9251,45.0544],[3.92,45.0558],[3.9182,45.0592],[3.9244,45.0627],[3.9218,45.0695],[3.9254,45.0696],[3.9279,45.0683],[3.9306,45.0695],[3.934,45.0729],[3.9367,45.07],[3.9375,45.0677],[3.9415,45.0704],[3.9437,45.0682],[3.9464,45.0682],[3.9476,45.066],[3.9449,45.062],[3.9469,45.0597],[3.9514,45.0597],[3.9541,45.0618],[3.9594,45.0557],[3.9616,45.0555],[3.9838,45.0495],[3.984,45.0462],[3.9891,45.0433],[3.9922,45.0428],[3.9983,45.0364],[3.9997,45.0335],[4.0036,45.029],[4.009,45.0274],[4.024,45.024],[4.032,45.0224],[4.0339,45.0202],[4.0375,45.0186],[4.0431,45.0131],[4.0455,45.0105],[4.0491,45.0041],[4.0476,45.0022],[4.0477,44.9993],[4.0436,44.9976],[4.039,45.0018],[4.0358,45.0011],[4.0317,45.0024],[4.0269,45.0048],[4.0259,45.007],[4.022,45.0088],[4.0189,45.0091],[4.0173,45.0122],[4.0122,45.015],[4.01,45.0138],[4.007,45.0166],[3.9998,45.0173],[3.9993,45.0153],[3.9957,45.0141],[3.9951,45.0119],[3.9903,45.0092],[3.9891,45.0073],[3.9849,45.0044],[3.9824,45.0035],[3.979,45.0062],[3.975,45.0055]]]}},{"type":"Feature","properties":{"code":"43191","nom":"Saint-Géron","pop":243},"geometry":{"type":"Polygon","coordinates":[[[3.2787,45.3593],[3.2784,45.3607],[3.2823,45.3626],[3.2856,45.3611],[3.2911,45.362],[3.2922,45.3608],[3.2998,45.3621],[3.3027,45.3576],[3.3041,45.3539],[3.3029,45.3506],[3.3009,45.3496],[3.3053,45.3474],[3.3084,45.3428],[3.303,45.3386],[3.2981,45.3377],[3.2982,45.3328],[3.3019,45.3289],[3.3006,45.3266],[3.3046,45.3253],[3.307,45.3257],[3.3094,45.324],[3.3125,45.3242],[3.3124,45.3214],[3.315,45.3194],[3.3154,45.3171],[3.3132,45.3151],[3.3078,45.3089],[3.3067,45.3069],[3.3032,45.308],[3.2968,45.3063],[3.2914,45.3075],[3.2923,45.311],[3.2904,45.3137],[3.2904,45.3178],[3.2878,45.3195],[3.2841,45.3239],[3.2804,45.3336],[3.2802,45.3373],[3.2776,45.3399],[3.2793,45.3421],[3.2791,45.3469],[3.2781,45.3494],[3.2774,45.352],[3.2787,45.3593]]]}},{"type":"Feature","properties":{"code":"43192","nom":"Saint-Haon","pop":276},"geometry":{"type":"Polygon","coordinates":[[[3.7355,44.8401],[3.7361,44.8414],[3.74,44.8428],[3.7399,44.8457],[3.7356,44.8459],[3.7339,44.8481],[3.7379,44.8497],[3.7355,44.8534],[3.737,44.8559],[3.7369,44.8586],[3.7299,44.8594],[3.7168,44.8623],[3.7188,44.8654],[3.7169,44.8692],[3.7122,44.8709],[3.7108,44.8699],[3.7072,44.8708],[3.7056,44.874],[3.7021,44.8765],[3.6996,44.8772],[3.6976,44.8752],[3.6964,44.8769],[3.6998,44.8791],[3.7034,44.8781],[3.7097,44.8802],[3.7216,44.8852],[3.723,44.8885],[3.7227,44.8935],[3.7289,44.8926],[3.7317,44.8896],[3.7338,44.8887],[3.7386,44.8893],[3.7403,44.8905],[3.7455,44.8911],[3.7484,44.8927],[3.7533,44.8927],[3.7539,44.8896],[3.7504,44.8881],[3.7523,44.8838],[3.7573,44.8788],[3.7581,44.8764],[3.7633,44.8769],[3.7647,44.8754],[3.7725,44.8759],[3.772,44.873],[3.7775,44.8721],[3.7806,44.8764],[3.7865,44.8736],[3.7861,44.8697],[3.7984,44.8655],[3.8012,44.8622],[3.8062,44.8589],[3.8094,44.8596],[3.811,44.855],[3.811,44.8517],[3.8122,44.847],[3.8103,44.845],[3.8056,44.8455],[3.805,44.8424],[3.8028,44.8368],[3.8004,44.8359],[3.7973,44.832],[3.7981,44.8298],[3.7973,44.8252],[3.7911,44.8234],[3.7884,44.8248],[3.7853,44.8212],[3.7807,44.8184],[3.7773,44.8181],[3.7743,44.8169],[3.7671,44.8188],[3.7613,44.8181],[3.7595,44.8161],[3.7559,44.8169],[3.7549,44.8202],[3.7515,44.8216],[3.7497,44.824],[3.7517,44.8256],[3.7515,44.8285],[3.7464,44.8299],[3.7451,44.8369],[3.743,44.8388],[3.7386,44.8386],[3.7355,44.8401]]]}},{"type":"Feature","properties":{"code":"43193","nom":"Saint-Hilaire","pop":157},"geometry":{"type":"Polygon","coordinates":[[[3.4559,45.4004],[3.4538,45.3978],[3.4502,45.3972],[3.4482,45.3946],[3.4477,45.3908],[3.4491,45.3877],[3.4532,45.3863],[3.4634,45.3837],[3.4645,45.3813],[3.4704,45.3781],[3.474,45.38],[3.477,45.3805],[3.481,45.3837],[3.4802,45.3813],[3.4834,45.3779],[3.4832,45.3756],[3.4814,45.3743],[3.4811,45.3707],[3.4797,45.368],[3.4724,45.3719],[3.466,45.3736],[3.4656,45.3699],[3.4637,45.3684],[3.4588,45.3675],[3.4513,45.3678],[3.4464,45.367],[3.4402,45.3671],[3.4346,45.3629],[3.4246,45.3606],[3.4219,45.3614],[3.4217,45.3633],[3.4254,45.3656],[3.4281,45.3687],[3.4269,45.3706],[3.4218,45.3694],[3.4196,45.3703],[3.4154,45.3677],[3.4118,45.3677],[3.4102,45.3749],[3.4069,45.3771],[3.4107,45.3814],[3.4149,45.3821],[3.4141,45.3844],[3.4141,45.3882],[3.4165,45.3908],[3.4162,45.3946],[3.4203,45.3974],[3.4256,45.4018],[3.4301,45.4022],[3.4331,45.4008],[3.4365,45.4008],[3.44,45.4023],[3.4455,45.4022],[3.4499,45.4033],[3.4526,45.4007],[3.4559,45.4004]]]}},{"type":"Feature","properties":{"code":"43194","nom":"Saint-Hostien","pop":697},"geometry":{"type":"Polygon","coordinates":[[[4.0294,45.1007],[4.0349,45.0988],[4.0384,45.0968],[4.0431,45.0928],[4.0468,45.0917],[4.0501,45.0933],[4.0528,45.0932],[4.055,45.0913],[4.0539,45.0884],[4.0617,45.0881],[4.0662,45.0872],[4.0705,45.0884],[4.0803,45.0875],[4.0837,45.0838],[4.0825,45.0826],[4.0824,45.079],[4.0833,45.0767],[4.0757,45.0722],[4.0721,45.0684],[4.0682,45.0685],[4.0681,45.0671],[4.0628,45.0656],[4.0575,45.0661],[4.0568,45.0632],[4.0541,45.0614],[4.0494,45.0613],[4.0439,45.058],[4.0403,45.0596],[4.0362,45.0634],[4.0278,45.0635],[4.0252,45.0658],[4.0235,45.0703],[4.019,45.0718],[4.0179,45.0743],[4.0221,45.0772],[4.0249,45.0784],[4.0268,45.0815],[4.0279,45.0852],[4.0269,45.0861],[4.0268,45.0932],[4.0294,45.1007]]]}},{"type":"Feature","properties":{"code":"43195","nom":"Saint-Ilpize","pop":202},"geometry":{"type":"Polygon","coordinates":[[[3.3985,45.2301],[3.4015,45.2293],[3.4043,45.2274],[3.4091,45.227],[3.4119,45.2279],[3.415,45.2267],[3.4151,45.2233],[3.4183,45.2201],[3.4174,45.2157],[3.4151,45.2143],[3.4137,45.2116],[3.4164,45.2101],[3.4129,45.2073],[3.4182,45.206],[3.4156,45.2045],[3.4174,45.203],[3.416,45.1999],[3.4223,45.1983],[3.4288,45.1928],[3.4275,45.1887],[3.4298,45.1836],[3.4265,45.1834],[3.4226,45.1819],[3.4214,45.1805],[3.4201,45.1804],[3.4147,45.1764],[3.4117,45.1765],[3.4118,45.1792],[3.4048,45.182],[3.403,45.1796],[3.4002,45.1783],[3.3947,45.1788],[3.3915,45.1784],[3.3885,45.1807],[3.3906,45.1857],[3.3866,45.1882],[3.3854,45.1909],[3.3855,45.1945],[3.3867,45.1985],[3.3963,45.2018],[3.3996,45.2058],[3.399,45.2104],[3.3962,45.2174],[3.3926,45.2196],[3.3925,45.2244],[3.3954,45.2276],[3.3983,45.2276],[3.3985,45.2301]]]}},{"type":"Feature","properties":{"code":"43196","nom":"Saint-Jean-d'Aubrigoux","pop":184},"geometry":{"type":"Polygon","coordinates":[[[3.8362,45.3831],[3.8362,45.3783],[3.8346,45.3762],[3.8348,45.3728],[3.8369,45.3713],[3.8357,45.3697],[3.837,45.3665],[3.835,45.3637],[3.8318,45.3612],[3.8326,45.3578],[3.8306,45.3555],[3.8335,45.3534],[3.8376,45.3464],[3.8371,45.3434],[3.8318,45.3431],[3.8307,45.3451],[3.8266,45.3434],[3.8189,45.3464],[3.8158,45.344],[3.8185,45.3409],[3.819,45.3382],[3.8127,45.3368],[3.8119,45.333],[3.806,45.334],[3.8023,45.3367],[3.7974,45.3421],[3.7945,45.3466],[3.7892,45.3501],[3.7875,45.3519],[3.7844,45.3512],[3.7802,45.3516],[3.7795,45.3548],[3.7829,45.3549],[3.788,45.3531],[3.7901,45.3539],[3.7904,45.3578],[3.7895,45.3631],[3.7906,45.364],[3.787,45.3667],[3.7879,45.3685],[3.7852,45.3705],[3.7888,45.3741],[3.7912,45.3801],[3.7914,45.3848],[3.7953,45.3837],[3.7957,45.3862],[3.7995,45.3874],[3.7998,45.3903],[3.8022,45.3917],[3.8081,45.3915],[3.8086,45.3897],[3.8123,45.3879],[3.8211,45.385],[3.8208,45.3824],[3.8225,45.3805],[3.8293,45.3805],[3.8362,45.3831]]]}},{"type":"Feature","properties":{"code":"43197","nom":"Saint-Jean-de-Nay","pop":337},"geometry":{"type":"Polygon","coordinates":[[[3.6498,45.0489],[3.6493,45.0491],[3.6507,45.0509],[3.6565,45.0638],[3.6634,45.0685],[3.6663,45.071],[3.6669,45.0735],[3.6709,45.0764],[3.6658,45.083],[3.6659,45.0867],[3.67,45.0893],[3.6698,45.0922],[3.6724,45.099],[3.6764,45.101],[3.6767,45.1023],[3.6732,45.1043],[3.676,45.1049],[3.6789,45.1094],[3.6799,45.105],[3.6834,45.1001],[3.6881,45.0976],[3.6886,45.0954],[3.6909,45.0929],[3.6959,45.0916],[3.7018,45.095],[3.7034,45.0952],[3.7066,45.093],[3.7078,45.0905],[3.7102,45.0902],[3.7106,45.0875],[3.7125,45.0856],[3.7148,45.0856],[3.718,45.0836],[3.7217,45.0838],[3.7231,45.0826],[3.7209,45.0808],[3.7245,45.0798],[3.7264,45.0803],[3.7287,45.077],[3.7278,45.076],[3.7305,45.0702],[3.7274,45.0694],[3.7239,45.0673],[3.7198,45.067],[3.7177,45.0639],[3.7223,45.0616],[3.7202,45.0588],[3.7172,45.0578],[3.7177,45.0555],[3.7144,45.0516],[3.7106,45.052],[3.7098,45.0477],[3.7067,45.0475],[3.7043,45.0457],[3.7073,45.0404],[3.7019,45.0365],[3.7039,45.0318],[3.7034,45.029],[3.7066,45.0278],[3.7044,45.026],[3.6964,45.0281],[3.6917,45.0263],[3.6869,45.0301],[3.6851,45.0289],[3.6793,45.0314],[3.6751,45.0303],[3.672,45.0318],[3.6756,45.0334],[3.6784,45.0334],[3.6782,45.0363],[3.682,45.038],[3.6809,45.0413],[3.6763,45.0412],[3.6762,45.0469],[3.6722,45.0477],[3.6669,45.0452],[3.6647,45.0467],[3.6563,45.046],[3.6498,45.0489]]]}},{"type":"Feature","properties":{"code":"43198","nom":"Saint-Jean-Lachalm","pop":306},"geometry":{"type":"Polygon","coordinates":[[[3.6752,44.95],[3.6814,44.9494],[3.6853,44.9504],[3.6892,44.9533],[3.6936,44.9541],[3.6963,44.9554],[3.6954,44.9589],[3.698,44.9608],[3.6983,44.9625],[3.7013,44.9643],[3.7002,44.9665],[3.7036,44.9688],[3.7028,44.9714],[3.7062,44.9712],[3.7029,44.9765],[3.7073,44.9784],[3.7101,44.9782],[3.7106,44.9801],[3.7138,44.9805],[3.7154,44.9819],[3.7169,44.9818],[3.7178,44.9786],[3.7193,44.9776],[3.7259,44.9773],[3.7289,44.9759],[3.7334,44.972],[3.7383,44.969],[3.7436,44.9625],[3.747,44.9633],[3.751,44.9586],[3.7525,44.9536],[3.7575,44.9548],[3.7594,44.9523],[3.7639,44.9463],[3.7654,44.9415],[3.7648,44.9364],[3.7661,44.9288],[3.7692,44.9265],[3.769,44.918],[3.7615,44.9175],[3.7513,44.9189],[3.7489,44.9184],[3.7444,44.9193],[3.7353,44.9169],[3.7251,44.916],[3.7201,44.9169],[3.7147,44.9143],[3.7118,44.9118],[3.7107,44.9074],[3.6991,44.9106],[3.6988,44.916],[3.6958,44.9194],[3.6924,44.9192],[3.688,44.922],[3.6885,44.928],[3.6881,44.9317],[3.6862,44.9338],[3.6897,44.9352],[3.6875,44.9367],[3.6847,44.9421],[3.6804,44.9453],[3.6752,44.95]]]}},{"type":"Feature","properties":{"code":"43199","nom":"Saint-Jeures","pop":1015},"geometry":{"type":"Polygon","coordinates":[[[4.2064,45.0668],[4.1962,45.0695],[4.1898,45.0758],[4.1919,45.0807],[4.1886,45.0917],[4.18,45.0951],[4.1724,45.1],[4.1721,45.1017],[4.1697,45.1032],[4.1722,45.1056],[4.1765,45.1048],[4.1789,45.1062],[4.1788,45.1133],[4.1814,45.1131],[4.1838,45.1171],[4.1806,45.1194],[4.183,45.1252],[4.1832,45.1277],[4.186,45.1297],[4.1881,45.1341],[4.1855,45.1361],[4.182,45.1374],[4.1841,45.1408],[4.1895,45.1415],[4.1949,45.1457],[4.1937,45.1494],[4.1936,45.1536],[4.1944,45.1565],[4.2001,45.1573],[4.2029,45.1552],[4.2037,45.1538],[4.2115,45.153],[4.2131,45.1517],[4.2116,45.1483],[4.2081,45.1477],[4.2048,45.1414],[4.2075,45.141],[4.2086,45.1382],[4.2107,45.1373],[4.2097,45.1305],[4.2083,45.127],[4.2085,45.1215],[4.2105,45.1213],[4.2164,45.1226],[4.2185,45.1209],[4.227,45.1205],[4.2326,45.1232],[4.2347,45.1225],[4.238,45.1198],[4.241,45.121],[4.2433,45.1138],[4.2437,45.1069],[4.2479,45.1038],[4.253,45.099],[4.2527,45.0963],[4.2537,45.0939],[4.2533,45.0902],[4.2516,45.0875],[4.2488,45.0869],[4.2498,45.0844],[4.2478,45.0817],[4.2475,45.0789],[4.2421,45.0734],[4.2392,45.0718],[4.2336,45.0725],[4.2301,45.0744],[4.2244,45.0715],[4.2179,45.0702],[4.2136,45.0684],[4.2124,45.0702],[4.2095,45.0693],[4.2064,45.0668]]]}},{"type":"Feature","properties":{"code":"43200","nom":"Saint-Julien-Chapteuil","pop":2019},"geometry":{"type":"Polygon","coordinates":[[[4.0436,44.9976],[4.0477,44.9993],[4.0476,45.0022],[4.0491,45.0041],[4.0455,45.0105],[4.0431,45.0131],[4.0425,45.0153],[4.045,45.0155],[4.0468,45.0179],[4.0491,45.0186],[4.0493,45.0219],[4.0485,45.0254],[4.0456,45.0286],[4.0463,45.0317],[4.0455,45.0365],[4.0474,45.0369],[4.0486,45.04],[4.0532,45.0431],[4.0596,45.0427],[4.0622,45.0463],[4.0628,45.0502],[4.0642,45.0528],[4.068,45.0547],[4.07,45.0572],[4.0702,45.0599],[4.0765,45.059],[4.0806,45.0614],[4.085,45.0625],[4.0883,45.0613],[4.0918,45.0588],[4.0927,45.0567],[4.0968,45.0582],[4.0986,45.0567],[4.0989,45.0541],[4.1068,45.0546],[4.1106,45.0538],[4.1147,45.0513],[4.1152,45.0501],[4.1196,45.0491],[4.1237,45.0472],[4.1156,45.0379],[4.1186,45.0354],[4.1192,45.0328],[4.1113,45.0292],[4.1123,45.0249],[4.1179,45.0224],[4.1187,45.0203],[4.1151,45.0202],[4.1008,45.0149],[4.0939,45.0119],[4.0898,45.0135],[4.0869,45.0172],[4.0792,45.0136],[4.0772,45.0093],[4.0748,45.0059],[4.0716,45.0064],[4.0719,45.0007],[4.0696,44.9991],[4.072,44.9975],[4.0724,44.9954],[4.0693,44.9951],[4.0605,44.9924],[4.0594,44.9931],[4.0548,44.9933],[4.0523,44.9946],[4.0491,44.9949],[4.0436,44.9976]]]}},{"type":"Feature","properties":{"code":"43201","nom":"Saint-Julien-d'Ance","pop":245},"geometry":{"type":"Polygon","coordinates":[[[3.9579,45.2989],[3.9559,45.2995],[3.9537,45.2977],[3.9511,45.2979],[3.9426,45.294],[3.9433,45.2969],[3.9414,45.2978],[3.9373,45.2967],[3.9427,45.2904],[3.946,45.288],[3.9459,45.2865],[3.9414,45.2853],[3.9387,45.2858],[3.9333,45.2835],[3.9341,45.289],[3.9316,45.2894],[3.9299,45.2872],[3.9249,45.2779],[3.9248,45.2765],[3.9189,45.272],[3.9099,45.2709],[3.9082,45.2717],[3.9044,45.2796],[3.9071,45.2806],[3.907,45.2849],[3.9045,45.2843],[3.9036,45.2876],[3.9053,45.2897],[3.9044,45.2921],[3.9052,45.2953],[3.9039,45.2989],[3.9071,45.2996],[3.9056,45.3032],[3.9071,45.3078],[3.9069,45.3104],[3.9082,45.3154],[3.9121,45.3164],[3.9116,45.3186],[3.9148,45.3219],[3.9135,45.3237],[3.914,45.3274],[3.9119,45.3293],[3.907,45.3284],[3.9045,45.3319],[3.906,45.3332],[3.9084,45.3333],[3.9127,45.3369],[3.9189,45.3405],[3.9193,45.3419],[3.922,45.3418],[3.9261,45.3398],[3.927,45.338],[3.9317,45.3397],[3.9364,45.3366],[3.9345,45.3353],[3.9345,45.3325],[3.9387,45.3296],[3.9384,45.327],[3.9346,45.3223],[3.9391,45.322],[3.9403,45.3193],[3.9402,45.3167],[3.9424,45.3163],[3.9431,45.3153],[3.9388,45.3102],[3.9384,45.3072],[3.94,45.3057],[3.9442,45.3069],[3.9467,45.3058],[3.9529,45.3061],[3.9565,45.3034],[3.9548,45.3005],[3.9579,45.2989]]]}},{"type":"Feature","properties":{"code":"43202","nom":"Saint-Julien-des-Chazes","pop":52},"geometry":{"type":"Polygon","coordinates":[[[3.5477,45.0456],[3.5493,45.0472],[3.5549,45.0479],[3.5617,45.0512],[3.5618,45.0549],[3.5646,45.0557],[3.5705,45.0595],[3.568,45.0612],[3.5706,45.0622],[3.5754,45.0625],[3.5783,45.0643],[3.5846,45.0644],[3.5826,45.0623],[3.5847,45.0604],[3.589,45.0599],[3.591,45.0568],[3.5866,45.055],[3.5855,45.0525],[3.5886,45.0497],[3.5928,45.0494],[3.5963,45.0473],[3.5932,45.0446],[3.5924,45.042],[3.5936,45.039],[3.5991,45.0375],[3.5979,45.035],[3.5966,45.0359],[3.5925,45.0348],[3.5872,45.037],[3.5776,45.0376],[3.5766,45.0396],[3.5715,45.0386],[3.566,45.0397],[3.5596,45.038],[3.5569,45.038],[3.5572,45.0404],[3.5503,45.0448],[3.5477,45.0456]]]}},{"type":"Feature","properties":{"code":"43203","nom":"Saint-Julien-du-Pinet","pop":481},"geometry":{"type":"Polygon","coordinates":[[[4.0559,45.1748],[4.0587,45.1715],[4.0613,45.1715],[4.0634,45.1699],[4.0599,45.1669],[4.0543,45.1645],[4.0578,45.1629],[4.0629,45.1593],[4.0634,45.1514],[4.0629,45.1453],[4.064,45.1406],[4.0628,45.1388],[4.0648,45.1354],[4.0676,45.1329],[4.0717,45.1339],[4.072,45.1294],[4.0705,45.1267],[4.0704,45.1222],[4.0692,45.1204],[4.0689,45.1191],[4.0639,45.1176],[4.0603,45.1136],[4.0587,45.113],[4.0556,45.1095],[4.0531,45.1091],[4.0498,45.1142],[4.0453,45.116],[4.0431,45.1177],[4.0465,45.1218],[4.045,45.1259],[4.0431,45.1274],[4.04,45.127],[4.0348,45.1285],[4.0316,45.1311],[4.0277,45.1321],[4.0292,45.136],[4.0312,45.1385],[4.0292,45.1399],[4.03,45.1437],[4.0256,45.1424],[4.0243,45.1441],[4.0236,45.1464],[4.0273,45.1485],[4.0298,45.1485],[4.0284,45.1521],[4.0312,45.154],[4.0311,45.1578],[4.0321,45.1605],[4.0373,45.1643],[4.0374,45.1676],[4.0364,45.1699],[4.0288,45.1729],[4.0235,45.1765],[4.0261,45.1788],[4.031,45.1796],[4.0361,45.1835],[4.0367,45.181],[4.0393,45.182],[4.0455,45.1788],[4.0462,45.1816],[4.0508,45.1809],[4.0544,45.175],[4.0559,45.1748]]]}},{"type":"Feature","properties":{"code":"43204","nom":"Saint-Julien-Molhesabate","pop":162},"geometry":{"type":"Polygon","coordinates":[[[4.4165,45.1654],[4.4154,45.1677],[4.4115,45.1712],[4.4081,45.1718],[4.4033,45.1765],[4.3885,45.1809],[4.3885,45.1821],[4.388,45.1851],[4.3826,45.1907],[4.3852,45.1959],[4.3795,45.1974],[4.3851,45.1991],[4.3864,45.2032],[4.3893,45.203],[4.3943,45.2011],[4.395,45.1999],[4.4003,45.1977],[4.4045,45.1996],[4.4078,45.1986],[4.4117,45.1991],[4.4149,45.2019],[4.4179,45.2033],[4.4234,45.2022],[4.4256,45.2024],[4.4305,45.2],[4.436,45.1993],[4.439,45.2017],[4.444,45.2013],[4.4467,45.2018],[4.4503,45.2065],[4.454,45.2086],[4.4544,45.2106],[4.458,45.2155],[4.4586,45.2194],[4.4623,45.2197],[4.468,45.2217],[4.4726,45.2223],[4.4769,45.2219],[4.4803,45.2189],[4.4815,45.2161],[4.4773,45.2132],[4.4771,45.2103],[4.4787,45.2084],[4.4786,45.2019],[4.4776,45.2006],[4.4807,45.1956],[4.4778,45.1902],[4.4741,45.1861],[4.4725,45.1794],[4.4682,45.1766],[4.4616,45.1759],[4.4592,45.1748],[4.4581,45.1689],[4.454,45.1674],[4.4505,45.1682],[4.4476,45.1676],[4.4436,45.1684],[4.4408,45.1668],[4.4348,45.1674],[4.4287,45.1671],[4.4183,45.1652],[4.4165,45.1654]]]}},{"type":"Feature","properties":{"code":"43205","nom":"Saint-Just-Malmont","pop":4239},"geometry":{"type":"Polygon","coordinates":[[[4.2713,45.3599],[4.2743,45.3588],[4.2794,45.3608],[4.2808,45.3581],[4.2854,45.3594],[4.2848,45.3566],[4.2887,45.3564],[4.2905,45.36],[4.2969,45.3594],[4.2939,45.3624],[4.2931,45.3663],[4.2952,45.3677],[4.3012,45.3676],[4.3012,45.3655],[4.3031,45.3626],[4.3066,45.3617],[4.3092,45.3635],[4.3071,45.3671],[4.3081,45.3714],[4.3139,45.3703],[4.3166,45.371],[4.3202,45.3696],[4.325,45.3701],[4.3273,45.3684],[4.331,45.369],[4.3362,45.3666],[4.3469,45.362],[4.3556,45.3528],[4.3595,45.3502],[4.3638,45.3441],[4.3657,45.3387],[4.3681,45.3371],[4.362,45.3371],[4.3575,45.3332],[4.3545,45.3322],[4.3531,45.3305],[4.3481,45.3291],[4.345,45.3258],[4.3384,45.3218],[4.3317,45.3185],[4.3282,45.3182],[4.326,45.3159],[4.3235,45.3154],[4.3225,45.32],[4.3248,45.3212],[4.3241,45.3236],[4.3207,45.3243],[4.3187,45.3271],[4.3188,45.3291],[4.3117,45.3293],[4.3104,45.3285],[4.3067,45.3297],[4.3048,45.3329],[4.303,45.3339],[4.3006,45.3382],[4.2958,45.3406],[4.2953,45.342],[4.2904,45.3442],[4.2839,45.3438],[4.2808,45.3491],[4.2757,45.3504],[4.2745,45.352],[4.2694,45.3528],[4.2668,45.3561],[4.2683,45.3591],[4.2713,45.3599]]]}},{"type":"Feature","properties":{"code":"43206","nom":"Saint-Just-près-Brioude","pop":398},"geometry":{"type":"Polygon","coordinates":[[[3.3656,45.2045],[3.3644,45.208],[3.3607,45.2081],[3.3593,45.2103],[3.3537,45.2105],[3.3485,45.2067],[3.3451,45.1987],[3.3429,45.1977],[3.3424,45.1957],[3.3401,45.1948],[3.335,45.1946],[3.3315,45.1953],[3.3292,45.1944],[3.3229,45.1962],[3.3189,45.1961],[3.3147,45.1971],[3.3099,45.1965],[3.3097,45.1949],[3.3047,45.1955],[3.3055,45.1993],[3.3084,45.1999],[3.3077,45.2043],[3.3059,45.2067],[3.3031,45.2045],[3.2981,45.2086],[3.2962,45.2127],[3.2981,45.2143],[3.2972,45.216],[3.3002,45.2181],[3.2984,45.2219],[3.2953,45.2225],[3.2937,45.2202],[3.2916,45.2202],[3.2913,45.2214],[3.2874,45.2222],[3.2911,45.2254],[3.2862,45.228],[3.2829,45.2289],[3.2775,45.2267],[3.2785,45.2321],[3.2712,45.2321],[3.2692,45.233],[3.2697,45.2358],[3.2708,45.2383],[3.2754,45.2425],[3.2752,45.2458],[3.2791,45.2474],[3.2804,45.2465],[3.2843,45.2469],[3.2883,45.2518],[3.2939,45.2544],[3.2976,45.255],[3.3035,45.2545],[3.3077,45.2556],[3.3076,45.2572],[3.3117,45.2584],[3.3128,45.2621],[3.3153,45.2621],[3.3187,45.2659],[3.3221,45.2641],[3.3269,45.2653],[3.3316,45.265],[3.3349,45.2707],[3.3374,45.2713],[3.3396,45.2702],[3.3457,45.2723],[3.3477,45.2741],[3.3515,45.2758],[3.3541,45.2738],[3.3539,45.27],[3.3594,45.2688],[3.3593,45.2674],[3.3628,45.2662],[3.3638,45.2628],[3.3609,45.2623],[3.3578,45.2593],[3.3543,45.26],[3.3502,45.2571],[3.35,45.2529],[3.3536,45.2531],[3.3621,45.2466],[3.3691,45.2446],[3.3685,45.2432],[3.3756,45.243],[3.3828,45.2389],[3.3865,45.239],[3.3865,45.2354],[3.3845,45.2314],[3.3817,45.2292],[3.3849,45.2262],[3.3853,45.2232],[3.3831,45.2206],[3.3834,45.2185],[3.3856,45.216],[3.378,45.2159],[3.3744,45.2152],[3.3721,45.2127],[3.3732,45.2063],[3.3693,45.2041],[3.3656,45.2045]]]}},{"type":"Feature","properties":{"code":"43207","nom":"Saint-Laurent-Chabreuges","pop":253},"geometry":{"type":"Polygon","coordinates":[[[3.3638,45.2628],[3.3628,45.2662],[3.3593,45.2674],[3.3594,45.2688],[3.3539,45.27],[3.3541,45.2738],[3.3515,45.2758],[3.3477,45.2741],[3.3457,45.2723],[3.3396,45.2702],[3.3374,45.2713],[3.3349,45.2707],[3.3316,45.265],[3.3269,45.2653],[3.3221,45.2641],[3.3187,45.2659],[3.3158,45.2726],[3.3133,45.2743],[3.3146,45.2759],[3.3203,45.2777],[3.3259,45.2779],[3.3289,45.2767],[3.3329,45.2806],[3.3316,45.2843],[3.3328,45.2851],[3.3326,45.2892],[3.3348,45.29],[3.3372,45.2935],[3.3437,45.2922],[3.3473,45.2878],[3.3511,45.2883],[3.3533,45.2867],[3.3539,45.2843],[3.3573,45.2847],[3.3613,45.2848],[3.3651,45.2834],[3.3688,45.2846],[3.3711,45.2821],[3.3741,45.2823],[3.3743,45.279],[3.3771,45.2773],[3.3787,45.2746],[3.3755,45.2718],[3.3733,45.2676],[3.3688,45.2647],[3.3638,45.2628]]]}},{"type":"Feature","properties":{"code":"43208","nom":"Sainte-Marguerite","pop":36},"geometry":{"type":"Polygon","coordinates":[[[3.5767,45.2288],[3.5798,45.2343],[3.5819,45.2345],[3.5866,45.2304],[3.5852,45.2269],[3.5871,45.2218],[3.5884,45.2167],[3.5932,45.2126],[3.5957,45.2095],[3.5992,45.2071],[3.5986,45.2048],[3.596,45.2036],[3.5943,45.2006],[3.5852,45.1982],[3.5839,45.1966],[3.5781,45.1941],[3.5735,45.1904],[3.5719,45.1903],[3.5735,45.1949],[3.5715,45.1976],[3.5672,45.2002],[3.5694,45.2027],[3.57,45.2062],[3.574,45.2117],[3.5769,45.2125],[3.579,45.2151],[3.5776,45.2198],[3.5775,45.2226],[3.5756,45.2255],[3.5767,45.2288]]]}},{"type":"Feature","properties":{"code":"43210","nom":"Saint-Martin-de-Fugères","pop":228},"geometry":{"type":"Polygon","coordinates":[[[3.9739,44.9123],[3.9735,44.9101],[3.9708,44.9052],[3.9656,44.9066],[3.9639,44.902],[3.973,44.896],[3.9697,44.8924],[3.9664,44.8913],[3.9712,44.889],[3.9695,44.888],[3.9693,44.8856],[3.9725,44.8848],[3.9706,44.8813],[3.9638,44.8786],[3.9584,44.8751],[3.9512,44.8765],[3.9493,44.8777],[3.9477,44.8806],[3.9447,44.882],[3.9396,44.8823],[3.9366,44.8846],[3.9367,44.8872],[3.9355,44.8889],[3.9274,44.8936],[3.9273,44.8956],[3.9252,44.8975],[3.9224,44.8974],[3.9195,44.9015],[3.9173,44.9022],[3.9217,44.9055],[3.922,44.9094],[3.9187,44.9114],[3.9193,44.9134],[3.9192,44.9155],[3.9157,44.9171],[3.9172,44.9197],[3.9104,44.9223],[3.9136,44.9271],[3.9172,44.9302],[3.915,44.9331],[3.9211,44.9352],[3.923,44.9316],[3.9267,44.9293],[3.9281,44.9312],[3.9307,44.9304],[3.9349,44.9274],[3.9386,44.9275],[3.9378,44.9255],[3.9412,44.9229],[3.944,44.9245],[3.9435,44.9259],[3.9485,44.93],[3.9512,44.9314],[3.9518,44.9365],[3.9541,44.9348],[3.9622,44.9357],[3.9638,44.9331],[3.9653,44.9288],[3.9635,44.9277],[3.9671,44.9242],[3.9689,44.9235],[3.9714,44.9203],[3.9699,44.9193],[3.972,44.9159],[3.9691,44.9136],[3.9739,44.9123]]]}},{"type":"Feature","properties":{"code":"43211","nom":"Saint-Maurice-de-Lignon","pop":2688},"geometry":{"type":"Polygon","coordinates":[[[4.1781,45.2248],[4.1787,45.2238],[4.1712,45.2211],[4.1671,45.2217],[4.1651,45.2202],[4.1638,45.2174],[4.1661,45.2159],[4.166,45.2135],[4.1715,45.2139],[4.1674,45.2091],[4.1672,45.2059],[4.1642,45.2042],[4.1636,45.2021],[4.1669,45.2019],[4.1698,45.1985],[4.1697,45.1954],[4.1645,45.1939],[4.1643,45.1909],[4.1625,45.19],[4.1605,45.1865],[4.1589,45.1867],[4.1583,45.1895],[4.155,45.1914],[4.1517,45.1931],[4.1476,45.1961],[4.1438,45.195],[4.1406,45.1953],[4.1413,45.1921],[4.1364,45.188],[4.1301,45.1895],[4.1258,45.1888],[4.1183,45.1903],[4.1161,45.1913],[4.1134,45.195],[4.1133,45.1959],[4.1086,45.1973],[4.1099,45.1993],[4.1097,45.2032],[4.1073,45.2034],[4.1068,45.2079],[4.1029,45.2095],[4.1014,45.2117],[4.1012,45.2143],[4.1009,45.2183],[4.102,45.2222],[4.1037,45.2237],[4.1019,45.2271],[4.104,45.2323],[4.1006,45.234],[4.1008,45.236],[4.103,45.2404],[4.1027,45.2433],[4.1055,45.2451],[4.1107,45.2439],[4.1144,45.2444],[4.1186,45.2471],[4.1266,45.2466],[4.1302,45.2481],[4.1319,45.2528],[4.1316,45.2558],[4.1349,45.2567],[4.138,45.2559],[4.1435,45.2571],[4.1447,45.2587],[4.151,45.2567],[4.1522,45.2556],[4.1516,45.2522],[4.1474,45.2497],[4.1451,45.2502],[4.143,45.2482],[4.1464,45.2467],[4.1478,45.2446],[4.1516,45.2438],[4.1528,45.2417],[4.1582,45.2399],[4.1559,45.2383],[4.1585,45.2363],[4.1549,45.2344],[4.1546,45.2327],[4.1562,45.2292],[4.1684,45.2278],[4.1738,45.2278],[4.1781,45.2248]]]}},{"type":"Feature","properties":{"code":"43212","nom":"Saint-Pal-de-Chalencon","pop":1038},"geometry":{"type":"Polygon","coordinates":[[[3.9193,45.3419],[3.9178,45.346],[3.9203,45.3465],[3.9225,45.349],[3.9142,45.3513],[3.9148,45.354],[3.923,45.355],[3.9231,45.3593],[3.9279,45.3592],[3.9291,45.358],[3.9324,45.3577],[3.9353,45.359],[3.9363,45.3611],[3.9335,45.3651],[3.9341,45.3678],[3.9364,45.3722],[3.9381,45.3715],[3.9416,45.373],[3.945,45.3733],[3.9485,45.3764],[3.9573,45.3711],[3.9591,45.3684],[3.9615,45.3713],[3.9669,45.3704],[3.966,45.3739],[3.9727,45.3744],[3.9749,45.376],[3.9781,45.3757],[3.9825,45.3743],[3.9862,45.3715],[3.9858,45.3645],[3.9931,45.3602],[3.9915,45.3556],[3.9955,45.3562],[4.0022,45.3559],[4.0063,45.3505],[4.0055,45.3487],[4.0082,45.3431],[4.01,45.3415],[4.0146,45.3336],[4.0116,45.3339],[4.0093,45.3328],[4.0031,45.3323],[3.9979,45.3355],[3.9899,45.3354],[3.9878,45.337],[3.9846,45.3357],[3.9801,45.3349],[3.9803,45.3331],[3.9781,45.3312],[3.9804,45.329],[3.98,45.327],[3.9634,45.3202],[3.9603,45.3214],[3.9533,45.322],[3.953,45.3205],[3.9487,45.3199],[3.9446,45.317],[3.9424,45.3163],[3.9402,45.3167],[3.9403,45.3193],[3.9391,45.322],[3.9346,45.3223],[3.9384,45.327],[3.9387,45.3296],[3.9345,45.3325],[3.9345,45.3353],[3.9364,45.3366],[3.9317,45.3397],[3.927,45.338],[3.9261,45.3398],[3.922,45.3418],[3.9193,45.3419]]]}},{"type":"Feature","properties":{"code":"43213","nom":"Saint-Pal-de-Mons","pop":2358},"geometry":{"type":"Polygon","coordinates":[[[4.2999,45.2755],[4.3002,45.2723],[4.3041,45.269],[4.3033,45.2679],[4.3071,45.2611],[4.3051,45.2587],[4.3099,45.2567],[4.3103,45.253],[4.3121,45.2518],[4.3122,45.2481],[4.3165,45.2449],[4.3204,45.2444],[4.3226,45.2428],[4.3247,45.2431],[4.3215,45.241],[4.3229,45.2393],[4.3177,45.2367],[4.3204,45.2315],[4.3123,45.2319],[4.3093,45.2298],[4.3059,45.229],[4.3017,45.2258],[4.3009,45.2209],[4.2989,45.2183],[4.3006,45.2146],[4.2964,45.2133],[4.2961,45.2146],[4.2922,45.2154],[4.2854,45.2132],[4.2831,45.2166],[4.2765,45.2181],[4.2748,45.2162],[4.277,45.2135],[4.2752,45.2107],[4.2728,45.2118],[4.2687,45.21],[4.2679,45.2128],[4.2646,45.2131],[4.2597,45.2124],[4.26,45.2159],[4.2564,45.2193],[4.2546,45.2175],[4.2493,45.2183],[4.2504,45.2163],[4.2492,45.2148],[4.2434,45.2147],[4.2438,45.2165],[4.2403,45.2166],[4.238,45.2183],[4.2397,45.2208],[4.2438,45.2221],[4.2475,45.2255],[4.2511,45.2261],[4.2529,45.2276],[4.2549,45.2315],[4.2541,45.2333],[4.2581,45.237],[4.2591,45.2389],[4.2589,45.2455],[4.2545,45.2471],[4.254,45.2481],[4.2594,45.2511],[4.2574,45.2532],[4.2596,45.2549],[4.2644,45.2557],[4.2678,45.258],[4.2636,45.2613],[4.262,45.2656],[4.2641,45.2698],[4.2629,45.2718],[4.2658,45.2726],[4.27,45.2721],[4.2787,45.2683],[4.2803,45.2702],[4.2796,45.272],[4.2819,45.2764],[4.2803,45.2782],[4.2829,45.2774],[4.2864,45.2793],[4.2882,45.2776],[4.2916,45.2771],[4.2957,45.2754],[4.2999,45.2755]]]}},{"type":"Feature","properties":{"code":"43214","nom":"Saint-Pal-de-Senouire","pop":108},"geometry":{"type":"Polygon","coordinates":[[[3.6173,45.265],[3.6196,45.2674],[3.6188,45.2695],[3.6201,45.2734],[3.622,45.2746],[3.6226,45.2768],[3.6268,45.2776],[3.6298,45.279],[3.6343,45.2767],[3.6367,45.2772],[3.6422,45.2818],[3.6478,45.2838],[3.6487,45.2818],[3.6509,45.2813],[3.6541,45.2844],[3.6573,45.2834],[3.6611,45.2799],[3.6709,45.2787],[3.672,45.2777],[3.6644,45.2749],[3.6688,45.2686],[3.6661,45.2668],[3.6653,45.2632],[3.662,45.2596],[3.6661,45.257],[3.6627,45.2532],[3.6662,45.2501],[3.6687,45.2512],[3.6728,45.2498],[3.6803,45.248],[3.6796,45.2458],[3.6767,45.2448],[3.6756,45.2426],[3.668,45.2416],[3.6653,45.2388],[3.6623,45.2328],[3.6589,45.2294],[3.6551,45.2292],[3.65,45.2302],[3.6442,45.2298],[3.6412,45.2309],[3.6425,45.2356],[3.6399,45.2359],[3.6384,45.2384],[3.6351,45.2399],[3.6318,45.2402],[3.6286,45.2379],[3.626,45.2419],[3.6269,45.2445],[3.6246,45.25],[3.6258,45.2529],[3.625,45.2559],[3.6198,45.2572],[3.6173,45.265]]]}},{"type":"Feature","properties":{"code":"43215","nom":"Saint-Paul-de-Tartas","pop":204},"geometry":{"type":"Polygon","coordinates":[[[3.8938,44.8201],[3.8962,44.8139],[3.9002,44.8123],[3.9042,44.8127],[3.9078,44.8152],[3.9096,44.8151],[3.9126,44.8129],[3.9165,44.8172],[3.9203,44.817],[3.9246,44.818],[3.9289,44.8164],[3.9347,44.8162],[3.9352,44.8182],[3.9395,44.8207],[3.9443,44.821],[3.9408,44.8148],[3.9422,44.8092],[3.9418,44.8074],[3.9378,44.8012],[3.9368,44.7954],[3.9341,44.7942],[3.93,44.7939],[3.9261,44.7911],[3.9264,44.789],[3.9237,44.7828],[3.9226,44.7777],[3.9192,44.7766],[3.9161,44.7799],[3.9105,44.7787],[3.9108,44.7777],[3.9187,44.7756],[3.9241,44.7711],[3.925,44.7699],[3.9214,44.7677],[3.9147,44.7667],[3.914,44.7651],[3.9133,44.7699],[3.9115,44.7755],[3.9042,44.7806],[3.894,44.7815],[3.8896,44.7854],[3.8869,44.786],[3.8747,44.786],[3.8668,44.78],[3.8656,44.7785],[3.8594,44.7753],[3.8503,44.7737],[3.8498,44.7832],[3.8542,44.7876],[3.8601,44.7891],[3.8588,44.7935],[3.8508,44.8008],[3.847,44.8007],[3.8425,44.8021],[3.8394,44.8063],[3.845,44.8095],[3.8492,44.8086],[3.8508,44.8098],[3.8552,44.8095],[3.859,44.8111],[3.8611,44.8107],[3.8649,44.8154],[3.8639,44.8176],[3.8701,44.8227],[3.8729,44.8266],[3.8799,44.8214],[3.8938,44.8201]]]}},{"type":"Feature","properties":{"code":"43216","nom":"Saint-Paulien","pop":2439},"geometry":{"type":"Polygon","coordinates":[[[3.8123,45.0914],[3.8108,45.093],[3.8066,45.096],[3.8039,45.0988],[3.8066,45.1033],[3.8047,45.1041],[3.8057,45.1074],[3.7963,45.107],[3.7942,45.1057],[3.7882,45.1101],[3.7875,45.1125],[3.7838,45.1105],[3.781,45.1131],[3.7734,45.1108],[3.772,45.1118],[3.7734,45.1165],[3.7736,45.1177],[3.7785,45.1197],[3.7776,45.1234],[3.7803,45.1251],[3.7782,45.1275],[3.7809,45.1313],[3.7794,45.1322],[3.7794,45.1365],[3.7777,45.1386],[3.7861,45.1417],[3.7826,45.1439],[3.7826,45.146],[3.7769,45.149],[3.7759,45.1523],[3.773,45.1534],[3.7726,45.1547],[3.7682,45.1582],[3.7694,45.1595],[3.7758,45.1609],[3.7773,45.1654],[3.7834,45.1651],[3.7833,45.1671],[3.7854,45.1684],[3.7892,45.1683],[3.7896,45.1732],[3.7886,45.1753],[3.7954,45.1767],[3.7991,45.1739],[3.8006,45.1726],[3.7978,45.1709],[3.798,45.1682],[3.801,45.1622],[3.7996,45.1593],[3.8006,45.1575],[3.806,45.1527],[3.8092,45.1542],[3.8102,45.1513],[3.8141,45.1515],[3.8183,45.1527],[3.8214,45.1504],[3.8265,45.1514],[3.8286,45.1533],[3.8329,45.1535],[3.8377,45.1561],[3.8369,45.1582],[3.8404,45.1617],[3.8457,45.163],[3.8494,45.1612],[3.8521,45.1608],[3.8533,45.1646],[3.8586,45.1632],[3.8685,45.1606],[3.8692,45.1569],[3.8668,45.1499],[3.8708,45.1459],[3.8707,45.1419],[3.8678,45.1405],[3.868,45.1388],[3.8735,45.1347],[3.8759,45.1305],[3.8761,45.1269],[3.8759,45.1253],[3.8723,45.1206],[3.8716,45.1133],[3.8652,45.1135],[3.8599,45.1157],[3.856,45.1143],[3.8498,45.1159],[3.8491,45.1188],[3.8471,45.1196],[3.8472,45.1262],[3.8435,45.1277],[3.8372,45.1283],[3.835,45.1251],[3.8294,45.1217],[3.827,45.1185],[3.822,45.1168],[3.8245,45.1106],[3.8266,45.1105],[3.8289,45.1055],[3.8295,45.1027],[3.8279,45.1009],[3.8236,45.0994],[3.8237,45.0966],[3.8204,45.0973],[3.8164,45.0926],[3.8123,45.0914]]]}},{"type":"Feature","properties":{"code":"43217","nom":"Saint-Pierre-du-Champ","pop":565},"geometry":{"type":"Polygon","coordinates":[[[3.8593,45.2326],[3.8605,45.2363],[3.8543,45.2387],[3.8567,45.2404],[3.8557,45.2424],[3.8529,45.243],[3.8518,45.2463],[3.8534,45.2491],[3.852,45.2517],[3.8502,45.2527],[3.8511,45.2574],[3.8509,45.2599],[3.8523,45.263],[3.8543,45.265],[3.8522,45.2669],[3.8552,45.2702],[3.862,45.2692],[3.868,45.2726],[3.8748,45.2704],[3.8817,45.2723],[3.8868,45.277],[3.8915,45.2772],[3.897,45.2815],[3.9006,45.28],[3.9044,45.2796],[3.9082,45.2717],[3.9099,45.2709],[3.9189,45.272],[3.9223,45.2697],[3.9237,45.2675],[3.9244,45.2634],[3.9241,45.258],[3.9269,45.2493],[3.9234,45.247],[3.9175,45.2484],[3.9104,45.2492],[3.9074,45.247],[3.9058,45.2444],[3.9074,45.2433],[3.9056,45.2413],[3.9064,45.24],[3.9021,45.2379],[3.9066,45.2362],[3.9094,45.2313],[3.909,45.23],[3.9116,45.2275],[3.9101,45.2231],[3.9063,45.2205],[3.9051,45.2158],[3.9061,45.2128],[3.9076,45.2121],[3.9016,45.2056],[3.8974,45.199],[3.8927,45.2003],[3.892,45.2025],[3.8894,45.2042],[3.8866,45.2075],[3.887,45.2143],[3.8865,45.219],[3.8829,45.2204],[3.8793,45.2201],[3.8735,45.2177],[3.871,45.2179],[3.8729,45.2202],[3.872,45.2242],[3.8668,45.2262],[3.8655,45.2244],[3.8624,45.2233],[3.8605,45.2304],[3.8593,45.2326]]]}},{"type":"Feature","properties":{"code":"43218","nom":"Saint-Pierre-Eynac","pop":1288},"geometry":{"type":"Polygon","coordinates":[[[3.9838,45.0495],[3.9847,45.0519],[3.9871,45.0527],[3.987,45.0565],[3.9899,45.058],[3.9946,45.0578],[3.9991,45.0592],[3.996,45.0646],[4.0006,45.0661],[4.0047,45.0685],[4.0106,45.0695],[4.0156,45.0719],[4.019,45.0718],[4.0235,45.0703],[4.0252,45.0658],[4.0278,45.0635],[4.0362,45.0634],[4.0403,45.0596],[4.0439,45.058],[4.0494,45.0613],[4.0541,45.0614],[4.0568,45.0632],[4.0575,45.0661],[4.0628,45.0656],[4.0681,45.0671],[4.0726,45.0664],[4.0755,45.0651],[4.0805,45.0648],[4.0829,45.0656],[4.085,45.0625],[4.0806,45.0614],[4.0765,45.059],[4.0702,45.0599],[4.07,45.0572],[4.068,45.0547],[4.0642,45.0528],[4.0628,45.0502],[4.0622,45.0463],[4.0596,45.0427],[4.0532,45.0431],[4.0486,45.04],[4.0474,45.0369],[4.0455,45.0365],[4.0463,45.0317],[4.0456,45.0286],[4.0485,45.0254],[4.0493,45.0219],[4.0491,45.0186],[4.0468,45.0179],[4.045,45.0155],[4.0425,45.0153],[4.0431,45.0131],[4.0375,45.0186],[4.0339,45.0202],[4.032,45.0224],[4.024,45.024],[4.009,45.0274],[4.0036,45.029],[3.9997,45.0335],[3.9983,45.0364],[3.9922,45.0428],[3.9891,45.0433],[3.984,45.0462],[3.9838,45.0495]]]}},{"type":"Feature","properties":{"code":"43219","nom":"Saint-Préjet-Armandon","pop":105},"geometry":{"type":"Polygon","coordinates":[[[3.5811,45.2511],[3.5802,45.2472],[3.5763,45.246],[3.5706,45.2451],[3.57,45.2407],[3.5654,45.2405],[3.5655,45.2353],[3.5636,45.2343],[3.5591,45.2343],[3.5559,45.2334],[3.5529,45.2353],[3.5471,45.2364],[3.5439,45.2349],[3.543,45.2386],[3.5351,45.2424],[3.5317,45.2452],[3.5353,45.2486],[3.5343,45.2542],[3.5283,45.2539],[3.5245,45.2549],[3.523,45.2563],[3.5234,45.2571],[3.5279,45.2573],[3.5315,45.2606],[3.5322,45.2626],[3.5351,45.2659],[3.5428,45.2624],[3.5454,45.2626],[3.5515,45.2596],[3.5593,45.2598],[3.5627,45.2593],[3.5644,45.2617],[3.5693,45.2586],[3.57,45.252],[3.5729,45.2552],[3.5747,45.2536],[3.5811,45.2511]]]}},{"type":"Feature","properties":{"code":"43220","nom":"Saint-Préjet-d'Allier","pop":159},"geometry":{"type":"Polygon","coordinates":[[[3.6658,44.9354],[3.6642,44.9337],[3.6631,44.9306],[3.6599,44.929],[3.6603,44.9265],[3.6578,44.9256],[3.6534,44.922],[3.6512,44.9221],[3.65,44.9177],[3.6505,44.9152],[3.6553,44.9079],[3.6501,44.9056],[3.6461,44.9056],[3.6429,44.9064],[3.643,44.9026],[3.6459,44.9024],[3.6513,44.8978],[3.6477,44.8946],[3.6488,44.8927],[3.646,44.89],[3.6452,44.885],[3.6354,44.8879],[3.6304,44.8902],[3.6308,44.8923],[3.6268,44.9002],[3.6225,44.9026],[3.6165,44.9039],[3.6105,44.9074],[3.6056,44.9067],[3.6054,44.9055],[3.6001,44.9068],[3.5951,44.9059],[3.5922,44.9078],[3.5874,44.9081],[3.5788,44.9129],[3.5773,44.9133],[3.5745,44.9184],[3.582,44.9236],[3.5781,44.93],[3.5819,44.9324],[3.5883,44.9329],[3.5915,44.9314],[3.5969,44.9309],[3.598,44.9287],[3.6047,44.9272],[3.6102,44.9301],[3.6124,44.9327],[3.6201,44.9332],[3.6262,44.933],[3.6279,44.9341],[3.628,44.9377],[3.6301,44.941],[3.6291,44.9454],[3.6318,44.9499],[3.6318,44.9511],[3.6384,44.9503],[3.6426,44.9478],[3.6479,44.9478],[3.6493,44.9441],[3.6577,44.9444],[3.6584,44.94],[3.6634,44.938],[3.6658,44.9354]]]}},{"type":"Feature","properties":{"code":"43221","nom":"Saint-Privat-d'Allier","pop":394},"geometry":{"type":"Polygon","coordinates":[[[3.7044,45.026],[3.6996,45.0231],[3.7037,45.0203],[3.7099,45.0136],[3.7131,45.0118],[3.7159,45.0058],[3.7169,45.0036],[3.717,44.9982],[3.7149,44.9928],[3.7168,44.9835],[3.7154,44.9819],[3.7138,44.9805],[3.7106,44.9801],[3.7101,44.9782],[3.7073,44.9784],[3.7029,44.9765],[3.7062,44.9712],[3.7028,44.9714],[3.7036,44.9688],[3.7002,44.9665],[3.7013,44.9643],[3.6983,44.9625],[3.698,44.9608],[3.6954,44.9589],[3.6938,44.9594],[3.6864,44.9594],[3.6842,44.9627],[3.6857,44.9651],[3.6849,44.9667],[3.6821,44.9675],[3.6827,44.9702],[3.6811,44.9715],[3.6801,44.9747],[3.676,44.9752],[3.6744,44.97],[3.6717,44.9689],[3.6675,44.9715],[3.6639,44.9694],[3.6592,44.9696],[3.6602,44.9737],[3.6565,44.9722],[3.6495,44.9719],[3.6468,44.9709],[3.6437,44.9731],[3.6449,44.9747],[3.6401,44.9767],[3.6395,44.9804],[3.6367,44.9813],[3.6342,44.9838],[3.6341,44.9861],[3.6276,44.9884],[3.6269,44.9923],[3.6277,44.9952],[3.6238,45.0008],[3.6272,45.0049],[3.6311,45.0069],[3.6393,45.0061],[3.6453,45.0119],[3.6466,45.0179],[3.6534,45.0247],[3.6586,45.0279],[3.6581,45.0289],[3.6609,45.0299],[3.6612,45.0326],[3.6672,45.0307],[3.672,45.0318],[3.6751,45.0303],[3.6793,45.0314],[3.6851,45.0289],[3.6869,45.0301],[3.6917,45.0263],[3.6964,45.0281],[3.7044,45.026]]]}},{"type":"Feature","properties":{"code":"43222","nom":"Saint-Privat-du-Dragon","pop":169},"geometry":{"type":"Polygon","coordinates":[[[3.4508,45.1712],[3.4488,45.172],[3.4449,45.1715],[3.4434,45.1693],[3.4392,45.1678],[3.4381,45.1651],[3.4353,45.1646],[3.432,45.1661],[3.4249,45.1655],[3.42,45.1674],[3.417,45.1663],[3.4138,45.1673],[3.4232,45.1698],[3.4245,45.1708],[3.4234,45.1764],[3.4214,45.1805],[3.4226,45.1819],[3.4265,45.1834],[3.4298,45.1836],[3.4275,45.1887],[3.4288,45.1928],[3.4223,45.1983],[3.416,45.1999],[3.4174,45.203],[3.4156,45.2045],[3.4182,45.206],[3.4129,45.2073],[3.4164,45.2101],[3.4137,45.2116],[3.4151,45.2143],[3.4174,45.2157],[3.4183,45.2201],[3.4151,45.2233],[3.415,45.2267],[3.4119,45.2279],[3.417,45.2272],[3.4225,45.2279],[3.4245,45.2267],[3.4223,45.2206],[3.4323,45.2237],[3.441,45.2251],[3.446,45.2266],[3.4448,45.2234],[3.4483,45.2162],[3.4497,45.2123],[3.4552,45.2142],[3.4581,45.2126],[3.4583,45.2083],[3.4619,45.2056],[3.4677,45.2029],[3.4667,45.1991],[3.4676,45.1968],[3.4717,45.1939],[3.4755,45.191],[3.4775,45.1877],[3.4735,45.1832],[3.4674,45.1793],[3.4708,45.1772],[3.4737,45.1769],[3.4777,45.174],[3.473,45.17],[3.4698,45.1713],[3.4625,45.1681],[3.4599,45.1723],[3.4571,45.1727],[3.4547,45.1712],[3.4508,45.1712]]]}},{"type":"Feature","properties":{"code":"43223","nom":"Saint-Romain-Lachalm","pop":1154},"geometry":{"type":"Polygon","coordinates":[[[4.3247,45.2431],[4.3226,45.2428],[4.3204,45.2444],[4.3165,45.2449],[4.3122,45.2481],[4.3121,45.2518],[4.3103,45.253],[4.3099,45.2567],[4.3051,45.2587],[4.3071,45.2611],[4.3033,45.2679],[4.3041,45.269],[4.3002,45.2723],[4.2999,45.2755],[4.3007,45.2736],[4.3032,45.2733],[4.3066,45.2743],[4.3088,45.2763],[4.315,45.2733],[4.3152,45.2716],[4.318,45.271],[4.3199,45.2729],[4.3236,45.2712],[4.3264,45.2723],[4.3259,45.2752],[4.323,45.2777],[4.3228,45.2795],[4.3269,45.2801],[4.3287,45.2819],[4.3277,45.2835],[4.3288,45.2859],[4.3319,45.2886],[4.3348,45.2895],[4.3356,45.2914],[4.34,45.293],[4.3447,45.2922],[4.3503,45.2953],[4.3562,45.2955],[4.3575,45.2923],[4.3614,45.2918],[4.3622,45.2896],[4.3583,45.2836],[4.3583,45.2814],[4.3516,45.2811],[4.3495,45.2785],[4.3512,45.276],[4.3502,45.2737],[4.3552,45.2735],[4.3604,45.2716],[4.3625,45.2655],[4.3652,45.2626],[4.3677,45.2626],[4.3714,45.2599],[4.3765,45.2587],[4.3742,45.2541],[4.3802,45.25],[4.3779,45.2464],[4.3749,45.248],[4.3708,45.2474],[4.3714,45.2449],[4.3634,45.2422],[4.3618,45.2432],[4.3574,45.2436],[4.3567,45.2458],[4.3535,45.2484],[4.3483,45.2471],[4.3458,45.2487],[4.3384,45.2498],[4.3326,45.2479],[4.3296,45.246],[4.3279,45.2465],[4.3212,45.2452],[4.3224,45.2433],[4.3247,45.2431]]]}},{"type":"Feature","properties":{"code":"43224","nom":"Sainte-Sigolène","pop":6097},"geometry":{"type":"Polygon","coordinates":[[[4.1878,45.2584],[4.1853,45.2619],[4.186,45.2638],[4.1885,45.2641],[4.1911,45.2662],[4.194,45.2664],[4.1945,45.2647],[4.1999,45.2665],[4.204,45.2646],[4.2114,45.2643],[4.2183,45.2697],[4.2186,45.2735],[4.2216,45.2768],[4.2249,45.2764],[4.2304,45.2796],[4.2355,45.2806],[4.2392,45.2809],[4.2488,45.2792],[4.2521,45.2794],[4.2556,45.2761],[4.2596,45.2744],[4.2629,45.2718],[4.2641,45.2698],[4.262,45.2656],[4.2636,45.2613],[4.2678,45.258],[4.2644,45.2557],[4.2596,45.2549],[4.2574,45.2532],[4.2594,45.2511],[4.254,45.2481],[4.2545,45.2471],[4.2589,45.2455],[4.2591,45.2389],[4.2581,45.237],[4.2541,45.2333],[4.2549,45.2315],[4.2529,45.2276],[4.2511,45.2261],[4.2475,45.2255],[4.2438,45.2221],[4.2397,45.2208],[4.238,45.2183],[4.2348,45.2196],[4.2306,45.2194],[4.2311,45.2178],[4.2302,45.213],[4.2291,45.2108],[4.2299,45.2083],[4.2235,45.2079],[4.2188,45.2064],[4.2158,45.2092],[4.2107,45.2115],[4.2046,45.2104],[4.2072,45.2139],[4.2099,45.2163],[4.2078,45.2187],[4.2029,45.2185],[4.2015,45.2213],[4.1983,45.2218],[4.1959,45.2238],[4.2004,45.2296],[4.2022,45.2307],[4.2064,45.231],[4.2079,45.234],[4.2047,45.2364],[4.2013,45.2441],[4.1983,45.2466],[4.1978,45.2489],[4.2007,45.25],[4.1945,45.2532],[4.1918,45.2565],[4.1878,45.2584]]]}},{"type":"Feature","properties":{"code":"43225","nom":"Saint-Vénérand","pop":65},"geometry":{"type":"Polygon","coordinates":[[[3.6541,44.8798],[3.6554,44.8821],[3.6591,44.881],[3.6678,44.8856],[3.6719,44.8897],[3.6753,44.8889],[3.6773,44.8922],[3.6764,44.8941],[3.6821,44.8967],[3.6849,44.8987],[3.6922,44.8939],[3.6935,44.8922],[3.6938,44.8877],[3.6908,44.8864],[3.6888,44.8832],[3.6951,44.8828],[3.6963,44.8814],[3.6955,44.8789],[3.6913,44.8791],[3.6889,44.8766],[3.6888,44.8738],[3.6916,44.873],[3.6916,44.8702],[3.6898,44.8691],[3.6898,44.865],[3.6875,44.8643],[3.6884,44.8581],[3.6848,44.8577],[3.68,44.8556],[3.6739,44.8541],[3.6727,44.8566],[3.6668,44.8574],[3.6657,44.8597],[3.6633,44.8615],[3.6616,44.8669],[3.6527,44.8761],[3.6502,44.874],[3.644,44.8771],[3.649,44.878],[3.6541,44.8798]]]}},{"type":"Feature","properties":{"code":"43226","nom":"Saint-Vert","pop":108},"geometry":{"type":"Polygon","coordinates":[[[3.5408,45.3474],[3.5368,45.348],[3.5297,45.3481],[3.5227,45.3579],[3.5215,45.3621],[3.5177,45.3634],[3.5102,45.367],[3.5104,45.3699],[3.5138,45.3727],[3.5178,45.3729],[3.5146,45.3754],[3.5152,45.3809],[3.5146,45.3825],[3.5143,45.3896],[3.5134,45.3918],[3.5159,45.3935],[3.5227,45.3957],[3.5236,45.3991],[3.5214,45.4024],[3.5244,45.4063],[3.5276,45.4002],[3.5309,45.3989],[3.5317,45.4015],[3.5351,45.4014],[3.5418,45.3986],[3.5465,45.399],[3.554,45.3972],[3.5549,45.3937],[3.5568,45.3917],[3.5603,45.3943],[3.5647,45.3955],[3.569,45.4024],[3.5709,45.4008],[3.573,45.397],[3.5738,45.3934],[3.5753,45.3916],[3.5781,45.386],[3.5809,45.3848],[3.5811,45.3828],[3.5799,45.3826],[3.5689,45.3857],[3.5662,45.382],[3.5692,45.3779],[3.5717,45.3718],[3.5681,45.3685],[3.5616,45.3658],[3.5571,45.3621],[3.5525,45.36],[3.553,45.3568],[3.5555,45.3532],[3.5495,45.3519],[3.5432,45.3527],[3.5424,45.349],[3.5408,45.3474]]]}},{"type":"Feature","properties":{"code":"43227","nom":"Saint-Victor-Malescours","pop":798},"geometry":{"type":"Polygon","coordinates":[[[4.3317,45.3185],[4.3367,45.3151],[4.3394,45.3147],[4.342,45.3116],[4.3466,45.3075],[4.3518,45.3056],[4.3514,45.3033],[4.357,45.3036],[4.3663,45.3013],[4.3697,45.3022],[4.3698,45.2986],[4.3674,45.2964],[4.3671,45.2941],[4.364,45.294],[4.3614,45.2918],[4.3575,45.2923],[4.3562,45.2955],[4.3503,45.2953],[4.3447,45.2922],[4.34,45.293],[4.3356,45.2914],[4.3348,45.2895],[4.3319,45.2886],[4.3288,45.2859],[4.3277,45.2835],[4.3287,45.2819],[4.3269,45.2801],[4.3228,45.2795],[4.323,45.2777],[4.3259,45.2752],[4.3264,45.2723],[4.3236,45.2712],[4.3199,45.2729],[4.318,45.271],[4.3152,45.2716],[4.315,45.2733],[4.3088,45.2763],[4.3066,45.2743],[4.3032,45.2733],[4.3007,45.2736],[4.2999,45.2755],[4.2957,45.2754],[4.2916,45.2771],[4.2882,45.2776],[4.2864,45.2793],[4.2829,45.2774],[4.2803,45.2782],[4.2863,45.2846],[4.2901,45.2851],[4.2953,45.284],[4.2978,45.2868],[4.3025,45.2897],[4.3047,45.293],[4.3055,45.2958],[4.3101,45.2999],[4.3109,45.3035],[4.313,45.3057],[4.3135,45.3087],[4.315,45.3094],[4.3166,45.3134],[4.3235,45.3154],[4.326,45.3159],[4.3282,45.3182],[4.3317,45.3185]]]}},{"type":"Feature","properties":{"code":"43228","nom":"Saint-Victor-sur-Arlanc","pop":92},"geometry":{"type":"Polygon","coordinates":[[[3.756,45.3539],[3.7573,45.3568],[3.7599,45.356],[3.7625,45.3523],[3.7697,45.3515],[3.7719,45.3493],[3.7773,45.3491],[3.7802,45.3516],[3.7844,45.3512],[3.7875,45.3519],[3.7892,45.3501],[3.7945,45.3466],[3.7974,45.3421],[3.8023,45.3367],[3.806,45.334],[3.8119,45.333],[3.8116,45.329],[3.8138,45.3278],[3.8124,45.3265],[3.8092,45.3274],[3.8045,45.3261],[3.8045,45.3247],[3.8007,45.3233],[3.7935,45.3264],[3.7932,45.3278],[3.7881,45.3298],[3.7836,45.3326],[3.7776,45.3283],[3.7787,45.3234],[3.7781,45.3215],[3.781,45.3194],[3.7799,45.3182],[3.7734,45.3192],[3.768,45.3145],[3.7651,45.3159],[3.7614,45.3164],[3.7598,45.3147],[3.7638,45.3203],[3.7635,45.326],[3.7606,45.3287],[3.7525,45.3299],[3.7512,45.3314],[3.7506,45.3349],[3.7491,45.3373],[3.7495,45.3416],[3.7529,45.3472],[3.7532,45.3501],[3.756,45.3539]]]}},{"type":"Feature","properties":{"code":"43229","nom":"Saint-Vidal","pop":608},"geometry":{"type":"Polygon","coordinates":[[[3.8108,45.093],[3.8123,45.0914],[3.819,45.0839],[3.8245,45.0812],[3.8231,45.077],[3.8178,45.0789],[3.8156,45.0779],[3.8152,45.0755],[3.8097,45.0659],[3.8059,45.063],[3.8067,45.0617],[3.7989,45.0596],[3.7933,45.0587],[3.7916,45.0573],[3.784,45.0629],[3.7842,45.067],[3.7782,45.0693],[3.7763,45.0764],[3.7759,45.0791],[3.7789,45.0797],[3.7797,45.0812],[3.7831,45.0823],[3.7884,45.0851],[3.7944,45.0859],[3.795,45.0839],[3.799,45.0831],[3.8014,45.0854],[3.8054,45.0865],[3.8059,45.089],[3.8095,45.0902],[3.8108,45.093]]]}},{"type":"Feature","properties":{"code":"43230","nom":"Saint-Vincent","pop":1089},"geometry":{"type":"Polygon","coordinates":[[[3.8586,45.1632],[3.8576,45.1658],[3.8602,45.1677],[3.8642,45.1663],[3.8648,45.1694],[3.8679,45.1694],[3.8715,45.1681],[3.8724,45.1698],[3.8768,45.169],[3.8791,45.1701],[3.8842,45.1687],[3.886,45.1705],[3.8945,45.1694],[3.8955,45.1702],[3.9012,45.1687],[3.9077,45.1728],[3.9183,45.1787],[3.9228,45.1714],[3.9255,45.1703],[3.9299,45.1702],[3.9335,45.1687],[3.9348,45.1657],[3.9317,45.1625],[3.9276,45.1608],[3.9255,45.1565],[3.9245,45.1518],[3.9285,45.1472],[3.9264,45.1409],[3.9227,45.1375],[3.9236,45.1353],[3.9218,45.1297],[3.9205,45.128],[3.9179,45.1267],[3.9096,45.1326],[3.9013,45.1311],[3.8931,45.1316],[3.883,45.1334],[3.88,45.1321],[3.8784,45.1289],[3.8761,45.1269],[3.8759,45.1305],[3.8735,45.1347],[3.868,45.1388],[3.8678,45.1405],[3.8707,45.1419],[3.8708,45.1459],[3.8668,45.1499],[3.8692,45.1569],[3.8685,45.1606],[3.8586,45.1632]]]}},{"type":"Feature","properties":{"code":"43231","nom":"Salettes","pop":156},"geometry":{"type":"Polygon","coordinates":[[[4.0201,44.8459],[4.0139,44.8465],[4.0124,44.8487],[4.0096,44.849],[4.0076,44.8474],[4.0057,44.849],[4.0026,44.8495],[3.9928,44.8459],[3.9918,44.849],[3.9885,44.8495],[3.9836,44.8545],[3.9838,44.8561],[3.9775,44.8553],[3.9741,44.8589],[3.9654,44.8581],[3.962,44.8591],[3.9592,44.8602],[3.9577,44.8632],[3.9508,44.8648],[3.9453,44.8631],[3.9421,44.8645],[3.939,44.8642],[3.9358,44.8619],[3.9339,44.8622],[3.9308,44.8643],[3.9245,44.865],[3.925,44.8685],[3.9209,44.8675],[3.9188,44.8689],[3.9229,44.8721],[3.9199,44.874],[3.9182,44.8773],[3.9211,44.88],[3.919,44.8836],[3.923,44.8836],[3.9275,44.8826],[3.9334,44.8807],[3.9358,44.8807],[3.9411,44.8788],[3.9435,44.8792],[3.9469,44.8783],[3.9477,44.8806],[3.9493,44.8777],[3.9512,44.8765],[3.9584,44.8751],[3.9638,44.8786],[3.9706,44.8813],[3.9725,44.8799],[3.9728,44.8773],[3.9767,44.878],[3.979,44.8802],[3.9818,44.8796],[3.9847,44.8778],[3.9891,44.8802],[3.9925,44.878],[3.9956,44.8787],[3.9993,44.8766],[4.0021,44.8761],[4.0091,44.8774],[4.0131,44.8837],[4.0186,44.8815],[4.017,44.8778],[4.0204,44.8771],[4.0179,44.8749],[4.0194,44.8724],[4.0225,44.8706],[4.023,44.8689],[4.0287,44.8662],[4.0268,44.8605],[4.0236,44.8588],[4.0259,44.854],[4.0253,44.8503],[4.0231,44.8492],[4.023,44.8474],[4.0201,44.8459]]]}},{"type":"Feature","properties":{"code":"43232","nom":"Salzuit","pop":330},"geometry":{"type":"Polygon","coordinates":[[[3.5034,45.2045],[3.5032,45.2006],[3.501,45.2011],[3.4929,45.1999],[3.4902,45.1986],[3.4844,45.1977],[3.4793,45.1977],[3.4717,45.1939],[3.4676,45.1968],[3.4667,45.1991],[3.4677,45.2029],[3.4619,45.2056],[3.4583,45.2083],[3.4581,45.2126],[3.4648,45.2123],[3.4644,45.2206],[3.4655,45.2215],[3.4689,45.2194],[3.4705,45.2219],[3.476,45.2191],[3.4796,45.2195],[3.4814,45.2232],[3.485,45.2247],[3.4884,45.2248],[3.4922,45.2205],[3.4982,45.2201],[3.5024,45.2179],[3.505,45.2146],[3.5026,45.2099],[3.5044,45.2074],[3.5034,45.2045]]]}},{"type":"Feature","properties":{"code":"43233","nom":"Sanssac-l'Église","pop":1080},"geometry":{"type":"Polygon","coordinates":[[[3.7892,45.0305],[3.7901,45.0332],[3.7786,45.0326],[3.7774,45.0311],[3.7687,45.0303],[3.7637,45.0306],[3.7642,45.0325],[3.7581,45.0325],[3.757,45.0345],[3.7604,45.0355],[3.7595,45.0383],[3.7635,45.0426],[3.7674,45.0432],[3.7651,45.0458],[3.7585,45.0464],[3.7556,45.0483],[3.7506,45.0473],[3.7522,45.0497],[3.7599,45.0523],[3.7592,45.0547],[3.7596,45.0563],[3.7669,45.0585],[3.7679,45.0602],[3.7743,45.06],[3.7771,45.0614],[3.784,45.0629],[3.7916,45.0573],[3.7933,45.0587],[3.7989,45.0596],[3.8067,45.0617],[3.814,45.0633],[3.8139,45.0594],[3.8201,45.0604],[3.8248,45.0594],[3.8289,45.0594],[3.8354,45.0619],[3.8386,45.0606],[3.8388,45.0591],[3.8346,45.059],[3.8297,45.057],[3.8226,45.0562],[3.8205,45.0511],[3.8213,45.0478],[3.8198,45.045],[3.8159,45.0446],[3.8106,45.0427],[3.8125,45.0406],[3.8153,45.0404],[3.8133,45.0377],[3.815,45.0348],[3.8133,45.0316],[3.8154,45.0285],[3.8133,45.0275],[3.8095,45.0272],[3.8041,45.0276],[3.7987,45.0289],[3.7944,45.0269],[3.7931,45.0284],[3.7897,45.0286],[3.7892,45.0305]]]}},{"type":"Feature","properties":{"code":"43234","nom":"Saugues","pop":1652},"geometry":{"type":"Polygon","coordinates":[[[3.5292,44.9867],[3.5332,44.9842],[3.5396,44.9845],[3.5417,44.9838],[3.5427,44.9816],[3.5461,44.983],[3.5493,44.9823],[3.5553,44.9792],[3.5585,44.981],[3.5607,44.9836],[3.5703,44.9846],[3.5778,44.9834],[3.5834,44.9843],[3.5853,44.9863],[3.5866,44.9912],[3.5872,44.9964],[3.5907,44.9998],[3.5937,44.9997],[3.5944,44.9979],[3.593,44.995],[3.5964,44.9894],[3.5996,44.9889],[3.6018,44.9874],[3.6031,44.9843],[3.6024,44.9783],[3.6005,44.9777],[3.5996,44.9744],[3.6092,44.9753],[3.6116,44.9743],[3.6172,44.9695],[3.6196,44.9656],[3.6212,44.9659],[3.6233,44.9623],[3.6289,44.9599],[3.6299,44.9551],[3.6318,44.9511],[3.6318,44.9499],[3.6291,44.9454],[3.6301,44.941],[3.628,44.9377],[3.6279,44.9341],[3.6262,44.933],[3.6201,44.9332],[3.6124,44.9327],[3.6102,44.9301],[3.6047,44.9272],[3.598,44.9287],[3.5969,44.9309],[3.5915,44.9314],[3.5883,44.9329],[3.5819,44.9324],[3.5781,44.93],[3.582,44.9236],[3.5745,44.9184],[3.5689,44.9218],[3.5654,44.9195],[3.5622,44.9208],[3.5592,44.9234],[3.5575,44.9234],[3.555,44.9203],[3.5488,44.9178],[3.5442,44.9179],[3.5418,44.9125],[3.536,44.9133],[3.5334,44.9099],[3.5352,44.9075],[3.5334,44.9054],[3.5294,44.9043],[3.5293,44.9024],[3.5173,44.902],[3.5181,44.9042],[3.5153,44.9113],[3.5156,44.9165],[3.5184,44.9174],[3.5145,44.9204],[3.5114,44.9261],[3.5083,44.9256],[3.5064,44.9271],[3.502,44.9326],[3.5034,44.9342],[3.5004,44.9367],[3.4949,44.9373],[3.4946,44.9394],[3.4905,44.9393],[3.4911,44.9421],[3.4887,44.9452],[3.4806,44.9426],[3.4744,44.945],[3.4675,44.9437],[3.4662,44.942],[3.4623,44.9407],[3.4595,44.9373],[3.4644,44.9341],[3.4641,44.9297],[3.4654,44.9261],[3.4607,44.9263],[3.4592,44.9274],[3.4466,44.9268],[3.4389,44.9262],[3.4343,44.9227],[3.4333,44.9203],[3.429,44.9173],[3.4253,44.9156],[3.4231,44.9121],[3.4194,44.9084],[3.4141,44.9152],[3.4107,44.9177],[3.4139,44.9199],[3.4141,44.9252],[3.4161,44.9279],[3.4157,44.9306],[3.4139,44.9343],[3.4127,44.9388],[3.4153,44.9415],[3.4125,44.945],[3.4169,44.9428],[3.4201,44.9456],[3.4274,44.947],[3.4331,44.9488],[3.4361,44.9491],[3.4385,44.9511],[3.4431,44.9486],[3.45,44.9516],[3.4543,44.9524],[3.4543,44.9487],[3.4578,44.9477],[3.4641,44.9483],[3.4661,44.947],[3.469,44.9491],[3.4706,44.9481],[3.4738,44.9492],[3.4753,44.9483],[3.4792,44.9496],[3.4823,44.9485],[3.4882,44.9496],[3.4926,44.9529],[3.4897,44.9537],[3.4852,44.9564],[3.4859,44.9591],[3.4832,44.9622],[3.485,44.9633],[3.4847,44.9656],[3.4902,44.9675],[3.4968,44.9676],[3.4987,44.9694],[3.5029,44.9676],[3.5029,44.9662],[3.5096,44.9632],[3.5126,44.9582],[3.5179,44.9563],[3.522,44.9564],[3.5206,44.9588],[3.5237,44.9614],[3.5219,44.9629],[3.5233,44.9664],[3.5186,44.9679],[3.5148,44.9721],[3.5173,44.9745],[3.5242,44.9786],[3.5221,44.9794],[3.5232,44.9829],[3.5226,44.9854],[3.5292,44.9867]]]}},{"type":"Feature","properties":{"code":"43236","nom":"La Séauve-sur-Semène","pop":1456},"geometry":{"type":"Polygon","coordinates":[[[4.2468,45.3171],[4.2483,45.3163],[4.2488,45.3134],[4.2525,45.3097],[4.2567,45.31],[4.2569,45.3048],[4.2561,45.3021],[4.2589,45.3016],[4.2586,45.2973],[4.261,45.2937],[4.2639,45.2927],[4.2688,45.2854],[4.2687,45.2822],[4.2657,45.2821],[4.2661,45.2797],[4.2636,45.278],[4.2638,45.2761],[4.2596,45.2744],[4.2556,45.2761],[4.2521,45.2794],[4.2488,45.2792],[4.2392,45.2809],[4.2355,45.2806],[4.2341,45.2825],[4.2384,45.2902],[4.235,45.2983],[4.236,45.2999],[4.2359,45.3079],[4.2348,45.3113],[4.2314,45.3142],[4.2348,45.3166],[4.2431,45.3181],[4.2468,45.3171]]]}},{"type":"Feature","properties":{"code":"43237","nom":"Sembadel","pop":247},"geometry":{"type":"Polygon","coordinates":[[[3.7026,45.2961],[3.7042,45.2959],[3.7073,45.2913],[3.7142,45.286],[3.7225,45.2849],[3.7201,45.2793],[3.726,45.2766],[3.7229,45.2713],[3.7224,45.2659],[3.7202,45.2606],[3.7163,45.2604],[3.7136,45.2554],[3.7133,45.2534],[3.7066,45.252],[3.7013,45.2519],[3.6942,45.2474],[3.6906,45.2458],[3.679,45.25],[3.6775,45.2522],[3.6716,45.255],[3.6661,45.257],[3.662,45.2596],[3.6653,45.2632],[3.6661,45.2668],[3.6688,45.2686],[3.6644,45.2749],[3.672,45.2777],[3.6709,45.2787],[3.674,45.2791],[3.6756,45.2807],[3.6812,45.2832],[3.6845,45.284],[3.6816,45.2883],[3.6799,45.2875],[3.674,45.2893],[3.6709,45.2892],[3.6699,45.2915],[3.6708,45.2931],[3.6667,45.2996],[3.6713,45.2992],[3.6797,45.2972],[3.6831,45.2921],[3.6856,45.2898],[3.6895,45.2895],[3.6906,45.2934],[3.6888,45.2965],[3.692,45.298],[3.6997,45.2976],[3.7026,45.2961]]]}},{"type":"Feature","properties":{"code":"43238","nom":"Séneujols","pop":323},"geometry":{"type":"Polygon","coordinates":[[[3.7594,44.9523],[3.7671,44.9591],[3.7658,44.961],[3.7611,44.9617],[3.7585,44.9639],[3.7585,44.9663],[3.7569,44.9704],[3.7614,44.974],[3.7639,44.9749],[3.7663,44.9772],[3.7705,44.9776],[3.7779,44.9749],[3.7734,44.9714],[3.7739,44.9695],[3.771,44.9681],[3.7661,44.964],[3.7679,44.963],[3.7751,44.9684],[3.7777,44.9691],[3.7804,44.9674],[3.7815,44.965],[3.7865,44.966],[3.7904,44.9685],[3.795,44.9702],[3.8025,44.9657],[3.802,44.9616],[3.8052,44.961],[3.8035,44.9573],[3.8105,44.9549],[3.8108,44.9522],[3.81,44.9468],[3.8113,44.9448],[3.8147,44.9438],[3.8139,44.9397],[3.8028,44.9417],[3.7968,44.9412],[3.7934,44.9388],[3.7915,44.9423],[3.7879,44.9409],[3.7803,44.9427],[3.7795,44.9404],[3.7831,44.9388],[3.7807,44.9371],[3.7771,44.937],[3.773,44.9382],[3.7705,44.9361],[3.7648,44.9364],[3.7654,44.9415],[3.7639,44.9463],[3.7594,44.9523]]]}},{"type":"Feature","properties":{"code":"43239","nom":"Siaugues-Sainte-Marie","pop":839},"geometry":{"type":"Polygon","coordinates":[[[3.6732,45.1043],[3.6767,45.1023],[3.6764,45.101],[3.6724,45.099],[3.6698,45.0922],[3.67,45.0893],[3.6659,45.0867],[3.6658,45.083],[3.6709,45.0764],[3.6669,45.0735],[3.6663,45.071],[3.6634,45.0685],[3.6565,45.0638],[3.6507,45.0509],[3.6493,45.0491],[3.6441,45.0465],[3.6336,45.0487],[3.6291,45.0492],[3.6222,45.0486],[3.6197,45.045],[3.6159,45.0447],[3.611,45.0415],[3.6054,45.0406],[3.6015,45.0428],[3.599,45.0423],[3.5966,45.0397],[3.5936,45.039],[3.5924,45.042],[3.5932,45.0446],[3.5963,45.0473],[3.5928,45.0494],[3.5886,45.0497],[3.5855,45.0525],[3.5866,45.055],[3.591,45.0568],[3.589,45.0599],[3.5847,45.0604],[3.5826,45.0623],[3.5846,45.0644],[3.5861,45.0662],[3.5894,45.067],[3.593,45.0701],[3.5937,45.0745],[3.5892,45.0769],[3.589,45.0807],[3.5858,45.0798],[3.5836,45.0811],[3.5866,45.0843],[3.5878,45.0872],[3.5898,45.0884],[3.5945,45.0894],[3.5956,45.0911],[3.5948,45.0942],[3.5958,45.098],[3.5997,45.0984],[3.6037,45.1037],[3.606,45.1086],[3.6062,45.1103],[3.6086,45.1132],[3.6116,45.1147],[3.6159,45.1144],[3.6187,45.115],[3.6217,45.1138],[3.6248,45.1173],[3.6264,45.1176],[3.629,45.1145],[3.6372,45.1107],[3.6381,45.1094],[3.6429,45.1094],[3.6465,45.1082],[3.6498,45.1083],[3.6541,45.1065],[3.6619,45.1061],[3.6695,45.1039],[3.6732,45.1043]]]}},{"type":"Feature","properties":{"code":"43240","nom":"Solignac-sous-Roche","pop":270},"geometry":{"type":"Polygon","coordinates":[[[3.9841,45.2388],[3.985,45.2417],[3.983,45.2454],[3.9736,45.2512],[3.9746,45.2545],[3.9726,45.2562],[3.9736,45.2588],[3.9729,45.2619],[3.9755,45.2659],[3.9781,45.2674],[3.9822,45.2671],[3.9838,45.264],[3.9893,45.264],[3.9929,45.2633],[3.9955,45.2643],[3.9973,45.2677],[4.0004,45.2657],[4.0008,45.2637],[4.0041,45.2624],[4.0059,45.2584],[4.0082,45.2584],[4.0132,45.2602],[4.0202,45.2578],[4.0176,45.2555],[4.0203,45.2524],[4.019,45.25],[4.021,45.2462],[4.0238,45.2436],[4.0099,45.2407],[4.0061,45.2411],[4.0039,45.2393],[3.9984,45.2369],[3.9963,45.2368],[3.9884,45.2387],[3.9841,45.2388]]]}},{"type":"Feature","properties":{"code":"43241","nom":"Solignac-sur-Loire","pop":1289},"geometry":{"type":"Polygon","coordinates":[[[3.9105,44.9748],[3.9145,44.9696],[3.9172,44.9678],[3.9191,44.9687],[3.9218,44.9672],[3.9206,44.9633],[3.926,44.9596],[3.9266,44.9568],[3.9236,44.9558],[3.9198,44.9559],[3.9215,44.9535],[3.9185,44.9507],[3.9186,44.9453],[3.9214,44.9419],[3.9212,44.9395],[3.9177,44.9397],[3.9168,44.9425],[3.915,44.9436],[3.912,44.943],[3.9097,44.9396],[3.9038,44.9421],[3.9009,44.9415],[3.8979,44.9451],[3.8909,44.9423],[3.8814,44.9424],[3.8749,44.9377],[3.8732,44.9333],[3.8705,44.9318],[3.8703,44.9294],[3.8606,44.9302],[3.8578,44.9314],[3.8571,44.9336],[3.8583,44.9361],[3.8558,44.9363],[3.8556,44.941],[3.8575,44.9437],[3.8575,44.9491],[3.8606,44.9511],[3.8581,44.9539],[3.8529,44.9518],[3.8516,44.9504],[3.8475,44.9495],[3.8454,44.9511],[3.8397,44.9523],[3.8412,44.9544],[3.84,44.9557],[3.8351,44.9552],[3.831,44.9563],[3.8296,44.9587],[3.8308,44.9626],[3.8362,44.9634],[3.8388,44.9658],[3.8401,44.9688],[3.8423,44.969],[3.8438,44.9714],[3.8457,44.9716],[3.851,44.9703],[3.8529,44.9716],[3.857,44.9712],[3.8599,44.9735],[3.8627,44.9739],[3.8658,44.9728],[3.8747,44.9741],[3.8771,44.9767],[3.8777,44.98],[3.8794,44.9812],[3.8833,44.9818],[3.8874,44.9834],[3.8922,44.9844],[3.8935,44.9818],[3.8927,44.978],[3.9007,44.9722],[3.9045,44.9717],[3.9082,44.973],[3.9105,44.9748]]]}},{"type":"Feature","properties":{"code":"43242","nom":"Tailhac","pop":59},"geometry":{"type":"Polygon","coordinates":[[[3.441,45.0403],[3.4402,45.0425],[3.4361,45.044],[3.4344,45.046],[3.4373,45.0478],[3.4387,45.0522],[3.4346,45.0566],[3.4379,45.0577],[3.4376,45.061],[3.4345,45.0631],[3.4337,45.0679],[3.4348,45.0739],[3.4366,45.0751],[3.4358,45.0776],[3.438,45.076],[3.443,45.0751],[3.4454,45.0722],[3.4493,45.0738],[3.4504,45.0688],[3.459,45.0651],[3.4594,45.0594],[3.457,45.058],[3.4608,45.0557],[3.465,45.0567],[3.4687,45.0586],[3.4719,45.0587],[3.4754,45.061],[3.4855,45.062],[3.4857,45.0579],[3.4828,45.0556],[3.4827,45.0535],[3.4774,45.0492],[3.4822,45.0459],[3.4826,45.0385],[3.485,45.0349],[3.4818,45.0349],[3.4791,45.0335],[3.4756,45.0331],[3.4689,45.0305],[3.4622,45.0326],[3.4606,45.0316],[3.4524,45.0342],[3.4508,45.033],[3.446,45.034],[3.4406,45.037],[3.441,45.0403]]]}},{"type":"Feature","properties":{"code":"43244","nom":"Tence","pop":3111},"geometry":{"type":"Polygon","coordinates":[[[4.3594,45.0998],[4.3602,45.0974],[4.3638,45.0955],[4.3629,45.091],[4.367,45.089],[4.3614,45.0867],[4.3571,45.0871],[4.3553,45.0855],[4.3572,45.0822],[4.36,45.0804],[4.3543,45.0764],[4.3512,45.0755],[4.3471,45.0768],[4.3464,45.075],[4.3385,45.0759],[4.3349,45.0794],[4.3297,45.0821],[4.3286,45.0844],[4.3292,45.087],[4.3267,45.0902],[4.3203,45.0905],[4.317,45.0894],[4.3139,45.0903],[4.3107,45.0894],[4.3071,45.0867],[4.3039,45.0879],[4.3003,45.0902],[4.2969,45.0907],[4.2939,45.0897],[4.29,45.0859],[4.2883,45.0833],[4.2798,45.0842],[4.2764,45.086],[4.2714,45.0852],[4.2664,45.0827],[4.2605,45.0809],[4.2576,45.0842],[4.2516,45.0875],[4.2533,45.0902],[4.2537,45.0939],[4.2527,45.0963],[4.253,45.099],[4.2479,45.1038],[4.2437,45.1069],[4.2433,45.1138],[4.241,45.121],[4.2451,45.1191],[4.2496,45.1211],[4.2521,45.1212],[4.2534,45.1231],[4.2574,45.1242],[4.257,45.1259],[4.2644,45.1255],[4.2666,45.1282],[4.2656,45.1296],[4.2656,45.1335],[4.2668,45.1374],[4.2664,45.1404],[4.2709,45.1423],[4.2719,45.1442],[4.2654,45.1456],[4.264,45.1438],[4.2604,45.1443],[4.2625,45.1469],[4.2592,45.1489],[4.2579,45.151],[4.2634,45.1534],[4.2629,45.1551],[4.2656,45.1589],[4.276,45.1574],[4.2772,45.1549],[4.2794,45.1533],[4.2822,45.1548],[4.2865,45.1553],[4.2898,45.1585],[4.3053,45.1493],[4.3097,45.1427],[4.3133,45.14],[4.3201,45.14],[4.3264,45.1358],[4.3315,45.1317],[4.3386,45.1291],[4.3444,45.1298],[4.3414,45.1251],[4.3446,45.1223],[4.3452,45.1204],[4.3496,45.1181],[4.3529,45.117],[4.3539,45.1146],[4.3475,45.1074],[4.3474,45.1046],[4.3544,45.1031],[4.3594,45.0998]]]}},{"type":"Feature","properties":{"code":"43245","nom":"Thoras","pop":243},"geometry":{"type":"Polygon","coordinates":[[[3.6541,44.8798],[3.649,44.878],[3.644,44.8771],[3.6396,44.8785],[3.6364,44.8776],[3.6311,44.8784],[3.6302,44.8809],[3.6263,44.88],[3.6229,44.8782],[3.6226,44.8759],[3.6182,44.8758],[3.6146,44.8743],[3.6119,44.8752],[3.6082,44.8791],[3.6034,44.8793],[3.5985,44.8775],[3.5935,44.8766],[3.5953,44.8743],[3.5944,44.8676],[3.5984,44.8626],[3.5992,44.8598],[3.5967,44.859],[3.5979,44.8568],[3.5948,44.8547],[3.5958,44.8528],[3.5917,44.8471],[3.5926,44.8432],[3.5946,44.8412],[3.5909,44.8386],[3.5884,44.8386],[3.5869,44.8367],[3.5892,44.8332],[3.5902,44.8274],[3.5881,44.8262],[3.5826,44.8262],[3.5789,44.8256],[3.5773,44.8299],[3.5747,44.8348],[3.5722,44.835],[3.5643,44.8328],[3.5603,44.8328],[3.5625,44.828],[3.5617,44.8249],[3.5527,44.8257],[3.546,44.8278],[3.5371,44.8283],[3.5314,44.8276],[3.5194,44.8252],[3.512,44.8249],[3.5073,44.8242],[3.5085,44.8265],[3.5181,44.8313],[3.5215,44.8351],[3.5234,44.8386],[3.5226,44.8419],[3.5238,44.8443],[3.5272,44.8477],[3.5287,44.8518],[3.5346,44.8533],[3.5366,44.8551],[3.5362,44.8588],[3.5347,44.8599],[3.5296,44.8614],[3.5196,44.861],[3.5127,44.8647],[3.5165,44.8667],[3.5249,44.872],[3.5273,44.8725],[3.5289,44.875],[3.5316,44.8732],[3.5343,44.8739],[3.5385,44.8732],[3.5391,44.8777],[3.5328,44.8849],[3.5285,44.8887],[3.526,44.8941],[3.5277,44.8954],[3.5324,44.8956],[3.5356,44.8934],[3.5381,44.8943],[3.5394,44.8924],[3.5386,44.8888],[3.5417,44.8859],[3.5492,44.8874],[3.5524,44.8873],[3.5629,44.8897],[3.5664,44.8871],[3.5735,44.8855],[3.5801,44.8852],[3.5839,44.8844],[3.5839,44.8891],[3.5857,44.889],[3.587,44.8916],[3.5911,44.8947],[3.5987,44.8956],[3.5986,44.898],[3.6067,44.9003],[3.6079,44.903],[3.6054,44.9055],[3.6056,44.9067],[3.6105,44.9074],[3.6165,44.9039],[3.6225,44.9026],[3.6268,44.9002],[3.6308,44.8923],[3.6304,44.8902],[3.6354,44.8879],[3.6452,44.885],[3.6516,44.8801],[3.6541,44.8798]]]}},{"type":"Feature","properties":{"code":"43246","nom":"Tiranges","pop":453},"geometry":{"type":"Polygon","coordinates":[[[4.0582,45.287],[4.0574,45.2835],[4.0593,45.2801],[4.0545,45.2791],[4.0527,45.2801],[4.0505,45.2779],[4.0444,45.2771],[4.0445,45.2757],[4.0478,45.2714],[4.047,45.2695],[4.0415,45.2656],[4.0413,45.2626],[4.0345,45.2648],[4.031,45.2622],[4.0287,45.2635],[4.0226,45.2625],[4.0232,45.2575],[4.0202,45.2578],[4.0132,45.2602],[4.0082,45.2584],[4.0059,45.2584],[4.0041,45.2624],[4.0008,45.2637],[4.0004,45.2657],[3.9973,45.2677],[3.9939,45.2692],[3.9905,45.2735],[3.9874,45.2758],[3.9848,45.2753],[3.9843,45.278],[3.9822,45.2786],[3.9841,45.2813],[3.985,45.2842],[3.9792,45.2851],[3.977,45.2864],[3.9761,45.2908],[3.9742,45.292],[3.9761,45.2947],[3.9739,45.299],[3.9746,45.3008],[3.9732,45.3054],[3.9714,45.3063],[3.9733,45.3089],[3.9761,45.3084],[3.9826,45.3126],[3.9844,45.3148],[3.9904,45.3164],[3.996,45.3155],[4.0029,45.3134],[4.0063,45.3128],[4.0113,45.3159],[4.0144,45.3165],[4.0222,45.3132],[4.0237,45.3116],[4.0246,45.3076],[4.022,45.3071],[4.0232,45.3047],[4.0262,45.3041],[4.0279,45.2998],[4.0386,45.2965],[4.0412,45.294],[4.0442,45.2944],[4.0461,45.291],[4.0544,45.286],[4.0582,45.287]]]}},{"type":"Feature","properties":{"code":"43247","nom":"Torsiac","pop":62},"geometry":{"type":"Polygon","coordinates":[[[3.1811,45.3522],[3.1744,45.3551],[3.178,45.359],[3.1816,45.3649],[3.1891,45.3629],[3.1947,45.3628],[3.1956,45.365],[3.1921,45.367],[3.1972,45.3687],[3.2018,45.3711],[3.2092,45.3715],[3.2118,45.3673],[3.2128,45.3642],[3.2143,45.3632],[3.2138,45.3608],[3.2175,45.3601],[3.2192,45.3566],[3.2192,45.3532],[3.222,45.3506],[3.218,45.3483],[3.2151,45.3478],[3.2111,45.3519],[3.2097,45.3516],[3.2096,45.3474],[3.2059,45.3467],[3.2053,45.3427],[3.2071,45.3424],[3.2076,45.3344],[3.1998,45.3317],[3.1984,45.332],[3.1931,45.3303],[3.1911,45.3321],[3.1879,45.3322],[3.1901,45.3355],[3.1877,45.3365],[3.1856,45.3411],[3.1828,45.3423],[3.1838,45.3449],[3.1809,45.349],[3.183,45.3511],[3.1811,45.3522]]]}},{"type":"Feature","properties":{"code":"43249","nom":"Valprivas","pop":553},"geometry":{"type":"Polygon","coordinates":[[[4.0708,45.3361],[4.0731,45.3333],[4.0753,45.3323],[4.0696,45.3297],[4.0672,45.3263],[4.0646,45.3248],[4.0658,45.3202],[4.0688,45.3171],[4.0668,45.3152],[4.0706,45.3102],[4.0779,45.3059],[4.081,45.301],[4.0781,45.2999],[4.073,45.3021],[4.0677,45.3006],[4.0675,45.2995],[4.0611,45.2929],[4.0608,45.2908],[4.0582,45.2889],[4.0582,45.287],[4.0544,45.286],[4.0461,45.291],[4.0442,45.2944],[4.0412,45.294],[4.0386,45.2965],[4.0279,45.2998],[4.0262,45.3041],[4.0232,45.3047],[4.022,45.3071],[4.0246,45.3076],[4.0237,45.3116],[4.0267,45.314],[4.0265,45.3167],[4.024,45.3204],[4.0211,45.323],[4.0207,45.3282],[4.0202,45.3331],[4.0235,45.3367],[4.0217,45.3394],[4.026,45.3405],[4.0237,45.3447],[4.0206,45.3479],[4.021,45.3502],[4.0258,45.3488],[4.0261,45.3479],[4.0316,45.3481],[4.0335,45.3501],[4.036,45.3506],[4.0359,45.3538],[4.0378,45.3527],[4.0433,45.3559],[4.0459,45.3557],[4.0536,45.3529],[4.0573,45.3502],[4.0607,45.3452],[4.0619,45.3399],[4.0638,45.3371],[4.0708,45.3361]]]}},{"type":"Feature","properties":{"code":"43250","nom":"Vals-le-Chastel","pop":39},"geometry":{"type":"Polygon","coordinates":[[[3.5431,45.2701],[3.5393,45.269],[3.5351,45.2659],[3.5322,45.2626],[3.5315,45.2606],[3.5279,45.2573],[3.5234,45.2571],[3.5234,45.2592],[3.5212,45.261],[3.5187,45.2668],[3.5163,45.2703],[3.5144,45.2714],[3.5167,45.2758],[3.5188,45.2827],[3.5218,45.2829],[3.5252,45.2847],[3.5248,45.2816],[3.5281,45.2794],[3.5306,45.2809],[3.5374,45.2814],[3.5414,45.2781],[3.5408,45.2752],[3.5422,45.2742],[3.5431,45.2701]]]}},{"type":"Feature","properties":{"code":"43251","nom":"Vals-près-le-Puy","pop":3395},"geometry":{"type":"Polygon","coordinates":[[[3.8616,45.0071],[3.8573,45.0082],[3.8552,45.0119],[3.8542,45.0167],[3.8526,45.0182],[3.849,45.0169],[3.8457,45.0172],[3.8425,45.0203],[3.8458,45.0226],[3.8506,45.0238],[3.8528,45.0263],[3.8586,45.0287],[3.8627,45.03],[3.8666,45.0326],[3.8695,45.0368],[3.8726,45.0389],[3.8736,45.0374],[3.8817,45.0369],[3.8849,45.0358],[3.8811,45.0323],[3.8811,45.0278],[3.8818,45.0248],[3.8787,45.0208],[3.8783,45.0189],[3.8726,45.0185],[3.8713,45.0166],[3.867,45.0171],[3.8671,45.0109],[3.8616,45.0071]]]}},{"type":"Feature","properties":{"code":"43252","nom":"Varennes-Saint-Honorat","pop":26},"geometry":{"type":"Polygon","coordinates":[[[3.6532,45.1513],[3.6479,45.1499],[3.6481,45.1525],[3.6488,45.1575],[3.6499,45.1607],[3.6411,45.1612],[3.6375,45.1606],[3.6349,45.1623],[3.6335,45.1675],[3.6306,45.1722],[3.6307,45.1758],[3.6276,45.1771],[3.6254,45.18],[3.6224,45.1816],[3.6206,45.1871],[3.6171,45.1921],[3.6214,45.1926],[3.6297,45.1917],[3.6303,45.1952],[3.6278,45.1956],[3.6273,45.1979],[3.624,45.2002],[3.6294,45.2014],[3.6308,45.2025],[3.6362,45.2036],[3.6389,45.203],[3.6395,45.2012],[3.6421,45.1984],[3.6422,45.1944],[3.6438,45.191],[3.6467,45.1915],[3.65,45.1905],[3.6524,45.1881],[3.6575,45.1885],[3.6603,45.1874],[3.6628,45.1846],[3.6608,45.1838],[3.6614,45.1793],[3.6638,45.1761],[3.6737,45.1718],[3.6748,45.1685],[3.6697,45.1696],[3.6671,45.1671],[3.6672,45.1652],[3.6616,45.1601],[3.6604,45.1569],[3.658,45.155],[3.6548,45.1539],[3.6532,45.1513]]]}},{"type":"Feature","properties":{"code":"43253","nom":"Les Vastres","pop":192},"geometry":{"type":"Polygon","coordinates":[[[4.3,45.0199],[4.297,45.0179],[4.2974,45.0111],[4.2967,45.0097],[4.2935,45.0091],[4.292,45.0071],[4.2924,45.001],[4.2904,44.9979],[4.2905,44.9963],[4.2928,44.9943],[4.294,44.9914],[4.2981,44.9907],[4.2985,44.9889],[4.3041,44.9884],[4.3075,44.986],[4.3089,44.9837],[4.3082,44.9819],[4.3132,44.9796],[4.3133,44.9746],[4.3143,44.9728],[4.31,44.972],[4.3031,44.9717],[4.3025,44.9703],[4.2969,44.9676],[4.2936,44.9668],[4.2892,44.9662],[4.2842,44.9677],[4.2775,44.967],[4.2739,44.9658],[4.2715,44.9634],[4.2686,44.9622],[4.2641,44.9618],[4.2613,44.9604],[4.2512,44.9588],[4.2474,44.9642],[4.2446,44.9655],[4.238,44.9667],[4.2345,44.9684],[4.2321,44.9703],[4.2345,44.9731],[4.2342,44.9755],[4.2371,44.9798],[4.2364,44.985],[4.238,44.9875],[4.2363,44.9906],[4.2332,44.9918],[4.2338,44.9938],[4.2327,45.0009],[4.2351,45.0015],[4.2384,44.9986],[4.2413,44.9992],[4.2408,45.0026],[4.2436,45.0035],[4.2472,45.0064],[4.2458,45.0096],[4.244,45.0111],[4.2449,45.013],[4.2483,45.0136],[4.2481,45.0155],[4.2533,45.0164],[4.2547,45.0191],[4.2602,45.0203],[4.2615,45.0225],[4.2686,45.0228],[4.2741,45.0235],[4.2803,45.022],[4.2834,45.0254],[4.285,45.0259],[4.2873,45.0212],[4.289,45.0194],[4.2924,45.0179],[4.2969,45.0203],[4.3,45.0199]]]}},{"type":"Feature","properties":{"code":"43254","nom":"Vazeilles-Limandre","pop":268},"geometry":{"type":"Polygon","coordinates":[[[3.7034,45.0952],[3.7018,45.095],[3.6959,45.0916],[3.6909,45.0929],[3.6886,45.0954],[3.6881,45.0976],[3.6834,45.1001],[3.6799,45.105],[3.6789,45.1094],[3.678,45.1115],[3.6723,45.1193],[3.6723,45.1222],[3.6701,45.1311],[3.6706,45.1353],[3.6692,45.139],[3.6717,45.1405],[3.6798,45.1386],[3.6829,45.1377],[3.6926,45.1333],[3.6915,45.1323],[3.6938,45.1277],[3.6933,45.1264],[3.7001,45.1235],[3.7043,45.1258],[3.7129,45.124],[3.7235,45.1244],[3.7275,45.1223],[3.7302,45.122],[3.7315,45.1196],[3.7285,45.1144],[3.718,45.1126],[3.7126,45.1145],[3.7081,45.114],[3.7084,45.1121],[3.704,45.1113],[3.7023,45.1093],[3.7073,45.107],[3.7057,45.1047],[3.7081,45.1014],[3.7048,45.0999],[3.7034,45.0952]]]}},{"type":"Feature","properties":{"code":"43256","nom":"Venteuges","pop":341},"geometry":{"type":"Polygon","coordinates":[[[3.4972,45.0077],[3.4973,45.0047],[3.5,45.0025],[3.5022,45.005],[3.5105,45.008],[3.5125,45.0081],[3.5171,45.0048],[3.5254,45.0085],[3.5313,45.0095],[3.5376,45.0077],[3.5416,45.0087],[3.5408,45.002],[3.5431,45.0008],[3.5413,44.9942],[3.5366,44.9909],[3.527,44.9893],[3.5292,44.9867],[3.5226,44.9854],[3.5232,44.9829],[3.5221,44.9794],[3.5242,44.9786],[3.5173,44.9745],[3.5148,44.9721],[3.5186,44.9679],[3.5233,44.9664],[3.5219,44.9629],[3.5237,44.9614],[3.5206,44.9588],[3.522,44.9564],[3.5179,44.9563],[3.5126,44.9582],[3.5096,44.9632],[3.5029,44.9662],[3.5029,44.9676],[3.4987,44.9694],[3.4968,44.9676],[3.4902,44.9675],[3.4847,44.9656],[3.485,44.9633],[3.4832,44.9622],[3.4859,44.9591],[3.4852,44.9564],[3.4897,44.9537],[3.4926,44.9529],[3.4882,44.9496],[3.4823,44.9485],[3.4792,44.9496],[3.4753,44.9483],[3.4738,44.9492],[3.4706,44.9481],[3.469,44.9491],[3.4661,44.947],[3.4641,44.9483],[3.4578,44.9477],[3.4543,44.9487],[3.4543,44.9524],[3.45,44.9516],[3.4431,44.9486],[3.4385,44.9511],[3.4425,44.9559],[3.4426,44.9604],[3.4384,44.9648],[3.4377,44.9685],[3.434,44.9702],[3.432,44.9695],[3.4312,44.9747],[3.4363,44.9752],[3.435,44.9778],[3.4397,44.98],[3.4426,44.9825],[3.441,44.9867],[3.4454,44.9883],[3.4471,44.991],[3.4453,44.996],[3.4485,44.9985],[3.4478,45.0005],[3.4501,45.0035],[3.4552,45.006],[3.463,45.0055],[3.4688,45.0089],[3.4726,45.0105],[3.4783,45.0114],[3.4782,45.0139],[3.4802,45.0135],[3.4822,45.01],[3.4877,45.0096],[3.4911,45.0075],[3.492,45.0091],[3.4972,45.0077]]]}},{"type":"Feature","properties":{"code":"43257","nom":"Vergezac","pop":470},"geometry":{"type":"Polygon","coordinates":[[[3.7592,45.0547],[3.7599,45.0523],[3.7522,45.0497],[3.7506,45.0473],[3.7556,45.0483],[3.7585,45.0464],[3.7651,45.0458],[3.7674,45.0432],[3.7635,45.0426],[3.7595,45.0383],[3.7604,45.0355],[3.757,45.0345],[3.7581,45.0325],[3.7642,45.0325],[3.7637,45.0306],[3.7687,45.0303],[3.7774,45.0311],[3.7786,45.0326],[3.7901,45.0332],[3.7892,45.0305],[3.7861,45.0305],[3.78,45.0284],[3.7783,45.0265],[3.7754,45.0275],[3.772,45.022],[3.7681,45.0235],[3.7587,45.0211],[3.7549,45.0263],[3.7526,45.0262],[3.7473,45.0214],[3.7453,45.019],[3.746,45.0173],[3.742,45.0156],[3.7433,45.0134],[3.7405,45.0103],[3.7382,45.0113],[3.7342,45.0105],[3.7314,45.0082],[3.7238,45.0068],[3.7222,45.0059],[3.7159,45.0058],[3.7131,45.0118],[3.7099,45.0136],[3.7037,45.0203],[3.6996,45.0231],[3.7044,45.026],[3.7066,45.0278],[3.7034,45.029],[3.7039,45.0318],[3.7019,45.0365],[3.7073,45.0404],[3.7043,45.0457],[3.7067,45.0475],[3.7098,45.0477],[3.7106,45.052],[3.7144,45.0516],[3.7177,45.0555],[3.7204,45.0546],[3.7194,45.0526],[3.7274,45.0493],[3.7279,45.0515],[3.7378,45.0557],[3.7407,45.0545],[3.7436,45.0551],[3.7466,45.0569],[3.7494,45.0575],[3.7528,45.0549],[3.7592,45.0547]]]}},{"type":"Feature","properties":{"code":"43258","nom":"Vergongheon","pop":1797},"geometry":{"type":"Polygon","coordinates":[[[3.3481,45.3521],[3.3433,45.3564],[3.3268,45.3666],[3.326,45.3652],[3.3187,45.3606],[3.3122,45.3641],[3.3135,45.3652],[3.3145,45.3688],[3.3141,45.3713],[3.3014,45.3683],[3.2998,45.3691],[3.2977,45.3744],[3.2945,45.3751],[3.2916,45.3774],[3.2933,45.3802],[3.297,45.3814],[3.2998,45.39],[3.3003,45.3892],[3.3011,45.3869],[3.3067,45.3802],[3.3121,45.3837],[3.3158,45.384],[3.3188,45.3837],[3.3245,45.3889],[3.3282,45.3909],[3.3306,45.3892],[3.3324,45.3903],[3.3362,45.3887],[3.3386,45.3889],[3.3424,45.3871],[3.3421,45.3833],[3.3445,45.3807],[3.3439,45.3787],[3.3474,45.3775],[3.3554,45.3737],[3.3617,45.3682],[3.3614,45.3664],[3.3635,45.3646],[3.3686,45.3643],[3.3635,45.3614],[3.3639,45.3598],[3.3614,45.3583],[3.3552,45.357],[3.3564,45.3546],[3.3527,45.3528],[3.3481,45.3521]]]}},{"type":"Feature","properties":{"code":"43259","nom":"Vernassal","pop":373},"geometry":{"type":"Polygon","coordinates":[[[3.714,45.1748],[3.7205,45.1752],[3.7237,45.171],[3.7217,45.1675],[3.7226,45.1651],[3.7221,45.1627],[3.7233,45.1611],[3.7278,45.1593],[3.7298,45.1574],[3.7377,45.1545],[3.7381,45.152],[3.7417,45.1502],[3.7417,45.1474],[3.7434,45.1452],[3.7472,45.143],[3.7434,45.1408],[3.7466,45.1374],[3.7438,45.135],[3.74,45.1351],[3.7392,45.1338],[3.7326,45.1351],[3.7327,45.1329],[3.7305,45.1311],[3.7296,45.1288],[3.7256,45.1281],[3.7241,45.126],[3.7281,45.1239],[3.7275,45.1223],[3.7235,45.1244],[3.7129,45.124],[3.7043,45.1258],[3.7001,45.1235],[3.6933,45.1264],[3.6938,45.1277],[3.6915,45.1323],[3.6926,45.1333],[3.6829,45.1377],[3.6798,45.1386],[3.6818,45.1407],[3.6801,45.1421],[3.68,45.1461],[3.6769,45.1517],[3.6825,45.155],[3.6814,45.1586],[3.6794,45.1614],[3.68,45.1637],[3.6848,45.1637],[3.6854,45.1622],[3.6905,45.1611],[3.6974,45.1613],[3.6991,45.162],[3.7055,45.17],[3.7061,45.172],[3.7095,45.1758],[3.714,45.1748]]]}},{"type":"Feature","properties":{"code":"43260","nom":"Le Vernet","pop":22},"geometry":{"type":"Polygon","coordinates":[[[3.6581,45.0289],[3.6525,45.0297],[3.6496,45.0317],[3.6497,45.0348],[3.6519,45.0361],[3.6493,45.0379],[3.65,45.0396],[3.6487,45.0437],[3.6498,45.0489],[3.6563,45.046],[3.6647,45.0467],[3.6669,45.0452],[3.6722,45.0477],[3.6762,45.0469],[3.6763,45.0412],[3.6809,45.0413],[3.682,45.038],[3.6782,45.0363],[3.6784,45.0334],[3.6756,45.0334],[3.672,45.0318],[3.6672,45.0307],[3.6612,45.0326],[3.6609,45.0299],[3.6581,45.0289]]]}},{"type":"Feature","properties":{"code":"43261","nom":"Vézézoux","pop":635},"geometry":{"type":"Polygon","coordinates":[[[3.3407,45.4215],[3.3421,45.4218],[3.3491,45.4199],[3.3515,45.4202],[3.3534,45.4221],[3.356,45.4226],[3.3589,45.421],[3.3606,45.4162],[3.3619,45.4145],[3.3673,45.4111],[3.3638,45.4016],[3.3578,45.3951],[3.3523,45.3922],[3.3506,45.3899],[3.3471,45.3916],[3.3419,45.3921],[3.3423,45.3906],[3.3386,45.3889],[3.3362,45.3887],[3.3324,45.3903],[3.33,45.391],[3.3281,45.3943],[3.3303,45.3972],[3.3341,45.3984],[3.3332,45.4003],[3.3335,45.4071],[3.3377,45.411],[3.3386,45.4131],[3.3428,45.4162],[3.3407,45.4215]]]}},{"type":"Feature","properties":{"code":"43262","nom":"Vieille-Brioude","pop":1236},"geometry":{"type":"Polygon","coordinates":[[[3.4535,45.2327],[3.4513,45.2312],[3.445,45.2305],[3.4464,45.2291],[3.446,45.2266],[3.441,45.2251],[3.4323,45.2237],[3.4223,45.2206],[3.4245,45.2267],[3.4225,45.2279],[3.417,45.2272],[3.4119,45.2279],[3.4091,45.227],[3.4043,45.2274],[3.4015,45.2293],[3.3985,45.2301],[3.3993,45.2319],[3.3956,45.2343],[3.393,45.2321],[3.3878,45.2304],[3.3849,45.2262],[3.3817,45.2292],[3.3845,45.2314],[3.3865,45.2354],[3.3865,45.239],[3.3828,45.2389],[3.3756,45.243],[3.3685,45.2432],[3.3691,45.2446],[3.3621,45.2466],[3.3536,45.2531],[3.35,45.2529],[3.3502,45.2571],[3.3543,45.26],[3.3578,45.2593],[3.3609,45.2623],[3.3638,45.2628],[3.3688,45.2647],[3.3733,45.2676],[3.3755,45.2718],[3.3787,45.2746],[3.384,45.2745],[3.3908,45.2781],[3.3905,45.2801],[3.394,45.2801],[3.3965,45.2779],[3.406,45.2811],[3.4076,45.2795],[3.4082,45.2772],[3.411,45.2769],[3.4165,45.2711],[3.422,45.2676],[3.4242,45.2687],[3.427,45.2684],[3.4292,45.27],[3.4287,45.2667],[3.4267,45.2627],[3.4277,45.2605],[3.4272,45.257],[3.428,45.2548],[3.4312,45.2515],[3.4429,45.2462],[3.4406,45.2441],[3.4464,45.2415],[3.4494,45.2386],[3.4535,45.2327]]]}},{"type":"Feature","properties":{"code":"43263","nom":"Vielprat","pop":70},"geometry":{"type":"Polygon","coordinates":[[[3.9339,44.8622],[3.9358,44.8619],[3.939,44.8642],[3.9421,44.8645],[3.9453,44.8631],[3.9508,44.8648],[3.9577,44.8632],[3.9592,44.8602],[3.962,44.8591],[3.9615,44.8568],[3.9631,44.8557],[3.965,44.8513],[3.9673,44.8503],[3.9684,44.8481],[3.9735,44.8423],[3.973,44.8392],[3.9709,44.8371],[3.9635,44.8334],[3.9616,44.8312],[3.9598,44.8346],[3.9558,44.8376],[3.956,44.839],[3.9482,44.8433],[3.9442,44.8432],[3.9412,44.8456],[3.9297,44.8491],[3.9252,44.8539],[3.9265,44.8556],[3.9339,44.8622]]]}},{"type":"Feature","properties":{"code":"43264","nom":"Villeneuve-d'Allier","pop":280},"geometry":{"type":"Polygon","coordinates":[[[3.3849,45.2262],[3.3878,45.2304],[3.393,45.2321],[3.3956,45.2343],[3.3993,45.2319],[3.3985,45.2301],[3.3983,45.2276],[3.3954,45.2276],[3.3925,45.2244],[3.3926,45.2196],[3.3962,45.2174],[3.399,45.2104],[3.3996,45.2058],[3.3963,45.2018],[3.3867,45.1985],[3.3855,45.1945],[3.3854,45.1909],[3.3866,45.1882],[3.3906,45.1857],[3.3885,45.1807],[3.3915,45.1784],[3.392,45.1722],[3.3868,45.1677],[3.385,45.1648],[3.3794,45.1654],[3.3769,45.1626],[3.3743,45.1643],[3.371,45.168],[3.3652,45.1671],[3.3631,45.1693],[3.3623,45.172],[3.361,45.1771],[3.3632,45.179],[3.3575,45.1804],[3.356,45.1792],[3.3531,45.1807],[3.3547,45.1836],[3.3593,45.1847],[3.3606,45.1884],[3.3575,45.1896],[3.3572,45.1944],[3.3547,45.1974],[3.3507,45.1997],[3.356,45.2035],[3.3597,45.2027],[3.3656,45.2045],[3.3693,45.2041],[3.3732,45.2063],[3.3721,45.2127],[3.3744,45.2152],[3.378,45.2159],[3.3856,45.216],[3.3834,45.2185],[3.3831,45.2206],[3.3853,45.2232],[3.3849,45.2262]]]}},{"type":"Feature","properties":{"code":"43265","nom":"Les Villettes","pop":1450},"geometry":{"type":"Polygon","coordinates":[[[4.1528,45.2417],[4.155,45.2449],[4.1579,45.2461],[4.1587,45.2502],[4.1607,45.2521],[4.1556,45.2536],[4.1523,45.2581],[4.1541,45.2591],[4.1583,45.2562],[4.1615,45.2558],[4.1643,45.2568],[4.1651,45.2589],[4.1696,45.2586],[4.1744,45.2556],[4.1782,45.2521],[4.1817,45.2504],[4.1832,45.2543],[4.1872,45.2564],[4.1878,45.2584],[4.1918,45.2565],[4.1945,45.2532],[4.2007,45.25],[4.1978,45.2489],[4.1983,45.2466],[4.2013,45.2441],[4.2047,45.2364],[4.2079,45.234],[4.2064,45.231],[4.2022,45.2307],[4.2004,45.2296],[4.1959,45.2238],[4.1883,45.2238],[4.1845,45.2246],[4.1822,45.2231],[4.1809,45.2255],[4.1781,45.2248],[4.1738,45.2278],[4.1684,45.2278],[4.1562,45.2292],[4.1546,45.2327],[4.1549,45.2344],[4.1585,45.2363],[4.1559,45.2383],[4.1582,45.2399],[4.1528,45.2417]]]}},{"type":"Feature","properties":{"code":"43267","nom":"Vorey","pop":1488},"geometry":{"type":"Polygon","coordinates":[[[3.8602,45.1677],[3.8563,45.168],[3.8523,45.1705],[3.8552,45.1771],[3.8599,45.1794],[3.8598,45.1819],[3.8613,45.1932],[3.8552,45.1953],[3.8521,45.1949],[3.8516,45.1927],[3.8472,45.1927],[3.8441,45.1919],[3.8429,45.1944],[3.844,45.1973],[3.8418,45.2007],[3.8433,45.2029],[3.8491,45.2085],[3.8562,45.2094],[3.8636,45.2133],[3.8687,45.2134],[3.871,45.2179],[3.8735,45.2177],[3.8793,45.2201],[3.8829,45.2204],[3.8865,45.219],[3.887,45.2143],[3.8866,45.2075],[3.8894,45.2042],[3.892,45.2025],[3.8927,45.2003],[3.8974,45.199],[3.9016,45.2056],[3.9076,45.2121],[3.9061,45.2128],[3.9051,45.2158],[3.9063,45.2205],[3.9101,45.2231],[3.9151,45.2179],[3.9189,45.2198],[3.9265,45.2158],[3.9215,45.2129],[3.9214,45.2101],[3.9263,45.2107],[3.9291,45.2126],[3.9377,45.2115],[3.9413,45.2147],[3.9462,45.215],[3.9496,45.2135],[3.9531,45.2143],[3.9622,45.2097],[3.9598,45.2071],[3.964,45.2071],[3.9634,45.2044],[3.9659,45.202],[3.9629,45.2015],[3.9628,45.1989],[3.9658,45.1979],[3.97,45.1981],[3.9702,45.197],[3.9666,45.1952],[3.9623,45.1942],[3.96,45.1927],[3.9589,45.1898],[3.9519,45.1826],[3.9537,45.1779],[3.9518,45.1738],[3.9536,45.1721],[3.9475,45.1712],[3.9398,45.1693],[3.938,45.1683],[3.9355,45.1698],[3.9335,45.1687],[3.9299,45.1702],[3.9255,45.1703],[3.9228,45.1714],[3.9183,45.1787],[3.9077,45.1728],[3.9012,45.1687],[3.8955,45.1702],[3.8945,45.1694],[3.886,45.1705],[3.8842,45.1687],[3.8791,45.1701],[3.8768,45.169],[3.8724,45.1698],[3.8715,45.1681],[3.8679,45.1694],[3.8648,45.1694],[3.8642,45.1663],[3.8602,45.1677]]]}},{"type":"Feature","properties":{"code":"43268","nom":"Yssingeaux","pop":7415},"geometry":{"type":"Polygon","coordinates":[[[4.096,45.0952],[4.0932,45.0964],[4.0934,45.0984],[4.0908,45.1026],[4.0917,45.1039],[4.0942,45.1049],[4.0944,45.1068],[4.0921,45.1087],[4.0911,45.1129],[4.0929,45.1139],[4.0982,45.1226],[4.098,45.1237],[4.094,45.1252],[4.087,45.1286],[4.0877,45.1303],[4.0863,45.1344],[4.0835,45.1346],[4.0831,45.1367],[4.0864,45.1426],[4.0896,45.1458],[4.0891,45.1483],[4.0831,45.1492],[4.0808,45.1516],[4.0776,45.1518],[4.0757,45.1534],[4.0668,45.1496],[4.0634,45.1514],[4.0629,45.1593],[4.0578,45.1629],[4.0543,45.1645],[4.0599,45.1669],[4.0634,45.1699],[4.0658,45.1683],[4.0663,45.1664],[4.0709,45.1663],[4.0746,45.1684],[4.0756,45.1706],[4.0776,45.1716],[4.0848,45.1724],[4.0862,45.1755],[4.0898,45.179],[4.0935,45.178],[4.094,45.1808],[4.097,45.1825],[4.0994,45.1818],[4.1028,45.1845],[4.1053,45.1851],[4.1108,45.1913],[4.1106,45.1942],[4.1134,45.195],[4.1161,45.1913],[4.1183,45.1903],[4.1258,45.1888],[4.1301,45.1895],[4.1364,45.188],[4.1413,45.1921],[4.1406,45.1953],[4.1438,45.195],[4.1476,45.1961],[4.1517,45.1931],[4.155,45.1914],[4.1495,45.1874],[4.1481,45.1851],[4.148,45.1807],[4.152,45.1806],[4.1551,45.1784],[4.1633,45.1771],[4.1653,45.1758],[4.1697,45.1767],[4.17,45.1743],[4.1662,45.1712],[4.1684,45.17],[4.1703,45.1716],[4.1727,45.1713],[4.1734,45.169],[4.1762,45.1667],[4.1682,45.1665],[4.1702,45.1633],[4.1728,45.1611],[4.1756,45.1601],[4.1787,45.1621],[4.1777,45.1649],[4.1786,45.167],[4.1821,45.1673],[4.1867,45.1643],[4.187,45.1623],[4.1905,45.163],[4.193,45.1615],[4.1944,45.1565],[4.1936,45.1536],[4.1937,45.1494],[4.1949,45.1457],[4.1895,45.1415],[4.1841,45.1408],[4.182,45.1374],[4.1855,45.1361],[4.1881,45.1341],[4.186,45.1297],[4.1832,45.1277],[4.183,45.1252],[4.1806,45.1194],[4.1838,45.1171],[4.1814,45.1131],[4.1788,45.1133],[4.1789,45.1062],[4.1765,45.1048],[4.1722,45.1056],[4.1697,45.1032],[4.1641,45.1028],[4.1617,45.1017],[4.1573,45.0972],[4.1523,45.097],[4.1516,45.0953],[4.1486,45.0935],[4.1481,45.0892],[4.1489,45.0882],[4.1468,45.0848],[4.1354,45.0812],[4.1327,45.0779],[4.1281,45.0785],[4.1285,45.0731],[4.1266,45.0724],[4.1252,45.0761],[4.1226,45.0775],[4.1227,45.0807],[4.119,45.0797],[4.1175,45.0813],[4.114,45.0813],[4.112,45.0843],[4.1086,45.0848],[4.1106,45.087],[4.1076,45.0883],[4.1074,45.0911],[4.1016,45.0939],[4.0995,45.0932],[4.096,45.0952]]]}}]}