{"type":"FeatureCollection","features":[{"type":"Feature","properties":{"code":"50002","nom":"Agneaux","pop":4286},"geometry":{"type":"Polygon","coordinates":[[[-1.1102,49.1241],[-1.1031,49.1234],[-1.1005,49.1197],[-1.102,49.1168],[-1.1061,49.116],[-1.105,49.1134],[-1.11,49.112],[-1.116,49.1121],[-1.1204,49.1106],[-1.1239,49.1078],[-1.124,49.1058],[-1.1262,49.1034],[-1.1249,49.1011],[-1.1308,49.1006],[-1.1355,49.1039],[-1.1384,49.1088],[-1.1474,49.105],[-1.1508,49.1138],[-1.154,49.1171],[-1.1474,49.1204],[-1.1477,49.1233],[-1.1441,49.1274],[-1.1398,49.1301],[-1.1392,49.1299],[-1.1312,49.128],[-1.1301,49.1249],[-1.1176,49.1212],[-1.1142,49.1219],[-1.1102,49.1241]]]}},{"type":"Feature","properties":{"code":"50003","nom":"Agon-Coutainville","pop":3020},"geometry":{"type":"Polygon","coordinates":[[[-1.5981,49.0604],[-1.5913,49.0606],[-1.5896,49.0612],[-1.5828,49.0609],[-1.5724,49.0575],[-1.5693,49.0573],[-1.5679,49.0587],[-1.5638,49.0583],[-1.5568,49.0603],[-1.5605,49.054],[-1.5591,49.0502],[-1.5633,49.0455],[-1.5632,49.044],[-1.5593,49.0407],[-1.5601,49.0383],[-1.561,49.0361],[-1.5648,49.0349],[-1.5697,49.0317],[-1.5705,49.0296],[-1.569,49.0277],[-1.5719,49.024],[-1.5759,49.0203],[-1.5754,49.0191],[-1.5785,49.0147],[-1.5751,49.0095],[-1.5761,49.0039],[-1.5746,49.0032],[-1.5753,48.9981],[-1.5782,48.9988],[-1.5822,49.0012],[-1.5845,49.0039],[-1.5945,49.0234],[-1.5995,49.0411],[-1.6002,49.0449],[-1.6047,49.0602],[-1.6032,49.0603],[-1.6017,49.0569],[-1.5982,49.0582],[-1.5981,49.0604]]]}},{"type":"Feature","properties":{"code":"50004","nom":"Airel","pop":515},"geometry":{"type":"Polygon","coordinates":[[[-1.0958,49.1982],[-1.0934,49.198],[-1.0912,49.2021],[-1.0883,49.2057],[-1.0871,49.2127],[-1.0854,49.2149],[-1.0849,49.218],[-1.0892,49.221],[-1.0901,49.2242],[-1.0941,49.226],[-1.095,49.2279],[-1.0873,49.236],[-1.0916,49.2402],[-1.0929,49.2442],[-1.0877,49.2458],[-1.0876,49.2421],[-1.0853,49.2404],[-1.0815,49.2396],[-1.0785,49.2365],[-1.0784,49.2343],[-1.0747,49.2321],[-1.068,49.2311],[-1.0638,49.2297],[-1.0604,49.2251],[-1.0585,49.2253],[-1.0609,49.2241],[-1.0604,49.217],[-1.0635,49.2164],[-1.0667,49.2137],[-1.0687,49.2079],[-1.0671,49.205],[-1.07,49.1954],[-1.0694,49.1904],[-1.0726,49.1886],[-1.0817,49.1868],[-1.0861,49.1843],[-1.0872,49.1859],[-1.0927,49.1864],[-1.0953,49.189],[-1.099,49.1893],[-1.0967,49.1933],[-1.0978,49.1941],[-1.0958,49.1982]]]}},{"type":"Feature","properties":{"code":"50006","nom":"Amigny","pop":151},"geometry":{"type":"Polygon","coordinates":[[[-1.1826,49.1413],[-1.1903,49.143],[-1.1938,49.1456],[-1.1922,49.1485],[-1.1973,49.1514],[-1.1962,49.1551],[-1.1923,49.1584],[-1.193,49.166],[-1.1914,49.1717],[-1.1856,49.1698],[-1.1752,49.1677],[-1.1726,49.166],[-1.1756,49.1614],[-1.1761,49.158],[-1.175,49.1549],[-1.1786,49.1494],[-1.1803,49.145],[-1.1826,49.1413]]]}},{"type":"Feature","properties":{"code":"50008","nom":"Anctoville-sur-Boscq","pop":435},"geometry":{"type":"Polygon","coordinates":[[[-1.5386,48.8397],[-1.542,48.8473],[-1.5411,48.8511],[-1.5338,48.8502],[-1.5317,48.8514],[-1.5226,48.8506],[-1.5167,48.8509],[-1.5139,48.8502],[-1.5146,48.8422],[-1.5217,48.8412],[-1.5386,48.8397]]]}},{"type":"Feature","properties":{"code":"50013","nom":"Anneville-en-Saire","pop":370},"geometry":{"type":"Polygon","coordinates":[[[-1.3108,49.6247],[-1.3081,49.6251],[-1.3058,49.6273],[-1.3062,49.6297],[-1.3016,49.6337],[-1.3018,49.6363],[-1.2982,49.6397],[-1.299,49.6409],[-1.2942,49.6415],[-1.2837,49.648],[-1.2805,49.6511],[-1.2741,49.6512],[-1.268,49.6482],[-1.2565,49.6433],[-1.2582,49.6411],[-1.2613,49.6403],[-1.2623,49.6372],[-1.2697,49.6379],[-1.2751,49.6325],[-1.2799,49.6291],[-1.2787,49.628],[-1.2801,49.6245],[-1.2843,49.6257],[-1.2913,49.6245],[-1.2928,49.6236],[-1.2991,49.6225],[-1.3004,49.6233],[-1.3075,49.6226],[-1.3108,49.6247]]]}},{"type":"Feature","properties":{"code":"50016","nom":"Appeville","pop":200},"geometry":{"type":"Polygon","coordinates":[[[-1.2944,49.3259],[-1.2974,49.3229],[-1.3016,49.3211],[-1.3061,49.3228],[-1.3092,49.3222],[-1.3139,49.3228],[-1.321,49.3215],[-1.3251,49.3161],[-1.3316,49.3124],[-1.3398,49.3093],[-1.3444,49.3069],[-1.3479,49.3085],[-1.3522,49.3074],[-1.3552,49.3122],[-1.3586,49.313],[-1.3595,49.3156],[-1.3633,49.3179],[-1.3658,49.3166],[-1.3681,49.3175],[-1.3722,49.3201],[-1.3685,49.3244],[-1.3722,49.3274],[-1.3653,49.3297],[-1.3548,49.3358],[-1.3506,49.3367],[-1.3489,49.3386],[-1.3454,49.3389],[-1.3438,49.3406],[-1.3305,49.3475],[-1.324,49.3475],[-1.322,49.345],[-1.3223,49.3435],[-1.3255,49.3421],[-1.3234,49.3386],[-1.3185,49.3376],[-1.3122,49.3371],[-1.3055,49.3387],[-1.3041,49.336],[-1.3001,49.3346],[-1.3002,49.3323],[-1.2963,49.3307],[-1.2959,49.3277],[-1.2944,49.3259]]]}},{"type":"Feature","properties":{"code":"50019","nom":"Aucey-la-Plaine","pop":412},"geometry":{"type":"Polygon","coordinates":[[[-1.4956,48.5087],[-1.5001,48.5117],[-1.5022,48.5151],[-1.5048,48.5152],[-1.508,48.5231],[-1.5119,48.5238],[-1.5107,48.527],[-1.5141,48.5282],[-1.5153,48.5303],[-1.5022,48.5306],[-1.5005,48.5292],[-1.4963,48.5285],[-1.4924,48.529],[-1.4896,48.527],[-1.4862,48.5267],[-1.4798,48.529],[-1.4787,48.5319],[-1.4735,48.5327],[-1.4697,48.5361],[-1.4681,48.5385],[-1.4647,48.541],[-1.4629,48.5446],[-1.456,48.5449],[-1.4539,48.5444],[-1.4454,48.5407],[-1.4482,48.5372],[-1.4461,48.5361],[-1.4444,48.533],[-1.4426,48.532],[-1.4423,48.5296],[-1.4438,48.5272],[-1.4487,48.5247],[-1.4512,48.5224],[-1.459,48.5199],[-1.4621,48.5196],[-1.4667,48.5208],[-1.4709,48.5234],[-1.4726,48.5219],[-1.4761,48.5145],[-1.4815,48.5138],[-1.4956,48.5087]]]}},{"type":"Feature","properties":{"code":"50021","nom":"Audouville-la-Hubert","pop":78},"geometry":{"type":"Polygon","coordinates":[[[-1.1894,49.4296],[-1.1965,49.4262],[-1.201,49.4249],[-1.2027,49.4222],[-1.1998,49.4203],[-1.2133,49.4164],[-1.2204,49.415],[-1.2217,49.4135],[-1.2207,49.411],[-1.224,49.4105],[-1.2255,49.409],[-1.2346,49.4067],[-1.2395,49.403],[-1.2412,49.4034],[-1.2459,49.4011],[-1.2519,49.4047],[-1.2556,49.4038],[-1.2581,49.4101],[-1.2597,49.4107],[-1.2557,49.415],[-1.2492,49.416],[-1.2453,49.4181],[-1.2363,49.4216],[-1.2289,49.4232],[-1.2171,49.4244],[-1.2022,49.4311],[-1.1967,49.4354],[-1.1894,49.4296]]]}},{"type":"Feature","properties":{"code":"50022","nom":"Aumeville-Lestre","pop":132},"geometry":{"type":"Polygon","coordinates":[[[-1.3025,49.5353],[-1.3102,49.5355],[-1.3239,49.5326],[-1.3255,49.5339],[-1.3309,49.5337],[-1.3348,49.5349],[-1.3441,49.5351],[-1.344,49.5401],[-1.3383,49.5397],[-1.3315,49.54],[-1.3302,49.5414],[-1.3211,49.5442],[-1.308,49.5457],[-1.3066,49.5393],[-1.3025,49.5353]]]}},{"type":"Feature","properties":{"code":"50023","nom":"Auvers","pop":683},"geometry":{"type":"Polygon","coordinates":[[[-1.342,49.274],[-1.3453,49.2776],[-1.3475,49.2781],[-1.3517,49.2769],[-1.3531,49.2784],[-1.3578,49.2789],[-1.3583,49.2845],[-1.3614,49.286],[-1.3609,49.2892],[-1.3636,49.2918],[-1.3637,49.294],[-1.3618,49.2973],[-1.3619,49.3008],[-1.3579,49.3049],[-1.3561,49.3064],[-1.3522,49.3074],[-1.3479,49.3085],[-1.3444,49.3069],[-1.3398,49.3093],[-1.3316,49.3124],[-1.3251,49.3161],[-1.321,49.3215],[-1.3139,49.3228],[-1.3092,49.3222],[-1.3061,49.3228],[-1.3016,49.3211],[-1.2974,49.3229],[-1.2944,49.3259],[-1.2888,49.3263],[-1.283,49.3205],[-1.2785,49.3176],[-1.285,49.3141],[-1.2802,49.3123],[-1.2998,49.3119],[-1.2987,49.3108],[-1.2987,49.3048],[-1.2904,49.3023],[-1.2906,49.2979],[-1.2896,49.2937],[-1.3013,49.2919],[-1.3075,49.2897],[-1.3101,49.29],[-1.3127,49.2885],[-1.3167,49.2846],[-1.3179,49.2824],[-1.3244,49.2847],[-1.3292,49.2834],[-1.3266,49.2778],[-1.3371,49.2734],[-1.342,49.274]]]}},{"type":"Feature","properties":{"code":"50024","nom":"Auxais","pop":176},"geometry":{"type":"Polygon","coordinates":[[[-1.2849,49.223],[-1.2811,49.2183],[-1.2773,49.2163],[-1.281,49.2156],[-1.2812,49.2138],[-1.2866,49.2121],[-1.2885,49.2097],[-1.2948,49.2084],[-1.2983,49.2046],[-1.3019,49.2046],[-1.3057,49.2008],[-1.3081,49.2014],[-1.313,49.1999],[-1.3144,49.2006],[-1.3193,49.1997],[-1.3213,49.2039],[-1.3249,49.2076],[-1.3245,49.2097],[-1.3281,49.2133],[-1.3318,49.2142],[-1.329,49.2153],[-1.3289,49.2173],[-1.3256,49.2198],[-1.3211,49.2221],[-1.3153,49.2278],[-1.3112,49.2309],[-1.3056,49.2295],[-1.302,49.23],[-1.2986,49.2288],[-1.2939,49.2291],[-1.2879,49.2239],[-1.2849,49.223]]]}},{"type":"Feature","properties":{"code":"50025","nom":"Avranches","pop":10143},"geometry":{"type":"Polygon","coordinates":[[[-1.3728,48.6928],[-1.3704,48.6947],[-1.3673,48.6935],[-1.3622,48.6936],[-1.3606,48.6951],[-1.3558,48.6972],[-1.3555,48.6989],[-1.3505,48.7005],[-1.3461,48.7017],[-1.3403,48.6994],[-1.3413,48.6983],[-1.3389,48.6963],[-1.3362,48.6963],[-1.3395,48.6932],[-1.3439,48.6926],[-1.3471,48.6909],[-1.351,48.6912],[-1.3524,48.6895],[-1.3487,48.685],[-1.3453,48.6843],[-1.3404,48.6808],[-1.3395,48.678],[-1.3296,48.6756],[-1.3135,48.676],[-1.3128,48.6719],[-1.3156,48.669],[-1.3152,48.6623],[-1.3162,48.6616],[-1.3226,48.662],[-1.3291,48.6609],[-1.3323,48.6581],[-1.3371,48.6553],[-1.3417,48.655],[-1.3442,48.6525],[-1.3478,48.6507],[-1.3532,48.6501],[-1.3527,48.651],[-1.3543,48.6606],[-1.3539,48.6709],[-1.3549,48.6752],[-1.357,48.6747],[-1.3614,48.6772],[-1.3651,48.6809],[-1.3736,48.6823],[-1.3764,48.6822],[-1.3765,48.6851],[-1.3747,48.6879],[-1.3768,48.6908],[-1.3728,48.6928]]]}},{"type":"Feature","properties":{"code":"50026","nom":"Azeville","pop":79},"geometry":{"type":"Polygon","coordinates":[[[-1.296,49.4596],[-1.298,49.4593],[-1.3044,49.4534],[-1.3095,49.4506],[-1.3119,49.4482],[-1.3141,49.4487],[-1.3162,49.4465],[-1.3194,49.4479],[-1.3235,49.4465],[-1.3261,49.4441],[-1.3286,49.4481],[-1.3266,49.451],[-1.3246,49.4521],[-1.3197,49.4598],[-1.3162,49.4624],[-1.3173,49.4656],[-1.3158,49.4676],[-1.3071,49.4672],[-1.3037,49.4685],[-1.3029,49.4657],[-1.2989,49.4611],[-1.296,49.4596]]]}},{"type":"Feature","properties":{"code":"50027","nom":"Bacilly","pop":921},"geometry":{"type":"Polygon","coordinates":[[[-1.4247,48.728],[-1.4236,48.7249],[-1.4245,48.7231],[-1.4188,48.7221],[-1.4162,48.7227],[-1.4149,48.7206],[-1.4153,48.7166],[-1.4116,48.7174],[-1.4087,48.7159],[-1.4086,48.7129],[-1.4104,48.7109],[-1.405,48.7083],[-1.4052,48.7058],[-1.4033,48.701],[-1.3989,48.6969],[-1.399,48.6925],[-1.4023,48.6938],[-1.4062,48.6929],[-1.4168,48.6915],[-1.4204,48.6867],[-1.4252,48.6823],[-1.4296,48.6841],[-1.4317,48.6821],[-1.4382,48.6819],[-1.4518,48.68],[-1.4533,48.6817],[-1.4471,48.6881],[-1.4531,48.6893],[-1.4539,48.6943],[-1.4568,48.6953],[-1.4619,48.699],[-1.464,48.7014],[-1.4634,48.7033],[-1.464,48.7074],[-1.4613,48.7151],[-1.4548,48.7165],[-1.4477,48.7115],[-1.4459,48.7125],[-1.4457,48.7149],[-1.4474,48.7175],[-1.4479,48.7217],[-1.4453,48.7251],[-1.442,48.7258],[-1.4416,48.7293],[-1.4319,48.7306],[-1.4273,48.728],[-1.4247,48.728]]]}},{"type":"Feature","properties":{"code":"50028","nom":"La Baleine","pop":105},"geometry":{"type":"Polygon","coordinates":[[[-1.2841,48.9248],[-1.2864,48.9228],[-1.2916,48.922],[-1.2923,48.9201],[-1.2913,48.916],[-1.292,48.9119],[-1.2958,48.9127],[-1.2997,48.9146],[-1.3043,48.9151],[-1.3078,48.9166],[-1.3151,48.917],[-1.3197,48.9164],[-1.3212,48.9151],[-1.3234,48.918],[-1.3211,48.9192],[-1.316,48.9189],[-1.3152,48.9221],[-1.3204,48.9249],[-1.3185,48.9262],[-1.3126,48.9263],[-1.3083,48.9281],[-1.3102,48.9313],[-1.3139,48.9329],[-1.3156,48.9352],[-1.3137,48.936],[-1.3097,48.935],[-1.3076,48.9322],[-1.3049,48.9324],[-1.2996,48.9347],[-1.2975,48.9327],[-1.2965,48.93],[-1.2918,48.9302],[-1.2912,48.9326],[-1.286,48.9321],[-1.2863,48.9281],[-1.2841,48.9248]]]}},{"type":"Feature","properties":{"code":"50029","nom":"Barenton","pop":1161},"geometry":{"type":"Polygon","coordinates":[[[-0.8972,48.5913],[-0.897,48.5956],[-0.8889,48.599],[-0.886,48.6009],[-0.8787,48.6025],[-0.8761,48.605],[-0.8713,48.6071],[-0.8627,48.6132],[-0.8643,48.6155],[-0.8637,48.6182],[-0.8692,48.6231],[-0.8629,48.6251],[-0.8587,48.626],[-0.8516,48.6292],[-0.8496,48.6362],[-0.8484,48.6386],[-0.8429,48.6413],[-0.8454,48.6438],[-0.843,48.6447],[-0.8359,48.6413],[-0.8341,48.643],[-0.8302,48.6416],[-0.8321,48.6387],[-0.8284,48.6378],[-0.8201,48.6388],[-0.8173,48.638],[-0.8111,48.6397],[-0.8094,48.6382],[-0.8054,48.6378],[-0.8054,48.6397],[-0.802,48.6397],[-0.8011,48.6441],[-0.7986,48.647],[-0.7948,48.6437],[-0.7959,48.6413],[-0.7947,48.6398],[-0.796,48.6347],[-0.7928,48.6328],[-0.7926,48.6303],[-0.79,48.6279],[-0.789,48.6226],[-0.7912,48.6203],[-0.7903,48.617],[-0.7924,48.6167],[-0.7908,48.6137],[-0.7908,48.6103],[-0.7988,48.6094],[-0.7998,48.607],[-0.7991,48.6036],[-0.8029,48.6012],[-0.8036,48.5986],[-0.803,48.594],[-0.7999,48.5927],[-0.7934,48.5856],[-0.7963,48.5843],[-0.8029,48.579],[-0.8027,48.5776],[-0.8113,48.5713],[-0.8143,48.5731],[-0.8188,48.5734],[-0.8248,48.5715],[-0.828,48.5716],[-0.8404,48.5767],[-0.8403,48.5804],[-0.8453,48.5858],[-0.849,48.5863],[-0.8536,48.5893],[-0.8534,48.5914],[-0.8574,48.5913],[-0.8601,48.5923],[-0.8656,48.5917],[-0.877,48.5921],[-0.878,48.5938],[-0.8816,48.5944],[-0.8849,48.5933],[-0.8867,48.5945],[-0.8972,48.5913]]]}},{"type":"Feature","properties":{"code":"50030","nom":"Barfleur","pop":542},"geometry":{"type":"Polygon","coordinates":[[[-1.2567,49.6668],[-1.2582,49.6652],[-1.2618,49.6651],[-1.2635,49.6662],[-1.2698,49.6644],[-1.2736,49.6663],[-1.2703,49.6668],[-1.2699,49.6689],[-1.263,49.6734],[-1.263,49.6684],[-1.2572,49.6705],[-1.2567,49.6668]]]}},{"type":"Feature","properties":{"code":"50031","nom":"Barneville-Carteret","pop":2223},"geometry":{"type":"Polygon","coordinates":[[[-1.7403,49.3777],[-1.7447,49.3763],[-1.7493,49.3709],[-1.7502,49.371],[-1.755,49.3654],[-1.761,49.3597],[-1.766,49.3637],[-1.7737,49.3689],[-1.7787,49.3716],[-1.7868,49.3749],[-1.785,49.376],[-1.7803,49.3748],[-1.7786,49.3734],[-1.7754,49.3748],[-1.765,49.3711],[-1.7642,49.3733],[-1.7706,49.3757],[-1.7723,49.38],[-1.7865,49.3771],[-1.7895,49.3742],[-1.7898,49.3698],[-1.796,49.3728],[-1.7995,49.3718],[-1.8082,49.3721],[-1.8106,49.3772],[-1.7945,49.385],[-1.7913,49.388],[-1.7854,49.3912],[-1.7811,49.3929],[-1.7729,49.3948],[-1.7666,49.3955],[-1.7598,49.3971],[-1.7594,49.396],[-1.7506,49.3946],[-1.7534,49.3891],[-1.7526,49.3876],[-1.7483,49.3881],[-1.7459,49.3902],[-1.7417,49.3868],[-1.7365,49.3856],[-1.7398,49.382],[-1.7403,49.3777]]]}},{"type":"Feature","properties":{"code":"50032","nom":"La Barre-de-Semilly","pop":1029},"geometry":{"type":"Polygon","coordinates":[[[-1.0377,49.1179],[-1.0316,49.1197],[-1.0274,49.1151],[-1.0193,49.1187],[-1.0129,49.1191],[-1.0037,49.1188],[-1.0015,49.1164],[-0.9925,49.1137],[-0.9832,49.1153],[-0.9886,49.113],[-0.9916,49.1123],[-0.9925,49.1083],[-0.9953,49.1059],[-0.9986,49.1046],[-1.0046,49.104],[-1.0085,49.1009],[-1.0058,49.098],[-1.0031,49.097],[-1.0039,49.0949],[-1.0067,49.0949],[-1.0136,49.0921],[-1.0197,49.0909],[-1.0212,49.0917],[-1.0286,49.0911],[-1.0302,49.0927],[-1.0309,49.0958],[-1.0361,49.0975],[-1.0396,49.0966],[-1.0422,49.0975],[-1.0401,49.1008],[-1.0358,49.1056],[-1.0363,49.1112],[-1.0376,49.1135],[-1.0364,49.1146],[-1.0377,49.1179]]]}},{"type":"Feature","properties":{"code":"50033","nom":"Baubigny","pop":132},"geometry":{"type":"Polygon","coordinates":[[[-1.787,49.417],[-1.7969,49.4143],[-1.8037,49.4135],[-1.8051,49.4147],[-1.8099,49.4145],[-1.8209,49.416],[-1.8223,49.4158],[-1.8227,49.4255],[-1.8224,49.4337],[-1.8229,49.4384],[-1.8005,49.4409],[-1.7957,49.4406],[-1.7857,49.4418],[-1.7834,49.4408],[-1.7852,49.4395],[-1.786,49.4363],[-1.7849,49.434],[-1.7902,49.4334],[-1.7949,49.4317],[-1.7975,49.4292],[-1.7948,49.4261],[-1.7928,49.4215],[-1.787,49.417]]]}},{"type":"Feature","properties":{"code":"50034","nom":"Baudre","pop":613},"geometry":{"type":"Polygon","coordinates":[[[-1.0428,49.0976],[-1.0421,49.0935],[-1.0431,49.0917],[-1.0517,49.0892],[-1.0547,49.0887],[-1.0613,49.0842],[-1.0715,49.0804],[-1.078,49.0763],[-1.0802,49.0757],[-1.0829,49.0813],[-1.0872,49.0815],[-1.0918,49.0855],[-1.0929,49.0885],[-1.0903,49.0894],[-1.0851,49.0883],[-1.0808,49.0933],[-1.077,49.0947],[-1.0719,49.094],[-1.0672,49.0891],[-1.0638,49.0904],[-1.0623,49.0922],[-1.0576,49.0935],[-1.0556,49.0961],[-1.0482,49.0982],[-1.0428,49.0976]]]}},{"type":"Feature","properties":{"code":"50036","nom":"Baupte","pop":436},"geometry":{"type":"Polygon","coordinates":[[[-1.3522,49.3074],[-1.3561,49.3064],[-1.3579,49.3049],[-1.3613,49.3045],[-1.3699,49.3047],[-1.3722,49.3037],[-1.3776,49.3036],[-1.3829,49.3069],[-1.3814,49.3089],[-1.3825,49.3109],[-1.3766,49.3129],[-1.3725,49.3158],[-1.3681,49.3175],[-1.3658,49.3166],[-1.3633,49.3179],[-1.3595,49.3156],[-1.3586,49.313],[-1.3552,49.3122],[-1.3522,49.3074]]]}},{"type":"Feature","properties":{"code":"50038","nom":"Beauchamps","pop":441},"geometry":{"type":"Polygon","coordinates":[[[-1.3514,48.838],[-1.3536,48.8355],[-1.3529,48.8337],[-1.358,48.8289],[-1.3642,48.8257],[-1.3671,48.8232],[-1.3716,48.824],[-1.3748,48.8261],[-1.3767,48.831],[-1.3818,48.8355],[-1.3797,48.8388],[-1.3805,48.8432],[-1.3746,48.8449],[-1.3759,48.8478],[-1.3706,48.848],[-1.3677,48.847],[-1.3652,48.8489],[-1.362,48.8496],[-1.3589,48.8466],[-1.3592,48.8449],[-1.3553,48.8428],[-1.3537,48.839],[-1.3514,48.838]]]}},{"type":"Feature","properties":{"code":"50039","nom":"Beaucoudray","pop":136},"geometry":{"type":"Polygon","coordinates":[[[-1.1493,48.9511],[-1.1529,48.9528],[-1.1585,48.9525],[-1.1582,48.9551],[-1.1556,48.9568],[-1.1489,48.9585],[-1.1454,48.9602],[-1.151,48.9615],[-1.1558,48.9619],[-1.1572,48.964],[-1.161,48.9638],[-1.1616,48.9674],[-1.1603,48.9699],[-1.1582,48.971],[-1.1438,48.9758],[-1.1407,48.9689],[-1.129,48.9727],[-1.1273,48.9724],[-1.1301,48.9686],[-1.1317,48.9631],[-1.1294,48.9603],[-1.1307,48.9576],[-1.1298,48.9552],[-1.125,48.9535],[-1.1406,48.9487],[-1.1451,48.9467],[-1.1461,48.9503],[-1.1493,48.9511]]]}},{"type":"Feature","properties":{"code":"50040","nom":"Beauficel","pop":122},"geometry":{"type":"Polygon","coordinates":[[[-0.9388,48.7566],[-0.9388,48.7525],[-0.9403,48.7504],[-0.9387,48.7494],[-0.9386,48.7465],[-0.9424,48.7441],[-0.9439,48.7415],[-0.947,48.7401],[-0.9456,48.738],[-0.947,48.7331],[-0.9442,48.7308],[-0.9456,48.7293],[-0.9451,48.727],[-0.9492,48.7251],[-0.9522,48.7253],[-0.9551,48.7237],[-0.9592,48.7238],[-0.962,48.7282],[-0.9597,48.7288],[-0.9604,48.7317],[-0.9638,48.7326],[-0.963,48.7343],[-0.9682,48.7345],[-0.9682,48.733],[-0.9718,48.7321],[-0.9717,48.7303],[-0.9751,48.73],[-0.975,48.7281],[-0.9788,48.7266],[-0.9822,48.729],[-0.9812,48.7308],[-0.9849,48.734],[-0.9811,48.7413],[-0.9826,48.7449],[-0.9809,48.7463],[-0.9811,48.7496],[-0.9829,48.7522],[-0.9769,48.7568],[-0.97,48.7579],[-0.9644,48.7598],[-0.9564,48.7561],[-0.947,48.755],[-0.9419,48.7553],[-0.9388,48.7566]]]}},{"type":"Feature","properties":{"code":"50041","nom":"La Hague","pop":11484},"geometry":{"type":"Polygon","coordinates":[[[-1.6883,49.6301],[-1.6927,49.6265],[-1.6985,49.6236],[-1.6988,49.6216],[-1.6946,49.6172],[-1.6892,49.6147],[-1.689,49.6123],[-1.6918,49.6092],[-1.6959,49.6062],[-1.6998,49.601],[-1.7068,49.5969],[-1.7064,49.5941],[-1.7084,49.5921],[-1.7142,49.5954],[-1.7102,49.6003],[-1.7109,49.6041],[-1.7142,49.6084],[-1.7222,49.6075],[-1.7267,49.6061],[-1.7315,49.6057],[-1.7338,49.6021],[-1.7404,49.5997],[-1.7418,49.5957],[-1.7518,49.5898],[-1.759,49.5874],[-1.7588,49.5844],[-1.7639,49.5851],[-1.7668,49.5847],[-1.7676,49.5828],[-1.7757,49.5817],[-1.7819,49.5905],[-1.7861,49.5905],[-1.7966,49.589],[-1.8082,49.5864],[-1.8173,49.5834],[-1.8248,49.5835],[-1.842,49.583],[-1.8427,49.6044],[-1.8459,49.6204],[-1.8488,49.6285],[-1.8549,49.642],[-1.8609,49.6504],[-1.8653,49.6521],[-1.8678,49.6545],[-1.8724,49.6572],[-1.8785,49.659],[-1.881,49.6582],[-1.8878,49.6594],[-1.8924,49.6638],[-1.8956,49.6644],[-1.8994,49.6663],[-1.9055,49.6665],[-1.9123,49.6654],[-1.918,49.6659],[-1.9238,49.6685],[-1.9272,49.6688],[-1.9293,49.6722],[-1.9357,49.6719],[-1.9396,49.6731],[-1.9408,49.675],[-1.9471,49.6751],[-1.9466,49.678],[-1.9444,49.6804],[-1.941,49.6817],[-1.9361,49.6881],[-1.9364,49.6936],[-1.9377,49.6958],[-1.9427,49.6988],[-1.9468,49.7042],[-1.9476,49.7071],[-1.9468,49.7103],[-1.9435,49.7133],[-1.9437,49.7148],[-1.9479,49.7154],[-1.9444,49.7193],[-1.9446,49.7213],[-1.9413,49.7258],[-1.9379,49.7267],[-1.9302,49.7259],[-1.926,49.727],[-1.9126,49.7239],[-1.9106,49.7213],[-1.9065,49.7221],[-1.9033,49.719],[-1.9002,49.7187],[-1.8951,49.7156],[-1.8969,49.7136],[-1.8966,49.7113],[-1.894,49.7099],[-1.89,49.7093],[-1.8901,49.7069],[-1.8833,49.7059],[-1.8774,49.7065],[-1.8719,49.7081],[-1.8619,49.7151],[-1.8602,49.7145],[-1.8562,49.716],[-1.8525,49.7156],[-1.8509,49.7134],[-1.8483,49.7124],[-1.8432,49.7127],[-1.8395,49.7113],[-1.8357,49.7069],[-1.8358,49.704],[-1.8316,49.7031],[-1.8325,49.7004],[-1.8287,49.6989],[-1.8289,49.695],[-1.8254,49.691],[-1.8205,49.6909],[-1.8155,49.689],[-1.8098,49.6897],[-1.8063,49.6878],[-1.7983,49.6883],[-1.7954,49.6867],[-1.788,49.6863],[-1.7825,49.6835],[-1.774,49.6804],[-1.7695,49.6807],[-1.7631,49.6788],[-1.7589,49.6782],[-1.7451,49.6785],[-1.7318,49.6774],[-1.7247,49.6781],[-1.7214,49.6799],[-1.7171,49.6796],[-1.7119,49.6778],[-1.7118,49.6761],[-1.7091,49.6729],[-1.7045,49.6709],[-1.7055,49.6654],[-1.709,49.6655],[-1.7138,49.6646],[-1.7159,49.663],[-1.7203,49.6636],[-1.7249,49.6617],[-1.7284,49.6585],[-1.7288,49.655],[-1.7331,49.6529],[-1.7347,49.6483],[-1.7334,49.6425],[-1.7321,49.6413],[-1.7255,49.6465],[-1.7161,49.6492],[-1.7129,49.6512],[-1.7097,49.6515],[-1.7057,49.6544],[-1.6997,49.6551],[-1.7023,49.6525],[-1.7027,49.6466],[-1.705,49.6434],[-1.7035,49.6411],[-1.7045,49.6396],[-1.7105,49.6369],[-1.715,49.6369],[-1.7175,49.6358],[-1.7212,49.6297],[-1.7246,49.6273],[-1.7179,49.627],[-1.7079,49.6324],[-1.7027,49.6343],[-1.699,49.6366],[-1.6909,49.634],[-1.6883,49.6301]]]}},{"type":"Feature","properties":{"code":"50042","nom":"Beauvoir","pop":419},"geometry":{"type":"Polygon","coordinates":[[[-1.5548,48.6092],[-1.5655,48.6144],[-1.5656,48.6196],[-1.5681,48.6239],[-1.5709,48.6262],[-1.5495,48.63],[-1.5475,48.6245],[-1.5484,48.6142],[-1.5411,48.6148],[-1.5383,48.6119],[-1.5365,48.6126],[-1.5361,48.6159],[-1.5286,48.6153],[-1.5167,48.6126],[-1.5159,48.6184],[-1.5123,48.6175],[-1.5126,48.614],[-1.5101,48.6139],[-1.5042,48.6135],[-1.505,48.6115],[-1.5041,48.609],[-1.4989,48.6081],[-1.4983,48.605],[-1.4946,48.6048],[-1.4917,48.6022],[-1.4882,48.5957],[-1.4919,48.5948],[-1.4964,48.59],[-1.5013,48.5857],[-1.5058,48.586],[-1.5055,48.5889],[-1.5101,48.5896],[-1.5155,48.5868],[-1.5215,48.5874],[-1.5271,48.5847],[-1.5282,48.5789],[-1.5316,48.5809],[-1.5346,48.5809],[-1.5402,48.5795],[-1.5431,48.5799],[-1.5443,48.5871],[-1.5373,48.5989],[-1.5383,48.5998],[-1.5468,48.6015],[-1.544,48.6061],[-1.5548,48.6092]]]}},{"type":"Feature","properties":{"code":"50044","nom":"Belval","pop":333},"geometry":{"type":"Polygon","coordinates":[[[-1.3674,49.0369],[-1.3671,49.0431],[-1.37,49.046],[-1.3648,49.0503],[-1.3644,49.0515],[-1.3659,49.0564],[-1.3667,49.0619],[-1.372,49.0712],[-1.3607,49.0736],[-1.3364,49.0739],[-1.3338,49.0709],[-1.3307,49.0697],[-1.338,49.0655],[-1.3423,49.0612],[-1.3499,49.056],[-1.3536,49.0518],[-1.3532,49.0506],[-1.3599,49.0469],[-1.3606,49.043],[-1.3592,49.0385],[-1.3605,49.0357],[-1.3642,49.0357],[-1.3674,49.0369]]]}},{"type":"Feature","properties":{"code":"50045","nom":"Benoîtville","pop":640},"geometry":{"type":"Polygon","coordinates":[[[-1.7629,49.5125],[-1.7771,49.5117],[-1.7842,49.5128],[-1.7886,49.5169],[-1.7909,49.5237],[-1.7911,49.5262],[-1.7966,49.5274],[-1.7985,49.5338],[-1.7923,49.5363],[-1.7908,49.5398],[-1.7933,49.5446],[-1.7888,49.547],[-1.7821,49.5477],[-1.7815,49.546],[-1.7748,49.5479],[-1.7721,49.5501],[-1.7691,49.5453],[-1.7696,49.5429],[-1.7736,49.5396],[-1.7703,49.5383],[-1.7694,49.5355],[-1.7668,49.5321],[-1.7624,49.5306],[-1.7547,49.5293],[-1.7517,49.5217],[-1.7499,49.5204],[-1.7545,49.5201],[-1.7579,49.5166],[-1.7613,49.5144],[-1.7629,49.5125]]]}},{"type":"Feature","properties":{"code":"50046","nom":"Bérigny","pop":442},"geometry":{"type":"Polygon","coordinates":[[[-0.9038,49.1358],[-0.9056,49.1329],[-0.908,49.1336],[-0.9103,49.1307],[-0.9165,49.1319],[-0.9364,49.1304],[-0.9433,49.1241],[-0.9474,49.1232],[-0.9462,49.1195],[-0.9557,49.1196],[-0.9618,49.1201],[-0.9714,49.1191],[-0.9735,49.1174],[-0.9758,49.121],[-0.9779,49.126],[-0.9813,49.1288],[-0.9832,49.1331],[-0.9625,49.1385],[-0.9525,49.1451],[-0.9526,49.1472],[-0.9565,49.1488],[-0.9574,49.1513],[-0.9622,49.1564],[-0.9625,49.1596],[-0.9592,49.1615],[-0.9585,49.1614],[-0.9556,49.1601],[-0.9498,49.1592],[-0.9435,49.1588],[-0.9386,49.1593],[-0.9313,49.1578],[-0.9407,49.1525],[-0.9372,49.1506],[-0.9333,49.1461],[-0.9303,49.1444],[-0.9243,49.1447],[-0.9225,49.1411],[-0.9156,49.141],[-0.9083,49.139],[-0.9038,49.1358]]]}},{"type":"Feature","properties":{"code":"50048","nom":"Beslon","pop":562},"geometry":{"type":"Polygon","coordinates":[[[-1.1215,48.8483],[-1.1246,48.8484],[-1.1303,48.85],[-1.1345,48.8483],[-1.1368,48.8439],[-1.1408,48.8412],[-1.1419,48.8375],[-1.1497,48.8345],[-1.1554,48.8364],[-1.1572,48.8363],[-1.1623,48.8416],[-1.162,48.8431],[-1.1745,48.8432],[-1.178,48.8413],[-1.184,48.8416],[-1.184,48.8468],[-1.1849,48.8495],[-1.1876,48.8487],[-1.1889,48.8531],[-1.1918,48.8521],[-1.1938,48.8549],[-1.1973,48.8569],[-1.2,48.8603],[-1.1867,48.8667],[-1.1838,48.8698],[-1.1743,48.8722],[-1.1675,48.8758],[-1.1634,48.8765],[-1.1522,48.8793],[-1.1529,48.8807],[-1.1488,48.882],[-1.1466,48.8813],[-1.1445,48.878],[-1.1456,48.8763],[-1.1437,48.8742],[-1.1413,48.8735],[-1.1349,48.8733],[-1.1299,48.8709],[-1.1261,48.8704],[-1.1297,48.8673],[-1.1267,48.8647],[-1.1284,48.8628],[-1.1225,48.8589],[-1.1202,48.8565],[-1.1218,48.8547],[-1.1215,48.8483]]]}},{"type":"Feature","properties":{"code":"50049","nom":"Besneville","pop":661},"geometry":{"type":"Polygon","coordinates":[[[-1.6376,49.3622],[-1.6389,49.3654],[-1.6469,49.3694],[-1.6491,49.372],[-1.6548,49.3708],[-1.6613,49.3725],[-1.6656,49.375],[-1.6669,49.3739],[-1.6717,49.3767],[-1.6713,49.3782],[-1.667,49.3799],[-1.6686,49.3849],[-1.6653,49.3848],[-1.6593,49.3865],[-1.6538,49.3891],[-1.6436,49.3954],[-1.6403,49.3979],[-1.6283,49.3998],[-1.6255,49.3991],[-1.6193,49.401],[-1.6118,49.4015],[-1.6096,49.4006],[-1.6115,49.3972],[-1.609,49.3932],[-1.6097,49.3889],[-1.6088,49.3855],[-1.605,49.3822],[-1.6017,49.3805],[-1.5983,49.3761],[-1.5936,49.3746],[-1.592,49.3728],[-1.5935,49.3697],[-1.5944,49.3652],[-1.5929,49.3631],[-1.5943,49.361],[-1.5934,49.3593],[-1.598,49.3563],[-1.602,49.3556],[-1.6063,49.3535],[-1.6115,49.3535],[-1.6184,49.3513],[-1.6217,49.3512],[-1.6274,49.3563],[-1.6305,49.3548],[-1.6376,49.3622]]]}},{"type":"Feature","properties":{"code":"50050","nom":"Beuvrigny","pop":131},"geometry":{"type":"Polygon","coordinates":[[[-1.0005,48.9782],[-0.9957,48.9775],[-0.9939,48.9785],[-0.988,48.9761],[-0.9844,48.9737],[-0.9821,48.9711],[-0.98,48.9647],[-0.9893,48.9604],[-0.9987,48.957],[-1.0022,48.9563],[-0.9998,48.9522],[-0.9975,48.9503],[-1.0001,48.95],[-1.0067,48.9552],[-1.0158,48.954],[-1.0204,48.953],[-1.0224,48.9564],[-1.0275,48.9626],[-1.0256,48.9634],[-1.0269,48.9658],[-1.0251,48.9674],[-1.0173,48.9711],[-1.0146,48.9722],[-1.0139,48.975],[-1.0159,48.9791],[-1.0079,48.9809],[-1.0045,48.9807],[-1.0005,48.9782]]]}},{"type":"Feature","properties":{"code":"50052","nom":"Beuzeville-la-Bastille","pop":148},"geometry":{"type":"Polygon","coordinates":[[[-1.3486,49.359],[-1.3475,49.3561],[-1.3439,49.3574],[-1.3407,49.3565],[-1.3643,49.3457],[-1.3726,49.341],[-1.3763,49.3366],[-1.3807,49.3348],[-1.3741,49.3429],[-1.3804,49.3443],[-1.3852,49.3498],[-1.386,49.3536],[-1.3821,49.3548],[-1.3789,49.3572],[-1.3745,49.3571],[-1.371,49.358],[-1.366,49.3616],[-1.3592,49.362],[-1.3573,49.365],[-1.355,49.3648],[-1.3506,49.3644],[-1.3488,49.3633],[-1.3486,49.359]]]}},{"type":"Feature","properties":{"code":"50054","nom":"Biéville","pop":198},"geometry":{"type":"Polygon","coordinates":[[[-0.8887,49.088],[-0.8805,49.0891],[-0.872,49.0813],[-0.8703,49.078],[-0.8715,49.0767],[-0.8709,49.0735],[-0.8696,49.0692],[-0.8791,49.0664],[-0.89,49.0645],[-0.8989,49.0623],[-0.9015,49.0607],[-0.9083,49.0586],[-0.9082,49.0629],[-0.9101,49.063],[-0.908,49.0658],[-0.9056,49.0743],[-0.9041,49.0746],[-0.9028,49.0783],[-0.897,49.0802],[-0.8945,49.0803],[-0.8918,49.0838],[-0.8888,49.0856],[-0.8887,49.088]]]}},{"type":"Feature","properties":{"code":"50055","nom":"Biniville","pop":118},"geometry":{"type":"Polygon","coordinates":[[[-1.4946,49.4398],[-1.4903,49.4389],[-1.4831,49.4353],[-1.4735,49.4386],[-1.4726,49.4374],[-1.475,49.4323],[-1.4722,49.4308],[-1.4717,49.4289],[-1.4734,49.4267],[-1.4772,49.4243],[-1.4778,49.4222],[-1.4821,49.421],[-1.4914,49.4212],[-1.4974,49.4226],[-1.5012,49.4222],[-1.5013,49.4263],[-1.4999,49.4283],[-1.494,49.4314],[-1.4946,49.4398]]]}},{"type":"Feature","properties":{"code":"50058","nom":"Blainville-sur-Mer","pop":1600},"geometry":{"type":"Polygon","coordinates":[[[-1.5327,49.0762],[-1.5354,49.0759],[-1.5416,49.0776],[-1.547,49.0764],[-1.5488,49.0736],[-1.5464,49.0713],[-1.5458,49.0656],[-1.5477,49.0643],[-1.5568,49.0603],[-1.5638,49.0583],[-1.5679,49.0587],[-1.5693,49.0573],[-1.5724,49.0575],[-1.5828,49.0609],[-1.5896,49.0612],[-1.5913,49.0606],[-1.5981,49.0604],[-1.5983,49.0636],[-1.5955,49.0668],[-1.6023,49.0689],[-1.5996,49.0724],[-1.5974,49.0733],[-1.5986,49.0753],[-1.6025,49.0762],[-1.6027,49.0784],[-1.6068,49.0784],[-1.6105,49.0834],[-1.5957,49.0844],[-1.582,49.0851],[-1.579,49.0856],[-1.5739,49.0851],[-1.5604,49.0847],[-1.5575,49.0841],[-1.5478,49.0839],[-1.5448,49.0829],[-1.5383,49.0829],[-1.5302,49.0823],[-1.5273,49.0815],[-1.5283,49.0798],[-1.5327,49.0762]]]}},{"type":"Feature","properties":{"code":"50059","nom":"Blosville","pop":310},"geometry":{"type":"Polygon","coordinates":[[[-1.3164,49.3631],[-1.3297,49.3613],[-1.3314,49.3629],[-1.3141,49.3673],[-1.3107,49.3688],[-1.3074,49.369],[-1.3012,49.3654],[-1.2958,49.3664],[-1.2957,49.3701],[-1.2941,49.3754],[-1.296,49.3803],[-1.2711,49.3814],[-1.2661,49.3851],[-1.2633,49.3857],[-1.2601,49.3843],[-1.2638,49.3814],[-1.2702,49.3815],[-1.2701,49.379],[-1.273,49.3735],[-1.2737,49.3644],[-1.2767,49.366],[-1.287,49.3624],[-1.2881,49.3643],[-1.296,49.3631],[-1.2967,49.3641],[-1.3054,49.3639],[-1.3164,49.3631]]]}},{"type":"Feature","properties":{"code":"50060","nom":"La Bloutière","pop":423},"geometry":{"type":"Polygon","coordinates":[[[-1.2851,48.8813],[-1.278,48.8795],[-1.2755,48.876],[-1.2743,48.8804],[-1.2697,48.8815],[-1.2622,48.8846],[-1.2591,48.8842],[-1.2506,48.8845],[-1.2468,48.8866],[-1.2419,48.8846],[-1.2424,48.8816],[-1.2348,48.8791],[-1.2315,48.8757],[-1.2259,48.8689],[-1.2255,48.8659],[-1.2236,48.8651],[-1.2184,48.8646],[-1.2163,48.8635],[-1.217,48.8614],[-1.2203,48.8596],[-1.2201,48.8566],[-1.2234,48.8555],[-1.2287,48.856],[-1.2335,48.8553],[-1.2314,48.8532],[-1.2328,48.8516],[-1.239,48.8562],[-1.2438,48.8548],[-1.2464,48.859],[-1.2492,48.8588],[-1.2522,48.861],[-1.2583,48.8629],[-1.2606,48.8665],[-1.2625,48.8677],[-1.2669,48.8682],[-1.2694,48.867],[-1.2718,48.8691],[-1.2759,48.8708],[-1.2762,48.8726],[-1.2807,48.8725],[-1.2861,48.8786],[-1.2851,48.8813]]]}},{"type":"Feature","properties":{"code":"50062","nom":"Boisyvon","pop":100},"geometry":{"type":"Polygon","coordinates":[[[-1.1287,48.8173],[-1.1254,48.8183],[-1.1224,48.8157],[-1.1158,48.8183],[-1.113,48.8151],[-1.1153,48.8141],[-1.1177,48.8108],[-1.1152,48.8073],[-1.1136,48.8015],[-1.1138,48.7987],[-1.1241,48.7979],[-1.1328,48.7988],[-1.1346,48.7982],[-1.1369,48.7974],[-1.1498,48.7949],[-1.1474,48.7972],[-1.1439,48.7979],[-1.1409,48.801],[-1.141,48.8038],[-1.1426,48.807],[-1.1371,48.8102],[-1.1341,48.8136],[-1.1287,48.8173]]]}},{"type":"Feature","properties":{"code":"50064","nom":"La Bonneville","pop":173},"geometry":{"type":"Polygon","coordinates":[[[-1.4672,49.3682],[-1.4677,49.3701],[-1.4651,49.3714],[-1.4675,49.3808],[-1.4688,49.3831],[-1.4704,49.3897],[-1.4678,49.3947],[-1.4659,49.397],[-1.4693,49.4001],[-1.4744,49.3979],[-1.4781,49.3997],[-1.4792,49.4023],[-1.4835,49.4029],[-1.4852,49.4007],[-1.4835,49.4037],[-1.4804,49.4056],[-1.4763,49.4057],[-1.4727,49.4045],[-1.4681,49.4043],[-1.459,49.4069],[-1.4559,49.4085],[-1.4531,49.4092],[-1.4499,49.4073],[-1.4464,49.407],[-1.4463,49.4048],[-1.4431,49.4049],[-1.4434,49.3991],[-1.4446,49.3977],[-1.4432,49.3942],[-1.4448,49.3925],[-1.4427,49.3896],[-1.4439,49.3874],[-1.45,49.3854],[-1.4546,49.3824],[-1.4575,49.3796],[-1.4581,49.3674],[-1.4577,49.3661],[-1.4595,49.3656],[-1.4672,49.3682]]]}},{"type":"Feature","properties":{"code":"50066","nom":"Jullouville","pop":2394},"geometry":{"type":"Polygon","coordinates":[[[-1.571,48.766],[-1.5698,48.7745],[-1.5694,48.7857],[-1.5697,48.7884],[-1.5654,48.7881],[-1.5654,48.7847],[-1.5595,48.7811],[-1.5525,48.7818],[-1.5474,48.7794],[-1.5427,48.7802],[-1.5364,48.7845],[-1.5299,48.7837],[-1.526,48.7857],[-1.5217,48.7836],[-1.5135,48.7782],[-1.5126,48.7748],[-1.5098,48.7744],[-1.505,48.7759],[-1.502,48.7746],[-1.4998,48.7755],[-1.496,48.7748],[-1.4939,48.7762],[-1.4903,48.7762],[-1.4888,48.7751],[-1.4895,48.7692],[-1.488,48.7679],[-1.4883,48.7616],[-1.4931,48.7618],[-1.4931,48.7572],[-1.4941,48.7534],[-1.4957,48.7507],[-1.4952,48.7468],[-1.4922,48.7447],[-1.4911,48.7417],[-1.4934,48.7391],[-1.4955,48.7383],[-1.4993,48.7387],[-1.5053,48.7372],[-1.5149,48.7376],[-1.517,48.7382],[-1.5173,48.7418],[-1.5188,48.7436],[-1.5245,48.7436],[-1.5266,48.7469],[-1.5263,48.7489],[-1.5287,48.7494],[-1.5366,48.7463],[-1.5394,48.7463],[-1.5467,48.7487],[-1.5508,48.7529],[-1.5494,48.7546],[-1.5528,48.7554],[-1.5555,48.7587],[-1.5615,48.7588],[-1.5713,48.7613],[-1.5704,48.7635],[-1.571,48.766]]]}},{"type":"Feature","properties":{"code":"50069","nom":"Bourguenolles","pop":349},"geometry":{"type":"Polygon","coordinates":[[[-1.2742,48.7822],[-1.2796,48.7819],[-1.2886,48.7783],[-1.2932,48.7822],[-1.2995,48.7848],[-1.3033,48.7858],[-1.3075,48.7855],[-1.3101,48.7887],[-1.312,48.7885],[-1.3163,48.7904],[-1.3107,48.7917],[-1.3059,48.7948],[-1.2992,48.801],[-1.3012,48.8062],[-1.2962,48.8089],[-1.2928,48.808],[-1.2907,48.8106],[-1.2857,48.8084],[-1.2888,48.8051],[-1.2832,48.8039],[-1.278,48.8052],[-1.273,48.8057],[-1.2709,48.8037],[-1.2652,48.803],[-1.2623,48.8039],[-1.2622,48.8019],[-1.2656,48.7972],[-1.2642,48.7945],[-1.2676,48.7879],[-1.2668,48.7869],[-1.2742,48.7822]]]}},{"type":"Feature","properties":{"code":"50070","nom":"Boutteville","pop":57},"geometry":{"type":"Polygon","coordinates":[[[-1.2696,49.3914],[-1.268,49.393],[-1.261,49.3951],[-1.2587,49.3951],[-1.2512,49.3977],[-1.2478,49.3949],[-1.2391,49.39],[-1.2475,49.3874],[-1.2508,49.3857],[-1.2568,49.3853],[-1.2601,49.3843],[-1.2633,49.3857],[-1.2696,49.3914]]]}},{"type":"Feature","properties":{"code":"50072","nom":"Brainville","pop":214},"geometry":{"type":"Polygon","coordinates":[[[-1.4806,49.0828],[-1.4782,49.0787],[-1.4809,49.0751],[-1.4854,49.0766],[-1.4881,49.0759],[-1.4919,49.0776],[-1.4973,49.0774],[-1.5037,49.0795],[-1.5076,49.0799],[-1.5106,49.0812],[-1.5135,49.0781],[-1.518,49.0786],[-1.5244,49.0809],[-1.5211,49.0838],[-1.5212,49.0852],[-1.5186,49.0882],[-1.5134,49.0853],[-1.5107,49.0872],[-1.5045,49.0877],[-1.4995,49.0905],[-1.4939,49.0888],[-1.4927,49.0874],[-1.4854,49.088],[-1.4812,49.0842],[-1.4806,49.0828]]]}},{"type":"Feature","properties":{"code":"50074","nom":"Brécey","pop":2172},"geometry":{"type":"Polygon","coordinates":[[[-1.1384,48.7029],[-1.1412,48.7033],[-1.1478,48.7029],[-1.1516,48.7033],[-1.1565,48.7035],[-1.1659,48.7061],[-1.1707,48.7063],[-1.1773,48.7058],[-1.1804,48.7065],[-1.1909,48.7065],[-1.1904,48.7037],[-1.196,48.7047],[-1.204,48.7046],[-1.2031,48.708],[-1.2049,48.7125],[-1.2096,48.7149],[-1.2113,48.7175],[-1.2143,48.7199],[-1.2131,48.725],[-1.2132,48.7267],[-1.2104,48.7295],[-1.2065,48.7301],[-1.2003,48.7364],[-1.1963,48.7403],[-1.193,48.7396],[-1.1912,48.7423],[-1.1835,48.7443],[-1.1836,48.7456],[-1.1773,48.7486],[-1.1768,48.7498],[-1.1684,48.7511],[-1.1658,48.7511],[-1.1641,48.7491],[-1.1558,48.7477],[-1.1519,48.7481],[-1.1483,48.7453],[-1.1486,48.7436],[-1.1443,48.7427],[-1.1414,48.7404],[-1.1397,48.7393],[-1.1401,48.7332],[-1.1419,48.7289],[-1.1411,48.7263],[-1.1452,48.7246],[-1.1464,48.7221],[-1.1455,48.7195],[-1.1469,48.7172],[-1.1467,48.7147],[-1.1418,48.7096],[-1.1412,48.7077],[-1.1385,48.7056],[-1.1384,48.7029]]]}},{"type":"Feature","properties":{"code":"50076","nom":"Bréhal","pop":3487},"geometry":{"type":"Polygon","coordinates":[[[-1.5672,48.9097],[-1.5604,48.9093],[-1.5589,48.9093],[-1.5565,48.9055],[-1.5566,48.9014],[-1.5546,48.9008],[-1.5553,48.8937],[-1.5485,48.8934],[-1.549,48.8958],[-1.5511,48.8985],[-1.5493,48.9046],[-1.5508,48.9087],[-1.5421,48.9085],[-1.5387,48.9097],[-1.5385,48.9122],[-1.5357,48.9121],[-1.5351,48.9102],[-1.5287,48.9082],[-1.5223,48.9096],[-1.5186,48.9088],[-1.5052,48.9073],[-1.5021,48.9034],[-1.4977,48.903],[-1.4936,48.9042],[-1.4895,48.9067],[-1.4849,48.905],[-1.4844,48.9048],[-1.4892,48.9006],[-1.4939,48.8986],[-1.4963,48.8948],[-1.5008,48.8943],[-1.4999,48.8925],[-1.5024,48.8853],[-1.5062,48.8832],[-1.5089,48.8848],[-1.5142,48.8847],[-1.5226,48.888],[-1.5274,48.8841],[-1.5383,48.885],[-1.5448,48.8845],[-1.5712,48.8908],[-1.5689,48.9029],[-1.5672,48.9097]]]}},{"type":"Feature","properties":{"code":"50077","nom":"Bretteville","pop":1027},"geometry":{"type":"Polygon","coordinates":[[[-1.5027,49.6646],[-1.5006,49.662],[-1.4979,49.6609],[-1.496,49.6572],[-1.4854,49.6493],[-1.4878,49.6463],[-1.4875,49.6429],[-1.4922,49.6421],[-1.4975,49.642],[-1.4998,49.6411],[-1.5031,49.642],[-1.5044,49.64],[-1.5081,49.641],[-1.5136,49.6383],[-1.5198,49.64],[-1.5242,49.6393],[-1.5252,49.6412],[-1.5224,49.6439],[-1.5252,49.6464],[-1.5269,49.6494],[-1.5285,49.6499],[-1.5315,49.6551],[-1.5268,49.6586],[-1.5234,49.6564],[-1.5208,49.6571],[-1.5163,49.6599],[-1.5074,49.6615],[-1.5027,49.6646]]]}},{"type":"Feature","properties":{"code":"50078","nom":"Bretteville-sur-Ay","pop":444},"geometry":{"type":"Polygon","coordinates":[[[-1.6001,49.2568],[-1.6049,49.2566],[-1.6108,49.2546],[-1.614,49.2513],[-1.6194,49.25],[-1.6236,49.2507],[-1.6279,49.2489],[-1.6334,49.2448],[-1.651,49.2362],[-1.656,49.2451],[-1.6571,49.2497],[-1.6606,49.2586],[-1.6407,49.263],[-1.6374,49.2661],[-1.6283,49.2668],[-1.6247,49.2693],[-1.6153,49.2729],[-1.6122,49.2717],[-1.6053,49.2724],[-1.5967,49.2714],[-1.596,49.2681],[-1.5938,49.2666],[-1.5936,49.2618],[-1.6001,49.2568]]]}},{"type":"Feature","properties":{"code":"50079","nom":"Breuville","pop":406},"geometry":{"type":"Polygon","coordinates":[[[-1.6977,49.5256],[-1.6991,49.5311],[-1.6966,49.532],[-1.7001,49.5359],[-1.7033,49.538],[-1.7006,49.5413],[-1.695,49.5435],[-1.6933,49.5461],[-1.6881,49.5493],[-1.6839,49.5473],[-1.6781,49.5461],[-1.6717,49.5479],[-1.6696,49.5461],[-1.6664,49.5482],[-1.6622,49.5486],[-1.6581,49.5458],[-1.6565,49.5426],[-1.6508,49.5429],[-1.6486,49.5458],[-1.6444,49.5475],[-1.633,49.5495],[-1.6309,49.5474],[-1.6279,49.5476],[-1.6256,49.5456],[-1.6258,49.5439],[-1.6282,49.5418],[-1.6305,49.5423],[-1.6336,49.5405],[-1.6387,49.5388],[-1.6449,49.5374],[-1.6517,49.5347],[-1.6516,49.5315],[-1.6599,49.5299],[-1.6673,49.5299],[-1.6724,49.5311],[-1.6756,49.5287],[-1.6805,49.5276],[-1.6835,49.528],[-1.691,49.5255],[-1.6935,49.5265],[-1.6977,49.5256]]]}},{"type":"Feature","properties":{"code":"50081","nom":"Bréville-sur-Mer","pop":791},"geometry":{"type":"Polygon","coordinates":[[[-1.5321,48.8707],[-1.5342,48.8703],[-1.5385,48.8663],[-1.5461,48.8613],[-1.5535,48.858],[-1.5585,48.855],[-1.5628,48.8546],[-1.5784,48.8622],[-1.5755,48.8698],[-1.5722,48.885],[-1.5715,48.885],[-1.5535,48.8799],[-1.5532,48.8807],[-1.5437,48.8792],[-1.5422,48.8763],[-1.5428,48.8745],[-1.5348,48.8736],[-1.5316,48.8728],[-1.5321,48.8707]]]}},{"type":"Feature","properties":{"code":"50082","nom":"Bricquebec-en-Cotentin","pop":5893},"geometry":{"type":"Polygon","coordinates":[[[-1.7337,49.4902],[-1.7261,49.488],[-1.7194,49.4878],[-1.7194,49.4908],[-1.7114,49.4894],[-1.7111,49.4962],[-1.7095,49.4982],[-1.6986,49.5022],[-1.6981,49.503],[-1.6892,49.5017],[-1.6773,49.498],[-1.6737,49.4973],[-1.6705,49.4999],[-1.6659,49.497],[-1.665,49.4985],[-1.6597,49.4978],[-1.6513,49.5019],[-1.6446,49.5027],[-1.639,49.5012],[-1.637,49.5031],[-1.6316,49.5041],[-1.6199,49.5107],[-1.6152,49.5121],[-1.6079,49.5133],[-1.6049,49.5154],[-1.5991,49.5168],[-1.6043,49.5106],[-1.6008,49.5098],[-1.6039,49.5074],[-1.6061,49.5032],[-1.6131,49.4997],[-1.6172,49.5002],[-1.6171,49.5023],[-1.6215,49.5026],[-1.6247,49.4997],[-1.6264,49.5018],[-1.6295,49.5024],[-1.6299,49.4997],[-1.6249,49.498],[-1.625,49.4956],[-1.6177,49.4921],[-1.6078,49.4905],[-1.6076,49.4882],[-1.5975,49.4836],[-1.5957,49.482],[-1.595,49.4798],[-1.5902,49.4788],[-1.5863,49.4744],[-1.5834,49.4693],[-1.5839,49.4639],[-1.5838,49.4536],[-1.5819,49.4524],[-1.5813,49.4507],[-1.5763,49.4486],[-1.5774,49.4462],[-1.5816,49.4489],[-1.586,49.4491],[-1.5881,49.4504],[-1.5919,49.4506],[-1.5938,49.4493],[-1.5937,49.4467],[-1.5978,49.4469],[-1.601,49.4455],[-1.6053,49.4455],[-1.6062,49.4444],[-1.6136,49.4442],[-1.6182,49.4464],[-1.6216,49.4448],[-1.6318,49.4421],[-1.6359,49.4388],[-1.6421,49.438],[-1.647,49.4389],[-1.6481,49.4355],[-1.6518,49.4329],[-1.6521,49.4312],[-1.6473,49.4293],[-1.6468,49.4242],[-1.648,49.4195],[-1.654,49.4132],[-1.6522,49.4104],[-1.6557,49.4117],[-1.6701,49.4074],[-1.6726,49.4076],[-1.671,49.4114],[-1.6714,49.4151],[-1.6682,49.4189],[-1.6706,49.4226],[-1.669,49.4233],[-1.6645,49.4277],[-1.6632,49.4316],[-1.6614,49.4321],[-1.6612,49.4369],[-1.6598,49.4384],[-1.6611,49.4401],[-1.6666,49.4404],[-1.6691,49.4391],[-1.6713,49.4406],[-1.6744,49.4404],[-1.6751,49.4383],[-1.679,49.4375],[-1.6862,49.4389],[-1.6899,49.4383],[-1.6949,49.4355],[-1.7044,49.4328],[-1.71,49.4333],[-1.7117,49.4323],[-1.7199,49.4313],[-1.7262,49.4312],[-1.7297,49.4303],[-1.7431,49.4255],[-1.7479,49.4242],[-1.7496,49.4285],[-1.7475,49.4302],[-1.7479,49.4342],[-1.7464,49.4364],[-1.7479,49.4376],[-1.7465,49.4403],[-1.743,49.4452],[-1.7395,49.4472],[-1.7452,49.4551],[-1.7479,49.4623],[-1.7497,49.4622],[-1.7441,49.4641],[-1.7459,49.4675],[-1.7364,49.469],[-1.7414,49.4734],[-1.7382,49.4778],[-1.7368,49.4826],[-1.7341,49.4861],[-1.7337,49.4902]]]}},{"type":"Feature","properties":{"code":"50083","nom":"Bricquebosq","pop":638},"geometry":{"type":"Polygon","coordinates":[[[-1.6933,49.5461],[-1.695,49.5435],[-1.7006,49.5413],[-1.7033,49.538],[-1.7001,49.5359],[-1.6966,49.532],[-1.6991,49.5311],[-1.6977,49.5256],[-1.7007,49.523],[-1.7029,49.5223],[-1.7119,49.5179],[-1.7174,49.5208],[-1.7228,49.5255],[-1.7257,49.5254],[-1.7296,49.5273],[-1.7322,49.5277],[-1.7345,49.5304],[-1.7362,49.5298],[-1.7452,49.5382],[-1.7433,49.5404],[-1.7406,49.5415],[-1.741,49.547],[-1.7343,49.5485],[-1.7349,49.5503],[-1.7319,49.5514],[-1.7309,49.5492],[-1.724,49.5489],[-1.7239,49.5463],[-1.7183,49.5472],[-1.7164,49.5484],[-1.7107,49.548],[-1.7088,49.549],[-1.7045,49.5496],[-1.702,49.5486],[-1.7032,49.5469],[-1.699,49.546],[-1.6933,49.5461]]]}},{"type":"Feature","properties":{"code":"50084","nom":"Bricqueville-la-Blouette","pop":530},"geometry":{"type":"Polygon","coordinates":[[[-1.4869,49.0528],[-1.4841,49.0516],[-1.4794,49.051],[-1.4778,49.0469],[-1.4708,49.0493],[-1.4669,49.049],[-1.4641,49.0476],[-1.4639,49.0436],[-1.4593,49.0448],[-1.4584,49.0434],[-1.4574,49.0405],[-1.4616,49.0387],[-1.4615,49.0354],[-1.4627,49.0341],[-1.4617,49.0317],[-1.4622,49.0292],[-1.4679,49.0281],[-1.4731,49.0295],[-1.4826,49.0271],[-1.4872,49.0266],[-1.4894,49.0235],[-1.4991,49.0243],[-1.4937,49.0301],[-1.4954,49.0345],[-1.4986,49.0365],[-1.4976,49.0385],[-1.4974,49.043],[-1.4893,49.0507],[-1.4869,49.0528]]]}},{"type":"Feature","properties":{"code":"50085","nom":"Bricqueville-sur-Mer","pop":1261},"geometry":{"type":"MultiPolygon","coordinates":[[[[-1.5129,48.9316],[-1.5087,48.9285],[-1.5007,48.9254],[-1.497,48.9233],[-1.4938,48.9225],[-1.4845,48.9251],[-1.48,48.9279],[-1.4743,48.9242],[-1.4749,48.9213],[-1.4744,48.9157],[-1.4825,48.9117],[-1.4846,48.9073],[-1.4849,48.905],[-1.4895,48.9067],[-1.4936,48.9042],[-1.4977,48.903],[-1.5021,48.9034],[-1.5052,48.9073],[-1.5186,48.9088],[-1.5223,48.9096],[-1.5287,48.9082],[-1.5351,48.9102],[-1.5357,48.9121],[-1.5385,48.9122],[-1.5387,48.9097],[-1.5421,48.9085],[-1.5508,48.9087],[-1.5502,48.9116],[-1.5484,48.9119],[-1.5478,48.9157],[-1.5486,48.9198],[-1.5472,48.922],[-1.5484,48.9252],[-1.5436,48.9312],[-1.5397,48.9323],[-1.537,48.9327],[-1.5351,48.9309],[-1.5313,48.931],[-1.5299,48.9299],[-1.5256,48.9297],[-1.5212,48.9319],[-1.5199,48.9308],[-1.5129,48.9316]]],[[[-1.5604,48.9093],[-1.5672,48.9097],[-1.565,48.9218],[-1.563,48.9252],[-1.5589,48.9295],[-1.5575,48.929],[-1.5588,48.9244],[-1.5568,48.9223],[-1.5605,48.9208],[-1.5621,48.9126],[-1.5596,48.9115],[-1.5604,48.9093]]]]}},{"type":"Feature","properties":{"code":"50086","nom":"Brillevast","pop":318},"geometry":{"type":"Polygon","coordinates":[[[-1.3826,49.6313],[-1.3771,49.6255],[-1.3812,49.6236],[-1.3877,49.6251],[-1.3921,49.6274],[-1.3984,49.6225],[-1.397,49.6197],[-1.392,49.6156],[-1.3939,49.6148],[-1.3962,49.6155],[-1.4009,49.615],[-1.4075,49.6115],[-1.418,49.6118],[-1.4219,49.6135],[-1.4258,49.6129],[-1.4294,49.6128],[-1.438,49.6164],[-1.4426,49.6163],[-1.4432,49.6207],[-1.4376,49.6233],[-1.4351,49.6315],[-1.4335,49.6335],[-1.4284,49.6364],[-1.4256,49.636],[-1.4221,49.6391],[-1.4201,49.6385],[-1.4109,49.6374],[-1.3972,49.6383],[-1.3938,49.6373],[-1.3911,49.6351],[-1.3826,49.6313]]]}},{"type":"Feature","properties":{"code":"50087","nom":"Brix","pop":2165},"geometry":{"type":"Polygon","coordinates":[[[-1.5527,49.5298],[-1.556,49.5273],[-1.5549,49.5257],[-1.5569,49.5233],[-1.5628,49.5215],[-1.5627,49.5223],[-1.5684,49.5295],[-1.5723,49.532],[-1.5734,49.535],[-1.5776,49.5385],[-1.5875,49.5384],[-1.5897,49.5374],[-1.5926,49.5385],[-1.6019,49.5343],[-1.6053,49.5312],[-1.6149,49.5343],[-1.6209,49.5328],[-1.6238,49.534],[-1.6222,49.5365],[-1.6237,49.5387],[-1.6282,49.5418],[-1.6258,49.5439],[-1.6256,49.5456],[-1.6279,49.5476],[-1.6309,49.5474],[-1.633,49.5495],[-1.6323,49.5514],[-1.6379,49.5587],[-1.6375,49.5596],[-1.6307,49.5606],[-1.6276,49.5623],[-1.6239,49.563],[-1.6212,49.5622],[-1.6149,49.5641],[-1.6093,49.5646],[-1.5995,49.5665],[-1.5935,49.5669],[-1.5899,49.5685],[-1.5889,49.5707],[-1.581,49.5747],[-1.5782,49.5741],[-1.5765,49.5757],[-1.5754,49.579],[-1.5768,49.5797],[-1.5737,49.5824],[-1.5684,49.581],[-1.5648,49.581],[-1.5571,49.5792],[-1.5544,49.5765],[-1.5486,49.5763],[-1.5456,49.5753],[-1.5427,49.5785],[-1.5392,49.5806],[-1.532,49.5752],[-1.5316,49.571],[-1.5278,49.5686],[-1.5272,49.5657],[-1.5217,49.5579],[-1.519,49.5559],[-1.5188,49.5492],[-1.5205,49.5467],[-1.5319,49.5401],[-1.5384,49.5401],[-1.5512,49.5344],[-1.5527,49.5298]]]}},{"type":"Feature","properties":{"code":"50088","nom":"Brouains","pop":140},"geometry":{"type":"Polygon","coordinates":[[[-0.9788,48.7266],[-0.975,48.7281],[-0.9751,48.73],[-0.9717,48.7303],[-0.9718,48.7321],[-0.9682,48.733],[-0.9682,48.7345],[-0.963,48.7343],[-0.9638,48.7326],[-0.9604,48.7317],[-0.9597,48.7288],[-0.962,48.7282],[-0.9592,48.7238],[-0.9551,48.7237],[-0.9525,48.7225],[-0.9542,48.7202],[-0.9501,48.7164],[-0.95,48.7134],[-0.9578,48.7123],[-0.9607,48.7107],[-0.966,48.7109],[-0.9687,48.7103],[-0.9719,48.7115],[-0.9744,48.7154],[-0.9769,48.718],[-0.9847,48.723],[-0.9845,48.7243],[-0.9788,48.7266]]]}},{"type":"Feature","properties":{"code":"50090","nom":"Buais-Les-Monts","pop":611},"geometry":{"type":"Polygon","coordinates":[[[-0.9445,48.5146],[-0.9463,48.5141],[-0.9524,48.5168],[-0.9554,48.5173],[-0.9581,48.5152],[-0.9633,48.5129],[-0.9644,48.5111],[-0.9624,48.507],[-0.9624,48.5036],[-0.9666,48.5],[-0.9714,48.5008],[-0.9709,48.4959],[-0.9727,48.4943],[-0.9768,48.493],[-0.9827,48.4929],[-0.9864,48.4939],[-0.99,48.4938],[-0.9961,48.4924],[-0.9989,48.4898],[-1.0029,48.4891],[-1.0075,48.4904],[-1.0094,48.4925],[-1.0117,48.493],[-1.007,48.4968],[-1.0059,48.5002],[-1.0027,48.5036],[-1.0023,48.509],[-1.0007,48.5123],[-0.9936,48.5174],[-0.9948,48.5213],[-0.9933,48.5334],[-0.9936,48.535],[-0.9986,48.5343],[-1.006,48.535],[-1.0123,48.5341],[-1.0144,48.5357],[-1.0181,48.5359],[-1.0166,48.5374],[-1.0169,48.5401],[-1.0148,48.5446],[-1.0148,48.5479],[-1.007,48.5443],[-1.0033,48.5437],[-1.0032,48.5482],[-1.0009,48.5525],[-0.9991,48.5543],[-0.9951,48.5517],[-0.9928,48.5488],[-0.9875,48.5483],[-0.9818,48.5503],[-0.9774,48.5493],[-0.975,48.5537],[-0.9754,48.5546],[-0.9671,48.5561],[-0.9648,48.5587],[-0.9614,48.5599],[-0.9524,48.5573],[-0.9571,48.5518],[-0.9616,48.5494],[-0.9634,48.5455],[-0.9698,48.544],[-0.9688,48.5417],[-0.9701,48.536],[-0.969,48.528],[-0.9629,48.5309],[-0.9573,48.5313],[-0.9554,48.5343],[-0.957,48.5371],[-0.9564,48.5406],[-0.9519,48.5444],[-0.944,48.546],[-0.9356,48.5507],[-0.9318,48.5484],[-0.933,48.5447],[-0.932,48.5434],[-0.9327,48.5406],[-0.9315,48.5371],[-0.9329,48.5361],[-0.9347,48.5321],[-0.94,48.5294],[-0.9394,48.5256],[-0.9379,48.5255],[-0.9403,48.5181],[-0.9441,48.519],[-0.9445,48.5146]]]}},{"type":"Feature","properties":{"code":"50092","nom":"Cambernon","pop":677},"geometry":{"type":"Polygon","coordinates":[[[-1.3686,49.111],[-1.3664,49.1085],[-1.3572,49.1081],[-1.3551,49.1054],[-1.3498,49.1047],[-1.3496,49.0984],[-1.3527,49.0879],[-1.3529,49.0834],[-1.3559,49.0767],[-1.3607,49.0736],[-1.372,49.0712],[-1.3826,49.0684],[-1.3915,49.0666],[-1.4111,49.0608],[-1.4192,49.0581],[-1.4186,49.0604],[-1.4152,49.0624],[-1.4143,49.0658],[-1.4117,49.0677],[-1.4105,49.0717],[-1.4111,49.0753],[-1.4133,49.0768],[-1.4102,49.079],[-1.4108,49.0803],[-1.4037,49.0867],[-1.4034,49.0884],[-1.3967,49.0955],[-1.398,49.101],[-1.3937,49.1022],[-1.3938,49.1061],[-1.3921,49.108],[-1.3868,49.11],[-1.3869,49.1117],[-1.3821,49.1123],[-1.3802,49.1112],[-1.3763,49.1112],[-1.3726,49.1097],[-1.3686,49.111]]]}},{"type":"Feature","properties":{"code":"50093","nom":"Cametours","pop":434},"geometry":{"type":"Polygon","coordinates":[[[-1.3055,49.0797],[-1.3,49.0805],[-1.2799,49.0848],[-1.2628,49.0884],[-1.2609,49.0879],[-1.2644,49.0839],[-1.2667,49.0828],[-1.2688,49.0801],[-1.2674,49.0764],[-1.2741,49.0692],[-1.2675,49.0644],[-1.2682,49.0619],[-1.265,49.0588],[-1.2666,49.0572],[-1.272,49.0578],[-1.2761,49.0573],[-1.2792,49.0556],[-1.285,49.0558],[-1.2866,49.0591],[-1.2915,49.0573],[-1.3,49.0572],[-1.3001,49.0574],[-1.3001,49.0593],[-1.3041,49.0629],[-1.3027,49.0635],[-1.3046,49.0672],[-1.301,49.0718],[-1.2995,49.0751],[-1.3025,49.0757],[-1.3052,49.0779],[-1.3055,49.0797]]]}},{"type":"Feature","properties":{"code":"50094","nom":"Camprond","pop":374},"geometry":{"type":"Polygon","coordinates":[[[-1.3186,49.0777],[-1.3323,49.0741],[-1.3364,49.0739],[-1.3607,49.0736],[-1.3559,49.0767],[-1.3529,49.0834],[-1.3527,49.0879],[-1.3496,49.0984],[-1.3498,49.1047],[-1.3446,49.1039],[-1.3459,49.0984],[-1.3378,49.0998],[-1.3333,49.0993],[-1.3362,49.097],[-1.3316,49.0963],[-1.3297,49.0942],[-1.3241,49.0931],[-1.3217,49.0912],[-1.319,49.0875],[-1.3195,49.0803],[-1.3186,49.0777]]]}},{"type":"Feature","properties":{"code":"50095","nom":"Canisy","pop":1707},"geometry":{"type":"Polygon","coordinates":[[[-1.1133,49.0884],[-1.1148,49.0834],[-1.1195,49.0805],[-1.1265,49.0744],[-1.1304,49.0701],[-1.1351,49.0682],[-1.1426,49.0631],[-1.145,49.0608],[-1.1457,49.0581],[-1.1424,49.0533],[-1.1437,49.0515],[-1.1446,49.0474],[-1.1463,49.0458],[-1.1494,49.0464],[-1.1507,49.0437],[-1.155,49.039],[-1.1573,49.0396],[-1.1649,49.0469],[-1.1601,49.0502],[-1.1631,49.0532],[-1.1666,49.058],[-1.1679,49.0618],[-1.1697,49.0642],[-1.1795,49.0627],[-1.1801,49.0662],[-1.1863,49.0732],[-1.1849,49.074],[-1.195,49.0799],[-1.1937,49.082],[-1.1995,49.0906],[-1.2034,49.0905],[-1.2032,49.0929],[-1.1999,49.0959],[-1.198,49.1021],[-1.1936,49.0988],[-1.1931,49.0958],[-1.1903,49.0954],[-1.1821,49.0916],[-1.1833,49.0892],[-1.1799,49.0879],[-1.1756,49.0845],[-1.1738,49.0819],[-1.1673,49.0847],[-1.1637,49.0889],[-1.1532,49.0926],[-1.1473,49.093],[-1.1436,49.0913],[-1.1413,49.0919],[-1.1368,49.0906],[-1.1342,49.0918],[-1.1264,49.0938],[-1.1253,49.0948],[-1.1222,49.0946],[-1.1207,49.0924],[-1.1152,49.091],[-1.1181,49.0897],[-1.1133,49.0884]]]}},{"type":"Feature","properties":{"code":"50096","nom":"Canteloup","pop":220},"geometry":{"type":"Polygon","coordinates":[[[-1.3463,49.6378],[-1.3542,49.6354],[-1.3541,49.6308],[-1.3562,49.6295],[-1.3597,49.6303],[-1.3639,49.6296],[-1.3826,49.6313],[-1.375,49.6379],[-1.3714,49.6397],[-1.372,49.643],[-1.3694,49.643],[-1.3672,49.6467],[-1.3603,49.6494],[-1.3567,49.6515],[-1.3537,49.6516],[-1.3493,49.6545],[-1.3478,49.6522],[-1.3443,49.6526],[-1.3426,49.6496],[-1.3423,49.6427],[-1.3463,49.6378]]]}},{"type":"Feature","properties":{"code":"50097","nom":"Canville-la-Rocque","pop":125},"geometry":{"type":"Polygon","coordinates":[[[-1.6394,49.3323],[-1.6426,49.3345],[-1.6452,49.3349],[-1.6535,49.3344],[-1.6565,49.3349],[-1.6564,49.3368],[-1.6499,49.34],[-1.6561,49.3433],[-1.6488,49.3472],[-1.6469,49.3519],[-1.6474,49.3538],[-1.651,49.3546],[-1.6517,49.3569],[-1.6511,49.3611],[-1.6438,49.3576],[-1.643,49.3599],[-1.6405,49.3618],[-1.6376,49.3622],[-1.6305,49.3548],[-1.6274,49.3563],[-1.6217,49.3512],[-1.6184,49.3513],[-1.6115,49.3535],[-1.6063,49.3535],[-1.6117,49.3503],[-1.6161,49.3476],[-1.6213,49.3457],[-1.6284,49.3417],[-1.6288,49.3397],[-1.6342,49.3375],[-1.6394,49.3323]]]}},{"type":"Feature","properties":{"code":"50098","nom":"Carantilly","pop":619},"geometry":{"type":"Polygon","coordinates":[[[-1.265,49.0588],[-1.2682,49.0619],[-1.2675,49.0644],[-1.2741,49.0692],[-1.2674,49.0764],[-1.2688,49.0801],[-1.2667,49.0828],[-1.2644,49.0839],[-1.2609,49.0879],[-1.259,49.0875],[-1.2404,49.091],[-1.2398,49.0904],[-1.2397,49.0827],[-1.241,49.0803],[-1.239,49.079],[-1.2397,49.0773],[-1.2366,49.0685],[-1.2386,49.0658],[-1.2344,49.0613],[-1.229,49.0582],[-1.2289,49.0564],[-1.2249,49.0501],[-1.2297,49.048],[-1.2329,49.0454],[-1.234,49.0433],[-1.2388,49.0411],[-1.2407,49.0416],[-1.2481,49.046],[-1.2532,49.047],[-1.254,49.0492],[-1.2601,49.0528],[-1.2629,49.0555],[-1.2616,49.0582],[-1.265,49.0588]]]}},{"type":"Feature","properties":{"code":"50099","nom":"Carentan-les-Marais","pop":10218},"geometry":{"type":"Polygon","coordinates":[[[-1.2424,49.3758],[-1.2389,49.3764],[-1.2361,49.3749],[-1.2297,49.3753],[-1.2266,49.3738],[-1.2236,49.3747],[-1.2166,49.3784],[-1.2113,49.3787],[-1.2084,49.3767],[-1.1994,49.3759],[-1.1947,49.3742],[-1.1953,49.3721],[-1.1936,49.3666],[-1.1919,49.3673],[-1.1879,49.3639],[-1.1854,49.3646],[-1.1825,49.3636],[-1.1834,49.3627],[-1.1829,49.3586],[-1.1859,49.3569],[-1.1815,49.3543],[-1.1823,49.3482],[-1.1844,49.3461],[-1.1942,49.3399],[-1.1964,49.3376],[-1.1987,49.3389],[-1.203,49.3357],[-1.2028,49.3346],[-1.2084,49.3336],[-1.2144,49.3312],[-1.2178,49.3269],[-1.221,49.3245],[-1.2239,49.3204],[-1.226,49.3197],[-1.2291,49.3216],[-1.2395,49.3259],[-1.2251,49.318],[-1.2235,49.3189],[-1.2193,49.324],[-1.2163,49.3266],[-1.2129,49.3311],[-1.2084,49.3328],[-1.2009,49.3336],[-1.1935,49.337],[-1.1871,49.3405],[-1.1816,49.3451],[-1.1709,49.3572],[-1.1602,49.3576],[-1.1598,49.3592],[-1.1552,49.3623],[-1.1401,49.3588],[-1.1374,49.3572],[-1.1365,49.3545],[-1.1182,49.3451],[-1.1141,49.3271],[-1.1155,49.3253],[-1.1309,49.3159],[-1.1376,49.3122],[-1.1403,49.3088],[-1.1411,49.3052],[-1.1398,49.3014],[-1.1403,49.2973],[-1.1371,49.2931],[-1.1345,49.2864],[-1.1328,49.2852],[-1.129,49.2846],[-1.1214,49.2814],[-1.1205,49.2801],[-1.1238,49.2746],[-1.1267,49.2751],[-1.128,49.2773],[-1.1328,49.2788],[-1.1349,49.2776],[-1.1326,49.2749],[-1.1359,49.2716],[-1.1347,49.2697],[-1.1289,49.2676],[-1.1271,49.2677],[-1.1283,49.2714],[-1.1263,49.2716],[-1.1238,49.2694],[-1.1252,49.2665],[-1.1225,49.2661],[-1.122,49.2637],[-1.1194,49.2633],[-1.1149,49.2643],[-1.1138,49.2617],[-1.1053,49.2532],[-1.108,49.2533],[-1.1112,49.2509],[-1.1157,49.254],[-1.1183,49.2543],[-1.1218,49.2523],[-1.1242,49.2523],[-1.1296,49.2483],[-1.1348,49.2445],[-1.1349,49.2422],[-1.1396,49.2412],[-1.1424,49.2373],[-1.1462,49.2368],[-1.1518,49.2346],[-1.1567,49.2333],[-1.1609,49.2339],[-1.1597,49.2474],[-1.1545,49.2486],[-1.1549,49.2521],[-1.1856,49.2488],[-1.199,49.262],[-1.2133,49.2649],[-1.2273,49.264],[-1.2276,49.2647],[-1.2294,49.2689],[-1.2278,49.2716],[-1.2272,49.2752],[-1.2243,49.2797],[-1.2249,49.2812],[-1.2288,49.2853],[-1.2371,49.2922],[-1.2408,49.2907],[-1.2406,49.2892],[-1.2429,49.2849],[-1.2419,49.279],[-1.243,49.2772],[-1.2478,49.2737],[-1.2514,49.2722],[-1.2576,49.2687],[-1.2648,49.264],[-1.271,49.2632],[-1.273,49.264],[-1.2765,49.2631],[-1.2755,49.265],[-1.2753,49.269],[-1.2774,49.2715],[-1.2796,49.2778],[-1.275,49.2858],[-1.2705,49.2914],[-1.2646,49.301],[-1.2653,49.305],[-1.2717,49.3065],[-1.2722,49.31],[-1.2802,49.3123],[-1.285,49.3141],[-1.2785,49.3176],[-1.283,49.3205],[-1.2888,49.3263],[-1.2944,49.3259],[-1.2959,49.3277],[-1.2963,49.3307],[-1.3002,49.3323],[-1.3001,49.3346],[-1.3041,49.336],[-1.3055,49.3387],[-1.3122,49.3371],[-1.3185,49.3376],[-1.3045,49.3471],[-1.3013,49.3543],[-1.3007,49.3626],[-1.3052,49.3629],[-1.3088,49.3562],[-1.3127,49.3556],[-1.3144,49.358],[-1.3142,49.3601],[-1.3164,49.3631],[-1.3054,49.3639],[-1.2967,49.3641],[-1.296,49.3631],[-1.2881,49.3643],[-1.287,49.3624],[-1.2767,49.366],[-1.2737,49.3644],[-1.2727,49.3611],[-1.269,49.3619],[-1.2653,49.3609],[-1.2577,49.3606],[-1.2539,49.3649],[-1.2483,49.3684],[-1.2416,49.3706],[-1.2428,49.3719],[-1.2407,49.375],[-1.2424,49.3758]]]}},{"type":"Feature","properties":{"code":"50101","nom":"Carneville","pop":240},"geometry":{"type":"Polygon","coordinates":[[[-1.4658,49.6541],[-1.4685,49.6557],[-1.4691,49.6576],[-1.4724,49.6616],[-1.4624,49.6675],[-1.4593,49.6675],[-1.4566,49.6699],[-1.4565,49.6725],[-1.4492,49.6751],[-1.4462,49.6738],[-1.4391,49.6733],[-1.4342,49.6719],[-1.436,49.6683],[-1.4323,49.6684],[-1.4273,49.6658],[-1.4262,49.6644],[-1.4268,49.6617],[-1.4335,49.657],[-1.4361,49.6539],[-1.4366,49.6484],[-1.4401,49.6421],[-1.4433,49.6407],[-1.4487,49.6452],[-1.4598,49.6506],[-1.4628,49.6511],[-1.4658,49.6541]]]}},{"type":"Feature","properties":{"code":"50102","nom":"Carolles","pop":774},"geometry":{"type":"Polygon","coordinates":[[[-1.5394,48.7463],[-1.5406,48.7446],[-1.5443,48.7431],[-1.546,48.7398],[-1.55,48.74],[-1.5533,48.7385],[-1.5562,48.7351],[-1.5607,48.736],[-1.5633,48.7377],[-1.5658,48.7411],[-1.5704,48.7437],[-1.5741,48.7524],[-1.5742,48.7554],[-1.572,48.7602],[-1.571,48.766],[-1.5704,48.7635],[-1.5713,48.7613],[-1.5615,48.7588],[-1.5555,48.7587],[-1.5528,48.7554],[-1.5494,48.7546],[-1.5508,48.7529],[-1.5467,48.7487],[-1.5394,48.7463]]]}},{"type":"Feature","properties":{"code":"50105","nom":"Catteville","pop":106},"geometry":{"type":"Polygon","coordinates":[[[-1.5452,49.3479],[-1.546,49.3467],[-1.5524,49.3455],[-1.5658,49.3445],[-1.5645,49.3485],[-1.5686,49.3498],[-1.5741,49.3502],[-1.578,49.3496],[-1.5774,49.3458],[-1.5819,49.3456],[-1.5849,49.3468],[-1.5824,49.3496],[-1.5855,49.3518],[-1.5853,49.3533],[-1.5802,49.3584],[-1.5801,49.3612],[-1.5771,49.3626],[-1.5756,49.3646],[-1.5698,49.3665],[-1.5664,49.3692],[-1.5635,49.3673],[-1.5627,49.3639],[-1.5601,49.3626],[-1.5552,49.363],[-1.5524,49.3609],[-1.5496,49.3542],[-1.5463,49.3511],[-1.5452,49.3479]]]}},{"type":"Feature","properties":{"code":"50106","nom":"Cavigny","pop":269},"geometry":{"type":"Polygon","coordinates":[[[-1.1142,49.1793],[-1.1184,49.1805],[-1.1211,49.1824],[-1.1236,49.1807],[-1.1294,49.1808],[-1.1325,49.1835],[-1.1358,49.1816],[-1.1425,49.1808],[-1.147,49.1868],[-1.1485,49.1897],[-1.1477,49.192],[-1.1441,49.1965],[-1.1422,49.1973],[-1.1357,49.1977],[-1.1304,49.2021],[-1.1274,49.2036],[-1.1219,49.2022],[-1.1131,49.2014],[-1.1121,49.1991],[-1.105,49.1988],[-1.1025,49.1971],[-1.0958,49.1982],[-1.0978,49.1941],[-1.0967,49.1933],[-1.099,49.1893],[-1.1011,49.186],[-1.1057,49.1837],[-1.1094,49.1839],[-1.1113,49.1821],[-1.1102,49.1807],[-1.1142,49.1793]]]}},{"type":"Feature","properties":{"code":"50108","nom":"Céaux","pop":414},"geometry":{"type":"Polygon","coordinates":[[[-1.4005,48.6218],[-1.3989,48.6267],[-1.4034,48.6295],[-1.4058,48.6335],[-1.413,48.6375],[-1.419,48.6378],[-1.4215,48.6396],[-1.4146,48.6399],[-1.414,48.6417],[-1.4088,48.6432],[-1.4038,48.6437],[-1.3981,48.6415],[-1.3952,48.6441],[-1.3892,48.6444],[-1.3847,48.6408],[-1.3823,48.6405],[-1.3784,48.6425],[-1.375,48.6427],[-1.368,48.6407],[-1.3676,48.6381],[-1.3653,48.6351],[-1.3618,48.6344],[-1.3608,48.6312],[-1.3622,48.6306],[-1.3636,48.6239],[-1.3598,48.6227],[-1.3606,48.6215],[-1.3575,48.6199],[-1.3591,48.6177],[-1.3597,48.6164],[-1.3671,48.6177],[-1.3733,48.6197],[-1.378,48.6179],[-1.3808,48.618],[-1.3865,48.6156],[-1.3912,48.6176],[-1.4005,48.6218]]]}},{"type":"Feature","properties":{"code":"50109","nom":"Cérences","pop":1852},"geometry":{"type":"Polygon","coordinates":[[[-1.4613,48.8892],[-1.4559,48.89],[-1.4511,48.8889],[-1.4516,48.8912],[-1.4568,48.8947],[-1.4566,48.897],[-1.4666,48.8983],[-1.4676,48.8994],[-1.4752,48.9002],[-1.4782,48.9029],[-1.4844,48.9048],[-1.4849,48.905],[-1.4846,48.9073],[-1.4825,48.9117],[-1.4744,48.9157],[-1.4749,48.9213],[-1.4743,48.9242],[-1.48,48.9279],[-1.4767,48.9298],[-1.4694,48.9301],[-1.4636,48.9287],[-1.4613,48.9271],[-1.4577,48.9269],[-1.4542,48.9297],[-1.4509,48.9314],[-1.4499,48.9335],[-1.4533,48.9349],[-1.4478,48.9384],[-1.4459,48.9419],[-1.4432,48.9387],[-1.4394,48.9371],[-1.439,48.9357],[-1.4317,48.9344],[-1.4268,48.9356],[-1.4193,48.9366],[-1.4167,48.9375],[-1.4112,48.937],[-1.4081,48.9351],[-1.4077,48.9331],[-1.405,48.9317],[-1.4042,48.9276],[-1.3995,48.9219],[-1.3943,48.9185],[-1.393,48.9154],[-1.3958,48.9148],[-1.4049,48.9094],[-1.4068,48.9064],[-1.4095,48.9045],[-1.415,48.9073],[-1.4179,48.9071],[-1.4189,48.904],[-1.4204,48.903],[-1.4204,48.8999],[-1.4171,48.8938],[-1.4178,48.8887],[-1.4193,48.8852],[-1.4196,48.8814],[-1.4165,48.8785],[-1.4183,48.8763],[-1.4217,48.8753],[-1.4239,48.873],[-1.4262,48.8737],[-1.4241,48.876],[-1.4241,48.8785],[-1.4287,48.8785],[-1.4338,48.8765],[-1.4366,48.8843],[-1.4402,48.8835],[-1.445,48.8864],[-1.4577,48.886],[-1.4613,48.8892]]]}},{"type":"Feature","properties":{"code":"50110","nom":"Cerisy-la-Forêt","pop":1004},"geometry":{"type":"Polygon","coordinates":[[[-0.987,49.1943],[-0.9822,49.1932],[-0.9733,49.1928],[-0.9655,49.1969],[-0.9543,49.2006],[-0.9527,49.2026],[-0.9531,49.2067],[-0.9448,49.211],[-0.9445,49.2132],[-0.9466,49.2152],[-0.9412,49.2177],[-0.9363,49.217],[-0.9328,49.2177],[-0.9298,49.2216],[-0.9292,49.2244],[-0.9328,49.2258],[-0.9311,49.2292],[-0.926,49.2309],[-0.9211,49.2309],[-0.9249,49.2296],[-0.9259,49.2279],[-0.9218,49.2212],[-0.9185,49.2211],[-0.9178,49.2178],[-0.9085,49.2127],[-0.9065,49.2108],[-0.9045,49.207],[-0.9016,49.2057],[-0.901,49.2029],[-0.898,49.2015],[-0.8955,49.2028],[-0.8896,49.2044],[-0.8875,49.2022],[-0.8872,49.2017],[-0.904,49.1949],[-0.9065,49.1955],[-0.9146,49.1916],[-0.9158,49.1895],[-0.9115,49.1898],[-0.9073,49.188],[-0.9092,49.1864],[-0.9062,49.1838],[-0.9137,49.185],[-0.916,49.1817],[-0.9155,49.1789],[-0.9209,49.178],[-0.9238,49.1744],[-0.9243,49.1707],[-0.924,49.1661],[-0.9258,49.164],[-0.9279,49.1646],[-0.9327,49.1622],[-0.9362,49.1612],[-0.94,49.1627],[-0.945,49.1633],[-0.9499,49.1677],[-0.9539,49.1669],[-0.9579,49.1636],[-0.9585,49.1614],[-0.9592,49.1615],[-0.9613,49.1632],[-0.9595,49.1648],[-0.9593,49.1709],[-0.9692,49.1727],[-0.9724,49.1727],[-0.9705,49.1765],[-0.9672,49.18],[-0.9849,49.1827],[-0.9841,49.1851],[-0.987,49.1868],[-0.9888,49.1912],[-0.987,49.1943]]]}},{"type":"Feature","properties":{"code":"50111","nom":"Cerisy-la-Salle","pop":1005},"geometry":{"type":"Polygon","coordinates":[[[-1.265,49.0588],[-1.2616,49.0582],[-1.2629,49.0555],[-1.2601,49.0528],[-1.254,49.0492],[-1.2532,49.047],[-1.2481,49.046],[-1.2407,49.0416],[-1.2388,49.0411],[-1.234,49.0433],[-1.2335,49.0404],[-1.2355,49.0364],[-1.2382,49.036],[-1.2443,49.0333],[-1.2452,49.0281],[-1.2429,49.0245],[-1.2449,49.0222],[-1.2444,49.0198],[-1.2449,49.0143],[-1.2491,49.0147],[-1.2532,49.0163],[-1.2588,49.0144],[-1.2665,49.0164],[-1.2714,49.0155],[-1.2724,49.0177],[-1.2767,49.0182],[-1.2781,49.0206],[-1.2813,49.0191],[-1.2902,49.0184],[-1.2901,49.0225],[-1.2889,49.0242],[-1.2912,49.0268],[-1.2952,49.0266],[-1.298,49.0277],[-1.3009,49.0274],[-1.3026,49.0306],[-1.3006,49.0314],[-1.3055,49.0358],[-1.304,49.0366],[-1.3085,49.04],[-1.303,49.0434],[-1.2982,49.0453],[-1.2949,49.0491],[-1.2977,49.0552],[-1.3,49.0572],[-1.2915,49.0573],[-1.2866,49.0591],[-1.285,49.0558],[-1.2792,49.0556],[-1.2761,49.0573],[-1.272,49.0578],[-1.2666,49.0572],[-1.265,49.0588]]]}},{"type":"Feature","properties":{"code":"50112","nom":"La Chaise-Baudouin","pop":435},"geometry":{"type":"Polygon","coordinates":[[[-1.2228,48.7845],[-1.2178,48.7861],[-1.2085,48.7853],[-1.2086,48.7842],[-1.2108,48.7792],[-1.211,48.7742],[-1.216,48.7713],[-1.2201,48.7679],[-1.2224,48.7647],[-1.2202,48.7621],[-1.2157,48.7615],[-1.2087,48.7566],[-1.2088,48.7564],[-1.21,48.754],[-1.2162,48.7552],[-1.2168,48.7539],[-1.2209,48.7516],[-1.2207,48.7483],[-1.225,48.7492],[-1.23,48.748],[-1.2342,48.7484],[-1.2418,48.7475],[-1.2462,48.7458],[-1.2528,48.7461],[-1.2557,48.7443],[-1.2566,48.7424],[-1.2611,48.7418],[-1.263,48.7459],[-1.2616,48.7499],[-1.2575,48.7519],[-1.2523,48.7515],[-1.2489,48.7546],[-1.2494,48.7592],[-1.246,48.7634],[-1.2509,48.7683],[-1.2657,48.7669],[-1.2667,48.7599],[-1.2732,48.7597],[-1.2789,48.7615],[-1.2803,48.7637],[-1.2773,48.7665],[-1.2732,48.7719],[-1.2697,48.7726],[-1.2659,48.7702],[-1.2589,48.771],[-1.2592,48.7742],[-1.2575,48.7774],[-1.2518,48.7784],[-1.2455,48.7789],[-1.2404,48.7798],[-1.2358,48.7788],[-1.2325,48.7793],[-1.2275,48.7821],[-1.2242,48.7817],[-1.2228,48.7845]]]}},{"type":"Feature","properties":{"code":"50115","nom":"Le Grippon","pop":391},"geometry":{"type":"Polygon","coordinates":[[[-1.3647,48.7651],[-1.3742,48.7606],[-1.3759,48.7546],[-1.3781,48.7528],[-1.3771,48.7502],[-1.3775,48.7493],[-1.3891,48.7509],[-1.3893,48.7527],[-1.3936,48.7543],[-1.3968,48.7565],[-1.3939,48.7591],[-1.3923,48.762],[-1.4009,48.7613],[-1.4093,48.7584],[-1.413,48.7604],[-1.4148,48.7644],[-1.4133,48.7666],[-1.4152,48.769],[-1.4191,48.7709],[-1.4205,48.7734],[-1.4161,48.7753],[-1.4167,48.7787],[-1.4133,48.7805],[-1.4143,48.7837],[-1.4093,48.7846],[-1.4024,48.7836],[-1.3969,48.7836],[-1.3929,48.781],[-1.3885,48.781],[-1.3797,48.7797],[-1.3773,48.7782],[-1.3765,48.7822],[-1.3742,48.7841],[-1.3705,48.7838],[-1.3701,48.7791],[-1.3703,48.7772],[-1.3682,48.7716],[-1.3655,48.7692],[-1.3647,48.7651]]]}},{"type":"Feature","properties":{"code":"50117","nom":"Champeaux","pop":349},"geometry":{"type":"Polygon","coordinates":[[[-1.4996,48.7331],[-1.5037,48.7328],[-1.5068,48.7339],[-1.5159,48.732],[-1.52,48.7324],[-1.523,48.7336],[-1.5329,48.7312],[-1.5405,48.7316],[-1.5472,48.7331],[-1.5514,48.7324],[-1.5562,48.7351],[-1.5533,48.7385],[-1.55,48.74],[-1.546,48.7398],[-1.5443,48.7431],[-1.5406,48.7446],[-1.5394,48.7463],[-1.5366,48.7463],[-1.5287,48.7494],[-1.5263,48.7489],[-1.5266,48.7469],[-1.5245,48.7436],[-1.5188,48.7436],[-1.5173,48.7418],[-1.517,48.7382],[-1.5149,48.7376],[-1.5053,48.7372],[-1.4993,48.7387],[-1.4955,48.7383],[-1.4986,48.7353],[-1.4996,48.7331]]]}},{"type":"Feature","properties":{"code":"50118","nom":"Champrepus","pop":322},"geometry":{"type":"Polygon","coordinates":[[[-1.3514,48.838],[-1.3497,48.8372],[-1.3418,48.8374],[-1.3375,48.8361],[-1.3279,48.8379],[-1.3273,48.8413],[-1.3244,48.8438],[-1.3179,48.8435],[-1.315,48.8428],[-1.3072,48.8458],[-1.3007,48.8502],[-1.2964,48.8523],[-1.2879,48.8541],[-1.2859,48.852],[-1.2867,48.8461],[-1.2895,48.8458],[-1.2986,48.8421],[-1.298,48.8393],[-1.3013,48.8377],[-1.3001,48.8352],[-1.2933,48.8379],[-1.2907,48.8407],[-1.2872,48.8393],[-1.2837,48.8394],[-1.2853,48.8353],[-1.2879,48.8345],[-1.2874,48.8308],[-1.2919,48.8294],[-1.2961,48.8291],[-1.2972,48.8273],[-1.3037,48.8277],[-1.3049,48.8266],[-1.3114,48.8249],[-1.3134,48.8234],[-1.3192,48.8232],[-1.328,48.8186],[-1.33,48.8175],[-1.3363,48.8196],[-1.3371,48.8226],[-1.3421,48.8263],[-1.3456,48.8297],[-1.3471,48.8329],[-1.3497,48.8315],[-1.3529,48.8337],[-1.3536,48.8355],[-1.3514,48.838]]]}},{"type":"Feature","properties":{"code":"50120","nom":"Chanteloup","pop":407},"geometry":{"type":"Polygon","coordinates":[[[-1.4844,48.9048],[-1.4782,48.9029],[-1.4752,48.9002],[-1.4676,48.8994],[-1.4666,48.8983],[-1.4566,48.897],[-1.4568,48.8947],[-1.4516,48.8912],[-1.4511,48.8889],[-1.4559,48.89],[-1.4613,48.8892],[-1.4638,48.8911],[-1.4684,48.8926],[-1.4748,48.8912],[-1.4793,48.8909],[-1.4798,48.8889],[-1.4848,48.89],[-1.4969,48.8833],[-1.501,48.8789],[-1.5047,48.8806],[-1.5062,48.8832],[-1.5024,48.8853],[-1.4999,48.8925],[-1.5008,48.8943],[-1.4963,48.8948],[-1.4939,48.8986],[-1.4892,48.9006],[-1.4844,48.9048]]]}},{"type":"Feature","properties":{"code":"50121","nom":"La Chapelle-Cécelin","pop":245},"geometry":{"type":"Polygon","coordinates":[[[-1.1735,48.8003],[-1.1748,48.8029],[-1.1772,48.8033],[-1.1858,48.8068],[-1.188,48.8086],[-1.188,48.8095],[-1.1828,48.815],[-1.1793,48.8163],[-1.1793,48.8203],[-1.1778,48.8233],[-1.1761,48.824],[-1.1696,48.8229],[-1.1698,48.8192],[-1.1659,48.8179],[-1.1653,48.8158],[-1.1617,48.8146],[-1.1571,48.8153],[-1.1573,48.8137],[-1.1535,48.8073],[-1.1508,48.8046],[-1.1474,48.7972],[-1.1498,48.7949],[-1.161,48.7945],[-1.1694,48.7972],[-1.1735,48.8003]]]}},{"type":"Feature","properties":{"code":"50124","nom":"La Chapelle-Urée","pop":172},"geometry":{"type":"Polygon","coordinates":[[[-1.1502,48.6725],[-1.142,48.6714],[-1.1395,48.6699],[-1.1353,48.6696],[-1.1264,48.668],[-1.1296,48.6635],[-1.135,48.6594],[-1.1334,48.6557],[-1.135,48.6545],[-1.1431,48.6542],[-1.1434,48.6576],[-1.1474,48.6579],[-1.1498,48.6572],[-1.1567,48.6576],[-1.1601,48.6567],[-1.1619,48.6598],[-1.1664,48.6587],[-1.169,48.6613],[-1.1725,48.6631],[-1.1713,48.6643],[-1.1707,48.6708],[-1.1588,48.6726],[-1.1532,48.6732],[-1.1502,48.6725]]]}},{"type":"Feature","properties":{"code":"50126","nom":"Chavoy","pop":126},"geometry":{"type":"Polygon","coordinates":[[[-1.3349,48.7227],[-1.3378,48.7233],[-1.3395,48.7261],[-1.3456,48.7266],[-1.3456,48.7293],[-1.3489,48.7334],[-1.3469,48.7345],[-1.3456,48.7385],[-1.3398,48.7429],[-1.3391,48.7459],[-1.337,48.7481],[-1.3344,48.7485],[-1.3319,48.751],[-1.3268,48.748],[-1.3272,48.7448],[-1.3254,48.7425],[-1.3208,48.7411],[-1.3203,48.7351],[-1.3237,48.7321],[-1.3291,48.7295],[-1.3288,48.7268],[-1.3309,48.7266],[-1.3349,48.7227]]]}},{"type":"Feature","properties":{"code":"50129","nom":"Cherbourg-en-Cotentin","pop":78258},"geometry":{"type":"Polygon","coordinates":[[[-1.5487,49.6544],[-1.5487,49.6498],[-1.5398,49.6501],[-1.5355,49.6446],[-1.5347,49.6425],[-1.5365,49.6386],[-1.5356,49.6355],[-1.5338,49.6342],[-1.5359,49.6293],[-1.5441,49.6308],[-1.5471,49.6304],[-1.5462,49.6243],[-1.5486,49.6235],[-1.5554,49.6186],[-1.5465,49.6118],[-1.5477,49.6086],[-1.5488,49.6057],[-1.5517,49.6027],[-1.5516,49.6001],[-1.5547,49.5963],[-1.5566,49.5926],[-1.5594,49.5906],[-1.5522,49.5855],[-1.5639,49.5835],[-1.5648,49.581],[-1.5684,49.581],[-1.5737,49.5824],[-1.579,49.5857],[-1.5811,49.5902],[-1.5807,49.594],[-1.5961,49.5915],[-1.5956,49.594],[-1.5973,49.5996],[-1.6018,49.5992],[-1.6052,49.5995],[-1.6133,49.6027],[-1.6241,49.6089],[-1.628,49.61],[-1.6315,49.6096],[-1.6385,49.6112],[-1.6397,49.6107],[-1.644,49.613],[-1.6484,49.6133],[-1.654,49.6101],[-1.6599,49.6087],[-1.6645,49.6084],[-1.6662,49.6099],[-1.6723,49.6115],[-1.6719,49.6125],[-1.6702,49.6128],[-1.6671,49.6158],[-1.6684,49.6172],[-1.6617,49.6196],[-1.6648,49.6206],[-1.6704,49.6254],[-1.6706,49.627],[-1.6776,49.6287],[-1.6782,49.631],[-1.6862,49.628],[-1.6883,49.6301],[-1.6909,49.634],[-1.699,49.6366],[-1.7027,49.6343],[-1.7079,49.6324],[-1.7179,49.627],[-1.7246,49.6273],[-1.7212,49.6297],[-1.7175,49.6358],[-1.715,49.6369],[-1.7105,49.6369],[-1.7045,49.6396],[-1.7035,49.6411],[-1.705,49.6434],[-1.7027,49.6466],[-1.7023,49.6525],[-1.6997,49.6551],[-1.7057,49.6544],[-1.7097,49.6515],[-1.7129,49.6512],[-1.7161,49.6492],[-1.7255,49.6465],[-1.7321,49.6413],[-1.7334,49.6425],[-1.7347,49.6483],[-1.7331,49.6529],[-1.7288,49.655],[-1.7284,49.6585],[-1.7249,49.6617],[-1.7203,49.6636],[-1.7159,49.663],[-1.7138,49.6646],[-1.709,49.6655],[-1.7055,49.6654],[-1.7045,49.6709],[-1.6975,49.6697],[-1.6893,49.6722],[-1.6879,49.6734],[-1.6816,49.6697],[-1.6839,49.6678],[-1.6827,49.6642],[-1.6725,49.6581],[-1.6619,49.6581],[-1.6555,49.6578],[-1.6528,49.6565],[-1.6467,49.6573],[-1.6414,49.6595],[-1.6333,49.6603],[-1.6297,49.6598],[-1.6317,49.6533],[-1.6363,49.6537],[-1.6354,49.6511],[-1.6325,49.6524],[-1.628,49.6526],[-1.6268,49.649],[-1.6237,49.6447],[-1.6201,49.6444],[-1.6214,49.64],[-1.6192,49.6394],[-1.619,49.644],[-1.618,49.6486],[-1.6166,49.6489],[-1.6155,49.6432],[-1.6125,49.6441],[-1.6116,49.6468],[-1.6083,49.6461],[-1.6026,49.6464],[-1.6046,49.6506],[-1.6056,49.6558],[-1.6054,49.6586],[-1.6,49.6606],[-1.5869,49.651],[-1.5847,49.6525],[-1.5791,49.6543],[-1.568,49.6569],[-1.5563,49.6539],[-1.552,49.6547],[-1.5487,49.6544]]]}},{"type":"Feature","properties":{"code":"50130","nom":"Chérencé-le-Héron","pop":436},"geometry":{"type":"Polygon","coordinates":[[[-1.2086,48.7842],[-1.2085,48.7853],[-1.2178,48.7861],[-1.2228,48.7845],[-1.2192,48.7906],[-1.2162,48.7912],[-1.2136,48.7941],[-1.2147,48.7958],[-1.2145,48.8002],[-1.2174,48.8021],[-1.2225,48.8022],[-1.221,48.8045],[-1.2179,48.8062],[-1.2174,48.8094],[-1.2196,48.8127],[-1.2247,48.8126],[-1.2283,48.8215],[-1.2226,48.8216],[-1.218,48.8209],[-1.2117,48.8185],[-1.2097,48.8163],[-1.204,48.814],[-1.2013,48.8138],[-1.1984,48.8103],[-1.188,48.8086],[-1.1858,48.8068],[-1.1772,48.8033],[-1.1748,48.8029],[-1.1735,48.8003],[-1.1755,48.7996],[-1.1762,48.7968],[-1.179,48.7956],[-1.1802,48.7933],[-1.1833,48.7913],[-1.186,48.7883],[-1.1854,48.7852],[-1.187,48.7826],[-1.1865,48.7807],[-1.2009,48.781],[-1.2024,48.7826],[-1.2086,48.7842]]]}},{"type":"Feature","properties":{"code":"50135","nom":"Clitourps","pop":225},"geometry":{"type":"Polygon","coordinates":[[[-1.3826,49.6313],[-1.3911,49.6351],[-1.3938,49.6373],[-1.3911,49.6396],[-1.3894,49.6459],[-1.387,49.6494],[-1.3867,49.6529],[-1.3887,49.6557],[-1.3845,49.6581],[-1.377,49.6604],[-1.3784,49.6628],[-1.3737,49.6619],[-1.372,49.66],[-1.3694,49.6605],[-1.3666,49.6638],[-1.3625,49.6649],[-1.3645,49.6666],[-1.3625,49.668],[-1.3595,49.6662],[-1.3578,49.6675],[-1.3528,49.6652],[-1.3492,49.6643],[-1.3508,49.6622],[-1.3494,49.6582],[-1.3454,49.6579],[-1.3493,49.6545],[-1.3537,49.6516],[-1.3567,49.6515],[-1.3603,49.6494],[-1.3672,49.6467],[-1.3694,49.643],[-1.372,49.643],[-1.3714,49.6397],[-1.375,49.6379],[-1.3826,49.6313]]]}},{"type":"Feature","properties":{"code":"50137","nom":"La Colombe","pop":626},"geometry":{"type":"Polygon","coordinates":[[[-1.1479,48.8828],[-1.1488,48.882],[-1.1529,48.8807],[-1.1522,48.8793],[-1.1634,48.8765],[-1.1675,48.8758],[-1.1743,48.8722],[-1.1838,48.8698],[-1.1867,48.8667],[-1.2,48.8603],[-1.2039,48.8582],[-1.2087,48.8506],[-1.2094,48.8481],[-1.2181,48.8477],[-1.218,48.85],[-1.2155,48.8532],[-1.2175,48.8564],[-1.2201,48.8566],[-1.2203,48.8596],[-1.217,48.8614],[-1.2163,48.8635],[-1.2184,48.8646],[-1.2236,48.8651],[-1.2255,48.8659],[-1.2259,48.8689],[-1.2315,48.8757],[-1.2348,48.8791],[-1.2285,48.8802],[-1.2274,48.8818],[-1.2241,48.8825],[-1.2227,48.8843],[-1.2183,48.8853],[-1.2133,48.8855],[-1.2081,48.8877],[-1.2,48.889],[-1.1985,48.89],[-1.1878,48.8909],[-1.1845,48.8922],[-1.1742,48.8933],[-1.1712,48.8909],[-1.1662,48.8885],[-1.162,48.8895],[-1.1527,48.8899],[-1.1527,48.8883],[-1.1479,48.8828]]]}},{"type":"Feature","properties":{"code":"50138","nom":"Colomby","pop":569},"geometry":{"type":"Polygon","coordinates":[[[-1.4726,49.4374],[-1.4735,49.4386],[-1.4831,49.4353],[-1.4903,49.4389],[-1.4946,49.4398],[-1.4987,49.4413],[-1.5012,49.446],[-1.5063,49.4505],[-1.5092,49.4498],[-1.5086,49.4532],[-1.5121,49.4521],[-1.5165,49.452],[-1.5197,49.4512],[-1.52,49.4546],[-1.522,49.4576],[-1.5265,49.458],[-1.5271,49.4591],[-1.5247,49.4625],[-1.5262,49.4636],[-1.5258,49.4664],[-1.5165,49.4676],[-1.5109,49.4675],[-1.5079,49.4652],[-1.5039,49.4656],[-1.5006,49.465],[-1.494,49.4668],[-1.4904,49.4688],[-1.483,49.4702],[-1.4786,49.4672],[-1.4702,49.4663],[-1.466,49.4645],[-1.4646,49.4617],[-1.4605,49.4615],[-1.4609,49.4599],[-1.4689,49.4571],[-1.4671,49.4517],[-1.4628,49.4453],[-1.4607,49.4435],[-1.4665,49.4384],[-1.4703,49.4358],[-1.4726,49.4374]]]}},{"type":"Feature","properties":{"code":"50139","nom":"Condé-sur-Vire","pop":4137},"geometry":{"type":"Polygon","coordinates":[[[-1.0428,49.0976],[-1.0422,49.0975],[-1.0396,49.0966],[-1.0361,49.0975],[-1.0309,49.0958],[-1.0302,49.0927],[-1.0286,49.0911],[-1.0333,49.0878],[-1.0283,49.0842],[-1.0206,49.0808],[-1.0177,49.0818],[-1.0106,49.0802],[-1.0107,49.0759],[-1.0059,49.0752],[-1.0062,49.072],[-1.0027,49.0692],[-0.9978,49.0687],[-0.992,49.0671],[-0.9982,49.063],[-0.9996,49.0594],[-0.9955,49.0571],[-0.9955,49.0534],[-0.9989,49.0522],[-0.9869,49.0422],[-0.9889,49.039],[-0.9921,49.039],[-0.9922,49.0358],[-0.994,49.0344],[-0.9976,49.029],[-0.9967,49.028],[-1.0016,49.0257],[-1.0161,49.0254],[-1.0212,49.0258],[-1.0264,49.0274],[-1.0298,49.0278],[-1.0334,49.0254],[-1.0401,49.0245],[-1.0405,49.0223],[-1.0434,49.0163],[-1.0458,49.0133],[-1.0554,49.0131],[-1.0579,49.0073],[-1.0596,49.005],[-1.0635,49.0063],[-1.0712,49.0062],[-1.0731,49.0045],[-1.0802,49.0041],[-1.0841,49.0031],[-1.086,49.0043],[-1.0849,49.0074],[-1.0872,49.0098],[-1.0948,49.0219],[-1.0936,49.0235],[-1.0945,49.0271],[-1.092,49.0299],[-1.0892,49.03],[-1.0855,49.0282],[-1.0857,49.0321],[-1.0842,49.0354],[-1.081,49.0371],[-1.0797,49.0395],[-1.0739,49.0376],[-1.0703,49.0356],[-1.0669,49.0372],[-1.0594,49.0462],[-1.0557,49.0466],[-1.0526,49.0456],[-1.0475,49.0485],[-1.0486,49.0507],[-1.0513,49.051],[-1.059,49.0579],[-1.0555,49.0588],[-1.054,49.0576],[-1.05,49.0604],[-1.0471,49.0614],[-1.0419,49.0654],[-1.043,49.0742],[-1.0451,49.0793],[-1.0469,49.0785],[-1.0505,49.0835],[-1.0517,49.0892],[-1.0431,49.0917],[-1.0421,49.0935],[-1.0428,49.0976]]]}},{"type":"Feature","properties":{"code":"50142","nom":"Vicq-sur-Mer","pop":1093},"geometry":{"type":"Polygon","coordinates":[[[-1.4266,49.7021],[-1.4196,49.703],[-1.4166,49.7013],[-1.4139,49.7012],[-1.3992,49.7036],[-1.3949,49.7057],[-1.3902,49.7063],[-1.379,49.706],[-1.3723,49.7068],[-1.3643,49.7055],[-1.3578,49.7052],[-1.3505,49.7021],[-1.3423,49.7007],[-1.3324,49.7022],[-1.3282,49.6998],[-1.3236,49.6985],[-1.3193,49.6983],[-1.3088,49.6961],[-1.3054,49.6948],[-1.2999,49.6939],[-1.3022,49.6917],[-1.3093,49.6873],[-1.316,49.6862],[-1.3254,49.6812],[-1.3389,49.6761],[-1.3439,49.6794],[-1.348,49.6789],[-1.353,49.6818],[-1.3572,49.6815],[-1.3579,49.6835],[-1.3616,49.6831],[-1.3621,49.6854],[-1.3684,49.6848],[-1.3694,49.6833],[-1.374,49.6834],[-1.3764,49.6794],[-1.3771,49.6765],[-1.3813,49.6746],[-1.38,49.6799],[-1.3829,49.68],[-1.3815,49.6842],[-1.3847,49.6842],[-1.3859,49.6866],[-1.3838,49.6887],[-1.3831,49.6919],[-1.3867,49.6924],[-1.3844,49.6944],[-1.387,49.6954],[-1.3953,49.6935],[-1.3934,49.6859],[-1.4019,49.6801],[-1.4026,49.679],[-1.4082,49.677],[-1.4151,49.6738],[-1.4234,49.6705],[-1.4248,49.6691],[-1.4323,49.6684],[-1.436,49.6683],[-1.4342,49.6719],[-1.4314,49.6711],[-1.4279,49.6729],[-1.4246,49.6776],[-1.4269,49.6797],[-1.4259,49.6813],[-1.4228,49.6819],[-1.4222,49.6846],[-1.423,49.6874],[-1.4274,49.6908],[-1.4269,49.694],[-1.425,49.6965],[-1.4288,49.7001],[-1.4266,49.7021]]]}},{"type":"Feature","properties":{"code":"50143","nom":"Coudeville-sur-Mer","pop":887},"geometry":{"type":"Polygon","coordinates":[[[-1.5712,48.8908],[-1.5448,48.8845],[-1.5383,48.885],[-1.5274,48.8841],[-1.5226,48.888],[-1.5142,48.8847],[-1.5089,48.8848],[-1.5062,48.8832],[-1.5047,48.8806],[-1.501,48.8789],[-1.5,48.8756],[-1.502,48.8727],[-1.5038,48.8664],[-1.5028,48.8618],[-1.501,48.8574],[-1.5035,48.8557],[-1.5033,48.8527],[-1.5054,48.8517],[-1.5139,48.8502],[-1.5167,48.8509],[-1.5226,48.8506],[-1.5207,48.856],[-1.5179,48.8576],[-1.5159,48.8603],[-1.5165,48.8622],[-1.5204,48.8605],[-1.5201,48.8657],[-1.5249,48.8678],[-1.5296,48.8683],[-1.5295,48.8708],[-1.5321,48.8707],[-1.5316,48.8728],[-1.5348,48.8736],[-1.5428,48.8745],[-1.5422,48.8763],[-1.5437,48.8792],[-1.5532,48.8807],[-1.5535,48.8799],[-1.5715,48.885],[-1.5722,48.885],[-1.5712,48.8908]]]}},{"type":"Feature","properties":{"code":"50144","nom":"Coulouvray-Boisbenâtre","pop":531},"geometry":{"type":"Polygon","coordinates":[[[-1.1328,48.7674],[-1.1349,48.7708],[-1.1348,48.7744],[-1.1383,48.7798],[-1.138,48.783],[-1.1405,48.787],[-1.1388,48.7906],[-1.1371,48.791],[-1.1341,48.7957],[-1.1346,48.7982],[-1.1328,48.7988],[-1.1241,48.7979],[-1.1138,48.7987],[-1.1136,48.8015],[-1.1152,48.8073],[-1.1177,48.8108],[-1.1153,48.8141],[-1.113,48.8151],[-1.1083,48.8163],[-1.1023,48.8141],[-1.1023,48.8114],[-1.0997,48.8073],[-1.0956,48.8032],[-1.095,48.8008],[-1.0916,48.7995],[-1.0922,48.7952],[-1.0912,48.7932],[-1.095,48.7925],[-1.0978,48.7935],[-1.1014,48.7917],[-1.101,48.7898],[-1.0983,48.7891],[-1.0958,48.7859],[-1.0901,48.7818],[-1.0854,48.7805],[-1.0827,48.7778],[-1.0789,48.7773],[-1.0761,48.7781],[-1.0696,48.7762],[-1.0604,48.7748],[-1.0588,48.7734],[-1.0588,48.7733],[-1.0642,48.7714],[-1.0681,48.7685],[-1.0725,48.7635],[-1.0735,48.761],[-1.0721,48.7595],[-1.0728,48.7558],[-1.0818,48.7562],[-1.087,48.7581],[-1.0948,48.7574],[-1.098,48.7588],[-1.0991,48.7618],[-1.0969,48.7646],[-1.1012,48.7681],[-1.1056,48.767],[-1.1072,48.7692],[-1.1121,48.771],[-1.1251,48.7705],[-1.1313,48.7685],[-1.1328,48.7674]]]}},{"type":"Feature","properties":{"code":"50145","nom":"Courcy","pop":639},"geometry":{"type":"Polygon","coordinates":[[[-1.3674,49.0369],[-1.3719,49.0362],[-1.3749,49.0388],[-1.3767,49.0352],[-1.3836,49.0329],[-1.3885,49.0335],[-1.3961,49.0323],[-1.403,49.0359],[-1.4023,49.0367],[-1.4096,49.0404],[-1.4095,49.0427],[-1.4074,49.0456],[-1.4111,49.0472],[-1.4118,49.0447],[-1.4176,49.0422],[-1.4192,49.0425],[-1.4174,49.0441],[-1.418,49.046],[-1.4165,49.0499],[-1.4166,49.0522],[-1.4102,49.0568],[-1.4138,49.0587],[-1.4196,49.058],[-1.4192,49.0581],[-1.4111,49.0608],[-1.3915,49.0666],[-1.3826,49.0684],[-1.372,49.0712],[-1.3667,49.0619],[-1.3659,49.0564],[-1.3644,49.0515],[-1.3648,49.0503],[-1.37,49.046],[-1.3671,49.0431],[-1.3674,49.0369]]]}},{"type":"Feature","properties":{"code":"50146","nom":"Courtils","pop":210},"geometry":{"type":"Polygon","coordinates":[[[-1.4215,48.6396],[-1.419,48.6378],[-1.413,48.6375],[-1.4058,48.6335],[-1.4034,48.6295],[-1.3989,48.6267],[-1.4005,48.6218],[-1.4032,48.6226],[-1.4078,48.6203],[-1.4138,48.6216],[-1.4157,48.6235],[-1.4251,48.6169],[-1.4298,48.6191],[-1.4323,48.6188],[-1.436,48.6202],[-1.4398,48.6191],[-1.4422,48.6209],[-1.4463,48.6213],[-1.4497,48.623],[-1.4455,48.6268],[-1.4359,48.6314],[-1.4292,48.6353],[-1.4257,48.6379],[-1.4292,48.6403],[-1.4256,48.6437],[-1.4224,48.642],[-1.4215,48.6396]]]}},{"type":"Feature","properties":{"code":"50147","nom":"Coutances","pop":8321},"geometry":{"type":"Polygon","coordinates":[[[-1.4463,49.0723],[-1.4388,49.0701],[-1.4365,49.0682],[-1.4315,49.0737],[-1.4284,49.0752],[-1.4214,49.0764],[-1.4172,49.0778],[-1.4133,49.0768],[-1.4111,49.0753],[-1.4105,49.0717],[-1.4117,49.0677],[-1.4143,49.0658],[-1.4152,49.0624],[-1.4186,49.0604],[-1.4192,49.0581],[-1.4196,49.058],[-1.4257,49.0534],[-1.4302,49.0493],[-1.4331,49.0476],[-1.4301,49.0443],[-1.4322,49.0417],[-1.432,49.0392],[-1.4336,49.0394],[-1.4364,49.0395],[-1.4365,49.0358],[-1.4392,49.0355],[-1.4403,49.0326],[-1.4461,49.0334],[-1.451,49.0407],[-1.4556,49.0433],[-1.4584,49.0434],[-1.4593,49.0448],[-1.4639,49.0436],[-1.4641,49.0476],[-1.4669,49.049],[-1.4708,49.0493],[-1.4778,49.0469],[-1.4794,49.051],[-1.4794,49.0523],[-1.4756,49.0543],[-1.4727,49.0548],[-1.4725,49.0576],[-1.4684,49.061],[-1.4684,49.0624],[-1.4627,49.0665],[-1.4555,49.0693],[-1.4534,49.0712],[-1.4463,49.0723]]]}},{"type":"Feature","properties":{"code":"50148","nom":"Couvains","pop":562},"geometry":{"type":"Polygon","coordinates":[[[-1.0299,49.1453],[-1.0332,49.1448],[-1.0425,49.1443],[-1.042,49.1478],[-1.0496,49.147],[-1.0491,49.1494],[-1.0467,49.1539],[-1.0444,49.1556],[-1.0403,49.1629],[-1.0371,49.1647],[-1.033,49.169],[-1.0301,49.1717],[-1.0267,49.1777],[-1.0248,49.1776],[-1.0203,49.1752],[-1.0108,49.1759],[-1.0085,49.1778],[-1.0026,49.1792],[-0.9978,49.179],[-0.9954,49.1774],[-0.9878,49.1777],[-0.9864,49.1793],[-0.9705,49.1765],[-0.9724,49.1727],[-0.9715,49.1688],[-0.9752,49.1683],[-0.9743,49.1663],[-0.9792,49.1659],[-0.977,49.1637],[-0.9768,49.1593],[-0.9741,49.1583],[-0.9776,49.1537],[-0.9852,49.152],[-0.9882,49.1479],[-0.9993,49.1485],[-1.0024,49.1518],[-1.0046,49.1531],[-1.0122,49.1497],[-1.0127,49.1473],[-1.0154,49.1464],[-1.0225,49.1453],[-1.0299,49.1453]]]}},{"type":"Feature","properties":{"code":"50149","nom":"Couville","pop":1249},"geometry":{"type":"Polygon","coordinates":[[[-1.6581,49.5458],[-1.6622,49.5486],[-1.6664,49.5482],[-1.6696,49.5461],[-1.6717,49.5479],[-1.6781,49.5461],[-1.6839,49.5473],[-1.6881,49.5493],[-1.6933,49.5461],[-1.699,49.546],[-1.7032,49.5469],[-1.702,49.5486],[-1.7045,49.5496],[-1.7088,49.549],[-1.7111,49.5536],[-1.7076,49.5565],[-1.7038,49.5574],[-1.7058,49.559],[-1.7062,49.5632],[-1.7009,49.5622],[-1.6976,49.5659],[-1.6938,49.5687],[-1.6915,49.5713],[-1.6851,49.5735],[-1.6849,49.5755],[-1.6811,49.5753],[-1.6785,49.5762],[-1.6745,49.5756],[-1.6725,49.574],[-1.6701,49.5728],[-1.667,49.5672],[-1.6583,49.5615],[-1.658,49.5588],[-1.6622,49.5582],[-1.6582,49.5548],[-1.6592,49.5521],[-1.6545,49.5502],[-1.6581,49.5458]]]}},{"type":"Feature","properties":{"code":"50150","nom":"Crasville","pop":223},"geometry":{"type":"Polygon","coordinates":[[[-1.3589,49.5612],[-1.3554,49.5629],[-1.3537,49.5652],[-1.3491,49.5638],[-1.34,49.5684],[-1.3327,49.5652],[-1.3202,49.5613],[-1.3189,49.5603],[-1.3076,49.5603],[-1.3085,49.5544],[-1.3099,49.5497],[-1.308,49.5457],[-1.3211,49.5442],[-1.3302,49.5414],[-1.3315,49.54],[-1.3383,49.5397],[-1.344,49.5401],[-1.3415,49.5437],[-1.3432,49.5457],[-1.3482,49.5481],[-1.3531,49.5528],[-1.3558,49.558],[-1.3589,49.5612]]]}},{"type":"Feature","properties":{"code":"50151","nom":"Créances","pop":2067},"geometry":{"type":"Polygon","coordinates":[[[-1.5191,49.1782],[-1.5425,49.1758],[-1.541,49.182],[-1.5491,49.1841],[-1.5515,49.1854],[-1.5634,49.1891],[-1.5734,49.1904],[-1.5781,49.1918],[-1.6058,49.1917],[-1.6074,49.1963],[-1.6072,49.1985],[-1.605,49.2014],[-1.6033,49.205],[-1.6089,49.2132],[-1.6132,49.2163],[-1.6126,49.2188],[-1.6059,49.2184],[-1.6041,49.2171],[-1.5995,49.2171],[-1.5822,49.2219],[-1.5747,49.2231],[-1.5684,49.2196],[-1.5606,49.2176],[-1.5546,49.2185],[-1.555,49.2129],[-1.5501,49.2088],[-1.5423,49.2103],[-1.5339,49.2057],[-1.531,49.2048],[-1.5289,49.2009],[-1.5262,49.1985],[-1.5126,49.1937],[-1.5122,49.1892],[-1.5083,49.1841],[-1.5089,49.1801],[-1.5191,49.1782]]]}},{"type":"Feature","properties":{"code":"50152","nom":"Les Cresnays","pop":227},"geometry":{"type":"Polygon","coordinates":[[[-1.14,48.7215],[-1.1365,48.7217],[-1.1357,48.7198],[-1.1279,48.7227],[-1.1217,48.7238],[-1.1139,48.7184],[-1.1108,48.7178],[-1.1058,48.7181],[-1.1047,48.7162],[-1.1011,48.7146],[-1.0978,48.7156],[-1.0924,48.7157],[-1.0893,48.7165],[-1.0888,48.7121],[-1.0864,48.7098],[-1.0831,48.7084],[-1.08,48.7057],[-1.0797,48.7021],[-1.0826,48.6979],[-1.0911,48.699],[-1.0945,48.6987],[-1.0959,48.6973],[-1.1021,48.6966],[-1.1147,48.6978],[-1.1252,48.6978],[-1.1403,48.6997],[-1.1384,48.7029],[-1.1385,48.7056],[-1.1412,48.7077],[-1.1418,48.7096],[-1.1467,48.7147],[-1.1469,48.7172],[-1.1455,48.7195],[-1.1408,48.7202],[-1.14,48.7215]]]}},{"type":"Feature","properties":{"code":"50155","nom":"Crollon","pop":301},"geometry":{"type":"Polygon","coordinates":[[[-1.3932,48.5958],[-1.3905,48.5943],[-1.3858,48.594],[-1.3822,48.5917],[-1.3742,48.5887],[-1.3717,48.5897],[-1.3704,48.5871],[-1.365,48.585],[-1.3689,48.5816],[-1.3644,48.5806],[-1.3602,48.5788],[-1.364,48.5748],[-1.3691,48.5732],[-1.3722,48.5684],[-1.3774,48.5702],[-1.3806,48.5692],[-1.3852,48.5698],[-1.3857,48.5724],[-1.3883,48.5754],[-1.3886,48.5779],[-1.3937,48.5821],[-1.3965,48.5825],[-1.3978,48.5843],[-1.4011,48.5861],[-1.3991,48.5891],[-1.3932,48.5958]]]}},{"type":"Feature","properties":{"code":"50156","nom":"Crosville-sur-Douve","pop":62},"geometry":{"type":"Polygon","coordinates":[[[-1.4748,49.3665],[-1.4759,49.3694],[-1.4763,49.3739],[-1.4788,49.3763],[-1.484,49.3795],[-1.4866,49.3826],[-1.4877,49.3855],[-1.4865,49.3887],[-1.4877,49.3943],[-1.4846,49.3972],[-1.4852,49.4007],[-1.4835,49.4029],[-1.4792,49.4023],[-1.4781,49.3997],[-1.4744,49.3979],[-1.4693,49.4001],[-1.4659,49.397],[-1.4678,49.3947],[-1.4704,49.3897],[-1.4688,49.3831],[-1.4675,49.3808],[-1.4651,49.3714],[-1.4677,49.3701],[-1.4672,49.3682],[-1.4693,49.3668],[-1.4748,49.3665]]]}},{"type":"Feature","properties":{"code":"50158","nom":"Cuves","pop":256},"geometry":{"type":"Polygon","coordinates":[[[-1.0653,48.736],[-1.0721,48.7316],[-1.0736,48.7293],[-1.0758,48.7291],[-1.0798,48.7248],[-1.08,48.7227],[-1.0833,48.7192],[-1.0873,48.716],[-1.0893,48.7165],[-1.0924,48.7157],[-1.0978,48.7156],[-1.1011,48.7146],[-1.1047,48.7162],[-1.1058,48.7181],[-1.1108,48.7178],[-1.1139,48.7184],[-1.1217,48.7238],[-1.1279,48.7227],[-1.1357,48.7198],[-1.1365,48.7217],[-1.14,48.7215],[-1.1403,48.7232],[-1.1348,48.7261],[-1.1328,48.7292],[-1.1338,48.7303],[-1.1297,48.7327],[-1.1308,48.7341],[-1.127,48.736],[-1.1221,48.7332],[-1.1118,48.7321],[-1.1075,48.7311],[-1.1064,48.7321],[-1.1076,48.7352],[-1.104,48.7366],[-1.1028,48.7398],[-1.0999,48.7424],[-1.0936,48.7444],[-1.0913,48.7444],[-1.0808,48.7461],[-1.0822,48.7439],[-1.0759,48.7426],[-1.0726,48.7405],[-1.0679,48.7388],[-1.0653,48.736]]]}},{"type":"Feature","properties":{"code":"50159","nom":"Dangy","pop":648},"geometry":{"type":"Polygon","coordinates":[[[-1.2161,49.0158],[-1.2226,49.0153],[-1.2251,49.0159],[-1.2296,49.0146],[-1.2327,49.0169],[-1.2368,49.0148],[-1.2398,49.0159],[-1.2449,49.0143],[-1.2444,49.0198],[-1.2449,49.0222],[-1.2429,49.0245],[-1.2452,49.0281],[-1.2443,49.0333],[-1.2382,49.036],[-1.2355,49.0364],[-1.2335,49.0404],[-1.234,49.0433],[-1.2329,49.0454],[-1.2297,49.048],[-1.2249,49.0501],[-1.2189,49.051],[-1.2187,49.0479],[-1.215,49.0473],[-1.2121,49.0437],[-1.2074,49.0424],[-1.2068,49.0395],[-1.2042,49.0377],[-1.2041,49.0355],[-1.2001,49.0328],[-1.1984,49.0326],[-1.1967,49.0276],[-1.1994,49.0247],[-1.1974,49.0199],[-1.2037,49.0174],[-1.2076,49.0152],[-1.2136,49.0171],[-1.2161,49.0158]]]}},{"type":"Feature","properties":{"code":"50161","nom":"Le Dézert","pop":601},"geometry":{"type":"Polygon","coordinates":[[[-1.1321,49.2188],[-1.1309,49.2164],[-1.1332,49.2147],[-1.1302,49.2134],[-1.1274,49.2092],[-1.1284,49.206],[-1.1274,49.2036],[-1.1304,49.2021],[-1.1357,49.1977],[-1.1422,49.1973],[-1.1441,49.1965],[-1.1477,49.192],[-1.1485,49.1897],[-1.147,49.1868],[-1.1545,49.1903],[-1.1598,49.1889],[-1.1662,49.1929],[-1.1709,49.1912],[-1.1737,49.1911],[-1.1786,49.1959],[-1.1784,49.199],[-1.1817,49.2003],[-1.1816,49.2033],[-1.1869,49.2051],[-1.1952,49.2029],[-1.2025,49.2033],[-1.2049,49.2067],[-1.2028,49.2069],[-1.201,49.2121],[-1.194,49.212],[-1.1938,49.2154],[-1.1963,49.2174],[-1.1941,49.2205],[-1.1913,49.2198],[-1.1901,49.2249],[-1.1884,49.2267],[-1.1903,49.2291],[-1.1821,49.2307],[-1.1806,49.2289],[-1.1728,49.2309],[-1.1682,49.2307],[-1.1697,49.2271],[-1.1738,49.2264],[-1.1787,49.2228],[-1.1792,49.2208],[-1.1742,49.2166],[-1.1686,49.2186],[-1.1616,49.2184],[-1.1588,49.22],[-1.1475,49.2227],[-1.1433,49.2246],[-1.1394,49.2234],[-1.1348,49.2235],[-1.1318,49.2213],[-1.1321,49.2188]]]}},{"type":"Feature","properties":{"code":"50162","nom":"Digosville","pop":1681},"geometry":{"type":"Polygon","coordinates":[[[-1.5004,49.6151],[-1.5032,49.6126],[-1.5042,49.61],[-1.5107,49.613],[-1.5205,49.6158],[-1.5369,49.6162],[-1.5402,49.6138],[-1.5451,49.6091],[-1.5477,49.6086],[-1.5465,49.6118],[-1.5554,49.6186],[-1.5486,49.6235],[-1.5462,49.6243],[-1.5471,49.6304],[-1.5441,49.6308],[-1.5359,49.6293],[-1.5338,49.6342],[-1.5356,49.6355],[-1.5365,49.6386],[-1.5347,49.6425],[-1.5355,49.6446],[-1.5398,49.6501],[-1.5487,49.6498],[-1.5487,49.6544],[-1.542,49.654],[-1.5404,49.6547],[-1.5315,49.6551],[-1.5285,49.6499],[-1.5269,49.6494],[-1.5252,49.6464],[-1.5224,49.6439],[-1.5252,49.6412],[-1.5242,49.6393],[-1.5198,49.64],[-1.5136,49.6383],[-1.5108,49.6311],[-1.5082,49.6303],[-1.507,49.6273],[-1.5072,49.624],[-1.5042,49.6228],[-1.505,49.6201],[-1.5003,49.6165],[-1.5004,49.6151]]]}},{"type":"Feature","properties":{"code":"50164","nom":"Domjean","pop":999},"geometry":{"type":"Polygon","coordinates":[[[-1.0173,48.9711],[-1.0195,48.9731],[-1.0237,48.9718],[-1.0282,48.9718],[-1.0311,48.9731],[-1.0378,48.9727],[-1.0432,48.9718],[-1.0491,48.9714],[-1.0551,48.9723],[-1.0556,48.9764],[-1.057,48.9797],[-1.0666,48.9835],[-1.0669,48.9857],[-1.0625,48.9856],[-1.0664,48.9885],[-1.0684,48.9922],[-1.0667,48.9964],[-1.0634,48.9992],[-1.0596,49.005],[-1.0579,49.0073],[-1.0554,49.0131],[-1.0458,49.0133],[-1.0434,49.0163],[-1.0395,49.012],[-1.0308,49.0111],[-1.0248,49.0121],[-1.0207,49.0092],[-1.0273,49.0032],[-1.0322,49.0002],[-1.0286,48.998],[-1.0236,49.0007],[-1.0205,48.9997],[-1.0144,48.9996],[-1.0082,48.9995],[-1.0042,48.9971],[-1.0009,48.9971],[-0.997,48.9987],[-0.9921,48.9984],[-0.9903,48.9967],[-0.998,48.9944],[-0.9997,48.9905],[-0.9993,48.988],[-1.0015,48.9839],[-0.998,48.9813],[-1.0005,48.9782],[-1.0045,48.9807],[-1.0079,48.9809],[-1.0159,48.9791],[-1.0139,48.975],[-1.0146,48.9722],[-1.0173,48.9711]]]}},{"type":"Feature","properties":{"code":"50165","nom":"Donville-les-Bains","pop":3146},"geometry":{"type":"Polygon","coordinates":[[[-1.5543,48.8511],[-1.5649,48.8455],[-1.5694,48.8459],[-1.5709,48.8446],[-1.5752,48.844],[-1.5828,48.8449],[-1.5852,48.8423],[-1.5894,48.8429],[-1.5921,48.8453],[-1.589,48.8455],[-1.5857,48.8477],[-1.5824,48.853],[-1.5784,48.8622],[-1.5628,48.8546],[-1.5585,48.855],[-1.5543,48.8511]]]}},{"type":"Feature","properties":{"code":"50166","nom":"Doville","pop":321},"geometry":{"type":"Polygon","coordinates":[[[-1.5774,49.3458],[-1.578,49.3496],[-1.5741,49.3502],[-1.5686,49.3498],[-1.5645,49.3485],[-1.5658,49.3445],[-1.5524,49.3455],[-1.546,49.3467],[-1.5452,49.3479],[-1.5422,49.3486],[-1.5329,49.349],[-1.5329,49.3505],[-1.527,49.3524],[-1.5204,49.3523],[-1.5162,49.354],[-1.5125,49.3517],[-1.5133,49.3505],[-1.5183,49.3471],[-1.5188,49.3422],[-1.5123,49.3425],[-1.5121,49.3387],[-1.5212,49.335],[-1.5274,49.3328],[-1.5326,49.3321],[-1.5373,49.3293],[-1.5357,49.328],[-1.5367,49.3259],[-1.5395,49.324],[-1.544,49.3235],[-1.548,49.3194],[-1.5465,49.3174],[-1.5514,49.3129],[-1.5564,49.3146],[-1.5589,49.3169],[-1.5595,49.3199],[-1.5712,49.3306],[-1.5736,49.3334],[-1.5727,49.3362],[-1.5709,49.3378],[-1.5753,49.339],[-1.581,49.3378],[-1.5867,49.3346],[-1.5912,49.3332],[-1.5883,49.3363],[-1.586,49.337],[-1.5841,49.3406],[-1.5754,49.344],[-1.5774,49.3458]]]}},{"type":"Feature","properties":{"code":"50167","nom":"Dragey-Ronthon","pop":785},"geometry":{"type":"Polygon","coordinates":[[[-1.4613,48.7151],[-1.464,48.7074],[-1.4634,48.7033],[-1.464,48.7014],[-1.4711,48.7025],[-1.4749,48.6982],[-1.4779,48.6981],[-1.4804,48.7004],[-1.4851,48.6995],[-1.4866,48.698],[-1.4924,48.6964],[-1.4972,48.6934],[-1.4993,48.6939],[-1.506,48.6917],[-1.5086,48.6959],[-1.5127,48.697],[-1.515,48.7011],[-1.5156,48.7085],[-1.5186,48.7168],[-1.5162,48.7171],[-1.5087,48.7227],[-1.5068,48.7216],[-1.5019,48.7233],[-1.504,48.7255],[-1.5026,48.7303],[-1.4996,48.7331],[-1.4986,48.7353],[-1.4955,48.7383],[-1.4934,48.7391],[-1.4911,48.7417],[-1.4809,48.7423],[-1.4795,48.7439],[-1.4796,48.7473],[-1.4736,48.7447],[-1.4756,48.7427],[-1.4744,48.7387],[-1.4712,48.7338],[-1.4669,48.7317],[-1.4708,48.7252],[-1.4679,48.7244],[-1.4633,48.7244],[-1.4649,48.7211],[-1.4652,48.7161],[-1.4613,48.7151]]]}},{"type":"Feature","properties":{"code":"50168","nom":"Ducey-Les Chéris","pop":2784},"geometry":{"type":"Polygon","coordinates":[[[-1.2942,48.6305],[-1.2931,48.6292],[-1.2881,48.6287],[-1.2836,48.6272],[-1.2789,48.6285],[-1.2744,48.6275],[-1.2699,48.6305],[-1.2671,48.6314],[-1.2683,48.6334],[-1.2664,48.6367],[-1.2621,48.6367],[-1.2586,48.6421],[-1.2528,48.6423],[-1.2495,48.6446],[-1.2438,48.6439],[-1.2403,48.6445],[-1.2353,48.6435],[-1.2329,48.6442],[-1.2302,48.6418],[-1.2242,48.6415],[-1.2218,48.6393],[-1.2237,48.6367],[-1.2246,48.6329],[-1.2328,48.6308],[-1.2348,48.6283],[-1.2381,48.6292],[-1.2395,48.6208],[-1.2418,48.6205],[-1.2454,48.6218],[-1.2463,48.62],[-1.2445,48.6185],[-1.2447,48.6152],[-1.2497,48.6147],[-1.2539,48.6108],[-1.2581,48.6098],[-1.259,48.6064],[-1.2623,48.604],[-1.2674,48.6014],[-1.267,48.5979],[-1.273,48.5969],[-1.2819,48.5974],[-1.284,48.5981],[-1.2837,48.6009],[-1.2878,48.6029],[-1.2906,48.5981],[-1.2936,48.5957],[-1.299,48.5956],[-1.3002,48.599],[-1.3081,48.6037],[-1.3094,48.6055],[-1.3093,48.6091],[-1.3103,48.6105],[-1.3076,48.6138],[-1.3027,48.6138],[-1.301,48.6162],[-1.296,48.6191],[-1.2952,48.622],[-1.2973,48.6244],[-1.294,48.6259],[-1.295,48.6293],[-1.2942,48.6305]]]}},{"type":"Feature","properties":{"code":"50169","nom":"Écausseville","pop":112},"geometry":{"type":"Polygon","coordinates":[[[-1.3725,49.4751],[-1.3704,49.4738],[-1.3674,49.4745],[-1.3632,49.4715],[-1.3599,49.4683],[-1.3628,49.4669],[-1.3651,49.4643],[-1.3696,49.4622],[-1.3738,49.4592],[-1.372,49.4556],[-1.3795,49.4509],[-1.3814,49.4507],[-1.3902,49.4455],[-1.3981,49.4397],[-1.3981,49.442],[-1.3965,49.4437],[-1.3982,49.445],[-1.397,49.4493],[-1.3992,49.4527],[-1.3992,49.4554],[-1.4027,49.4576],[-1.4009,49.4595],[-1.3959,49.4569],[-1.3916,49.4607],[-1.3897,49.4667],[-1.3851,49.4721],[-1.3842,49.4746],[-1.3814,49.4759],[-1.3781,49.4745],[-1.3725,49.4751]]]}},{"type":"Feature","properties":{"code":"50172","nom":"Émondeville","pop":341},"geometry":{"type":"Polygon","coordinates":[[[-1.3326,49.4738],[-1.3309,49.4756],[-1.3283,49.4703],[-1.3207,49.4697],[-1.3176,49.4666],[-1.3158,49.4676],[-1.3173,49.4656],[-1.3162,49.4624],[-1.3197,49.4598],[-1.3246,49.4521],[-1.3266,49.451],[-1.3286,49.4481],[-1.3414,49.4483],[-1.346,49.4503],[-1.3528,49.4542],[-1.359,49.459],[-1.3622,49.4606],[-1.3651,49.4643],[-1.3628,49.4669],[-1.3599,49.4683],[-1.3514,49.4646],[-1.3406,49.4609],[-1.3392,49.462],[-1.3361,49.4677],[-1.3339,49.4687],[-1.334,49.4722],[-1.3326,49.4738]]]}},{"type":"Feature","properties":{"code":"50174","nom":"Équilly","pop":194},"geometry":{"type":"Polygon","coordinates":[[[-1.358,48.8289],[-1.3564,48.8259],[-1.3585,48.8203],[-1.3618,48.817],[-1.3679,48.8131],[-1.3701,48.8143],[-1.3712,48.8174],[-1.3741,48.8201],[-1.3825,48.8161],[-1.3887,48.815],[-1.3895,48.8166],[-1.3879,48.82],[-1.3891,48.8247],[-1.3869,48.8278],[-1.387,48.8306],[-1.3905,48.8329],[-1.3944,48.8335],[-1.3975,48.8362],[-1.4017,48.8437],[-1.3971,48.8487],[-1.3971,48.8499],[-1.3933,48.8534],[-1.3893,48.8517],[-1.3833,48.8512],[-1.3795,48.8501],[-1.3759,48.8478],[-1.3746,48.8449],[-1.3805,48.8432],[-1.3797,48.8388],[-1.3818,48.8355],[-1.3767,48.831],[-1.3748,48.8261],[-1.3716,48.824],[-1.3671,48.8232],[-1.3642,48.8257],[-1.358,48.8289]]]}},{"type":"Feature","properties":{"code":"50175","nom":"Éroudeville","pop":194},"geometry":{"type":"Polygon","coordinates":[[[-1.4009,49.4595],[-1.4102,49.4644],[-1.41,49.465],[-1.4071,49.4663],[-1.4089,49.4681],[-1.4062,49.472],[-1.4069,49.4797],[-1.4094,49.4846],[-1.4109,49.4858],[-1.4082,49.4907],[-1.4023,49.4874],[-1.3962,49.4831],[-1.3903,49.4858],[-1.3891,49.4872],[-1.3847,49.4856],[-1.3796,49.4829],[-1.3792,49.4776],[-1.3814,49.4759],[-1.3842,49.4746],[-1.3851,49.4721],[-1.3897,49.4667],[-1.3916,49.4607],[-1.3959,49.4569],[-1.4009,49.4595]]]}},{"type":"Feature","properties":{"code":"50176","nom":"L'Étang-Bertrand","pop":350},"geometry":{"type":"Polygon","coordinates":[[[-1.5957,49.482],[-1.5776,49.4879],[-1.5667,49.4904],[-1.5617,49.4889],[-1.56,49.4859],[-1.5567,49.4862],[-1.5546,49.4851],[-1.5555,49.4818],[-1.5488,49.4795],[-1.5465,49.4782],[-1.5517,49.4764],[-1.5505,49.4732],[-1.5528,49.471],[-1.5551,49.4697],[-1.556,49.4661],[-1.5597,49.4631],[-1.5628,49.4622],[-1.5604,49.4589],[-1.5555,49.4583],[-1.5616,49.4532],[-1.5645,49.4534],[-1.569,49.4523],[-1.5717,49.4533],[-1.5737,49.4515],[-1.5767,49.4515],[-1.5804,49.4542],[-1.5819,49.4524],[-1.5838,49.4536],[-1.5839,49.4639],[-1.5834,49.4693],[-1.5863,49.4744],[-1.5902,49.4788],[-1.595,49.4798],[-1.5957,49.482]]]}},{"type":"Feature","properties":{"code":"50177","nom":"Étienville","pop":368},"geometry":{"type":"Polygon","coordinates":[[[-1.4577,49.3661],[-1.4581,49.3674],[-1.4575,49.3796],[-1.4546,49.3824],[-1.45,49.3854],[-1.4439,49.3874],[-1.4427,49.3896],[-1.4448,49.3925],[-1.4432,49.3942],[-1.4446,49.3977],[-1.4434,49.3991],[-1.4431,49.4049],[-1.44,49.4033],[-1.4386,49.4047],[-1.4348,49.4056],[-1.4324,49.4027],[-1.4271,49.4046],[-1.4246,49.4039],[-1.4202,49.3992],[-1.4263,49.3961],[-1.4264,49.3938],[-1.4203,49.3937],[-1.4186,49.3918],[-1.415,49.3855],[-1.419,49.3837],[-1.4244,49.3826],[-1.4264,49.3805],[-1.4283,49.3757],[-1.4266,49.3752],[-1.4268,49.3722],[-1.4307,49.369],[-1.4357,49.3681],[-1.4421,49.3714],[-1.4478,49.3719],[-1.4577,49.3661]]]}},{"type":"Feature","properties":{"code":"50178","nom":"Fermanville","pop":1283},"geometry":{"type":"Polygon","coordinates":[[[-1.4342,49.6719],[-1.4391,49.6733],[-1.4462,49.6738],[-1.4492,49.6751],[-1.4565,49.6725],[-1.4566,49.6699],[-1.4593,49.6675],[-1.4624,49.6675],[-1.4724,49.6616],[-1.4795,49.6588],[-1.4813,49.6593],[-1.4832,49.664],[-1.482,49.6656],[-1.4879,49.6681],[-1.4858,49.6693],[-1.4865,49.6726],[-1.485,49.6779],[-1.48,49.6792],[-1.4752,49.6816],[-1.4754,49.6836],[-1.4726,49.6864],[-1.4731,49.6882],[-1.478,49.69],[-1.4745,49.6963],[-1.47,49.6967],[-1.466,49.6944],[-1.4626,49.6947],[-1.4605,49.6926],[-1.4564,49.6915],[-1.4511,49.6918],[-1.4441,49.6946],[-1.4359,49.6999],[-1.4297,49.7007],[-1.4266,49.7021],[-1.4288,49.7001],[-1.425,49.6965],[-1.4269,49.694],[-1.4274,49.6908],[-1.423,49.6874],[-1.4222,49.6846],[-1.4228,49.6819],[-1.4259,49.6813],[-1.4269,49.6797],[-1.4246,49.6776],[-1.4279,49.6729],[-1.4314,49.6711],[-1.4342,49.6719]]]}},{"type":"Feature","properties":{"code":"50181","nom":"Feugères","pop":356},"geometry":{"type":"Polygon","coordinates":[[[-1.344,49.1261],[-1.3403,49.1287],[-1.3377,49.1291],[-1.3351,49.1311],[-1.333,49.1356],[-1.3336,49.1377],[-1.3363,49.1392],[-1.3402,49.1438],[-1.344,49.1453],[-1.3381,49.147],[-1.3308,49.1505],[-1.3277,49.156],[-1.3244,49.1587],[-1.3227,49.1612],[-1.3188,49.1637],[-1.3156,49.1657],[-1.307,49.1663],[-1.3051,49.1641],[-1.297,49.1662],[-1.2938,49.1644],[-1.2882,49.1652],[-1.2869,49.1621],[-1.2882,49.1603],[-1.2952,49.1593],[-1.2999,49.1564],[-1.2987,49.155],[-1.3005,49.1503],[-1.3057,49.1472],[-1.3043,49.1465],[-1.3081,49.1414],[-1.3135,49.1371],[-1.3168,49.1331],[-1.3192,49.1326],[-1.3209,49.1298],[-1.3236,49.1301],[-1.3265,49.128],[-1.3317,49.1303],[-1.3353,49.1275],[-1.3398,49.1253],[-1.344,49.1261]]]}},{"type":"Feature","properties":{"code":"50182","nom":"La Feuillie","pop":302},"geometry":{"type":"Polygon","coordinates":[[[-1.4745,49.2026],[-1.4784,49.1949],[-1.478,49.1919],[-1.4804,49.1862],[-1.4802,49.1831],[-1.4765,49.1769],[-1.4721,49.1764],[-1.4747,49.1744],[-1.4734,49.1708],[-1.4709,49.1686],[-1.4703,49.1666],[-1.4646,49.163],[-1.4783,49.153],[-1.4923,49.1507],[-1.4933,49.1489],[-1.499,49.1479],[-1.5009,49.1506],[-1.5035,49.1482],[-1.5107,49.1522],[-1.5191,49.1782],[-1.5089,49.1801],[-1.5058,49.1813],[-1.4981,49.1883],[-1.4938,49.1911],[-1.493,49.1932],[-1.4867,49.1932],[-1.483,49.1942],[-1.4784,49.1973],[-1.4778,49.2016],[-1.4745,49.2026]]]}},{"type":"Feature","properties":{"code":"50183","nom":"Fierville-les-Mines","pop":348},"geometry":{"type":"Polygon","coordinates":[[[-1.6522,49.4104],[-1.649,49.409],[-1.6431,49.4046],[-1.6417,49.4026],[-1.6424,49.4006],[-1.6403,49.3979],[-1.6436,49.3954],[-1.6538,49.3891],[-1.6593,49.3865],[-1.6653,49.3848],[-1.6686,49.3849],[-1.667,49.3799],[-1.6713,49.3782],[-1.6759,49.383],[-1.685,49.3787],[-1.6905,49.3809],[-1.6881,49.384],[-1.6856,49.3878],[-1.6822,49.3905],[-1.6864,49.3949],[-1.6833,49.396],[-1.6802,49.3983],[-1.6783,49.4012],[-1.6795,49.4026],[-1.6786,49.4055],[-1.6726,49.4076],[-1.6701,49.4074],[-1.6557,49.4117],[-1.6522,49.4104]]]}},{"type":"Feature","properties":{"code":"50184","nom":"Flamanville","pop":1639},"geometry":{"type":"Polygon","coordinates":[[[-1.8424,49.5332],[-1.8487,49.5294],[-1.8529,49.5259],[-1.8562,49.5212],[-1.858,49.5175],[-1.858,49.5156],[-1.8601,49.5119],[-1.8672,49.5124],[-1.8754,49.515],[-1.8833,49.5212],[-1.8865,49.5269],[-1.8847,49.5298],[-1.8874,49.5335],[-1.8876,49.5358],[-1.8847,49.5413],[-1.8816,49.5433],[-1.877,49.545],[-1.8732,49.5456],[-1.8682,49.5487],[-1.864,49.5506],[-1.8584,49.5513],[-1.8601,49.5477],[-1.8639,49.5436],[-1.8609,49.541],[-1.853,49.5401],[-1.8574,49.5358],[-1.8562,49.5334],[-1.8503,49.5344],[-1.8455,49.5342],[-1.8424,49.5332]]]}},{"type":"Feature","properties":{"code":"50185","nom":"Fleury","pop":1101},"geometry":{"type":"Polygon","coordinates":[[[-1.2879,48.8541],[-1.2818,48.8587],[-1.286,48.8646],[-1.2858,48.8666],[-1.2823,48.8666],[-1.2803,48.8678],[-1.2807,48.8725],[-1.2762,48.8726],[-1.2759,48.8708],[-1.2718,48.8691],[-1.2694,48.867],[-1.2669,48.8682],[-1.2625,48.8677],[-1.2606,48.8665],[-1.2583,48.8629],[-1.2522,48.861],[-1.2492,48.8588],[-1.2464,48.859],[-1.2438,48.8548],[-1.239,48.8562],[-1.2328,48.8516],[-1.229,48.8489],[-1.2285,48.8477],[-1.2333,48.8458],[-1.2364,48.8456],[-1.239,48.8428],[-1.2391,48.8404],[-1.2435,48.837],[-1.24,48.8316],[-1.239,48.8265],[-1.2441,48.8279],[-1.2467,48.8305],[-1.2499,48.8357],[-1.2533,48.8355],[-1.2645,48.8366],[-1.2702,48.8359],[-1.2767,48.8359],[-1.2797,48.8317],[-1.2826,48.8307],[-1.2874,48.8308],[-1.2879,48.8345],[-1.2853,48.8353],[-1.2837,48.8394],[-1.2872,48.8393],[-1.2907,48.8407],[-1.2933,48.8379],[-1.3001,48.8352],[-1.3013,48.8377],[-1.298,48.8393],[-1.2986,48.8421],[-1.2895,48.8458],[-1.2867,48.8461],[-1.2859,48.852],[-1.2879,48.8541]]]}},{"type":"Feature","properties":{"code":"50186","nom":"Flottemanville","pop":230},"geometry":{"type":"Polygon","coordinates":[[[-1.4605,49.4615],[-1.4646,49.4617],[-1.466,49.4645],[-1.4702,49.4663],[-1.4643,49.4766],[-1.4601,49.4812],[-1.4602,49.4824],[-1.4531,49.4893],[-1.4505,49.4882],[-1.4438,49.4879],[-1.4385,49.4897],[-1.4348,49.4889],[-1.4347,49.4846],[-1.433,49.4826],[-1.4378,49.4778],[-1.438,49.474],[-1.4394,49.4724],[-1.4396,49.4701],[-1.4478,49.468],[-1.4546,49.4637],[-1.457,49.4642],[-1.4601,49.4614],[-1.4605,49.4615]]]}},{"type":"Feature","properties":{"code":"50188","nom":"Folligny","pop":1119},"geometry":{"type":"Polygon","coordinates":[[[-1.4131,48.798],[-1.42,48.7972],[-1.424,48.7979],[-1.4283,48.7966],[-1.4298,48.8012],[-1.4323,48.8025],[-1.4332,48.8074],[-1.4383,48.8066],[-1.4406,48.8074],[-1.4389,48.8103],[-1.4472,48.8104],[-1.446,48.8132],[-1.4453,48.8176],[-1.453,48.819],[-1.4528,48.821],[-1.4503,48.8221],[-1.445,48.8222],[-1.4352,48.8291],[-1.4316,48.8308],[-1.4276,48.8295],[-1.4244,48.8268],[-1.4187,48.8315],[-1.4168,48.8324],[-1.4143,48.831],[-1.418,48.8393],[-1.4108,48.8419],[-1.4076,48.841],[-1.4017,48.8437],[-1.3975,48.8362],[-1.3944,48.8335],[-1.3905,48.8329],[-1.387,48.8306],[-1.3869,48.8278],[-1.3891,48.8247],[-1.3879,48.82],[-1.3895,48.8166],[-1.3935,48.8179],[-1.3931,48.8198],[-1.4053,48.8189],[-1.4086,48.8182],[-1.4077,48.8158],[-1.4108,48.8135],[-1.4124,48.8111],[-1.4123,48.8087],[-1.4099,48.8069],[-1.4111,48.8017],[-1.4137,48.8004],[-1.4131,48.798]]]}},{"type":"Feature","properties":{"code":"50190","nom":"Fontenay-sur-Mer","pop":161},"geometry":{"type":"Polygon","coordinates":[[[-1.3253,49.5043],[-1.32,49.5053],[-1.3173,49.5037],[-1.3108,49.5065],[-1.3036,49.507],[-1.3025,49.5061],[-1.2952,49.5043],[-1.295,49.5029],[-1.291,49.5029],[-1.2854,49.5063],[-1.281,49.5067],[-1.2786,49.508],[-1.2736,49.5035],[-1.2845,49.4969],[-1.2835,49.4945],[-1.2872,49.4931],[-1.2886,49.4901],[-1.2981,49.4861],[-1.3062,49.4814],[-1.3072,49.4823],[-1.3133,49.4811],[-1.3191,49.4793],[-1.3312,49.4764],[-1.3302,49.4849],[-1.3351,49.4857],[-1.337,49.4879],[-1.3358,49.4895],[-1.3284,49.491],[-1.3273,49.494],[-1.3229,49.4927],[-1.3229,49.4956],[-1.3254,49.4978],[-1.3253,49.5043]]]}},{"type":"Feature","properties":{"code":"50192","nom":"Fourneaux","pop":131},"geometry":{"type":"Polygon","coordinates":[[[-1.0551,48.9723],[-1.0491,48.9714],[-1.0432,48.9718],[-1.0378,48.9727],[-1.0311,48.9731],[-1.0282,48.9718],[-1.0237,48.9718],[-1.0195,48.9731],[-1.0173,48.9711],[-1.0251,48.9674],[-1.0269,48.9658],[-1.0256,48.9634],[-1.0275,48.9626],[-1.0342,48.9599],[-1.0379,48.9601],[-1.0411,48.9591],[-1.0443,48.9621],[-1.0471,48.9628],[-1.0498,48.9574],[-1.0522,48.9572],[-1.0573,48.959],[-1.0602,48.9648],[-1.0599,48.968],[-1.0551,48.9723]]]}},{"type":"Feature","properties":{"code":"50193","nom":"Le Fresne-Poret","pop":226},"geometry":{"type":"Polygon","coordinates":[[[-0.8193,48.7314],[-0.8095,48.7257],[-0.8079,48.7255],[-0.8048,48.7212],[-0.8064,48.7198],[-0.8033,48.7169],[-0.8048,48.7146],[-0.7989,48.7124],[-0.7978,48.7092],[-0.7972,48.7088],[-0.8065,48.7012],[-0.8085,48.7019],[-0.8139,48.6979],[-0.8155,48.6981],[-0.818,48.6945],[-0.8088,48.6901],[-0.8114,48.6877],[-0.8172,48.6861],[-0.8209,48.6843],[-0.8238,48.6845],[-0.8265,48.686],[-0.83,48.6864],[-0.8292,48.6888],[-0.8329,48.6896],[-0.8375,48.6887],[-0.8441,48.6886],[-0.8441,48.691],[-0.8417,48.6958],[-0.8359,48.6979],[-0.8364,48.7012],[-0.8341,48.7037],[-0.8358,48.71],[-0.8373,48.7116],[-0.8375,48.7151],[-0.8336,48.7172],[-0.8306,48.7225],[-0.828,48.7253],[-0.827,48.7287],[-0.8317,48.7299],[-0.8282,48.7337],[-0.8193,48.7314]]]}},{"type":"Feature","properties":{"code":"50194","nom":"Fresville","pop":373},"geometry":{"type":"Polygon","coordinates":[[[-1.3122,49.4299],[-1.3191,49.4303],[-1.3217,49.4321],[-1.3256,49.4307],[-1.3338,49.4341],[-1.3387,49.4321],[-1.3459,49.432],[-1.3525,49.4265],[-1.3542,49.427],[-1.3586,49.4247],[-1.3622,49.427],[-1.371,49.4267],[-1.3771,49.4291],[-1.3799,49.4292],[-1.3821,49.4331],[-1.3852,49.4345],[-1.3868,49.4365],[-1.3927,49.44],[-1.3977,49.4395],[-1.3981,49.4397],[-1.3902,49.4455],[-1.3814,49.4507],[-1.3795,49.4509],[-1.372,49.4556],[-1.3738,49.4592],[-1.3696,49.4622],[-1.3651,49.4643],[-1.3622,49.4606],[-1.359,49.459],[-1.3528,49.4542],[-1.346,49.4503],[-1.3414,49.4483],[-1.3286,49.4481],[-1.3261,49.4441],[-1.3235,49.4465],[-1.3194,49.4479],[-1.3162,49.4465],[-1.3112,49.4437],[-1.3073,49.4406],[-1.3049,49.436],[-1.3114,49.4352],[-1.3122,49.4299]]]}},{"type":"Feature","properties":{"code":"50195","nom":"Gathemo","pop":265},"geometry":{"type":"Polygon","coordinates":[[[-0.9858,48.7562],[-0.9882,48.7588],[-0.9908,48.7663],[-0.9905,48.7682],[-0.9931,48.7705],[-0.995,48.7738],[-0.9941,48.7773],[-0.9913,48.7782],[-0.9859,48.7777],[-0.9786,48.775],[-0.9762,48.7748],[-0.9712,48.7728],[-0.9714,48.7801],[-0.9674,48.7861],[-0.9619,48.7842],[-0.958,48.7871],[-0.9512,48.7891],[-0.9494,48.7864],[-0.9473,48.7862],[-0.9429,48.783],[-0.9403,48.7785],[-0.9448,48.7747],[-0.9441,48.7732],[-0.941,48.7718],[-0.9387,48.7682],[-0.9393,48.7603],[-0.9406,48.7587],[-0.9388,48.7566],[-0.9419,48.7553],[-0.947,48.755],[-0.9564,48.7561],[-0.9644,48.7598],[-0.97,48.7579],[-0.9769,48.7568],[-0.9829,48.7522],[-0.9865,48.7542],[-0.9858,48.7562]]]}},{"type":"Feature","properties":{"code":"50196","nom":"Gatteville-le-Phare","pop":465},"geometry":{"type":"Polygon","coordinates":[[[-1.3027,49.6692],[-1.3078,49.6725],[-1.3133,49.6709],[-1.3147,49.6743],[-1.3191,49.6766],[-1.3218,49.6755],[-1.3238,49.6771],[-1.3254,49.6812],[-1.316,49.6862],[-1.3093,49.6873],[-1.3022,49.6917],[-1.2999,49.6939],[-1.2879,49.6926],[-1.2813,49.6944],[-1.2728,49.6938],[-1.2709,49.6953],[-1.2666,49.6941],[-1.2659,49.691],[-1.2685,49.6867],[-1.271,49.6859],[-1.2722,49.6832],[-1.2713,49.6815],[-1.2675,49.6782],[-1.2665,49.676],[-1.263,49.6734],[-1.2699,49.6689],[-1.2703,49.6668],[-1.2736,49.6663],[-1.2747,49.6665],[-1.2839,49.6643],[-1.2867,49.6615],[-1.2928,49.6669],[-1.2912,49.668],[-1.2989,49.6704],[-1.3027,49.6692]]]}},{"type":"Feature","properties":{"code":"50197","nom":"Gavray-sur-Sienne","pop":2047},"geometry":{"type":"Polygon","coordinates":[[[-1.3272,48.8788],[-1.3284,48.881],[-1.3312,48.8818],[-1.3368,48.8845],[-1.3369,48.8824],[-1.3309,48.8789],[-1.3309,48.8762],[-1.3334,48.876],[-1.3343,48.8722],[-1.3401,48.8726],[-1.3438,48.8721],[-1.3456,48.8701],[-1.3509,48.8689],[-1.3523,48.8677],[-1.3586,48.8664],[-1.3639,48.8662],[-1.3657,48.8654],[-1.3619,48.8621],[-1.3631,48.8591],[-1.3607,48.8559],[-1.3605,48.8541],[-1.363,48.8524],[-1.362,48.8496],[-1.3652,48.8489],[-1.3677,48.847],[-1.3706,48.848],[-1.3759,48.8478],[-1.3795,48.8501],[-1.3833,48.8512],[-1.3893,48.8517],[-1.3933,48.8534],[-1.3918,48.8557],[-1.3922,48.858],[-1.3905,48.8604],[-1.3931,48.8635],[-1.3927,48.8674],[-1.3872,48.8706],[-1.389,48.877],[-1.3867,48.8788],[-1.382,48.881],[-1.3801,48.8834],[-1.3745,48.8842],[-1.3677,48.8866],[-1.3598,48.886],[-1.3565,48.8875],[-1.3544,48.8848],[-1.3505,48.8883],[-1.3544,48.8904],[-1.3569,48.8941],[-1.3586,48.8942],[-1.3587,48.9009],[-1.3655,48.8991],[-1.3674,48.8999],[-1.3676,48.9027],[-1.3721,48.9036],[-1.3736,48.9094],[-1.3726,48.9123],[-1.3735,48.9145],[-1.3705,48.9179],[-1.3664,48.9213],[-1.3575,48.9237],[-1.3556,48.9272],[-1.356,48.9292],[-1.3524,48.9339],[-1.3496,48.9333],[-1.3494,48.9292],[-1.345,48.9238],[-1.3441,48.9207],[-1.3445,48.9144],[-1.3456,48.9112],[-1.3449,48.9089],[-1.3415,48.9112],[-1.3376,48.9162],[-1.335,48.9153],[-1.3309,48.912],[-1.3295,48.9122],[-1.3299,48.916],[-1.3226,48.9147],[-1.3212,48.9151],[-1.3197,48.9164],[-1.3151,48.917],[-1.3078,48.9166],[-1.3043,48.9151],[-1.2997,48.9146],[-1.2958,48.9127],[-1.292,48.9119],[-1.2913,48.916],[-1.2923,48.9201],[-1.2916,48.922],[-1.2864,48.9228],[-1.2841,48.9248],[-1.2807,48.9245],[-1.2771,48.9261],[-1.2763,48.9297],[-1.2732,48.9297],[-1.2702,48.9266],[-1.2693,48.9243],[-1.2673,48.9236],[-1.266,48.9208],[-1.2687,48.9186],[-1.2703,48.9157],[-1.2691,48.915],[-1.2632,48.915],[-1.2583,48.9155],[-1.2585,48.9125],[-1.2553,48.9084],[-1.2573,48.907],[-1.2599,48.9074],[-1.2656,48.9052],[-1.2684,48.9033],[-1.2694,48.8991],[-1.2746,48.8984],[-1.2791,48.897],[-1.2879,48.8971],[-1.2929,48.8957],[-1.2905,48.8931],[-1.2919,48.8901],[-1.2957,48.8845],[-1.2965,48.8808],[-1.302,48.8801],[-1.3063,48.8803],[-1.3095,48.8816],[-1.3098,48.8833],[-1.3157,48.8822],[-1.3254,48.885],[-1.3257,48.88],[-1.3272,48.8788]]]}},{"type":"Feature","properties":{"code":"50198","nom":"Geffosses","pop":501},"geometry":{"type":"Polygon","coordinates":[[[-1.5958,49.1441],[-1.5819,49.1443],[-1.5786,49.1437],[-1.5758,49.1459],[-1.5682,49.1464],[-1.5662,49.145],[-1.5566,49.1455],[-1.5512,49.1466],[-1.5385,49.142],[-1.5315,49.1413],[-1.525,49.1418],[-1.5163,49.1404],[-1.5151,49.1363],[-1.5128,49.1349],[-1.5157,49.1305],[-1.5131,49.1253],[-1.5184,49.125],[-1.5246,49.1205],[-1.5232,49.1197],[-1.5258,49.1169],[-1.5269,49.1144],[-1.5325,49.1136],[-1.5426,49.1092],[-1.5454,49.1072],[-1.5502,49.111],[-1.5562,49.1108],[-1.5639,49.109],[-1.5672,49.111],[-1.5737,49.1122],[-1.5709,49.1159],[-1.5704,49.1249],[-1.5757,49.127],[-1.5752,49.1283],[-1.5799,49.1291],[-1.5803,49.1264],[-1.5855,49.1264],[-1.5871,49.1287],[-1.5905,49.1292],[-1.5919,49.1346],[-1.5957,49.1408],[-1.5958,49.1441]]]}},{"type":"Feature","properties":{"code":"50199","nom":"Genêts","pop":451},"geometry":{"type":"Polygon","coordinates":[[[-1.506,48.6917],[-1.4993,48.6939],[-1.4972,48.6934],[-1.4924,48.6964],[-1.4866,48.698],[-1.4851,48.6995],[-1.4804,48.7004],[-1.4779,48.6981],[-1.4749,48.6982],[-1.4711,48.7025],[-1.464,48.7014],[-1.4619,48.699],[-1.4568,48.6953],[-1.4539,48.6943],[-1.4531,48.6893],[-1.4471,48.6881],[-1.4533,48.6817],[-1.4518,48.68],[-1.4577,48.6735],[-1.4641,48.674],[-1.469,48.6791],[-1.473,48.6814],[-1.475,48.6816],[-1.4857,48.6864],[-1.4907,48.686],[-1.4969,48.6837],[-1.5017,48.6863],[-1.506,48.6917]]]}},{"type":"Feature","properties":{"code":"50200","nom":"Ger","pop":824},"geometry":{"type":"Polygon","coordinates":[[[-0.7366,48.6796],[-0.7408,48.681],[-0.7446,48.6804],[-0.7454,48.6765],[-0.7495,48.676],[-0.7543,48.6739],[-0.7568,48.6736],[-0.7595,48.6706],[-0.7582,48.669],[-0.7597,48.6643],[-0.7662,48.6615],[-0.7731,48.6579],[-0.7725,48.6533],[-0.7734,48.655],[-0.7818,48.6532],[-0.7896,48.6496],[-0.7922,48.6452],[-0.7948,48.6437],[-0.7986,48.647],[-0.8011,48.6441],[-0.802,48.6397],[-0.8054,48.6397],[-0.8054,48.6378],[-0.8094,48.6382],[-0.8111,48.6397],[-0.8173,48.638],[-0.8201,48.6388],[-0.8284,48.6378],[-0.8321,48.6387],[-0.8302,48.6416],[-0.8341,48.643],[-0.8359,48.6413],[-0.843,48.6447],[-0.8496,48.6471],[-0.8541,48.6456],[-0.8634,48.646],[-0.8617,48.6505],[-0.8583,48.6517],[-0.8586,48.654],[-0.8543,48.6557],[-0.8502,48.6553],[-0.846,48.6574],[-0.8452,48.66],[-0.8406,48.6596],[-0.8397,48.6626],[-0.8404,48.6642],[-0.8478,48.6646],[-0.8496,48.6674],[-0.8592,48.6665],[-0.8571,48.672],[-0.8592,48.6741],[-0.8563,48.6775],[-0.8511,48.6811],[-0.8521,48.684],[-0.8495,48.6889],[-0.8441,48.6886],[-0.8375,48.6887],[-0.8329,48.6896],[-0.8292,48.6888],[-0.83,48.6864],[-0.8265,48.686],[-0.8238,48.6845],[-0.8209,48.6843],[-0.8172,48.6861],[-0.8114,48.6877],[-0.8088,48.6901],[-0.818,48.6945],[-0.8155,48.6981],[-0.8139,48.6979],[-0.8085,48.7019],[-0.8065,48.7012],[-0.7972,48.7088],[-0.7978,48.7092],[-0.7947,48.7082],[-0.7939,48.7067],[-0.7897,48.704],[-0.7858,48.704],[-0.7722,48.699],[-0.7715,48.6971],[-0.7642,48.6926],[-0.7549,48.6903],[-0.743,48.69],[-0.7416,48.6875],[-0.7351,48.686],[-0.7366,48.6796]]]}},{"type":"Feature","properties":{"code":"50205","nom":"La Godefroy","pop":301},"geometry":{"type":"Polygon","coordinates":[[[-1.2824,48.6946],[-1.2806,48.6944],[-1.2657,48.6955],[-1.2647,48.6948],[-1.2549,48.6948],[-1.256,48.6921],[-1.2547,48.6897],[-1.2627,48.6877],[-1.2709,48.6893],[-1.2761,48.6876],[-1.2799,48.6876],[-1.2822,48.6855],[-1.2831,48.6842],[-1.2869,48.685],[-1.2896,48.6836],[-1.294,48.684],[-1.3007,48.6859],[-1.3046,48.688],[-1.3107,48.6891],[-1.3135,48.6906],[-1.314,48.6945],[-1.3084,48.6951],[-1.2995,48.6942],[-1.2949,48.6942],[-1.2856,48.6953],[-1.2824,48.6946]]]}},{"type":"Feature","properties":{"code":"50207","nom":"Golleville","pop":163},"geometry":{"type":"Polygon","coordinates":[[[-1.5329,49.4385],[-1.5283,49.4429],[-1.5267,49.4472],[-1.5265,49.4509],[-1.5278,49.4568],[-1.5265,49.458],[-1.522,49.4576],[-1.52,49.4546],[-1.5197,49.4512],[-1.5165,49.452],[-1.5121,49.4521],[-1.5086,49.4532],[-1.5092,49.4498],[-1.5063,49.4505],[-1.5012,49.446],[-1.4987,49.4413],[-1.4946,49.4398],[-1.494,49.4314],[-1.4999,49.4283],[-1.5013,49.4263],[-1.5012,49.4222],[-1.506,49.4224],[-1.5069,49.4258],[-1.5105,49.4251],[-1.5131,49.4303],[-1.5175,49.4277],[-1.5263,49.4241],[-1.5267,49.4234],[-1.5291,49.4284],[-1.5266,49.4306],[-1.5278,49.4371],[-1.5329,49.4385]]]}},{"type":"Feature","properties":{"code":"50208","nom":"Gonfreville","pop":164},"geometry":{"type":"Polygon","coordinates":[[[-1.3782,49.2284],[-1.382,49.2261],[-1.3861,49.2254],[-1.3902,49.2217],[-1.3943,49.2204],[-1.4022,49.2199],[-1.4077,49.2155],[-1.4131,49.2148],[-1.4192,49.216],[-1.4245,49.213],[-1.4263,49.2132],[-1.4253,49.2347],[-1.4214,49.2362],[-1.4227,49.2384],[-1.4158,49.2398],[-1.4088,49.2397],[-1.4064,49.2428],[-1.4032,49.2441],[-1.4009,49.2462],[-1.3903,49.249],[-1.3868,49.2476],[-1.3819,49.2437],[-1.3793,49.245],[-1.3807,49.2401],[-1.3824,49.2389],[-1.3813,49.2367],[-1.3774,49.2346],[-1.3785,49.2318],[-1.3806,49.2305],[-1.3782,49.2284]]]}},{"type":"Feature","properties":{"code":"50209","nom":"Gonneville-Le Theil","pop":1513},"geometry":{"type":"Polygon","coordinates":[[[-1.4335,49.6335],[-1.4351,49.6315],[-1.4376,49.6233],[-1.4432,49.6207],[-1.4426,49.6163],[-1.438,49.6164],[-1.4294,49.6128],[-1.4258,49.6129],[-1.4276,49.6104],[-1.4333,49.6076],[-1.4437,49.6045],[-1.4431,49.6023],[-1.44,49.599],[-1.4401,49.5967],[-1.434,49.5969],[-1.4344,49.5944],[-1.4362,49.5925],[-1.4372,49.591],[-1.4436,49.5875],[-1.45,49.5883],[-1.4555,49.5896],[-1.4566,49.5907],[-1.4633,49.5879],[-1.467,49.5869],[-1.4679,49.591],[-1.4706,49.59],[-1.4723,49.5918],[-1.4752,49.5905],[-1.4821,49.5916],[-1.4879,49.5883],[-1.492,49.5909],[-1.4955,49.5891],[-1.4999,49.5915],[-1.5049,49.5931],[-1.5041,49.5951],[-1.5011,49.5974],[-1.4941,49.6],[-1.4922,49.6027],[-1.4933,49.6062],[-1.4928,49.6127],[-1.494,49.6144],[-1.5004,49.6151],[-1.5003,49.6165],[-1.505,49.6201],[-1.5042,49.6228],[-1.5072,49.624],[-1.507,49.6273],[-1.5082,49.6303],[-1.5108,49.6311],[-1.5136,49.6383],[-1.5081,49.641],[-1.5044,49.64],[-1.5031,49.642],[-1.4998,49.6411],[-1.4975,49.642],[-1.4922,49.6421],[-1.4875,49.6429],[-1.4863,49.643],[-1.4825,49.6468],[-1.4755,49.6474],[-1.4698,49.6503],[-1.467,49.651],[-1.4658,49.6541],[-1.4628,49.6511],[-1.4598,49.6506],[-1.4487,49.6452],[-1.4433,49.6407],[-1.4335,49.6335]]]}},{"type":"Feature","properties":{"code":"50210","nom":"Gorges","pop":350},"geometry":{"type":"Polygon","coordinates":[[[-1.3636,49.2918],[-1.3609,49.2892],[-1.3614,49.286],[-1.3583,49.2845],[-1.3578,49.2789],[-1.3531,49.2784],[-1.3517,49.2769],[-1.3475,49.2781],[-1.3453,49.2776],[-1.342,49.274],[-1.3423,49.2709],[-1.3454,49.2672],[-1.3449,49.2643],[-1.3486,49.2635],[-1.3532,49.265],[-1.3558,49.2618],[-1.3568,49.2577],[-1.3582,49.2565],[-1.3567,49.2545],[-1.3585,49.2514],[-1.3624,49.2499],[-1.3638,49.2523],[-1.37,49.2534],[-1.3738,49.2533],[-1.3783,49.2497],[-1.3793,49.245],[-1.3819,49.2437],[-1.3868,49.2476],[-1.3903,49.249],[-1.4009,49.2462],[-1.4032,49.2441],[-1.4064,49.2428],[-1.4088,49.2397],[-1.4158,49.2398],[-1.4227,49.2384],[-1.4214,49.2362],[-1.4253,49.2347],[-1.425,49.2404],[-1.4275,49.2403],[-1.4302,49.2425],[-1.429,49.2482],[-1.4311,49.2488],[-1.4339,49.2535],[-1.435,49.2568],[-1.4369,49.2591],[-1.4368,49.2614],[-1.4383,49.2639],[-1.438,49.2657],[-1.4303,49.2657],[-1.4273,49.2684],[-1.4236,49.2698],[-1.4196,49.269],[-1.4128,49.2691],[-1.4073,49.2672],[-1.404,49.2686],[-1.3972,49.2739],[-1.3942,49.2797],[-1.395,49.2853],[-1.3944,49.288],[-1.3859,49.2919],[-1.3847,49.2933],[-1.3798,49.2945],[-1.3777,49.2936],[-1.3734,49.2946],[-1.3651,49.2914],[-1.3636,49.2918]]]}},{"type":"Feature","properties":{"code":"50214","nom":"Gouvets","pop":295},"geometry":{"type":"Polygon","coordinates":[[[-1.1049,48.9428],[-1.1007,48.9428],[-1.0933,48.9441],[-1.0812,48.9444],[-1.0776,48.9452],[-1.064,48.9451],[-1.0647,48.9412],[-1.0632,48.9377],[-1.0666,48.9346],[-1.0647,48.9337],[-1.0706,48.9292],[-1.0741,48.9291],[-1.0733,48.927],[-1.0772,48.9248],[-1.075,48.9234],[-1.0755,48.9216],[-1.0789,48.9179],[-1.0828,48.9175],[-1.0907,48.9153],[-1.0987,48.9111],[-1.1056,48.9052],[-1.1121,48.9079],[-1.1156,48.9099],[-1.1141,48.9113],[-1.1136,48.9142],[-1.1164,48.917],[-1.1137,48.9211],[-1.117,48.9291],[-1.1165,48.936],[-1.1148,48.9376],[-1.1095,48.9393],[-1.106,48.9411],[-1.1049,48.9428]]]}},{"type":"Feature","properties":{"code":"50215","nom":"Gouville-sur-Mer","pop":3274},"geometry":{"type":"Polygon","coordinates":[[[-1.4529,49.0946],[-1.4523,49.0914],[-1.4561,49.0903],[-1.4616,49.0899],[-1.4675,49.0902],[-1.4713,49.0882],[-1.4734,49.0857],[-1.4806,49.0828],[-1.4812,49.0842],[-1.4854,49.088],[-1.4927,49.0874],[-1.4939,49.0888],[-1.4995,49.0905],[-1.5045,49.0877],[-1.5107,49.0872],[-1.5134,49.0853],[-1.5186,49.0882],[-1.5212,49.0852],[-1.5211,49.0838],[-1.5244,49.0809],[-1.5273,49.0815],[-1.5302,49.0823],[-1.5383,49.0829],[-1.5448,49.0829],[-1.5478,49.0839],[-1.5575,49.0841],[-1.5604,49.0847],[-1.5739,49.0851],[-1.579,49.0856],[-1.582,49.0851],[-1.5957,49.0844],[-1.6105,49.0834],[-1.6107,49.0915],[-1.6103,49.099],[-1.6095,49.0997],[-1.6073,49.1077],[-1.6019,49.116],[-1.5987,49.1222],[-1.5953,49.1316],[-1.5919,49.1346],[-1.5905,49.1292],[-1.5871,49.1287],[-1.5855,49.1264],[-1.5803,49.1264],[-1.5799,49.1291],[-1.5752,49.1283],[-1.5757,49.127],[-1.5704,49.1249],[-1.5709,49.1159],[-1.5737,49.1122],[-1.5672,49.111],[-1.5639,49.109],[-1.5562,49.1108],[-1.5502,49.111],[-1.5454,49.1072],[-1.5426,49.1092],[-1.5325,49.1136],[-1.5269,49.1144],[-1.5258,49.1169],[-1.5232,49.1197],[-1.5246,49.1205],[-1.5184,49.125],[-1.5131,49.1253],[-1.5103,49.1247],[-1.5092,49.1268],[-1.5043,49.1254],[-1.5035,49.1222],[-1.5005,49.1175],[-1.4981,49.1157],[-1.4914,49.1147],[-1.4919,49.1122],[-1.4883,49.1053],[-1.4871,49.0993],[-1.4874,49.0965],[-1.4753,49.097],[-1.4736,49.098],[-1.4686,49.0958],[-1.4666,49.0961],[-1.4529,49.0946]]]}},{"type":"Feature","properties":{"code":"50216","nom":"Graignes-Mesnil-Angot","pop":797},"geometry":{"type":"Polygon","coordinates":[[[-1.2377,49.2321],[-1.2353,49.2326],[-1.2341,49.2353],[-1.2348,49.2375],[-1.2299,49.2405],[-1.2289,49.2424],[-1.2209,49.2457],[-1.2188,49.248],[-1.2181,49.2529],[-1.2189,49.2555],[-1.2223,49.2612],[-1.2267,49.2629],[-1.2273,49.264],[-1.2133,49.2649],[-1.199,49.262],[-1.1856,49.2488],[-1.1549,49.2521],[-1.1545,49.2486],[-1.1597,49.2474],[-1.1609,49.2339],[-1.1608,49.2333],[-1.1674,49.2332],[-1.1715,49.2341],[-1.1821,49.2307],[-1.1903,49.2291],[-1.1884,49.2267],[-1.1901,49.2249],[-1.1913,49.2198],[-1.1941,49.2205],[-1.1963,49.2174],[-1.1938,49.2154],[-1.194,49.212],[-1.201,49.2121],[-1.2028,49.2069],[-1.2049,49.2067],[-1.2065,49.2121],[-1.2091,49.2146],[-1.2127,49.2143],[-1.2163,49.2163],[-1.2233,49.223],[-1.2282,49.2245],[-1.2328,49.2275],[-1.2362,49.2294],[-1.2377,49.2321]]]}},{"type":"Feature","properties":{"code":"50217","nom":"Le Grand-Celland","pop":592},"geometry":{"type":"Polygon","coordinates":[[[-1.1982,48.6798],[-1.2097,48.684],[-1.2058,48.6898],[-1.2014,48.6932],[-1.1979,48.6933],[-1.1946,48.6922],[-1.1931,48.6949],[-1.1874,48.6958],[-1.1865,48.6973],[-1.1904,48.7037],[-1.1909,48.7065],[-1.1804,48.7065],[-1.1773,48.7058],[-1.1707,48.7063],[-1.1659,48.7061],[-1.1565,48.7035],[-1.1516,48.7033],[-1.1503,48.701],[-1.1504,48.6985],[-1.1488,48.6971],[-1.1459,48.6913],[-1.1483,48.6879],[-1.1483,48.686],[-1.151,48.6755],[-1.1502,48.6725],[-1.1532,48.6732],[-1.1588,48.6726],[-1.1707,48.6708],[-1.1781,48.6722],[-1.1822,48.6743],[-1.1841,48.6738],[-1.1907,48.6765],[-1.1982,48.6798]]]}},{"type":"Feature","properties":{"code":"50218","nom":"Granville","pop":12510},"geometry":{"type":"MultiPolygon","coordinates":[[[[-1.5398,48.8226],[-1.5455,48.822],[-1.5499,48.8234],[-1.5558,48.8237],[-1.5634,48.822],[-1.5705,48.821],[-1.5709,48.817],[-1.5726,48.816],[-1.5742,48.8214],[-1.5785,48.8259],[-1.5826,48.8265],[-1.5846,48.8308],[-1.5889,48.8316],[-1.5939,48.8347],[-1.5991,48.8355],[-1.6019,48.8325],[-1.6053,48.8354],[-1.6081,48.833],[-1.6116,48.833],[-1.6144,48.8341],[-1.6105,48.8369],[-1.6055,48.8373],[-1.6016,48.8396],[-1.5981,48.8394],[-1.5921,48.8453],[-1.5894,48.8429],[-1.5852,48.8423],[-1.5828,48.8449],[-1.5752,48.844],[-1.5709,48.8446],[-1.5694,48.8459],[-1.5649,48.8455],[-1.5615,48.845],[-1.5592,48.8407],[-1.5615,48.839],[-1.5615,48.8366],[-1.5535,48.8362],[-1.5542,48.8377],[-1.5466,48.8376],[-1.5445,48.8387],[-1.537,48.8386],[-1.5338,48.8354],[-1.5297,48.8289],[-1.5271,48.827],[-1.5288,48.8257],[-1.5352,48.8243],[-1.5398,48.8226]]],[[[-1.8392,48.8771],[-1.8375,48.8784],[-1.8344,48.8774],[-1.8336,48.8744],[-1.8299,48.8747],[-1.8265,48.8726],[-1.8227,48.8723],[-1.8286,48.8691],[-1.8324,48.8691],[-1.8326,48.8723],[-1.8368,48.8743],[-1.8392,48.8771]]]]}},{"type":"Feature","properties":{"code":"50219","nom":"Gratot","pop":679},"geometry":{"type":"Polygon","coordinates":[[[-1.4794,49.051],[-1.4841,49.0516],[-1.4869,49.0528],[-1.4832,49.0572],[-1.486,49.0574],[-1.4864,49.0597],[-1.4942,49.0568],[-1.5004,49.0585],[-1.5049,49.0604],[-1.5075,49.0601],[-1.513,49.061],[-1.5161,49.0603],[-1.5275,49.0618],[-1.5259,49.0639],[-1.527,49.0654],[-1.5308,49.0661],[-1.5332,49.0676],[-1.5315,49.0697],[-1.5289,49.0756],[-1.5327,49.0762],[-1.5283,49.0798],[-1.5273,49.0815],[-1.5244,49.0809],[-1.518,49.0786],[-1.5135,49.0781],[-1.5106,49.0812],[-1.5076,49.0799],[-1.5037,49.0795],[-1.4973,49.0774],[-1.4919,49.0776],[-1.4881,49.0759],[-1.4854,49.0766],[-1.4809,49.0751],[-1.4797,49.0758],[-1.4714,49.0724],[-1.4658,49.0721],[-1.4592,49.0727],[-1.4526,49.075],[-1.4481,49.0782],[-1.4455,49.0787],[-1.4434,49.0742],[-1.4463,49.0723],[-1.4534,49.0712],[-1.4555,49.0693],[-1.4627,49.0665],[-1.4684,49.0624],[-1.4684,49.061],[-1.4725,49.0576],[-1.4727,49.0548],[-1.4756,49.0543],[-1.4794,49.0523],[-1.4794,49.051]]]}},{"type":"Feature","properties":{"code":"50221","nom":"Grimesnil","pop":71},"geometry":{"type":"Polygon","coordinates":[[[-1.3502,48.9441],[-1.3555,48.942],[-1.3565,48.9438],[-1.3631,48.9508],[-1.3635,48.9532],[-1.3626,48.9552],[-1.3599,48.9558],[-1.3497,48.9623],[-1.348,48.965],[-1.3445,48.9673],[-1.3446,48.9687],[-1.3402,48.9701],[-1.3402,48.9682],[-1.3422,48.9633],[-1.3415,48.9606],[-1.3437,48.9519],[-1.3454,48.9486],[-1.3447,48.9462],[-1.3502,48.9441]]]}},{"type":"Feature","properties":{"code":"50222","nom":"Grosville","pop":809},"geometry":{"type":"Polygon","coordinates":[[[-1.6981,49.503],[-1.6986,49.5022],[-1.7095,49.4982],[-1.7111,49.4962],[-1.7114,49.4894],[-1.7194,49.4908],[-1.7194,49.4878],[-1.7261,49.488],[-1.7337,49.4902],[-1.7343,49.4912],[-1.7402,49.4908],[-1.7475,49.4924],[-1.751,49.4998],[-1.7552,49.4999],[-1.7621,49.4977],[-1.7663,49.5019],[-1.7692,49.5068],[-1.762,49.5103],[-1.7629,49.5125],[-1.7613,49.5144],[-1.7579,49.5166],[-1.7545,49.5201],[-1.7499,49.5204],[-1.7474,49.5216],[-1.7479,49.5232],[-1.7453,49.5262],[-1.7392,49.5279],[-1.7325,49.5246],[-1.7296,49.5273],[-1.7257,49.5254],[-1.7228,49.5255],[-1.7174,49.5208],[-1.7119,49.5179],[-1.7073,49.5134],[-1.7059,49.5103],[-1.7033,49.5092],[-1.7023,49.5047],[-1.6986,49.5045],[-1.6981,49.503]]]}},{"type":"Feature","properties":{"code":"50225","nom":"Le Guislain","pop":135},"geometry":{"type":"Polygon","coordinates":[[[-1.2134,48.9847],[-1.2108,48.9843],[-1.2095,48.9825],[-1.2052,48.9833],[-1.2036,48.9815],[-1.1961,48.9784],[-1.2017,48.976],[-1.2035,48.9745],[-1.1966,48.9713],[-1.1992,48.9688],[-1.2017,48.9649],[-1.205,48.963],[-1.2093,48.957],[-1.2149,48.9545],[-1.2172,48.9519],[-1.2192,48.9525],[-1.2175,48.9556],[-1.2167,48.9592],[-1.2143,48.9617],[-1.2209,48.9646],[-1.2273,48.9665],[-1.2301,48.968],[-1.2332,48.9719],[-1.2361,48.974],[-1.2411,48.9762],[-1.2286,48.9802],[-1.2271,48.9797],[-1.2206,48.9824],[-1.2134,48.9847]]]}},{"type":"Feature","properties":{"code":"50227","nom":"Le Ham","pop":309},"geometry":{"type":"Polygon","coordinates":[[[-1.4136,49.439],[-1.4148,49.4413],[-1.418,49.442],[-1.4202,49.4495],[-1.4221,49.4523],[-1.4263,49.4538],[-1.4243,49.4544],[-1.4206,49.4524],[-1.4147,49.4579],[-1.416,49.4628],[-1.4121,49.4629],[-1.41,49.465],[-1.4102,49.4644],[-1.4009,49.4595],[-1.4027,49.4576],[-1.3992,49.4554],[-1.3992,49.4527],[-1.397,49.4493],[-1.3982,49.445],[-1.3965,49.4437],[-1.3981,49.442],[-1.3981,49.4397],[-1.3977,49.4395],[-1.4025,49.4373],[-1.4075,49.436],[-1.4123,49.4376],[-1.4136,49.439]]]}},{"type":"Feature","properties":{"code":"50228","nom":"Hambye","pop":1072},"geometry":{"type":"Polygon","coordinates":[[[-1.2123,48.9401],[-1.2178,48.9351],[-1.2232,48.9315],[-1.2243,48.9287],[-1.2292,48.9258],[-1.2347,48.9248],[-1.2462,48.9232],[-1.2531,48.9249],[-1.2573,48.924],[-1.2594,48.9215],[-1.266,48.9208],[-1.2673,48.9236],[-1.2693,48.9243],[-1.2702,48.9266],[-1.2732,48.9297],[-1.2763,48.9297],[-1.2771,48.9261],[-1.2807,48.9245],[-1.2841,48.9248],[-1.2863,48.9281],[-1.286,48.9321],[-1.2912,48.9326],[-1.2918,48.9302],[-1.2965,48.93],[-1.2975,48.9327],[-1.2996,48.9347],[-1.3049,48.9324],[-1.3076,48.9322],[-1.3097,48.935],[-1.3137,48.936],[-1.3117,48.9417],[-1.3051,48.9467],[-1.3043,48.9482],[-1.2998,48.9505],[-1.3084,48.9536],[-1.3138,48.9561],[-1.3108,48.9568],[-1.3067,48.9591],[-1.2938,48.9625],[-1.2889,48.9637],[-1.2844,48.9657],[-1.2778,48.967],[-1.2741,48.9667],[-1.2682,48.9673],[-1.2616,48.9688],[-1.2514,48.9717],[-1.2476,48.9738],[-1.2411,48.9762],[-1.2361,48.974],[-1.2332,48.9719],[-1.2301,48.968],[-1.2273,48.9665],[-1.2209,48.9646],[-1.2143,48.9617],[-1.2167,48.9592],[-1.2175,48.9556],[-1.2192,48.9525],[-1.219,48.9483],[-1.2203,48.9465],[-1.2112,48.9446],[-1.2127,48.9433],[-1.2123,48.9401]]]}},{"type":"Feature","properties":{"code":"50229","nom":"Hamelin","pop":111},"geometry":{"type":"Polygon","coordinates":[[[-1.2068,48.5423],[-1.2065,48.539],[-1.2137,48.5394],[-1.2173,48.537],[-1.2219,48.5385],[-1.2251,48.5376],[-1.2314,48.5376],[-1.2336,48.5383],[-1.2389,48.5377],[-1.2421,48.54],[-1.2462,48.5403],[-1.2492,48.5417],[-1.2489,48.5437],[-1.2414,48.5436],[-1.2312,48.5425],[-1.2262,48.5428],[-1.2254,48.5479],[-1.2187,48.55],[-1.215,48.5496],[-1.2118,48.5508],[-1.2086,48.5484],[-1.2062,48.5453],[-1.2068,48.5423]]]}},{"type":"Feature","properties":{"code":"50230","nom":"Hardinvast","pop":928},"geometry":{"type":"Polygon","coordinates":[[[-1.6725,49.574],[-1.6683,49.5787],[-1.6649,49.5812],[-1.6591,49.5805],[-1.6545,49.5842],[-1.6511,49.5876],[-1.6481,49.5864],[-1.6432,49.5898],[-1.6388,49.591],[-1.6365,49.5904],[-1.6339,49.5924],[-1.6263,49.5949],[-1.6247,49.5887],[-1.6248,49.5836],[-1.6198,49.5829],[-1.6223,49.5787],[-1.6275,49.5767],[-1.6331,49.5732],[-1.6377,49.5728],[-1.6395,49.5736],[-1.6427,49.5721],[-1.6423,49.5661],[-1.6393,49.5623],[-1.6442,49.5626],[-1.6491,49.5605],[-1.651,49.5612],[-1.6583,49.5615],[-1.667,49.5672],[-1.6701,49.5728],[-1.6725,49.574]]]}},{"type":"Feature","properties":{"code":"50231","nom":"Hauteville-sur-Mer","pop":707},"geometry":{"type":"Polygon","coordinates":[[[-1.5197,48.9765],[-1.52,48.9759],[-1.5245,48.9721],[-1.5278,48.9686],[-1.5335,48.9696],[-1.5411,48.9687],[-1.5482,48.9698],[-1.5619,48.9684],[-1.5621,48.9794],[-1.5616,48.9812],[-1.5564,48.9796],[-1.5419,48.9799],[-1.5359,48.9796],[-1.5318,48.9802],[-1.5299,48.9786],[-1.5214,48.978],[-1.5197,48.9765]]]}},{"type":"Feature","properties":{"code":"50232","nom":"Hauteville-la-Guichard","pop":440},"geometry":{"type":"Polygon","coordinates":[[[-1.3265,49.128],[-1.3236,49.1301],[-1.3209,49.1298],[-1.3192,49.1326],[-1.3168,49.1331],[-1.3135,49.1371],[-1.3081,49.1414],[-1.3007,49.1398],[-1.2966,49.1438],[-1.2885,49.1454],[-1.2858,49.1398],[-1.2829,49.1372],[-1.2825,49.1351],[-1.2784,49.135],[-1.2727,49.1325],[-1.2725,49.1282],[-1.2761,49.1255],[-1.2769,49.1227],[-1.2746,49.1193],[-1.2767,49.1162],[-1.2767,49.1174],[-1.2841,49.1165],[-1.2877,49.1127],[-1.2906,49.111],[-1.2961,49.115],[-1.3011,49.1128],[-1.3046,49.1122],[-1.3042,49.1097],[-1.3072,49.11],[-1.309,49.1118],[-1.3143,49.1083],[-1.3152,49.1066],[-1.3181,49.1059],[-1.3241,49.109],[-1.3293,49.1091],[-1.33,49.1073],[-1.333,49.1056],[-1.3368,49.1066],[-1.3362,49.1106],[-1.333,49.1123],[-1.3309,49.1158],[-1.3287,49.1238],[-1.3265,49.128]]]}},{"type":"Feature","properties":{"code":"50233","nom":"Hautteville-Bocage","pop":152},"geometry":{"type":"Polygon","coordinates":[[[-1.4607,49.4435],[-1.4567,49.443],[-1.4524,49.4441],[-1.4521,49.4412],[-1.4505,49.4399],[-1.4497,49.4336],[-1.4502,49.4322],[-1.4479,49.4302],[-1.451,49.4292],[-1.4565,49.4254],[-1.4561,49.4238],[-1.4629,49.4252],[-1.4626,49.422],[-1.4643,49.4199],[-1.4687,49.4181],[-1.4702,49.4165],[-1.472,49.4176],[-1.4765,49.4163],[-1.4829,49.4159],[-1.4915,49.4165],[-1.4914,49.4212],[-1.4821,49.421],[-1.4778,49.4222],[-1.4772,49.4243],[-1.4734,49.4267],[-1.4717,49.4289],[-1.4722,49.4308],[-1.475,49.4323],[-1.4726,49.4374],[-1.4703,49.4358],[-1.4665,49.4384],[-1.4607,49.4435]]]}},{"type":"Feature","properties":{"code":"50234","nom":"La Haye-Bellefond","pop":63},"geometry":{"type":"Polygon","coordinates":[[[-1.2108,48.9843],[-1.1976,48.9833],[-1.194,48.9824],[-1.1922,48.9849],[-1.1851,48.991],[-1.186,48.9931],[-1.1811,48.9873],[-1.1765,48.9854],[-1.1717,48.9863],[-1.1693,48.9846],[-1.1744,48.9842],[-1.1766,48.9775],[-1.1788,48.9739],[-1.1809,48.9741],[-1.1873,48.971],[-1.1883,48.9725],[-1.1918,48.9732],[-1.1966,48.9713],[-1.2035,48.9745],[-1.2017,48.976],[-1.1961,48.9784],[-1.2036,48.9815],[-1.2052,48.9833],[-1.2095,48.9825],[-1.2108,48.9843]]]}},{"type":"Feature","properties":{"code":"50235","nom":"La Haye-d'Ectot","pop":285},"geometry":{"type":"Polygon","coordinates":[[[-1.714,49.3799],[-1.7164,49.3805],[-1.7235,49.3784],[-1.7259,49.3782],[-1.7279,49.3763],[-1.7319,49.3777],[-1.7312,49.3788],[-1.7369,49.3799],[-1.7403,49.3777],[-1.7398,49.382],[-1.7365,49.3856],[-1.7417,49.3868],[-1.7459,49.3902],[-1.7483,49.3881],[-1.7526,49.3876],[-1.7534,49.3891],[-1.7506,49.3946],[-1.7495,49.3966],[-1.7463,49.3991],[-1.7478,49.4025],[-1.7418,49.4034],[-1.7405,49.4051],[-1.7429,49.4089],[-1.7395,49.4084],[-1.7381,49.4048],[-1.733,49.4088],[-1.7306,49.4081],[-1.724,49.4101],[-1.7225,49.4091],[-1.7153,49.4096],[-1.7149,49.399],[-1.7108,49.3956],[-1.7147,49.3954],[-1.7175,49.3938],[-1.7133,49.3912],[-1.7133,49.3902],[-1.7182,49.3894],[-1.7175,49.3878],[-1.7141,49.386],[-1.7108,49.386],[-1.7117,49.3822],[-1.714,49.3799]]]}},{"type":"Feature","properties":{"code":"50236","nom":"La Haye","pop":4029},"geometry":{"type":"Polygon","coordinates":[[[-1.6073,49.3207],[-1.6067,49.318],[-1.6074,49.3154],[-1.6013,49.313],[-1.6021,49.3108],[-1.6002,49.3077],[-1.5998,49.3027],[-1.5931,49.302],[-1.5903,49.3039],[-1.5875,49.3074],[-1.5858,49.3111],[-1.5787,49.3113],[-1.5747,49.3131],[-1.5712,49.3117],[-1.5687,49.3133],[-1.5649,49.3113],[-1.5618,49.3122],[-1.5604,49.3107],[-1.5514,49.3129],[-1.5511,49.3106],[-1.5578,49.3092],[-1.5563,49.3067],[-1.5486,49.3072],[-1.5465,49.3081],[-1.5389,49.3085],[-1.5362,49.306],[-1.5352,49.3008],[-1.5303,49.3023],[-1.5247,49.3006],[-1.5228,49.2973],[-1.5244,49.2946],[-1.5231,49.2888],[-1.5249,49.2867],[-1.5188,49.2868],[-1.5159,49.2881],[-1.5112,49.2885],[-1.5126,49.286],[-1.5112,49.2834],[-1.5129,49.2821],[-1.5065,49.2802],[-1.5008,49.2766],[-1.5012,49.2741],[-1.5043,49.2707],[-1.5022,49.2687],[-1.5043,49.2643],[-1.5077,49.2653],[-1.5114,49.2568],[-1.5146,49.2533],[-1.5172,49.2516],[-1.5228,49.2516],[-1.5267,49.2502],[-1.5248,49.2521],[-1.5316,49.2543],[-1.5355,49.2546],[-1.5353,49.2571],[-1.5332,49.2598],[-1.5465,49.264],[-1.5494,49.2642],[-1.5523,49.2671],[-1.5562,49.2653],[-1.5611,49.2594],[-1.5648,49.2614],[-1.5696,49.2614],[-1.5724,49.26],[-1.5712,49.2558],[-1.5769,49.2531],[-1.5819,49.2527],[-1.5874,49.2502],[-1.5914,49.2535],[-1.5915,49.2551],[-1.5975,49.2553],[-1.6001,49.2568],[-1.5936,49.2618],[-1.5938,49.2666],[-1.596,49.2681],[-1.5967,49.2714],[-1.6053,49.2724],[-1.6122,49.2717],[-1.6153,49.2729],[-1.6247,49.2693],[-1.6283,49.2668],[-1.6374,49.2661],[-1.6407,49.263],[-1.6606,49.2586],[-1.6632,49.263],[-1.6683,49.2696],[-1.6778,49.2788],[-1.6791,49.2813],[-1.6788,49.2856],[-1.6751,49.2859],[-1.6762,49.283],[-1.6742,49.2798],[-1.6677,49.2798],[-1.6645,49.282],[-1.662,49.2814],[-1.6598,49.2788],[-1.6566,49.2812],[-1.6667,49.2869],[-1.6716,49.2844],[-1.675,49.2876],[-1.684,49.2873],[-1.6867,49.2888],[-1.6927,49.2974],[-1.68,49.3016],[-1.6726,49.3047],[-1.67,49.3041],[-1.6632,49.3051],[-1.6564,49.3053],[-1.6519,49.3101],[-1.6439,49.3116],[-1.6399,49.3147],[-1.634,49.3158],[-1.6336,49.3185],[-1.6344,49.3218],[-1.6321,49.3234],[-1.6207,49.3247],[-1.612,49.3211],[-1.6073,49.3207]]]}},{"type":"Feature","properties":{"code":"50237","nom":"La Haye-Pesnel","pop":1302},"geometry":{"type":"Polygon","coordinates":[[[-1.3887,48.815],[-1.3825,48.8161],[-1.3741,48.8201],[-1.3712,48.8174],[-1.3701,48.8143],[-1.3679,48.8131],[-1.3618,48.817],[-1.3585,48.8203],[-1.3564,48.8259],[-1.358,48.8289],[-1.3529,48.8337],[-1.3497,48.8315],[-1.3471,48.8329],[-1.3456,48.8297],[-1.3529,48.8196],[-1.3518,48.8163],[-1.3537,48.8148],[-1.3579,48.8135],[-1.3587,48.8109],[-1.3626,48.8093],[-1.3635,48.807],[-1.3685,48.8048],[-1.3662,48.8031],[-1.3646,48.8004],[-1.3686,48.7993],[-1.3744,48.7988],[-1.3778,48.7972],[-1.3863,48.7955],[-1.3916,48.7939],[-1.398,48.7932],[-1.401,48.7973],[-1.401,48.7995],[-1.3947,48.803],[-1.3918,48.8059],[-1.3911,48.808],[-1.393,48.8113],[-1.3887,48.815]]]}},{"type":"Feature","properties":{"code":"50238","nom":"Héauville","pop":456},"geometry":{"type":"Polygon","coordinates":[[[-1.7676,49.5828],[-1.7668,49.5777],[-1.7704,49.5742],[-1.7811,49.5674],[-1.7833,49.5665],[-1.7849,49.5627],[-1.7879,49.5604],[-1.7925,49.5584],[-1.7958,49.5622],[-1.8036,49.5618],[-1.8099,49.5607],[-1.8114,49.5612],[-1.8141,49.5646],[-1.8182,49.5655],[-1.8201,49.57],[-1.8228,49.5718],[-1.828,49.5728],[-1.8328,49.5721],[-1.8362,49.5727],[-1.841,49.5709],[-1.8416,49.5727],[-1.8412,49.5765],[-1.8422,49.579],[-1.842,49.583],[-1.8248,49.5835],[-1.8173,49.5834],[-1.8082,49.5864],[-1.7966,49.589],[-1.7861,49.5905],[-1.7819,49.5905],[-1.7757,49.5817],[-1.7676,49.5828]]]}},{"type":"Feature","properties":{"code":"50239","nom":"Thèreval","pop":1775},"geometry":{"type":"Polygon","coordinates":[[[-1.1522,49.1393],[-1.1518,49.1351],[-1.1423,49.1301],[-1.1398,49.1301],[-1.1441,49.1274],[-1.1477,49.1233],[-1.1474,49.1204],[-1.154,49.1171],[-1.1508,49.1138],[-1.1474,49.105],[-1.1513,49.1037],[-1.1592,49.1028],[-1.1675,49.1037],[-1.1696,49.1053],[-1.1751,49.1065],[-1.1784,49.1058],[-1.188,49.1063],[-1.1885,49.1034],[-1.198,49.1026],[-1.1973,49.104],[-1.1989,49.1074],[-1.1974,49.1098],[-1.2023,49.1101],[-1.2066,49.1123],[-1.21,49.1127],[-1.2171,49.111],[-1.2223,49.1126],[-1.2239,49.1102],[-1.227,49.1099],[-1.2283,49.1069],[-1.2319,49.11],[-1.2335,49.1094],[-1.2448,49.11],[-1.2453,49.1115],[-1.2441,49.1167],[-1.2381,49.1172],[-1.2383,49.1185],[-1.2292,49.1223],[-1.2296,49.1245],[-1.2327,49.1267],[-1.2328,49.1295],[-1.2301,49.1335],[-1.2307,49.1357],[-1.2242,49.1434],[-1.2268,49.1434],[-1.2268,49.1463],[-1.2368,49.1475],[-1.2303,49.1552],[-1.2285,49.1588],[-1.2249,49.1583],[-1.2251,49.1569],[-1.2218,49.155],[-1.2202,49.1556],[-1.2135,49.1545],[-1.2129,49.1573],[-1.2085,49.1569],[-1.2012,49.1583],[-1.1973,49.1577],[-1.1962,49.1551],[-1.1973,49.1514],[-1.1922,49.1485],[-1.1938,49.1456],[-1.1903,49.143],[-1.1826,49.1413],[-1.1807,49.1406],[-1.1749,49.1438],[-1.1712,49.1445],[-1.1694,49.1436],[-1.1671,49.1462],[-1.1609,49.1446],[-1.1615,49.1411],[-1.1602,49.1383],[-1.1545,49.1395],[-1.1522,49.1393]]]}},{"type":"Feature","properties":{"code":"50240","nom":"Helleville","pop":567},"geometry":{"type":"Polygon","coordinates":[[[-1.7668,49.5777],[-1.7632,49.5737],[-1.7643,49.572],[-1.7619,49.5681],[-1.7571,49.5662],[-1.7662,49.5649],[-1.7697,49.563],[-1.7653,49.5563],[-1.7699,49.5541],[-1.7721,49.5501],[-1.7748,49.5479],[-1.7815,49.546],[-1.7821,49.5477],[-1.7888,49.547],[-1.7933,49.5446],[-1.7952,49.5465],[-1.8009,49.5485],[-1.8059,49.5493],[-1.8083,49.551],[-1.8061,49.5508],[-1.8062,49.5545],[-1.8115,49.5595],[-1.8114,49.5612],[-1.8099,49.5607],[-1.8036,49.5618],[-1.7958,49.5622],[-1.7925,49.5584],[-1.7879,49.5604],[-1.7849,49.5627],[-1.7833,49.5665],[-1.7811,49.5674],[-1.7704,49.5742],[-1.7668,49.5777]]]}},{"type":"Feature","properties":{"code":"50241","nom":"Hémevez","pop":189},"geometry":{"type":"Polygon","coordinates":[[[-1.4255,49.4714],[-1.4261,49.4679],[-1.424,49.4664],[-1.4163,49.4637],[-1.416,49.4628],[-1.4147,49.4579],[-1.4206,49.4524],[-1.4243,49.4544],[-1.4263,49.4538],[-1.4287,49.4549],[-1.4342,49.4533],[-1.4392,49.4552],[-1.4425,49.4548],[-1.4463,49.4576],[-1.4511,49.4572],[-1.4535,49.4594],[-1.4601,49.4614],[-1.457,49.4642],[-1.4546,49.4637],[-1.4478,49.468],[-1.4396,49.4701],[-1.4394,49.4724],[-1.4334,49.4722],[-1.4255,49.4714]]]}},{"type":"Feature","properties":{"code":"50243","nom":"Heugueville-sur-Sienne","pop":458},"geometry":{"type":"Polygon","coordinates":[[[-1.4991,49.0243],[-1.5019,49.0204],[-1.5056,49.0196],[-1.5066,49.0239],[-1.5081,49.026],[-1.514,49.0294],[-1.5247,49.0337],[-1.5329,49.0377],[-1.5424,49.0411],[-1.5423,49.0428],[-1.5355,49.0438],[-1.528,49.0464],[-1.5152,49.0473],[-1.5114,49.0472],[-1.5025,49.0484],[-1.5015,49.0491],[-1.4893,49.0507],[-1.4974,49.043],[-1.4976,49.0385],[-1.4986,49.0365],[-1.4954,49.0345],[-1.4937,49.0301],[-1.4991,49.0243]]]}},{"type":"Feature","properties":{"code":"50246","nom":"Hiesville","pop":72},"geometry":{"type":"Polygon","coordinates":[[[-1.2737,49.3644],[-1.273,49.3735],[-1.2701,49.379],[-1.2702,49.3815],[-1.2638,49.3814],[-1.2602,49.3814],[-1.2564,49.3825],[-1.2486,49.3792],[-1.2424,49.3758],[-1.2407,49.375],[-1.2428,49.3719],[-1.2416,49.3706],[-1.2483,49.3684],[-1.2539,49.3649],[-1.2577,49.3606],[-1.2653,49.3609],[-1.269,49.3619],[-1.2727,49.3611],[-1.2737,49.3644]]]}},{"type":"Feature","properties":{"code":"50247","nom":"Hocquigny","pop":196},"geometry":{"type":"Polygon","coordinates":[[[-1.3895,48.8166],[-1.3887,48.815],[-1.393,48.8113],[-1.3911,48.808],[-1.3918,48.8059],[-1.3947,48.803],[-1.401,48.7995],[-1.401,48.7973],[-1.4085,48.7973],[-1.4131,48.798],[-1.4137,48.8004],[-1.4111,48.8017],[-1.4099,48.8069],[-1.4123,48.8087],[-1.4124,48.8111],[-1.4108,48.8135],[-1.4077,48.8158],[-1.4086,48.8182],[-1.4053,48.8189],[-1.3931,48.8198],[-1.3935,48.8179],[-1.3895,48.8166]]]}},{"type":"Feature","properties":{"code":"50251","nom":"Huberville","pop":361},"geometry":{"type":"Polygon","coordinates":[[[-1.4493,49.5176],[-1.4461,49.5214],[-1.4383,49.5259],[-1.4302,49.5265],[-1.4303,49.5217],[-1.4285,49.5178],[-1.4235,49.5143],[-1.4204,49.513],[-1.4158,49.5127],[-1.409,49.5094],[-1.4048,49.5057],[-1.4093,49.5019],[-1.4161,49.5044],[-1.4231,49.5043],[-1.4258,49.4998],[-1.4281,49.5013],[-1.4309,49.4965],[-1.4329,49.4954],[-1.4364,49.4923],[-1.4348,49.4889],[-1.4385,49.4897],[-1.4448,49.494],[-1.4437,49.4959],[-1.4407,49.4979],[-1.4418,49.5004],[-1.439,49.5017],[-1.4371,49.506],[-1.442,49.5073],[-1.4448,49.5111],[-1.4529,49.5117],[-1.4507,49.5141],[-1.4493,49.5176]]]}},{"type":"Feature","properties":{"code":"50252","nom":"Hudimesnil","pop":928},"geometry":{"type":"Polygon","coordinates":[[[-1.4613,48.8892],[-1.4577,48.886],[-1.445,48.8864],[-1.4402,48.8835],[-1.4366,48.8843],[-1.4338,48.8765],[-1.4313,48.87],[-1.4332,48.8688],[-1.4323,48.866],[-1.4279,48.8616],[-1.4265,48.8587],[-1.433,48.8556],[-1.4396,48.8558],[-1.4437,48.8562],[-1.449,48.8544],[-1.4526,48.8561],[-1.462,48.8564],[-1.4665,48.8556],[-1.4732,48.8534],[-1.4742,48.852],[-1.4815,48.8492],[-1.4881,48.8504],[-1.4961,48.8529],[-1.5016,48.8534],[-1.5033,48.8527],[-1.5035,48.8557],[-1.501,48.8574],[-1.5028,48.8618],[-1.5038,48.8664],[-1.502,48.8727],[-1.5,48.8756],[-1.501,48.8789],[-1.4969,48.8833],[-1.4848,48.89],[-1.4798,48.8889],[-1.4793,48.8909],[-1.4748,48.8912],[-1.4684,48.8926],[-1.4638,48.8911],[-1.4613,48.8892]]]}},{"type":"Feature","properties":{"code":"50253","nom":"Huisnes-sur-Mer","pop":169},"geometry":{"type":"Polygon","coordinates":[[[-1.4536,48.5952],[-1.4529,48.5977],[-1.4547,48.5998],[-1.4576,48.6005],[-1.4608,48.6031],[-1.4627,48.6023],[-1.4654,48.6047],[-1.4631,48.6059],[-1.466,48.6078],[-1.467,48.6114],[-1.4716,48.6139],[-1.4738,48.6142],[-1.4759,48.6191],[-1.4648,48.622],[-1.4544,48.6258],[-1.4521,48.6228],[-1.4497,48.623],[-1.4463,48.6213],[-1.4422,48.6209],[-1.4398,48.6191],[-1.436,48.6202],[-1.4323,48.6188],[-1.4298,48.6191],[-1.4251,48.6169],[-1.4242,48.6138],[-1.4261,48.6084],[-1.4316,48.606],[-1.435,48.6049],[-1.4381,48.605],[-1.4437,48.6015],[-1.4466,48.6012],[-1.449,48.5971],[-1.4517,48.5947],[-1.4536,48.5952]]]}},{"type":"Feature","properties":{"code":"50256","nom":"Isigny-le-Buat","pop":3183},"geometry":{"type":"Polygon","coordinates":[[[-1.1293,48.6064],[-1.1349,48.604],[-1.1398,48.603],[-1.1451,48.6],[-1.1523,48.5991],[-1.159,48.5974],[-1.1631,48.5927],[-1.1636,48.5905],[-1.1697,48.584],[-1.1711,48.5817],[-1.1796,48.5774],[-1.1833,48.5763],[-1.1853,48.573],[-1.1883,48.5744],[-1.1905,48.5726],[-1.1927,48.5729],[-1.1951,48.5766],[-1.2032,48.5718],[-1.2077,48.571],[-1.2093,48.5734],[-1.2095,48.577],[-1.2213,48.5765],[-1.2207,48.5723],[-1.2229,48.5712],[-1.2268,48.5745],[-1.2318,48.5763],[-1.2337,48.5787],[-1.2346,48.5832],[-1.2413,48.5843],[-1.2428,48.5865],[-1.2422,48.5892],[-1.2464,48.5917],[-1.2483,48.5975],[-1.2523,48.6003],[-1.2543,48.6044],[-1.259,48.6064],[-1.2581,48.6098],[-1.2539,48.6108],[-1.2497,48.6147],[-1.2447,48.6152],[-1.2445,48.6185],[-1.2463,48.62],[-1.2454,48.6218],[-1.2418,48.6205],[-1.2395,48.6208],[-1.2381,48.6292],[-1.2348,48.6283],[-1.2328,48.6308],[-1.2246,48.6329],[-1.2237,48.6367],[-1.2218,48.6393],[-1.2189,48.6408],[-1.2162,48.6457],[-1.2169,48.6499],[-1.2148,48.6552],[-1.2116,48.6565],[-1.2106,48.6595],[-1.2088,48.6597],[-1.2053,48.6614],[-1.2037,48.6655],[-1.1999,48.6675],[-1.1935,48.6666],[-1.1911,48.6676],[-1.1919,48.6712],[-1.1907,48.6765],[-1.1841,48.6738],[-1.1822,48.6743],[-1.1781,48.6722],[-1.1707,48.6708],[-1.1713,48.6643],[-1.1725,48.6631],[-1.169,48.6613],[-1.1664,48.6587],[-1.1619,48.6598],[-1.1601,48.6567],[-1.1567,48.6576],[-1.1498,48.6572],[-1.1474,48.6579],[-1.1434,48.6576],[-1.1431,48.6542],[-1.135,48.6545],[-1.1299,48.6538],[-1.1294,48.6517],[-1.125,48.651],[-1.115,48.653],[-1.1125,48.6518],[-1.1086,48.6526],[-1.1076,48.6546],[-1.1038,48.6543],[-1.1013,48.6524],[-1.1003,48.6452],[-1.1016,48.6385],[-1.1003,48.6368],[-1.103,48.6336],[-1.1034,48.6312],[-1.1075,48.6312],[-1.1098,48.6324],[-1.1138,48.6327],[-1.1209,48.6279],[-1.1213,48.6254],[-1.1245,48.6252],[-1.127,48.6195],[-1.1259,48.6125],[-1.1293,48.6064]]]}},{"type":"Feature","properties":{"code":"50258","nom":"Joganville","pop":84},"geometry":{"type":"Polygon","coordinates":[[[-1.3599,49.4683],[-1.3632,49.4715],[-1.3674,49.4745],[-1.3704,49.4738],[-1.3725,49.4751],[-1.3707,49.4777],[-1.3656,49.4786],[-1.3562,49.4786],[-1.3553,49.4776],[-1.349,49.4754],[-1.3401,49.4749],[-1.339,49.4734],[-1.3326,49.4738],[-1.334,49.4722],[-1.3339,49.4687],[-1.3361,49.4677],[-1.3392,49.462],[-1.3406,49.4609],[-1.3514,49.4646],[-1.3599,49.4683]]]}},{"type":"Feature","properties":{"code":"50259","nom":"Juilley","pop":691},"geometry":{"type":"Polygon","coordinates":[[[-1.3515,48.5667],[-1.3538,48.5675],[-1.357,48.5708],[-1.364,48.5748],[-1.3602,48.5788],[-1.3644,48.5806],[-1.3689,48.5816],[-1.365,48.585],[-1.3704,48.5871],[-1.3717,48.5897],[-1.3689,48.5932],[-1.3571,48.6024],[-1.354,48.6079],[-1.3539,48.611],[-1.3517,48.6119],[-1.3558,48.6156],[-1.3512,48.6178],[-1.3478,48.6185],[-1.3436,48.6207],[-1.3391,48.617],[-1.3362,48.6164],[-1.3325,48.6143],[-1.3397,48.6041],[-1.3341,48.6016],[-1.3306,48.5969],[-1.332,48.5929],[-1.3328,48.5873],[-1.331,48.5852],[-1.3255,48.5829],[-1.3206,48.5787],[-1.326,48.5786],[-1.3351,48.5761],[-1.3368,48.5743],[-1.3402,48.5736],[-1.3464,48.5662],[-1.3515,48.5667]]]}},{"type":"Feature","properties":{"code":"50260","nom":"Juvigny les Vallées","pop":1674},"geometry":{"type":"Polygon","coordinates":[[[-1.0564,48.6347],[-1.0593,48.6342],[-1.0648,48.6346],[-1.0695,48.6325],[-1.0719,48.6349],[-1.0728,48.6384],[-1.0764,48.643],[-1.0788,48.6433],[-1.0848,48.648],[-1.0872,48.6494],[-1.0863,48.653],[-1.0815,48.6549],[-1.0796,48.6572],[-1.0753,48.6593],[-1.075,48.6643],[-1.0793,48.67],[-1.0745,48.6754],[-1.0738,48.6778],[-1.0778,48.679],[-1.0803,48.682],[-1.0805,48.686],[-1.0792,48.6904],[-1.0807,48.6931],[-1.0785,48.6929],[-1.0748,48.6907],[-1.0639,48.6914],[-1.0616,48.6912],[-1.0561,48.689],[-1.0538,48.6897],[-1.0514,48.6883],[-1.0505,48.6841],[-1.0446,48.6819],[-1.0406,48.6838],[-1.0422,48.6871],[-1.0413,48.6897],[-1.0442,48.6927],[-1.0447,48.6958],[-1.042,48.705],[-1.0511,48.7082],[-1.0489,48.709],[-1.0478,48.7116],[-1.0422,48.7156],[-1.0367,48.7162],[-1.0343,48.7189],[-1.0323,48.7266],[-1.0304,48.7255],[-1.0257,48.7249],[-1.0215,48.7256],[-1.0207,48.7281],[-1.0184,48.729],[-1.0161,48.7212],[-1.0181,48.7173],[-1.0176,48.7133],[-1.007,48.7155],[-1.0061,48.7191],[-1.0014,48.7216],[-0.9957,48.7216],[-0.9845,48.7243],[-0.9847,48.723],[-0.9769,48.718],[-0.9744,48.7154],[-0.9719,48.7115],[-0.9687,48.7103],[-0.966,48.7109],[-0.9655,48.7088],[-0.9622,48.7064],[-0.9535,48.7042],[-0.9449,48.7015],[-0.9476,48.6963],[-0.954,48.699],[-0.961,48.7003],[-0.9638,48.6982],[-0.9668,48.6995],[-0.9701,48.697],[-0.9681,48.6911],[-0.9664,48.6889],[-0.9638,48.688],[-0.9628,48.6861],[-0.9652,48.6843],[-0.9605,48.6805],[-0.9598,48.678],[-0.9611,48.6756],[-0.9654,48.672],[-0.9656,48.6701],[-0.9753,48.671],[-0.9796,48.6697],[-0.985,48.671],[-0.9886,48.6709],[-1.002,48.6685],[-1.0054,48.6661],[-1.0092,48.661],[-1.0096,48.6578],[-1.0087,48.6534],[-1.0119,48.6497],[-1.017,48.646],[-1.0144,48.6413],[-1.0124,48.6395],[-1.0206,48.6393],[-1.0238,48.6357],[-1.0295,48.6366],[-1.032,48.6351],[-1.0358,48.635],[-1.0375,48.6322],[-1.0421,48.631],[-1.0447,48.629],[-1.0476,48.6293],[-1.0504,48.6316],[-1.0497,48.6337],[-1.0519,48.6349],[-1.0564,48.6347]]]}},{"type":"Feature","properties":{"code":"50261","nom":"Lamberville","pop":167},"geometry":{"type":"Polygon","coordinates":[[[-0.8887,49.088],[-0.8888,49.0856],[-0.8918,49.0838],[-0.8945,49.0803],[-0.897,49.0802],[-0.9028,49.0783],[-0.9041,49.0746],[-0.9056,49.0743],[-0.908,49.0658],[-0.9101,49.063],[-0.9197,49.0631],[-0.9195,49.0654],[-0.9251,49.0647],[-0.9273,49.0657],[-0.9325,49.066],[-0.9353,49.0677],[-0.9395,49.0688],[-0.9379,49.0709],[-0.9383,49.0729],[-0.937,49.0758],[-0.9287,49.0853],[-0.9241,49.0927],[-0.9229,49.0902],[-0.9197,49.0887],[-0.9124,49.0921],[-0.9083,49.0923],[-0.8984,49.0903],[-0.8956,49.0881],[-0.8914,49.087],[-0.8887,49.088]]]}},{"type":"Feature","properties":{"code":"50262","nom":"La Lande-d'Airou","pop":535},"geometry":{"type":"Polygon","coordinates":[[[-1.328,48.8186],[-1.3192,48.8232],[-1.3134,48.8234],[-1.3114,48.8249],[-1.3049,48.8266],[-1.3037,48.8277],[-1.2972,48.8273],[-1.2961,48.8291],[-1.2919,48.8294],[-1.2874,48.8308],[-1.2826,48.8307],[-1.2797,48.8317],[-1.2767,48.8359],[-1.2702,48.8359],[-1.2645,48.8366],[-1.2533,48.8355],[-1.2499,48.8357],[-1.2467,48.8305],[-1.2441,48.8279],[-1.239,48.8265],[-1.2394,48.8244],[-1.2438,48.8203],[-1.2526,48.8131],[-1.2601,48.8115],[-1.2662,48.809],[-1.273,48.8091],[-1.279,48.807],[-1.284,48.8071],[-1.2832,48.8039],[-1.2888,48.8051],[-1.2857,48.8084],[-1.2907,48.8106],[-1.2928,48.808],[-1.2962,48.8089],[-1.3012,48.8062],[-1.3047,48.8044],[-1.3089,48.8012],[-1.3133,48.7998],[-1.3209,48.7987],[-1.3244,48.7975],[-1.3261,48.8026],[-1.3242,48.8046],[-1.3194,48.8068],[-1.3176,48.8098],[-1.3177,48.8115],[-1.3208,48.8142],[-1.3256,48.8141],[-1.328,48.8186]]]}},{"type":"Feature","properties":{"code":"50263","nom":"Lapenty","pop":381},"geometry":{"type":"Polygon","coordinates":[[[-1.0148,48.5479],[-1.0243,48.5492],[-1.0307,48.5508],[-1.0325,48.554],[-1.0395,48.5574],[-1.0404,48.5584],[-1.0455,48.5587],[-1.0555,48.5614],[-1.0549,48.5662],[-1.0533,48.568],[-1.0543,48.5717],[-1.0517,48.5762],[-1.0531,48.5787],[-1.0552,48.5796],[-1.0569,48.5825],[-1.0531,48.5834],[-1.0507,48.5821],[-1.0423,48.5811],[-1.041,48.5825],[-1.0351,48.5854],[-1.0288,48.5835],[-1.0228,48.5834],[-1.0214,48.586],[-1.0226,48.5883],[-1.0207,48.5905],[-1.0114,48.5909],[-1.0076,48.5882],[-1.0032,48.5885],[-1.0019,48.5901],[-1.0005,48.5898],[-1.001,48.5842],[-0.9992,48.5787],[-0.9974,48.5783],[-0.9978,48.572],[-0.9998,48.5684],[-0.9988,48.5607],[-1.0025,48.5585],[-0.9991,48.5543],[-1.0009,48.5525],[-1.0032,48.5482],[-1.0033,48.5437],[-1.007,48.5443],[-1.0148,48.5479]]]}},{"type":"Feature","properties":{"code":"50265","nom":"Laulne","pop":186},"geometry":{"type":"Polygon","coordinates":[[[-1.4368,49.2614],[-1.4369,49.2591],[-1.435,49.2568],[-1.4339,49.2535],[-1.4311,49.2488],[-1.429,49.2482],[-1.4302,49.2425],[-1.4336,49.243],[-1.4355,49.2417],[-1.4416,49.2403],[-1.4422,49.2389],[-1.4484,49.2354],[-1.4516,49.2359],[-1.4572,49.2346],[-1.4584,49.2325],[-1.462,49.233],[-1.4625,49.2363],[-1.47,49.2403],[-1.4723,49.2421],[-1.4733,49.2447],[-1.4725,49.2465],[-1.4779,49.2488],[-1.4787,49.2509],[-1.4818,49.2546],[-1.4817,49.2578],[-1.4782,49.2575],[-1.4742,49.262],[-1.4729,49.2686],[-1.4613,49.2634],[-1.4553,49.2635],[-1.4429,49.2612],[-1.4368,49.2614]]]}},{"type":"Feature","properties":{"code":"50266","nom":"Lengronne","pop":467},"geometry":{"type":"Polygon","coordinates":[[[-1.393,48.9154],[-1.3943,48.9185],[-1.3995,48.9219],[-1.4042,48.9276],[-1.405,48.9317],[-1.4077,48.9331],[-1.4081,48.9351],[-1.4112,48.937],[-1.4098,48.9376],[-1.4002,48.9384],[-1.3977,48.9409],[-1.3946,48.9424],[-1.3899,48.9426],[-1.3871,48.9436],[-1.3902,48.9492],[-1.3831,48.9525],[-1.379,48.9534],[-1.3744,48.954],[-1.3635,48.9532],[-1.3631,48.9508],[-1.3565,48.9438],[-1.3555,48.942],[-1.3502,48.9441],[-1.3497,48.9419],[-1.352,48.9375],[-1.3524,48.9339],[-1.356,48.9292],[-1.3556,48.9272],[-1.3575,48.9237],[-1.3664,48.9213],[-1.3705,48.9179],[-1.3735,48.9145],[-1.3777,48.9155],[-1.3862,48.9164],[-1.393,48.9154]]]}},{"type":"Feature","properties":{"code":"50267","nom":"Lessay","pop":2278},"geometry":{"type":"Polygon","coordinates":[[[-1.5684,49.2196],[-1.5677,49.2204],[-1.5674,49.2211],[-1.5638,49.2248],[-1.5674,49.2347],[-1.5752,49.2418],[-1.5733,49.2442],[-1.5758,49.2463],[-1.5719,49.2477],[-1.5749,49.2491],[-1.5769,49.2531],[-1.5712,49.2558],[-1.5724,49.26],[-1.5696,49.2614],[-1.5648,49.2614],[-1.5611,49.2594],[-1.5562,49.2653],[-1.5523,49.2671],[-1.5494,49.2642],[-1.5465,49.264],[-1.5332,49.2598],[-1.5353,49.2571],[-1.5355,49.2546],[-1.5316,49.2543],[-1.5248,49.2521],[-1.5267,49.2502],[-1.5311,49.2457],[-1.5309,49.2402],[-1.5257,49.2406],[-1.5207,49.2365],[-1.5114,49.2319],[-1.5121,49.2292],[-1.5115,49.2266],[-1.5072,49.2241],[-1.5044,49.2188],[-1.5001,49.2164],[-1.4962,49.2158],[-1.4937,49.2172],[-1.4897,49.2161],[-1.4846,49.2125],[-1.4813,49.209],[-1.4805,49.2066],[-1.4753,49.2053],[-1.4745,49.2026],[-1.4778,49.2016],[-1.4784,49.1973],[-1.483,49.1942],[-1.4867,49.1932],[-1.493,49.1932],[-1.4938,49.1911],[-1.4981,49.1883],[-1.5058,49.1813],[-1.5089,49.1801],[-1.5083,49.1841],[-1.5122,49.1892],[-1.5126,49.1937],[-1.5262,49.1985],[-1.5289,49.2009],[-1.531,49.2048],[-1.5339,49.2057],[-1.5423,49.2103],[-1.5501,49.2088],[-1.555,49.2129],[-1.5546,49.2185],[-1.5606,49.2176],[-1.5684,49.2196]]]}},{"type":"Feature","properties":{"code":"50268","nom":"Lestre","pop":242},"geometry":{"type":"Polygon","coordinates":[[[-1.3561,49.5325],[-1.3528,49.5346],[-1.3488,49.5355],[-1.3441,49.5351],[-1.3348,49.5349],[-1.3309,49.5337],[-1.3255,49.5339],[-1.3239,49.5326],[-1.3102,49.5355],[-1.3025,49.5353],[-1.2994,49.532],[-1.2946,49.5254],[-1.2917,49.5231],[-1.2895,49.5186],[-1.2928,49.5166],[-1.2937,49.5188],[-1.3002,49.5183],[-1.3025,49.517],[-1.3074,49.5182],[-1.3131,49.5183],[-1.3178,49.5167],[-1.3247,49.5169],[-1.3281,49.5161],[-1.3323,49.5115],[-1.3394,49.5137],[-1.3402,49.5178],[-1.3404,49.5198],[-1.3386,49.5225],[-1.3432,49.5241],[-1.348,49.5233],[-1.3518,49.5254],[-1.3537,49.531],[-1.3561,49.5325]]]}},{"type":"Feature","properties":{"code":"50269","nom":"Liesville-sur-Douve","pop":218},"geometry":{"type":"Polygon","coordinates":[[[-1.3314,49.3629],[-1.3297,49.3613],[-1.3164,49.3631],[-1.3142,49.3601],[-1.3144,49.358],[-1.3127,49.3556],[-1.3088,49.3562],[-1.3052,49.3629],[-1.3007,49.3626],[-1.3013,49.3543],[-1.3045,49.3471],[-1.3185,49.3376],[-1.3234,49.3386],[-1.3255,49.3421],[-1.3223,49.3435],[-1.322,49.345],[-1.324,49.3475],[-1.3305,49.3475],[-1.3348,49.3464],[-1.3411,49.3484],[-1.3379,49.3509],[-1.338,49.3554],[-1.3407,49.3565],[-1.3439,49.3574],[-1.3475,49.3561],[-1.3486,49.359],[-1.3474,49.3585],[-1.3314,49.3629]]]}},{"type":"Feature","properties":{"code":"50270","nom":"Lieusaint","pop":408},"geometry":{"type":"Polygon","coordinates":[[[-1.4854,49.4753],[-1.4829,49.4786],[-1.4811,49.4792],[-1.4795,49.4827],[-1.4847,49.4879],[-1.4891,49.4879],[-1.4915,49.49],[-1.4911,49.4915],[-1.4834,49.4971],[-1.4816,49.4976],[-1.4768,49.495],[-1.4706,49.4983],[-1.4657,49.4944],[-1.4631,49.4946],[-1.4617,49.4913],[-1.4581,49.492],[-1.4531,49.4893],[-1.4602,49.4824],[-1.4601,49.4812],[-1.4643,49.4766],[-1.4702,49.4663],[-1.4786,49.4672],[-1.483,49.4702],[-1.4854,49.4753]]]}},{"type":"Feature","properties":{"code":"50271","nom":"Lingeard","pop":80},"geometry":{"type":"Polygon","coordinates":[[[-1.0188,48.7458],[-1.0165,48.7406],[-1.0134,48.7406],[-1.0116,48.7374],[-1.0141,48.7359],[-1.0147,48.7337],[-1.0173,48.7324],[-1.0184,48.729],[-1.0207,48.7281],[-1.0215,48.7256],[-1.0257,48.7249],[-1.0304,48.7255],[-1.0323,48.7266],[-1.0335,48.7298],[-1.0382,48.7304],[-1.0394,48.7336],[-1.0347,48.7376],[-1.0334,48.7432],[-1.0313,48.7455],[-1.0347,48.7469],[-1.0354,48.7498],[-1.0311,48.752],[-1.0263,48.7525],[-1.0208,48.749],[-1.0223,48.7466],[-1.0188,48.7458]]]}},{"type":"Feature","properties":{"code":"50272","nom":"Tourneville-sur-Mer","pop":1666},"geometry":{"type":"Polygon","coordinates":[[[-1.4985,48.9526],[-1.5044,48.9512],[-1.5054,48.9492],[-1.505,48.9436],[-1.5025,48.941],[-1.4977,48.939],[-1.5011,48.9373],[-1.5122,48.9329],[-1.5129,48.9316],[-1.5199,48.9308],[-1.5212,48.9319],[-1.5256,48.9297],[-1.5299,48.9299],[-1.5313,48.931],[-1.5351,48.9309],[-1.537,48.9327],[-1.5397,48.9323],[-1.5432,48.9316],[-1.5432,48.9348],[-1.5459,48.9387],[-1.5513,48.9409],[-1.5596,48.9387],[-1.5624,48.9415],[-1.5627,48.9443],[-1.5618,48.951],[-1.5619,48.9684],[-1.5482,48.9698],[-1.5411,48.9687],[-1.5335,48.9696],[-1.5278,48.9686],[-1.5245,48.9721],[-1.52,48.9759],[-1.5138,48.9754],[-1.5042,48.9678],[-1.5023,48.965],[-1.5027,48.9634],[-1.5001,48.9587],[-1.4985,48.9526]]]}},{"type":"Feature","properties":{"code":"50273","nom":"Montsenelle","pop":1450},"geometry":{"type":"Polygon","coordinates":[[[-1.3681,49.3175],[-1.3725,49.3158],[-1.3766,49.3129],[-1.3825,49.3109],[-1.3814,49.3089],[-1.3829,49.3069],[-1.3776,49.3036],[-1.3722,49.3037],[-1.3699,49.3047],[-1.3613,49.3045],[-1.3579,49.3049],[-1.3619,49.3008],[-1.3618,49.2973],[-1.3637,49.294],[-1.3636,49.2918],[-1.3651,49.2914],[-1.3734,49.2946],[-1.3777,49.2936],[-1.3798,49.2945],[-1.3847,49.2933],[-1.3859,49.2919],[-1.3944,49.288],[-1.3979,49.2884],[-1.401,49.2874],[-1.4026,49.289],[-1.4072,49.2893],[-1.4092,49.2883],[-1.4195,49.2892],[-1.4189,49.2921],[-1.427,49.2938],[-1.4369,49.2944],[-1.4394,49.2961],[-1.4437,49.2958],[-1.4478,49.2972],[-1.4522,49.2959],[-1.4584,49.2909],[-1.4623,49.2891],[-1.4676,49.2886],[-1.4682,49.2866],[-1.4695,49.2874],[-1.4748,49.2865],[-1.4793,49.2847],[-1.4847,49.2803],[-1.4883,49.2784],[-1.4952,49.2734],[-1.5008,49.2766],[-1.5065,49.2802],[-1.5129,49.2821],[-1.5112,49.2834],[-1.5126,49.286],[-1.5112,49.2885],[-1.5159,49.2881],[-1.5188,49.2868],[-1.5249,49.2867],[-1.5231,49.2888],[-1.5244,49.2946],[-1.5228,49.2973],[-1.5247,49.3006],[-1.5242,49.3027],[-1.5183,49.301],[-1.5154,49.3009],[-1.513,49.3027],[-1.5095,49.3034],[-1.4981,49.3105],[-1.4945,49.3128],[-1.4899,49.3129],[-1.483,49.3144],[-1.487,49.3171],[-1.4856,49.3206],[-1.4785,49.3228],[-1.4708,49.328],[-1.4606,49.3311],[-1.4565,49.3372],[-1.4529,49.3335],[-1.4479,49.3345],[-1.4461,49.3329],[-1.4419,49.3327],[-1.4365,49.331],[-1.4285,49.3319],[-1.4276,49.3271],[-1.4198,49.3254],[-1.4119,49.3286],[-1.4102,49.3299],[-1.4074,49.3252],[-1.4008,49.3205],[-1.3957,49.3218],[-1.3923,49.3236],[-1.3894,49.3263],[-1.3953,49.3303],[-1.3957,49.3346],[-1.3924,49.3344],[-1.3911,49.3326],[-1.3849,49.3313],[-1.3816,49.3344],[-1.3789,49.3318],[-1.3722,49.3274],[-1.3685,49.3244],[-1.3722,49.3201],[-1.3681,49.3175]]]}},{"type":"Feature","properties":{"code":"50274","nom":"Les Loges-Marchis","pop":1051},"geometry":{"type":"Polygon","coordinates":[[[-1.0701,48.5088],[-1.0734,48.508],[-1.0813,48.5111],[-1.0893,48.5111],[-1.0912,48.5105],[-1.0962,48.5114],[-1.0991,48.5133],[-1.1039,48.5131],[-1.1074,48.5156],[-1.115,48.5183],[-1.1172,48.5217],[-1.1159,48.5222],[-1.1159,48.527],[-1.1179,48.5296],[-1.1159,48.5318],[-1.1127,48.5334],[-1.11,48.5374],[-1.1055,48.5406],[-1.1066,48.5432],[-1.1115,48.5454],[-1.1133,48.5485],[-1.1123,48.5516],[-1.1082,48.5575],[-1.101,48.5592],[-1.0976,48.5593],[-1.0985,48.5621],[-1.1012,48.5662],[-1.0935,48.566],[-1.0905,48.5647],[-1.0883,48.5656],[-1.0848,48.564],[-1.0858,48.5584],[-1.0833,48.558],[-1.0789,48.5606],[-1.0751,48.5598],[-1.0736,48.5581],[-1.0758,48.5576],[-1.0784,48.5544],[-1.0746,48.5481],[-1.0738,48.545],[-1.0683,48.5455],[-1.0684,48.5487],[-1.0652,48.5482],[-1.0577,48.5482],[-1.0557,48.5465],[-1.0561,48.5448],[-1.0598,48.5402],[-1.0542,48.5383],[-1.0519,48.5366],[-1.0527,48.5336],[-1.0502,48.5295],[-1.0524,48.5275],[-1.0576,48.5292],[-1.0604,48.5285],[-1.0577,48.5246],[-1.0582,48.5214],[-1.0631,48.5206],[-1.0605,48.5179],[-1.0612,48.5156],[-1.0632,48.5134],[-1.0616,48.5109],[-1.0665,48.5107],[-1.0701,48.5088]]]}},{"type":"Feature","properties":{"code":"50275","nom":"Les Loges-sur-Brécey","pop":115},"geometry":{"type":"Polygon","coordinates":[[[-1.1409,48.76],[-1.1409,48.7572],[-1.1424,48.7556],[-1.1436,48.7495],[-1.1409,48.7451],[-1.1414,48.7404],[-1.1443,48.7427],[-1.1486,48.7436],[-1.1483,48.7453],[-1.1519,48.7481],[-1.1558,48.7477],[-1.1641,48.7491],[-1.1658,48.7511],[-1.1684,48.7511],[-1.1768,48.7498],[-1.1791,48.7525],[-1.1795,48.7573],[-1.1841,48.7614],[-1.1833,48.766],[-1.1816,48.7675],[-1.1763,48.7668],[-1.1731,48.7675],[-1.1701,48.7666],[-1.1604,48.7666],[-1.1499,48.7623],[-1.1469,48.7602],[-1.1409,48.76]]]}},{"type":"Feature","properties":{"code":"50276","nom":"Lolif","pop":604},"geometry":{"type":"Polygon","coordinates":[[[-1.3771,48.7502],[-1.3766,48.7487],[-1.3786,48.7479],[-1.3771,48.7458],[-1.3799,48.7428],[-1.3779,48.7392],[-1.3739,48.736],[-1.3622,48.7365],[-1.3608,48.7332],[-1.3607,48.7295],[-1.3671,48.7278],[-1.3746,48.7244],[-1.3767,48.7219],[-1.377,48.7194],[-1.3795,48.7166],[-1.3822,48.7153],[-1.3849,48.7152],[-1.3921,48.7179],[-1.3936,48.7199],[-1.3987,48.7186],[-1.4005,48.7172],[-1.4005,48.7147],[-1.4021,48.7121],[-1.4017,48.7098],[-1.4052,48.7058],[-1.405,48.7083],[-1.4104,48.7109],[-1.4086,48.7129],[-1.4087,48.7159],[-1.4116,48.7174],[-1.4153,48.7166],[-1.4149,48.7206],[-1.4162,48.7227],[-1.4188,48.7221],[-1.4245,48.7231],[-1.4236,48.7249],[-1.4247,48.728],[-1.4232,48.7329],[-1.4186,48.7398],[-1.4131,48.7451],[-1.4062,48.7485],[-1.4031,48.7468],[-1.3998,48.7474],[-1.3959,48.7469],[-1.3941,48.7481],[-1.393,48.7516],[-1.3936,48.7543],[-1.3893,48.7527],[-1.3891,48.7509],[-1.3775,48.7493],[-1.3771,48.7502]]]}},{"type":"Feature","properties":{"code":"50277","nom":"Longueville","pop":638},"geometry":{"type":"Polygon","coordinates":[[[-1.5585,48.855],[-1.5535,48.858],[-1.5461,48.8613],[-1.5385,48.8663],[-1.5342,48.8703],[-1.5321,48.8707],[-1.5295,48.8708],[-1.5296,48.8683],[-1.5249,48.8678],[-1.5201,48.8657],[-1.5204,48.8605],[-1.5165,48.8622],[-1.5159,48.8603],[-1.5179,48.8576],[-1.5207,48.856],[-1.5226,48.8506],[-1.5317,48.8514],[-1.5338,48.8502],[-1.5411,48.8511],[-1.5443,48.8506],[-1.5502,48.8515],[-1.5543,48.8511],[-1.5585,48.855]]]}},{"type":"Feature","properties":{"code":"50278","nom":"Le Loreur","pop":258},"geometry":{"type":"Polygon","coordinates":[[[-1.4123,48.8779],[-1.4124,48.8706],[-1.4195,48.8672],[-1.4188,48.8652],[-1.4158,48.8643],[-1.4182,48.8625],[-1.4183,48.8574],[-1.4216,48.8564],[-1.42,48.8529],[-1.4195,48.849],[-1.4217,48.8481],[-1.4261,48.85],[-1.4291,48.85],[-1.4389,48.8549],[-1.4396,48.8558],[-1.433,48.8556],[-1.4265,48.8587],[-1.4279,48.8616],[-1.4323,48.866],[-1.4332,48.8688],[-1.4313,48.87],[-1.4338,48.8765],[-1.4287,48.8785],[-1.4241,48.8785],[-1.4241,48.876],[-1.4262,48.8737],[-1.4239,48.873],[-1.4217,48.8753],[-1.4183,48.8763],[-1.4165,48.8785],[-1.4123,48.8779]]]}},{"type":"Feature","properties":{"code":"50279","nom":"Le Lorey","pop":555},"geometry":{"type":"Polygon","coordinates":[[[-1.2799,49.0848],[-1.3,49.0805],[-1.3055,49.0797],[-1.3092,49.0789],[-1.3133,49.0792],[-1.3186,49.0777],[-1.3195,49.0803],[-1.319,49.0875],[-1.3217,49.0912],[-1.3241,49.0931],[-1.3297,49.0942],[-1.3316,49.0963],[-1.3362,49.097],[-1.3333,49.0993],[-1.3378,49.0998],[-1.3459,49.0984],[-1.3446,49.1039],[-1.3368,49.1066],[-1.333,49.1056],[-1.33,49.1073],[-1.3293,49.1091],[-1.3241,49.109],[-1.3181,49.1059],[-1.3152,49.1066],[-1.3143,49.1083],[-1.309,49.1118],[-1.3072,49.11],[-1.3042,49.1097],[-1.3046,49.1122],[-1.3011,49.1128],[-1.2961,49.115],[-1.2906,49.111],[-1.2877,49.1127],[-1.2841,49.1165],[-1.2767,49.1174],[-1.2767,49.1162],[-1.2781,49.1142],[-1.276,49.1122],[-1.2686,49.1084],[-1.2685,49.1077],[-1.2588,49.1036],[-1.2607,49.1028],[-1.2667,49.097],[-1.2671,49.0948],[-1.272,49.0911],[-1.2803,49.0858],[-1.2799,49.0848]]]}},{"type":"Feature","properties":{"code":"50281","nom":"La Lucerne-d'Outremer","pop":880},"geometry":{"type":"Polygon","coordinates":[[[-1.4283,48.7966],[-1.424,48.7979],[-1.42,48.7972],[-1.4131,48.798],[-1.4085,48.7973],[-1.401,48.7973],[-1.398,48.7932],[-1.3916,48.7939],[-1.3863,48.7955],[-1.3778,48.7972],[-1.3744,48.7988],[-1.3686,48.7993],[-1.3646,48.8004],[-1.3614,48.8016],[-1.356,48.8016],[-1.3536,48.8005],[-1.3524,48.794],[-1.3544,48.7921],[-1.3598,48.7889],[-1.3565,48.7873],[-1.3655,48.7849],[-1.3679,48.7792],[-1.3701,48.7791],[-1.3705,48.7838],[-1.3742,48.7841],[-1.3765,48.7822],[-1.3773,48.7782],[-1.3797,48.7797],[-1.3885,48.781],[-1.3929,48.781],[-1.3969,48.7836],[-1.4024,48.7836],[-1.4093,48.7846],[-1.4143,48.7837],[-1.4133,48.7805],[-1.4167,48.7787],[-1.4161,48.7753],[-1.4205,48.7734],[-1.4296,48.7734],[-1.4321,48.7746],[-1.4321,48.777],[-1.4372,48.7782],[-1.4408,48.777],[-1.4483,48.7775],[-1.4516,48.7767],[-1.4551,48.7779],[-1.4557,48.7825],[-1.4543,48.7871],[-1.4597,48.7867],[-1.4628,48.7883],[-1.4675,48.7893],[-1.4697,48.7925],[-1.4672,48.7935],[-1.4595,48.7941],[-1.4539,48.7974],[-1.4521,48.7953],[-1.4476,48.7953],[-1.4428,48.7973],[-1.4355,48.7962],[-1.4283,48.7966]]]}},{"type":"Feature","properties":{"code":"50282","nom":"Le Luot","pop":275},"geometry":{"type":"Polygon","coordinates":[[[-1.3332,48.781],[-1.3262,48.7781],[-1.325,48.7789],[-1.3194,48.7777],[-1.3095,48.7779],[-1.307,48.7765],[-1.3057,48.7717],[-1.3083,48.7693],[-1.3103,48.7693],[-1.3135,48.7633],[-1.313,48.7617],[-1.3166,48.7572],[-1.315,48.7534],[-1.3183,48.7521],[-1.3193,48.7495],[-1.3186,48.7457],[-1.3208,48.7411],[-1.3254,48.7425],[-1.3272,48.7448],[-1.3268,48.748],[-1.3319,48.751],[-1.3344,48.7485],[-1.337,48.7481],[-1.338,48.7508],[-1.3367,48.7533],[-1.3378,48.7568],[-1.3412,48.7587],[-1.3382,48.7636],[-1.3379,48.7656],[-1.3402,48.7698],[-1.3444,48.7735],[-1.3489,48.7694],[-1.3535,48.7681],[-1.358,48.769],[-1.3599,48.7685],[-1.3597,48.774],[-1.3489,48.7805],[-1.3429,48.7806],[-1.3407,48.7826],[-1.3378,48.7832],[-1.3332,48.781]]]}},{"type":"Feature","properties":{"code":"50283","nom":"La Luzerne","pop":87},"geometry":{"type":"Polygon","coordinates":[[[-1.059,49.1443],[-1.0549,49.1464],[-1.0496,49.147],[-1.042,49.1478],[-1.0425,49.1443],[-1.0332,49.1448],[-1.0299,49.1453],[-1.033,49.1432],[-1.0369,49.1392],[-1.0416,49.1337],[-1.0467,49.1324],[-1.0499,49.1358],[-1.0504,49.1377],[-1.057,49.1383],[-1.0589,49.1391],[-1.0561,49.141],[-1.0615,49.1421],[-1.059,49.1443]]]}},{"type":"Feature","properties":{"code":"50285","nom":"Magneville","pop":321},"geometry":{"type":"Polygon","coordinates":[[[-1.5265,49.458],[-1.5278,49.4568],[-1.5265,49.4509],[-1.5267,49.4472],[-1.5283,49.4429],[-1.5329,49.4385],[-1.5347,49.4399],[-1.5424,49.4402],[-1.5461,49.4385],[-1.5548,49.4364],[-1.564,49.4374],[-1.5712,49.4413],[-1.5714,49.4433],[-1.5774,49.4462],[-1.5763,49.4486],[-1.5813,49.4507],[-1.5819,49.4524],[-1.5804,49.4542],[-1.5767,49.4515],[-1.5737,49.4515],[-1.5717,49.4533],[-1.569,49.4523],[-1.5645,49.4534],[-1.5616,49.4532],[-1.5555,49.4583],[-1.5604,49.4589],[-1.5628,49.4622],[-1.5597,49.4631],[-1.556,49.4661],[-1.5551,49.4697],[-1.5528,49.471],[-1.5443,49.4703],[-1.54,49.4709],[-1.5377,49.4702],[-1.5342,49.4671],[-1.5299,49.4678],[-1.5258,49.4664],[-1.5262,49.4636],[-1.5247,49.4625],[-1.5271,49.4591],[-1.5265,49.458]]]}},{"type":"Feature","properties":{"code":"50288","nom":"Marcey-les-Grèves","pop":1275},"geometry":{"type":"Polygon","coordinates":[[[-1.3704,48.6947],[-1.3728,48.6928],[-1.3767,48.6915],[-1.3793,48.6896],[-1.3767,48.6882],[-1.3762,48.6862],[-1.3797,48.6863],[-1.3845,48.6831],[-1.3873,48.6821],[-1.3911,48.6789],[-1.3945,48.6778],[-1.3967,48.6801],[-1.3939,48.6826],[-1.398,48.6853],[-1.3994,48.6914],[-1.399,48.6925],[-1.3989,48.6969],[-1.4033,48.701],[-1.4052,48.7058],[-1.4017,48.7098],[-1.4021,48.7121],[-1.4005,48.7147],[-1.4005,48.7172],[-1.3987,48.7186],[-1.3936,48.7199],[-1.3921,48.7179],[-1.3849,48.7152],[-1.3822,48.7153],[-1.3828,48.7142],[-1.3793,48.7082],[-1.3783,48.7026],[-1.3759,48.703],[-1.3707,48.6967],[-1.3704,48.6947]]]}},{"type":"Feature","properties":{"code":"50289","nom":"Marchésieux","pop":665},"geometry":{"type":"Polygon","coordinates":[[[-1.2773,49.2163],[-1.2743,49.2202],[-1.2656,49.2218],[-1.262,49.2206],[-1.2587,49.2184],[-1.2611,49.2159],[-1.2635,49.2151],[-1.2651,49.2121],[-1.2684,49.2096],[-1.2719,49.2086],[-1.2777,49.2043],[-1.2758,49.2014],[-1.2779,49.1973],[-1.2821,49.1955],[-1.2823,49.1925],[-1.2793,49.1917],[-1.2805,49.1879],[-1.2796,49.1849],[-1.2803,49.1829],[-1.279,49.181],[-1.2798,49.1716],[-1.2882,49.1652],[-1.2938,49.1644],[-1.297,49.1662],[-1.3051,49.1641],[-1.307,49.1663],[-1.3156,49.1657],[-1.3188,49.1637],[-1.3245,49.1651],[-1.3217,49.171],[-1.3239,49.1727],[-1.3207,49.1738],[-1.328,49.179],[-1.3272,49.1805],[-1.3433,49.1851],[-1.3529,49.1866],[-1.3556,49.1857],[-1.3577,49.1832],[-1.361,49.1834],[-1.3657,49.185],[-1.368,49.1872],[-1.3679,49.1888],[-1.364,49.1919],[-1.3597,49.1942],[-1.3535,49.1952],[-1.3446,49.1946],[-1.3411,49.1977],[-1.3371,49.1981],[-1.3326,49.1962],[-1.3223,49.2],[-1.3193,49.1997],[-1.3144,49.2006],[-1.313,49.1999],[-1.3081,49.2014],[-1.3057,49.2008],[-1.3019,49.2046],[-1.2983,49.2046],[-1.2948,49.2084],[-1.2885,49.2097],[-1.2866,49.2121],[-1.2812,49.2138],[-1.281,49.2156],[-1.2773,49.2163]]]}},{"type":"Feature","properties":{"code":"50290","nom":"Marcilly","pop":355},"geometry":{"type":"Polygon","coordinates":[[[-1.2218,48.6393],[-1.2242,48.6415],[-1.2302,48.6418],[-1.2329,48.6442],[-1.2353,48.6435],[-1.2403,48.6445],[-1.2438,48.6439],[-1.2495,48.6446],[-1.2528,48.6423],[-1.2562,48.6469],[-1.2559,48.6498],[-1.2656,48.6513],[-1.2686,48.6511],[-1.273,48.6492],[-1.2772,48.6512],[-1.2811,48.652],[-1.2785,48.6543],[-1.2795,48.656],[-1.2767,48.6575],[-1.2782,48.6611],[-1.2742,48.6641],[-1.2709,48.6687],[-1.2634,48.6663],[-1.254,48.6653],[-1.2526,48.6647],[-1.2507,48.6598],[-1.246,48.6576],[-1.2419,48.6583],[-1.2381,48.6575],[-1.2308,48.6598],[-1.2237,48.6646],[-1.2159,48.6627],[-1.2098,48.6618],[-1.2088,48.6597],[-1.2106,48.6595],[-1.2116,48.6565],[-1.2148,48.6552],[-1.2169,48.6499],[-1.2162,48.6457],[-1.2189,48.6408],[-1.2218,48.6393]]]}},{"type":"Feature","properties":{"code":"50291","nom":"Margueray","pop":119},"geometry":{"type":"Polygon","coordinates":[[[-1.1164,48.917],[-1.1136,48.9142],[-1.1141,48.9113],[-1.1156,48.9099],[-1.1121,48.9079],[-1.1056,48.9052],[-1.114,48.8976],[-1.1182,48.8949],[-1.1224,48.8934],[-1.1294,48.8893],[-1.1392,48.885],[-1.1449,48.8859],[-1.1441,48.8873],[-1.1431,48.8957],[-1.14,48.8996],[-1.1317,48.9054],[-1.1259,48.9106],[-1.1233,48.9137],[-1.1171,48.9168],[-1.1164,48.917]]]}},{"type":"Feature","properties":{"code":"50292","nom":"Marigny-Le-Lozon","pop":2761},"geometry":{"type":"Polygon","coordinates":[[[-1.2137,49.0962],[-1.2164,49.0955],[-1.2404,49.091],[-1.259,49.0875],[-1.2609,49.0879],[-1.2628,49.0884],[-1.2799,49.0848],[-1.2803,49.0858],[-1.272,49.0911],[-1.2671,49.0948],[-1.2667,49.097],[-1.2607,49.1028],[-1.2588,49.1036],[-1.2685,49.1077],[-1.2686,49.1084],[-1.276,49.1122],[-1.2781,49.1142],[-1.2767,49.1162],[-1.2746,49.1193],[-1.2769,49.1227],[-1.2761,49.1255],[-1.2725,49.1282],[-1.2727,49.1325],[-1.2784,49.135],[-1.2825,49.1351],[-1.2829,49.1372],[-1.2858,49.1398],[-1.2885,49.1454],[-1.2966,49.1438],[-1.3007,49.1398],[-1.3081,49.1414],[-1.3043,49.1465],[-1.3057,49.1472],[-1.3005,49.1503],[-1.2987,49.155],[-1.2999,49.1564],[-1.2952,49.1593],[-1.2882,49.1603],[-1.2902,49.1575],[-1.2864,49.1493],[-1.2806,49.1496],[-1.2758,49.1523],[-1.2641,49.1545],[-1.2591,49.1631],[-1.2587,49.1664],[-1.2527,49.1649],[-1.2476,49.1644],[-1.2415,49.1624],[-1.2433,49.1613],[-1.2462,49.1547],[-1.2525,49.1499],[-1.2561,49.1469],[-1.2564,49.1451],[-1.2613,49.142],[-1.2579,49.1383],[-1.2566,49.1349],[-1.2578,49.1304],[-1.2533,49.1248],[-1.2524,49.1213],[-1.25,49.1203],[-1.2469,49.116],[-1.2453,49.1115],[-1.2448,49.11],[-1.2335,49.1094],[-1.2319,49.11],[-1.2283,49.1069],[-1.2233,49.1027],[-1.2227,49.101],[-1.2193,49.098],[-1.2137,49.0962]]]}},{"type":"Feature","properties":{"code":"50294","nom":"Martinvast","pop":1348},"geometry":{"type":"Polygon","coordinates":[[[-1.6649,49.5812],[-1.6743,49.5829],[-1.6768,49.5848],[-1.6735,49.5895],[-1.6759,49.5921],[-1.6792,49.5939],[-1.6811,49.5966],[-1.675,49.5984],[-1.6756,49.5999],[-1.6702,49.6036],[-1.6646,49.6062],[-1.6645,49.6084],[-1.6599,49.6087],[-1.654,49.6101],[-1.6484,49.6133],[-1.644,49.613],[-1.6397,49.6107],[-1.6385,49.6112],[-1.6315,49.6096],[-1.628,49.61],[-1.6241,49.6089],[-1.6133,49.6027],[-1.6052,49.5995],[-1.6018,49.5992],[-1.6099,49.5972],[-1.6142,49.5975],[-1.6263,49.5949],[-1.6339,49.5924],[-1.6365,49.5904],[-1.6388,49.591],[-1.6432,49.5898],[-1.6481,49.5864],[-1.6511,49.5876],[-1.6545,49.5842],[-1.6591,49.5805],[-1.6649,49.5812]]]}},{"type":"Feature","properties":{"code":"50295","nom":"Maupertuis","pop":145},"geometry":{"type":"Polygon","coordinates":[[[-1.2123,48.9401],[-1.2127,48.9433],[-1.2112,48.9446],[-1.2203,48.9465],[-1.219,48.9483],[-1.2192,48.9525],[-1.2172,48.9519],[-1.2149,48.9545],[-1.2093,48.957],[-1.205,48.963],[-1.2017,48.9649],[-1.1992,48.9688],[-1.1966,48.9713],[-1.1918,48.9732],[-1.1883,48.9725],[-1.1873,48.971],[-1.1809,48.9741],[-1.1788,48.9739],[-1.1789,48.9717],[-1.1829,48.9664],[-1.1869,48.9654],[-1.1925,48.9609],[-1.1936,48.958],[-1.1905,48.9552],[-1.1881,48.9541],[-1.1887,48.9513],[-1.1882,48.9463],[-1.1944,48.9396],[-1.2054,48.9424],[-1.2123,48.9401]]]}},{"type":"Feature","properties":{"code":"50296","nom":"Maupertus-sur-Mer","pop":238},"geometry":{"type":"Polygon","coordinates":[[[-1.4724,49.6616],[-1.4691,49.6576],[-1.4685,49.6557],[-1.4658,49.6541],[-1.467,49.651],[-1.4698,49.6503],[-1.4755,49.6474],[-1.4825,49.6468],[-1.4863,49.643],[-1.4875,49.6429],[-1.4878,49.6463],[-1.4854,49.6493],[-1.496,49.6572],[-1.4979,49.6609],[-1.5006,49.662],[-1.5027,49.6646],[-1.4951,49.6688],[-1.4918,49.67],[-1.4879,49.6681],[-1.482,49.6656],[-1.4832,49.664],[-1.4813,49.6593],[-1.4795,49.6588],[-1.4724,49.6616]]]}},{"type":"Feature","properties":{"code":"50297","nom":"La Meauffe","pop":993},"geometry":{"type":"Polygon","coordinates":[[[-1.0855,49.1549],[-1.0922,49.1542],[-1.0954,49.1532],[-1.1011,49.153],[-1.1106,49.1501],[-1.1142,49.1514],[-1.1188,49.1572],[-1.124,49.1599],[-1.1277,49.163],[-1.1237,49.1665],[-1.1227,49.1693],[-1.1196,49.1729],[-1.1177,49.1737],[-1.1156,49.1788],[-1.1142,49.1793],[-1.1102,49.1807],[-1.1113,49.1821],[-1.1094,49.1839],[-1.1057,49.1837],[-1.1011,49.186],[-1.099,49.1893],[-1.0953,49.189],[-1.0927,49.1864],[-1.0872,49.1859],[-1.0861,49.1843],[-1.0847,49.182],[-1.08,49.179],[-1.0737,49.178],[-1.0709,49.179],[-1.0693,49.1761],[-1.0706,49.1743],[-1.0766,49.171],[-1.0815,49.1703],[-1.0831,49.1685],[-1.0832,49.1636],[-1.0796,49.1602],[-1.0875,49.1595],[-1.0838,49.1553],[-1.0855,49.1549]]]}},{"type":"Feature","properties":{"code":"50298","nom":"Méautis","pop":648},"geometry":{"type":"Polygon","coordinates":[[[-1.3371,49.2734],[-1.3266,49.2778],[-1.3292,49.2834],[-1.3244,49.2847],[-1.3179,49.2824],[-1.3167,49.2846],[-1.3127,49.2885],[-1.3101,49.29],[-1.3075,49.2897],[-1.3013,49.2919],[-1.2896,49.2937],[-1.2906,49.2979],[-1.2904,49.3023],[-1.2987,49.3048],[-1.2987,49.3108],[-1.2998,49.3119],[-1.2802,49.3123],[-1.2722,49.31],[-1.2717,49.3065],[-1.2653,49.305],[-1.2646,49.301],[-1.2705,49.2914],[-1.275,49.2858],[-1.2796,49.2778],[-1.2774,49.2715],[-1.2753,49.269],[-1.2755,49.265],[-1.2765,49.2631],[-1.2813,49.2607],[-1.2838,49.257],[-1.2922,49.2529],[-1.2969,49.254],[-1.3026,49.2566],[-1.306,49.2549],[-1.309,49.2569],[-1.3076,49.2628],[-1.3152,49.2622],[-1.3234,49.2595],[-1.3218,49.2631],[-1.3241,49.264],[-1.3259,49.2727],[-1.3293,49.2735],[-1.3318,49.2711],[-1.334,49.271],[-1.3371,49.2734]]]}},{"type":"Feature","properties":{"code":"50299","nom":"Le Mesnil","pop":189},"geometry":{"type":"Polygon","coordinates":[[[-1.685,49.3787],[-1.6854,49.3762],[-1.682,49.3752],[-1.6762,49.3724],[-1.6755,49.371],[-1.6819,49.3641],[-1.6852,49.3615],[-1.6881,49.3627],[-1.6948,49.3638],[-1.6994,49.3638],[-1.706,49.3653],[-1.7098,49.369],[-1.7066,49.3725],[-1.709,49.3733],[-1.7056,49.3769],[-1.7034,49.378],[-1.6987,49.3779],[-1.6984,49.3795],[-1.6957,49.3814],[-1.6917,49.3819],[-1.6881,49.384],[-1.6905,49.3809],[-1.685,49.3787]]]}},{"type":"Feature","properties":{"code":"50300","nom":"Le Mesnil-Adelée","pop":157},"geometry":{"type":"Polygon","coordinates":[[[-1.0807,48.6931],[-1.0807,48.695],[-1.0826,48.6979],[-1.0797,48.7021],[-1.08,48.7057],[-1.0831,48.7084],[-1.0864,48.7098],[-1.0888,48.7121],[-1.0893,48.7165],[-1.0873,48.716],[-1.0803,48.7147],[-1.0735,48.714],[-1.0711,48.7122],[-1.0614,48.7083],[-1.0557,48.7089],[-1.0511,48.7082],[-1.042,48.705],[-1.0447,48.6958],[-1.0442,48.6927],[-1.0413,48.6897],[-1.0422,48.6871],[-1.0406,48.6838],[-1.0446,48.6819],[-1.0505,48.6841],[-1.0514,48.6883],[-1.0538,48.6897],[-1.0561,48.689],[-1.0616,48.6912],[-1.0639,48.6914],[-1.0748,48.6907],[-1.0785,48.6929],[-1.0807,48.6931]]]}},{"type":"Feature","properties":{"code":"50302","nom":"Le Mesnil-Amey","pop":288},"geometry":{"type":"Polygon","coordinates":[[[-1.198,49.1026],[-1.2014,49.1003],[-1.2137,49.0962],[-1.2193,49.098],[-1.2227,49.101],[-1.2233,49.1027],[-1.2283,49.1069],[-1.227,49.1099],[-1.2239,49.1102],[-1.2223,49.1126],[-1.2171,49.111],[-1.21,49.1127],[-1.2066,49.1123],[-1.2023,49.1101],[-1.1974,49.1098],[-1.1989,49.1074],[-1.1973,49.104],[-1.198,49.1026]]]}},{"type":"Feature","properties":{"code":"50304","nom":"Le Mesnil-Aubert","pop":197},"geometry":{"type":"Polygon","coordinates":[[[-1.379,48.9534],[-1.3831,48.9525],[-1.3902,48.9492],[-1.3871,48.9436],[-1.3899,48.9426],[-1.3946,48.9424],[-1.3977,48.9409],[-1.4002,48.9384],[-1.4098,48.9376],[-1.4112,48.937],[-1.4167,48.9375],[-1.4193,48.9366],[-1.4268,48.9356],[-1.4317,48.9344],[-1.439,48.9357],[-1.4394,48.9371],[-1.4432,48.9387],[-1.4459,48.9419],[-1.4387,48.9445],[-1.4346,48.9471],[-1.431,48.9508],[-1.4265,48.9519],[-1.4239,48.9515],[-1.4207,48.9535],[-1.4144,48.9557],[-1.4107,48.9523],[-1.4036,48.9535],[-1.4015,48.9499],[-1.398,48.9508],[-1.3962,48.9497],[-1.39,48.9521],[-1.3875,48.9519],[-1.3819,48.9542],[-1.379,48.9534]]]}},{"type":"Feature","properties":{"code":"50305","nom":"Le Mesnil-au-Val","pop":729},"geometry":{"type":"Polygon","coordinates":[[[-1.5392,49.5806],[-1.5427,49.5785],[-1.5456,49.5753],[-1.5486,49.5763],[-1.5544,49.5765],[-1.5571,49.5792],[-1.5648,49.581],[-1.5639,49.5835],[-1.5522,49.5855],[-1.5594,49.5906],[-1.5566,49.5926],[-1.5547,49.5963],[-1.5516,49.6001],[-1.5517,49.6027],[-1.5488,49.6057],[-1.5477,49.6086],[-1.5451,49.6091],[-1.5402,49.6138],[-1.5369,49.6162],[-1.5205,49.6158],[-1.5107,49.613],[-1.5042,49.61],[-1.5032,49.6126],[-1.5004,49.6151],[-1.494,49.6144],[-1.4928,49.6127],[-1.4933,49.6062],[-1.4922,49.6027],[-1.4941,49.6],[-1.5011,49.5974],[-1.5041,49.5951],[-1.5049,49.5931],[-1.5094,49.5913],[-1.5112,49.5885],[-1.5182,49.588],[-1.5318,49.5849],[-1.5306,49.5824],[-1.5392,49.5806]]]}},{"type":"Feature","properties":{"code":"50310","nom":"Le Mesnil-Eury","pop":188},"geometry":{"type":"Polygon","coordinates":[[[-1.2368,49.1475],[-1.2458,49.1485],[-1.2525,49.1499],[-1.2462,49.1547],[-1.2433,49.1613],[-1.2415,49.1624],[-1.2391,49.1652],[-1.2341,49.1672],[-1.2333,49.1711],[-1.2352,49.1735],[-1.2345,49.176],[-1.2396,49.1776],[-1.2355,49.1787],[-1.2345,49.1804],[-1.2294,49.1805],[-1.2254,49.176],[-1.2241,49.1722],[-1.2251,49.1674],[-1.2239,49.1626],[-1.2249,49.1583],[-1.2285,49.1588],[-1.2303,49.1552],[-1.2368,49.1475]]]}},{"type":"Feature","properties":{"code":"50311","nom":"Le Mesnil-Garnier","pop":220},"geometry":{"type":"Polygon","coordinates":[[[-1.2879,48.8541],[-1.2964,48.8523],[-1.3007,48.8502],[-1.3072,48.8458],[-1.315,48.8428],[-1.3179,48.8435],[-1.3244,48.8438],[-1.3213,48.8473],[-1.3214,48.8517],[-1.318,48.8517],[-1.3175,48.8543],[-1.3201,48.8557],[-1.321,48.8581],[-1.3242,48.8601],[-1.3211,48.8615],[-1.3178,48.8647],[-1.3186,48.8678],[-1.3255,48.8707],[-1.3253,48.8745],[-1.3271,48.8763],[-1.3272,48.8788],[-1.3257,48.88],[-1.3254,48.885],[-1.3157,48.8822],[-1.3098,48.8833],[-1.3095,48.8816],[-1.3063,48.8803],[-1.302,48.8801],[-1.2965,48.8808],[-1.2927,48.8809],[-1.2876,48.8824],[-1.2851,48.8813],[-1.2861,48.8786],[-1.2807,48.8725],[-1.2803,48.8678],[-1.2823,48.8666],[-1.2858,48.8666],[-1.286,48.8646],[-1.2818,48.8587],[-1.2879,48.8541]]]}},{"type":"Feature","properties":{"code":"50312","nom":"Le Mesnil-Gilbert","pop":146},"geometry":{"type":"Polygon","coordinates":[[[-1.0511,48.7082],[-1.0557,48.7089],[-1.0614,48.7083],[-1.0711,48.7122],[-1.0735,48.714],[-1.0803,48.7147],[-1.0873,48.716],[-1.0833,48.7192],[-1.08,48.7227],[-1.0798,48.7248],[-1.0758,48.7291],[-1.0736,48.7293],[-1.0721,48.7316],[-1.0653,48.736],[-1.0574,48.7337],[-1.0536,48.7336],[-1.0508,48.7326],[-1.0432,48.7328],[-1.0394,48.7336],[-1.0382,48.7304],[-1.0335,48.7298],[-1.0323,48.7266],[-1.0343,48.7189],[-1.0367,48.7162],[-1.0422,48.7156],[-1.0478,48.7116],[-1.0489,48.709],[-1.0511,48.7082]]]}},{"type":"Feature","properties":{"code":"50315","nom":"Le Mesnillard","pop":257},"geometry":{"type":"Polygon","coordinates":[[[-1.1038,48.6543],[-1.0924,48.6537],[-1.0882,48.6549],[-1.0863,48.653],[-1.0872,48.6494],[-1.0848,48.648],[-1.0788,48.6433],[-1.0764,48.643],[-1.0728,48.6384],[-1.0719,48.6349],[-1.0695,48.6325],[-1.0648,48.6346],[-1.0593,48.6342],[-1.0564,48.6347],[-1.0576,48.6282],[-1.0559,48.6255],[-1.0573,48.6195],[-1.0611,48.617],[-1.0618,48.6139],[-1.0699,48.6095],[-1.079,48.6095],[-1.0817,48.6109],[-1.0832,48.6154],[-1.0852,48.6172],[-1.0852,48.6208],[-1.0906,48.6246],[-1.0916,48.6266],[-1.0985,48.6282],[-1.1043,48.6287],[-1.1034,48.6312],[-1.103,48.6336],[-1.1003,48.6368],[-1.1016,48.6385],[-1.1003,48.6452],[-1.1013,48.6524],[-1.1038,48.6543]]]}},{"type":"Feature","properties":{"code":"50317","nom":"Le Mesnil-Ozenne","pop":265},"geometry":{"type":"Polygon","coordinates":[[[-1.1982,48.6798],[-1.1907,48.6765],[-1.1919,48.6712],[-1.1911,48.6676],[-1.1935,48.6666],[-1.1999,48.6675],[-1.2037,48.6655],[-1.2053,48.6614],[-1.2088,48.6597],[-1.2098,48.6618],[-1.2159,48.6627],[-1.2237,48.6646],[-1.2308,48.6598],[-1.2381,48.6575],[-1.2419,48.6583],[-1.246,48.6576],[-1.2435,48.6659],[-1.2378,48.668],[-1.2359,48.6711],[-1.2335,48.6718],[-1.2338,48.6742],[-1.2298,48.6756],[-1.2164,48.6719],[-1.2071,48.6703],[-1.2051,48.6712],[-1.2051,48.6743],[-1.2,48.6775],[-1.1982,48.6798]]]}},{"type":"Feature","properties":{"code":"50321","nom":"Le Mesnil-Rouxelin","pop":469},"geometry":{"type":"Polygon","coordinates":[[[-1.0954,49.1532],[-1.0922,49.1542],[-1.0855,49.1549],[-1.0843,49.152],[-1.0787,49.1528],[-1.0728,49.15],[-1.0687,49.1474],[-1.0637,49.1453],[-1.059,49.1443],[-1.0615,49.1421],[-1.0561,49.141],[-1.0589,49.1391],[-1.0685,49.1326],[-1.0732,49.1306],[-1.0782,49.1258],[-1.0831,49.1242],[-1.084,49.1257],[-1.0799,49.1316],[-1.0747,49.1368],[-1.0762,49.138],[-1.0828,49.1373],[-1.0865,49.1334],[-1.0912,49.133],[-1.0926,49.1359],[-1.0925,49.14],[-1.0947,49.1468],[-1.0954,49.1532]]]}},{"type":"Feature","properties":{"code":"50324","nom":"Le Mesnil-Véneron","pop":107},"geometry":{"type":"Polygon","coordinates":[[[-1.1475,49.2227],[-1.1588,49.22],[-1.1616,49.2184],[-1.1686,49.2186],[-1.1742,49.2166],[-1.1792,49.2208],[-1.1787,49.2228],[-1.1738,49.2264],[-1.1697,49.2271],[-1.1682,49.2307],[-1.1728,49.2309],[-1.1806,49.2289],[-1.1821,49.2307],[-1.1715,49.2341],[-1.1674,49.2332],[-1.1608,49.2333],[-1.1588,49.231],[-1.1539,49.2304],[-1.1535,49.2292],[-1.1486,49.2289],[-1.1469,49.2262],[-1.1475,49.2227]]]}},{"type":"Feature","properties":{"code":"50326","nom":"Le Mesnil-Villeman","pop":238},"geometry":{"type":"Polygon","coordinates":[[[-1.3272,48.8788],[-1.3271,48.8763],[-1.3253,48.8745],[-1.3255,48.8707],[-1.3186,48.8678],[-1.3178,48.8647],[-1.3211,48.8615],[-1.3242,48.8601],[-1.321,48.8581],[-1.3201,48.8557],[-1.3175,48.8543],[-1.318,48.8517],[-1.3214,48.8517],[-1.3213,48.8473],[-1.3244,48.8438],[-1.3273,48.8413],[-1.3279,48.8379],[-1.3375,48.8361],[-1.3418,48.8374],[-1.3497,48.8372],[-1.3514,48.838],[-1.3537,48.839],[-1.3553,48.8428],[-1.3592,48.8449],[-1.3589,48.8466],[-1.362,48.8496],[-1.363,48.8524],[-1.3605,48.8541],[-1.3607,48.8559],[-1.3631,48.8591],[-1.3619,48.8621],[-1.3657,48.8654],[-1.3639,48.8662],[-1.3586,48.8664],[-1.3523,48.8677],[-1.3509,48.8689],[-1.3456,48.8701],[-1.3438,48.8721],[-1.3401,48.8726],[-1.3343,48.8722],[-1.3334,48.876],[-1.3309,48.8762],[-1.3309,48.8789],[-1.3369,48.8824],[-1.3368,48.8845],[-1.3312,48.8818],[-1.3284,48.881],[-1.3272,48.8788]]]}},{"type":"Feature","properties":{"code":"50327","nom":"La Meurdraquière","pop":195},"geometry":{"type":"Polygon","coordinates":[[[-1.4217,48.8481],[-1.4195,48.849],[-1.42,48.8529],[-1.4216,48.8564],[-1.4183,48.8574],[-1.4182,48.8625],[-1.4158,48.8643],[-1.4188,48.8652],[-1.4195,48.8672],[-1.4124,48.8706],[-1.4123,48.8779],[-1.4062,48.8792],[-1.4028,48.881],[-1.3972,48.8799],[-1.3935,48.881],[-1.3903,48.8807],[-1.3867,48.8788],[-1.389,48.877],[-1.3872,48.8706],[-1.3927,48.8674],[-1.3931,48.8635],[-1.3905,48.8604],[-1.3922,48.858],[-1.3918,48.8557],[-1.3933,48.8534],[-1.3971,48.8499],[-1.3971,48.8487],[-1.4017,48.8437],[-1.4076,48.841],[-1.4108,48.8419],[-1.418,48.8393],[-1.4217,48.8481]]]}},{"type":"Feature","properties":{"code":"50328","nom":"Millières","pop":759},"geometry":{"type":"Polygon","coordinates":[[[-1.4646,49.163],[-1.4703,49.1666],[-1.4709,49.1686],[-1.4734,49.1708],[-1.4747,49.1744],[-1.4721,49.1764],[-1.4765,49.1769],[-1.4802,49.1831],[-1.4804,49.1862],[-1.478,49.1919],[-1.4784,49.1949],[-1.4745,49.2026],[-1.4753,49.2053],[-1.4805,49.2066],[-1.4813,49.209],[-1.4846,49.2125],[-1.4897,49.2161],[-1.4898,49.2175],[-1.4803,49.2178],[-1.4646,49.2201],[-1.4589,49.2197],[-1.4575,49.2187],[-1.4497,49.2168],[-1.4455,49.2165],[-1.4438,49.2179],[-1.4375,49.2184],[-1.4338,49.2157],[-1.4292,49.216],[-1.4278,49.214],[-1.4299,49.213],[-1.4307,49.2102],[-1.435,49.2081],[-1.4365,49.2022],[-1.4393,49.2005],[-1.4403,49.1969],[-1.4397,49.1938],[-1.4359,49.1909],[-1.4337,49.1862],[-1.4344,49.1827],[-1.43,49.18],[-1.432,49.1754],[-1.43,49.1725],[-1.4308,49.1702],[-1.4326,49.1681],[-1.4345,49.1621],[-1.4392,49.1593],[-1.4508,49.1592],[-1.4599,49.158],[-1.4616,49.1609],[-1.4646,49.163]]]}},{"type":"Feature","properties":{"code":"50332","nom":"Les Moitiers-d'Allonne","pop":742},"geometry":{"type":"Polygon","coordinates":[[[-1.8223,49.4158],[-1.8209,49.416],[-1.8099,49.4145],[-1.8051,49.4147],[-1.8037,49.4135],[-1.7969,49.4143],[-1.787,49.417],[-1.7834,49.418],[-1.7773,49.4185],[-1.7736,49.4196],[-1.7648,49.4201],[-1.7461,49.4216],[-1.7444,49.4184],[-1.7431,49.413],[-1.7429,49.4089],[-1.7405,49.4051],[-1.7418,49.4034],[-1.7478,49.4025],[-1.7463,49.3991],[-1.7495,49.3966],[-1.7506,49.3946],[-1.7594,49.396],[-1.7598,49.3971],[-1.7666,49.3955],[-1.7729,49.3948],[-1.7811,49.3929],[-1.7854,49.3912],[-1.7913,49.388],[-1.7945,49.385],[-1.8106,49.3772],[-1.814,49.3817],[-1.8191,49.3896],[-1.822,49.3968],[-1.8234,49.4029],[-1.8226,49.4071],[-1.8223,49.4158]]]}},{"type":"Feature","properties":{"code":"50334","nom":"Montabot","pop":271},"geometry":{"type":"Polygon","coordinates":[[[-1.1493,48.9511],[-1.1461,48.9503],[-1.1451,48.9467],[-1.1406,48.9487],[-1.125,48.9535],[-1.1047,48.957],[-1.105,48.955],[-1.1083,48.9487],[-1.1077,48.9447],[-1.1049,48.9428],[-1.106,48.9411],[-1.1095,48.9393],[-1.1148,48.9376],[-1.1165,48.936],[-1.117,48.9291],[-1.1137,48.9211],[-1.1164,48.917],[-1.1171,48.9168],[-1.1235,48.9197],[-1.1291,48.9194],[-1.1339,48.9172],[-1.1375,48.9194],[-1.1462,48.923],[-1.1496,48.9222],[-1.1589,48.9299],[-1.1623,48.9371],[-1.1597,48.9382],[-1.1559,48.9422],[-1.1548,48.9444],[-1.1553,48.9467],[-1.1536,48.9494],[-1.1493,48.9511]]]}},{"type":"Feature","properties":{"code":"50335","nom":"Montaigu-la-Brisette","pop":495},"geometry":{"type":"Polygon","coordinates":[[[-1.4436,49.5875],[-1.4372,49.591],[-1.4362,49.5925],[-1.4325,49.5914],[-1.4271,49.592],[-1.4232,49.5902],[-1.4209,49.5845],[-1.4231,49.5828],[-1.4185,49.5792],[-1.4116,49.5786],[-1.4087,49.577],[-1.4051,49.5764],[-1.3999,49.5733],[-1.4027,49.568],[-1.3989,49.5675],[-1.3965,49.5653],[-1.3928,49.5674],[-1.3883,49.5679],[-1.3811,49.5676],[-1.3808,49.5632],[-1.3831,49.5601],[-1.3815,49.5569],[-1.3882,49.5514],[-1.3924,49.5504],[-1.399,49.5501],[-1.4097,49.5511],[-1.4115,49.5521],[-1.4207,49.5474],[-1.4215,49.5493],[-1.4274,49.5491],[-1.4309,49.5508],[-1.4348,49.5546],[-1.4346,49.5558],[-1.4405,49.5573],[-1.4437,49.5617],[-1.4482,49.5594],[-1.4512,49.5622],[-1.452,49.5641],[-1.45,49.5672],[-1.4493,49.5722],[-1.4502,49.575],[-1.4472,49.578],[-1.4503,49.5801],[-1.4436,49.5875]]]}},{"type":"Feature","properties":{"code":"50336","nom":"Montaigu-les-Bois","pop":204},"geometry":{"type":"Polygon","coordinates":[[[-1.2573,48.907],[-1.2591,48.9043],[-1.2547,48.9033],[-1.2498,48.9006],[-1.2479,48.8985],[-1.2495,48.896],[-1.25,48.8926],[-1.247,48.8886],[-1.2468,48.8866],[-1.2506,48.8845],[-1.2591,48.8842],[-1.2622,48.8846],[-1.2697,48.8815],[-1.2743,48.8804],[-1.2755,48.876],[-1.278,48.8795],[-1.2851,48.8813],[-1.2876,48.8824],[-1.2927,48.8809],[-1.2965,48.8808],[-1.2957,48.8845],[-1.2919,48.8901],[-1.2905,48.8931],[-1.2929,48.8957],[-1.2879,48.8971],[-1.2791,48.897],[-1.2746,48.8984],[-1.2694,48.8991],[-1.2684,48.9033],[-1.2656,48.9052],[-1.2599,48.9074],[-1.2573,48.907]]]}},{"type":"Feature","properties":{"code":"50338","nom":"Montbray","pop":340},"geometry":{"type":"Polygon","coordinates":[[[-1.1056,48.9052],[-1.099,48.902],[-1.0967,48.8996],[-1.0914,48.8977],[-1.0885,48.8979],[-1.0838,48.8962],[-1.0744,48.8956],[-1.0707,48.8965],[-1.066,48.8961],[-1.0623,48.892],[-1.0685,48.891],[-1.0713,48.8892],[-1.0847,48.8825],[-1.0894,48.8815],[-1.0915,48.8798],[-1.0986,48.876],[-1.0994,48.8737],[-1.0978,48.871],[-1.1043,48.8641],[-1.1093,48.8616],[-1.1146,48.862],[-1.1202,48.8565],[-1.1225,48.8589],[-1.1284,48.8628],[-1.1267,48.8647],[-1.1297,48.8673],[-1.1261,48.8704],[-1.1299,48.8709],[-1.1349,48.8733],[-1.1413,48.8735],[-1.1437,48.8742],[-1.1456,48.8763],[-1.1445,48.878],[-1.1466,48.8813],[-1.1488,48.882],[-1.1479,48.8828],[-1.1449,48.8859],[-1.1392,48.885],[-1.1294,48.8893],[-1.1224,48.8934],[-1.1182,48.8949],[-1.114,48.8976],[-1.1056,48.9052]]]}},{"type":"Feature","properties":{"code":"50340","nom":"Montcuit","pop":180},"geometry":{"type":"Polygon","coordinates":[[[-1.3368,49.1066],[-1.3446,49.1039],[-1.3498,49.1047],[-1.3551,49.1054],[-1.3572,49.1081],[-1.3664,49.1085],[-1.3686,49.111],[-1.3687,49.114],[-1.3676,49.1163],[-1.3607,49.1215],[-1.3559,49.1223],[-1.3521,49.1189],[-1.3471,49.1203],[-1.348,49.1218],[-1.344,49.1261],[-1.3398,49.1253],[-1.3353,49.1275],[-1.3317,49.1303],[-1.3265,49.128],[-1.3287,49.1238],[-1.3309,49.1158],[-1.333,49.1123],[-1.3362,49.1106],[-1.3368,49.1066]]]}},{"type":"Feature","properties":{"code":"50341","nom":"Montebourg","pop":1925},"geometry":{"type":"Polygon","coordinates":[[[-1.402,49.5035],[-1.3962,49.5075],[-1.3927,49.5071],[-1.3886,49.509],[-1.3819,49.5092],[-1.3792,49.5103],[-1.3763,49.5145],[-1.3713,49.5149],[-1.369,49.5112],[-1.3702,49.5081],[-1.3713,49.5043],[-1.3767,49.5049],[-1.377,49.5016],[-1.374,49.5003],[-1.3753,49.4963],[-1.3718,49.4915],[-1.373,49.4906],[-1.3748,49.4857],[-1.3796,49.4829],[-1.3847,49.4856],[-1.3891,49.4872],[-1.3903,49.4858],[-1.3962,49.4831],[-1.4023,49.4874],[-1.4082,49.4907],[-1.4079,49.4931],[-1.4036,49.4944],[-1.403,49.4964],[-1.398,49.4989],[-1.3997,49.4998],[-1.4031,49.499],[-1.402,49.5035]]]}},{"type":"Feature","properties":{"code":"50342","nom":"Montfarville","pop":798},"geometry":{"type":"Polygon","coordinates":[[[-1.2835,49.6551],[-1.2858,49.6609],[-1.2867,49.6615],[-1.2839,49.6643],[-1.2747,49.6665],[-1.2736,49.6663],[-1.2698,49.6644],[-1.2635,49.6662],[-1.2618,49.6651],[-1.2582,49.6652],[-1.2567,49.6668],[-1.255,49.6646],[-1.2521,49.663],[-1.2515,49.6613],[-1.2445,49.6575],[-1.2422,49.6551],[-1.2396,49.6544],[-1.2397,49.6516],[-1.2436,49.6484],[-1.2519,49.646],[-1.2565,49.6433],[-1.268,49.6482],[-1.2741,49.6512],[-1.2805,49.6511],[-1.2843,49.6542],[-1.2835,49.6551]]]}},{"type":"Feature","properties":{"code":"50345","nom":"Monthuchon","pop":705},"geometry":{"type":"Polygon","coordinates":[[[-1.4133,49.0768],[-1.4172,49.0778],[-1.4214,49.0764],[-1.4284,49.0752],[-1.4315,49.0737],[-1.4365,49.0682],[-1.4388,49.0701],[-1.4463,49.0723],[-1.4434,49.0742],[-1.4455,49.0787],[-1.4387,49.0819],[-1.4383,49.0835],[-1.4407,49.0856],[-1.4361,49.0943],[-1.4291,49.0947],[-1.4199,49.097],[-1.4203,49.1005],[-1.4114,49.1016],[-1.4032,49.1056],[-1.4028,49.107],[-1.3992,49.1094],[-1.3921,49.108],[-1.3938,49.1061],[-1.3937,49.1022],[-1.398,49.101],[-1.3967,49.0955],[-1.4034,49.0884],[-1.4037,49.0867],[-1.4108,49.0803],[-1.4102,49.079],[-1.4133,49.0768]]]}},{"type":"Feature","properties":{"code":"50347","nom":"Montjoie-Saint-Martin","pop":250},"geometry":{"type":"Polygon","coordinates":[[[-1.2728,48.5339],[-1.2686,48.5297],[-1.2697,48.524],[-1.2736,48.5202],[-1.275,48.517],[-1.2774,48.5159],[-1.2772,48.5141],[-1.279,48.5093],[-1.2808,48.5084],[-1.2875,48.5096],[-1.2905,48.5135],[-1.2927,48.5134],[-1.295,48.5156],[-1.301,48.5161],[-1.305,48.5156],[-1.3121,48.5118],[-1.3136,48.5135],[-1.3174,48.5141],[-1.3167,48.5181],[-1.3178,48.5197],[-1.3211,48.5204],[-1.321,48.522],[-1.3174,48.5222],[-1.3164,48.5236],[-1.3117,48.5242],[-1.31,48.5219],[-1.3068,48.5214],[-1.3026,48.5229],[-1.2986,48.5253],[-1.2975,48.5287],[-1.2951,48.5309],[-1.2967,48.5349],[-1.2921,48.5357],[-1.2876,48.5349],[-1.286,48.5373],[-1.2913,48.5389],[-1.2938,48.5433],[-1.2901,48.5467],[-1.2869,48.5483],[-1.2814,48.546],[-1.2793,48.5432],[-1.2787,48.5401],[-1.2753,48.5377],[-1.2728,48.5339]]]}},{"type":"Feature","properties":{"code":"50349","nom":"Montmartin-sur-Mer","pop":1425},"geometry":{"type":"Polygon","coordinates":[[[-1.5197,48.9765],[-1.5214,48.978],[-1.5299,48.9786],[-1.5318,48.9802],[-1.5359,48.9796],[-1.5419,48.9799],[-1.5564,48.9796],[-1.5616,48.9812],[-1.5591,48.9845],[-1.5583,48.988],[-1.5587,48.9928],[-1.5608,48.9983],[-1.5578,48.9978],[-1.5555,48.998],[-1.5544,48.9981],[-1.5514,48.9913],[-1.5487,48.9896],[-1.5514,48.9983],[-1.5437,48.9992],[-1.5355,48.9987],[-1.5345,48.9961],[-1.5295,48.9993],[-1.5304,49.001],[-1.528,49.0068],[-1.5253,49.01],[-1.5229,49.0088],[-1.5181,49.0087],[-1.5131,49.0062],[-1.5135,49.0053],[-1.507,49.0027],[-1.5061,48.9985],[-1.5001,48.9966],[-1.5001,48.991],[-1.508,48.9897],[-1.5077,48.986],[-1.5088,48.9842],[-1.5142,48.9831],[-1.5153,48.9807],[-1.5177,48.9792],[-1.5197,48.9765]]]}},{"type":"Feature","properties":{"code":"50350","nom":"Montpinchon","pop":543},"geometry":{"type":"Polygon","coordinates":[[[-1.3336,49.0014],[-1.34,49.0042],[-1.3414,49.0058],[-1.3462,49.0087],[-1.344,49.0096],[-1.336,49.011],[-1.3311,49.013],[-1.3318,49.0168],[-1.3312,49.0192],[-1.3331,49.02],[-1.3359,49.0189],[-1.34,49.023],[-1.3437,49.0237],[-1.3472,49.0255],[-1.3446,49.0288],[-1.3472,49.0305],[-1.3528,49.0301],[-1.3543,49.0323],[-1.3507,49.0348],[-1.352,49.0369],[-1.3499,49.0377],[-1.3499,49.0402],[-1.3444,49.0422],[-1.3385,49.0426],[-1.3362,49.0444],[-1.3205,49.0511],[-1.3187,49.0534],[-1.3161,49.0544],[-1.3126,49.053],[-1.3035,49.0558],[-1.3001,49.0574],[-1.3,49.0572],[-1.2977,49.0552],[-1.2949,49.0491],[-1.2982,49.0453],[-1.303,49.0434],[-1.3085,49.04],[-1.304,49.0366],[-1.3055,49.0358],[-1.3006,49.0314],[-1.3026,49.0306],[-1.3009,49.0274],[-1.298,49.0277],[-1.2952,49.0266],[-1.2912,49.0268],[-1.2889,49.0242],[-1.2901,49.0225],[-1.2902,49.0184],[-1.2956,49.0174],[-1.3007,49.0173],[-1.302,49.0165],[-1.3082,49.0156],[-1.3129,49.0155],[-1.3187,49.0128],[-1.3117,49.0099],[-1.3101,49.0075],[-1.3057,49.007],[-1.301,49.0056],[-1.3036,49.0027],[-1.3034,48.9999],[-1.3085,48.9977],[-1.3099,48.9961],[-1.3177,48.9959],[-1.3246,48.9962],[-1.3336,49.0014]]]}},{"type":"Feature","properties":{"code":"50351","nom":"Montrabot","pop":70},"geometry":{"type":"Polygon","coordinates":[[[-0.9249,49.1009],[-0.9249,49.1015],[-0.9209,49.1045],[-0.9184,49.1047],[-0.9135,49.1066],[-0.9042,49.1127],[-0.8986,49.1143],[-0.8938,49.1172],[-0.8913,49.1197],[-0.8898,49.1164],[-0.8856,49.1153],[-0.8831,49.1169],[-0.8788,49.1169],[-0.8787,49.1147],[-0.8761,49.1118],[-0.8776,49.1055],[-0.8834,49.1053],[-0.8867,49.104],[-0.8958,49.1025],[-0.9058,49.0995],[-0.9249,49.1009]]]}},{"type":"Feature","properties":{"code":"50352","nom":"Montreuil-sur-Lozon","pop":339},"geometry":{"type":"Polygon","coordinates":[[[-1.2525,49.1499],[-1.2458,49.1485],[-1.2368,49.1475],[-1.2268,49.1463],[-1.2268,49.1434],[-1.2242,49.1434],[-1.2307,49.1357],[-1.2301,49.1335],[-1.2328,49.1295],[-1.2327,49.1267],[-1.2296,49.1245],[-1.2292,49.1223],[-1.2383,49.1185],[-1.2381,49.1172],[-1.2441,49.1167],[-1.2453,49.1115],[-1.2469,49.116],[-1.25,49.1203],[-1.2524,49.1213],[-1.2533,49.1248],[-1.2578,49.1304],[-1.2566,49.1349],[-1.2579,49.1383],[-1.2613,49.142],[-1.2564,49.1451],[-1.2561,49.1469],[-1.2525,49.1499]]]}},{"type":"Feature","properties":{"code":"50353","nom":"Le Mont-Saint-Michel","pop":23},"geometry":{"type":"MultiPolygon","coordinates":[[[[-1.5159,48.6184],[-1.5167,48.6126],[-1.5286,48.6153],[-1.5361,48.6159],[-1.5365,48.6126],[-1.5383,48.6119],[-1.5411,48.6148],[-1.5484,48.6142],[-1.5475,48.6245],[-1.5495,48.63],[-1.5427,48.6311],[-1.5271,48.6292],[-1.519,48.6271],[-1.5159,48.6184]]],[[[-1.5108,48.6192],[-1.5101,48.6139],[-1.5126,48.614],[-1.5123,48.6175],[-1.5108,48.6192]]]]}},{"type":"Feature","properties":{"code":"50356","nom":"Moon-sur-Elle","pop":781},"geometry":{"type":"Polygon","coordinates":[[[-1.0585,49.2253],[-1.0545,49.2259],[-1.0504,49.228],[-1.0504,49.2239],[-1.0485,49.2204],[-1.0463,49.2213],[-1.0412,49.2213],[-1.0377,49.2222],[-1.0344,49.2201],[-1.0354,49.2184],[-1.0329,49.2143],[-1.0293,49.2122],[-1.0267,49.2117],[-1.0235,49.2078],[-1.0243,49.2039],[-1.0287,49.2028],[-1.0303,49.2046],[-1.0337,49.2051],[-1.0336,49.1989],[-1.0396,49.1988],[-1.0388,49.1973],[-1.0454,49.1979],[-1.0458,49.1948],[-1.0494,49.195],[-1.054,49.1926],[-1.0514,49.1902],[-1.0553,49.1898],[-1.0561,49.188],[-1.0612,49.1884],[-1.0678,49.1832],[-1.068,49.1802],[-1.0709,49.179],[-1.0737,49.178],[-1.08,49.179],[-1.0847,49.182],[-1.0861,49.1843],[-1.0817,49.1868],[-1.0726,49.1886],[-1.0694,49.1904],[-1.07,49.1954],[-1.0671,49.205],[-1.0687,49.2079],[-1.0667,49.2137],[-1.0635,49.2164],[-1.0604,49.217],[-1.0609,49.2241],[-1.0585,49.2253]]]}},{"type":"Feature","properties":{"code":"50357","nom":"Morigny","pop":70},"geometry":{"type":"Polygon","coordinates":[[[-1.0494,48.8942],[-1.0509,48.8901],[-1.053,48.8873],[-1.0559,48.8839],[-1.0594,48.8772],[-1.0651,48.8766],[-1.0702,48.8708],[-1.0743,48.871],[-1.0765,48.8694],[-1.0837,48.872],[-1.0868,48.8725],[-1.0888,48.8745],[-1.0915,48.8798],[-1.0894,48.8815],[-1.0847,48.8825],[-1.0713,48.8892],[-1.0685,48.891],[-1.0623,48.892],[-1.055,48.8945],[-1.0494,48.8942]]]}},{"type":"Feature","properties":{"code":"50359","nom":"Mortain-Bocage","pop":2961},"geometry":{"type":"Polygon","coordinates":[[[-0.8496,48.6362],[-0.8516,48.6292],[-0.8587,48.626],[-0.8629,48.6251],[-0.8692,48.6231],[-0.8637,48.6182],[-0.8643,48.6155],[-0.8627,48.6132],[-0.8713,48.6071],[-0.8761,48.605],[-0.8787,48.6025],[-0.886,48.6009],[-0.8889,48.599],[-0.897,48.5956],[-0.8972,48.5913],[-0.902,48.5893],[-0.9044,48.5904],[-0.9039,48.5947],[-0.9061,48.5975],[-0.9064,48.6015],[-0.9097,48.602],[-0.9094,48.6042],[-0.9136,48.6042],[-0.9177,48.6058],[-0.9186,48.6073],[-0.9243,48.6055],[-0.9263,48.6026],[-0.9297,48.5995],[-0.9329,48.5997],[-0.9328,48.5966],[-0.9346,48.5916],[-0.9332,48.588],[-0.9318,48.588],[-0.9309,48.5834],[-0.931,48.5794],[-0.9324,48.5752],[-0.9309,48.5705],[-0.9315,48.568],[-0.9344,48.5633],[-0.9378,48.5615],[-0.94,48.5568],[-0.9433,48.5565],[-0.9453,48.5551],[-0.9484,48.5569],[-0.9524,48.5573],[-0.9614,48.5599],[-0.9648,48.5587],[-0.9671,48.5561],[-0.9754,48.5546],[-0.975,48.5537],[-0.9774,48.5493],[-0.9818,48.5503],[-0.9875,48.5483],[-0.9928,48.5488],[-0.9951,48.5517],[-0.9991,48.5543],[-1.0025,48.5585],[-0.9988,48.5607],[-0.9998,48.5684],[-0.9978,48.572],[-0.9974,48.5783],[-0.9992,48.5787],[-1.001,48.5842],[-1.0005,48.5898],[-1.0019,48.5901],[-1.0022,48.5924],[-0.9995,48.5941],[-0.9946,48.5951],[-0.995,48.5969],[-0.9929,48.5995],[-0.9929,48.6018],[-0.986,48.6052],[-0.9782,48.6071],[-0.9776,48.6124],[-0.9756,48.6149],[-0.9748,48.6182],[-0.9668,48.6187],[-0.9616,48.6163],[-0.9506,48.6144],[-0.9487,48.613],[-0.9448,48.6141],[-0.941,48.6202],[-0.9442,48.6247],[-0.9478,48.6258],[-0.9465,48.6304],[-0.9464,48.6349],[-0.9508,48.6378],[-0.951,48.6435],[-0.9481,48.6448],[-0.9484,48.6488],[-0.9465,48.6498],[-0.9448,48.65],[-0.9427,48.6543],[-0.9462,48.6582],[-0.9438,48.6598],[-0.9438,48.6618],[-0.9384,48.6644],[-0.9322,48.6659],[-0.9298,48.667],[-0.9261,48.6653],[-0.9246,48.6635],[-0.9208,48.6616],[-0.9182,48.6577],[-0.9186,48.6539],[-0.917,48.651],[-0.9158,48.6466],[-0.9087,48.6471],[-0.9097,48.645],[-0.9045,48.6446],[-0.9006,48.6427],[-0.9031,48.6408],[-0.908,48.6398],[-0.9066,48.6382],[-0.9015,48.6384],[-0.8982,48.6421],[-0.8948,48.6414],[-0.894,48.6434],[-0.8863,48.6419],[-0.8828,48.6449],[-0.8778,48.6438],[-0.8736,48.6465],[-0.8724,48.6455],[-0.8766,48.6413],[-0.8776,48.6364],[-0.8711,48.6368],[-0.867,48.6364],[-0.8652,48.6377],[-0.8639,48.6412],[-0.8596,48.6388],[-0.8541,48.6378],[-0.8501,48.6381],[-0.8496,48.6362]]]}},{"type":"Feature","properties":{"code":"50360","nom":"Morville","pop":277},"geometry":{"type":"Polygon","coordinates":[[[-1.4854,49.4753],[-1.483,49.4702],[-1.4904,49.4688],[-1.494,49.4668],[-1.5006,49.465],[-1.5039,49.4656],[-1.5079,49.4652],[-1.5109,49.4675],[-1.5165,49.4676],[-1.5258,49.4664],[-1.5299,49.4678],[-1.5342,49.4671],[-1.5377,49.4702],[-1.54,49.4709],[-1.5443,49.4703],[-1.5528,49.471],[-1.5505,49.4732],[-1.5517,49.4764],[-1.5465,49.4782],[-1.5434,49.4791],[-1.54,49.4815],[-1.5323,49.484],[-1.5307,49.4825],[-1.5209,49.4843],[-1.5158,49.4828],[-1.5053,49.482],[-1.502,49.4806],[-1.4962,49.4819],[-1.4931,49.4789],[-1.4902,49.4779],[-1.4896,49.4762],[-1.4854,49.4753]]]}},{"type":"Feature","properties":{"code":"50361","nom":"La Mouche","pop":249},"geometry":{"type":"Polygon","coordinates":[[[-1.3701,48.7791],[-1.3679,48.7792],[-1.3655,48.7849],[-1.3565,48.7873],[-1.3598,48.7889],[-1.3544,48.7921],[-1.3524,48.794],[-1.3536,48.8005],[-1.3482,48.801],[-1.3386,48.7984],[-1.334,48.7941],[-1.3334,48.791],[-1.3361,48.7889],[-1.3357,48.7871],[-1.3378,48.7832],[-1.3407,48.7826],[-1.3429,48.7806],[-1.3489,48.7805],[-1.3597,48.774],[-1.3599,48.7685],[-1.3606,48.767],[-1.3647,48.7651],[-1.3655,48.7692],[-1.3682,48.7716],[-1.3703,48.7772],[-1.3701,48.7791]]]}},{"type":"Feature","properties":{"code":"50362","nom":"Moulines","pop":280},"geometry":{"type":"Polygon","coordinates":[[[-1.0181,48.5359],[-1.0213,48.5375],[-1.025,48.538],[-1.0297,48.5398],[-1.0338,48.54],[-1.0365,48.5387],[-1.0456,48.5384],[-1.0519,48.5366],[-1.0542,48.5383],[-1.0598,48.5402],[-1.0561,48.5448],[-1.0557,48.5465],[-1.0577,48.5482],[-1.0652,48.5482],[-1.0684,48.5487],[-1.0683,48.5455],[-1.0738,48.545],[-1.0746,48.5481],[-1.0784,48.5544],[-1.0758,48.5576],[-1.0736,48.5581],[-1.0721,48.5576],[-1.0619,48.5598],[-1.0579,48.5587],[-1.0577,48.5617],[-1.0555,48.5614],[-1.0455,48.5587],[-1.0404,48.5584],[-1.0395,48.5574],[-1.0325,48.554],[-1.0307,48.5508],[-1.0243,48.5492],[-1.0148,48.5479],[-1.0148,48.5446],[-1.0169,48.5401],[-1.0166,48.5374],[-1.0181,48.5359]]]}},{"type":"Feature","properties":{"code":"50363","nom":"Moyon Villages","pop":1489},"geometry":{"type":"Polygon","coordinates":[[[-1.186,48.9931],[-1.1809,48.9955],[-1.1788,48.9975],[-1.1753,48.9977],[-1.1712,49],[-1.1657,49.0016],[-1.1684,49.0043],[-1.1668,49.0053],[-1.1646,49.0107],[-1.1643,49.0158],[-1.1598,49.0215],[-1.1583,49.0217],[-1.1533,49.0173],[-1.1537,49.0161],[-1.1413,49.015],[-1.1393,49.0135],[-1.133,49.0116],[-1.1294,49.015],[-1.1367,49.0172],[-1.1407,49.0204],[-1.1362,49.028],[-1.129,49.0295],[-1.1257,49.0309],[-1.1234,49.028],[-1.1202,49.0264],[-1.1144,49.0251],[-1.1127,49.0256],[-1.1082,49.0243],[-1.1049,49.0248],[-1.1,49.0223],[-1.0948,49.0219],[-1.0872,49.0098],[-1.0849,49.0074],[-1.086,49.0043],[-1.0886,49.0028],[-1.094,49.0019],[-1.0975,48.9989],[-1.0967,48.996],[-1.0944,48.9916],[-1.0943,48.9889],[-1.0987,48.9865],[-1.0977,48.984],[-1.0995,48.9824],[-1.0981,48.9805],[-1.1015,48.9799],[-1.1067,48.9807],[-1.1063,48.9777],[-1.1001,48.9774],[-1.0986,48.976],[-1.0955,48.9766],[-1.0915,48.9763],[-1.0907,48.9751],[-1.0958,48.9729],[-1.0975,48.9691],[-1.1013,48.9644],[-1.1073,48.9653],[-1.1147,48.9645],[-1.115,48.9658],[-1.1205,48.965],[-1.1228,48.9635],[-1.1243,48.96],[-1.1294,48.9603],[-1.1317,48.9631],[-1.1301,48.9686],[-1.1273,48.9724],[-1.129,48.9727],[-1.1407,48.9689],[-1.1438,48.9758],[-1.1582,48.971],[-1.1603,48.9699],[-1.1657,48.9826],[-1.1693,48.9846],[-1.1717,48.9863],[-1.1765,48.9854],[-1.1811,48.9873],[-1.186,48.9931]]]}},{"type":"Feature","properties":{"code":"50364","nom":"Muneville-le-Bingard","pop":725},"geometry":{"type":"Polygon","coordinates":[[[-1.5131,49.1253],[-1.5157,49.1305],[-1.5128,49.1349],[-1.5151,49.1363],[-1.5064,49.137],[-1.5075,49.1428],[-1.5107,49.1522],[-1.5035,49.1482],[-1.5009,49.1506],[-1.499,49.1479],[-1.4933,49.1489],[-1.4923,49.1507],[-1.4783,49.153],[-1.4646,49.163],[-1.4616,49.1609],[-1.4599,49.158],[-1.4508,49.1592],[-1.4392,49.1593],[-1.4368,49.1586],[-1.4353,49.1562],[-1.4409,49.1529],[-1.4441,49.1517],[-1.4424,49.1496],[-1.4457,49.1487],[-1.4451,49.1462],[-1.4485,49.1453],[-1.4443,49.1407],[-1.4425,49.1411],[-1.4391,49.1375],[-1.4392,49.1344],[-1.4436,49.1342],[-1.4477,49.1284],[-1.4527,49.1275],[-1.4532,49.1239],[-1.4583,49.1212],[-1.4621,49.1213],[-1.4652,49.1188],[-1.4607,49.117],[-1.4612,49.1128],[-1.4743,49.1117],[-1.4804,49.1128],[-1.4832,49.114],[-1.4864,49.1136],[-1.4888,49.1153],[-1.4914,49.1147],[-1.4981,49.1157],[-1.5005,49.1175],[-1.5035,49.1222],[-1.5043,49.1254],[-1.5092,49.1268],[-1.5103,49.1247],[-1.5131,49.1253]]]}},{"type":"Feature","properties":{"code":"50365","nom":"Muneville-sur-Mer","pop":491},"geometry":{"type":"Polygon","coordinates":[[[-1.48,48.9279],[-1.4845,48.9251],[-1.4938,48.9225],[-1.497,48.9233],[-1.5007,48.9254],[-1.5087,48.9285],[-1.5129,48.9316],[-1.5122,48.9329],[-1.5011,48.9373],[-1.4977,48.939],[-1.5025,48.941],[-1.505,48.9436],[-1.5054,48.9492],[-1.5044,48.9512],[-1.4985,48.9526],[-1.4924,48.9533],[-1.487,48.9492],[-1.4827,48.9437],[-1.4719,48.9458],[-1.4679,48.9447],[-1.4691,48.9425],[-1.4679,48.9383],[-1.4641,48.9328],[-1.4613,48.9318],[-1.4584,48.9329],[-1.4542,48.9297],[-1.4577,48.9269],[-1.4613,48.9271],[-1.4636,48.9287],[-1.4694,48.9301],[-1.4767,48.9298],[-1.48,48.9279]]]}},{"type":"Feature","properties":{"code":"50368","nom":"Nay","pop":70},"geometry":{"type":"Polygon","coordinates":[[[-1.3782,49.2284],[-1.3806,49.2305],[-1.3785,49.2318],[-1.3774,49.2346],[-1.3813,49.2367],[-1.3824,49.2389],[-1.3807,49.2401],[-1.3793,49.245],[-1.3783,49.2497],[-1.3738,49.2533],[-1.37,49.2534],[-1.3638,49.2523],[-1.3624,49.2499],[-1.366,49.2455],[-1.367,49.243],[-1.3651,49.2414],[-1.3665,49.2338],[-1.3691,49.2314],[-1.3727,49.2297],[-1.3782,49.2284]]]}},{"type":"Feature","properties":{"code":"50369","nom":"Négreville","pop":845},"geometry":{"type":"Polygon","coordinates":[[[-1.5628,49.5215],[-1.5569,49.5233],[-1.5549,49.5257],[-1.556,49.5273],[-1.5527,49.5298],[-1.5513,49.5286],[-1.5516,49.5232],[-1.5485,49.5218],[-1.5442,49.5162],[-1.5394,49.5185],[-1.5302,49.5216],[-1.5251,49.5179],[-1.5211,49.5132],[-1.5261,49.5116],[-1.541,49.5057],[-1.5463,49.5056],[-1.5439,49.5021],[-1.5342,49.5],[-1.5364,49.4972],[-1.536,49.4918],[-1.5373,49.49],[-1.5323,49.484],[-1.54,49.4815],[-1.5434,49.4791],[-1.5465,49.4782],[-1.5488,49.4795],[-1.5555,49.4818],[-1.5546,49.4851],[-1.5567,49.4862],[-1.56,49.4859],[-1.5617,49.4889],[-1.5667,49.4904],[-1.5691,49.4932],[-1.5701,49.4961],[-1.5699,49.4998],[-1.5765,49.5015],[-1.5764,49.5049],[-1.57,49.5084],[-1.5721,49.5094],[-1.5767,49.5092],[-1.5767,49.5118],[-1.5749,49.515],[-1.5754,49.5167],[-1.5718,49.5185],[-1.5628,49.5215]]]}},{"type":"Feature","properties":{"code":"50370","nom":"Néhou","pop":609},"geometry":{"type":"Polygon","coordinates":[[[-1.5788,49.4014],[-1.5806,49.404],[-1.5808,49.408],[-1.5777,49.408],[-1.578,49.4108],[-1.577,49.4133],[-1.5806,49.4148],[-1.5815,49.4173],[-1.5842,49.4186],[-1.5856,49.4215],[-1.5844,49.423],[-1.591,49.4282],[-1.5939,49.4295],[-1.5953,49.4325],[-1.5909,49.4355],[-1.5944,49.4409],[-1.5974,49.4401],[-1.5997,49.4447],[-1.601,49.4455],[-1.5978,49.4469],[-1.5937,49.4467],[-1.5938,49.4493],[-1.5919,49.4506],[-1.5881,49.4504],[-1.586,49.4491],[-1.5816,49.4489],[-1.5774,49.4462],[-1.5714,49.4433],[-1.5712,49.4413],[-1.564,49.4374],[-1.5548,49.4364],[-1.5461,49.4385],[-1.5424,49.4402],[-1.5347,49.4399],[-1.5329,49.4385],[-1.5278,49.4371],[-1.5266,49.4306],[-1.5291,49.4284],[-1.5267,49.4234],[-1.5238,49.4218],[-1.5264,49.4176],[-1.5343,49.4175],[-1.5388,49.4163],[-1.5406,49.414],[-1.548,49.4114],[-1.5492,49.4095],[-1.554,49.4072],[-1.5605,49.4062],[-1.5656,49.4038],[-1.5664,49.4027],[-1.5717,49.4004],[-1.5764,49.4023],[-1.5788,49.4014]]]}},{"type":"Feature","properties":{"code":"50371","nom":"Le Neufbourg","pop":397},"geometry":{"type":"Polygon","coordinates":[[[-0.96,48.6674],[-0.9566,48.6703],[-0.9539,48.6711],[-0.952,48.6678],[-0.9414,48.6711],[-0.9405,48.6678],[-0.9338,48.6693],[-0.9322,48.6659],[-0.9384,48.6644],[-0.9438,48.6618],[-0.9438,48.6598],[-0.9462,48.6582],[-0.9427,48.6543],[-0.9448,48.65],[-0.9465,48.6498],[-0.9498,48.6522],[-0.9522,48.6555],[-0.9556,48.6572],[-0.9551,48.6588],[-0.9566,48.6628],[-0.96,48.6674]]]}},{"type":"Feature","properties":{"code":"50372","nom":"Neufmesnil","pop":176},"geometry":{"type":"Polygon","coordinates":[[[-1.5514,49.3129],[-1.5465,49.3174],[-1.548,49.3194],[-1.544,49.3235],[-1.5395,49.324],[-1.5367,49.3259],[-1.5355,49.3234],[-1.5364,49.3211],[-1.5308,49.3188],[-1.527,49.3163],[-1.5265,49.3141],[-1.5183,49.3144],[-1.5137,49.3138],[-1.5019,49.3145],[-1.4981,49.3105],[-1.5095,49.3034],[-1.513,49.3027],[-1.5154,49.3009],[-1.5183,49.301],[-1.5242,49.3027],[-1.5247,49.3006],[-1.5303,49.3023],[-1.5352,49.3008],[-1.5362,49.306],[-1.5389,49.3085],[-1.5465,49.3081],[-1.5486,49.3072],[-1.5563,49.3067],[-1.5578,49.3092],[-1.5511,49.3106],[-1.5514,49.3129]]]}},{"type":"Feature","properties":{"code":"50373","nom":"Neuville-au-Plain","pop":81},"geometry":{"type":"Polygon","coordinates":[[[-1.3586,49.4247],[-1.3542,49.427],[-1.3525,49.4265],[-1.3459,49.432],[-1.3387,49.4321],[-1.3338,49.4341],[-1.3256,49.4307],[-1.3217,49.4321],[-1.3191,49.4303],[-1.3122,49.4299],[-1.3109,49.4256],[-1.3179,49.4226],[-1.3234,49.4186],[-1.3281,49.4182],[-1.3309,49.4152],[-1.3349,49.413],[-1.3379,49.4126],[-1.3391,49.4149],[-1.3459,49.4156],[-1.3497,49.4205],[-1.3539,49.4194],[-1.3551,49.4212],[-1.3582,49.4218],[-1.3586,49.4247]]]}},{"type":"Feature","properties":{"code":"50374","nom":"Neuville-en-Beaumont","pop":27},"geometry":{"type":"Polygon","coordinates":[[[-1.5849,49.3468],[-1.5877,49.3488],[-1.5939,49.3479],[-1.5977,49.3457],[-1.6018,49.3445],[-1.6042,49.3425],[-1.607,49.3418],[-1.6089,49.3451],[-1.6092,49.3484],[-1.6117,49.3503],[-1.6063,49.3535],[-1.602,49.3556],[-1.598,49.3563],[-1.5973,49.3554],[-1.5908,49.3528],[-1.5853,49.3533],[-1.5855,49.3518],[-1.5824,49.3496],[-1.5849,49.3468]]]}},{"type":"Feature","properties":{"code":"50376","nom":"Nicorps","pop":354},"geometry":{"type":"Polygon","coordinates":[[[-1.3885,49.0335],[-1.389,49.0315],[-1.3878,49.0288],[-1.3913,49.0263],[-1.3923,49.0209],[-1.3936,49.0183],[-1.3992,49.0202],[-1.4039,49.0209],[-1.4078,49.0206],[-1.4167,49.0224],[-1.4214,49.024],[-1.426,49.0264],[-1.4314,49.0271],[-1.4309,49.0295],[-1.4286,49.0325],[-1.4289,49.0351],[-1.4336,49.0394],[-1.432,49.0392],[-1.4273,49.0389],[-1.4242,49.0432],[-1.4192,49.0425],[-1.4176,49.0422],[-1.4118,49.0447],[-1.4111,49.0472],[-1.4074,49.0456],[-1.4095,49.0427],[-1.4096,49.0404],[-1.4023,49.0367],[-1.403,49.0359],[-1.3961,49.0323],[-1.3885,49.0335]]]}},{"type":"Feature","properties":{"code":"50378","nom":"Notre-Dame-de-Cenilly","pop":637},"geometry":{"type":"Polygon","coordinates":[[[-1.2449,49.0143],[-1.2398,49.0159],[-1.2368,49.0148],[-1.2327,49.0169],[-1.2296,49.0146],[-1.2251,49.0159],[-1.2226,49.0153],[-1.2161,49.0158],[-1.2163,49.0073],[-1.2156,48.9946],[-1.2147,48.9922],[-1.2158,48.9884],[-1.2134,48.9847],[-1.2206,48.9824],[-1.2271,48.9797],[-1.2286,48.9802],[-1.2411,48.9762],[-1.2476,48.9738],[-1.2514,48.9717],[-1.2616,48.9688],[-1.2682,48.9673],[-1.2681,48.9737],[-1.2668,48.9741],[-1.2682,48.9782],[-1.2655,48.986],[-1.2701,48.9873],[-1.2784,48.9878],[-1.2817,48.9896],[-1.287,48.9903],[-1.2911,48.9921],[-1.2967,48.9925],[-1.3008,48.9939],[-1.3,48.9951],[-1.3015,48.9986],[-1.3034,48.9999],[-1.3036,49.0027],[-1.301,49.0056],[-1.3057,49.007],[-1.3101,49.0075],[-1.3117,49.0099],[-1.3187,49.0128],[-1.3129,49.0155],[-1.3082,49.0156],[-1.302,49.0165],[-1.3007,49.0173],[-1.2956,49.0174],[-1.2902,49.0184],[-1.2813,49.0191],[-1.2781,49.0206],[-1.2767,49.0182],[-1.2724,49.0177],[-1.2714,49.0155],[-1.2665,49.0164],[-1.2588,49.0144],[-1.2532,49.0163],[-1.2491,49.0147],[-1.2449,49.0143]]]}},{"type":"Feature","properties":{"code":"50379","nom":"Notre-Dame-de-Livoye","pop":164},"geometry":{"type":"Polygon","coordinates":[[[-1.1768,48.7498],[-1.1773,48.7486],[-1.1836,48.7456],[-1.1835,48.7443],[-1.1912,48.7423],[-1.193,48.7396],[-1.1963,48.7403],[-1.2003,48.7364],[-1.2033,48.7395],[-1.2082,48.7419],[-1.2164,48.7445],[-1.2194,48.7466],[-1.2172,48.7486],[-1.2176,48.7519],[-1.2168,48.7539],[-1.2162,48.7552],[-1.21,48.754],[-1.2088,48.7564],[-1.1999,48.754],[-1.1971,48.7499],[-1.188,48.7521],[-1.1803,48.753],[-1.1791,48.7525],[-1.1768,48.7498]]]}},{"type":"Feature","properties":{"code":"50382","nom":"Nouainville","pop":607},"geometry":{"type":"Polygon","coordinates":[[[-1.6719,49.6125],[-1.6731,49.6124],[-1.6768,49.6081],[-1.6862,49.6099],[-1.689,49.6123],[-1.6892,49.6147],[-1.6946,49.6172],[-1.6988,49.6216],[-1.6985,49.6236],[-1.6927,49.6265],[-1.6883,49.6301],[-1.6862,49.628],[-1.6782,49.631],[-1.6776,49.6287],[-1.6706,49.627],[-1.6704,49.6254],[-1.6648,49.6206],[-1.6617,49.6196],[-1.6684,49.6172],[-1.6671,49.6158],[-1.6702,49.6128],[-1.6719,49.6125]]]}},{"type":"Feature","properties":{"code":"50384","nom":"Octeville-l'Avenel","pop":235},"geometry":{"type":"Polygon","coordinates":[[[-1.3602,49.562],[-1.3589,49.5612],[-1.3558,49.558],[-1.3531,49.5528],[-1.3482,49.5481],[-1.3432,49.5457],[-1.3415,49.5437],[-1.344,49.5401],[-1.3441,49.5351],[-1.3488,49.5355],[-1.3528,49.5346],[-1.3561,49.5325],[-1.3595,49.536],[-1.3613,49.5405],[-1.3649,49.5397],[-1.3647,49.5369],[-1.3675,49.5367],[-1.3772,49.538],[-1.3815,49.5363],[-1.3832,49.5377],[-1.3844,49.5432],[-1.3868,49.5466],[-1.3924,49.5504],[-1.3882,49.5514],[-1.3815,49.5569],[-1.3734,49.5572],[-1.373,49.5586],[-1.3658,49.559],[-1.367,49.5612],[-1.3602,49.562]]]}},{"type":"Feature","properties":{"code":"50387","nom":"Orglandes","pop":346},"geometry":{"type":"Polygon","coordinates":[[[-1.4505,49.4399],[-1.4459,49.4399],[-1.4437,49.4407],[-1.4403,49.4375],[-1.431,49.4445],[-1.4238,49.4457],[-1.4217,49.4416],[-1.418,49.442],[-1.4148,49.4413],[-1.4136,49.439],[-1.4162,49.4361],[-1.4203,49.4347],[-1.4203,49.4325],[-1.4248,49.4282],[-1.4256,49.4261],[-1.4244,49.4233],[-1.4252,49.4192],[-1.4276,49.4152],[-1.4266,49.414],[-1.4317,49.412],[-1.434,49.4095],[-1.4322,49.4062],[-1.4348,49.4056],[-1.4386,49.4047],[-1.44,49.4033],[-1.4431,49.4049],[-1.4463,49.4048],[-1.4464,49.407],[-1.4499,49.4073],[-1.4531,49.4092],[-1.4559,49.4085],[-1.459,49.4108],[-1.4632,49.4125],[-1.4665,49.4151],[-1.4702,49.4165],[-1.4687,49.4181],[-1.4643,49.4199],[-1.4626,49.422],[-1.4629,49.4252],[-1.4561,49.4238],[-1.4565,49.4254],[-1.451,49.4292],[-1.4479,49.4302],[-1.4502,49.4322],[-1.4497,49.4336],[-1.4505,49.4399]]]}},{"type":"Feature","properties":{"code":"50388","nom":"Orval sur Sienne","pop":1233},"geometry":{"type":"Polygon","coordinates":[[[-1.4304,48.9968],[-1.4272,48.9926],[-1.436,48.9898],[-1.447,48.9898],[-1.4542,48.9864],[-1.4619,48.9868],[-1.4651,48.9898],[-1.4628,48.9904],[-1.4622,48.9942],[-1.4685,49.0004],[-1.471,49.0004],[-1.4721,48.9975],[-1.478,48.9989],[-1.4797,48.9971],[-1.483,48.997],[-1.4847,48.9913],[-1.5001,48.991],[-1.5001,48.9966],[-1.5061,48.9985],[-1.507,49.0027],[-1.5135,49.0053],[-1.5131,49.0062],[-1.5181,49.0087],[-1.5229,49.0088],[-1.5253,49.01],[-1.5229,49.0128],[-1.5194,49.0199],[-1.5155,49.0203],[-1.5139,49.0237],[-1.51,49.0218],[-1.5088,49.0192],[-1.5056,49.0196],[-1.5019,49.0204],[-1.4991,49.0243],[-1.4894,49.0235],[-1.4872,49.0266],[-1.4826,49.0271],[-1.4731,49.0295],[-1.4679,49.0281],[-1.4622,49.0292],[-1.4593,49.0303],[-1.4536,49.0306],[-1.4506,49.0322],[-1.4474,49.0298],[-1.4421,49.0279],[-1.4381,49.0276],[-1.4385,49.0247],[-1.4394,49.0203],[-1.442,49.0185],[-1.4482,49.0179],[-1.4521,49.0135],[-1.4523,49.008],[-1.4514,49.003],[-1.4495,49.0005],[-1.4449,49.0034],[-1.4427,49.0028],[-1.4438,48.9968],[-1.4304,48.9968]]]}},{"type":"Feature","properties":{"code":"50389","nom":"Ouville","pop":439},"geometry":{"type":"Polygon","coordinates":[[[-1.3885,49.0335],[-1.3836,49.0329],[-1.3767,49.0352],[-1.3749,49.0388],[-1.3719,49.0362],[-1.3674,49.0369],[-1.3642,49.0357],[-1.3605,49.0357],[-1.352,49.0369],[-1.3507,49.0348],[-1.3543,49.0323],[-1.3528,49.0301],[-1.3472,49.0305],[-1.3446,49.0288],[-1.3472,49.0255],[-1.3437,49.0237],[-1.34,49.023],[-1.3359,49.0189],[-1.3331,49.02],[-1.3312,49.0192],[-1.3318,49.0168],[-1.3311,49.013],[-1.336,49.011],[-1.344,49.0096],[-1.3462,49.0087],[-1.3539,49.0077],[-1.3585,49.0055],[-1.3608,49.0069],[-1.3723,49.0086],[-1.3785,49.0112],[-1.3833,49.0093],[-1.3964,49.0088],[-1.3973,49.0092],[-1.3967,49.0118],[-1.3997,49.0157],[-1.3992,49.0202],[-1.3936,49.0183],[-1.3923,49.0209],[-1.3913,49.0263],[-1.3878,49.0288],[-1.389,49.0315],[-1.3885,49.0335]]]}},{"type":"Feature","properties":{"code":"50390","nom":"Ozeville","pop":159},"geometry":{"type":"Polygon","coordinates":[[[-1.3323,49.5115],[-1.3305,49.5092],[-1.3254,49.5062],[-1.3253,49.5043],[-1.3254,49.4978],[-1.3229,49.4956],[-1.3229,49.4927],[-1.3273,49.494],[-1.3284,49.491],[-1.3358,49.4895],[-1.3349,49.492],[-1.3358,49.4943],[-1.3383,49.4959],[-1.3446,49.4951],[-1.3457,49.4968],[-1.3502,49.4966],[-1.3534,49.4987],[-1.3575,49.5002],[-1.355,49.5015],[-1.3586,49.5039],[-1.3609,49.5031],[-1.3626,49.5078],[-1.3597,49.5077],[-1.3557,49.5117],[-1.3482,49.5129],[-1.3478,49.5155],[-1.3437,49.5173],[-1.3402,49.5178],[-1.3394,49.5137],[-1.3323,49.5115]]]}},{"type":"Feature","properties":{"code":"50391","nom":"Grandparigny","pop":2605},"geometry":{"type":"Polygon","coordinates":[[[-1.0022,48.5924],[-1.0019,48.5901],[-1.0032,48.5885],[-1.0076,48.5882],[-1.0114,48.5909],[-1.0207,48.5905],[-1.0226,48.5883],[-1.0214,48.586],[-1.0228,48.5834],[-1.0288,48.5835],[-1.0351,48.5854],[-1.041,48.5825],[-1.0423,48.5811],[-1.0507,48.5821],[-1.0531,48.5834],[-1.0569,48.5825],[-1.0646,48.5792],[-1.069,48.5815],[-1.0723,48.5852],[-1.0787,48.5829],[-1.0811,48.5808],[-1.0859,48.5815],[-1.0892,48.5804],[-1.0911,48.5815],[-1.0956,48.5822],[-1.098,48.5841],[-1.1019,48.5838],[-1.1049,48.5825],[-1.109,48.583],[-1.1132,48.5824],[-1.1142,48.5864],[-1.1159,48.5894],[-1.1187,48.592],[-1.1176,48.5938],[-1.1168,48.5987],[-1.1176,48.6037],[-1.1213,48.6038],[-1.1229,48.6077],[-1.1293,48.6064],[-1.1259,48.6125],[-1.127,48.6195],[-1.1245,48.6252],[-1.1213,48.6254],[-1.1209,48.6279],[-1.1138,48.6327],[-1.1098,48.6324],[-1.1075,48.6312],[-1.1034,48.6312],[-1.1043,48.6287],[-1.0985,48.6282],[-1.0916,48.6266],[-1.0906,48.6246],[-1.0852,48.6208],[-1.0852,48.6172],[-1.0832,48.6154],[-1.0817,48.6109],[-1.079,48.6095],[-1.0699,48.6095],[-1.0618,48.6139],[-1.0611,48.617],[-1.0573,48.6195],[-1.0559,48.6255],[-1.0576,48.6282],[-1.0564,48.6347],[-1.0519,48.6349],[-1.0497,48.6337],[-1.0504,48.6316],[-1.0476,48.6293],[-1.0447,48.629],[-1.0456,48.6259],[-1.041,48.6232],[-1.0354,48.6228],[-1.0322,48.6201],[-1.032,48.6176],[-1.0265,48.6166],[-1.024,48.6118],[-1.0164,48.6098],[-1.0093,48.6098],[-1.0061,48.6004],[-1.0044,48.5972],[-1.0045,48.5929],[-1.0022,48.5924]]]}},{"type":"Feature","properties":{"code":"50393","nom":"Percy-en-Normandie","pop":2641},"geometry":{"type":"Polygon","coordinates":[[[-1.266,48.9208],[-1.2594,48.9215],[-1.2573,48.924],[-1.2531,48.9249],[-1.2462,48.9232],[-1.2347,48.9248],[-1.2292,48.9258],[-1.2243,48.9287],[-1.2232,48.9315],[-1.2178,48.9351],[-1.2123,48.9401],[-1.2054,48.9424],[-1.1944,48.9396],[-1.1882,48.9463],[-1.1887,48.9513],[-1.1881,48.9541],[-1.1836,48.9537],[-1.1778,48.955],[-1.1711,48.955],[-1.1677,48.9557],[-1.1619,48.9527],[-1.1585,48.9525],[-1.1529,48.9528],[-1.1493,48.9511],[-1.1536,48.9494],[-1.1553,48.9467],[-1.1548,48.9444],[-1.1559,48.9422],[-1.1597,48.9382],[-1.1623,48.9371],[-1.1589,48.9299],[-1.1496,48.9222],[-1.1462,48.923],[-1.1375,48.9194],[-1.1339,48.9172],[-1.1291,48.9194],[-1.1235,48.9197],[-1.1171,48.9168],[-1.1233,48.9137],[-1.1259,48.9106],[-1.1317,48.9054],[-1.14,48.8996],[-1.1431,48.8957],[-1.1441,48.8873],[-1.1449,48.8859],[-1.1479,48.8828],[-1.1527,48.8883],[-1.1527,48.8899],[-1.162,48.8895],[-1.1662,48.8885],[-1.1712,48.8909],[-1.1742,48.8933],[-1.1845,48.8922],[-1.1878,48.8909],[-1.1985,48.89],[-1.2,48.889],[-1.2081,48.8877],[-1.2133,48.8855],[-1.2183,48.8853],[-1.2227,48.8843],[-1.2241,48.8825],[-1.2274,48.8818],[-1.2285,48.8802],[-1.2348,48.8791],[-1.2424,48.8816],[-1.2419,48.8846],[-1.2468,48.8866],[-1.247,48.8886],[-1.25,48.8926],[-1.2495,48.896],[-1.2479,48.8985],[-1.2498,48.9006],[-1.2547,48.9033],[-1.2591,48.9043],[-1.2573,48.907],[-1.2553,48.9084],[-1.2585,48.9125],[-1.2583,48.9155],[-1.2632,48.915],[-1.2691,48.915],[-1.2703,48.9157],[-1.2687,48.9186],[-1.266,48.9208]]]}},{"type":"Feature","properties":{"code":"50394","nom":"Périers","pop":2376},"geometry":{"type":"Polygon","coordinates":[[[-1.4278,49.214],[-1.4263,49.2132],[-1.4245,49.213],[-1.4192,49.216],[-1.4131,49.2148],[-1.4104,49.2107],[-1.3981,49.2125],[-1.3951,49.2119],[-1.3946,49.2075],[-1.3933,49.2033],[-1.3929,49.1982],[-1.3913,49.1915],[-1.3899,49.1885],[-1.3915,49.186],[-1.3879,49.1821],[-1.389,49.1804],[-1.3869,49.1783],[-1.3876,49.1758],[-1.3908,49.1725],[-1.391,49.1709],[-1.3933,49.1697],[-1.4078,49.1738],[-1.41,49.1741],[-1.4164,49.1711],[-1.4246,49.17],[-1.4308,49.1702],[-1.43,49.1725],[-1.432,49.1754],[-1.43,49.18],[-1.4344,49.1827],[-1.4337,49.1862],[-1.4359,49.1909],[-1.4397,49.1938],[-1.4403,49.1969],[-1.4393,49.2005],[-1.4365,49.2022],[-1.435,49.2081],[-1.4307,49.2102],[-1.4299,49.213],[-1.4278,49.214]]]}},{"type":"Feature","properties":{"code":"50395","nom":"La Pernelle","pop":286},"geometry":{"type":"Polygon","coordinates":[[[-1.3524,49.5985],[-1.3537,49.601],[-1.3458,49.6064],[-1.3421,49.6071],[-1.3378,49.6091],[-1.3326,49.6097],[-1.3286,49.6111],[-1.3286,49.6151],[-1.3216,49.6186],[-1.3183,49.6172],[-1.3141,49.6171],[-1.315,49.6228],[-1.3199,49.624],[-1.3131,49.624],[-1.3108,49.6247],[-1.3075,49.6226],[-1.3004,49.6233],[-1.2991,49.6225],[-1.2928,49.6236],[-1.2913,49.6245],[-1.2843,49.6257],[-1.2801,49.6245],[-1.2782,49.6231],[-1.2796,49.6212],[-1.2771,49.618],[-1.2743,49.6168],[-1.2747,49.6143],[-1.2778,49.6123],[-1.2837,49.6106],[-1.2868,49.6103],[-1.2926,49.6095],[-1.2977,49.6075],[-1.3028,49.6084],[-1.3073,49.6085],[-1.3133,49.6104],[-1.3159,49.6082],[-1.3167,49.6061],[-1.3194,49.6065],[-1.3279,49.6053],[-1.3304,49.6033],[-1.328,49.601],[-1.333,49.5999],[-1.3379,49.5996],[-1.3439,49.598],[-1.3524,49.5985]]]}},{"type":"Feature","properties":{"code":"50397","nom":"Perriers-en-Beauficel","pop":207},"geometry":{"type":"Polygon","coordinates":[[[-0.9858,48.7562],[-0.9865,48.7542],[-0.9829,48.7522],[-0.9811,48.7496],[-0.9809,48.7463],[-0.9826,48.7449],[-0.9811,48.7413],[-0.9849,48.734],[-0.9812,48.7308],[-0.9822,48.729],[-0.9788,48.7266],[-0.9845,48.7243],[-0.9957,48.7216],[-1.0014,48.7216],[-1.0061,48.7191],[-1.007,48.7155],[-1.0176,48.7133],[-1.0181,48.7173],[-1.0161,48.7212],[-1.0184,48.729],[-1.0173,48.7324],[-1.0147,48.7337],[-1.0141,48.7359],[-1.0116,48.7374],[-1.0134,48.7406],[-1.0165,48.7406],[-1.0188,48.7458],[-1.0178,48.748],[-1.0138,48.7473],[-1.01,48.7482],[-1.0036,48.753],[-1.0016,48.7532],[-0.9949,48.7567],[-0.9858,48.7562]]]}},{"type":"Feature","properties":{"code":"50398","nom":"Le Perron","pop":188},"geometry":{"type":"Polygon","coordinates":[[[-0.8919,49.0455],[-0.897,49.047],[-0.8998,49.0465],[-0.9087,49.0471],[-0.9119,49.0477],[-0.9159,49.0453],[-0.9186,49.0511],[-0.9132,49.0535],[-0.9123,49.0573],[-0.9083,49.0586],[-0.9015,49.0607],[-0.8989,49.0623],[-0.89,49.0645],[-0.8791,49.0664],[-0.8696,49.0692],[-0.8693,49.0677],[-0.8714,49.0639],[-0.875,49.0604],[-0.8767,49.0551],[-0.8801,49.0536],[-0.8883,49.0488],[-0.8921,49.0476],[-0.8919,49.0455]]]}},{"type":"Feature","properties":{"code":"50399","nom":"Le Petit-Celland","pop":176},"geometry":{"type":"Polygon","coordinates":[[[-1.2434,48.7039],[-1.2359,48.7054],[-1.2287,48.7042],[-1.2055,48.7078],[-1.2049,48.7125],[-1.2031,48.708],[-1.204,48.7046],[-1.196,48.7047],[-1.1904,48.7037],[-1.1865,48.6973],[-1.1874,48.6958],[-1.1931,48.6949],[-1.1946,48.6922],[-1.1979,48.6933],[-1.2014,48.6932],[-1.2058,48.6898],[-1.2097,48.684],[-1.2123,48.6861],[-1.2163,48.6874],[-1.2228,48.686],[-1.2275,48.6876],[-1.2279,48.6888],[-1.234,48.6927],[-1.2356,48.6927],[-1.2414,48.6971],[-1.243,48.6985],[-1.2434,48.7039]]]}},{"type":"Feature","properties":{"code":"50400","nom":"Picauville","pop":3228},"geometry":{"type":"Polygon","coordinates":[[[-1.355,49.3648],[-1.3573,49.365],[-1.3592,49.362],[-1.366,49.3616],[-1.371,49.358],[-1.3745,49.3571],[-1.3789,49.3572],[-1.3821,49.3548],[-1.386,49.3536],[-1.3852,49.3498],[-1.3804,49.3443],[-1.3741,49.3429],[-1.3807,49.3348],[-1.3763,49.3366],[-1.3726,49.341],[-1.3643,49.3457],[-1.3407,49.3565],[-1.338,49.3554],[-1.3379,49.3509],[-1.3411,49.3484],[-1.3348,49.3464],[-1.3305,49.3475],[-1.3438,49.3406],[-1.3454,49.3389],[-1.3489,49.3386],[-1.3506,49.3367],[-1.3548,49.3358],[-1.3653,49.3297],[-1.3722,49.3274],[-1.3789,49.3318],[-1.3816,49.3344],[-1.3849,49.3313],[-1.3911,49.3326],[-1.3924,49.3344],[-1.3957,49.3346],[-1.3953,49.3303],[-1.3894,49.3263],[-1.3923,49.3236],[-1.3957,49.3218],[-1.4008,49.3205],[-1.4074,49.3252],[-1.4102,49.3299],[-1.4119,49.3286],[-1.4198,49.3254],[-1.4276,49.3271],[-1.4285,49.3319],[-1.4365,49.331],[-1.4419,49.3327],[-1.4461,49.3329],[-1.4479,49.3345],[-1.4529,49.3335],[-1.4565,49.3372],[-1.4586,49.341],[-1.4586,49.344],[-1.4539,49.3486],[-1.456,49.3503],[-1.4574,49.3536],[-1.4558,49.3554],[-1.4557,49.3582],[-1.4594,49.3614],[-1.4623,49.3629],[-1.4595,49.3656],[-1.4577,49.3661],[-1.4478,49.3719],[-1.4421,49.3714],[-1.4357,49.3681],[-1.4307,49.369],[-1.4268,49.3722],[-1.4266,49.3752],[-1.4283,49.3757],[-1.4264,49.3805],[-1.4244,49.3826],[-1.419,49.3837],[-1.415,49.3855],[-1.4186,49.3918],[-1.4203,49.3937],[-1.4264,49.3938],[-1.4263,49.3961],[-1.4202,49.3992],[-1.4246,49.4039],[-1.4271,49.4046],[-1.4324,49.4027],[-1.4348,49.4056],[-1.4322,49.4062],[-1.434,49.4095],[-1.4317,49.412],[-1.4266,49.414],[-1.4276,49.4152],[-1.4252,49.4192],[-1.4244,49.4233],[-1.4256,49.4261],[-1.4248,49.4282],[-1.4203,49.4325],[-1.4203,49.4347],[-1.4162,49.4361],[-1.4136,49.439],[-1.4123,49.4376],[-1.4075,49.436],[-1.4025,49.4373],[-1.3977,49.4395],[-1.3927,49.44],[-1.3868,49.4365],[-1.3852,49.4345],[-1.3821,49.4331],[-1.3799,49.4292],[-1.3771,49.4291],[-1.371,49.4267],[-1.3622,49.427],[-1.3586,49.4247],[-1.3582,49.4218],[-1.3594,49.4184],[-1.3577,49.4158],[-1.3586,49.413],[-1.369,49.408],[-1.3668,49.4066],[-1.3704,49.4027],[-1.3642,49.4005],[-1.3621,49.3954],[-1.3594,49.3933],[-1.3566,49.3933],[-1.3576,49.3887],[-1.3587,49.388],[-1.3573,49.3819],[-1.3588,49.3807],[-1.3555,49.3788],[-1.354,49.3747],[-1.3558,49.3683],[-1.355,49.3648]]]}},{"type":"Feature","properties":{"code":"50401","nom":"Pierreville","pop":757},"geometry":{"type":"Polygon","coordinates":[[[-1.7497,49.4622],[-1.7525,49.4607],[-1.7597,49.4589],[-1.7637,49.4558],[-1.7658,49.4565],[-1.7696,49.4551],[-1.7682,49.4538],[-1.7678,49.449],[-1.7735,49.4473],[-1.7763,49.4472],[-1.7801,49.449],[-1.7831,49.4526],[-1.7852,49.4531],[-1.7874,49.4561],[-1.7926,49.4565],[-1.7948,49.4578],[-1.7944,49.4638],[-1.7985,49.4647],[-1.7983,49.4674],[-1.8003,49.4681],[-1.8028,49.4712],[-1.8091,49.4739],[-1.8095,49.4762],[-1.8059,49.4798],[-1.8043,49.4829],[-1.7981,49.4864],[-1.7894,49.4852],[-1.7881,49.4836],[-1.7871,49.4792],[-1.7825,49.4821],[-1.7828,49.4778],[-1.7812,49.476],[-1.7737,49.4777],[-1.7712,49.4772],[-1.769,49.4722],[-1.7655,49.4712],[-1.7593,49.4707],[-1.7551,49.4738],[-1.7502,49.473],[-1.7473,49.4716],[-1.7414,49.4734],[-1.7364,49.469],[-1.7459,49.4675],[-1.7441,49.4641],[-1.7497,49.4622]]]}},{"type":"Feature","properties":{"code":"50402","nom":"Les Pieux","pop":3249},"geometry":{"type":"Polygon","coordinates":[[[-1.7909,49.5237],[-1.7886,49.5169],[-1.7842,49.5128],[-1.7771,49.5117],[-1.7629,49.5125],[-1.762,49.5103],[-1.7692,49.5068],[-1.7737,49.5049],[-1.7801,49.5067],[-1.7872,49.5056],[-1.795,49.5029],[-1.8005,49.5031],[-1.8053,49.5],[-1.8085,49.5],[-1.8109,49.4956],[-1.8164,49.494],[-1.8188,49.4918],[-1.8208,49.4895],[-1.8286,49.4914],[-1.8383,49.4928],[-1.8453,49.4943],[-1.8462,49.4989],[-1.8501,49.5079],[-1.853,49.5106],[-1.8601,49.5119],[-1.858,49.5156],[-1.858,49.5175],[-1.8562,49.5212],[-1.8529,49.5259],[-1.8487,49.5294],[-1.8424,49.5332],[-1.8382,49.5323],[-1.8365,49.5289],[-1.8384,49.525],[-1.8348,49.5222],[-1.8183,49.522],[-1.8138,49.5201],[-1.8094,49.5205],[-1.8057,49.5195],[-1.8044,49.5233],[-1.8021,49.5238],[-1.795,49.5206],[-1.7909,49.5237]]]}},{"type":"Feature","properties":{"code":"50403","nom":"Pirou","pop":1514},"geometry":{"type":"Polygon","coordinates":[[[-1.5151,49.1363],[-1.5163,49.1404],[-1.525,49.1418],[-1.5315,49.1413],[-1.5385,49.142],[-1.5512,49.1466],[-1.5566,49.1455],[-1.5662,49.145],[-1.5682,49.1464],[-1.5758,49.1459],[-1.5786,49.1437],[-1.5819,49.1443],[-1.5958,49.1441],[-1.5962,49.1513],[-1.5974,49.1608],[-1.599,49.1697],[-1.6006,49.1734],[-1.6019,49.1815],[-1.6058,49.1917],[-1.5781,49.1918],[-1.5734,49.1904],[-1.5634,49.1891],[-1.5515,49.1854],[-1.5491,49.1841],[-1.541,49.182],[-1.5425,49.1758],[-1.5191,49.1782],[-1.5107,49.1522],[-1.5075,49.1428],[-1.5064,49.137],[-1.5151,49.1363]]]}},{"type":"Feature","properties":{"code":"50405","nom":"Le Plessis-Lastelle","pop":237},"geometry":{"type":"Polygon","coordinates":[[[-1.3944,49.288],[-1.395,49.2853],[-1.3942,49.2797],[-1.3972,49.2739],[-1.404,49.2686],[-1.4073,49.2672],[-1.4128,49.2691],[-1.4196,49.269],[-1.4236,49.2698],[-1.4273,49.2684],[-1.4303,49.2657],[-1.438,49.2657],[-1.4383,49.2639],[-1.4368,49.2614],[-1.4429,49.2612],[-1.4553,49.2635],[-1.4613,49.2634],[-1.4729,49.2686],[-1.4753,49.2718],[-1.4707,49.2742],[-1.4626,49.2759],[-1.4615,49.2812],[-1.4682,49.2866],[-1.4676,49.2886],[-1.4623,49.2891],[-1.4584,49.2909],[-1.4522,49.2959],[-1.4478,49.2972],[-1.4437,49.2958],[-1.4394,49.2961],[-1.4369,49.2944],[-1.427,49.2938],[-1.4189,49.2921],[-1.4195,49.2892],[-1.4092,49.2883],[-1.4072,49.2893],[-1.4026,49.289],[-1.401,49.2874],[-1.3979,49.2884],[-1.3944,49.288]]]}},{"type":"Feature","properties":{"code":"50407","nom":"Poilley","pop":969},"geometry":{"type":"Polygon","coordinates":[[[-1.299,48.5956],[-1.3019,48.5923],[-1.306,48.5911],[-1.3112,48.5961],[-1.3178,48.5964],[-1.3193,48.5976],[-1.3237,48.5971],[-1.3285,48.5977],[-1.3306,48.5969],[-1.3341,48.6016],[-1.3397,48.6041],[-1.3325,48.6143],[-1.3362,48.6164],[-1.3391,48.617],[-1.3436,48.6207],[-1.346,48.6232],[-1.3459,48.6303],[-1.3468,48.6317],[-1.3455,48.633],[-1.3441,48.6356],[-1.3465,48.6394],[-1.3429,48.6401],[-1.3386,48.6385],[-1.3378,48.6353],[-1.3355,48.6349],[-1.335,48.6376],[-1.3319,48.638],[-1.3289,48.6344],[-1.3249,48.6368],[-1.3245,48.6397],[-1.3209,48.6378],[-1.3167,48.6385],[-1.315,48.636],[-1.3113,48.6343],[-1.3075,48.6342],[-1.3002,48.6325],[-1.299,48.6299],[-1.2942,48.6305],[-1.295,48.6293],[-1.294,48.6259],[-1.2973,48.6244],[-1.2952,48.622],[-1.296,48.6191],[-1.301,48.6162],[-1.3027,48.6138],[-1.3076,48.6138],[-1.3103,48.6105],[-1.3093,48.6091],[-1.3094,48.6055],[-1.3081,48.6037],[-1.3002,48.599],[-1.299,48.5956]]]}},{"type":"Feature","properties":{"code":"50408","nom":"Pontaubault","pop":579},"geometry":{"type":"Polygon","coordinates":[[[-1.3468,48.6317],[-1.3459,48.6303],[-1.346,48.6232],[-1.3436,48.6207],[-1.3478,48.6185],[-1.3512,48.6178],[-1.3558,48.6156],[-1.3591,48.6177],[-1.3575,48.6199],[-1.3606,48.6215],[-1.3598,48.6227],[-1.3636,48.6239],[-1.3622,48.6306],[-1.3608,48.6312],[-1.3618,48.6344],[-1.3595,48.6342],[-1.3514,48.6315],[-1.3468,48.6317]]]}},{"type":"Feature","properties":{"code":"50409","nom":"Pont-Hébert","pop":1897},"geometry":{"type":"Polygon","coordinates":[[[-1.2012,49.1583],[-1.2014,49.1619],[-1.2041,49.1654],[-1.1988,49.1671],[-1.2012,49.1685],[-1.2016,49.1708],[-1.1995,49.1727],[-1.2002,49.175],[-1.2048,49.1766],[-1.2064,49.1783],[-1.207,49.1818],[-1.2098,49.1815],[-1.212,49.1831],[-1.2098,49.1867],[-1.2085,49.1871],[-1.2085,49.1918],[-1.2108,49.1933],[-1.2223,49.1985],[-1.2269,49.1989],[-1.2243,49.2042],[-1.2245,49.212],[-1.2263,49.214],[-1.2258,49.2171],[-1.2305,49.2234],[-1.2328,49.2275],[-1.2282,49.2245],[-1.2233,49.223],[-1.2163,49.2163],[-1.2127,49.2143],[-1.2091,49.2146],[-1.2065,49.2121],[-1.2049,49.2067],[-1.2025,49.2033],[-1.1952,49.2029],[-1.1869,49.2051],[-1.1816,49.2033],[-1.1817,49.2003],[-1.1784,49.199],[-1.1786,49.1959],[-1.1737,49.1911],[-1.1709,49.1912],[-1.1662,49.1929],[-1.1598,49.1889],[-1.1545,49.1903],[-1.147,49.1868],[-1.1425,49.1808],[-1.1358,49.1816],[-1.1325,49.1835],[-1.1294,49.1808],[-1.1236,49.1807],[-1.1211,49.1824],[-1.1184,49.1805],[-1.1142,49.1793],[-1.1156,49.1788],[-1.1177,49.1737],[-1.1196,49.1729],[-1.1227,49.1693],[-1.1237,49.1665],[-1.1277,49.163],[-1.1305,49.1572],[-1.1348,49.154],[-1.1355,49.1506],[-1.1372,49.1486],[-1.1409,49.1465],[-1.1467,49.1417],[-1.1522,49.1393],[-1.1545,49.1395],[-1.1602,49.1383],[-1.1615,49.1411],[-1.1609,49.1446],[-1.1671,49.1462],[-1.1694,49.1436],[-1.1712,49.1445],[-1.1749,49.1438],[-1.1807,49.1406],[-1.1826,49.1413],[-1.1803,49.145],[-1.1786,49.1494],[-1.175,49.1549],[-1.1761,49.158],[-1.1756,49.1614],[-1.1726,49.166],[-1.1752,49.1677],[-1.1856,49.1698],[-1.1914,49.1717],[-1.193,49.166],[-1.1923,49.1584],[-1.1962,49.1551],[-1.1973,49.1577],[-1.2012,49.1583]]]}},{"type":"Feature","properties":{"code":"50410","nom":"Pontorson","pop":4280},"geometry":{"type":"Polygon","coordinates":[[[-1.434,48.5021],[-1.435,48.5031],[-1.4362,48.5101],[-1.4371,48.5115],[-1.4418,48.5134],[-1.4491,48.5149],[-1.459,48.5199],[-1.4512,48.5224],[-1.4487,48.5247],[-1.4438,48.5272],[-1.4423,48.5296],[-1.4426,48.532],[-1.4444,48.533],[-1.4461,48.5361],[-1.4482,48.5372],[-1.4454,48.5407],[-1.4539,48.5444],[-1.456,48.5449],[-1.4629,48.5446],[-1.4647,48.541],[-1.4681,48.5385],[-1.4697,48.5361],[-1.4735,48.5327],[-1.4787,48.5319],[-1.4798,48.529],[-1.4862,48.5267],[-1.4896,48.527],[-1.4924,48.529],[-1.4963,48.5285],[-1.5005,48.5292],[-1.5022,48.5306],[-1.5153,48.5303],[-1.5179,48.5298],[-1.5168,48.5326],[-1.519,48.5345],[-1.5167,48.5372],[-1.5206,48.5388],[-1.523,48.542],[-1.5299,48.5441],[-1.5294,48.546],[-1.533,48.5462],[-1.5346,48.5505],[-1.5335,48.5532],[-1.5306,48.554],[-1.5264,48.5567],[-1.5294,48.5602],[-1.5274,48.5617],[-1.5273,48.5654],[-1.5245,48.5651],[-1.5224,48.5636],[-1.519,48.5667],[-1.5228,48.5709],[-1.5255,48.572],[-1.5283,48.575],[-1.5282,48.5789],[-1.5271,48.5847],[-1.5215,48.5874],[-1.5155,48.5868],[-1.5101,48.5896],[-1.5055,48.5889],[-1.5058,48.586],[-1.5013,48.5857],[-1.4964,48.59],[-1.4919,48.5948],[-1.4882,48.5957],[-1.4917,48.6022],[-1.4946,48.6048],[-1.4983,48.605],[-1.4989,48.6081],[-1.5041,48.609],[-1.505,48.6115],[-1.5042,48.6135],[-1.5101,48.6139],[-1.5108,48.6192],[-1.5031,48.6195],[-1.4952,48.6204],[-1.4904,48.6179],[-1.4881,48.6196],[-1.4843,48.6205],[-1.4809,48.62],[-1.4796,48.6183],[-1.4759,48.6191],[-1.4738,48.6142],[-1.4716,48.6139],[-1.467,48.6114],[-1.466,48.6078],[-1.4631,48.6059],[-1.4654,48.6047],[-1.4627,48.6023],[-1.4608,48.6031],[-1.4576,48.6005],[-1.4547,48.5998],[-1.4529,48.5977],[-1.4536,48.5952],[-1.4518,48.59],[-1.4536,48.5844],[-1.4569,48.5838],[-1.4606,48.5864],[-1.4642,48.5821],[-1.4652,48.5788],[-1.469,48.5736],[-1.4691,48.5711],[-1.4601,48.5725],[-1.4552,48.5727],[-1.4528,48.5717],[-1.4509,48.5693],[-1.4488,48.5696],[-1.4412,48.5652],[-1.4408,48.5682],[-1.4363,48.5695],[-1.4347,48.5716],[-1.4347,48.5739],[-1.4388,48.5761],[-1.4349,48.5791],[-1.4346,48.5812],[-1.4198,48.5846],[-1.4152,48.5857],[-1.415,48.58],[-1.4103,48.574],[-1.4073,48.5693],[-1.4083,48.5659],[-1.4128,48.5629],[-1.4231,48.5598],[-1.4256,48.5578],[-1.4282,48.5533],[-1.4195,48.5522],[-1.4164,48.5473],[-1.4126,48.5394],[-1.4148,48.5363],[-1.4184,48.5349],[-1.4162,48.5337],[-1.4163,48.5293],[-1.4131,48.5294],[-1.4122,48.531],[-1.3934,48.529],[-1.3893,48.5263],[-1.3932,48.5208],[-1.3978,48.5169],[-1.4007,48.5164],[-1.4035,48.514],[-1.4086,48.517],[-1.4051,48.5205],[-1.4096,48.52],[-1.4131,48.5156],[-1.4153,48.5147],[-1.4235,48.5176],[-1.4282,48.5123],[-1.4273,48.5083],[-1.4238,48.5068],[-1.4284,48.5021],[-1.434,48.5021]]]}},{"type":"Feature","properties":{"code":"50411","nom":"Ponts","pop":708},"geometry":{"type":"Polygon","coordinates":[[[-1.2986,48.728],[-1.2994,48.7246],[-1.3031,48.7226],[-1.3069,48.7192],[-1.3114,48.7167],[-1.3144,48.7127],[-1.3178,48.7103],[-1.3167,48.7062],[-1.3198,48.7039],[-1.326,48.7027],[-1.3285,48.6997],[-1.3304,48.6996],[-1.3337,48.6966],[-1.3362,48.6963],[-1.3389,48.6963],[-1.3413,48.6983],[-1.3403,48.6994],[-1.3461,48.7017],[-1.3505,48.7005],[-1.3581,48.7048],[-1.3532,48.7128],[-1.3493,48.717],[-1.3482,48.7171],[-1.3498,48.7281],[-1.3456,48.7293],[-1.3456,48.7266],[-1.3395,48.7261],[-1.3378,48.7233],[-1.3349,48.7227],[-1.3284,48.7214],[-1.3311,48.7157],[-1.3236,48.7127],[-1.3193,48.7158],[-1.3171,48.7187],[-1.3125,48.7219],[-1.3067,48.7249],[-1.3004,48.7262],[-1.2986,48.728]]]}},{"type":"Feature","properties":{"code":"50412","nom":"Port-Bail-sur-Mer","pop":2520},"geometry":{"type":"Polygon","coordinates":[[[-1.6394,49.3323],[-1.634,49.3287],[-1.6349,49.327],[-1.6321,49.3234],[-1.6344,49.3218],[-1.6336,49.3185],[-1.634,49.3158],[-1.6399,49.3147],[-1.6439,49.3116],[-1.6519,49.3101],[-1.6564,49.3053],[-1.6632,49.3051],[-1.67,49.3041],[-1.6726,49.3047],[-1.68,49.3016],[-1.6927,49.2974],[-1.7009,49.3095],[-1.7077,49.3177],[-1.7087,49.3264],[-1.7065,49.3267],[-1.7043,49.3243],[-1.6991,49.3238],[-1.6925,49.3276],[-1.6874,49.3277],[-1.687,49.3305],[-1.6921,49.33],[-1.6955,49.3309],[-1.7017,49.3359],[-1.7015,49.3406],[-1.7047,49.3427],[-1.7112,49.344],[-1.7142,49.3461],[-1.7187,49.3461],[-1.7158,49.3414],[-1.7099,49.336],[-1.7165,49.3328],[-1.7183,49.3282],[-1.7168,49.3262],[-1.7196,49.3253],[-1.7239,49.3273],[-1.7378,49.3412],[-1.7458,49.3482],[-1.7335,49.355],[-1.7176,49.364],[-1.7098,49.369],[-1.706,49.3653],[-1.6994,49.3638],[-1.6948,49.3638],[-1.6881,49.3627],[-1.6852,49.3615],[-1.6819,49.3641],[-1.6755,49.371],[-1.6762,49.3724],[-1.682,49.3752],[-1.6854,49.3762],[-1.685,49.3787],[-1.6759,49.383],[-1.6713,49.3782],[-1.6717,49.3767],[-1.6669,49.3739],[-1.6656,49.375],[-1.6613,49.3725],[-1.6548,49.3708],[-1.6491,49.372],[-1.6469,49.3694],[-1.6389,49.3654],[-1.6376,49.3622],[-1.6405,49.3618],[-1.643,49.3599],[-1.6438,49.3576],[-1.6511,49.3611],[-1.6517,49.3569],[-1.651,49.3546],[-1.6474,49.3538],[-1.6469,49.3519],[-1.6488,49.3472],[-1.6561,49.3433],[-1.6499,49.34],[-1.6564,49.3368],[-1.6565,49.3349],[-1.6535,49.3344],[-1.6452,49.3349],[-1.6426,49.3345],[-1.6394,49.3323]]]}},{"type":"Feature","properties":{"code":"50413","nom":"Précey","pop":559},"geometry":{"type":"Polygon","coordinates":[[[-1.3932,48.5958],[-1.3943,48.599],[-1.4015,48.6042],[-1.401,48.6059],[-1.3974,48.6061],[-1.3957,48.6102],[-1.3936,48.6128],[-1.3939,48.6145],[-1.3912,48.6176],[-1.3865,48.6156],[-1.3808,48.618],[-1.378,48.6179],[-1.3733,48.6197],[-1.3671,48.6177],[-1.3597,48.6164],[-1.3591,48.6177],[-1.3558,48.6156],[-1.3517,48.6119],[-1.3539,48.611],[-1.354,48.6079],[-1.3571,48.6024],[-1.3689,48.5932],[-1.3717,48.5897],[-1.3742,48.5887],[-1.3822,48.5917],[-1.3858,48.594],[-1.3905,48.5943],[-1.3932,48.5958]]]}},{"type":"Feature","properties":{"code":"50417","nom":"Quettehou","pop":1811},"geometry":{"type":"Polygon","coordinates":[[[-1.2857,49.5873],[-1.2959,49.5835],[-1.3004,49.5789],[-1.3045,49.5735],[-1.3074,49.5629],[-1.3076,49.5603],[-1.3189,49.5603],[-1.3202,49.5613],[-1.3327,49.5652],[-1.34,49.5684],[-1.3491,49.5638],[-1.3537,49.5652],[-1.3554,49.5629],[-1.3589,49.5612],[-1.3602,49.562],[-1.3595,49.5643],[-1.3614,49.5662],[-1.3612,49.5714],[-1.363,49.5739],[-1.3691,49.5773],[-1.3619,49.5801],[-1.3512,49.5816],[-1.3515,49.5839],[-1.3486,49.5843],[-1.3482,49.5883],[-1.3503,49.5933],[-1.3557,49.5939],[-1.3543,49.5972],[-1.3524,49.5985],[-1.3439,49.598],[-1.3379,49.5996],[-1.333,49.5999],[-1.328,49.601],[-1.3304,49.6033],[-1.3279,49.6053],[-1.3194,49.6065],[-1.3167,49.6061],[-1.3159,49.6082],[-1.3133,49.6104],[-1.3073,49.6085],[-1.3028,49.6084],[-1.2977,49.6075],[-1.2926,49.6095],[-1.2868,49.6103],[-1.2876,49.6071],[-1.2914,49.6035],[-1.2894,49.6014],[-1.2863,49.6024],[-1.2841,49.5989],[-1.2879,49.5957],[-1.2892,49.5887],[-1.2857,49.5873]]]}},{"type":"Feature","properties":{"code":"50419","nom":"Quettreville-sur-Sienne","pop":3167},"geometry":{"type":"Polygon","coordinates":[[[-1.4985,48.9526],[-1.5001,48.9587],[-1.5027,48.9634],[-1.5023,48.965],[-1.5042,48.9678],[-1.5138,48.9754],[-1.52,48.9759],[-1.5197,48.9765],[-1.5177,48.9792],[-1.5153,48.9807],[-1.5142,48.9831],[-1.5088,48.9842],[-1.5077,48.986],[-1.508,48.9897],[-1.5001,48.991],[-1.4847,48.9913],[-1.483,48.997],[-1.4797,48.9971],[-1.478,48.9989],[-1.4721,48.9975],[-1.471,49.0004],[-1.4685,49.0004],[-1.4622,48.9942],[-1.4628,48.9904],[-1.4651,48.9898],[-1.4619,48.9868],[-1.4542,48.9864],[-1.447,48.9898],[-1.436,48.9898],[-1.4272,48.9926],[-1.4304,48.9968],[-1.431,48.9977],[-1.425,48.9998],[-1.407,49.005],[-1.3968,49.0062],[-1.397,49.004],[-1.3941,49.0014],[-1.3963,48.9991],[-1.4043,48.9964],[-1.403,48.9943],[-1.409,48.9922],[-1.4141,48.9885],[-1.416,48.9862],[-1.4143,48.982],[-1.4106,48.9766],[-1.4077,48.976],[-1.4034,48.9766],[-1.3974,48.9751],[-1.3919,48.9755],[-1.3875,48.9774],[-1.3816,48.978],[-1.3702,48.9778],[-1.366,48.9785],[-1.3552,48.9721],[-1.3511,48.9715],[-1.3498,48.969],[-1.3446,48.9687],[-1.3445,48.9673],[-1.348,48.965],[-1.3497,48.9623],[-1.3599,48.9558],[-1.3626,48.9552],[-1.3635,48.9532],[-1.3744,48.954],[-1.379,48.9534],[-1.3819,48.9542],[-1.3875,48.9519],[-1.39,48.9521],[-1.3962,48.9497],[-1.398,48.9508],[-1.4015,48.9499],[-1.4036,48.9535],[-1.4107,48.9523],[-1.4144,48.9557],[-1.4207,48.9535],[-1.4239,48.9515],[-1.4265,48.9519],[-1.431,48.9508],[-1.4346,48.9471],[-1.4387,48.9445],[-1.4459,48.9419],[-1.4478,48.9384],[-1.4533,48.9349],[-1.4499,48.9335],[-1.4509,48.9314],[-1.4542,48.9297],[-1.4584,48.9329],[-1.4613,48.9318],[-1.4641,48.9328],[-1.4679,48.9383],[-1.4691,48.9425],[-1.4679,48.9447],[-1.4719,48.9458],[-1.4827,48.9437],[-1.487,48.9492],[-1.4924,48.9533],[-1.4985,48.9526]]]}},{"type":"Feature","properties":{"code":"50420","nom":"Quibou","pop":858},"geometry":{"type":"Polygon","coordinates":[[[-1.2137,49.0962],[-1.2014,49.1003],[-1.198,49.1026],[-1.198,49.1021],[-1.1999,49.0959],[-1.2032,49.0929],[-1.2034,49.0905],[-1.1995,49.0906],[-1.1937,49.082],[-1.195,49.0799],[-1.1849,49.074],[-1.1863,49.0732],[-1.1801,49.0662],[-1.1795,49.0627],[-1.1855,49.0607],[-1.1912,49.0603],[-1.196,49.0578],[-1.1919,49.0525],[-1.1892,49.0503],[-1.1881,49.0468],[-1.2008,49.0451],[-1.2032,49.0459],[-1.2045,49.0489],[-1.2114,49.05],[-1.215,49.0473],[-1.2187,49.0479],[-1.2189,49.051],[-1.2249,49.0501],[-1.2289,49.0564],[-1.229,49.0582],[-1.2344,49.0613],[-1.2386,49.0658],[-1.2366,49.0685],[-1.2397,49.0773],[-1.239,49.079],[-1.241,49.0803],[-1.2397,49.0827],[-1.2398,49.0904],[-1.2404,49.091],[-1.2164,49.0955],[-1.2137,49.0962]]]}},{"type":"Feature","properties":{"code":"50421","nom":"Quinéville","pop":258},"geometry":{"type":"Polygon","coordinates":[[[-1.3253,49.5043],[-1.3254,49.5062],[-1.3305,49.5092],[-1.3323,49.5115],[-1.3281,49.5161],[-1.3247,49.5169],[-1.3178,49.5167],[-1.3131,49.5183],[-1.3074,49.5182],[-1.3025,49.517],[-1.3002,49.5183],[-1.2937,49.5188],[-1.2928,49.5166],[-1.2881,49.5178],[-1.2786,49.508],[-1.281,49.5067],[-1.2854,49.5063],[-1.291,49.5029],[-1.295,49.5029],[-1.2952,49.5043],[-1.3025,49.5061],[-1.3036,49.507],[-1.3108,49.5065],[-1.3173,49.5037],[-1.32,49.5053],[-1.3253,49.5043]]]}},{"type":"Feature","properties":{"code":"50422","nom":"Raids","pop":216},"geometry":{"type":"Polygon","coordinates":[[[-1.3318,49.2142],[-1.3281,49.2133],[-1.3245,49.2097],[-1.3249,49.2076],[-1.3213,49.2039],[-1.3193,49.1997],[-1.3223,49.2],[-1.3326,49.1962],[-1.3371,49.1981],[-1.3411,49.1977],[-1.3446,49.1946],[-1.3535,49.1952],[-1.3574,49.1992],[-1.3552,49.2002],[-1.3578,49.2037],[-1.3634,49.2028],[-1.366,49.2032],[-1.3705,49.2075],[-1.3648,49.2119],[-1.3617,49.2176],[-1.3533,49.2229],[-1.3525,49.2243],[-1.3482,49.2225],[-1.3466,49.2191],[-1.3418,49.2175],[-1.3382,49.2172],[-1.3355,49.2153],[-1.3318,49.2142]]]}},{"type":"Feature","properties":{"code":"50423","nom":"Rampan","pop":230},"geometry":{"type":"Polygon","coordinates":[[[-1.1398,49.1301],[-1.1423,49.1301],[-1.1518,49.1351],[-1.1522,49.1393],[-1.1467,49.1417],[-1.1409,49.1465],[-1.1372,49.1486],[-1.1355,49.1506],[-1.1348,49.154],[-1.1305,49.1572],[-1.1277,49.163],[-1.124,49.1599],[-1.1188,49.1572],[-1.1142,49.1514],[-1.1106,49.1501],[-1.116,49.1458],[-1.1148,49.1433],[-1.1168,49.1419],[-1.1212,49.1435],[-1.1265,49.1446],[-1.1309,49.1442],[-1.1316,49.1419],[-1.1336,49.141],[-1.1389,49.1314],[-1.1392,49.1299],[-1.1398,49.1301]]]}},{"type":"Feature","properties":{"code":"50425","nom":"Rauville-la-Bigot","pop":1082},"geometry":{"type":"Polygon","coordinates":[[[-1.6282,49.5418],[-1.6237,49.5387],[-1.6222,49.5365],[-1.6238,49.534],[-1.6209,49.5328],[-1.6149,49.5343],[-1.6152,49.5335],[-1.6228,49.5295],[-1.6265,49.5262],[-1.6269,49.5246],[-1.6328,49.5237],[-1.6383,49.5242],[-1.6405,49.522],[-1.6377,49.5204],[-1.6435,49.5139],[-1.6473,49.5115],[-1.6405,49.5072],[-1.637,49.5031],[-1.639,49.5012],[-1.6446,49.5027],[-1.6513,49.5019],[-1.6597,49.4978],[-1.665,49.4985],[-1.6659,49.497],[-1.6705,49.4999],[-1.6737,49.4973],[-1.6773,49.498],[-1.6892,49.5017],[-1.6981,49.503],[-1.6986,49.5045],[-1.7023,49.5047],[-1.7033,49.5092],[-1.7059,49.5103],[-1.7073,49.5134],[-1.7119,49.5179],[-1.7029,49.5223],[-1.7007,49.523],[-1.6977,49.5256],[-1.6935,49.5265],[-1.691,49.5255],[-1.6835,49.528],[-1.6805,49.5276],[-1.6756,49.5287],[-1.6724,49.5311],[-1.6673,49.5299],[-1.6599,49.5299],[-1.6516,49.5315],[-1.6517,49.5347],[-1.6449,49.5374],[-1.6387,49.5388],[-1.6336,49.5405],[-1.6305,49.5423],[-1.6282,49.5418]]]}},{"type":"Feature","properties":{"code":"50426","nom":"Rauville-la-Place","pop":399},"geometry":{"type":"Polygon","coordinates":[[[-1.4788,49.3649],[-1.4826,49.3653],[-1.4973,49.3742],[-1.5035,49.3757],[-1.5153,49.375],[-1.5175,49.3756],[-1.5188,49.3805],[-1.5225,49.3818],[-1.5228,49.3842],[-1.5253,49.3859],[-1.5236,49.3894],[-1.5253,49.39],[-1.527,49.3939],[-1.5334,49.3947],[-1.5341,49.3984],[-1.533,49.4005],[-1.5279,49.4046],[-1.5227,49.4062],[-1.5175,49.4049],[-1.5134,49.4026],[-1.5104,49.4048],[-1.5034,49.4066],[-1.5018,49.4064],[-1.4945,49.4138],[-1.4901,49.412],[-1.4863,49.412],[-1.4828,49.4099],[-1.4809,49.41],[-1.4789,49.4069],[-1.4804,49.4056],[-1.4835,49.4037],[-1.4852,49.4007],[-1.4846,49.3972],[-1.4877,49.3943],[-1.4865,49.3887],[-1.4877,49.3855],[-1.4866,49.3826],[-1.484,49.3795],[-1.4788,49.3763],[-1.4763,49.3739],[-1.4759,49.3694],[-1.4748,49.3665],[-1.4788,49.3649]]]}},{"type":"Feature","properties":{"code":"50428","nom":"Reffuveille","pop":550},"geometry":{"type":"Polygon","coordinates":[[[-1.135,48.6545],[-1.1334,48.6557],[-1.135,48.6594],[-1.1296,48.6635],[-1.1264,48.668],[-1.1353,48.6696],[-1.1395,48.6699],[-1.142,48.6714],[-1.1502,48.6725],[-1.151,48.6755],[-1.1483,48.686],[-1.1483,48.6879],[-1.1459,48.6913],[-1.1488,48.6971],[-1.1504,48.6985],[-1.1503,48.701],[-1.1516,48.7033],[-1.1478,48.7029],[-1.1412,48.7033],[-1.1384,48.7029],[-1.1403,48.6997],[-1.1252,48.6978],[-1.1147,48.6978],[-1.1021,48.6966],[-1.0959,48.6973],[-1.0945,48.6987],[-1.0911,48.699],[-1.0826,48.6979],[-1.0807,48.695],[-1.0807,48.6931],[-1.0792,48.6904],[-1.0805,48.686],[-1.0803,48.682],[-1.0778,48.679],[-1.0738,48.6778],[-1.0745,48.6754],[-1.0793,48.67],[-1.075,48.6643],[-1.0753,48.6593],[-1.0796,48.6572],[-1.0815,48.6549],[-1.0863,48.653],[-1.0882,48.6549],[-1.0924,48.6537],[-1.1038,48.6543],[-1.1076,48.6546],[-1.1086,48.6526],[-1.1125,48.6518],[-1.115,48.653],[-1.125,48.651],[-1.1294,48.6517],[-1.1299,48.6538],[-1.135,48.6545]]]}},{"type":"Feature","properties":{"code":"50429","nom":"Regnéville-sur-Mer","pop":730},"geometry":{"type":"Polygon","coordinates":[[[-1.5253,49.01],[-1.528,49.0068],[-1.5304,49.001],[-1.5295,48.9993],[-1.5345,48.9961],[-1.5355,48.9987],[-1.5437,48.9992],[-1.5514,48.9983],[-1.5511,49.0036],[-1.5567,49.0108],[-1.5558,49.0144],[-1.5544,49.0156],[-1.5553,49.0227],[-1.5568,49.0266],[-1.5544,49.0269],[-1.545,49.0307],[-1.5413,49.0333],[-1.5382,49.0344],[-1.5334,49.0341],[-1.5285,49.0312],[-1.5249,49.0275],[-1.5204,49.0268],[-1.5139,49.0237],[-1.5155,49.0203],[-1.5194,49.0199],[-1.5229,49.0128],[-1.5253,49.01]]]}},{"type":"Feature","properties":{"code":"50430","nom":"Reigneville-Bocage","pop":34},"geometry":{"type":"Polygon","coordinates":[[[-1.4945,49.4138],[-1.4917,49.4145],[-1.4915,49.4165],[-1.4829,49.4159],[-1.4765,49.4163],[-1.472,49.4176],[-1.4702,49.4165],[-1.4665,49.4151],[-1.4632,49.4125],[-1.459,49.4108],[-1.4559,49.4085],[-1.459,49.4069],[-1.4681,49.4043],[-1.4727,49.4045],[-1.4763,49.4057],[-1.4804,49.4056],[-1.4789,49.4069],[-1.4809,49.41],[-1.4828,49.4099],[-1.4863,49.412],[-1.4901,49.412],[-1.4945,49.4138]]]}},{"type":"Feature","properties":{"code":"50431","nom":"Remilly Les Marais","pop":1062},"geometry":{"type":"Polygon","coordinates":[[[-1.2758,49.2014],[-1.2717,49.2011],[-1.2694,49.2022],[-1.2646,49.2016],[-1.2611,49.1987],[-1.2614,49.1976],[-1.2551,49.1949],[-1.2515,49.1912],[-1.2485,49.1911],[-1.2433,49.1932],[-1.2374,49.1945],[-1.235,49.1934],[-1.2279,49.1959],[-1.2269,49.1989],[-1.2223,49.1985],[-1.2108,49.1933],[-1.2085,49.1918],[-1.2085,49.1871],[-1.2098,49.1867],[-1.212,49.1831],[-1.2098,49.1815],[-1.207,49.1818],[-1.2064,49.1783],[-1.2048,49.1766],[-1.2002,49.175],[-1.1995,49.1727],[-1.2016,49.1708],[-1.2012,49.1685],[-1.1988,49.1671],[-1.2041,49.1654],[-1.2014,49.1619],[-1.2012,49.1583],[-1.2085,49.1569],[-1.2129,49.1573],[-1.2135,49.1545],[-1.2202,49.1556],[-1.2218,49.155],[-1.2251,49.1569],[-1.2249,49.1583],[-1.2239,49.1626],[-1.2251,49.1674],[-1.2241,49.1722],[-1.2254,49.176],[-1.2294,49.1805],[-1.2345,49.1804],[-1.2355,49.1787],[-1.2396,49.1776],[-1.2345,49.176],[-1.2352,49.1735],[-1.2333,49.1711],[-1.2341,49.1672],[-1.2391,49.1652],[-1.2415,49.1624],[-1.2476,49.1644],[-1.2527,49.1649],[-1.2587,49.1664],[-1.2591,49.1631],[-1.2641,49.1545],[-1.2758,49.1523],[-1.2806,49.1496],[-1.2864,49.1493],[-1.2902,49.1575],[-1.2882,49.1603],[-1.2869,49.1621],[-1.2882,49.1652],[-1.2798,49.1716],[-1.279,49.181],[-1.2803,49.1829],[-1.2796,49.1849],[-1.2805,49.1879],[-1.2793,49.1917],[-1.2823,49.1925],[-1.2821,49.1955],[-1.2779,49.1973],[-1.2758,49.2014]]]}},{"type":"Feature","properties":{"code":"50433","nom":"Réville","pop":1040},"geometry":{"type":"Polygon","coordinates":[[[-1.2565,49.6433],[-1.2519,49.646],[-1.2436,49.6484],[-1.2418,49.6451],[-1.2368,49.639],[-1.2351,49.6356],[-1.2347,49.6313],[-1.2311,49.6273],[-1.2281,49.623],[-1.2296,49.6194],[-1.2285,49.6164],[-1.2295,49.6118],[-1.2289,49.6058],[-1.2339,49.6077],[-1.2436,49.6107],[-1.2461,49.6107],[-1.2484,49.6123],[-1.2561,49.6124],[-1.26,49.6121],[-1.2625,49.613],[-1.2645,49.6165],[-1.2672,49.6172],[-1.2732,49.6154],[-1.2743,49.6168],[-1.2771,49.618],[-1.2796,49.6212],[-1.2782,49.6231],[-1.2801,49.6245],[-1.2787,49.628],[-1.2799,49.6291],[-1.2751,49.6325],[-1.2697,49.6379],[-1.2623,49.6372],[-1.2613,49.6403],[-1.2582,49.6411],[-1.2565,49.6433]]]}},{"type":"Feature","properties":{"code":"50435","nom":"Rocheville","pop":620},"geometry":{"type":"Polygon","coordinates":[[[-1.5667,49.4904],[-1.5776,49.4879],[-1.5957,49.482],[-1.5975,49.4836],[-1.6076,49.4882],[-1.6078,49.4905],[-1.6177,49.4921],[-1.625,49.4956],[-1.6249,49.498],[-1.6299,49.4997],[-1.6295,49.5024],[-1.6264,49.5018],[-1.6247,49.4997],[-1.6215,49.5026],[-1.6171,49.5023],[-1.6172,49.5002],[-1.6131,49.4997],[-1.6061,49.5032],[-1.6039,49.5074],[-1.6008,49.5098],[-1.6043,49.5106],[-1.5991,49.5168],[-1.5965,49.52],[-1.5894,49.5233],[-1.5872,49.5229],[-1.5815,49.5202],[-1.5764,49.5169],[-1.5749,49.515],[-1.5767,49.5118],[-1.5767,49.5092],[-1.5721,49.5094],[-1.57,49.5084],[-1.5764,49.5049],[-1.5765,49.5015],[-1.5699,49.4998],[-1.5701,49.4961],[-1.5691,49.4932],[-1.5667,49.4904]]]}},{"type":"Feature","properties":{"code":"50436","nom":"Romagny Fontenay","pop":1243},"geometry":{"type":"Polygon","coordinates":[[[-0.96,48.6674],[-0.9566,48.6628],[-0.9551,48.6588],[-0.9556,48.6572],[-0.9522,48.6555],[-0.9498,48.6522],[-0.9465,48.6498],[-0.9484,48.6488],[-0.9481,48.6448],[-0.951,48.6435],[-0.9508,48.6378],[-0.9464,48.6349],[-0.9465,48.6304],[-0.9478,48.6258],[-0.9442,48.6247],[-0.941,48.6202],[-0.9448,48.6141],[-0.9487,48.613],[-0.9506,48.6144],[-0.9616,48.6163],[-0.9668,48.6187],[-0.9748,48.6182],[-0.9756,48.6149],[-0.9776,48.6124],[-0.9782,48.6071],[-0.986,48.6052],[-0.9929,48.6018],[-0.9929,48.5995],[-0.995,48.5969],[-0.9946,48.5951],[-0.9995,48.5941],[-1.0022,48.5924],[-1.0045,48.5929],[-1.0044,48.5972],[-1.0061,48.6004],[-1.0093,48.6098],[-1.0164,48.6098],[-1.024,48.6118],[-1.0265,48.6166],[-1.032,48.6176],[-1.0322,48.6201],[-1.0354,48.6228],[-1.041,48.6232],[-1.0456,48.6259],[-1.0447,48.629],[-1.0421,48.631],[-1.0375,48.6322],[-1.0358,48.635],[-1.032,48.6351],[-1.0295,48.6366],[-1.0238,48.6357],[-1.0206,48.6393],[-1.0124,48.6395],[-1.0144,48.6413],[-1.017,48.646],[-1.0119,48.6497],[-1.0087,48.6534],[-1.0096,48.6578],[-1.0092,48.661],[-1.0054,48.6661],[-1.002,48.6685],[-0.9886,48.6709],[-0.985,48.671],[-0.9796,48.6697],[-0.9753,48.671],[-0.9656,48.6701],[-0.96,48.6674]]]}},{"type":"Feature","properties":{"code":"50437","nom":"Roncey","pop":770},"geometry":{"type":"Polygon","coordinates":[[[-1.3446,48.9687],[-1.3498,48.969],[-1.3511,48.9715],[-1.3552,48.9721],[-1.366,48.9785],[-1.3655,48.9837],[-1.3619,48.9844],[-1.3584,48.9881],[-1.3545,48.991],[-1.3482,48.9942],[-1.337,48.998],[-1.3336,49.0014],[-1.3246,48.9962],[-1.3177,48.9959],[-1.3099,48.9961],[-1.3085,48.9977],[-1.3034,48.9999],[-1.3015,48.9986],[-1.3,48.9951],[-1.3008,48.9939],[-1.2978,48.9918],[-1.2997,48.9885],[-1.3066,48.9834],[-1.3039,48.9801],[-1.3014,48.9782],[-1.3008,48.9742],[-1.3032,48.9734],[-1.313,48.9717],[-1.3202,48.9684],[-1.3289,48.9699],[-1.3344,48.9704],[-1.3402,48.9701],[-1.3446,48.9687]]]}},{"type":"Feature","properties":{"code":"50442","nom":"Le Rozel","pop":258},"geometry":{"type":"Polygon","coordinates":[[[-1.8043,49.4829],[-1.8059,49.4798],[-1.8095,49.4762],[-1.8126,49.4748],[-1.8162,49.4751],[-1.8192,49.4734],[-1.8249,49.4732],[-1.8362,49.4683],[-1.8405,49.4718],[-1.8444,49.4711],[-1.8468,49.4749],[-1.8444,49.4773],[-1.845,49.4817],[-1.8447,49.4902],[-1.8453,49.4943],[-1.8383,49.4928],[-1.8286,49.4914],[-1.8208,49.4895],[-1.8188,49.4918],[-1.8105,49.4883],[-1.8095,49.4866],[-1.8043,49.4829]]]}},{"type":"Feature","properties":{"code":"50443","nom":"Sacey","pop":508},"geometry":{"type":"Polygon","coordinates":[[[-1.4409,48.4719],[-1.4349,48.4779],[-1.4407,48.4807],[-1.4418,48.4836],[-1.4484,48.4855],[-1.4498,48.4875],[-1.4545,48.4877],[-1.4594,48.4848],[-1.4664,48.4885],[-1.4736,48.4853],[-1.4796,48.4872],[-1.4823,48.4868],[-1.4843,48.4913],[-1.4899,48.4893],[-1.4909,48.4921],[-1.4897,48.4962],[-1.4937,48.5003],[-1.4956,48.5041],[-1.4956,48.5087],[-1.4815,48.5138],[-1.4761,48.5145],[-1.4726,48.5219],[-1.4709,48.5234],[-1.4667,48.5208],[-1.4621,48.5196],[-1.459,48.5199],[-1.4491,48.5149],[-1.4418,48.5134],[-1.4371,48.5115],[-1.4362,48.5101],[-1.435,48.5031],[-1.434,48.5021],[-1.4308,48.4999],[-1.4304,48.4974],[-1.4327,48.4942],[-1.432,48.4892],[-1.429,48.4882],[-1.4267,48.4862],[-1.4288,48.4837],[-1.4258,48.482],[-1.423,48.478],[-1.4255,48.4749],[-1.4344,48.4764],[-1.4369,48.4738],[-1.4409,48.4719]]]}},{"type":"Feature","properties":{"code":"50444","nom":"Saint-Amand-Villages","pop":2525},"geometry":{"type":"Polygon","coordinates":[[[-0.9083,49.0586],[-0.9123,49.0573],[-0.9132,49.0535],[-0.9186,49.0511],[-0.9159,49.0453],[-0.9119,49.0477],[-0.9087,49.0471],[-0.8998,49.0465],[-0.897,49.047],[-0.8919,49.0455],[-0.8892,49.0411],[-0.8861,49.0413],[-0.8847,49.0386],[-0.8823,49.0383],[-0.8744,49.0402],[-0.8733,49.039],[-0.8685,49.0386],[-0.8682,49.0339],[-0.8625,49.0346],[-0.8626,49.0309],[-0.8611,49.0304],[-0.863,49.0265],[-0.8665,49.0274],[-0.87,49.0271],[-0.876,49.0242],[-0.8807,49.0246],[-0.887,49.0223],[-0.8884,49.0202],[-0.8909,49.0191],[-0.8934,49.0137],[-0.8976,49.0099],[-0.9009,49.0129],[-0.9052,49.0116],[-0.9071,49.0117],[-0.9065,49.0157],[-0.9131,49.0155],[-0.9241,49.0128],[-0.9299,49.0107],[-0.9317,49.0112],[-0.9367,49.0094],[-0.9396,49.0143],[-0.9426,49.0137],[-0.945,49.015],[-0.9449,49.0182],[-0.9509,49.0207],[-0.9531,49.0225],[-0.9594,49.0248],[-0.9618,49.0236],[-0.9674,49.0245],[-0.9713,49.0245],[-0.9701,49.0277],[-0.9707,49.029],[-0.9686,49.0321],[-0.9698,49.0343],[-0.9673,49.037],[-0.9698,49.0384],[-0.9736,49.0389],[-0.9787,49.0379],[-0.9844,49.0402],[-0.9869,49.0422],[-0.9989,49.0522],[-0.9955,49.0534],[-0.9955,49.0571],[-0.9996,49.0594],[-0.9982,49.063],[-0.992,49.0671],[-0.9898,49.0666],[-0.9791,49.0695],[-0.9684,49.0729],[-0.9594,49.0668],[-0.9562,49.0676],[-0.9535,49.0703],[-0.9509,49.069],[-0.945,49.069],[-0.9428,49.0704],[-0.9395,49.0688],[-0.9353,49.0677],[-0.9325,49.066],[-0.9273,49.0657],[-0.9251,49.0647],[-0.9195,49.0654],[-0.9197,49.0631],[-0.9101,49.063],[-0.9082,49.0629],[-0.9083,49.0586]]]}},{"type":"Feature","properties":{"code":"50445","nom":"Saint-André-de-Bohon","pop":375},"geometry":{"type":"Polygon","coordinates":[[[-1.2276,49.2647],[-1.2273,49.264],[-1.2267,49.2629],[-1.2223,49.2612],[-1.2189,49.2555],[-1.2181,49.2529],[-1.2188,49.248],[-1.2209,49.2457],[-1.2289,49.2424],[-1.2299,49.2405],[-1.2348,49.2375],[-1.2341,49.2353],[-1.2353,49.2326],[-1.2377,49.2321],[-1.2424,49.2322],[-1.2465,49.2273],[-1.2497,49.2254],[-1.2487,49.2218],[-1.2514,49.2221],[-1.253,49.2195],[-1.2587,49.2184],[-1.262,49.2206],[-1.2656,49.2218],[-1.2743,49.2202],[-1.2773,49.2163],[-1.2811,49.2183],[-1.2849,49.223],[-1.2806,49.2276],[-1.2771,49.2281],[-1.2736,49.2307],[-1.2715,49.2347],[-1.2668,49.2345],[-1.2632,49.2368],[-1.2632,49.2421],[-1.2562,49.2468],[-1.2535,49.2503],[-1.2482,49.2517],[-1.2376,49.258],[-1.2384,49.2601],[-1.2314,49.2639],[-1.2276,49.2647]]]}},{"type":"Feature","properties":{"code":"50446","nom":"Saint-André-de-l'Épine","pop":555},"geometry":{"type":"Polygon","coordinates":[[[-1.0316,49.1197],[-1.0377,49.1179],[-1.0427,49.1267],[-1.0467,49.1324],[-1.0416,49.1337],[-1.0369,49.1392],[-1.033,49.1432],[-1.0299,49.1453],[-1.0225,49.1453],[-1.0154,49.1464],[-1.0127,49.1473],[-1.0122,49.1497],[-1.0046,49.1531],[-1.0024,49.1518],[-1.0036,49.1493],[-1.0019,49.1475],[-1.002,49.1439],[-1.0049,49.1433],[-1.0061,49.1414],[-1.0043,49.1358],[-1,49.1305],[-0.9997,49.1287],[-1.0232,49.1222],[-1.0316,49.1197]]]}},{"type":"Feature","properties":{"code":"50447","nom":"Saint-Aubin-des-Préaux","pop":488},"geometry":{"type":"Polygon","coordinates":[[[-1.4914,48.7955],[-1.4951,48.7956],[-1.4983,48.7945],[-1.5056,48.7935],[-1.5107,48.7912],[-1.5123,48.7897],[-1.516,48.7898],[-1.5213,48.7884],[-1.5206,48.7891],[-1.5227,48.794],[-1.5268,48.7972],[-1.5264,48.8001],[-1.5248,48.8015],[-1.5252,48.805],[-1.5245,48.8085],[-1.5172,48.8062],[-1.5155,48.808],[-1.5121,48.8068],[-1.5102,48.809],[-1.5153,48.8128],[-1.5158,48.8146],[-1.519,48.8176],[-1.5198,48.8197],[-1.513,48.8189],[-1.5099,48.8175],[-1.5023,48.8161],[-1.4979,48.8175],[-1.4989,48.8211],[-1.4894,48.8228],[-1.4846,48.8241],[-1.4756,48.8205],[-1.473,48.8188],[-1.4775,48.8122],[-1.4807,48.8088],[-1.4833,48.8082],[-1.4852,48.8043],[-1.4915,48.7997],[-1.4914,48.7955]]]}},{"type":"Feature","properties":{"code":"50448","nom":"Saint-Aubin-de-Terregatte","pop":645},"geometry":{"type":"Polygon","coordinates":[[[-1.2493,48.5437],[-1.2518,48.5438],[-1.2628,48.5402],[-1.265,48.5383],[-1.2728,48.5339],[-1.2753,48.5377],[-1.2787,48.5401],[-1.2793,48.5432],[-1.2814,48.546],[-1.2869,48.5483],[-1.2901,48.5467],[-1.2998,48.5518],[-1.3018,48.5551],[-1.3049,48.5552],[-1.307,48.563],[-1.3032,48.5675],[-1.3054,48.5712],[-1.306,48.5737],[-1.3081,48.5754],[-1.3126,48.5771],[-1.3148,48.5768],[-1.3206,48.5787],[-1.3255,48.5829],[-1.331,48.5852],[-1.3328,48.5873],[-1.332,48.5929],[-1.3306,48.5969],[-1.3285,48.5977],[-1.3237,48.5971],[-1.3193,48.5976],[-1.3178,48.5964],[-1.3112,48.5961],[-1.306,48.5911],[-1.3019,48.5923],[-1.299,48.5956],[-1.2936,48.5957],[-1.2906,48.5981],[-1.2878,48.6029],[-1.2837,48.6009],[-1.284,48.5981],[-1.2819,48.5974],[-1.273,48.5969],[-1.269,48.5936],[-1.268,48.5899],[-1.2703,48.5889],[-1.2707,48.5817],[-1.2722,48.5778],[-1.2728,48.5734],[-1.2748,48.5707],[-1.277,48.5707],[-1.2787,48.5683],[-1.2738,48.5661],[-1.2687,48.5655],[-1.2684,48.5641],[-1.2605,48.5624],[-1.2581,48.5611],[-1.251,48.5608],[-1.2497,48.5562],[-1.2501,48.5524],[-1.2517,48.5505],[-1.2495,48.5471],[-1.2493,48.5437]]]}},{"type":"Feature","properties":{"code":"50450","nom":"Saint-Barthélemy","pop":342},"geometry":{"type":"Polygon","coordinates":[[[-0.9476,48.6963],[-0.9472,48.6956],[-0.9387,48.6958],[-0.9353,48.6926],[-0.9295,48.6903],[-0.929,48.6885],[-0.9316,48.6835],[-0.9345,48.6811],[-0.9339,48.679],[-0.937,48.6778],[-0.9368,48.6742],[-0.9414,48.6711],[-0.952,48.6678],[-0.9539,48.6711],[-0.9566,48.6703],[-0.96,48.6674],[-0.9656,48.6701],[-0.9654,48.672],[-0.9611,48.6756],[-0.9598,48.678],[-0.9605,48.6805],[-0.9652,48.6843],[-0.9628,48.6861],[-0.9638,48.688],[-0.9664,48.6889],[-0.9681,48.6911],[-0.9701,48.697],[-0.9668,48.6995],[-0.9638,48.6982],[-0.961,48.7003],[-0.954,48.699],[-0.9476,48.6963]]]}},{"type":"Feature","properties":{"code":"50451","nom":"Saint-Brice","pop":140},"geometry":{"type":"Polygon","coordinates":[[[-1.2824,48.6946],[-1.2856,48.6953],[-1.2949,48.6942],[-1.2995,48.6942],[-1.3084,48.6951],[-1.314,48.6945],[-1.3155,48.6977],[-1.3128,48.6997],[-1.3125,48.7021],[-1.3107,48.7028],[-1.3108,48.7054],[-1.3064,48.7061],[-1.3028,48.7057],[-1.2965,48.7028],[-1.2894,48.7046],[-1.2877,48.7031],[-1.2818,48.7022],[-1.2801,48.6976],[-1.2824,48.6946]]]}},{"type":"Feature","properties":{"code":"50452","nom":"Saint-Brice-de-Landelles","pop":652},"geometry":{"type":"Polygon","coordinates":[[[-1.1172,48.5217],[-1.1273,48.5207],[-1.1334,48.5222],[-1.1392,48.5184],[-1.1472,48.5178],[-1.1499,48.5191],[-1.1558,48.5198],[-1.158,48.5232],[-1.162,48.5243],[-1.1631,48.5277],[-1.1667,48.5302],[-1.163,48.534],[-1.1602,48.5387],[-1.1571,48.5406],[-1.1522,48.5424],[-1.1482,48.5474],[-1.1497,48.5503],[-1.15,48.5533],[-1.1472,48.558],[-1.1419,48.5592],[-1.1379,48.5631],[-1.1335,48.5612],[-1.1282,48.5597],[-1.1221,48.5597],[-1.1167,48.5618],[-1.116,48.5646],[-1.114,48.5657],[-1.1088,48.5659],[-1.105,48.5652],[-1.1012,48.5662],[-1.0985,48.5621],[-1.0976,48.5593],[-1.101,48.5592],[-1.1082,48.5575],[-1.1123,48.5516],[-1.1133,48.5485],[-1.1115,48.5454],[-1.1066,48.5432],[-1.1055,48.5406],[-1.11,48.5374],[-1.1127,48.5334],[-1.1159,48.5318],[-1.1179,48.5296],[-1.1159,48.527],[-1.1159,48.5222],[-1.1172,48.5217]]]}},{"type":"Feature","properties":{"code":"50453","nom":"Sainte-Cécile","pop":792},"geometry":{"type":"Polygon","coordinates":[[[-1.2097,48.8163],[-1.2057,48.8174],[-1.2035,48.817],[-1.2009,48.8198],[-1.1995,48.8238],[-1.206,48.8242],[-1.2087,48.8296],[-1.2059,48.8316],[-1.2028,48.8321],[-1.2062,48.8356],[-1.2087,48.8326],[-1.2143,48.8327],[-1.2164,48.8343],[-1.2139,48.8357],[-1.2133,48.8378],[-1.215,48.8391],[-1.2145,48.8417],[-1.2119,48.8419],[-1.2092,48.8448],[-1.2053,48.844],[-1.2055,48.8466],[-1.2094,48.8481],[-1.2087,48.8506],[-1.2039,48.8582],[-1.2,48.8603],[-1.1973,48.8569],[-1.1938,48.8549],[-1.1918,48.8521],[-1.1889,48.8531],[-1.1876,48.8487],[-1.1849,48.8495],[-1.184,48.8468],[-1.184,48.8416],[-1.178,48.8413],[-1.1745,48.8432],[-1.162,48.8431],[-1.1623,48.8416],[-1.1572,48.8363],[-1.1574,48.8346],[-1.167,48.8321],[-1.1748,48.8266],[-1.1761,48.824],[-1.1778,48.8233],[-1.1793,48.8203],[-1.1793,48.8163],[-1.1828,48.815],[-1.188,48.8095],[-1.188,48.8086],[-1.1984,48.8103],[-1.2013,48.8138],[-1.204,48.814],[-1.2097,48.8163]]]}},{"type":"Feature","properties":{"code":"50454","nom":"Saint-Christophe-du-Foc","pop":409},"geometry":{"type":"Polygon","coordinates":[[[-1.7618,49.5543],[-1.7571,49.5554],[-1.7529,49.5585],[-1.7512,49.5625],[-1.7481,49.5654],[-1.7441,49.5659],[-1.7428,49.5647],[-1.7444,49.5603],[-1.7418,49.5596],[-1.7389,49.5606],[-1.7313,49.5611],[-1.7281,49.5592],[-1.7243,49.5556],[-1.7179,49.5586],[-1.7148,49.5569],[-1.7138,49.5549],[-1.7111,49.5536],[-1.7088,49.549],[-1.7107,49.548],[-1.7164,49.5484],[-1.7183,49.5472],[-1.7239,49.5463],[-1.724,49.5489],[-1.7309,49.5492],[-1.7319,49.5514],[-1.7349,49.5503],[-1.7369,49.5523],[-1.7458,49.5515],[-1.7488,49.5519],[-1.7531,49.5502],[-1.7618,49.5543]]]}},{"type":"Feature","properties":{"code":"50455","nom":"Saint-Clair-sur-l'Elle","pop":959},"geometry":{"type":"Polygon","coordinates":[[[-1.0248,49.1776],[-1.0267,49.1777],[-1.0301,49.1717],[-1.033,49.169],[-1.0442,49.1704],[-1.046,49.1728],[-1.049,49.1738],[-1.0538,49.1735],[-1.0562,49.176],[-1.0585,49.1768],[-1.0613,49.1759],[-1.0658,49.1782],[-1.0693,49.1761],[-1.0709,49.179],[-1.068,49.1802],[-1.0678,49.1832],[-1.0612,49.1884],[-1.0561,49.188],[-1.0553,49.1898],[-1.0514,49.1902],[-1.054,49.1926],[-1.0494,49.195],[-1.0458,49.1948],[-1.0454,49.1979],[-1.0388,49.1973],[-1.0396,49.1988],[-1.0336,49.1989],[-1.0337,49.2051],[-1.0303,49.2046],[-1.0287,49.2028],[-1.0243,49.2039],[-1.0244,49.2014],[-1.0201,49.198],[-1.0192,49.1946],[-1.0217,49.1926],[-1.0231,49.1896],[-1.0248,49.1776]]]}},{"type":"Feature","properties":{"code":"50456","nom":"Saint-Clément-Rancoudray","pop":555},"geometry":{"type":"Polygon","coordinates":[[[-0.9414,48.6711],[-0.9368,48.6742],[-0.937,48.6778],[-0.9339,48.679],[-0.9345,48.6811],[-0.9316,48.6835],[-0.929,48.6885],[-0.9295,48.6903],[-0.9353,48.6926],[-0.9387,48.6958],[-0.9472,48.6956],[-0.9476,48.6963],[-0.9449,48.7015],[-0.9362,48.6994],[-0.935,48.6984],[-0.9276,48.6974],[-0.9267,48.6979],[-0.9197,48.6975],[-0.9136,48.6962],[-0.9101,48.6924],[-0.905,48.6927],[-0.9022,48.6914],[-0.8939,48.6893],[-0.8929,48.6881],[-0.8849,48.6916],[-0.8832,48.6888],[-0.8799,48.69],[-0.8762,48.69],[-0.8759,48.6931],[-0.8737,48.6926],[-0.8692,48.6964],[-0.8612,48.6942],[-0.8574,48.6952],[-0.8514,48.6937],[-0.8495,48.6889],[-0.8521,48.684],[-0.8511,48.6811],[-0.8563,48.6775],[-0.8592,48.6741],[-0.8571,48.672],[-0.8592,48.6665],[-0.8496,48.6674],[-0.8478,48.6646],[-0.8404,48.6642],[-0.8397,48.6626],[-0.8406,48.6596],[-0.8452,48.66],[-0.846,48.6574],[-0.8502,48.6553],[-0.8543,48.6557],[-0.8586,48.654],[-0.8583,48.6517],[-0.8617,48.6505],[-0.8634,48.646],[-0.8541,48.6456],[-0.8496,48.6471],[-0.843,48.6447],[-0.8454,48.6438],[-0.8429,48.6413],[-0.8484,48.6386],[-0.8496,48.6362],[-0.8501,48.6381],[-0.8541,48.6378],[-0.8596,48.6388],[-0.8639,48.6412],[-0.8652,48.6377],[-0.867,48.6364],[-0.8711,48.6368],[-0.8776,48.6364],[-0.8766,48.6413],[-0.8724,48.6455],[-0.8736,48.6465],[-0.8778,48.6438],[-0.8828,48.6449],[-0.8863,48.6419],[-0.894,48.6434],[-0.8948,48.6414],[-0.8982,48.6421],[-0.9015,48.6384],[-0.9066,48.6382],[-0.908,48.6398],[-0.9031,48.6408],[-0.9006,48.6427],[-0.9045,48.6446],[-0.9097,48.645],[-0.9087,48.6471],[-0.9158,48.6466],[-0.917,48.651],[-0.9186,48.6539],[-0.9182,48.6577],[-0.9208,48.6616],[-0.9246,48.6635],[-0.9261,48.6653],[-0.9298,48.667],[-0.9322,48.6659],[-0.9338,48.6693],[-0.9405,48.6678],[-0.9414,48.6711]]]}},{"type":"Feature","properties":{"code":"50457","nom":"Sainte-Colombe","pop":181},"geometry":{"type":"Polygon","coordinates":[[[-1.4915,49.4165],[-1.4917,49.4145],[-1.4945,49.4138],[-1.5018,49.4064],[-1.5034,49.4066],[-1.5104,49.4048],[-1.5134,49.4026],[-1.5175,49.4049],[-1.5227,49.4062],[-1.5279,49.4046],[-1.5265,49.4124],[-1.5273,49.4139],[-1.5264,49.4176],[-1.5238,49.4218],[-1.5267,49.4234],[-1.5263,49.4241],[-1.5175,49.4277],[-1.5131,49.4303],[-1.5105,49.4251],[-1.5069,49.4258],[-1.506,49.4224],[-1.5012,49.4222],[-1.4974,49.4226],[-1.4914,49.4212],[-1.4915,49.4165]]]}},{"type":"Feature","properties":{"code":"50461","nom":"Saint-Cyr","pop":213},"geometry":{"type":"Polygon","coordinates":[[[-1.4048,49.5057],[-1.402,49.5035],[-1.4031,49.499],[-1.3997,49.4998],[-1.398,49.4989],[-1.403,49.4964],[-1.4036,49.4944],[-1.4079,49.4931],[-1.4082,49.4907],[-1.4109,49.4858],[-1.4094,49.4846],[-1.4069,49.4797],[-1.4062,49.472],[-1.4089,49.4681],[-1.4071,49.4663],[-1.41,49.465],[-1.4121,49.4629],[-1.416,49.4628],[-1.4163,49.4637],[-1.424,49.4664],[-1.4261,49.4679],[-1.4255,49.4714],[-1.4221,49.4748],[-1.4196,49.4793],[-1.4194,49.4842],[-1.4212,49.4865],[-1.4242,49.4875],[-1.4209,49.4907],[-1.4277,49.4925],[-1.4329,49.4954],[-1.4309,49.4965],[-1.4281,49.5013],[-1.4258,49.4998],[-1.4231,49.5043],[-1.4161,49.5044],[-1.4093,49.5019],[-1.4048,49.5057]]]}},{"type":"Feature","properties":{"code":"50462","nom":"Saint-Cyr-du-Bailleul","pop":345},"geometry":{"type":"Polygon","coordinates":[[[-0.7934,48.5856],[-0.7876,48.5851],[-0.7817,48.5834],[-0.7781,48.5798],[-0.7775,48.5773],[-0.7746,48.5754],[-0.7733,48.5664],[-0.7738,48.5634],[-0.7763,48.5624],[-0.7803,48.5579],[-0.7857,48.5561],[-0.7902,48.5518],[-0.7937,48.5504],[-0.8054,48.5497],[-0.8086,48.548],[-0.8122,48.5466],[-0.8163,48.5464],[-0.8176,48.5481],[-0.824,48.5501],[-0.8272,48.5528],[-0.8356,48.5516],[-0.8375,48.5527],[-0.8478,48.5501],[-0.8492,48.5473],[-0.8521,48.5468],[-0.8574,48.5483],[-0.8597,48.5497],[-0.8607,48.5525],[-0.863,48.5536],[-0.8638,48.5572],[-0.8625,48.5586],[-0.8597,48.568],[-0.8657,48.5704],[-0.8684,48.5705],[-0.8727,48.5734],[-0.873,48.5767],[-0.8757,48.5764],[-0.879,48.5785],[-0.879,48.5797],[-0.8842,48.5851],[-0.8838,48.5864],[-0.879,48.5889],[-0.877,48.5921],[-0.8656,48.5917],[-0.8601,48.5923],[-0.8574,48.5913],[-0.8534,48.5914],[-0.8536,48.5893],[-0.849,48.5863],[-0.8453,48.5858],[-0.8403,48.5804],[-0.8404,48.5767],[-0.828,48.5716],[-0.8248,48.5715],[-0.8188,48.5734],[-0.8143,48.5731],[-0.8113,48.5713],[-0.8027,48.5776],[-0.8029,48.579],[-0.7963,48.5843],[-0.7934,48.5856]]]}},{"type":"Feature","properties":{"code":"50463","nom":"Saint-Denis-le-Gast","pop":530},"geometry":{"type":"Polygon","coordinates":[[[-1.3524,48.9339],[-1.352,48.9375],[-1.3497,48.9419],[-1.3502,48.9441],[-1.3447,48.9462],[-1.3454,48.9486],[-1.3437,48.9519],[-1.3415,48.9606],[-1.3422,48.9633],[-1.3402,48.9682],[-1.3402,48.9701],[-1.3344,48.9704],[-1.3289,48.9699],[-1.3202,48.9684],[-1.313,48.9717],[-1.3032,48.9734],[-1.2996,48.9706],[-1.2976,48.9668],[-1.2938,48.9625],[-1.3067,48.9591],[-1.3108,48.9568],[-1.3138,48.9561],[-1.3084,48.9536],[-1.2998,48.9505],[-1.3043,48.9482],[-1.3051,48.9467],[-1.3117,48.9417],[-1.3137,48.936],[-1.3156,48.9352],[-1.3139,48.9329],[-1.3102,48.9313],[-1.3083,48.9281],[-1.3126,48.9263],[-1.3185,48.9262],[-1.3204,48.9249],[-1.3152,48.9221],[-1.316,48.9189],[-1.3211,48.9192],[-1.3234,48.918],[-1.3212,48.9151],[-1.3226,48.9147],[-1.3299,48.916],[-1.3295,48.9122],[-1.3309,48.912],[-1.335,48.9153],[-1.3376,48.9162],[-1.3415,48.9112],[-1.3449,48.9089],[-1.3456,48.9112],[-1.3445,48.9144],[-1.3441,48.9207],[-1.345,48.9238],[-1.3494,48.9292],[-1.3496,48.9333],[-1.3524,48.9339]]]}},{"type":"Feature","properties":{"code":"50464","nom":"Saint-Denis-le-Vêtu","pop":590},"geometry":{"type":"Polygon","coordinates":[[[-1.3968,49.0062],[-1.3973,49.0092],[-1.3964,49.0088],[-1.3833,49.0093],[-1.3785,49.0112],[-1.3723,49.0086],[-1.3608,49.0069],[-1.3585,49.0055],[-1.3539,49.0077],[-1.3462,49.0087],[-1.3414,49.0058],[-1.34,49.0042],[-1.3336,49.0014],[-1.337,48.998],[-1.3482,48.9942],[-1.3545,48.991],[-1.3584,48.9881],[-1.3619,48.9844],[-1.3655,48.9837],[-1.366,48.9785],[-1.3702,48.9778],[-1.3816,48.978],[-1.3875,48.9774],[-1.3919,48.9755],[-1.3974,48.9751],[-1.4034,48.9766],[-1.4077,48.976],[-1.4106,48.9766],[-1.4143,48.982],[-1.416,48.9862],[-1.4141,48.9885],[-1.409,48.9922],[-1.403,48.9943],[-1.4043,48.9964],[-1.3963,48.9991],[-1.3941,49.0014],[-1.397,49.004],[-1.3968,49.0062]]]}},{"type":"Feature","properties":{"code":"50467","nom":"Saint-Floxel","pop":489},"geometry":{"type":"Polygon","coordinates":[[[-1.3309,49.4756],[-1.3326,49.4738],[-1.339,49.4734],[-1.3401,49.4749],[-1.349,49.4754],[-1.3553,49.4776],[-1.3562,49.4786],[-1.3656,49.4786],[-1.3707,49.4777],[-1.3725,49.4751],[-1.3781,49.4745],[-1.3814,49.4759],[-1.3792,49.4776],[-1.3796,49.4829],[-1.3748,49.4857],[-1.373,49.4906],[-1.3718,49.4915],[-1.3753,49.4963],[-1.374,49.5003],[-1.377,49.5016],[-1.3767,49.5049],[-1.3713,49.5043],[-1.3702,49.5081],[-1.3626,49.5078],[-1.3609,49.5031],[-1.3586,49.5039],[-1.355,49.5015],[-1.3575,49.5002],[-1.3534,49.4987],[-1.3502,49.4966],[-1.3457,49.4968],[-1.3446,49.4951],[-1.3383,49.4959],[-1.3358,49.4943],[-1.3349,49.492],[-1.3358,49.4895],[-1.337,49.4879],[-1.3351,49.4857],[-1.3302,49.4849],[-1.3312,49.4764],[-1.3309,49.4756]]]}},{"type":"Feature","properties":{"code":"50468","nom":"Saint-Fromond","pop":758},"geometry":{"type":"Polygon","coordinates":[[[-1.0929,49.2442],[-1.0916,49.2402],[-1.0873,49.236],[-1.095,49.2279],[-1.0941,49.226],[-1.0901,49.2242],[-1.0892,49.221],[-1.0849,49.218],[-1.0854,49.2149],[-1.0871,49.2127],[-1.0883,49.2057],[-1.0912,49.2021],[-1.0934,49.198],[-1.0958,49.1982],[-1.1025,49.1971],[-1.105,49.1988],[-1.1121,49.1991],[-1.1131,49.2014],[-1.1219,49.2022],[-1.1274,49.2036],[-1.1284,49.206],[-1.1274,49.2092],[-1.1302,49.2134],[-1.1332,49.2147],[-1.1309,49.2164],[-1.1321,49.2188],[-1.1251,49.2196],[-1.1231,49.2223],[-1.1253,49.2238],[-1.1245,49.2261],[-1.1218,49.2288],[-1.1245,49.2322],[-1.1204,49.2353],[-1.1194,49.2388],[-1.1236,49.2387],[-1.1292,49.2398],[-1.1311,49.2424],[-1.1271,49.2476],[-1.1296,49.2483],[-1.1242,49.2523],[-1.1218,49.2523],[-1.1183,49.2543],[-1.1157,49.254],[-1.1112,49.2509],[-1.108,49.2533],[-1.1053,49.2532],[-1.1008,49.2517],[-1.0991,49.2551],[-1.0958,49.2535],[-1.0944,49.2503],[-1.0954,49.2462],[-1.0929,49.2442]]]}},{"type":"Feature","properties":{"code":"50469","nom":"Sainte-Geneviève","pop":299},"geometry":{"type":"Polygon","coordinates":[[[-1.3357,49.6617],[-1.3312,49.6628],[-1.3239,49.6629],[-1.32,49.6643],[-1.3079,49.6669],[-1.3027,49.6692],[-1.2989,49.6704],[-1.2912,49.668],[-1.2928,49.6669],[-1.2867,49.6615],[-1.2858,49.6609],[-1.2835,49.6551],[-1.2955,49.6531],[-1.2958,49.6506],[-1.3025,49.6491],[-1.3058,49.6513],[-1.3124,49.6512],[-1.3184,49.6535],[-1.329,49.6547],[-1.3305,49.6557],[-1.331,49.6591],[-1.3342,49.6592],[-1.3357,49.6617]]]}},{"type":"Feature","properties":{"code":"50471","nom":"Saint-Georges-de-la-Rivière","pop":250},"geometry":{"type":"Polygon","coordinates":[[[-1.7056,49.3769],[-1.709,49.3733],[-1.7066,49.3725],[-1.7098,49.369],[-1.7176,49.364],[-1.7335,49.355],[-1.7458,49.3482],[-1.7526,49.3532],[-1.7407,49.3631],[-1.7334,49.3688],[-1.7286,49.3714],[-1.7262,49.3703],[-1.7179,49.3742],[-1.7143,49.3768],[-1.7128,49.376],[-1.7077,49.3792],[-1.7056,49.3769]]]}},{"type":"Feature","properties":{"code":"50472","nom":"Saint-Georges-de-Livoye","pop":204},"geometry":{"type":"Polygon","coordinates":[[[-1.2131,48.725],[-1.2231,48.7264],[-1.2294,48.726],[-1.2349,48.7266],[-1.2334,48.7324],[-1.2392,48.7347],[-1.2395,48.7384],[-1.241,48.7404],[-1.2409,48.7452],[-1.2418,48.7475],[-1.2342,48.7484],[-1.23,48.748],[-1.225,48.7492],[-1.2207,48.7483],[-1.2209,48.7516],[-1.2168,48.7539],[-1.2176,48.7519],[-1.2172,48.7486],[-1.2194,48.7466],[-1.2164,48.7445],[-1.2082,48.7419],[-1.2033,48.7395],[-1.2003,48.7364],[-1.2065,48.7301],[-1.2104,48.7295],[-1.2132,48.7267],[-1.2131,48.725]]]}},{"type":"Feature","properties":{"code":"50473","nom":"Saint-Georges-d'Elle","pop":380},"geometry":{"type":"Polygon","coordinates":[[[-0.9997,49.1287],[-1,49.1305],[-1.0043,49.1358],[-1.0061,49.1414],[-1.0049,49.1433],[-1.002,49.1439],[-1.0019,49.1475],[-1.0036,49.1493],[-1.0024,49.1518],[-0.9993,49.1485],[-0.9882,49.1479],[-0.9852,49.152],[-0.9776,49.1537],[-0.9741,49.1583],[-0.9768,49.1593],[-0.977,49.1637],[-0.9792,49.1659],[-0.9743,49.1663],[-0.9752,49.1683],[-0.9715,49.1688],[-0.9724,49.1727],[-0.9692,49.1727],[-0.9593,49.1709],[-0.9595,49.1648],[-0.9613,49.1632],[-0.9592,49.1615],[-0.9625,49.1596],[-0.9622,49.1564],[-0.9574,49.1513],[-0.9565,49.1488],[-0.9526,49.1472],[-0.9525,49.1451],[-0.9625,49.1385],[-0.9832,49.1331],[-0.9997,49.1287]]]}},{"type":"Feature","properties":{"code":"50474","nom":"Saint-Georges-de-Rouelley","pop":515},"geometry":{"type":"Polygon","coordinates":[[[-0.7746,48.5754],[-0.7775,48.5773],[-0.7781,48.5798],[-0.7817,48.5834],[-0.7876,48.5851],[-0.7934,48.5856],[-0.7999,48.5927],[-0.803,48.594],[-0.8036,48.5986],[-0.8029,48.6012],[-0.7991,48.6036],[-0.7998,48.607],[-0.7988,48.6094],[-0.7908,48.6103],[-0.7908,48.6137],[-0.7924,48.6167],[-0.7903,48.617],[-0.7912,48.6203],[-0.789,48.6226],[-0.79,48.6279],[-0.7926,48.6303],[-0.7928,48.6328],[-0.796,48.6347],[-0.7947,48.6398],[-0.7959,48.6413],[-0.7948,48.6437],[-0.7922,48.6452],[-0.7896,48.6496],[-0.7818,48.6532],[-0.7734,48.655],[-0.7725,48.6533],[-0.7705,48.6491],[-0.7697,48.6443],[-0.7645,48.6404],[-0.7623,48.6371],[-0.7642,48.6344],[-0.7631,48.6314],[-0.7488,48.6282],[-0.7424,48.6275],[-0.7384,48.6224],[-0.7397,48.6218],[-0.7415,48.621],[-0.7477,48.6222],[-0.7527,48.6223],[-0.7536,48.6185],[-0.7511,48.6139],[-0.7507,48.609],[-0.7526,48.5998],[-0.756,48.5981],[-0.7582,48.5946],[-0.7655,48.5925],[-0.77,48.5897],[-0.769,48.5864],[-0.7702,48.5817],[-0.775,48.5778],[-0.7743,48.5752],[-0.7746,48.5754]]]}},{"type":"Feature","properties":{"code":"50475","nom":"Saint-Georges-Montcocq","pop":988},"geometry":{"type":"Polygon","coordinates":[[[-1.084,49.1257],[-1.0965,49.125],[-1.0987,49.1226],[-1.1021,49.1251],[-1.1071,49.1255],[-1.1102,49.1241],[-1.1142,49.1219],[-1.1176,49.1212],[-1.1301,49.1249],[-1.1312,49.128],[-1.1392,49.1299],[-1.1389,49.1314],[-1.1336,49.141],[-1.1316,49.1419],[-1.1309,49.1442],[-1.1265,49.1446],[-1.1212,49.1435],[-1.1168,49.1419],[-1.1148,49.1433],[-1.116,49.1458],[-1.1106,49.1501],[-1.1011,49.153],[-1.0954,49.1532],[-1.0947,49.1468],[-1.0925,49.14],[-1.0926,49.1359],[-1.0912,49.133],[-1.0865,49.1334],[-1.0828,49.1373],[-1.0762,49.138],[-1.0747,49.1368],[-1.0799,49.1316],[-1.084,49.1257]]]}},{"type":"Feature","properties":{"code":"50476","nom":"Saint-Germain-d'Elle","pop":209},"geometry":{"type":"Polygon","coordinates":[[[-0.9249,49.1015],[-0.9249,49.1009],[-0.934,49.1016],[-0.9367,49.1035],[-0.9351,49.1059],[-0.9423,49.107],[-0.9478,49.1052],[-0.9417,49.1158],[-0.9389,49.1192],[-0.9462,49.1195],[-0.9474,49.1232],[-0.9433,49.1241],[-0.9364,49.1304],[-0.9165,49.1319],[-0.9103,49.1307],[-0.908,49.1336],[-0.9056,49.1329],[-0.8996,49.1321],[-0.8965,49.1324],[-0.8864,49.1289],[-0.8895,49.1239],[-0.8931,49.1211],[-0.9017,49.1187],[-0.9072,49.1143],[-0.91,49.1133],[-0.9133,49.115],[-0.9168,49.1115],[-0.9206,49.1067],[-0.9243,49.1032],[-0.9249,49.1015]]]}},{"type":"Feature","properties":{"code":"50478","nom":"Saint-Germain-de-Tournebut","pop":418},"geometry":{"type":"Polygon","coordinates":[[[-1.3924,49.5504],[-1.3868,49.5466],[-1.3844,49.5432],[-1.3832,49.5377],[-1.3815,49.5363],[-1.3834,49.5343],[-1.3879,49.5349],[-1.3881,49.5322],[-1.3833,49.5264],[-1.3801,49.5248],[-1.3828,49.5232],[-1.3802,49.5203],[-1.3773,49.5199],[-1.3748,49.5167],[-1.3713,49.5149],[-1.3763,49.5145],[-1.3792,49.5103],[-1.3819,49.5092],[-1.3886,49.509],[-1.3927,49.5071],[-1.3962,49.5075],[-1.402,49.5035],[-1.4048,49.5057],[-1.409,49.5094],[-1.4158,49.5127],[-1.4204,49.513],[-1.4235,49.5143],[-1.4285,49.5178],[-1.4303,49.5217],[-1.4302,49.5265],[-1.4282,49.53],[-1.4244,49.5326],[-1.4215,49.5335],[-1.4188,49.5386],[-1.4188,49.5415],[-1.4211,49.5449],[-1.4207,49.5474],[-1.4115,49.5521],[-1.4097,49.5511],[-1.399,49.5501],[-1.3924,49.5504]]]}},{"type":"Feature","properties":{"code":"50479","nom":"Saint-Germain-de-Varreville","pop":109},"geometry":{"type":"Polygon","coordinates":[[[-1.2752,49.4194],[-1.2766,49.4202],[-1.2727,49.4224],[-1.2691,49.4236],[-1.2707,49.4255],[-1.274,49.4318],[-1.2604,49.4379],[-1.258,49.4398],[-1.2494,49.4441],[-1.2277,49.4539],[-1.2228,49.4557],[-1.2123,49.4473],[-1.2185,49.4447],[-1.2422,49.4337],[-1.2545,49.4275],[-1.2651,49.4231],[-1.2732,49.4212],[-1.2752,49.4194]]]}},{"type":"Feature","properties":{"code":"50480","nom":"Saint-Germain-le-Gaillard","pop":801},"geometry":{"type":"Polygon","coordinates":[[[-1.7414,49.4734],[-1.7473,49.4716],[-1.7502,49.473],[-1.7551,49.4738],[-1.7593,49.4707],[-1.7655,49.4712],[-1.769,49.4722],[-1.7712,49.4772],[-1.7737,49.4777],[-1.7812,49.476],[-1.7828,49.4778],[-1.7825,49.4821],[-1.7871,49.4792],[-1.7881,49.4836],[-1.7894,49.4852],[-1.7981,49.4864],[-1.8043,49.4829],[-1.8095,49.4866],[-1.8105,49.4883],[-1.8188,49.4918],[-1.8164,49.494],[-1.8109,49.4956],[-1.8085,49.5],[-1.8053,49.5],[-1.8005,49.5031],[-1.795,49.5029],[-1.7872,49.5056],[-1.7801,49.5067],[-1.7737,49.5049],[-1.7692,49.5068],[-1.7663,49.5019],[-1.7621,49.4977],[-1.7552,49.4999],[-1.751,49.4998],[-1.7475,49.4924],[-1.7402,49.4908],[-1.7343,49.4912],[-1.7337,49.4902],[-1.7341,49.4861],[-1.7368,49.4826],[-1.7382,49.4778],[-1.7414,49.4734]]]}},{"type":"Feature","properties":{"code":"50481","nom":"Saint-Germain-sur-Ay","pop":926},"geometry":{"type":"MultiPolygon","coordinates":[[[[-1.651,49.2362],[-1.6334,49.2448],[-1.6279,49.2489],[-1.6236,49.2507],[-1.6194,49.25],[-1.614,49.2513],[-1.6108,49.2546],[-1.6049,49.2566],[-1.6001,49.2568],[-1.5975,49.2553],[-1.5915,49.2551],[-1.5914,49.2535],[-1.5874,49.2502],[-1.5819,49.2527],[-1.5769,49.2531],[-1.5749,49.2491],[-1.5719,49.2477],[-1.5758,49.2463],[-1.5733,49.2442],[-1.5752,49.2418],[-1.5674,49.2347],[-1.5638,49.2248],[-1.5674,49.2211],[-1.5692,49.2232],[-1.5737,49.2246],[-1.5781,49.2283],[-1.5844,49.2319],[-1.5853,49.2334],[-1.5971,49.2323],[-1.6014,49.2315],[-1.6087,49.2317],[-1.6132,49.2347],[-1.6153,49.2323],[-1.6224,49.2273],[-1.6256,49.2234],[-1.626,49.2197],[-1.6251,49.2177],[-1.6248,49.2127],[-1.6284,49.2116],[-1.6406,49.2209],[-1.6457,49.2279],[-1.651,49.2362]]],[[[-1.5684,49.2196],[-1.5747,49.2231],[-1.5677,49.2204],[-1.5684,49.2196]]]]}},{"type":"Feature","properties":{"code":"50482","nom":"Saint-Germain-sur-Sèves","pop":181},"geometry":{"type":"Polygon","coordinates":[[[-1.4131,49.2148],[-1.4077,49.2155],[-1.4022,49.2199],[-1.3943,49.2204],[-1.3902,49.2217],[-1.3861,49.2254],[-1.382,49.2261],[-1.3782,49.2284],[-1.3727,49.2297],[-1.3691,49.2314],[-1.3665,49.2338],[-1.3651,49.2414],[-1.3617,49.2426],[-1.3566,49.242],[-1.3532,49.2393],[-1.3541,49.237],[-1.352,49.2305],[-1.3532,49.2278],[-1.3525,49.2243],[-1.3533,49.2229],[-1.3617,49.2176],[-1.3648,49.2119],[-1.3705,49.2075],[-1.374,49.206],[-1.3805,49.2059],[-1.3933,49.2033],[-1.3946,49.2075],[-1.3951,49.2119],[-1.3981,49.2125],[-1.4104,49.2107],[-1.4131,49.2148]]]}},{"type":"Feature","properties":{"code":"50483","nom":"Saint-Gilles","pop":1030},"geometry":{"type":"Polygon","coordinates":[[[-1.1249,49.1011],[-1.1267,49.0991],[-1.1253,49.0948],[-1.1264,49.0938],[-1.1342,49.0918],[-1.1368,49.0906],[-1.1413,49.0919],[-1.1436,49.0913],[-1.1473,49.093],[-1.1532,49.0926],[-1.1637,49.0889],[-1.1673,49.0847],[-1.1738,49.0819],[-1.1756,49.0845],[-1.1799,49.0879],[-1.1833,49.0892],[-1.1821,49.0916],[-1.1903,49.0954],[-1.1931,49.0958],[-1.1936,49.0988],[-1.198,49.1021],[-1.198,49.1026],[-1.1885,49.1034],[-1.188,49.1063],[-1.1784,49.1058],[-1.1751,49.1065],[-1.1696,49.1053],[-1.1675,49.1037],[-1.1592,49.1028],[-1.1513,49.1037],[-1.1474,49.105],[-1.1384,49.1088],[-1.1355,49.1039],[-1.1308,49.1006],[-1.1249,49.1011]]]}},{"type":"Feature","properties":{"code":"50484","nom":"Saint-Hilaire-du-Harcouët","pop":5770},"geometry":{"type":"Polygon","coordinates":[[[-1.0736,48.5581],[-1.0751,48.5598],[-1.0789,48.5606],[-1.0833,48.558],[-1.0858,48.5584],[-1.0848,48.564],[-1.0883,48.5656],[-1.0905,48.5647],[-1.0935,48.566],[-1.1012,48.5662],[-1.105,48.5652],[-1.1088,48.5659],[-1.114,48.5657],[-1.116,48.5646],[-1.1167,48.5618],[-1.1221,48.5597],[-1.1282,48.5597],[-1.1335,48.5612],[-1.1379,48.5631],[-1.1419,48.5592],[-1.1472,48.558],[-1.15,48.5533],[-1.1497,48.5503],[-1.1482,48.5474],[-1.1522,48.5424],[-1.1571,48.5406],[-1.1602,48.5387],[-1.163,48.534],[-1.1667,48.5302],[-1.1701,48.5312],[-1.1734,48.5303],[-1.1812,48.5299],[-1.1831,48.5283],[-1.1885,48.5287],[-1.1929,48.5288],[-1.1958,48.5315],[-1.1986,48.5314],[-1.1994,48.5352],[-1.2038,48.5412],[-1.2068,48.5423],[-1.2062,48.5453],[-1.2086,48.5484],[-1.2118,48.5508],[-1.2114,48.555],[-1.2165,48.5592],[-1.218,48.559],[-1.2217,48.5619],[-1.2226,48.5642],[-1.2257,48.5681],[-1.2252,48.5701],[-1.2229,48.5712],[-1.2207,48.5723],[-1.2213,48.5765],[-1.2095,48.577],[-1.2093,48.5734],[-1.2077,48.571],[-1.2032,48.5718],[-1.1951,48.5766],[-1.1927,48.5729],[-1.1905,48.5726],[-1.1883,48.5744],[-1.1853,48.573],[-1.1833,48.5763],[-1.1796,48.5774],[-1.1711,48.5817],[-1.1697,48.584],[-1.1636,48.5905],[-1.1631,48.5927],[-1.159,48.5974],[-1.1523,48.5991],[-1.1451,48.6],[-1.1398,48.603],[-1.1349,48.604],[-1.1293,48.6064],[-1.1229,48.6077],[-1.1213,48.6038],[-1.1176,48.6037],[-1.1168,48.5987],[-1.1176,48.5938],[-1.1187,48.592],[-1.1159,48.5894],[-1.1142,48.5864],[-1.1132,48.5824],[-1.109,48.583],[-1.1049,48.5825],[-1.1019,48.5838],[-1.098,48.5841],[-1.0956,48.5822],[-1.0911,48.5815],[-1.0892,48.5804],[-1.0859,48.5815],[-1.0811,48.5808],[-1.0787,48.5829],[-1.0723,48.5852],[-1.069,48.5815],[-1.0646,48.5792],[-1.0569,48.5825],[-1.0552,48.5796],[-1.0531,48.5787],[-1.0517,48.5762],[-1.0543,48.5717],[-1.0533,48.568],[-1.0549,48.5662],[-1.0555,48.5614],[-1.0577,48.5617],[-1.0579,48.5587],[-1.0619,48.5598],[-1.0721,48.5576],[-1.0736,48.5581]]]}},{"type":"Feature","properties":{"code":"50486","nom":"Saint-Jacques-de-Néhou","pop":625},"geometry":{"type":"Polygon","coordinates":[[[-1.601,49.4455],[-1.5997,49.4447],[-1.5974,49.4401],[-1.5944,49.4409],[-1.5909,49.4355],[-1.5953,49.4325],[-1.5939,49.4295],[-1.591,49.4282],[-1.5844,49.423],[-1.5856,49.4215],[-1.5842,49.4186],[-1.5815,49.4173],[-1.5806,49.4148],[-1.577,49.4133],[-1.578,49.4108],[-1.5777,49.408],[-1.5808,49.408],[-1.5806,49.404],[-1.5788,49.4014],[-1.5823,49.3985],[-1.5866,49.3987],[-1.5888,49.3997],[-1.5941,49.3984],[-1.5979,49.3996],[-1.6077,49.3994],[-1.6096,49.4006],[-1.6118,49.4015],[-1.6193,49.401],[-1.6255,49.3991],[-1.6283,49.3998],[-1.6403,49.3979],[-1.6424,49.4006],[-1.6417,49.4026],[-1.6431,49.4046],[-1.649,49.409],[-1.6522,49.4104],[-1.654,49.4132],[-1.648,49.4195],[-1.6468,49.4242],[-1.6473,49.4293],[-1.6521,49.4312],[-1.6518,49.4329],[-1.6481,49.4355],[-1.647,49.4389],[-1.6421,49.438],[-1.6359,49.4388],[-1.6318,49.4421],[-1.6216,49.4448],[-1.6182,49.4464],[-1.6136,49.4442],[-1.6062,49.4444],[-1.6053,49.4455],[-1.601,49.4455]]]}},{"type":"Feature","properties":{"code":"50487","nom":"Saint-James","pop":5018},"geometry":{"type":"Polygon","coordinates":[[[-1.364,48.5748],[-1.357,48.5708],[-1.3538,48.5675],[-1.3515,48.5667],[-1.3485,48.5635],[-1.3486,48.5607],[-1.3462,48.5575],[-1.3433,48.5569],[-1.343,48.553],[-1.3412,48.5507],[-1.3363,48.5532],[-1.3336,48.5503],[-1.3345,48.5484],[-1.3314,48.5466],[-1.3258,48.5471],[-1.3196,48.5464],[-1.309,48.542],[-1.2998,48.5416],[-1.3011,48.538],[-1.2967,48.5349],[-1.2951,48.5309],[-1.2975,48.5287],[-1.2986,48.5253],[-1.3026,48.5229],[-1.3068,48.5214],[-1.31,48.5219],[-1.3117,48.5242],[-1.3164,48.5236],[-1.3174,48.5222],[-1.321,48.522],[-1.3211,48.5204],[-1.3178,48.5197],[-1.3167,48.5181],[-1.3174,48.5141],[-1.3136,48.5135],[-1.3121,48.5118],[-1.305,48.5156],[-1.301,48.5161],[-1.295,48.5156],[-1.2927,48.5134],[-1.2905,48.5135],[-1.2875,48.5096],[-1.2881,48.507],[-1.2938,48.5061],[-1.3006,48.499],[-1.3057,48.4991],[-1.3126,48.4983],[-1.3177,48.496],[-1.3226,48.4995],[-1.328,48.498],[-1.3293,48.4962],[-1.3277,48.4938],[-1.3315,48.4926],[-1.3287,48.4862],[-1.3304,48.4861],[-1.3321,48.4889],[-1.3371,48.4912],[-1.3394,48.491],[-1.3442,48.4872],[-1.3459,48.4836],[-1.3495,48.4817],[-1.3448,48.4729],[-1.3479,48.4713],[-1.3503,48.4716],[-1.3535,48.468],[-1.3569,48.4668],[-1.3606,48.468],[-1.3656,48.4661],[-1.3677,48.4621],[-1.3715,48.4599],[-1.3814,48.4568],[-1.3878,48.4579],[-1.3936,48.4614],[-1.397,48.4622],[-1.3995,48.461],[-1.4037,48.4615],[-1.4076,48.4601],[-1.4107,48.4605],[-1.4153,48.4629],[-1.4219,48.4603],[-1.4293,48.4622],[-1.4314,48.4657],[-1.4358,48.4676],[-1.4409,48.4719],[-1.4369,48.4738],[-1.4344,48.4764],[-1.4255,48.4749],[-1.423,48.478],[-1.4258,48.482],[-1.4288,48.4837],[-1.4267,48.4862],[-1.429,48.4882],[-1.432,48.4892],[-1.4327,48.4942],[-1.4304,48.4974],[-1.4308,48.4999],[-1.434,48.5021],[-1.4284,48.5021],[-1.4238,48.5068],[-1.4273,48.5083],[-1.4282,48.5123],[-1.4235,48.5176],[-1.4153,48.5147],[-1.4131,48.5156],[-1.4096,48.52],[-1.4051,48.5205],[-1.4086,48.517],[-1.4035,48.514],[-1.4007,48.5164],[-1.3978,48.5169],[-1.3932,48.5208],[-1.3893,48.5263],[-1.3934,48.529],[-1.4122,48.531],[-1.4131,48.5294],[-1.4163,48.5293],[-1.4162,48.5337],[-1.4184,48.5349],[-1.4148,48.5363],[-1.4126,48.5394],[-1.4164,48.5473],[-1.4195,48.5522],[-1.4282,48.5533],[-1.4256,48.5578],[-1.4231,48.5598],[-1.4128,48.5629],[-1.4083,48.5659],[-1.4073,48.5693],[-1.4103,48.574],[-1.415,48.58],[-1.4152,48.5857],[-1.4089,48.5825],[-1.4025,48.5803],[-1.3965,48.5825],[-1.3937,48.5821],[-1.3886,48.5779],[-1.3883,48.5754],[-1.3857,48.5724],[-1.3852,48.5698],[-1.3806,48.5692],[-1.3774,48.5702],[-1.3722,48.5684],[-1.3691,48.5732],[-1.364,48.5748]]]}},{"type":"Feature","properties":{"code":"50488","nom":"Saint-Jean-de-Daye","pop":656},"geometry":{"type":"Polygon","coordinates":[[[-1.1608,49.2333],[-1.1609,49.2339],[-1.1567,49.2333],[-1.1518,49.2346],[-1.1462,49.2368],[-1.1424,49.2373],[-1.1396,49.2412],[-1.1349,49.2422],[-1.1348,49.2445],[-1.1296,49.2483],[-1.1271,49.2476],[-1.1311,49.2424],[-1.1292,49.2398],[-1.1236,49.2387],[-1.1194,49.2388],[-1.1204,49.2353],[-1.1245,49.2322],[-1.1218,49.2288],[-1.1245,49.2261],[-1.1253,49.2238],[-1.1231,49.2223],[-1.1251,49.2196],[-1.1321,49.2188],[-1.1318,49.2213],[-1.1348,49.2235],[-1.1394,49.2234],[-1.1433,49.2246],[-1.1475,49.2227],[-1.1469,49.2262],[-1.1486,49.2289],[-1.1535,49.2292],[-1.1539,49.2304],[-1.1588,49.231],[-1.1608,49.2333]]]}},{"type":"Feature","properties":{"code":"50489","nom":"Saint-Jean-de-la-Haize","pop":535},"geometry":{"type":"Polygon","coordinates":[[[-1.3412,48.7587],[-1.3378,48.7568],[-1.3367,48.7533],[-1.338,48.7508],[-1.337,48.7481],[-1.3391,48.7459],[-1.3398,48.7429],[-1.3456,48.7385],[-1.3469,48.7345],[-1.3489,48.7334],[-1.3456,48.7293],[-1.3498,48.7281],[-1.3482,48.7171],[-1.3493,48.717],[-1.3532,48.7128],[-1.3581,48.7048],[-1.3505,48.7005],[-1.3555,48.6989],[-1.3558,48.6972],[-1.3606,48.6951],[-1.3622,48.6936],[-1.3673,48.6935],[-1.3704,48.6947],[-1.3707,48.6967],[-1.3759,48.703],[-1.3783,48.7026],[-1.3793,48.7082],[-1.3828,48.7142],[-1.3822,48.7153],[-1.3795,48.7166],[-1.377,48.7194],[-1.3767,48.7219],[-1.3746,48.7244],[-1.3671,48.7278],[-1.3607,48.7295],[-1.3608,48.7332],[-1.3556,48.7381],[-1.3514,48.7379],[-1.3513,48.7419],[-1.3499,48.7449],[-1.3433,48.7547],[-1.3412,48.7587]]]}},{"type":"Feature","properties":{"code":"50490","nom":"Saint-Jean-de-la-Rivière","pop":363},"geometry":{"type":"Polygon","coordinates":[[[-1.761,49.3597],[-1.755,49.3654],[-1.7502,49.371],[-1.7493,49.3709],[-1.7447,49.3763],[-1.7403,49.3777],[-1.7369,49.3799],[-1.7312,49.3788],[-1.7319,49.3777],[-1.7279,49.3763],[-1.7259,49.3782],[-1.7235,49.3784],[-1.7164,49.3805],[-1.714,49.3799],[-1.715,49.3783],[-1.7192,49.3769],[-1.7179,49.3742],[-1.7262,49.3703],[-1.7286,49.3714],[-1.7334,49.3688],[-1.7407,49.3631],[-1.7526,49.3532],[-1.761,49.3597]]]}},{"type":"Feature","properties":{"code":"50491","nom":"Saint-Jean-de-Savigny","pop":416},"geometry":{"type":"Polygon","coordinates":[[[-1.0243,49.2039],[-1.014,49.204],[-1.0113,49.2049],[-1.0081,49.2042],[-1.0072,49.2011],[-1.0009,49.2013],[-0.9963,49.2007],[-0.9936,49.1982],[-0.9905,49.1988],[-0.9876,49.1977],[-0.987,49.1943],[-0.9888,49.1912],[-0.987,49.1868],[-0.9841,49.1851],[-0.9849,49.1827],[-0.9672,49.18],[-0.9705,49.1765],[-0.9864,49.1793],[-0.9878,49.1777],[-0.9954,49.1774],[-0.9978,49.179],[-1.0026,49.1792],[-1.0085,49.1778],[-1.0108,49.1759],[-1.0203,49.1752],[-1.0248,49.1776],[-1.0231,49.1896],[-1.0217,49.1926],[-1.0192,49.1946],[-1.0201,49.198],[-1.0244,49.2014],[-1.0243,49.2039]]]}},{"type":"Feature","properties":{"code":"50492","nom":"Saint-Jean-d'Elle","pop":2516},"geometry":{"type":"Polygon","coordinates":[[[-0.992,49.0671],[-0.9978,49.0687],[-1.0027,49.0692],[-1.0062,49.072],[-1.0059,49.0752],[-1.0107,49.0759],[-1.0106,49.0802],[-1.0177,49.0818],[-1.0206,49.0808],[-1.0283,49.0842],[-1.0333,49.0878],[-1.0286,49.0911],[-1.0212,49.0917],[-1.0197,49.0909],[-1.0136,49.0921],[-1.0067,49.0949],[-1.0039,49.0949],[-1.0031,49.097],[-1.0058,49.098],[-1.0085,49.1009],[-1.0046,49.104],[-0.9986,49.1046],[-0.9953,49.1059],[-0.9925,49.1083],[-0.9916,49.1123],[-0.9886,49.113],[-0.9832,49.1153],[-0.9735,49.1174],[-0.9714,49.1191],[-0.9618,49.1201],[-0.9557,49.1196],[-0.9462,49.1195],[-0.9389,49.1192],[-0.9417,49.1158],[-0.9478,49.1052],[-0.9423,49.107],[-0.9351,49.1059],[-0.9367,49.1035],[-0.934,49.1016],[-0.9249,49.1009],[-0.9058,49.0995],[-0.8958,49.1025],[-0.8867,49.104],[-0.8834,49.1053],[-0.8776,49.1055],[-0.8784,49.1029],[-0.879,49.1004],[-0.8775,49.0991],[-0.878,49.0934],[-0.8805,49.0891],[-0.8887,49.088],[-0.8914,49.087],[-0.8956,49.0881],[-0.8984,49.0903],[-0.9083,49.0923],[-0.9124,49.0921],[-0.9197,49.0887],[-0.9229,49.0902],[-0.9241,49.0927],[-0.9287,49.0853],[-0.937,49.0758],[-0.9383,49.0729],[-0.9379,49.0709],[-0.9395,49.0688],[-0.9428,49.0704],[-0.945,49.069],[-0.9509,49.069],[-0.9535,49.0703],[-0.9562,49.0676],[-0.9594,49.0668],[-0.9684,49.0729],[-0.9791,49.0695],[-0.9898,49.0666],[-0.992,49.0671]]]}},{"type":"Feature","properties":{"code":"50493","nom":"Saint-Jean-des-Champs","pop":1534},"geometry":{"type":"Polygon","coordinates":[[[-1.4756,48.8205],[-1.4781,48.8224],[-1.4765,48.8235],[-1.4714,48.8215],[-1.4666,48.8283],[-1.4681,48.8313],[-1.468,48.8344],[-1.4698,48.8385],[-1.4716,48.8405],[-1.4766,48.8368],[-1.4798,48.8384],[-1.4841,48.8381],[-1.4851,48.8369],[-1.4965,48.8386],[-1.4973,48.8424],[-1.499,48.8463],[-1.5052,48.8474],[-1.5054,48.8517],[-1.5033,48.8527],[-1.5016,48.8534],[-1.4961,48.8529],[-1.4881,48.8504],[-1.4815,48.8492],[-1.4742,48.852],[-1.4732,48.8534],[-1.4665,48.8556],[-1.462,48.8564],[-1.4526,48.8561],[-1.449,48.8544],[-1.4437,48.8562],[-1.4424,48.854],[-1.4413,48.8487],[-1.4463,48.8472],[-1.4478,48.8413],[-1.4517,48.8402],[-1.4545,48.8354],[-1.4512,48.8324],[-1.4509,48.8295],[-1.4457,48.8288],[-1.4411,48.8314],[-1.4359,48.832],[-1.4316,48.8308],[-1.4352,48.8291],[-1.445,48.8222],[-1.4503,48.8221],[-1.4528,48.821],[-1.453,48.819],[-1.4453,48.8176],[-1.446,48.8132],[-1.4472,48.8104],[-1.4389,48.8103],[-1.4406,48.8074],[-1.4383,48.8066],[-1.4332,48.8074],[-1.4323,48.8025],[-1.4298,48.8012],[-1.4283,48.7966],[-1.4355,48.7962],[-1.4428,48.7973],[-1.4476,48.7953],[-1.4521,48.7953],[-1.4539,48.7974],[-1.4595,48.7941],[-1.4672,48.7935],[-1.4697,48.7925],[-1.4741,48.7932],[-1.478,48.7921],[-1.4839,48.7935],[-1.4882,48.7954],[-1.4914,48.7955],[-1.4915,48.7997],[-1.4852,48.8043],[-1.4833,48.8082],[-1.4807,48.8088],[-1.4775,48.8122],[-1.473,48.8188],[-1.4756,48.8205]]]}},{"type":"Feature","properties":{"code":"50495","nom":"Saint-Jean-du-Corail-des-Bois","pop":70},"geometry":{"type":"Polygon","coordinates":[[[-1.2086,48.7842],[-1.2024,48.7826],[-1.2009,48.781],[-1.1865,48.7807],[-1.187,48.7826],[-1.1847,48.7815],[-1.1854,48.7797],[-1.1839,48.7775],[-1.1855,48.7741],[-1.1892,48.774],[-1.1896,48.7756],[-1.1941,48.7754],[-1.1941,48.7728],[-1.1986,48.7696],[-1.1985,48.7655],[-1.2035,48.7658],[-1.2059,48.7631],[-1.2056,48.7598],[-1.2087,48.7566],[-1.2157,48.7615],[-1.2202,48.7621],[-1.2224,48.7647],[-1.2201,48.7679],[-1.216,48.7713],[-1.211,48.7742],[-1.2108,48.7792],[-1.2086,48.7842]]]}},{"type":"Feature","properties":{"code":"50496","nom":"Saint-Jean-le-Thomas","pop":401},"geometry":{"type":"Polygon","coordinates":[[[-1.5329,48.7312],[-1.523,48.7336],[-1.52,48.7324],[-1.5159,48.732],[-1.5068,48.7339],[-1.5037,48.7328],[-1.4996,48.7331],[-1.5026,48.7303],[-1.504,48.7255],[-1.5019,48.7233],[-1.5068,48.7216],[-1.5087,48.7227],[-1.5162,48.7171],[-1.5186,48.7168],[-1.5205,48.7211],[-1.5249,48.7232],[-1.5266,48.7268],[-1.529,48.7299],[-1.5329,48.7312]]]}},{"type":"Feature","properties":{"code":"50498","nom":"Saint-Joseph","pop":822},"geometry":{"type":"Polygon","coordinates":[[[-1.5211,49.5132],[-1.5251,49.5179],[-1.5302,49.5216],[-1.5394,49.5185],[-1.5442,49.5162],[-1.5485,49.5218],[-1.5516,49.5232],[-1.5513,49.5286],[-1.5527,49.5298],[-1.5512,49.5344],[-1.5384,49.5401],[-1.5319,49.5401],[-1.5205,49.5467],[-1.5188,49.5492],[-1.519,49.5559],[-1.5182,49.5553],[-1.5036,49.545],[-1.4993,49.538],[-1.5012,49.5357],[-1.4982,49.5328],[-1.5016,49.5315],[-1.5029,49.5297],[-1.5056,49.5292],[-1.5059,49.5262],[-1.508,49.5246],[-1.5144,49.5222],[-1.5081,49.516],[-1.5087,49.5136],[-1.5211,49.5132]]]}},{"type":"Feature","properties":{"code":"50499","nom":"Saint-Laurent-de-Cuves","pop":496},"geometry":{"type":"Polygon","coordinates":[[[-1.1414,48.7404],[-1.1409,48.7451],[-1.1436,48.7495],[-1.1424,48.7556],[-1.1409,48.7572],[-1.1409,48.76],[-1.1379,48.7606],[-1.1329,48.7606],[-1.1338,48.7624],[-1.1328,48.7674],[-1.1313,48.7685],[-1.1251,48.7705],[-1.1121,48.771],[-1.1072,48.7692],[-1.1056,48.767],[-1.1012,48.7681],[-1.0969,48.7646],[-1.0991,48.7618],[-1.098,48.7588],[-1.0948,48.7574],[-1.087,48.7581],[-1.0818,48.7562],[-1.0728,48.7558],[-1.0727,48.7519],[-1.0736,48.7506],[-1.0808,48.7461],[-1.0913,48.7444],[-1.0936,48.7444],[-1.0999,48.7424],[-1.1028,48.7398],[-1.104,48.7366],[-1.1076,48.7352],[-1.1064,48.7321],[-1.1075,48.7311],[-1.1118,48.7321],[-1.1221,48.7332],[-1.127,48.736],[-1.1308,48.7341],[-1.1297,48.7327],[-1.1338,48.7303],[-1.1328,48.7292],[-1.1348,48.7261],[-1.1403,48.7232],[-1.14,48.7215],[-1.1408,48.7202],[-1.1455,48.7195],[-1.1464,48.7221],[-1.1452,48.7246],[-1.1411,48.7263],[-1.1419,48.7289],[-1.1401,48.7332],[-1.1397,48.7393],[-1.1414,48.7404]]]}},{"type":"Feature","properties":{"code":"50500","nom":"Saint-Laurent-de-Terregatte","pop":637},"geometry":{"type":"Polygon","coordinates":[[[-1.2489,48.5437],[-1.2493,48.5437],[-1.2495,48.5471],[-1.2517,48.5505],[-1.2501,48.5524],[-1.2497,48.5562],[-1.251,48.5608],[-1.2581,48.5611],[-1.2605,48.5624],[-1.2684,48.5641],[-1.2687,48.5655],[-1.2738,48.5661],[-1.2787,48.5683],[-1.277,48.5707],[-1.2748,48.5707],[-1.2728,48.5734],[-1.2722,48.5778],[-1.2707,48.5817],[-1.2703,48.5889],[-1.268,48.5899],[-1.269,48.5936],[-1.273,48.5969],[-1.267,48.5979],[-1.2674,48.6014],[-1.2623,48.604],[-1.259,48.6064],[-1.2543,48.6044],[-1.2523,48.6003],[-1.2483,48.5975],[-1.2464,48.5917],[-1.2422,48.5892],[-1.2428,48.5865],[-1.2413,48.5843],[-1.2346,48.5832],[-1.2337,48.5787],[-1.2318,48.5763],[-1.2268,48.5745],[-1.2229,48.5712],[-1.2252,48.5701],[-1.2257,48.5681],[-1.2226,48.5642],[-1.2217,48.5619],[-1.218,48.559],[-1.2165,48.5592],[-1.2114,48.555],[-1.2118,48.5508],[-1.215,48.5496],[-1.2187,48.55],[-1.2254,48.5479],[-1.2262,48.5428],[-1.2312,48.5425],[-1.2414,48.5436],[-1.2489,48.5437]]]}},{"type":"Feature","properties":{"code":"50502","nom":"Saint-Lô","pop":19471},"geometry":{"type":"Polygon","coordinates":[[[-1.084,49.1257],[-1.0831,49.1242],[-1.0782,49.1258],[-1.0732,49.1306],[-1.0685,49.1326],[-1.0589,49.1391],[-1.057,49.1383],[-1.0504,49.1377],[-1.0499,49.1358],[-1.0467,49.1324],[-1.0427,49.1267],[-1.0377,49.1179],[-1.0364,49.1146],[-1.0376,49.1135],[-1.0363,49.1112],[-1.0358,49.1056],[-1.0401,49.1008],[-1.0422,49.0975],[-1.0428,49.0976],[-1.0482,49.0982],[-1.0556,49.0961],[-1.0576,49.0935],[-1.0623,49.0922],[-1.0638,49.0904],[-1.0672,49.0891],[-1.0719,49.094],[-1.077,49.0947],[-1.0808,49.0933],[-1.0851,49.0883],[-1.0903,49.0894],[-1.0929,49.0885],[-1.0918,49.0855],[-1.0952,49.0876],[-1.0964,49.0894],[-1.1016,49.0899],[-1.1002,49.0873],[-1.1058,49.0884],[-1.1067,49.0903],[-1.1131,49.0907],[-1.1133,49.0884],[-1.1181,49.0897],[-1.1152,49.091],[-1.1207,49.0924],[-1.1222,49.0946],[-1.1253,49.0948],[-1.1267,49.0991],[-1.1249,49.1011],[-1.1262,49.1034],[-1.124,49.1058],[-1.1239,49.1078],[-1.1204,49.1106],[-1.116,49.1121],[-1.11,49.112],[-1.105,49.1134],[-1.1061,49.116],[-1.102,49.1168],[-1.1005,49.1197],[-1.1031,49.1234],[-1.1102,49.1241],[-1.1071,49.1255],[-1.1021,49.1251],[-1.0987,49.1226],[-1.0965,49.125],[-1.084,49.1257]]]}},{"type":"Feature","properties":{"code":"50504","nom":"Saint-Louet-sur-Vire","pop":210},"geometry":{"type":"Polygon","coordinates":[[[-0.988,48.9761],[-0.9939,48.9785],[-0.9957,48.9775],[-1.0005,48.9782],[-0.998,48.9813],[-1.0015,48.9839],[-0.9993,48.988],[-0.9997,48.9905],[-0.998,48.9944],[-0.9903,48.9967],[-0.9921,48.9984],[-0.997,48.9987],[-1.0009,48.9971],[-1.0042,48.9971],[-1.0082,48.9995],[-1.0144,48.9996],[-1.0114,49.0031],[-1.0072,49.0053],[-1.0028,49.0062],[-1.0005,49.0079],[-0.9947,49.01],[-0.9898,49.0097],[-0.9837,49.0124],[-0.9819,49.0098],[-0.9737,49.005],[-0.9724,49.0017],[-0.9757,49.0002],[-0.9728,48.9967],[-0.9733,48.9944],[-0.9688,48.9914],[-0.9691,48.9855],[-0.966,48.9812],[-0.9719,48.9794],[-0.9784,48.9808],[-0.9816,48.9846],[-0.9854,48.9789],[-0.9878,48.9778],[-0.988,48.9761]]]}},{"type":"Feature","properties":{"code":"50505","nom":"Saint-Loup","pop":686},"geometry":{"type":"Polygon","coordinates":[[[-1.2748,48.6699],[-1.2768,48.6688],[-1.2813,48.6682],[-1.2894,48.6648],[-1.2935,48.6643],[-1.2979,48.6614],[-1.2998,48.6576],[-1.3067,48.655],[-1.3094,48.6522],[-1.3147,48.6506],[-1.3183,48.6519],[-1.3246,48.6524],[-1.3302,48.6517],[-1.3361,48.6537],[-1.3371,48.6553],[-1.3323,48.6581],[-1.3291,48.6609],[-1.3226,48.662],[-1.3162,48.6616],[-1.3152,48.6623],[-1.3156,48.669],[-1.3128,48.6719],[-1.3135,48.676],[-1.308,48.6762],[-1.2971,48.6756],[-1.2924,48.6786],[-1.2841,48.679],[-1.2787,48.6784],[-1.2779,48.6747],[-1.2748,48.6699]]]}},{"type":"Feature","properties":{"code":"50506","nom":"Saint-Malo-de-la-Lande","pop":460},"geometry":{"type":"Polygon","coordinates":[[[-1.5591,49.0502],[-1.5605,49.054],[-1.5568,49.0603],[-1.5477,49.0643],[-1.5458,49.0656],[-1.5464,49.0713],[-1.5488,49.0736],[-1.547,49.0764],[-1.5416,49.0776],[-1.5354,49.0759],[-1.5327,49.0762],[-1.5289,49.0756],[-1.5315,49.0697],[-1.5332,49.0676],[-1.5308,49.0661],[-1.527,49.0654],[-1.5259,49.0639],[-1.5275,49.0618],[-1.5289,49.0603],[-1.5364,49.056],[-1.5426,49.0532],[-1.5485,49.0528],[-1.556,49.0505],[-1.5591,49.0502]]]}},{"type":"Feature","properties":{"code":"50507","nom":"Saint-Marcouf","pop":355},"geometry":{"type":"Polygon","coordinates":[[[-1.3309,49.4756],[-1.3312,49.4764],[-1.3191,49.4793],[-1.3133,49.4811],[-1.3072,49.4823],[-1.3062,49.4814],[-1.2981,49.4861],[-1.2886,49.4901],[-1.2872,49.4931],[-1.2835,49.4945],[-1.2845,49.4969],[-1.2736,49.5035],[-1.2703,49.5007],[-1.264,49.493],[-1.2561,49.4843],[-1.2539,49.4824],[-1.2572,49.4808],[-1.2522,49.4748],[-1.2584,49.4714],[-1.2586,49.4704],[-1.2693,49.4705],[-1.2767,49.4658],[-1.276,49.4644],[-1.2804,49.4607],[-1.284,49.4593],[-1.2895,49.4563],[-1.296,49.4596],[-1.2989,49.4611],[-1.3029,49.4657],[-1.3037,49.4685],[-1.3071,49.4672],[-1.3158,49.4676],[-1.3176,49.4666],[-1.3207,49.4697],[-1.3283,49.4703],[-1.3309,49.4756]]]}},{"type":"Feature","properties":{"code":"50509","nom":"Sainte-Marie-du-Mont","pop":685},"geometry":{"type":"Polygon","coordinates":[[[-1.2512,49.3977],[-1.252,49.3985],[-1.2459,49.4011],[-1.2412,49.4034],[-1.2395,49.403],[-1.2346,49.4067],[-1.2255,49.409],[-1.224,49.4105],[-1.2207,49.411],[-1.2217,49.4135],[-1.2204,49.415],[-1.2133,49.4164],[-1.1998,49.4203],[-1.2027,49.4222],[-1.201,49.4249],[-1.1965,49.4262],[-1.1894,49.4296],[-1.1782,49.4201],[-1.1675,49.4082],[-1.1672,49.4037],[-1.1652,49.4008],[-1.1645,49.3975],[-1.1624,49.3926],[-1.1624,49.3895],[-1.1666,49.3837],[-1.1738,49.3786],[-1.1774,49.3798],[-1.1792,49.3777],[-1.179,49.3743],[-1.1767,49.3692],[-1.1764,49.3666],[-1.1779,49.3648],[-1.1825,49.3636],[-1.1854,49.3646],[-1.1879,49.3639],[-1.1919,49.3673],[-1.1936,49.3666],[-1.1953,49.3721],[-1.1947,49.3742],[-1.1994,49.3759],[-1.2084,49.3767],[-1.2113,49.3787],[-1.2166,49.3784],[-1.2236,49.3747],[-1.2266,49.3738],[-1.2297,49.3753],[-1.2361,49.3749],[-1.2389,49.3764],[-1.2424,49.3758],[-1.2486,49.3792],[-1.2564,49.3825],[-1.2602,49.3814],[-1.2638,49.3814],[-1.2601,49.3843],[-1.2568,49.3853],[-1.2508,49.3857],[-1.2475,49.3874],[-1.2391,49.39],[-1.2478,49.3949],[-1.2512,49.3977]]]}},{"type":"Feature","properties":{"code":"50510","nom":"Saint-Martin-d'Aubigny","pop":606},"geometry":{"type":"Polygon","coordinates":[[[-1.391,49.1709],[-1.3908,49.1725],[-1.3876,49.1758],[-1.3869,49.1783],[-1.3851,49.18],[-1.3793,49.1827],[-1.3762,49.1849],[-1.3708,49.1877],[-1.368,49.1872],[-1.3657,49.185],[-1.361,49.1834],[-1.3577,49.1832],[-1.3556,49.1857],[-1.3529,49.1866],[-1.3433,49.1851],[-1.3272,49.1805],[-1.328,49.179],[-1.3207,49.1738],[-1.3239,49.1727],[-1.3217,49.171],[-1.3245,49.1651],[-1.3188,49.1637],[-1.3227,49.1612],[-1.3244,49.1587],[-1.3277,49.156],[-1.3308,49.1505],[-1.3381,49.147],[-1.344,49.1453],[-1.3483,49.144],[-1.3506,49.1444],[-1.3481,49.1482],[-1.3509,49.1505],[-1.3593,49.1521],[-1.3648,49.1553],[-1.3659,49.159],[-1.3717,49.1606],[-1.3716,49.1615],[-1.3795,49.1673],[-1.3893,49.1681],[-1.391,49.1709]]]}},{"type":"Feature","properties":{"code":"50511","nom":"Saint-Martin-d'Audouville","pop":158},"geometry":{"type":"Polygon","coordinates":[[[-1.3815,49.5363],[-1.3772,49.538],[-1.3675,49.5367],[-1.3647,49.5369],[-1.3649,49.5397],[-1.3613,49.5405],[-1.3595,49.536],[-1.3561,49.5325],[-1.3537,49.531],[-1.3518,49.5254],[-1.348,49.5233],[-1.3576,49.5228],[-1.3649,49.5241],[-1.3725,49.5209],[-1.3773,49.5199],[-1.3802,49.5203],[-1.3828,49.5232],[-1.3801,49.5248],[-1.3833,49.5264],[-1.3881,49.5322],[-1.3879,49.5349],[-1.3834,49.5343],[-1.3815,49.5363]]]}},{"type":"Feature","properties":{"code":"50512","nom":"Saint-Martin-de-Bonfossé","pop":530},"geometry":{"type":"Polygon","coordinates":[[[-1.1974,49.0199],[-1.1994,49.0247],[-1.1967,49.0276],[-1.1984,49.0326],[-1.2001,49.0328],[-1.2041,49.0355],[-1.2042,49.0377],[-1.2068,49.0395],[-1.2074,49.0424],[-1.2121,49.0437],[-1.215,49.0473],[-1.2114,49.05],[-1.2045,49.0489],[-1.2032,49.0459],[-1.2008,49.0451],[-1.1881,49.0468],[-1.1892,49.0503],[-1.1919,49.0525],[-1.196,49.0578],[-1.1912,49.0603],[-1.1855,49.0607],[-1.1795,49.0627],[-1.1697,49.0642],[-1.1679,49.0618],[-1.1666,49.058],[-1.1631,49.0532],[-1.1601,49.0502],[-1.1649,49.0469],[-1.1573,49.0396],[-1.155,49.039],[-1.1507,49.0437],[-1.1494,49.0464],[-1.1463,49.0458],[-1.1432,49.0453],[-1.1415,49.0435],[-1.1416,49.0411],[-1.1364,49.0397],[-1.1313,49.0339],[-1.132,49.0326],[-1.1301,49.0295],[-1.1357,49.0294],[-1.1442,49.0281],[-1.1579,49.0244],[-1.1608,49.0278],[-1.1627,49.0273],[-1.1658,49.0304],[-1.1673,49.0302],[-1.1708,49.0325],[-1.1715,49.0359],[-1.1771,49.0361],[-1.1778,49.0348],[-1.1834,49.036],[-1.1898,49.0302],[-1.1901,49.0216],[-1.1918,49.0205],[-1.1974,49.0199]]]}},{"type":"Feature","properties":{"code":"50513","nom":"Saint-Martin-de-Cenilly","pop":208},"geometry":{"type":"Polygon","coordinates":[[[-1.3032,48.9734],[-1.3008,48.9742],[-1.3014,48.9782],[-1.3039,48.9801],[-1.3066,48.9834],[-1.2997,48.9885],[-1.2978,48.9918],[-1.3008,48.9939],[-1.2967,48.9925],[-1.2911,48.9921],[-1.287,48.9903],[-1.2817,48.9896],[-1.2784,48.9878],[-1.2701,48.9873],[-1.2655,48.986],[-1.2682,48.9782],[-1.2668,48.9741],[-1.2681,48.9737],[-1.2682,48.9673],[-1.2741,48.9667],[-1.2778,48.967],[-1.2844,48.9657],[-1.2889,48.9637],[-1.2938,48.9625],[-1.2976,48.9668],[-1.2996,48.9706],[-1.3032,48.9734]]]}},{"type":"Feature","properties":{"code":"50514","nom":"Chaulieu","pop":274},"geometry":{"type":"Polygon","coordinates":[[[-0.8412,48.7524],[-0.8423,48.7513],[-0.8494,48.7487],[-0.8523,48.7457],[-0.8512,48.7404],[-0.8515,48.7356],[-0.8501,48.7311],[-0.8426,48.7286],[-0.8472,48.7275],[-0.8514,48.7256],[-0.8605,48.7263],[-0.8657,48.7281],[-0.868,48.7301],[-0.8733,48.7329],[-0.8833,48.7407],[-0.89,48.7402],[-0.895,48.7409],[-0.8917,48.746],[-0.8863,48.7491],[-0.8857,48.7523],[-0.887,48.7532],[-0.8852,48.7574],[-0.8839,48.7564],[-0.8717,48.7557],[-0.8676,48.758],[-0.8653,48.7605],[-0.8582,48.7615],[-0.854,48.7641],[-0.8429,48.7641],[-0.8377,48.7651],[-0.8323,48.7655],[-0.826,48.769],[-0.8235,48.7716],[-0.8198,48.7696],[-0.8227,48.7651],[-0.825,48.7636],[-0.8323,48.7624],[-0.8356,48.7596],[-0.838,48.7537],[-0.8412,48.7524]]]}},{"type":"Feature","properties":{"code":"50517","nom":"Saint-Martin-de-Varreville","pop":173},"geometry":{"type":"Polygon","coordinates":[[[-1.2597,49.4107],[-1.2633,49.4123],[-1.2649,49.4142],[-1.2752,49.4194],[-1.2732,49.4212],[-1.2651,49.4231],[-1.2545,49.4275],[-1.2422,49.4337],[-1.2185,49.4447],[-1.2123,49.4473],[-1.1967,49.4354],[-1.2022,49.4311],[-1.2171,49.4244],[-1.2289,49.4232],[-1.2363,49.4216],[-1.2453,49.4181],[-1.2492,49.416],[-1.2557,49.415],[-1.2597,49.4107]]]}},{"type":"Feature","properties":{"code":"50518","nom":"Saint-Martin-le-Bouillant","pop":301},"geometry":{"type":"Polygon","coordinates":[[[-1.1346,48.7982],[-1.1341,48.7957],[-1.1371,48.791],[-1.1388,48.7906],[-1.1405,48.787],[-1.138,48.783],[-1.1383,48.7798],[-1.1348,48.7744],[-1.1349,48.7708],[-1.1328,48.7674],[-1.1338,48.7624],[-1.1329,48.7606],[-1.1379,48.7606],[-1.1409,48.76],[-1.1469,48.7602],[-1.1499,48.7623],[-1.1604,48.7666],[-1.1701,48.7666],[-1.1731,48.7675],[-1.1763,48.7668],[-1.1816,48.7675],[-1.1814,48.7699],[-1.1857,48.7716],[-1.1855,48.7741],[-1.1839,48.7775],[-1.1854,48.7797],[-1.1847,48.7815],[-1.187,48.7826],[-1.1854,48.7852],[-1.186,48.7883],[-1.1833,48.7913],[-1.1802,48.7933],[-1.179,48.7956],[-1.1762,48.7968],[-1.1755,48.7996],[-1.1735,48.8003],[-1.1694,48.7972],[-1.161,48.7945],[-1.1498,48.7949],[-1.1369,48.7974],[-1.1346,48.7982]]]}},{"type":"Feature","properties":{"code":"50519","nom":"Saint-Martin-le-Gréard","pop":606},"geometry":{"type":"Polygon","coordinates":[[[-1.633,49.5495],[-1.6444,49.5475],[-1.6486,49.5458],[-1.6508,49.5429],[-1.6565,49.5426],[-1.6581,49.5458],[-1.6545,49.5502],[-1.6592,49.5521],[-1.6582,49.5548],[-1.6622,49.5582],[-1.658,49.5588],[-1.6583,49.5615],[-1.651,49.5612],[-1.6491,49.5605],[-1.6442,49.5626],[-1.6393,49.5623],[-1.6375,49.5596],[-1.6379,49.5587],[-1.6323,49.5514],[-1.633,49.5495]]]}},{"type":"Feature","properties":{"code":"50521","nom":"Saint-Maur-des-Bois","pop":153},"geometry":{"type":"Polygon","coordinates":[[[-1.1574,48.8346],[-1.1594,48.8308],[-1.1598,48.8273],[-1.1554,48.8229],[-1.1532,48.8222],[-1.15,48.8235],[-1.1461,48.8224],[-1.1427,48.8232],[-1.1428,48.8207],[-1.1406,48.8195],[-1.1362,48.8194],[-1.1308,48.8202],[-1.1287,48.8173],[-1.1341,48.8136],[-1.1371,48.8102],[-1.1426,48.807],[-1.141,48.8038],[-1.1409,48.801],[-1.1439,48.7979],[-1.1474,48.7972],[-1.1508,48.8046],[-1.1535,48.8073],[-1.1573,48.8137],[-1.1571,48.8153],[-1.1617,48.8146],[-1.1653,48.8158],[-1.1659,48.8179],[-1.1698,48.8192],[-1.1696,48.8229],[-1.1761,48.824],[-1.1748,48.8266],[-1.167,48.8321],[-1.1574,48.8346]]]}},{"type":"Feature","properties":{"code":"50522","nom":"Saint-Maurice-en-Cotentin","pop":253},"geometry":{"type":"Polygon","coordinates":[[[-1.7153,49.4096],[-1.7103,49.4106],[-1.7062,49.4107],[-1.7037,49.4091],[-1.6998,49.4096],[-1.6962,49.4085],[-1.6907,49.4098],[-1.6847,49.4082],[-1.6786,49.4055],[-1.6795,49.4026],[-1.6783,49.4012],[-1.6802,49.3983],[-1.6833,49.396],[-1.6864,49.3949],[-1.6822,49.3905],[-1.6856,49.3878],[-1.6881,49.384],[-1.6917,49.3819],[-1.6957,49.3814],[-1.6984,49.3795],[-1.6987,49.3779],[-1.7034,49.378],[-1.7056,49.3769],[-1.7077,49.3792],[-1.7128,49.376],[-1.7143,49.3768],[-1.7179,49.3742],[-1.7192,49.3769],[-1.715,49.3783],[-1.714,49.3799],[-1.7117,49.3822],[-1.7108,49.386],[-1.7141,49.386],[-1.7175,49.3878],[-1.7182,49.3894],[-1.7133,49.3902],[-1.7133,49.3912],[-1.7175,49.3938],[-1.7147,49.3954],[-1.7108,49.3956],[-1.7149,49.399],[-1.7153,49.4096]]]}},{"type":"Feature","properties":{"code":"50523","nom":"Sainte-Mère-Église","pop":2896},"geometry":{"type":"Polygon","coordinates":[[[-1.2766,49.4202],[-1.2797,49.42],[-1.2824,49.4159],[-1.2853,49.4132],[-1.2913,49.4123],[-1.2933,49.4099],[-1.287,49.4063],[-1.2819,49.402],[-1.2761,49.3963],[-1.2741,49.3967],[-1.2739,49.3911],[-1.2833,49.3907],[-1.2861,49.3918],[-1.2899,49.3916],[-1.2958,49.3924],[-1.298,49.3939],[-1.304,49.3908],[-1.296,49.3803],[-1.2941,49.3754],[-1.2957,49.3701],[-1.2958,49.3664],[-1.3012,49.3654],[-1.3074,49.369],[-1.3107,49.3688],[-1.3141,49.3673],[-1.3314,49.3629],[-1.3474,49.3585],[-1.3486,49.359],[-1.3488,49.3633],[-1.3506,49.3644],[-1.355,49.3648],[-1.3558,49.3683],[-1.354,49.3747],[-1.3555,49.3788],[-1.3588,49.3807],[-1.3573,49.3819],[-1.3587,49.388],[-1.3576,49.3887],[-1.3566,49.3933],[-1.3594,49.3933],[-1.3621,49.3954],[-1.3642,49.4005],[-1.3704,49.4027],[-1.3668,49.4066],[-1.369,49.408],[-1.3586,49.413],[-1.3577,49.4158],[-1.3594,49.4184],[-1.3582,49.4218],[-1.3551,49.4212],[-1.3539,49.4194],[-1.3497,49.4205],[-1.3459,49.4156],[-1.3391,49.4149],[-1.3379,49.4126],[-1.3349,49.413],[-1.3309,49.4152],[-1.3281,49.4182],[-1.3234,49.4186],[-1.3179,49.4226],[-1.3109,49.4256],[-1.3122,49.4299],[-1.3114,49.4352],[-1.3049,49.436],[-1.3073,49.4406],[-1.3112,49.4437],[-1.3162,49.4465],[-1.3141,49.4487],[-1.3119,49.4482],[-1.3095,49.4506],[-1.3044,49.4534],[-1.298,49.4593],[-1.296,49.4596],[-1.2895,49.4563],[-1.284,49.4593],[-1.2804,49.4607],[-1.276,49.4644],[-1.2767,49.4658],[-1.2693,49.4705],[-1.2586,49.4704],[-1.2584,49.4714],[-1.2522,49.4748],[-1.2572,49.4808],[-1.2539,49.4824],[-1.2511,49.4797],[-1.2384,49.4699],[-1.2228,49.4557],[-1.2277,49.4539],[-1.2494,49.4441],[-1.258,49.4398],[-1.2604,49.4379],[-1.274,49.4318],[-1.2707,49.4255],[-1.2691,49.4236],[-1.2727,49.4224],[-1.2766,49.4202]]]}},{"type":"Feature","properties":{"code":"50525","nom":"Saint-Michel-de-Montjoie","pop":342},"geometry":{"type":"Polygon","coordinates":[[[-0.9941,48.7773],[-0.995,48.7738],[-0.9931,48.7705],[-0.9905,48.7682],[-0.9908,48.7663],[-0.9882,48.7588],[-0.9858,48.7562],[-0.9949,48.7567],[-1.0016,48.7532],[-1.0036,48.753],[-1.01,48.7482],[-1.0138,48.7473],[-1.0178,48.748],[-1.0188,48.7458],[-1.0223,48.7466],[-1.0208,48.749],[-1.0263,48.7525],[-1.0311,48.752],[-1.0354,48.7498],[-1.038,48.7516],[-1.0439,48.7525],[-1.0473,48.7506],[-1.0506,48.7498],[-1.0531,48.7508],[-1.0544,48.7541],[-1.0616,48.7625],[-1.0601,48.7657],[-1.0606,48.7684],[-1.0555,48.7712],[-1.0588,48.7733],[-1.0588,48.7734],[-1.0578,48.7753],[-1.0506,48.7788],[-1.048,48.7818],[-1.0437,48.7836],[-1.0414,48.7826],[-1.0377,48.7828],[-1.0357,48.7812],[-1.0304,48.7794],[-1.026,48.7759],[-1.0239,48.7759],[-1.0196,48.7735],[-1.0141,48.7719],[-1.0116,48.7721],[-1.0092,48.7762],[-1.0065,48.7774],[-1.0004,48.7773],[-0.9951,48.7764],[-0.9941,48.7773]]]}},{"type":"Feature","properties":{"code":"50528","nom":"Saint-Nicolas-de-Pierrepont","pop":296},"geometry":{"type":"Polygon","coordinates":[[[-1.5912,49.3332],[-1.5867,49.3346],[-1.581,49.3378],[-1.5753,49.339],[-1.5709,49.3378],[-1.5727,49.3362],[-1.5736,49.3334],[-1.5712,49.3306],[-1.5595,49.3199],[-1.5589,49.3169],[-1.5564,49.3146],[-1.5514,49.3129],[-1.5604,49.3107],[-1.5618,49.3122],[-1.5649,49.3113],[-1.5687,49.3133],[-1.5712,49.3117],[-1.5747,49.3131],[-1.5787,49.3113],[-1.5858,49.3111],[-1.5875,49.3074],[-1.5903,49.3039],[-1.5931,49.302],[-1.5998,49.3027],[-1.6002,49.3077],[-1.6021,49.3108],[-1.6013,49.313],[-1.6074,49.3154],[-1.6067,49.318],[-1.6073,49.3207],[-1.6032,49.324],[-1.6,49.3243],[-1.5981,49.3284],[-1.5956,49.3305],[-1.5908,49.3323],[-1.5912,49.3332]]]}},{"type":"Feature","properties":{"code":"50529","nom":"Saint-Nicolas-des-Bois","pop":98},"geometry":{"type":"Polygon","coordinates":[[[-1.1855,48.7741],[-1.1857,48.7716],[-1.1814,48.7699],[-1.1816,48.7675],[-1.1833,48.766],[-1.1841,48.7614],[-1.1795,48.7573],[-1.1791,48.7525],[-1.1803,48.753],[-1.188,48.7521],[-1.1971,48.7499],[-1.1999,48.754],[-1.2088,48.7564],[-1.2087,48.7566],[-1.2056,48.7598],[-1.2059,48.7631],[-1.2035,48.7658],[-1.1985,48.7655],[-1.1986,48.7696],[-1.1941,48.7728],[-1.1941,48.7754],[-1.1896,48.7756],[-1.1892,48.774],[-1.1855,48.7741]]]}},{"type":"Feature","properties":{"code":"50531","nom":"Saint-Ovin","pop":762},"geometry":{"type":"Polygon","coordinates":[[[-1.2787,48.6784],[-1.2783,48.679],[-1.2798,48.6847],[-1.2822,48.6855],[-1.2799,48.6876],[-1.2761,48.6876],[-1.2709,48.6893],[-1.2627,48.6877],[-1.2547,48.6897],[-1.256,48.6921],[-1.2549,48.6948],[-1.2523,48.6959],[-1.2456,48.6954],[-1.2414,48.6971],[-1.2356,48.6927],[-1.234,48.6927],[-1.2279,48.6888],[-1.2275,48.6876],[-1.2228,48.686],[-1.2163,48.6874],[-1.2123,48.6861],[-1.2097,48.684],[-1.1982,48.6798],[-1.2,48.6775],[-1.2051,48.6743],[-1.2051,48.6712],[-1.2071,48.6703],[-1.2164,48.6719],[-1.2298,48.6756],[-1.2338,48.6742],[-1.2335,48.6718],[-1.2359,48.6711],[-1.2378,48.668],[-1.2435,48.6659],[-1.246,48.6576],[-1.2507,48.6598],[-1.2526,48.6647],[-1.254,48.6653],[-1.2634,48.6663],[-1.2709,48.6687],[-1.2748,48.6699],[-1.2779,48.6747],[-1.2787,48.6784]]]}},{"type":"Feature","properties":{"code":"50532","nom":"Saint-Pair-sur-Mer","pop":4507},"geometry":{"type":"Polygon","coordinates":[[[-1.5213,48.7884],[-1.526,48.7857],[-1.5299,48.7837],[-1.5364,48.7845],[-1.5427,48.7802],[-1.5474,48.7794],[-1.5525,48.7818],[-1.5595,48.7811],[-1.5654,48.7847],[-1.5654,48.7881],[-1.5697,48.7884],[-1.57,48.8006],[-1.5681,48.8021],[-1.5689,48.8056],[-1.5722,48.8074],[-1.5726,48.816],[-1.5709,48.817],[-1.5705,48.821],[-1.5634,48.822],[-1.5558,48.8237],[-1.5499,48.8234],[-1.5455,48.822],[-1.5398,48.8226],[-1.538,48.8205],[-1.5305,48.8179],[-1.5253,48.8182],[-1.5234,48.8159],[-1.5223,48.8127],[-1.5192,48.8119],[-1.5156,48.8095],[-1.5155,48.808],[-1.5172,48.8062],[-1.5245,48.8085],[-1.5252,48.805],[-1.5248,48.8015],[-1.5264,48.8001],[-1.5268,48.7972],[-1.5227,48.794],[-1.5206,48.7891],[-1.5213,48.7884]]]}},{"type":"Feature","properties":{"code":"50533","nom":"Saint-Patrice-de-Claids","pop":180},"geometry":{"type":"Polygon","coordinates":[[[-1.4263,49.2132],[-1.4278,49.214],[-1.4292,49.216],[-1.4338,49.2157],[-1.4375,49.2184],[-1.4438,49.2179],[-1.4455,49.2165],[-1.4497,49.2168],[-1.4575,49.2187],[-1.4589,49.2197],[-1.4553,49.2224],[-1.4581,49.2248],[-1.4566,49.2296],[-1.4584,49.2325],[-1.4572,49.2346],[-1.4516,49.2359],[-1.4484,49.2354],[-1.4422,49.2389],[-1.4416,49.2403],[-1.4355,49.2417],[-1.4336,49.243],[-1.4302,49.2425],[-1.4275,49.2403],[-1.425,49.2404],[-1.4253,49.2347],[-1.4263,49.2132]]]}},{"type":"Feature","properties":{"code":"50535","nom":"Le Parc","pop":921},"geometry":{"type":"Polygon","coordinates":[[[-1.3163,48.7904],[-1.312,48.7885],[-1.3101,48.7887],[-1.3075,48.7855],[-1.3033,48.7858],[-1.2995,48.7848],[-1.2932,48.7822],[-1.2886,48.7783],[-1.2796,48.7819],[-1.2742,48.7822],[-1.2725,48.7768],[-1.2732,48.7719],[-1.2773,48.7665],[-1.2803,48.7637],[-1.2789,48.7615],[-1.2732,48.7597],[-1.2667,48.7599],[-1.2657,48.7669],[-1.2509,48.7683],[-1.246,48.7634],[-1.2494,48.7592],[-1.2489,48.7546],[-1.2523,48.7515],[-1.2575,48.7519],[-1.2616,48.7499],[-1.263,48.7459],[-1.2655,48.7462],[-1.2675,48.7439],[-1.2737,48.743],[-1.2761,48.7452],[-1.2806,48.7454],[-1.2838,48.7441],[-1.288,48.7407],[-1.2907,48.7402],[-1.2907,48.7381],[-1.2986,48.728],[-1.3004,48.7262],[-1.3067,48.7249],[-1.3125,48.7219],[-1.3171,48.7187],[-1.3193,48.7158],[-1.3236,48.7127],[-1.3311,48.7157],[-1.3284,48.7214],[-1.3349,48.7227],[-1.3309,48.7266],[-1.3288,48.7268],[-1.3291,48.7295],[-1.3237,48.7321],[-1.3203,48.7351],[-1.3208,48.7411],[-1.3186,48.7457],[-1.3193,48.7495],[-1.3183,48.7521],[-1.315,48.7534],[-1.3166,48.7572],[-1.313,48.7617],[-1.3135,48.7633],[-1.3103,48.7693],[-1.3083,48.7693],[-1.3057,48.7717],[-1.307,48.7765],[-1.3095,48.7779],[-1.3194,48.7777],[-1.325,48.7789],[-1.3262,48.7781],[-1.3332,48.781],[-1.3293,48.7807],[-1.3256,48.7816],[-1.3234,48.7832],[-1.3209,48.7829],[-1.3163,48.7904]]]}},{"type":"Feature","properties":{"code":"50536","nom":"Saint-Pierre-d'Arthéglise","pop":172},"geometry":{"type":"Polygon","coordinates":[[[-1.6632,49.4316],[-1.6645,49.4277],[-1.669,49.4233],[-1.6706,49.4226],[-1.6682,49.4189],[-1.6714,49.4151],[-1.671,49.4114],[-1.6726,49.4076],[-1.6786,49.4055],[-1.6847,49.4082],[-1.6907,49.4098],[-1.6962,49.4085],[-1.6998,49.4096],[-1.7037,49.4091],[-1.7062,49.4107],[-1.7103,49.4106],[-1.706,49.4179],[-1.7013,49.4222],[-1.6974,49.4237],[-1.6947,49.4237],[-1.6885,49.4271],[-1.6728,49.4293],[-1.6632,49.4316]]]}},{"type":"Feature","properties":{"code":"50537","nom":"Saint-Pierre-de-Coutances","pop":387},"geometry":{"type":"MultiPolygon","coordinates":[[[[-1.4622,49.0292],[-1.4617,49.0317],[-1.4627,49.0341],[-1.4615,49.0354],[-1.4616,49.0387],[-1.4574,49.0405],[-1.4584,49.0434],[-1.4556,49.0433],[-1.451,49.0407],[-1.4461,49.0334],[-1.4403,49.0326],[-1.4392,49.0355],[-1.4365,49.0358],[-1.4364,49.0395],[-1.4336,49.0394],[-1.4289,49.0351],[-1.4286,49.0325],[-1.4309,49.0295],[-1.4314,49.0271],[-1.4307,49.0258],[-1.4385,49.0247],[-1.4381,49.0276],[-1.4421,49.0279],[-1.4474,49.0298],[-1.4506,49.0322],[-1.4536,49.0306],[-1.4593,49.0303],[-1.4622,49.0292]]],[[[-1.4192,49.0425],[-1.4242,49.0432],[-1.4273,49.0389],[-1.432,49.0392],[-1.4322,49.0417],[-1.4301,49.0443],[-1.4331,49.0476],[-1.4302,49.0493],[-1.4257,49.0534],[-1.4196,49.058],[-1.4138,49.0587],[-1.4102,49.0568],[-1.4166,49.0522],[-1.4165,49.0499],[-1.418,49.046],[-1.4174,49.0441],[-1.4192,49.0425]]]]}},{"type":"Feature","properties":{"code":"50538","nom":"Saint-Pierre-de-Semilly","pop":421},"geometry":{"type":"Polygon","coordinates":[[[-0.9832,49.1153],[-0.9925,49.1137],[-1.0015,49.1164],[-1.0037,49.1188],[-1.0129,49.1191],[-1.0193,49.1187],[-1.0274,49.1151],[-1.0316,49.1197],[-1.0232,49.1222],[-0.9997,49.1287],[-0.9832,49.1331],[-0.9813,49.1288],[-0.9779,49.126],[-0.9758,49.121],[-0.9735,49.1174],[-0.9832,49.1153]]]}},{"type":"Feature","properties":{"code":"50539","nom":"Saint-Pierre-Église","pop":1765},"geometry":{"type":"Polygon","coordinates":[[[-1.3813,49.6746],[-1.3834,49.6726],[-1.3829,49.6689],[-1.3839,49.6664],[-1.3871,49.6665],[-1.3898,49.6626],[-1.3894,49.6583],[-1.3845,49.6581],[-1.3887,49.6557],[-1.3867,49.6529],[-1.387,49.6494],[-1.3998,49.6504],[-1.4049,49.6517],[-1.404,49.6536],[-1.4113,49.6567],[-1.4119,49.6594],[-1.4145,49.6594],[-1.4202,49.6658],[-1.4248,49.6691],[-1.4234,49.6705],[-1.4151,49.6738],[-1.4082,49.677],[-1.4026,49.679],[-1.4019,49.6801],[-1.3934,49.6859],[-1.3953,49.6935],[-1.387,49.6954],[-1.3844,49.6944],[-1.3867,49.6924],[-1.3831,49.6919],[-1.3838,49.6887],[-1.3859,49.6866],[-1.3847,49.6842],[-1.3815,49.6842],[-1.3829,49.68],[-1.38,49.6799],[-1.3813,49.6746]]]}},{"type":"Feature","properties":{"code":"50540","nom":"Saint-Pierre-Langers","pop":617},"geometry":{"type":"Polygon","coordinates":[[[-1.526,48.7857],[-1.5213,48.7884],[-1.516,48.7898],[-1.5123,48.7897],[-1.5107,48.7912],[-1.5056,48.7935],[-1.4983,48.7945],[-1.4951,48.7956],[-1.4914,48.7955],[-1.4882,48.7954],[-1.4839,48.7935],[-1.478,48.7921],[-1.4741,48.7932],[-1.4697,48.7925],[-1.4675,48.7893],[-1.4628,48.7883],[-1.4597,48.7867],[-1.4543,48.7871],[-1.4557,48.7825],[-1.4551,48.7779],[-1.4596,48.7772],[-1.4625,48.7778],[-1.4726,48.7764],[-1.4762,48.7751],[-1.4808,48.7754],[-1.4842,48.7748],[-1.4866,48.776],[-1.4888,48.7751],[-1.4903,48.7762],[-1.4939,48.7762],[-1.496,48.7748],[-1.4998,48.7755],[-1.502,48.7746],[-1.505,48.7759],[-1.5098,48.7744],[-1.5126,48.7748],[-1.5135,48.7782],[-1.5217,48.7836],[-1.526,48.7857]]]}},{"type":"Feature","properties":{"code":"50541","nom":"Saint-Planchers","pop":1486},"geometry":{"type":"Polygon","coordinates":[[[-1.5054,48.8517],[-1.5052,48.8474],[-1.499,48.8463],[-1.4973,48.8424],[-1.4965,48.8386],[-1.4851,48.8369],[-1.4841,48.8381],[-1.4798,48.8384],[-1.4766,48.8368],[-1.4716,48.8405],[-1.4698,48.8385],[-1.468,48.8344],[-1.4681,48.8313],[-1.4666,48.8283],[-1.4714,48.8215],[-1.4765,48.8235],[-1.4781,48.8224],[-1.4756,48.8205],[-1.4846,48.8241],[-1.4894,48.8228],[-1.4989,48.8211],[-1.4979,48.8175],[-1.5023,48.8161],[-1.5099,48.8175],[-1.513,48.8189],[-1.5198,48.8197],[-1.519,48.8176],[-1.5158,48.8146],[-1.5153,48.8128],[-1.5102,48.809],[-1.5121,48.8068],[-1.5155,48.808],[-1.5156,48.8095],[-1.5192,48.8119],[-1.5223,48.8127],[-1.5234,48.8159],[-1.5253,48.8182],[-1.5305,48.8179],[-1.538,48.8205],[-1.5398,48.8226],[-1.5352,48.8243],[-1.5288,48.8257],[-1.5271,48.827],[-1.5297,48.8289],[-1.5338,48.8354],[-1.537,48.8386],[-1.5386,48.8397],[-1.5217,48.8412],[-1.5146,48.8422],[-1.5139,48.8502],[-1.5054,48.8517]]]}},{"type":"Feature","properties":{"code":"50542","nom":"Saint-Pois","pop":454},"geometry":{"type":"Polygon","coordinates":[[[-1.0588,48.7733],[-1.0555,48.7712],[-1.0606,48.7684],[-1.0601,48.7657],[-1.0616,48.7625],[-1.0544,48.7541],[-1.0531,48.7508],[-1.0506,48.7498],[-1.0473,48.7506],[-1.0439,48.7525],[-1.038,48.7516],[-1.0354,48.7498],[-1.0347,48.7469],[-1.0313,48.7455],[-1.0334,48.7432],[-1.0347,48.7376],[-1.0394,48.7336],[-1.0432,48.7328],[-1.0508,48.7326],[-1.0536,48.7336],[-1.0574,48.7337],[-1.0653,48.736],[-1.0679,48.7388],[-1.0726,48.7405],[-1.0759,48.7426],[-1.0822,48.7439],[-1.0808,48.7461],[-1.0736,48.7506],[-1.0727,48.7519],[-1.0728,48.7558],[-1.0721,48.7595],[-1.0735,48.761],[-1.0725,48.7635],[-1.0681,48.7685],[-1.0642,48.7714],[-1.0588,48.7733]]]}},{"type":"Feature","properties":{"code":"50543","nom":"Saint-Quentin-sur-le-Homme","pop":1338},"geometry":{"type":"Polygon","coordinates":[[[-1.2942,48.6305],[-1.299,48.6299],[-1.3002,48.6325],[-1.3075,48.6342],[-1.3113,48.6343],[-1.315,48.636],[-1.3167,48.6385],[-1.3209,48.6378],[-1.3245,48.6397],[-1.3249,48.6368],[-1.3289,48.6344],[-1.3319,48.638],[-1.335,48.6376],[-1.3355,48.6349],[-1.3378,48.6353],[-1.3386,48.6385],[-1.3429,48.6401],[-1.3465,48.6394],[-1.3441,48.6356],[-1.3455,48.633],[-1.3508,48.6318],[-1.3512,48.6332],[-1.3524,48.6465],[-1.3532,48.6501],[-1.3478,48.6507],[-1.3442,48.6525],[-1.3417,48.655],[-1.3371,48.6553],[-1.3361,48.6537],[-1.3302,48.6517],[-1.3246,48.6524],[-1.3183,48.6519],[-1.3147,48.6506],[-1.3094,48.6522],[-1.3067,48.655],[-1.2998,48.6576],[-1.2979,48.6614],[-1.2935,48.6643],[-1.2894,48.6648],[-1.2813,48.6682],[-1.2768,48.6688],[-1.2748,48.6699],[-1.2709,48.6687],[-1.2742,48.6641],[-1.2782,48.6611],[-1.2767,48.6575],[-1.2795,48.656],[-1.2785,48.6543],[-1.2811,48.652],[-1.2772,48.6512],[-1.273,48.6492],[-1.2686,48.6511],[-1.2656,48.6513],[-1.2559,48.6498],[-1.2562,48.6469],[-1.2528,48.6423],[-1.2586,48.6421],[-1.2621,48.6367],[-1.2664,48.6367],[-1.2683,48.6334],[-1.2671,48.6314],[-1.2699,48.6305],[-1.2744,48.6275],[-1.2789,48.6285],[-1.2836,48.6272],[-1.2881,48.6287],[-1.2931,48.6292],[-1.2942,48.6305]]]}},{"type":"Feature","properties":{"code":"50546","nom":"Bourgvallées","pop":3326},"geometry":{"type":"Polygon","coordinates":[[[-1.2108,48.9843],[-1.2134,48.9847],[-1.2158,48.9884],[-1.2147,48.9922],[-1.2156,48.9946],[-1.2163,49.0073],[-1.2161,49.0158],[-1.2136,49.0171],[-1.2076,49.0152],[-1.2037,49.0174],[-1.1974,49.0199],[-1.1918,49.0205],[-1.1901,49.0216],[-1.1898,49.0302],[-1.1834,49.036],[-1.1778,49.0348],[-1.1771,49.0361],[-1.1715,49.0359],[-1.1708,49.0325],[-1.1673,49.0302],[-1.1658,49.0304],[-1.1627,49.0273],[-1.1608,49.0278],[-1.1579,49.0244],[-1.1442,49.0281],[-1.1357,49.0294],[-1.1301,49.0295],[-1.132,49.0326],[-1.1313,49.0339],[-1.1364,49.0397],[-1.1416,49.0411],[-1.1415,49.0435],[-1.1432,49.0453],[-1.1463,49.0458],[-1.1446,49.0474],[-1.1437,49.0515],[-1.1424,49.0533],[-1.1457,49.0581],[-1.145,49.0608],[-1.1426,49.0631],[-1.1351,49.0682],[-1.1304,49.0701],[-1.1265,49.0744],[-1.1195,49.0805],[-1.1148,49.0834],[-1.1133,49.0884],[-1.1131,49.0907],[-1.1067,49.0903],[-1.1058,49.0884],[-1.1002,49.0873],[-1.1016,49.0899],[-1.0964,49.0894],[-1.0952,49.0876],[-1.0918,49.0855],[-1.0872,49.0815],[-1.0829,49.0813],[-1.0802,49.0757],[-1.078,49.0763],[-1.0724,49.0717],[-1.0676,49.0686],[-1.0638,49.0685],[-1.0647,49.0658],[-1.0621,49.0628],[-1.0621,49.0596],[-1.059,49.0579],[-1.0513,49.051],[-1.0486,49.0507],[-1.0475,49.0485],[-1.0526,49.0456],[-1.0557,49.0466],[-1.0594,49.0462],[-1.0669,49.0372],[-1.0703,49.0356],[-1.0739,49.0376],[-1.0797,49.0395],[-1.081,49.0371],[-1.0842,49.0354],[-1.0857,49.0321],[-1.0855,49.0282],[-1.0892,49.03],[-1.092,49.0299],[-1.0945,49.0271],[-1.0936,49.0235],[-1.0948,49.0219],[-1.1,49.0223],[-1.1049,49.0248],[-1.1082,49.0243],[-1.1127,49.0256],[-1.1144,49.0251],[-1.1202,49.0264],[-1.1234,49.028],[-1.1257,49.0309],[-1.129,49.0295],[-1.1362,49.028],[-1.1407,49.0204],[-1.1367,49.0172],[-1.1294,49.015],[-1.133,49.0116],[-1.1393,49.0135],[-1.1413,49.015],[-1.1537,49.0161],[-1.1533,49.0173],[-1.1583,49.0217],[-1.1598,49.0215],[-1.1643,49.0158],[-1.1646,49.0107],[-1.1668,49.0053],[-1.1684,49.0043],[-1.1657,49.0016],[-1.1712,49],[-1.1753,48.9977],[-1.1788,48.9975],[-1.1809,48.9955],[-1.186,48.9931],[-1.1851,48.991],[-1.1922,48.9849],[-1.194,48.9824],[-1.1976,48.9833],[-1.2108,48.9843]]]}},{"type":"Feature","properties":{"code":"50548","nom":"Saint-Sauveur-de-Pierrepont","pop":126},"geometry":{"type":"Polygon","coordinates":[[[-1.6321,49.3234],[-1.6349,49.327],[-1.634,49.3287],[-1.6394,49.3323],[-1.6342,49.3375],[-1.6288,49.3397],[-1.6284,49.3417],[-1.6213,49.3457],[-1.6161,49.3476],[-1.6117,49.3503],[-1.6092,49.3484],[-1.6089,49.3451],[-1.607,49.3418],[-1.6042,49.3425],[-1.6018,49.3445],[-1.5977,49.3457],[-1.5939,49.3479],[-1.5877,49.3488],[-1.5849,49.3468],[-1.5819,49.3456],[-1.5774,49.3458],[-1.5754,49.344],[-1.5841,49.3406],[-1.586,49.337],[-1.5883,49.3363],[-1.5912,49.3332],[-1.5908,49.3323],[-1.5956,49.3305],[-1.5981,49.3284],[-1.6,49.3243],[-1.6032,49.324],[-1.6073,49.3207],[-1.612,49.3211],[-1.6207,49.3247],[-1.6321,49.3234]]]}},{"type":"Feature","properties":{"code":"50549","nom":"Saint-Sauveur-la-Pommeraye","pop":397},"geometry":{"type":"Polygon","coordinates":[[[-1.4217,48.8481],[-1.418,48.8393],[-1.4143,48.831],[-1.4168,48.8324],[-1.4187,48.8315],[-1.4244,48.8268],[-1.4276,48.8295],[-1.4316,48.8308],[-1.4359,48.832],[-1.4411,48.8314],[-1.4457,48.8288],[-1.4509,48.8295],[-1.4512,48.8324],[-1.4545,48.8354],[-1.4517,48.8402],[-1.4478,48.8413],[-1.4463,48.8472],[-1.4413,48.8487],[-1.4424,48.854],[-1.4437,48.8562],[-1.4396,48.8558],[-1.4389,48.8549],[-1.4291,48.85],[-1.4261,48.85],[-1.4217,48.8481]]]}},{"type":"Feature","properties":{"code":"50550","nom":"Saint-Sauveur-Villages","pop":3208},"geometry":{"type":"Polygon","coordinates":[[[-1.3921,49.108],[-1.3992,49.1094],[-1.4028,49.107],[-1.4032,49.1056],[-1.4114,49.1016],[-1.4203,49.1005],[-1.4199,49.097],[-1.4291,49.0947],[-1.4361,49.0943],[-1.4456,49.0948],[-1.4529,49.0946],[-1.4666,49.0961],[-1.4686,49.0958],[-1.4736,49.098],[-1.4753,49.097],[-1.4874,49.0965],[-1.4871,49.0993],[-1.4883,49.1053],[-1.4919,49.1122],[-1.4914,49.1147],[-1.4888,49.1153],[-1.4864,49.1136],[-1.4832,49.114],[-1.4804,49.1128],[-1.4743,49.1117],[-1.4612,49.1128],[-1.4607,49.117],[-1.4652,49.1188],[-1.4621,49.1213],[-1.4583,49.1212],[-1.4532,49.1239],[-1.4527,49.1275],[-1.4477,49.1284],[-1.4436,49.1342],[-1.4392,49.1344],[-1.4391,49.1375],[-1.4425,49.1411],[-1.4443,49.1407],[-1.4485,49.1453],[-1.4451,49.1462],[-1.4457,49.1487],[-1.4424,49.1496],[-1.4441,49.1517],[-1.4409,49.1529],[-1.4353,49.1562],[-1.4368,49.1586],[-1.4392,49.1593],[-1.4345,49.1621],[-1.4326,49.1681],[-1.4308,49.1702],[-1.4246,49.17],[-1.4164,49.1711],[-1.41,49.1741],[-1.4078,49.1738],[-1.3933,49.1697],[-1.391,49.1709],[-1.3893,49.1681],[-1.3795,49.1673],[-1.3716,49.1615],[-1.3717,49.1606],[-1.3659,49.159],[-1.3648,49.1553],[-1.3593,49.1521],[-1.3509,49.1505],[-1.3481,49.1482],[-1.3506,49.1444],[-1.3483,49.144],[-1.344,49.1453],[-1.3402,49.1438],[-1.3363,49.1392],[-1.3336,49.1377],[-1.333,49.1356],[-1.3351,49.1311],[-1.3377,49.1291],[-1.3403,49.1287],[-1.344,49.1261],[-1.348,49.1218],[-1.3471,49.1203],[-1.3521,49.1189],[-1.3559,49.1223],[-1.3607,49.1215],[-1.3676,49.1163],[-1.3687,49.114],[-1.3686,49.111],[-1.3726,49.1097],[-1.3763,49.1112],[-1.3802,49.1112],[-1.3821,49.1123],[-1.3869,49.1117],[-1.3868,49.11],[-1.3921,49.108]]]}},{"type":"Feature","properties":{"code":"50551","nom":"Saint-Sauveur-le-Vicomte","pop":2114},"geometry":{"type":"Polygon","coordinates":[[[-1.5279,49.4046],[-1.533,49.4005],[-1.5341,49.3984],[-1.5334,49.3947],[-1.527,49.3939],[-1.5253,49.39],[-1.5236,49.3894],[-1.5253,49.3859],[-1.5228,49.3842],[-1.5225,49.3818],[-1.5188,49.3805],[-1.5175,49.3756],[-1.5153,49.375],[-1.5035,49.3757],[-1.4973,49.3742],[-1.4826,49.3653],[-1.4788,49.3649],[-1.4828,49.3606],[-1.4856,49.3608],[-1.4907,49.3573],[-1.4925,49.3576],[-1.4981,49.3525],[-1.5015,49.3509],[-1.5109,49.3509],[-1.5125,49.3517],[-1.5162,49.354],[-1.5204,49.3523],[-1.527,49.3524],[-1.5329,49.3505],[-1.5329,49.349],[-1.5422,49.3486],[-1.5452,49.3479],[-1.5463,49.3511],[-1.5496,49.3542],[-1.5524,49.3609],[-1.5552,49.363],[-1.5601,49.3626],[-1.5627,49.3639],[-1.5635,49.3673],[-1.5664,49.3692],[-1.5698,49.3665],[-1.5705,49.3691],[-1.5787,49.3687],[-1.5839,49.3711],[-1.5903,49.3688],[-1.5935,49.3697],[-1.592,49.3728],[-1.5936,49.3746],[-1.5983,49.3761],[-1.6017,49.3805],[-1.605,49.3822],[-1.6088,49.3855],[-1.6097,49.3889],[-1.609,49.3932],[-1.6115,49.3972],[-1.6096,49.4006],[-1.6077,49.3994],[-1.5979,49.3996],[-1.5941,49.3984],[-1.5888,49.3997],[-1.5866,49.3987],[-1.5823,49.3985],[-1.5788,49.4014],[-1.5764,49.4023],[-1.5717,49.4004],[-1.5664,49.4027],[-1.5656,49.4038],[-1.5605,49.4062],[-1.554,49.4072],[-1.5492,49.4095],[-1.548,49.4114],[-1.5406,49.414],[-1.5388,49.4163],[-1.5343,49.4175],[-1.5264,49.4176],[-1.5273,49.4139],[-1.5265,49.4124],[-1.5279,49.4046]]]}},{"type":"Feature","properties":{"code":"50552","nom":"Saint-Sébastien-de-Raids","pop":322},"geometry":{"type":"Polygon","coordinates":[[[-1.3933,49.2033],[-1.3805,49.2059],[-1.374,49.206],[-1.3705,49.2075],[-1.366,49.2032],[-1.3634,49.2028],[-1.3578,49.2037],[-1.3552,49.2002],[-1.3574,49.1992],[-1.3535,49.1952],[-1.3597,49.1942],[-1.364,49.1919],[-1.3679,49.1888],[-1.368,49.1872],[-1.3708,49.1877],[-1.3762,49.1849],[-1.3793,49.1827],[-1.3851,49.18],[-1.3869,49.1783],[-1.389,49.1804],[-1.3879,49.1821],[-1.3915,49.186],[-1.3899,49.1885],[-1.3913,49.1915],[-1.3929,49.1982],[-1.3933,49.2033]]]}},{"type":"Feature","properties":{"code":"50553","nom":"Saint-Senier-de-Beuvron","pop":324},"geometry":{"type":"Polygon","coordinates":[[[-1.3515,48.5667],[-1.3464,48.5662],[-1.3402,48.5736],[-1.3368,48.5743],[-1.3351,48.5761],[-1.326,48.5786],[-1.3206,48.5787],[-1.3148,48.5768],[-1.3126,48.5771],[-1.3081,48.5754],[-1.306,48.5737],[-1.3054,48.5712],[-1.3032,48.5675],[-1.307,48.563],[-1.3049,48.5552],[-1.3018,48.5551],[-1.2998,48.5518],[-1.2901,48.5467],[-1.2938,48.5433],[-1.2913,48.5389],[-1.286,48.5373],[-1.2876,48.5349],[-1.2921,48.5357],[-1.2967,48.5349],[-1.3011,48.538],[-1.2998,48.5416],[-1.309,48.542],[-1.3196,48.5464],[-1.3258,48.5471],[-1.3314,48.5466],[-1.3345,48.5484],[-1.3336,48.5503],[-1.3363,48.5532],[-1.3412,48.5507],[-1.343,48.553],[-1.3433,48.5569],[-1.3462,48.5575],[-1.3486,48.5607],[-1.3485,48.5635],[-1.3515,48.5667]]]}},{"type":"Feature","properties":{"code":"50554","nom":"Saint-Senier-sous-Avranches","pop":1451},"geometry":{"type":"Polygon","coordinates":[[[-1.2822,48.6855],[-1.2798,48.6847],[-1.2783,48.679],[-1.2787,48.6784],[-1.2841,48.679],[-1.2924,48.6786],[-1.2971,48.6756],[-1.308,48.6762],[-1.3135,48.676],[-1.3296,48.6756],[-1.3395,48.678],[-1.3404,48.6808],[-1.3453,48.6843],[-1.3487,48.685],[-1.3524,48.6895],[-1.351,48.6912],[-1.3471,48.6909],[-1.3439,48.6926],[-1.3395,48.6932],[-1.3362,48.6963],[-1.3337,48.6966],[-1.3304,48.6996],[-1.3285,48.6997],[-1.326,48.7027],[-1.3198,48.7039],[-1.3167,48.7062],[-1.3108,48.7054],[-1.3107,48.7028],[-1.3125,48.7021],[-1.3128,48.6997],[-1.3155,48.6977],[-1.314,48.6945],[-1.3135,48.6906],[-1.3107,48.6891],[-1.3046,48.688],[-1.3007,48.6859],[-1.294,48.684],[-1.2896,48.6836],[-1.2869,48.685],[-1.2831,48.6842],[-1.2822,48.6855]]]}},{"type":"Feature","properties":{"code":"50556","nom":"Sainte-Suzanne-sur-Vire","pop":685},"geometry":{"type":"Polygon","coordinates":[[[-1.078,49.0763],[-1.0715,49.0804],[-1.0613,49.0842],[-1.0547,49.0887],[-1.0517,49.0892],[-1.0505,49.0835],[-1.0469,49.0785],[-1.0451,49.0793],[-1.043,49.0742],[-1.0419,49.0654],[-1.0471,49.0614],[-1.05,49.0604],[-1.054,49.0576],[-1.0555,49.0588],[-1.059,49.0579],[-1.0621,49.0596],[-1.0621,49.0628],[-1.0647,49.0658],[-1.0638,49.0685],[-1.0676,49.0686],[-1.0724,49.0717],[-1.078,49.0763]]]}},{"type":"Feature","properties":{"code":"50562","nom":"Saint-Vaast-la-Hougue","pop":1648},"geometry":{"type":"MultiPolygon","coordinates":[[[[-1.2743,49.6168],[-1.2732,49.6154],[-1.2672,49.6172],[-1.2645,49.6165],[-1.2625,49.613],[-1.26,49.6121],[-1.2561,49.6124],[-1.2544,49.6114],[-1.2605,49.6016],[-1.2625,49.5993],[-1.2664,49.593],[-1.2663,49.5908],[-1.263,49.5902],[-1.2616,49.5883],[-1.262,49.585],[-1.2644,49.5846],[-1.268,49.5824],[-1.2714,49.5848],[-1.2772,49.5866],[-1.2857,49.5873],[-1.2892,49.5887],[-1.2879,49.5957],[-1.2841,49.5989],[-1.2863,49.6024],[-1.2894,49.6014],[-1.2914,49.6035],[-1.2876,49.6071],[-1.2868,49.6103],[-1.2837,49.6106],[-1.2778,49.6123],[-1.2747,49.6143],[-1.2743,49.6168]]],[[[-1.2491,49.5883],[-1.2489,49.5905],[-1.2461,49.5916],[-1.2411,49.5908],[-1.2391,49.5889],[-1.2408,49.5863],[-1.2441,49.5867],[-1.2491,49.5883]]]]}},{"type":"Feature","properties":{"code":"50563","nom":"Saint-Vigor-des-Monts","pop":284},"geometry":{"type":"Polygon","coordinates":[[[-1.0136,48.9218],[-1.0157,48.919],[-1.0135,48.9152],[-1.0171,48.9117],[-1.0198,48.9073],[-1.0243,48.9032],[-1.0287,48.9013],[-1.0333,48.9005],[-1.0442,48.8957],[-1.0494,48.8942],[-1.055,48.8945],[-1.0623,48.892],[-1.066,48.8961],[-1.0707,48.8965],[-1.0744,48.8956],[-1.0838,48.8962],[-1.0885,48.8979],[-1.0914,48.8977],[-1.0967,48.8996],[-1.099,48.902],[-1.1056,48.9052],[-1.0987,48.9111],[-1.0907,48.9153],[-1.0828,48.9175],[-1.0789,48.9179],[-1.0755,48.9216],[-1.0725,48.9203],[-1.0668,48.9195],[-1.0587,48.9216],[-1.0527,48.924],[-1.0476,48.9237],[-1.0414,48.9219],[-1.0319,48.9254],[-1.0273,48.925],[-1.0206,48.9276],[-1.0181,48.9258],[-1.0198,48.9238],[-1.0181,48.9224],[-1.0136,48.9218]]]}},{"type":"Feature","properties":{"code":"50564","nom":"Terre-et-Marais","pop":1271},"geometry":{"type":"Polygon","coordinates":[[[-1.2765,49.2631],[-1.273,49.264],[-1.271,49.2632],[-1.2648,49.264],[-1.2576,49.2687],[-1.2514,49.2722],[-1.2478,49.2737],[-1.243,49.2772],[-1.2419,49.279],[-1.2429,49.2849],[-1.2406,49.2892],[-1.2408,49.2907],[-1.2371,49.2922],[-1.2288,49.2853],[-1.2249,49.2812],[-1.2243,49.2797],[-1.2272,49.2752],[-1.2278,49.2716],[-1.2294,49.2689],[-1.2276,49.2647],[-1.2314,49.2639],[-1.2384,49.2601],[-1.2376,49.258],[-1.2482,49.2517],[-1.2535,49.2503],[-1.2562,49.2468],[-1.2632,49.2421],[-1.2632,49.2368],[-1.2668,49.2345],[-1.2715,49.2347],[-1.2736,49.2307],[-1.2771,49.2281],[-1.2806,49.2276],[-1.2849,49.223],[-1.2879,49.2239],[-1.2939,49.2291],[-1.2986,49.2288],[-1.302,49.23],[-1.3056,49.2295],[-1.3112,49.2309],[-1.3153,49.2278],[-1.3211,49.2221],[-1.3256,49.2198],[-1.3289,49.2173],[-1.329,49.2153],[-1.3318,49.2142],[-1.3355,49.2153],[-1.3382,49.2172],[-1.3418,49.2175],[-1.3466,49.2191],[-1.3482,49.2225],[-1.3525,49.2243],[-1.3532,49.2278],[-1.352,49.2305],[-1.3541,49.237],[-1.3532,49.2393],[-1.3566,49.242],[-1.3617,49.2426],[-1.3651,49.2414],[-1.367,49.243],[-1.366,49.2455],[-1.3624,49.2499],[-1.3585,49.2514],[-1.3567,49.2545],[-1.3582,49.2565],[-1.3568,49.2577],[-1.3558,49.2618],[-1.3532,49.265],[-1.3486,49.2635],[-1.3449,49.2643],[-1.3454,49.2672],[-1.3423,49.2709],[-1.342,49.274],[-1.3371,49.2734],[-1.334,49.271],[-1.3318,49.2711],[-1.3293,49.2735],[-1.3259,49.2727],[-1.3241,49.264],[-1.3218,49.2631],[-1.3234,49.2595],[-1.3152,49.2622],[-1.3076,49.2628],[-1.309,49.2569],[-1.306,49.2549],[-1.3026,49.2566],[-1.2969,49.254],[-1.2922,49.2529],[-1.2838,49.257],[-1.2813,49.2607],[-1.2765,49.2631]]]}},{"type":"Feature","properties":{"code":"50565","nom":"Sartilly-Baie-Bocage","pop":2778},"geometry":{"type":"Polygon","coordinates":[[[-1.4551,48.7779],[-1.4516,48.7767],[-1.4483,48.7775],[-1.4408,48.777],[-1.4372,48.7782],[-1.4321,48.777],[-1.4321,48.7746],[-1.4296,48.7734],[-1.4205,48.7734],[-1.4191,48.7709],[-1.4152,48.769],[-1.4133,48.7666],[-1.4148,48.7644],[-1.413,48.7604],[-1.4093,48.7584],[-1.4009,48.7613],[-1.3923,48.762],[-1.3939,48.7591],[-1.3968,48.7565],[-1.3936,48.7543],[-1.393,48.7516],[-1.3941,48.7481],[-1.3959,48.7469],[-1.3998,48.7474],[-1.4031,48.7468],[-1.4062,48.7485],[-1.4131,48.7451],[-1.4186,48.7398],[-1.4232,48.7329],[-1.4247,48.728],[-1.4273,48.728],[-1.4319,48.7306],[-1.4416,48.7293],[-1.442,48.7258],[-1.4453,48.7251],[-1.4479,48.7217],[-1.4474,48.7175],[-1.4457,48.7149],[-1.4459,48.7125],[-1.4477,48.7115],[-1.4548,48.7165],[-1.4613,48.7151],[-1.4652,48.7161],[-1.4649,48.7211],[-1.4633,48.7244],[-1.4679,48.7244],[-1.4708,48.7252],[-1.4669,48.7317],[-1.4712,48.7338],[-1.4744,48.7387],[-1.4756,48.7427],[-1.4736,48.7447],[-1.4796,48.7473],[-1.4795,48.7439],[-1.4809,48.7423],[-1.4911,48.7417],[-1.4922,48.7447],[-1.4952,48.7468],[-1.4957,48.7507],[-1.4941,48.7534],[-1.4931,48.7572],[-1.4931,48.7618],[-1.4883,48.7616],[-1.488,48.7679],[-1.4895,48.7692],[-1.4888,48.7751],[-1.4866,48.776],[-1.4842,48.7748],[-1.4808,48.7754],[-1.4762,48.7751],[-1.4726,48.7764],[-1.4625,48.7778],[-1.4596,48.7772],[-1.4551,48.7779]]]}},{"type":"Feature","properties":{"code":"50567","nom":"Saussemesnil","pop":927},"geometry":{"type":"Polygon","coordinates":[[[-1.5049,49.5931],[-1.4999,49.5915],[-1.4955,49.5891],[-1.492,49.5909],[-1.4879,49.5883],[-1.4821,49.5916],[-1.4752,49.5905],[-1.4723,49.5918],[-1.4706,49.59],[-1.4679,49.591],[-1.467,49.5869],[-1.4633,49.5879],[-1.4566,49.5907],[-1.4555,49.5896],[-1.45,49.5883],[-1.4436,49.5875],[-1.4503,49.5801],[-1.4472,49.578],[-1.4502,49.575],[-1.4493,49.5722],[-1.45,49.5672],[-1.452,49.5641],[-1.4512,49.5622],[-1.4595,49.5623],[-1.4631,49.5565],[-1.4645,49.552],[-1.4644,49.5486],[-1.4683,49.5472],[-1.4709,49.5499],[-1.4719,49.5537],[-1.4792,49.5549],[-1.4818,49.5547],[-1.4882,49.5568],[-1.4933,49.5569],[-1.4978,49.5557],[-1.5079,49.5546],[-1.5099,49.5572],[-1.5159,49.5564],[-1.5182,49.5553],[-1.519,49.5559],[-1.5217,49.5579],[-1.5272,49.5657],[-1.5278,49.5686],[-1.5316,49.571],[-1.532,49.5752],[-1.5392,49.5806],[-1.5306,49.5824],[-1.5318,49.5849],[-1.5182,49.588],[-1.5112,49.5885],[-1.5094,49.5913],[-1.5049,49.5931]]]}},{"type":"Feature","properties":{"code":"50568","nom":"Saussey","pop":463},"geometry":{"type":"Polygon","coordinates":[[[-1.3973,49.0092],[-1.3968,49.0062],[-1.407,49.005],[-1.425,48.9998],[-1.431,48.9977],[-1.4304,48.9968],[-1.4438,48.9968],[-1.4427,49.0028],[-1.4449,49.0034],[-1.4495,49.0005],[-1.4514,49.003],[-1.4523,49.008],[-1.4521,49.0135],[-1.4482,49.0179],[-1.442,49.0185],[-1.4394,49.0203],[-1.4385,49.0247],[-1.4307,49.0258],[-1.4314,49.0271],[-1.426,49.0264],[-1.4214,49.024],[-1.4167,49.0224],[-1.4078,49.0206],[-1.4039,49.0209],[-1.3992,49.0202],[-1.3997,49.0157],[-1.3967,49.0118],[-1.3973,49.0092]]]}},{"type":"Feature","properties":{"code":"50569","nom":"Savigny","pop":430},"geometry":{"type":"Polygon","coordinates":[[[-1.3364,49.0739],[-1.3323,49.0741],[-1.3186,49.0777],[-1.3133,49.0792],[-1.3092,49.0789],[-1.3055,49.0797],[-1.3052,49.0779],[-1.3025,49.0757],[-1.2995,49.0751],[-1.301,49.0718],[-1.3046,49.0672],[-1.3027,49.0635],[-1.3041,49.0629],[-1.3001,49.0593],[-1.3001,49.0574],[-1.3035,49.0558],[-1.3126,49.053],[-1.3161,49.0544],[-1.3187,49.0534],[-1.3205,49.0511],[-1.3362,49.0444],[-1.3385,49.0426],[-1.3444,49.0422],[-1.3499,49.0402],[-1.3499,49.0377],[-1.352,49.0369],[-1.3605,49.0357],[-1.3592,49.0385],[-1.3606,49.043],[-1.3599,49.0469],[-1.3532,49.0506],[-1.3536,49.0518],[-1.3499,49.056],[-1.3423,49.0612],[-1.338,49.0655],[-1.3307,49.0697],[-1.3338,49.0709],[-1.3364,49.0739]]]}},{"type":"Feature","properties":{"code":"50570","nom":"Savigny-le-Vieux","pop":399},"geometry":{"type":"Polygon","coordinates":[[[-1.0519,48.5366],[-1.0456,48.5384],[-1.0365,48.5387],[-1.0338,48.54],[-1.0297,48.5398],[-1.025,48.538],[-1.0213,48.5375],[-1.0181,48.5359],[-1.0144,48.5357],[-1.0123,48.5341],[-1.006,48.535],[-0.9986,48.5343],[-0.9936,48.535],[-0.9933,48.5334],[-0.9948,48.5213],[-0.9936,48.5174],[-1.0007,48.5123],[-1.0023,48.509],[-1.0027,48.5036],[-1.0059,48.5002],[-1.007,48.4968],[-1.0117,48.493],[-1.0147,48.4935],[-1.0169,48.4921],[-1.0182,48.4955],[-1.0209,48.4954],[-1.0212,48.4976],[-1.0234,48.499],[-1.0256,48.4982],[-1.0322,48.5018],[-1.0358,48.5017],[-1.0381,48.5051],[-1.041,48.5064],[-1.0457,48.5064],[-1.0479,48.5076],[-1.049,48.5102],[-1.0523,48.5091],[-1.0543,48.5099],[-1.056,48.5132],[-1.0596,48.5142],[-1.0612,48.5156],[-1.0605,48.5179],[-1.0631,48.5206],[-1.0582,48.5214],[-1.0577,48.5246],[-1.0604,48.5285],[-1.0576,48.5292],[-1.0524,48.5275],[-1.0502,48.5295],[-1.0527,48.5336],[-1.0519,48.5366]]]}},{"type":"Feature","properties":{"code":"50571","nom":"Sébeville","pop":34},"geometry":{"type":"Polygon","coordinates":[[[-1.2739,49.3911],[-1.2696,49.3914],[-1.2633,49.3857],[-1.2661,49.3851],[-1.2711,49.3814],[-1.296,49.3803],[-1.304,49.3908],[-1.298,49.3939],[-1.2958,49.3924],[-1.2899,49.3916],[-1.2861,49.3918],[-1.2833,49.3907],[-1.2739,49.3911]]]}},{"type":"Feature","properties":{"code":"50572","nom":"Sénoville","pop":188},"geometry":{"type":"Polygon","coordinates":[[[-1.787,49.417],[-1.7928,49.4215],[-1.7948,49.4261],[-1.7975,49.4292],[-1.7949,49.4317],[-1.7902,49.4334],[-1.7849,49.434],[-1.786,49.4363],[-1.7852,49.4395],[-1.7834,49.4408],[-1.7804,49.4428],[-1.77,49.4437],[-1.7703,49.4417],[-1.7658,49.4411],[-1.7654,49.4392],[-1.7624,49.4375],[-1.7603,49.4378],[-1.7599,49.4345],[-1.757,49.4353],[-1.7524,49.4395],[-1.7465,49.4403],[-1.7479,49.4376],[-1.7464,49.4364],[-1.7479,49.4342],[-1.7475,49.4302],[-1.7496,49.4285],[-1.7479,49.4242],[-1.7461,49.4216],[-1.7648,49.4201],[-1.7736,49.4196],[-1.7773,49.4185],[-1.7834,49.418],[-1.787,49.417]]]}},{"type":"Feature","properties":{"code":"50574","nom":"Servon","pop":252},"geometry":{"type":"Polygon","coordinates":[[[-1.4198,48.5846],[-1.4311,48.5994],[-1.4316,48.606],[-1.4261,48.6084],[-1.4242,48.6138],[-1.4251,48.6169],[-1.4157,48.6235],[-1.4138,48.6216],[-1.4078,48.6203],[-1.4032,48.6226],[-1.4005,48.6218],[-1.3912,48.6176],[-1.3939,48.6145],[-1.3936,48.6128],[-1.3957,48.6102],[-1.3974,48.6061],[-1.401,48.6059],[-1.4015,48.6042],[-1.3943,48.599],[-1.3932,48.5958],[-1.3991,48.5891],[-1.4011,48.5861],[-1.3978,48.5843],[-1.3965,48.5825],[-1.4025,48.5803],[-1.4089,48.5825],[-1.4152,48.5857],[-1.4198,48.5846]]]}},{"type":"Feature","properties":{"code":"50575","nom":"Sideville","pop":856},"geometry":{"type":"Polygon","coordinates":[[[-1.6645,49.6084],[-1.6646,49.6062],[-1.6702,49.6036],[-1.6756,49.5999],[-1.675,49.5984],[-1.6811,49.5966],[-1.6792,49.5939],[-1.6759,49.5921],[-1.6735,49.5895],[-1.6768,49.5848],[-1.6743,49.5829],[-1.6649,49.5812],[-1.6683,49.5787],[-1.6725,49.574],[-1.6745,49.5756],[-1.6785,49.5762],[-1.6811,49.5753],[-1.6849,49.5755],[-1.6865,49.5772],[-1.6893,49.5776],[-1.6954,49.5807],[-1.6955,49.5833],[-1.6984,49.5849],[-1.7034,49.5829],[-1.7053,49.5833],[-1.7075,49.5874],[-1.7066,49.5889],[-1.7084,49.5921],[-1.7064,49.5941],[-1.7068,49.5969],[-1.6998,49.601],[-1.6959,49.6062],[-1.6918,49.6092],[-1.689,49.6123],[-1.6862,49.6099],[-1.6768,49.6081],[-1.6731,49.6124],[-1.6719,49.6125],[-1.6723,49.6115],[-1.6662,49.6099],[-1.6645,49.6084]]]}},{"type":"Feature","properties":{"code":"50576","nom":"Siouville-Hague","pop":931},"geometry":{"type":"Polygon","coordinates":[[[-1.8416,49.5727],[-1.841,49.5709],[-1.8362,49.5727],[-1.8328,49.5721],[-1.828,49.5728],[-1.8228,49.5718],[-1.8201,49.57],[-1.8182,49.5655],[-1.8141,49.5646],[-1.8114,49.5612],[-1.8115,49.5595],[-1.8062,49.5545],[-1.8061,49.5508],[-1.8083,49.551],[-1.8111,49.5509],[-1.8186,49.5488],[-1.8214,49.55],[-1.8308,49.5514],[-1.8422,49.5511],[-1.8421,49.5489],[-1.8453,49.5488],[-1.8503,49.552],[-1.8516,49.5552],[-1.8551,49.5567],[-1.8538,49.5615],[-1.8462,49.5643],[-1.8434,49.5707],[-1.8416,49.5727]]]}},{"type":"Feature","properties":{"code":"50577","nom":"Sortosville-en-Beaumont","pop":297},"geometry":{"type":"Polygon","coordinates":[[[-1.7103,49.4106],[-1.7153,49.4096],[-1.7225,49.4091],[-1.724,49.4101],[-1.7306,49.4081],[-1.733,49.4088],[-1.7381,49.4048],[-1.7395,49.4084],[-1.7429,49.4089],[-1.7431,49.413],[-1.7444,49.4184],[-1.7461,49.4216],[-1.7479,49.4242],[-1.7431,49.4255],[-1.7297,49.4303],[-1.7262,49.4312],[-1.7199,49.4313],[-1.7117,49.4323],[-1.71,49.4333],[-1.7044,49.4328],[-1.6949,49.4355],[-1.6899,49.4383],[-1.6862,49.4389],[-1.679,49.4375],[-1.6751,49.4383],[-1.6744,49.4404],[-1.6713,49.4406],[-1.6691,49.4391],[-1.6666,49.4404],[-1.6611,49.4401],[-1.6598,49.4384],[-1.6612,49.4369],[-1.6614,49.4321],[-1.6632,49.4316],[-1.6728,49.4293],[-1.6885,49.4271],[-1.6947,49.4237],[-1.6974,49.4237],[-1.7013,49.4222],[-1.706,49.4179],[-1.7103,49.4106]]]}},{"type":"Feature","properties":{"code":"50578","nom":"Sortosville","pop":80},"geometry":{"type":"Polygon","coordinates":[[[-1.4255,49.4714],[-1.4334,49.4722],[-1.4394,49.4724],[-1.438,49.474],[-1.4378,49.4778],[-1.433,49.4826],[-1.4347,49.4846],[-1.4348,49.4889],[-1.4364,49.4923],[-1.4329,49.4954],[-1.4277,49.4925],[-1.4209,49.4907],[-1.4242,49.4875],[-1.4212,49.4865],[-1.4194,49.4842],[-1.4196,49.4793],[-1.4221,49.4748],[-1.4255,49.4714]]]}},{"type":"Feature","properties":{"code":"50579","nom":"Sottevast","pop":1459},"geometry":{"type":"Polygon","coordinates":[[[-1.5749,49.515],[-1.5764,49.5169],[-1.5815,49.5202],[-1.5872,49.5229],[-1.5894,49.5233],[-1.5965,49.52],[-1.5991,49.5168],[-1.6049,49.5154],[-1.6079,49.5133],[-1.6152,49.5121],[-1.6199,49.5107],[-1.6316,49.5041],[-1.637,49.5031],[-1.6405,49.5072],[-1.6473,49.5115],[-1.6435,49.5139],[-1.6377,49.5204],[-1.6405,49.522],[-1.6383,49.5242],[-1.6328,49.5237],[-1.6269,49.5246],[-1.6265,49.5262],[-1.6228,49.5295],[-1.6152,49.5335],[-1.6149,49.5343],[-1.6053,49.5312],[-1.6019,49.5343],[-1.5926,49.5385],[-1.5897,49.5374],[-1.5875,49.5384],[-1.5776,49.5385],[-1.5734,49.535],[-1.5723,49.532],[-1.5684,49.5295],[-1.5627,49.5223],[-1.5628,49.5215],[-1.5718,49.5185],[-1.5754,49.5167],[-1.5749,49.515]]]}},{"type":"Feature","properties":{"code":"50580","nom":"Sotteville","pop":485},"geometry":{"type":"Polygon","coordinates":[[[-1.7699,49.5541],[-1.7618,49.5543],[-1.7531,49.5502],[-1.7488,49.5519],[-1.7458,49.5515],[-1.7369,49.5523],[-1.7349,49.5503],[-1.7343,49.5485],[-1.741,49.547],[-1.7406,49.5415],[-1.7433,49.5404],[-1.7452,49.5382],[-1.7362,49.5298],[-1.7345,49.5304],[-1.7322,49.5277],[-1.7296,49.5273],[-1.7325,49.5246],[-1.7392,49.5279],[-1.7453,49.5262],[-1.7479,49.5232],[-1.7474,49.5216],[-1.7499,49.5204],[-1.7517,49.5217],[-1.7547,49.5293],[-1.7624,49.5306],[-1.7668,49.5321],[-1.7694,49.5355],[-1.7703,49.5383],[-1.7736,49.5396],[-1.7696,49.5429],[-1.7691,49.5453],[-1.7721,49.5501],[-1.7699,49.5541]]]}},{"type":"Feature","properties":{"code":"50582","nom":"Sourdeval","pop":3026},"geometry":{"type":"Polygon","coordinates":[[[-0.9388,48.7566],[-0.9406,48.7587],[-0.9393,48.7603],[-0.9387,48.7682],[-0.941,48.7718],[-0.9441,48.7732],[-0.9448,48.7747],[-0.9403,48.7785],[-0.9356,48.775],[-0.9277,48.7738],[-0.9226,48.7705],[-0.9188,48.7697],[-0.9124,48.7705],[-0.9118,48.7686],[-0.9011,48.7682],[-0.8901,48.7647],[-0.8848,48.7614],[-0.8852,48.7574],[-0.887,48.7532],[-0.8857,48.7523],[-0.8863,48.7491],[-0.8917,48.746],[-0.895,48.7409],[-0.89,48.7402],[-0.8833,48.7407],[-0.8733,48.7329],[-0.868,48.7301],[-0.8657,48.7281],[-0.8605,48.7263],[-0.8514,48.7256],[-0.8472,48.7275],[-0.8426,48.7286],[-0.8379,48.7294],[-0.8361,48.7275],[-0.8325,48.728],[-0.8317,48.7299],[-0.827,48.7287],[-0.828,48.7253],[-0.8306,48.7225],[-0.8336,48.7172],[-0.8375,48.7151],[-0.8373,48.7116],[-0.8358,48.71],[-0.8341,48.7037],[-0.8364,48.7012],[-0.8359,48.6979],[-0.8417,48.6958],[-0.8441,48.691],[-0.8441,48.6886],[-0.8495,48.6889],[-0.8514,48.6937],[-0.8574,48.6952],[-0.8612,48.6942],[-0.8692,48.6964],[-0.8737,48.6926],[-0.8759,48.6931],[-0.8762,48.69],[-0.8799,48.69],[-0.8832,48.6888],[-0.8849,48.6916],[-0.8929,48.6881],[-0.8939,48.6893],[-0.9022,48.6914],[-0.905,48.6927],[-0.9101,48.6924],[-0.9136,48.6962],[-0.9197,48.6975],[-0.9267,48.6979],[-0.9276,48.6974],[-0.935,48.6984],[-0.9362,48.6994],[-0.9449,48.7015],[-0.9535,48.7042],[-0.9622,48.7064],[-0.9655,48.7088],[-0.966,48.7109],[-0.9607,48.7107],[-0.9578,48.7123],[-0.95,48.7134],[-0.9501,48.7164],[-0.9542,48.7202],[-0.9525,48.7225],[-0.9551,48.7237],[-0.9522,48.7253],[-0.9492,48.7251],[-0.9451,48.727],[-0.9456,48.7293],[-0.9442,48.7308],[-0.947,48.7331],[-0.9456,48.738],[-0.947,48.7401],[-0.9439,48.7415],[-0.9424,48.7441],[-0.9386,48.7465],[-0.9387,48.7494],[-0.9403,48.7504],[-0.9388,48.7525],[-0.9388,48.7566]]]}},{"type":"Feature","properties":{"code":"50584","nom":"Subligny","pop":375},"geometry":{"type":"Polygon","coordinates":[[[-1.3412,48.7587],[-1.3433,48.7547],[-1.3499,48.7449],[-1.3513,48.7419],[-1.3514,48.7379],[-1.3556,48.7381],[-1.3608,48.7332],[-1.3622,48.7365],[-1.3739,48.736],[-1.3779,48.7392],[-1.3799,48.7428],[-1.3771,48.7458],[-1.3786,48.7479],[-1.3766,48.7487],[-1.3771,48.7502],[-1.3781,48.7528],[-1.3759,48.7546],[-1.3742,48.7606],[-1.3647,48.7651],[-1.3606,48.767],[-1.3599,48.7685],[-1.358,48.769],[-1.3535,48.7681],[-1.3489,48.7694],[-1.3444,48.7735],[-1.3402,48.7698],[-1.3379,48.7656],[-1.3382,48.7636],[-1.3412,48.7587]]]}},{"type":"Feature","properties":{"code":"50585","nom":"Surtainville","pop":1166},"geometry":{"type":"Polygon","coordinates":[[[-1.8095,49.4762],[-1.8091,49.4739],[-1.8028,49.4712],[-1.8003,49.4681],[-1.7983,49.4674],[-1.7985,49.4647],[-1.7944,49.4638],[-1.7948,49.4578],[-1.7926,49.4565],[-1.7874,49.4561],[-1.7852,49.4531],[-1.7831,49.4526],[-1.7801,49.449],[-1.7763,49.4472],[-1.7735,49.4473],[-1.7678,49.449],[-1.7682,49.4538],[-1.7696,49.4551],[-1.7658,49.4565],[-1.7637,49.4558],[-1.7597,49.4589],[-1.7525,49.4607],[-1.7497,49.4622],[-1.7479,49.4623],[-1.7452,49.4551],[-1.7395,49.4472],[-1.743,49.4452],[-1.7465,49.4403],[-1.7524,49.4395],[-1.757,49.4353],[-1.7599,49.4345],[-1.7603,49.4378],[-1.7624,49.4375],[-1.7654,49.4392],[-1.7658,49.4411],[-1.7703,49.4417],[-1.77,49.4437],[-1.7804,49.4428],[-1.7834,49.4408],[-1.7857,49.4418],[-1.7957,49.4406],[-1.8005,49.4409],[-1.8229,49.4384],[-1.8243,49.4479],[-1.8272,49.4554],[-1.8311,49.4623],[-1.8362,49.4683],[-1.8249,49.4732],[-1.8192,49.4734],[-1.8162,49.4751],[-1.8126,49.4748],[-1.8095,49.4762]]]}},{"type":"Feature","properties":{"code":"50587","nom":"Taillepied","pop":18},"geometry":{"type":"Polygon","coordinates":[[[-1.5853,49.3533],[-1.5908,49.3528],[-1.5973,49.3554],[-1.598,49.3563],[-1.5934,49.3593],[-1.5943,49.361],[-1.5929,49.3631],[-1.5944,49.3652],[-1.5935,49.3697],[-1.5903,49.3688],[-1.5839,49.3711],[-1.5787,49.3687],[-1.5705,49.3691],[-1.5698,49.3665],[-1.5756,49.3646],[-1.5771,49.3626],[-1.5801,49.3612],[-1.5802,49.3584],[-1.5853,49.3533]]]}},{"type":"Feature","properties":{"code":"50588","nom":"Tamerville","pop":691},"geometry":{"type":"Polygon","coordinates":[[[-1.4982,49.5328],[-1.5012,49.5357],[-1.4993,49.538],[-1.5036,49.545],[-1.5182,49.5553],[-1.5159,49.5564],[-1.5099,49.5572],[-1.5079,49.5546],[-1.4978,49.5557],[-1.4933,49.5569],[-1.4882,49.5568],[-1.4818,49.5547],[-1.4792,49.5549],[-1.4719,49.5537],[-1.4709,49.5499],[-1.4683,49.5472],[-1.4644,49.5486],[-1.4645,49.552],[-1.4631,49.5565],[-1.4595,49.5623],[-1.4512,49.5622],[-1.4482,49.5594],[-1.4437,49.5617],[-1.4405,49.5573],[-1.4346,49.5558],[-1.4348,49.5546],[-1.4309,49.5508],[-1.4274,49.5491],[-1.4215,49.5493],[-1.4207,49.5474],[-1.4211,49.5449],[-1.4188,49.5415],[-1.4188,49.5386],[-1.4215,49.5335],[-1.4244,49.5326],[-1.4282,49.53],[-1.4302,49.5265],[-1.4383,49.5259],[-1.4461,49.5214],[-1.4493,49.5176],[-1.4544,49.519],[-1.4576,49.5225],[-1.46,49.5321],[-1.465,49.5339],[-1.4727,49.5324],[-1.4844,49.5287],[-1.4874,49.5324],[-1.488,49.535],[-1.4933,49.5353],[-1.4982,49.5328]]]}},{"type":"Feature","properties":{"code":"50589","nom":"Tanis","pop":268},"geometry":{"type":"Polygon","coordinates":[[[-1.4316,48.606],[-1.4311,48.5994],[-1.4198,48.5846],[-1.4346,48.5812],[-1.4349,48.5791],[-1.4388,48.5761],[-1.4347,48.5739],[-1.4347,48.5716],[-1.4363,48.5695],[-1.4408,48.5682],[-1.4412,48.5652],[-1.4488,48.5696],[-1.4509,48.5693],[-1.4528,48.5717],[-1.4552,48.5727],[-1.4601,48.5725],[-1.4691,48.5711],[-1.469,48.5736],[-1.4652,48.5788],[-1.4642,48.5821],[-1.4606,48.5864],[-1.4569,48.5838],[-1.4536,48.5844],[-1.4518,48.59],[-1.4536,48.5952],[-1.4517,48.5947],[-1.449,48.5971],[-1.4466,48.6012],[-1.4437,48.6015],[-1.4381,48.605],[-1.435,48.6049],[-1.4316,48.606]]]}},{"type":"Feature","properties":{"code":"50590","nom":"Le Tanu","pop":430},"geometry":{"type":"Polygon","coordinates":[[[-1.3456,48.8297],[-1.3421,48.8263],[-1.3371,48.8226],[-1.3363,48.8196],[-1.33,48.8175],[-1.328,48.8186],[-1.3256,48.8141],[-1.3208,48.8142],[-1.3177,48.8115],[-1.3176,48.8098],[-1.3194,48.8068],[-1.3242,48.8046],[-1.3261,48.8026],[-1.3244,48.7975],[-1.3209,48.7987],[-1.3133,48.7998],[-1.3089,48.8012],[-1.3047,48.8044],[-1.3012,48.8062],[-1.2992,48.801],[-1.3059,48.7948],[-1.3107,48.7917],[-1.3163,48.7904],[-1.3209,48.7829],[-1.3234,48.7832],[-1.3256,48.7816],[-1.3293,48.7807],[-1.3332,48.781],[-1.3378,48.7832],[-1.3357,48.7871],[-1.3361,48.7889],[-1.3334,48.791],[-1.334,48.7941],[-1.3386,48.7984],[-1.3482,48.801],[-1.3536,48.8005],[-1.356,48.8016],[-1.3614,48.8016],[-1.3646,48.8004],[-1.3662,48.8031],[-1.3685,48.8048],[-1.3635,48.807],[-1.3626,48.8093],[-1.3587,48.8109],[-1.3579,48.8135],[-1.3537,48.8148],[-1.3518,48.8163],[-1.3529,48.8196],[-1.3456,48.8297]]]}},{"type":"Feature","properties":{"code":"50591","nom":"Le Teilleul","pop":1706},"geometry":{"type":"Polygon","coordinates":[[[-0.8603,48.5015],[-0.8671,48.4987],[-0.8699,48.4982],[-0.8746,48.5001],[-0.8809,48.4994],[-0.8838,48.4977],[-0.8921,48.4967],[-0.8937,48.4945],[-0.8958,48.4949],[-0.8991,48.4978],[-0.9046,48.4961],[-0.909,48.4966],[-0.9105,48.4993],[-0.918,48.5003],[-0.9233,48.5044],[-0.9225,48.5078],[-0.9205,48.5098],[-0.9238,48.5134],[-0.9271,48.5132],[-0.9335,48.515],[-0.942,48.515],[-0.9445,48.5146],[-0.9441,48.519],[-0.9403,48.5181],[-0.9379,48.5255],[-0.9394,48.5256],[-0.94,48.5294],[-0.9347,48.5321],[-0.9329,48.5361],[-0.9315,48.5371],[-0.9327,48.5406],[-0.932,48.5434],[-0.933,48.5447],[-0.9318,48.5484],[-0.9356,48.5507],[-0.944,48.546],[-0.9519,48.5444],[-0.9564,48.5406],[-0.957,48.5371],[-0.9554,48.5343],[-0.9573,48.5313],[-0.9629,48.5309],[-0.969,48.528],[-0.9701,48.536],[-0.9688,48.5417],[-0.9698,48.544],[-0.9634,48.5455],[-0.9616,48.5494],[-0.9571,48.5518],[-0.9524,48.5573],[-0.9484,48.5569],[-0.9453,48.5551],[-0.9433,48.5565],[-0.94,48.5568],[-0.9378,48.5615],[-0.9344,48.5633],[-0.9315,48.568],[-0.9309,48.5705],[-0.9324,48.5752],[-0.931,48.5794],[-0.9309,48.5834],[-0.9318,48.588],[-0.9332,48.588],[-0.9346,48.5916],[-0.9328,48.5966],[-0.9329,48.5997],[-0.9297,48.5995],[-0.9263,48.6026],[-0.9243,48.6055],[-0.9186,48.6073],[-0.9177,48.6058],[-0.9136,48.6042],[-0.9094,48.6042],[-0.9097,48.602],[-0.9064,48.6015],[-0.9061,48.5975],[-0.9039,48.5947],[-0.9044,48.5904],[-0.902,48.5893],[-0.8972,48.5913],[-0.8867,48.5945],[-0.8849,48.5933],[-0.8816,48.5944],[-0.878,48.5938],[-0.877,48.5921],[-0.879,48.5889],[-0.8838,48.5864],[-0.8842,48.5851],[-0.879,48.5797],[-0.879,48.5785],[-0.8757,48.5764],[-0.873,48.5767],[-0.8727,48.5734],[-0.8684,48.5705],[-0.8657,48.5704],[-0.8597,48.568],[-0.8625,48.5586],[-0.8638,48.5572],[-0.863,48.5536],[-0.8607,48.5525],[-0.8597,48.5497],[-0.8574,48.5483],[-0.8521,48.5468],[-0.8492,48.5473],[-0.8478,48.5501],[-0.8375,48.5527],[-0.8356,48.5516],[-0.8272,48.5528],[-0.824,48.5501],[-0.8176,48.5481],[-0.8163,48.5464],[-0.8122,48.5466],[-0.8086,48.548],[-0.8079,48.547],[-0.8139,48.5453],[-0.8171,48.5402],[-0.8215,48.536],[-0.8266,48.5344],[-0.8271,48.5305],[-0.8337,48.5284],[-0.8474,48.5216],[-0.8547,48.5126],[-0.8567,48.5115],[-0.8546,48.5084],[-0.8566,48.5054],[-0.8605,48.5025],[-0.8603,48.5015]]]}},{"type":"Feature","properties":{"code":"50592","nom":"Tessy-Bocage","pop":2217},"geometry":{"type":"Polygon","coordinates":[[[-1.0755,48.9216],[-1.075,48.9234],[-1.0772,48.9248],[-1.0733,48.927],[-1.0741,48.9291],[-1.0706,48.9292],[-1.0647,48.9337],[-1.0666,48.9346],[-1.0632,48.9377],[-1.0647,48.9412],[-1.064,48.9451],[-1.0776,48.9452],[-1.0812,48.9444],[-1.0933,48.9441],[-1.1007,48.9428],[-1.1049,48.9428],[-1.1077,48.9447],[-1.1083,48.9487],[-1.105,48.955],[-1.1047,48.957],[-1.125,48.9535],[-1.1298,48.9552],[-1.1307,48.9576],[-1.1294,48.9603],[-1.1243,48.96],[-1.1228,48.9635],[-1.1205,48.965],[-1.115,48.9658],[-1.1147,48.9645],[-1.1073,48.9653],[-1.1013,48.9644],[-1.0975,48.9691],[-1.0958,48.9729],[-1.0907,48.9751],[-1.0915,48.9763],[-1.0955,48.9766],[-1.0986,48.976],[-1.1001,48.9774],[-1.1063,48.9777],[-1.1067,48.9807],[-1.1015,48.9799],[-1.0981,48.9805],[-1.0995,48.9824],[-1.0977,48.984],[-1.0987,48.9865],[-1.0943,48.9889],[-1.0944,48.9916],[-1.0967,48.996],[-1.0975,48.9989],[-1.094,49.0019],[-1.0886,49.0028],[-1.086,49.0043],[-1.0841,49.0031],[-1.0802,49.0041],[-1.0731,49.0045],[-1.0712,49.0062],[-1.0635,49.0063],[-1.0596,49.005],[-1.0634,48.9992],[-1.0667,48.9964],[-1.0684,48.9922],[-1.0664,48.9885],[-1.0625,48.9856],[-1.0669,48.9857],[-1.0666,48.9835],[-1.057,48.9797],[-1.0556,48.9764],[-1.0551,48.9723],[-1.0599,48.968],[-1.0602,48.9648],[-1.0573,48.959],[-1.0522,48.9572],[-1.0498,48.9574],[-1.0471,48.9628],[-1.0443,48.9621],[-1.0411,48.9591],[-1.0379,48.9601],[-1.0342,48.9599],[-1.0275,48.9626],[-1.0224,48.9564],[-1.0204,48.953],[-1.0158,48.954],[-1.0067,48.9552],[-1.0001,48.95],[-0.9975,48.9503],[-0.9904,48.9507],[-0.9891,48.9463],[-0.9927,48.9418],[-1.0005,48.9394],[-1.0028,48.9369],[-1.0047,48.9355],[-1.009,48.9368],[-1.0101,48.9399],[-1.0139,48.941],[-1.0199,48.9387],[-1.0234,48.9385],[-1.0268,48.9361],[-1.03,48.9374],[-1.0356,48.9346],[-1.0436,48.9338],[-1.0485,48.9287],[-1.0515,48.9265],[-1.0557,48.9245],[-1.0626,48.9223],[-1.0668,48.9195],[-1.0725,48.9203],[-1.0755,48.9216]]]}},{"type":"Feature","properties":{"code":"50593","nom":"Teurthéville-Bocage","pop":594},"geometry":{"type":"Polygon","coordinates":[[[-1.3939,49.6148],[-1.3907,49.6138],[-1.3847,49.6158],[-1.3838,49.6136],[-1.3868,49.6119],[-1.3865,49.6092],[-1.3836,49.6076],[-1.3763,49.6068],[-1.3697,49.6044],[-1.3673,49.6007],[-1.3649,49.5999],[-1.3579,49.5995],[-1.3537,49.601],[-1.3524,49.5985],[-1.3543,49.5972],[-1.3557,49.5939],[-1.3503,49.5933],[-1.3482,49.5883],[-1.3486,49.5843],[-1.3515,49.5839],[-1.3512,49.5816],[-1.3619,49.5801],[-1.3691,49.5773],[-1.3727,49.5777],[-1.3767,49.5744],[-1.3772,49.5723],[-1.3811,49.5676],[-1.3883,49.5679],[-1.3928,49.5674],[-1.3965,49.5653],[-1.3989,49.5675],[-1.4027,49.568],[-1.3999,49.5733],[-1.4051,49.5764],[-1.4087,49.577],[-1.4116,49.5786],[-1.4185,49.5792],[-1.4231,49.5828],[-1.4209,49.5845],[-1.4232,49.5902],[-1.4271,49.592],[-1.4325,49.5914],[-1.4362,49.5925],[-1.4344,49.5944],[-1.434,49.5969],[-1.4401,49.5967],[-1.44,49.599],[-1.4431,49.6023],[-1.4437,49.6045],[-1.4333,49.6076],[-1.4276,49.6104],[-1.4258,49.6129],[-1.4219,49.6135],[-1.418,49.6118],[-1.4075,49.6115],[-1.4009,49.615],[-1.3962,49.6155],[-1.3939,49.6148]]]}},{"type":"Feature","properties":{"code":"50594","nom":"Teurthéville-Hague","pop":1037},"geometry":{"type":"Polygon","coordinates":[[[-1.7618,49.5543],[-1.7699,49.5541],[-1.7653,49.5563],[-1.7697,49.563],[-1.7662,49.5649],[-1.7571,49.5662],[-1.7619,49.5681],[-1.7643,49.572],[-1.7632,49.5737],[-1.7668,49.5777],[-1.7676,49.5828],[-1.7668,49.5847],[-1.7639,49.5851],[-1.7588,49.5844],[-1.759,49.5874],[-1.7518,49.5898],[-1.7418,49.5957],[-1.7404,49.5997],[-1.7338,49.6021],[-1.7315,49.6057],[-1.7267,49.6061],[-1.7222,49.6075],[-1.7142,49.6084],[-1.7109,49.6041],[-1.7102,49.6003],[-1.7142,49.5954],[-1.7084,49.5921],[-1.7066,49.5889],[-1.7075,49.5874],[-1.7053,49.5833],[-1.7109,49.5834],[-1.7149,49.581],[-1.715,49.5792],[-1.7203,49.5785],[-1.7299,49.5744],[-1.7313,49.5774],[-1.7335,49.5783],[-1.7367,49.5749],[-1.7419,49.5717],[-1.7441,49.5691],[-1.7428,49.5647],[-1.7441,49.5659],[-1.7481,49.5654],[-1.7512,49.5625],[-1.7529,49.5585],[-1.7571,49.5554],[-1.7618,49.5543]]]}},{"type":"Feature","properties":{"code":"50596","nom":"Théville","pop":310},"geometry":{"type":"Polygon","coordinates":[[[-1.4335,49.6335],[-1.4433,49.6407],[-1.4401,49.6421],[-1.4366,49.6484],[-1.4361,49.6539],[-1.4335,49.657],[-1.4268,49.6617],[-1.4262,49.6644],[-1.4273,49.6658],[-1.4323,49.6684],[-1.4248,49.6691],[-1.4202,49.6658],[-1.4145,49.6594],[-1.4119,49.6594],[-1.4113,49.6567],[-1.404,49.6536],[-1.4049,49.6517],[-1.3998,49.6504],[-1.387,49.6494],[-1.3894,49.6459],[-1.3911,49.6396],[-1.3938,49.6373],[-1.3972,49.6383],[-1.4109,49.6374],[-1.4201,49.6385],[-1.4221,49.6391],[-1.4256,49.636],[-1.4284,49.6364],[-1.4335,49.6335]]]}},{"type":"Feature","properties":{"code":"50597","nom":"Tirepied-sur-Sée","pop":957},"geometry":{"type":"Polygon","coordinates":[[[-1.3167,48.7062],[-1.3178,48.7103],[-1.3144,48.7127],[-1.3114,48.7167],[-1.3069,48.7192],[-1.3031,48.7226],[-1.2994,48.7246],[-1.2986,48.728],[-1.2907,48.7381],[-1.2907,48.7402],[-1.288,48.7407],[-1.2838,48.7441],[-1.2806,48.7454],[-1.2761,48.7452],[-1.2737,48.743],[-1.2675,48.7439],[-1.2655,48.7462],[-1.263,48.7459],[-1.2611,48.7418],[-1.2566,48.7424],[-1.2557,48.7443],[-1.2528,48.7461],[-1.2462,48.7458],[-1.2418,48.7475],[-1.2409,48.7452],[-1.241,48.7404],[-1.2395,48.7384],[-1.2392,48.7347],[-1.2334,48.7324],[-1.2349,48.7266],[-1.2405,48.7265],[-1.2434,48.7258],[-1.2449,48.7201],[-1.2439,48.7156],[-1.2453,48.7121],[-1.2481,48.7105],[-1.2472,48.7084],[-1.2437,48.7061],[-1.2434,48.7039],[-1.243,48.6985],[-1.2414,48.6971],[-1.2456,48.6954],[-1.2523,48.6959],[-1.2549,48.6948],[-1.2647,48.6948],[-1.2657,48.6955],[-1.2806,48.6944],[-1.2824,48.6946],[-1.2801,48.6976],[-1.2818,48.7022],[-1.2877,48.7031],[-1.2894,48.7046],[-1.2965,48.7028],[-1.3028,48.7057],[-1.3064,48.7061],[-1.3108,48.7054],[-1.3167,48.7062]]]}},{"type":"Feature","properties":{"code":"50598","nom":"Tocqueville","pop":258},"geometry":{"type":"Polygon","coordinates":[[[-1.3357,49.6617],[-1.3383,49.6627],[-1.3454,49.6579],[-1.3494,49.6582],[-1.3508,49.6622],[-1.3492,49.6643],[-1.3509,49.6668],[-1.3549,49.6687],[-1.3595,49.6731],[-1.3606,49.6753],[-1.359,49.6797],[-1.3616,49.6831],[-1.3579,49.6835],[-1.3572,49.6815],[-1.353,49.6818],[-1.348,49.6789],[-1.3439,49.6794],[-1.3389,49.6761],[-1.3254,49.6812],[-1.3238,49.6771],[-1.3218,49.6755],[-1.3191,49.6766],[-1.3147,49.6743],[-1.3133,49.6709],[-1.3078,49.6725],[-1.3027,49.6692],[-1.3079,49.6669],[-1.32,49.6643],[-1.3239,49.6629],[-1.3312,49.6628],[-1.3357,49.6617]]]}},{"type":"Feature","properties":{"code":"50599","nom":"Tollevast","pop":1654},"geometry":{"type":"Polygon","coordinates":[[[-1.6263,49.5949],[-1.6142,49.5975],[-1.6099,49.5972],[-1.6018,49.5992],[-1.5973,49.5996],[-1.5956,49.594],[-1.5961,49.5915],[-1.5807,49.594],[-1.5811,49.5902],[-1.579,49.5857],[-1.5737,49.5824],[-1.5768,49.5797],[-1.5754,49.579],[-1.5765,49.5757],[-1.5782,49.5741],[-1.581,49.5747],[-1.5889,49.5707],[-1.5899,49.5685],[-1.5935,49.5669],[-1.5995,49.5665],[-1.6093,49.5646],[-1.6149,49.5641],[-1.6212,49.5622],[-1.6239,49.563],[-1.6276,49.5623],[-1.6307,49.5606],[-1.6375,49.5596],[-1.6393,49.5623],[-1.6423,49.5661],[-1.6427,49.5721],[-1.6395,49.5736],[-1.6377,49.5728],[-1.6331,49.5732],[-1.6275,49.5767],[-1.6223,49.5787],[-1.6198,49.5829],[-1.6248,49.5836],[-1.6247,49.5887],[-1.6263,49.5949]]]}},{"type":"Feature","properties":{"code":"50601","nom":"Torigny-les-Villes","pop":4444},"geometry":{"type":"Polygon","coordinates":[[[-0.9904,48.9507],[-0.9975,48.9503],[-0.9998,48.9522],[-1.0022,48.9563],[-0.9987,48.957],[-0.9893,48.9604],[-0.98,48.9647],[-0.9821,48.9711],[-0.9844,48.9737],[-0.988,48.9761],[-0.9878,48.9778],[-0.9854,48.9789],[-0.9816,48.9846],[-0.9784,48.9808],[-0.9719,48.9794],[-0.966,48.9812],[-0.9691,48.9855],[-0.9688,48.9914],[-0.9733,48.9944],[-0.9728,48.9967],[-0.9757,49.0002],[-0.9724,49.0017],[-0.9737,49.005],[-0.9819,49.0098],[-0.9837,49.0124],[-0.9898,49.0097],[-0.9947,49.01],[-1.0005,49.0079],[-1.0028,49.0062],[-1.0072,49.0053],[-1.0114,49.0031],[-1.0144,48.9996],[-1.0205,48.9997],[-1.0236,49.0007],[-1.0286,48.998],[-1.0322,49.0002],[-1.0273,49.0032],[-1.0207,49.0092],[-1.0248,49.0121],[-1.0308,49.0111],[-1.0395,49.012],[-1.0434,49.0163],[-1.0405,49.0223],[-1.0401,49.0245],[-1.0334,49.0254],[-1.0298,49.0278],[-1.0264,49.0274],[-1.0212,49.0258],[-1.0161,49.0254],[-1.0016,49.0257],[-0.9967,49.028],[-0.9976,49.029],[-0.994,49.0344],[-0.9922,49.0358],[-0.9921,49.039],[-0.9889,49.039],[-0.9869,49.0422],[-0.9844,49.0402],[-0.9787,49.0379],[-0.9736,49.0389],[-0.9698,49.0384],[-0.9673,49.037],[-0.9698,49.0343],[-0.9686,49.0321],[-0.9707,49.029],[-0.9701,49.0277],[-0.9713,49.0245],[-0.9674,49.0245],[-0.9618,49.0236],[-0.9594,49.0248],[-0.9531,49.0225],[-0.9509,49.0207],[-0.9449,49.0182],[-0.945,49.015],[-0.9426,49.0137],[-0.9396,49.0143],[-0.9367,49.0094],[-0.9317,49.0112],[-0.9299,49.0107],[-0.9241,49.0128],[-0.9131,49.0155],[-0.9065,49.0157],[-0.9071,49.0117],[-0.9052,49.0116],[-0.9067,49.0049],[-0.9096,48.9995],[-0.9101,48.9959],[-0.916,48.9886],[-0.9191,48.9871],[-0.9282,48.9815],[-0.9311,48.9776],[-0.9354,48.9754],[-0.9357,48.9742],[-0.9427,48.9681],[-0.948,48.9659],[-0.9541,48.9666],[-0.9588,48.9651],[-0.9616,48.9623],[-0.9641,48.9614],[-0.9657,48.9591],[-0.9715,48.9571],[-0.9761,48.9564],[-0.9799,48.9548],[-0.984,48.9542],[-0.9904,48.9507]]]}},{"type":"Feature","properties":{"code":"50603","nom":"Tourville-sur-Sienne","pop":787},"geometry":{"type":"Polygon","coordinates":[[[-1.4869,49.0528],[-1.4893,49.0507],[-1.5015,49.0491],[-1.5025,49.0484],[-1.5114,49.0472],[-1.5152,49.0473],[-1.528,49.0464],[-1.5355,49.0438],[-1.5423,49.0428],[-1.5424,49.0411],[-1.5456,49.0379],[-1.5498,49.0381],[-1.5591,49.0364],[-1.5601,49.0383],[-1.5593,49.0407],[-1.5632,49.044],[-1.5633,49.0455],[-1.5591,49.0502],[-1.556,49.0505],[-1.5485,49.0528],[-1.5426,49.0532],[-1.5364,49.056],[-1.5289,49.0603],[-1.5275,49.0618],[-1.5161,49.0603],[-1.513,49.061],[-1.5075,49.0601],[-1.5049,49.0604],[-1.5004,49.0585],[-1.4942,49.0568],[-1.4864,49.0597],[-1.486,49.0574],[-1.4832,49.0572],[-1.4869,49.0528]]]}},{"type":"Feature","properties":{"code":"50604","nom":"Tréauville","pop":719},"geometry":{"type":"Polygon","coordinates":[[[-1.8551,49.5567],[-1.8516,49.5552],[-1.8503,49.552],[-1.8453,49.5488],[-1.8421,49.5489],[-1.8422,49.5511],[-1.8308,49.5514],[-1.8214,49.55],[-1.8186,49.5488],[-1.8111,49.5509],[-1.8083,49.551],[-1.8059,49.5493],[-1.8009,49.5485],[-1.7952,49.5465],[-1.7933,49.5446],[-1.7908,49.5398],[-1.7923,49.5363],[-1.7985,49.5338],[-1.7966,49.5274],[-1.7911,49.5262],[-1.7909,49.5237],[-1.795,49.5206],[-1.8021,49.5238],[-1.8044,49.5233],[-1.8057,49.5195],[-1.8094,49.5205],[-1.8138,49.5201],[-1.8183,49.522],[-1.8348,49.5222],[-1.8384,49.525],[-1.8365,49.5289],[-1.8382,49.5323],[-1.8424,49.5332],[-1.8455,49.5342],[-1.8503,49.5344],[-1.8562,49.5334],[-1.8574,49.5358],[-1.853,49.5401],[-1.8609,49.541],[-1.8639,49.5436],[-1.8601,49.5477],[-1.8584,49.5513],[-1.8551,49.5567]]]}},{"type":"Feature","properties":{"code":"50606","nom":"Tribehou","pop":525},"geometry":{"type":"Polygon","coordinates":[[[-1.2758,49.2014],[-1.2777,49.2043],[-1.2719,49.2086],[-1.2684,49.2096],[-1.2651,49.2121],[-1.2635,49.2151],[-1.2611,49.2159],[-1.2587,49.2184],[-1.253,49.2195],[-1.2514,49.2221],[-1.2487,49.2218],[-1.2497,49.2254],[-1.2465,49.2273],[-1.2424,49.2322],[-1.2377,49.2321],[-1.2362,49.2294],[-1.2328,49.2275],[-1.2305,49.2234],[-1.2258,49.2171],[-1.2263,49.214],[-1.2245,49.212],[-1.2243,49.2042],[-1.2269,49.1989],[-1.2279,49.1959],[-1.235,49.1934],[-1.2374,49.1945],[-1.2433,49.1932],[-1.2485,49.1911],[-1.2515,49.1912],[-1.2551,49.1949],[-1.2614,49.1976],[-1.2611,49.1987],[-1.2646,49.2016],[-1.2694,49.2022],[-1.2717,49.2011],[-1.2758,49.2014]]]}},{"type":"Feature","properties":{"code":"50607","nom":"La Trinité","pop":405},"geometry":{"type":"Polygon","coordinates":[[[-1.2623,48.8039],[-1.2566,48.8035],[-1.2533,48.7986],[-1.25,48.797],[-1.2507,48.7937],[-1.248,48.7921],[-1.2451,48.7919],[-1.2455,48.7951],[-1.2431,48.7965],[-1.2411,48.7998],[-1.2365,48.8011],[-1.2317,48.8018],[-1.2297,48.8012],[-1.2225,48.8022],[-1.2174,48.8021],[-1.2145,48.8002],[-1.2147,48.7958],[-1.2136,48.7941],[-1.2162,48.7912],[-1.2192,48.7906],[-1.2228,48.7845],[-1.2242,48.7817],[-1.2275,48.7821],[-1.2325,48.7793],[-1.2358,48.7788],[-1.2404,48.7798],[-1.2455,48.7789],[-1.2518,48.7784],[-1.2575,48.7774],[-1.2592,48.7742],[-1.2589,48.771],[-1.2659,48.7702],[-1.2697,48.7726],[-1.2732,48.7719],[-1.2725,48.7768],[-1.2742,48.7822],[-1.2668,48.7869],[-1.2676,48.7879],[-1.2642,48.7945],[-1.2656,48.7972],[-1.2622,48.8019],[-1.2623,48.8039]]]}},{"type":"Feature","properties":{"code":"50609","nom":"Turqueville","pop":129},"geometry":{"type":"Polygon","coordinates":[[[-1.2459,49.4011],[-1.252,49.3985],[-1.2512,49.3977],[-1.2587,49.3951],[-1.261,49.3951],[-1.268,49.393],[-1.2696,49.3914],[-1.2739,49.3911],[-1.2741,49.3967],[-1.2761,49.3963],[-1.2819,49.402],[-1.287,49.4063],[-1.2933,49.4099],[-1.2913,49.4123],[-1.2853,49.4132],[-1.2824,49.4159],[-1.2797,49.42],[-1.2766,49.4202],[-1.2752,49.4194],[-1.2649,49.4142],[-1.2633,49.4123],[-1.2597,49.4107],[-1.2581,49.4101],[-1.2556,49.4038],[-1.2519,49.4047],[-1.2459,49.4011]]]}},{"type":"Feature","properties":{"code":"50610","nom":"Urville","pop":190},"geometry":{"type":"Polygon","coordinates":[[[-1.418,49.442],[-1.4217,49.4416],[-1.4238,49.4457],[-1.431,49.4445],[-1.4403,49.4375],[-1.4437,49.4407],[-1.4459,49.4399],[-1.4505,49.4399],[-1.4521,49.4412],[-1.4524,49.4441],[-1.4567,49.443],[-1.4607,49.4435],[-1.4628,49.4453],[-1.4671,49.4517],[-1.4689,49.4571],[-1.4609,49.4599],[-1.4605,49.4615],[-1.4601,49.4614],[-1.4535,49.4594],[-1.4511,49.4572],[-1.4463,49.4576],[-1.4425,49.4548],[-1.4392,49.4552],[-1.4342,49.4533],[-1.4287,49.4549],[-1.4263,49.4538],[-1.4221,49.4523],[-1.4202,49.4495],[-1.418,49.442]]]}},{"type":"Feature","properties":{"code":"50612","nom":"Vains","pop":743},"geometry":{"type":"Polygon","coordinates":[[[-1.399,48.6925],[-1.3994,48.6914],[-1.398,48.6853],[-1.3939,48.6826],[-1.3967,48.6801],[-1.3945,48.6778],[-1.3987,48.6764],[-1.4004,48.6746],[-1.4127,48.6708],[-1.4193,48.67],[-1.4229,48.6687],[-1.4247,48.666],[-1.4293,48.667],[-1.4323,48.6665],[-1.4361,48.663],[-1.4392,48.6553],[-1.4418,48.6557],[-1.4462,48.655],[-1.4469,48.6574],[-1.4466,48.6636],[-1.4485,48.6688],[-1.4501,48.6704],[-1.4577,48.6735],[-1.4518,48.68],[-1.4382,48.6819],[-1.4317,48.6821],[-1.4296,48.6841],[-1.4252,48.6823],[-1.4204,48.6867],[-1.4168,48.6915],[-1.4062,48.6929],[-1.4023,48.6938],[-1.399,48.6925]]]}},{"type":"Feature","properties":{"code":"50613","nom":"Valcanville","pop":389},"geometry":{"type":"Polygon","coordinates":[[[-1.299,49.6409],[-1.3115,49.6424],[-1.3181,49.6406],[-1.3296,49.6414],[-1.3364,49.6386],[-1.3381,49.6362],[-1.3423,49.635],[-1.3438,49.637],[-1.3463,49.6378],[-1.3423,49.6427],[-1.3426,49.6496],[-1.3443,49.6526],[-1.3478,49.6522],[-1.3493,49.6545],[-1.3454,49.6579],[-1.3383,49.6627],[-1.3357,49.6617],[-1.3342,49.6592],[-1.331,49.6591],[-1.3305,49.6557],[-1.329,49.6547],[-1.3184,49.6535],[-1.3124,49.6512],[-1.3058,49.6513],[-1.3025,49.6491],[-1.2958,49.6506],[-1.2955,49.6531],[-1.2835,49.6551],[-1.2843,49.6542],[-1.2805,49.6511],[-1.2837,49.648],[-1.2942,49.6415],[-1.299,49.6409]]]}},{"type":"Feature","properties":{"code":"50615","nom":"Valognes","pop":6969},"geometry":{"type":"Polygon","coordinates":[[[-1.4385,49.4897],[-1.4438,49.4879],[-1.4505,49.4882],[-1.4531,49.4893],[-1.4581,49.492],[-1.4617,49.4913],[-1.4631,49.4946],[-1.4657,49.4944],[-1.4706,49.4983],[-1.4768,49.495],[-1.4816,49.4976],[-1.4834,49.4971],[-1.4819,49.4986],[-1.4866,49.5018],[-1.4873,49.504],[-1.4928,49.509],[-1.5015,49.5079],[-1.5004,49.5099],[-1.5011,49.5136],[-1.5087,49.5136],[-1.5081,49.516],[-1.5144,49.5222],[-1.508,49.5246],[-1.5059,49.5262],[-1.5056,49.5292],[-1.5029,49.5297],[-1.5016,49.5315],[-1.4982,49.5328],[-1.4933,49.5353],[-1.488,49.535],[-1.4874,49.5324],[-1.4844,49.5287],[-1.4727,49.5324],[-1.465,49.5339],[-1.46,49.5321],[-1.4576,49.5225],[-1.4544,49.519],[-1.4493,49.5176],[-1.4507,49.5141],[-1.4529,49.5117],[-1.4448,49.5111],[-1.442,49.5073],[-1.4371,49.506],[-1.439,49.5017],[-1.4418,49.5004],[-1.4407,49.4979],[-1.4437,49.4959],[-1.4448,49.494],[-1.4385,49.4897]]]}},{"type":"Feature","properties":{"code":"50616","nom":"Le Val-Saint-Père","pop":1898},"geometry":{"type":"Polygon","coordinates":[[[-1.3532,48.6501],[-1.3524,48.6465],[-1.3512,48.6332],[-1.3508,48.6318],[-1.3584,48.636],[-1.3618,48.6418],[-1.3638,48.6469],[-1.3725,48.6464],[-1.3742,48.6469],[-1.3769,48.6502],[-1.3796,48.6514],[-1.3848,48.6517],[-1.3915,48.6503],[-1.3947,48.6513],[-1.3993,48.6548],[-1.4009,48.6584],[-1.3992,48.6632],[-1.3948,48.6674],[-1.3897,48.6702],[-1.3871,48.673],[-1.3864,48.6758],[-1.3811,48.6829],[-1.3765,48.6851],[-1.3764,48.6822],[-1.3736,48.6823],[-1.3651,48.6809],[-1.3614,48.6772],[-1.357,48.6747],[-1.3549,48.6752],[-1.3539,48.6709],[-1.3543,48.6606],[-1.3527,48.651],[-1.3532,48.6501]]]}},{"type":"Feature","properties":{"code":"50617","nom":"Varenguebec","pop":321},"geometry":{"type":"Polygon","coordinates":[[[-1.4788,49.3649],[-1.4748,49.3665],[-1.4693,49.3668],[-1.4672,49.3682],[-1.4595,49.3656],[-1.4623,49.3629],[-1.4594,49.3614],[-1.4557,49.3582],[-1.4558,49.3554],[-1.4574,49.3536],[-1.456,49.3503],[-1.4539,49.3486],[-1.4586,49.344],[-1.4586,49.341],[-1.4565,49.3372],[-1.4606,49.3311],[-1.4708,49.328],[-1.4785,49.3228],[-1.4856,49.3206],[-1.487,49.3171],[-1.483,49.3144],[-1.4899,49.3129],[-1.4945,49.3128],[-1.4981,49.3105],[-1.5019,49.3145],[-1.5137,49.3138],[-1.5183,49.3144],[-1.5265,49.3141],[-1.527,49.3163],[-1.5308,49.3188],[-1.5364,49.3211],[-1.5355,49.3234],[-1.5367,49.3259],[-1.5357,49.328],[-1.5373,49.3293],[-1.5326,49.3321],[-1.5274,49.3328],[-1.5212,49.335],[-1.5121,49.3387],[-1.5123,49.3425],[-1.5188,49.3422],[-1.5183,49.3471],[-1.5133,49.3505],[-1.5125,49.3517],[-1.5109,49.3509],[-1.5015,49.3509],[-1.4981,49.3525],[-1.4925,49.3576],[-1.4907,49.3573],[-1.4856,49.3608],[-1.4828,49.3606],[-1.4788,49.3649]]]}},{"type":"Feature","properties":{"code":"50618","nom":"Varouville","pop":216},"geometry":{"type":"Polygon","coordinates":[[[-1.3845,49.6581],[-1.3894,49.6583],[-1.3898,49.6626],[-1.3871,49.6665],[-1.3839,49.6664],[-1.3829,49.6689],[-1.3834,49.6726],[-1.3813,49.6746],[-1.3771,49.6765],[-1.3764,49.6794],[-1.374,49.6834],[-1.3694,49.6833],[-1.3684,49.6848],[-1.3621,49.6854],[-1.3616,49.6831],[-1.359,49.6797],[-1.3606,49.6753],[-1.3595,49.6731],[-1.3549,49.6687],[-1.3509,49.6668],[-1.3492,49.6643],[-1.3528,49.6652],[-1.3578,49.6675],[-1.3595,49.6662],[-1.3625,49.668],[-1.3645,49.6666],[-1.3625,49.6649],[-1.3666,49.6638],[-1.3694,49.6605],[-1.372,49.66],[-1.3737,49.6619],[-1.3784,49.6628],[-1.377,49.6604],[-1.3845,49.6581]]]}},{"type":"Feature","properties":{"code":"50619","nom":"Le Vast","pop":321},"geometry":{"type":"Polygon","coordinates":[[[-1.3463,49.6378],[-1.3438,49.637],[-1.3423,49.635],[-1.3381,49.6362],[-1.3346,49.6347],[-1.335,49.632],[-1.3388,49.6301],[-1.3361,49.6244],[-1.3337,49.6234],[-1.3332,49.6209],[-1.3297,49.621],[-1.3263,49.6224],[-1.3199,49.624],[-1.315,49.6228],[-1.3141,49.6171],[-1.3183,49.6172],[-1.3216,49.6186],[-1.3286,49.6151],[-1.3286,49.6111],[-1.3326,49.6097],[-1.3378,49.6091],[-1.3421,49.6071],[-1.3458,49.6064],[-1.3537,49.601],[-1.3579,49.5995],[-1.3649,49.5999],[-1.3673,49.6007],[-1.3697,49.6044],[-1.3763,49.6068],[-1.3836,49.6076],[-1.3865,49.6092],[-1.3868,49.6119],[-1.3838,49.6136],[-1.3847,49.6158],[-1.3907,49.6138],[-1.3939,49.6148],[-1.392,49.6156],[-1.397,49.6197],[-1.3984,49.6225],[-1.3921,49.6274],[-1.3877,49.6251],[-1.3812,49.6236],[-1.3771,49.6255],[-1.3826,49.6313],[-1.3639,49.6296],[-1.3597,49.6303],[-1.3562,49.6295],[-1.3541,49.6308],[-1.3542,49.6354],[-1.3463,49.6378]]]}},{"type":"Feature","properties":{"code":"50621","nom":"Vaudreville","pop":77},"geometry":{"type":"Polygon","coordinates":[[[-1.348,49.5233],[-1.3432,49.5241],[-1.3386,49.5225],[-1.3404,49.5198],[-1.3402,49.5178],[-1.3437,49.5173],[-1.3478,49.5155],[-1.3482,49.5129],[-1.3557,49.5117],[-1.3597,49.5077],[-1.3626,49.5078],[-1.3702,49.5081],[-1.369,49.5112],[-1.3713,49.5149],[-1.3748,49.5167],[-1.3773,49.5199],[-1.3725,49.5209],[-1.3649,49.5241],[-1.3576,49.5228],[-1.348,49.5233]]]}},{"type":"Feature","properties":{"code":"50624","nom":"La Vendelée","pop":459},"geometry":{"type":"Polygon","coordinates":[[[-1.4529,49.0946],[-1.4456,49.0948],[-1.4361,49.0943],[-1.4407,49.0856],[-1.4383,49.0835],[-1.4387,49.0819],[-1.4455,49.0787],[-1.4481,49.0782],[-1.4526,49.075],[-1.4592,49.0727],[-1.4658,49.0721],[-1.4714,49.0724],[-1.4797,49.0758],[-1.4809,49.0751],[-1.4782,49.0787],[-1.4806,49.0828],[-1.4734,49.0857],[-1.4713,49.0882],[-1.4675,49.0902],[-1.4616,49.0899],[-1.4561,49.0903],[-1.4523,49.0914],[-1.4529,49.0946]]]}},{"type":"Feature","properties":{"code":"50626","nom":"Ver","pop":386},"geometry":{"type":"Polygon","coordinates":[[[-1.3867,48.8788],[-1.3903,48.8807],[-1.3935,48.881],[-1.3972,48.8799],[-1.4028,48.881],[-1.4062,48.8792],[-1.4123,48.8779],[-1.4165,48.8785],[-1.4196,48.8814],[-1.4193,48.8852],[-1.4178,48.8887],[-1.4171,48.8938],[-1.4204,48.8999],[-1.4204,48.903],[-1.4189,48.904],[-1.4179,48.9071],[-1.415,48.9073],[-1.4095,48.9045],[-1.4068,48.9064],[-1.4049,48.9094],[-1.3958,48.9148],[-1.393,48.9154],[-1.3862,48.9164],[-1.3777,48.9155],[-1.3735,48.9145],[-1.3726,48.9123],[-1.3736,48.9094],[-1.3721,48.9036],[-1.3676,48.9027],[-1.3674,48.8999],[-1.3655,48.8991],[-1.3587,48.9009],[-1.3586,48.8942],[-1.3569,48.8941],[-1.3544,48.8904],[-1.3505,48.8883],[-1.3544,48.8848],[-1.3565,48.8875],[-1.3598,48.886],[-1.3677,48.8866],[-1.3745,48.8842],[-1.3801,48.8834],[-1.382,48.881],[-1.3867,48.8788]]]}},{"type":"Feature","properties":{"code":"50628","nom":"Vernix","pop":154},"geometry":{"type":"Polygon","coordinates":[[[-1.2349,48.7266],[-1.2294,48.726],[-1.2231,48.7264],[-1.2131,48.725],[-1.2143,48.7199],[-1.2113,48.7175],[-1.2096,48.7149],[-1.2049,48.7125],[-1.2055,48.7078],[-1.2287,48.7042],[-1.2359,48.7054],[-1.2434,48.7039],[-1.2437,48.7061],[-1.2472,48.7084],[-1.2481,48.7105],[-1.2453,48.7121],[-1.2439,48.7156],[-1.2449,48.7201],[-1.2434,48.7258],[-1.2405,48.7265],[-1.2349,48.7266]]]}},{"type":"Feature","properties":{"code":"50629","nom":"Vesly","pop":728},"geometry":{"type":"Polygon","coordinates":[[[-1.4589,49.2197],[-1.4646,49.2201],[-1.4803,49.2178],[-1.4898,49.2175],[-1.4897,49.2161],[-1.4937,49.2172],[-1.4962,49.2158],[-1.5001,49.2164],[-1.5044,49.2188],[-1.5072,49.2241],[-1.5115,49.2266],[-1.5121,49.2292],[-1.5114,49.2319],[-1.5207,49.2365],[-1.5257,49.2406],[-1.5309,49.2402],[-1.5311,49.2457],[-1.5267,49.2502],[-1.5228,49.2516],[-1.5172,49.2516],[-1.5146,49.2533],[-1.5114,49.2568],[-1.5077,49.2653],[-1.5043,49.2643],[-1.5022,49.2687],[-1.5043,49.2707],[-1.5012,49.2741],[-1.5008,49.2766],[-1.4952,49.2734],[-1.4883,49.2784],[-1.4847,49.2803],[-1.4793,49.2847],[-1.4748,49.2865],[-1.4695,49.2874],[-1.4682,49.2866],[-1.4615,49.2812],[-1.4626,49.2759],[-1.4707,49.2742],[-1.4753,49.2718],[-1.4729,49.2686],[-1.4742,49.262],[-1.4782,49.2575],[-1.4817,49.2578],[-1.4818,49.2546],[-1.4787,49.2509],[-1.4779,49.2488],[-1.4725,49.2465],[-1.4733,49.2447],[-1.4723,49.2421],[-1.47,49.2403],[-1.4625,49.2363],[-1.462,49.233],[-1.4584,49.2325],[-1.4566,49.2296],[-1.4581,49.2248],[-1.4553,49.2224],[-1.4589,49.2197]]]}},{"type":"Feature","properties":{"code":"50633","nom":"Le Vicel","pop":119},"geometry":{"type":"Polygon","coordinates":[[[-1.3381,49.6362],[-1.3364,49.6386],[-1.3296,49.6414],[-1.3181,49.6406],[-1.3115,49.6424],[-1.299,49.6409],[-1.2982,49.6397],[-1.3018,49.6363],[-1.3016,49.6337],[-1.3062,49.6297],[-1.3058,49.6273],[-1.3081,49.6251],[-1.3108,49.6247],[-1.3131,49.624],[-1.3199,49.624],[-1.3263,49.6224],[-1.3297,49.621],[-1.3332,49.6209],[-1.3337,49.6234],[-1.3361,49.6244],[-1.3388,49.6301],[-1.335,49.632],[-1.3346,49.6347],[-1.3381,49.6362]]]}},{"type":"Feature","properties":{"code":"50634","nom":"Videcosville","pop":93},"geometry":{"type":"Polygon","coordinates":[[[-1.3815,49.5569],[-1.3831,49.5601],[-1.3808,49.5632],[-1.3811,49.5676],[-1.3772,49.5723],[-1.3767,49.5744],[-1.3727,49.5777],[-1.3691,49.5773],[-1.363,49.5739],[-1.3612,49.5714],[-1.3614,49.5662],[-1.3595,49.5643],[-1.3602,49.562],[-1.367,49.5612],[-1.3658,49.559],[-1.373,49.5586],[-1.3734,49.5572],[-1.3815,49.5569]]]}},{"type":"Feature","properties":{"code":"50637","nom":"Villebaudon","pop":327},"geometry":{"type":"Polygon","coordinates":[[[-1.1693,48.9846],[-1.1657,48.9826],[-1.1603,48.9699],[-1.1616,48.9674],[-1.161,48.9638],[-1.1572,48.964],[-1.1558,48.9619],[-1.151,48.9615],[-1.1454,48.9602],[-1.1489,48.9585],[-1.1556,48.9568],[-1.1582,48.9551],[-1.1585,48.9525],[-1.1619,48.9527],[-1.1677,48.9557],[-1.1711,48.955],[-1.1778,48.955],[-1.1836,48.9537],[-1.1881,48.9541],[-1.1905,48.9552],[-1.1936,48.958],[-1.1925,48.9609],[-1.1869,48.9654],[-1.1829,48.9664],[-1.1789,48.9717],[-1.1788,48.9739],[-1.1766,48.9775],[-1.1744,48.9842],[-1.1693,48.9846]]]}},{"type":"Feature","properties":{"code":"50639","nom":"Villedieu-les-Poêles-Rouffigny","pop":3903},"geometry":{"type":"Polygon","coordinates":[[[-1.2225,48.8022],[-1.2297,48.8012],[-1.2317,48.8018],[-1.2365,48.8011],[-1.2411,48.7998],[-1.2431,48.7965],[-1.2455,48.7951],[-1.2451,48.7919],[-1.248,48.7921],[-1.2507,48.7937],[-1.25,48.797],[-1.2533,48.7986],[-1.2566,48.8035],[-1.2623,48.8039],[-1.2652,48.803],[-1.2709,48.8037],[-1.273,48.8057],[-1.278,48.8052],[-1.2832,48.8039],[-1.284,48.8071],[-1.279,48.807],[-1.273,48.8091],[-1.2662,48.809],[-1.2601,48.8115],[-1.2526,48.8131],[-1.2438,48.8203],[-1.2394,48.8244],[-1.239,48.8265],[-1.24,48.8316],[-1.2435,48.837],[-1.2391,48.8404],[-1.239,48.8428],[-1.2364,48.8456],[-1.2333,48.8458],[-1.2285,48.8477],[-1.229,48.8489],[-1.2328,48.8516],[-1.2314,48.8532],[-1.2335,48.8553],[-1.2287,48.856],[-1.2234,48.8555],[-1.2201,48.8566],[-1.2175,48.8564],[-1.2155,48.8532],[-1.218,48.85],[-1.2181,48.8477],[-1.2094,48.8481],[-1.2055,48.8466],[-1.2053,48.844],[-1.2092,48.8448],[-1.2119,48.8419],[-1.2145,48.8417],[-1.215,48.8391],[-1.2133,48.8378],[-1.2139,48.8357],[-1.2164,48.8343],[-1.2143,48.8327],[-1.2087,48.8326],[-1.2062,48.8356],[-1.2028,48.8321],[-1.2059,48.8316],[-1.2087,48.8296],[-1.206,48.8242],[-1.1995,48.8238],[-1.2009,48.8198],[-1.2035,48.817],[-1.2057,48.8174],[-1.2097,48.8163],[-1.2117,48.8185],[-1.218,48.8209],[-1.2226,48.8216],[-1.2283,48.8215],[-1.2247,48.8126],[-1.2196,48.8127],[-1.2174,48.8094],[-1.2179,48.8062],[-1.221,48.8045],[-1.2225,48.8022]]]}},{"type":"Feature","properties":{"code":"50641","nom":"Villiers-Fossard","pop":646},"geometry":{"type":"Polygon","coordinates":[[[-1.0496,49.147],[-1.0549,49.1464],[-1.059,49.1443],[-1.0637,49.1453],[-1.0687,49.1474],[-1.0728,49.15],[-1.0787,49.1528],[-1.0843,49.152],[-1.0855,49.1549],[-1.0838,49.1553],[-1.0875,49.1595],[-1.0796,49.1602],[-1.0832,49.1636],[-1.0831,49.1685],[-1.0815,49.1703],[-1.0766,49.171],[-1.0706,49.1743],[-1.0693,49.1761],[-1.0658,49.1782],[-1.0613,49.1759],[-1.0585,49.1768],[-1.0562,49.176],[-1.0538,49.1735],[-1.049,49.1738],[-1.046,49.1728],[-1.0442,49.1704],[-1.033,49.169],[-1.0371,49.1647],[-1.0403,49.1629],[-1.0444,49.1556],[-1.0467,49.1539],[-1.0491,49.1494],[-1.0496,49.147]]]}},{"type":"Feature","properties":{"code":"50643","nom":"Virandeville","pop":816},"geometry":{"type":"Polygon","coordinates":[[[-1.7111,49.5536],[-1.7138,49.5549],[-1.7148,49.5569],[-1.7179,49.5586],[-1.7243,49.5556],[-1.7281,49.5592],[-1.7313,49.5611],[-1.7389,49.5606],[-1.7418,49.5596],[-1.7444,49.5603],[-1.7428,49.5647],[-1.7441,49.5691],[-1.7419,49.5717],[-1.7367,49.5749],[-1.7335,49.5783],[-1.7313,49.5774],[-1.7299,49.5744],[-1.7203,49.5785],[-1.715,49.5792],[-1.7149,49.581],[-1.7109,49.5834],[-1.7053,49.5833],[-1.7034,49.5829],[-1.6984,49.5849],[-1.6955,49.5833],[-1.6954,49.5807],[-1.6893,49.5776],[-1.6865,49.5772],[-1.6849,49.5755],[-1.6851,49.5735],[-1.6915,49.5713],[-1.6938,49.5687],[-1.6976,49.5659],[-1.7009,49.5622],[-1.7062,49.5632],[-1.7058,49.559],[-1.7038,49.5574],[-1.7076,49.5565],[-1.7111,49.5536]]]}},{"type":"Feature","properties":{"code":"50647","nom":"Yquelon","pop":1240},"geometry":{"type":"Polygon","coordinates":[[[-1.5411,48.8511],[-1.542,48.8473],[-1.5386,48.8397],[-1.537,48.8386],[-1.5445,48.8387],[-1.5466,48.8376],[-1.5542,48.8377],[-1.5535,48.8362],[-1.5615,48.8366],[-1.5615,48.839],[-1.5592,48.8407],[-1.5615,48.845],[-1.5649,48.8455],[-1.5543,48.8511],[-1.5502,48.8515],[-1.5443,48.8506],[-1.5411,48.8511]]]}},{"type":"Feature","properties":{"code":"50648","nom":"Yvetot-Bocage","pop":1212},"geometry":{"type":"Polygon","coordinates":[[[-1.4834,49.4971],[-1.4911,49.4915],[-1.4915,49.49],[-1.4891,49.4879],[-1.4847,49.4879],[-1.4795,49.4827],[-1.4811,49.4792],[-1.4829,49.4786],[-1.4854,49.4753],[-1.4896,49.4762],[-1.4902,49.4779],[-1.4931,49.4789],[-1.4962,49.4819],[-1.502,49.4806],[-1.5053,49.482],[-1.5158,49.4828],[-1.5209,49.4843],[-1.5307,49.4825],[-1.5323,49.484],[-1.5373,49.49],[-1.536,49.4918],[-1.5364,49.4972],[-1.5342,49.5],[-1.5439,49.5021],[-1.5463,49.5056],[-1.541,49.5057],[-1.5261,49.5116],[-1.5211,49.5132],[-1.5087,49.5136],[-1.5011,49.5136],[-1.5004,49.5099],[-1.5015,49.5079],[-1.4928,49.509],[-1.4873,49.504],[-1.4866,49.5018],[-1.4819,49.4986],[-1.4834,49.4971]]]}}]}