{"type":"FeatureCollection","features":[{"type":"Feature","properties":{"code":"55001","nom":"Abainville","pop":280},"geometry":{"type":"Polygon","coordinates":[[[5.5744,48.5226],[5.5645,48.5114],[5.5494,48.5182],[5.5456,48.522],[5.5442,48.5255],[5.5401,48.5289],[5.5337,48.5318],[5.5296,48.5322],[5.5272,48.5313],[5.5257,48.5276],[5.5207,48.529],[5.5176,48.5279],[5.5167,48.5259],[5.5103,48.5248],[5.5027,48.5217],[5.4982,48.5211],[5.4956,48.5198],[5.4924,48.5217],[5.4888,48.5208],[5.4873,48.5216],[5.4835,48.519],[5.4809,48.5198],[5.4731,48.5241],[5.4728,48.5292],[5.4752,48.532],[5.4817,48.5366],[5.4834,48.5383],[5.4843,48.5458],[5.4884,48.5468],[5.4915,48.5485],[5.5042,48.5502],[5.5161,48.5476],[5.5233,48.5465],[5.5311,48.5465],[5.5313,48.5505],[5.5362,48.5497],[5.5349,48.5465],[5.533,48.5459],[5.5344,48.543],[5.5382,48.5376],[5.5382,48.5354],[5.5351,48.532],[5.5379,48.5308],[5.5435,48.5265],[5.5506,48.5289],[5.5593,48.5287],[5.5744,48.5226]]]}},{"type":"Feature","properties":{"code":"55002","nom":"Abaucourt-Hautecourt","pop":101},"geometry":{"type":"Polygon","coordinates":[[[5.5194,49.1853],[5.5198,49.1891],[5.5167,49.1882],[5.512,49.1885],[5.5108,49.1908],[5.5138,49.1918],[5.5083,49.1973],[5.5075,49.1985],[5.5102,49.2007],[5.5197,49.2016],[5.5236,49.2026],[5.5253,49.2002],[5.5274,49.1996],[5.5299,49.2018],[5.5287,49.2042],[5.5311,49.2041],[5.5404,49.2055],[5.542,49.2028],[5.5482,49.2027],[5.547,49.2072],[5.5502,49.2071],[5.5543,49.2083],[5.555,49.2111],[5.5616,49.2137],[5.5643,49.2142],[5.5652,49.212],[5.5697,49.2063],[5.5713,49.2058],[5.5754,49.2003],[5.581,49.2001],[5.5866,49.1963],[5.5861,49.1944],[5.5795,49.1893],[5.5774,49.1868],[5.5685,49.1868],[5.5627,49.1868],[5.5622,49.1878],[5.5508,49.1915],[5.5462,49.1912],[5.5424,49.1922],[5.5396,49.188],[5.5381,49.1872],[5.5271,49.1871],[5.5262,49.1887],[5.5194,49.1853]]]}},{"type":"Feature","properties":{"code":"55004","nom":"Aincreville","pop":80},"geometry":{"type":"Polygon","coordinates":[[[5.117,49.3475],[5.1146,49.3488],[5.109,49.3496],[5.1109,49.3538],[5.1053,49.3576],[5.1058,49.3627],[5.1004,49.3639],[5.0945,49.368],[5.0891,49.3699],[5.0946,49.3739],[5.0955,49.3763],[5.1016,49.3784],[5.1015,49.3805],[5.099,49.3832],[5.099,49.3851],[5.1033,49.3882],[5.1044,49.39],[5.1109,49.3892],[5.1133,49.3811],[5.1184,49.381],[5.125,49.3826],[5.126,49.3852],[5.1293,49.3843],[5.1327,49.3814],[5.1354,49.3779],[5.1398,49.3748],[5.1403,49.3725],[5.1386,49.3711],[5.1377,49.3662],[5.1343,49.364],[5.1321,49.3611],[5.1255,49.3569],[5.1231,49.3531],[5.124,49.3506],[5.1215,49.3482],[5.117,49.3475]]]}},{"type":"Feature","properties":{"code":"55005","nom":"Amanty","pop":36},"geometry":{"type":"Polygon","coordinates":[[[5.5645,48.5114],[5.5744,48.5226],[5.5862,48.5179],[5.588,48.5219],[5.5911,48.525],[5.5994,48.5286],[5.6013,48.5277],[5.6057,48.5293],[5.6135,48.5252],[5.6247,48.5304],[5.6304,48.5305],[5.6363,48.5251],[5.6388,48.5219],[5.6379,48.5196],[5.632,48.5165],[5.6295,48.512],[5.6273,48.5077],[5.6238,48.5056],[5.6187,48.5014],[5.6155,48.5024],[5.6076,48.5018],[5.5989,48.5019],[5.5949,48.5016],[5.5863,48.503],[5.5823,48.5072],[5.5723,48.5112],[5.5645,48.5114]]]}},{"type":"Feature","properties":{"code":"55007","nom":"Ambly-sur-Meuse","pop":245},"geometry":{"type":"Polygon","coordinates":[[[5.4735,49.0167],[5.4634,49.0148],[5.4575,49.012],[5.4526,49.0142],[5.4477,49.0156],[5.444,49.0153],[5.4447,49.0123],[5.4416,49.0109],[5.4354,49.0158],[5.4345,49.0181],[5.4313,49.0167],[5.4289,49.0172],[5.4293,49.0196],[5.4261,49.0192],[5.4284,49.0219],[5.4241,49.0239],[5.4275,49.0263],[5.4261,49.0299],[5.4333,49.0303],[5.4354,49.0318],[5.439,49.0319],[5.4419,49.029],[5.4476,49.0297],[5.4566,49.0298],[5.4615,49.0295],[5.4684,49.033],[5.4688,49.0325],[5.4792,49.0279],[5.4796,49.0238],[5.4766,49.0197],[5.473,49.0181],[5.4735,49.0167]]]}},{"type":"Feature","properties":{"code":"55008","nom":"Amel-sur-l'Étang","pop":153},"geometry":{"type":"Polygon","coordinates":[[[5.6692,49.2352],[5.6636,49.2398],[5.6599,49.2458],[5.6564,49.2472],[5.6501,49.2462],[5.6414,49.2443],[5.6378,49.2427],[5.629,49.2434],[5.622,49.2417],[5.6207,49.247],[5.6188,49.2477],[5.6225,49.2504],[5.6164,49.2544],[5.6098,49.257],[5.6086,49.2591],[5.6095,49.2614],[5.6068,49.264],[5.6026,49.2661],[5.6064,49.2698],[5.6102,49.2709],[5.6212,49.2695],[5.6314,49.2695],[5.6322,49.2682],[5.6448,49.2732],[5.6454,49.2727],[5.656,49.2762],[5.6601,49.2764],[5.6595,49.2788],[5.6645,49.2799],[5.6654,49.2801],[5.6702,49.2744],[5.6671,49.2713],[5.6682,49.2683],[5.6705,49.2664],[5.6683,49.2639],[5.6686,49.2593],[5.6673,49.2577],[5.6681,49.2553],[5.6719,49.2559],[5.6755,49.2535],[5.6767,49.2514],[5.6806,49.2491],[5.6843,49.2482],[5.6877,49.2463],[5.687,49.242],[5.6876,49.239],[5.681,49.237],[5.6787,49.2371],[5.677,49.2391],[5.673,49.2376],[5.6725,49.2337],[5.6692,49.2352]]]}},{"type":"Feature","properties":{"code":"55009","nom":"Ancemont","pop":527},"geometry":{"type":"Polygon","coordinates":[[[5.3604,49.0807],[5.3665,49.0826],[5.3677,49.0814],[5.3721,49.0833],[5.3827,49.0851],[5.3853,49.0852],[5.3897,49.0873],[5.3927,49.0849],[5.3995,49.0884],[5.3991,49.0905],[5.4036,49.0923],[5.4048,49.0941],[5.4056,49.0916],[5.4079,49.0893],[5.4068,49.0868],[5.4132,49.0831],[5.416,49.0821],[5.4167,49.0768],[5.4148,49.0756],[5.4138,49.0712],[5.414,49.0682],[5.4057,49.0656],[5.4062,49.065],[5.4002,49.0597],[5.3969,49.0556],[5.39,49.0567],[5.3858,49.0568],[5.3859,49.0552],[5.3821,49.0546],[5.3733,49.0508],[5.3694,49.0406],[5.3753,49.0415],[5.3749,49.0385],[5.3804,49.0371],[5.3761,49.0342],[5.3704,49.0322],[5.3619,49.0329],[5.3596,49.0341],[5.3504,49.0339],[5.3456,49.0339],[5.3472,49.0401],[5.3512,49.0474],[5.3575,49.0487],[5.3606,49.0483],[5.3684,49.0497],[5.3711,49.057],[5.3763,49.0558],[5.3782,49.059],[5.3793,49.0658],[5.3824,49.0692],[5.384,49.0726],[5.3791,49.0731],[5.3724,49.0731],[5.3666,49.0725],[5.3586,49.0698],[5.3568,49.0721],[5.3541,49.0716],[5.352,49.0748],[5.3537,49.0769],[5.3607,49.0769],[5.3622,49.0795],[5.3604,49.0807]]]}},{"type":"Feature","properties":{"code":"55010","nom":"Ancerville","pop":2569},"geometry":{"type":"Polygon","coordinates":[[[5.0327,48.6133],[5.0268,48.612],[5.0187,48.612],[5.0148,48.6103],[5.0064,48.6113],[4.9994,48.6147],[4.9967,48.6177],[4.9948,48.6219],[4.9987,48.6235],[4.9963,48.6254],[4.9996,48.6267],[5.0005,48.6285],[5.0053,48.6315],[5.0062,48.6335],[5.003,48.6374],[5.0039,48.6388],[4.999,48.6409],[4.9973,48.6457],[4.9947,48.6462],[4.9956,48.6522],[4.9928,48.6583],[4.9949,48.6608],[5.0004,48.6637],[5.011,48.6678],[5.0161,48.667],[5.0222,48.6637],[5.0362,48.6603],[5.04,48.6606],[5.0427,48.6597],[5.0471,48.6578],[5.0525,48.654],[5.0571,48.6492],[5.0595,48.6455],[5.0603,48.6406],[5.0601,48.6369],[5.0582,48.6358],[5.057,48.6325],[5.052,48.6333],[5.0459,48.628],[5.0437,48.6253],[5.0387,48.622],[5.0327,48.6133]]]}},{"type":"Feature","properties":{"code":"55011","nom":"Andernay","pop":236},"geometry":{"type":"Polygon","coordinates":[[[4.9723,48.7876],[4.965,48.7824],[4.9649,48.7795],[4.9613,48.7762],[4.9564,48.7725],[4.9518,48.7704],[4.9487,48.7705],[4.9461,48.7745],[4.9378,48.7828],[4.9373,48.7861],[4.9383,48.7869],[4.9365,48.7899],[4.9344,48.7904],[4.9397,48.7913],[4.9426,48.7908],[4.9514,48.7931],[4.9609,48.7949],[4.962,48.7936],[4.9659,48.7927],[4.9668,48.7902],[4.9703,48.7905],[4.9723,48.7876]]]}},{"type":"Feature","properties":{"code":"55012","nom":"Apremont-la-Forêt","pop":427},"geometry":{"type":"Polygon","coordinates":[[[5.5969,48.8348],[5.5947,48.8335],[5.594,48.8297],[5.5806,48.8277],[5.5773,48.824],[5.5742,48.8248],[5.5626,48.8235],[5.5601,48.8256],[5.5598,48.8292],[5.5626,48.8292],[5.5675,48.8307],[5.5706,48.8337],[5.5744,48.846],[5.5691,48.8564],[5.5742,48.8583],[5.5785,48.8606],[5.5873,48.8631],[5.6028,48.8682],[5.6092,48.8681],[5.6126,48.8704],[5.6187,48.8724],[5.619,48.8748],[5.6223,48.8754],[5.6291,48.875],[5.6326,48.8746],[5.6373,48.867],[5.6389,48.8669],[5.6417,48.864],[5.6461,48.8641],[5.6452,48.8621],[5.6498,48.8609],[5.6531,48.8563],[5.6591,48.8504],[5.6615,48.8496],[5.6624,48.8475],[5.6695,48.8444],[5.6729,48.8389],[5.6722,48.8364],[5.675,48.8367],[5.6824,48.8325],[5.683,48.8313],[5.6783,48.8302],[5.6736,48.8241],[5.6677,48.8232],[5.6681,48.8206],[5.6595,48.8192],[5.6575,48.8204],[5.6493,48.8192],[5.6482,48.8214],[5.6348,48.8185],[5.6315,48.8197],[5.6273,48.818],[5.6225,48.8205],[5.6199,48.8233],[5.6148,48.8243],[5.6187,48.826],[5.6105,48.8302],[5.612,48.8315],[5.6047,48.8332],[5.5992,48.8353],[5.5969,48.8348]]]}},{"type":"Feature","properties":{"code":"55013","nom":"Arrancy-sur-Crusnes","pop":466},"geometry":{"type":"Polygon","coordinates":[[[5.6069,49.4188],[5.6066,49.4223],[5.6103,49.4234],[5.6122,49.4253],[5.6176,49.4261],[5.6158,49.4305],[5.618,49.4313],[5.6224,49.4314],[5.6229,49.4335],[5.6288,49.434],[5.6314,49.4371],[5.6336,49.4378],[5.6368,49.4335],[5.6468,49.4332],[5.6463,49.4299],[5.6529,49.4271],[5.6589,49.4266],[5.6672,49.4241],[5.6699,49.422],[5.675,49.4214],[5.6766,49.419],[5.6771,49.4159],[5.6811,49.4142],[5.6833,49.4143],[5.6914,49.4165],[5.6923,49.415],[5.6919,49.4021],[5.6946,49.3981],[5.6927,49.3962],[5.6869,49.3937],[5.6796,49.3905],[5.6728,49.3893],[5.6654,49.3887],[5.6613,49.3877],[5.6543,49.3876],[5.6532,49.3917],[5.648,49.3957],[5.6412,49.3983],[5.6302,49.4015],[5.6297,49.4037],[5.623,49.4005],[5.6211,49.406],[5.6195,49.4053],[5.6151,49.4088],[5.6134,49.4089],[5.6175,49.411],[5.6124,49.4148],[5.6076,49.4156],[5.6051,49.4172],[5.6069,49.4188]]]}},{"type":"Feature","properties":{"code":"55014","nom":"Aubréville","pop":375},"geometry":{"type":"Polygon","coordinates":[[[5.0306,49.1381],[5.0331,49.1392],[5.0348,49.142],[5.0361,49.1483],[5.0432,49.1478],[5.0468,49.1494],[5.0508,49.1485],[5.0578,49.1495],[5.0582,49.1518],[5.0604,49.1551],[5.0658,49.1565],[5.0743,49.1572],[5.0817,49.1598],[5.0868,49.16],[5.0903,49.1636],[5.09,49.1677],[5.088,49.1722],[5.0908,49.1742],[5.0925,49.1779],[5.102,49.1829],[5.1055,49.1852],[5.1118,49.1911],[5.1146,49.1928],[5.1156,49.1962],[5.1186,49.1958],[5.1225,49.1933],[5.1224,49.1911],[5.1184,49.1865],[5.1178,49.1839],[5.122,49.1849],[5.1253,49.1833],[5.1308,49.1832],[5.1349,49.1837],[5.1386,49.1857],[5.1398,49.1897],[5.1469,49.1869],[5.1514,49.1857],[5.1517,49.1818],[5.1596,49.1782],[5.1652,49.1749],[5.1639,49.1712],[5.159,49.1722],[5.1566,49.1745],[5.1535,49.1759],[5.1516,49.1749],[5.1415,49.1726],[5.1386,49.1702],[5.1359,49.1668],[5.1333,49.1687],[5.123,49.1681],[5.1226,49.1659],[5.1278,49.1598],[5.1279,49.1586],[5.1245,49.156],[5.1203,49.1557],[5.1148,49.147],[5.1151,49.145],[5.1085,49.1403],[5.1036,49.1422],[5.1022,49.1409],[5.1043,49.1394],[5.1027,49.1373],[5.0998,49.1363],[5.1018,49.1308],[5.1007,49.1292],[5.0968,49.129],[5.0961,49.1245],[5.089,49.1239],[5.0773,49.1245],[5.0718,49.1236],[5.0654,49.1265],[5.0633,49.1249],[5.0598,49.1253],[5.0553,49.127],[5.0488,49.1284],[5.0484,49.1313],[5.0427,49.1317],[5.0371,49.134],[5.0326,49.1378],[5.0306,49.1381]]]}},{"type":"Feature","properties":{"code":"55015","nom":"Aulnois-en-Perthois","pop":462},"geometry":{"type":"Polygon","coordinates":[[[5.0955,48.6403],[5.1034,48.6404],[5.1034,48.642],[5.1107,48.6412],[5.1101,48.643],[5.1145,48.6441],[5.1167,48.6462],[5.1161,48.6488],[5.121,48.6515],[5.1235,48.6487],[5.1288,48.6462],[5.1319,48.6484],[5.1342,48.6513],[5.1386,48.6526],[5.1443,48.6569],[5.1477,48.657],[5.151,48.6549],[5.1469,48.6513],[5.1465,48.6491],[5.1443,48.6486],[5.1481,48.6442],[5.1483,48.6362],[5.147,48.6328],[5.1485,48.6302],[5.1472,48.6267],[5.1489,48.6258],[5.1477,48.621],[5.1434,48.6209],[5.1429,48.6222],[5.1338,48.6211],[5.1294,48.6191],[5.1246,48.6199],[5.1175,48.6193],[5.114,48.6153],[5.1113,48.6226],[5.1094,48.6226],[5.108,48.6255],[5.1059,48.6251],[5.1026,48.6266],[5.1007,48.6319],[5.0986,48.6317],[5.0949,48.6363],[5.0955,48.6403]]]}},{"type":"Feature","properties":{"code":"55017","nom":"Autrécourt-sur-Aire","pop":109},"geometry":{"type":"Polygon","coordinates":[[[5.1844,49.0438],[5.186,49.0405],[5.1871,49.0355],[5.185,49.0347],[5.1818,49.0338],[5.1807,49.0317],[5.172,49.0303],[5.1641,49.03],[5.1587,49.0309],[5.154,49.0291],[5.1549,49.026],[5.1477,49.0257],[5.1458,49.0244],[5.1402,49.0242],[5.143,49.0212],[5.1393,49.0179],[5.1357,49.0179],[5.1349,49.0146],[5.1332,49.0121],[5.128,49.0098],[5.1258,49.0097],[5.1172,49.0132],[5.1184,49.0143],[5.1182,49.0209],[5.1149,49.024],[5.1159,49.0305],[5.1132,49.0338],[5.1097,49.0338],[5.1058,49.0353],[5.1006,49.0362],[5.1121,49.0407],[5.119,49.0422],[5.1232,49.0438],[5.1333,49.0445],[5.1343,49.0427],[5.1383,49.0406],[5.1417,49.0415],[5.1488,49.0417],[5.1581,49.0412],[5.1592,49.0384],[5.1736,49.0405],[5.1844,49.0438]]]}},{"type":"Feature","properties":{"code":"55018","nom":"Autréville-Saint-Lambert","pop":33},"geometry":{"type":"Polygon","coordinates":[[[5.1528,49.5765],[5.1552,49.5737],[5.1599,49.5711],[5.1617,49.5671],[5.1597,49.5666],[5.1511,49.5639],[5.1493,49.566],[5.1453,49.5646],[5.1421,49.5626],[5.141,49.5601],[5.1448,49.5589],[5.1447,49.5572],[5.1404,49.5569],[5.1343,49.555],[5.1287,49.5524],[5.1268,49.5539],[5.1197,49.5536],[5.119,49.5552],[5.1085,49.5553],[5.1095,49.5571],[5.1133,49.5607],[5.1134,49.5623],[5.1166,49.5631],[5.119,49.5652],[5.1215,49.5655],[5.1266,49.5642],[5.1272,49.567],[5.1329,49.5672],[5.14,49.5685],[5.1528,49.5765]]]}},{"type":"Feature","properties":{"code":"55021","nom":"Avillers-Sainte-Croix","pop":80},"geometry":{"type":"Polygon","coordinates":[[[5.7077,49.0183],[5.7106,49.0198],[5.7084,49.0231],[5.705,49.0208],[5.7014,49.0229],[5.6987,49.0256],[5.6989,49.027],[5.6955,49.0297],[5.6933,49.0271],[5.6895,49.0306],[5.6851,49.0338],[5.6839,49.0329],[5.6811,49.035],[5.6841,49.0365],[5.6867,49.039],[5.6959,49.0432],[5.6926,49.0454],[5.6955,49.0489],[5.6954,49.0517],[5.7019,49.0462],[5.7053,49.048],[5.708,49.0515],[5.7129,49.0466],[5.7148,49.0438],[5.7125,49.043],[5.7149,49.0389],[5.7123,49.038],[5.7151,49.0356],[5.7145,49.0331],[5.7123,49.0324],[5.7181,49.0262],[5.7179,49.0238],[5.7228,49.0209],[5.7198,49.0176],[5.7153,49.0157],[5.7124,49.0182],[5.7093,49.0166],[5.7077,49.0183]]]}},{"type":"Feature","properties":{"code":"55022","nom":"Avioth","pop":119},"geometry":{"type":"Polygon","coordinates":[[[5.3666,49.5691],[5.3728,49.5727],[5.3743,49.5747],[5.3782,49.5744],[5.3795,49.5755],[5.3944,49.5754],[5.4012,49.5771],[5.4017,49.5788],[5.406,49.5814],[5.4123,49.5818],[5.4094,49.577],[5.4114,49.5747],[5.4103,49.5706],[5.4111,49.5673],[5.4091,49.5668],[5.4074,49.561],[5.4019,49.5581],[5.3986,49.5554],[5.3926,49.5538],[5.3807,49.5522],[5.3794,49.5569],[5.375,49.5595],[5.3714,49.5602],[5.3698,49.5647],[5.3666,49.5691]]]}},{"type":"Feature","properties":{"code":"55023","nom":"Avocourt","pop":120},"geometry":{"type":"Polygon","coordinates":[[[5.1654,49.1924],[5.1594,49.1928],[5.1557,49.1923],[5.1547,49.1901],[5.156,49.1882],[5.1514,49.1857],[5.1469,49.1869],[5.1398,49.1897],[5.1386,49.1857],[5.1349,49.1837],[5.1308,49.1832],[5.1253,49.1833],[5.122,49.1849],[5.1178,49.1839],[5.1184,49.1865],[5.1224,49.1911],[5.1225,49.1933],[5.1186,49.1958],[5.1156,49.1962],[5.1118,49.196],[5.1056,49.1995],[5.1011,49.2027],[5.1053,49.2053],[5.1092,49.2063],[5.1163,49.2103],[5.1254,49.2128],[5.1271,49.2142],[5.1269,49.2205],[5.1341,49.2198],[5.1306,49.2223],[5.1317,49.2242],[5.1366,49.2201],[5.1407,49.2211],[5.1431,49.221],[5.1478,49.2192],[5.151,49.2197],[5.1539,49.2189],[5.1585,49.2156],[5.1702,49.2149],[5.1749,49.2154],[5.1734,49.2124],[5.1795,49.2123],[5.1803,49.2065],[5.1793,49.2032],[5.1769,49.2023],[5.1765,49.199],[5.1708,49.1974],[5.1654,49.1924]]]}},{"type":"Feature","properties":{"code":"55024","nom":"Azannes-et-Soumazannes","pop":168},"geometry":{"type":"Polygon","coordinates":[[[5.4992,49.3141],[5.5152,49.3139],[5.5174,49.314],[5.5167,49.3039],[5.5165,49.299],[5.5064,49.2963],[5.5053,49.2942],[5.4942,49.291],[5.4838,49.2899],[5.4786,49.2881],[5.4674,49.2822],[5.4624,49.2809],[5.46,49.2791],[5.4607,49.2771],[5.456,49.2743],[5.4571,49.2727],[5.4483,49.2711],[5.4432,49.2668],[5.4415,49.2634],[5.4386,49.2625],[5.4311,49.2616],[5.4252,49.2694],[5.4206,49.2728],[5.4266,49.2736],[5.4253,49.2762],[5.4238,49.278],[5.4256,49.28],[5.4312,49.2792],[5.4343,49.2812],[5.4387,49.2876],[5.4374,49.2883],[5.4366,49.2939],[5.4405,49.2952],[5.444,49.3009],[5.4462,49.3022],[5.449,49.3034],[5.4512,49.3006],[5.4545,49.301],[5.4616,49.3037],[5.4605,49.3053],[5.456,49.3053],[5.4535,49.3089],[5.4495,49.3093],[5.4531,49.3101],[5.4538,49.3145],[5.4589,49.314],[5.4726,49.3117],[5.4757,49.3121],[5.4827,49.3114],[5.4951,49.313],[5.4992,49.3141]]]}},{"type":"Feature","properties":{"code":"55025","nom":"Baâlon","pop":260},"geometry":{"type":"Polygon","coordinates":[[[5.2626,49.4995],[5.2659,49.4968],[5.2641,49.4955],[5.2664,49.4935],[5.2656,49.4893],[5.2638,49.4869],[5.2727,49.4847],[5.2831,49.481],[5.2901,49.476],[5.3007,49.4701],[5.2956,49.4624],[5.2948,49.4616],[5.2886,49.4604],[5.2846,49.4633],[5.2786,49.461],[5.2744,49.4611],[5.2706,49.4634],[5.2681,49.4668],[5.2619,49.4667],[5.2604,49.4619],[5.2461,49.4713],[5.2281,49.4826],[5.232,49.4854],[5.2321,49.4889],[5.2304,49.493],[5.2243,49.495],[5.228,49.4979],[5.2318,49.4991],[5.2299,49.5006],[5.2292,49.5055],[5.2383,49.5074],[5.2382,49.5084],[5.246,49.5097],[5.2501,49.5064],[5.2579,49.5025],[5.2626,49.4995]]]}},{"type":"Feature","properties":{"code":"55026","nom":"Badonvilliers-Gérauvilliers","pop":126},"geometry":{"type":"Polygon","coordinates":[[[5.62,48.5603],[5.6134,48.5514],[5.6101,48.5501],[5.6126,48.5479],[5.6112,48.544],[5.6078,48.5405],[5.5996,48.5376],[5.6063,48.5331],[5.6057,48.5293],[5.6013,48.5277],[5.5994,48.5286],[5.5911,48.525],[5.588,48.5219],[5.5862,48.5179],[5.5744,48.5226],[5.5593,48.5287],[5.5506,48.5289],[5.5435,48.5265],[5.5379,48.5308],[5.5351,48.532],[5.5382,48.5354],[5.5382,48.5376],[5.5344,48.543],[5.533,48.5459],[5.5349,48.5465],[5.5362,48.5497],[5.5418,48.5544],[5.5453,48.5525],[5.5498,48.5543],[5.5539,48.5534],[5.5559,48.554],[5.5684,48.5601],[5.5716,48.5623],[5.5738,48.5665],[5.5807,48.5667],[5.5818,48.5676],[5.5875,48.5645],[5.589,48.5645],[5.5913,48.5602],[5.5963,48.5621],[5.6033,48.5638],[5.6149,48.5653],[5.6232,48.5631],[5.62,48.5603]]]}},{"type":"Feature","properties":{"code":"55027","nom":"Bannoncourt","pop":159},"geometry":{"type":"Polygon","coordinates":[[[5.4992,48.9456],[5.4983,48.9439],[5.4899,48.945],[5.4882,48.946],[5.4821,48.9439],[5.4741,48.9395],[5.4748,48.9381],[5.4692,48.9367],[5.4641,48.9366],[5.4621,48.9383],[5.4523,48.9451],[5.4512,48.9447],[5.45,48.9461],[5.4487,48.9512],[5.4534,48.9536],[5.4606,48.9523],[5.462,48.9491],[5.4683,48.9522],[5.4747,48.9564],[5.4788,48.9609],[5.4886,48.9688],[5.4931,48.9739],[5.4988,48.9713],[5.5018,48.9678],[5.5041,48.9685],[5.5058,48.9663],[5.5048,48.9642],[5.5093,48.9629],[5.509,48.9604],[5.5071,48.9579],[5.5102,48.9551],[5.5123,48.9554],[5.5087,48.9523],[5.5086,48.9484],[5.5028,48.9487],[5.4992,48.9456]]]}},{"type":"Feature","properties":{"code":"55028","nom":"Bantheville","pop":102},"geometry":{"type":"Polygon","coordinates":[[[5.117,49.3475],[5.1178,49.3466],[5.1137,49.3451],[5.1074,49.3439],[5.1033,49.3434],[5.0988,49.3444],[5.0904,49.3438],[5.0888,49.3411],[5.0843,49.3418],[5.0805,49.3414],[5.0758,49.3419],[5.0688,49.3418],[5.0575,49.3375],[5.0551,49.3376],[5.0482,49.3361],[5.0366,49.3355],[5.028,49.3324],[5.0261,49.333],[5.0262,49.3365],[5.0347,49.3403],[5.0435,49.3474],[5.0432,49.3492],[5.0466,49.3513],[5.0561,49.3592],[5.0572,49.361],[5.0532,49.3648],[5.0544,49.3674],[5.0604,49.3718],[5.062,49.372],[5.0733,49.3696],[5.0831,49.3717],[5.085,49.3699],[5.0891,49.3699],[5.0945,49.368],[5.1004,49.3639],[5.1058,49.3627],[5.1053,49.3576],[5.1109,49.3538],[5.109,49.3496],[5.1146,49.3488],[5.117,49.3475]]]}},{"type":"Feature","properties":{"code":"55029","nom":"Bar-le-Duc","pop":14607},"geometry":{"type":"Polygon","coordinates":[[[5.1574,48.7983],[5.1606,48.7931],[5.1637,48.7897],[5.164,48.7875],[5.1687,48.7866],[5.1683,48.7841],[5.175,48.7823],[5.1776,48.7821],[5.1838,48.7846],[5.1872,48.7839],[5.1911,48.7852],[5.1922,48.7828],[5.1969,48.7845],[5.2013,48.78],[5.2057,48.781],[5.211,48.7813],[5.212,48.7768],[5.2109,48.7736],[5.2142,48.7713],[5.2121,48.7698],[5.2091,48.7647],[5.2062,48.7631],[5.2,48.7607],[5.1975,48.7589],[5.1965,48.7564],[5.1935,48.7545],[5.1882,48.7573],[5.1807,48.7631],[5.178,48.7616],[5.1762,48.7631],[5.1729,48.7633],[5.1664,48.7674],[5.1632,48.7629],[5.1625,48.759],[5.1595,48.7592],[5.1582,48.7575],[5.1603,48.7559],[5.163,48.7584],[5.1668,48.7579],[5.1686,48.7566],[5.1666,48.7531],[5.1694,48.7521],[5.1664,48.7502],[5.1674,48.7491],[5.1647,48.7469],[5.1622,48.7428],[5.1649,48.737],[5.1695,48.7348],[5.1653,48.7324],[5.1619,48.7333],[5.1492,48.7306],[5.1412,48.7258],[5.1344,48.7271],[5.133,48.7278],[5.1356,48.732],[5.1367,48.7353],[5.1344,48.7399],[5.1361,48.7405],[5.1374,48.744],[5.1348,48.7454],[5.1351,48.75],[5.1319,48.7505],[5.1299,48.7537],[5.1308,48.755],[5.1277,48.7569],[5.1267,48.7597],[5.127,48.7644],[5.1298,48.7676],[5.1312,48.771],[5.1357,48.7709],[5.1408,48.7697],[5.1407,48.7741],[5.1421,48.777],[5.1435,48.7822],[5.1449,48.7844],[5.1494,48.7881],[5.1456,48.7912],[5.1425,48.7924],[5.1407,48.7946],[5.1467,48.7968],[5.1537,48.7974],[5.1574,48.7983]]]}},{"type":"Feature","properties":{"code":"55031","nom":"Baudonvilliers","pop":377},"geometry":{"type":"Polygon","coordinates":[[[5.0075,48.68],[5.0025,48.6826],[4.999,48.6817],[4.9884,48.6844],[4.9912,48.6869],[4.9902,48.6906],[4.9906,48.6933],[4.9952,48.6913],[4.9964,48.6926],[5.0021,48.6946],[5.0064,48.6988],[5.0098,48.6959],[5.0155,48.6941],[5.0227,48.6912],[5.0222,48.6904],[5.019,48.6878],[5.0215,48.6838],[5.0159,48.6828],[5.0075,48.68]]]}},{"type":"Feature","properties":{"code":"55032","nom":"Baudrémont","pop":44},"geometry":{"type":"Polygon","coordinates":[[[5.4133,48.8386],[5.4039,48.8356],[5.3996,48.8328],[5.398,48.8308],[5.399,48.8287],[5.3978,48.8263],[5.3958,48.8263],[5.3955,48.8282],[5.3888,48.8257],[5.3833,48.8242],[5.3775,48.8209],[5.3763,48.8228],[5.373,48.8225],[5.3712,48.8282],[5.3689,48.8278],[5.3664,48.8305],[5.3728,48.8328],[5.3713,48.8346],[5.3747,48.8376],[5.373,48.8385],[5.376,48.842],[5.3807,48.8418],[5.381,48.8439],[5.388,48.8444],[5.391,48.8467],[5.4005,48.8494],[5.4016,48.8484],[5.4148,48.8518],[5.419,48.8479],[5.4221,48.8466],[5.4229,48.844],[5.4222,48.8412],[5.4133,48.8386]]]}},{"type":"Feature","properties":{"code":"55033","nom":"Baulny","pop":19},"geometry":{"type":"Polygon","coordinates":[[[5.0111,49.2694],[5.0165,49.271],[5.0214,49.2715],[5.0272,49.2746],[5.029,49.2724],[5.0335,49.2706],[5.042,49.2718],[5.0507,49.274],[5.054,49.2708],[5.0511,49.267],[5.0427,49.2642],[5.0414,49.266],[5.0371,49.2664],[5.0327,49.2641],[5.0281,49.26],[5.0231,49.2575],[5.0179,49.2582],[5.0161,49.2575],[5.0106,49.2584],[5.0027,49.2612],[5,49.2607],[4.9976,49.2642],[5.0111,49.2694]]]}},{"type":"Feature","properties":{"code":"55034","nom":"Bazeilles-sur-Othain","pop":107},"geometry":{"type":"Polygon","coordinates":[[[5.4422,49.5038],[5.4375,49.498],[5.4342,49.4972],[5.4354,49.4908],[5.4261,49.4861],[5.4209,49.4852],[5.4154,49.4819],[5.4081,49.4855],[5.4054,49.4878],[5.4006,49.492],[5.414,49.5053],[5.4216,49.5087],[5.4285,49.5166],[5.4295,49.5195],[5.4405,49.5177],[5.4463,49.5155],[5.4497,49.5133],[5.454,49.5117],[5.4534,49.5087],[5.4518,49.5068],[5.4468,49.5047],[5.4422,49.5038]]]}},{"type":"Feature","properties":{"code":"55035","nom":"Bazincourt-sur-Saulx","pop":141},"geometry":{"type":"Polygon","coordinates":[[[5.1245,48.6574],[5.1226,48.6577],[5.1204,48.6613],[5.1197,48.6669],[5.1244,48.6678],[5.1266,48.6706],[5.1246,48.6715],[5.1259,48.6757],[5.1317,48.6804],[5.1353,48.6862],[5.1344,48.6881],[5.1268,48.6963],[5.1234,48.6953],[5.1212,48.6974],[5.1206,48.6997],[5.1203,48.7001],[5.122,48.7014],[5.1293,48.7015],[5.1348,48.7025],[5.1382,48.7045],[5.1418,48.7054],[5.1417,48.7106],[5.1405,48.712],[5.1404,48.7156],[5.146,48.7171],[5.1536,48.7181],[5.1561,48.7192],[5.1578,48.7161],[5.1613,48.7155],[5.1625,48.709],[5.1574,48.7026],[5.1523,48.7022],[5.1496,48.7004],[5.1483,48.6906],[5.149,48.6892],[5.1481,48.6846],[5.1524,48.6805],[5.1526,48.679],[5.1498,48.675],[5.1508,48.6723],[5.1576,48.6693],[5.1485,48.667],[5.1402,48.6641],[5.1374,48.6642],[5.1362,48.6607],[5.1329,48.6562],[5.1304,48.6556],[5.1245,48.6574]]]}},{"type":"Feature","properties":{"code":"55036","nom":"Beauclair","pop":86},"geometry":{"type":"Polygon","coordinates":[[[5.1026,49.4604],[5.1009,49.4611],[5.1053,49.4644],[5.1149,49.4682],[5.1203,49.4679],[5.1263,49.4669],[5.13,49.4651],[5.133,49.4634],[5.137,49.4642],[5.1467,49.4686],[5.1486,49.4658],[5.1488,49.4617],[5.1437,49.4579],[5.1418,49.4581],[5.1339,49.4628],[5.1231,49.4562],[5.1193,49.4546],[5.112,49.4488],[5.1081,49.4439],[5.1137,49.4374],[5.1192,49.4339],[5.1216,49.4301],[5.1194,49.4294],[5.1064,49.4278],[5.1062,49.432],[5.1025,49.4371],[5.1005,49.4409],[5.1003,49.4448],[5.1052,49.4443],[5.1089,49.4479],[5.1078,49.4521],[5.1081,49.4546],[5.1104,49.4583],[5.1055,49.4617],[5.1026,49.4604]]]}},{"type":"Feature","properties":{"code":"55037","nom":"Beaufort-en-Argonne","pop":127},"geometry":{"type":"Polygon","coordinates":[[[5.0797,49.4865],[5.0856,49.4879],[5.0879,49.4901],[5.093,49.4894],[5.0938,49.4911],[5.1015,49.4925],[5.1119,49.5004],[5.1165,49.498],[5.141,49.4832],[5.1393,49.4816],[5.1329,49.4789],[5.1288,49.4778],[5.1278,49.4737],[5.129,49.4695],[5.1272,49.4679],[5.13,49.4651],[5.1263,49.4669],[5.1203,49.4679],[5.1149,49.4682],[5.1053,49.4644],[5.1009,49.4611],[5.0951,49.4597],[5.0924,49.4631],[5.0882,49.4668],[5.087,49.4686],[5.0831,49.4706],[5.0831,49.4763],[5.0848,49.4801],[5.0839,49.484],[5.0797,49.4865]]]}},{"type":"Feature","properties":{"code":"55038","nom":"Beaulieu-en-Argonne","pop":37},"geometry":{"type":"Polygon","coordinates":[[[5.0356,49.0207],[5.0353,49.0226],[5.0365,49.0238],[5.0329,49.026],[5.0195,49.0311],[5.0153,49.0341],[5.0093,49.0353],[4.9995,49.0322],[4.9931,49.0284],[4.978,49.0251],[4.973,49.0232],[4.9714,49.0218],[4.9685,49.0228],[4.9669,49.021],[4.9653,49.0217],[4.971,49.0267],[4.9741,49.0278],[5.0034,49.0535],[5.0005,49.0549],[5.0057,49.0599],[5.0081,49.062],[5.0078,49.0644],[5.0049,49.0659],[5.0094,49.0718],[5.0191,49.0734],[5.0232,49.0721],[5.0311,49.0677],[5.032,49.0656],[5.0374,49.0647],[5.0413,49.0616],[5.0505,49.0577],[5.058,49.0598],[5.0637,49.0627],[5.0706,49.063],[5.0849,49.0646],[5.0812,49.0623],[5.0807,49.0595],[5.0823,49.0557],[5.0847,49.0538],[5.0859,49.0507],[5.0891,49.0491],[5.0935,49.0486],[5.1025,49.0494],[5.1018,49.0474],[5.0946,49.048],[5.0903,49.0466],[5.0888,49.0409],[5.0917,49.0397],[5.0952,49.0369],[5.0945,49.0355],[5.0895,49.0344],[5.084,49.0352],[5.0773,49.0321],[5.0721,49.0289],[5.0762,49.027],[5.0775,49.0251],[5.077,49.0224],[5.0732,49.0218],[5.0674,49.022],[5.0657,49.0199],[5.0601,49.0201],[5.0583,49.0183],[5.055,49.0173],[5.0525,49.0183],[5.049,49.022],[5.0452,49.0203],[5.0392,49.0211],[5.0356,49.0207]]]}},{"type":"Feature","properties":{"code":"55039","nom":"Beaumont-en-Verdunois","pop":0},"geometry":{"type":"Polygon","coordinates":[[[5.4126,49.2806],[5.4165,49.2778],[5.4194,49.2793],[5.4212,49.2768],[5.4253,49.2762],[5.4266,49.2736],[5.4206,49.2728],[5.4252,49.2694],[5.4311,49.2616],[5.4316,49.2597],[5.4299,49.2508],[5.4255,49.2501],[5.4203,49.2505],[5.4165,49.2496],[5.4069,49.2496],[5.4041,49.251],[5.3999,49.2518],[5.391,49.2516],[5.3752,49.254],[5.376,49.2549],[5.3796,49.2562],[5.3897,49.262],[5.3907,49.2633],[5.4022,49.2708],[5.4069,49.2725],[5.4062,49.2759],[5.4092,49.2787],[5.4126,49.2806]]]}},{"type":"Feature","properties":{"code":"55040","nom":"Beausite","pop":257},"geometry":{"type":"Polygon","coordinates":[[[5.2506,48.9912],[5.2511,48.9869],[5.2492,48.9852],[5.2502,48.9828],[5.2518,48.9797],[5.2516,48.9776],[5.2539,48.9754],[5.2525,48.9739],[5.2518,48.9703],[5.2525,48.9661],[5.2504,48.9655],[5.2518,48.9627],[5.2494,48.9625],[5.2497,48.9584],[5.2601,48.954],[5.261,48.9547],[5.2699,48.9576],[5.2707,48.954],[5.2646,48.9516],[5.2572,48.9501],[5.2538,48.9527],[5.2475,48.9549],[5.2445,48.9546],[5.2376,48.955],[5.2279,48.9544],[5.2255,48.9557],[5.2207,48.9538],[5.2116,48.9465],[5.207,48.9398],[5.1982,48.9363],[5.1948,48.9358],[5.1917,48.9371],[5.1928,48.9405],[5.1886,48.9468],[5.1822,48.9507],[5.177,48.9529],[5.1707,48.9562],[5.1714,48.9653],[5.1703,48.9669],[5.1673,48.9665],[5.1654,48.9719],[5.1689,48.9729],[5.1669,48.9776],[5.1703,48.9795],[5.1728,48.9782],[5.1876,48.9835],[5.191,48.9817],[5.1975,48.9846],[5.209,48.9841],[5.2157,48.9847],[5.2198,48.9873],[5.2232,48.9922],[5.2289,48.9944],[5.2308,48.9957],[5.2333,48.9945],[5.2421,48.9922],[5.2449,48.9904],[5.2506,48.9912]]]}},{"type":"Feature","properties":{"code":"55041","nom":"Behonne","pop":595},"geometry":{"type":"Polygon","coordinates":[[[5.1574,48.7983],[5.1529,48.8001],[5.1445,48.7996],[5.1413,48.8015],[5.1408,48.8038],[5.144,48.8071],[5.1448,48.809],[5.1466,48.81],[5.1502,48.81],[5.1556,48.8087],[5.165,48.808],[5.1702,48.8102],[5.1748,48.8112],[5.1777,48.8107],[5.18,48.8119],[5.186,48.8134],[5.1911,48.8113],[5.1929,48.8081],[5.1964,48.8055],[5.1962,48.8015],[5.1987,48.799],[5.1974,48.7968],[5.1986,48.795],[5.1996,48.7895],[5.1974,48.7876],[5.1969,48.7845],[5.1922,48.7828],[5.1911,48.7852],[5.1872,48.7839],[5.1838,48.7846],[5.1776,48.7821],[5.175,48.7823],[5.1683,48.7841],[5.1687,48.7866],[5.164,48.7875],[5.1637,48.7897],[5.1606,48.7931],[5.1574,48.7983]]]}},{"type":"Feature","properties":{"code":"55042","nom":"Belleray","pop":464},"geometry":{"type":"Polygon","coordinates":[[[5.3997,49.1405],[5.4045,49.1386],[5.4046,49.1363],[5.4027,49.1345],[5.4063,49.1331],[5.4094,49.1291],[5.4097,49.1234],[5.3997,49.1265],[5.3945,49.1261],[5.3913,49.1241],[5.3899,49.1253],[5.3817,49.128],[5.3735,49.1331],[5.37,49.13],[5.3671,49.1305],[5.3588,49.1269],[5.3586,49.1252],[5.3544,49.1232],[5.3492,49.1206],[5.342,49.1177],[5.3364,49.1127],[5.3409,49.1184],[5.3476,49.1223],[5.3514,49.1254],[5.3519,49.1302],[5.3535,49.132],[5.3569,49.1326],[5.3573,49.1343],[5.3625,49.1338],[5.3654,49.1348],[5.3719,49.1397],[5.3763,49.1384],[5.3802,49.1412],[5.3885,49.1399],[5.3997,49.1405]]]}},{"type":"Feature","properties":{"code":"55043","nom":"Belleville-sur-Meuse","pop":3013},"geometry":{"type":"Polygon","coordinates":[[[5.3805,49.1721],[5.3753,49.1716],[5.3729,49.1731],[5.3771,49.1746],[5.3771,49.1759],[5.3703,49.1763],[5.3682,49.1743],[5.3651,49.1752],[5.3623,49.1779],[5.3522,49.1786],[5.3491,49.1802],[5.3492,49.1817],[5.3525,49.1838],[5.3568,49.1909],[5.3587,49.1898],[5.3633,49.192],[5.3616,49.1904],[5.3679,49.1876],[5.3763,49.1846],[5.3767,49.1882],[5.3815,49.1895],[5.3904,49.1888],[5.392,49.1882],[5.3983,49.1882],[5.403,49.1892],[5.4064,49.1889],[5.4108,49.187],[5.4131,49.1852],[5.418,49.1848],[5.4203,49.1827],[5.4314,49.1827],[5.4366,49.1856],[5.4419,49.188],[5.4452,49.1884],[5.4451,49.1856],[5.4408,49.1839],[5.4355,49.18],[5.4349,49.1767],[5.4386,49.174],[5.4359,49.1723],[5.4283,49.1693],[5.4241,49.1681],[5.4206,49.1717],[5.4181,49.1721],[5.4164,49.1741],[5.4103,49.1744],[5.395,49.1685],[5.3919,49.1677],[5.3861,49.1675],[5.3842,49.1708],[5.3805,49.1721]]]}},{"type":"Feature","properties":{"code":"55044","nom":"Belrain","pop":41},"geometry":{"type":"Polygon","coordinates":[[[5.2864,48.865],[5.2852,48.8669],[5.2862,48.8751],[5.2922,48.8759],[5.2991,48.8773],[5.3028,48.8799],[5.3067,48.8795],[5.3104,48.8818],[5.315,48.881],[5.3246,48.8771],[5.3262,48.8757],[5.3233,48.8731],[5.3278,48.8699],[5.3225,48.8677],[5.3249,48.8652],[5.3234,48.8636],[5.3243,48.8616],[5.3209,48.8598],[5.3223,48.8582],[5.3202,48.8566],[5.3204,48.8532],[5.3216,48.8521],[5.3158,48.8467],[5.3141,48.8469],[5.3096,48.8441],[5.3066,48.8415],[5.2993,48.8536],[5.2925,48.8574],[5.2933,48.8595],[5.2905,48.8626],[5.2883,48.8625],[5.2864,48.865]]]}},{"type":"Feature","properties":{"code":"55045","nom":"Belrupt-en-Verdunois","pop":536},"geometry":{"type":"Polygon","coordinates":[[[5.4313,49.1645],[5.4326,49.1636],[5.4384,49.1637],[5.4417,49.1629],[5.4463,49.1632],[5.447,49.1607],[5.4497,49.1612],[5.4519,49.1588],[5.4544,49.1583],[5.4613,49.1587],[5.4673,49.1546],[5.4705,49.1508],[5.4738,49.1501],[5.4779,49.1541],[5.4844,49.1522],[5.4836,49.1506],[5.4862,49.1432],[5.4798,49.1398],[5.4748,49.1384],[5.4685,49.1361],[5.4626,49.1349],[5.4552,49.1368],[5.4532,49.1386],[5.4442,49.1413],[5.4427,49.1412],[5.4341,49.1373],[5.4213,49.1393],[5.4173,49.1405],[5.4098,49.1443],[5.415,49.1447],[5.4236,49.147],[5.4286,49.1489],[5.4343,49.152],[5.433,49.1571],[5.4349,49.1609],[5.4307,49.1616],[5.4313,49.1645]]]}},{"type":"Feature","properties":{"code":"55046","nom":"Beney-en-Woëvre","pop":136},"geometry":{"type":"Polygon","coordinates":[[[5.817,48.9426],[5.8094,48.9441],[5.804,48.9471],[5.7996,48.9463],[5.7968,48.9484],[5.793,48.9487],[5.7873,48.9509],[5.7806,48.9508],[5.7757,48.9541],[5.7736,48.9568],[5.7713,48.9569],[5.7669,48.959],[5.76,48.9599],[5.755,48.9616],[5.7599,48.9684],[5.7716,48.9718],[5.7735,48.974],[5.7927,48.9728],[5.7976,48.9736],[5.8054,48.9724],[5.8061,48.9736],[5.8028,48.978],[5.8044,48.9805],[5.8045,48.984],[5.8058,48.9827],[5.8158,48.98],[5.8177,48.9804],[5.8169,48.9785],[5.8202,48.9769],[5.8259,48.9778],[5.8345,48.9757],[5.8342,48.9731],[5.8317,48.9719],[5.8432,48.9643],[5.8493,48.9613],[5.8504,48.958],[5.8483,48.9557],[5.8473,48.9518],[5.8422,48.9522],[5.8345,48.9506],[5.8356,48.9462],[5.835,48.9449],[5.8294,48.9438],[5.817,48.9426]]]}},{"type":"Feature","properties":{"code":"55047","nom":"Béthelainville","pop":160},"geometry":{"type":"Polygon","coordinates":[[[5.1833,49.1664],[5.1886,49.1709],[5.1919,49.1697],[5.1989,49.1696],[5.2039,49.1718],[5.2103,49.1736],[5.2148,49.1742],[5.2168,49.1729],[5.2226,49.176],[5.2289,49.1776],[5.2349,49.1838],[5.2432,49.1867],[5.2482,49.1856],[5.2515,49.1832],[5.2531,49.1839],[5.2597,49.1835],[5.262,49.184],[5.2592,49.182],[5.2606,49.1769],[5.2625,49.1754],[5.26,49.1722],[5.2656,49.1674],[5.265,49.1653],[5.2606,49.164],[5.2596,49.1613],[5.2552,49.1596],[5.2556,49.1575],[5.2502,49.155],[5.2421,49.154],[5.24,49.152],[5.2332,49.1531],[5.2337,49.1545],[5.2232,49.1555],[5.2165,49.1546],[5.2158,49.1563],[5.2123,49.1595],[5.2127,49.1614],[5.2077,49.1619],[5.2011,49.1611],[5.1974,49.1614],[5.1889,49.165],[5.1833,49.1664]]]}},{"type":"Feature","properties":{"code":"55048","nom":"Béthincourt","pop":50},"geometry":{"type":"Polygon","coordinates":[[[5.2498,49.2363],[5.2457,49.2341],[5.2416,49.2338],[5.2283,49.2336],[5.2262,49.2332],[5.225,49.2308],[5.2179,49.2295],[5.2152,49.2303],[5.213,49.2277],[5.2106,49.2279],[5.2092,49.2304],[5.2101,49.2324],[5.2085,49.2341],[5.2123,49.2363],[5.2103,49.2398],[5.205,49.242],[5.2004,49.2452],[5.1934,49.2519],[5.1917,49.2546],[5.1889,49.2568],[5.1972,49.2588],[5.1952,49.2606],[5.2062,49.2625],[5.209,49.2651],[5.2138,49.2678],[5.2228,49.2657],[5.2328,49.265],[5.2437,49.2656],[5.2493,49.2644],[5.2505,49.2601],[5.251,49.2535],[5.253,49.2523],[5.2508,49.244],[5.2486,49.2408],[5.2477,49.2378],[5.2498,49.2363]]]}},{"type":"Feature","properties":{"code":"55049","nom":"Beurey-sur-Saulx","pop":412},"geometry":{"type":"Polygon","coordinates":[[[4.9809,48.7463],[4.9803,48.7485],[4.9873,48.749],[4.9886,48.7496],[4.988,48.7529],[4.9946,48.7531],[4.9981,48.7571],[5.005,48.7608],[5.0091,48.7621],[5.0221,48.7601],[5.0208,48.7654],[5.0251,48.7656],[5.0308,48.7662],[5.037,48.7661],[5.0431,48.7678],[5.0444,48.7695],[5.048,48.7705],[5.0496,48.7721],[5.0574,48.7757],[5.0576,48.7772],[5.0585,48.775],[5.063,48.774],[5.0691,48.7716],[5.0741,48.7705],[5.074,48.7673],[5.0676,48.7663],[5.0675,48.7634],[5.0707,48.7641],[5.0776,48.763],[5.0718,48.7624],[5.0593,48.7589],[5.0546,48.756],[5.0554,48.7538],[5.0522,48.7527],[5.0443,48.7472],[5.0342,48.7495],[5.0297,48.7497],[5.0282,48.748],[5.0236,48.7482],[5.0233,48.7468],[5.018,48.7468],[5.0152,48.7435],[5.0107,48.7431],[5.0092,48.7414],[4.9995,48.7426],[4.9901,48.7418],[4.982,48.7451],[4.9809,48.7463]]]}},{"type":"Feature","properties":{"code":"55050","nom":"Bezonvaux","pop":0},"geometry":{"type":"Polygon","coordinates":[[[5.4788,49.2185],[5.4737,49.2173],[5.4688,49.2174],[5.4644,49.2193],[5.4578,49.217],[5.4598,49.2148],[5.4555,49.2132],[5.4501,49.2156],[5.4477,49.2174],[5.4505,49.22],[5.4518,49.2225],[5.447,49.2221],[5.4491,49.2272],[5.4438,49.2287],[5.448,49.2346],[5.4418,49.236],[5.4479,49.2386],[5.4538,49.238],[5.4572,49.2389],[5.4584,49.2403],[5.4689,49.2435],[5.4776,49.2453],[5.4815,49.2452],[5.4844,49.2429],[5.4877,49.2431],[5.4956,49.2456],[5.4985,49.2423],[5.5051,49.2409],[5.5086,49.2407],[5.5083,49.2378],[5.5043,49.2378],[5.4969,49.2352],[5.4976,49.2335],[5.4955,49.2319],[5.4886,49.2301],[5.4865,49.2284],[5.4879,49.2263],[5.4811,49.2234],[5.4788,49.2185]]]}},{"type":"Feature","properties":{"code":"55051","nom":"Biencourt-sur-Orge","pop":112},"geometry":{"type":"Polygon","coordinates":[[[5.3511,48.5866],[5.362,48.5833],[5.3666,48.5841],[5.373,48.5824],[5.3771,48.5779],[5.3779,48.573],[5.3745,48.5655],[5.3732,48.5635],[5.3648,48.5607],[5.3604,48.5585],[5.3582,48.5586],[5.3515,48.5567],[5.3441,48.5552],[5.3425,48.5542],[5.3376,48.5542],[5.3306,48.5513],[5.3272,48.5512],[5.3258,48.5555],[5.3225,48.5596],[5.3167,48.5571],[5.3121,48.5634],[5.314,48.5642],[5.3126,48.5696],[5.3177,48.5715],[5.3211,48.5697],[5.3238,48.5698],[5.3271,48.5727],[5.3237,48.575],[5.3253,48.5765],[5.3293,48.5771],[5.3316,48.5788],[5.3306,48.5806],[5.3324,48.5843],[5.3354,48.5867],[5.3382,48.5867],[5.3438,48.5883],[5.3464,48.5856],[5.3511,48.5866]]]}},{"type":"Feature","properties":{"code":"55053","nom":"Billy-sous-Mangiennes","pop":349},"geometry":{"type":"Polygon","coordinates":[[[5.615,49.3278],[5.6132,49.3251],[5.6052,49.3233],[5.6065,49.3191],[5.5994,49.3173],[5.602,49.3135],[5.5977,49.3114],[5.5907,49.3098],[5.591,49.3085],[5.5845,49.308],[5.5804,49.3096],[5.5782,49.3118],[5.5727,49.3139],[5.5692,49.3128],[5.5635,49.3122],[5.5623,49.3102],[5.5562,49.308],[5.554,49.3033],[5.5552,49.2995],[5.5583,49.2936],[5.5536,49.2948],[5.5498,49.2938],[5.5474,49.2916],[5.5461,49.2914],[5.5431,49.2957],[5.5167,49.3039],[5.5174,49.314],[5.5152,49.3139],[5.5158,49.3179],[5.5199,49.3173],[5.5209,49.3225],[5.5259,49.325],[5.5267,49.3267],[5.531,49.329],[5.5335,49.3329],[5.537,49.3338],[5.5406,49.3369],[5.5409,49.3385],[5.5497,49.3407],[5.5528,49.3399],[5.5545,49.3435],[5.5569,49.3432],[5.5589,49.3452],[5.5647,49.3475],[5.5656,49.3498],[5.5686,49.3506],[5.5783,49.3513],[5.5807,49.3529],[5.5838,49.3502],[5.5845,49.3471],[5.5902,49.3478],[5.5914,49.3478],[5.5945,49.3458],[5.5988,49.3399],[5.6015,49.3381],[5.6044,49.3342],[5.5982,49.3325],[5.5986,49.3297],[5.6059,49.3313],[5.608,49.3286],[5.6119,49.3299],[5.615,49.3278]]]}},{"type":"Feature","properties":{"code":"55054","nom":"Bislée","pop":63},"geometry":{"type":"Polygon","coordinates":[[[5.4916,48.8641],[5.4882,48.8659],[5.491,48.8678],[5.4918,48.8712],[5.4964,48.8741],[5.499,48.8784],[5.5009,48.8801],[5.5034,48.88],[5.5074,48.8836],[5.5125,48.8853],[5.5155,48.8854],[5.5245,48.8854],[5.5262,48.8836],[5.5263,48.8805],[5.5291,48.8787],[5.529,48.8761],[5.5266,48.8735],[5.5242,48.8734],[5.5247,48.8704],[5.5189,48.8688],[5.519,48.8677],[5.5163,48.8678],[5.512,48.8659],[5.5113,48.8642],[5.5069,48.8629],[5.5073,48.86],[5.5001,48.8588],[5.4977,48.8628],[5.4916,48.8641]]]}},{"type":"Feature","properties":{"code":"55055","nom":"Blanzée","pop":12},"geometry":{"type":"Polygon","coordinates":[[[5.5541,49.1647],[5.5566,49.1606],[5.5497,49.1559],[5.547,49.1541],[5.5418,49.1523],[5.5412,49.1535],[5.5365,49.1524],[5.5298,49.1556],[5.5247,49.156],[5.5232,49.1576],[5.5173,49.1569],[5.5105,49.1552],[5.5146,49.1583],[5.514,49.1594],[5.5226,49.1645],[5.5298,49.1663],[5.5301,49.1681],[5.5343,49.1696],[5.5417,49.1679],[5.5476,49.1636],[5.5541,49.1647]]]}},{"type":"Feature","properties":{"code":"55057","nom":"Boinville-en-Woëvre","pop":75},"geometry":{"type":"Polygon","coordinates":[[[5.6947,49.1998],[5.697,49.1959],[5.7002,49.194],[5.7005,49.1928],[5.6889,49.1897],[5.6852,49.1846],[5.6868,49.1821],[5.6915,49.1808],[5.6908,49.1763],[5.6878,49.177],[5.6863,49.1752],[5.6739,49.1787],[5.6701,49.1749],[5.6652,49.1762],[5.6654,49.178],[5.6615,49.1804],[5.66,49.1827],[5.6603,49.185],[5.6568,49.1871],[5.6617,49.1881],[5.6586,49.1929],[5.6625,49.1938],[5.6625,49.1955],[5.6672,49.1975],[5.6699,49.1976],[5.6818,49.2014],[5.6871,49.2002],[5.6947,49.1998]]]}},{"type":"Feature","properties":{"code":"55058","nom":"Boncourt-sur-Meuse","pop":313},"geometry":{"type":"Polygon","coordinates":[[[5.5773,48.824],[5.5806,48.8277],[5.594,48.8297],[5.5947,48.8335],[5.5969,48.8348],[5.6019,48.8318],[5.5983,48.83],[5.601,48.8278],[5.5959,48.8258],[5.5923,48.8194],[5.5962,48.8156],[5.6016,48.8165],[5.6051,48.8147],[5.6077,48.8097],[5.6122,48.8101],[5.6133,48.8071],[5.6143,48.8011],[5.6136,48.7984],[5.6149,48.796],[5.5982,48.7962],[5.5934,48.7975],[5.5891,48.7972],[5.5827,48.796],[5.5765,48.793],[5.5719,48.7919],[5.5687,48.7884],[5.5638,48.7904],[5.5557,48.7976],[5.554,48.798],[5.5527,48.8009],[5.5556,48.8008],[5.5566,48.8025],[5.5611,48.8034],[5.5667,48.8064],[5.5655,48.8082],[5.5689,48.8136],[5.5689,48.8169],[5.5752,48.8202],[5.5773,48.824]]]}},{"type":"Feature","properties":{"code":"55059","nom":"Bonnet","pop":177},"geometry":{"type":"Polygon","coordinates":[[[5.368,48.5351],[5.3695,48.5384],[5.3727,48.5401],[5.3796,48.5397],[5.3819,48.5471],[5.3839,48.5491],[5.3889,48.5513],[5.3949,48.5513],[5.4129,48.5504],[5.4225,48.5468],[5.4289,48.544],[5.4399,48.542],[5.4497,48.5397],[5.4573,48.5366],[5.4586,48.5355],[5.4638,48.5363],[5.4752,48.532],[5.4728,48.5292],[5.4731,48.5241],[5.4734,48.5221],[5.4758,48.5207],[5.4747,48.5173],[5.4721,48.5134],[5.471,48.5098],[5.4661,48.5054],[5.4616,48.5052],[5.4549,48.5031],[5.4506,48.5052],[5.4474,48.502],[5.4434,48.5005],[5.4389,48.501],[5.4378,48.4977],[5.433,48.4995],[5.429,48.4991],[5.4247,48.4973],[5.4181,48.5017],[5.4172,48.5049],[5.4142,48.505],[5.4073,48.5094],[5.4057,48.5089],[5.398,48.5123],[5.3953,48.5151],[5.3905,48.515],[5.3898,48.5203],[5.3872,48.5245],[5.3879,48.5283],[5.3826,48.5296],[5.3793,48.5316],[5.37,48.5334],[5.368,48.5351]]]}},{"type":"Feature","properties":{"code":"55060","nom":"Bonzée","pop":366},"geometry":{"type":"Polygon","coordinates":[[[5.5305,49.0687],[5.5333,49.07],[5.5257,49.0709],[5.5223,49.0733],[5.522,49.0777],[5.5298,49.0827],[5.5244,49.0825],[5.5243,49.0855],[5.5342,49.0888],[5.5349,49.0903],[5.5315,49.0925],[5.5301,49.0972],[5.5246,49.0954],[5.5272,49.0969],[5.529,49.0992],[5.5301,49.1044],[5.534,49.1062],[5.5382,49.1054],[5.5482,49.1075],[5.5523,49.1113],[5.5562,49.1115],[5.5599,49.11],[5.5625,49.1073],[5.5667,49.108],[5.5714,49.1097],[5.5767,49.1099],[5.5808,49.1093],[5.5828,49.1072],[5.5845,49.1035],[5.5886,49.1049],[5.5923,49.1053],[5.5947,49.1031],[5.6016,49.103],[5.6028,49.1018],[5.6099,49.1006],[5.6116,49.0997],[5.6164,49.098],[5.6157,49.0881],[5.6134,49.0892],[5.6102,49.0883],[5.608,49.0853],[5.6004,49.0842],[5.5939,49.0826],[5.5964,49.0802],[5.5938,49.079],[5.5907,49.0759],[5.5865,49.0746],[5.5799,49.0714],[5.5758,49.0702],[5.5714,49.0749],[5.5741,49.0779],[5.568,49.0791],[5.5697,49.0815],[5.565,49.0818],[5.5603,49.0804],[5.5552,49.0775],[5.5568,49.0723],[5.54,49.0669],[5.5371,49.067],[5.5305,49.0687]]]}},{"type":"Feature","properties":{"code":"55061","nom":"Le Bouchon-sur-Saulx","pop":227},"geometry":{"type":"Polygon","coordinates":[[[5.2498,48.6031],[5.2493,48.6021],[5.2416,48.6025],[5.2374,48.6019],[5.2355,48.6043],[5.2321,48.6028],[5.2198,48.6003],[5.2171,48.6008],[5.2039,48.5986],[5.2006,48.597],[5.198,48.5972],[5.1952,48.5994],[5.1992,48.6009],[5.2064,48.6055],[5.2135,48.6088],[5.22,48.6128],[5.2226,48.6162],[5.2271,48.6177],[5.2262,48.6193],[5.2312,48.624],[5.2364,48.6237],[5.2405,48.6211],[5.2422,48.6184],[5.2453,48.6186],[5.2467,48.6132],[5.253,48.6155],[5.2526,48.6141],[5.2467,48.6115],[5.2464,48.6075],[5.2477,48.6043],[5.2498,48.6031]]]}},{"type":"Feature","properties":{"code":"55062","nom":"Bouconville-sur-Madt","pop":99},"geometry":{"type":"Polygon","coordinates":[[[5.6917,48.8542],[5.6996,48.8569],[5.703,48.8569],[5.7128,48.8543],[5.7147,48.8524],[5.7247,48.8552],[5.7275,48.8531],[5.7316,48.8534],[5.7346,48.851],[5.7331,48.8499],[5.7349,48.8482],[5.732,48.8469],[5.7335,48.8453],[5.7297,48.8429],[5.7245,48.8381],[5.7287,48.8342],[5.7304,48.8314],[5.7209,48.8311],[5.7176,48.8342],[5.7143,48.8328],[5.712,48.8344],[5.7096,48.8335],[5.7076,48.8353],[5.7041,48.8361],[5.6985,48.8356],[5.6926,48.8326],[5.6896,48.8365],[5.6736,48.8377],[5.6729,48.8389],[5.6772,48.8414],[5.6769,48.8474],[5.6784,48.8508],[5.684,48.8502],[5.6858,48.8535],[5.6917,48.8542]]]}},{"type":"Feature","properties":{"code":"55063","nom":"Bouligny","pop":2507},"geometry":{"type":"Polygon","coordinates":[[[5.7496,49.3099],[5.7577,49.3137],[5.7572,49.3146],[5.7632,49.3169],[5.763,49.3143],[5.7657,49.3074],[5.7691,49.3036],[5.7665,49.3012],[5.7681,49.2997],[5.7686,49.2961],[5.7651,49.2949],[5.7676,49.2915],[5.7632,49.287],[5.7654,49.2856],[5.7615,49.2822],[5.7613,49.2795],[5.7575,49.2778],[5.754,49.2803],[5.7476,49.2776],[5.7475,49.2747],[5.7433,49.275],[5.7289,49.2692],[5.7251,49.2697],[5.721,49.2706],[5.7206,49.2721],[5.7238,49.2734],[5.7226,49.2747],[5.73,49.2771],[5.7277,49.2786],[5.7245,49.2831],[5.7239,49.2855],[5.7201,49.2852],[5.72,49.2878],[5.7159,49.2892],[5.7157,49.2911],[5.7305,49.2999],[5.7322,49.3017],[5.7425,49.3044],[5.744,49.3066],[5.7502,49.3088],[5.7496,49.3099]]]}},{"type":"Feature","properties":{"code":"55064","nom":"Bouquemont","pop":119},"geometry":{"type":"Polygon","coordinates":[[[5.4093,48.9676],[5.4061,48.9687],[5.4015,48.9714],[5.3967,48.9712],[5.3912,48.9694],[5.3899,48.972],[5.3992,48.9738],[5.4066,48.9747],[5.4128,48.978],[5.4127,48.979],[5.4226,48.9843],[5.4289,48.9889],[5.435,48.9915],[5.4342,48.9932],[5.4406,48.9942],[5.452,48.9977],[5.4554,48.9998],[5.4577,48.9982],[5.4601,48.9946],[5.4649,48.9913],[5.4611,48.9881],[5.4515,48.9833],[5.4462,48.979],[5.4348,48.972],[5.4325,48.9695],[5.4261,48.9669],[5.4223,48.9675],[5.4141,48.965],[5.413,48.9668],[5.4093,48.9676]]]}},{"type":"Feature","properties":{"code":"55065","nom":"Boureuilles","pop":118},"geometry":{"type":"Polygon","coordinates":[[[5.0301,49.1761],[5.0253,49.1781],[5.027,49.1796],[5.0283,49.1837],[5.0282,49.1883],[5.0272,49.1913],[5.0237,49.1927],[5.0191,49.1973],[5.0194,49.2014],[5.0148,49.1986],[5.0102,49.1966],[5.0053,49.1958],[5.0027,49.1943],[4.9912,49.1914],[4.9828,49.1887],[4.9745,49.1868],[4.9706,49.1864],[4.9625,49.1865],[4.9565,49.1852],[4.9529,49.1828],[4.9495,49.1791],[4.9464,49.1829],[4.942,49.1856],[4.9424,49.1866],[4.9472,49.1896],[4.9505,49.1929],[4.9646,49.1987],[4.9678,49.1992],[4.9754,49.1989],[4.9777,49.1997],[4.9813,49.2035],[4.9837,49.2047],[4.9899,49.2064],[4.9935,49.2101],[4.9914,49.211],[4.9971,49.2116],[5.0009,49.213],[5.0073,49.2111],[5.0086,49.2087],[5.0111,49.2086],[5.0181,49.2119],[5.0224,49.2161],[5.0296,49.2203],[5.0385,49.2215],[5.0401,49.221],[5.0439,49.214],[5.0494,49.2114],[5.0507,49.2077],[5.0531,49.2081],[5.0538,49.2056],[5.0513,49.2024],[5.0519,49.198],[5.0616,49.1951],[5.0696,49.1934],[5.0718,49.1924],[5.0797,49.1926],[5.0893,49.1885],[5.0988,49.1864],[5.0995,49.1843],[5.102,49.1829],[5.0967,49.1823],[5.0921,49.1825],[5.0897,49.1848],[5.0808,49.183],[5.0692,49.1815],[5.0683,49.1802],[5.0585,49.1806],[5.0491,49.1786],[5.0441,49.1769],[5.0389,49.1805],[5.0323,49.1783],[5.0301,49.1761]]]}},{"type":"Feature","properties":{"code":"55066","nom":"Bovée-sur-Barboure","pop":133},"geometry":{"type":"Polygon","coordinates":[[[5.526,48.6176],[5.5131,48.6135],[5.5085,48.6135],[5.5055,48.6156],[5.5001,48.6119],[5.4932,48.6101],[5.4903,48.6087],[5.4877,48.6113],[5.4922,48.6145],[5.4935,48.6194],[5.4948,48.6213],[5.4942,48.6251],[5.496,48.6282],[5.4926,48.6315],[5.4898,48.6352],[5.4874,48.6353],[5.4868,48.6375],[5.4877,48.6405],[5.4878,48.6456],[5.4933,48.6515],[5.4954,48.6508],[5.5004,48.6568],[5.5083,48.6626],[5.5124,48.6645],[5.5166,48.6621],[5.5211,48.657],[5.5277,48.6517],[5.5317,48.6534],[5.5343,48.6514],[5.5326,48.6504],[5.5379,48.6468],[5.5328,48.6439],[5.5309,48.6405],[5.5244,48.6371],[5.5267,48.6318],[5.5227,48.6273],[5.5246,48.6195],[5.526,48.6176]]]}},{"type":"Feature","properties":{"code":"55067","nom":"Boviolles","pop":99},"geometry":{"type":"Polygon","coordinates":[[[5.4196,48.6268],[5.4192,48.6269],[5.4199,48.6309],[5.4182,48.6346],[5.4112,48.6391],[5.3983,48.6356],[5.3953,48.6371],[5.3954,48.6395],[5.3895,48.6368],[5.3865,48.638],[5.3906,48.645],[5.3907,48.6468],[5.3883,48.6495],[5.3892,48.651],[5.3976,48.6537],[5.4017,48.6537],[5.4041,48.6551],[5.4126,48.6566],[5.4163,48.6567],[5.4179,48.6591],[5.423,48.6598],[5.4254,48.6574],[5.4289,48.6561],[5.4389,48.6541],[5.443,48.6558],[5.445,48.6541],[5.4442,48.6532],[5.4376,48.6477],[5.432,48.6448],[5.4305,48.6431],[5.4371,48.634],[5.4351,48.6318],[5.4322,48.6307],[5.4259,48.6309],[5.4196,48.6268]]]}},{"type":"Feature","properties":{"code":"55068","nom":"Brabant-en-Argonne","pop":98},"geometry":{"type":"Polygon","coordinates":[[[5.1414,49.1017],[5.1384,49.1019],[5.1354,49.1083],[5.1307,49.1082],[5.1289,49.1098],[5.1229,49.1112],[5.1192,49.1141],[5.1226,49.1158],[5.1226,49.1182],[5.1162,49.1224],[5.1264,49.1257],[5.1267,49.1278],[5.1336,49.1306],[5.1379,49.133],[5.1377,49.1356],[5.14,49.1367],[5.1466,49.1352],[5.1517,49.1354],[5.1555,49.131],[5.1579,49.1302],[5.1574,49.1281],[5.1601,49.1262],[5.1702,49.1297],[5.1786,49.128],[5.1855,49.1243],[5.1774,49.1232],[5.1673,49.1231],[5.162,49.1222],[5.1534,49.1154],[5.146,49.1106],[5.1499,49.1082],[5.1512,49.1056],[5.1463,49.1042],[5.1424,49.1039],[5.1414,49.1017]]]}},{"type":"Feature","properties":{"code":"55069","nom":"Brabant-le-Roi","pop":221},"geometry":{"type":"Polygon","coordinates":[[[5.0108,48.8467],[5.0102,48.8426],[5.0088,48.8398],[5.0021,48.8408],[4.9977,48.8406],[4.9872,48.841],[4.9799,48.8408],[4.9772,48.8398],[4.964,48.8421],[4.9559,48.8439],[4.9527,48.8461],[4.9534,48.8484],[4.9459,48.8512],[4.9469,48.8523],[4.9472,48.8572],[4.9602,48.8588],[4.9663,48.8613],[4.971,48.8639],[4.9757,48.8635],[4.9781,48.8673],[4.975,48.8694],[4.9789,48.8715],[4.978,48.873],[4.983,48.8752],[4.99,48.8745],[4.995,48.8703],[4.9994,48.8692],[5.0013,48.8651],[5.0044,48.8616],[5.0004,48.8544],[5.0009,48.8502],[5.0108,48.8467]]]}},{"type":"Feature","properties":{"code":"55070","nom":"Brabant-sur-Meuse","pop":118},"geometry":{"type":"Polygon","coordinates":[[[5.3387,49.2711],[5.3371,49.2714],[5.3322,49.2697],[5.3234,49.2634],[5.3201,49.2637],[5.3146,49.2662],[5.3079,49.2676],[5.3018,49.2672],[5.2928,49.2712],[5.2915,49.2728],[5.2928,49.2745],[5.2958,49.2744],[5.2956,49.2718],[5.2971,49.2697],[5.2999,49.2696],[5.3011,49.2726],[5.3014,49.2757],[5.316,49.2809],[5.3166,49.2802],[5.3239,49.2829],[5.3333,49.29],[5.3366,49.293],[5.3418,49.2963],[5.3464,49.2973],[5.3496,49.2963],[5.3488,49.2929],[5.3521,49.2895],[5.3531,49.2861],[5.3506,49.284],[5.3481,49.2793],[5.3444,49.2764],[5.3397,49.2753],[5.3387,49.2711]]]}},{"type":"Feature","properties":{"code":"55071","nom":"Brandeville","pop":165},"geometry":{"type":"Polygon","coordinates":[[[5.2768,49.37],[5.2726,49.3741],[5.276,49.3778],[5.2785,49.3818],[5.2785,49.3852],[5.2865,49.3889],[5.2884,49.3926],[5.2925,49.3988],[5.2905,49.4018],[5.2854,49.4048],[5.2873,49.4063],[5.293,49.4065],[5.2951,49.4074],[5.3037,49.4079],[5.3078,49.4093],[5.3187,49.4156],[5.3227,49.4132],[5.3244,49.4133],[5.3289,49.4128],[5.3338,49.4111],[5.3428,49.4114],[5.3448,49.411],[5.3419,49.4081],[5.3369,49.4052],[5.3362,49.4032],[5.331,49.4027],[5.3308,49.4014],[5.325,49.3994],[5.3211,49.3959],[5.3192,49.3911],[5.3186,49.3858],[5.3147,49.3816],[5.3119,49.3772],[5.3081,49.3764],[5.3024,49.377],[5.2968,49.3739],[5.2913,49.3682],[5.2889,49.3674],[5.2841,49.3693],[5.2813,49.3676],[5.2768,49.37]]]}},{"type":"Feature","properties":{"code":"55072","nom":"Braquis","pop":105},"geometry":{"type":"Polygon","coordinates":[[[5.6464,49.1632],[5.6421,49.1629],[5.6424,49.1596],[5.6398,49.1531],[5.6429,49.1485],[5.6389,49.146],[5.639,49.1442],[5.6328,49.1428],[5.6284,49.1426],[5.6278,49.1451],[5.6235,49.1471],[5.6139,49.1483],[5.6126,49.1516],[5.6169,49.1528],[5.6173,49.1543],[5.6093,49.1551],[5.6051,49.1563],[5.6089,49.1574],[5.6128,49.1618],[5.62,49.1637],[5.6261,49.1664],[5.6311,49.1676],[5.635,49.1682],[5.638,49.1701],[5.6402,49.167],[5.6456,49.1665],[5.6464,49.1632]]]}},{"type":"Feature","properties":{"code":"55073","nom":"Bras-sur-Meuse","pop":661},"geometry":{"type":"Polygon","coordinates":[[[5.4201,49.2073],[5.4129,49.2041],[5.404,49.1976],[5.4023,49.1945],[5.403,49.1892],[5.3983,49.1882],[5.392,49.1882],[5.3904,49.1888],[5.3815,49.1895],[5.3767,49.1882],[5.3763,49.1846],[5.3679,49.1876],[5.3616,49.1904],[5.3633,49.192],[5.3695,49.1956],[5.3685,49.1969],[5.3597,49.1991],[5.3618,49.2011],[5.3649,49.201],[5.3707,49.205],[5.3706,49.2073],[5.3685,49.2083],[5.3691,49.2116],[5.3644,49.2166],[5.3644,49.2193],[5.3701,49.219],[5.3673,49.2215],[5.3711,49.2249],[5.3752,49.2251],[5.3807,49.2263],[5.3911,49.2303],[5.396,49.2283],[5.4029,49.2284],[5.4036,49.2266],[5.3978,49.2223],[5.402,49.2205],[5.4072,49.2211],[5.4102,49.2227],[5.4095,49.2242],[5.4137,49.2258],[5.4151,49.2208],[5.4215,49.2173],[5.4213,49.216],[5.4177,49.2153],[5.4178,49.2116],[5.4138,49.2113],[5.4137,49.2099],[5.4168,49.2079],[5.4201,49.2073]]]}},{"type":"Feature","properties":{"code":"55075","nom":"Brauvilliers","pop":159},"geometry":{"type":"Polygon","coordinates":[[[5.1412,48.5939],[5.1443,48.5933],[5.157,48.5853],[5.1592,48.5861],[5.1617,48.5835],[5.1691,48.5858],[5.1743,48.5863],[5.1743,48.5841],[5.181,48.5815],[5.185,48.5746],[5.1823,48.57],[5.1753,48.5688],[5.1734,48.5694],[5.1688,48.5686],[5.1612,48.5681],[5.1632,48.5657],[5.1651,48.5653],[5.1559,48.5631],[5.1531,48.5602],[5.1463,48.5603],[5.1439,48.5633],[5.1345,48.5707],[5.1307,48.5729],[5.1271,48.5765],[5.1251,48.5793],[5.1271,48.5801],[5.1341,48.5881],[5.137,48.5888],[5.1412,48.5939]]]}},{"type":"Feature","properties":{"code":"55076","nom":"Bréhéville","pop":187},"geometry":{"type":"Polygon","coordinates":[[[5.3252,49.3663],[5.3236,49.3645],[5.3153,49.3609],[5.3126,49.3551],[5.3089,49.3537],[5.3011,49.3572],[5.2998,49.3597],[5.2924,49.3564],[5.2913,49.3545],[5.2848,49.3611],[5.2827,49.3645],[5.2792,49.365],[5.2738,49.3629],[5.2735,49.3692],[5.2768,49.37],[5.2813,49.3676],[5.2841,49.3693],[5.2889,49.3674],[5.2913,49.3682],[5.2968,49.3739],[5.3024,49.377],[5.3081,49.3764],[5.3119,49.3772],[5.3147,49.3816],[5.3186,49.3858],[5.3192,49.3911],[5.3211,49.3959],[5.325,49.3994],[5.3308,49.4014],[5.331,49.4027],[5.3362,49.4032],[5.3369,49.4052],[5.3419,49.4081],[5.3448,49.411],[5.3563,49.4124],[5.3604,49.4054],[5.3642,49.4041],[5.3697,49.404],[5.3778,49.4022],[5.3833,49.3997],[5.3876,49.3989],[5.3851,49.3964],[5.3846,49.3936],[5.3823,49.3913],[5.3719,49.389],[5.3665,49.3854],[5.3609,49.3851],[5.3553,49.3828],[5.3482,49.3816],[5.3467,49.38],[5.3421,49.378],[5.3374,49.3747],[5.3349,49.3713],[5.331,49.3686],[5.3252,49.3663]]]}},{"type":"Feature","properties":{"code":"55077","nom":"Breux","pop":258},"geometry":{"type":"Polygon","coordinates":[[[5.3666,49.5691],[5.3644,49.572],[5.3639,49.5743],[5.3674,49.5781],[5.3671,49.5803],[5.3635,49.5825],[5.3652,49.5873],[5.3622,49.59],[5.3617,49.5921],[5.3651,49.5928],[5.3689,49.5918],[5.3747,49.5917],[5.3773,49.5927],[5.3808,49.5974],[5.3812,49.5998],[5.3796,49.6012],[5.3823,49.6061],[5.3886,49.6106],[5.3884,49.6142],[5.3904,49.6158],[5.3942,49.6168],[5.3981,49.6158],[5.4008,49.6109],[5.4023,49.6099],[5.4084,49.6093],[5.4112,49.6083],[5.4182,49.5998],[5.4234,49.599],[5.4287,49.5958],[5.4311,49.5925],[5.428,49.5912],[5.4214,49.5864],[5.4156,49.5844],[5.4123,49.5818],[5.406,49.5814],[5.4017,49.5788],[5.4012,49.5771],[5.3944,49.5754],[5.3795,49.5755],[5.3782,49.5744],[5.3743,49.5747],[5.3728,49.5727],[5.3666,49.5691]]]}},{"type":"Feature","properties":{"code":"55078","nom":"Brieulles-sur-Meuse","pop":318},"geometry":{"type":"Polygon","coordinates":[[[5.1586,49.2991],[5.1525,49.3043],[5.1484,49.3067],[5.14,49.3096],[5.133,49.3092],[5.1278,49.3111],[5.1276,49.3132],[5.1352,49.314],[5.1343,49.316],[5.1382,49.3175],[5.1368,49.3189],[5.1293,49.3183],[5.126,49.3191],[5.1267,49.3199],[5.123,49.327],[5.1261,49.3319],[5.1302,49.3332],[5.1284,49.339],[5.1318,49.3406],[5.133,49.3426],[5.1422,49.3453],[5.1491,49.3472],[5.1536,49.3493],[5.1586,49.3498],[5.1731,49.3539],[5.1783,49.3575],[5.1809,49.357],[5.179,49.3503],[5.1815,49.3468],[5.1812,49.3448],[5.1858,49.3433],[5.1877,49.3445],[5.1897,49.3411],[5.197,49.3367],[5.2014,49.3348],[5.2067,49.3325],[5.212,49.3314],[5.2128,49.3301],[5.2189,49.3281],[5.2215,49.3281],[5.2214,49.3256],[5.2151,49.3239],[5.2103,49.3254],[5.2051,49.3231],[5.2041,49.3218],[5.198,49.3174],[5.1932,49.3148],[5.1917,49.3115],[5.1862,49.31],[5.187,49.3082],[5.1838,49.3068],[5.1756,49.3048],[5.1708,49.305],[5.1669,49.3024],[5.1586,49.2991]]]}},{"type":"Feature","properties":{"code":"55079","nom":"Brillon-en-Barrois","pop":704},"geometry":{"type":"Polygon","coordinates":[[[5.0844,48.7286],[5.0847,48.7313],[5.0925,48.7344],[5.1044,48.7281],[5.1199,48.7303],[5.1276,48.7278],[5.1316,48.7271],[5.1308,48.7236],[5.1247,48.7222],[5.1294,48.7143],[5.1313,48.7132],[5.1364,48.7169],[5.1381,48.7149],[5.1404,48.7156],[5.1405,48.712],[5.1417,48.7106],[5.1418,48.7054],[5.1382,48.7045],[5.1348,48.7025],[5.1293,48.7015],[5.122,48.7014],[5.1203,48.7001],[5.1154,48.7021],[5.1153,48.7033],[5.1098,48.7047],[5.104,48.7047],[5.1019,48.7029],[5.0986,48.7038],[5.0956,48.7028],[5.089,48.7047],[5.0867,48.703],[5.0842,48.7037],[5.0804,48.7085],[5.0779,48.7068],[5.0738,48.7065],[5.0753,48.709],[5.0798,48.7123],[5.0805,48.7136],[5.0852,48.7159],[5.0837,48.7194],[5.0902,48.7225],[5.09,48.7247],[5.0855,48.7261],[5.0844,48.7286]]]}},{"type":"Feature","properties":{"code":"55080","nom":"Brixey-aux-Chanoines","pop":77},"geometry":{"type":"Polygon","coordinates":[[[5.742,48.4744],[5.7429,48.4722],[5.7399,48.4698],[5.7402,48.4659],[5.734,48.4659],[5.7251,48.4635],[5.7193,48.4602],[5.7138,48.4616],[5.7134,48.4604],[5.7022,48.4619],[5.6951,48.4634],[5.6946,48.4648],[5.6906,48.4661],[5.6895,48.4675],[5.6933,48.4715],[5.6948,48.4759],[5.7021,48.4746],[5.6996,48.4784],[5.7016,48.4868],[5.7095,48.486],[5.7117,48.4897],[5.7157,48.4889],[5.7151,48.4848],[5.7195,48.4841],[5.7227,48.4823],[5.7276,48.4825],[5.7385,48.4773],[5.742,48.4744]]]}},{"type":"Feature","properties":{"code":"55081","nom":"Brizeaux","pop":63},"geometry":{"type":"Polygon","coordinates":[[[5.0657,49.0199],[5.0693,49.0193],[5.074,49.015],[5.0792,49.013],[5.0794,49.0094],[5.0776,49.0041],[5.0723,49.0015],[5.0713,48.999],[5.0739,48.9956],[5.0752,48.9918],[5.073,48.99],[5.0628,48.9902],[5.0566,48.9887],[5.0543,48.9891],[5.0524,48.9912],[5.0529,48.995],[5.0482,48.9946],[5.0502,48.998],[5.0394,49.0001],[5.0392,49.0028],[5.0316,49.0014],[5.0316,49.0057],[5.0385,49.0106],[5.0375,49.0152],[5.0359,49.0178],[5.0396,49.0175],[5.0397,49.0197],[5.0356,49.0207],[5.0392,49.0211],[5.0452,49.0203],[5.049,49.022],[5.0525,49.0183],[5.055,49.0173],[5.0583,49.0183],[5.0601,49.0201],[5.0657,49.0199]]]}},{"type":"Feature","properties":{"code":"55082","nom":"Brocourt-en-Argonne","pop":46},"geometry":{"type":"Polygon","coordinates":[[[5.1972,49.1104],[5.1953,49.1096],[5.1939,49.1116],[5.1848,49.1099],[5.1799,49.1074],[5.1787,49.108],[5.1684,49.1045],[5.1683,49.1054],[5.16,49.1041],[5.1574,49.1028],[5.153,49.0987],[5.1503,49.0991],[5.1465,49.0978],[5.1409,49.0977],[5.1414,49.1017],[5.1424,49.1039],[5.1463,49.1042],[5.1512,49.1056],[5.1499,49.1082],[5.146,49.1106],[5.1534,49.1154],[5.162,49.1222],[5.1673,49.1231],[5.1774,49.1232],[5.1855,49.1243],[5.1973,49.1257],[5.2023,49.1226],[5.1933,49.1174],[5.1965,49.113],[5.1972,49.1104]]]}},{"type":"Feature","properties":{"code":"55083","nom":"Brouennes","pop":149},"geometry":{"type":"Polygon","coordinates":[[[5.263,49.5418],[5.2664,49.5429],[5.2685,49.5451],[5.2762,49.5445],[5.2752,49.5422],[5.2731,49.5392],[5.2719,49.535],[5.2748,49.5347],[5.2756,49.5324],[5.2735,49.5312],[5.2744,49.5289],[5.2732,49.5271],[5.2748,49.5241],[5.2742,49.5211],[5.2746,49.5177],[5.2766,49.5129],[5.2812,49.5069],[5.279,49.5043],[5.2742,49.5024],[5.2626,49.4995],[5.2579,49.5025],[5.2501,49.5064],[5.246,49.5097],[5.2382,49.5084],[5.2381,49.5108],[5.2358,49.514],[5.2308,49.5161],[5.2291,49.5181],[5.2243,49.5187],[5.2203,49.5204],[5.2232,49.5264],[5.2264,49.5272],[5.2269,49.5293],[5.2308,49.5327],[5.2389,49.5331],[5.2435,49.537],[5.2504,49.5339],[5.2534,49.5358],[5.2611,49.5387],[5.263,49.5418]]]}},{"type":"Feature","properties":{"code":"55084","nom":"Broussey-en-Blois","pop":57},"geometry":{"type":"Polygon","coordinates":[[[5.5403,48.6199],[5.527,48.6168],[5.526,48.6176],[5.5246,48.6195],[5.5227,48.6273],[5.5267,48.6318],[5.5244,48.6371],[5.5309,48.6405],[5.5328,48.6439],[5.5379,48.6468],[5.5603,48.6515],[5.5764,48.6515],[5.5749,48.6488],[5.5774,48.646],[5.5725,48.6385],[5.5765,48.6376],[5.5818,48.638],[5.5837,48.6361],[5.5725,48.6361],[5.5729,48.6297],[5.5765,48.6283],[5.5737,48.6263],[5.5689,48.6249],[5.5664,48.623],[5.5646,48.6252],[5.558,48.6235],[5.5558,48.6197],[5.5534,48.6184],[5.5514,48.62],[5.5446,48.6208],[5.5403,48.6199]]]}},{"type":"Feature","properties":{"code":"55085","nom":"Broussey-Raulecourt","pop":283},"geometry":{"type":"Polygon","coordinates":[[[5.6753,48.817],[5.6779,48.8184],[5.6767,48.8218],[5.672,48.8224],[5.6681,48.8206],[5.6677,48.8232],[5.6736,48.8241],[5.6783,48.8302],[5.683,48.8313],[5.6824,48.8325],[5.675,48.8367],[5.6722,48.8364],[5.6729,48.8389],[5.6736,48.8377],[5.6896,48.8365],[5.6926,48.8326],[5.6985,48.8356],[5.7041,48.8361],[5.7076,48.8353],[5.7096,48.8335],[5.712,48.8344],[5.7143,48.8328],[5.7176,48.8342],[5.7209,48.8311],[5.7304,48.8314],[5.7313,48.8295],[5.735,48.8304],[5.7361,48.8285],[5.7402,48.8256],[5.7459,48.8261],[5.7531,48.8202],[5.7544,48.8174],[5.7562,48.8168],[5.762,48.8169],[5.7626,48.8144],[5.7588,48.8124],[5.7563,48.8085],[5.7582,48.8013],[5.7571,48.8004],[5.7586,48.7965],[5.7626,48.7941],[5.7547,48.7935],[5.751,48.7927],[5.7418,48.7926],[5.7336,48.7895],[5.7306,48.7907],[5.723,48.7916],[5.7163,48.7966],[5.7129,48.798],[5.7066,48.8023],[5.7025,48.8028],[5.6968,48.805],[5.6928,48.8023],[5.6958,48.8113],[5.6909,48.8122],[5.6856,48.8154],[5.6837,48.8145],[5.6788,48.8181],[5.6753,48.817]]]}},{"type":"Feature","properties":{"code":"55087","nom":"Bure","pop":93},"geometry":{"type":"Polygon","coordinates":[[[5.3687,48.4763],[5.3629,48.4765],[5.3559,48.4787],[5.3498,48.4822],[5.348,48.483],[5.3452,48.4899],[5.3393,48.4937],[5.3339,48.4993],[5.3273,48.5048],[5.3285,48.5072],[5.3276,48.5094],[5.3169,48.5083],[5.306,48.5162],[5.3078,48.5178],[5.3078,48.5201],[5.313,48.521],[5.3166,48.5228],[5.3182,48.5253],[5.3219,48.5291],[5.3243,48.5361],[5.3312,48.5335],[5.3334,48.535],[5.343,48.5317],[5.3475,48.5316],[5.358,48.5305],[5.359,48.5299],[5.3591,48.5199],[5.3629,48.5192],[5.3659,48.5202],[5.3688,48.5233],[5.3701,48.5203],[5.3721,48.5194],[5.3763,48.5154],[5.3779,48.5094],[5.374,48.4981],[5.3692,48.4935],[5.3705,48.4867],[5.3688,48.4816],[5.37,48.4792],[5.3694,48.4765],[5.3687,48.4763]]]}},{"type":"Feature","properties":{"code":"55088","nom":"Burey-en-Vaux","pop":153},"geometry":{"type":"Polygon","coordinates":[[[5.62,48.5603],[5.6232,48.5631],[5.6149,48.5653],[5.6182,48.566],[5.6263,48.566],[5.6276,48.5654],[5.6306,48.5645],[5.6358,48.5648],[5.6423,48.563],[5.646,48.5641],[5.6501,48.5689],[5.6583,48.5672],[5.663,48.5683],[5.6717,48.5681],[5.6755,48.569],[5.6774,48.5666],[5.6742,48.5637],[5.6762,48.559],[5.6736,48.557],[5.6709,48.5564],[5.669,48.5546],[5.6665,48.5479],[5.6632,48.5465],[5.6617,48.5444],[5.6565,48.5433],[5.6528,48.5413],[5.6492,48.5447],[5.6537,48.5473],[5.6535,48.5502],[5.6497,48.5518],[5.6416,48.5586],[5.6394,48.5569],[5.6404,48.5552],[5.634,48.5546],[5.6304,48.5565],[5.6258,48.5535],[5.6204,48.557],[5.62,48.5603]]]}},{"type":"Feature","properties":{"code":"55089","nom":"Burey-la-Côte","pop":86},"geometry":{"type":"Polygon","coordinates":[[[5.6678,48.5016],[5.6713,48.5023],[5.6878,48.5105],[5.6975,48.5067],[5.6989,48.5072],[5.7059,48.5048],[5.7074,48.5038],[5.7045,48.4968],[5.7014,48.4956],[5.696,48.4971],[5.693,48.4919],[5.6884,48.4922],[5.6827,48.4941],[5.6731,48.4917],[5.6665,48.4928],[5.6621,48.4969],[5.6602,48.4977],[5.6678,48.5016]]]}},{"type":"Feature","properties":{"code":"55093","nom":"Buxières-sous-les-Côtes","pop":264},"geometry":{"type":"Polygon","coordinates":[[[5.7326,48.9117],[5.7314,48.9097],[5.7343,48.908],[5.7338,48.905],[5.7367,48.905],[5.7349,48.9001],[5.7333,48.9007],[5.7295,48.8993],[5.719,48.8982],[5.7164,48.8987],[5.7125,48.8975],[5.7096,48.9018],[5.7033,48.8995],[5.701,48.8975],[5.7018,48.8942],[5.7043,48.8914],[5.701,48.8901],[5.7038,48.8879],[5.699,48.8864],[5.6969,48.8906],[5.6931,48.8932],[5.6899,48.8937],[5.6876,48.8927],[5.6799,48.8894],[5.6748,48.8889],[5.667,48.8855],[5.6563,48.8828],[5.6463,48.88],[5.6399,48.8794],[5.6343,48.8814],[5.6263,48.8821],[5.6274,48.8844],[5.6333,48.8879],[5.6339,48.8931],[5.6371,48.8961],[5.6348,48.901],[5.6324,48.9039],[5.6394,48.9063],[5.6406,48.9083],[5.6402,48.9128],[5.6413,48.9143],[5.6506,48.917],[5.6569,48.9202],[5.6471,48.9248],[5.6492,48.9256],[5.6532,48.9297],[5.6579,48.9317],[5.6583,48.9315],[5.6726,48.9266],[5.6816,48.9291],[5.685,48.9281],[5.6855,48.9264],[5.6933,48.9249],[5.6975,48.9246],[5.7035,48.926],[5.7074,48.9262],[5.715,48.9251],[5.7188,48.9236],[5.7195,48.9196],[5.7279,48.9218],[5.7241,48.9155],[5.7326,48.9117]]]}},{"type":"Feature","properties":{"code":"55094","nom":"Buzy-Darmont","pop":520},"geometry":{"type":"Polygon","coordinates":[[[5.7232,49.1993],[5.726,49.1954],[5.732,49.1947],[5.7403,49.1979],[5.7416,49.1965],[5.7476,49.1995],[5.7505,49.1986],[5.7544,49.1957],[5.7548,49.1944],[5.7484,49.1917],[5.7432,49.1929],[5.7396,49.1922],[5.7346,49.1899],[5.7356,49.1883],[5.734,49.1866],[5.7262,49.1835],[5.7277,49.1817],[5.7268,49.1782],[5.7196,49.1773],[5.7173,49.1757],[5.7179,49.1708],[5.7159,49.1658],[5.7166,49.1651],[5.7104,49.1619],[5.7021,49.1538],[5.6977,49.1508],[5.6977,49.1479],[5.6945,49.1468],[5.6936,49.1445],[5.6874,49.1425],[5.6809,49.1425],[5.6771,49.1436],[5.6763,49.1464],[5.679,49.1469],[5.679,49.1487],[5.6768,49.1506],[5.6819,49.1543],[5.684,49.1622],[5.6852,49.1623],[5.6836,49.1692],[5.689,49.1711],[5.6908,49.1763],[5.6915,49.1808],[5.6868,49.1821],[5.6852,49.1846],[5.6889,49.1897],[5.7005,49.1928],[5.7002,49.194],[5.703,49.1953],[5.7091,49.1965],[5.717,49.1994],[5.7232,49.1993]]]}},{"type":"Feature","properties":{"code":"55095","nom":"Cesse","pop":119},"geometry":{"type":"Polygon","coordinates":[[[5.1656,49.518],[5.1663,49.5156],[5.1653,49.5139],[5.1648,49.5072],[5.1659,49.5028],[5.1611,49.502],[5.162,49.4998],[5.1575,49.4992],[5.1569,49.5006],[5.1518,49.4998],[5.1468,49.4998],[5.1454,49.5008],[5.1407,49.5003],[5.1303,49.503],[5.1285,49.5047],[5.1209,49.5064],[5.1176,49.5084],[5.1145,49.5121],[5.1102,49.5135],[5.1112,49.5148],[5.1157,49.5158],[5.1213,49.5127],[5.1303,49.5144],[5.1305,49.5135],[5.1404,49.5164],[5.1453,49.517],[5.146,49.5152],[5.1503,49.5166],[5.1656,49.518]]]}},{"type":"Feature","properties":{"code":"55096","nom":"Chaillon","pop":110},"geometry":{"type":"Polygon","coordinates":[[[5.6955,48.9535],[5.681,48.9524],[5.6657,48.9465],[5.6663,48.942],[5.6632,48.9386],[5.6632,48.9372],[5.6583,48.9315],[5.6579,48.9317],[5.6502,48.9317],[5.6425,48.9328],[5.6349,48.9319],[5.6363,48.938],[5.6273,48.9404],[5.6253,48.9401],[5.6233,48.9433],[5.6201,48.9431],[5.6136,48.945],[5.6166,48.9478],[5.6146,48.952],[5.6128,48.9517],[5.608,48.9555],[5.616,48.9584],[5.6217,48.963],[5.6238,48.961],[5.628,48.9614],[5.6274,48.964],[5.6307,48.9667],[5.6336,48.9676],[5.6365,48.9667],[5.6416,48.9677],[5.6408,48.9626],[5.648,48.9637],[5.6548,48.9638],[5.6545,48.961],[5.6556,48.9589],[5.6599,48.9563],[5.6623,48.9512],[5.6696,48.951],[5.6769,48.9538],[5.6848,48.9562],[5.6953,48.9566],[5.6955,48.9535]]]}},{"type":"Feature","properties":{"code":"55097","nom":"Chalaines","pop":299},"geometry":{"type":"Polygon","coordinates":[[[5.7174,48.5916],[5.7186,48.5905],[5.715,48.5888],[5.7163,48.586],[5.713,48.5807],[5.7131,48.5766],[5.7056,48.5752],[5.6973,48.5751],[5.6873,48.5763],[5.6869,48.5777],[5.6844,48.5779],[5.685,48.5819],[5.6864,48.5852],[5.686,48.5875],[5.6829,48.5942],[5.6843,48.597],[5.6793,48.6011],[5.6765,48.6055],[5.6799,48.6065],[5.6829,48.6118],[5.6833,48.6148],[5.6865,48.6175],[5.6937,48.6144],[5.6966,48.6117],[5.6963,48.6104],[5.7003,48.6084],[5.7039,48.6052],[5.7102,48.5983],[5.7174,48.5916]]]}},{"type":"Feature","properties":{"code":"55099","nom":"Champneuville","pop":115},"geometry":{"type":"Polygon","coordinates":[[[5.3752,49.254],[5.3739,49.2525],[5.3716,49.2464],[5.3672,49.2439],[5.3603,49.2417],[5.3579,49.2394],[5.3577,49.2371],[5.3554,49.2362],[5.3492,49.2316],[5.3425,49.2303],[5.3403,49.2272],[5.3475,49.2268],[5.3471,49.2246],[5.3412,49.2253],[5.3313,49.2246],[5.3228,49.2231],[5.3147,49.2222],[5.311,49.2206],[5.3037,49.2206],[5.3017,49.2219],[5.2975,49.2225],[5.2951,49.2265],[5.2894,49.2316],[5.288,49.2326],[5.289,49.2374],[5.2934,49.2369],[5.3027,49.2419],[5.3033,49.2429],[5.3157,49.2432],[5.3229,49.2423],[5.3258,49.2424],[5.3287,49.2448],[5.3272,49.2467],[5.3231,49.2471],[5.3274,49.2498],[5.3369,49.2453],[5.3403,49.2446],[5.3433,49.2455],[5.3444,49.2473],[5.3499,49.2507],[5.3581,49.2532],[5.3612,49.2546],[5.3683,49.2549],[5.3727,49.2541],[5.376,49.2549],[5.3752,49.254]]]}},{"type":"Feature","properties":{"code":"55100","nom":"Champougny","pop":92},"geometry":{"type":"Polygon","coordinates":[[[5.7136,48.5259],[5.7108,48.5253],[5.7069,48.5268],[5.7004,48.5286],[5.699,48.5345],[5.697,48.5355],[5.6969,48.5386],[5.6859,48.5387],[5.6839,48.5403],[5.6849,48.5429],[5.6813,48.5427],[5.6846,48.5458],[5.6838,48.5469],[5.676,48.5476],[5.6738,48.5498],[5.6744,48.5512],[5.6819,48.5508],[5.6834,48.5527],[5.6938,48.5523],[5.7005,48.5535],[5.7151,48.5623],[5.729,48.5536],[5.7261,48.5526],[5.7238,48.5499],[5.7205,48.548],[5.7149,48.5467],[5.7164,48.5454],[5.7098,48.5439],[5.705,48.5418],[5.7035,48.5389],[5.7045,48.5354],[5.7088,48.5319],[5.7136,48.5259]]]}},{"type":"Feature","properties":{"code":"55101","nom":"Chardogne","pop":305},"geometry":{"type":"Polygon","coordinates":[[[5.1448,48.809],[5.1407,48.8113],[5.1367,48.8103],[5.1294,48.8102],[5.1269,48.812],[5.1251,48.8111],[5.1192,48.8115],[5.1189,48.8164],[5.1119,48.8153],[5.1123,48.8214],[5.1067,48.8231],[5.1007,48.8241],[5.0979,48.8266],[5.0915,48.8271],[5.0932,48.8304],[5.0906,48.8322],[5.0878,48.8311],[5.0869,48.834],[5.0893,48.8351],[5.0989,48.8343],[5.1024,48.8333],[5.1077,48.8343],[5.107,48.8368],[5.1043,48.8382],[5.1063,48.8394],[5.1097,48.8392],[5.1193,48.8411],[5.1205,48.8402],[5.1275,48.8414],[5.1298,48.8423],[5.14,48.8437],[5.1421,48.8427],[5.1456,48.8374],[5.1523,48.8384],[5.16,48.8379],[5.1629,48.8361],[5.164,48.834],[5.1668,48.8337],[5.1681,48.8318],[5.1654,48.8292],[5.1633,48.8245],[5.1567,48.8221],[5.146,48.8146],[5.1447,48.8112],[5.1466,48.81],[5.1448,48.809]]]}},{"type":"Feature","properties":{"code":"55102","nom":"Charny-sur-Meuse","pop":522},"geometry":{"type":"Polygon","coordinates":[[[5.3137,49.2197],[5.3196,49.2223],[5.3281,49.2238],[5.3286,49.2206],[5.332,49.2209],[5.3343,49.2174],[5.3419,49.22],[5.3472,49.2186],[5.3587,49.2179],[5.3625,49.2199],[5.3644,49.2193],[5.3644,49.2166],[5.3691,49.2116],[5.3685,49.2083],[5.3706,49.2073],[5.3707,49.205],[5.3649,49.201],[5.3618,49.2011],[5.3597,49.1991],[5.3685,49.1969],[5.3695,49.1956],[5.3633,49.192],[5.3587,49.1898],[5.3568,49.1909],[5.3525,49.1838],[5.3492,49.1817],[5.3429,49.1811],[5.3398,49.1833],[5.3333,49.182],[5.3321,49.1847],[5.333,49.1861],[5.3316,49.1897],[5.3298,49.1911],[5.3202,49.1969],[5.3175,49.1998],[5.3173,49.2025],[5.3181,49.2095],[5.3202,49.2096],[5.32,49.2135],[5.3169,49.2137],[5.3137,49.2197]]]}},{"type":"Feature","properties":{"code":"55103","nom":"Charpentry","pop":24},"geometry":{"type":"Polygon","coordinates":[[[5.0647,49.2575],[5.0503,49.2512],[5.0406,49.2488],[5.0417,49.2474],[5.0382,49.247],[5.0366,49.2491],[5.0316,49.2477],[5.0272,49.2513],[5.0248,49.2503],[5.0211,49.2536],[5.0179,49.2582],[5.0231,49.2575],[5.0281,49.26],[5.0327,49.2641],[5.0371,49.2664],[5.0414,49.266],[5.0427,49.2642],[5.0511,49.267],[5.0645,49.2588],[5.0647,49.2575]]]}},{"type":"Feature","properties":{"code":"55104","nom":"Chassey-Beaupré","pop":94},"geometry":{"type":"Polygon","coordinates":[[[5.4659,48.4526],[5.4716,48.4495],[5.4702,48.4463],[5.4695,48.4422],[5.4676,48.4389],[5.4652,48.4366],[5.4611,48.4346],[5.4619,48.4286],[5.4647,48.4254],[5.46,48.4226],[5.4572,48.4221],[5.4526,48.4228],[5.4452,48.4251],[5.4442,48.428],[5.4417,48.4321],[5.4386,48.4354],[5.4333,48.4324],[5.4283,48.4343],[5.4211,48.44],[5.4148,48.442],[5.4103,48.445],[5.4077,48.4477],[5.4064,48.4517],[5.4033,48.4542],[5.404,48.4552],[5.4041,48.4629],[5.406,48.4656],[5.4107,48.4671],[5.4145,48.4657],[5.4169,48.466],[5.4204,48.4632],[5.4249,48.4629],[5.4273,48.4613],[5.4301,48.4635],[5.4399,48.4607],[5.4426,48.4612],[5.4483,48.4596],[5.4536,48.4573],[5.4589,48.4562],[5.4598,48.4552],[5.4659,48.4526]]]}},{"type":"Feature","properties":{"code":"55105","nom":"Châtillon-sous-les-Côtes","pop":176},"geometry":{"type":"Polygon","coordinates":[[[5.4862,49.1432],[5.487,49.1413],[5.4928,49.1419],[5.4989,49.1448],[5.4961,49.1475],[5.5022,49.1487],[5.5042,49.1483],[5.5095,49.1517],[5.5105,49.1552],[5.5173,49.1569],[5.5232,49.1576],[5.5247,49.156],[5.5298,49.1556],[5.5365,49.1524],[5.5412,49.1535],[5.5418,49.1523],[5.547,49.1541],[5.5497,49.1559],[5.551,49.1545],[5.5495,49.1527],[5.5384,49.1485],[5.5394,49.1475],[5.5347,49.1457],[5.5291,49.1422],[5.5278,49.1404],[5.5313,49.1374],[5.5312,49.1362],[5.5371,49.1329],[5.5295,49.1287],[5.5314,49.1252],[5.5271,49.1237],[5.5155,49.1246],[5.5081,49.121],[5.4956,49.1214],[5.4919,49.1219],[5.4929,49.1238],[5.502,49.1338],[5.5008,49.1342],[5.4954,49.1317],[5.4924,49.1349],[5.4897,49.1334],[5.4813,49.1303],[5.4748,49.1384],[5.4798,49.1398],[5.4862,49.1432]]]}},{"type":"Feature","properties":{"code":"55106","nom":"Chattancourt","pop":175},"geometry":{"type":"Polygon","coordinates":[[[5.2975,49.2225],[5.2978,49.2207],[5.2952,49.2173],[5.2936,49.2168],[5.2845,49.2107],[5.2789,49.2028],[5.2733,49.1994],[5.2671,49.2008],[5.2583,49.2039],[5.2451,49.2059],[5.2415,49.2061],[5.2405,49.2088],[5.2425,49.2097],[5.2395,49.2134],[5.2405,49.217],[5.2385,49.2196],[5.233,49.2236],[5.2464,49.2274],[5.2519,49.2296],[5.2558,49.2305],[5.2616,49.2309],[5.2616,49.229],[5.2696,49.2287],[5.2706,49.2276],[5.2767,49.2277],[5.2782,49.2261],[5.2778,49.2204],[5.2839,49.2222],[5.2816,49.2263],[5.2827,49.2278],[5.2866,49.2292],[5.2864,49.231],[5.2894,49.2316],[5.2951,49.2265],[5.2975,49.2225]]]}},{"type":"Feature","properties":{"code":"55107","nom":"Chaumont-devant-Damvillers","pop":46},"geometry":{"type":"Polygon","coordinates":[[[5.4495,49.3093],[5.4535,49.3089],[5.456,49.3053],[5.4605,49.3053],[5.4616,49.3037],[5.4545,49.301],[5.4512,49.3006],[5.449,49.3034],[5.4462,49.3022],[5.448,49.3046],[5.4436,49.3049],[5.4394,49.3021],[5.4379,49.3029],[5.4233,49.2982],[5.4195,49.3005],[5.4187,49.3042],[5.4141,49.3053],[5.4065,49.3151],[5.4069,49.3168],[5.416,49.3161],[5.4207,49.3194],[5.425,49.3201],[5.4265,49.3233],[5.4295,49.3233],[5.4282,49.3187],[5.4299,49.3176],[5.4343,49.3185],[5.4363,49.3177],[5.4432,49.3177],[5.4448,49.3137],[5.4495,49.3093]]]}},{"type":"Feature","properties":{"code":"55108","nom":"Chaumont-sur-Aire","pop":119},"geometry":{"type":"Polygon","coordinates":[[[5.3078,48.9282],[5.3059,48.9265],[5.3033,48.9264],[5.2981,48.9279],[5.2955,48.9271],[5.2946,48.9251],[5.2906,48.9224],[5.2882,48.9198],[5.2802,48.916],[5.2812,48.9144],[5.2793,48.9107],[5.281,48.9096],[5.2783,48.9049],[5.2721,48.9057],[5.2682,48.9077],[5.2658,48.9105],[5.2594,48.9134],[5.2546,48.9148],[5.257,48.9175],[5.2485,48.9221],[5.2426,48.9247],[5.2362,48.9238],[5.2355,48.9244],[5.2337,48.9279],[5.2401,48.93],[5.2418,48.9289],[5.2465,48.9322],[5.2506,48.9338],[5.2571,48.9371],[5.2618,48.938],[5.2697,48.9412],[5.276,48.9416],[5.279,48.9412],[5.2801,48.9397],[5.2857,48.9389],[5.2939,48.9338],[5.295,48.9319],[5.3001,48.929],[5.3068,48.929],[5.3078,48.9282]]]}},{"type":"Feature","properties":{"code":"55109","nom":"Chauvency-le-Château","pop":224},"geometry":{"type":"Polygon","coordinates":[[[5.2812,49.5069],[5.2766,49.5129],[5.2746,49.5177],[5.2876,49.5219],[5.2931,49.5225],[5.301,49.5262],[5.3026,49.5286],[5.3093,49.5297],[5.3125,49.5308],[5.3171,49.5344],[5.3186,49.5368],[5.3182,49.5399],[5.3217,49.5463],[5.3233,49.5532],[5.325,49.5538],[5.3307,49.5516],[5.3316,49.5493],[5.3352,49.5466],[5.3373,49.5441],[5.3326,49.5398],[5.3323,49.535],[5.3309,49.5334],[5.3249,49.5288],[5.3228,49.5262],[5.3225,49.5224],[5.3245,49.5193],[5.3209,49.5153],[5.3164,49.5132],[5.3135,49.5133],[5.3115,49.5116],[5.3122,49.508],[5.3139,49.5038],[5.3104,49.5026],[5.3035,49.5041],[5.2965,49.5066],[5.2921,49.5065],[5.2865,49.5079],[5.2812,49.5069]]]}},{"type":"Feature","properties":{"code":"55110","nom":"Chauvency-Saint-Hubert","pop":209},"geometry":{"type":"Polygon","coordinates":[[[5.2752,49.5422],[5.2798,49.5461],[5.283,49.552],[5.2851,49.5534],[5.2915,49.5548],[5.3006,49.556],[5.3094,49.5581],[5.3125,49.5594],[5.3201,49.5568],[5.325,49.5538],[5.3233,49.5532],[5.3217,49.5463],[5.3182,49.5399],[5.3186,49.5368],[5.3171,49.5344],[5.3125,49.5308],[5.3093,49.5297],[5.3026,49.5286],[5.301,49.5262],[5.2931,49.5225],[5.2876,49.5219],[5.2746,49.5177],[5.2742,49.5211],[5.2748,49.5241],[5.2732,49.5271],[5.2744,49.5289],[5.2735,49.5312],[5.2756,49.5324],[5.2748,49.5347],[5.2719,49.535],[5.2731,49.5392],[5.2752,49.5422]]]}},{"type":"Feature","properties":{"code":"55111","nom":"Chauvoncourt","pop":430},"geometry":{"type":"Polygon","coordinates":[[[5.499,48.8784],[5.4961,48.8785],[5.4931,48.8803],[5.4909,48.8854],[5.472,48.8786],[5.4703,48.8797],[5.4595,48.8824],[5.4556,48.8869],[5.4497,48.8816],[5.4475,48.8818],[5.4571,48.8903],[5.4828,48.8969],[5.4863,48.9001],[5.4887,48.8998],[5.4982,48.9001],[5.5047,48.9029],[5.5163,48.9057],[5.518,48.9042],[5.5241,48.9064],[5.5251,48.9059],[5.5331,48.9096],[5.5362,48.908],[5.5388,48.9056],[5.5376,48.9042],[5.5396,48.9024],[5.534,48.8999],[5.5325,48.901],[5.5291,48.8969],[5.5267,48.896],[5.527,48.8925],[5.525,48.8893],[5.5206,48.8889],[5.5135,48.8891],[5.5121,48.8886],[5.5155,48.8854],[5.5125,48.8853],[5.5074,48.8836],[5.5034,48.88],[5.5009,48.8801],[5.499,48.8784]]]}},{"type":"Feature","properties":{"code":"55113","nom":"Cheppy","pop":156},"geometry":{"type":"Polygon","coordinates":[[[5.1163,49.2103],[5.1092,49.2063],[5.1053,49.2053],[5.1011,49.2027],[5.0974,49.2036],[5.0883,49.2088],[5.0796,49.2145],[5.0767,49.2127],[5.0726,49.2136],[5.0712,49.2123],[5.063,49.2103],[5.0577,49.2066],[5.0538,49.2056],[5.0531,49.2081],[5.0507,49.2077],[5.0494,49.2114],[5.0439,49.214],[5.0401,49.221],[5.045,49.2227],[5.0472,49.229],[5.0467,49.2338],[5.0484,49.2367],[5.0487,49.2396],[5.0473,49.243],[5.0454,49.2434],[5.0417,49.2474],[5.0406,49.2488],[5.0503,49.2512],[5.0512,49.2492],[5.0598,49.2422],[5.0636,49.2411],[5.0678,49.2422],[5.0728,49.2382],[5.0758,49.2379],[5.0827,49.2406],[5.0838,49.239],[5.094,49.2348],[5.0942,49.2311],[5.1018,49.2295],[5.1018,49.2278],[5.0964,49.2247],[5.1055,49.2182],[5.1025,49.2167],[5.1054,49.2149],[5.1093,49.215],[5.1163,49.2103]]]}},{"type":"Feature","properties":{"code":"55114","nom":"Chonville-Malaumont","pop":207},"geometry":{"type":"Polygon","coordinates":[[[5.4932,48.7273],[5.4892,48.7303],[5.4897,48.7334],[5.4872,48.7389],[5.4834,48.7365],[5.4778,48.7316],[5.4732,48.7286],[5.4718,48.7293],[5.4757,48.7321],[5.4714,48.7324],[5.4708,48.7336],[5.4761,48.7358],[5.4839,48.7416],[5.4764,48.7401],[5.4722,48.7376],[5.4682,48.7479],[5.4659,48.7509],[5.4689,48.7552],[5.4641,48.7548],[5.4569,48.7529],[5.4529,48.7512],[5.4483,48.7503],[5.4539,48.7561],[5.4611,48.763],[5.4672,48.7694],[5.4734,48.7785],[5.4767,48.7815],[5.4823,48.7846],[5.4921,48.7915],[5.4965,48.7892],[5.5006,48.7894],[5.5051,48.7884],[5.5094,48.7866],[5.5092,48.7841],[5.5072,48.7804],[5.5111,48.7773],[5.5126,48.7746],[5.5107,48.7725],[5.5173,48.769],[5.5088,48.7631],[5.5117,48.7615],[5.5121,48.7579],[5.519,48.7571],[5.5202,48.7538],[5.528,48.7532],[5.5287,48.7514],[5.5266,48.7498],[5.5211,48.7491],[5.5169,48.7467],[5.5132,48.7458],[5.5109,48.7437],[5.5103,48.7411],[5.508,48.7399],[5.5058,48.7421],[5.4986,48.7426],[5.4934,48.7404],[5.4915,48.7354],[5.4937,48.73],[5.4932,48.7273]]]}},{"type":"Feature","properties":{"code":"55115","nom":"Cierges-sous-Montfaucon","pop":47},"geometry":{"type":"Polygon","coordinates":[[[5.0593,49.29],[5.0569,49.2916],[5.0567,49.2935],[5.0627,49.2948],[5.0691,49.2952],[5.0723,49.299],[5.0761,49.3018],[5.0796,49.3034],[5.0877,49.3091],[5.087,49.3108],[5.0931,49.3114],[5.0939,49.3126],[5.0987,49.3146],[5.1041,49.3155],[5.1091,49.3173],[5.117,49.3154],[5.1211,49.3123],[5.124,49.3072],[5.1181,49.3036],[5.1143,49.302],[5.1065,49.2964],[5.1088,49.2941],[5.1089,49.2915],[5.1119,49.2893],[5.1097,49.288],[5.1023,49.2877],[5.1004,49.2889],[5.0955,49.2861],[5.0897,49.2847],[5.0814,49.2849],[5.0782,49.2845],[5.0741,49.2851],[5.0667,49.2882],[5.0637,49.2881],[5.0593,49.29]]]}},{"type":"Feature","properties":{"code":"55116","nom":"Le Claon","pop":46},"geometry":{"type":"Polygon","coordinates":[[[4.9657,49.1576],[4.97,49.1572],[4.9741,49.1557],[4.9882,49.1559],[4.9976,49.154],[5.0011,49.1524],[5.0152,49.1492],[5.0192,49.1466],[5.0204,49.1438],[5.0149,49.1402],[5.0117,49.137],[5.0088,49.1358],[4.9998,49.1374],[4.9883,49.1355],[4.9843,49.1347],[4.9813,49.133],[4.9752,49.133],[4.9718,49.1368],[4.9713,49.1414],[4.9674,49.1455],[4.9657,49.1488],[4.9645,49.1547],[4.9673,49.1552],[4.9657,49.1576]]]}},{"type":"Feature","properties":{"code":"55117","nom":"Clermont-en-Argonne","pop":1406},"geometry":{"type":"Polygon","coordinates":[[[4.9899,49.1253],[4.9882,49.1269],[4.9916,49.1287],[4.9895,49.1306],[4.99,49.1328],[4.9883,49.1355],[4.9998,49.1374],[5.0088,49.1358],[5.0117,49.137],[5.0149,49.1402],[5.0204,49.1438],[5.0221,49.1411],[5.0252,49.1383],[5.0306,49.1381],[5.0326,49.1378],[5.0371,49.134],[5.0427,49.1317],[5.0484,49.1313],[5.0488,49.1284],[5.0553,49.127],[5.0598,49.1253],[5.0633,49.1249],[5.0654,49.1265],[5.0718,49.1236],[5.0773,49.1245],[5.089,49.1239],[5.0961,49.1245],[5.0968,49.129],[5.1007,49.1292],[5.1018,49.1308],[5.0998,49.1363],[5.1027,49.1373],[5.1043,49.1394],[5.1022,49.1409],[5.1036,49.1422],[5.1085,49.1403],[5.1151,49.145],[5.1148,49.147],[5.1203,49.1557],[5.1245,49.156],[5.1279,49.1586],[5.1278,49.1598],[5.1226,49.1659],[5.123,49.1681],[5.1333,49.1687],[5.1359,49.1668],[5.1386,49.1702],[5.1415,49.1726],[5.1516,49.1749],[5.1538,49.1731],[5.1498,49.1696],[5.1474,49.1663],[5.1517,49.1634],[5.1429,49.1575],[5.1396,49.1574],[5.1356,49.1548],[5.1368,49.1489],[5.1368,49.1438],[5.1353,49.1367],[5.14,49.1367],[5.1377,49.1356],[5.1379,49.133],[5.1336,49.1306],[5.1267,49.1278],[5.1264,49.1257],[5.1162,49.1224],[5.1226,49.1182],[5.1226,49.1158],[5.1192,49.1141],[5.1229,49.1112],[5.1289,49.1098],[5.1307,49.1082],[5.1354,49.1083],[5.1384,49.1019],[5.1414,49.1017],[5.1409,49.0977],[5.1465,49.0978],[5.1503,49.0991],[5.153,49.0987],[5.1574,49.1028],[5.16,49.1041],[5.1683,49.1054],[5.1684,49.1045],[5.1787,49.108],[5.1799,49.1074],[5.1848,49.1099],[5.1939,49.1116],[5.1953,49.1096],[5.1962,49.1067],[5.1948,49.106],[5.1971,49.1002],[5.1948,49.0995],[5.1951,49.0951],[5.1973,49.093],[5.1885,49.0901],[5.1864,49.0931],[5.1753,49.0898],[5.1677,49.0871],[5.1647,49.0869],[5.1588,49.0837],[5.1465,49.0817],[5.1448,49.0809],[5.1426,49.0851],[5.1395,49.0939],[5.1288,49.0933],[5.1269,49.0935],[5.1167,49.091],[5.1113,49.0909],[5.1059,49.0864],[5.1031,49.0858],[5.0966,49.0867],[5.0905,49.0844],[5.0862,49.0802],[5.0809,49.079],[5.0709,49.0774],[5.0712,49.0803],[5.0673,49.0788],[5.0631,49.076],[5.0597,49.075],[5.0555,49.0704],[5.0478,49.0708],[5.0433,49.0703],[5.032,49.0656],[5.0311,49.0677],[5.0232,49.0721],[5.0228,49.0756],[5.0201,49.0765],[5.0169,49.0754],[5.0063,49.0743],[5.007,49.0765],[5.0111,49.0763],[5.0152,49.0778],[5.0147,49.0791],[5.0089,49.0776],[5.0035,49.078],[5.0045,49.0855],[5.0024,49.087],[5.0019,49.0902],[5.0045,49.0919],[5.0023,49.101],[5.0021,49.1043],[5.0054,49.1067],[5.0087,49.1067],[5.0165,49.1009],[5.019,49.0997],[5.0242,49.1042],[5.0283,49.1033],[5.033,49.1061],[5.0291,49.109],[5.0272,49.1123],[5.0211,49.1125],[5.0217,49.1142],[5.0193,49.1188],[5.0238,49.1198],[5.0234,49.1215],[5.0181,49.1208],[5.0153,49.122],[5.0122,49.1202],[5.0071,49.12],[5.0081,49.1226],[5.0038,49.1238],[5.0027,49.1253],[4.9957,49.1214],[4.9902,49.124],[4.9899,49.1253]]]}},{"type":"Feature","properties":{"code":"55118","nom":"Cléry-le-Grand","pop":88},"geometry":{"type":"Polygon","coordinates":[[[5.1178,49.3466],[5.117,49.3475],[5.1215,49.3482],[5.124,49.3506],[5.1231,49.3531],[5.1255,49.3569],[5.1321,49.3611],[5.1343,49.364],[5.1377,49.3662],[5.1386,49.3711],[5.1403,49.3725],[5.1398,49.3748],[5.1354,49.3779],[5.1327,49.3814],[5.1368,49.3787],[5.1386,49.3788],[5.1499,49.373],[5.1513,49.3712],[5.1555,49.3721],[5.1663,49.372],[5.167,49.3641],[5.1645,49.3591],[5.1668,49.3557],[5.1634,49.3545],[5.1592,49.3546],[5.1505,49.352],[5.1512,49.3506],[5.1471,49.348],[5.1412,49.3462],[5.1422,49.3453],[5.133,49.3426],[5.1325,49.3444],[5.1294,49.3472],[5.1251,49.3442],[5.1198,49.3468],[5.1178,49.3466]]]}},{"type":"Feature","properties":{"code":"55119","nom":"Cléry-le-Petit","pop":183},"geometry":{"type":"Polygon","coordinates":[[[5.1902,49.3724],[5.1876,49.3696],[5.1874,49.3676],[5.1851,49.365],[5.1874,49.3616],[5.1866,49.3602],[5.1809,49.357],[5.1783,49.3575],[5.1731,49.3539],[5.1586,49.3498],[5.1536,49.3493],[5.1491,49.3472],[5.1422,49.3453],[5.1412,49.3462],[5.1471,49.348],[5.1512,49.3506],[5.1505,49.352],[5.1592,49.3546],[5.1634,49.3545],[5.1668,49.3557],[5.1645,49.3591],[5.167,49.3641],[5.1663,49.372],[5.1712,49.3741],[5.169,49.3759],[5.1792,49.3816],[5.1826,49.384],[5.1895,49.3746],[5.1902,49.3724]]]}},{"type":"Feature","properties":{"code":"55120","nom":"Combles-en-Barrois","pop":770},"geometry":{"type":"Polygon","coordinates":[[[5.1344,48.7271],[5.1326,48.7241],[5.1308,48.7236],[5.1316,48.7271],[5.1276,48.7278],[5.1199,48.7303],[5.1044,48.7281],[5.0925,48.7344],[5.0907,48.738],[5.0927,48.7396],[5.0908,48.7421],[5.0931,48.7439],[5.0907,48.7466],[5.0945,48.7482],[5.0953,48.7513],[5.0947,48.7545],[5.0916,48.7559],[5.0893,48.7594],[5.0874,48.7601],[5.0924,48.7601],[5.1018,48.761],[5.1052,48.7586],[5.1119,48.7591],[5.1143,48.7604],[5.121,48.7595],[5.1225,48.7607],[5.1267,48.7597],[5.1277,48.7569],[5.1308,48.755],[5.1299,48.7537],[5.1319,48.7505],[5.1351,48.75],[5.1348,48.7454],[5.1374,48.744],[5.1361,48.7405],[5.1344,48.7399],[5.1367,48.7353],[5.1356,48.732],[5.133,48.7278],[5.1344,48.7271]]]}},{"type":"Feature","properties":{"code":"55121","nom":"Combres-sous-les-Côtes","pop":108},"geometry":{"type":"Polygon","coordinates":[[[5.6416,49.0598],[5.6423,49.0582],[5.6356,49.0536],[5.6316,49.052],[5.6237,49.0502],[5.6181,49.0496],[5.6099,49.049],[5.6086,49.0499],[5.6038,49.0492],[5.5999,49.0521],[5.5987,49.054],[5.6025,49.0551],[5.6051,49.057],[5.612,49.0594],[5.6126,49.0609],[5.6111,49.0635],[5.615,49.0674],[5.6152,49.0699],[5.6211,49.0721],[5.6255,49.076],[5.6278,49.0772],[5.6249,49.0743],[5.6267,49.0697],[5.6314,49.0698],[5.6365,49.0711],[5.6391,49.0671],[5.6386,49.0634],[5.6416,49.0598]]]}},{"type":"Feature","properties":{"code":"55122","nom":"Commercy","pop":5350},"geometry":{"type":"Polygon","coordinates":[[[5.5884,48.7246],[5.5771,48.7274],[5.5645,48.7259],[5.5571,48.7224],[5.553,48.7184],[5.5456,48.7155],[5.5415,48.7151],[5.5419,48.7202],[5.5444,48.7276],[5.5166,48.7273],[5.5218,48.7182],[5.5146,48.7163],[5.5053,48.7151],[5.5051,48.7137],[5.4969,48.7148],[5.4942,48.7182],[5.4953,48.7224],[5.4932,48.7273],[5.4937,48.73],[5.4915,48.7354],[5.4934,48.7404],[5.4986,48.7426],[5.5058,48.7421],[5.508,48.7399],[5.5103,48.7411],[5.5109,48.7437],[5.5132,48.7458],[5.5169,48.7467],[5.5211,48.7491],[5.5266,48.7498],[5.5287,48.7514],[5.528,48.7532],[5.5431,48.7585],[5.5482,48.7666],[5.5442,48.7727],[5.5441,48.7745],[5.5494,48.7748],[5.5551,48.7761],[5.5575,48.7755],[5.5604,48.7731],[5.5627,48.7775],[5.5624,48.7792],[5.5674,48.7803],[5.567,48.7843],[5.573,48.7826],[5.5766,48.7824],[5.5794,48.779],[5.5812,48.7752],[5.5833,48.7745],[5.5899,48.7747],[5.5907,48.7726],[5.6005,48.7663],[5.6029,48.7684],[5.6087,48.7684],[5.6126,48.7656],[5.6128,48.7637],[5.6164,48.7596],[5.6142,48.7589],[5.6113,48.7553],[5.6128,48.7525],[5.6157,48.7502],[5.6178,48.7467],[5.621,48.7461],[5.6233,48.7479],[5.6292,48.7456],[5.6311,48.7428],[5.6254,48.7425],[5.6243,48.7413],[5.6195,48.7424],[5.615,48.7465],[5.6108,48.7519],[5.6085,48.7498],[5.601,48.7467],[5.5926,48.7464],[5.5866,48.7454],[5.5869,48.7426],[5.5858,48.741],[5.5865,48.7351],[5.5907,48.7276],[5.5884,48.7246]]]}},{"type":"Feature","properties":{"code":"55123","nom":"Les Hauts-de-Chée","pop":693},"geometry":{"type":"Polygon","coordinates":[[[5.2059,48.841],[5.1973,48.8399],[5.1963,48.8387],[5.1855,48.8367],[5.1783,48.8326],[5.1739,48.8313],[5.1681,48.8318],[5.1668,48.8337],[5.164,48.834],[5.1629,48.8361],[5.16,48.8379],[5.1523,48.8384],[5.1456,48.8374],[5.1421,48.8427],[5.14,48.8437],[5.1298,48.8423],[5.1275,48.8414],[5.1205,48.8402],[5.1189,48.8439],[5.111,48.8479],[5.1061,48.8517],[5.1053,48.8575],[5.107,48.8594],[5.1047,48.8661],[5.1021,48.8674],[5.1059,48.8691],[5.1101,48.8764],[5.1108,48.8791],[5.1143,48.8804],[5.114,48.8846],[5.1158,48.8847],[5.1167,48.8888],[5.1186,48.8899],[5.1224,48.8895],[5.1239,48.8914],[5.1252,48.8926],[5.1292,48.8927],[5.1384,48.8918],[5.1401,48.8926],[5.1383,48.8974],[5.1404,48.8976],[5.1383,48.9064],[5.1509,48.9061],[5.152,48.9037],[5.1547,48.9021],[5.1619,48.9012],[5.1625,48.8979],[5.1649,48.8947],[5.1684,48.8922],[5.1723,48.8939],[5.1742,48.8893],[5.1775,48.8897],[5.179,48.8854],[5.1805,48.8853],[5.188,48.8886],[5.1913,48.8886],[5.196,48.8903],[5.196,48.8933],[5.1974,48.895],[5.2006,48.9022],[5.2057,48.9046],[5.2048,48.9097],[5.2059,48.9112],[5.2051,48.9137],[5.2068,48.9115],[5.2056,48.9096],[5.2063,48.9075],[5.2103,48.9034],[5.2101,48.9009],[5.2128,48.8976],[5.2164,48.8956],[5.2214,48.8956],[5.2191,48.8922],[5.2225,48.8918],[5.2277,48.8889],[5.2341,48.8839],[5.2362,48.8802],[5.2395,48.8804],[5.2403,48.8777],[5.2372,48.8777],[5.2282,48.8754],[5.2286,48.8747],[5.2197,48.8721],[5.2234,48.8678],[5.2209,48.8673],[5.2159,48.8678],[5.214,48.8661],[5.2113,48.8658],[5.2074,48.8626],[5.2059,48.841]]]}},{"type":"Feature","properties":{"code":"55124","nom":"Consenvoye","pop":281},"geometry":{"type":"Polygon","coordinates":[[[5.2732,49.2925],[5.2739,49.2966],[5.2727,49.2974],[5.289,49.3043],[5.2984,49.3051],[5.3024,49.306],[5.3127,49.3097],[5.3146,49.3111],[5.3201,49.3129],[5.3252,49.3135],[5.3264,49.3195],[5.3275,49.3194],[5.333,49.3187],[5.3356,49.3166],[5.3328,49.3158],[5.3339,49.3139],[5.3385,49.3128],[5.3473,49.3124],[5.3475,49.3104],[5.3459,49.3082],[5.353,49.3051],[5.3548,49.3022],[5.3495,49.2982],[5.3498,49.2962],[5.3496,49.2963],[5.3464,49.2973],[5.3418,49.2963],[5.3366,49.293],[5.3333,49.29],[5.3239,49.2829],[5.3166,49.2802],[5.316,49.2809],[5.3014,49.2757],[5.3011,49.2726],[5.2954,49.2773],[5.292,49.2785],[5.2879,49.2759],[5.2869,49.2775],[5.2804,49.2751],[5.2755,49.2813],[5.2739,49.2841],[5.2748,49.2891],[5.2732,49.2925]]]}},{"type":"Feature","properties":{"code":"55125","nom":"Contrisson","pop":764},"geometry":{"type":"Polygon","coordinates":[[[4.9977,48.8089],[5.0004,48.8037],[5.0002,48.8014],[4.9979,48.7989],[4.9861,48.7976],[4.9827,48.7978],[4.979,48.797],[4.9809,48.7943],[4.9842,48.7919],[4.9844,48.7898],[4.9786,48.7869],[4.9723,48.7876],[4.9703,48.7905],[4.9668,48.7902],[4.9659,48.7927],[4.962,48.7936],[4.9609,48.7949],[4.9514,48.7931],[4.9426,48.7908],[4.9397,48.7913],[4.9344,48.7904],[4.9309,48.7914],[4.9271,48.7906],[4.925,48.7923],[4.9246,48.7938],[4.9293,48.7959],[4.9278,48.7972],[4.9352,48.8008],[4.9321,48.8079],[4.9288,48.8087],[4.9188,48.805],[4.914,48.8109],[4.9146,48.8125],[4.9189,48.8141],[4.9201,48.8131],[4.9242,48.8142],[4.9267,48.8157],[4.9329,48.817],[4.9408,48.8176],[4.9429,48.8135],[4.9462,48.8152],[4.9611,48.8181],[4.9643,48.8161],[4.9711,48.8163],[4.9691,48.8146],[4.9699,48.8112],[4.9747,48.8076],[4.9728,48.8054],[4.9802,48.8025],[4.9902,48.8073],[4.9923,48.8106],[4.9964,48.8101],[4.9977,48.8089]]]}},{"type":"Feature","properties":{"code":"55127","nom":"Courcelles-en-Barrois","pop":49},"geometry":{"type":"Polygon","coordinates":[[[5.4133,48.8386],[5.4138,48.8316],[5.4289,48.8313],[5.4299,48.8327],[5.4255,48.8342],[5.4321,48.8368],[5.4373,48.836],[5.4442,48.8342],[5.4577,48.8352],[5.4595,48.8322],[5.454,48.8315],[5.4534,48.8298],[5.4497,48.8283],[5.449,48.8257],[5.4542,48.8233],[5.4526,48.821],[5.4451,48.8188],[5.4361,48.8162],[5.4298,48.8138],[5.4261,48.8118],[5.4215,48.8136],[5.4223,48.8148],[5.417,48.823],[5.4125,48.8218],[5.4048,48.8212],[5.3977,48.8245],[5.3978,48.8263],[5.399,48.8287],[5.398,48.8308],[5.3996,48.8328],[5.4039,48.8356],[5.4133,48.8386]]]}},{"type":"Feature","properties":{"code":"55128","nom":"Courcelles-sur-Aire","pop":43},"geometry":{"type":"Polygon","coordinates":[[[5.2752,48.9443],[5.2697,48.9412],[5.2618,48.938],[5.2571,48.9371],[5.2506,48.9338],[5.2465,48.9322],[5.2418,48.9289],[5.2401,48.93],[5.2337,48.9279],[5.2355,48.9244],[5.2311,48.9254],[5.2258,48.9241],[5.2172,48.9237],[5.2135,48.924],[5.2085,48.9271],[5.2047,48.9302],[5.2012,48.9346],[5.1988,48.933],[5.1952,48.9348],[5.1931,48.9345],[5.1917,48.9371],[5.1948,48.9358],[5.1982,48.9363],[5.207,48.9398],[5.2116,48.9465],[5.2207,48.9538],[5.2255,48.9557],[5.2279,48.9544],[5.2376,48.955],[5.2445,48.9546],[5.2475,48.9549],[5.2538,48.9527],[5.2572,48.9501],[5.2646,48.9516],[5.2717,48.9474],[5.2752,48.9443]]]}},{"type":"Feature","properties":{"code":"55129","nom":"Courouvre","pop":44},"geometry":{"type":"Polygon","coordinates":[[[5.3413,48.9602],[5.3463,48.9619],[5.353,48.9664],[5.3585,48.9674],[5.3603,48.9635],[5.3587,48.9618],[5.3501,48.9599],[5.3565,48.9541],[5.3593,48.954],[5.3614,48.9501],[5.3611,48.9476],[5.3641,48.9477],[5.3643,48.9441],[5.3701,48.9423],[5.3719,48.9411],[5.3684,48.9386],[5.3687,48.9373],[5.3758,48.935],[5.3822,48.9346],[5.3835,48.9336],[5.3798,48.9305],[5.3752,48.9305],[5.3756,48.9277],[5.3729,48.9274],[5.3722,48.9296],[5.3678,48.929],[5.3594,48.9254],[5.3569,48.9234],[5.3517,48.9249],[5.3488,48.9274],[5.3458,48.9263],[5.3389,48.926],[5.3369,48.9276],[5.3339,48.9278],[5.3316,48.9316],[5.3321,48.9338],[5.3304,48.9355],[5.3327,48.9369],[5.3375,48.9398],[5.3378,48.9458],[5.3417,48.9511],[5.3413,48.9602]]]}},{"type":"Feature","properties":{"code":"55132","nom":"Cousances-les-Forges","pop":1621},"geometry":{"type":"Polygon","coordinates":[[[5.1194,48.5957],[5.112,48.5941],[5.1045,48.5941],[5.0977,48.5931],[5.0899,48.5929],[5.0799,48.5963],[5.0738,48.5955],[5.0705,48.5959],[5.0668,48.6018],[5.0638,48.6108],[5.0596,48.6125],[5.0595,48.6205],[5.0586,48.623],[5.0582,48.6293],[5.057,48.6325],[5.0582,48.6358],[5.0601,48.6369],[5.0603,48.6406],[5.0692,48.6432],[5.073,48.6437],[5.0817,48.6433],[5.088,48.6409],[5.0955,48.6403],[5.0949,48.6363],[5.0986,48.6317],[5.1007,48.6319],[5.1026,48.6266],[5.1059,48.6251],[5.108,48.6255],[5.1094,48.6226],[5.1113,48.6226],[5.114,48.6153],[5.113,48.6123],[5.1144,48.6098],[5.1111,48.6072],[5.1132,48.603],[5.1172,48.5972],[5.1194,48.5957]]]}},{"type":"Feature","properties":{"code":"55133","nom":"Couvertpuis","pop":79},"geometry":{"type":"Polygon","coordinates":[[[5.2765,48.5742],[5.2778,48.5776],[5.2823,48.5776],[5.2865,48.5803],[5.2801,48.5837],[5.2812,48.5868],[5.2873,48.5908],[5.2966,48.5917],[5.297,48.5944],[5.3013,48.5946],[5.307,48.5969],[5.3127,48.5934],[5.3208,48.5908],[5.3234,48.5923],[5.3273,48.5915],[5.3309,48.5888],[5.3354,48.5867],[5.3324,48.5843],[5.3306,48.5806],[5.3316,48.5788],[5.3293,48.5771],[5.3253,48.5765],[5.3237,48.575],[5.3271,48.5727],[5.3238,48.5698],[5.3211,48.5697],[5.3177,48.5715],[5.3126,48.5696],[5.314,48.5642],[5.3121,48.5634],[5.3076,48.5685],[5.3009,48.5688],[5.2966,48.5712],[5.2899,48.574],[5.2851,48.5738],[5.278,48.572],[5.2765,48.5742]]]}},{"type":"Feature","properties":{"code":"55134","nom":"Couvonges","pop":156},"geometry":{"type":"Polygon","coordinates":[[[5.0576,48.7772],[5.0574,48.7757],[5.0496,48.7721],[5.048,48.7705],[5.0444,48.7695],[5.0431,48.7678],[5.037,48.7661],[5.0308,48.7662],[5.0251,48.7656],[5.025,48.7675],[5.022,48.7687],[5.0206,48.7724],[5.0181,48.7739],[5.0179,48.7766],[5.0212,48.7787],[5.0213,48.78],[5.0268,48.7837],[5.0275,48.7877],[5.0259,48.789],[5.039,48.7869],[5.0398,48.7862],[5.0467,48.7836],[5.0498,48.7817],[5.0558,48.7794],[5.0576,48.7772]]]}},{"type":"Feature","properties":{"code":"55137","nom":"Cuisy","pop":48},"geometry":{"type":"Polygon","coordinates":[[[5.2007,49.2807],[5.2047,49.2765],[5.2035,49.276],[5.2072,49.271],[5.2067,49.2701],[5.2138,49.2678],[5.209,49.2651],[5.2062,49.2625],[5.1952,49.2606],[5.1972,49.2588],[5.1889,49.2568],[5.1847,49.256],[5.1804,49.2564],[5.1747,49.2578],[5.1716,49.2602],[5.1668,49.2583],[5.1632,49.2594],[5.1704,49.2624],[5.1682,49.2664],[5.1702,49.2698],[5.168,49.2703],[5.1747,49.2741],[5.1775,49.2746],[5.1823,49.2741],[5.1876,49.2752],[5.194,49.2783],[5.1953,49.28],[5.2007,49.2807]]]}},{"type":"Feature","properties":{"code":"55138","nom":"Culey","pop":122},"geometry":{"type":"Polygon","coordinates":[[[5.2734,48.7407],[5.2682,48.7396],[5.2589,48.7417],[5.2595,48.7436],[5.2554,48.7443],[5.2522,48.7479],[5.2504,48.7486],[5.2512,48.7519],[5.2469,48.7523],[5.2423,48.7556],[5.2437,48.7579],[5.2429,48.7599],[5.246,48.7642],[5.2461,48.7661],[5.2502,48.7707],[5.2527,48.7758],[5.2509,48.7766],[5.2509,48.7845],[5.2469,48.7852],[5.2546,48.7885],[5.2591,48.7912],[5.2688,48.7946],[5.2725,48.7914],[5.2754,48.792],[5.2704,48.7883],[5.2729,48.7872],[5.2733,48.7848],[5.2716,48.7814],[5.2653,48.7814],[5.2712,48.7784],[5.2731,48.7768],[5.273,48.7726],[5.2709,48.7714],[5.2707,48.7682],[5.2688,48.7634],[5.2696,48.7622],[5.2757,48.7596],[5.2834,48.7548],[5.2868,48.7522],[5.2874,48.7488],[5.2968,48.7478],[5.3014,48.7481],[5.3011,48.7475],[5.2954,48.7473],[5.2876,48.7456],[5.2814,48.7456],[5.2802,48.7425],[5.2748,48.7421],[5.2734,48.7407]]]}},{"type":"Feature","properties":{"code":"55139","nom":"Cumières-le-Mort-Homme","pop":0},"geometry":{"type":"Polygon","coordinates":[[[5.2262,49.2332],[5.2283,49.2336],[5.2416,49.2338],[5.2457,49.2341],[5.2498,49.2363],[5.2575,49.2377],[5.2631,49.2373],[5.2684,49.2394],[5.2755,49.2433],[5.2821,49.2442],[5.2853,49.2439],[5.3002,49.2477],[5.3015,49.2469],[5.3033,49.2429],[5.3027,49.2419],[5.2934,49.2369],[5.289,49.2374],[5.288,49.2326],[5.2894,49.2316],[5.2864,49.231],[5.2866,49.2292],[5.2827,49.2278],[5.2816,49.2263],[5.2839,49.2222],[5.2778,49.2204],[5.2782,49.2261],[5.2767,49.2277],[5.2706,49.2276],[5.2696,49.2287],[5.2616,49.229],[5.2616,49.2309],[5.2558,49.2305],[5.2519,49.2296],[5.2464,49.2274],[5.233,49.2236],[5.2323,49.2256],[5.2279,49.2297],[5.2262,49.2332]]]}},{"type":"Feature","properties":{"code":"55140","nom":"Cunel","pop":23},"geometry":{"type":"Polygon","coordinates":[[[5.126,49.3191],[5.121,49.3189],[5.1205,49.3173],[5.117,49.3154],[5.1091,49.3173],[5.1037,49.3201],[5.1065,49.3209],[5.1078,49.3271],[5.1069,49.3352],[5.1056,49.3358],[5.1087,49.342],[5.1074,49.3439],[5.1137,49.3451],[5.1178,49.3466],[5.1198,49.3468],[5.1251,49.3442],[5.1294,49.3472],[5.1325,49.3444],[5.133,49.3426],[5.1318,49.3406],[5.1284,49.339],[5.1302,49.3332],[5.1261,49.3319],[5.123,49.327],[5.1267,49.3199],[5.126,49.3191]]]}},{"type":"Feature","properties":{"code":"55141","nom":"Dagonville","pop":88},"geometry":{"type":"Polygon","coordinates":[[[5.3382,48.7866],[5.3374,48.7894],[5.3401,48.7926],[5.3429,48.7944],[5.3544,48.799],[5.3599,48.7988],[5.3644,48.7995],[5.3734,48.7994],[5.3816,48.7987],[5.3853,48.8001],[5.3915,48.8008],[5.4011,48.8034],[5.4105,48.8016],[5.4145,48.7999],[5.4165,48.7995],[5.4198,48.7941],[5.4223,48.7919],[5.4273,48.7924],[5.4291,48.7885],[5.4249,48.7881],[5.4223,48.7818],[5.4164,48.7805],[5.4072,48.78],[5.4031,48.7792],[5.3885,48.7795],[5.3806,48.7802],[5.3741,48.7793],[5.362,48.7796],[5.3584,48.7773],[5.3532,48.7797],[5.3495,48.7828],[5.3459,48.7844],[5.3442,48.7867],[5.3382,48.7866]]]}},{"type":"Feature","properties":{"code":"55142","nom":"Dainville-Bertheléville","pop":120},"geometry":{"type":"Polygon","coordinates":[[[5.4906,48.4903],[5.4942,48.4926],[5.4997,48.4903],[5.4996,48.4842],[5.4966,48.4799],[5.5019,48.4778],[5.5072,48.4783],[5.5097,48.4795],[5.5267,48.4823],[5.5302,48.4808],[5.5353,48.4798],[5.5381,48.4802],[5.5437,48.4773],[5.5475,48.4741],[5.549,48.4694],[5.5554,48.4647],[5.5617,48.462],[5.566,48.4607],[5.5616,48.4568],[5.5608,48.4554],[5.5601,48.4469],[5.5608,48.4415],[5.561,48.44],[5.5505,48.4398],[5.5469,48.4377],[5.5449,48.4347],[5.5392,48.4342],[5.5303,48.4314],[5.5273,48.4329],[5.5203,48.4324],[5.5158,48.4311],[5.5115,48.4229],[5.512,48.4196],[5.5093,48.4158],[5.5137,48.4122],[5.5139,48.4108],[5.5053,48.409],[5.5019,48.4095],[5.5,48.4132],[5.4962,48.4156],[5.4917,48.4168],[5.4887,48.4147],[5.4824,48.4158],[5.4701,48.4209],[5.4683,48.4238],[5.4647,48.4254],[5.4619,48.4286],[5.4611,48.4346],[5.4652,48.4366],[5.4676,48.4389],[5.4695,48.4422],[5.4702,48.4463],[5.4716,48.4495],[5.4659,48.4526],[5.4732,48.4555],[5.4735,48.4584],[5.4724,48.4618],[5.473,48.4639],[5.4693,48.466],[5.4731,48.4685],[5.4729,48.471],[5.4778,48.4739],[5.4781,48.4771],[5.4822,48.4796],[5.4834,48.4828],[5.4891,48.4849],[5.4895,48.4891],[5.4906,48.4903]]]}},{"type":"Feature","properties":{"code":"55143","nom":"Damloup","pop":129},"geometry":{"type":"Polygon","coordinates":[[[5.4829,49.1881],[5.471,49.1894],[5.4646,49.1899],[5.4629,49.1925],[5.4635,49.1983],[5.4662,49.1982],[5.4688,49.2002],[5.4809,49.2025],[5.4844,49.204],[5.4897,49.2079],[5.4913,49.2065],[5.5076,49.2079],[5.512,49.2077],[5.515,49.209],[5.5237,49.2086],[5.5274,49.2066],[5.5249,49.2055],[5.5254,49.2035],[5.5287,49.2042],[5.5299,49.2018],[5.5274,49.1996],[5.5253,49.2002],[5.5236,49.2026],[5.5197,49.2016],[5.5102,49.2007],[5.5075,49.1985],[5.5083,49.1973],[5.5015,49.1954],[5.5,49.1971],[5.4817,49.1922],[5.4829,49.1881]]]}},{"type":"Feature","properties":{"code":"55144","nom":"Dammarie-sur-Saulx","pop":384},"geometry":{"type":"Polygon","coordinates":[[[5.1869,48.5941],[5.1902,48.5943],[5.1944,48.5972],[5.198,48.5972],[5.2006,48.597],[5.2039,48.5986],[5.2171,48.6008],[5.2198,48.6003],[5.2321,48.6028],[5.2355,48.6043],[5.2374,48.6019],[5.2416,48.6025],[5.2493,48.6021],[5.2498,48.6031],[5.2521,48.6031],[5.2545,48.6015],[5.2588,48.6044],[5.2619,48.6033],[5.265,48.6037],[5.2727,48.6077],[5.282,48.6118],[5.2847,48.6122],[5.2919,48.6147],[5.2961,48.6137],[5.2968,48.6113],[5.3014,48.612],[5.302,48.6106],[5.3023,48.6101],[5.2929,48.6031],[5.2915,48.6013],[5.2879,48.5991],[5.2881,48.596],[5.2794,48.5994],[5.2756,48.6019],[5.2726,48.6019],[5.2668,48.599],[5.2637,48.5989],[5.2584,48.5977],[5.2591,48.5953],[5.2566,48.593],[5.2475,48.5895],[5.2436,48.589],[5.2406,48.5897],[5.2191,48.5844],[5.2141,48.5843],[5.2049,48.583],[5.2005,48.5846],[5.1889,48.5864],[5.1839,48.5884],[5.1784,48.589],[5.1785,48.5908],[5.175,48.5931],[5.1786,48.5955],[5.1869,48.5941]]]}},{"type":"Feature","properties":{"code":"55145","nom":"Damvillers","pop":613},"geometry":{"type":"Polygon","coordinates":[[[5.4032,49.3282],[5.402,49.3328],[5.3929,49.332],[5.387,49.331],[5.3858,49.3357],[5.3829,49.339],[5.3797,49.3406],[5.3829,49.3442],[5.3825,49.3474],[5.3853,49.3495],[5.383,49.353],[5.3834,49.3552],[5.3934,49.3568],[5.3987,49.3588],[5.4014,49.3636],[5.4051,49.3627],[5.406,49.3593],[5.4095,49.3611],[5.4113,49.3633],[5.4129,49.3683],[5.4161,49.37],[5.4213,49.3703],[5.4255,49.3698],[5.4234,49.3657],[5.4258,49.3651],[5.4317,49.3681],[5.4355,49.3665],[5.4382,49.363],[5.4362,49.3613],[5.4399,49.36],[5.4432,49.3537],[5.4451,49.3513],[5.4499,49.3503],[5.442,49.346],[5.4424,49.3411],[5.441,49.3391],[5.4357,49.3363],[5.4352,49.3333],[5.4368,49.3286],[5.4359,49.3232],[5.4425,49.3233],[5.4432,49.3177],[5.4363,49.3177],[5.4343,49.3185],[5.4299,49.3176],[5.4282,49.3187],[5.4295,49.3233],[5.4265,49.3233],[5.425,49.3201],[5.4207,49.3194],[5.416,49.3161],[5.4069,49.3168],[5.4054,49.3207],[5.4051,49.325],[5.4032,49.3282]]]}},{"type":"Feature","properties":{"code":"55146","nom":"Dannevoux","pop":188},"geometry":{"type":"Polygon","coordinates":[[[5.2727,49.2974],[5.2739,49.2966],[5.2732,49.2925],[5.2704,49.2942],[5.2598,49.2912],[5.2544,49.2944],[5.2455,49.2971],[5.2437,49.2947],[5.2382,49.2972],[5.2337,49.2985],[5.2322,49.2973],[5.2205,49.2927],[5.2184,49.2945],[5.2136,49.2951],[5.2046,49.2931],[5.2012,49.2903],[5.1998,49.2919],[5.1942,49.2919],[5.1889,49.2907],[5.1871,49.2935],[5.1866,49.2996],[5.1819,49.3004],[5.177,49.3005],[5.1713,49.3015],[5.1708,49.305],[5.1756,49.3048],[5.1838,49.3068],[5.187,49.3082],[5.1862,49.31],[5.1917,49.3115],[5.1988,49.3112],[5.2145,49.3126],[5.2209,49.314],[5.2295,49.3175],[5.2426,49.3197],[5.2505,49.3217],[5.2553,49.325],[5.2569,49.3274],[5.2562,49.3211],[5.2549,49.3195],[5.2569,49.3171],[5.2549,49.3124],[5.2563,49.308],[5.2602,49.308],[5.2622,49.311],[5.2643,49.311],[5.2675,49.3069],[5.2652,49.3052],[5.2663,49.3033],[5.2702,49.3018],[5.2727,49.2974]]]}},{"type":"Feature","properties":{"code":"55148","nom":"Delouze-Rosières","pop":121},"geometry":{"type":"Polygon","coordinates":[[[5.5016,48.5679],[5.4986,48.5693],[5.4968,48.5743],[5.4975,48.5756],[5.5051,48.5752],[5.5079,48.5758],[5.5082,48.5782],[5.5046,48.5801],[5.5092,48.5856],[5.5117,48.5864],[5.5196,48.5896],[5.5261,48.5858],[5.5259,48.5791],[5.5282,48.5769],[5.535,48.5768],[5.5386,48.5757],[5.5431,48.5761],[5.546,48.5773],[5.5508,48.5761],[5.5551,48.5764],[5.5599,48.5751],[5.5674,48.5707],[5.5719,48.5671],[5.5738,48.5665],[5.5716,48.5623],[5.5684,48.5601],[5.5559,48.554],[5.5539,48.5534],[5.5498,48.5543],[5.5453,48.5525],[5.5418,48.5544],[5.5362,48.5497],[5.5313,48.5505],[5.5311,48.5465],[5.5233,48.5465],[5.5161,48.5476],[5.5042,48.5502],[5.507,48.556],[5.5074,48.5602],[5.5049,48.5645],[5.5016,48.5679]]]}},{"type":"Feature","properties":{"code":"55149","nom":"Delut","pop":133},"geometry":{"type":"Polygon","coordinates":[[[5.4523,49.4124],[5.4516,49.4117],[5.4516,49.4065],[5.4475,49.4042],[5.4468,49.404],[5.4425,49.403],[5.4441,49.4008],[5.4381,49.399],[5.4359,49.3945],[5.4321,49.3929],[5.4304,49.3957],[5.4253,49.3962],[5.4221,49.3958],[5.412,49.3964],[5.4159,49.4005],[5.4092,49.4082],[5.4055,49.4085],[5.3995,49.4052],[5.3939,49.4039],[5.3879,49.4041],[5.3945,49.4099],[5.4029,49.4144],[5.4078,49.4163],[5.4293,49.4281],[5.4339,49.4265],[5.4406,49.4239],[5.4491,49.4226],[5.4538,49.4226],[5.4503,49.4151],[5.4523,49.4124]]]}},{"type":"Feature","properties":{"code":"55150","nom":"Demange-Baudignécourt","pop":508},"geometry":{"type":"Polygon","coordinates":[[[5.4432,48.6117],[5.4543,48.6129],[5.4592,48.6146],[5.4625,48.6143],[5.4655,48.6157],[5.4761,48.6154],[5.4806,48.6147],[5.4811,48.6111],[5.4877,48.6113],[5.4903,48.6087],[5.4932,48.6101],[5.5001,48.6119],[5.5055,48.6156],[5.5085,48.6135],[5.5164,48.6095],[5.5088,48.6052],[5.5111,48.6025],[5.5111,48.5996],[5.5088,48.5959],[5.5124,48.5892],[5.5117,48.5864],[5.5092,48.5856],[5.5046,48.5801],[5.5082,48.5782],[5.5079,48.5758],[5.5051,48.5752],[5.4975,48.5756],[5.4968,48.5743],[5.4986,48.5693],[5.5016,48.5679],[5.4957,48.5633],[5.4925,48.5634],[5.4792,48.5608],[5.4747,48.5613],[5.4692,48.561],[5.466,48.5601],[5.4613,48.5608],[5.4539,48.5594],[5.4473,48.56],[5.4392,48.5588],[5.4341,48.5572],[5.4304,48.5589],[5.4214,48.5602],[5.4167,48.5619],[5.4176,48.5644],[5.4135,48.568],[5.4177,48.5666],[5.4171,48.5705],[5.4211,48.5715],[5.4236,48.567],[5.4278,48.5695],[5.4304,48.5741],[5.4299,48.5766],[5.4331,48.5802],[5.4399,48.5819],[5.4384,48.5828],[5.4396,48.5898],[5.4364,48.592],[5.4385,48.5932],[5.4362,48.5954],[5.44,48.5963],[5.4452,48.6005],[5.4434,48.6023],[5.4427,48.6074],[5.4432,48.6117]]]}},{"type":"Feature","properties":{"code":"55153","nom":"Dieppe-sous-Douaumont","pop":187},"geometry":{"type":"Polygon","coordinates":[[[5.4913,49.2065],[5.4881,49.211],[5.4788,49.2185],[5.4811,49.2234],[5.4879,49.2263],[5.4865,49.2284],[5.4886,49.2301],[5.4955,49.2319],[5.4976,49.2335],[5.4969,49.2352],[5.5043,49.2378],[5.5083,49.2378],[5.5128,49.2377],[5.5155,49.2404],[5.5211,49.2387],[5.5232,49.235],[5.5232,49.233],[5.5271,49.2326],[5.533,49.233],[5.5361,49.2306],[5.5433,49.2316],[5.5452,49.23],[5.5458,49.2287],[5.5429,49.2261],[5.5373,49.2239],[5.5418,49.2208],[5.5456,49.2225],[5.5501,49.2215],[5.553,49.2238],[5.5563,49.2225],[5.5587,49.2198],[5.5594,49.2147],[5.5616,49.2137],[5.555,49.2111],[5.5543,49.2083],[5.5502,49.2071],[5.547,49.2072],[5.5482,49.2027],[5.542,49.2028],[5.5404,49.2055],[5.5311,49.2041],[5.5287,49.2042],[5.5254,49.2035],[5.5249,49.2055],[5.5274,49.2066],[5.5237,49.2086],[5.515,49.209],[5.512,49.2077],[5.5076,49.2079],[5.4913,49.2065]]]}},{"type":"Feature","properties":{"code":"55154","nom":"Dieue-sur-Meuse","pop":1442},"geometry":{"type":"Polygon","coordinates":[[[5.4048,49.0941],[5.4029,49.0978],[5.4053,49.0999],[5.4049,49.103],[5.4024,49.1047],[5.4004,49.1076],[5.4013,49.1087],[5.4059,49.1073],[5.4076,49.1066],[5.4179,49.1059],[5.4302,49.104],[5.4356,49.1059],[5.4387,49.1058],[5.442,49.102],[5.4476,49.1007],[5.4444,49.0973],[5.4442,49.088],[5.4423,49.0849],[5.4432,49.082],[5.4485,49.0766],[5.4516,49.0773],[5.4565,49.0761],[5.4582,49.0744],[5.4521,49.0698],[5.457,49.0597],[5.4487,49.0566],[5.4445,49.056],[5.44,49.0541],[5.4347,49.0511],[5.4288,49.0508],[5.4264,49.0493],[5.4238,49.0493],[5.4214,49.0501],[5.4205,49.0538],[5.4224,49.0547],[5.4172,49.0595],[5.4152,49.0629],[5.413,49.0628],[5.414,49.0682],[5.4138,49.0712],[5.4148,49.0756],[5.4167,49.0768],[5.416,49.0821],[5.4132,49.0831],[5.4068,49.0868],[5.4079,49.0893],[5.4056,49.0916],[5.4048,49.0941]]]}},{"type":"Feature","properties":{"code":"55155","nom":"Dombasle-en-Argonne","pop":365},"geometry":{"type":"Polygon","coordinates":[[[5.2232,49.1555],[5.2238,49.153],[5.2182,49.1521],[5.2188,49.1484],[5.2208,49.1474],[5.2221,49.1444],[5.219,49.144],[5.2172,49.1416],[5.2111,49.1385],[5.2108,49.1364],[5.2123,49.1324],[5.2072,49.1313],[5.2061,49.1285],[5.1973,49.1257],[5.1855,49.1243],[5.1786,49.128],[5.1702,49.1297],[5.1741,49.1359],[5.1756,49.1368],[5.1763,49.1472],[5.1755,49.152],[5.1794,49.156],[5.1793,49.1585],[5.1806,49.1621],[5.1792,49.1662],[5.1833,49.1664],[5.1889,49.165],[5.1974,49.1614],[5.2011,49.1611],[5.2077,49.1619],[5.2127,49.1614],[5.2123,49.1595],[5.2158,49.1563],[5.2165,49.1546],[5.2232,49.1555]]]}},{"type":"Feature","properties":{"code":"55156","nom":"Dombras","pop":140},"geometry":{"type":"Polygon","coordinates":[[[5.4468,49.404],[5.4475,49.4024],[5.4516,49.4016],[5.4555,49.3991],[5.4598,49.3983],[5.4661,49.3953],[5.4759,49.3969],[5.4765,49.3937],[5.4739,49.3889],[5.4707,49.3878],[5.4643,49.3797],[5.4593,49.3807],[5.4589,49.3782],[5.4564,49.3761],[5.4551,49.3734],[5.4626,49.3665],[5.4636,49.3636],[5.4564,49.3603],[5.4554,49.3583],[5.4502,49.3554],[5.4432,49.3537],[5.4399,49.36],[5.4362,49.3613],[5.4448,49.3628],[5.4477,49.3643],[5.4459,49.3656],[5.4392,49.3653],[5.4372,49.366],[5.4328,49.3697],[5.4258,49.3711],[5.4306,49.374],[5.4248,49.3797],[5.4298,49.3836],[5.4283,49.3848],[5.428,49.3902],[5.4256,49.3931],[5.4253,49.3962],[5.4304,49.3957],[5.4321,49.3929],[5.4359,49.3945],[5.4381,49.399],[5.4441,49.4008],[5.4425,49.403],[5.4468,49.404]]]}},{"type":"Feature","properties":{"code":"55157","nom":"Dommartin-la-Montagne","pop":51},"geometry":{"type":"Polygon","coordinates":[[[5.5819,49.0234],[5.5893,49.0267],[5.5941,49.0302],[5.595,49.0322],[5.6015,49.0371],[5.6159,49.0403],[5.6172,49.0372],[5.6139,49.0352],[5.6146,49.0328],[5.6202,49.0315],[5.6256,49.0323],[5.6213,49.0307],[5.6246,49.027],[5.628,49.0249],[5.6221,49.0212],[5.6182,49.0176],[5.611,49.015],[5.6021,49.0123],[5.6014,49.0165],[5.5978,49.0157],[5.5918,49.0126],[5.5869,49.0112],[5.584,49.0138],[5.5762,49.0126],[5.5712,49.0142],[5.5754,49.018],[5.5758,49.0192],[5.5819,49.0234]]]}},{"type":"Feature","properties":{"code":"55158","nom":"Dommary-Baroncourt","pop":753},"geometry":{"type":"Polygon","coordinates":[[[5.732,49.311],[5.7338,49.3102],[5.7372,49.3119],[5.74,49.3094],[5.7438,49.3108],[5.7455,49.3093],[5.7496,49.3099],[5.7502,49.3088],[5.744,49.3066],[5.7425,49.3044],[5.7322,49.3017],[5.7305,49.2999],[5.7157,49.2911],[5.7159,49.2892],[5.72,49.2878],[5.7201,49.2852],[5.7239,49.2855],[5.7245,49.2831],[5.7277,49.2786],[5.73,49.2771],[5.7226,49.2747],[5.7238,49.2734],[5.7206,49.2721],[5.721,49.2706],[5.7251,49.2697],[5.7264,49.2674],[5.7228,49.2644],[5.7284,49.2608],[5.7271,49.2599],[5.7302,49.2571],[5.7238,49.2525],[5.721,49.2478],[5.7191,49.2488],[5.7131,49.2471],[5.7108,49.2503],[5.7092,49.2554],[5.7107,49.2601],[5.7121,49.2613],[5.7102,49.2648],[5.7048,49.2678],[5.7044,49.2699],[5.7008,49.2686],[5.6986,49.2692],[5.6974,49.273],[5.6913,49.276],[5.6899,49.2777],[5.6921,49.279],[5.6867,49.2826],[5.6903,49.2841],[5.6892,49.2868],[5.7034,49.2892],[5.7037,49.2927],[5.7064,49.2936],[5.7065,49.2958],[5.7025,49.3035],[5.6986,49.3042],[5.6961,49.3073],[5.6956,49.3078],[5.7038,49.311],[5.7047,49.3126],[5.7092,49.3135],[5.7156,49.3109],[5.718,49.3078],[5.7203,49.3071],[5.7292,49.3096],[5.732,49.311]]]}},{"type":"Feature","properties":{"code":"55159","nom":"Dompcevrin","pop":376},"geometry":{"type":"Polygon","coordinates":[[[5.5005,48.9224],[5.4928,48.9192],[5.4821,48.9175],[5.473,48.9173],[5.4556,48.9181],[5.4385,48.9151],[5.4319,48.9176],[5.4316,48.9177],[5.4297,48.9187],[5.4316,48.9274],[5.4378,48.9284],[5.4401,48.9316],[5.4432,48.9325],[5.4462,48.9349],[5.4504,48.9364],[5.453,48.9352],[5.4553,48.9375],[5.4621,48.9383],[5.4641,48.9366],[5.4692,48.9367],[5.4748,48.9381],[5.4741,48.9395],[5.4821,48.9439],[5.4882,48.946],[5.4899,48.945],[5.4983,48.9439],[5.4958,48.9406],[5.4958,48.9375],[5.4924,48.934],[5.4948,48.9331],[5.4956,48.9306],[5.4986,48.9302],[5.4998,48.9262],[5.5022,48.9246],[5.5005,48.9224]]]}},{"type":"Feature","properties":{"code":"55160","nom":"Dompierre-aux-Bois","pop":39},"geometry":{"type":"Polygon","coordinates":[[[5.5778,48.9818],[5.5695,48.9868],[5.5729,48.9889],[5.5716,48.9899],[5.5716,48.9961],[5.567,49.0022],[5.5683,49.0049],[5.5705,49.0065],[5.5756,49.0039],[5.5836,49.0083],[5.5783,49.0121],[5.5762,49.0126],[5.584,49.0138],[5.5869,49.0112],[5.5918,49.0126],[5.5978,49.0157],[5.6014,49.0165],[5.6021,49.0123],[5.6088,49.0092],[5.6103,49.0065],[5.6139,49.003],[5.619,49.0033],[5.6215,49.0011],[5.6245,48.9971],[5.6188,48.9966],[5.617,48.9953],[5.6056,48.9938],[5.6004,48.9957],[5.5943,48.9928],[5.5961,48.9878],[5.593,48.9876],[5.5874,48.9857],[5.5823,48.9832],[5.5778,48.9818]]]}},{"type":"Feature","properties":{"code":"55162","nom":"Domremy-la-Canne","pop":27},"geometry":{"type":"Polygon","coordinates":[[[5.6838,49.3072],[5.6894,49.3063],[5.6961,49.3073],[5.6986,49.3042],[5.7025,49.3035],[5.7065,49.2958],[5.7064,49.2936],[5.7037,49.2927],[5.7034,49.2892],[5.6892,49.2868],[5.6858,49.2885],[5.6829,49.2928],[5.6848,49.2951],[5.6795,49.2965],[5.6846,49.3008],[5.6831,49.3017],[5.6838,49.3072]]]}},{"type":"Feature","properties":{"code":"55163","nom":"Doncourt-aux-Templiers","pop":74},"geometry":{"type":"Polygon","coordinates":[[[5.7452,49.0633],[5.7451,49.0599],[5.7448,49.0588],[5.7399,49.0565],[5.7334,49.0554],[5.7266,49.0536],[5.7246,49.0516],[5.7165,49.049],[5.7129,49.0466],[5.708,49.0515],[5.7053,49.048],[5.7019,49.0462],[5.6954,49.0517],[5.7003,49.0534],[5.7014,49.055],[5.6992,49.0574],[5.703,49.0607],[5.7077,49.0651],[5.7124,49.067],[5.7187,49.0701],[5.7333,49.0706],[5.7374,49.0729],[5.7423,49.0739],[5.7453,49.0717],[5.7409,49.0702],[5.7436,49.0681],[5.7437,49.0655],[5.7452,49.0633]]]}},{"type":"Feature","properties":{"code":"55165","nom":"Doulcon","pop":421},"geometry":{"type":"Polygon","coordinates":[[[5.1293,49.3843],[5.131,49.3935],[5.1357,49.3986],[5.1422,49.4001],[5.1531,49.3985],[5.1574,49.398],[5.1663,49.398],[5.1694,49.3966],[5.1778,49.3995],[5.1798,49.3977],[5.1748,49.3949],[5.1717,49.3911],[5.1725,49.3897],[5.1778,49.3886],[5.1826,49.384],[5.1792,49.3816],[5.169,49.3759],[5.1712,49.3741],[5.1663,49.372],[5.1555,49.3721],[5.1513,49.3712],[5.1499,49.373],[5.1386,49.3788],[5.1368,49.3787],[5.1327,49.3814],[5.1293,49.3843]]]}},{"type":"Feature","properties":{"code":"55166","nom":"Dugny-sur-Meuse","pop":1240},"geometry":{"type":"Polygon","coordinates":[[[5.319,49.064],[5.3205,49.0668],[5.3247,49.0704],[5.3248,49.0733],[5.3264,49.077],[5.3355,49.0813],[5.3365,49.0824],[5.3458,49.0848],[5.3432,49.0859],[5.3457,49.0924],[5.3447,49.0933],[5.3503,49.0974],[5.353,49.0985],[5.355,49.1007],[5.3545,49.1029],[5.357,49.1068],[5.3568,49.1144],[5.3592,49.1161],[5.364,49.1162],[5.3699,49.1196],[5.3713,49.1215],[5.3685,49.1247],[5.37,49.1264],[5.3678,49.1276],[5.3638,49.1246],[5.3604,49.1235],[5.3544,49.1232],[5.3586,49.1252],[5.3588,49.1269],[5.3671,49.1305],[5.37,49.13],[5.3735,49.1331],[5.3817,49.128],[5.3899,49.1253],[5.3913,49.1241],[5.3945,49.1261],[5.3997,49.1265],[5.4097,49.1234],[5.4062,49.1199],[5.4092,49.1176],[5.4129,49.1161],[5.4072,49.1149],[5.4097,49.1117],[5.4075,49.1101],[5.4059,49.1073],[5.4013,49.1087],[5.4004,49.1076],[5.4024,49.1047],[5.4049,49.103],[5.4053,49.0999],[5.4029,49.0978],[5.4048,49.0941],[5.4036,49.0923],[5.3991,49.0905],[5.3995,49.0884],[5.3927,49.0849],[5.3897,49.0873],[5.3853,49.0852],[5.3827,49.0851],[5.3721,49.0833],[5.3677,49.0814],[5.3665,49.0826],[5.3604,49.0807],[5.3518,49.0832],[5.3505,49.0819],[5.3454,49.0798],[5.3421,49.0802],[5.3371,49.0791],[5.3386,49.0735],[5.3368,49.0707],[5.3295,49.0676],[5.3243,49.0669],[5.3227,49.0644],[5.319,49.064]]]}},{"type":"Feature","properties":{"code":"55167","nom":"Dun-sur-Meuse","pop":585},"geometry":{"type":"Polygon","coordinates":[[[5.2164,49.3695],[5.2093,49.3658],[5.2054,49.3654],[5.2001,49.3696],[5.2003,49.372],[5.1916,49.3712],[5.1902,49.3724],[5.1895,49.3746],[5.1826,49.384],[5.1778,49.3886],[5.1725,49.3897],[5.1717,49.3911],[5.1748,49.3949],[5.1798,49.3977],[5.1821,49.3994],[5.1889,49.4024],[5.1981,49.3935],[5.205,49.3858],[5.2042,49.3844],[5.2067,49.3823],[5.2109,49.3843],[5.2211,49.3745],[5.2164,49.3695]]]}},{"type":"Feature","properties":{"code":"55168","nom":"Duzey","pop":46},"geometry":{"type":"Polygon","coordinates":[[[5.6241,49.3691],[5.6272,49.3692],[5.6284,49.3677],[5.6378,49.3706],[5.6417,49.3712],[5.6435,49.3687],[5.6418,49.3679],[5.6446,49.3648],[5.6419,49.3635],[5.6363,49.3622],[5.6385,49.3579],[5.6364,49.3538],[5.6339,49.3536],[5.6281,49.3522],[5.6287,49.3509],[5.6216,49.3494],[5.6213,49.351],[5.616,49.349],[5.6108,49.3504],[5.6051,49.3487],[5.5914,49.3478],[5.5902,49.3478],[5.5907,49.3535],[5.5924,49.3627],[5.6052,49.3612],[5.6112,49.3638],[5.6126,49.3625],[5.6223,49.3655],[5.6247,49.367],[5.6241,49.3691]]]}},{"type":"Feature","properties":{"code":"55169","nom":"Écouviez","pop":543},"geometry":{"type":"Polygon","coordinates":[[[5.4429,49.5185],[5.4462,49.523],[5.4443,49.5233],[5.4451,49.5339],[5.442,49.5383],[5.4399,49.5434],[5.4396,49.5458],[5.4428,49.5503],[5.4491,49.5482],[5.4591,49.5416],[5.4653,49.5389],[5.4662,49.5363],[5.4653,49.5324],[5.467,49.5259],[5.4616,49.5257],[5.4553,49.5204],[5.4513,49.5186],[5.4475,49.5179],[5.4429,49.5185]]]}},{"type":"Feature","properties":{"code":"55170","nom":"Écurey-en-Verdunois","pop":115},"geometry":{"type":"Polygon","coordinates":[[[5.3089,49.3537],[5.3126,49.3551],[5.3153,49.3609],[5.3236,49.3645],[5.3252,49.3663],[5.3279,49.3639],[5.3313,49.3625],[5.3358,49.3623],[5.3425,49.363],[5.3477,49.3644],[5.3496,49.3659],[5.354,49.367],[5.36,49.3667],[5.3729,49.3639],[5.3755,49.3651],[5.3743,49.3633],[5.3771,49.3617],[5.3779,49.3547],[5.3628,49.3555],[5.3591,49.3563],[5.3506,49.3554],[5.3408,49.3529],[5.3385,49.3518],[5.3312,49.3447],[5.3236,49.3437],[5.319,49.344],[5.3137,49.3462],[5.3103,49.3468],[5.311,49.348],[5.3089,49.3537]]]}},{"type":"Feature","properties":{"code":"55171","nom":"Eix","pop":270},"geometry":{"type":"Polygon","coordinates":[[[5.4284,49.1653],[5.4324,49.1694],[5.4374,49.1718],[5.4403,49.1744],[5.4522,49.1784],[5.4585,49.1846],[5.4636,49.1871],[5.4708,49.1874],[5.4781,49.1867],[5.4829,49.1881],[5.4817,49.1922],[5.5,49.1971],[5.5015,49.1954],[5.5083,49.1973],[5.5138,49.1918],[5.5108,49.1908],[5.512,49.1885],[5.5167,49.1882],[5.5198,49.1891],[5.5194,49.1853],[5.5158,49.1828],[5.5168,49.1774],[5.5139,49.1768],[5.5011,49.1742],[5.4959,49.1721],[5.4899,49.1704],[5.4866,49.1689],[5.4774,49.1664],[5.4755,49.1673],[5.4712,49.1672],[5.4682,49.1659],[5.4661,49.1685],[5.4585,49.1676],[5.4548,49.1665],[5.4433,49.1661],[5.4355,49.1649],[5.4284,49.1653]]]}},{"type":"Feature","properties":{"code":"55172","nom":"Les Éparges","pop":60},"geometry":{"type":"Polygon","coordinates":[[[5.5987,49.054],[5.5942,49.0518],[5.5888,49.0511],[5.5796,49.048],[5.5705,49.0477],[5.5665,49.0533],[5.5655,49.0562],[5.5618,49.06],[5.5609,49.0655],[5.5568,49.0723],[5.5552,49.0775],[5.5603,49.0804],[5.565,49.0818],[5.5697,49.0815],[5.568,49.0791],[5.5741,49.0779],[5.5714,49.0749],[5.5758,49.0702],[5.5799,49.0714],[5.5865,49.0746],[5.5907,49.0759],[5.5938,49.079],[5.6005,49.0734],[5.5999,49.0712],[5.6031,49.0703],[5.6152,49.0699],[5.615,49.0674],[5.6111,49.0635],[5.6126,49.0609],[5.612,49.0594],[5.6051,49.057],[5.6025,49.0551],[5.5987,49.054]]]}},{"type":"Feature","properties":{"code":"55173","nom":"Épiez-sur-Meuse","pop":37},"geometry":{"type":"Polygon","coordinates":[[[5.6528,48.5413],[5.6469,48.5396],[5.638,48.5355],[5.6318,48.5347],[5.6304,48.5305],[5.6247,48.5304],[5.6135,48.5252],[5.6057,48.5293],[5.6063,48.5331],[5.5996,48.5376],[5.6078,48.5405],[5.6112,48.544],[5.6126,48.5479],[5.6101,48.5501],[5.6134,48.5514],[5.62,48.5603],[5.6204,48.557],[5.6258,48.5535],[5.6304,48.5565],[5.634,48.5546],[5.6404,48.5552],[5.6394,48.5569],[5.6416,48.5586],[5.6497,48.5518],[5.6535,48.5502],[5.6537,48.5473],[5.6492,48.5447],[5.6528,48.5413]]]}},{"type":"Feature","properties":{"code":"55174","nom":"Épinonville","pop":65},"geometry":{"type":"Polygon","coordinates":[[[5.0511,49.267],[5.054,49.2708],[5.0507,49.274],[5.0506,49.281],[5.0489,49.2857],[5.0582,49.2886],[5.0593,49.29],[5.0637,49.2881],[5.0667,49.2882],[5.0741,49.2851],[5.0782,49.2845],[5.0814,49.2849],[5.0897,49.2847],[5.0955,49.2861],[5.1004,49.2889],[5.1023,49.2877],[5.1097,49.288],[5.1131,49.2863],[5.1176,49.286],[5.1182,49.2824],[5.1176,49.2741],[5.1179,49.2707],[5.1131,49.2682],[5.107,49.2628],[5.1065,49.261],[5.1038,49.2604],[5.096,49.2601],[5.0929,49.2604],[5.0897,49.2592],[5.085,49.2561],[5.0802,49.2549],[5.0749,49.256],[5.0725,49.2578],[5.0647,49.2575],[5.0645,49.2588],[5.0511,49.267]]]}},{"type":"Feature","properties":{"code":"55175","nom":"Érize-la-Brûlée","pop":175},"geometry":{"type":"Polygon","coordinates":[[[5.2548,48.8591],[5.273,48.8625],[5.2764,48.8625],[5.2864,48.865],[5.2883,48.8625],[5.2905,48.8626],[5.2933,48.8595],[5.2925,48.8574],[5.2993,48.8536],[5.3066,48.8415],[5.3097,48.8348],[5.3104,48.832],[5.3034,48.8335],[5.2987,48.8339],[5.293,48.8367],[5.2885,48.8366],[5.281,48.8391],[5.2822,48.8407],[5.2782,48.8422],[5.2643,48.8386],[5.2595,48.836],[5.2511,48.8332],[5.2493,48.8281],[5.2465,48.8283],[5.2404,48.8294],[5.2408,48.8314],[5.2389,48.8349],[5.2386,48.8369],[5.2401,48.8392],[5.2437,48.8421],[5.2528,48.845],[5.2542,48.8483],[5.258,48.8509],[5.2533,48.8588],[5.2548,48.8591]]]}},{"type":"Feature","properties":{"code":"55177","nom":"Érize-la-Petite","pop":45},"geometry":{"type":"Polygon","coordinates":[[[5.2783,48.9049],[5.2743,48.9011],[5.2729,48.8989],[5.2678,48.9023],[5.2644,48.9019],[5.2579,48.906],[5.2543,48.9076],[5.2493,48.9077],[5.2475,48.9087],[5.2435,48.9085],[5.243,48.9104],[5.2372,48.91],[5.2313,48.9088],[5.2272,48.9049],[5.2249,48.9103],[5.2159,48.9069],[5.2139,48.9091],[5.2118,48.908],[5.2063,48.9075],[5.2056,48.9096],[5.2068,48.9115],[5.2051,48.9137],[5.2118,48.9162],[5.2053,48.9255],[5.2085,48.9271],[5.2135,48.924],[5.2172,48.9237],[5.2258,48.9241],[5.2311,48.9254],[5.2355,48.9244],[5.2362,48.9238],[5.2426,48.9247],[5.2485,48.9221],[5.257,48.9175],[5.2546,48.9148],[5.2594,48.9134],[5.2658,48.9105],[5.2682,48.9077],[5.2721,48.9057],[5.2783,48.9049]]]}},{"type":"Feature","properties":{"code":"55178","nom":"Érize-Saint-Dizier","pop":192},"geometry":{"type":"Polygon","coordinates":[[[5.3071,48.8299],[5.3093,48.8273],[5.3054,48.8251],[5.3085,48.8216],[5.3097,48.8181],[5.3093,48.8164],[5.3114,48.8126],[5.3043,48.808],[5.3053,48.7984],[5.3009,48.796],[5.2967,48.7967],[5.2907,48.7951],[5.2837,48.7924],[5.2803,48.7904],[5.2819,48.7937],[5.2794,48.7939],[5.2754,48.792],[5.2725,48.7914],[5.2688,48.7946],[5.2685,48.7964],[5.2652,48.7963],[5.2613,48.7977],[5.2615,48.8005],[5.2587,48.8026],[5.2555,48.8064],[5.2541,48.8119],[5.2505,48.8125],[5.2505,48.8139],[5.254,48.816],[5.2603,48.8211],[5.2639,48.8205],[5.265,48.8221],[5.2707,48.8238],[5.2747,48.8235],[5.2773,48.8249],[5.2819,48.8252],[5.2964,48.8283],[5.2988,48.8298],[5.3032,48.8304],[5.3071,48.8299]]]}},{"type":"Feature","properties":{"code":"55179","nom":"Erneville-aux-Bois","pop":152},"geometry":{"type":"Polygon","coordinates":[[[5.3444,48.735],[5.3454,48.7367],[5.3467,48.7405],[5.3506,48.7408],[5.3512,48.7423],[5.3556,48.747],[5.361,48.7499],[5.3639,48.7519],[5.3673,48.7526],[5.3823,48.7494],[5.3863,48.7493],[5.3917,48.7508],[5.3942,48.7531],[5.4065,48.7582],[5.4122,48.7597],[5.4136,48.7573],[5.4179,48.7609],[5.421,48.765],[5.4228,48.7636],[5.4282,48.7656],[5.4343,48.767],[5.4441,48.7677],[5.4476,48.7657],[5.4485,48.7632],[5.4477,48.7585],[5.4539,48.7561],[5.4483,48.7503],[5.4529,48.7512],[5.4569,48.7529],[5.4641,48.7548],[5.4689,48.7552],[5.4659,48.7509],[5.4682,48.7479],[5.4722,48.7376],[5.4611,48.7346],[5.4601,48.7365],[5.4537,48.7341],[5.4502,48.7321],[5.4462,48.7318],[5.4399,48.7266],[5.4403,48.7245],[5.4348,48.7239],[5.4312,48.7216],[5.431,48.7196],[5.4255,48.7184],[5.4227,48.719],[5.4185,48.7173],[5.4142,48.7191],[5.4126,48.7185],[5.4094,48.7237],[5.4057,48.7224],[5.4021,48.7244],[5.3988,48.7271],[5.395,48.7288],[5.3803,48.729],[5.3717,48.7286],[5.3647,48.7291],[5.3501,48.7316],[5.3462,48.7355],[5.3444,48.735]]]}},{"type":"Feature","properties":{"code":"55180","nom":"Esnes-en-Argonne","pop":135},"geometry":{"type":"Polygon","coordinates":[[[5.2106,49.2279],[5.213,49.2277],[5.2152,49.2303],[5.2179,49.2295],[5.225,49.2308],[5.2262,49.2332],[5.2279,49.2297],[5.2323,49.2256],[5.233,49.2236],[5.2385,49.2196],[5.2405,49.217],[5.2395,49.2134],[5.2425,49.2097],[5.2405,49.2088],[5.2415,49.2061],[5.2355,49.2056],[5.2324,49.2061],[5.2276,49.2054],[5.2238,49.2029],[5.2163,49.202],[5.208,49.1959],[5.2057,49.1935],[5.2015,49.1919],[5.1991,49.1901],[5.1959,49.1907],[5.1903,49.1895],[5.1871,49.1868],[5.1849,49.1865],[5.1762,49.1902],[5.1694,49.1921],[5.1654,49.1924],[5.1708,49.1974],[5.1765,49.199],[5.1769,49.2023],[5.1793,49.2032],[5.1803,49.2065],[5.1795,49.2123],[5.1734,49.2124],[5.1749,49.2154],[5.1863,49.2182],[5.191,49.2204],[5.1948,49.2245],[5.198,49.2257],[5.202,49.2254],[5.2072,49.2276],[5.2106,49.2279]]]}},{"type":"Feature","properties":{"code":"55181","nom":"Étain","pop":3375},"geometry":{"type":"Polygon","coordinates":[[[5.6221,49.1957],[5.6128,49.1953],[5.5996,49.1937],[5.598,49.1945],[5.5958,49.1975],[5.5922,49.2003],[5.5939,49.2035],[5.5948,49.2102],[5.6066,49.2113],[5.6067,49.2131],[5.6096,49.2126],[5.6091,49.216],[5.6102,49.2181],[5.609,49.2203],[5.6164,49.2224],[5.6162,49.2264],[5.6189,49.2282],[5.6213,49.2281],[5.6315,49.2314],[5.6312,49.2336],[5.6358,49.234],[5.6402,49.2355],[5.6379,49.2372],[5.6369,49.2399],[5.6414,49.2443],[5.6501,49.2462],[5.6564,49.2472],[5.6599,49.2458],[5.6636,49.2398],[5.6692,49.2352],[5.6684,49.2254],[5.6662,49.2222],[5.666,49.2183],[5.665,49.2159],[5.6672,49.2127],[5.6662,49.211],[5.6673,49.2084],[5.6655,49.2053],[5.6618,49.2018],[5.6585,49.1995],[5.6542,49.2016],[5.6474,49.1967],[5.6368,49.1991],[5.6347,49.1963],[5.6323,49.1956],[5.6221,49.1957]]]}},{"type":"Feature","properties":{"code":"55182","nom":"Éton","pop":195},"geometry":{"type":"Polygon","coordinates":[[[5.6858,49.2885],[5.6892,49.2868],[5.6903,49.2841],[5.6867,49.2826],[5.6921,49.279],[5.6899,49.2777],[5.6913,49.276],[5.6974,49.273],[5.6986,49.2692],[5.7008,49.2686],[5.7044,49.2699],[5.7048,49.2678],[5.7102,49.2648],[5.7121,49.2613],[5.7107,49.2601],[5.7092,49.2554],[5.7108,49.2503],[5.7131,49.2471],[5.7061,49.2448],[5.6974,49.2407],[5.6931,49.2404],[5.687,49.242],[5.6877,49.2463],[5.6843,49.2482],[5.6806,49.2491],[5.6767,49.2514],[5.6755,49.2535],[5.6719,49.2559],[5.6681,49.2553],[5.6673,49.2577],[5.6686,49.2593],[5.6683,49.2639],[5.6705,49.2664],[5.6682,49.2683],[5.6671,49.2713],[5.6702,49.2744],[5.6654,49.2801],[5.6645,49.2799],[5.6633,49.2821],[5.6692,49.2837],[5.6655,49.2857],[5.6668,49.2871],[5.67,49.2874],[5.6745,49.2856],[5.6797,49.2869],[5.6849,49.2867],[5.6858,49.2885]]]}},{"type":"Feature","properties":{"code":"55183","nom":"Étraye","pop":40},"geometry":{"type":"Polygon","coordinates":[[[5.3797,49.3406],[5.3829,49.339],[5.3858,49.3357],[5.387,49.331],[5.3869,49.3302],[5.3794,49.3283],[5.3737,49.328],[5.3684,49.3257],[5.3653,49.3237],[5.3667,49.3217],[5.3651,49.3186],[5.3567,49.314],[5.3496,49.3123],[5.3473,49.3124],[5.3385,49.3128],[5.3339,49.3139],[5.3328,49.3158],[5.3356,49.3166],[5.333,49.3187],[5.3275,49.3194],[5.328,49.3232],[5.331,49.3251],[5.3385,49.3286],[5.3385,49.3313],[5.3429,49.3368],[5.3447,49.338],[5.3487,49.3381],[5.3512,49.3395],[5.3597,49.34],[5.3626,49.3393],[5.3707,49.3401],[5.3786,49.3387],[5.3797,49.3406]]]}},{"type":"Feature","properties":{"code":"55184","nom":"Euville","pop":1630},"geometry":{"type":"Polygon","coordinates":[[[5.6164,48.7596],[5.6236,48.7617],[5.6309,48.7622],[5.636,48.7658],[5.6386,48.7688],[5.6411,48.7693],[5.6418,48.7712],[5.6526,48.7733],[5.655,48.7724],[5.6652,48.7601],[5.667,48.761],[5.6795,48.7622],[5.6823,48.7622],[5.6879,48.7602],[5.6943,48.7613],[5.693,48.7586],[5.6934,48.7562],[5.7028,48.7566],[5.7042,48.7497],[5.7117,48.7517],[5.7163,48.7489],[5.7193,48.7483],[5.7139,48.7445],[5.712,48.7458],[5.6971,48.7432],[5.6943,48.7413],[5.6896,48.7417],[5.6861,48.7392],[5.6852,48.737],[5.6828,48.7356],[5.6842,48.7332],[5.6823,48.7321],[5.6808,48.7281],[5.678,48.7267],[5.6732,48.7274],[5.6721,48.7293],[5.6638,48.7291],[5.6597,48.7269],[5.6579,48.7281],[5.6523,48.7256],[5.6445,48.7314],[5.6422,48.7288],[5.6348,48.7286],[5.6282,48.7259],[5.6258,48.7271],[5.6223,48.7258],[5.6198,48.7238],[5.6184,48.7207],[5.6139,48.7199],[5.61,48.7161],[5.608,48.7208],[5.6018,48.7226],[5.5992,48.7215],[5.5945,48.7233],[5.5884,48.7246],[5.5907,48.7276],[5.5865,48.7351],[5.5858,48.741],[5.5869,48.7426],[5.5866,48.7454],[5.5926,48.7464],[5.601,48.7467],[5.6085,48.7498],[5.6108,48.7519],[5.615,48.7465],[5.6195,48.7424],[5.6243,48.7413],[5.6254,48.7425],[5.6311,48.7428],[5.6292,48.7456],[5.6233,48.7479],[5.621,48.7461],[5.6178,48.7467],[5.6157,48.7502],[5.6128,48.7525],[5.6113,48.7553],[5.6142,48.7589],[5.6164,48.7596]]]}},{"type":"Feature","properties":{"code":"55185","nom":"Èvres","pop":90},"geometry":{"type":"Polygon","coordinates":[[[5.098,48.9886],[5.1049,48.991],[5.1085,48.9906],[5.1167,48.9932],[5.1162,48.995],[5.1245,48.9961],[5.1227,49.0006],[5.127,49.0032],[5.1291,49.0023],[5.1284,49.001],[5.1356,49],[5.142,48.9997],[5.1407,48.9957],[5.1437,48.9936],[5.1485,48.9918],[5.151,48.9888],[5.1522,48.9857],[5.159,48.9861],[5.1596,48.9815],[5.1636,48.9813],[5.1633,48.9791],[5.1586,48.9804],[5.1517,48.9805],[5.1481,48.9796],[5.1477,48.9781],[5.1424,48.9749],[5.141,48.973],[5.1383,48.9725],[5.135,48.9703],[5.1319,48.9665],[5.128,48.9667],[5.1251,48.9652],[5.1205,48.9639],[5.1192,48.9622],[5.1148,48.9619],[5.1114,48.964],[5.1047,48.9698],[5.0996,48.9729],[5.0984,48.9759],[5.099,48.9786],[5.096,48.9797],[5.0976,48.9814],[5.0984,48.9852],[5.098,48.9886]]]}},{"type":"Feature","properties":{"code":"55186","nom":"Fains-Véel","pop":2080},"geometry":{"type":"Polygon","coordinates":[[[5.1267,48.7597],[5.1225,48.7607],[5.121,48.7595],[5.1143,48.7604],[5.1119,48.7591],[5.1052,48.7586],[5.1018,48.761],[5.0924,48.7601],[5.0874,48.7601],[5.0813,48.7624],[5.0776,48.763],[5.0707,48.7641],[5.0675,48.7634],[5.0676,48.7663],[5.074,48.7673],[5.0741,48.7705],[5.0691,48.7716],[5.063,48.774],[5.0656,48.7751],[5.0681,48.7745],[5.0717,48.7752],[5.0746,48.7768],[5.0784,48.7823],[5.0811,48.7793],[5.0849,48.7823],[5.0874,48.7904],[5.0927,48.7887],[5.0973,48.7887],[5.1101,48.795],[5.117,48.7959],[5.1229,48.7993],[5.1261,48.8],[5.1308,48.8021],[5.1348,48.8049],[5.1371,48.8049],[5.1367,48.8103],[5.1407,48.8113],[5.1448,48.809],[5.144,48.8071],[5.1408,48.8038],[5.1413,48.8015],[5.1445,48.7996],[5.1529,48.8001],[5.1574,48.7983],[5.1537,48.7974],[5.1467,48.7968],[5.1407,48.7946],[5.1425,48.7924],[5.1456,48.7912],[5.1494,48.7881],[5.1449,48.7844],[5.1435,48.7822],[5.1421,48.777],[5.1407,48.7741],[5.1408,48.7697],[5.1357,48.7709],[5.1312,48.771],[5.1298,48.7676],[5.127,48.7644],[5.1267,48.7597]]]}},{"type":"Feature","properties":{"code":"55188","nom":"Flassigny","pop":43},"geometry":{"type":"Polygon","coordinates":[[[5.4636,49.482],[5.4684,49.4811],[5.4699,49.4793],[5.4669,49.4763],[5.4642,49.471],[5.4575,49.471],[5.4531,49.4722],[5.4503,49.4719],[5.4427,49.4683],[5.4303,49.466],[5.4203,49.4633],[5.416,49.4628],[5.4157,49.4658],[5.4167,49.469],[5.4183,49.4702],[5.4154,49.4819],[5.4209,49.4852],[5.4261,49.4861],[5.4302,49.4869],[5.4408,49.4869],[5.4451,49.4845],[5.4504,49.4847],[5.4538,49.4815],[5.4557,49.4811],[5.4577,49.4816],[5.459,49.4846],[5.461,49.4848],[5.4636,49.482]]]}},{"type":"Feature","properties":{"code":"55189","nom":"Fleury-devant-Douaumont","pop":0},"geometry":{"type":"Polygon","coordinates":[[[5.4629,49.1925],[5.4646,49.1899],[5.471,49.1894],[5.4829,49.1881],[5.4781,49.1867],[5.4708,49.1874],[5.4636,49.1871],[5.4585,49.1846],[5.4522,49.1784],[5.4403,49.1744],[5.4386,49.174],[5.4349,49.1767],[5.4355,49.18],[5.4408,49.1839],[5.4451,49.1856],[5.4452,49.1884],[5.4419,49.188],[5.4366,49.1856],[5.4314,49.1827],[5.4203,49.1827],[5.418,49.1848],[5.4131,49.1852],[5.4108,49.187],[5.4064,49.1889],[5.403,49.1892],[5.4023,49.1945],[5.404,49.1976],[5.4129,49.2041],[5.4201,49.2073],[5.424,49.209],[5.4278,49.2098],[5.4314,49.2141],[5.4402,49.215],[5.4432,49.2157],[5.4472,49.2142],[5.4426,49.2064],[5.444,49.2044],[5.4406,49.2006],[5.4443,49.1995],[5.4418,49.1976],[5.4446,49.1917],[5.4517,49.192],[5.4534,49.1931],[5.4604,49.1944],[5.4629,49.1925]]]}},{"type":"Feature","properties":{"code":"55191","nom":"Foameix-Ornel","pop":229},"geometry":{"type":"Polygon","coordinates":[[[5.5983,49.2177],[5.6014,49.218],[5.601,49.2227],[5.5918,49.2274],[5.5916,49.2322],[5.594,49.2325],[5.5924,49.2359],[5.5949,49.2363],[5.5938,49.2389],[5.5959,49.2411],[5.5859,49.241],[5.5846,49.2426],[5.5807,49.2429],[5.5786,49.2482],[5.5849,49.25],[5.5831,49.2556],[5.5842,49.2549],[5.5936,49.2557],[5.597,49.2565],[5.6007,49.2554],[5.6019,49.2566],[5.6098,49.257],[5.6164,49.2544],[5.6225,49.2504],[5.6188,49.2477],[5.6207,49.247],[5.622,49.2417],[5.629,49.2434],[5.6378,49.2427],[5.6414,49.2443],[5.6369,49.2399],[5.6379,49.2372],[5.6402,49.2355],[5.6358,49.234],[5.6312,49.2336],[5.6315,49.2314],[5.6213,49.2281],[5.6189,49.2282],[5.6162,49.2264],[5.6164,49.2224],[5.609,49.2203],[5.6102,49.2181],[5.6091,49.216],[5.6096,49.2126],[5.6067,49.2131],[5.6036,49.2142],[5.5976,49.2135],[5.5983,49.2177]]]}},{"type":"Feature","properties":{"code":"55192","nom":"Fontaines-Saint-Clair","pop":35},"geometry":{"type":"Polygon","coordinates":[[[5.2726,49.3741],[5.2768,49.37],[5.2735,49.3692],[5.2738,49.3629],[5.2464,49.3561],[5.2335,49.357],[5.2289,49.3589],[5.2283,49.3624],[5.2259,49.3646],[5.2164,49.3695],[5.2211,49.3745],[5.2264,49.3746],[5.2316,49.3756],[5.2348,49.374],[5.2376,49.3753],[5.2434,49.3764],[5.246,49.3756],[5.2498,49.3723],[5.2545,49.3698],[5.2586,49.3729],[5.2638,49.3738],[5.267,49.3717],[5.2726,49.3741]]]}},{"type":"Feature","properties":{"code":"55193","nom":"Forges-sur-Meuse","pop":121},"geometry":{"type":"Polygon","coordinates":[[[5.3002,49.2477],[5.2853,49.2439],[5.2821,49.2442],[5.2755,49.2433],[5.2684,49.2394],[5.2631,49.2373],[5.2575,49.2377],[5.2498,49.2363],[5.2477,49.2378],[5.2486,49.2408],[5.2508,49.244],[5.253,49.2523],[5.251,49.2535],[5.2505,49.2601],[5.2493,49.2644],[5.2437,49.2656],[5.2443,49.2683],[5.2473,49.2704],[5.2499,49.2708],[5.2539,49.2757],[5.2582,49.2777],[5.2634,49.2785],[5.2718,49.2818],[5.2739,49.2841],[5.2755,49.2813],[5.2804,49.2751],[5.2869,49.2775],[5.2879,49.2759],[5.292,49.2785],[5.2954,49.2773],[5.3011,49.2726],[5.2999,49.2696],[5.2971,49.2697],[5.2956,49.2718],[5.2958,49.2744],[5.2928,49.2745],[5.2915,49.2728],[5.2928,49.2712],[5.3018,49.2672],[5.3079,49.2676],[5.3146,49.2662],[5.3116,49.2593],[5.3095,49.259],[5.3052,49.2536],[5.2999,49.2487],[5.3002,49.2477]]]}},{"type":"Feature","properties":{"code":"55194","nom":"Foucaucourt-sur-Thabas","pop":57},"geometry":{"type":"Polygon","coordinates":[[[5.1291,49.0023],[5.127,49.0032],[5.1227,49.0006],[5.1245,48.9961],[5.1162,48.995],[5.1167,48.9932],[5.1085,48.9906],[5.1049,48.991],[5.098,48.9886],[5.0982,48.9908],[5.0885,48.9918],[5.0752,48.9918],[5.0739,48.9956],[5.0713,48.999],[5.0723,49.0015],[5.0776,49.0041],[5.0794,49.0094],[5.0792,49.013],[5.074,49.015],[5.0693,49.0193],[5.0657,49.0199],[5.0674,49.022],[5.0732,49.0218],[5.077,49.0224],[5.0775,49.0251],[5.0815,49.0214],[5.0842,49.021],[5.0878,49.0172],[5.0931,49.0171],[5.0969,49.0148],[5.103,49.0146],[5.1037,49.0119],[5.1088,49.0116],[5.1093,49.0102],[5.1153,49.0105],[5.1172,49.0132],[5.1258,49.0097],[5.128,49.0098],[5.1336,49.01],[5.1323,49.0057],[5.1291,49.0023]]]}},{"type":"Feature","properties":{"code":"55195","nom":"Fouchères-aux-Bois","pop":138},"geometry":{"type":"Polygon","coordinates":[[[5.2543,48.6479],[5.2577,48.6486],[5.2623,48.6483],[5.2642,48.6432],[5.2658,48.6421],[5.2667,48.638],[5.2692,48.6364],[5.2673,48.6328],[5.2605,48.6277],[5.2592,48.6251],[5.2546,48.6246],[5.252,48.6231],[5.2519,48.6214],[5.257,48.6205],[5.2572,48.6196],[5.253,48.6155],[5.2467,48.6132],[5.2453,48.6186],[5.2422,48.6184],[5.2405,48.6211],[5.2364,48.6237],[5.2312,48.624],[5.2323,48.627],[5.2347,48.6281],[5.2334,48.6312],[5.237,48.6341],[5.2367,48.6356],[5.2395,48.6358],[5.2409,48.6385],[5.243,48.6381],[5.2473,48.64],[5.2502,48.6427],[5.2508,48.6457],[5.254,48.6457],[5.2543,48.6479]]]}},{"type":"Feature","properties":{"code":"55196","nom":"Frémeréville-sous-les-Côtes","pop":129},"geometry":{"type":"Polygon","coordinates":[[[5.6595,48.8192],[5.6681,48.8206],[5.672,48.8224],[5.6767,48.8218],[5.6779,48.8184],[5.6753,48.817],[5.6783,48.8115],[5.6747,48.8085],[5.6729,48.8085],[5.6699,48.8049],[5.671,48.8025],[5.6671,48.8016],[5.6649,48.7979],[5.6566,48.7912],[5.656,48.7901],[5.6457,48.7862],[5.6406,48.7865],[5.6373,48.7879],[5.6341,48.7912],[5.6336,48.7918],[5.6385,48.7998],[5.64,48.8013],[5.6424,48.8077],[5.6452,48.8098],[5.6482,48.8084],[5.6557,48.8143],[5.6552,48.8181],[5.6595,48.8192]]]}},{"type":"Feature","properties":{"code":"55197","nom":"Fresnes-au-Mont","pop":162},"geometry":{"type":"Polygon","coordinates":[[[5.4319,48.9176],[5.4309,48.9158],[5.4383,48.9117],[5.4457,48.9097],[5.4524,48.9088],[5.4593,48.9047],[5.465,48.904],[5.4759,48.9041],[5.4761,48.8992],[5.4843,48.9004],[5.4863,48.9001],[5.4828,48.8969],[5.4571,48.8903],[5.4475,48.8818],[5.4497,48.8816],[5.4465,48.8799],[5.4259,48.8765],[5.4267,48.8755],[5.4184,48.877],[5.4208,48.884],[5.4189,48.8867],[5.4135,48.8884],[5.4139,48.8901],[5.4097,48.8912],[5.4095,48.8941],[5.4076,48.8973],[5.4033,48.8993],[5.4026,48.9015],[5.4039,48.9037],[5.4003,48.9053],[5.4001,48.9101],[5.4036,48.9085],[5.4095,48.9077],[5.4103,48.9121],[5.4046,48.9131],[5.403,48.9121],[5.4005,48.9157],[5.4008,48.92],[5.407,48.9211],[5.4099,48.9213],[5.4126,48.9201],[5.419,48.9184],[5.4285,48.9169],[5.4316,48.9177],[5.4319,48.9176]]]}},{"type":"Feature","properties":{"code":"55198","nom":"Fresnes-en-Woëvre","pop":668},"geometry":{"type":"Polygon","coordinates":[[[5.6116,49.0997],[5.6153,49.1048],[5.6168,49.109],[5.6153,49.1122],[5.6181,49.1123],[5.6183,49.1157],[5.6161,49.117],[5.6158,49.1189],[5.6194,49.1189],[5.6241,49.1173],[5.6321,49.1175],[5.6377,49.1148],[5.6384,49.1139],[5.6439,49.1132],[5.6446,49.1143],[5.6508,49.1144],[5.6495,49.1128],[5.6497,49.1086],[5.6584,49.1051],[5.6568,49.103],[5.656,49.0993],[5.653,49.0998],[5.6521,49.0976],[5.6547,49.0953],[5.6521,49.0925],[5.6519,49.0891],[5.6496,49.0879],[5.6465,49.0868],[5.6389,49.0853],[5.6364,49.084],[5.6323,49.0849],[5.6241,49.0868],[5.6186,49.0872],[5.6157,49.0881],[5.6164,49.098],[5.6116,49.0997]]]}},{"type":"Feature","properties":{"code":"55199","nom":"Froidos","pop":97},"geometry":{"type":"Polygon","coordinates":[[[5.1602,49.0653],[5.1604,49.0629],[5.1536,49.0615],[5.1507,49.06],[5.1346,49.0569],[5.129,49.0531],[5.1224,49.051],[5.1196,49.0515],[5.1117,49.0506],[5.1088,49.0511],[5.1025,49.0494],[5.0935,49.0486],[5.0891,49.0491],[5.0859,49.0507],[5.0847,49.0538],[5.0823,49.0557],[5.0807,49.0595],[5.0812,49.0623],[5.0849,49.0646],[5.0868,49.0639],[5.0954,49.064],[5.1048,49.0636],[5.1104,49.0647],[5.1091,49.0669],[5.115,49.068],[5.1183,49.0703],[5.1205,49.0687],[5.1272,49.0687],[5.1337,49.0712],[5.1381,49.0714],[5.1416,49.0733],[5.1486,49.0718],[5.1498,49.0694],[5.1434,49.0673],[5.1446,49.0665],[5.1496,49.0685],[5.1574,49.0695],[5.1602,49.0653]]]}},{"type":"Feature","properties":{"code":"55200","nom":"Fromeréville-les-Vallons","pop":214},"geometry":{"type":"Polygon","coordinates":[[[5.262,49.184],[5.2664,49.1891],[5.2666,49.191],[5.2713,49.195],[5.2716,49.1907],[5.2737,49.1874],[5.2696,49.1867],[5.2652,49.1848],[5.2656,49.1832],[5.2755,49.1843],[5.285,49.1884],[5.2937,49.1904],[5.2977,49.1906],[5.3053,49.1936],[5.3058,49.1901],[5.3006,49.188],[5.3021,49.1852],[5.3073,49.1862],[5.3173,49.1896],[5.3171,49.1858],[5.3113,49.1838],[5.3121,49.1829],[5.3004,49.1771],[5.3049,49.177],[5.3076,49.1732],[5.3141,49.1703],[5.3161,49.168],[5.3182,49.1692],[5.3205,49.1668],[5.3207,49.1627],[5.3306,49.158],[5.3289,49.1529],[5.3284,49.1489],[5.3298,49.1449],[5.322,49.1424],[5.3155,49.1383],[5.3118,49.1366],[5.299,49.141],[5.288,49.1397],[5.2863,49.1426],[5.2834,49.1473],[5.2786,49.1498],[5.2738,49.1533],[5.2697,49.1574],[5.2666,49.1564],[5.2656,49.1581],[5.2622,49.1585],[5.2556,49.1575],[5.2552,49.1596],[5.2596,49.1613],[5.2606,49.164],[5.265,49.1653],[5.2656,49.1674],[5.26,49.1722],[5.2625,49.1754],[5.2606,49.1769],[5.2592,49.182],[5.262,49.184]]]}},{"type":"Feature","properties":{"code":"55201","nom":"Fromezey","pop":64},"geometry":{"type":"Polygon","coordinates":[[[5.598,49.1945],[5.5935,49.1944],[5.5911,49.1977],[5.5866,49.1963],[5.581,49.2001],[5.5754,49.2003],[5.5713,49.2058],[5.5697,49.2063],[5.5652,49.212],[5.5643,49.2142],[5.5616,49.2137],[5.5594,49.2147],[5.5587,49.2198],[5.5634,49.2211],[5.5677,49.2214],[5.572,49.2228],[5.5764,49.2223],[5.587,49.2228],[5.593,49.224],[5.5943,49.2194],[5.5966,49.22],[5.5983,49.2177],[5.5976,49.2135],[5.6036,49.2142],[5.6067,49.2131],[5.6066,49.2113],[5.5948,49.2102],[5.5939,49.2035],[5.5922,49.2003],[5.5958,49.1975],[5.598,49.1945]]]}},{"type":"Feature","properties":{"code":"55202","nom":"Futeau","pop":145},"geometry":{"type":"Polygon","coordinates":[[[5.0057,49.0599],[5.0043,49.0622],[5.0039,49.0657],[5.0035,49.0702],[5.0003,49.0739],[4.9984,49.0787],[4.999,49.0821],[4.9967,49.0889],[4.9979,49.0923],[5.0045,49.0919],[5.0019,49.0902],[5.0024,49.087],[5.0045,49.0855],[5.0035,49.078],[5.0089,49.0776],[5.0147,49.0791],[5.0152,49.0778],[5.0111,49.0763],[5.007,49.0765],[5.0063,49.0743],[5.0169,49.0754],[5.0201,49.0765],[5.0228,49.0756],[5.0232,49.0721],[5.0191,49.0734],[5.0094,49.0718],[5.0049,49.0659],[5.0078,49.0644],[5.0081,49.062],[5.0057,49.0599]]]}},{"type":"Feature","properties":{"code":"55204","nom":"Génicourt-sur-Meuse","pop":293},"geometry":{"type":"Polygon","coordinates":[[[5.457,49.0597],[5.4587,49.0584],[5.4609,49.0491],[5.4608,49.0465],[5.4593,49.0432],[5.4625,49.0378],[5.4684,49.033],[5.4615,49.0295],[5.4566,49.0298],[5.4476,49.0297],[5.4419,49.029],[5.439,49.0319],[5.4354,49.0318],[5.4333,49.0303],[5.4261,49.0299],[5.4241,49.0316],[5.4202,49.0327],[5.4169,49.0345],[5.4182,49.0362],[5.4189,49.0415],[5.4211,49.0425],[5.4209,49.0445],[5.4243,49.0477],[5.4238,49.0493],[5.4264,49.0493],[5.4288,49.0508],[5.4347,49.0511],[5.44,49.0541],[5.4445,49.056],[5.4487,49.0566],[5.457,49.0597]]]}},{"type":"Feature","properties":{"code":"55206","nom":"Gercourt-et-Drillancourt","pop":125},"geometry":{"type":"Polygon","coordinates":[[[5.2732,49.2925],[5.2748,49.2891],[5.2739,49.2841],[5.2718,49.2818],[5.2634,49.2785],[5.2582,49.2777],[5.2539,49.2757],[5.2499,49.2708],[5.2473,49.2704],[5.2443,49.2683],[5.2437,49.2656],[5.2328,49.265],[5.2228,49.2657],[5.2138,49.2678],[5.2067,49.2701],[5.2072,49.271],[5.2035,49.276],[5.2047,49.2765],[5.2007,49.2807],[5.1999,49.2825],[5.2029,49.284],[5.2009,49.2873],[5.2028,49.2892],[5.2012,49.2903],[5.2046,49.2931],[5.2136,49.2951],[5.2184,49.2945],[5.2205,49.2927],[5.2322,49.2973],[5.2337,49.2985],[5.2382,49.2972],[5.2437,49.2947],[5.2455,49.2971],[5.2544,49.2944],[5.2598,49.2912],[5.2704,49.2942],[5.2732,49.2925]]]}},{"type":"Feature","properties":{"code":"55207","nom":"Géry","pop":50},"geometry":{"type":"Polygon","coordinates":[[[5.3053,48.7984],[5.3106,48.7955],[5.3112,48.7933],[5.3182,48.793],[5.3245,48.7939],[5.3281,48.7923],[5.325,48.7915],[5.319,48.7861],[5.3168,48.7858],[5.3117,48.7828],[5.3059,48.7825],[5.3014,48.7801],[5.3,48.7774],[5.2964,48.7766],[5.294,48.7749],[5.2903,48.7757],[5.2905,48.7777],[5.2866,48.7784],[5.2825,48.782],[5.2812,48.7858],[5.2792,48.7869],[5.2803,48.7904],[5.2837,48.7924],[5.2907,48.7951],[5.2967,48.7967],[5.3009,48.796],[5.3053,48.7984]]]}},{"type":"Feature","properties":{"code":"55208","nom":"Gesnes-en-Argonne","pop":53},"geometry":{"type":"Polygon","coordinates":[[[5.038,49.3161],[5.046,49.3187],[5.0491,49.3162],[5.052,49.3153],[5.0577,49.3168],[5.0632,49.3156],[5.0659,49.3134],[5.0745,49.3113],[5.0824,49.3104],[5.087,49.3108],[5.0877,49.3091],[5.0796,49.3034],[5.0761,49.3018],[5.0723,49.299],[5.0691,49.2952],[5.0627,49.2948],[5.0567,49.2935],[5.0533,49.2936],[5.0486,49.2947],[5.0391,49.2956],[5.0383,49.2978],[5.0428,49.2982],[5.0355,49.3056],[5.0349,49.3074],[5.0275,49.3087],[5.0254,49.3105],[5.0303,49.3117],[5.0347,49.315],[5.038,49.3161]]]}},{"type":"Feature","properties":{"code":"55210","nom":"Gimécourt","pop":37},"geometry":{"type":"Polygon","coordinates":[[[5.3664,48.8305],[5.3649,48.8297],[5.3619,48.8342],[5.359,48.8356],[5.3496,48.8332],[5.3463,48.8377],[5.3442,48.8369],[5.3421,48.8389],[5.343,48.8423],[5.3464,48.8438],[5.348,48.847],[5.3525,48.849],[5.3512,48.8508],[5.3521,48.8528],[5.361,48.8578],[5.372,48.8618],[5.3749,48.8621],[5.3772,48.8651],[5.3824,48.8653],[5.3887,48.8648],[5.3984,48.8624],[5.4001,48.8614],[5.4097,48.8575],[5.4148,48.8518],[5.4016,48.8484],[5.4005,48.8494],[5.391,48.8467],[5.388,48.8444],[5.381,48.8439],[5.3807,48.8418],[5.376,48.842],[5.373,48.8385],[5.3747,48.8376],[5.3713,48.8346],[5.3728,48.8328],[5.3664,48.8305]]]}},{"type":"Feature","properties":{"code":"55211","nom":"Gincrey","pop":61},"geometry":{"type":"Polygon","coordinates":[[[5.564,49.286],[5.5678,49.2872],[5.5721,49.2861],[5.5766,49.2794],[5.5849,49.2644],[5.5785,49.2636],[5.5816,49.2566],[5.5831,49.2556],[5.5849,49.25],[5.5786,49.2482],[5.5807,49.2429],[5.5765,49.243],[5.5783,49.2402],[5.5724,49.2399],[5.5715,49.2378],[5.5644,49.2379],[5.5532,49.236],[5.5536,49.2396],[5.5574,49.2402],[5.5581,49.2429],[5.5571,49.2468],[5.5544,49.2489],[5.5519,49.2485],[5.5508,49.2526],[5.5567,49.2556],[5.5615,49.2565],[5.565,49.2579],[5.5627,49.2619],[5.5562,49.2598],[5.5444,49.2575],[5.5458,49.2601],[5.5439,49.2645],[5.5438,49.2684],[5.5523,49.2697],[5.551,49.2718],[5.5474,49.2738],[5.5467,49.276],[5.5543,49.2769],[5.5658,49.2769],[5.5697,49.278],[5.5695,49.2804],[5.5655,49.2829],[5.564,49.286]]]}},{"type":"Feature","properties":{"code":"55212","nom":"Girauvoisin","pop":70},"geometry":{"type":"Polygon","coordinates":[[[5.6133,48.8071],[5.618,48.8074],[5.619,48.8097],[5.6281,48.8123],[5.6337,48.8119],[5.6336,48.814],[5.6406,48.8158],[5.6404,48.8176],[5.6493,48.8192],[5.6575,48.8204],[5.6595,48.8192],[5.6552,48.8181],[5.6557,48.8143],[5.6482,48.8084],[5.6452,48.8098],[5.6424,48.8077],[5.64,48.8013],[5.6385,48.7998],[5.6336,48.7918],[5.6341,48.7912],[5.628,48.7909],[5.6275,48.7925],[5.6209,48.7943],[5.6164,48.7947],[5.6149,48.796],[5.6136,48.7984],[5.6143,48.8011],[5.6133,48.8071]]]}},{"type":"Feature","properties":{"code":"55214","nom":"Givrauval","pop":287},"geometry":{"type":"Polygon","coordinates":[[[5.2898,48.6411],[5.2918,48.6431],[5.291,48.6456],[5.2917,48.6479],[5.2896,48.6523],[5.2959,48.6552],[5.3031,48.6603],[5.3048,48.6628],[5.3093,48.6653],[5.3112,48.6677],[5.3099,48.6716],[5.3108,48.6731],[5.3179,48.6728],[5.3214,48.6737],[5.3373,48.675],[5.3386,48.6743],[5.3435,48.676],[5.3466,48.6753],[5.3515,48.6669],[5.3529,48.6662],[5.3438,48.6648],[5.3443,48.6634],[5.3407,48.6616],[5.3363,48.6606],[5.3382,48.6568],[5.3342,48.6549],[5.3356,48.6537],[5.3284,48.6521],[5.328,48.6533],[5.3213,48.6495],[5.3172,48.6484],[5.3176,48.6462],[5.3125,48.6439],[5.3061,48.6371],[5.3022,48.6391],[5.2976,48.6389],[5.2898,48.6411]]]}},{"type":"Feature","properties":{"code":"55215","nom":"Gondrecourt-le-Château","pop":1032},"geometry":{"type":"MultiPolygon","coordinates":[[[[5.566,48.4607],[5.5617,48.462],[5.5554,48.4647],[5.549,48.4694],[5.5475,48.4741],[5.5437,48.4773],[5.5381,48.4802],[5.5353,48.4798],[5.5302,48.4808],[5.5267,48.4823],[5.5097,48.4795],[5.5072,48.4783],[5.5019,48.4778],[5.4966,48.4799],[5.4996,48.4842],[5.4997,48.4903],[5.4942,48.4926],[5.4906,48.4903],[5.4876,48.4907],[5.4805,48.4955],[5.479,48.497],[5.4702,48.5037],[5.4664,48.5032],[5.4661,48.5054],[5.471,48.5098],[5.4721,48.5134],[5.4747,48.5173],[5.4758,48.5207],[5.4734,48.5221],[5.4731,48.5241],[5.4809,48.5198],[5.4835,48.519],[5.4873,48.5216],[5.4888,48.5208],[5.4924,48.5217],[5.4956,48.5198],[5.4982,48.5211],[5.5027,48.5217],[5.5103,48.5248],[5.5167,48.5259],[5.5176,48.5279],[5.5207,48.529],[5.5257,48.5276],[5.5272,48.5313],[5.5296,48.5322],[5.5337,48.5318],[5.5401,48.5289],[5.5442,48.5255],[5.5456,48.522],[5.5494,48.5182],[5.5645,48.5114],[5.5723,48.5112],[5.5823,48.5072],[5.5863,48.503],[5.5949,48.5016],[5.5926,48.4994],[5.5837,48.4948],[5.5753,48.4912],[5.5727,48.4837],[5.5795,48.4764],[5.579,48.4734],[5.5757,48.471],[5.5712,48.4686],[5.5691,48.4646],[5.566,48.4607]]],[[[5.406,48.4656],[5.4012,48.4706],[5.4043,48.4731],[5.4125,48.4769],[5.4205,48.4797],[5.4229,48.4826],[5.4299,48.4881],[5.422,48.4933],[5.4216,48.4952],[5.4247,48.4973],[5.429,48.4991],[5.433,48.4995],[5.4378,48.4977],[5.4389,48.501],[5.4434,48.5005],[5.4474,48.502],[5.4506,48.5052],[5.4549,48.5031],[5.451,48.5012],[5.4471,48.4968],[5.4505,48.4945],[5.4526,48.4921],[5.4519,48.4888],[5.4562,48.4872],[5.457,48.4852],[5.4521,48.4816],[5.4541,48.4779],[5.4588,48.4766],[5.4615,48.4734],[5.4693,48.466],[5.473,48.4639],[5.4724,48.4618],[5.4735,48.4584],[5.4732,48.4555],[5.4659,48.4526],[5.4598,48.4552],[5.4589,48.4562],[5.4536,48.4573],[5.4483,48.4596],[5.4426,48.4612],[5.4399,48.4607],[5.4301,48.4635],[5.4273,48.4613],[5.4249,48.4629],[5.4204,48.4632],[5.4169,48.466],[5.4145,48.4657],[5.4107,48.4671],[5.406,48.4656]]]]}},{"type":"Feature","properties":{"code":"55216","nom":"Gouraincourt","pop":73},"geometry":{"type":"Polygon","coordinates":[[[5.6858,49.2885],[5.6849,49.2867],[5.6797,49.2869],[5.6745,49.2856],[5.67,49.2874],[5.6668,49.2871],[5.6599,49.2877],[5.6587,49.2893],[5.6535,49.2908],[5.6508,49.2951],[5.6477,49.2941],[5.6463,49.302],[5.6544,49.3038],[5.662,49.3074],[5.6663,49.3096],[5.6706,49.3076],[5.675,49.3095],[5.6766,49.3076],[5.6796,49.3111],[5.6838,49.3072],[5.6831,49.3017],[5.6846,49.3008],[5.6795,49.2965],[5.6848,49.2951],[5.6829,49.2928],[5.6858,49.2885]]]}},{"type":"Feature","properties":{"code":"55217","nom":"Goussaincourt","pop":117},"geometry":{"type":"Polygon","coordinates":[[[5.7016,48.4868],[5.6996,48.4784],[5.7021,48.4746],[5.6948,48.4759],[5.6933,48.4715],[5.6895,48.4675],[5.6833,48.469],[5.6819,48.4709],[5.6784,48.4717],[5.6701,48.4724],[5.6613,48.4712],[5.6558,48.4721],[5.6549,48.4685],[5.6444,48.472],[5.6422,48.4745],[5.6411,48.4814],[5.6417,48.4846],[5.6463,48.4861],[5.6522,48.4904],[5.6535,48.4938],[5.6557,48.4958],[5.6602,48.4977],[5.6621,48.4969],[5.6665,48.4928],[5.6731,48.4917],[5.6827,48.4941],[5.6884,48.4922],[5.693,48.4919],[5.696,48.4971],[5.7014,48.4956],[5.6998,48.492],[5.7026,48.4915],[5.6984,48.4872],[5.7016,48.4868]]]}},{"type":"Feature","properties":{"code":"55218","nom":"Gremilly","pop":40},"geometry":{"type":"Polygon","coordinates":[[[5.5438,49.2684],[5.541,49.2681],[5.541,49.2722],[5.5377,49.2737],[5.5355,49.2774],[5.5314,49.2811],[5.5213,49.2796],[5.5136,49.2757],[5.5119,49.2742],[5.5007,49.2711],[5.5,49.2699],[5.4903,49.2669],[5.4872,49.2635],[5.4836,49.2636],[5.4795,49.2649],[5.473,49.2659],[5.4715,49.2635],[5.4622,49.2619],[5.4609,49.2667],[5.4571,49.2727],[5.456,49.2743],[5.4607,49.2771],[5.46,49.2791],[5.4624,49.2809],[5.4674,49.2822],[5.4786,49.2881],[5.4838,49.2899],[5.4942,49.291],[5.5053,49.2942],[5.5064,49.2963],[5.5165,49.299],[5.5167,49.3039],[5.5431,49.2957],[5.5461,49.2914],[5.5474,49.2916],[5.5531,49.2908],[5.5555,49.2881],[5.5585,49.2866],[5.5592,49.285],[5.564,49.286],[5.5655,49.2829],[5.5695,49.2804],[5.5697,49.278],[5.5658,49.2769],[5.5543,49.2769],[5.5467,49.276],[5.5474,49.2738],[5.551,49.2718],[5.5523,49.2697],[5.5438,49.2684]]]}},{"type":"Feature","properties":{"code":"55219","nom":"Grimaucourt-en-Woëvre","pop":94},"geometry":{"type":"Polygon","coordinates":[[[5.5826,49.1658],[5.5849,49.1604],[5.5824,49.16],[5.5783,49.1576],[5.5742,49.1542],[5.5682,49.1515],[5.5693,49.1497],[5.5783,49.1461],[5.5738,49.1438],[5.57,49.1456],[5.5663,49.1485],[5.5557,49.152],[5.5514,49.1514],[5.5495,49.1527],[5.551,49.1545],[5.5497,49.1559],[5.5566,49.1606],[5.5541,49.1647],[5.5531,49.1769],[5.5555,49.1771],[5.5562,49.1834],[5.5625,49.1833],[5.5661,49.1819],[5.567,49.1799],[5.5708,49.1779],[5.5697,49.1768],[5.5699,49.1733],[5.573,49.1693],[5.5716,49.1676],[5.5757,49.1654],[5.5826,49.1658]]]}},{"type":"Feature","properties":{"code":"55220","nom":"Grimaucourt-près-Sampigny","pop":95},"geometry":{"type":"Polygon","coordinates":[[[5.4526,48.798],[5.4591,48.7953],[5.4797,48.7998],[5.4855,48.7998],[5.494,48.8032],[5.4985,48.802],[5.4966,48.8004],[5.4905,48.798],[5.4933,48.7947],[5.4921,48.7915],[5.4823,48.7846],[5.4767,48.7815],[5.4734,48.7785],[5.4672,48.7694],[5.4611,48.763],[5.4539,48.7561],[5.4477,48.7585],[5.4485,48.7632],[5.4476,48.7657],[5.4441,48.7677],[5.4479,48.7706],[5.4507,48.7746],[5.4505,48.7857],[5.4443,48.7894],[5.4407,48.7909],[5.4461,48.794],[5.4482,48.7959],[5.4526,48.798]]]}},{"type":"Feature","properties":{"code":"55221","nom":"Guerpont","pop":231},"geometry":{"type":"Polygon","coordinates":[[[5.2404,48.716],[5.2432,48.7174],[5.2486,48.7223],[5.2505,48.7265],[5.2483,48.7272],[5.2547,48.7362],[5.2552,48.7384],[5.2588,48.7399],[5.2589,48.7417],[5.2682,48.7396],[5.2734,48.7407],[5.2762,48.7395],[5.2765,48.7367],[5.2692,48.7272],[5.2661,48.7245],[5.2669,48.7224],[5.2627,48.7171],[5.2607,48.7119],[5.2567,48.7108],[5.2564,48.708],[5.2547,48.7054],[5.2491,48.7034],[5.2452,48.7002],[5.2427,48.6972],[5.2394,48.7027],[5.2383,48.7106],[5.239,48.7146],[5.2404,48.716]]]}},{"type":"Feature","properties":{"code":"55222","nom":"Gussainville","pop":35},"geometry":{"type":"Polygon","coordinates":[[[5.6464,49.1632],[5.6456,49.1665],[5.6402,49.167],[5.638,49.1701],[5.635,49.1682],[5.6311,49.1676],[5.6325,49.1715],[5.6357,49.1722],[5.6412,49.1757],[5.6397,49.1795],[5.6471,49.184],[5.6493,49.187],[5.6522,49.1865],[5.6568,49.1871],[5.6603,49.185],[5.66,49.1827],[5.6615,49.1804],[5.6654,49.178],[5.6652,49.1762],[5.6701,49.1749],[5.6739,49.1787],[5.6863,49.1752],[5.6878,49.177],[5.6908,49.1763],[5.689,49.1711],[5.6836,49.1692],[5.6852,49.1623],[5.684,49.1622],[5.6819,49.1543],[5.6768,49.1506],[5.679,49.1487],[5.679,49.1469],[5.6763,49.1464],[5.6757,49.1505],[5.6722,49.1483],[5.6673,49.1483],[5.6568,49.1465],[5.653,49.1497],[5.6522,49.1518],[5.6474,49.156],[5.649,49.1573],[5.6464,49.1632]]]}},{"type":"Feature","properties":{"code":"55224","nom":"Haironville","pop":566},"geometry":{"type":"Polygon","coordinates":[[[5.1203,48.7001],[5.1206,48.6997],[5.1187,48.6943],[5.1143,48.6924],[5.1124,48.6877],[5.109,48.6874],[5.1013,48.6849],[5.0996,48.6828],[5.1002,48.6803],[5.095,48.6791],[5.0925,48.6724],[5.0899,48.6706],[5.0893,48.668],[5.0858,48.6675],[5.0791,48.6686],[5.0764,48.6696],[5.0709,48.669],[5.0697,48.6726],[5.0645,48.6747],[5.0618,48.6772],[5.0652,48.6798],[5.0701,48.6855],[5.0743,48.6894],[5.0798,48.69],[5.076,48.6953],[5.0758,48.6978],[5.0789,48.699],[5.0826,48.7031],[5.0842,48.7037],[5.0867,48.703],[5.089,48.7047],[5.0956,48.7028],[5.0986,48.7038],[5.1019,48.7029],[5.104,48.7047],[5.1098,48.7047],[5.1153,48.7033],[5.1154,48.7021],[5.1203,48.7001]]]}},{"type":"Feature","properties":{"code":"55225","nom":"Halles-sous-les-Côtes","pop":138},"geometry":{"type":"Polygon","coordinates":[[[5.1216,49.4301],[5.1192,49.4339],[5.1137,49.4374],[5.1081,49.4439],[5.112,49.4488],[5.1193,49.4546],[5.1231,49.4562],[5.1339,49.4628],[5.1418,49.4581],[5.1437,49.4579],[5.1407,49.4558],[5.1467,49.4543],[5.1458,49.4529],[5.1464,49.449],[5.1395,49.4462],[5.1322,49.4424],[5.1295,49.4396],[5.1312,49.4383],[5.1357,49.439],[5.1367,49.4377],[5.1312,49.4316],[5.127,49.4301],[5.1216,49.4301]]]}},{"type":"Feature","properties":{"code":"55226","nom":"Han-lès-Juvigny","pop":126},"geometry":{"type":"Polygon","coordinates":[[[5.3271,49.494],[5.3328,49.4925],[5.3426,49.4928],[5.3505,49.4956],[5.3526,49.4954],[5.3563,49.4891],[5.3572,49.4887],[5.3573,49.4843],[5.3566,49.4799],[5.3516,49.4811],[5.3477,49.479],[5.342,49.4792],[5.3396,49.4773],[5.3348,49.478],[5.3333,49.4729],[5.3262,49.472],[5.3226,49.4692],[5.3138,49.4676],[5.3021,49.4711],[5.3091,49.4728],[5.3146,49.4761],[5.3155,49.4779],[5.32,49.4809],[5.3253,49.4826],[5.3254,49.4865],[5.3239,49.4892],[5.3271,49.494]]]}},{"type":"Feature","properties":{"code":"55228","nom":"Hannonville-sous-les-Côtes","pop":556},"geometry":{"type":"Polygon","coordinates":[[[5.6279,49.0051],[5.619,49.0033],[5.6139,49.003],[5.6103,49.0065],[5.6088,49.0092],[5.6021,49.0123],[5.611,49.015],[5.6182,49.0176],[5.6221,49.0212],[5.628,49.0249],[5.6246,49.027],[5.6213,49.0307],[5.6256,49.0323],[5.634,49.033],[5.6384,49.0339],[5.6455,49.0393],[5.6436,49.0411],[5.6483,49.0443],[5.6535,49.047],[5.6607,49.0495],[5.6587,49.0518],[5.6619,49.0547],[5.6663,49.0575],[5.6686,49.0581],[5.6724,49.0557],[5.6768,49.058],[5.6828,49.0601],[5.6886,49.0604],[5.6925,49.0566],[5.6955,49.0578],[5.7001,49.0619],[5.703,49.0607],[5.6992,49.0574],[5.7014,49.055],[5.7003,49.0534],[5.6954,49.0517],[5.6955,49.0489],[5.6926,49.0454],[5.6959,49.0432],[5.6867,49.039],[5.6841,49.0365],[5.6811,49.035],[5.6784,49.0336],[5.673,49.0354],[5.6685,49.0358],[5.662,49.0321],[5.6583,49.0324],[5.6561,49.0303],[5.6578,49.0284],[5.6539,49.0233],[5.65,49.0215],[5.6516,49.0188],[5.6496,49.0165],[5.6489,49.0128],[5.6339,49.0058],[5.6279,49.0051]]]}},{"type":"Feature","properties":{"code":"55229","nom":"Han-sur-Meuse","pop":270},"geometry":{"type":"Polygon","coordinates":[[[5.519,48.8677],[5.5189,48.8688],[5.5247,48.8704],[5.5262,48.8683],[5.5292,48.8702],[5.5348,48.8713],[5.5423,48.8702],[5.5444,48.8729],[5.5483,48.8752],[5.5527,48.8742],[5.5559,48.875],[5.559,48.8738],[5.5644,48.8734],[5.5759,48.8743],[5.5787,48.872],[5.5884,48.8716],[5.5935,48.8709],[5.6028,48.8682],[5.5873,48.8631],[5.5785,48.8606],[5.5742,48.8583],[5.5691,48.8564],[5.5744,48.846],[5.5716,48.8485],[5.5653,48.8502],[5.5521,48.8425],[5.5474,48.842],[5.5435,48.8401],[5.5416,48.8358],[5.5355,48.8365],[5.5347,48.8372],[5.5286,48.8343],[5.5235,48.8327],[5.5194,48.8337],[5.5159,48.8337],[5.5092,48.8403],[5.5103,48.8433],[5.5134,48.8468],[5.51,48.8487],[5.5158,48.8547],[5.514,48.8565],[5.5105,48.8623],[5.5201,48.8638],[5.5222,48.8645],[5.519,48.8677]]]}},{"type":"Feature","properties":{"code":"55232","nom":"Harville","pop":112},"geometry":{"type":"Polygon","coordinates":[[[5.7394,49.076],[5.7351,49.0793],[5.7409,49.084],[5.7399,49.0873],[5.7354,49.0865],[5.7327,49.0894],[5.7312,49.0892],[5.7262,49.0928],[5.723,49.0943],[5.7188,49.0923],[5.7095,49.0889],[5.7066,49.0921],[5.6991,49.0912],[5.6987,49.0951],[5.7036,49.0965],[5.715,49.0987],[5.716,49.0992],[5.7159,49.1065],[5.7182,49.1068],[5.7169,49.1095],[5.7176,49.1126],[5.7224,49.1119],[5.7249,49.1125],[5.7315,49.1125],[5.7324,49.1115],[5.7285,49.1113],[5.7326,49.1061],[5.7342,49.1063],[5.7383,49.1026],[5.7369,49.1015],[5.7413,49.0934],[5.7518,49.0875],[5.756,49.0859],[5.7552,49.0845],[5.7497,49.0828],[5.7394,49.076]]]}},{"type":"Feature","properties":{"code":"55236","nom":"Haudainville","pop":930},"geometry":{"type":"Polygon","coordinates":[[[5.4626,49.1349],[5.4571,49.1347],[5.4521,49.1333],[5.4493,49.1306],[5.4416,49.1282],[5.443,49.1258],[5.4483,49.1241],[5.4533,49.1202],[5.4588,49.1207],[5.4548,49.1178],[5.447,49.1187],[5.4449,49.1128],[5.4419,49.1122],[5.4332,49.1082],[5.4356,49.1059],[5.4302,49.104],[5.4179,49.1059],[5.4076,49.1066],[5.4059,49.1073],[5.4075,49.1101],[5.4097,49.1117],[5.4072,49.1149],[5.4129,49.1161],[5.4092,49.1176],[5.4062,49.1199],[5.4097,49.1234],[5.4094,49.1291],[5.4063,49.1331],[5.4027,49.1345],[5.4046,49.1363],[5.4045,49.1386],[5.3997,49.1405],[5.4096,49.1422],[5.4098,49.1443],[5.4173,49.1405],[5.4213,49.1393],[5.4341,49.1373],[5.4427,49.1412],[5.4442,49.1413],[5.4532,49.1386],[5.4552,49.1368],[5.4626,49.1349]]]}},{"type":"Feature","properties":{"code":"55237","nom":"Haudiomont","pop":232},"geometry":{"type":"Polygon","coordinates":[[[5.5246,49.0954],[5.5214,49.0943],[5.5232,49.1004],[5.5218,49.1053],[5.5155,49.1095],[5.5088,49.1179],[5.5048,49.1189],[5.5004,49.1166],[5.4963,49.1196],[5.4956,49.1214],[5.5081,49.121],[5.5335,49.121],[5.536,49.1236],[5.5366,49.1271],[5.5397,49.1237],[5.5467,49.1245],[5.548,49.1228],[5.554,49.1239],[5.5634,49.1248],[5.5661,49.1255],[5.5704,49.1288],[5.5788,49.1318],[5.5786,49.1289],[5.5804,49.1255],[5.5754,49.1226],[5.5757,49.1163],[5.5744,49.1136],[5.5767,49.1099],[5.5714,49.1097],[5.5667,49.108],[5.5625,49.1073],[5.5599,49.11],[5.5562,49.1115],[5.5523,49.1113],[5.5482,49.1075],[5.5382,49.1054],[5.534,49.1062],[5.5301,49.1044],[5.529,49.0992],[5.5272,49.0969],[5.5246,49.0954]]]}},{"type":"Feature","properties":{"code":"55239","nom":"Haumont-près-Samogneux","pop":0},"geometry":{"type":"Polygon","coordinates":[[[5.3796,49.2562],[5.3756,49.2611],[5.3674,49.2618],[5.3617,49.2668],[5.3553,49.2652],[5.3539,49.2661],[5.35,49.2647],[5.3456,49.2678],[5.3419,49.2684],[5.3418,49.2703],[5.3387,49.2711],[5.3397,49.2753],[5.3444,49.2764],[5.3481,49.2793],[5.3506,49.284],[5.3531,49.2861],[5.3521,49.2895],[5.3488,49.2929],[5.3496,49.2963],[5.3498,49.2962],[5.3512,49.2991],[5.3573,49.3009],[5.3614,49.3014],[5.3657,49.2985],[5.3679,49.2955],[5.3683,49.2925],[5.3668,49.2895],[5.37,49.2868],[5.3754,49.2858],[5.3799,49.2819],[5.3846,49.2798],[5.3851,49.2745],[5.3882,49.2758],[5.3916,49.2753],[5.3965,49.2774],[5.4033,49.2774],[5.4062,49.2759],[5.4069,49.2725],[5.4022,49.2708],[5.3907,49.2633],[5.3897,49.262],[5.3796,49.2562]]]}},{"type":"Feature","properties":{"code":"55241","nom":"Heippes","pop":86},"geometry":{"type":"Polygon","coordinates":[[[5.2502,48.9828],[5.2492,48.9852],[5.2511,48.9869],[5.2506,48.9912],[5.251,48.9938],[5.2487,48.9981],[5.249,49.0015],[5.2516,49.0089],[5.2569,49.0155],[5.2596,49.0157],[5.2691,49.0142],[5.2742,49.0128],[5.2776,49.0157],[5.2806,49.0141],[5.2843,49.01],[5.2879,49.0113],[5.3017,49.0105],[5.3013,49.0096],[5.2985,49.0067],[5.2996,49.0017],[5.3031,48.9958],[5.305,48.987],[5.2996,48.9859],[5.2877,48.9847],[5.2854,48.9866],[5.2772,48.99],[5.2716,48.9895],[5.2684,48.9917],[5.2662,48.9919],[5.2626,48.9897],[5.2628,48.9882],[5.2599,48.9867],[5.2543,48.9861],[5.2529,48.984],[5.2502,48.9828]]]}},{"type":"Feature","properties":{"code":"55242","nom":"Hennemont","pop":111},"geometry":{"type":"Polygon","coordinates":[[[5.6936,49.1445],[5.7032,49.1465],[5.7056,49.1419],[5.6975,49.1389],[5.6982,49.1371],[5.695,49.1358],[5.6962,49.1341],[5.6973,49.1291],[5.6925,49.1282],[5.6896,49.1259],[5.6845,49.1256],[5.6793,49.1269],[5.6723,49.1274],[5.6648,49.1259],[5.6554,49.1228],[5.653,49.1231],[5.6492,49.1232],[5.6464,49.1244],[5.6457,49.1268],[5.6423,49.1264],[5.641,49.1314],[5.6411,49.1373],[5.639,49.1442],[5.6389,49.146],[5.6429,49.1485],[5.6398,49.1531],[5.6424,49.1596],[5.6421,49.1629],[5.6464,49.1632],[5.649,49.1573],[5.6474,49.156],[5.6522,49.1518],[5.653,49.1497],[5.6568,49.1465],[5.6673,49.1483],[5.6722,49.1483],[5.6757,49.1505],[5.6763,49.1464],[5.6771,49.1436],[5.6809,49.1425],[5.6874,49.1425],[5.6936,49.1445]]]}},{"type":"Feature","properties":{"code":"55243","nom":"Herbeuville","pop":181},"geometry":{"type":"Polygon","coordinates":[[[5.6181,49.0496],[5.6237,49.0502],[5.6316,49.052],[5.6356,49.0536],[5.6423,49.0582],[5.6416,49.0598],[5.6465,49.0614],[5.6533,49.0619],[5.6575,49.0638],[5.6632,49.0634],[5.6629,49.0623],[5.6671,49.0582],[5.6663,49.0575],[5.6619,49.0547],[5.6587,49.0518],[5.6607,49.0495],[5.6535,49.047],[5.6483,49.0443],[5.6436,49.0411],[5.6455,49.0393],[5.6384,49.0339],[5.634,49.033],[5.6256,49.0323],[5.6202,49.0315],[5.6146,49.0328],[5.6139,49.0352],[5.6172,49.0372],[5.6159,49.0403],[5.6187,49.041],[5.6181,49.043],[5.6192,49.0466],[5.6181,49.0496]]]}},{"type":"Feature","properties":{"code":"55244","nom":"Herméville-en-Woëvre","pop":218},"geometry":{"type":"Polygon","coordinates":[[[5.6051,49.1563],[5.6011,49.1565],[5.5972,49.1588],[5.5939,49.1638],[5.5914,49.1657],[5.5869,49.1667],[5.5826,49.1658],[5.5757,49.1654],[5.5716,49.1676],[5.573,49.1693],[5.5699,49.1733],[5.5697,49.1768],[5.5708,49.1779],[5.567,49.1799],[5.5688,49.1806],[5.5685,49.1868],[5.5774,49.1868],[5.5795,49.1893],[5.5861,49.1944],[5.5866,49.1963],[5.5911,49.1977],[5.5935,49.1944],[5.598,49.1945],[5.5996,49.1937],[5.6128,49.1953],[5.6221,49.1957],[5.6241,49.1902],[5.6213,49.1898],[5.6222,49.1873],[5.6204,49.186],[5.6306,49.1782],[5.633,49.1791],[5.6397,49.1795],[5.6412,49.1757],[5.6357,49.1722],[5.6325,49.1715],[5.6311,49.1676],[5.6261,49.1664],[5.62,49.1637],[5.6128,49.1618],[5.6089,49.1574],[5.6051,49.1563]]]}},{"type":"Feature","properties":{"code":"55245","nom":"Heudicourt-sous-les-Côtes","pop":172},"geometry":{"type":"Polygon","coordinates":[[[5.6955,48.9535],[5.7002,48.9541],[5.7046,48.9509],[5.731,48.9508],[5.7296,48.9461],[5.7273,48.943],[5.7257,48.9379],[5.7291,48.9351],[5.7304,48.9285],[5.7272,48.9232],[5.7279,48.9218],[5.7195,48.9196],[5.7188,48.9236],[5.715,48.9251],[5.7074,48.9262],[5.7035,48.926],[5.6975,48.9246],[5.6933,48.9249],[5.6855,48.9264],[5.685,48.9281],[5.6816,48.9291],[5.6726,48.9266],[5.6583,48.9315],[5.6632,48.9372],[5.6632,48.9386],[5.6663,48.942],[5.6657,48.9465],[5.681,48.9524],[5.6955,48.9535]]]}},{"type":"Feature","properties":{"code":"55246","nom":"Hévilliers","pop":158},"geometry":{"type":"Polygon","coordinates":[[[5.2873,48.5908],[5.2865,48.5924],[5.2881,48.596],[5.2879,48.5991],[5.2915,48.6013],[5.2929,48.6031],[5.3023,48.6101],[5.302,48.6106],[5.304,48.6119],[5.3073,48.612],[5.3131,48.6105],[5.3186,48.6114],[5.3246,48.6113],[5.3252,48.6125],[5.3294,48.6119],[5.3335,48.6127],[5.338,48.6098],[5.3463,48.6155],[5.3502,48.6189],[5.3523,48.6181],[5.3639,48.6096],[5.3613,48.6079],[5.3579,48.6071],[5.3566,48.6038],[5.3543,48.6024],[5.3456,48.6016],[5.3445,48.5981],[5.3447,48.5951],[5.3428,48.5939],[5.3512,48.5903],[5.3489,48.5879],[5.3511,48.5866],[5.3464,48.5856],[5.3438,48.5883],[5.3382,48.5867],[5.3354,48.5867],[5.3309,48.5888],[5.3273,48.5915],[5.3234,48.5923],[5.3208,48.5908],[5.3127,48.5934],[5.307,48.5969],[5.3013,48.5946],[5.297,48.5944],[5.2966,48.5917],[5.2873,48.5908]]]}},{"type":"Feature","properties":{"code":"55247","nom":"Horville-en-Ornois","pop":45},"geometry":{"type":"Polygon","coordinates":[[[5.4661,48.5054],[5.4664,48.5032],[5.4702,48.5037],[5.479,48.497],[5.4805,48.4955],[5.4876,48.4907],[5.4906,48.4903],[5.4895,48.4891],[5.4891,48.4849],[5.4834,48.4828],[5.4822,48.4796],[5.4781,48.4771],[5.4778,48.4739],[5.4729,48.471],[5.4731,48.4685],[5.4693,48.466],[5.4615,48.4734],[5.4588,48.4766],[5.4541,48.4779],[5.4521,48.4816],[5.457,48.4852],[5.4562,48.4872],[5.4519,48.4888],[5.4526,48.4921],[5.4505,48.4945],[5.4471,48.4968],[5.451,48.5012],[5.4549,48.5031],[5.4616,48.5052],[5.4661,48.5054]]]}},{"type":"Feature","properties":{"code":"55248","nom":"Houdelaincourt","pop":281},"geometry":{"type":"Polygon","coordinates":[[[5.4752,48.532],[5.4638,48.5363],[5.4586,48.5355],[5.4573,48.5366],[5.4497,48.5397],[5.4399,48.542],[5.4289,48.544],[5.4225,48.5468],[5.4129,48.5504],[5.4024,48.5525],[5.3983,48.5572],[5.3968,48.5606],[5.4037,48.5628],[5.4092,48.5666],[5.4135,48.568],[5.4176,48.5644],[5.4167,48.5619],[5.4214,48.5602],[5.4304,48.5589],[5.4341,48.5572],[5.4392,48.5588],[5.4473,48.56],[5.4539,48.5594],[5.4613,48.5608],[5.466,48.5601],[5.4692,48.561],[5.4747,48.5613],[5.4792,48.5608],[5.4925,48.5634],[5.4957,48.5633],[5.5016,48.5679],[5.5049,48.5645],[5.5074,48.5602],[5.507,48.556],[5.5042,48.5502],[5.4915,48.5485],[5.4884,48.5468],[5.4843,48.5458],[5.4834,48.5383],[5.4817,48.5366],[5.4752,48.532]]]}},{"type":"Feature","properties":{"code":"55250","nom":"Inor","pop":177},"geometry":{"type":"Polygon","coordinates":[[[5.1893,49.5542],[5.1848,49.5531],[5.1787,49.5468],[5.1692,49.5425],[5.1645,49.5383],[5.1593,49.5402],[5.1564,49.5457],[5.1572,49.5477],[5.1513,49.5502],[5.1436,49.5503],[5.141,49.5511],[5.1417,49.553],[5.1404,49.5569],[5.1447,49.5572],[5.1448,49.5589],[5.141,49.5601],[5.1421,49.5626],[5.1453,49.5646],[5.1493,49.566],[5.1511,49.5639],[5.1597,49.5666],[5.1629,49.5645],[5.1681,49.5629],[5.1778,49.5671],[5.1815,49.5629],[5.1822,49.559],[5.187,49.5569],[5.1893,49.5542]]]}},{"type":"Feature","properties":{"code":"55251","nom":"Ippécourt","pop":88},"geometry":{"type":"Polygon","coordinates":[[[5.1844,49.0438],[5.184,49.0448],[5.1931,49.0473],[5.1928,49.0484],[5.1988,49.0491],[5.2061,49.0494],[5.2169,49.0538],[5.2182,49.0588],[5.2248,49.0608],[5.2312,49.0597],[5.2323,49.0578],[5.2288,49.0553],[5.2253,49.0506],[5.2266,49.0496],[5.227,49.0444],[5.2306,49.0402],[5.2338,49.0378],[5.2391,49.0327],[5.2377,49.031],[5.2328,49.0284],[5.2317,49.028],[5.2288,49.0268],[5.2239,49.0235],[5.2176,49.0235],[5.2134,49.021],[5.2123,49.0184],[5.2101,49.0172],[5.2077,49.019],[5.2048,49.0181],[5.2036,49.0201],[5.2013,49.0206],[5.185,49.0347],[5.1871,49.0355],[5.186,49.0405],[5.1844,49.0438]]]}},{"type":"Feature","properties":{"code":"55252","nom":"Iré-le-Sec","pop":144},"geometry":{"type":"Polygon","coordinates":[[[5.3956,49.4585],[5.3871,49.4595],[5.3844,49.4611],[5.3805,49.4615],[5.3792,49.4629],[5.376,49.4621],[5.3728,49.4653],[5.3754,49.4659],[5.3796,49.469],[5.383,49.4751],[5.3823,49.4768],[5.3771,49.4764],[5.3764,49.4781],[5.3811,49.4818],[5.3783,49.4851],[5.3827,49.486],[5.3849,49.4904],[5.3918,49.4903],[5.396,49.4891],[5.4045,49.4845],[5.4054,49.4878],[5.4081,49.4855],[5.4154,49.4819],[5.4183,49.4702],[5.4167,49.469],[5.4157,49.4658],[5.416,49.4628],[5.4161,49.4612],[5.412,49.4592],[5.4051,49.4594],[5.3956,49.4585]]]}},{"type":"Feature","properties":{"code":"55253","nom":"Les Islettes","pop":695},"geometry":{"type":"Polygon","coordinates":[[[4.9899,49.1253],[4.9902,49.124],[4.9957,49.1214],[5.0027,49.1253],[5.0038,49.1238],[5.0081,49.1226],[5.0071,49.12],[5.0122,49.1202],[5.0153,49.122],[5.0181,49.1208],[5.0234,49.1215],[5.0238,49.1198],[5.0193,49.1188],[5.0217,49.1142],[5.0211,49.1125],[5.0272,49.1123],[5.0291,49.109],[5.033,49.1061],[5.0283,49.1033],[5.0242,49.1042],[5.019,49.0997],[5.0165,49.1009],[5.0087,49.1067],[5.0054,49.1067],[5.0021,49.1043],[5.0023,49.101],[5.0045,49.0919],[4.9979,49.0923],[4.9982,49.0946],[4.9973,49.1052],[4.996,49.1083],[4.991,49.1169],[4.985,49.1225],[4.9899,49.1253]]]}},{"type":"Feature","properties":{"code":"55254","nom":"Les Trois-Domaines","pop":119},"geometry":{"type":"Polygon","coordinates":[[[5.2502,48.9828],[5.2529,48.984],[5.2543,48.9861],[5.2599,48.9867],[5.2628,48.9882],[5.2626,48.9897],[5.2662,48.9919],[5.2684,48.9917],[5.2716,48.9895],[5.2772,48.99],[5.2854,48.9866],[5.2877,48.9847],[5.2996,48.9859],[5.305,48.987],[5.3083,48.9826],[5.309,48.9789],[5.3161,48.9743],[5.3214,48.9698],[5.3268,48.9721],[5.3318,48.9727],[5.3351,48.9696],[5.3217,48.9674],[5.3162,48.9682],[5.3143,48.9645],[5.3098,48.9617],[5.3051,48.9614],[5.3049,48.9599],[5.3002,48.9603],[5.2974,48.9585],[5.2883,48.9582],[5.2814,48.9515],[5.2845,48.9476],[5.2791,48.9452],[5.2752,48.9443],[5.2717,48.9474],[5.2646,48.9516],[5.2707,48.954],[5.2699,48.9576],[5.261,48.9547],[5.2601,48.954],[5.2497,48.9584],[5.2494,48.9625],[5.2518,48.9627],[5.2504,48.9655],[5.2525,48.9661],[5.2518,48.9703],[5.2525,48.9739],[5.2539,48.9754],[5.2516,48.9776],[5.2518,48.9797],[5.2502,48.9828]]]}},{"type":"Feature","properties":{"code":"55255","nom":"Jametz","pop":239},"geometry":{"type":"Polygon","coordinates":[[[5.3778,49.4022],[5.3697,49.404],[5.3642,49.4041],[5.3604,49.4054],[5.3563,49.4124],[5.3541,49.4153],[5.3579,49.4197],[5.3592,49.424],[5.3624,49.4264],[5.3672,49.4272],[5.3687,49.4295],[5.3644,49.4315],[5.365,49.4348],[5.3675,49.4372],[5.3672,49.4391],[5.373,49.4415],[5.3745,49.4403],[5.3857,49.4435],[5.3904,49.4421],[5.3916,49.4435],[5.4007,49.4472],[5.4036,49.4471],[5.4063,49.4451],[5.4087,49.4466],[5.4117,49.4458],[5.4157,49.4468],[5.4225,49.4442],[5.4224,49.4422],[5.4244,49.4401],[5.4297,49.4382],[5.4303,49.4365],[5.4293,49.4281],[5.4078,49.4163],[5.4029,49.4144],[5.3945,49.4099],[5.3879,49.4041],[5.3822,49.4025],[5.3802,49.4037],[5.3778,49.4022]]]}},{"type":"Feature","properties":{"code":"55256","nom":"Jonville-en-Woëvre","pop":143},"geometry":{"type":"Polygon","coordinates":[[[5.8082,49.0758],[5.8059,49.0676],[5.8062,49.0635],[5.8063,49.0624],[5.7995,49.0617],[5.7975,49.0575],[5.7897,49.0535],[5.7866,49.0559],[5.7775,49.0522],[5.7697,49.0464],[5.7662,49.0455],[5.7585,49.0543],[5.755,49.0539],[5.7478,49.0598],[5.7451,49.0599],[5.7452,49.0633],[5.7484,49.0651],[5.753,49.0708],[5.7578,49.0753],[5.7647,49.0785],[5.7714,49.0808],[5.7765,49.0836],[5.7791,49.0805],[5.7823,49.0812],[5.786,49.0799],[5.7881,49.0767],[5.7922,49.0775],[5.7955,49.0749],[5.7999,49.0728],[5.8037,49.0734],[5.8047,49.0759],[5.8082,49.0758]]]}},{"type":"Feature","properties":{"code":"55257","nom":"Jouy-en-Argonne","pop":61},"geometry":{"type":"Polygon","coordinates":[[[5.2452,49.1294],[5.2378,49.1262],[5.2298,49.1252],[5.2253,49.1235],[5.2134,49.124],[5.2023,49.1226],[5.1973,49.1257],[5.2061,49.1285],[5.2072,49.1313],[5.2123,49.1324],[5.2108,49.1364],[5.2111,49.1385],[5.2172,49.1416],[5.219,49.144],[5.2221,49.1444],[5.2208,49.1474],[5.2188,49.1484],[5.2182,49.1521],[5.2238,49.153],[5.2261,49.1531],[5.2323,49.151],[5.2366,49.1485],[5.2364,49.1447],[5.2387,49.1436],[5.2431,49.1384],[5.2462,49.1303],[5.2452,49.1294]]]}},{"type":"Feature","properties":{"code":"55258","nom":"Geville","pop":639},"geometry":{"type":"Polygon","coordinates":[[[5.7626,48.7941],[5.7673,48.7965],[5.7782,48.7998],[5.7763,48.7903],[5.7745,48.7912],[5.7716,48.7894],[5.7684,48.7906],[5.7584,48.7844],[5.7368,48.7705],[5.7376,48.7684],[5.7351,48.7644],[5.7343,48.7615],[5.741,48.7597],[5.7456,48.7592],[5.742,48.7528],[5.7391,48.7532],[5.7326,48.7486],[5.7256,48.7529],[5.7193,48.7483],[5.7163,48.7489],[5.7117,48.7517],[5.7042,48.7497],[5.7028,48.7566],[5.6934,48.7562],[5.693,48.7586],[5.6943,48.7613],[5.6879,48.7602],[5.6823,48.7622],[5.6795,48.7622],[5.667,48.761],[5.6652,48.7601],[5.655,48.7724],[5.6526,48.7733],[5.6576,48.7826],[5.6457,48.7862],[5.656,48.7901],[5.6566,48.7912],[5.6649,48.7979],[5.6671,48.8016],[5.671,48.8025],[5.6699,48.8049],[5.6729,48.8085],[5.6747,48.8085],[5.6783,48.8115],[5.6753,48.817],[5.6788,48.8181],[5.6837,48.8145],[5.6856,48.8154],[5.6909,48.8122],[5.6958,48.8113],[5.6928,48.8023],[5.6968,48.805],[5.7025,48.8028],[5.7066,48.8023],[5.7129,48.798],[5.7163,48.7966],[5.723,48.7916],[5.7306,48.7907],[5.7336,48.7895],[5.7418,48.7926],[5.751,48.7927],[5.7547,48.7935],[5.7626,48.7941]]]}},{"type":"Feature","properties":{"code":"55260","nom":"Julvécourt","pop":62},"geometry":{"type":"Polygon","coordinates":[[[5.1604,49.0629],[5.1602,49.0653],[5.1623,49.0657],[5.1655,49.0685],[5.1732,49.0702],[5.1742,49.068],[5.1805,49.0705],[5.187,49.0706],[5.1916,49.0719],[5.1976,49.0727],[5.1989,49.0745],[5.2022,49.0742],[5.2069,49.0719],[5.2099,49.0712],[5.2132,49.0693],[5.2092,49.067],[5.2138,49.0596],[5.2182,49.0588],[5.2169,49.0538],[5.2061,49.0494],[5.1988,49.0491],[5.1928,49.0484],[5.1931,49.0473],[5.184,49.0448],[5.1807,49.0478],[5.1758,49.0482],[5.1745,49.0537],[5.1719,49.0545],[5.1692,49.0537],[5.1678,49.0573],[5.1602,49.0595],[5.1604,49.0629]]]}},{"type":"Feature","properties":{"code":"55261","nom":"Juvigny-en-Perthois","pop":129},"geometry":{"type":"Polygon","coordinates":[[[5.1784,48.589],[5.1743,48.5863],[5.1691,48.5858],[5.1617,48.5835],[5.1592,48.5861],[5.157,48.5853],[5.1443,48.5933],[5.1412,48.5939],[5.1423,48.5951],[5.1417,48.5995],[5.1441,48.6034],[5.1486,48.6055],[5.1501,48.6073],[5.1578,48.6104],[5.1595,48.6102],[5.1635,48.6119],[5.168,48.6073],[5.1703,48.6099],[5.1721,48.6089],[5.1745,48.6053],[5.1769,48.604],[5.1798,48.6],[5.1866,48.5988],[5.1869,48.5941],[5.1786,48.5955],[5.175,48.5931],[5.1785,48.5908],[5.1784,48.589]]]}},{"type":"Feature","properties":{"code":"55262","nom":"Juvigny-sur-Loison","pop":239},"geometry":{"type":"Polygon","coordinates":[[[5.3006,49.4359],[5.2979,49.4359],[5.2948,49.4378],[5.2887,49.4391],[5.2933,49.4451],[5.2962,49.4538],[5.2978,49.4573],[5.2958,49.4601],[5.2956,49.4624],[5.3007,49.4701],[5.3021,49.4711],[5.3138,49.4676],[5.3226,49.4692],[5.3262,49.472],[5.3333,49.4729],[5.3348,49.478],[5.3396,49.4773],[5.342,49.4792],[5.3477,49.479],[5.3516,49.4811],[5.3566,49.4799],[5.3573,49.4843],[5.3572,49.4887],[5.3597,49.4836],[5.3597,49.4807],[5.3643,49.4783],[5.3737,49.4773],[5.3764,49.4781],[5.3771,49.4764],[5.3823,49.4768],[5.383,49.4751],[5.3796,49.469],[5.3754,49.4659],[5.3728,49.4653],[5.3662,49.4641],[5.3564,49.46],[5.3506,49.4583],[5.3517,49.4565],[5.349,49.4557],[5.3457,49.4573],[5.3441,49.4505],[5.3411,49.4496],[5.3387,49.4467],[5.3333,49.4477],[5.3266,49.4463],[5.3225,49.4443],[5.3173,49.4438],[5.3124,49.4405],[5.3086,49.4388],[5.3078,49.4357],[5.3006,49.4359]]]}},{"type":"Feature","properties":{"code":"55263","nom":"Kœur-la-Grande","pop":164},"geometry":{"type":"Polygon","coordinates":[[[5.4497,48.8816],[5.4556,48.8869],[5.4595,48.8824],[5.4703,48.8797],[5.472,48.8786],[5.4909,48.8854],[5.4931,48.8803],[5.4961,48.8785],[5.499,48.8784],[5.4964,48.8741],[5.4918,48.8712],[5.491,48.8678],[5.4882,48.8659],[5.4916,48.8641],[5.4861,48.8601],[5.4866,48.8564],[5.4854,48.8539],[5.4817,48.8488],[5.4758,48.8441],[5.4737,48.8432],[5.4693,48.8437],[5.4592,48.8426],[5.4524,48.8438],[5.4529,48.8459],[5.4514,48.8501],[5.4591,48.8539],[5.4568,48.8554],[5.4559,48.8596],[5.4576,48.8605],[5.4563,48.8642],[5.4584,48.8651],[5.4502,48.8722],[5.4445,48.8729],[5.4364,48.8711],[5.4267,48.8755],[5.4259,48.8765],[5.4465,48.8799],[5.4497,48.8816]]]}},{"type":"Feature","properties":{"code":"55264","nom":"Kœur-la-Petite","pop":256},"geometry":{"type":"Polygon","coordinates":[[[5.4577,48.8352],[5.4442,48.8342],[5.4373,48.836],[5.4321,48.8368],[5.4255,48.8342],[5.4299,48.8327],[5.4289,48.8313],[5.4138,48.8316],[5.4133,48.8386],[5.4222,48.8412],[5.4229,48.844],[5.4221,48.8466],[5.419,48.8479],[5.4148,48.8518],[5.4097,48.8575],[5.4001,48.8614],[5.4146,48.8691],[5.4267,48.8755],[5.4364,48.8711],[5.4445,48.8729],[5.4502,48.8722],[5.4584,48.8651],[5.4563,48.8642],[5.4576,48.8605],[5.4559,48.8596],[5.4568,48.8554],[5.4591,48.8539],[5.4514,48.8501],[5.4529,48.8459],[5.4524,48.8438],[5.4592,48.8426],[5.4693,48.8437],[5.4737,48.8432],[5.4758,48.8441],[5.4817,48.8488],[5.4854,48.8539],[5.4866,48.8564],[5.4861,48.8601],[5.4916,48.8641],[5.4977,48.8628],[5.5001,48.8588],[5.5073,48.86],[5.5069,48.8629],[5.5113,48.8642],[5.512,48.8659],[5.5163,48.8678],[5.519,48.8677],[5.5222,48.8645],[5.5201,48.8638],[5.5105,48.8623],[5.514,48.8565],[5.5158,48.8547],[5.51,48.8487],[5.5134,48.8468],[5.5103,48.8433],[5.5058,48.8439],[5.502,48.8417],[5.4968,48.8371],[5.491,48.8348],[5.4857,48.8338],[5.4807,48.8343],[5.471,48.8365],[5.4663,48.8367],[5.4577,48.8352]]]}},{"type":"Feature","properties":{"code":"55265","nom":"Labeuville","pop":139},"geometry":{"type":"Polygon","coordinates":[[[5.7725,49.1055],[5.7783,49.1091],[5.7775,49.1118],[5.7845,49.1129],[5.7914,49.1111],[5.7999,49.1115],[5.8048,49.1123],[5.8081,49.1114],[5.8075,49.1091],[5.8047,49.1038],[5.8018,49.1006],[5.8019,49.0979],[5.7973,49.0959],[5.7949,49.0938],[5.7965,49.0905],[5.7928,49.0882],[5.7902,49.0901],[5.7818,49.0875],[5.7805,49.0858],[5.7765,49.0836],[5.7714,49.0808],[5.7647,49.0785],[5.7578,49.0753],[5.753,49.0708],[5.7484,49.0651],[5.7452,49.0633],[5.7437,49.0655],[5.7436,49.0681],[5.7409,49.0702],[5.7453,49.0717],[5.7423,49.0739],[5.7374,49.0729],[5.7415,49.0744],[5.7394,49.076],[5.7497,49.0828],[5.7552,49.0845],[5.756,49.0859],[5.7599,49.0906],[5.7607,49.0932],[5.7666,49.0968],[5.7725,49.1055]]]}},{"type":"Feature","properties":{"code":"55266","nom":"Lachalade","pop":57},"geometry":{"type":"Polygon","coordinates":[[[4.9424,49.1866],[4.942,49.1856],[4.9464,49.1829],[4.9495,49.1791],[4.9529,49.1828],[4.9565,49.1852],[4.9625,49.1865],[4.9706,49.1864],[4.9745,49.1868],[4.9828,49.1887],[4.9912,49.1914],[5.0027,49.1943],[5.0053,49.1958],[5.0102,49.1966],[5.0148,49.1986],[5.0194,49.2014],[5.0191,49.1973],[5.0237,49.1927],[5.0272,49.1913],[5.0282,49.1883],[5.0283,49.1837],[5.027,49.1796],[5.0253,49.1781],[5.0301,49.1761],[5.0291,49.1753],[5.031,49.1723],[5.0297,49.1682],[5.0317,49.1662],[5.0211,49.1614],[5.0163,49.1613],[5.0079,49.1572],[5.0041,49.1565],[5.0016,49.1582],[4.9948,49.1585],[4.9917,49.1597],[4.9826,49.1588],[4.9799,49.1615],[4.9741,49.1614],[4.9716,49.1605],[4.9635,49.1602],[4.9657,49.1576],[4.9673,49.1552],[4.9645,49.1547],[4.9612,49.1601],[4.9584,49.1623],[4.9537,49.1712],[4.9507,49.1762],[4.9466,49.1795],[4.9433,49.1834],[4.9403,49.1846],[4.9424,49.1866]]]}},{"type":"Feature","properties":{"code":"55267","nom":"Lachaussée","pop":271},"geometry":{"type":"Polygon","coordinates":[[[5.8361,49.0661],[5.8374,49.0651],[5.8339,49.0625],[5.8344,49.0584],[5.8367,49.0581],[5.8363,49.055],[5.8391,49.0525],[5.8404,49.05],[5.8449,49.0483],[5.8476,49.0442],[5.8519,49.0446],[5.854,49.0431],[5.8536,49.0407],[5.8499,49.038],[5.8441,49.0361],[5.8305,49.0326],[5.8289,49.0298],[5.8295,49.0274],[5.828,49.0248],[5.8211,49.0223],[5.82,49.0205],[5.8218,49.0153],[5.8208,49.0135],[5.8165,49.0113],[5.8135,49.0049],[5.8099,49.0029],[5.8111,49.0018],[5.808,48.9995],[5.8034,48.9992],[5.8012,49.0006],[5.7936,48.9986],[5.7872,48.9983],[5.7852,49.0011],[5.7884,49.01],[5.7905,49.0107],[5.7916,49.0139],[5.796,49.0158],[5.794,49.0176],[5.7886,49.0162],[5.7806,49.0151],[5.7754,49.0134],[5.7716,49.0142],[5.7681,49.0139],[5.7666,49.0115],[5.7564,49.0092],[5.7554,49.007],[5.7506,49.0051],[5.7492,49.0093],[5.7427,49.013],[5.7452,49.015],[5.7435,49.0214],[5.7482,49.0237],[5.7602,49.0266],[5.7589,49.03],[5.7606,49.0311],[5.7589,49.0332],[5.768,49.0342],[5.7709,49.0371],[5.7662,49.0378],[5.7637,49.0397],[5.7722,49.0442],[5.7794,49.051],[5.7775,49.0522],[5.7866,49.0559],[5.7897,49.0535],[5.7975,49.0575],[5.7995,49.0617],[5.8063,49.0624],[5.8062,49.0635],[5.8071,49.061],[5.8118,49.0618],[5.8164,49.064],[5.8236,49.0653],[5.8246,49.0624],[5.8287,49.0644],[5.8307,49.0641],[5.8361,49.0661]]]}},{"type":"Feature","properties":{"code":"55268","nom":"Lacroix-sur-Meuse","pop":638},"geometry":{"type":"Polygon","coordinates":[[[5.5123,48.9554],[5.5102,48.9551],[5.5071,48.9579],[5.509,48.9604],[5.5093,48.9629],[5.5048,48.9642],[5.5058,48.9663],[5.5041,48.9685],[5.5018,48.9678],[5.4988,48.9713],[5.4931,48.9739],[5.4898,48.9742],[5.4857,48.9768],[5.4817,48.977],[5.4797,48.9806],[5.4764,48.9813],[5.4806,48.9825],[5.4854,48.9823],[5.4914,48.9894],[5.4943,48.9918],[5.5057,48.9969],[5.5099,48.9993],[5.5156,48.9967],[5.5252,48.995],[5.5343,48.9988],[5.5401,49.0001],[5.5328,49.0034],[5.5308,49.0051],[5.5336,49.0125],[5.5426,49.0096],[5.546,49.011],[5.5496,49.0075],[5.5565,49.0105],[5.5621,49.0098],[5.5668,49.0101],[5.5712,49.0142],[5.5762,49.0126],[5.5783,49.0121],[5.5836,49.0083],[5.5756,49.0039],[5.5705,49.0065],[5.5683,49.0049],[5.567,49.0022],[5.5644,49.0054],[5.5572,49.0006],[5.5473,48.9931],[5.5458,48.9884],[5.5448,48.9827],[5.5479,48.9805],[5.5535,48.9793],[5.5555,48.9771],[5.5606,48.9746],[5.5593,48.9699],[5.5538,48.9657],[5.55,48.9613],[5.5465,48.9615],[5.5404,48.9596],[5.5321,48.9598],[5.5269,48.9592],[5.526,48.9604],[5.5181,48.959],[5.5125,48.9593],[5.5123,48.9554]]]}},{"type":"Feature","properties":{"code":"55269","nom":"Lahaymeix","pop":76},"geometry":{"type":"Polygon","coordinates":[[[5.4512,48.9447],[5.4523,48.9451],[5.4621,48.9383],[5.4553,48.9375],[5.453,48.9352],[5.4504,48.9364],[5.4462,48.9349],[5.4432,48.9325],[5.4401,48.9316],[5.4378,48.9284],[5.4316,48.9274],[5.4297,48.9187],[5.4316,48.9177],[5.4285,48.9169],[5.419,48.9184],[5.4126,48.9201],[5.4099,48.9213],[5.407,48.9211],[5.4018,48.9249],[5.3963,48.9231],[5.387,48.922],[5.3853,48.9243],[5.3797,48.9272],[5.3756,48.9277],[5.3752,48.9305],[5.3798,48.9305],[5.3835,48.9336],[5.3822,48.9346],[5.3848,48.935],[5.3933,48.9378],[5.3968,48.9417],[5.4061,48.9457],[5.4128,48.9501],[5.417,48.9516],[5.4253,48.9499],[5.4302,48.9467],[5.4355,48.9475],[5.4397,48.9494],[5.4418,48.9478],[5.4476,48.9483],[5.4512,48.9447]]]}},{"type":"Feature","properties":{"code":"55270","nom":"Lahayville","pop":27},"geometry":{"type":"Polygon","coordinates":[[[5.7866,48.8782],[5.7823,48.8762],[5.7776,48.8761],[5.7774,48.8773],[5.7686,48.8821],[5.7699,48.8848],[5.7664,48.8885],[5.7635,48.8903],[5.7603,48.8896],[5.756,48.8983],[5.7609,48.9007],[5.7513,48.9003],[5.7494,48.901],[5.7532,48.9099],[5.7532,48.9131],[5.7568,48.9132],[5.7572,48.9105],[5.7564,48.909],[5.7609,48.904],[5.7651,48.9019],[5.7663,48.8973],[5.7713,48.8942],[5.7751,48.8949],[5.7792,48.8914],[5.7808,48.8911],[5.7853,48.8879],[5.7904,48.8867],[5.7903,48.8835],[5.7866,48.8782]]]}},{"type":"Feature","properties":{"code":"55271","nom":"Laheycourt","pop":349},"geometry":{"type":"Polygon","coordinates":[[[5.0169,48.9207],[5.0227,48.9175],[5.0272,48.9201],[5.0287,48.9234],[5.0333,48.9234],[5.0384,48.9256],[5.0391,48.9287],[5.0421,48.9298],[5.0453,48.9271],[5.0474,48.9267],[5.0489,48.9241],[5.056,48.9207],[5.0563,48.918],[5.0611,48.9171],[5.0657,48.9126],[5.069,48.9117],[5.0707,48.9087],[5.0728,48.9086],[5.0757,48.9032],[5.0722,48.9028],[5.0675,48.9038],[5.0619,48.9021],[5.0579,48.9031],[5.0516,48.903],[5.0461,48.904],[5.0412,48.9034],[5.0344,48.8982],[5.0353,48.8956],[5.0395,48.8933],[5.0477,48.8919],[5.0476,48.8871],[5.0454,48.8843],[5.0418,48.8825],[5.0342,48.8762],[5.0376,48.8748],[5.0372,48.8722],[5.0201,48.8749],[5.0107,48.878],[5.0105,48.8812],[5.0041,48.8855],[4.9971,48.8937],[4.9969,48.9015],[4.9951,48.9025],[4.9963,48.9046],[5.0026,48.9071],[5.006,48.9091],[5.0071,48.9114],[5.0113,48.9106],[5.014,48.9111],[5.014,48.9148],[5.0168,48.9172],[5.0169,48.9207]]]}},{"type":"Feature","properties":{"code":"55272","nom":"Laimont","pop":423},"geometry":{"type":"Polygon","coordinates":[[[5.0457,48.8573],[5.0474,48.8586],[5.0549,48.8579],[5.0612,48.8545],[5.0655,48.8538],[5.0696,48.8522],[5.0712,48.8496],[5.0745,48.8465],[5.0729,48.8438],[5.0666,48.8422],[5.0632,48.8364],[5.0552,48.8285],[5.0531,48.8297],[5.0478,48.8259],[5.0393,48.8272],[5.0345,48.8274],[5.0334,48.8296],[5.0228,48.8328],[5.0162,48.8333],[5.0126,48.8342],[5.0098,48.8371],[5.0088,48.8398],[5.0102,48.8426],[5.0108,48.8467],[5.019,48.8446],[5.0223,48.8511],[5.0268,48.851],[5.0363,48.856],[5.0457,48.8573]]]}},{"type":"Feature","properties":{"code":"55274","nom":"Lamorville","pop":269},"geometry":{"type":"Polygon","coordinates":[[[5.619,49.0033],[5.6279,49.0051],[5.6348,48.9923],[5.6371,48.9891],[5.6422,48.9922],[5.6443,48.9912],[5.6576,48.9896],[5.6583,48.9874],[5.6667,48.9849],[5.6624,48.9787],[5.6613,48.9782],[5.6477,48.9763],[5.6439,48.975],[5.6436,48.9724],[5.6416,48.9677],[5.6365,48.9667],[5.6336,48.9676],[5.6307,48.9667],[5.6274,48.964],[5.628,48.9614],[5.6238,48.961],[5.6217,48.963],[5.616,48.9584],[5.608,48.9555],[5.6029,48.9539],[5.5981,48.9511],[5.5937,48.9509],[5.5883,48.9482],[5.5876,48.9466],[5.5823,48.9412],[5.5796,48.9409],[5.5756,48.9363],[5.5783,48.9357],[5.5834,48.9319],[5.5776,48.9287],[5.5724,48.927],[5.5717,48.9286],[5.5632,48.9265],[5.5588,48.9248],[5.5515,48.923],[5.5472,48.9226],[5.5466,48.9251],[5.5432,48.9253],[5.5403,48.928],[5.535,48.9341],[5.5383,48.9363],[5.5334,48.9409],[5.5357,48.9413],[5.5446,48.9474],[5.5423,48.9495],[5.5511,48.9532],[5.5498,48.9542],[5.55,48.9613],[5.5538,48.9657],[5.5593,48.9699],[5.5606,48.9746],[5.5691,48.9767],[5.569,48.9798],[5.5711,48.9815],[5.5778,48.9818],[5.5823,48.9832],[5.5874,48.9857],[5.593,48.9876],[5.5961,48.9878],[5.5943,48.9928],[5.6004,48.9957],[5.6056,48.9938],[5.617,48.9953],[5.6188,48.9966],[5.6245,48.9971],[5.6215,49.0011],[5.619,49.0033]]]}},{"type":"Feature","properties":{"code":"55275","nom":"Lamouilly","pop":84},"geometry":{"type":"Polygon","coordinates":[[[5.2349,49.5621],[5.2384,49.5619],[5.2407,49.5591],[5.2453,49.5586],[5.2521,49.5566],[5.2545,49.5556],[5.255,49.5522],[5.2584,49.5491],[5.2588,49.5435],[5.263,49.5418],[5.2611,49.5387],[5.2534,49.5358],[5.2504,49.5339],[5.2435,49.537],[5.241,49.5387],[5.2373,49.5393],[5.2354,49.5415],[5.2376,49.5425],[5.2322,49.5454],[5.2317,49.547],[5.2283,49.5475],[5.2263,49.549],[5.2281,49.5519],[5.2274,49.5542],[5.2292,49.5551],[5.2296,49.5579],[5.2325,49.5589],[5.2316,49.5611],[5.2349,49.5621]]]}},{"type":"Feature","properties":{"code":"55276","nom":"Landrecourt-Lempire","pop":226},"geometry":{"type":"Polygon","coordinates":[[[5.3177,49.1185],[5.3205,49.119],[5.3237,49.1167],[5.3274,49.116],[5.3309,49.1135],[5.3364,49.1127],[5.342,49.1177],[5.3492,49.1206],[5.3544,49.1232],[5.3604,49.1235],[5.3638,49.1246],[5.3678,49.1276],[5.37,49.1264],[5.3685,49.1247],[5.3713,49.1215],[5.3699,49.1196],[5.364,49.1162],[5.3592,49.1161],[5.3568,49.1144],[5.357,49.1068],[5.3545,49.1029],[5.355,49.1007],[5.353,49.0985],[5.3503,49.0974],[5.3447,49.0933],[5.3457,49.0924],[5.3432,49.0859],[5.3458,49.0848],[5.3365,49.0824],[5.3355,49.0813],[5.3264,49.077],[5.3248,49.0733],[5.3247,49.0704],[5.3205,49.0668],[5.319,49.064],[5.3131,49.0633],[5.3127,49.0669],[5.3159,49.0699],[5.3191,49.0753],[5.3219,49.0781],[5.3221,49.0823],[5.3149,49.0863],[5.2986,49.089],[5.2964,49.0863],[5.2921,49.0856],[5.3007,49.0919],[5.3006,49.0934],[5.2977,49.0946],[5.2979,49.097],[5.302,49.0988],[5.3067,49.1024],[5.3092,49.107],[5.3117,49.11],[5.3132,49.1164],[5.3177,49.1185]]]}},{"type":"Feature","properties":{"code":"55278","nom":"Laneuville-au-Rupt","pop":192},"geometry":{"type":"Polygon","coordinates":[[[5.5415,48.7151],[5.5456,48.7155],[5.553,48.7184],[5.5571,48.7224],[5.5645,48.7259],[5.5771,48.7274],[5.5884,48.7246],[5.5945,48.7233],[5.5992,48.7215],[5.5935,48.7171],[5.5935,48.7146],[5.5981,48.7129],[5.6073,48.7103],[5.6106,48.708],[5.6048,48.7049],[5.5955,48.7021],[5.5985,48.7003],[5.5969,48.6979],[5.5936,48.6965],[5.5967,48.6909],[5.594,48.687],[5.5873,48.6876],[5.5786,48.6872],[5.5787,48.691],[5.5708,48.6926],[5.5647,48.6914],[5.5633,48.6878],[5.5588,48.6886],[5.5489,48.6952],[5.5521,48.6978],[5.5535,48.7004],[5.5524,48.7024],[5.5556,48.7035],[5.5601,48.7039],[5.5573,48.7079],[5.5499,48.7137],[5.5415,48.7151]]]}},{"type":"Feature","properties":{"code":"55279","nom":"Laneuville-sur-Meuse","pop":432},"geometry":{"type":"Polygon","coordinates":[[[5.13,49.4651],[5.1272,49.4679],[5.129,49.4695],[5.1278,49.4737],[5.1288,49.4778],[5.1329,49.4789],[5.1393,49.4816],[5.141,49.4832],[5.1165,49.498],[5.1119,49.5004],[5.1015,49.4925],[5.0938,49.4911],[5.093,49.4894],[5.0879,49.4901],[5.0856,49.4879],[5.0797,49.4865],[5.0741,49.4866],[5.0722,49.4883],[5.0715,49.4922],[5.0674,49.4967],[5.0654,49.4973],[5.0591,49.5011],[5.0599,49.5052],[5.0618,49.5078],[5.0669,49.508],[5.0787,49.5092],[5.0802,49.5124],[5.0834,49.5144],[5.0855,49.5203],[5.0895,49.5212],[5.0952,49.5192],[5.1021,49.5195],[5.1093,49.521],[5.1049,49.5277],[5.1078,49.5287],[5.115,49.5274],[5.1209,49.5257],[5.1245,49.5254],[5.1287,49.5205],[5.1268,49.5182],[5.1222,49.5176],[5.1157,49.5158],[5.1112,49.5148],[5.1102,49.5135],[5.1145,49.5121],[5.1176,49.5084],[5.1209,49.5064],[5.1285,49.5047],[5.1303,49.503],[5.1407,49.5003],[5.1454,49.5008],[5.1468,49.4998],[5.1518,49.4998],[5.1569,49.5006],[5.1575,49.4992],[5.162,49.4998],[5.1638,49.4959],[5.1695,49.4948],[5.1691,49.4937],[5.1721,49.491],[5.1724,49.4857],[5.1698,49.4831],[5.1714,49.4803],[5.1743,49.4775],[5.176,49.4722],[5.1684,49.4705],[5.1668,49.4727],[5.164,49.4722],[5.1593,49.4695],[5.1545,49.4685],[5.1467,49.4686],[5.137,49.4642],[5.133,49.4634],[5.13,49.4651]]]}},{"type":"Feature","properties":{"code":"55280","nom":"Lanhères","pop":54},"geometry":{"type":"Polygon","coordinates":[[[5.7287,49.225],[5.7226,49.2202],[5.7187,49.2162],[5.7218,49.2146],[5.7209,49.2093],[5.7236,49.205],[5.7269,49.2021],[5.7232,49.1993],[5.717,49.1994],[5.7091,49.1965],[5.703,49.1953],[5.7002,49.194],[5.697,49.1959],[5.6947,49.1998],[5.6993,49.2017],[5.7002,49.2042],[5.6994,49.2093],[5.7022,49.2098],[5.7027,49.2129],[5.7047,49.215],[5.7003,49.2184],[5.7012,49.2192],[5.7094,49.2225],[5.7137,49.2224],[5.7159,49.2202],[5.7232,49.2241],[5.7257,49.2261],[5.7287,49.225]]]}},{"type":"Feature","properties":{"code":"55281","nom":"Latour-en-Woëvre","pop":84},"geometry":{"type":"Polygon","coordinates":[[[5.8081,49.1114],[5.8182,49.1111],[5.8221,49.1084],[5.816,49.1028],[5.8178,49.0984],[5.8206,49.0956],[5.8209,49.0933],[5.8231,49.0908],[5.8268,49.0899],[5.8193,49.0864],[5.8164,49.0865],[5.8089,49.0782],[5.8082,49.0758],[5.8047,49.0759],[5.8037,49.0734],[5.7999,49.0728],[5.7955,49.0749],[5.7922,49.0775],[5.7881,49.0767],[5.786,49.0799],[5.7823,49.0812],[5.7791,49.0805],[5.7765,49.0836],[5.7805,49.0858],[5.7818,49.0875],[5.7902,49.0901],[5.7928,49.0882],[5.7965,49.0905],[5.7949,49.0938],[5.7973,49.0959],[5.8019,49.0979],[5.8018,49.1006],[5.8047,49.1038],[5.8075,49.1091],[5.8081,49.1114]]]}},{"type":"Feature","properties":{"code":"55282","nom":"Lavallée","pop":83},"geometry":{"type":"Polygon","coordinates":[[[5.3599,48.7988],[5.3544,48.799],[5.3429,48.7944],[5.3401,48.7926],[5.3374,48.7894],[5.3382,48.7866],[5.3348,48.7857],[5.3335,48.7871],[5.3339,48.791],[5.3281,48.7923],[5.3245,48.7939],[5.3182,48.793],[5.3112,48.7933],[5.3106,48.7955],[5.3053,48.7984],[5.3043,48.808],[5.3114,48.8126],[5.3093,48.8164],[5.3097,48.8181],[5.3085,48.8216],[5.3054,48.8251],[5.3093,48.8273],[5.3123,48.8277],[5.3145,48.8216],[5.3201,48.8244],[5.3228,48.8227],[5.3271,48.8248],[5.3312,48.8233],[5.3326,48.8216],[5.341,48.8223],[5.3413,48.8205],[5.3512,48.8187],[5.3585,48.8193],[5.361,48.8166],[5.3651,48.8179],[5.3673,48.8157],[5.3674,48.8079],[5.3627,48.8072],[5.355,48.8034],[5.3582,48.8012],[5.3599,48.7988]]]}},{"type":"Feature","properties":{"code":"55284","nom":"Lavincourt","pop":70},"geometry":{"type":"Polygon","coordinates":[[[5.1576,48.6693],[5.1652,48.6656],[5.1692,48.6632],[5.1658,48.6546],[5.1587,48.6492],[5.1574,48.6496],[5.1512,48.6449],[5.1481,48.6442],[5.1443,48.6486],[5.1465,48.6491],[5.1469,48.6513],[5.151,48.6549],[5.1477,48.657],[5.1443,48.6569],[5.1386,48.6526],[5.1342,48.6513],[5.1319,48.6484],[5.1288,48.6462],[5.1235,48.6487],[5.121,48.6515],[5.1245,48.6574],[5.1304,48.6556],[5.1329,48.6562],[5.1362,48.6607],[5.1374,48.6642],[5.1402,48.6641],[5.1485,48.667],[5.1576,48.6693]]]}},{"type":"Feature","properties":{"code":"55285","nom":"Lavoye","pop":142},"geometry":{"type":"Polygon","coordinates":[[[5.184,49.0448],[5.1844,49.0438],[5.1736,49.0405],[5.1592,49.0384],[5.1581,49.0412],[5.1488,49.0417],[5.1417,49.0415],[5.1383,49.0406],[5.1343,49.0427],[5.1333,49.0445],[5.1232,49.0438],[5.119,49.0422],[5.1121,49.0407],[5.1006,49.0362],[5.0968,49.0366],[5.0945,49.0355],[5.0952,49.0369],[5.0917,49.0397],[5.0888,49.0409],[5.0903,49.0466],[5.0946,49.048],[5.1018,49.0474],[5.1025,49.0494],[5.1088,49.0511],[5.1117,49.0506],[5.1196,49.0515],[5.1224,49.051],[5.129,49.0531],[5.1346,49.0569],[5.1507,49.06],[5.1536,49.0615],[5.1604,49.0629],[5.1602,49.0595],[5.1678,49.0573],[5.1692,49.0537],[5.1719,49.0545],[5.1745,49.0537],[5.1758,49.0482],[5.1807,49.0478],[5.184,49.0448]]]}},{"type":"Feature","properties":{"code":"55286","nom":"Lemmes","pop":240},"geometry":{"type":"Polygon","coordinates":[[[5.2843,49.0807],[5.287,49.0832],[5.2921,49.0856],[5.2964,49.0863],[5.2986,49.089],[5.3149,49.0863],[5.3221,49.0823],[5.3219,49.0781],[5.3191,49.0753],[5.3159,49.0699],[5.3127,49.0669],[5.3131,49.0633],[5.3126,49.0608],[5.3078,49.054],[5.3039,49.054],[5.2946,49.0552],[5.2908,49.0542],[5.2887,49.0518],[5.286,49.0536],[5.2755,49.0501],[5.2732,49.0523],[5.268,49.054],[5.2624,49.0567],[5.264,49.0611],[5.2662,49.0633],[5.2726,49.0673],[5.2749,49.0671],[5.2775,49.0701],[5.2728,49.0728],[5.2765,49.0752],[5.2796,49.0747],[5.2849,49.0781],[5.2843,49.0807]]]}},{"type":"Feature","properties":{"code":"55288","nom":"Lérouville","pop":1358},"geometry":{"type":"Polygon","coordinates":[[[5.5373,48.7991],[5.5428,48.8004],[5.5527,48.8009],[5.554,48.798],[5.5557,48.7976],[5.5638,48.7904],[5.5687,48.7884],[5.567,48.7843],[5.5674,48.7803],[5.5624,48.7792],[5.5627,48.7775],[5.5604,48.7731],[5.5575,48.7755],[5.5551,48.7761],[5.5494,48.7748],[5.5441,48.7745],[5.5442,48.7727],[5.5482,48.7666],[5.5431,48.7585],[5.528,48.7532],[5.5202,48.7538],[5.519,48.7571],[5.5121,48.7579],[5.5117,48.7615],[5.5088,48.7631],[5.5173,48.769],[5.5107,48.7725],[5.5126,48.7746],[5.5111,48.7773],[5.5072,48.7804],[5.5092,48.7841],[5.5094,48.7866],[5.5228,48.7899],[5.5285,48.7928],[5.5299,48.7953],[5.5289,48.7965],[5.5315,48.7991],[5.5373,48.7991]]]}},{"type":"Feature","properties":{"code":"55289","nom":"Levoncourt","pop":52},"geometry":{"type":"Polygon","coordinates":[[[5.3093,48.8273],[5.3071,48.8299],[5.3104,48.832],[5.319,48.8354],[5.3261,48.8374],[5.336,48.8389],[5.3373,48.8376],[5.3421,48.8389],[5.3442,48.8369],[5.3463,48.8377],[5.3496,48.8332],[5.359,48.8356],[5.3619,48.8342],[5.3649,48.8297],[5.3664,48.8305],[5.3689,48.8278],[5.3712,48.8282],[5.373,48.8225],[5.3763,48.8228],[5.3775,48.8209],[5.3833,48.8242],[5.3888,48.8257],[5.3955,48.8282],[5.3958,48.8263],[5.3959,48.8234],[5.3849,48.8215],[5.3785,48.8195],[5.377,48.8198],[5.3673,48.8157],[5.3651,48.8179],[5.361,48.8166],[5.3585,48.8193],[5.3512,48.8187],[5.3413,48.8205],[5.341,48.8223],[5.3326,48.8216],[5.3312,48.8233],[5.3271,48.8248],[5.3228,48.8227],[5.3201,48.8244],[5.3145,48.8216],[5.3123,48.8277],[5.3093,48.8273]]]}},{"type":"Feature","properties":{"code":"55290","nom":"Lignières-sur-Aire","pop":49},"geometry":{"type":"Polygon","coordinates":[[[5.4261,48.8118],[5.4192,48.8097],[5.4189,48.8085],[5.4146,48.8023],[5.4145,48.7999],[5.4105,48.8016],[5.4011,48.8034],[5.3915,48.8008],[5.3853,48.8001],[5.3816,48.7987],[5.3734,48.7994],[5.3644,48.7995],[5.3599,48.7988],[5.3582,48.8012],[5.355,48.8034],[5.3627,48.8072],[5.3674,48.8079],[5.3673,48.8157],[5.377,48.8198],[5.3785,48.8195],[5.3849,48.8215],[5.3959,48.8234],[5.3958,48.8263],[5.3978,48.8263],[5.3977,48.8245],[5.4048,48.8212],[5.4125,48.8218],[5.417,48.823],[5.4223,48.8148],[5.4215,48.8136],[5.4261,48.8118]]]}},{"type":"Feature","properties":{"code":"55291","nom":"Ligny-en-Barrois","pop":3677},"geometry":{"type":"Polygon","coordinates":[[[5.3466,48.6753],[5.3435,48.676],[5.3386,48.6743],[5.3373,48.675],[5.3214,48.6737],[5.3179,48.6728],[5.3108,48.6731],[5.3099,48.6716],[5.3112,48.6677],[5.3093,48.6653],[5.3048,48.6628],[5.3031,48.6603],[5.2959,48.6552],[5.2896,48.6523],[5.2917,48.6479],[5.291,48.6456],[5.2918,48.6431],[5.2898,48.6411],[5.2878,48.6383],[5.2851,48.6362],[5.285,48.6337],[5.2822,48.633],[5.2836,48.631],[5.2798,48.6287],[5.2808,48.6275],[5.2763,48.6249],[5.2767,48.6211],[5.28,48.6188],[5.2876,48.6201],[5.2905,48.6186],[5.2919,48.6147],[5.2847,48.6122],[5.282,48.6118],[5.2727,48.6077],[5.265,48.6037],[5.2619,48.6033],[5.2588,48.6044],[5.2545,48.6015],[5.2521,48.6031],[5.2498,48.6031],[5.2477,48.6043],[5.2464,48.6075],[5.2467,48.6115],[5.2526,48.6141],[5.253,48.6155],[5.2572,48.6196],[5.257,48.6205],[5.2519,48.6214],[5.252,48.6231],[5.2546,48.6246],[5.2592,48.6251],[5.2605,48.6277],[5.2673,48.6328],[5.2692,48.6364],[5.2667,48.638],[5.2658,48.6421],[5.2642,48.6432],[5.2623,48.6483],[5.2577,48.6486],[5.2539,48.649],[5.2523,48.6556],[5.2525,48.66],[5.2552,48.6612],[5.2835,48.6686],[5.284,48.6706],[5.2577,48.6635],[5.2552,48.6632],[5.2554,48.666],[5.2593,48.6672],[5.2608,48.6699],[5.2608,48.6741],[5.2633,48.678],[5.2628,48.6824],[5.2648,48.683],[5.2669,48.6835],[5.2745,48.6847],[5.2791,48.6818],[5.2903,48.6835],[5.2958,48.6839],[5.2963,48.6852],[5.3036,48.6873],[5.3066,48.687],[5.3113,48.6904],[5.3106,48.6914],[5.3163,48.6954],[5.3203,48.6959],[5.3255,48.6993],[5.3271,48.7014],[5.3303,48.7015],[5.3329,48.7039],[5.3381,48.7066],[5.3491,48.7068],[5.3538,48.7044],[5.3561,48.7003],[5.3595,48.6984],[5.3621,48.696],[5.3576,48.6925],[5.3536,48.6852],[5.3496,48.6827],[5.3466,48.6753]]]}},{"type":"Feature","properties":{"code":"55292","nom":"Liny-devant-Dun","pop":185},"geometry":{"type":"Polygon","coordinates":[[[5.1902,49.3724],[5.1916,49.3712],[5.2003,49.372],[5.2001,49.3696],[5.2054,49.3654],[5.2093,49.3658],[5.2164,49.3695],[5.2259,49.3646],[5.2283,49.3624],[5.2289,49.3589],[5.2335,49.357],[5.2334,49.3518],[5.2393,49.3497],[5.2443,49.3498],[5.2416,49.3454],[5.2369,49.3466],[5.2318,49.3495],[5.2308,49.3473],[5.2242,49.3434],[5.2208,49.3426],[5.2178,49.3401],[5.212,49.3385],[5.2101,49.3364],[5.204,49.3339],[5.2014,49.3348],[5.197,49.3367],[5.1897,49.3411],[5.1877,49.3445],[5.1858,49.3433],[5.1812,49.3448],[5.1815,49.3468],[5.179,49.3503],[5.1809,49.357],[5.1866,49.3602],[5.1874,49.3616],[5.1851,49.365],[5.1874,49.3676],[5.1876,49.3696],[5.1902,49.3724]]]}},{"type":"Feature","properties":{"code":"55293","nom":"Lion-devant-Dun","pop":181},"geometry":{"type":"Polygon","coordinates":[[[5.2958,49.424],[5.2991,49.421],[5.3007,49.4169],[5.2951,49.4143],[5.2939,49.4075],[5.2916,49.407],[5.2778,49.408],[5.2763,49.4114],[5.2699,49.4094],[5.2593,49.4091],[5.2535,49.4076],[5.2477,49.4021],[5.2352,49.3997],[5.2333,49.4014],[5.2281,49.402],[5.2236,49.4036],[5.2162,49.4085],[5.2167,49.4111],[5.2154,49.4168],[5.2115,49.4166],[5.2106,49.4207],[5.2116,49.4228],[5.2153,49.4267],[5.22,49.4303],[5.2228,49.4291],[5.232,49.4295],[5.2372,49.4293],[5.2384,49.4314],[5.2431,49.4285],[5.2483,49.4279],[5.2592,49.4301],[5.2613,49.4319],[5.265,49.4331],[5.2736,49.4325],[5.2767,49.4303],[5.2804,49.4299],[5.2885,49.4276],[5.2958,49.424]]]}},{"type":"Feature","properties":{"code":"55295","nom":"Lisle-en-Barrois","pop":27},"geometry":{"type":"Polygon","coordinates":[[[5.0757,48.9032],[5.0728,48.9086],[5.0707,48.9087],[5.069,48.9117],[5.0657,48.9126],[5.0611,48.9171],[5.0563,48.918],[5.056,48.9207],[5.0489,48.9241],[5.0474,48.9267],[5.0453,48.9271],[5.0421,48.9298],[5.0391,48.9287],[5.0384,48.9256],[5.0333,48.9234],[5.0287,48.9234],[5.0272,48.9201],[5.0227,48.9175],[5.0169,48.9207],[5.0136,48.9224],[5.0135,48.9239],[5.0095,48.9253],[5.0121,48.9294],[5.0094,48.9307],[5.0089,48.9327],[5.013,48.9368],[5.0155,48.9388],[5.0142,48.9459],[5.0214,48.947],[5.0226,48.9491],[5.022,48.9512],[5.0274,48.9523],[5.0309,48.9543],[5.0378,48.9536],[5.0415,48.9499],[5.0423,48.9465],[5.0482,48.9437],[5.05,48.9397],[5.0487,48.9377],[5.0501,48.9353],[5.0586,48.9319],[5.0652,48.9322],[5.0684,48.9335],[5.0714,48.9332],[5.0754,48.934],[5.0827,48.9335],[5.0887,48.9351],[5.0935,48.9329],[5.1016,48.93],[5.0994,48.9273],[5.1029,48.9252],[5.1035,48.9233],[5.109,48.9215],[5.1166,48.9207],[5.1242,48.9214],[5.1301,48.9236],[5.1375,48.9241],[5.1433,48.9236],[5.1512,48.9246],[5.1539,48.9218],[5.1545,48.9196],[5.1538,48.9129],[5.1509,48.9099],[5.1509,48.9061],[5.1383,48.9064],[5.1404,48.8976],[5.1383,48.8974],[5.1401,48.8926],[5.1384,48.8918],[5.1292,48.8927],[5.1252,48.8926],[5.1239,48.8914],[5.1241,48.8944],[5.1199,48.8957],[5.1185,48.8974],[5.1138,48.8974],[5.1102,48.8988],[5.1062,48.8986],[5.1012,48.8971],[5.0962,48.8972],[5.0894,48.8982],[5.0897,48.9017],[5.0831,48.9022],[5.0757,48.9032]]]}},{"type":"Feature","properties":{"code":"55296","nom":"L'Isle-en-Rigault","pop":460},"geometry":{"type":"Polygon","coordinates":[[[5.0222,48.6904],[5.0227,48.6912],[5.0155,48.6941],[5.0098,48.6959],[5.0064,48.6988],[5.0026,48.7047],[4.9988,48.7073],[4.9973,48.7096],[5.0018,48.7113],[5.0055,48.7092],[5.0118,48.7067],[5.0157,48.7096],[5.0201,48.7088],[5.0218,48.7216],[5.0242,48.7238],[5.0313,48.7277],[5.036,48.7297],[5.0443,48.7307],[5.058,48.7293],[5.0591,48.7262],[5.061,48.724],[5.0561,48.7246],[5.0527,48.7239],[5.05,48.7212],[5.0528,48.7209],[5.0532,48.7181],[5.0558,48.7158],[5.0535,48.7138],[5.0545,48.7105],[5.0597,48.7114],[5.0629,48.7112],[5.0604,48.7072],[5.0548,48.7034],[5.0494,48.7008],[5.0468,48.7042],[5.0374,48.7008],[5.0334,48.6982],[5.0289,48.6983],[5.0256,48.6964],[5.0299,48.6926],[5.0264,48.69],[5.0222,48.6904]]]}},{"type":"Feature","properties":{"code":"55297","nom":"Lissey","pop":101},"geometry":{"type":"Polygon","coordinates":[[[5.3252,49.3663],[5.331,49.3686],[5.3349,49.3713],[5.3374,49.3747],[5.3421,49.378],[5.3467,49.38],[5.3482,49.3816],[5.3553,49.3828],[5.3609,49.3851],[5.3665,49.3854],[5.3719,49.389],[5.3823,49.3913],[5.3846,49.3936],[5.3851,49.3964],[5.3876,49.3989],[5.3914,49.3992],[5.3911,49.3905],[5.3931,49.3909],[5.3941,49.381],[5.3945,49.3766],[5.3923,49.3718],[5.3838,49.3673],[5.3794,49.3666],[5.3755,49.3651],[5.3729,49.3639],[5.36,49.3667],[5.354,49.367],[5.3496,49.3659],[5.3477,49.3644],[5.3425,49.363],[5.3358,49.3623],[5.3313,49.3625],[5.3279,49.3639],[5.3252,49.3663]]]}},{"type":"Feature","properties":{"code":"55298","nom":"Loisey","pop":270},"geometry":{"type":"Polygon","coordinates":[[[5.3281,48.7923],[5.3339,48.791],[5.3335,48.7871],[5.3348,48.7857],[5.3298,48.7843],[5.332,48.7828],[5.3329,48.7782],[5.3309,48.7773],[5.3291,48.7727],[5.3292,48.7708],[5.3274,48.7678],[5.3191,48.7658],[5.3151,48.7604],[5.3122,48.7594],[5.309,48.7546],[5.3047,48.7501],[5.3014,48.7481],[5.2968,48.7478],[5.2874,48.7488],[5.2868,48.7522],[5.2834,48.7548],[5.2757,48.7596],[5.2696,48.7622],[5.2688,48.7634],[5.2707,48.7682],[5.2709,48.7714],[5.273,48.7726],[5.2731,48.7768],[5.2712,48.7784],[5.2653,48.7814],[5.2716,48.7814],[5.2733,48.7848],[5.2729,48.7872],[5.2704,48.7883],[5.2754,48.792],[5.2794,48.7939],[5.2819,48.7937],[5.2803,48.7904],[5.2792,48.7869],[5.2812,48.7858],[5.2825,48.782],[5.2866,48.7784],[5.2905,48.7777],[5.2903,48.7757],[5.294,48.7749],[5.2964,48.7766],[5.3,48.7774],[5.3014,48.7801],[5.3059,48.7825],[5.3117,48.7828],[5.3168,48.7858],[5.319,48.7861],[5.325,48.7915],[5.3281,48.7923]]]}},{"type":"Feature","properties":{"code":"55299","nom":"Loison","pop":116},"geometry":{"type":"Polygon","coordinates":[[[5.5474,49.2916],[5.5498,49.2938],[5.5536,49.2948],[5.5583,49.2936],[5.5552,49.2995],[5.554,49.3033],[5.5562,49.308],[5.5623,49.3102],[5.5635,49.3122],[5.5692,49.3128],[5.5727,49.3139],[5.5782,49.3118],[5.5804,49.3096],[5.5845,49.308],[5.591,49.3085],[5.5907,49.3098],[5.5977,49.3114],[5.602,49.3135],[5.5994,49.3173],[5.6065,49.3191],[5.6052,49.3233],[5.6132,49.3251],[5.615,49.3278],[5.6205,49.3283],[5.6218,49.3257],[5.6269,49.3247],[5.6303,49.3205],[5.6341,49.3148],[5.6317,49.3125],[5.6282,49.312],[5.6299,49.3088],[5.6278,49.3078],[5.6327,49.306],[5.6261,49.304],[5.6246,49.305],[5.6206,49.3004],[5.6164,49.3027],[5.6165,49.2999],[5.6097,49.296],[5.6081,49.3014],[5.6011,49.3017],[5.5928,49.2994],[5.5955,49.2971],[5.595,49.2919],[5.5938,49.2893],[5.5911,49.2878],[5.5925,49.2821],[5.5886,49.2812],[5.5848,49.2827],[5.5806,49.2831],[5.5796,49.2863],[5.5721,49.2861],[5.5678,49.2872],[5.564,49.286],[5.5592,49.285],[5.5585,49.2866],[5.5555,49.2881],[5.5531,49.2908],[5.5474,49.2916]]]}},{"type":"Feature","properties":{"code":"55300","nom":"Longeaux","pop":219},"geometry":{"type":"Polygon","coordinates":[[[5.3061,48.6371],[5.3125,48.6439],[5.3176,48.6462],[5.3172,48.6484],[5.3213,48.6495],[5.328,48.6533],[5.3284,48.6521],[5.3356,48.6537],[5.3342,48.6549],[5.3382,48.6568],[5.3438,48.6556],[5.3473,48.6524],[5.3455,48.6515],[5.3485,48.6494],[5.3479,48.6455],[5.3488,48.6442],[5.3451,48.6378],[5.3408,48.6337],[5.3393,48.6298],[5.3367,48.6256],[5.3348,48.6246],[5.3299,48.6241],[5.3195,48.6249],[5.3167,48.6239],[5.3135,48.6259],[5.3129,48.6301],[5.3091,48.6286],[5.3066,48.6331],[5.3085,48.6337],[5.3061,48.6371]]]}},{"type":"Feature","properties":{"code":"55301","nom":"Longchamps-sur-Aire","pop":121},"geometry":{"type":"Polygon","coordinates":[[[5.2729,48.8989],[5.2743,48.9011],[5.2783,48.9049],[5.281,48.9096],[5.2793,48.9107],[5.2812,48.9144],[5.2802,48.916],[5.2882,48.9198],[5.2906,48.9224],[5.2946,48.9251],[5.2955,48.9271],[5.2981,48.9279],[5.3033,48.9264],[5.3059,48.9265],[5.3078,48.9282],[5.3146,48.9307],[5.3125,48.9336],[5.3155,48.9361],[5.3181,48.9367],[5.322,48.9392],[5.3298,48.9405],[5.333,48.9399],[5.3327,48.9369],[5.3304,48.9355],[5.3321,48.9338],[5.3316,48.9316],[5.3339,48.9278],[5.3369,48.9276],[5.3389,48.926],[5.3458,48.9263],[5.3488,48.9274],[5.3517,48.9249],[5.3467,48.9239],[5.3418,48.9204],[5.3407,48.9146],[5.335,48.9159],[5.3305,48.9146],[5.3311,48.9124],[5.3294,48.9106],[5.3253,48.91],[5.3236,48.9069],[5.3211,48.9086],[5.3188,48.9084],[5.3165,48.9039],[5.3146,48.9024],[5.3046,48.8981],[5.3023,48.8949],[5.2982,48.8922],[5.2929,48.8868],[5.284,48.8856],[5.2801,48.8869],[5.2747,48.8897],[5.2713,48.8892],[5.2686,48.8919],[5.2674,48.8966],[5.2721,48.8967],[5.2729,48.8989]]]}},{"type":"Feature","properties":{"code":"55302","nom":"Longeville-en-Barrois","pop":1081},"geometry":{"type":"Polygon","coordinates":[[[5.2416,48.748],[5.2384,48.7476],[5.2359,48.744],[5.2306,48.7391],[5.2205,48.7319],[5.219,48.7299],[5.2157,48.7293],[5.2152,48.7272],[5.2125,48.7267],[5.2089,48.7235],[5.2025,48.7214],[5.1966,48.7204],[5.1922,48.7165],[5.1909,48.7143],[5.1849,48.7149],[5.176,48.7173],[5.1702,48.7156],[5.1691,48.7186],[5.1707,48.7209],[5.1691,48.7253],[5.1708,48.7276],[5.1674,48.7308],[5.1756,48.7339],[5.1768,48.7354],[5.181,48.7362],[5.1804,48.7376],[5.1837,48.7393],[5.1835,48.7422],[5.1848,48.7447],[5.1913,48.7528],[5.1935,48.7545],[5.1965,48.7564],[5.1975,48.7589],[5.2,48.7607],[5.2062,48.7631],[5.2134,48.7602],[5.2152,48.7587],[5.2235,48.7556],[5.2261,48.7556],[5.2305,48.7575],[5.2344,48.7574],[5.2396,48.7555],[5.2423,48.7556],[5.2405,48.7544],[5.236,48.7487],[5.2416,48.748]]]}},{"type":"Feature","properties":{"code":"55303","nom":"Loupmont","pop":75},"geometry":{"type":"Polygon","coordinates":[[[5.7038,48.8879],[5.7057,48.8847],[5.7041,48.8822],[5.7067,48.8804],[5.7041,48.8779],[5.7009,48.8772],[5.6982,48.8744],[5.6945,48.8728],[5.6969,48.8695],[5.6934,48.8674],[5.6976,48.8628],[5.6944,48.8606],[5.6871,48.8592],[5.6889,48.857],[5.6894,48.8543],[5.6917,48.8542],[5.6858,48.8535],[5.684,48.8502],[5.6784,48.8508],[5.6769,48.8474],[5.6772,48.8414],[5.6729,48.8389],[5.6695,48.8444],[5.6624,48.8475],[5.6615,48.8496],[5.6591,48.8504],[5.6531,48.8563],[5.6498,48.8609],[5.6535,48.8624],[5.6586,48.8666],[5.6609,48.873],[5.668,48.8748],[5.6747,48.8756],[5.6818,48.8771],[5.6836,48.877],[5.6897,48.8818],[5.6888,48.8854],[5.6863,48.8905],[5.6876,48.8927],[5.6899,48.8937],[5.6931,48.8932],[5.6969,48.8906],[5.699,48.8864],[5.7038,48.8879]]]}},{"type":"Feature","properties":{"code":"55304","nom":"Louppy-le-Château","pop":155},"geometry":{"type":"Polygon","coordinates":[[[5.0712,48.8496],[5.0696,48.8522],[5.0655,48.8538],[5.0612,48.8545],[5.0549,48.8579],[5.0474,48.8586],[5.0457,48.8573],[5.0452,48.8583],[5.0396,48.8568],[5.0392,48.8585],[5.0426,48.8598],[5.0395,48.8642],[5.036,48.8668],[5.0307,48.8679],[5.0279,48.8703],[5.0267,48.8725],[5.0347,48.8713],[5.0372,48.8722],[5.0376,48.8748],[5.0342,48.8762],[5.0418,48.8825],[5.0454,48.8843],[5.0504,48.8835],[5.0544,48.8836],[5.0573,48.8821],[5.0622,48.8819],[5.0724,48.8793],[5.0804,48.8799],[5.0917,48.8758],[5.0985,48.8812],[5.1005,48.884],[5.1078,48.8898],[5.1122,48.8924],[5.1199,48.8957],[5.1241,48.8944],[5.1239,48.8914],[5.1224,48.8895],[5.1186,48.8899],[5.1167,48.8888],[5.1158,48.8847],[5.114,48.8846],[5.1143,48.8804],[5.1108,48.8791],[5.1101,48.8764],[5.1059,48.8691],[5.1021,48.8674],[5.1047,48.8661],[5.107,48.8594],[5.1053,48.8575],[5.1061,48.8517],[5.111,48.8479],[5.1189,48.8439],[5.1205,48.8402],[5.1193,48.8411],[5.1097,48.8392],[5.1063,48.8394],[5.1043,48.8382],[5.1049,48.8398],[5.102,48.8429],[5.0945,48.8435],[5.0951,48.8462],[5.0904,48.8462],[5.0912,48.8481],[5.0892,48.85],[5.083,48.8494],[5.0834,48.8517],[5.0788,48.8522],[5.0724,48.8493],[5.0712,48.8496]]]}},{"type":"Feature","properties":{"code":"55306","nom":"Louppy-sur-Loison","pop":124},"geometry":{"type":"Polygon","coordinates":[[[5.3038,49.4259],[5.3024,49.4282],[5.2985,49.4315],[5.3006,49.4359],[5.3078,49.4357],[5.3086,49.4388],[5.3124,49.4405],[5.3173,49.4438],[5.3225,49.4443],[5.3266,49.4463],[5.3333,49.4477],[5.3387,49.4467],[5.3411,49.4496],[5.3441,49.4505],[5.3457,49.4573],[5.349,49.4557],[5.3517,49.4565],[5.3506,49.4583],[5.3564,49.46],[5.3662,49.4641],[5.3728,49.4653],[5.376,49.4621],[5.3792,49.4629],[5.3757,49.4607],[5.3755,49.454],[5.3695,49.452],[5.3647,49.4475],[5.3609,49.4468],[5.3543,49.4441],[5.3566,49.4413],[5.3604,49.4424],[5.3612,49.4391],[5.3609,49.4328],[5.3613,49.4303],[5.3592,49.4277],[5.351,49.4278],[5.348,49.4239],[5.3368,49.4214],[5.3281,49.4202],[5.3244,49.4147],[5.3244,49.4133],[5.3227,49.4132],[5.3187,49.4156],[5.3125,49.4158],[5.3073,49.418],[5.3048,49.4223],[5.3038,49.4259]]]}},{"type":"Feature","properties":{"code":"55307","nom":"Louvemont-Côte-du-Poivre","pop":0},"geometry":{"type":"Polygon","coordinates":[[[5.3716,49.2464],[5.3739,49.2525],[5.3752,49.254],[5.391,49.2516],[5.3999,49.2518],[5.4041,49.251],[5.4069,49.2496],[5.4165,49.2496],[5.4203,49.2505],[5.4255,49.2501],[5.4271,49.246],[5.4247,49.2441],[5.4262,49.2418],[5.4265,49.2384],[5.422,49.2344],[5.4122,49.2285],[5.4137,49.2258],[5.4095,49.2242],[5.4102,49.2227],[5.4072,49.2211],[5.402,49.2205],[5.3978,49.2223],[5.4036,49.2266],[5.4029,49.2284],[5.396,49.2283],[5.3911,49.2303],[5.3885,49.2328],[5.3842,49.2354],[5.3823,49.2387],[5.3795,49.2394],[5.3828,49.2425],[5.3825,49.2448],[5.3776,49.2451],[5.3716,49.2464]]]}},{"type":"Feature","properties":{"code":"55310","nom":"Luzy-Saint-Martin","pop":115},"geometry":{"type":"Polygon","coordinates":[[[5.1245,49.5254],[5.1273,49.5272],[5.1312,49.5332],[5.1356,49.5332],[5.1374,49.5356],[5.138,49.5399],[5.1418,49.5403],[5.1424,49.5428],[5.1505,49.5416],[5.1548,49.5429],[5.1564,49.5457],[5.1593,49.5402],[5.1645,49.5383],[5.1619,49.5347],[5.1613,49.5298],[5.1624,49.5269],[5.166,49.5261],[5.1656,49.5245],[5.1678,49.5198],[5.1656,49.518],[5.1503,49.5166],[5.146,49.5152],[5.1453,49.517],[5.1404,49.5164],[5.1305,49.5135],[5.1303,49.5144],[5.1213,49.5127],[5.1157,49.5158],[5.1222,49.5176],[5.1268,49.5182],[5.1287,49.5205],[5.1245,49.5254]]]}},{"type":"Feature","properties":{"code":"55311","nom":"Maizeray","pop":26},"geometry":{"type":"Polygon","coordinates":[[[5.6846,49.1018],[5.6845,49.1053],[5.686,49.1051],[5.6835,49.1128],[5.6878,49.1128],[5.6939,49.1129],[5.7176,49.1126],[5.7169,49.1095],[5.7182,49.1068],[5.7159,49.1065],[5.716,49.0992],[5.715,49.0987],[5.7036,49.0965],[5.6987,49.0951],[5.6958,49.0944],[5.6925,49.0969],[5.6924,49.1021],[5.6846,49.1018]]]}},{"type":"Feature","properties":{"code":"55312","nom":"Maizey","pop":155},"geometry":{"type":"Polygon","coordinates":[[[5.4983,48.9439],[5.4992,48.9456],[5.5034,48.9427],[5.5071,48.9422],[5.5095,48.938],[5.5142,48.9386],[5.5152,48.9376],[5.5254,48.9387],[5.5334,48.9409],[5.5383,48.9363],[5.535,48.9341],[5.5403,48.928],[5.5432,48.9253],[5.5466,48.9251],[5.5472,48.9226],[5.5515,48.923],[5.5588,48.9248],[5.5632,48.9265],[5.5717,48.9286],[5.5724,48.927],[5.5776,48.9287],[5.5834,48.9319],[5.5859,48.9323],[5.5887,48.9293],[5.5912,48.9292],[5.5899,48.9257],[5.5908,48.9208],[5.5898,48.9205],[5.5835,48.919],[5.5752,48.9135],[5.568,48.9094],[5.5663,48.9109],[5.5633,48.9101],[5.5583,48.9071],[5.5516,48.9045],[5.5424,48.9035],[5.5396,48.9024],[5.5376,48.9042],[5.5388,48.9056],[5.5362,48.908],[5.5331,48.9096],[5.5278,48.9132],[5.5212,48.915],[5.5172,48.9185],[5.5145,48.9173],[5.5086,48.9214],[5.5025,48.9206],[5.5005,48.9224],[5.5022,48.9246],[5.4998,48.9262],[5.4986,48.9302],[5.4956,48.9306],[5.4948,48.9331],[5.4924,48.934],[5.4958,48.9375],[5.4958,48.9406],[5.4983,48.9439]]]}},{"type":"Feature","properties":{"code":"55313","nom":"Malancourt","pop":65},"geometry":{"type":"Polygon","coordinates":[[[5.1889,49.2568],[5.1917,49.2546],[5.1934,49.2519],[5.2004,49.2452],[5.205,49.242],[5.2103,49.2398],[5.2123,49.2363],[5.2085,49.2341],[5.2101,49.2324],[5.2092,49.2304],[5.2106,49.2279],[5.2072,49.2276],[5.202,49.2254],[5.198,49.2257],[5.1948,49.2245],[5.191,49.2204],[5.1863,49.2182],[5.1749,49.2154],[5.1702,49.2149],[5.1585,49.2156],[5.1539,49.2189],[5.151,49.2197],[5.1478,49.2192],[5.1431,49.221],[5.1407,49.2211],[5.1406,49.2255],[5.1425,49.2254],[5.1529,49.2338],[5.1498,49.2344],[5.1473,49.237],[5.1487,49.2408],[5.1514,49.2415],[5.1589,49.2491],[5.1568,49.2521],[5.1573,49.2547],[5.1629,49.2578],[5.1632,49.2594],[5.1668,49.2583],[5.1716,49.2602],[5.1747,49.2578],[5.1804,49.2564],[5.1847,49.256],[5.1889,49.2568]]]}},{"type":"Feature","properties":{"code":"55315","nom":"Mandres-en-Barrois","pop":110},"geometry":{"type":"Polygon","coordinates":[[[5.3721,48.5194],[5.3687,48.5271],[5.3678,48.5313],[5.368,48.5351],[5.37,48.5334],[5.3793,48.5316],[5.3826,48.5296],[5.3879,48.5283],[5.3872,48.5245],[5.3898,48.5203],[5.3905,48.515],[5.3953,48.5151],[5.398,48.5123],[5.4057,48.5089],[5.4073,48.5094],[5.4142,48.505],[5.4172,48.5049],[5.4181,48.5017],[5.4247,48.4973],[5.4216,48.4952],[5.422,48.4933],[5.4299,48.4881],[5.4229,48.4826],[5.4205,48.4797],[5.4125,48.4769],[5.4043,48.4731],[5.4012,48.4706],[5.3982,48.4739],[5.3952,48.4728],[5.3894,48.4741],[5.3876,48.4729],[5.3813,48.4711],[5.3748,48.4725],[5.3694,48.4765],[5.37,48.4792],[5.3688,48.4816],[5.3705,48.4867],[5.3692,48.4935],[5.374,48.4981],[5.3779,48.5094],[5.3763,48.5154],[5.3721,48.5194]]]}},{"type":"Feature","properties":{"code":"55316","nom":"Mangiennes","pop":397},"geometry":{"type":"Polygon","coordinates":[[[5.4992,49.3141],[5.4991,49.3166],[5.5012,49.3221],[5.4988,49.3262],[5.4975,49.3321],[5.5003,49.3341],[5.4993,49.3374],[5.5036,49.3405],[5.5008,49.3428],[5.5003,49.3454],[5.5028,49.3489],[5.5086,49.3488],[5.5117,49.3501],[5.5165,49.354],[5.5147,49.3574],[5.5171,49.3597],[5.5168,49.3621],[5.5193,49.3667],[5.5285,49.369],[5.5296,49.3731],[5.5314,49.3755],[5.5332,49.3749],[5.5398,49.3768],[5.545,49.3761],[5.5467,49.3755],[5.5481,49.3716],[5.5546,49.3662],[5.5576,49.3614],[5.5622,49.3581],[5.564,49.3551],[5.5689,49.3544],[5.5783,49.3513],[5.5686,49.3506],[5.5656,49.3498],[5.5647,49.3475],[5.5589,49.3452],[5.5569,49.3432],[5.5545,49.3435],[5.5528,49.3399],[5.5497,49.3407],[5.5409,49.3385],[5.5406,49.3369],[5.537,49.3338],[5.5335,49.3329],[5.531,49.329],[5.5267,49.3267],[5.5259,49.325],[5.5209,49.3225],[5.5199,49.3173],[5.5158,49.3179],[5.5152,49.3139],[5.4992,49.3141]]]}},{"type":"Feature","properties":{"code":"55317","nom":"Manheulles","pop":156},"geometry":{"type":"Polygon","coordinates":[[[5.6158,49.1189],[5.6161,49.117],[5.6183,49.1157],[5.6181,49.1123],[5.6153,49.1122],[5.6168,49.109],[5.6153,49.1048],[5.6116,49.0997],[5.6099,49.1006],[5.6028,49.1018],[5.6016,49.103],[5.5947,49.1031],[5.5923,49.1053],[5.5886,49.1049],[5.5845,49.1035],[5.5828,49.1072],[5.5808,49.1093],[5.5767,49.1099],[5.5744,49.1136],[5.5757,49.1163],[5.5754,49.1226],[5.5804,49.1255],[5.5786,49.1289],[5.5788,49.1318],[5.5813,49.1329],[5.5756,49.1369],[5.5728,49.14],[5.5748,49.1422],[5.5738,49.1438],[5.5783,49.1461],[5.5982,49.1379],[5.6038,49.1358],[5.606,49.1367],[5.6078,49.1341],[5.6029,49.1328],[5.6062,49.1256],[5.6142,49.1267],[5.6148,49.1238],[5.6143,49.1189],[5.6158,49.1189]]]}},{"type":"Feature","properties":{"code":"55320","nom":"Marchéville-en-Woëvre","pop":69},"geometry":{"type":"Polygon","coordinates":[[[5.6987,49.0951],[5.6991,49.0912],[5.6998,49.084],[5.7016,49.0814],[5.6999,49.0806],[5.6941,49.0808],[5.6906,49.0798],[5.6884,49.0776],[5.6819,49.0769],[5.6813,49.0787],[5.6776,49.0799],[5.6682,49.0791],[5.6569,49.0798],[5.6565,49.0843],[5.6577,49.0865],[5.6629,49.0887],[5.6706,49.0907],[5.6671,49.0915],[5.6746,49.0959],[5.68,49.0975],[5.6777,49.0998],[5.6846,49.1018],[5.6924,49.1021],[5.6925,49.0969],[5.6958,49.0944],[5.6987,49.0951]]]}},{"type":"Feature","properties":{"code":"55321","nom":"Marre","pop":183},"geometry":{"type":"Polygon","coordinates":[[[5.2733,49.1994],[5.2789,49.2028],[5.2845,49.2107],[5.2936,49.2168],[5.2952,49.2173],[5.2978,49.2207],[5.2975,49.2225],[5.3017,49.2219],[5.3037,49.2206],[5.3047,49.2198],[5.3116,49.2189],[5.3137,49.2197],[5.3169,49.2137],[5.32,49.2135],[5.3202,49.2096],[5.3181,49.2095],[5.3173,49.2025],[5.3175,49.1998],[5.3202,49.1969],[5.3298,49.1911],[5.3173,49.1896],[5.3073,49.1862],[5.3021,49.1852],[5.3006,49.188],[5.3058,49.1901],[5.3053,49.1936],[5.2977,49.1906],[5.2937,49.1904],[5.285,49.1884],[5.2755,49.1843],[5.2656,49.1832],[5.2652,49.1848],[5.2696,49.1867],[5.2737,49.1874],[5.2716,49.1907],[5.2713,49.195],[5.2706,49.1969],[5.2733,49.1994]]]}},{"type":"Feature","properties":{"code":"55322","nom":"Marson-sur-Barboure","pop":59},"geometry":{"type":"Polygon","coordinates":[[[5.443,48.6139],[5.4389,48.616],[5.4352,48.6217],[5.428,48.6254],[5.4196,48.6268],[5.4259,48.6309],[5.4322,48.6307],[5.4351,48.6318],[5.4371,48.634],[5.4305,48.6431],[5.432,48.6448],[5.4376,48.6477],[5.4442,48.6532],[5.4474,48.652],[5.4468,48.6501],[5.4578,48.6468],[5.4695,48.6421],[5.4662,48.6389],[5.4642,48.6381],[5.4614,48.6399],[5.4566,48.6376],[5.4522,48.6366],[5.4491,48.6316],[5.4479,48.6268],[5.449,48.6243],[5.4461,48.6234],[5.448,48.6176],[5.4452,48.6164],[5.4432,48.614],[5.443,48.6139]]]}},{"type":"Feature","properties":{"code":"55323","nom":"Martincourt-sur-Meuse","pop":66},"geometry":{"type":"Polygon","coordinates":[[[5.1893,49.5542],[5.1944,49.549],[5.1933,49.5445],[5.1959,49.5429],[5.1913,49.543],[5.1887,49.544],[5.186,49.5432],[5.191,49.5361],[5.1951,49.5358],[5.1966,49.5311],[5.1893,49.5279],[5.1905,49.5264],[5.18,49.5216],[5.1714,49.5193],[5.1698,49.5166],[5.1663,49.5156],[5.1656,49.518],[5.1678,49.5198],[5.1656,49.5245],[5.166,49.5261],[5.1624,49.5269],[5.1613,49.5298],[5.1619,49.5347],[5.1645,49.5383],[5.1692,49.5425],[5.1787,49.5468],[5.1848,49.5531],[5.1893,49.5542]]]}},{"type":"Feature","properties":{"code":"55324","nom":"Marville","pop":522},"geometry":{"type":"Polygon","coordinates":[[[5.4705,49.4618],[5.4665,49.4556],[5.4609,49.4536],[5.4665,49.4493],[5.4783,49.4473],[5.485,49.4488],[5.4872,49.4473],[5.4852,49.4454],[5.4815,49.4444],[5.4797,49.4376],[5.4778,49.4368],[5.4801,49.4324],[5.477,49.4303],[5.4712,49.4281],[5.4648,49.4255],[5.4694,49.421],[5.4679,49.4181],[5.4628,49.4142],[5.4523,49.4124],[5.4503,49.4151],[5.4538,49.4226],[5.4491,49.4226],[5.4406,49.4239],[5.4339,49.4265],[5.4389,49.4334],[5.4365,49.4366],[5.4304,49.4396],[5.4288,49.4479],[5.4219,49.4469],[5.4181,49.4488],[5.4175,49.4509],[5.4111,49.4531],[5.3952,49.4502],[5.3908,49.4502],[5.3956,49.4585],[5.4051,49.4594],[5.412,49.4592],[5.4161,49.4612],[5.416,49.4628],[5.4203,49.4633],[5.4303,49.466],[5.4427,49.4683],[5.4503,49.4719],[5.4531,49.4722],[5.4575,49.471],[5.4642,49.471],[5.4656,49.4685],[5.4688,49.4668],[5.4677,49.4642],[5.4705,49.4618]]]}},{"type":"Feature","properties":{"code":"55325","nom":"Maucourt-sur-Orne","pop":51},"geometry":{"type":"Polygon","coordinates":[[[5.541,49.2681],[5.5438,49.2684],[5.5439,49.2645],[5.5458,49.2601],[5.5444,49.2575],[5.5333,49.2559],[5.5335,49.2516],[5.5305,49.2512],[5.5305,49.2479],[5.5273,49.2483],[5.5205,49.2477],[5.5218,49.244],[5.5165,49.243],[5.5155,49.2404],[5.5128,49.2377],[5.5083,49.2378],[5.5086,49.2407],[5.5051,49.2409],[5.4985,49.2423],[5.4956,49.2456],[5.4877,49.2431],[5.4844,49.2429],[5.4815,49.2452],[5.489,49.2471],[5.4949,49.2491],[5.4957,49.2532],[5.5035,49.2554],[5.5058,49.2552],[5.5096,49.2573],[5.5124,49.26],[5.5122,49.2616],[5.5183,49.2622],[5.5231,49.2645],[5.5294,49.2652],[5.536,49.2678],[5.541,49.2681]]]}},{"type":"Feature","properties":{"code":"55326","nom":"Maulan","pop":107},"geometry":{"type":"Polygon","coordinates":[[[5.2577,48.6486],[5.2543,48.6479],[5.2501,48.6493],[5.2499,48.6526],[5.2459,48.6515],[5.2403,48.6614],[5.2379,48.6643],[5.2355,48.6669],[5.2385,48.6685],[5.2374,48.6704],[5.2408,48.672],[5.2476,48.677],[5.2518,48.681],[5.2573,48.6811],[5.2587,48.6835],[5.2648,48.683],[5.2628,48.6824],[5.2633,48.678],[5.2608,48.6741],[5.2608,48.6699],[5.2593,48.6672],[5.2554,48.666],[5.2552,48.6632],[5.2577,48.6635],[5.284,48.6706],[5.2835,48.6686],[5.2552,48.6612],[5.2525,48.66],[5.2523,48.6556],[5.2539,48.649],[5.2577,48.6486]]]}},{"type":"Feature","properties":{"code":"55327","nom":"Mauvages","pop":236},"geometry":{"type":"Polygon","coordinates":[[[5.526,48.6176],[5.527,48.6168],[5.5403,48.6199],[5.5392,48.6176],[5.5407,48.6152],[5.5442,48.6155],[5.5485,48.618],[5.5542,48.6163],[5.5567,48.6129],[5.5627,48.6091],[5.5588,48.6074],[5.5622,48.6041],[5.5723,48.5997],[5.5755,48.6035],[5.5814,48.6072],[5.5856,48.6071],[5.5934,48.6],[5.5944,48.5981],[5.5938,48.5953],[5.5917,48.5923],[5.586,48.589],[5.5848,48.5875],[5.5761,48.5804],[5.5755,48.5723],[5.5738,48.5665],[5.5719,48.5671],[5.5674,48.5707],[5.5599,48.5751],[5.5551,48.5764],[5.5508,48.5761],[5.546,48.5773],[5.5431,48.5761],[5.5386,48.5757],[5.535,48.5768],[5.5282,48.5769],[5.5259,48.5791],[5.5261,48.5858],[5.5196,48.5896],[5.5117,48.5864],[5.5124,48.5892],[5.5088,48.5959],[5.5111,48.5996],[5.5111,48.6025],[5.5088,48.6052],[5.5164,48.6095],[5.5085,48.6135],[5.5131,48.6135],[5.526,48.6176]]]}},{"type":"Feature","properties":{"code":"55328","nom":"Maxey-sur-Vaise","pop":279},"geometry":{"type":"Polygon","coordinates":[[[5.6295,48.512],[5.632,48.5165],[5.6379,48.5196],[5.6388,48.5219],[5.6363,48.5251],[5.6304,48.5305],[5.6318,48.5347],[5.638,48.5355],[5.6469,48.5396],[5.6528,48.5413],[5.6565,48.5433],[5.6617,48.5444],[5.6632,48.5465],[5.6665,48.5479],[5.669,48.5546],[5.6709,48.5564],[5.6736,48.557],[5.6727,48.5519],[5.6744,48.5512],[5.6738,48.5498],[5.676,48.5476],[5.6838,48.5469],[5.6846,48.5458],[5.6813,48.5427],[5.6849,48.5429],[5.6839,48.5403],[5.6859,48.5387],[5.6813,48.5345],[5.6773,48.5319],[5.678,48.5305],[5.6732,48.5295],[5.6716,48.5268],[5.6713,48.5238],[5.6685,48.5233],[5.6645,48.5211],[5.6618,48.5119],[5.6567,48.5136],[5.654,48.5137],[5.649,48.5095],[5.6447,48.5076],[5.6413,48.5072],[5.6394,48.5084],[5.6295,48.512]]]}},{"type":"Feature","properties":{"code":"55329","nom":"Mécrin","pop":183},"geometry":{"type":"Polygon","coordinates":[[[5.5283,48.8136],[5.5262,48.8169],[5.5245,48.8175],[5.5242,48.8202],[5.522,48.8209],[5.5271,48.8282],[5.5261,48.8305],[5.5193,48.8321],[5.5159,48.8337],[5.5194,48.8337],[5.5235,48.8327],[5.5286,48.8343],[5.5347,48.8372],[5.5355,48.8365],[5.5416,48.8358],[5.5435,48.8401],[5.5474,48.842],[5.5521,48.8425],[5.5653,48.8502],[5.5716,48.8485],[5.5744,48.846],[5.5706,48.8337],[5.5675,48.8307],[5.5626,48.8292],[5.5598,48.8292],[5.5601,48.8256],[5.5626,48.8235],[5.5742,48.8248],[5.5773,48.824],[5.5702,48.8218],[5.5632,48.8175],[5.555,48.8161],[5.5473,48.8118],[5.5471,48.8098],[5.5403,48.8089],[5.5373,48.8093],[5.5324,48.8076],[5.5304,48.8093],[5.5283,48.8136]]]}},{"type":"Feature","properties":{"code":"55330","nom":"Méligny-le-Grand","pop":88},"geometry":{"type":"Polygon","coordinates":[[[5.518,48.6798],[5.5223,48.6761],[5.5175,48.6728],[5.5151,48.6697],[5.5124,48.6645],[5.5083,48.6626],[5.5004,48.6568],[5.4954,48.6508],[5.4933,48.6515],[5.4918,48.6531],[5.4928,48.657],[5.4919,48.6604],[5.4934,48.663],[5.4825,48.6667],[5.4782,48.6676],[5.4704,48.6738],[5.4681,48.6743],[5.4723,48.6781],[5.4771,48.6836],[5.476,48.687],[5.4697,48.6899],[5.4695,48.6914],[5.4661,48.6938],[5.4698,48.6972],[5.4802,48.6984],[5.4849,48.697],[5.4898,48.6974],[5.4985,48.697],[5.4994,48.6947],[5.5023,48.6918],[5.5049,48.6918],[5.5088,48.6888],[5.5088,48.6875],[5.5119,48.6854],[5.5144,48.6853],[5.5167,48.6808],[5.518,48.6798]]]}},{"type":"Feature","properties":{"code":"55331","nom":"Méligny-le-Petit","pop":73},"geometry":{"type":"Polygon","coordinates":[[[5.4877,48.6405],[5.4841,48.6412],[5.4801,48.641],[5.4774,48.6418],[5.4695,48.6421],[5.4578,48.6468],[5.4468,48.6501],[5.4474,48.652],[5.4442,48.6532],[5.445,48.6541],[5.4479,48.6563],[5.4465,48.6588],[5.4507,48.6603],[5.4553,48.6632],[5.4577,48.6664],[5.4634,48.6701],[5.4681,48.6743],[5.4704,48.6738],[5.4782,48.6676],[5.4825,48.6667],[5.4934,48.663],[5.4919,48.6604],[5.4928,48.657],[5.4918,48.6531],[5.4933,48.6515],[5.4878,48.6456],[5.4877,48.6405]]]}},{"type":"Feature","properties":{"code":"55332","nom":"Menaucourt","pop":221},"geometry":{"type":"Polygon","coordinates":[[[5.3382,48.6568],[5.3363,48.6606],[5.3407,48.6616],[5.3443,48.6634],[5.3438,48.6648],[5.3529,48.6662],[5.3568,48.6675],[5.3618,48.6667],[5.3695,48.6646],[5.3776,48.6648],[5.3873,48.6625],[5.3857,48.6566],[5.384,48.6528],[5.3799,48.6515],[5.3756,48.6515],[5.3733,48.6506],[5.373,48.6485],[5.3656,48.6464],[5.3608,48.6437],[5.3595,48.6422],[5.3556,48.643],[5.3511,48.6419],[5.3479,48.6455],[5.3485,48.6494],[5.3455,48.6515],[5.3473,48.6524],[5.3438,48.6556],[5.3382,48.6568]]]}},{"type":"Feature","properties":{"code":"55333","nom":"Ménil-aux-Bois","pop":48},"geometry":{"type":"Polygon","coordinates":[[[5.4145,48.7999],[5.4146,48.8023],[5.4189,48.8085],[5.4192,48.8097],[5.4261,48.8118],[5.4298,48.8138],[5.4361,48.8162],[5.4451,48.8188],[5.4474,48.8158],[5.4462,48.8118],[5.4467,48.8081],[5.4528,48.8078],[5.4572,48.809],[5.4668,48.8097],[5.4632,48.8077],[5.4566,48.8013],[5.4526,48.798],[5.4482,48.7959],[5.4461,48.794],[5.4407,48.7909],[5.4306,48.7893],[5.4291,48.7885],[5.4273,48.7924],[5.4223,48.7919],[5.4198,48.7941],[5.4165,48.7995],[5.4145,48.7999]]]}},{"type":"Feature","properties":{"code":"55334","nom":"Ménil-la-Horgne","pop":180},"geometry":{"type":"Polygon","coordinates":[[[5.5051,48.7137],[5.5053,48.7151],[5.5146,48.7163],[5.5218,48.7182],[5.5166,48.7273],[5.5444,48.7276],[5.5419,48.7202],[5.5415,48.7151],[5.5499,48.7137],[5.5573,48.7079],[5.5601,48.7039],[5.5556,48.7035],[5.5524,48.7024],[5.5535,48.7004],[5.5521,48.6978],[5.5489,48.6952],[5.5588,48.6886],[5.5633,48.6878],[5.5647,48.6914],[5.5708,48.6926],[5.5787,48.691],[5.5786,48.6872],[5.5767,48.6848],[5.5659,48.686],[5.5602,48.6857],[5.5557,48.6837],[5.5475,48.6826],[5.5426,48.6827],[5.5372,48.6819],[5.5321,48.6822],[5.5191,48.6803],[5.518,48.6798],[5.5167,48.6808],[5.5144,48.6853],[5.5119,48.6854],[5.5088,48.6875],[5.5088,48.6888],[5.5049,48.6918],[5.5023,48.6918],[5.4994,48.6947],[5.4985,48.697],[5.5033,48.7022],[5.5083,48.7043],[5.5067,48.7107],[5.5051,48.7137]]]}},{"type":"Feature","properties":{"code":"55335","nom":"Ménil-sur-Saulx","pop":243},"geometry":{"type":"Polygon","coordinates":[[[5.198,48.5972],[5.1944,48.5972],[5.1902,48.5943],[5.1869,48.5941],[5.1866,48.5988],[5.1798,48.6],[5.1769,48.604],[5.1849,48.6098],[5.1831,48.614],[5.1914,48.6158],[5.1902,48.6197],[5.1919,48.6204],[5.1893,48.6251],[5.1849,48.629],[5.1855,48.6301],[5.1908,48.6329],[5.192,48.6359],[5.2012,48.6392],[5.2095,48.6411],[5.2123,48.6405],[5.2128,48.6382],[5.2183,48.6388],[5.2219,48.6402],[5.224,48.6386],[5.228,48.6372],[5.2336,48.6374],[5.2367,48.6356],[5.237,48.6341],[5.2334,48.6312],[5.2347,48.6281],[5.2323,48.627],[5.2312,48.624],[5.2262,48.6193],[5.2271,48.6177],[5.2226,48.6162],[5.22,48.6128],[5.2135,48.6088],[5.2064,48.6055],[5.1992,48.6009],[5.1952,48.5994],[5.198,48.5972]]]}},{"type":"Feature","properties":{"code":"55336","nom":"Merles-sur-Loison","pop":144},"geometry":{"type":"Polygon","coordinates":[[[5.4499,49.3503],[5.4451,49.3513],[5.4432,49.3537],[5.4502,49.3554],[5.4554,49.3583],[5.4564,49.3603],[5.4636,49.3636],[5.4626,49.3665],[5.4551,49.3734],[5.4564,49.3761],[5.4589,49.3782],[5.4593,49.3807],[5.4643,49.3797],[5.4707,49.3878],[5.4739,49.3889],[5.4807,49.3824],[5.485,49.3832],[5.4893,49.3823],[5.4894,49.3789],[5.4999,49.3746],[5.4967,49.3692],[5.4973,49.3655],[5.4969,49.3598],[5.4948,49.3573],[5.4958,49.3557],[5.4931,49.3526],[5.4856,49.3507],[5.4764,49.3468],[5.4732,49.3424],[5.4592,49.3461],[5.4558,49.3484],[5.4552,49.3501],[5.4499,49.3503]]]}},{"type":"Feature","properties":{"code":"55338","nom":"Milly-sur-Bradon","pop":148},"geometry":{"type":"Polygon","coordinates":[[[5.2077,49.4241],[5.2116,49.4228],[5.2106,49.4207],[5.2115,49.4166],[5.2154,49.4168],[5.2167,49.4111],[5.2162,49.4085],[5.2236,49.4036],[5.2281,49.402],[5.2333,49.4014],[5.2352,49.3997],[5.2365,49.3978],[5.2355,49.3938],[5.2359,49.3876],[5.246,49.3756],[5.2434,49.3764],[5.2376,49.3753],[5.2348,49.374],[5.2316,49.3756],[5.2264,49.3746],[5.2211,49.3745],[5.2109,49.3843],[5.2067,49.3823],[5.2042,49.3844],[5.205,49.3858],[5.1981,49.3935],[5.1889,49.4024],[5.1954,49.4052],[5.1967,49.4074],[5.1959,49.4091],[5.1981,49.4138],[5.201,49.4175],[5.2077,49.4241]]]}},{"type":"Feature","properties":{"code":"55339","nom":"Mogeville","pop":73},"geometry":{"type":"Polygon","coordinates":[[[5.5532,49.236],[5.5523,49.2338],[5.5468,49.2319],[5.5452,49.23],[5.5433,49.2316],[5.5361,49.2306],[5.533,49.233],[5.5271,49.2326],[5.5232,49.233],[5.5232,49.235],[5.5211,49.2387],[5.5155,49.2404],[5.5165,49.243],[5.5218,49.244],[5.5205,49.2477],[5.5273,49.2483],[5.5305,49.2479],[5.5305,49.2512],[5.5335,49.2516],[5.5333,49.2559],[5.5444,49.2575],[5.5562,49.2598],[5.5627,49.2619],[5.565,49.2579],[5.5615,49.2565],[5.5567,49.2556],[5.5508,49.2526],[5.5519,49.2485],[5.5544,49.2489],[5.5571,49.2468],[5.5581,49.2429],[5.5574,49.2402],[5.5536,49.2396],[5.5532,49.236]]]}},{"type":"Feature","properties":{"code":"55340","nom":"Mognéville","pop":358},"geometry":{"type":"Polygon","coordinates":[[[4.9528,48.7681],[4.9487,48.7705],[4.9518,48.7704],[4.9564,48.7725],[4.9613,48.7762],[4.9649,48.7795],[4.965,48.7824],[4.9723,48.7876],[4.9786,48.7869],[4.9844,48.7898],[4.9842,48.7919],[4.9809,48.7943],[4.979,48.797],[4.9827,48.7978],[4.9861,48.7976],[4.9979,48.7989],[5.0002,48.8014],[5.0041,48.798],[5.0081,48.7979],[5.0087,48.7942],[5.0134,48.7943],[5.0172,48.7931],[5.0191,48.7903],[5.0259,48.789],[5.0275,48.7877],[5.0268,48.7837],[5.0213,48.78],[5.0212,48.7787],[5.0179,48.7766],[5.0181,48.7739],[5.0206,48.7724],[5.022,48.7687],[5.025,48.7675],[5.0251,48.7656],[5.0208,48.7654],[5.0221,48.7601],[5.0091,48.7621],[5.005,48.7608],[4.9981,48.7571],[4.9946,48.7531],[4.988,48.7529],[4.9886,48.7496],[4.9873,48.749],[4.9803,48.7485],[4.9786,48.7524],[4.9737,48.7558],[4.9723,48.7576],[4.9645,48.7587],[4.9576,48.7663],[4.955,48.7682],[4.9528,48.7681]]]}},{"type":"Feature","properties":{"code":"55341","nom":"Moirey-Flabas-Crépion","pop":109},"geometry":{"type":"Polygon","coordinates":[[[5.4126,49.2806],[5.4092,49.2787],[5.4062,49.2759],[5.4033,49.2774],[5.3965,49.2774],[5.3916,49.2753],[5.3882,49.2758],[5.3851,49.2745],[5.3846,49.2798],[5.3799,49.2819],[5.3754,49.2858],[5.37,49.2868],[5.3668,49.2895],[5.3683,49.2925],[5.3679,49.2955],[5.3657,49.2985],[5.3614,49.3014],[5.3573,49.3009],[5.3512,49.2991],[5.3498,49.2962],[5.3495,49.2982],[5.3548,49.3022],[5.353,49.3051],[5.3645,49.308],[5.3681,49.3099],[5.3732,49.3107],[5.3769,49.3097],[5.3857,49.3129],[5.381,49.3144],[5.3848,49.3172],[5.3953,49.3202],[5.3987,49.3222],[5.4032,49.3282],[5.4051,49.325],[5.4054,49.3207],[5.4069,49.3168],[5.4065,49.3151],[5.4141,49.3053],[5.4187,49.3042],[5.4195,49.3005],[5.4186,49.2999],[5.4117,49.2876],[5.4149,49.284],[5.4126,49.2806]]]}},{"type":"Feature","properties":{"code":"55343","nom":"Montblainville","pop":58},"geometry":{"type":"Polygon","coordinates":[[[4.9508,49.237],[4.9584,49.2388],[4.9634,49.2439],[4.9643,49.2477],[4.968,49.2496],[4.9764,49.252],[4.979,49.2519],[4.9897,49.2565],[4.9935,49.2571],[4.9994,49.2594],[5,49.2607],[5.0027,49.2612],[5.0106,49.2584],[5.0161,49.2575],[5.0179,49.2582],[5.0211,49.2536],[5.0248,49.2503],[5.0233,49.2482],[5.0267,49.2446],[5.0278,49.2423],[5.0279,49.2376],[5.0214,49.2337],[5.0093,49.2335],[5.0048,49.234],[5.0013,49.2315],[4.9967,49.2327],[4.993,49.2327],[4.9854,49.2293],[4.982,49.2271],[4.9814,49.2239],[4.9776,49.2198],[4.9728,49.2265],[4.9709,49.236],[4.9685,49.2367],[4.9571,49.2362],[4.9513,49.2367],[4.9508,49.237]]]}},{"type":"Feature","properties":{"code":"55344","nom":"Montbras","pop":20},"geometry":{"type":"Polygon","coordinates":[[[5.7136,48.5259],[5.7147,48.5245],[5.7192,48.5234],[5.7164,48.5203],[5.7215,48.5193],[5.7218,48.5181],[5.7195,48.5141],[5.7183,48.5103],[5.715,48.5065],[5.7074,48.5038],[5.7059,48.5048],[5.6989,48.5072],[5.6975,48.5067],[5.6878,48.5105],[5.6713,48.5023],[5.6678,48.5016],[5.6708,48.5032],[5.6743,48.5063],[5.6806,48.51],[5.6834,48.5123],[5.6833,48.5159],[5.6856,48.5221],[5.6906,48.5267],[5.6932,48.5278],[5.6958,48.5267],[5.6986,48.5236],[5.7019,48.5247],[5.7048,48.5236],[5.7069,48.5268],[5.7108,48.5253],[5.7136,48.5259]]]}},{"type":"Feature","properties":{"code":"55345","nom":"Mont-devant-Sassey","pop":103},"geometry":{"type":"Polygon","coordinates":[[[5.194,49.4311],[5.1928,49.4298],[5.1914,49.4272],[5.199,49.4267],[5.1955,49.4247],[5.1926,49.4262],[5.1822,49.4199],[5.1788,49.4184],[5.181,49.4162],[5.1798,49.4135],[5.1769,49.4099],[5.1786,49.4083],[5.177,49.4047],[5.1738,49.4023],[5.1688,49.4001],[5.1596,49.4001],[5.1575,49.3984],[5.1531,49.3985],[5.1422,49.4001],[5.1357,49.3986],[5.1311,49.4007],[5.1306,49.4038],[5.1284,49.4054],[5.1298,49.4096],[5.133,49.4132],[5.138,49.4159],[5.1472,49.4189],[5.1506,49.421],[5.153,49.4193],[5.1563,49.4198],[5.1635,49.4222],[5.1725,49.4225],[5.1787,49.424],[5.1844,49.4264],[5.1832,49.4276],[5.194,49.4311]]]}},{"type":"Feature","properties":{"code":"55346","nom":"Montfaucon-d'Argonne","pop":261},"geometry":{"type":"Polygon","coordinates":[[[5.1632,49.2594],[5.1629,49.2578],[5.1573,49.2547],[5.1568,49.2521],[5.1589,49.2491],[5.1514,49.2415],[5.1487,49.2408],[5.1473,49.237],[5.1498,49.2344],[5.1529,49.2338],[5.1425,49.2254],[5.1406,49.2255],[5.1407,49.2211],[5.1366,49.2201],[5.1317,49.2242],[5.1306,49.2223],[5.1341,49.2198],[5.1269,49.2205],[5.127,49.2225],[5.1224,49.2242],[5.1205,49.2271],[5.1163,49.2272],[5.1127,49.2285],[5.1129,49.2316],[5.1116,49.2331],[5.1085,49.2322],[5.1002,49.2347],[5.1028,49.2378],[5.1084,49.2382],[5.1133,49.2406],[5.108,49.2481],[5.1051,49.2547],[5.1038,49.2604],[5.1065,49.261],[5.107,49.2628],[5.1131,49.2682],[5.1179,49.2707],[5.1176,49.2741],[5.1182,49.2824],[5.1176,49.286],[5.1242,49.287],[5.1317,49.2899],[5.1406,49.2879],[5.1407,49.2889],[5.1473,49.2894],[5.1514,49.2904],[5.1561,49.2885],[5.1568,49.285],[5.1545,49.2837],[5.1563,49.2809],[5.1516,49.2795],[5.1544,49.2762],[5.1591,49.2731],[5.1587,49.2708],[5.1663,49.2699],[5.168,49.2703],[5.1702,49.2698],[5.1682,49.2664],[5.1704,49.2624],[5.1632,49.2594]]]}},{"type":"Feature","properties":{"code":"55347","nom":"Les Monthairons","pop":324},"geometry":{"type":"Polygon","coordinates":[[[5.3687,49.023],[5.3611,49.0234],[5.3532,49.0249],[5.349,49.0266],[5.3471,49.0291],[5.3504,49.0339],[5.3596,49.0341],[5.3619,49.0329],[5.3704,49.0322],[5.3761,49.0342],[5.3804,49.0371],[5.3749,49.0385],[5.3753,49.0415],[5.3694,49.0406],[5.3733,49.0508],[5.3821,49.0546],[5.3859,49.0552],[5.3858,49.0568],[5.39,49.0567],[5.3969,49.0556],[5.4002,49.0597],[5.4062,49.065],[5.4057,49.0656],[5.414,49.0682],[5.413,49.0628],[5.4152,49.0629],[5.4172,49.0595],[5.4224,49.0547],[5.4205,49.0538],[5.4214,49.0501],[5.4238,49.0493],[5.4243,49.0477],[5.4209,49.0445],[5.4211,49.0425],[5.4189,49.0415],[5.4182,49.0362],[5.4169,49.0345],[5.4123,49.0349],[5.4114,49.0371],[5.4035,49.0341],[5.3975,49.0353],[5.3929,49.0296],[5.3774,49.0247],[5.3687,49.023]]]}},{"type":"Feature","properties":{"code":"55348","nom":"Montiers-sur-Saulx","pop":365},"geometry":{"type":"Polygon","coordinates":[[[5.2957,48.5083],[5.2892,48.5105],[5.2862,48.5155],[5.2791,48.5137],[5.2711,48.5136],[5.2692,48.5161],[5.2629,48.52],[5.2579,48.5217],[5.2499,48.5234],[5.2448,48.525],[5.2392,48.5257],[5.2306,48.5292],[5.2272,48.5321],[5.2219,48.5265],[5.2123,48.5288],[5.2122,48.5321],[5.2065,48.5361],[5.2067,48.5388],[5.1959,48.538],[5.1942,48.5414],[5.1969,48.5467],[5.1991,48.5488],[5.2034,48.5509],[5.2068,48.5545],[5.2157,48.5584],[5.2177,48.5606],[5.2224,48.5587],[5.2263,48.559],[5.23,48.5605],[5.231,48.5622],[5.2364,48.5654],[5.2472,48.5675],[5.2523,48.5706],[5.2535,48.5697],[5.2605,48.5718],[5.2639,48.572],[5.2707,48.5738],[5.2765,48.5742],[5.278,48.572],[5.2851,48.5738],[5.2899,48.574],[5.2966,48.5712],[5.3009,48.5688],[5.3076,48.5685],[5.3121,48.5634],[5.3167,48.5571],[5.3225,48.5596],[5.3258,48.5555],[5.3272,48.5512],[5.3206,48.5496],[5.3215,48.5481],[5.3221,48.5423],[5.3243,48.5361],[5.3219,48.5291],[5.3182,48.5253],[5.3166,48.5228],[5.313,48.521],[5.3078,48.5201],[5.3078,48.5178],[5.306,48.5162],[5.3014,48.5119],[5.2957,48.5083]]]}},{"type":"Feature","properties":{"code":"55349","nom":"Montigny-devant-Sassey","pop":132},"geometry":{"type":"Polygon","coordinates":[[[5.1284,49.4054],[5.1283,49.4058],[5.1078,49.4142],[5.1097,49.4158],[5.1154,49.4194],[5.1159,49.4219],[5.1108,49.4241],[5.1056,49.4253],[5.1064,49.4278],[5.1194,49.4294],[5.1216,49.4301],[5.127,49.4301],[5.1312,49.4316],[5.1367,49.4377],[5.1357,49.439],[5.1312,49.4383],[5.1295,49.4396],[5.1322,49.4424],[5.1395,49.4462],[5.1464,49.449],[5.148,49.4482],[5.1512,49.4437],[5.1572,49.4388],[5.1618,49.4398],[5.1625,49.4357],[5.1628,49.4272],[5.1635,49.4222],[5.1563,49.4198],[5.153,49.4193],[5.1506,49.421],[5.1472,49.4189],[5.138,49.4159],[5.133,49.4132],[5.1298,49.4096],[5.1284,49.4054]]]}},{"type":"Feature","properties":{"code":"55350","nom":"Montigny-lès-Vaucouleurs","pop":74},"geometry":{"type":"Polygon","coordinates":[[[5.5738,48.5665],[5.5755,48.5723],[5.5761,48.5804],[5.5848,48.5875],[5.586,48.589],[5.5917,48.5923],[5.5946,48.5917],[5.603,48.5916],[5.6095,48.592],[5.6131,48.5916],[5.6195,48.5919],[5.6253,48.5932],[5.6311,48.5924],[5.6321,48.5966],[5.6337,48.5965],[5.6335,48.592],[5.6344,48.5871],[5.6332,48.5862],[5.6314,48.5812],[5.6319,48.577],[5.6296,48.5717],[5.6296,48.5684],[5.6276,48.5654],[5.6263,48.566],[5.6182,48.566],[5.6149,48.5653],[5.6033,48.5638],[5.5963,48.5621],[5.5913,48.5602],[5.589,48.5645],[5.5875,48.5645],[5.5818,48.5676],[5.5807,48.5667],[5.5738,48.5665]]]}},{"type":"Feature","properties":{"code":"55351","nom":"Montmédy","pop":2052},"geometry":{"type":"Polygon","coordinates":[[[5.3607,49.5369],[5.3633,49.5368],[5.3643,49.5394],[5.3701,49.5415],[5.3755,49.5502],[5.3807,49.5522],[5.3926,49.5538],[5.3986,49.5554],[5.3987,49.5514],[5.3966,49.5485],[5.401,49.5463],[5.401,49.5434],[5.4031,49.5396],[5.4057,49.5375],[5.4051,49.5354],[5.4002,49.5341],[5.3989,49.5312],[5.4037,49.5287],[5.4054,49.5259],[5.401,49.5227],[5.3958,49.522],[5.3932,49.5198],[5.387,49.5211],[5.3835,49.5192],[5.3805,49.5139],[5.3868,49.5094],[5.3846,49.5082],[5.3863,49.5047],[5.3916,49.4978],[5.4006,49.492],[5.4054,49.4878],[5.4045,49.4845],[5.396,49.4891],[5.3918,49.4903],[5.3849,49.4904],[5.3827,49.486],[5.3783,49.4851],[5.3811,49.4818],[5.3764,49.4781],[5.3737,49.4773],[5.3643,49.4783],[5.3597,49.4807],[5.3597,49.4836],[5.3572,49.4887],[5.3563,49.4891],[5.3526,49.4954],[5.3505,49.4956],[5.3453,49.4948],[5.343,49.4974],[5.343,49.5014],[5.3401,49.5018],[5.3343,49.4991],[5.3305,49.5],[5.3289,49.5042],[5.3334,49.5077],[5.3362,49.509],[5.34,49.5131],[5.3407,49.5148],[5.3445,49.5161],[5.344,49.5205],[5.3482,49.5237],[5.359,49.5213],[5.3611,49.5317],[5.3607,49.5369]]]}},{"type":"Feature","properties":{"code":"55352","nom":"Montplonne","pop":131},"geometry":{"type":"Polygon","coordinates":[[[5.1308,48.7236],[5.1326,48.7241],[5.1344,48.7271],[5.1412,48.7258],[5.1492,48.7306],[5.1619,48.7333],[5.1653,48.7324],[5.1674,48.7308],[5.1708,48.7276],[5.1691,48.7253],[5.1707,48.7209],[5.1691,48.7186],[5.1702,48.7156],[5.176,48.7173],[5.1849,48.7149],[5.1909,48.7143],[5.1933,48.7131],[5.1933,48.7102],[5.1905,48.7074],[5.1899,48.7047],[5.1981,48.699],[5.2009,48.6993],[5.2033,48.6953],[5.2042,48.6916],[5.2075,48.6901],[5.1999,48.6799],[5.1981,48.6788],[5.1947,48.678],[5.1929,48.6796],[5.1903,48.6795],[5.1799,48.6744],[5.1803,48.6729],[5.1749,48.6701],[5.1746,48.6685],[5.1692,48.6632],[5.1652,48.6656],[5.1576,48.6693],[5.1508,48.6723],[5.1498,48.675],[5.1526,48.679],[5.1524,48.6805],[5.1481,48.6846],[5.149,48.6892],[5.1483,48.6906],[5.1496,48.7004],[5.1523,48.7022],[5.1574,48.7026],[5.1625,48.709],[5.1613,48.7155],[5.1578,48.7161],[5.1561,48.7192],[5.1536,48.7181],[5.146,48.7171],[5.1404,48.7156],[5.1381,48.7149],[5.1364,48.7169],[5.1313,48.7132],[5.1294,48.7143],[5.1247,48.7222],[5.1308,48.7236]]]}},{"type":"Feature","properties":{"code":"55353","nom":"Montsec","pop":75},"geometry":{"type":"Polygon","coordinates":[[[5.7067,48.8804],[5.7041,48.8822],[5.7057,48.8847],[5.7038,48.8879],[5.701,48.8901],[5.7043,48.8914],[5.7018,48.8942],[5.701,48.8975],[5.7033,48.8995],[5.7096,48.9018],[5.7125,48.8975],[5.7164,48.8987],[5.719,48.8982],[5.7295,48.8993],[5.7333,48.9007],[5.7349,48.9001],[5.7458,48.8983],[5.7499,48.8953],[5.7451,48.8928],[5.7475,48.8882],[5.7411,48.8861],[5.7394,48.8867],[5.7349,48.8822],[5.7313,48.881],[5.7292,48.8838],[5.7263,48.8849],[5.7225,48.8852],[5.7196,48.8826],[5.7187,48.8786],[5.7067,48.8804]]]}},{"type":"Feature","properties":{"code":"55355","nom":"Montzéville","pop":152},"geometry":{"type":"Polygon","coordinates":[[[5.1514,49.1857],[5.156,49.1882],[5.1547,49.1901],[5.1557,49.1923],[5.1594,49.1928],[5.1654,49.1924],[5.1694,49.1921],[5.1762,49.1902],[5.1849,49.1865],[5.1871,49.1868],[5.1903,49.1895],[5.1959,49.1907],[5.1991,49.1901],[5.2015,49.1919],[5.2057,49.1935],[5.208,49.1959],[5.2163,49.202],[5.2238,49.2029],[5.2276,49.2054],[5.2324,49.2061],[5.2355,49.2056],[5.2415,49.2061],[5.2451,49.2059],[5.2583,49.2039],[5.2671,49.2008],[5.2733,49.1994],[5.2706,49.1969],[5.2713,49.195],[5.2666,49.191],[5.2664,49.1891],[5.262,49.184],[5.2597,49.1835],[5.2531,49.1839],[5.2515,49.1832],[5.2482,49.1856],[5.2432,49.1867],[5.2349,49.1838],[5.2289,49.1776],[5.2226,49.176],[5.2168,49.1729],[5.2148,49.1742],[5.2103,49.1736],[5.2039,49.1718],[5.1989,49.1696],[5.1919,49.1697],[5.1886,49.1709],[5.1787,49.1785],[5.1772,49.1823],[5.1714,49.1806],[5.1644,49.18],[5.1596,49.1782],[5.1517,49.1818],[5.1514,49.1857]]]}},{"type":"Feature","properties":{"code":"55356","nom":"Moranville","pop":103},"geometry":{"type":"Polygon","coordinates":[[[5.5301,49.1681],[5.5278,49.1706],[5.525,49.1699],[5.5223,49.176],[5.5161,49.1739],[5.5139,49.1768],[5.5168,49.1774],[5.5158,49.1828],[5.5194,49.1853],[5.5262,49.1887],[5.5271,49.1871],[5.5381,49.1872],[5.5396,49.188],[5.5424,49.1922],[5.5462,49.1912],[5.5508,49.1915],[5.5622,49.1878],[5.5627,49.1868],[5.5685,49.1868],[5.5688,49.1806],[5.567,49.1799],[5.5661,49.1819],[5.5625,49.1833],[5.5562,49.1834],[5.5555,49.1771],[5.5531,49.1769],[5.5541,49.1647],[5.5476,49.1636],[5.5417,49.1679],[5.5343,49.1696],[5.5301,49.1681]]]}},{"type":"Feature","properties":{"code":"55357","nom":"Morgemoulin","pop":109},"geometry":{"type":"Polygon","coordinates":[[[5.5807,49.2429],[5.5846,49.2426],[5.5859,49.241],[5.5959,49.2411],[5.5938,49.2389],[5.5949,49.2363],[5.5924,49.2359],[5.594,49.2325],[5.5916,49.2322],[5.5918,49.2274],[5.601,49.2227],[5.6014,49.218],[5.5983,49.2177],[5.5966,49.22],[5.5943,49.2194],[5.593,49.224],[5.587,49.2228],[5.5764,49.2223],[5.572,49.2228],[5.5677,49.2214],[5.5634,49.2211],[5.5587,49.2198],[5.5563,49.2225],[5.553,49.2238],[5.5501,49.2215],[5.5456,49.2225],[5.5418,49.2208],[5.5373,49.2239],[5.5429,49.2261],[5.5458,49.2287],[5.5452,49.23],[5.5468,49.2319],[5.5523,49.2338],[5.5532,49.236],[5.5644,49.2379],[5.5715,49.2378],[5.5724,49.2399],[5.5783,49.2402],[5.5765,49.243],[5.5807,49.2429]]]}},{"type":"Feature","properties":{"code":"55358","nom":"Chanteraine","pop":187},"geometry":{"type":"Polygon","coordinates":[[[5.3883,48.6495],[5.384,48.6528],[5.3857,48.6566],[5.3873,48.6625],[5.3776,48.6648],[5.3695,48.6646],[5.3618,48.6667],[5.3568,48.6675],[5.3529,48.6662],[5.3515,48.6669],[5.3466,48.6753],[5.3496,48.6827],[5.3536,48.6852],[5.3576,48.6925],[5.3621,48.696],[5.3721,48.6976],[5.3757,48.6963],[5.3842,48.6976],[5.3846,48.6987],[5.3948,48.7007],[5.3954,48.6991],[5.4105,48.7013],[5.4101,48.6993],[5.4148,48.6987],[5.4162,48.6966],[5.4212,48.6955],[5.4226,48.6922],[5.4268,48.6925],[5.43,48.6909],[5.4314,48.6905],[5.4271,48.6857],[5.4256,48.6828],[5.4285,48.6817],[5.4252,48.6785],[5.4226,48.6737],[5.42,48.6734],[5.4199,48.6666],[5.4218,48.6657],[5.4191,48.6635],[5.4174,48.6605],[5.4179,48.6591],[5.4163,48.6567],[5.4126,48.6566],[5.4041,48.6551],[5.4017,48.6537],[5.3976,48.6537],[5.3892,48.651],[5.3883,48.6495]]]}},{"type":"Feature","properties":{"code":"55359","nom":"Morley","pop":204},"geometry":{"type":"Polygon","coordinates":[[[5.2881,48.596],[5.2865,48.5924],[5.2873,48.5908],[5.2812,48.5868],[5.2801,48.5837],[5.2865,48.5803],[5.2823,48.5776],[5.2778,48.5776],[5.2765,48.5742],[5.2707,48.5738],[5.2639,48.572],[5.2605,48.5718],[5.2535,48.5697],[5.2523,48.5706],[5.2472,48.5675],[5.2364,48.5654],[5.231,48.5622],[5.23,48.5605],[5.2263,48.559],[5.2224,48.5587],[5.2177,48.5606],[5.2157,48.5584],[5.2068,48.5545],[5.2034,48.5509],[5.1991,48.5488],[5.1969,48.5467],[5.1912,48.5492],[5.1879,48.5492],[5.185,48.5528],[5.1818,48.5532],[5.1731,48.5563],[5.1702,48.5626],[5.1672,48.565],[5.1651,48.5653],[5.1632,48.5657],[5.1612,48.5681],[5.1688,48.5686],[5.1734,48.5694],[5.1753,48.5688],[5.1823,48.57],[5.185,48.5746],[5.181,48.5815],[5.1743,48.5841],[5.1743,48.5863],[5.1784,48.589],[5.1839,48.5884],[5.1889,48.5864],[5.2005,48.5846],[5.2049,48.583],[5.2141,48.5843],[5.2191,48.5844],[5.2406,48.5897],[5.2436,48.589],[5.2475,48.5895],[5.2566,48.593],[5.2591,48.5953],[5.2584,48.5977],[5.2637,48.5989],[5.2668,48.599],[5.2726,48.6019],[5.2756,48.6019],[5.2794,48.5994],[5.2881,48.596]]]}},{"type":"Feature","properties":{"code":"55360","nom":"Mouilly","pop":105},"geometry":{"type":"Polygon","coordinates":[[[5.5564,49.0409],[5.5525,49.0416],[5.5449,49.0418],[5.5362,49.0412],[5.5313,49.0436],[5.5217,49.0437],[5.5147,49.0415],[5.5082,49.0415],[5.5068,49.0445],[5.503,49.0491],[5.5028,49.0519],[5.5137,49.055],[5.5188,49.0547],[5.5199,49.058],[5.5166,49.0614],[5.5141,49.0627],[5.5192,49.0639],[5.5203,49.0658],[5.5262,49.0678],[5.5305,49.0687],[5.5371,49.067],[5.54,49.0669],[5.5568,49.0723],[5.5609,49.0655],[5.5618,49.06],[5.5655,49.0562],[5.5665,49.0533],[5.5705,49.0477],[5.5622,49.0452],[5.563,49.0436],[5.5564,49.0409]]]}},{"type":"Feature","properties":{"code":"55361","nom":"Moulainville","pop":139},"geometry":{"type":"Polygon","coordinates":[[[5.5105,49.1552],[5.5095,49.1517],[5.5042,49.1483],[5.5022,49.1487],[5.4961,49.1475],[5.4989,49.1448],[5.4928,49.1419],[5.487,49.1413],[5.4862,49.1432],[5.4836,49.1506],[5.4844,49.1522],[5.4779,49.1541],[5.4738,49.1501],[5.4705,49.1508],[5.4673,49.1546],[5.4613,49.1587],[5.4544,49.1583],[5.4519,49.1588],[5.4497,49.1612],[5.447,49.1607],[5.4463,49.1632],[5.4417,49.1629],[5.4384,49.1637],[5.4326,49.1636],[5.4313,49.1645],[5.4284,49.1653],[5.4355,49.1649],[5.4433,49.1661],[5.4548,49.1665],[5.4585,49.1676],[5.4661,49.1685],[5.4682,49.1659],[5.4712,49.1672],[5.4755,49.1673],[5.4774,49.1664],[5.4866,49.1689],[5.4899,49.1704],[5.4959,49.1721],[5.5011,49.1742],[5.5139,49.1768],[5.5161,49.1739],[5.5223,49.176],[5.525,49.1699],[5.5278,49.1706],[5.5301,49.1681],[5.5298,49.1663],[5.5226,49.1645],[5.514,49.1594],[5.5146,49.1583],[5.5105,49.1552]]]}},{"type":"Feature","properties":{"code":"55362","nom":"Moulins-Saint-Hubert","pop":175},"geometry":{"type":"Polygon","coordinates":[[[5.12,49.5928],[5.1281,49.5912],[5.1366,49.5908],[5.1442,49.591],[5.1438,49.5895],[5.1506,49.5862],[5.153,49.5806],[5.1528,49.5765],[5.14,49.5685],[5.1329,49.5672],[5.1272,49.567],[5.1266,49.5642],[5.1215,49.5655],[5.119,49.5652],[5.1166,49.5631],[5.1134,49.5623],[5.1108,49.563],[5.1106,49.5649],[5.1124,49.5689],[5.1104,49.5708],[5.1099,49.5738],[5.1048,49.5756],[5.1073,49.5821],[5.1125,49.59],[5.1161,49.5905],[5.12,49.5928]]]}},{"type":"Feature","properties":{"code":"55363","nom":"Moulotte","pop":87},"geometry":{"type":"Polygon","coordinates":[[[5.7324,49.1115],[5.7391,49.1124],[5.7456,49.1138],[5.7449,49.1153],[5.7498,49.116],[5.7515,49.1134],[5.7551,49.1142],[5.7566,49.1122],[5.7622,49.1081],[5.7642,49.1084],[5.7699,49.1068],[5.7725,49.1055],[5.7666,49.0968],[5.7607,49.0932],[5.7599,49.0906],[5.756,49.0859],[5.7518,49.0875],[5.7413,49.0934],[5.7369,49.1015],[5.7383,49.1026],[5.7342,49.1063],[5.7326,49.1061],[5.7285,49.1113],[5.7324,49.1115]]]}},{"type":"Feature","properties":{"code":"55364","nom":"Mouzay","pop":651},"geometry":{"type":"Polygon","coordinates":[[[5.3006,49.4359],[5.2985,49.4315],[5.3024,49.4282],[5.3038,49.4259],[5.2958,49.424],[5.2885,49.4276],[5.2804,49.4299],[5.2767,49.4303],[5.2736,49.4325],[5.265,49.4331],[5.2613,49.4319],[5.2592,49.4301],[5.2483,49.4279],[5.2431,49.4285],[5.2384,49.4314],[5.2372,49.4293],[5.232,49.4295],[5.2228,49.4291],[5.22,49.4303],[5.2153,49.4267],[5.2116,49.4228],[5.2077,49.4241],[5.2046,49.4264],[5.1996,49.4275],[5.1928,49.4298],[5.194,49.4311],[5.1933,49.4337],[5.1898,49.4348],[5.1841,49.4379],[5.1889,49.4389],[5.1833,49.442],[5.1838,49.4434],[5.1881,49.4453],[5.1888,49.4469],[5.1853,49.4484],[5.1848,49.4517],[5.187,49.4523],[5.1918,49.4517],[5.1932,49.4531],[5.1884,49.4545],[5.1916,49.4594],[5.1947,49.4597],[5.1924,49.4625],[5.1977,49.465],[5.2006,49.4645],[5.2021,49.4711],[5.2011,49.4731],[5.1968,49.477],[5.1985,49.4786],[5.2013,49.4766],[5.204,49.4766],[5.2078,49.4786],[5.2053,49.4814],[5.2105,49.4831],[5.2137,49.4824],[5.2164,49.4803],[5.2221,49.4788],[5.2268,49.4806],[5.2281,49.4826],[5.2461,49.4713],[5.2604,49.4619],[5.2619,49.4667],[5.2681,49.4668],[5.2706,49.4634],[5.2744,49.4611],[5.2786,49.461],[5.2846,49.4633],[5.2886,49.4604],[5.2948,49.4616],[5.2956,49.4624],[5.2958,49.4601],[5.2978,49.4573],[5.2962,49.4538],[5.2933,49.4451],[5.2887,49.4391],[5.2948,49.4378],[5.2979,49.4359],[5.3006,49.4359]]]}},{"type":"Feature","properties":{"code":"55365","nom":"Murvaux","pop":139},"geometry":{"type":"Polygon","coordinates":[[[5.2352,49.3997],[5.2477,49.4021],[5.2535,49.4076],[5.2593,49.4091],[5.2699,49.4094],[5.2763,49.4114],[5.2778,49.408],[5.2916,49.407],[5.2939,49.4075],[5.2951,49.4143],[5.3007,49.4169],[5.2991,49.421],[5.2958,49.424],[5.3038,49.4259],[5.3048,49.4223],[5.3073,49.418],[5.3125,49.4158],[5.3187,49.4156],[5.3078,49.4093],[5.3037,49.4079],[5.2951,49.4074],[5.293,49.4065],[5.2873,49.4063],[5.2854,49.4048],[5.2905,49.4018],[5.2925,49.3988],[5.2884,49.3926],[5.2865,49.3889],[5.2785,49.3852],[5.2785,49.3818],[5.276,49.3778],[5.2726,49.3741],[5.267,49.3717],[5.2638,49.3738],[5.2586,49.3729],[5.2545,49.3698],[5.2498,49.3723],[5.246,49.3756],[5.2359,49.3876],[5.2355,49.3938],[5.2365,49.3978],[5.2352,49.3997]]]}},{"type":"Feature","properties":{"code":"55366","nom":"Val-d'Ornain","pop":952},"geometry":{"type":"Polygon","coordinates":[[[5.0398,48.7862],[5.0435,48.7892],[5.0461,48.7958],[5.0505,48.7953],[5.0471,48.7987],[5.0544,48.8033],[5.0572,48.8036],[5.0601,48.8059],[5.069,48.8079],[5.0773,48.8092],[5.0756,48.8146],[5.0743,48.8223],[5.0755,48.8242],[5.0736,48.8266],[5.0751,48.8294],[5.0791,48.8317],[5.08,48.8344],[5.0847,48.8364],[5.0843,48.8384],[5.0801,48.8415],[5.0729,48.8438],[5.0745,48.8465],[5.0712,48.8496],[5.0724,48.8493],[5.0788,48.8522],[5.0834,48.8517],[5.083,48.8494],[5.0892,48.85],[5.0912,48.8481],[5.0904,48.8462],[5.0951,48.8462],[5.0945,48.8435],[5.102,48.8429],[5.1049,48.8398],[5.1043,48.8382],[5.107,48.8368],[5.1077,48.8343],[5.1024,48.8333],[5.0989,48.8343],[5.0893,48.8351],[5.0869,48.834],[5.0878,48.8311],[5.0906,48.8322],[5.0932,48.8304],[5.0915,48.8271],[5.0979,48.8266],[5.1007,48.8241],[5.1067,48.8231],[5.1123,48.8214],[5.1119,48.8153],[5.1189,48.8164],[5.1192,48.8115],[5.1251,48.8111],[5.1269,48.812],[5.1294,48.8102],[5.1367,48.8103],[5.1371,48.8049],[5.1348,48.8049],[5.1308,48.8021],[5.1261,48.8],[5.1229,48.7993],[5.117,48.7959],[5.1101,48.795],[5.0973,48.7887],[5.0927,48.7887],[5.0874,48.7904],[5.0849,48.7823],[5.0811,48.7793],[5.0784,48.7823],[5.0746,48.7768],[5.0717,48.7752],[5.0681,48.7745],[5.0656,48.7751],[5.063,48.774],[5.0585,48.775],[5.0576,48.7772],[5.0558,48.7794],[5.0498,48.7817],[5.0467,48.7836],[5.0398,48.7862]]]}},{"type":"Feature","properties":{"code":"55367","nom":"Muzeray","pop":133},"geometry":{"type":"Polygon","coordinates":[[[5.654,49.3329],[5.6509,49.3321],[5.6456,49.3322],[5.641,49.3292],[5.631,49.3255],[5.6312,49.3235],[5.6269,49.3247],[5.6218,49.3257],[5.6205,49.3283],[5.615,49.3278],[5.6119,49.3299],[5.608,49.3286],[5.6059,49.3313],[5.5986,49.3297],[5.5982,49.3325],[5.6044,49.3342],[5.6015,49.3381],[5.5988,49.3399],[5.5945,49.3458],[5.5914,49.3478],[5.6051,49.3487],[5.6108,49.3504],[5.616,49.349],[5.6213,49.351],[5.6216,49.3494],[5.6287,49.3509],[5.6281,49.3522],[5.6339,49.3536],[5.6373,49.3534],[5.6354,49.3488],[5.6389,49.3457],[5.6422,49.3447],[5.6424,49.3425],[5.6459,49.3403],[5.6457,49.3375],[5.6536,49.335],[5.654,49.3329]]]}},{"type":"Feature","properties":{"code":"55368","nom":"Naives-en-Blois","pop":155},"geometry":{"type":"Polygon","coordinates":[[[5.5766,48.6516],[5.5764,48.6515],[5.5603,48.6515],[5.5379,48.6468],[5.5326,48.6504],[5.5343,48.6514],[5.5317,48.6534],[5.5277,48.6517],[5.5211,48.657],[5.5166,48.6621],[5.5124,48.6645],[5.5151,48.6697],[5.5175,48.6728],[5.5223,48.6761],[5.518,48.6798],[5.5191,48.6803],[5.5321,48.6822],[5.5372,48.6819],[5.5426,48.6827],[5.5475,48.6826],[5.5557,48.6837],[5.5602,48.6857],[5.5659,48.686],[5.5767,48.6848],[5.5743,48.6817],[5.5716,48.6797],[5.5816,48.675],[5.5892,48.6733],[5.5854,48.6718],[5.5797,48.6719],[5.5755,48.67],[5.5739,48.6609],[5.579,48.6618],[5.5798,48.6578],[5.5766,48.6516]]]}},{"type":"Feature","properties":{"code":"55369","nom":"Naives-Rosières","pop":809},"geometry":{"type":"Polygon","coordinates":[[[5.211,48.7813],[5.2057,48.781],[5.2013,48.78],[5.1969,48.7845],[5.1974,48.7876],[5.1996,48.7895],[5.1986,48.795],[5.1974,48.7968],[5.1987,48.799],[5.1962,48.8015],[5.1964,48.8055],[5.1929,48.8081],[5.1961,48.8097],[5.2037,48.8112],[5.2064,48.8103],[5.2086,48.8125],[5.2147,48.8104],[5.2161,48.8121],[5.2242,48.8157],[5.2261,48.8184],[5.2305,48.8215],[5.2345,48.8231],[5.2381,48.8235],[5.2442,48.8251],[5.2459,48.8262],[5.2471,48.8187],[5.2505,48.8139],[5.2505,48.8125],[5.2541,48.8119],[5.2555,48.8064],[5.2587,48.8026],[5.2615,48.8005],[5.2613,48.7977],[5.2652,48.7963],[5.2685,48.7964],[5.2688,48.7946],[5.2591,48.7912],[5.2546,48.7885],[5.2463,48.7895],[5.2424,48.7849],[5.2411,48.7844],[5.2372,48.7867],[5.2328,48.7877],[5.2303,48.785],[5.2276,48.7835],[5.211,48.7813]]]}},{"type":"Feature","properties":{"code":"55370","nom":"Naix-aux-Forges","pop":179},"geometry":{"type":"Polygon","coordinates":[[[5.384,48.6528],[5.3883,48.6495],[5.3907,48.6468],[5.3906,48.645],[5.3865,48.638],[5.3895,48.6368],[5.3875,48.634],[5.3839,48.634],[5.3826,48.6314],[5.3793,48.6292],[5.3763,48.6259],[5.3699,48.622],[5.3711,48.6208],[5.3656,48.6155],[5.3671,48.6142],[5.3669,48.6115],[5.3639,48.6096],[5.3523,48.6181],[5.3502,48.6189],[5.3532,48.6207],[5.3577,48.622],[5.3589,48.6306],[5.3603,48.6337],[5.3627,48.6344],[5.3669,48.6392],[5.361,48.6404],[5.3595,48.6422],[5.3608,48.6437],[5.3656,48.6464],[5.373,48.6485],[5.3733,48.6506],[5.3756,48.6515],[5.3799,48.6515],[5.384,48.6528]]]}},{"type":"Feature","properties":{"code":"55371","nom":"Nançois-le-Grand","pop":70},"geometry":{"type":"Polygon","coordinates":[[[5.3721,48.6976],[5.3726,48.6993],[5.3786,48.7019],[5.3772,48.7031],[5.378,48.7056],[5.3744,48.7177],[5.3715,48.7181],[5.3735,48.721],[5.3677,48.724],[5.3647,48.7291],[5.3717,48.7286],[5.3803,48.729],[5.395,48.7288],[5.3988,48.7271],[5.4021,48.7244],[5.4057,48.7224],[5.4094,48.7237],[5.4126,48.7185],[5.4142,48.7191],[5.4185,48.7173],[5.4208,48.7143],[5.4168,48.7106],[5.4147,48.7063],[5.4105,48.7013],[5.3954,48.6991],[5.3948,48.7007],[5.3846,48.6987],[5.3842,48.6976],[5.3757,48.6963],[5.3721,48.6976]]]}},{"type":"Feature","properties":{"code":"55372","nom":"Nançois-sur-Ornain","pop":359},"geometry":{"type":"Polygon","coordinates":[[[5.3454,48.7367],[5.3444,48.735],[5.3428,48.7301],[5.3435,48.7277],[5.3418,48.7254],[5.3403,48.7202],[5.336,48.7115],[5.3303,48.7109],[5.3229,48.7118],[5.3191,48.711],[5.3102,48.7112],[5.2995,48.7076],[5.2977,48.7093],[5.2938,48.7071],[5.2884,48.7106],[5.2896,48.7141],[5.292,48.7152],[5.2897,48.7175],[5.2946,48.72],[5.3014,48.7216],[5.3017,48.723],[5.3062,48.7285],[5.3122,48.7306],[5.3169,48.7322],[5.3305,48.7353],[5.3381,48.7349],[5.3425,48.7369],[5.3454,48.7367]]]}},{"type":"Feature","properties":{"code":"55373","nom":"Nant-le-Grand","pop":82},"geometry":{"type":"Polygon","coordinates":[[[5.2063,48.6681],[5.2012,48.6719],[5.1988,48.6758],[5.1981,48.6788],[5.1999,48.6799],[5.2075,48.6901],[5.2081,48.6908],[5.2166,48.6919],[5.2211,48.6948],[5.2345,48.6968],[5.2371,48.6975],[5.2427,48.6972],[5.2438,48.6975],[5.2583,48.6892],[5.2614,48.6899],[5.2652,48.6867],[5.2669,48.6835],[5.2648,48.683],[5.2587,48.6835],[5.2573,48.6811],[5.2518,48.681],[5.2476,48.677],[5.2408,48.672],[5.2374,48.6704],[5.2385,48.6685],[5.2355,48.6669],[5.2379,48.6643],[5.2339,48.6642],[5.2304,48.6661],[5.2275,48.6666],[5.2236,48.6658],[5.2157,48.6682],[5.2121,48.6682],[5.2077,48.6671],[5.2063,48.6681]]]}},{"type":"Feature","properties":{"code":"55374","nom":"Nant-le-Petit","pop":81},"geometry":{"type":"Polygon","coordinates":[[[5.2095,48.6411],[5.2109,48.6441],[5.2088,48.6468],[5.2026,48.6473],[5.2014,48.6486],[5.2076,48.6623],[5.2043,48.6657],[5.2063,48.6681],[5.2077,48.6671],[5.2121,48.6682],[5.2157,48.6682],[5.2236,48.6658],[5.2275,48.6666],[5.2304,48.6661],[5.2339,48.6642],[5.2379,48.6643],[5.2403,48.6614],[5.2459,48.6515],[5.2499,48.6526],[5.2501,48.6493],[5.2543,48.6479],[5.254,48.6457],[5.2508,48.6457],[5.2502,48.6427],[5.2473,48.64],[5.243,48.6381],[5.2409,48.6385],[5.2395,48.6358],[5.2367,48.6356],[5.2336,48.6374],[5.228,48.6372],[5.224,48.6386],[5.2219,48.6402],[5.2183,48.6388],[5.2128,48.6382],[5.2123,48.6405],[5.2095,48.6411]]]}},{"type":"Feature","properties":{"code":"55375","nom":"Nantillois","pop":63},"geometry":{"type":"Polygon","coordinates":[[[5.117,49.3154],[5.1205,49.3173],[5.121,49.3189],[5.126,49.3191],[5.1293,49.3183],[5.1368,49.3189],[5.1382,49.3175],[5.1343,49.316],[5.1352,49.314],[5.1276,49.3132],[5.1278,49.3111],[5.133,49.3092],[5.14,49.3096],[5.1484,49.3067],[5.1525,49.3043],[5.1586,49.2991],[5.1564,49.2974],[5.1515,49.2919],[5.1514,49.2904],[5.1473,49.2894],[5.1407,49.2889],[5.1406,49.2879],[5.1317,49.2899],[5.1242,49.287],[5.1176,49.286],[5.1131,49.2863],[5.1097,49.288],[5.1119,49.2893],[5.1089,49.2915],[5.1088,49.2941],[5.1065,49.2964],[5.1143,49.302],[5.1181,49.3036],[5.124,49.3072],[5.1211,49.3123],[5.117,49.3154]]]}},{"type":"Feature","properties":{"code":"55376","nom":"Nantois","pop":73},"geometry":{"type":"Polygon","coordinates":[[[5.3502,48.6189],[5.3463,48.6155],[5.338,48.6098],[5.3335,48.6127],[5.3294,48.6119],[5.3252,48.6125],[5.3209,48.616],[5.3221,48.6183],[5.3211,48.6217],[5.3174,48.6213],[5.3167,48.6239],[5.3195,48.6249],[5.3299,48.6241],[5.3348,48.6246],[5.3367,48.6256],[5.3393,48.6298],[5.3408,48.6337],[5.3451,48.6378],[5.3488,48.6442],[5.3479,48.6455],[5.3511,48.6419],[5.3556,48.643],[5.3595,48.6422],[5.361,48.6404],[5.3669,48.6392],[5.3627,48.6344],[5.3603,48.6337],[5.3589,48.6306],[5.3577,48.622],[5.3532,48.6207],[5.3502,48.6189]]]}},{"type":"Feature","properties":{"code":"55377","nom":"Nepvant","pop":87},"geometry":{"type":"Polygon","coordinates":[[[5.207,49.5403],[5.2081,49.5428],[5.2113,49.5462],[5.2173,49.5493],[5.2222,49.5501],[5.2263,49.549],[5.2283,49.5475],[5.2317,49.547],[5.2322,49.5454],[5.2376,49.5425],[5.2354,49.5415],[5.2373,49.5393],[5.241,49.5387],[5.2435,49.537],[5.2389,49.5331],[5.2308,49.5327],[5.2269,49.5293],[5.2264,49.5272],[5.2232,49.5264],[5.213,49.5267],[5.2076,49.5226],[5.2039,49.5243],[5.2061,49.5303],[5.2027,49.5364],[5.207,49.5403]]]}},{"type":"Feature","properties":{"code":"55378","nom":"Nettancourt","pop":242},"geometry":{"type":"Polygon","coordinates":[[[4.9199,48.8947],[4.9124,48.8986],[4.9157,48.8999],[4.9221,48.8987],[4.9284,48.8998],[4.9333,48.8984],[4.9379,48.8933],[4.9466,48.8929],[4.9478,48.892],[4.9466,48.8898],[4.9489,48.8879],[4.9469,48.8832],[4.9491,48.8814],[4.9561,48.8781],[4.9526,48.8741],[4.9548,48.8725],[4.9515,48.8668],[4.951,48.8625],[4.9556,48.8617],[4.9602,48.8588],[4.9472,48.8572],[4.9469,48.8523],[4.9459,48.8512],[4.9374,48.8483],[4.9314,48.8497],[4.928,48.8499],[4.9285,48.8531],[4.9303,48.8561],[4.9245,48.8565],[4.9211,48.8607],[4.9239,48.8622],[4.9216,48.8655],[4.917,48.8662],[4.9156,48.8685],[4.9117,48.8681],[4.913,48.8727],[4.9188,48.877],[4.9216,48.8838],[4.9197,48.8854],[4.9222,48.8872],[4.9246,48.8913],[4.9199,48.8947]]]}},{"type":"Feature","properties":{"code":"55379","nom":"Le Neufour","pop":52},"geometry":{"type":"Polygon","coordinates":[[[4.9883,49.1355],[4.99,49.1328],[4.9895,49.1306],[4.9916,49.1287],[4.9882,49.1269],[4.9899,49.1253],[4.985,49.1225],[4.979,49.1286],[4.9752,49.133],[4.9813,49.133],[4.9843,49.1347],[4.9883,49.1355]]]}},{"type":"Feature","properties":{"code":"55380","nom":"Neuville-en-Verdunois","pop":48},"geometry":{"type":"Polygon","coordinates":[[[5.3351,48.9696],[5.3411,48.9644],[5.3413,48.9602],[5.3417,48.9511],[5.3378,48.9458],[5.3375,48.9398],[5.3327,48.9369],[5.333,48.9399],[5.3298,48.9405],[5.322,48.9392],[5.3181,48.9367],[5.3155,48.9361],[5.3125,48.9336],[5.3146,48.9307],[5.3078,48.9282],[5.3068,48.929],[5.3001,48.929],[5.295,48.9319],[5.2939,48.9338],[5.2857,48.9389],[5.2801,48.9397],[5.279,48.9412],[5.276,48.9416],[5.2697,48.9412],[5.2752,48.9443],[5.2791,48.9452],[5.2845,48.9476],[5.2814,48.9515],[5.2883,48.9582],[5.2974,48.9585],[5.3002,48.9603],[5.3049,48.9599],[5.3051,48.9614],[5.3098,48.9617],[5.3143,48.9645],[5.3162,48.9682],[5.3217,48.9674],[5.3351,48.9696]]]}},{"type":"Feature","properties":{"code":"55381","nom":"Neuville-lès-Vaucouleurs","pop":143},"geometry":{"type":"Polygon","coordinates":[[[5.6314,48.5812],[5.6356,48.5829],[5.6432,48.5835],[5.6461,48.5844],[5.6468,48.5863],[5.6503,48.5875],[5.6536,48.5901],[5.6617,48.5901],[5.6621,48.5914],[5.6697,48.5912],[5.6708,48.59],[5.6739,48.5834],[5.6765,48.5793],[5.6808,48.579],[5.6828,48.5815],[5.685,48.5819],[5.6844,48.5779],[5.6869,48.5777],[5.6834,48.572],[5.6825,48.5693],[5.6795,48.5698],[5.6774,48.5666],[5.6755,48.569],[5.6717,48.5681],[5.663,48.5683],[5.6583,48.5672],[5.6501,48.5689],[5.646,48.5641],[5.6423,48.563],[5.6358,48.5648],[5.6306,48.5645],[5.6276,48.5654],[5.6296,48.5684],[5.6296,48.5717],[5.6319,48.577],[5.6314,48.5812]]]}},{"type":"Feature","properties":{"code":"55382","nom":"Neuville-sur-Ornain","pop":365},"geometry":{"type":"Polygon","coordinates":[[[5.0162,48.8333],[5.0228,48.8328],[5.0334,48.8296],[5.0345,48.8274],[5.0393,48.8272],[5.0478,48.8259],[5.0531,48.8297],[5.0552,48.8285],[5.0632,48.8364],[5.0666,48.8422],[5.0729,48.8438],[5.0801,48.8415],[5.0843,48.8384],[5.0847,48.8364],[5.08,48.8344],[5.0791,48.8317],[5.0751,48.8294],[5.0736,48.8266],[5.0755,48.8242],[5.0743,48.8223],[5.0756,48.8146],[5.0773,48.8092],[5.069,48.8079],[5.0601,48.8059],[5.0572,48.8036],[5.0544,48.8033],[5.0512,48.8042],[5.0442,48.8087],[5.0362,48.8126],[5.0302,48.8133],[5.032,48.8154],[5.0281,48.8159],[5.0258,48.8119],[5.0194,48.8128],[5.0146,48.8141],[5.0148,48.8164],[5.0182,48.8166],[5.0165,48.8225],[5.0155,48.8293],[5.0162,48.8333]]]}},{"type":"Feature","properties":{"code":"55383","nom":"Neuvilly-en-Argonne","pop":232},"geometry":{"type":"Polygon","coordinates":[[[5.0306,49.1381],[5.0252,49.1383],[5.0221,49.1411],[5.0204,49.1438],[5.0192,49.1466],[5.0152,49.1492],[5.0011,49.1524],[4.9976,49.154],[4.9882,49.1559],[4.9741,49.1557],[4.97,49.1572],[4.9657,49.1576],[4.9635,49.1602],[4.9716,49.1605],[4.9741,49.1614],[4.9799,49.1615],[4.9826,49.1588],[4.9917,49.1597],[4.9948,49.1585],[5.0016,49.1582],[5.0041,49.1565],[5.0079,49.1572],[5.0163,49.1613],[5.0211,49.1614],[5.0317,49.1662],[5.0297,49.1682],[5.031,49.1723],[5.0291,49.1753],[5.0301,49.1761],[5.0323,49.1783],[5.0389,49.1805],[5.0441,49.1769],[5.0491,49.1786],[5.0585,49.1806],[5.0683,49.1802],[5.0692,49.1815],[5.0808,49.183],[5.0897,49.1848],[5.0921,49.1825],[5.0967,49.1823],[5.102,49.1829],[5.0925,49.1779],[5.0908,49.1742],[5.088,49.1722],[5.09,49.1677],[5.0903,49.1636],[5.0868,49.16],[5.0817,49.1598],[5.0743,49.1572],[5.0658,49.1565],[5.0604,49.1551],[5.0582,49.1518],[5.0578,49.1495],[5.0508,49.1485],[5.0468,49.1494],[5.0432,49.1478],[5.0361,49.1483],[5.0348,49.142],[5.0331,49.1392],[5.0306,49.1381]]]}},{"type":"Feature","properties":{"code":"55384","nom":"Nicey-sur-Aire","pop":130},"geometry":{"type":"Polygon","coordinates":[[[5.2922,48.8759],[5.2894,48.8814],[5.2981,48.8841],[5.3089,48.8855],[5.3212,48.8882],[5.33,48.8889],[5.337,48.8906],[5.3386,48.8919],[5.3446,48.8923],[5.3472,48.8936],[5.3559,48.8958],[5.3601,48.8983],[5.3649,48.8997],[5.3774,48.9054],[5.3801,48.9063],[5.3874,48.9119],[5.3979,48.9159],[5.4005,48.9157],[5.403,48.9121],[5.4046,48.9131],[5.4103,48.9121],[5.4095,48.9077],[5.4036,48.9085],[5.4001,48.9101],[5.4003,48.9053],[5.3984,48.9016],[5.3923,48.8983],[5.3948,48.8976],[5.3917,48.8946],[5.387,48.893],[5.3813,48.8918],[5.376,48.8919],[5.3749,48.8907],[5.3682,48.8878],[5.3638,48.8853],[5.3559,48.8823],[5.347,48.8793],[5.3296,48.8768],[5.3262,48.8757],[5.3246,48.8771],[5.315,48.881],[5.3104,48.8818],[5.3067,48.8795],[5.3028,48.8799],[5.2991,48.8773],[5.2922,48.8759]]]}},{"type":"Feature","properties":{"code":"55385","nom":"Nixéville-Blercourt","pop":506},"geometry":{"type":"Polygon","coordinates":[[[5.2023,49.1226],[5.2134,49.124],[5.2253,49.1235],[5.2298,49.1252],[5.2378,49.1262],[5.2452,49.1294],[5.2463,49.1252],[5.2422,49.1212],[5.2434,49.1175],[5.2529,49.1215],[5.2547,49.1235],[5.2643,49.1228],[5.2697,49.1196],[5.2725,49.1208],[5.2811,49.1217],[5.2874,49.1242],[5.2964,49.1238],[5.2984,49.1216],[5.3031,49.1235],[5.3093,49.1248],[5.3177,49.1185],[5.3132,49.1164],[5.3117,49.11],[5.3092,49.107],[5.3067,49.1024],[5.302,49.0988],[5.2979,49.097],[5.2977,49.0946],[5.2928,49.0971],[5.2892,49.0975],[5.2789,49.0964],[5.2733,49.0955],[5.2707,49.0937],[5.2674,49.095],[5.2633,49.0941],[5.2589,49.0999],[5.2548,49.1009],[5.2489,49.1013],[5.2411,49.1001],[5.2404,49.1016],[5.234,49.101],[5.2316,49.1027],[5.2251,49.1034],[5.2237,49.1068],[5.2217,49.1078],[5.2192,49.1112],[5.2128,49.1159],[5.2034,49.1135],[5.1972,49.1104],[5.1965,49.113],[5.1933,49.1174],[5.2023,49.1226]]]}},{"type":"Feature","properties":{"code":"55386","nom":"Nonsard-Lamarche","pop":219},"geometry":{"type":"Polygon","coordinates":[[[5.7279,48.9218],[5.7272,48.9232],[5.7304,48.9285],[5.7291,48.9351],[5.7257,48.9379],[5.7273,48.943],[5.7296,48.9461],[5.731,48.9508],[5.7309,48.953],[5.7249,48.9543],[5.7264,48.9584],[5.7325,48.9597],[5.7378,48.9588],[5.744,48.9591],[5.7475,48.9587],[5.7543,48.9603],[5.755,48.9616],[5.76,48.9599],[5.7669,48.959],[5.7713,48.9569],[5.7736,48.9568],[5.7757,48.9541],[5.7806,48.9508],[5.7873,48.9509],[5.793,48.9487],[5.7968,48.9484],[5.7996,48.9463],[5.793,48.9434],[5.788,48.9379],[5.7887,48.9347],[5.7871,48.9327],[5.7798,48.9343],[5.7768,48.9316],[5.7842,48.929],[5.7787,48.9252],[5.7722,48.9234],[5.7697,48.9238],[5.7656,48.9225],[5.7633,48.9229],[5.7528,48.9222],[5.7498,48.9202],[5.7471,48.9155],[5.7454,48.9157],[5.7413,48.9138],[5.7336,48.9126],[5.7326,48.9117],[5.7241,48.9155],[5.7279,48.9218]]]}},{"type":"Feature","properties":{"code":"55387","nom":"Nouillonpont","pop":243},"geometry":{"type":"Polygon","coordinates":[[[5.6417,49.3712],[5.651,49.3758],[5.6556,49.3767],[5.6592,49.3732],[5.6594,49.3695],[5.6629,49.3704],[5.6656,49.3667],[5.669,49.3665],[5.6764,49.3681],[5.6797,49.3668],[5.6856,49.3682],[5.6879,49.3648],[5.6921,49.3643],[5.693,49.3622],[5.6977,49.3587],[5.6942,49.3566],[5.6929,49.3584],[5.6872,49.3563],[5.6832,49.3561],[5.6831,49.3506],[5.6805,49.3504],[5.6676,49.3467],[5.6656,49.3444],[5.6591,49.3444],[5.6541,49.3424],[5.6551,49.3413],[5.6457,49.3375],[5.6459,49.3403],[5.6424,49.3425],[5.6422,49.3447],[5.6389,49.3457],[5.6354,49.3488],[5.6373,49.3534],[5.6339,49.3536],[5.6364,49.3538],[5.6385,49.3579],[5.6363,49.3622],[5.6419,49.3635],[5.6446,49.3648],[5.6418,49.3679],[5.6435,49.3687],[5.6417,49.3712]]]}},{"type":"Feature","properties":{"code":"55388","nom":"Noyers-Auzécourt","pop":273},"geometry":{"type":"Polygon","coordinates":[[[5.0026,48.9071],[4.9963,48.9046],[4.9951,48.9025],[4.9969,48.9015],[4.9971,48.8937],[5.0041,48.8855],[5.0105,48.8812],[5.0107,48.878],[5.0201,48.8749],[5.0186,48.8694],[5.0118,48.8688],[5.0013,48.8651],[4.9994,48.8692],[4.995,48.8703],[4.99,48.8745],[4.983,48.8752],[4.978,48.873],[4.9789,48.8715],[4.975,48.8694],[4.9781,48.8673],[4.9757,48.8635],[4.971,48.8639],[4.9663,48.8613],[4.9602,48.8588],[4.9556,48.8617],[4.951,48.8625],[4.9515,48.8668],[4.9548,48.8725],[4.9526,48.8741],[4.9561,48.8781],[4.9491,48.8814],[4.9469,48.8832],[4.9489,48.8879],[4.9466,48.8898],[4.9478,48.892],[4.9519,48.8933],[4.9566,48.8937],[4.9584,48.8929],[4.9609,48.8952],[4.96,48.8978],[4.9615,48.9019],[4.9663,48.9047],[4.9695,48.9104],[4.9717,48.9116],[4.9744,48.9106],[4.979,48.9115],[4.9837,48.9108],[4.9938,48.9106],[4.9966,48.9099],[5.0026,48.9071]]]}},{"type":"Feature","properties":{"code":"55389","nom":"Nubécourt","pop":253},"geometry":{"type":"Polygon","coordinates":[[[5.2101,49.0172],[5.2088,49.0168],[5.2085,49.0133],[5.2095,49.0103],[5.2164,49.0085],[5.2172,49.0015],[5.22,49.0012],[5.2205,48.9955],[5.2232,48.9922],[5.2198,48.9873],[5.2157,48.9847],[5.209,48.9841],[5.1975,48.9846],[5.191,48.9817],[5.1876,48.9835],[5.1728,48.9782],[5.1703,48.9795],[5.1669,48.9776],[5.1633,48.9791],[5.1636,48.9813],[5.1596,48.9815],[5.159,48.9861],[5.1522,48.9857],[5.151,48.9888],[5.1485,48.9918],[5.1437,48.9936],[5.1407,48.9957],[5.142,48.9997],[5.1356,49],[5.1284,49.001],[5.1291,49.0023],[5.1323,49.0057],[5.1336,49.01],[5.128,49.0098],[5.1332,49.0121],[5.1349,49.0146],[5.1357,49.0179],[5.1393,49.0179],[5.143,49.0212],[5.1402,49.0242],[5.1458,49.0244],[5.1477,49.0257],[5.1549,49.026],[5.154,49.0291],[5.1587,49.0309],[5.1641,49.03],[5.172,49.0303],[5.1807,49.0317],[5.1818,49.0338],[5.185,49.0347],[5.2013,49.0206],[5.2036,49.0201],[5.2048,49.0181],[5.2077,49.019],[5.2101,49.0172]]]}},{"type":"Feature","properties":{"code":"55391","nom":"Olizy-sur-Chiers","pop":188},"geometry":{"type":"Polygon","coordinates":[[[5.207,49.5403],[5.204,49.5413],[5.1987,49.5419],[5.1959,49.5429],[5.1933,49.5445],[5.1944,49.549],[5.1893,49.5542],[5.187,49.5569],[5.1822,49.559],[5.1815,49.5629],[5.1778,49.5671],[5.184,49.5695],[5.1907,49.5698],[5.1959,49.5681],[5.1977,49.5665],[5.2018,49.568],[5.2057,49.5702],[5.2093,49.5733],[5.217,49.5725],[5.2181,49.5716],[5.2257,49.5714],[5.2259,49.5696],[5.2359,49.5691],[5.2348,49.5648],[5.2349,49.5621],[5.2316,49.5611],[5.2325,49.5589],[5.2296,49.5579],[5.2292,49.5551],[5.2274,49.5542],[5.2281,49.5519],[5.2263,49.549],[5.2222,49.5501],[5.2173,49.5493],[5.2113,49.5462],[5.2081,49.5428],[5.207,49.5403]]]}},{"type":"Feature","properties":{"code":"55394","nom":"Ornes","pop":9},"geometry":{"type":"Polygon","coordinates":[[[5.4311,49.2616],[5.4386,49.2625],[5.4415,49.2634],[5.4432,49.2668],[5.4483,49.2711],[5.4571,49.2727],[5.4609,49.2667],[5.4622,49.2619],[5.4715,49.2635],[5.473,49.2659],[5.4795,49.2649],[5.4836,49.2636],[5.4872,49.2635],[5.4903,49.2669],[5.5,49.2699],[5.5007,49.2711],[5.5119,49.2742],[5.5136,49.2757],[5.5213,49.2796],[5.5314,49.2811],[5.5355,49.2774],[5.5377,49.2737],[5.541,49.2722],[5.541,49.2681],[5.536,49.2678],[5.5294,49.2652],[5.5231,49.2645],[5.5183,49.2622],[5.5122,49.2616],[5.5124,49.26],[5.5096,49.2573],[5.5058,49.2552],[5.5035,49.2554],[5.4957,49.2532],[5.4949,49.2491],[5.489,49.2471],[5.4815,49.2452],[5.4776,49.2453],[5.4689,49.2435],[5.4584,49.2403],[5.4572,49.2389],[5.4538,49.238],[5.4479,49.2386],[5.4418,49.236],[5.4383,49.2355],[5.4357,49.2366],[5.429,49.2361],[5.422,49.2344],[5.4265,49.2384],[5.4262,49.2418],[5.4247,49.2441],[5.4271,49.246],[5.4255,49.2501],[5.4299,49.2508],[5.4316,49.2597],[5.4311,49.2616]]]}},{"type":"Feature","properties":{"code":"55395","nom":"Osches","pop":60},"geometry":{"type":"Polygon","coordinates":[[[5.2328,49.0284],[5.2377,49.031],[5.2391,49.0327],[5.2338,49.0378],[5.2306,49.0402],[5.227,49.0444],[5.2266,49.0496],[5.2253,49.0506],[5.2288,49.0553],[5.2323,49.0578],[5.2354,49.0584],[5.2403,49.062],[5.2436,49.0622],[5.2513,49.0641],[5.2614,49.0568],[5.2624,49.0567],[5.268,49.054],[5.2732,49.0523],[5.2755,49.0501],[5.2733,49.0485],[5.2751,49.0463],[5.2739,49.0443],[5.2702,49.0423],[5.268,49.04],[5.2628,49.0309],[5.2612,49.0307],[5.2568,49.0362],[5.2533,49.0356],[5.2503,49.0337],[5.2448,49.027],[5.2411,49.0265],[5.2328,49.0284]]]}},{"type":"Feature","properties":{"code":"55396","nom":"Ourches-sur-Meuse","pop":218},"geometry":{"type":"Polygon","coordinates":[[[5.6829,48.6492],[5.6695,48.6528],[5.6639,48.6535],[5.6698,48.6691],[5.6717,48.6699],[5.6801,48.6708],[5.6825,48.6722],[5.6806,48.6778],[5.6875,48.6804],[5.6909,48.6796],[5.6964,48.6834],[5.7002,48.6851],[5.7073,48.6779],[5.7118,48.6778],[5.7139,48.6748],[5.7167,48.673],[5.7199,48.669],[5.7193,48.6651],[5.722,48.6639],[5.7196,48.6603],[5.7157,48.6582],[5.7125,48.656],[5.7096,48.6557],[5.7064,48.6542],[5.7001,48.6526],[5.693,48.6516],[5.6894,48.6517],[5.684,48.6507],[5.6829,48.6492]]]}},{"type":"Feature","properties":{"code":"55397","nom":"Pagny-la-Blanche-Côte","pop":226},"geometry":{"type":"Polygon","coordinates":[[[5.7192,48.5234],[5.7147,48.5245],[5.7136,48.5259],[5.7088,48.5319],[5.7045,48.5354],[5.7035,48.5389],[5.705,48.5418],[5.7098,48.5439],[5.7164,48.5454],[5.7149,48.5467],[5.7205,48.548],[5.7238,48.5499],[5.7261,48.5526],[5.729,48.5536],[5.7329,48.5528],[5.7406,48.5534],[5.7465,48.5521],[5.7532,48.548],[5.7566,48.5467],[5.7629,48.5464],[5.7621,48.5453],[5.7679,48.5441],[5.768,48.5428],[5.7765,48.541],[5.7753,48.5363],[5.7723,48.5348],[5.7663,48.5352],[5.7658,48.5321],[5.7623,48.5267],[5.7607,48.5216],[5.7501,48.5243],[5.7423,48.5268],[5.7382,48.5243],[5.7344,48.5242],[5.7292,48.5228],[5.7249,48.5256],[5.7192,48.5234]]]}},{"type":"Feature","properties":{"code":"55398","nom":"Pagny-sur-Meuse","pop":1036},"geometry":{"type":"Polygon","coordinates":[[[5.7649,48.7015],[5.7577,48.6955],[5.756,48.692],[5.7545,48.689],[5.7537,48.684],[5.7494,48.6795],[5.7469,48.6739],[5.7447,48.6713],[5.749,48.6668],[5.7473,48.6592],[5.7447,48.657],[5.7353,48.6591],[5.729,48.6591],[5.7236,48.6577],[5.7157,48.6582],[5.7196,48.6603],[5.722,48.6639],[5.7193,48.6651],[5.7199,48.669],[5.7167,48.673],[5.7139,48.6748],[5.7118,48.6778],[5.7073,48.6779],[5.7002,48.6851],[5.6994,48.6859],[5.6992,48.6917],[5.7063,48.6942],[5.7109,48.6971],[5.7186,48.6968],[5.7201,48.7037],[5.7234,48.7036],[5.7236,48.7105],[5.729,48.716],[5.7251,48.7166],[5.723,48.7187],[5.7262,48.7198],[5.733,48.7239],[5.7385,48.7204],[5.7401,48.721],[5.7463,48.7168],[5.7396,48.7154],[5.7507,48.7141],[5.7552,48.7146],[5.7532,48.7079],[5.7585,48.7036],[5.7649,48.7015]]]}},{"type":"Feature","properties":{"code":"55399","nom":"Pareid","pop":110},"geometry":{"type":"Polygon","coordinates":[[[5.6878,49.1128],[5.686,49.1168],[5.6857,49.1195],[5.682,49.1203],[5.6837,49.1226],[5.6845,49.1256],[5.6896,49.1259],[5.6925,49.1282],[5.6973,49.1291],[5.6962,49.1341],[5.695,49.1358],[5.6982,49.1371],[5.6975,49.1389],[5.7056,49.1419],[5.7078,49.1429],[5.7109,49.1402],[5.7107,49.1388],[5.7176,49.133],[5.7189,49.1334],[5.7194,49.1289],[5.7278,49.1181],[5.7293,49.1184],[5.7327,49.1153],[5.7315,49.1125],[5.7249,49.1125],[5.7224,49.1119],[5.7176,49.1126],[5.6939,49.1129],[5.6878,49.1128]]]}},{"type":"Feature","properties":{"code":"55400","nom":"Parfondrupt","pop":40},"geometry":{"type":"Polygon","coordinates":[[[5.7166,49.1651],[5.7204,49.1645],[5.7208,49.1628],[5.7244,49.1612],[5.728,49.1618],[5.7306,49.1597],[5.7298,49.1574],[5.7329,49.1558],[5.7404,49.1545],[5.7424,49.1529],[5.7434,49.1488],[5.7484,49.1497],[5.7512,49.1471],[5.7538,49.1391],[5.747,49.1359],[5.7404,49.1341],[5.7377,49.1347],[5.733,49.1386],[5.7302,49.1388],[5.7189,49.1334],[5.7176,49.133],[5.7107,49.1388],[5.7109,49.1402],[5.7078,49.1429],[5.7056,49.1419],[5.7032,49.1465],[5.6936,49.1445],[5.6945,49.1468],[5.6977,49.1479],[5.6977,49.1508],[5.7021,49.1538],[5.7104,49.1619],[5.7166,49.1651]]]}},{"type":"Feature","properties":{"code":"55401","nom":"Les Paroches","pop":413},"geometry":{"type":"Polygon","coordinates":[[[5.4863,48.9001],[5.4843,48.9004],[5.4761,48.8992],[5.4759,48.9041],[5.465,48.904],[5.4593,48.9047],[5.4524,48.9088],[5.4457,48.9097],[5.4383,48.9117],[5.4309,48.9158],[5.4319,48.9176],[5.4385,48.9151],[5.4556,48.9181],[5.473,48.9173],[5.4821,48.9175],[5.4928,48.9192],[5.5005,48.9224],[5.5025,48.9206],[5.5086,48.9214],[5.5145,48.9173],[5.5172,48.9185],[5.5212,48.915],[5.5278,48.9132],[5.5331,48.9096],[5.5251,48.9059],[5.5241,48.9064],[5.518,48.9042],[5.5163,48.9057],[5.5047,48.9029],[5.4982,48.9001],[5.4887,48.8998],[5.4863,48.9001]]]}},{"type":"Feature","properties":{"code":"55403","nom":"Peuvillers","pop":60},"geometry":{"type":"Polygon","coordinates":[[[5.3779,49.3547],[5.3771,49.3617],[5.3743,49.3633],[5.3755,49.3651],[5.3794,49.3666],[5.3838,49.3673],[5.3923,49.3718],[5.3945,49.3766],[5.3941,49.381],[5.4,49.379],[5.402,49.379],[5.4089,49.3756],[5.4111,49.374],[5.416,49.3742],[5.4257,49.3702],[5.4288,49.3701],[5.4317,49.3681],[5.4258,49.3651],[5.4234,49.3657],[5.4255,49.3698],[5.4213,49.3703],[5.4161,49.37],[5.4129,49.3683],[5.4113,49.3633],[5.4095,49.3611],[5.406,49.3593],[5.4051,49.3627],[5.4014,49.3636],[5.3987,49.3588],[5.3934,49.3568],[5.3834,49.3552],[5.3779,49.3547]]]}},{"type":"Feature","properties":{"code":"55404","nom":"Pierrefitte-sur-Aire","pop":304},"geometry":{"type":"Polygon","coordinates":[[[5.2894,48.8814],[5.2851,48.8825],[5.284,48.8856],[5.2929,48.8868],[5.2982,48.8922],[5.3023,48.8949],[5.3046,48.8981],[5.3146,48.9024],[5.3165,48.9039],[5.3188,48.9084],[5.3211,48.9086],[5.3236,48.9069],[5.3253,48.91],[5.3294,48.9106],[5.3311,48.9124],[5.3305,48.9146],[5.335,48.9159],[5.3407,48.9146],[5.3418,48.9204],[5.3467,48.9239],[5.3517,48.9249],[5.3569,48.9234],[5.3594,48.9254],[5.3678,48.929],[5.3722,48.9296],[5.3729,48.9274],[5.3756,48.9277],[5.3797,48.9272],[5.3853,48.9243],[5.387,48.922],[5.3963,48.9231],[5.4018,48.9249],[5.407,48.9211],[5.4008,48.92],[5.4005,48.9157],[5.3979,48.9159],[5.3874,48.9119],[5.3801,48.9063],[5.3774,48.9054],[5.3649,48.8997],[5.3601,48.8983],[5.3559,48.8958],[5.3472,48.8936],[5.3446,48.8923],[5.3386,48.8919],[5.337,48.8906],[5.33,48.8889],[5.3212,48.8882],[5.3089,48.8855],[5.2981,48.8841],[5.2894,48.8814]]]}},{"type":"Feature","properties":{"code":"55405","nom":"Pillon","pop":251},"geometry":{"type":"Polygon","coordinates":[[[5.5902,49.3478],[5.5845,49.3471],[5.5838,49.3502],[5.5807,49.3529],[5.5783,49.3513],[5.5689,49.3544],[5.564,49.3551],[5.5622,49.3581],[5.5576,49.3614],[5.5546,49.3662],[5.5481,49.3716],[5.5467,49.3755],[5.545,49.3761],[5.5452,49.3809],[5.5523,49.3864],[5.5556,49.3903],[5.5578,49.3942],[5.5645,49.395],[5.5631,49.3919],[5.568,49.3914],[5.5748,49.3887],[5.5818,49.3888],[5.5856,49.3861],[5.5904,49.3803],[5.593,49.3806],[5.5939,49.3837],[5.5973,49.3826],[5.6001,49.3839],[5.6042,49.3829],[5.6049,49.3791],[5.6086,49.3772],[5.6116,49.3738],[5.6151,49.3721],[5.6189,49.3736],[5.6226,49.3719],[5.6241,49.3691],[5.6247,49.367],[5.6223,49.3655],[5.6126,49.3625],[5.6112,49.3638],[5.6052,49.3612],[5.5924,49.3627],[5.5907,49.3535],[5.5902,49.3478]]]}},{"type":"Feature","properties":{"code":"55406","nom":"Pintheville","pop":101},"geometry":{"type":"Polygon","coordinates":[[[5.6508,49.1144],[5.6507,49.1172],[5.6526,49.1178],[5.653,49.1231],[5.6554,49.1228],[5.6648,49.1259],[5.6723,49.1274],[5.6793,49.1269],[5.6845,49.1256],[5.6837,49.1226],[5.682,49.1203],[5.6857,49.1195],[5.686,49.1168],[5.6878,49.1128],[5.6835,49.1128],[5.686,49.1051],[5.6845,49.1053],[5.6646,49.1077],[5.6665,49.105],[5.6598,49.1069],[5.6584,49.1051],[5.6497,49.1086],[5.6495,49.1128],[5.6508,49.1144]]]}},{"type":"Feature","properties":{"code":"55407","nom":"Pont-sur-Meuse","pop":131},"geometry":{"type":"Polygon","coordinates":[[[5.5527,48.8009],[5.5428,48.8004],[5.5373,48.7991],[5.5341,48.8011],[5.5291,48.8062],[5.5324,48.8076],[5.5373,48.8093],[5.5403,48.8089],[5.5471,48.8098],[5.5473,48.8118],[5.555,48.8161],[5.5632,48.8175],[5.5702,48.8218],[5.5773,48.824],[5.5752,48.8202],[5.5689,48.8169],[5.5689,48.8136],[5.5655,48.8082],[5.5667,48.8064],[5.5611,48.8034],[5.5566,48.8025],[5.5556,48.8008],[5.5527,48.8009]]]}},{"type":"Feature","properties":{"code":"55408","nom":"Pouilly-sur-Meuse","pop":171},"geometry":{"type":"Polygon","coordinates":[[[5.1404,49.5569],[5.1417,49.553],[5.141,49.5511],[5.1436,49.5503],[5.1513,49.5502],[5.1572,49.5477],[5.1564,49.5457],[5.1548,49.5429],[5.1505,49.5416],[5.1424,49.5428],[5.1418,49.5403],[5.138,49.5399],[5.1374,49.5356],[5.1356,49.5332],[5.1312,49.5332],[5.1273,49.5272],[5.1245,49.5254],[5.1209,49.5257],[5.115,49.5274],[5.1078,49.5287],[5.1049,49.5277],[5.1093,49.521],[5.1021,49.5195],[5.0952,49.5192],[5.0895,49.5212],[5.0909,49.5259],[5.0953,49.527],[5.0957,49.5297],[5.0976,49.5311],[5.0977,49.5341],[5.1008,49.536],[5.1005,49.5374],[5.0944,49.5362],[5.0904,49.5348],[5.0883,49.5371],[5.0908,49.5402],[5.0902,49.5428],[5.0882,49.5448],[5.0916,49.5473],[5.0907,49.5483],[5.0947,49.5503],[5.0963,49.5578],[5.1006,49.5577],[5.1027,49.5564],[5.1085,49.5553],[5.119,49.5552],[5.1197,49.5536],[5.1268,49.5539],[5.1287,49.5524],[5.1343,49.555],[5.1404,49.5569]]]}},{"type":"Feature","properties":{"code":"55409","nom":"Pretz-en-Argonne","pop":64},"geometry":{"type":"Polygon","coordinates":[[[5.1707,48.9562],[5.1705,48.9551],[5.1635,48.9554],[5.1638,48.9531],[5.1585,48.9506],[5.1567,48.9518],[5.1545,48.949],[5.1568,48.9462],[5.1519,48.9374],[5.1495,48.9365],[5.147,48.9375],[5.149,48.9413],[5.1407,48.9434],[5.1371,48.9467],[5.1379,48.9534],[5.1271,48.9555],[5.122,48.9533],[5.1191,48.9551],[5.1199,48.9588],[5.1192,48.9622],[5.1205,48.9639],[5.1251,48.9652],[5.128,48.9667],[5.1319,48.9665],[5.135,48.9703],[5.1383,48.9725],[5.141,48.973],[5.1424,48.9749],[5.1477,48.9781],[5.1481,48.9796],[5.1517,48.9805],[5.1586,48.9804],[5.1633,48.9791],[5.1669,48.9776],[5.1689,48.9729],[5.1654,48.9719],[5.1673,48.9665],[5.1703,48.9669],[5.1714,48.9653],[5.1707,48.9562]]]}},{"type":"Feature","properties":{"code":"55410","nom":"Quincy-Landzécourt","pop":146},"geometry":{"type":"Polygon","coordinates":[[[5.3007,49.4701],[5.2901,49.476],[5.2831,49.481],[5.2727,49.4847],[5.2638,49.4869],[5.2656,49.4893],[5.2664,49.4935],[5.2641,49.4955],[5.2659,49.4968],[5.2626,49.4995],[5.2742,49.5024],[5.279,49.5043],[5.2812,49.5069],[5.2865,49.5079],[5.2921,49.5065],[5.2965,49.5066],[5.3035,49.5041],[5.3104,49.5026],[5.3139,49.5038],[5.3122,49.508],[5.3155,49.507],[5.3192,49.5038],[5.3242,49.4961],[5.3271,49.494],[5.3239,49.4892],[5.3254,49.4865],[5.3253,49.4826],[5.32,49.4809],[5.3155,49.4779],[5.3146,49.4761],[5.3091,49.4728],[5.3021,49.4711],[5.3007,49.4701]]]}},{"type":"Feature","properties":{"code":"55411","nom":"Rambluzin-et-Benoite-Vaux","pop":86},"geometry":{"type":"Polygon","coordinates":[[[5.3413,48.9602],[5.3411,48.9644],[5.3351,48.9696],[5.3318,48.9727],[5.3268,48.9721],[5.3214,48.9698],[5.3161,48.9743],[5.309,48.9789],[5.3083,48.9826],[5.305,48.987],[5.3031,48.9958],[5.2996,49.0017],[5.2985,49.0067],[5.3013,49.0096],[5.3057,49.011],[5.3094,49.0112],[5.3116,49.0101],[5.3264,49.0128],[5.3367,49.0127],[5.3434,49.0109],[5.3466,49.0096],[5.3475,49.0071],[5.3535,49.0044],[5.3581,49.0051],[5.3657,49.0051],[5.3699,49.0056],[5.3714,49.0041],[5.3782,49.0014],[5.3776,48.9992],[5.3718,48.9978],[5.3658,48.9944],[5.3605,48.993],[5.3529,48.9929],[5.3502,48.9915],[5.3459,48.988],[5.3479,48.9859],[5.3471,48.9825],[5.356,48.9763],[5.3586,48.9754],[5.3637,48.9721],[5.3658,48.9698],[5.3585,48.9674],[5.353,48.9664],[5.3463,48.9619],[5.3413,48.9602]]]}},{"type":"Feature","properties":{"code":"55412","nom":"Rambucourt","pop":194},"geometry":{"type":"Polygon","coordinates":[[[5.7765,48.8563],[5.7777,48.8552],[5.7735,48.8518],[5.7758,48.8484],[5.7756,48.8468],[5.7785,48.8446],[5.7766,48.8433],[5.7785,48.8417],[5.7789,48.838],[5.781,48.8351],[5.7819,48.8322],[5.78,48.8312],[5.7817,48.8283],[5.78,48.8244],[5.7729,48.8221],[5.7759,48.8152],[5.7709,48.8077],[5.7681,48.8043],[5.7582,48.8013],[5.7563,48.8085],[5.7588,48.8124],[5.7626,48.8144],[5.762,48.8169],[5.7562,48.8168],[5.7544,48.8174],[5.7531,48.8202],[5.7459,48.8261],[5.7402,48.8256],[5.7361,48.8285],[5.735,48.8304],[5.7313,48.8295],[5.7304,48.8314],[5.7287,48.8342],[5.7245,48.8381],[5.7297,48.8429],[5.7335,48.8453],[5.732,48.8469],[5.7349,48.8482],[5.7331,48.8499],[5.7377,48.8517],[5.7473,48.8532],[5.7537,48.8581],[5.7598,48.8581],[5.7692,48.8598],[5.771,48.8583],[5.7765,48.8563]]]}},{"type":"Feature","properties":{"code":"55414","nom":"Rancourt-sur-Ornain","pop":180},"geometry":{"type":"Polygon","coordinates":[[[4.9408,48.8176],[4.9329,48.817],[4.9267,48.8157],[4.9242,48.8142],[4.9201,48.8131],[4.9189,48.8141],[4.9146,48.8125],[4.914,48.8109],[4.9188,48.805],[4.9141,48.8035],[4.9144,48.8021],[4.9068,48.8013],[4.9024,48.7999],[4.9007,48.8021],[4.898,48.8013],[4.8994,48.7993],[4.893,48.7977],[4.8894,48.7983],[4.8884,48.8008],[4.8911,48.8012],[4.8907,48.8055],[4.8971,48.8089],[4.894,48.8124],[4.8909,48.8146],[4.8888,48.8174],[4.8938,48.8198],[4.8949,48.8218],[4.8982,48.823],[4.9036,48.827],[4.9027,48.8279],[4.9052,48.8291],[4.9146,48.8351],[4.9217,48.8363],[4.9252,48.8381],[4.9277,48.8384],[4.9349,48.8406],[4.944,48.8393],[4.9437,48.8371],[4.9389,48.8375],[4.9395,48.8349],[4.9353,48.8346],[4.936,48.8312],[4.94,48.8307],[4.9418,48.8279],[4.9433,48.8198],[4.9408,48.8176]]]}},{"type":"Feature","properties":{"code":"55415","nom":"Ranzières","pop":87},"geometry":{"type":"Polygon","coordinates":[[[5.5082,49.0415],[5.5147,49.0415],[5.5217,49.0437],[5.5313,49.0436],[5.5362,49.0412],[5.5331,49.0358],[5.5309,49.0306],[5.5316,49.0285],[5.5301,49.0248],[5.5261,49.0202],[5.5192,49.0149],[5.5196,49.0145],[5.5134,49.0126],[5.5059,49.0095],[5.4994,49.0061],[5.495,49.0065],[5.4881,49.0049],[5.4848,49.0075],[5.482,49.0084],[5.4797,49.0112],[5.4747,49.0144],[5.4735,49.0167],[5.473,49.0181],[5.4766,49.0197],[5.4796,49.0238],[5.4792,49.0279],[5.4688,49.0325],[5.4717,49.0363],[5.4773,49.038],[5.4811,49.0407],[5.484,49.0417],[5.4986,49.0398],[5.5029,49.0413],[5.5082,49.0415]]]}},{"type":"Feature","properties":{"code":"55416","nom":"Rarécourt","pop":195},"geometry":{"type":"Polygon","coordinates":[[[5.0849,49.0646],[5.0706,49.063],[5.0637,49.0627],[5.058,49.0598],[5.0505,49.0577],[5.0413,49.0616],[5.0374,49.0647],[5.032,49.0656],[5.0433,49.0703],[5.0478,49.0708],[5.0555,49.0704],[5.0597,49.075],[5.0631,49.076],[5.0673,49.0788],[5.0712,49.0803],[5.0709,49.0774],[5.0809,49.079],[5.0862,49.0802],[5.0905,49.0844],[5.0966,49.0867],[5.1031,49.0858],[5.1059,49.0864],[5.1113,49.0909],[5.1167,49.091],[5.1269,49.0935],[5.1288,49.0933],[5.1395,49.0939],[5.1426,49.0851],[5.1448,49.0809],[5.1428,49.0791],[5.1409,49.0754],[5.1416,49.0733],[5.1381,49.0714],[5.1337,49.0712],[5.1272,49.0687],[5.1205,49.0687],[5.1183,49.0703],[5.115,49.068],[5.1091,49.0669],[5.1104,49.0647],[5.1048,49.0636],[5.0954,49.064],[5.0868,49.0639],[5.0849,49.0646]]]}},{"type":"Feature","properties":{"code":"55419","nom":"Récicourt","pop":149},"geometry":{"type":"Polygon","coordinates":[[[5.1886,49.1709],[5.1833,49.1664],[5.1792,49.1662],[5.1806,49.1621],[5.1793,49.1585],[5.1794,49.156],[5.1755,49.152],[5.1763,49.1472],[5.1756,49.1368],[5.1741,49.1359],[5.1702,49.1297],[5.1601,49.1262],[5.1574,49.1281],[5.1579,49.1302],[5.1555,49.131],[5.1517,49.1354],[5.1466,49.1352],[5.14,49.1367],[5.1353,49.1367],[5.1368,49.1438],[5.1368,49.1489],[5.1356,49.1548],[5.1396,49.1574],[5.1429,49.1575],[5.1517,49.1634],[5.1474,49.1663],[5.1498,49.1696],[5.1538,49.1731],[5.1516,49.1749],[5.1535,49.1759],[5.1566,49.1745],[5.159,49.1722],[5.1639,49.1712],[5.1652,49.1749],[5.1596,49.1782],[5.1644,49.18],[5.1714,49.1806],[5.1772,49.1823],[5.1787,49.1785],[5.1886,49.1709]]]}},{"type":"Feature","properties":{"code":"55420","nom":"Récourt-le-Creux","pop":64},"geometry":{"type":"Polygon","coordinates":[[[5.3687,49.023],[5.3734,49.0215],[5.3791,49.017],[5.3873,49.0147],[5.3928,49.015],[5.3983,49.0127],[5.4012,49.0138],[5.404,49.0123],[5.4074,49.0125],[5.4101,49.0098],[5.4069,49.0082],[5.4056,49.0048],[5.403,49.0023],[5.3919,48.9954],[5.3892,48.9887],[5.3896,48.9843],[5.3885,48.9816],[5.3854,48.9797],[5.3819,48.9761],[5.382,48.9743],[5.3781,48.9741],[5.3749,48.9753],[5.3708,48.9736],[5.3637,48.9721],[5.3586,48.9754],[5.356,48.9763],[5.3471,48.9825],[5.3479,48.9859],[5.3459,48.988],[5.3502,48.9915],[5.3529,48.9929],[5.3605,48.993],[5.3658,48.9944],[5.3718,48.9978],[5.3776,48.9992],[5.3782,49.0014],[5.3714,49.0041],[5.3699,49.0056],[5.3657,49.0051],[5.3581,49.0051],[5.3535,49.0044],[5.3475,49.0071],[5.3466,49.0096],[5.3434,49.0109],[5.3456,49.0124],[5.3516,49.0145],[5.3523,49.0191],[5.3588,49.0194],[5.3611,49.0234],[5.3687,49.023]]]}},{"type":"Feature","properties":{"code":"55421","nom":"Reffroy","pop":72},"geometry":{"type":"Polygon","coordinates":[[[5.4432,48.6117],[5.4432,48.614],[5.4452,48.6164],[5.448,48.6176],[5.4461,48.6234],[5.449,48.6243],[5.4479,48.6268],[5.4491,48.6316],[5.4522,48.6366],[5.4566,48.6376],[5.4614,48.6399],[5.4642,48.6381],[5.4662,48.6389],[5.4695,48.6421],[5.4774,48.6418],[5.4801,48.641],[5.4841,48.6412],[5.4877,48.6405],[5.4868,48.6375],[5.4874,48.6353],[5.4898,48.6352],[5.4926,48.6315],[5.496,48.6282],[5.4942,48.6251],[5.4948,48.6213],[5.4935,48.6194],[5.4922,48.6145],[5.4877,48.6113],[5.4811,48.6111],[5.4806,48.6147],[5.4761,48.6154],[5.4655,48.6157],[5.4625,48.6143],[5.4592,48.6146],[5.4543,48.6129],[5.4432,48.6117]]]}},{"type":"Feature","properties":{"code":"55422","nom":"Regnéville-sur-Meuse","pop":50},"geometry":{"type":"Polygon","coordinates":[[[5.3274,49.2498],[5.3231,49.2471],[5.3272,49.2467],[5.3287,49.2448],[5.3258,49.2424],[5.3229,49.2423],[5.3157,49.2432],[5.3033,49.2429],[5.3015,49.2469],[5.3002,49.2477],[5.2999,49.2487],[5.3052,49.2536],[5.3095,49.259],[5.3116,49.2593],[5.3146,49.2662],[5.3201,49.2637],[5.3234,49.2634],[5.3252,49.2582],[5.3297,49.2584],[5.3294,49.2557],[5.3319,49.2537],[5.3303,49.2514],[5.3274,49.2498]]]}},{"type":"Feature","properties":{"code":"55423","nom":"Rembercourt-Sommaisne","pop":309},"geometry":{"type":"Polygon","coordinates":[[[5.1519,48.9374],[5.1568,48.9462],[5.1545,48.949],[5.1567,48.9518],[5.1585,48.9506],[5.1638,48.9531],[5.1635,48.9554],[5.1705,48.9551],[5.1707,48.9562],[5.177,48.9529],[5.1822,48.9507],[5.1886,48.9468],[5.1928,48.9405],[5.1917,48.9371],[5.1931,48.9345],[5.1952,48.9348],[5.1988,48.933],[5.2012,48.9346],[5.2047,48.9302],[5.2085,48.9271],[5.2053,48.9255],[5.2118,48.9162],[5.2051,48.9137],[5.2059,48.9112],[5.2048,48.9097],[5.2057,48.9046],[5.2006,48.9022],[5.1974,48.895],[5.196,48.8933],[5.196,48.8903],[5.1913,48.8886],[5.188,48.8886],[5.1805,48.8853],[5.179,48.8854],[5.1775,48.8897],[5.1742,48.8893],[5.1723,48.8939],[5.1684,48.8922],[5.1649,48.8947],[5.1625,48.8979],[5.1619,48.9012],[5.1547,48.9021],[5.152,48.9037],[5.1509,48.9061],[5.1509,48.9099],[5.1538,48.9129],[5.1545,48.9196],[5.1539,48.9218],[5.1512,48.9246],[5.1586,48.9238],[5.1644,48.9267],[5.1618,48.9291],[5.1587,48.929],[5.1541,48.9301],[5.1562,48.9343],[5.1538,48.9378],[5.1519,48.9374]]]}},{"type":"Feature","properties":{"code":"55424","nom":"Remennecourt","pop":43},"geometry":{"type":"Polygon","coordinates":[[[4.8934,48.797],[4.893,48.7977],[4.8994,48.7993],[4.898,48.8013],[4.9007,48.8021],[4.9024,48.7999],[4.9068,48.8013],[4.9144,48.8021],[4.9141,48.8035],[4.9188,48.805],[4.9288,48.8087],[4.9321,48.8079],[4.9352,48.8008],[4.9278,48.7972],[4.9293,48.7959],[4.9246,48.7938],[4.925,48.7923],[4.9217,48.7928],[4.9182,48.792],[4.9085,48.7947],[4.9029,48.7957],[4.9009,48.7951],[4.8979,48.7965],[4.8934,48.797]]]}},{"type":"Feature","properties":{"code":"55425","nom":"Remoiville","pop":128},"geometry":{"type":"Polygon","coordinates":[[[5.3792,49.4629],[5.3805,49.4615],[5.3844,49.4611],[5.3871,49.4595],[5.3956,49.4585],[5.3908,49.4502],[5.3952,49.4502],[5.4111,49.4531],[5.4175,49.4509],[5.4181,49.4488],[5.4219,49.4469],[5.4288,49.4479],[5.4304,49.4396],[5.4365,49.4366],[5.4389,49.4334],[5.4339,49.4265],[5.4293,49.4281],[5.4303,49.4365],[5.4297,49.4382],[5.4244,49.4401],[5.4224,49.4422],[5.4225,49.4442],[5.4157,49.4468],[5.4117,49.4458],[5.4087,49.4466],[5.4063,49.4451],[5.4036,49.4471],[5.4007,49.4472],[5.3916,49.4435],[5.3904,49.4421],[5.3857,49.4435],[5.3745,49.4403],[5.373,49.4415],[5.3672,49.4391],[5.3675,49.4372],[5.365,49.4348],[5.3644,49.4315],[5.3687,49.4295],[5.3672,49.4272],[5.3624,49.4264],[5.3592,49.424],[5.3579,49.4197],[5.3541,49.4153],[5.3563,49.4124],[5.3448,49.411],[5.3428,49.4114],[5.3338,49.4111],[5.3289,49.4128],[5.3244,49.4133],[5.3244,49.4147],[5.3281,49.4202],[5.3368,49.4214],[5.348,49.4239],[5.351,49.4278],[5.3592,49.4277],[5.3613,49.4303],[5.3609,49.4328],[5.3612,49.4391],[5.3604,49.4424],[5.3566,49.4413],[5.3543,49.4441],[5.3609,49.4468],[5.3647,49.4475],[5.3695,49.452],[5.3755,49.454],[5.3757,49.4607],[5.3792,49.4629]]]}},{"type":"Feature","properties":{"code":"55426","nom":"Resson","pop":361},"geometry":{"type":"Polygon","coordinates":[[[5.2546,48.7885],[5.2469,48.7852],[5.2509,48.7845],[5.2509,48.7766],[5.2527,48.7758],[5.2502,48.7707],[5.2461,48.7661],[5.246,48.7642],[5.2429,48.7599],[5.2437,48.7579],[5.2423,48.7556],[5.2396,48.7555],[5.2344,48.7574],[5.2305,48.7575],[5.2261,48.7556],[5.2235,48.7556],[5.2152,48.7587],[5.2134,48.7602],[5.2062,48.7631],[5.2091,48.7647],[5.2121,48.7698],[5.2142,48.7713],[5.2109,48.7736],[5.212,48.7768],[5.211,48.7813],[5.2276,48.7835],[5.2303,48.785],[5.2328,48.7877],[5.2372,48.7867],[5.2411,48.7844],[5.2424,48.7849],[5.2463,48.7895],[5.2546,48.7885]]]}},{"type":"Feature","properties":{"code":"55427","nom":"Revigny-sur-Ornain","pop":2499},"geometry":{"type":"Polygon","coordinates":[[[5.0088,48.8398],[5.0098,48.8371],[5.0126,48.8342],[5.0162,48.8333],[5.0155,48.8293],[5.0165,48.8225],[5.0182,48.8166],[5.0148,48.8164],[5.0146,48.8141],[5.011,48.8104],[5.0048,48.8095],[5.0023,48.8103],[4.9977,48.8089],[4.9964,48.8101],[4.9923,48.8106],[4.9902,48.8073],[4.9802,48.8025],[4.9728,48.8054],[4.9747,48.8076],[4.9699,48.8112],[4.9691,48.8146],[4.9711,48.8163],[4.9643,48.8161],[4.9611,48.8181],[4.9462,48.8152],[4.9429,48.8135],[4.9408,48.8176],[4.9433,48.8198],[4.9418,48.8279],[4.94,48.8307],[4.936,48.8312],[4.9353,48.8346],[4.9395,48.8349],[4.9389,48.8375],[4.9437,48.8371],[4.944,48.8393],[4.9349,48.8406],[4.937,48.8436],[4.9359,48.8451],[4.9374,48.8483],[4.9459,48.8512],[4.9534,48.8484],[4.9527,48.8461],[4.9559,48.8439],[4.964,48.8421],[4.9772,48.8398],[4.9799,48.8408],[4.9872,48.841],[4.9977,48.8406],[5.0021,48.8408],[5.0088,48.8398]]]}},{"type":"Feature","properties":{"code":"55428","nom":"Réville-aux-Bois","pop":133},"geometry":{"type":"Polygon","coordinates":[[[5.3275,49.3194],[5.3264,49.3195],[5.3221,49.3204],[5.3205,49.3218],[5.3188,49.3275],[5.3163,49.3295],[5.3127,49.3304],[5.3057,49.3346],[5.3016,49.3422],[5.3027,49.3469],[5.3103,49.3468],[5.3137,49.3462],[5.319,49.344],[5.3236,49.3437],[5.3312,49.3447],[5.3385,49.3518],[5.3408,49.3529],[5.3506,49.3554],[5.3591,49.3563],[5.3628,49.3555],[5.3779,49.3547],[5.3834,49.3552],[5.383,49.353],[5.3853,49.3495],[5.3825,49.3474],[5.3829,49.3442],[5.3797,49.3406],[5.3786,49.3387],[5.3707,49.3401],[5.3626,49.3393],[5.3597,49.34],[5.3512,49.3395],[5.3487,49.3381],[5.3447,49.338],[5.3429,49.3368],[5.3385,49.3313],[5.3385,49.3286],[5.331,49.3251],[5.328,49.3232],[5.3275,49.3194]]]}},{"type":"Feature","properties":{"code":"55429","nom":"Riaville","pop":51},"geometry":{"type":"Polygon","coordinates":[[[5.6845,49.1053],[5.6846,49.1018],[5.6777,49.0998],[5.68,49.0975],[5.6746,49.0959],[5.6671,49.0915],[5.6706,49.0907],[5.6629,49.0887],[5.6577,49.0865],[5.6565,49.0843],[5.6516,49.0863],[5.6496,49.0879],[5.6519,49.0891],[5.6521,49.0925],[5.6547,49.0953],[5.6521,49.0976],[5.653,49.0998],[5.656,49.0993],[5.6568,49.103],[5.6584,49.1051],[5.6598,49.1069],[5.6665,49.105],[5.6646,49.1077],[5.6845,49.1053]]]}},{"type":"Feature","properties":{"code":"55430","nom":"Ribeaucourt","pop":72},"geometry":{"type":"Polygon","coordinates":[[[5.368,48.5351],[5.3678,48.5313],[5.3687,48.5271],[5.3721,48.5194],[5.3701,48.5203],[5.3688,48.5233],[5.3659,48.5202],[5.3629,48.5192],[5.3591,48.5199],[5.359,48.5299],[5.358,48.5305],[5.3475,48.5316],[5.343,48.5317],[5.3334,48.535],[5.3312,48.5335],[5.3243,48.5361],[5.3221,48.5423],[5.3215,48.5481],[5.3206,48.5496],[5.3272,48.5512],[5.3306,48.5513],[5.3376,48.5542],[5.3425,48.5542],[5.3441,48.5552],[5.3515,48.5567],[5.3582,48.5586],[5.3604,48.5585],[5.3648,48.5607],[5.3732,48.5635],[5.3745,48.5655],[5.3782,48.5633],[5.3814,48.5626],[5.3782,48.5594],[5.3828,48.5566],[5.3883,48.555],[5.3889,48.5513],[5.3839,48.5491],[5.3819,48.5471],[5.3796,48.5397],[5.3727,48.5401],[5.3695,48.5384],[5.368,48.5351]]]}},{"type":"Feature","properties":{"code":"55431","nom":"Richecourt","pop":57},"geometry":{"type":"Polygon","coordinates":[[[5.7349,48.9001],[5.7367,48.905],[5.7338,48.905],[5.7343,48.908],[5.7314,48.9097],[5.7326,48.9117],[5.7336,48.9126],[5.7413,48.9138],[5.7454,48.9157],[5.7471,48.9155],[5.7532,48.9131],[5.7532,48.9099],[5.7494,48.901],[5.7513,48.9003],[5.7609,48.9007],[5.756,48.8983],[5.7603,48.8896],[5.7635,48.8903],[5.7664,48.8885],[5.7699,48.8848],[5.7686,48.8821],[5.7774,48.8773],[5.7776,48.8761],[5.7732,48.8745],[5.7697,48.8755],[5.7654,48.8732],[5.7642,48.8752],[5.7609,48.8773],[5.7506,48.8772],[5.7491,48.8799],[5.7451,48.88],[5.741,48.8789],[5.7392,48.8806],[5.7313,48.881],[5.7349,48.8822],[5.7394,48.8867],[5.7411,48.8861],[5.7475,48.8882],[5.7451,48.8928],[5.7499,48.8953],[5.7458,48.8983],[5.7349,48.9001]]]}},{"type":"Feature","properties":{"code":"55433","nom":"Rigny-la-Salle","pop":371},"geometry":{"type":"Polygon","coordinates":[[[5.7564,48.6371],[5.7563,48.6357],[5.7607,48.632],[5.7613,48.628],[5.7592,48.6253],[5.7585,48.6212],[5.7568,48.6223],[5.7496,48.6233],[5.7426,48.6225],[5.7465,48.6266],[5.7408,48.6249],[5.7319,48.625],[5.7254,48.6219],[5.7182,48.6199],[5.7158,48.6179],[5.7107,48.6181],[5.7047,48.6142],[5.7072,48.6098],[5.7028,48.6096],[5.7003,48.6084],[5.6963,48.6104],[5.6966,48.6117],[5.6937,48.6144],[5.6865,48.6175],[5.6806,48.6219],[5.6826,48.623],[5.6816,48.6249],[5.6839,48.6271],[5.688,48.6267],[5.6906,48.6283],[5.6967,48.6293],[5.7003,48.6312],[5.7051,48.6318],[5.7043,48.6336],[5.7062,48.6379],[5.7081,48.6398],[5.7067,48.6421],[5.7088,48.6427],[5.7138,48.6383],[5.7163,48.6389],[5.7271,48.6395],[5.7311,48.6374],[5.7328,48.6354],[5.7415,48.6363],[5.7448,48.6389],[5.7509,48.6408],[5.7518,48.6418],[5.7535,48.6418],[5.7564,48.6371]]]}},{"type":"Feature","properties":{"code":"55434","nom":"Rigny-Saint-Martin","pop":50},"geometry":{"type":"Polygon","coordinates":[[[5.7604,48.621],[5.765,48.6189],[5.7721,48.6205],[5.7775,48.6225],[5.7828,48.6254],[5.7918,48.6285],[5.7963,48.6284],[5.8036,48.6252],[5.8018,48.6233],[5.7979,48.6173],[5.798,48.6135],[5.7948,48.6097],[5.7904,48.6074],[5.777,48.6071],[5.7699,48.6084],[5.7636,48.6078],[5.7563,48.6062],[5.7522,48.6065],[5.7479,48.5998],[5.7431,48.5972],[5.7371,48.5962],[5.735,48.5945],[5.7259,48.5924],[5.7249,48.593],[5.7174,48.5916],[5.7102,48.5983],[5.7039,48.6052],[5.7003,48.6084],[5.7028,48.6096],[5.7072,48.6098],[5.7047,48.6142],[5.7107,48.6181],[5.7158,48.6179],[5.7182,48.6199],[5.7254,48.6219],[5.7319,48.625],[5.7408,48.6249],[5.7465,48.6266],[5.7426,48.6225],[5.7496,48.6233],[5.7568,48.6223],[5.7585,48.6212],[5.7604,48.621]]]}},{"type":"Feature","properties":{"code":"55435","nom":"Robert-Espagne","pop":756},"geometry":{"type":"Polygon","coordinates":[[[5.0157,48.7096],[5.0136,48.711],[5.0126,48.7155],[5.0111,48.718],[5.0056,48.7179],[5.0042,48.7197],[5.0073,48.7228],[5.0094,48.7292],[5.0055,48.7353],[5.0091,48.7388],[5.0092,48.7414],[5.0107,48.7431],[5.0152,48.7435],[5.018,48.7468],[5.0233,48.7468],[5.0236,48.7482],[5.0282,48.748],[5.0297,48.7497],[5.0342,48.7495],[5.0443,48.7472],[5.0465,48.7459],[5.0428,48.7439],[5.0427,48.7409],[5.0459,48.7377],[5.0443,48.7307],[5.036,48.7297],[5.0313,48.7277],[5.0242,48.7238],[5.0218,48.7216],[5.0201,48.7088],[5.0157,48.7096]]]}},{"type":"Feature","properties":{"code":"55436","nom":"Les Roises","pop":27},"geometry":{"type":"Polygon","coordinates":[[[5.6422,48.4724],[5.6378,48.4695],[5.6426,48.4677],[5.6451,48.4644],[5.6483,48.4634],[5.6535,48.4586],[5.6495,48.455],[5.6473,48.4544],[5.6383,48.4539],[5.6305,48.4513],[5.627,48.4489],[5.6203,48.4445],[5.6182,48.4426],[5.6196,48.4357],[5.6226,48.4289],[5.6189,48.4287],[5.6158,48.4324],[5.6164,48.4337],[5.6152,48.4406],[5.6184,48.4438],[5.6234,48.4469],[5.6279,48.4507],[5.6251,48.4509],[5.6238,48.454],[5.6204,48.4572],[5.6241,48.4597],[5.626,48.462],[5.6272,48.466],[5.6373,48.4737],[5.6422,48.4724]]]}},{"type":"Feature","properties":{"code":"55437","nom":"Romagne-sous-les-Côtes","pop":123},"geometry":{"type":"Polygon","coordinates":[[[5.4975,49.3321],[5.4988,49.3262],[5.5012,49.3221],[5.4991,49.3166],[5.4992,49.3141],[5.4951,49.313],[5.4827,49.3114],[5.4757,49.3121],[5.4726,49.3117],[5.4589,49.314],[5.4538,49.3145],[5.4531,49.3101],[5.4495,49.3093],[5.4448,49.3137],[5.4432,49.3177],[5.4425,49.3233],[5.4359,49.3232],[5.4368,49.3286],[5.4352,49.3333],[5.4357,49.3363],[5.441,49.3391],[5.4424,49.3411],[5.442,49.346],[5.4499,49.3503],[5.4552,49.3501],[5.4558,49.3484],[5.4592,49.3461],[5.4732,49.3424],[5.4755,49.3407],[5.4759,49.3387],[5.4837,49.3372],[5.4887,49.3371],[5.4932,49.3334],[5.4975,49.3321]]]}},{"type":"Feature","properties":{"code":"55438","nom":"Romagne-sous-Montfaucon","pop":170},"geometry":{"type":"Polygon","coordinates":[[[5.087,49.3108],[5.0824,49.3104],[5.0745,49.3113],[5.0659,49.3134],[5.0632,49.3156],[5.0577,49.3168],[5.052,49.3153],[5.0491,49.3162],[5.046,49.3187],[5.038,49.3161],[5.0364,49.3189],[5.0298,49.3262],[5.027,49.3272],[5.0288,49.3302],[5.028,49.3324],[5.0366,49.3355],[5.0482,49.3361],[5.0551,49.3376],[5.0575,49.3375],[5.0688,49.3418],[5.0758,49.3419],[5.0805,49.3414],[5.0843,49.3418],[5.0888,49.3411],[5.0904,49.3438],[5.0988,49.3444],[5.1033,49.3434],[5.1074,49.3439],[5.1087,49.342],[5.1056,49.3358],[5.1069,49.3352],[5.1078,49.3271],[5.1065,49.3209],[5.1037,49.3201],[5.1091,49.3173],[5.1041,49.3155],[5.0987,49.3146],[5.0939,49.3126],[5.0931,49.3114],[5.087,49.3108]]]}},{"type":"Feature","properties":{"code":"55439","nom":"Ronvaux","pop":105},"geometry":{"type":"Polygon","coordinates":[[[5.5728,49.14],[5.5756,49.1369],[5.5813,49.1329],[5.5788,49.1318],[5.5704,49.1288],[5.5661,49.1255],[5.5634,49.1248],[5.554,49.1239],[5.548,49.1228],[5.5467,49.1245],[5.5397,49.1237],[5.5366,49.1271],[5.5372,49.1281],[5.5423,49.1282],[5.5504,49.1305],[5.5558,49.1329],[5.5614,49.1343],[5.5728,49.14]]]}},{"type":"Feature","properties":{"code":"55442","nom":"Raival","pop":236},"geometry":{"type":"Polygon","coordinates":[[[5.284,48.8856],[5.2851,48.8825],[5.2894,48.8814],[5.2922,48.8759],[5.2862,48.8751],[5.2852,48.8669],[5.2864,48.865],[5.2764,48.8625],[5.273,48.8625],[5.2548,48.8591],[5.2565,48.862],[5.2566,48.8654],[5.2554,48.8669],[5.2484,48.8678],[5.2472,48.8703],[5.2422,48.8692],[5.2234,48.8678],[5.2197,48.8721],[5.2286,48.8747],[5.2282,48.8754],[5.2372,48.8777],[5.2403,48.8777],[5.2395,48.8804],[5.2362,48.8802],[5.2341,48.8839],[5.2277,48.8889],[5.2225,48.8918],[5.2191,48.8922],[5.2214,48.8956],[5.2164,48.8956],[5.2128,48.8976],[5.2101,48.9009],[5.2103,48.9034],[5.2063,48.9075],[5.2118,48.908],[5.2139,48.9091],[5.2159,48.9069],[5.2249,48.9103],[5.2272,48.9049],[5.2313,48.9088],[5.2372,48.91],[5.243,48.9104],[5.2435,48.9085],[5.2475,48.9087],[5.2493,48.9077],[5.2543,48.9076],[5.2579,48.906],[5.2644,48.9019],[5.2678,48.9023],[5.2729,48.8989],[5.2721,48.8967],[5.2674,48.8966],[5.2686,48.8919],[5.2713,48.8892],[5.2747,48.8897],[5.2801,48.8869],[5.284,48.8856]]]}},{"type":"Feature","properties":{"code":"55443","nom":"Rouvres-en-Woëvre","pop":598},"geometry":{"type":"Polygon","coordinates":[[[5.7406,49.2302],[5.7388,49.2273],[5.7287,49.225],[5.7257,49.2261],[5.7232,49.2241],[5.7159,49.2202],[5.7137,49.2224],[5.7094,49.2225],[5.7012,49.2192],[5.7003,49.2184],[5.7047,49.215],[5.7027,49.2129],[5.7022,49.2098],[5.6994,49.2093],[5.7002,49.2042],[5.6993,49.2017],[5.6947,49.1998],[5.6871,49.2002],[5.6818,49.2014],[5.6699,49.1976],[5.6672,49.1975],[5.666,49.2006],[5.6618,49.2018],[5.6655,49.2053],[5.6673,49.2084],[5.6662,49.211],[5.6672,49.2127],[5.665,49.2159],[5.666,49.2183],[5.6662,49.2222],[5.6684,49.2254],[5.6692,49.2352],[5.6725,49.2337],[5.673,49.2376],[5.677,49.2391],[5.6787,49.2371],[5.681,49.237],[5.6876,49.239],[5.687,49.242],[5.6931,49.2404],[5.6974,49.2407],[5.7061,49.2448],[5.7131,49.2471],[5.7191,49.2488],[5.721,49.2478],[5.7249,49.245],[5.7269,49.2448],[5.7284,49.2399],[5.7324,49.2367],[5.7363,49.2362],[5.7366,49.2327],[5.7406,49.2302]]]}},{"type":"Feature","properties":{"code":"55444","nom":"Rouvrois-sur-Meuse","pop":194},"geometry":{"type":"Polygon","coordinates":[[[5.4992,48.9456],[5.5028,48.9487],[5.5086,48.9484],[5.5087,48.9523],[5.5123,48.9554],[5.5125,48.9593],[5.5181,48.959],[5.526,48.9604],[5.5269,48.9592],[5.5321,48.9598],[5.5404,48.9596],[5.5465,48.9615],[5.55,48.9613],[5.5498,48.9542],[5.5511,48.9532],[5.5423,48.9495],[5.5446,48.9474],[5.5357,48.9413],[5.5334,48.9409],[5.5254,48.9387],[5.5152,48.9376],[5.5142,48.9386],[5.5095,48.938],[5.5071,48.9422],[5.5034,48.9427],[5.4992,48.9456]]]}},{"type":"Feature","properties":{"code":"55445","nom":"Rouvrois-sur-Othain","pop":199},"geometry":{"type":"Polygon","coordinates":[[[5.6556,49.3767],[5.651,49.3758],[5.6417,49.3712],[5.6378,49.3706],[5.6284,49.3677],[5.6272,49.3692],[5.6241,49.3691],[5.6226,49.3719],[5.6189,49.3736],[5.6151,49.3721],[5.6116,49.3738],[5.6086,49.3772],[5.6049,49.3791],[5.6042,49.3829],[5.6001,49.3839],[5.6033,49.386],[5.6027,49.3898],[5.6067,49.393],[5.5998,49.3975],[5.5991,49.4007],[5.6023,49.4048],[5.6119,49.4053],[5.6107,49.4078],[5.6134,49.4089],[5.6151,49.4088],[5.6195,49.4053],[5.6211,49.406],[5.623,49.4005],[5.6297,49.4037],[5.6302,49.4015],[5.6412,49.3983],[5.648,49.3957],[5.6532,49.3917],[5.6543,49.3876],[5.6583,49.3844],[5.6608,49.3811],[5.6648,49.3797],[5.6571,49.3786],[5.6556,49.3767]]]}},{"type":"Feature","properties":{"code":"55446","nom":"Rumont","pop":83},"geometry":{"type":"Polygon","coordinates":[[[5.2459,48.8262],[5.2465,48.8283],[5.2493,48.8281],[5.2511,48.8332],[5.2595,48.836],[5.2643,48.8386],[5.2782,48.8422],[5.2822,48.8407],[5.281,48.8391],[5.2885,48.8366],[5.293,48.8367],[5.2987,48.8339],[5.3034,48.8335],[5.3104,48.832],[5.3071,48.8299],[5.3032,48.8304],[5.2988,48.8298],[5.2964,48.8283],[5.2819,48.8252],[5.2773,48.8249],[5.2747,48.8235],[5.2707,48.8238],[5.265,48.8221],[5.2639,48.8205],[5.2603,48.8211],[5.254,48.816],[5.2505,48.8139],[5.2471,48.8187],[5.2459,48.8262]]]}},{"type":"Feature","properties":{"code":"55447","nom":"Rupt-aux-Nonains","pop":365},"geometry":{"type":"Polygon","coordinates":[[[5.0955,48.6403],[5.088,48.6409],[5.0817,48.6433],[5.073,48.6437],[5.0692,48.6432],[5.0603,48.6406],[5.0595,48.6455],[5.0571,48.6492],[5.0525,48.654],[5.0471,48.6578],[5.0427,48.6597],[5.0556,48.6646],[5.0599,48.6674],[5.0709,48.669],[5.0764,48.6696],[5.0791,48.6686],[5.0858,48.6675],[5.0893,48.668],[5.0899,48.6706],[5.0925,48.6724],[5.095,48.6791],[5.1002,48.6803],[5.0996,48.6828],[5.1013,48.6849],[5.109,48.6874],[5.1124,48.6877],[5.1143,48.6924],[5.1187,48.6943],[5.1206,48.6997],[5.1212,48.6974],[5.1234,48.6953],[5.1268,48.6963],[5.1344,48.6881],[5.1353,48.6862],[5.1317,48.6804],[5.1259,48.6757],[5.1246,48.6715],[5.1266,48.6706],[5.1244,48.6678],[5.1197,48.6669],[5.1204,48.6613],[5.1226,48.6577],[5.1245,48.6574],[5.121,48.6515],[5.1161,48.6488],[5.1167,48.6462],[5.1145,48.6441],[5.1101,48.643],[5.1107,48.6412],[5.1034,48.642],[5.1034,48.6404],[5.0955,48.6403]]]}},{"type":"Feature","properties":{"code":"55448","nom":"Rupt-devant-Saint-Mihiel","pop":39},"geometry":{"type":"Polygon","coordinates":[[[5.4267,48.8755],[5.4146,48.8691],[5.4128,48.8745],[5.4052,48.8744],[5.4042,48.8769],[5.4009,48.879],[5.3983,48.8778],[5.3855,48.8788],[5.3766,48.8763],[5.3745,48.8764],[5.3713,48.8797],[5.3695,48.8828],[5.374,48.8841],[5.3754,48.8853],[5.3794,48.8859],[5.3847,48.8879],[5.3931,48.8861],[5.3962,48.8875],[5.395,48.8893],[5.3921,48.8893],[5.3884,48.8908],[5.387,48.893],[5.3917,48.8946],[5.3948,48.8976],[5.3923,48.8983],[5.3984,48.9016],[5.4003,48.9053],[5.4039,48.9037],[5.4026,48.9015],[5.4033,48.8993],[5.4076,48.8973],[5.4095,48.8941],[5.4097,48.8912],[5.4139,48.8901],[5.4135,48.8884],[5.4189,48.8867],[5.4208,48.884],[5.4184,48.877],[5.4267,48.8755]]]}},{"type":"Feature","properties":{"code":"55449","nom":"Rupt-en-Woëvre","pop":280},"geometry":{"type":"Polygon","coordinates":[[[5.5214,49.0943],[5.5246,49.0954],[5.5301,49.0972],[5.5315,49.0925],[5.5349,49.0903],[5.5342,49.0888],[5.5243,49.0855],[5.5244,49.0825],[5.5298,49.0827],[5.522,49.0777],[5.5223,49.0733],[5.5257,49.0709],[5.5333,49.07],[5.5305,49.0687],[5.5262,49.0678],[5.5203,49.0658],[5.5192,49.0639],[5.5141,49.0627],[5.5166,49.0614],[5.5199,49.058],[5.5188,49.0547],[5.5137,49.055],[5.5028,49.0519],[5.503,49.0491],[5.5068,49.0445],[5.5082,49.0415],[5.5029,49.0413],[5.4986,49.0398],[5.484,49.0417],[5.4811,49.0407],[5.4773,49.038],[5.4717,49.0363],[5.4688,49.0325],[5.4684,49.033],[5.4625,49.0378],[5.4593,49.0432],[5.4608,49.0465],[5.4609,49.0491],[5.4587,49.0584],[5.4696,49.0645],[5.4864,49.0743],[5.4971,49.0759],[5.5022,49.0779],[5.5162,49.0892],[5.5155,49.0919],[5.5194,49.0923],[5.5214,49.0943]]]}},{"type":"Feature","properties":{"code":"55450","nom":"Rupt-sur-Othain","pop":51},"geometry":{"type":"Polygon","coordinates":[[[5.4475,49.4042],[5.4516,49.4065],[5.4586,49.4086],[5.4712,49.4128],[5.4706,49.4154],[5.4715,49.4199],[5.4694,49.421],[5.4648,49.4255],[5.4712,49.4281],[5.4717,49.4271],[5.4774,49.4276],[5.4799,49.4251],[5.4875,49.4272],[5.4892,49.4267],[5.4897,49.4225],[5.4913,49.4213],[5.4948,49.4218],[5.4983,49.4242],[5.5015,49.4247],[5.5052,49.4234],[5.508,49.4213],[5.5067,49.4196],[5.5021,49.4187],[5.5022,49.4169],[5.4989,49.4136],[5.5007,49.4123],[5.4979,49.4107],[5.4993,49.4091],[5.4971,49.4076],[5.4911,49.4063],[5.4871,49.4048],[5.476,49.4035],[5.4761,49.4081],[5.4731,49.4107],[5.4679,49.4079],[5.4574,49.4041],[5.455,49.4057],[5.4475,49.4042]]]}},{"type":"Feature","properties":{"code":"55452","nom":"Saint-Amand-sur-Ornain","pop":60},"geometry":{"type":"Polygon","coordinates":[[[5.3895,48.6368],[5.3954,48.6395],[5.3953,48.6371],[5.3983,48.6356],[5.4112,48.6391],[5.4182,48.6346],[5.4199,48.6309],[5.4192,48.6269],[5.4093,48.6228],[5.4022,48.621],[5.3972,48.6192],[5.3953,48.6199],[5.3895,48.6174],[5.3824,48.6166],[5.3765,48.614],[5.374,48.6144],[5.3694,48.6131],[5.3671,48.6142],[5.3656,48.6155],[5.3711,48.6208],[5.3699,48.622],[5.3763,48.6259],[5.3793,48.6292],[5.3826,48.6314],[5.3839,48.634],[5.3875,48.634],[5.3895,48.6368]]]}},{"type":"Feature","properties":{"code":"55453","nom":"Saint-André-en-Barrois","pop":59},"geometry":{"type":"Polygon","coordinates":[[[5.2101,49.0172],[5.2123,49.0184],[5.2134,49.021],[5.2176,49.0235],[5.2239,49.0235],[5.2288,49.0268],[5.2317,49.028],[5.2369,49.0257],[5.2457,49.0247],[5.248,49.0235],[5.2459,49.0213],[5.2483,49.0194],[5.2552,49.0169],[5.2569,49.0155],[5.2516,49.0089],[5.249,49.0015],[5.2487,48.9981],[5.251,48.9938],[5.2506,48.9912],[5.2449,48.9904],[5.2421,48.9922],[5.2333,48.9945],[5.2308,48.9957],[5.2289,48.9944],[5.2232,48.9922],[5.2205,48.9955],[5.22,49.0012],[5.2172,49.0015],[5.2164,49.0085],[5.2095,49.0103],[5.2085,49.0133],[5.2088,49.0168],[5.2101,49.0172]]]}},{"type":"Feature","properties":{"code":"55454","nom":"Saint-Aubin-sur-Aire","pop":178},"geometry":{"type":"Polygon","coordinates":[[[5.43,48.6909],[5.4268,48.6925],[5.4226,48.6922],[5.4212,48.6955],[5.4162,48.6966],[5.4148,48.6987],[5.4101,48.6993],[5.4105,48.7013],[5.4147,48.7063],[5.4168,48.7106],[5.4208,48.7143],[5.4185,48.7173],[5.4227,48.719],[5.4255,48.7184],[5.431,48.7196],[5.4312,48.7216],[5.4348,48.7239],[5.4403,48.7245],[5.4399,48.7266],[5.4462,48.7318],[5.4502,48.7321],[5.4537,48.7341],[5.4601,48.7365],[5.4611,48.7346],[5.4722,48.7376],[5.4764,48.7401],[5.4839,48.7416],[5.4761,48.7358],[5.4708,48.7336],[5.4714,48.7324],[5.4757,48.7321],[5.4718,48.7293],[5.4732,48.7286],[5.4778,48.7316],[5.4834,48.7365],[5.4872,48.7389],[5.4897,48.7334],[5.4892,48.7303],[5.4834,48.7292],[5.4802,48.7257],[5.4714,48.7203],[5.4577,48.7087],[5.4587,48.7057],[5.4613,48.7029],[5.4561,48.6997],[5.4535,48.6972],[5.4431,48.6961],[5.4389,48.6973],[5.43,48.6909]]]}},{"type":"Feature","properties":{"code":"55456","nom":"Saint-Germain-sur-Meuse","pop":224},"geometry":{"type":"Polygon","coordinates":[[[5.7447,48.657],[5.7483,48.6511],[5.7481,48.6488],[5.75,48.6443],[5.7518,48.6418],[5.7509,48.6408],[5.7448,48.6389],[5.7415,48.6363],[5.7328,48.6354],[5.7311,48.6374],[5.7271,48.6395],[5.7163,48.6389],[5.7138,48.6383],[5.7088,48.6427],[5.7067,48.6421],[5.7011,48.6434],[5.6993,48.6471],[5.6979,48.6477],[5.6884,48.6466],[5.6818,48.6478],[5.6829,48.6492],[5.684,48.6507],[5.6894,48.6517],[5.693,48.6516],[5.7001,48.6526],[5.7064,48.6542],[5.7096,48.6557],[5.7125,48.656],[5.7157,48.6582],[5.7236,48.6577],[5.729,48.6591],[5.7353,48.6591],[5.7447,48.657]]]}},{"type":"Feature","properties":{"code":"55457","nom":"Saint-Hilaire-en-Woëvre","pop":179},"geometry":{"type":"Polygon","coordinates":[[[5.6991,49.0912],[5.7066,49.0921],[5.7095,49.0889],[5.7188,49.0923],[5.723,49.0943],[5.7262,49.0928],[5.7312,49.0892],[5.7327,49.0894],[5.7354,49.0865],[5.7399,49.0873],[5.7409,49.084],[5.7351,49.0793],[5.7394,49.076],[5.7415,49.0744],[5.7374,49.0729],[5.7333,49.0706],[5.7187,49.0701],[5.7124,49.067],[5.7077,49.0651],[5.703,49.0607],[5.7001,49.0619],[5.6955,49.0578],[5.6925,49.0566],[5.6886,49.0604],[5.6828,49.0601],[5.6768,49.058],[5.6724,49.0557],[5.6686,49.0581],[5.6663,49.0575],[5.6671,49.0582],[5.6629,49.0623],[5.6632,49.0634],[5.672,49.0661],[5.6715,49.0683],[5.6768,49.0682],[5.6895,49.0705],[5.6885,49.0734],[5.6822,49.0745],[5.6819,49.0769],[5.6884,49.0776],[5.6906,49.0798],[5.6941,49.0808],[5.6999,49.0806],[5.7016,49.0814],[5.6998,49.084],[5.6991,49.0912]]]}},{"type":"Feature","properties":{"code":"55458","nom":"Saint-Jean-lès-Buzy","pop":368},"geometry":{"type":"Polygon","coordinates":[[[5.7538,49.1391],[5.7512,49.1471],[5.7484,49.1497],[5.7434,49.1488],[5.7424,49.1529],[5.7404,49.1545],[5.7329,49.1558],[5.7298,49.1574],[5.7306,49.1597],[5.728,49.1618],[5.7244,49.1612],[5.7208,49.1628],[5.7204,49.1645],[5.7166,49.1651],[5.7159,49.1658],[5.7179,49.1708],[5.7173,49.1757],[5.7196,49.1773],[5.7268,49.1782],[5.7277,49.1817],[5.7262,49.1835],[5.734,49.1866],[5.7356,49.1883],[5.7346,49.1899],[5.7396,49.1922],[5.7432,49.1929],[5.7484,49.1917],[5.7548,49.1944],[5.7544,49.1957],[5.7505,49.1986],[5.7534,49.1989],[5.7572,49.2007],[5.761,49.2016],[5.7657,49.1978],[5.764,49.192],[5.7604,49.1894],[5.7578,49.1804],[5.7554,49.1792],[5.7553,49.1717],[5.7494,49.1676],[5.7465,49.1636],[5.7463,49.1568],[5.748,49.1547],[5.7556,49.1522],[5.7598,49.1529],[5.7595,49.1488],[5.7594,49.1469],[5.7568,49.1461],[5.756,49.1425],[5.7538,49.1391]]]}},{"type":"Feature","properties":{"code":"55459","nom":"Saint-Joire","pop":230},"geometry":{"type":"Polygon","coordinates":[[[5.4432,48.614],[5.4432,48.6117],[5.4427,48.6074],[5.4434,48.6023],[5.4452,48.6005],[5.44,48.5963],[5.4362,48.5954],[5.4385,48.5932],[5.4364,48.592],[5.4396,48.5898],[5.4384,48.5828],[5.4399,48.5819],[5.4331,48.5802],[5.4299,48.5766],[5.4304,48.5741],[5.4278,48.5695],[5.4236,48.567],[5.4211,48.5715],[5.4171,48.5705],[5.4177,48.5666],[5.4135,48.568],[5.4092,48.5666],[5.4037,48.5628],[5.3968,48.5606],[5.3983,48.5572],[5.4024,48.5525],[5.4129,48.5504],[5.3949,48.5513],[5.3889,48.5513],[5.3883,48.555],[5.3828,48.5566],[5.3782,48.5594],[5.3814,48.5626],[5.3782,48.5633],[5.3745,48.5655],[5.3779,48.573],[5.3771,48.5779],[5.373,48.5824],[5.3779,48.5858],[5.3838,48.5864],[5.3846,48.59],[5.3966,48.5944],[5.4018,48.5957],[5.4035,48.5946],[5.4114,48.5967],[5.4128,48.6001],[5.4173,48.604],[5.416,48.6054],[5.4273,48.6101],[5.4288,48.608],[5.4342,48.6097],[5.4403,48.6132],[5.443,48.6139],[5.4432,48.614]]]}},{"type":"Feature","properties":{"code":"55460","nom":"Saint-Julien-sous-les-Côtes","pop":138},"geometry":{"type":"Polygon","coordinates":[[[5.6493,48.8192],[5.6404,48.8176],[5.6406,48.8158],[5.6336,48.814],[5.6337,48.8119],[5.6281,48.8123],[5.619,48.8097],[5.618,48.8074],[5.6133,48.8071],[5.6122,48.8101],[5.6077,48.8097],[5.6051,48.8147],[5.6016,48.8165],[5.5962,48.8156],[5.5923,48.8194],[5.5959,48.8258],[5.601,48.8278],[5.5983,48.83],[5.6019,48.8318],[5.5969,48.8348],[5.5992,48.8353],[5.6047,48.8332],[5.612,48.8315],[5.6105,48.8302],[5.6187,48.826],[5.6148,48.8243],[5.6199,48.8233],[5.6225,48.8205],[5.6273,48.818],[5.6315,48.8197],[5.6348,48.8185],[5.6482,48.8214],[5.6493,48.8192]]]}},{"type":"Feature","properties":{"code":"55461","nom":"Saint-Laurent-sur-Othain","pop":435},"geometry":{"type":"Polygon","coordinates":[[[5.485,49.3832],[5.4869,49.3871],[5.4937,49.3899],[5.496,49.3924],[5.4981,49.3994],[5.4979,49.402],[5.4939,49.404],[5.4954,49.4063],[5.4996,49.4088],[5.5036,49.4083],[5.5053,49.4061],[5.5137,49.407],[5.5253,49.4072],[5.5274,49.4084],[5.5302,49.4066],[5.533,49.4087],[5.5346,49.4112],[5.5391,49.4111],[5.5437,49.4124],[5.5466,49.4141],[5.5494,49.417],[5.5525,49.4186],[5.5574,49.4194],[5.5632,49.4191],[5.5683,49.4198],[5.5724,49.4159],[5.5667,49.4128],[5.5622,49.4115],[5.5593,49.407],[5.5572,49.4059],[5.5553,49.4028],[5.5559,49.4008],[5.5542,49.3972],[5.5548,49.3948],[5.5578,49.3942],[5.5556,49.3903],[5.5523,49.3864],[5.5452,49.3809],[5.545,49.3761],[5.5398,49.3768],[5.5332,49.3749],[5.5314,49.3755],[5.526,49.3771],[5.5215,49.3796],[5.5136,49.3798],[5.5031,49.3767],[5.4999,49.3746],[5.4894,49.3789],[5.4893,49.3823],[5.485,49.3832]]]}},{"type":"Feature","properties":{"code":"55462","nom":"Saint-Maurice-sous-les-Côtes","pop":371},"geometry":{"type":"Polygon","coordinates":[[[5.6839,49.0329],[5.6851,49.0338],[5.6895,49.0306],[5.6933,49.0271],[5.6955,49.0297],[5.6989,49.027],[5.6987,49.0256],[5.7014,49.0229],[5.705,49.0208],[5.7084,49.0231],[5.7106,49.0198],[5.7077,49.0183],[5.7061,49.0175],[5.6999,49.0189],[5.6924,49.0165],[5.6846,49.0126],[5.6796,49.0064],[5.6737,49.0053],[5.6679,49.0022],[5.6608,48.9998],[5.6635,48.9981],[5.6422,48.9922],[5.6371,48.9891],[5.6348,48.9923],[5.6279,49.0051],[5.6339,49.0058],[5.6489,49.0128],[5.6528,49.0128],[5.6579,49.0147],[5.6636,49.0157],[5.6666,49.0191],[5.6727,49.0223],[5.6789,49.0227],[5.6847,49.0257],[5.6816,49.0268],[5.6826,49.0297],[5.685,49.0317],[5.6839,49.0329]]]}},{"type":"Feature","properties":{"code":"55463","nom":"Saint-Mihiel","pop":3772},"geometry":{"type":"Polygon","coordinates":[[[5.5396,48.9024],[5.5424,48.9035],[5.5516,48.9045],[5.5583,48.9071],[5.5633,48.9101],[5.5663,48.9109],[5.568,48.9094],[5.5752,48.9135],[5.5835,48.919],[5.5898,48.9205],[5.5955,48.9175],[5.6026,48.9161],[5.6072,48.916],[5.6153,48.9126],[5.6171,48.9092],[5.6212,48.9053],[5.6324,48.9039],[5.6348,48.901],[5.6371,48.8961],[5.6339,48.8931],[5.6333,48.8879],[5.6274,48.8844],[5.6263,48.8821],[5.6343,48.8814],[5.6291,48.875],[5.6223,48.8754],[5.619,48.8748],[5.6187,48.8724],[5.6126,48.8704],[5.6092,48.8681],[5.6028,48.8682],[5.5935,48.8709],[5.5884,48.8716],[5.5787,48.872],[5.5759,48.8743],[5.5644,48.8734],[5.559,48.8738],[5.5559,48.875],[5.5527,48.8742],[5.5483,48.8752],[5.5444,48.8729],[5.5423,48.8702],[5.5348,48.8713],[5.5292,48.8702],[5.5262,48.8683],[5.5247,48.8704],[5.5242,48.8734],[5.5266,48.8735],[5.529,48.8761],[5.5291,48.8787],[5.5263,48.8805],[5.5262,48.8836],[5.5245,48.8854],[5.5155,48.8854],[5.5121,48.8886],[5.5135,48.8891],[5.5206,48.8889],[5.525,48.8893],[5.527,48.8925],[5.5267,48.896],[5.5291,48.8969],[5.5325,48.901],[5.534,48.8999],[5.5396,48.9024]]]}},{"type":"Feature","properties":{"code":"55464","nom":"Saint-Pierrevillers","pop":149},"geometry":{"type":"Polygon","coordinates":[[[5.6869,49.3937],[5.6932,49.3904],[5.6991,49.3895],[5.704,49.388],[5.7076,49.3841],[5.7083,49.3792],[5.7137,49.3745],[5.716,49.3706],[5.7105,49.3661],[5.7122,49.3635],[5.7129,49.3615],[5.71,49.3595],[5.7112,49.3551],[5.7067,49.354],[5.6994,49.3553],[5.6964,49.3533],[5.6942,49.3566],[5.6977,49.3587],[5.693,49.3622],[5.6921,49.3643],[5.6879,49.3648],[5.6856,49.3682],[5.6797,49.3668],[5.6764,49.3681],[5.669,49.3665],[5.6656,49.3667],[5.6629,49.3704],[5.6594,49.3695],[5.6592,49.3732],[5.6556,49.3767],[5.6571,49.3786],[5.6648,49.3797],[5.6608,49.3811],[5.6583,49.3844],[5.6543,49.3876],[5.6613,49.3877],[5.6654,49.3887],[5.6728,49.3893],[5.6796,49.3905],[5.6869,49.3937]]]}},{"type":"Feature","properties":{"code":"55465","nom":"Saint-Remy-la-Calonne","pop":97},"geometry":{"type":"Polygon","coordinates":[[[5.5819,49.0234],[5.5734,49.0265],[5.5704,49.0296],[5.563,49.0358],[5.5597,49.0376],[5.5564,49.0409],[5.563,49.0436],[5.5622,49.0452],[5.5705,49.0477],[5.5796,49.048],[5.5888,49.0511],[5.5942,49.0518],[5.5987,49.054],[5.5999,49.0521],[5.6038,49.0492],[5.6086,49.0499],[5.6099,49.049],[5.6181,49.0496],[5.6192,49.0466],[5.6181,49.043],[5.6187,49.041],[5.6159,49.0403],[5.6015,49.0371],[5.595,49.0322],[5.5941,49.0302],[5.5893,49.0267],[5.5819,49.0234]]]}},{"type":"Feature","properties":{"code":"55466","nom":"Salmagne","pop":281},"geometry":{"type":"Polygon","coordinates":[[[5.361,48.7499],[5.3556,48.747],[5.3512,48.7423],[5.3506,48.7408],[5.3467,48.7405],[5.3454,48.7367],[5.3425,48.7369],[5.3381,48.7349],[5.3305,48.7353],[5.3169,48.7322],[5.3122,48.7306],[5.3111,48.7318],[5.3069,48.7317],[5.3055,48.7352],[5.3037,48.7349],[5.3016,48.7388],[5.3011,48.7475],[5.3014,48.7481],[5.3047,48.7501],[5.309,48.7546],[5.3122,48.7594],[5.3151,48.7604],[5.3191,48.7658],[5.3274,48.7678],[5.3292,48.7708],[5.3291,48.7727],[5.3309,48.7773],[5.3329,48.7782],[5.332,48.7828],[5.3298,48.7843],[5.3348,48.7857],[5.3382,48.7866],[5.3442,48.7867],[5.3459,48.7844],[5.3495,48.7828],[5.3532,48.7797],[5.3584,48.7773],[5.3603,48.7735],[5.3567,48.7724],[5.3556,48.7676],[5.3567,48.7641],[5.3603,48.7596],[5.359,48.7587],[5.3595,48.7551],[5.3619,48.7537],[5.361,48.7499]]]}},{"type":"Feature","properties":{"code":"55467","nom":"Sampigny","pop":692},"geometry":{"type":"Polygon","coordinates":[[[5.4526,48.798],[5.4566,48.8013],[5.4632,48.8077],[5.4668,48.8097],[5.4572,48.809],[5.4528,48.8078],[5.4467,48.8081],[5.4462,48.8118],[5.4474,48.8158],[5.4451,48.8188],[5.4526,48.821],[5.4542,48.8233],[5.449,48.8257],[5.4497,48.8283],[5.4534,48.8298],[5.454,48.8315],[5.4595,48.8322],[5.4577,48.8352],[5.4663,48.8367],[5.471,48.8365],[5.4807,48.8343],[5.4857,48.8338],[5.491,48.8348],[5.4968,48.8371],[5.502,48.8417],[5.5058,48.8439],[5.5103,48.8433],[5.5092,48.8403],[5.5159,48.8337],[5.5193,48.8321],[5.5261,48.8305],[5.5271,48.8282],[5.522,48.8209],[5.5242,48.8202],[5.5245,48.8175],[5.5262,48.8169],[5.5283,48.8136],[5.5276,48.8112],[5.5186,48.8081],[5.5168,48.8063],[5.5113,48.8061],[5.5027,48.8036],[5.4966,48.8004],[5.4985,48.802],[5.494,48.8032],[5.4855,48.7998],[5.4797,48.7998],[5.4591,48.7953],[5.4526,48.798]]]}},{"type":"Feature","properties":{"code":"55468","nom":"Samogneux","pop":97},"geometry":{"type":"Polygon","coordinates":[[[5.3234,49.2634],[5.3322,49.2697],[5.3371,49.2714],[5.3387,49.2711],[5.3418,49.2703],[5.3419,49.2684],[5.3456,49.2678],[5.35,49.2647],[5.3539,49.2661],[5.3553,49.2652],[5.3617,49.2668],[5.3674,49.2618],[5.3756,49.2611],[5.3796,49.2562],[5.376,49.2549],[5.3727,49.2541],[5.3683,49.2549],[5.3612,49.2546],[5.3581,49.2532],[5.3499,49.2507],[5.3444,49.2473],[5.3433,49.2455],[5.3403,49.2446],[5.3369,49.2453],[5.3274,49.2498],[5.3303,49.2514],[5.3319,49.2537],[5.3294,49.2557],[5.3297,49.2584],[5.3252,49.2582],[5.3234,49.2634]]]}},{"type":"Feature","properties":{"code":"55469","nom":"Sassey-sur-Meuse","pop":93},"geometry":{"type":"Polygon","coordinates":[[[5.1928,49.4298],[5.1996,49.4275],[5.2046,49.4264],[5.2077,49.4241],[5.201,49.4175],[5.1981,49.4138],[5.1959,49.4091],[5.1967,49.4074],[5.1954,49.4052],[5.1889,49.4024],[5.1821,49.3994],[5.1798,49.3977],[5.1778,49.3995],[5.1694,49.3966],[5.1663,49.398],[5.1574,49.398],[5.1531,49.3985],[5.1575,49.3984],[5.1596,49.4001],[5.1688,49.4001],[5.1738,49.4023],[5.177,49.4047],[5.1786,49.4083],[5.1769,49.4099],[5.1798,49.4135],[5.181,49.4162],[5.1788,49.4184],[5.1822,49.4199],[5.1926,49.4262],[5.1955,49.4247],[5.199,49.4267],[5.1914,49.4272],[5.1928,49.4298]]]}},{"type":"Feature","properties":{"code":"55470","nom":"Saudrupt","pop":190},"geometry":{"type":"Polygon","coordinates":[[[5.0738,48.7065],[5.0779,48.7068],[5.0804,48.7085],[5.0842,48.7037],[5.0826,48.7031],[5.0789,48.699],[5.0758,48.6978],[5.076,48.6953],[5.0798,48.69],[5.0743,48.6894],[5.0701,48.6855],[5.0652,48.6798],[5.0618,48.6772],[5.0521,48.6853],[5.0437,48.6867],[5.0343,48.6897],[5.0317,48.6926],[5.0299,48.6926],[5.0256,48.6964],[5.0289,48.6983],[5.0334,48.6982],[5.0374,48.7008],[5.0468,48.7042],[5.0494,48.7008],[5.0548,48.7034],[5.0604,48.7072],[5.0629,48.7112],[5.0676,48.71],[5.0704,48.7067],[5.0738,48.7065]]]}},{"type":"Feature","properties":{"code":"55471","nom":"Saulmory-Villefranche","pop":82},"geometry":{"type":"Polygon","coordinates":[[[5.1835,49.4531],[5.1848,49.4517],[5.1853,49.4484],[5.1888,49.4469],[5.1881,49.4453],[5.1838,49.4434],[5.1833,49.442],[5.1889,49.4389],[5.1841,49.4379],[5.1898,49.4348],[5.1933,49.4337],[5.194,49.4311],[5.1832,49.4276],[5.1844,49.4264],[5.1787,49.424],[5.1725,49.4225],[5.1635,49.4222],[5.1628,49.4272],[5.1625,49.4357],[5.1618,49.4398],[5.1572,49.4388],[5.1512,49.4437],[5.148,49.4482],[5.1502,49.4513],[5.1541,49.4546],[5.1567,49.4534],[5.1636,49.4532],[5.169,49.4499],[5.1764,49.4509],[5.1835,49.4531]]]}},{"type":"Feature","properties":{"code":"55472","nom":"Saulvaux","pop":111},"geometry":{"type":"Polygon","coordinates":[[[5.4892,48.7303],[5.4932,48.7273],[5.4953,48.7224],[5.4942,48.7182],[5.4969,48.7148],[5.5051,48.7137],[5.5067,48.7107],[5.5083,48.7043],[5.5033,48.7022],[5.4985,48.697],[5.4898,48.6974],[5.4849,48.697],[5.4802,48.6984],[5.4698,48.6972],[5.4661,48.6938],[5.4695,48.6914],[5.4697,48.6899],[5.476,48.687],[5.4771,48.6836],[5.4723,48.6781],[5.4681,48.6743],[5.4634,48.6701],[5.4577,48.6664],[5.4553,48.6632],[5.4507,48.6603],[5.4465,48.6588],[5.4479,48.6563],[5.445,48.6541],[5.443,48.6558],[5.4389,48.6541],[5.4289,48.6561],[5.4254,48.6574],[5.423,48.6598],[5.4179,48.6591],[5.4174,48.6605],[5.4191,48.6635],[5.4218,48.6657],[5.4199,48.6666],[5.42,48.6734],[5.4226,48.6737],[5.4252,48.6785],[5.4285,48.6817],[5.4256,48.6828],[5.4271,48.6857],[5.4314,48.6905],[5.43,48.6909],[5.4389,48.6973],[5.4431,48.6961],[5.4535,48.6972],[5.4561,48.6997],[5.4613,48.7029],[5.4587,48.7057],[5.4577,48.7087],[5.4714,48.7203],[5.4802,48.7257],[5.4834,48.7292],[5.4892,48.7303]]]}},{"type":"Feature","properties":{"code":"55473","nom":"Saulx-lès-Champlon","pop":116},"geometry":{"type":"Polygon","coordinates":[[[5.6819,49.0769],[5.6822,49.0745],[5.6885,49.0734],[5.6895,49.0705],[5.6768,49.0682],[5.6715,49.0683],[5.672,49.0661],[5.6632,49.0634],[5.6575,49.0638],[5.6533,49.0619],[5.6465,49.0614],[5.6416,49.0598],[5.6386,49.0634],[5.6391,49.0671],[5.6365,49.0711],[5.6314,49.0698],[5.6267,49.0697],[5.6249,49.0743],[5.6278,49.0772],[5.6314,49.0774],[5.6287,49.0811],[5.6292,49.0834],[5.6323,49.0849],[5.6364,49.084],[5.6389,49.0853],[5.6465,49.0868],[5.6496,49.0879],[5.6516,49.0863],[5.6565,49.0843],[5.6569,49.0798],[5.6682,49.0791],[5.6776,49.0799],[5.6813,49.0787],[5.6819,49.0769]]]}},{"type":"Feature","properties":{"code":"55474","nom":"Sauvigny","pop":229},"geometry":{"type":"Polygon","coordinates":[[[5.7461,48.4762],[5.742,48.4744],[5.7385,48.4773],[5.7276,48.4825],[5.7227,48.4823],[5.7195,48.4841],[5.7151,48.4848],[5.7157,48.4889],[5.7117,48.4897],[5.7095,48.486],[5.7016,48.4868],[5.6984,48.4872],[5.7026,48.4915],[5.6998,48.492],[5.7014,48.4956],[5.7045,48.4968],[5.7074,48.5038],[5.715,48.5065],[5.7183,48.5103],[5.7195,48.5141],[5.7218,48.5181],[5.7215,48.5193],[5.7164,48.5203],[5.7192,48.5234],[5.7249,48.5256],[5.7292,48.5228],[5.7344,48.5242],[5.7382,48.5243],[5.7423,48.5268],[5.7501,48.5243],[5.7607,48.5216],[5.7615,48.5189],[5.7635,48.5162],[5.7616,48.5124],[5.7634,48.5079],[5.766,48.5047],[5.7649,48.5001],[5.7652,48.4965],[5.7555,48.4918],[5.7504,48.4836],[5.749,48.4768],[5.7461,48.4762]]]}},{"type":"Feature","properties":{"code":"55475","nom":"Sauvoy","pop":71},"geometry":{"type":"Polygon","coordinates":[[[5.6371,48.6495],[5.6386,48.6462],[5.6291,48.6405],[5.6181,48.636],[5.6154,48.6357],[5.6163,48.633],[5.6108,48.6314],[5.6056,48.6311],[5.5972,48.6323],[5.5948,48.6249],[5.5883,48.6267],[5.584,48.6286],[5.5784,48.6278],[5.5765,48.6283],[5.5729,48.6297],[5.5725,48.6361],[5.5837,48.6361],[5.5818,48.638],[5.5765,48.6376],[5.5725,48.6385],[5.5774,48.646],[5.5749,48.6488],[5.5764,48.6515],[5.5766,48.6516],[5.5842,48.6513],[5.5956,48.647],[5.6015,48.6461],[5.6083,48.6482],[5.6124,48.6489],[5.6183,48.6474],[5.6257,48.6466],[5.6319,48.6471],[5.6371,48.6495]]]}},{"type":"Feature","properties":{"code":"55476","nom":"Savonnières-devant-Bar","pop":430},"geometry":{"type":"Polygon","coordinates":[[[5.1653,48.7324],[5.1695,48.7348],[5.1649,48.737],[5.1622,48.7428],[5.1647,48.7469],[5.1674,48.7491],[5.1664,48.7502],[5.1694,48.7521],[5.1666,48.7531],[5.1686,48.7566],[5.1668,48.7579],[5.163,48.7584],[5.1603,48.7559],[5.1582,48.7575],[5.1595,48.7592],[5.1625,48.759],[5.1632,48.7629],[5.1664,48.7674],[5.1729,48.7633],[5.1762,48.7631],[5.178,48.7616],[5.1807,48.7631],[5.1882,48.7573],[5.1935,48.7545],[5.1913,48.7528],[5.1848,48.7447],[5.1835,48.7422],[5.1837,48.7393],[5.1804,48.7376],[5.181,48.7362],[5.1768,48.7354],[5.1756,48.7339],[5.1674,48.7308],[5.1653,48.7324]]]}},{"type":"Feature","properties":{"code":"55477","nom":"Savonnières-en-Perthois","pop":398},"geometry":{"type":"Polygon","coordinates":[[[5.1271,48.5801],[5.1235,48.5811],[5.1183,48.5845],[5.1178,48.5875],[5.1188,48.5904],[5.1215,48.5927],[5.1194,48.5957],[5.1172,48.5972],[5.1132,48.603],[5.1111,48.6072],[5.1144,48.6098],[5.113,48.6123],[5.114,48.6153],[5.1175,48.6193],[5.1246,48.6199],[5.1294,48.6191],[5.1338,48.6211],[5.1429,48.6222],[5.1434,48.6209],[5.1477,48.621],[5.1516,48.6204],[5.166,48.6217],[5.1668,48.6241],[5.1746,48.6232],[5.1653,48.6195],[5.167,48.6157],[5.1601,48.6137],[5.1565,48.6119],[5.1578,48.6104],[5.1501,48.6073],[5.1486,48.6055],[5.1441,48.6034],[5.1417,48.5995],[5.1423,48.5951],[5.1412,48.5939],[5.137,48.5888],[5.1341,48.5881],[5.1271,48.5801]]]}},{"type":"Feature","properties":{"code":"55479","nom":"Seigneulles","pop":153},"geometry":{"type":"Polygon","coordinates":[[[5.2548,48.8591],[5.2533,48.8588],[5.258,48.8509],[5.2542,48.8483],[5.2528,48.845],[5.2437,48.8421],[5.2401,48.8392],[5.2386,48.8369],[5.2389,48.8349],[5.2283,48.835],[5.2248,48.8341],[5.2193,48.835],[5.2112,48.8382],[5.2145,48.8399],[5.2059,48.841],[5.2074,48.8626],[5.2113,48.8658],[5.214,48.8661],[5.2159,48.8678],[5.2209,48.8673],[5.2234,48.8678],[5.2422,48.8692],[5.2472,48.8703],[5.2484,48.8678],[5.2554,48.8669],[5.2566,48.8654],[5.2565,48.862],[5.2548,48.8591]]]}},{"type":"Feature","properties":{"code":"55481","nom":"Senon","pop":300},"geometry":{"type":"Polygon","coordinates":[[[5.5831,49.2556],[5.5816,49.2566],[5.5785,49.2636],[5.5849,49.2644],[5.5766,49.2794],[5.5721,49.2861],[5.5796,49.2863],[5.5806,49.2831],[5.5848,49.2827],[5.5886,49.2812],[5.5925,49.2821],[5.5911,49.2878],[5.5938,49.2893],[5.595,49.2919],[5.5955,49.2971],[5.5928,49.2994],[5.6011,49.3017],[5.6081,49.3014],[5.6097,49.296],[5.6165,49.2999],[5.6164,49.3027],[5.6206,49.3004],[5.6246,49.305],[5.6261,49.304],[5.6327,49.306],[5.6372,49.3058],[5.6381,49.3037],[5.6414,49.3018],[5.6463,49.302],[5.6477,49.2941],[5.6508,49.2951],[5.6535,49.2908],[5.6587,49.2893],[5.6599,49.2877],[5.6668,49.2871],[5.6655,49.2857],[5.6692,49.2837],[5.6633,49.2821],[5.6645,49.2799],[5.6595,49.2788],[5.6601,49.2764],[5.656,49.2762],[5.6454,49.2727],[5.6448,49.2732],[5.6322,49.2682],[5.6314,49.2695],[5.6212,49.2695],[5.6102,49.2709],[5.6064,49.2698],[5.6026,49.2661],[5.6068,49.264],[5.6095,49.2614],[5.6086,49.2591],[5.6098,49.257],[5.6019,49.2566],[5.6007,49.2554],[5.597,49.2565],[5.5936,49.2557],[5.5842,49.2549],[5.5831,49.2556]]]}},{"type":"Feature","properties":{"code":"55482","nom":"Senoncourt-les-Maujouy","pop":98},"geometry":{"type":"Polygon","coordinates":[[[5.319,49.064],[5.3227,49.0644],[5.3243,49.0669],[5.3295,49.0676],[5.3368,49.0707],[5.3386,49.0735],[5.3371,49.0791],[5.3421,49.0802],[5.3454,49.0798],[5.3505,49.0819],[5.3518,49.0832],[5.3604,49.0807],[5.3622,49.0795],[5.3607,49.0769],[5.3537,49.0769],[5.352,49.0748],[5.3541,49.0716],[5.3568,49.0721],[5.3586,49.0698],[5.3666,49.0725],[5.3724,49.0731],[5.3791,49.0731],[5.384,49.0726],[5.3824,49.0692],[5.3793,49.0658],[5.3782,49.059],[5.3763,49.0558],[5.3711,49.057],[5.3684,49.0497],[5.3606,49.0483],[5.3575,49.0487],[5.3512,49.0474],[5.3472,49.0401],[5.3456,49.0339],[5.3443,49.0339],[5.3373,49.0375],[5.3329,49.0405],[5.319,49.0429],[5.3172,49.0466],[5.3136,49.0495],[5.3141,49.0506],[5.31,49.0537],[5.3078,49.054],[5.3126,49.0608],[5.3131,49.0633],[5.319,49.064]]]}},{"type":"Feature","properties":{"code":"55484","nom":"Septsarges","pop":47},"geometry":{"type":"Polygon","coordinates":[[[5.1586,49.2991],[5.1669,49.3024],[5.1708,49.305],[5.1713,49.3015],[5.177,49.3005],[5.1819,49.3004],[5.1866,49.2996],[5.1871,49.2935],[5.1889,49.2907],[5.1942,49.2919],[5.1998,49.2919],[5.2012,49.2903],[5.2028,49.2892],[5.2009,49.2873],[5.2029,49.284],[5.1999,49.2825],[5.2007,49.2807],[5.1953,49.28],[5.194,49.2783],[5.1876,49.2752],[5.1823,49.2741],[5.1775,49.2746],[5.1747,49.2741],[5.168,49.2703],[5.1663,49.2699],[5.1587,49.2708],[5.1591,49.2731],[5.1544,49.2762],[5.1516,49.2795],[5.1563,49.2809],[5.1545,49.2837],[5.1568,49.285],[5.1561,49.2885],[5.1514,49.2904],[5.1515,49.2919],[5.1564,49.2974],[5.1586,49.2991]]]}},{"type":"Feature","properties":{"code":"55485","nom":"Sepvigny","pop":80},"geometry":{"type":"Polygon","coordinates":[[[5.7141,48.5732],[5.7135,48.5651],[5.7151,48.5623],[5.7005,48.5535],[5.6938,48.5523],[5.6834,48.5527],[5.6819,48.5508],[5.6744,48.5512],[5.6727,48.5519],[5.6736,48.557],[5.6762,48.559],[5.6742,48.5637],[5.6774,48.5666],[5.6795,48.5698],[5.6825,48.5693],[5.6834,48.572],[5.6869,48.5777],[5.6873,48.5763],[5.6973,48.5751],[5.7056,48.5752],[5.7131,48.5766],[5.7141,48.5732]]]}},{"type":"Feature","properties":{"code":"55487","nom":"Seuzey","pop":83},"geometry":{"type":"Polygon","coordinates":[[[5.567,49.0022],[5.5716,48.9961],[5.5716,48.9899],[5.5729,48.9889],[5.5695,48.9868],[5.5778,48.9818],[5.5711,48.9815],[5.569,48.9798],[5.5691,48.9767],[5.5606,48.9746],[5.5555,48.9771],[5.5535,48.9793],[5.5479,48.9805],[5.5448,48.9827],[5.5458,48.9884],[5.5473,48.9931],[5.5572,49.0006],[5.5644,49.0054],[5.567,49.0022]]]}},{"type":"Feature","properties":{"code":"55488","nom":"Silmont","pop":141},"geometry":{"type":"Polygon","coordinates":[[[5.2589,48.7417],[5.2588,48.7399],[5.2552,48.7384],[5.2547,48.7362],[5.2483,48.7272],[5.2505,48.7265],[5.2486,48.7223],[5.2432,48.7174],[5.2404,48.716],[5.239,48.7169],[5.2423,48.7238],[5.2487,48.7231],[5.2494,48.7245],[5.237,48.729],[5.2389,48.7313],[5.233,48.7339],[5.234,48.7374],[5.2374,48.7397],[5.2385,48.7429],[5.2416,48.748],[5.236,48.7487],[5.2405,48.7544],[5.2423,48.7556],[5.2469,48.7523],[5.2512,48.7519],[5.2504,48.7486],[5.2522,48.7479],[5.2554,48.7443],[5.2595,48.7436],[5.2589,48.7417]]]}},{"type":"Feature","properties":{"code":"55489","nom":"Sivry-la-Perche","pop":279},"geometry":{"type":"Polygon","coordinates":[[[5.2238,49.153],[5.2232,49.1555],[5.2337,49.1545],[5.2332,49.1531],[5.24,49.152],[5.2421,49.154],[5.2502,49.155],[5.2556,49.1575],[5.2622,49.1585],[5.2656,49.1581],[5.2666,49.1564],[5.2697,49.1574],[5.2738,49.1533],[5.2786,49.1498],[5.2834,49.1473],[5.2863,49.1426],[5.2848,49.1395],[5.2811,49.1365],[5.2871,49.1324],[5.2866,49.1296],[5.2874,49.1242],[5.2811,49.1217],[5.2725,49.1208],[5.2697,49.1196],[5.2643,49.1228],[5.2547,49.1235],[5.2529,49.1215],[5.2434,49.1175],[5.2422,49.1212],[5.2463,49.1252],[5.2452,49.1294],[5.2462,49.1303],[5.2431,49.1384],[5.2387,49.1436],[5.2364,49.1447],[5.2366,49.1485],[5.2323,49.151],[5.2261,49.1531],[5.2238,49.153]]]}},{"type":"Feature","properties":{"code":"55490","nom":"Sivry-sur-Meuse","pop":341},"geometry":{"type":"Polygon","coordinates":[[[5.2464,49.3561],[5.2738,49.3629],[5.2779,49.3546],[5.2779,49.3515],[5.2725,49.3499],[5.2616,49.3483],[5.2572,49.3459],[5.2586,49.3403],[5.2679,49.3432],[5.2722,49.3438],[5.2805,49.3458],[5.2992,49.3485],[5.3027,49.3469],[5.3016,49.3422],[5.3057,49.3346],[5.3127,49.3304],[5.3163,49.3295],[5.3188,49.3275],[5.3205,49.3218],[5.3221,49.3204],[5.3264,49.3195],[5.3252,49.3135],[5.3201,49.3129],[5.3146,49.3111],[5.3127,49.3097],[5.3024,49.306],[5.2984,49.3051],[5.289,49.3043],[5.2727,49.2974],[5.2702,49.3018],[5.2663,49.3033],[5.2652,49.3052],[5.2675,49.3069],[5.2643,49.311],[5.2622,49.311],[5.2602,49.308],[5.2563,49.308],[5.2549,49.3124],[5.2569,49.3171],[5.2549,49.3195],[5.2562,49.3211],[5.2569,49.3274],[5.2545,49.3321],[5.2498,49.3337],[5.2462,49.3334],[5.2452,49.3356],[5.2469,49.338],[5.2524,49.3404],[5.2527,49.3418],[5.257,49.3426],[5.2513,49.3492],[5.2464,49.3561]]]}},{"type":"Feature","properties":{"code":"55492","nom":"Sommedieue","pop":944},"geometry":{"type":"Polygon","coordinates":[[[5.4748,49.1384],[5.4813,49.1303],[5.4897,49.1334],[5.4924,49.1349],[5.4954,49.1317],[5.5008,49.1342],[5.502,49.1338],[5.4929,49.1238],[5.4919,49.1219],[5.4956,49.1214],[5.4963,49.1196],[5.5004,49.1166],[5.5048,49.1189],[5.5088,49.1179],[5.5155,49.1095],[5.5218,49.1053],[5.5232,49.1004],[5.5214,49.0943],[5.5194,49.0923],[5.5155,49.0919],[5.5162,49.0892],[5.5022,49.0779],[5.4971,49.0759],[5.4864,49.0743],[5.4696,49.0645],[5.4587,49.0584],[5.457,49.0597],[5.4521,49.0698],[5.4582,49.0744],[5.4565,49.0761],[5.4516,49.0773],[5.4485,49.0766],[5.4432,49.082],[5.4423,49.0849],[5.4442,49.088],[5.4444,49.0973],[5.4476,49.1007],[5.442,49.102],[5.4387,49.1058],[5.4356,49.1059],[5.4332,49.1082],[5.4419,49.1122],[5.4449,49.1128],[5.447,49.1187],[5.4548,49.1178],[5.4588,49.1207],[5.4533,49.1202],[5.4483,49.1241],[5.443,49.1258],[5.4416,49.1282],[5.4493,49.1306],[5.4521,49.1333],[5.4571,49.1347],[5.4626,49.1349],[5.4685,49.1361],[5.4748,49.1384]]]}},{"type":"Feature","properties":{"code":"55493","nom":"Sommeilles","pop":181},"geometry":{"type":"Polygon","coordinates":[[[4.9157,48.8999],[4.9182,48.9049],[4.9259,48.9083],[4.9287,48.9107],[4.9336,48.913],[4.9329,48.9157],[4.9375,48.9176],[4.9368,48.921],[4.9359,48.9221],[4.9407,48.926],[4.9507,48.931],[4.9538,48.9311],[4.9555,48.9286],[4.9591,48.9259],[4.9666,48.9293],[4.9698,48.928],[4.9818,48.931],[4.9828,48.9305],[4.9889,48.9328],[4.9931,48.9361],[4.9973,48.9368],[4.9987,48.938],[5.0037,48.9385],[5.0063,48.9366],[5.013,48.9368],[5.0089,48.9327],[5.0094,48.9307],[5.0121,48.9294],[5.0095,48.9253],[5.0135,48.9239],[5.0136,48.9224],[5.0169,48.9207],[5.0168,48.9172],[5.014,48.9148],[5.014,48.9111],[5.0113,48.9106],[5.0071,48.9114],[5.006,48.9091],[5.0026,48.9071],[4.9966,48.9099],[4.9938,48.9106],[4.9837,48.9108],[4.979,48.9115],[4.9744,48.9106],[4.9717,48.9116],[4.9695,48.9104],[4.9663,48.9047],[4.9615,48.9019],[4.96,48.8978],[4.9609,48.8952],[4.9584,48.8929],[4.9566,48.8937],[4.9519,48.8933],[4.9478,48.892],[4.9466,48.8929],[4.9379,48.8933],[4.9333,48.8984],[4.9284,48.8998],[4.9221,48.8987],[4.9157,48.8999]]]}},{"type":"Feature","properties":{"code":"55494","nom":"Sommelonne","pop":407},"geometry":{"type":"Polygon","coordinates":[[[5.0618,48.6772],[5.0645,48.6747],[5.0697,48.6726],[5.0709,48.669],[5.0599,48.6674],[5.0556,48.6646],[5.0427,48.6597],[5.04,48.6606],[5.0362,48.6603],[5.0222,48.6637],[5.0161,48.667],[5.011,48.6678],[5.0086,48.669],[5.0081,48.6731],[5.0089,48.675],[5.0075,48.68],[5.0159,48.6828],[5.0215,48.6838],[5.019,48.6878],[5.0222,48.6904],[5.0264,48.69],[5.0299,48.6926],[5.0317,48.6926],[5.0343,48.6897],[5.0437,48.6867],[5.0521,48.6853],[5.0618,48.6772]]]}},{"type":"Feature","properties":{"code":"55495","nom":"Sorbey","pop":227},"geometry":{"type":"Polygon","coordinates":[[[5.5683,49.4198],[5.57,49.4224],[5.5724,49.4228],[5.58,49.422],[5.5796,49.4196],[5.5837,49.4179],[5.5888,49.4198],[5.5905,49.4191],[5.5947,49.4226],[5.6,49.424],[5.6069,49.4188],[5.6051,49.4172],[5.6076,49.4156],[5.6124,49.4148],[5.6175,49.411],[5.6134,49.4089],[5.6107,49.4078],[5.6119,49.4053],[5.6023,49.4048],[5.5991,49.4007],[5.5998,49.3975],[5.6067,49.393],[5.6027,49.3898],[5.6033,49.386],[5.6001,49.3839],[5.5973,49.3826],[5.5939,49.3837],[5.593,49.3806],[5.5904,49.3803],[5.5856,49.3861],[5.5818,49.3888],[5.5748,49.3887],[5.568,49.3914],[5.5631,49.3919],[5.5645,49.395],[5.5578,49.3942],[5.5548,49.3948],[5.5542,49.3972],[5.5559,49.4008],[5.5553,49.4028],[5.5572,49.4059],[5.5593,49.407],[5.5622,49.4115],[5.5667,49.4128],[5.5724,49.4159],[5.5683,49.4198]]]}},{"type":"Feature","properties":{"code":"55496","nom":"Sorcy-Saint-Martin","pop":1046},"geometry":{"type":"Polygon","coordinates":[[[5.6619,48.6978],[5.6597,48.6994],[5.6565,48.6996],[5.6539,48.7011],[5.6467,48.6944],[5.6435,48.696],[5.6355,48.6946],[5.6315,48.6947],[5.6292,48.6992],[5.6259,48.7029],[5.6305,48.705],[5.6314,48.7065],[5.6263,48.7075],[5.6271,48.7098],[5.6227,48.7115],[5.6186,48.7095],[5.6166,48.7105],[5.6143,48.7085],[5.6106,48.708],[5.6073,48.7103],[5.5981,48.7129],[5.5935,48.7146],[5.5935,48.7171],[5.5992,48.7215],[5.6018,48.7226],[5.608,48.7208],[5.61,48.7161],[5.6139,48.7199],[5.6184,48.7207],[5.6198,48.7238],[5.6223,48.7258],[5.6258,48.7271],[5.6282,48.7259],[5.6348,48.7286],[5.6422,48.7288],[5.6445,48.7314],[5.6523,48.7256],[5.6579,48.7281],[5.6597,48.7269],[5.6638,48.7291],[5.6721,48.7293],[5.6732,48.7274],[5.678,48.7267],[5.6808,48.7281],[5.6823,48.7321],[5.6842,48.7332],[5.6828,48.7356],[5.6852,48.737],[5.6861,48.7392],[5.6896,48.7417],[5.6943,48.7413],[5.6971,48.7432],[5.712,48.7458],[5.7139,48.7445],[5.7258,48.7374],[5.719,48.733],[5.7136,48.7297],[5.711,48.7275],[5.7048,48.7247],[5.697,48.7194],[5.6928,48.718],[5.6912,48.7152],[5.6877,48.7132],[5.6807,48.7142],[5.6777,48.7118],[5.6771,48.7088],[5.6745,48.7064],[5.6685,48.705],[5.662,48.7011],[5.6619,48.6978]]]}},{"type":"Feature","properties":{"code":"55497","nom":"Les Souhesmes-Rampont","pop":321},"geometry":{"type":"Polygon","coordinates":[[[5.1953,49.1096],[5.1972,49.1104],[5.2034,49.1135],[5.2128,49.1159],[5.2192,49.1112],[5.2217,49.1078],[5.2237,49.1068],[5.2251,49.1034],[5.2316,49.1027],[5.234,49.101],[5.2404,49.1016],[5.2411,49.1001],[5.2489,49.1013],[5.2548,49.1009],[5.2589,49.0999],[5.2633,49.0941],[5.2674,49.095],[5.2707,49.0937],[5.2733,49.0955],[5.2789,49.0964],[5.2892,49.0975],[5.2928,49.0971],[5.2977,49.0946],[5.3006,49.0934],[5.3007,49.0919],[5.2921,49.0856],[5.287,49.0832],[5.2843,49.0807],[5.2841,49.0839],[5.2821,49.0857],[5.2759,49.0861],[5.2688,49.0809],[5.2609,49.077],[5.2479,49.0741],[5.2355,49.0661],[5.2309,49.0635],[5.2312,49.0597],[5.2248,49.0608],[5.2182,49.0588],[5.2138,49.0596],[5.2092,49.067],[5.2132,49.0693],[5.2161,49.0715],[5.2145,49.0741],[5.2183,49.0745],[5.2172,49.0769],[5.213,49.0759],[5.212,49.0783],[5.2094,49.0803],[5.2041,49.0813],[5.2093,49.084],[5.2067,49.0869],[5.2042,49.0865],[5.2048,49.0907],[5.2005,49.0902],[5.1973,49.093],[5.1951,49.0951],[5.1948,49.0995],[5.1971,49.1002],[5.1948,49.106],[5.1962,49.1067],[5.1953,49.1096]]]}},{"type":"Feature","properties":{"code":"55498","nom":"Souilly","pop":426},"geometry":{"type":"Polygon","coordinates":[[[5.2317,49.028],[5.2328,49.0284],[5.2411,49.0265],[5.2448,49.027],[5.2503,49.0337],[5.2533,49.0356],[5.2568,49.0362],[5.2612,49.0307],[5.2628,49.0309],[5.268,49.04],[5.2702,49.0423],[5.2739,49.0443],[5.2751,49.0463],[5.2733,49.0485],[5.2755,49.0501],[5.286,49.0536],[5.2887,49.0518],[5.2908,49.0542],[5.2946,49.0552],[5.3039,49.054],[5.3078,49.054],[5.31,49.0537],[5.3141,49.0506],[5.3136,49.0495],[5.3172,49.0466],[5.319,49.0429],[5.3329,49.0405],[5.3373,49.0375],[5.3443,49.0339],[5.3456,49.0339],[5.3504,49.0339],[5.3471,49.0291],[5.349,49.0266],[5.3532,49.0249],[5.3611,49.0234],[5.3588,49.0194],[5.3523,49.0191],[5.3516,49.0145],[5.3456,49.0124],[5.3434,49.0109],[5.3367,49.0127],[5.3264,49.0128],[5.3116,49.0101],[5.3094,49.0112],[5.3057,49.011],[5.3013,49.0096],[5.3017,49.0105],[5.2879,49.0113],[5.2843,49.01],[5.2806,49.0141],[5.2776,49.0157],[5.2742,49.0128],[5.2691,49.0142],[5.2596,49.0157],[5.2569,49.0155],[5.2552,49.0169],[5.2483,49.0194],[5.2459,49.0213],[5.248,49.0235],[5.2457,49.0247],[5.2369,49.0257],[5.2317,49.028]]]}},{"type":"Feature","properties":{"code":"55500","nom":"Spincourt","pop":823},"geometry":{"type":"Polygon","coordinates":[[[5.7393,49.3459],[5.7366,49.344],[5.736,49.3419],[5.7371,49.3388],[5.7311,49.3371],[5.7253,49.3335],[5.7197,49.3306],[5.7224,49.3259],[5.7214,49.3244],[5.7234,49.3215],[5.7291,49.3217],[5.7278,49.318],[5.73,49.3128],[5.732,49.311],[5.7292,49.3096],[5.7203,49.3071],[5.718,49.3078],[5.7156,49.3109],[5.7092,49.3135],[5.7047,49.3126],[5.7038,49.311],[5.6956,49.3078],[5.6961,49.3073],[5.6894,49.3063],[5.6838,49.3072],[5.6796,49.3111],[5.6766,49.3076],[5.675,49.3095],[5.6706,49.3076],[5.6663,49.3096],[5.662,49.3074],[5.6582,49.3119],[5.6614,49.3144],[5.6618,49.3167],[5.6586,49.3173],[5.6601,49.3208],[5.657,49.3236],[5.6578,49.3252],[5.6538,49.328],[5.654,49.3329],[5.6536,49.335],[5.6457,49.3375],[5.6551,49.3413],[5.6541,49.3424],[5.6591,49.3444],[5.6656,49.3444],[5.6676,49.3467],[5.6805,49.3504],[5.6831,49.3506],[5.6832,49.3561],[5.6872,49.3563],[5.6929,49.3584],[5.6942,49.3566],[5.6964,49.3533],[5.6994,49.3553],[5.7067,49.354],[5.7112,49.3551],[5.71,49.3595],[5.7129,49.3615],[5.7122,49.3635],[5.7213,49.3656],[5.7243,49.3614],[5.7267,49.3619],[5.7315,49.3612],[5.7354,49.3571],[5.7392,49.3543],[5.7378,49.3487],[5.7393,49.3459]]]}},{"type":"Feature","properties":{"code":"55501","nom":"Stainville","pop":373},"geometry":{"type":"Polygon","coordinates":[[[5.1981,48.6788],[5.1988,48.6758],[5.2012,48.6719],[5.2063,48.6681],[5.2043,48.6657],[5.2076,48.6623],[5.2014,48.6486],[5.2026,48.6473],[5.2088,48.6468],[5.2109,48.6441],[5.2095,48.6411],[5.2012,48.6392],[5.192,48.6359],[5.1908,48.6329],[5.1855,48.6301],[5.1849,48.629],[5.1893,48.6251],[5.1919,48.6204],[5.1902,48.6197],[5.1914,48.6158],[5.1831,48.614],[5.1849,48.6098],[5.1769,48.604],[5.1745,48.6053],[5.1721,48.6089],[5.1703,48.6099],[5.168,48.6073],[5.1635,48.6119],[5.1595,48.6102],[5.1578,48.6104],[5.1565,48.6119],[5.1601,48.6137],[5.167,48.6157],[5.1653,48.6195],[5.1746,48.6232],[5.1668,48.6241],[5.166,48.6217],[5.1516,48.6204],[5.1477,48.621],[5.1489,48.6258],[5.1472,48.6267],[5.1485,48.6302],[5.147,48.6328],[5.1483,48.6362],[5.1481,48.6442],[5.1512,48.6449],[5.1574,48.6496],[5.1587,48.6492],[5.1658,48.6546],[5.1692,48.6632],[5.1746,48.6685],[5.1749,48.6701],[5.1803,48.6729],[5.1799,48.6744],[5.1903,48.6795],[5.1929,48.6796],[5.1947,48.678],[5.1981,48.6788]]]}},{"type":"Feature","properties":{"code":"55502","nom":"Stenay","pop":2403},"geometry":{"type":"Polygon","coordinates":[[[5.1959,49.5429],[5.1987,49.5419],[5.204,49.5413],[5.207,49.5403],[5.2027,49.5364],[5.2061,49.5303],[5.2039,49.5243],[5.2076,49.5226],[5.213,49.5267],[5.2232,49.5264],[5.2203,49.5204],[5.2243,49.5187],[5.2291,49.5181],[5.2308,49.5161],[5.2358,49.514],[5.2381,49.5108],[5.2382,49.5084],[5.2383,49.5074],[5.2292,49.5055],[5.2299,49.5006],[5.2318,49.4991],[5.228,49.4979],[5.2243,49.495],[5.2304,49.493],[5.2321,49.4889],[5.232,49.4854],[5.2281,49.4826],[5.2268,49.4806],[5.2221,49.4788],[5.2164,49.4803],[5.2137,49.4824],[5.2105,49.4831],[5.2053,49.4814],[5.2078,49.4786],[5.204,49.4766],[5.2013,49.4766],[5.1985,49.4786],[5.1968,49.477],[5.2011,49.4731],[5.2021,49.4711],[5.2006,49.4645],[5.1977,49.465],[5.1924,49.4625],[5.1947,49.4597],[5.1916,49.4594],[5.1884,49.4545],[5.1932,49.4531],[5.1918,49.4517],[5.187,49.4523],[5.1848,49.4517],[5.1835,49.4531],[5.1874,49.4554],[5.1857,49.4581],[5.1862,49.4606],[5.1816,49.4671],[5.1802,49.4712],[5.176,49.4722],[5.1743,49.4775],[5.1714,49.4803],[5.1698,49.4831],[5.1724,49.4857],[5.1721,49.491],[5.1691,49.4937],[5.1695,49.4948],[5.1638,49.4959],[5.162,49.4998],[5.1611,49.502],[5.1659,49.5028],[5.1648,49.5072],[5.1653,49.5139],[5.1663,49.5156],[5.1698,49.5166],[5.1714,49.5193],[5.18,49.5216],[5.1905,49.5264],[5.1893,49.5279],[5.1966,49.5311],[5.1951,49.5358],[5.191,49.5361],[5.186,49.5432],[5.1887,49.544],[5.1913,49.543],[5.1959,49.5429]]]}},{"type":"Feature","properties":{"code":"55503","nom":"Taillancourt","pop":126},"geometry":{"type":"Polygon","coordinates":[[[5.6187,48.5014],[5.6238,48.5056],[5.6273,48.5077],[5.6295,48.512],[5.6394,48.5084],[5.6413,48.5072],[5.6447,48.5076],[5.649,48.5095],[5.654,48.5137],[5.6567,48.5136],[5.6618,48.5119],[5.6645,48.5211],[5.6685,48.5233],[5.6713,48.5238],[5.6716,48.5268],[5.6732,48.5295],[5.678,48.5305],[5.6773,48.5319],[5.6813,48.5345],[5.6859,48.5387],[5.6969,48.5386],[5.697,48.5355],[5.699,48.5345],[5.7004,48.5286],[5.7069,48.5268],[5.7048,48.5236],[5.7019,48.5247],[5.6986,48.5236],[5.6958,48.5267],[5.6932,48.5278],[5.6906,48.5267],[5.6856,48.5221],[5.6833,48.5159],[5.6834,48.5123],[5.6806,48.51],[5.6743,48.5063],[5.6708,48.5032],[5.6678,48.5016],[5.6602,48.4977],[5.6557,48.4958],[5.6535,48.4938],[5.6522,48.4904],[5.6463,48.4861],[5.6388,48.4907],[5.6355,48.494],[5.6311,48.4968],[5.624,48.5003],[5.6187,48.5014]]]}},{"type":"Feature","properties":{"code":"55504","nom":"Tannois","pop":387},"geometry":{"type":"Polygon","coordinates":[[[5.2416,48.748],[5.2385,48.7429],[5.2374,48.7397],[5.234,48.7374],[5.233,48.7339],[5.2389,48.7313],[5.237,48.729],[5.2494,48.7245],[5.2487,48.7231],[5.2423,48.7238],[5.239,48.7169],[5.2404,48.716],[5.239,48.7146],[5.2383,48.7106],[5.2394,48.7027],[5.2427,48.6972],[5.2371,48.6975],[5.2345,48.6968],[5.2211,48.6948],[5.2166,48.6919],[5.2081,48.6908],[5.2075,48.6901],[5.2042,48.6916],[5.2033,48.6953],[5.2009,48.6993],[5.1981,48.699],[5.1899,48.7047],[5.1905,48.7074],[5.1933,48.7102],[5.1933,48.7131],[5.1909,48.7143],[5.1922,48.7165],[5.1966,48.7204],[5.2025,48.7214],[5.2089,48.7235],[5.2125,48.7267],[5.2152,48.7272],[5.2157,48.7293],[5.219,48.7299],[5.2205,48.7319],[5.2306,48.7391],[5.2359,48.744],[5.2384,48.7476],[5.2416,48.748]]]}},{"type":"Feature","properties":{"code":"55505","nom":"Thierville-sur-Meuse","pop":3172},"geometry":{"type":"Polygon","coordinates":[[[5.3173,49.1896],[5.3298,49.1911],[5.3316,49.1897],[5.333,49.1861],[5.3321,49.1847],[5.3333,49.182],[5.3398,49.1833],[5.3429,49.1811],[5.3492,49.1817],[5.3491,49.1802],[5.3522,49.1786],[5.3623,49.1779],[5.3651,49.1752],[5.3682,49.1743],[5.3703,49.1763],[5.3771,49.1759],[5.3771,49.1746],[5.3729,49.1731],[5.3753,49.1716],[5.3805,49.1721],[5.3803,49.1701],[5.377,49.1673],[5.3722,49.1674],[5.3712,49.1639],[5.3666,49.164],[5.3634,49.1608],[5.3549,49.1601],[5.352,49.1608],[5.3466,49.1604],[5.3418,49.1587],[5.3436,49.1554],[5.3352,49.1548],[5.3289,49.1529],[5.3306,49.158],[5.3207,49.1627],[5.3205,49.1668],[5.3182,49.1692],[5.3161,49.168],[5.3141,49.1703],[5.3076,49.1732],[5.3049,49.177],[5.3004,49.1771],[5.3121,49.1829],[5.3113,49.1838],[5.3171,49.1858],[5.3173,49.1896]]]}},{"type":"Feature","properties":{"code":"55506","nom":"Thillombois","pop":28},"geometry":{"type":"Polygon","coordinates":[[[5.3899,48.972],[5.3912,48.9694],[5.3967,48.9712],[5.4015,48.9714],[5.4061,48.9687],[5.4093,48.9676],[5.4089,48.9655],[5.4109,48.9627],[5.4144,48.9549],[5.417,48.9516],[5.4128,48.9501],[5.4061,48.9457],[5.3968,48.9417],[5.3933,48.9378],[5.3848,48.935],[5.3822,48.9346],[5.3758,48.935],[5.3687,48.9373],[5.3684,48.9386],[5.3719,48.9411],[5.3701,48.9423],[5.3643,48.9441],[5.3641,48.9477],[5.3611,48.9476],[5.3614,48.9501],[5.3593,48.954],[5.3565,48.9541],[5.3501,48.9599],[5.3587,48.9618],[5.3603,48.9635],[5.3585,48.9674],[5.3658,48.9698],[5.3741,48.9705],[5.3794,48.9718],[5.3844,48.9716],[5.3899,48.972]]]}},{"type":"Feature","properties":{"code":"55507","nom":"Thillot","pop":203},"geometry":{"type":"Polygon","coordinates":[[[5.6839,49.0329],[5.685,49.0317],[5.6826,49.0297],[5.6816,49.0268],[5.6847,49.0257],[5.6789,49.0227],[5.6727,49.0223],[5.6666,49.0191],[5.6636,49.0157],[5.6579,49.0147],[5.6528,49.0128],[5.6489,49.0128],[5.6496,49.0165],[5.6516,49.0188],[5.65,49.0215],[5.6539,49.0233],[5.6578,49.0284],[5.6561,49.0303],[5.6583,49.0324],[5.662,49.0321],[5.6685,49.0358],[5.673,49.0354],[5.6784,49.0336],[5.6811,49.035],[5.6839,49.0329]]]}},{"type":"Feature","properties":{"code":"55508","nom":"Thonne-la-Long","pop":362},"geometry":{"type":"Polygon","coordinates":[[[5.3987,49.5514],[5.3986,49.5554],[5.4019,49.5581],[5.4074,49.561],[5.4091,49.5668],[5.4111,49.5673],[5.4103,49.5706],[5.4114,49.5747],[5.4094,49.577],[5.4123,49.5818],[5.4156,49.5844],[5.4214,49.5864],[5.428,49.5912],[5.4311,49.5925],[5.4289,49.5902],[5.4294,49.5879],[5.433,49.5819],[5.4361,49.5748],[5.4376,49.5699],[5.4436,49.5676],[5.4482,49.5671],[5.457,49.567],[5.4498,49.5581],[5.4477,49.5545],[5.445,49.5529],[5.4414,49.5523],[5.4407,49.5531],[5.434,49.5528],[5.4246,49.551],[5.4198,49.5511],[5.4113,49.5526],[5.4048,49.5513],[5.4015,49.5521],[5.3987,49.5514]]]}},{"type":"Feature","properties":{"code":"55509","nom":"Thonne-le-Thil","pop":277},"geometry":{"type":"Polygon","coordinates":[[[5.3125,49.5594],[5.3085,49.5627],[5.3142,49.5654],[5.3177,49.5691],[5.3184,49.5742],[5.3288,49.5796],[5.3343,49.5866],[5.3394,49.5909],[5.3406,49.594],[5.3442,49.5935],[5.3448,49.5911],[5.352,49.5884],[5.3569,49.5891],[5.3617,49.5921],[5.3622,49.59],[5.3652,49.5873],[5.3635,49.5825],[5.3671,49.5803],[5.3674,49.5781],[5.3639,49.5743],[5.3644,49.572],[5.3584,49.5674],[5.3611,49.5656],[5.3574,49.563],[5.3598,49.5614],[5.3544,49.5588],[5.3436,49.5562],[5.3387,49.5528],[5.334,49.5542],[5.3307,49.5516],[5.325,49.5538],[5.3201,49.5568],[5.3125,49.5594]]]}},{"type":"Feature","properties":{"code":"55510","nom":"Thonne-les-Près","pop":125},"geometry":{"type":"Polygon","coordinates":[[[5.3352,49.5466],[5.3438,49.5469],[5.3511,49.5439],[5.3527,49.541],[5.3602,49.5392],[5.3607,49.5369],[5.3611,49.5317],[5.359,49.5213],[5.3482,49.5237],[5.344,49.5205],[5.3383,49.5214],[5.3388,49.5248],[5.3307,49.5244],[5.3278,49.5226],[5.3245,49.5193],[5.3225,49.5224],[5.3228,49.5262],[5.3249,49.5288],[5.3309,49.5334],[5.3323,49.535],[5.3326,49.5398],[5.3373,49.5441],[5.3352,49.5466]]]}},{"type":"Feature","properties":{"code":"55511","nom":"Thonnelle","pop":117},"geometry":{"type":"Polygon","coordinates":[[[5.3644,49.572],[5.3666,49.5691],[5.3698,49.5647],[5.3714,49.5602],[5.375,49.5595],[5.3794,49.5569],[5.3807,49.5522],[5.3755,49.5502],[5.3701,49.5415],[5.3643,49.5394],[5.3633,49.5368],[5.3607,49.5369],[5.3602,49.5392],[5.3527,49.541],[5.3511,49.5439],[5.3438,49.5469],[5.3352,49.5466],[5.3316,49.5493],[5.3307,49.5516],[5.334,49.5542],[5.3387,49.5528],[5.3436,49.5562],[5.3544,49.5588],[5.3598,49.5614],[5.3574,49.563],[5.3611,49.5656],[5.3584,49.5674],[5.3644,49.572]]]}},{"type":"Feature","properties":{"code":"55512","nom":"Tilly-sur-Meuse","pop":272},"geometry":{"type":"Polygon","coordinates":[[[5.4447,49.0123],[5.4479,49.0086],[5.4474,49.0047],[5.453,49.003],[5.4563,49.003],[5.4554,48.9998],[5.452,48.9977],[5.4406,48.9942],[5.4342,48.9932],[5.435,48.9915],[5.4289,48.9889],[5.4226,48.9843],[5.4127,48.979],[5.4128,48.978],[5.4066,48.9747],[5.3992,48.9738],[5.3899,48.972],[5.3844,48.9716],[5.3794,48.9718],[5.3741,48.9705],[5.3658,48.9698],[5.3637,48.9721],[5.3708,48.9736],[5.3749,48.9753],[5.3781,48.9741],[5.382,48.9743],[5.3819,48.9761],[5.3854,48.9797],[5.3885,48.9816],[5.3896,48.9843],[5.3892,48.9887],[5.3919,48.9954],[5.403,49.0023],[5.4056,49.0048],[5.4069,49.0082],[5.4101,49.0098],[5.4207,49.0122],[5.4206,49.0145],[5.4261,49.0192],[5.4293,49.0196],[5.4289,49.0172],[5.4313,49.0167],[5.4345,49.0181],[5.4354,49.0158],[5.4416,49.0109],[5.4447,49.0123]]]}},{"type":"Feature","properties":{"code":"55514","nom":"Trémont-sur-Saulx","pop":554},"geometry":{"type":"Polygon","coordinates":[[[5.0925,48.7344],[5.0847,48.7313],[5.0844,48.7286],[5.0804,48.7266],[5.0761,48.7255],[5.0721,48.726],[5.0685,48.7274],[5.0658,48.7248],[5.061,48.724],[5.0591,48.7262],[5.058,48.7293],[5.0443,48.7307],[5.0459,48.7377],[5.0427,48.7409],[5.0428,48.7439],[5.0465,48.7459],[5.0443,48.7472],[5.0522,48.7527],[5.0554,48.7538],[5.0546,48.756],[5.0593,48.7589],[5.0718,48.7624],[5.0776,48.763],[5.0813,48.7624],[5.0874,48.7601],[5.0893,48.7594],[5.0916,48.7559],[5.0947,48.7545],[5.0953,48.7513],[5.0945,48.7482],[5.0907,48.7466],[5.0931,48.7439],[5.0908,48.7421],[5.0927,48.7396],[5.0907,48.738],[5.0925,48.7344]]]}},{"type":"Feature","properties":{"code":"55515","nom":"Trésauvaux","pop":71},"geometry":{"type":"Polygon","coordinates":[[[5.6152,49.0699],[5.6031,49.0703],[5.5999,49.0712],[5.6005,49.0734],[5.5938,49.079],[5.5964,49.0802],[5.5939,49.0826],[5.6004,49.0842],[5.608,49.0853],[5.6102,49.0883],[5.6134,49.0892],[5.6157,49.0881],[5.6186,49.0872],[5.6241,49.0868],[5.6323,49.0849],[5.6292,49.0834],[5.6287,49.0811],[5.6314,49.0774],[5.6278,49.0772],[5.6255,49.076],[5.6211,49.0721],[5.6152,49.0699]]]}},{"type":"Feature","properties":{"code":"55516","nom":"Tréveray","pop":548},"geometry":{"type":"Polygon","coordinates":[[[5.4192,48.6269],[5.4196,48.6268],[5.428,48.6254],[5.4352,48.6217],[5.4389,48.616],[5.443,48.6139],[5.4403,48.6132],[5.4342,48.6097],[5.4288,48.608],[5.4273,48.6101],[5.416,48.6054],[5.4173,48.604],[5.4128,48.6001],[5.4114,48.5967],[5.4035,48.5946],[5.4018,48.5957],[5.3966,48.5944],[5.3846,48.59],[5.3838,48.5864],[5.3779,48.5858],[5.373,48.5824],[5.3666,48.5841],[5.362,48.5833],[5.3511,48.5866],[5.3489,48.5879],[5.3512,48.5903],[5.3428,48.5939],[5.3447,48.5951],[5.3445,48.5981],[5.3456,48.6016],[5.3543,48.6024],[5.3566,48.6038],[5.3579,48.6071],[5.3613,48.6079],[5.3639,48.6096],[5.3669,48.6115],[5.3671,48.6142],[5.3694,48.6131],[5.374,48.6144],[5.3765,48.614],[5.3824,48.6166],[5.3895,48.6174],[5.3953,48.6199],[5.3972,48.6192],[5.4022,48.621],[5.4093,48.6228],[5.4192,48.6269]]]}},{"type":"Feature","properties":{"code":"55517","nom":"Seuil-d'Argonne","pop":530},"geometry":{"type":"Polygon","coordinates":[[[5.0482,48.9437],[5.0423,48.9465],[5.0415,48.9499],[5.0378,48.9536],[5.0309,48.9543],[5.0298,48.9572],[5.0321,48.9605],[5.0307,48.9626],[5.0351,48.9676],[5.0373,48.9718],[5.0395,48.9743],[5.0372,48.9753],[5.0353,48.9777],[5.0289,48.9797],[5.0273,48.979],[5.0194,48.9783],[5.0172,48.9776],[5.0165,48.9818],[5.0073,48.979],[5.0042,48.9838],[4.9974,48.9837],[4.9957,48.9825],[4.9937,48.9842],[4.9988,48.9866],[5.0022,48.9871],[5.0014,48.9902],[5.007,48.9928],[5.0122,48.9937],[5.0138,48.9953],[5.0178,48.9961],[5.0227,48.9943],[5.0297,48.9947],[5.0345,48.9936],[5.0355,48.9981],[5.0334,48.9977],[5.0316,49.0014],[5.0392,49.0028],[5.0394,49.0001],[5.0502,48.998],[5.0482,48.9946],[5.0529,48.995],[5.0524,48.9912],[5.0543,48.9891],[5.0566,48.9887],[5.0628,48.9902],[5.073,48.99],[5.0752,48.9918],[5.0885,48.9918],[5.0982,48.9908],[5.098,48.9886],[5.0984,48.9852],[5.0976,48.9814],[5.096,48.9797],[5.099,48.9786],[5.0984,48.9759],[5.0996,48.9729],[5.1047,48.9698],[5.1114,48.964],[5.1073,48.9633],[5.0984,48.9668],[5.0931,48.9685],[5.0885,48.9661],[5.0853,48.9652],[5.0874,48.9628],[5.0844,48.9605],[5.0785,48.9601],[5.0751,48.9591],[5.0699,48.9619],[5.0686,48.9584],[5.072,48.9557],[5.0731,48.9521],[5.0708,48.9497],[5.0724,48.9488],[5.0671,48.9423],[5.063,48.9396],[5.0587,48.9416],[5.0541,48.9422],[5.0509,48.9439],[5.0482,48.9437]]]}},{"type":"Feature","properties":{"code":"55518","nom":"Cousances-lès-Triconville","pop":146},"geometry":{"type":"Polygon","coordinates":[[[5.361,48.7499],[5.3619,48.7537],[5.3595,48.7551],[5.359,48.7587],[5.3603,48.7596],[5.3567,48.7641],[5.3556,48.7676],[5.3567,48.7724],[5.3603,48.7735],[5.3584,48.7773],[5.362,48.7796],[5.3741,48.7793],[5.3806,48.7802],[5.3885,48.7795],[5.4031,48.7792],[5.4072,48.78],[5.4164,48.7805],[5.4223,48.7818],[5.4249,48.7881],[5.4291,48.7885],[5.4306,48.7893],[5.4407,48.7909],[5.4443,48.7894],[5.4505,48.7857],[5.4507,48.7746],[5.4479,48.7706],[5.4441,48.7677],[5.4343,48.767],[5.4282,48.7656],[5.4228,48.7636],[5.421,48.765],[5.4179,48.7609],[5.4136,48.7573],[5.4122,48.7597],[5.4065,48.7582],[5.3942,48.7531],[5.3917,48.7508],[5.3863,48.7493],[5.3823,48.7494],[5.3673,48.7526],[5.3639,48.7519],[5.361,48.7499]]]}},{"type":"Feature","properties":{"code":"55519","nom":"Tronville-en-Barrois","pop":1302},"geometry":{"type":"Polygon","coordinates":[[[5.2884,48.7106],[5.286,48.7093],[5.285,48.7058],[5.2835,48.7046],[5.2789,48.7036],[5.2723,48.7002],[5.2655,48.6986],[5.2614,48.6899],[5.2583,48.6892],[5.2438,48.6975],[5.2427,48.6972],[5.2452,48.7002],[5.2491,48.7034],[5.2547,48.7054],[5.2564,48.708],[5.2567,48.7108],[5.2607,48.7119],[5.2627,48.7171],[5.2669,48.7224],[5.2661,48.7245],[5.2692,48.7272],[5.2765,48.7367],[5.2762,48.7395],[5.2734,48.7407],[5.2748,48.7421],[5.2802,48.7425],[5.2814,48.7456],[5.2876,48.7456],[5.2954,48.7473],[5.3011,48.7475],[5.3016,48.7388],[5.3037,48.7349],[5.3055,48.7352],[5.3069,48.7317],[5.3111,48.7318],[5.3122,48.7306],[5.3062,48.7285],[5.3017,48.723],[5.3014,48.7216],[5.2946,48.72],[5.2897,48.7175],[5.292,48.7152],[5.2896,48.7141],[5.2884,48.7106]]]}},{"type":"Feature","properties":{"code":"55520","nom":"Troussey","pop":467},"geometry":{"type":"Polygon","coordinates":[[[5.7318,48.7246],[5.733,48.7239],[5.7262,48.7198],[5.723,48.7187],[5.7251,48.7166],[5.729,48.716],[5.7236,48.7105],[5.7234,48.7036],[5.7201,48.7037],[5.7186,48.6968],[5.7109,48.6971],[5.7063,48.6942],[5.6992,48.6917],[5.6994,48.6859],[5.7002,48.6851],[5.6964,48.6834],[5.6909,48.6796],[5.6875,48.6804],[5.6806,48.6778],[5.6825,48.6722],[5.6801,48.6708],[5.6717,48.6699],[5.6698,48.6691],[5.6679,48.6723],[5.6658,48.6737],[5.6618,48.68],[5.6602,48.6861],[5.6632,48.6874],[5.665,48.6894],[5.6634,48.6907],[5.6659,48.6934],[5.6668,48.6959],[5.6617,48.6967],[5.6619,48.6978],[5.662,48.7011],[5.6685,48.705],[5.6745,48.7064],[5.6771,48.7088],[5.6777,48.7118],[5.6807,48.7142],[5.6877,48.7132],[5.6912,48.7152],[5.6928,48.718],[5.697,48.7194],[5.7048,48.7247],[5.711,48.7275],[5.7136,48.7297],[5.719,48.733],[5.7318,48.7246]]]}},{"type":"Feature","properties":{"code":"55521","nom":"Troyon","pop":230},"geometry":{"type":"Polygon","coordinates":[[[5.4554,48.9998],[5.4563,49.003],[5.453,49.003],[5.4474,49.0047],[5.4479,49.0086],[5.4447,49.0123],[5.444,49.0153],[5.4477,49.0156],[5.4526,49.0142],[5.4575,49.012],[5.4634,49.0148],[5.4735,49.0167],[5.4747,49.0144],[5.4797,49.0112],[5.482,49.0084],[5.4848,49.0075],[5.4881,49.0049],[5.495,49.0065],[5.4994,49.0061],[5.5059,49.0095],[5.5134,49.0126],[5.5196,49.0145],[5.5299,49.0077],[5.5308,49.0051],[5.5328,49.0034],[5.5401,49.0001],[5.5343,48.9988],[5.5252,48.995],[5.5156,48.9967],[5.5099,48.9993],[5.5057,48.9969],[5.4943,48.9918],[5.4914,48.9894],[5.4854,48.9823],[5.4806,48.9825],[5.4764,48.9813],[5.4714,48.9835],[5.47,48.9867],[5.4645,48.9862],[5.4611,48.9881],[5.4649,48.9913],[5.4601,48.9946],[5.4577,48.9982],[5.4554,48.9998]]]}},{"type":"Feature","properties":{"code":"55522","nom":"Ugny-sur-Meuse","pop":103},"geometry":{"type":"Polygon","coordinates":[[[5.6839,48.6271],[5.6818,48.6267],[5.6801,48.6293],[5.6764,48.6293],[5.6766,48.6333],[5.6717,48.634],[5.671,48.6366],[5.6784,48.642],[5.6818,48.6478],[5.6884,48.6466],[5.6979,48.6477],[5.6993,48.6471],[5.7011,48.6434],[5.7067,48.6421],[5.7081,48.6398],[5.7062,48.6379],[5.7043,48.6336],[5.7051,48.6318],[5.7003,48.6312],[5.6967,48.6293],[5.6906,48.6283],[5.688,48.6267],[5.6839,48.6271]]]}},{"type":"Feature","properties":{"code":"55523","nom":"Vacherauville","pop":193},"geometry":{"type":"Polygon","coordinates":[[[5.3716,49.2464],[5.3776,49.2451],[5.3825,49.2448],[5.3828,49.2425],[5.3795,49.2394],[5.3823,49.2387],[5.3842,49.2354],[5.3885,49.2328],[5.3911,49.2303],[5.3807,49.2263],[5.3752,49.2251],[5.3711,49.2249],[5.3673,49.2215],[5.3701,49.219],[5.3644,49.2193],[5.3625,49.2199],[5.3587,49.2179],[5.3472,49.2186],[5.3419,49.22],[5.3343,49.2174],[5.332,49.2209],[5.3286,49.2206],[5.3281,49.2238],[5.3196,49.2223],[5.3137,49.2197],[5.3116,49.2189],[5.3047,49.2198],[5.3037,49.2206],[5.311,49.2206],[5.3147,49.2222],[5.3228,49.2231],[5.3313,49.2246],[5.3412,49.2253],[5.3471,49.2246],[5.3475,49.2268],[5.3403,49.2272],[5.3425,49.2303],[5.3492,49.2316],[5.3554,49.2362],[5.3577,49.2371],[5.3579,49.2394],[5.3603,49.2417],[5.3672,49.2439],[5.3716,49.2464]]]}},{"type":"Feature","properties":{"code":"55525","nom":"Vadelaincourt","pop":74},"geometry":{"type":"Polygon","coordinates":[[[5.2323,49.0578],[5.2312,49.0597],[5.2309,49.0635],[5.2355,49.0661],[5.2479,49.0741],[5.2609,49.077],[5.2688,49.0809],[5.2759,49.0861],[5.2821,49.0857],[5.2841,49.0839],[5.2843,49.0807],[5.2849,49.0781],[5.2796,49.0747],[5.2765,49.0752],[5.2728,49.0728],[5.2775,49.0701],[5.2749,49.0671],[5.2726,49.0673],[5.2662,49.0633],[5.264,49.0611],[5.2624,49.0567],[5.2614,49.0568],[5.2513,49.0641],[5.2436,49.0622],[5.2403,49.062],[5.2354,49.0584],[5.2323,49.0578]]]}},{"type":"Feature","properties":{"code":"55526","nom":"Vadonville","pop":245},"geometry":{"type":"Polygon","coordinates":[[[5.4966,48.8004],[5.5027,48.8036],[5.5113,48.8061],[5.5168,48.8063],[5.5186,48.8081],[5.5276,48.8112],[5.5283,48.8136],[5.5304,48.8093],[5.5324,48.8076],[5.5291,48.8062],[5.5341,48.8011],[5.5373,48.7991],[5.5315,48.7991],[5.5289,48.7965],[5.5299,48.7953],[5.5285,48.7928],[5.5228,48.7899],[5.5094,48.7866],[5.5051,48.7884],[5.5006,48.7894],[5.4965,48.7892],[5.4921,48.7915],[5.4933,48.7947],[5.4905,48.798],[5.4966,48.8004]]]}},{"type":"Feature","properties":{"code":"55527","nom":"Varennes-en-Argonne","pop":636},"geometry":{"type":"Polygon","coordinates":[[[5.0248,49.2503],[5.0272,49.2513],[5.0316,49.2477],[5.0366,49.2491],[5.0382,49.247],[5.0417,49.2474],[5.0454,49.2434],[5.0473,49.243],[5.0487,49.2396],[5.0484,49.2367],[5.0467,49.2338],[5.0472,49.229],[5.045,49.2227],[5.0401,49.221],[5.0385,49.2215],[5.0296,49.2203],[5.0224,49.2161],[5.0181,49.2119],[5.0111,49.2086],[5.0086,49.2087],[5.0073,49.2111],[5.0009,49.213],[4.9971,49.2116],[4.9914,49.211],[4.99,49.213],[4.986,49.2149],[4.9823,49.2178],[4.9776,49.2198],[4.9814,49.2239],[4.982,49.2271],[4.9854,49.2293],[4.993,49.2327],[4.9967,49.2327],[5.0013,49.2315],[5.0048,49.234],[5.0093,49.2335],[5.0214,49.2337],[5.0279,49.2376],[5.0278,49.2423],[5.0267,49.2446],[5.0233,49.2482],[5.0248,49.2503]]]}},{"type":"Feature","properties":{"code":"55528","nom":"Varnéville","pop":49},"geometry":{"type":"Polygon","coordinates":[[[5.6498,48.8609],[5.6452,48.8621],[5.6461,48.8641],[5.6417,48.864],[5.6389,48.8669],[5.6373,48.867],[5.6326,48.8746],[5.6291,48.875],[5.6343,48.8814],[5.6399,48.8794],[5.6463,48.88],[5.6563,48.8828],[5.667,48.8855],[5.6748,48.8889],[5.6799,48.8894],[5.6876,48.8927],[5.6863,48.8905],[5.6888,48.8854],[5.6897,48.8818],[5.6836,48.877],[5.6818,48.8771],[5.6747,48.8756],[5.668,48.8748],[5.6609,48.873],[5.6586,48.8666],[5.6535,48.8624],[5.6498,48.8609]]]}},{"type":"Feature","properties":{"code":"55530","nom":"Valbois","pop":96},"geometry":{"type":"Polygon","coordinates":[[[5.5834,48.9319],[5.5783,48.9357],[5.5756,48.9363],[5.5796,48.9409],[5.5823,48.9412],[5.5876,48.9466],[5.5883,48.9482],[5.5937,48.9509],[5.5981,48.9511],[5.6029,48.9539],[5.608,48.9555],[5.6128,48.9517],[5.6146,48.952],[5.6166,48.9478],[5.6136,48.945],[5.6201,48.9431],[5.6233,48.9433],[5.6253,48.9401],[5.6273,48.9404],[5.6363,48.938],[5.6349,48.9319],[5.6425,48.9328],[5.6502,48.9317],[5.6579,48.9317],[5.6532,48.9297],[5.6492,48.9256],[5.6471,48.9248],[5.6569,48.9202],[5.6506,48.917],[5.6413,48.9143],[5.6402,48.9128],[5.6406,48.9083],[5.6394,48.9063],[5.6324,48.9039],[5.6212,48.9053],[5.6171,48.9092],[5.6153,48.9126],[5.6072,48.916],[5.6026,48.9161],[5.5955,48.9175],[5.5898,48.9205],[5.5908,48.9208],[5.5899,48.9257],[5.5912,48.9292],[5.5887,48.9293],[5.5859,48.9323],[5.5834,48.9319]]]}},{"type":"Feature","properties":{"code":"55531","nom":"Vassincourt","pop":274},"geometry":{"type":"Polygon","coordinates":[[[5.0002,48.8014],[5.0004,48.8037],[4.9977,48.8089],[5.0023,48.8103],[5.0048,48.8095],[5.011,48.8104],[5.0146,48.8141],[5.0194,48.8128],[5.0258,48.8119],[5.0281,48.8159],[5.032,48.8154],[5.0302,48.8133],[5.0362,48.8126],[5.0442,48.8087],[5.0512,48.8042],[5.0544,48.8033],[5.0471,48.7987],[5.0505,48.7953],[5.0461,48.7958],[5.0435,48.7892],[5.0398,48.7862],[5.039,48.7869],[5.0259,48.789],[5.0191,48.7903],[5.0172,48.7931],[5.0134,48.7943],[5.0087,48.7942],[5.0081,48.7979],[5.0041,48.798],[5.0002,48.8014]]]}},{"type":"Feature","properties":{"code":"55532","nom":"Vaubecourt","pop":312},"geometry":{"type":"Polygon","coordinates":[[[5.1192,48.9622],[5.1199,48.9588],[5.1191,48.9551],[5.122,48.9533],[5.1271,48.9555],[5.1379,48.9534],[5.1371,48.9467],[5.1407,48.9434],[5.149,48.9413],[5.147,48.9375],[5.1495,48.9365],[5.1519,48.9374],[5.1538,48.9378],[5.1562,48.9343],[5.1541,48.9301],[5.1587,48.929],[5.1618,48.9291],[5.1644,48.9267],[5.1586,48.9238],[5.1512,48.9246],[5.1433,48.9236],[5.1375,48.9241],[5.1301,48.9236],[5.1242,48.9214],[5.1166,48.9207],[5.109,48.9215],[5.1035,48.9233],[5.1029,48.9252],[5.0994,48.9273],[5.1016,48.93],[5.0935,48.9329],[5.0887,48.9351],[5.0827,48.9335],[5.0754,48.934],[5.0714,48.9332],[5.0684,48.9335],[5.0652,48.9322],[5.0586,48.9319],[5.0501,48.9353],[5.0487,48.9377],[5.05,48.9397],[5.0482,48.9437],[5.0509,48.9439],[5.0541,48.9422],[5.0587,48.9416],[5.063,48.9396],[5.0671,48.9423],[5.0724,48.9488],[5.0708,48.9497],[5.0731,48.9521],[5.072,48.9557],[5.0686,48.9584],[5.0699,48.9619],[5.0751,48.9591],[5.0785,48.9601],[5.0844,48.9605],[5.0874,48.9628],[5.0853,48.9652],[5.0885,48.9661],[5.0931,48.9685],[5.0984,48.9668],[5.1073,48.9633],[5.1114,48.964],[5.1148,48.9619],[5.1192,48.9622]]]}},{"type":"Feature","properties":{"code":"55533","nom":"Vaucouleurs","pop":1906},"geometry":{"type":"Polygon","coordinates":[[[5.5856,48.6071],[5.5878,48.6112],[5.5918,48.6142],[5.5948,48.6249],[5.5972,48.6323],[5.6056,48.6311],[5.6108,48.6314],[5.6163,48.633],[5.6154,48.6357],[5.6181,48.636],[5.6291,48.6405],[5.6386,48.6462],[5.6371,48.6495],[5.6414,48.65],[5.6545,48.6523],[5.6582,48.6533],[5.6639,48.6535],[5.6695,48.6528],[5.6829,48.6492],[5.6818,48.6478],[5.6784,48.642],[5.671,48.6366],[5.6717,48.634],[5.6766,48.6333],[5.6764,48.6293],[5.6801,48.6293],[5.6818,48.6267],[5.6839,48.6271],[5.6816,48.6249],[5.6826,48.623],[5.6806,48.6219],[5.6865,48.6175],[5.6833,48.6148],[5.6829,48.6118],[5.6799,48.6065],[5.6765,48.6055],[5.6793,48.6011],[5.6843,48.597],[5.6829,48.5942],[5.686,48.5875],[5.6864,48.5852],[5.685,48.5819],[5.6828,48.5815],[5.6808,48.579],[5.6765,48.5793],[5.6739,48.5834],[5.6708,48.59],[5.6697,48.5912],[5.6621,48.5914],[5.6617,48.5901],[5.6536,48.5901],[5.6503,48.5875],[5.6468,48.5863],[5.6461,48.5844],[5.6432,48.5835],[5.6356,48.5829],[5.6314,48.5812],[5.6332,48.5862],[5.6344,48.5871],[5.6335,48.592],[5.6337,48.5965],[5.6321,48.5966],[5.6311,48.5924],[5.6253,48.5932],[5.6195,48.5919],[5.6131,48.5916],[5.6095,48.592],[5.603,48.5916],[5.5946,48.5917],[5.5917,48.5923],[5.5938,48.5953],[5.5944,48.5981],[5.5934,48.6],[5.5856,48.6071]]]}},{"type":"Feature","properties":{"code":"55534","nom":"Vaudeville-le-Haut","pop":46},"geometry":{"type":"Polygon","coordinates":[[[5.5767,48.4322],[5.5669,48.4331],[5.5668,48.4341],[5.5682,48.4398],[5.5647,48.4411],[5.5608,48.4415],[5.5601,48.4469],[5.5608,48.4554],[5.5616,48.4568],[5.566,48.4607],[5.5742,48.4597],[5.5789,48.4582],[5.5846,48.4582],[5.5887,48.4591],[5.5967,48.4589],[5.5973,48.4575],[5.6029,48.4579],[5.6064,48.4607],[5.6087,48.4594],[5.6133,48.4596],[5.6204,48.4572],[5.6238,48.454],[5.6251,48.4509],[5.6279,48.4507],[5.6234,48.4469],[5.6184,48.4438],[5.6152,48.4406],[5.6109,48.4409],[5.6091,48.4426],[5.589,48.4424],[5.5803,48.4388],[5.5767,48.4322]]]}},{"type":"Feature","properties":{"code":"55535","nom":"Vaudoncourt","pop":79},"geometry":{"type":"Polygon","coordinates":[[[5.6269,49.3247],[5.6312,49.3235],[5.631,49.3255],[5.641,49.3292],[5.6456,49.3322],[5.6509,49.3321],[5.654,49.3329],[5.6538,49.328],[5.6578,49.3252],[5.657,49.3236],[5.6601,49.3208],[5.6586,49.3173],[5.6618,49.3167],[5.6614,49.3144],[5.6582,49.3119],[5.662,49.3074],[5.6544,49.3038],[5.6463,49.302],[5.6414,49.3018],[5.6381,49.3037],[5.6372,49.3058],[5.6327,49.306],[5.6278,49.3078],[5.6299,49.3088],[5.6282,49.312],[5.6317,49.3125],[5.6341,49.3148],[5.6303,49.3205],[5.6269,49.3247]]]}},{"type":"Feature","properties":{"code":"55536","nom":"Vauquois","pop":23},"geometry":{"type":"Polygon","coordinates":[[[5.1011,49.2027],[5.1056,49.1995],[5.1118,49.196],[5.1156,49.1962],[5.1146,49.1928],[5.1118,49.1911],[5.1055,49.1852],[5.102,49.1829],[5.0995,49.1843],[5.0988,49.1864],[5.0893,49.1885],[5.0797,49.1926],[5.0718,49.1924],[5.0696,49.1934],[5.0616,49.1951],[5.0519,49.198],[5.0513,49.2024],[5.0538,49.2056],[5.0577,49.2066],[5.063,49.2103],[5.0712,49.2123],[5.0726,49.2136],[5.0767,49.2127],[5.0796,49.2145],[5.0883,49.2088],[5.0974,49.2036],[5.1011,49.2027]]]}},{"type":"Feature","properties":{"code":"55537","nom":"Douaumont-Vaux","pop":81},"geometry":{"type":"Polygon","coordinates":[[[5.4788,49.2185],[5.4881,49.211],[5.4913,49.2065],[5.4897,49.2079],[5.4844,49.204],[5.4809,49.2025],[5.4688,49.2002],[5.4662,49.1982],[5.4635,49.1983],[5.4629,49.1925],[5.4604,49.1944],[5.4534,49.1931],[5.4517,49.192],[5.4446,49.1917],[5.4418,49.1976],[5.4443,49.1995],[5.4406,49.2006],[5.444,49.2044],[5.4426,49.2064],[5.4472,49.2142],[5.4432,49.2157],[5.4402,49.215],[5.4314,49.2141],[5.4278,49.2098],[5.424,49.209],[5.4201,49.2073],[5.4168,49.2079],[5.4137,49.2099],[5.4138,49.2113],[5.4178,49.2116],[5.4177,49.2153],[5.4213,49.216],[5.4215,49.2173],[5.4151,49.2208],[5.4137,49.2258],[5.4122,49.2285],[5.422,49.2344],[5.429,49.2361],[5.4357,49.2366],[5.4383,49.2355],[5.4418,49.236],[5.448,49.2346],[5.4438,49.2287],[5.4491,49.2272],[5.447,49.2221],[5.4518,49.2225],[5.4505,49.22],[5.4477,49.2174],[5.4501,49.2156],[5.4555,49.2132],[5.4598,49.2148],[5.4578,49.217],[5.4644,49.2193],[5.4688,49.2174],[5.4737,49.2173],[5.4788,49.2185]]]}},{"type":"Feature","properties":{"code":"55540","nom":"Vaux-lès-Palameix","pop":57},"geometry":{"type":"Polygon","coordinates":[[[5.5564,49.0409],[5.5597,49.0376],[5.563,49.0358],[5.5704,49.0296],[5.5734,49.0265],[5.5819,49.0234],[5.5758,49.0192],[5.5754,49.018],[5.5712,49.0142],[5.5668,49.0101],[5.5621,49.0098],[5.5565,49.0105],[5.5496,49.0075],[5.546,49.011],[5.5426,49.0096],[5.5336,49.0125],[5.5308,49.0051],[5.5299,49.0077],[5.5196,49.0145],[5.5192,49.0149],[5.5261,49.0202],[5.5301,49.0248],[5.5316,49.0285],[5.5309,49.0306],[5.5331,49.0358],[5.5362,49.0412],[5.5449,49.0418],[5.5525,49.0416],[5.5564,49.0409]]]}},{"type":"Feature","properties":{"code":"55541","nom":"Vavincourt","pop":534},"geometry":{"type":"Polygon","coordinates":[[[5.2465,48.8283],[5.2459,48.8262],[5.2442,48.8251],[5.2381,48.8235],[5.2345,48.8231],[5.2305,48.8215],[5.2261,48.8184],[5.2242,48.8157],[5.2161,48.8121],[5.2147,48.8104],[5.2086,48.8125],[5.2064,48.8103],[5.2037,48.8112],[5.1961,48.8097],[5.1929,48.8081],[5.1911,48.8113],[5.186,48.8134],[5.18,48.8119],[5.1777,48.8107],[5.1748,48.8112],[5.1702,48.8102],[5.165,48.808],[5.1556,48.8087],[5.1502,48.81],[5.1466,48.81],[5.1447,48.8112],[5.146,48.8146],[5.1567,48.8221],[5.1633,48.8245],[5.1654,48.8292],[5.1681,48.8318],[5.1739,48.8313],[5.1783,48.8326],[5.1855,48.8367],[5.1963,48.8387],[5.1973,48.8399],[5.2059,48.841],[5.2145,48.8399],[5.2112,48.8382],[5.2193,48.835],[5.2248,48.8341],[5.2283,48.835],[5.2389,48.8349],[5.2408,48.8314],[5.2404,48.8294],[5.2465,48.8283]]]}},{"type":"Feature","properties":{"code":"55543","nom":"Velaines","pop":874},"geometry":{"type":"Polygon","coordinates":[[[5.336,48.7115],[5.3381,48.7066],[5.3329,48.7039],[5.3303,48.7015],[5.3271,48.7014],[5.3255,48.6993],[5.3203,48.6959],[5.3163,48.6954],[5.3106,48.6914],[5.3113,48.6904],[5.3066,48.687],[5.3036,48.6873],[5.2963,48.6852],[5.2958,48.6839],[5.2903,48.6835],[5.2791,48.6818],[5.2745,48.6847],[5.2669,48.6835],[5.2652,48.6867],[5.2614,48.6899],[5.2655,48.6986],[5.2723,48.7002],[5.2789,48.7036],[5.2835,48.7046],[5.285,48.7058],[5.286,48.7093],[5.2884,48.7106],[5.2938,48.7071],[5.2977,48.7093],[5.2995,48.7076],[5.3102,48.7112],[5.3191,48.711],[5.3229,48.7118],[5.3303,48.7109],[5.336,48.7115]]]}},{"type":"Feature","properties":{"code":"55544","nom":"Velosnes","pop":140},"geometry":{"type":"Polygon","coordinates":[[[5.4295,49.5195],[5.4294,49.5204],[5.4398,49.5186],[5.4429,49.5185],[5.4475,49.5179],[5.4497,49.5159],[5.4543,49.5144],[5.4617,49.5101],[5.4659,49.5088],[5.4643,49.5038],[5.4663,49.5006],[5.4651,49.4988],[5.4705,49.4973],[5.4708,49.496],[5.478,49.4962],[5.4827,49.4946],[5.4823,49.4935],[5.4785,49.4869],[5.4738,49.4827],[5.4704,49.4835],[5.4636,49.482],[5.461,49.4848],[5.459,49.4846],[5.4577,49.4816],[5.4557,49.4811],[5.4556,49.4842],[5.4575,49.4866],[5.4602,49.488],[5.4654,49.4859],[5.4688,49.4871],[5.4645,49.4903],[5.454,49.4947],[5.4501,49.4981],[5.4446,49.5014],[5.4422,49.5038],[5.4468,49.5047],[5.4518,49.5068],[5.4534,49.5087],[5.454,49.5117],[5.4497,49.5133],[5.4463,49.5155],[5.4405,49.5177],[5.4295,49.5195]]]}},{"type":"Feature","properties":{"code":"55545","nom":"Verdun","pop":16890},"geometry":{"type":"Polygon","coordinates":[[[5.4403,49.1744],[5.4374,49.1718],[5.4324,49.1694],[5.4284,49.1653],[5.4313,49.1645],[5.4307,49.1616],[5.4349,49.1609],[5.433,49.1571],[5.4343,49.152],[5.4286,49.1489],[5.4236,49.147],[5.415,49.1447],[5.4098,49.1443],[5.4096,49.1422],[5.3997,49.1405],[5.3885,49.1399],[5.3802,49.1412],[5.3763,49.1384],[5.3719,49.1397],[5.3654,49.1348],[5.3625,49.1338],[5.3573,49.1343],[5.3569,49.1326],[5.3535,49.132],[5.3519,49.1302],[5.3514,49.1254],[5.3476,49.1223],[5.3409,49.1184],[5.3364,49.1127],[5.3309,49.1135],[5.3274,49.116],[5.3237,49.1167],[5.3205,49.119],[5.3177,49.1185],[5.3093,49.1248],[5.3031,49.1235],[5.2984,49.1216],[5.2964,49.1238],[5.2874,49.1242],[5.2866,49.1296],[5.2871,49.1324],[5.2811,49.1365],[5.2848,49.1395],[5.2863,49.1426],[5.288,49.1397],[5.299,49.141],[5.3118,49.1366],[5.3155,49.1383],[5.322,49.1424],[5.3298,49.1449],[5.3284,49.1489],[5.3289,49.1529],[5.3352,49.1548],[5.3436,49.1554],[5.3418,49.1587],[5.3466,49.1604],[5.352,49.1608],[5.3549,49.1601],[5.3634,49.1608],[5.3666,49.164],[5.3712,49.1639],[5.3722,49.1674],[5.377,49.1673],[5.3803,49.1701],[5.3805,49.1721],[5.3842,49.1708],[5.3861,49.1675],[5.3919,49.1677],[5.395,49.1685],[5.4103,49.1744],[5.4164,49.1741],[5.4181,49.1721],[5.4206,49.1717],[5.4241,49.1681],[5.4283,49.1693],[5.4359,49.1723],[5.4386,49.174],[5.4403,49.1744]]]}},{"type":"Feature","properties":{"code":"55546","nom":"Verneuil-Grand","pop":198},"geometry":{"type":"Polygon","coordinates":[[[5.4429,49.5185],[5.4398,49.5186],[5.4294,49.5204],[5.4219,49.521],[5.4184,49.5222],[5.4133,49.5227],[5.4095,49.5244],[5.4032,49.5223],[5.401,49.5227],[5.4054,49.5259],[5.4037,49.5287],[5.3989,49.5312],[5.4002,49.5341],[5.4051,49.5354],[5.4057,49.5375],[5.4077,49.5382],[5.4126,49.5361],[5.4323,49.5415],[5.4392,49.5463],[5.4414,49.5523],[5.4428,49.5503],[5.4396,49.5458],[5.4399,49.5434],[5.442,49.5383],[5.4451,49.5339],[5.4443,49.5233],[5.4462,49.523],[5.4429,49.5185]]]}},{"type":"Feature","properties":{"code":"55547","nom":"Verneuil-Petit","pop":113},"geometry":{"type":"Polygon","coordinates":[[[5.4057,49.5375],[5.4031,49.5396],[5.401,49.5434],[5.401,49.5463],[5.3966,49.5485],[5.3987,49.5514],[5.4015,49.5521],[5.4048,49.5513],[5.4113,49.5526],[5.4198,49.5511],[5.4246,49.551],[5.434,49.5528],[5.4407,49.5531],[5.4414,49.5523],[5.4392,49.5463],[5.4323,49.5415],[5.4126,49.5361],[5.4077,49.5382],[5.4057,49.5375]]]}},{"type":"Feature","properties":{"code":"55549","nom":"Véry","pop":79},"geometry":{"type":"Polygon","coordinates":[[[5.0503,49.2512],[5.0647,49.2575],[5.0725,49.2578],[5.0749,49.256],[5.0802,49.2549],[5.085,49.2561],[5.0897,49.2592],[5.0929,49.2604],[5.096,49.2601],[5.1038,49.2604],[5.1051,49.2547],[5.108,49.2481],[5.1133,49.2406],[5.1084,49.2382],[5.1028,49.2378],[5.1002,49.2347],[5.1085,49.2322],[5.1116,49.2331],[5.1129,49.2316],[5.1127,49.2285],[5.1163,49.2272],[5.1205,49.2271],[5.1224,49.2242],[5.127,49.2225],[5.1269,49.2205],[5.1271,49.2142],[5.1254,49.2128],[5.1163,49.2103],[5.1093,49.215],[5.1054,49.2149],[5.1025,49.2167],[5.1055,49.2182],[5.0964,49.2247],[5.1018,49.2278],[5.1018,49.2295],[5.0942,49.2311],[5.094,49.2348],[5.0838,49.239],[5.0827,49.2406],[5.0758,49.2379],[5.0728,49.2382],[5.0678,49.2422],[5.0636,49.2411],[5.0598,49.2422],[5.0512,49.2492],[5.0503,49.2512]]]}},{"type":"Feature","properties":{"code":"55551","nom":"Vigneulles-lès-Hattonchâtel","pop":1579},"geometry":{"type":"Polygon","coordinates":[[[5.8135,49.0049],[5.8157,49.0085],[5.8192,49.0077],[5.8237,49.0082],[5.8247,49.0068],[5.8231,49.004],[5.8184,49.0021],[5.8152,48.9969],[5.8061,48.9886],[5.8023,48.9877],[5.8006,48.9862],[5.8045,48.984],[5.8044,48.9805],[5.8028,48.978],[5.8061,48.9736],[5.8054,48.9724],[5.7976,48.9736],[5.7927,48.9728],[5.7735,48.974],[5.7716,48.9718],[5.7599,48.9684],[5.755,48.9616],[5.7543,48.9603],[5.7475,48.9587],[5.744,48.9591],[5.7378,48.9588],[5.7325,48.9597],[5.7264,48.9584],[5.7249,48.9543],[5.7309,48.953],[5.731,48.9508],[5.7046,48.9509],[5.7002,48.9541],[5.6955,48.9535],[5.6953,48.9566],[5.6848,48.9562],[5.6769,48.9538],[5.6696,48.951],[5.6623,48.9512],[5.6599,48.9563],[5.6556,48.9589],[5.6545,48.961],[5.6548,48.9638],[5.648,48.9637],[5.6408,48.9626],[5.6416,48.9677],[5.6436,48.9724],[5.6439,48.975],[5.6477,48.9763],[5.6613,48.9782],[5.6624,48.9787],[5.6667,48.9849],[5.6583,48.9874],[5.6576,48.9896],[5.6443,48.9912],[5.6422,48.9922],[5.6635,48.9981],[5.6608,48.9998],[5.6679,49.0022],[5.6737,49.0053],[5.6796,49.0064],[5.6846,49.0126],[5.6924,49.0165],[5.6999,49.0189],[5.7061,49.0175],[5.7077,49.0183],[5.7093,49.0166],[5.7124,49.0182],[5.7153,49.0157],[5.7198,49.0176],[5.7228,49.0209],[5.7259,49.0183],[5.7293,49.0179],[5.7392,49.0195],[5.7435,49.0214],[5.7452,49.015],[5.7427,49.013],[5.7492,49.0093],[5.7506,49.0051],[5.7554,49.007],[5.7564,49.0092],[5.7666,49.0115],[5.7681,49.0139],[5.7716,49.0142],[5.7754,49.0134],[5.7806,49.0151],[5.7886,49.0162],[5.794,49.0176],[5.796,49.0158],[5.7916,49.0139],[5.7905,49.0107],[5.7884,49.01],[5.7852,49.0011],[5.7872,48.9983],[5.7936,48.9986],[5.8012,49.0006],[5.8034,48.9992],[5.808,48.9995],[5.8111,49.0018],[5.8099,49.0029],[5.8135,49.0049]]]}},{"type":"Feature","properties":{"code":"55552","nom":"Vigneul-sous-Montmédy","pop":86},"geometry":{"type":"Polygon","coordinates":[[[5.3505,49.4956],[5.3426,49.4928],[5.3328,49.4925],[5.3271,49.494],[5.3242,49.4961],[5.3192,49.5038],[5.3155,49.507],[5.3122,49.508],[5.3115,49.5116],[5.3135,49.5133],[5.3164,49.5132],[5.3209,49.5153],[5.3245,49.5193],[5.3278,49.5226],[5.3307,49.5244],[5.3388,49.5248],[5.3383,49.5214],[5.344,49.5205],[5.3445,49.5161],[5.3407,49.5148],[5.34,49.5131],[5.3362,49.509],[5.3334,49.5077],[5.3289,49.5042],[5.3305,49.5],[5.3343,49.4991],[5.3401,49.5018],[5.343,49.5014],[5.343,49.4974],[5.3453,49.4948],[5.3505,49.4956]]]}},{"type":"Feature","properties":{"code":"55553","nom":"Vignot","pop":1269},"geometry":{"type":"Polygon","coordinates":[[[5.6164,48.7596],[5.6128,48.7637],[5.6126,48.7656],[5.6087,48.7684],[5.6029,48.7684],[5.6005,48.7663],[5.5907,48.7726],[5.5899,48.7747],[5.5833,48.7745],[5.5812,48.7752],[5.5794,48.779],[5.5766,48.7824],[5.573,48.7826],[5.567,48.7843],[5.5687,48.7884],[5.5719,48.7919],[5.5765,48.793],[5.5827,48.796],[5.5891,48.7972],[5.5934,48.7975],[5.5982,48.7962],[5.6149,48.796],[5.6164,48.7947],[5.6209,48.7943],[5.6275,48.7925],[5.628,48.7909],[5.6341,48.7912],[5.6373,48.7879],[5.6406,48.7865],[5.6457,48.7862],[5.6576,48.7826],[5.6526,48.7733],[5.6418,48.7712],[5.6411,48.7693],[5.6386,48.7688],[5.636,48.7658],[5.6309,48.7622],[5.6236,48.7617],[5.6164,48.7596]]]}},{"type":"Feature","properties":{"code":"55554","nom":"Villécloye","pop":241},"geometry":{"type":"Polygon","coordinates":[[[5.4294,49.5204],[5.4295,49.5195],[5.4285,49.5166],[5.4216,49.5087],[5.414,49.5053],[5.4006,49.492],[5.3916,49.4978],[5.3863,49.5047],[5.3846,49.5082],[5.3868,49.5094],[5.3805,49.5139],[5.3835,49.5192],[5.387,49.5211],[5.3932,49.5198],[5.3958,49.522],[5.401,49.5227],[5.4032,49.5223],[5.4095,49.5244],[5.4133,49.5227],[5.4184,49.5222],[5.4219,49.521],[5.4294,49.5204]]]}},{"type":"Feature","properties":{"code":"55555","nom":"Ville-devant-Belrain","pop":33},"geometry":{"type":"Polygon","coordinates":[[[5.3243,48.8616],[5.3234,48.8636],[5.3249,48.8652],[5.3225,48.8677],[5.3278,48.8699],[5.3233,48.8731],[5.3262,48.8757],[5.3296,48.8768],[5.347,48.8793],[5.3559,48.8823],[5.3638,48.8853],[5.3682,48.8878],[5.3749,48.8907],[5.376,48.8919],[5.3813,48.8918],[5.387,48.893],[5.3884,48.8908],[5.3921,48.8893],[5.395,48.8893],[5.3962,48.8875],[5.3931,48.8861],[5.3847,48.8879],[5.3794,48.8859],[5.3754,48.8853],[5.374,48.8841],[5.3695,48.8828],[5.3713,48.8797],[5.3745,48.8764],[5.3694,48.8722],[5.3652,48.87],[5.3551,48.8699],[5.3445,48.8673],[5.3382,48.865],[5.3323,48.864],[5.3243,48.8616]]]}},{"type":"Feature","properties":{"code":"55556","nom":"Ville-devant-Chaumont","pop":49},"geometry":{"type":"Polygon","coordinates":[[[5.4253,49.2762],[5.4212,49.2768],[5.4194,49.2793],[5.4165,49.2778],[5.4126,49.2806],[5.4149,49.284],[5.4117,49.2876],[5.4186,49.2999],[5.4195,49.3005],[5.4233,49.2982],[5.4379,49.3029],[5.4394,49.3021],[5.4436,49.3049],[5.448,49.3046],[5.4462,49.3022],[5.444,49.3009],[5.4405,49.2952],[5.4366,49.2939],[5.4374,49.2883],[5.4387,49.2876],[5.4343,49.2812],[5.4312,49.2792],[5.4256,49.28],[5.4238,49.278],[5.4253,49.2762]]]}},{"type":"Feature","properties":{"code":"55557","nom":"Ville-en-Woëvre","pop":131},"geometry":{"type":"Polygon","coordinates":[[[5.653,49.1231],[5.6526,49.1178],[5.6507,49.1172],[5.6508,49.1144],[5.6446,49.1143],[5.6439,49.1132],[5.6384,49.1139],[5.6377,49.1148],[5.6321,49.1175],[5.6241,49.1173],[5.6194,49.1189],[5.6158,49.1189],[5.6143,49.1189],[5.6148,49.1238],[5.6142,49.1267],[5.6062,49.1256],[5.6029,49.1328],[5.6078,49.1341],[5.606,49.1367],[5.6038,49.1358],[5.5982,49.1379],[5.5783,49.1461],[5.5693,49.1497],[5.5682,49.1515],[5.5742,49.1542],[5.5783,49.1576],[5.5824,49.16],[5.5849,49.1604],[5.5826,49.1658],[5.5869,49.1667],[5.5914,49.1657],[5.5939,49.1638],[5.5972,49.1588],[5.6011,49.1565],[5.6051,49.1563],[5.6093,49.1551],[5.6173,49.1543],[5.6169,49.1528],[5.6126,49.1516],[5.6139,49.1483],[5.6235,49.1471],[5.6278,49.1451],[5.6284,49.1426],[5.6328,49.1428],[5.639,49.1442],[5.6411,49.1373],[5.641,49.1314],[5.6423,49.1264],[5.6457,49.1268],[5.6464,49.1244],[5.6492,49.1232],[5.653,49.1231]]]}},{"type":"Feature","properties":{"code":"55559","nom":"Villeroy-sur-Méholle","pop":52},"geometry":{"type":"Polygon","coordinates":[[[5.5948,48.6249],[5.5918,48.6142],[5.5878,48.6112],[5.5856,48.6071],[5.5814,48.6072],[5.5755,48.6035],[5.5723,48.5997],[5.5622,48.6041],[5.5588,48.6074],[5.5627,48.6091],[5.5567,48.6129],[5.5542,48.6163],[5.5485,48.618],[5.5442,48.6155],[5.5407,48.6152],[5.5392,48.6176],[5.5403,48.6199],[5.5446,48.6208],[5.5514,48.62],[5.5534,48.6184],[5.5558,48.6197],[5.558,48.6235],[5.5646,48.6252],[5.5664,48.623],[5.5689,48.6249],[5.5737,48.6263],[5.5765,48.6283],[5.5784,48.6278],[5.584,48.6286],[5.5883,48.6267],[5.5948,48.6249]]]}},{"type":"Feature","properties":{"code":"55560","nom":"Villers-aux-Vents","pop":125},"geometry":{"type":"Polygon","coordinates":[[[5.0457,48.8573],[5.0363,48.856],[5.0268,48.851],[5.0223,48.8511],[5.019,48.8446],[5.0108,48.8467],[5.0009,48.8502],[5.0004,48.8544],[5.0044,48.8616],[5.0013,48.8651],[5.0118,48.8688],[5.0186,48.8694],[5.0201,48.8749],[5.0372,48.8722],[5.0347,48.8713],[5.0267,48.8725],[5.0279,48.8703],[5.0307,48.8679],[5.036,48.8668],[5.0395,48.8642],[5.0426,48.8598],[5.0392,48.8585],[5.0396,48.8568],[5.0452,48.8583],[5.0457,48.8573]]]}},{"type":"Feature","properties":{"code":"55561","nom":"Villers-devant-Dun","pop":52},"geometry":{"type":"Polygon","coordinates":[[[5.1357,49.3986],[5.131,49.3935],[5.1293,49.3843],[5.126,49.3852],[5.125,49.3826],[5.1184,49.381],[5.1133,49.3811],[5.1109,49.3892],[5.1044,49.39],[5.1018,49.392],[5.0991,49.392],[5.0976,49.3943],[5.0858,49.3988],[5.0899,49.4011],[5.0866,49.403],[5.0789,49.4016],[5.0769,49.4034],[5.0926,49.408],[5.0949,49.4097],[5.0974,49.4148],[5.1016,49.4145],[5.1097,49.4158],[5.1078,49.4142],[5.1283,49.4058],[5.1284,49.4054],[5.1306,49.4038],[5.1311,49.4007],[5.1357,49.3986]]]}},{"type":"Feature","properties":{"code":"55562","nom":"Villers-le-Sec","pop":135},"geometry":{"type":"Polygon","coordinates":[[[5.302,48.6106],[5.3014,48.612],[5.2968,48.6113],[5.2961,48.6137],[5.2919,48.6147],[5.2905,48.6186],[5.2876,48.6201],[5.28,48.6188],[5.2767,48.6211],[5.2763,48.6249],[5.2808,48.6275],[5.2798,48.6287],[5.2836,48.631],[5.2822,48.633],[5.285,48.6337],[5.2851,48.6362],[5.2878,48.6383],[5.2898,48.6411],[5.2976,48.6389],[5.3022,48.6391],[5.3061,48.6371],[5.3085,48.6337],[5.3066,48.6331],[5.3091,48.6286],[5.3129,48.6301],[5.3135,48.6259],[5.3167,48.6239],[5.3174,48.6213],[5.3211,48.6217],[5.3221,48.6183],[5.3209,48.616],[5.3252,48.6125],[5.3246,48.6113],[5.3186,48.6114],[5.3131,48.6105],[5.3073,48.612],[5.304,48.6119],[5.302,48.6106]]]}},{"type":"Feature","properties":{"code":"55563","nom":"Villers-lès-Mangiennes","pop":72},"geometry":{"type":"Polygon","coordinates":[[[5.4732,49.3424],[5.4764,49.3468],[5.4856,49.3507],[5.4931,49.3526],[5.4958,49.3557],[5.4948,49.3573],[5.4969,49.3598],[5.4973,49.3655],[5.4967,49.3692],[5.4999,49.3746],[5.5031,49.3767],[5.5136,49.3798],[5.5215,49.3796],[5.526,49.3771],[5.5314,49.3755],[5.5296,49.3731],[5.5285,49.369],[5.5193,49.3667],[5.5168,49.3621],[5.5171,49.3597],[5.5147,49.3574],[5.5165,49.354],[5.5117,49.3501],[5.5086,49.3488],[5.5028,49.3489],[5.5003,49.3454],[5.5008,49.3428],[5.5036,49.3405],[5.4993,49.3374],[5.5003,49.3341],[5.4975,49.3321],[5.4932,49.3334],[5.4887,49.3371],[5.4837,49.3372],[5.4759,49.3387],[5.4755,49.3407],[5.4732,49.3424]]]}},{"type":"Feature","properties":{"code":"55565","nom":"Villers-sous-Pareid","pop":77},"geometry":{"type":"Polygon","coordinates":[[[5.7551,49.1142],[5.7515,49.1134],[5.7498,49.116],[5.7449,49.1153],[5.7456,49.1138],[5.7391,49.1124],[5.7324,49.1115],[5.7315,49.1125],[5.7327,49.1153],[5.7293,49.1184],[5.7278,49.1181],[5.7194,49.1289],[5.7189,49.1334],[5.7302,49.1388],[5.733,49.1386],[5.7377,49.1347],[5.7404,49.1341],[5.747,49.1359],[5.7538,49.1391],[5.756,49.1425],[5.7647,49.1417],[5.7668,49.1402],[5.7723,49.14],[5.76,49.1342],[5.7538,49.1339],[5.7549,49.1288],[5.7518,49.1262],[5.7468,49.1248],[5.7485,49.121],[5.7511,49.1181],[5.7541,49.1186],[5.7551,49.1142]]]}},{"type":"Feature","properties":{"code":"55566","nom":"Villers-sur-Meuse","pop":284},"geometry":{"type":"Polygon","coordinates":[[[5.4101,49.0098],[5.4074,49.0125],[5.404,49.0123],[5.4012,49.0138],[5.3983,49.0127],[5.3928,49.015],[5.3873,49.0147],[5.3791,49.017],[5.3734,49.0215],[5.3687,49.023],[5.3774,49.0247],[5.3929,49.0296],[5.3975,49.0353],[5.4035,49.0341],[5.4114,49.0371],[5.4123,49.0349],[5.4169,49.0345],[5.4202,49.0327],[5.4241,49.0316],[5.4261,49.0299],[5.4275,49.0263],[5.4241,49.0239],[5.4284,49.0219],[5.4261,49.0192],[5.4206,49.0145],[5.4207,49.0122],[5.4101,49.0098]]]}},{"type":"Feature","properties":{"code":"55567","nom":"Ville-sur-Cousances","pop":126},"geometry":{"type":"Polygon","coordinates":[[[5.1602,49.0653],[5.1574,49.0695],[5.1496,49.0685],[5.1446,49.0665],[5.1434,49.0673],[5.1498,49.0694],[5.1486,49.0718],[5.1416,49.0733],[5.1409,49.0754],[5.1428,49.0791],[5.1448,49.0809],[5.1465,49.0817],[5.1588,49.0837],[5.1647,49.0869],[5.1677,49.0871],[5.1753,49.0898],[5.1864,49.0931],[5.1885,49.0901],[5.1973,49.093],[5.2005,49.0902],[5.2048,49.0907],[5.2042,49.0865],[5.2067,49.0869],[5.2093,49.084],[5.2041,49.0813],[5.2094,49.0803],[5.212,49.0783],[5.213,49.0759],[5.2172,49.0769],[5.2183,49.0745],[5.2145,49.0741],[5.2161,49.0715],[5.2132,49.0693],[5.2099,49.0712],[5.2069,49.0719],[5.2022,49.0742],[5.1989,49.0745],[5.1976,49.0727],[5.1916,49.0719],[5.187,49.0706],[5.1805,49.0705],[5.1742,49.068],[5.1732,49.0702],[5.1655,49.0685],[5.1623,49.0657],[5.1602,49.0653]]]}},{"type":"Feature","properties":{"code":"55568","nom":"Ville-sur-Saulx","pop":276},"geometry":{"type":"Polygon","coordinates":[[[5.0844,48.7286],[5.0855,48.7261],[5.09,48.7247],[5.0902,48.7225],[5.0837,48.7194],[5.0852,48.7159],[5.0805,48.7136],[5.0798,48.7123],[5.0753,48.709],[5.0738,48.7065],[5.0704,48.7067],[5.0676,48.71],[5.0629,48.7112],[5.0597,48.7114],[5.0545,48.7105],[5.0535,48.7138],[5.0558,48.7158],[5.0532,48.7181],[5.0528,48.7209],[5.05,48.7212],[5.0527,48.7239],[5.0561,48.7246],[5.061,48.724],[5.0658,48.7248],[5.0685,48.7274],[5.0721,48.726],[5.0761,48.7255],[5.0804,48.7266],[5.0844,48.7286]]]}},{"type":"Feature","properties":{"code":"55569","nom":"Villotte-devant-Louppy","pop":163},"geometry":{"type":"Polygon","coordinates":[[[5.0454,48.8843],[5.0476,48.8871],[5.0477,48.8919],[5.0395,48.8933],[5.0353,48.8956],[5.0344,48.8982],[5.0412,48.9034],[5.0461,48.904],[5.0516,48.903],[5.0579,48.9031],[5.0619,48.9021],[5.0675,48.9038],[5.0722,48.9028],[5.0757,48.9032],[5.0831,48.9022],[5.0897,48.9017],[5.0894,48.8982],[5.0962,48.8972],[5.1012,48.8971],[5.1062,48.8986],[5.1102,48.8988],[5.1138,48.8974],[5.1185,48.8974],[5.1199,48.8957],[5.1122,48.8924],[5.1078,48.8898],[5.1005,48.884],[5.0985,48.8812],[5.0917,48.8758],[5.0804,48.8799],[5.0724,48.8793],[5.0622,48.8819],[5.0573,48.8821],[5.0544,48.8836],[5.0504,48.8835],[5.0454,48.8843]]]}},{"type":"Feature","properties":{"code":"55570","nom":"Villotte-sur-Aire","pop":207},"geometry":{"type":"Polygon","coordinates":[[[5.3104,48.832],[5.3097,48.8348],[5.3066,48.8415],[5.3096,48.8441],[5.3141,48.8469],[5.3158,48.8467],[5.3216,48.8521],[5.3204,48.8532],[5.3202,48.8566],[5.3223,48.8582],[5.3209,48.8598],[5.3243,48.8616],[5.3323,48.864],[5.3382,48.865],[5.3445,48.8673],[5.3551,48.8699],[5.3652,48.87],[5.3694,48.8722],[5.3745,48.8764],[5.3766,48.8763],[5.3855,48.8788],[5.3983,48.8778],[5.4009,48.879],[5.4042,48.8769],[5.4052,48.8744],[5.4128,48.8745],[5.4146,48.8691],[5.4001,48.8614],[5.3984,48.8624],[5.3887,48.8648],[5.3824,48.8653],[5.3772,48.8651],[5.3749,48.8621],[5.372,48.8618],[5.361,48.8578],[5.3521,48.8528],[5.3512,48.8508],[5.3525,48.849],[5.348,48.847],[5.3464,48.8438],[5.343,48.8423],[5.3421,48.8389],[5.3373,48.8376],[5.336,48.8389],[5.3261,48.8374],[5.319,48.8354],[5.3104,48.832]]]}},{"type":"Feature","properties":{"code":"55571","nom":"Vilosnes-Haraumont","pop":260},"geometry":{"type":"MultiPolygon","coordinates":[[[[5.1917,49.3115],[5.1932,49.3148],[5.198,49.3174],[5.2041,49.3218],[5.2051,49.3231],[5.2103,49.3254],[5.2151,49.3239],[5.2214,49.3256],[5.2215,49.3281],[5.2189,49.3281],[5.2128,49.3301],[5.212,49.3314],[5.2067,49.3325],[5.2014,49.3348],[5.204,49.3339],[5.2101,49.3364],[5.212,49.3385],[5.2178,49.3401],[5.2208,49.3426],[5.2242,49.3434],[5.2308,49.3473],[5.2318,49.3495],[5.2369,49.3466],[5.2416,49.3454],[5.2443,49.3498],[5.2393,49.3497],[5.2334,49.3518],[5.2335,49.357],[5.2464,49.3561],[5.2513,49.3492],[5.257,49.3426],[5.2527,49.3418],[5.2524,49.3404],[5.2469,49.338],[5.2452,49.3356],[5.2462,49.3334],[5.2498,49.3337],[5.2545,49.3321],[5.2569,49.3274],[5.2553,49.325],[5.2505,49.3217],[5.2426,49.3197],[5.2295,49.3175],[5.2209,49.314],[5.2145,49.3126],[5.1988,49.3112],[5.1917,49.3115]]],[[[5.3089,49.3537],[5.311,49.348],[5.3103,49.3468],[5.3027,49.3469],[5.2992,49.3485],[5.2805,49.3458],[5.2722,49.3438],[5.2679,49.3432],[5.2586,49.3403],[5.2572,49.3459],[5.2616,49.3483],[5.2725,49.3499],[5.2779,49.3515],[5.2779,49.3546],[5.2738,49.3629],[5.2792,49.365],[5.2827,49.3645],[5.2848,49.3611],[5.2913,49.3545],[5.2924,49.3564],[5.2998,49.3597],[5.3011,49.3572],[5.3089,49.3537]]]]}},{"type":"Feature","properties":{"code":"55572","nom":"Vittarville","pop":92},"geometry":{"type":"Polygon","coordinates":[[[5.3778,49.4022],[5.3802,49.4037],[5.3822,49.4025],[5.3879,49.4041],[5.3939,49.4039],[5.3995,49.4052],[5.4055,49.4085],[5.4092,49.4082],[5.4159,49.4005],[5.412,49.3964],[5.4221,49.3958],[5.4253,49.3962],[5.4256,49.3931],[5.428,49.3902],[5.4283,49.3848],[5.4298,49.3836],[5.4248,49.3797],[5.4306,49.374],[5.4258,49.3711],[5.4328,49.3697],[5.4372,49.366],[5.4392,49.3653],[5.4459,49.3656],[5.4477,49.3643],[5.4448,49.3628],[5.4362,49.3613],[5.4382,49.363],[5.4355,49.3665],[5.4317,49.3681],[5.4288,49.3701],[5.4257,49.3702],[5.416,49.3742],[5.4111,49.374],[5.4089,49.3756],[5.402,49.379],[5.4,49.379],[5.3941,49.381],[5.3931,49.3909],[5.3911,49.3905],[5.3914,49.3992],[5.3876,49.3989],[5.3833,49.3997],[5.3778,49.4022]]]}},{"type":"Feature","properties":{"code":"55573","nom":"Void-Vacon","pop":1599},"geometry":{"type":"Polygon","coordinates":[[[5.6106,48.708],[5.6143,48.7085],[5.6166,48.7105],[5.6186,48.7095],[5.6227,48.7115],[5.6271,48.7098],[5.6263,48.7075],[5.6314,48.7065],[5.6305,48.705],[5.6259,48.7029],[5.6292,48.6992],[5.6315,48.6947],[5.6355,48.6946],[5.6435,48.696],[5.6467,48.6944],[5.6539,48.7011],[5.6565,48.6996],[5.6597,48.6994],[5.6619,48.6978],[5.6617,48.6967],[5.6668,48.6959],[5.6659,48.6934],[5.6634,48.6907],[5.665,48.6894],[5.6632,48.6874],[5.6602,48.6861],[5.6618,48.68],[5.6658,48.6737],[5.6679,48.6723],[5.6698,48.6691],[5.6639,48.6535],[5.6582,48.6533],[5.6545,48.6523],[5.6414,48.65],[5.6371,48.6495],[5.6319,48.6471],[5.6257,48.6466],[5.6183,48.6474],[5.6124,48.6489],[5.6083,48.6482],[5.6015,48.6461],[5.5956,48.647],[5.5842,48.6513],[5.5766,48.6516],[5.5798,48.6578],[5.579,48.6618],[5.5739,48.6609],[5.5755,48.67],[5.5797,48.6719],[5.5854,48.6718],[5.5892,48.6733],[5.5816,48.675],[5.5716,48.6797],[5.5743,48.6817],[5.5767,48.6848],[5.5786,48.6872],[5.5873,48.6876],[5.594,48.687],[5.5967,48.6909],[5.5936,48.6965],[5.5969,48.6979],[5.5985,48.7003],[5.5955,48.7021],[5.6048,48.7049],[5.6106,48.708]]]}},{"type":"Feature","properties":{"code":"55574","nom":"Vouthon-Bas","pop":42},"geometry":{"type":"Polygon","coordinates":[[[5.6463,48.4861],[5.6417,48.4846],[5.6327,48.4844],[5.6312,48.4848],[5.6211,48.4829],[5.6152,48.4827],[5.6083,48.4794],[5.605,48.4765],[5.5979,48.4793],[5.5941,48.4759],[5.5911,48.4752],[5.587,48.4781],[5.5867,48.4804],[5.5905,48.4887],[5.5957,48.4908],[5.6008,48.4954],[5.6018,48.4976],[5.5989,48.5019],[5.6076,48.5018],[5.6155,48.5024],[5.6187,48.5014],[5.624,48.5003],[5.6311,48.4968],[5.6355,48.494],[5.6388,48.4907],[5.6463,48.4861]]]}},{"type":"Feature","properties":{"code":"55575","nom":"Vouthon-Haut","pop":73},"geometry":{"type":"Polygon","coordinates":[[[5.6444,48.472],[5.6422,48.4724],[5.6373,48.4737],[5.6272,48.466],[5.626,48.462],[5.6241,48.4597],[5.6204,48.4572],[5.6133,48.4596],[5.6087,48.4594],[5.6064,48.4607],[5.6029,48.4579],[5.5973,48.4575],[5.5967,48.4589],[5.5887,48.4591],[5.5846,48.4582],[5.5789,48.4582],[5.5742,48.4597],[5.566,48.4607],[5.5691,48.4646],[5.5712,48.4686],[5.5757,48.471],[5.579,48.4734],[5.5795,48.4764],[5.5727,48.4837],[5.5753,48.4912],[5.5837,48.4948],[5.5926,48.4994],[5.5949,48.5016],[5.5989,48.5019],[5.6018,48.4976],[5.6008,48.4954],[5.5957,48.4908],[5.5905,48.4887],[5.5867,48.4804],[5.587,48.4781],[5.5911,48.4752],[5.5941,48.4759],[5.5979,48.4793],[5.605,48.4765],[5.6083,48.4794],[5.6152,48.4827],[5.6211,48.4829],[5.6312,48.4848],[5.6327,48.4844],[5.6417,48.4846],[5.6411,48.4814],[5.6422,48.4745],[5.6444,48.472]]]}},{"type":"Feature","properties":{"code":"55577","nom":"Waly","pop":58},"geometry":{"type":"Polygon","coordinates":[[[5.0945,49.0355],[5.0968,49.0366],[5.1006,49.0362],[5.1058,49.0353],[5.1097,49.0338],[5.1132,49.0338],[5.1159,49.0305],[5.1149,49.024],[5.1182,49.0209],[5.1184,49.0143],[5.1172,49.0132],[5.1153,49.0105],[5.1093,49.0102],[5.1088,49.0116],[5.1037,49.0119],[5.103,49.0146],[5.0969,49.0148],[5.0931,49.0171],[5.0878,49.0172],[5.0842,49.021],[5.0815,49.0214],[5.0775,49.0251],[5.0762,49.027],[5.0721,49.0289],[5.0773,49.0321],[5.084,49.0352],[5.0895,49.0344],[5.0945,49.0355]]]}},{"type":"Feature","properties":{"code":"55578","nom":"Warcq","pop":181},"geometry":{"type":"Polygon","coordinates":[[[5.6672,49.1975],[5.6625,49.1955],[5.6625,49.1938],[5.6586,49.1929],[5.6617,49.1881],[5.6568,49.1871],[5.6522,49.1865],[5.6493,49.187],[5.6471,49.184],[5.6397,49.1795],[5.633,49.1791],[5.6306,49.1782],[5.6204,49.186],[5.6222,49.1873],[5.6213,49.1898],[5.6241,49.1902],[5.6221,49.1957],[5.6323,49.1956],[5.6347,49.1963],[5.6368,49.1991],[5.6474,49.1967],[5.6542,49.2016],[5.6585,49.1995],[5.6618,49.2018],[5.666,49.2006],[5.6672,49.1975]]]}},{"type":"Feature","properties":{"code":"55579","nom":"Watronville","pop":103},"geometry":{"type":"Polygon","coordinates":[[[5.5738,49.1438],[5.5748,49.1422],[5.5728,49.14],[5.5614,49.1343],[5.5558,49.1329],[5.5504,49.1305],[5.5423,49.1282],[5.5372,49.1281],[5.5366,49.1271],[5.536,49.1236],[5.5335,49.121],[5.5081,49.121],[5.5155,49.1246],[5.5271,49.1237],[5.5314,49.1252],[5.5295,49.1287],[5.5371,49.1329],[5.5312,49.1362],[5.5313,49.1374],[5.5278,49.1404],[5.5291,49.1422],[5.5347,49.1457],[5.5394,49.1475],[5.5384,49.1485],[5.5495,49.1527],[5.5514,49.1514],[5.5557,49.152],[5.5663,49.1485],[5.57,49.1456],[5.5738,49.1438]]]}},{"type":"Feature","properties":{"code":"55580","nom":"Wavrille","pop":47},"geometry":{"type":"Polygon","coordinates":[[[5.387,49.331],[5.3929,49.332],[5.402,49.3328],[5.4032,49.3282],[5.3987,49.3222],[5.3953,49.3202],[5.3848,49.3172],[5.381,49.3144],[5.3857,49.3129],[5.3769,49.3097],[5.3732,49.3107],[5.3681,49.3099],[5.3645,49.308],[5.353,49.3051],[5.3459,49.3082],[5.3475,49.3104],[5.3473,49.3124],[5.3496,49.3123],[5.3567,49.314],[5.3651,49.3186],[5.3667,49.3217],[5.3653,49.3237],[5.3684,49.3257],[5.3737,49.328],[5.3794,49.3283],[5.3869,49.3302],[5.387,49.331]]]}},{"type":"Feature","properties":{"code":"55581","nom":"Willeroncourt","pop":109},"geometry":{"type":"Polygon","coordinates":[[[5.3381,48.7066],[5.336,48.7115],[5.3403,48.7202],[5.3418,48.7254],[5.3435,48.7277],[5.3428,48.7301],[5.3444,48.735],[5.3462,48.7355],[5.3501,48.7316],[5.3647,48.7291],[5.3677,48.724],[5.3735,48.721],[5.3715,48.7181],[5.3744,48.7177],[5.378,48.7056],[5.3772,48.7031],[5.3786,48.7019],[5.3726,48.6993],[5.3721,48.6976],[5.3621,48.696],[5.3595,48.6984],[5.3561,48.7003],[5.3538,48.7044],[5.3491,48.7068],[5.3381,48.7066]]]}},{"type":"Feature","properties":{"code":"55582","nom":"Wiseppe","pop":96},"geometry":{"type":"Polygon","coordinates":[[[5.176,49.4722],[5.1802,49.4712],[5.1816,49.4671],[5.1862,49.4606],[5.1857,49.4581],[5.1874,49.4554],[5.1835,49.4531],[5.1764,49.4509],[5.169,49.4499],[5.1636,49.4532],[5.1567,49.4534],[5.1541,49.4546],[5.1502,49.4513],[5.148,49.4482],[5.1464,49.449],[5.1458,49.4529],[5.1467,49.4543],[5.1407,49.4558],[5.1437,49.4579],[5.1488,49.4617],[5.1486,49.4658],[5.1467,49.4686],[5.1545,49.4685],[5.1593,49.4695],[5.164,49.4722],[5.1668,49.4727],[5.1684,49.4705],[5.176,49.4722]]]}},{"type":"Feature","properties":{"code":"55583","nom":"Woël","pop":209},"geometry":{"type":"Polygon","coordinates":[[[5.7451,49.0599],[5.7478,49.0598],[5.755,49.0539],[5.7585,49.0543],[5.7662,49.0455],[5.7697,49.0464],[5.7775,49.0522],[5.7794,49.051],[5.7722,49.0442],[5.7637,49.0397],[5.7662,49.0378],[5.7709,49.0371],[5.768,49.0342],[5.7589,49.0332],[5.7606,49.0311],[5.7589,49.03],[5.7602,49.0266],[5.7482,49.0237],[5.7435,49.0214],[5.7392,49.0195],[5.7293,49.0179],[5.7259,49.0183],[5.7228,49.0209],[5.7179,49.0238],[5.7181,49.0262],[5.7123,49.0324],[5.7145,49.0331],[5.7151,49.0356],[5.7123,49.038],[5.7149,49.0389],[5.7125,49.043],[5.7148,49.0438],[5.7129,49.0466],[5.7165,49.049],[5.7246,49.0516],[5.7266,49.0536],[5.7334,49.0554],[5.7399,49.0565],[5.7448,49.0588],[5.7451,49.0599]]]}},{"type":"Feature","properties":{"code":"55584","nom":"Woimbey","pop":133},"geometry":{"type":"Polygon","coordinates":[[[5.4764,48.9813],[5.4797,48.9806],[5.4817,48.977],[5.4857,48.9768],[5.4898,48.9742],[5.4931,48.9739],[5.4886,48.9688],[5.4788,48.9609],[5.4747,48.9564],[5.4683,48.9522],[5.462,48.9491],[5.4606,48.9523],[5.4534,48.9536],[5.4487,48.9512],[5.45,48.9461],[5.4512,48.9447],[5.4476,48.9483],[5.4418,48.9478],[5.4397,48.9494],[5.4355,48.9475],[5.4302,48.9467],[5.4253,48.9499],[5.417,48.9516],[5.4144,48.9549],[5.4109,48.9627],[5.4089,48.9655],[5.4093,48.9676],[5.413,48.9668],[5.4141,48.965],[5.4223,48.9675],[5.4261,48.9669],[5.4325,48.9695],[5.4348,48.972],[5.4462,48.979],[5.4515,48.9833],[5.4611,48.9881],[5.4645,48.9862],[5.47,48.9867],[5.4714,48.9835],[5.4764,48.9813]]]}},{"type":"Feature","properties":{"code":"55586","nom":"Xivray-et-Marvoisin","pop":118},"geometry":{"type":"Polygon","coordinates":[[[5.7654,48.8732],[5.7646,48.8724],[5.7674,48.8693],[5.7687,48.8648],[5.7673,48.8643],[5.7692,48.8598],[5.7598,48.8581],[5.7537,48.8581],[5.7473,48.8532],[5.7377,48.8517],[5.7331,48.8499],[5.7346,48.851],[5.7316,48.8534],[5.7275,48.8531],[5.7247,48.8552],[5.7147,48.8524],[5.7128,48.8543],[5.703,48.8569],[5.6996,48.8569],[5.6917,48.8542],[5.6894,48.8543],[5.6889,48.857],[5.6871,48.8592],[5.6944,48.8606],[5.6976,48.8628],[5.6934,48.8674],[5.6969,48.8695],[5.6945,48.8728],[5.6982,48.8744],[5.7009,48.8772],[5.7041,48.8779],[5.7067,48.8804],[5.7187,48.8786],[5.7196,48.8826],[5.7225,48.8852],[5.7263,48.8849],[5.7292,48.8838],[5.7313,48.881],[5.7392,48.8806],[5.741,48.8789],[5.7451,48.88],[5.7491,48.8799],[5.7506,48.8772],[5.7609,48.8773],[5.7642,48.8752],[5.7654,48.8732]]]}}]}