{"type":"FeatureCollection","features":[{"type":"Feature","properties":{"code":"69001","nom":"Affoux","pop":398},"geometry":{"type":"Polygon","coordinates":[[[4.3906,45.8375],[4.3862,45.8403],[4.3823,45.8437],[4.3828,45.8476],[4.3914,45.8505],[4.3922,45.8538],[4.3962,45.8602],[4.3964,45.8587],[4.4003,45.8554],[4.4004,45.8537],[4.4076,45.8497],[4.4084,45.855],[4.4119,45.8585],[4.4186,45.8627],[4.4371,45.8491],[4.4385,45.8465],[4.4371,45.8448],[4.4409,45.8341],[4.4406,45.8339],[4.4343,45.8353],[4.4301,45.832],[4.4276,45.8313],[4.4254,45.8277],[4.4211,45.8269],[4.4161,45.8276],[4.4134,45.8305],[4.4108,45.8302],[4.4039,45.8321],[4.3957,45.8338],[4.3906,45.8375]]]}},{"type":"Feature","properties":{"code":"69002","nom":"Aigueperse","pop":235},"geometry":{"type":"Polygon","coordinates":[[[4.3963,46.2747],[4.3984,46.2762],[4.3972,46.283],[4.4006,46.286],[4.4036,46.2873],[4.405,46.2909],[4.4075,46.2926],[4.4061,46.2962],[4.4111,46.2954],[4.4139,46.2962],[4.4227,46.295],[4.425,46.2963],[4.4272,46.3028],[4.4292,46.3016],[4.4333,46.301],[4.4382,46.298],[4.438,46.2956],[4.4399,46.2931],[4.4415,46.2907],[4.4422,46.2876],[4.4494,46.2842],[4.4552,46.2797],[4.4575,46.2769],[4.4563,46.2758],[4.456,46.272],[4.4395,46.2702],[4.436,46.2652],[4.4336,46.2639],[4.4296,46.2659],[4.4236,46.2653],[4.4151,46.2617],[4.4087,46.265],[4.3969,46.2669],[4.3963,46.2747]]]}},{"type":"Feature","properties":{"code":"69003","nom":"Albigny-sur-Saône","pop":3057},"geometry":{"type":"Polygon","coordinates":[[[4.8369,45.8665],[4.8391,45.8629],[4.8392,45.8588],[4.8373,45.8538],[4.8334,45.8544],[4.8267,45.8542],[4.8192,45.8562],[4.8174,45.856],[4.823,45.8611],[4.8237,45.863],[4.8233,45.8672],[4.8283,45.8699],[4.8265,45.8739],[4.8329,45.8762],[4.831,45.8778],[4.8317,45.8794],[4.8342,45.879],[4.837,45.877],[4.8358,45.8707],[4.8369,45.8665]]]}},{"type":"Feature","properties":{"code":"69004","nom":"Alix","pop":777},"geometry":{"type":"Polygon","coordinates":[[[4.6559,45.9269],[4.6662,45.9246],[4.665,45.9204],[4.6633,45.9186],[4.6647,45.9142],[4.6666,45.9122],[4.6641,45.9091],[4.6695,45.9066],[4.6702,45.9055],[4.6657,45.906],[4.6624,45.9075],[4.6579,45.908],[4.6552,45.9073],[4.6495,45.9074],[4.6478,45.9081],[4.6422,45.9123],[4.6417,45.9153],[4.6426,45.9185],[4.6406,45.9237],[4.6462,45.9257],[4.6528,45.9262],[4.6559,45.9269]]]}},{"type":"Feature","properties":{"code":"69005","nom":"Ambérieux","pop":651},"geometry":{"type":"Polygon","coordinates":[[[4.7611,45.935],[4.7617,45.9298],[4.7557,45.9304],[4.7496,45.9225],[4.7467,45.9225],[4.7445,45.9186],[4.7407,45.9165],[4.7376,45.9117],[4.7341,45.9114],[4.7335,45.9179],[4.7325,45.9206],[4.7312,45.9241],[4.7268,45.9278],[4.7241,45.9342],[4.7314,45.9413],[4.7365,45.9386],[4.7447,45.9373],[4.7472,45.9371],[4.7559,45.9345],[4.7611,45.935]]]}},{"type":"Feature","properties":{"code":"69006","nom":"Amplepuis","pop":4876},"geometry":{"type":"Polygon","coordinates":[[[4.2439,45.9974],[4.2492,45.9955],[4.2533,45.9958],[4.2577,45.9948],[4.2595,45.9957],[4.2625,45.9996],[4.2629,46.002],[4.269,46.0003],[4.2653,45.9959],[4.2666,45.9913],[4.2713,45.9878],[4.2762,45.9935],[4.2803,45.9928],[4.2828,45.9944],[4.2855,45.9945],[4.2872,45.9992],[4.2894,45.9983],[4.2901,45.9963],[4.2926,45.9945],[4.293,45.9904],[4.2995,45.9891],[4.3013,45.9852],[4.3056,45.9796],[4.3109,45.9798],[4.3111,45.9826],[4.3166,45.9822],[4.3185,45.9802],[4.3243,45.9788],[4.3278,45.9812],[4.3315,45.9824],[4.3349,45.9845],[4.3394,45.9847],[4.3401,45.9883],[4.3416,45.9908],[4.3473,45.9924],[4.3472,45.9932],[4.3532,45.9977],[4.3579,45.9969],[4.3608,45.9947],[4.3604,45.9929],[4.3576,45.989],[4.3566,45.9853],[4.3585,45.9805],[4.3625,45.9803],[4.3656,45.9773],[4.3677,45.9702],[4.3665,45.9665],[4.371,45.9665],[4.3728,45.9654],[4.3715,45.9599],[4.3842,45.9506],[4.3888,45.9502],[4.39,45.9485],[4.3881,45.946],[4.3901,45.9443],[4.3897,45.9422],[4.3895,45.9404],[4.3866,45.9365],[4.384,45.9377],[4.377,45.9348],[4.3613,45.9348],[4.3588,45.9373],[4.3553,45.9393],[4.3522,45.9395],[4.3512,45.9351],[4.3465,45.9312],[4.3461,45.9299],[4.3448,45.9309],[4.3366,45.9316],[4.3323,45.934],[4.3296,45.9365],[4.3235,45.9395],[4.3195,45.9436],[4.316,45.9421],[4.3141,45.9403],[4.3096,45.9451],[4.3051,45.9473],[4.2998,45.9483],[4.2973,45.9521],[4.2938,45.9535],[4.3003,45.956],[4.301,45.9576],[4.2986,45.9649],[4.2935,45.9675],[4.2907,45.9722],[4.2838,45.9758],[4.2775,45.9766],[4.276,45.9778],[4.2753,45.9799],[4.2711,45.9797],[4.2653,45.9811],[4.261,45.9809],[4.2571,45.9816],[4.2483,45.9867],[4.2478,45.9896],[4.2492,45.9918],[4.244,45.9959],[4.2439,45.9974]]]}},{"type":"Feature","properties":{"code":"69007","nom":"Ampuis","pop":2769},"geometry":{"type":"Polygon","coordinates":[[[4.8418,45.5006],[4.8344,45.4986],[4.8265,45.4959],[4.823,45.4938],[4.8191,45.4903],[4.8135,45.484],[4.8016,45.4795],[4.8009,45.4803],[4.7934,45.4802],[4.7941,45.4836],[4.7924,45.4867],[4.7888,45.4904],[4.784,45.4921],[4.7802,45.495],[4.7755,45.5042],[4.7718,45.5043],[4.773,45.5063],[4.7778,45.5067],[4.778,45.5086],[4.7758,45.516],[4.776,45.5184],[4.7773,45.5196],[4.7758,45.5241],[4.7817,45.5251],[4.7854,45.5274],[4.7869,45.5271],[4.8072,45.5173],[4.8166,45.5121],[4.8281,45.5114],[4.8317,45.5087],[4.834,45.5099],[4.8391,45.5102],[4.842,45.5076],[4.8429,45.5052],[4.8456,45.5037],[4.8418,45.5006]]]}},{"type":"Feature","properties":{"code":"69008","nom":"Ancy","pop":671},"geometry":{"type":"Polygon","coordinates":[[[4.4959,45.8549],[4.4981,45.8505],[4.5016,45.8505],[4.5039,45.8481],[4.5039,45.8438],[4.5147,45.8438],[4.5214,45.8411],[4.5308,45.8392],[4.5344,45.8358],[4.536,45.8357],[4.5408,45.8334],[4.5438,45.8277],[4.5406,45.8264],[4.538,45.8291],[4.5353,45.8292],[4.5308,45.827],[4.522,45.8253],[4.5163,45.8249],[4.5177,45.8219],[4.5073,45.8178],[4.4975,45.8184],[4.4864,45.8181],[4.4814,45.8175],[4.4757,45.818],[4.4765,45.8219],[4.4758,45.8288],[4.4806,45.8364],[4.4831,45.8376],[4.4858,45.8405],[4.4878,45.8479],[4.4959,45.8549]]]}},{"type":"Feature","properties":{"code":"69009","nom":"Anse","pop":8206},"geometry":{"type":"Polygon","coordinates":[[[4.7487,45.9626],[4.746,45.9605],[4.7335,45.953],[4.7291,45.9495],[4.7281,45.9477],[4.7286,45.9443],[4.7314,45.9413],[4.7241,45.9342],[4.7268,45.9278],[4.7312,45.9241],[4.7325,45.9206],[4.7179,45.9213],[4.6998,45.9241],[4.6992,45.9292],[4.6967,45.9327],[4.6943,45.9337],[4.6883,45.9299],[4.6861,45.9298],[4.6821,45.9311],[4.6761,45.9315],[4.6682,45.9335],[4.6632,45.9358],[4.6597,45.9346],[4.6596,45.9401],[4.6611,45.944],[4.6633,45.9463],[4.6634,45.9484],[4.6725,45.9427],[4.6754,45.9414],[4.6809,45.941],[4.6823,45.9433],[4.6869,45.9444],[4.6901,45.9442],[4.6913,45.9487],[4.6954,45.9487],[4.6992,45.9496],[4.7021,45.9536],[4.7015,45.9555],[4.7052,45.9566],[4.7084,45.9564],[4.7107,45.9586],[4.7153,45.9596],[4.7156,45.9617],[4.7209,45.9606],[4.7225,45.9625],[4.7299,45.9607],[4.7363,45.9696],[4.7412,45.9683],[4.7503,45.9646],[4.7487,45.9626]]]}},{"type":"Feature","properties":{"code":"69010","nom":"L'Arbresle","pop":6537},"geometry":{"type":"Polygon","coordinates":[[[4.6247,45.8398],[4.622,45.8393],[4.6208,45.8359],[4.6219,45.835],[4.6168,45.8328],[4.6165,45.8314],[4.6128,45.8289],[4.6103,45.8245],[4.6082,45.8251],[4.6065,45.8229],[4.6027,45.8229],[4.5996,45.8268],[4.5959,45.8283],[4.5967,45.8316],[4.5987,45.8346],[4.6017,45.8368],[4.6008,45.8384],[4.5959,45.8396],[4.5981,45.8407],[4.5994,45.8441],[4.6035,45.8468],[4.6067,45.8449],[4.6111,45.8433],[4.6163,45.8426],[4.6209,45.8436],[4.6247,45.8398]]]}},{"type":"Feature","properties":{"code":"69012","nom":"Les Ardillats","pop":628},"geometry":{"type":"Polygon","coordinates":[[[4.4863,46.2047],[4.4891,46.2048],[4.4929,46.2029],[4.4946,46.2009],[4.4977,46.1999],[4.5022,46.2005],[4.5053,46.1996],[4.5103,46.203],[4.5228,46.2052],[4.5307,46.2049],[4.5394,46.2076],[4.5402,46.2083],[4.5525,46.2115],[4.5627,46.2078],[4.565,46.2054],[4.5673,46.2013],[4.5693,46.2001],[4.5731,46.1951],[4.5729,46.1932],[4.5769,46.1906],[4.5764,46.1872],[4.5786,46.185],[4.5776,46.1812],[4.5744,46.1778],[4.5719,46.1733],[4.5694,46.1654],[4.5602,46.1672],[4.5599,46.1688],[4.5543,46.1683],[4.5484,46.1693],[4.5457,46.1714],[4.5339,46.1729],[4.5305,46.1741],[4.5241,46.1746],[4.518,46.1736],[4.5101,46.173],[4.5091,46.1754],[4.5052,46.1788],[4.5,46.1846],[4.4933,46.1882],[4.4892,46.1935],[4.4838,46.1953],[4.4799,46.1977],[4.4854,46.2001],[4.4863,46.2047]]]}},{"type":"Feature","properties":{"code":"69013","nom":"Arnas","pop":4601},"geometry":{"type":"Polygon","coordinates":[[[4.7492,46.0036],[4.7487,46.0028],[4.7466,46.0026],[4.7383,46.0002],[4.7336,45.9993],[4.7193,45.9997],[4.7199,46.0106],[4.712,46.0094],[4.7097,46.0081],[4.7046,46.0082],[4.6965,46.0072],[4.6913,46.0058],[4.6847,46.003],[4.679,46.0033],[4.6748,46.0068],[4.671,46.0156],[4.6728,46.0189],[4.6765,46.0201],[4.6806,46.0246],[4.6818,46.0271],[4.6833,46.0333],[4.7009,46.0394],[4.7155,46.0387],[4.7155,46.0353],[4.7181,46.0339],[4.7252,46.0341],[4.7286,46.0293],[4.7311,46.0278],[4.7446,46.0273],[4.7466,46.0278],[4.7441,46.0205],[4.7449,46.016],[4.7486,46.0106],[4.7495,46.0063],[4.7492,46.0036]]]}},{"type":"Feature","properties":{"code":"69014","nom":"Aveize","pop":1110},"geometry":{"type":"Polygon","coordinates":[[[4.4788,45.7027],[4.4803,45.7022],[4.4826,45.6967],[4.4861,45.6943],[4.4943,45.6926],[4.5022,45.6894],[4.5037,45.6893],[4.5076,45.6803],[4.5065,45.6729],[4.5069,45.6692],[4.5022,45.6674],[4.4992,45.6657],[4.4939,45.665],[4.4885,45.6623],[4.4855,45.6626],[4.4811,45.66],[4.4789,45.6578],[4.4717,45.6571],[4.4665,45.6606],[4.4625,45.6623],[4.457,45.6622],[4.4575,45.6669],[4.4541,45.6684],[4.4498,45.6686],[4.4494,45.6701],[4.4437,45.6739],[4.4412,45.6768],[4.4457,45.6822],[4.4502,45.6861],[4.4464,45.6882],[4.4502,45.6942],[4.4555,45.6961],[4.4587,45.6989],[4.4638,45.6951],[4.4657,45.6948],[4.4686,45.6965],[4.4708,45.7],[4.4754,45.703],[4.4788,45.7027]]]}},{"type":"Feature","properties":{"code":"69016","nom":"Azolette","pop":120},"geometry":{"type":"Polygon","coordinates":[[[4.4142,46.1801],[4.4118,46.1801],[4.4102,46.182],[4.4063,46.1823],[4.4039,46.1836],[4.402,46.186],[4.3977,46.1876],[4.396,46.1893],[4.3958,46.1954],[4.4154,46.2004],[4.4191,46.2006],[4.4229,46.2033],[4.4275,46.1984],[4.4321,46.1945],[4.4314,46.1894],[4.4244,46.1867],[4.4201,46.1873],[4.4168,46.1869],[4.4159,46.1851],[4.4192,46.1832],[4.4142,46.1801]]]}},{"type":"Feature","properties":{"code":"69017","nom":"Bagnols","pop":765},"geometry":{"type":"Polygon","coordinates":[[[4.6466,45.9063],[4.6481,45.9039],[4.6458,45.8961],[4.6367,45.8976],[4.6288,45.8976],[4.6218,45.8998],[4.6134,45.9033],[4.6068,45.9039],[4.6022,45.9045],[4.5951,45.9046],[4.5938,45.904],[4.593,45.9065],[4.5955,45.9154],[4.6007,45.9157],[4.6026,45.9203],[4.6098,45.9248],[4.6119,45.9237],[4.6187,45.919],[4.6246,45.9203],[4.6288,45.9164],[4.6335,45.9129],[4.6413,45.9109],[4.6466,45.9063]]]}},{"type":"Feature","properties":{"code":"69018","nom":"Beaujeu","pop":2082},"geometry":{"type":"Polygon","coordinates":[[[4.5769,46.1906],[4.5817,46.1872],[4.5857,46.1821],[4.5902,46.1806],[4.5977,46.1822],[4.6059,46.1828],[4.6091,46.182],[4.6112,46.1827],[4.6136,46.1761],[4.6118,46.1699],[4.611,46.1645],[4.6065,46.1581],[4.6071,46.1572],[4.6036,46.1496],[4.5996,46.1472],[4.6019,46.145],[4.6021,46.1428],[4.6005,46.1439],[4.592,46.142],[4.5912,46.1402],[4.5877,46.1387],[4.5871,46.1372],[4.5833,46.1355],[4.5781,46.1295],[4.5733,46.1292],[4.5643,46.1264],[4.56,46.1304],[4.5469,46.1341],[4.553,46.1391],[4.5579,46.1415],[4.5609,46.1472],[4.5594,46.1488],[4.5658,46.1563],[4.5694,46.1654],[4.5719,46.1733],[4.5744,46.1778],[4.5776,46.1812],[4.5786,46.185],[4.5764,46.1872],[4.5769,46.1906]]]}},{"type":"Feature","properties":{"code":"69019","nom":"Belleville-en-Beaujolais","pop":14016},"geometry":{"type":"Polygon","coordinates":[[[4.7674,46.107],[4.7602,46.1011],[4.755,46.0966],[4.7499,46.0939],[4.7473,46.0894],[4.7469,46.0858],[4.7494,46.0822],[4.7445,46.0835],[4.7441,46.0857],[4.7388,46.0856],[4.7311,46.0883],[4.7226,46.0901],[4.7191,46.095],[4.7119,46.1005],[4.7083,46.1016],[4.6985,46.1021],[4.6968,46.1042],[4.6971,46.1072],[4.6953,46.1089],[4.6938,46.1132],[4.6952,46.1144],[4.6965,46.1182],[4.6983,46.1196],[4.6962,46.1266],[4.699,46.1262],[4.6995,46.13],[4.6948,46.1304],[4.6908,46.1333],[4.6971,46.1347],[4.7001,46.1373],[4.7002,46.1385],[4.7032,46.1412],[4.703,46.1446],[4.7034,46.1457],[4.7077,46.1473],[4.7143,46.1426],[4.7176,46.1373],[4.721,46.1375],[4.724,46.1364],[4.7323,46.1398],[4.7345,46.1414],[4.743,46.1422],[4.7444,46.1429],[4.7553,46.142],[4.7508,46.1403],[4.7441,46.1401],[4.7445,46.135],[4.7471,46.131],[4.7504,46.1291],[4.7523,46.1246],[4.7473,46.1152],[4.7525,46.1095],[4.7563,46.1101],[4.7601,46.1081],[4.7631,46.1055],[4.7674,46.107]]]}},{"type":"Feature","properties":{"code":"69020","nom":"Belmont-d'Azergues","pop":720},"geometry":{"type":"Polygon","coordinates":[[[4.6602,45.8671],[4.6609,45.8705],[4.6635,45.8721],[4.6652,45.8757],[4.6698,45.8761],[4.6708,45.873],[4.674,45.8724],[4.6731,45.8707],[4.6768,45.8678],[4.6746,45.8634],[4.6713,45.8621],[4.6694,45.8585],[4.6655,45.8612],[4.6609,45.8623],[4.6602,45.8671]]]}},{"type":"Feature","properties":{"code":"69021","nom":"Bessenay","pop":2331},"geometry":{"type":"Polygon","coordinates":[[[4.5323,45.7904],[4.5398,45.789],[4.545,45.7874],[4.549,45.7885],[4.5524,45.7878],[4.5627,45.7891],[4.5693,45.7905],[4.5728,45.7891],[4.5801,45.7894],[4.5847,45.788],[4.5836,45.7853],[4.5767,45.7822],[4.5761,45.7802],[4.5715,45.7742],[4.5705,45.7692],[4.5661,45.7646],[4.564,45.7644],[4.5636,45.7618],[4.5612,45.7602],[4.5586,45.7606],[4.5562,45.7573],[4.5504,45.7548],[4.5484,45.7518],[4.5416,45.7552],[4.5357,45.7547],[4.5337,45.7557],[4.5294,45.7555],[4.5263,45.7588],[4.525,45.7588],[4.5259,45.7631],[4.5287,45.764],[4.5293,45.7663],[4.5281,45.772],[4.5213,45.771],[4.5163,45.7722],[4.5148,45.775],[4.5121,45.7779],[4.5161,45.7804],[4.5175,45.7837],[4.525,45.7857],[4.5296,45.7881],[4.5323,45.7904]]]}},{"type":"Feature","properties":{"code":"69022","nom":"Bibost","pop":538},"geometry":{"type":"Polygon","coordinates":[[[4.5693,45.7905],[4.5627,45.7891],[4.5524,45.7878],[4.549,45.7885],[4.545,45.7874],[4.5398,45.789],[4.5323,45.7904],[4.5284,45.7898],[4.5267,45.7961],[4.5346,45.8],[4.5341,45.8038],[4.537,45.8075],[4.5416,45.8079],[4.5474,45.807],[4.5514,45.805],[4.559,45.8025],[4.5627,45.8023],[4.5654,45.8013],[4.5719,45.8016],[4.5705,45.7985],[4.5667,45.7989],[4.5696,45.7945],[4.5693,45.7905]]]}},{"type":"Feature","properties":{"code":"69023","nom":"Blacé","pop":1715},"geometry":{"type":"Polygon","coordinates":[[[4.6711,46.0475],[4.6731,46.0463],[4.676,46.0391],[4.676,46.0356],[4.6727,46.0323],[4.6622,46.0315],[4.6602,46.0294],[4.6576,46.029],[4.6546,46.03],[4.6497,46.0288],[4.6452,46.027],[4.6418,46.0287],[4.6381,46.0262],[4.6343,46.0254],[4.6322,46.0239],[4.625,46.0246],[4.6215,46.0266],[4.6186,46.0234],[4.6125,46.019],[4.6108,46.0192],[4.6078,46.0221],[4.6065,46.0245],[4.6039,46.025],[4.6005,46.0243],[4.5897,46.0235],[4.585,46.0307],[4.5879,46.0326],[4.5891,46.0353],[4.5945,46.0356],[4.5978,46.0364],[4.6031,46.0368],[4.613,46.0359],[4.6201,46.0376],[4.6205,46.0332],[4.6247,46.0344],[4.6266,46.0365],[4.6315,46.0364],[4.6399,46.0348],[4.6435,46.0375],[4.6446,46.0421],[4.647,46.0445],[4.6461,46.0483],[4.6467,46.0496],[4.6513,46.0532],[4.652,46.0552],[4.6553,46.0552],[4.6597,46.0531],[4.6689,46.0468],[4.6711,46.0475]]]}},{"type":"Feature","properties":{"code":"69024","nom":"Val d'Oingt","pop":4117},"geometry":{"type":"Polygon","coordinates":[[[4.5774,45.9739],[4.5793,45.9712],[4.5836,45.9706],[4.5839,45.9685],[4.5875,45.9682],[4.5887,45.9663],[4.5896,45.9615],[4.5923,45.9585],[4.5955,45.9538],[4.5932,45.952],[4.5936,45.9494],[4.5934,45.9481],[4.5955,45.9418],[4.592,45.9399],[4.5931,45.9389],[4.5939,45.9341],[4.5924,45.9315],[4.5929,45.9272],[4.5952,45.9254],[4.5945,45.9202],[4.5928,45.9167],[4.5955,45.9154],[4.593,45.9065],[4.5938,45.904],[4.5923,45.9033],[4.5919,45.9067],[4.5926,45.915],[4.5826,45.9121],[4.58,45.9134],[4.5782,45.912],[4.5768,45.9089],[4.5735,45.9101],[4.5679,45.9105],[4.5617,45.9099],[4.5627,45.911],[4.5579,45.9138],[4.5555,45.9171],[4.5588,45.9184],[4.5587,45.92],[4.5518,45.9196],[4.5507,45.9216],[4.5471,45.9234],[4.5418,45.927],[4.5383,45.9305],[4.5379,45.9321],[4.5453,45.9361],[4.5433,45.9398],[4.5456,45.9415],[4.5465,45.9443],[4.55,45.9456],[4.5548,45.9473],[4.5586,45.9499],[4.562,45.9514],[4.5679,45.9526],[4.5728,45.9553],[4.5763,45.9588],[4.5775,45.9609],[4.5758,45.9628],[4.5766,45.9643],[4.5759,45.971],[4.5774,45.9739]]]}},{"type":"Feature","properties":{"code":"69026","nom":"Le Breuil","pop":533},"geometry":{"type":"Polygon","coordinates":[[[4.6063,45.8804],[4.6037,45.8775],[4.6002,45.8784],[4.5989,45.8771],[4.5949,45.8794],[4.5831,45.8793],[4.5799,45.8817],[4.5703,45.8954],[4.5738,45.8955],[4.5792,45.8975],[4.5819,45.8976],[4.5869,45.9],[4.5923,45.9033],[4.5938,45.904],[4.5951,45.9046],[4.6022,45.9045],[4.6068,45.9039],[4.6075,45.9006],[4.6017,45.8865],[4.6047,45.8842],[4.6063,45.8804]]]}},{"type":"Feature","properties":{"code":"69027","nom":"Brignais","pop":12503},"geometry":{"type":"Polygon","coordinates":[[[4.7258,45.6753],[4.7266,45.6762],[4.724,45.6802],[4.7263,45.6863],[4.7288,45.6876],[4.7293,45.6911],[4.7317,45.6901],[4.7339,45.6917],[4.7408,45.6901],[4.7417,45.6912],[4.747,45.6898],[4.7499,45.6912],[4.7554,45.6896],[4.7592,45.6907],[4.7644,45.6898],[4.7652,45.6881],[4.7703,45.6892],[4.7733,45.6892],[4.7749,45.6875],[4.7739,45.6853],[4.7753,45.6834],[4.7791,45.6832],[4.7799,45.6788],[4.7798,45.6748],[4.7812,45.6727],[4.7779,45.6704],[4.7711,45.6685],[4.7703,45.67],[4.7647,45.6684],[4.7666,45.665],[4.7616,45.6654],[4.7587,45.6615],[4.7593,45.6603],[4.7514,45.6589],[4.7481,45.6585],[4.748,45.6611],[4.7446,45.6644],[4.7427,45.6684],[4.7421,45.6722],[4.7332,45.6726],[4.7269,45.6737],[4.7258,45.6753]]]}},{"type":"Feature","properties":{"code":"69028","nom":"Brindas","pop":6775},"geometry":{"type":"Polygon","coordinates":[[[4.7101,45.6986],[4.708,45.6997],[4.7059,45.7018],[4.7022,45.7034],[4.699,45.7059],[4.6855,45.7095],[4.6706,45.7155],[4.6712,45.7212],[4.6723,45.7239],[4.6742,45.7255],[4.6783,45.7247],[4.682,45.727],[4.6862,45.7284],[4.693,45.7294],[4.6983,45.733],[4.7027,45.7352],[4.7066,45.7342],[4.7086,45.7363],[4.712,45.7356],[4.7126,45.7361],[4.7218,45.7358],[4.7221,45.7373],[4.7273,45.7378],[4.7256,45.7335],[4.7309,45.7324],[4.7342,45.7292],[4.7354,45.7253],[4.7316,45.7231],[4.7251,45.7208],[4.7232,45.7191],[4.7171,45.7154],[4.7153,45.707],[4.7101,45.6986]]]}},{"type":"Feature","properties":{"code":"69029","nom":"Bron","pop":42982},"geometry":{"type":"Polygon","coordinates":[[[4.8919,45.7391],[4.8966,45.7472],[4.8984,45.7529],[4.9108,45.7504],[4.9177,45.7484],[4.9199,45.7485],[4.9325,45.7442],[4.9354,45.7351],[4.9365,45.726],[4.9285,45.7231],[4.9149,45.7191],[4.9096,45.7181],[4.9056,45.7212],[4.8965,45.7222],[4.887,45.7261],[4.8867,45.7294],[4.8919,45.7391]]]}},{"type":"Feature","properties":{"code":"69030","nom":"Brullioles","pop":821},"geometry":{"type":"Polygon","coordinates":[[[4.525,45.7588],[4.5196,45.7587],[4.5162,45.7568],[4.5162,45.7556],[4.5125,45.7542],[4.5086,45.755],[4.5017,45.7528],[4.4985,45.753],[4.4926,45.7512],[4.4933,45.7468],[4.4949,45.7453],[4.4818,45.7442],[4.4798,45.746],[4.4743,45.7489],[4.4746,45.7558],[4.4709,45.7573],[4.4698,45.76],[4.4645,45.7618],[4.46,45.7586],[4.4528,45.7613],[4.4508,45.7641],[4.4565,45.7622],[4.4602,45.7659],[4.4622,45.7673],[4.4618,45.769],[4.468,45.7695],[4.4684,45.7731],[4.4738,45.7744],[4.4761,45.7776],[4.4818,45.7797],[4.4858,45.777],[4.4878,45.7753],[4.4939,45.7749],[4.504,45.7763],[4.5063,45.7758],[4.5121,45.7779],[4.5148,45.775],[4.5163,45.7722],[4.5213,45.771],[4.5281,45.772],[4.5293,45.7663],[4.5287,45.764],[4.5259,45.7631],[4.525,45.7588]]]}},{"type":"Feature","properties":{"code":"69031","nom":"Brussieu","pop":1382},"geometry":{"type":"Polygon","coordinates":[[[4.4949,45.7453],[4.4933,45.7468],[4.4926,45.7512],[4.4985,45.753],[4.5017,45.7528],[4.5086,45.755],[4.5125,45.7542],[4.5162,45.7556],[4.5162,45.7568],[4.5196,45.7587],[4.525,45.7588],[4.5263,45.7588],[4.5294,45.7555],[4.5337,45.7557],[4.5357,45.7547],[4.5416,45.7552],[4.5484,45.7518],[4.5461,45.7506],[4.5412,45.7454],[4.5353,45.7443],[4.5321,45.7423],[4.5267,45.742],[4.5235,45.7393],[4.5199,45.7395],[4.519,45.7382],[4.5142,45.7383],[4.5101,45.7368],[4.5108,45.7336],[4.5055,45.7307],[4.502,45.734],[4.5008,45.7387],[4.4949,45.7453]]]}},{"type":"Feature","properties":{"code":"69032","nom":"Bully","pop":2213},"geometry":{"type":"Polygon","coordinates":[[[4.5831,45.8793],[4.5949,45.8794],[4.5989,45.8771],[4.5973,45.8731],[4.5984,45.8708],[4.5967,45.867],[4.6015,45.8661],[4.6063,45.8609],[4.6046,45.8578],[4.6035,45.8468],[4.5994,45.8441],[4.5981,45.8407],[4.5959,45.8396],[4.5928,45.8416],[4.587,45.8421],[4.5832,45.8409],[4.5764,45.8432],[4.5708,45.8426],[4.5713,45.8449],[4.5684,45.8466],[4.5626,45.8465],[4.5602,45.8471],[4.5558,45.8525],[4.5553,45.8564],[4.553,45.8593],[4.5524,45.863],[4.551,45.8648],[4.5528,45.8667],[4.5612,45.8691],[4.5646,45.8705],[4.57,45.875],[4.5761,45.876],[4.5819,45.8753],[4.5831,45.8793]]]}},{"type":"Feature","properties":{"code":"69033","nom":"Cailloux-sur-Fontaines","pop":2989},"geometry":{"type":"Polygon","coordinates":[[[4.909,45.8743],[4.9076,45.8715],[4.908,45.8688],[4.902,45.8632],[4.901,45.8577],[4.8977,45.8504],[4.8933,45.8511],[4.8895,45.8497],[4.8848,45.8488],[4.8788,45.8503],[4.8755,45.8482],[4.8749,45.8452],[4.8732,45.8432],[4.8669,45.8383],[4.8635,45.8412],[4.8639,45.8459],[4.8617,45.8472],[4.8604,45.8503],[4.8568,45.8531],[4.8545,45.8561],[4.8561,45.8573],[4.8602,45.8583],[4.8653,45.8587],[4.867,45.8578],[4.8762,45.8599],[4.8765,45.8612],[4.8768,45.8662],[4.8816,45.8709],[4.8819,45.8738],[4.8843,45.8744],[4.8843,45.8801],[4.8898,45.8794],[4.8901,45.8783],[4.8964,45.8776],[4.9021,45.8775],[4.9037,45.8749],[4.909,45.8743]]]}},{"type":"Feature","properties":{"code":"69034","nom":"Caluire-et-Cuire","pop":43597},"geometry":{"type":"Polygon","coordinates":[[[4.819,45.7898],[4.8224,45.7923],[4.829,45.7962],[4.833,45.7967],[4.8371,45.7983],[4.8415,45.8036],[4.8433,45.8103],[4.8478,45.8145],[4.8563,45.8184],[4.8582,45.8169],[4.8615,45.8164],[4.8624,45.8146],[4.8665,45.8146],[4.8691,45.8136],[4.8688,45.8117],[4.8715,45.8089],[4.8727,45.806],[4.8748,45.8053],[4.8748,45.8028],[4.8774,45.797],[4.8798,45.7953],[4.8767,45.7941],[4.8665,45.7876],[4.8599,45.7869],[4.8537,45.7865],[4.851,45.7855],[4.8458,45.7823],[4.8431,45.7788],[4.8381,45.7825],[4.8343,45.7818],[4.8236,45.7843],[4.8224,45.7877],[4.819,45.7898]]]}},{"type":"Feature","properties":{"code":"69035","nom":"Cenves","pop":409},"geometry":{"type":"Polygon","coordinates":[[[4.639,46.3015],[4.6407,46.3011],[4.6461,46.3019],[4.6503,46.304],[4.653,46.3042],[4.6595,46.3001],[4.6598,46.2982],[4.6633,46.2953],[4.6662,46.2969],[4.672,46.298],[4.6762,46.3019],[4.6766,46.3051],[4.6802,46.3062],[4.6832,46.3028],[4.6903,46.3013],[4.6935,46.3024],[4.6928,46.2975],[4.6939,46.2948],[4.6948,46.292],[4.6981,46.2914],[4.7013,46.2867],[4.7038,46.286],[4.7046,46.2829],[4.7075,46.2848],[4.7073,46.2815],[4.7101,46.2784],[4.7086,46.2754],[4.7077,46.2697],[4.704,46.2703],[4.7007,46.2674],[4.699,46.268],[4.6949,46.2716],[4.6925,46.2714],[4.689,46.2692],[4.6872,46.2656],[4.6824,46.2666],[4.6799,46.2679],[4.6768,46.2679],[4.674,46.2647],[4.6735,46.2558],[4.6702,46.2586],[4.669,46.2613],[4.6604,46.2603],[4.6565,46.2566],[4.6557,46.2544],[4.6475,46.2557],[4.6434,46.2547],[4.6407,46.2549],[4.6366,46.2537],[4.6323,46.2568],[4.6264,46.2588],[4.6224,46.2583],[4.6199,46.2589],[4.6183,46.265],[4.6208,46.2676],[4.622,46.2702],[4.6216,46.2734],[4.6199,46.2791],[4.6169,46.2808],[4.6233,46.2846],[4.6269,46.2884],[4.6361,46.2903],[4.6365,46.2943],[4.6349,46.298],[4.6353,46.3002],[4.639,46.3015]]]}},{"type":"Feature","properties":{"code":"69036","nom":"Cercié","pop":1131},"geometry":{"type":"Polygon","coordinates":[[[4.6479,46.1169],[4.6409,46.1209],[4.6447,46.1264],[4.6454,46.1299],[4.6596,46.1293],[4.6759,46.1335],[4.6757,46.135],[4.6836,46.1327],[4.6908,46.1333],[4.6948,46.1304],[4.6995,46.13],[4.699,46.1262],[4.6962,46.1266],[4.6906,46.1239],[4.6829,46.1237],[4.6781,46.1264],[4.6747,46.1249],[4.6719,46.1252],[4.6733,46.1203],[4.673,46.1173],[4.6618,46.1179],[4.6585,46.1162],[4.654,46.1152],[4.6533,46.1168],[4.6502,46.1162],[4.6479,46.1169]]]}},{"type":"Feature","properties":{"code":"69037","nom":"Chambost-Allières","pop":816},"geometry":{"type":"Polygon","coordinates":[[[4.5159,46.0333],[4.5167,46.031],[4.5137,46.0269],[4.5155,46.0255],[4.5248,46.0263],[4.5304,46.0236],[4.5357,46.0232],[4.5384,46.0218],[4.5399,46.0184],[4.5436,46.0184],[4.5448,46.0163],[4.543,46.0149],[4.5445,46.0115],[4.5447,46.0086],[4.5494,46.008],[4.5482,46.0065],[4.5503,46.0028],[4.546,45.9986],[4.5441,46.0011],[4.5405,46.0034],[4.5355,46.0036],[4.5347,46.0013],[4.5319,46],[4.527,46.0021],[4.5225,46.0028],[4.5159,46.0026],[4.5075,46.004],[4.503,46.0027],[4.4999,46.0026],[4.4971,46.0009],[4.4964,46.0073],[4.4955,46.0093],[4.4884,46.0097],[4.488,46.009],[4.4796,46.0066],[4.4772,46.0092],[4.4677,46.0119],[4.4689,46.0164],[4.4746,46.0216],[4.4792,46.0221],[4.4811,46.0235],[4.4894,46.0243],[4.4921,46.0254],[4.4955,46.0282],[4.496,46.0303],[4.5041,46.0322],[4.5101,46.0356],[4.5159,46.0333]]]}},{"type":"Feature","properties":{"code":"69038","nom":"Chambost-Longessaigne","pop":930},"geometry":{"type":"Polygon","coordinates":[[[4.3908,45.7551],[4.3848,45.7544],[4.3813,45.7533],[4.378,45.7501],[4.3746,45.7499],[4.3669,45.7487],[4.3592,45.7512],[4.3608,45.7554],[4.3603,45.757],[4.3547,45.7577],[4.3568,45.7591],[4.3526,45.7637],[4.3495,45.7642],[4.3503,45.767],[4.348,45.7691],[4.3495,45.7712],[4.3513,45.774],[4.3545,45.7741],[4.3592,45.7763],[4.3566,45.7793],[4.3564,45.7819],[4.3587,45.7836],[4.3607,45.7777],[4.3656,45.7801],[4.3763,45.7823],[4.3796,45.7837],[4.3782,45.7861],[4.3788,45.7902],[4.3781,45.7928],[4.3733,45.7966],[4.3749,45.7977],[4.3726,45.7998],[4.375,45.8017],[4.374,45.8051],[4.3793,45.8061],[4.3806,45.8077],[4.3845,45.8043],[4.3879,45.8028],[4.3895,45.7983],[4.3925,45.7963],[4.3934,45.7936],[4.3975,45.7917],[4.3982,45.7933],[4.3998,45.7911],[4.4038,45.7898],[4.4033,45.7851],[4.4039,45.7833],[4.4089,45.7784],[4.4058,45.7754],[4.4066,45.7716],[4.4016,45.7694],[4.3967,45.7664],[4.3948,45.7639],[4.3911,45.7618],[4.3932,45.7601],[4.3906,45.7573],[4.3908,45.7551]]]}},{"type":"Feature","properties":{"code":"69039","nom":"Chamelet","pop":706},"geometry":{"type":"Polygon","coordinates":[[[4.4594,45.9794],[4.4633,45.9791],[4.4671,45.9799],[4.472,45.9836],[4.4753,45.9844],[4.4759,45.9858],[4.4731,45.9892],[4.4763,45.9921],[4.4819,45.9948],[4.4855,45.9949],[4.4925,45.9967],[4.4971,46.0009],[4.4999,46.0026],[4.503,46.0027],[4.5075,46.004],[4.5159,46.0026],[4.5225,46.0028],[4.527,46.0021],[4.5319,46],[4.5347,46.0013],[4.5355,46.0036],[4.5373,46.0002],[4.5365,45.9975],[4.5319,45.9933],[4.5276,45.9865],[4.5259,45.985],[4.5209,45.9833],[4.5176,45.9771],[4.5116,45.9731],[4.5046,45.9724],[4.5051,45.9704],[4.5031,45.969],[4.5007,45.9693],[4.4966,45.9678],[4.4955,45.9656],[4.487,45.962],[4.4814,45.9617],[4.4778,45.9628],[4.4759,45.9644],[4.4764,45.9672],[4.4714,45.9699],[4.4688,45.9772],[4.4648,45.9764],[4.4578,45.977],[4.4594,45.9794]]]}},{"type":"Feature","properties":{"code":"69040","nom":"Champagne-au-Mont-d'Or","pop":6311},"geometry":{"type":"Polygon","coordinates":[[[4.7822,45.8118],[4.7836,45.8065],[4.7862,45.8054],[4.7872,45.8037],[4.7906,45.8031],[4.7978,45.8009],[4.7995,45.7924],[4.8024,45.792],[4.7966,45.7915],[4.7975,45.7899],[4.7935,45.7894],[4.7905,45.7909],[4.7883,45.7898],[4.7872,45.7915],[4.7833,45.793],[4.7703,45.8008],[4.7706,45.8027],[4.7754,45.803],[4.7811,45.8067],[4.7822,45.8118]]]}},{"type":"Feature","properties":{"code":"69042","nom":"La Chapelle-sur-Coise","pop":565},"geometry":{"type":"Polygon","coordinates":[[[4.4788,45.6395],[4.481,45.6415],[4.478,45.6507],[4.4813,45.6548],[4.4796,45.6572],[4.4811,45.66],[4.4855,45.6626],[4.4885,45.6623],[4.4939,45.665],[4.4992,45.6657],[4.5022,45.6674],[4.5024,45.6642],[4.5047,45.6627],[4.5034,45.66],[4.5055,45.6571],[4.5085,45.6555],[4.5129,45.6486],[4.5157,45.6426],[4.515,45.6408],[4.5116,45.6396],[4.5123,45.6376],[4.5087,45.6355],[4.5064,45.6351],[4.5065,45.639],[4.5009,45.6396],[4.4948,45.6396],[4.486,45.6385],[4.4788,45.6395]]]}},{"type":"Feature","properties":{"code":"69043","nom":"Chaponost","pop":9382},"geometry":{"type":"Polygon","coordinates":[[[4.7293,45.6911],[4.7253,45.6953],[4.7218,45.6949],[4.7121,45.6973],[4.7101,45.6986],[4.7153,45.707],[4.7171,45.7154],[4.7232,45.7191],[4.7251,45.7208],[4.7316,45.7231],[4.7354,45.7253],[4.7402,45.7276],[4.7633,45.7268],[4.7718,45.7286],[4.7733,45.7266],[4.7756,45.7258],[4.7763,45.7235],[4.7804,45.7228],[4.7784,45.7197],[4.7752,45.7147],[4.7738,45.7144],[4.7684,45.7069],[4.7661,45.6965],[4.7668,45.6934],[4.7644,45.6898],[4.7592,45.6907],[4.7554,45.6896],[4.7499,45.6912],[4.747,45.6898],[4.7417,45.6912],[4.7408,45.6901],[4.7339,45.6917],[4.7317,45.6901],[4.7293,45.6911]]]}},{"type":"Feature","properties":{"code":"69044","nom":"Charbonnières-les-Bains","pop":5383},"geometry":{"type":"Polygon","coordinates":[[[4.7315,45.7876],[4.732,45.7876],[4.7423,45.7906],[4.7523,45.7907],[4.7543,45.7841],[4.7564,45.7802],[4.7552,45.7744],[4.7573,45.7725],[4.7612,45.7708],[4.758,45.7692],[4.7534,45.7716],[4.7491,45.7714],[4.7475,45.7689],[4.7424,45.7697],[4.7389,45.7724],[4.736,45.7727],[4.7323,45.7751],[4.7263,45.777],[4.729,45.779],[4.7272,45.7802],[4.7249,45.7841],[4.731,45.7838],[4.7341,45.7852],[4.7315,45.7876]]]}},{"type":"Feature","properties":{"code":"69045","nom":"Charentay","pop":1273},"geometry":{"type":"Polygon","coordinates":[[[4.6676,46.1013],[4.675,46.1],[4.6787,46.1015],[4.6886,46.0995],[4.6929,46.0996],[4.6985,46.1021],[4.7083,46.1016],[4.7119,46.1005],[4.7191,46.095],[4.7226,46.0901],[4.721,46.0883],[4.7183,46.0891],[4.7153,46.0874],[4.7131,46.0883],[4.7113,46.0833],[4.7091,46.0834],[4.7103,46.0773],[4.7118,46.0755],[4.7106,46.0738],[4.7057,46.0736],[4.7026,46.0722],[4.6998,46.0721],[4.6998,46.0687],[4.6987,46.064],[4.694,46.0613],[4.6882,46.0615],[4.6821,46.0605],[4.6809,46.0628],[4.6748,46.068],[4.6701,46.0704],[4.6692,46.0734],[4.6654,46.0772],[4.6672,46.0854],[4.6626,46.0987],[4.6676,46.1013]]]}},{"type":"Feature","properties":{"code":"69046","nom":"Charly","pop":4811},"geometry":{"type":"Polygon","coordinates":[[[4.789,45.6653],[4.7919,45.6663],[4.7949,45.6686],[4.7984,45.6693],[4.8017,45.6669],[4.8059,45.666],[4.8026,45.661],[4.7978,45.6579],[4.7963,45.6519],[4.7998,45.6509],[4.7987,45.6478],[4.801,45.6472],[4.8028,45.645],[4.8011,45.644],[4.8029,45.6402],[4.7962,45.6371],[4.7919,45.6363],[4.7865,45.6383],[4.7789,45.6391],[4.7776,45.6439],[4.7757,45.648],[4.7683,45.6502],[4.7722,45.6506],[4.779,45.6524],[4.7795,45.6549],[4.7839,45.6554],[4.7821,45.6574],[4.7863,45.6586],[4.785,45.6607],[4.7897,45.6621],[4.789,45.6653]]]}},{"type":"Feature","properties":{"code":"69047","nom":"Charnay","pop":1023},"geometry":{"type":"Polygon","coordinates":[[[4.6458,45.8961],[4.6481,45.9039],[4.6466,45.9063],[4.6478,45.9081],[4.6495,45.9074],[4.6552,45.9073],[4.6579,45.908],[4.6624,45.9075],[4.6657,45.906],[4.6702,45.9055],[4.6756,45.9033],[4.6752,45.8992],[4.6734,45.8909],[4.6757,45.8895],[4.6737,45.8821],[4.6705,45.8823],[4.6698,45.8761],[4.6652,45.8757],[4.6635,45.8721],[4.6609,45.8705],[4.6602,45.8671],[4.6565,45.8679],[4.6538,45.8753],[4.6551,45.8762],[4.6554,45.8816],[4.6516,45.8844],[4.6489,45.8849],[4.644,45.8896],[4.6452,45.8914],[4.6458,45.8961]]]}},{"type":"Feature","properties":{"code":"69049","nom":"Chasselay","pop":2973},"geometry":{"type":"Polygon","coordinates":[[[4.7712,45.8503],[4.766,45.848],[4.7623,45.8496],[4.7551,45.8572],[4.7533,45.8603],[4.7465,45.879],[4.7492,45.88],[4.7555,45.8806],[4.7537,45.8838],[4.7565,45.8836],[4.7576,45.8886],[4.7624,45.8912],[4.7638,45.8964],[4.7636,45.8975],[4.7686,45.8986],[4.7741,45.8961],[4.7779,45.8979],[4.7832,45.8973],[4.7886,45.8979],[4.7926,45.8975],[4.7929,45.8962],[4.7873,45.8929],[4.79,45.8918],[4.7885,45.8855],[4.79,45.8831],[4.7885,45.8793],[4.79,45.8773],[4.7898,45.8712],[4.7877,45.8691],[4.7877,45.8657],[4.7864,45.8648],[4.7855,45.8615],[4.7823,45.8603],[4.7826,45.8571],[4.7778,45.8553],[4.7746,45.8554],[4.772,45.8529],[4.7712,45.8503]]]}},{"type":"Feature","properties":{"code":"69050","nom":"Châtillon","pop":2252},"geometry":{"type":"Polygon","coordinates":[[[4.6694,45.8585],[4.6734,45.8581],[4.6704,45.8557],[4.6627,45.8556],[4.6591,45.8577],[4.6555,45.857],[4.6488,45.8515],[4.6456,45.851],[4.6414,45.848],[4.6394,45.8487],[4.6368,45.8464],[4.6333,45.852],[4.6294,45.8561],[4.6275,45.8594],[4.624,45.8673],[4.6246,45.8713],[4.624,45.8761],[4.6278,45.8801],[4.6306,45.8868],[4.6301,45.8894],[4.632,45.8957],[4.6288,45.8976],[4.6367,45.8976],[4.6458,45.8961],[4.6452,45.8914],[4.644,45.8896],[4.6489,45.8849],[4.6516,45.8844],[4.6554,45.8816],[4.6551,45.8762],[4.6538,45.8753],[4.6565,45.8679],[4.6602,45.8671],[4.6609,45.8623],[4.6655,45.8612],[4.6694,45.8585]]]}},{"type":"Feature","properties":{"code":"69051","nom":"Chaussan","pop":1218},"geometry":{"type":"Polygon","coordinates":[[[4.6115,45.6261],[4.6071,45.6298],[4.6102,45.6362],[4.6096,45.6391],[4.6185,45.6413],[4.6226,45.6418],[4.6272,45.6434],[4.635,45.6484],[4.6404,45.6502],[4.6476,45.6518],[4.6522,45.6556],[4.6536,45.6537],[4.6553,45.6518],[4.6593,45.6506],[4.6583,45.6472],[4.6557,45.6436],[4.6537,45.642],[4.6552,45.64],[4.6542,45.6359],[4.6526,45.6346],[4.6522,45.6315],[4.6539,45.6289],[4.6497,45.6289],[4.6444,45.6302],[4.6376,45.6281],[4.6302,45.6267],[4.6256,45.6249],[4.6232,45.6228],[4.6185,45.6222],[4.6156,45.6232],[4.6136,45.622],[4.6115,45.6261]]]}},{"type":"Feature","properties":{"code":"69052","nom":"Chazay-d'Azergues","pop":4410},"geometry":{"type":"Polygon","coordinates":[[[4.7299,45.8877],[4.7302,45.8858],[4.7312,45.8825],[4.7281,45.8783],[4.7267,45.8754],[4.7234,45.8747],[4.7202,45.8722],[4.7177,45.873],[4.7154,45.869],[4.7109,45.8686],[4.7055,45.866],[4.7087,45.8648],[4.7058,45.8621],[4.6997,45.8637],[4.6981,45.8625],[4.6992,45.8606],[4.6979,45.8589],[4.6914,45.8627],[4.6896,45.8665],[4.6888,45.8703],[4.69,45.8723],[4.6954,45.875],[4.6934,45.8766],[4.6943,45.8799],[4.6969,45.8806],[4.702,45.8803],[4.7013,45.8839],[4.7027,45.8859],[4.71,45.8888],[4.7149,45.8897],[4.7249,45.8872],[4.7299,45.8877]]]}},{"type":"Feature","properties":{"code":"69053","nom":"Chénas","pop":533},"geometry":{"type":"Polygon","coordinates":[[[4.72,46.2286],[4.7225,46.226],[4.7205,46.2217],[4.7233,46.2202],[4.728,46.2192],[4.7297,46.2175],[4.7291,46.2141],[4.7358,46.2119],[4.7344,46.2064],[4.7263,46.2083],[4.7253,46.2045],[4.7207,46.2009],[4.7211,46.1979],[4.7198,46.2007],[4.7177,46.202],[4.7095,46.2043],[4.7047,46.2078],[4.6963,46.2127],[4.6942,46.2144],[4.6894,46.2129],[4.682,46.213],[4.6798,46.2155],[4.6782,46.2196],[4.6803,46.2203],[4.6822,46.2229],[4.6921,46.2274],[4.6975,46.2293],[4.703,46.2305],[4.7054,46.2297],[4.7101,46.23],[4.7121,46.2293],[4.7157,46.2304],[4.72,46.2286]]]}},{"type":"Feature","properties":{"code":"69054","nom":"Chénelette","pop":369},"geometry":{"type":"Polygon","coordinates":[[[4.5075,46.1592],[4.5019,46.1516],[4.5044,46.1514],[4.5072,46.149],[4.5011,46.1459],[4.4988,46.144],[4.4944,46.1454],[4.4901,46.1443],[4.4824,46.1503],[4.4823,46.1567],[4.4812,46.1612],[4.4714,46.176],[4.4682,46.1833],[4.4681,46.1851],[4.471,46.1857],[4.4755,46.1838],[4.4817,46.1833],[4.481,46.1898],[4.479,46.1928],[4.4794,46.1948],[4.4777,46.1967],[4.4799,46.1977],[4.4838,46.1953],[4.4892,46.1935],[4.4933,46.1882],[4.5,46.1846],[4.5052,46.1788],[4.5091,46.1754],[4.5101,46.173],[4.5109,46.1709],[4.5102,46.1687],[4.5107,46.1657],[4.5075,46.1592]]]}},{"type":"Feature","properties":{"code":"69055","nom":"Les Chères","pop":1503},"geometry":{"type":"Polygon","coordinates":[[[4.7302,45.8858],[4.7299,45.8877],[4.7292,45.8891],[4.7271,45.9078],[4.7339,45.9113],[4.7376,45.9026],[4.7428,45.9008],[4.7507,45.9018],[4.7498,45.8993],[4.7557,45.8989],[4.7638,45.8964],[4.7624,45.8912],[4.7576,45.8886],[4.7565,45.8836],[4.7537,45.8838],[4.7555,45.8806],[4.7492,45.88],[4.7465,45.879],[4.7426,45.8785],[4.7394,45.8816],[4.7379,45.8845],[4.7338,45.8873],[4.7302,45.8858]]]}},{"type":"Feature","properties":{"code":"69056","nom":"Chessy","pop":2055},"geometry":{"type":"Polygon","coordinates":[[[4.6278,45.8801],[4.6236,45.8792],[4.617,45.8809],[4.6063,45.8804],[4.6047,45.8842],[4.6017,45.8865],[4.6075,45.9006],[4.6068,45.9039],[4.6134,45.9033],[4.6218,45.8998],[4.6288,45.8976],[4.632,45.8957],[4.6301,45.8894],[4.6306,45.8868],[4.6278,45.8801]]]}},{"type":"Feature","properties":{"code":"69057","nom":"Chevinay","pop":580},"geometry":{"type":"Polygon","coordinates":[[[4.626,45.7606],[4.6177,45.7562],[4.6134,45.7571],[4.6036,45.7566],[4.6002,45.7554],[4.5963,45.7553],[4.5927,45.7564],[4.5928,45.7585],[4.591,45.7601],[4.5911,45.7624],[4.5877,45.7667],[4.581,45.7688],[4.5791,45.7705],[4.5715,45.7742],[4.5761,45.7802],[4.5767,45.7822],[4.5836,45.7853],[4.5847,45.788],[4.5864,45.7897],[4.5869,45.7936],[4.589,45.7939],[4.5889,45.798],[4.5925,45.7962],[4.5983,45.7911],[4.6016,45.7898],[4.6037,45.7833],[4.6045,45.7793],[4.6093,45.7768],[4.6101,45.7753],[4.6102,45.7691],[4.6119,45.7681],[4.6134,45.7647],[4.6201,45.7637],[4.626,45.7606]]]}},{"type":"Feature","properties":{"code":"69058","nom":"Chiroubles","pop":434},"geometry":{"type":"Polygon","coordinates":[[[4.6659,46.1966],[4.6738,46.1896],[4.6793,46.1824],[4.6805,46.1773],[4.6792,46.1719],[4.6694,46.1738],[4.662,46.1757],[4.6521,46.1751],[4.6488,46.1769],[4.6416,46.1796],[4.6402,46.1817],[4.6374,46.1831],[4.634,46.1869],[4.6331,46.1895],[4.6295,46.1877],[4.6261,46.1891],[4.6223,46.1889],[4.6205,46.1914],[4.6229,46.1939],[4.6267,46.1942],[4.6307,46.1928],[4.636,46.1926],[4.6463,46.1929],[4.6528,46.1965],[4.66,46.1987],[4.6659,46.1966]]]}},{"type":"Feature","properties":{"code":"69059","nom":"Civrieux-d'Azergues","pop":1675},"geometry":{"type":"Polygon","coordinates":[[[4.7202,45.8722],[4.7181,45.8693],[4.7181,45.8666],[4.7217,45.8651],[4.7202,45.863],[4.7233,45.8619],[4.7216,45.858],[4.727,45.8523],[4.7269,45.8493],[4.7269,45.8488],[4.7155,45.8439],[4.7109,45.843],[4.6992,45.8416],[4.698,45.8442],[4.6982,45.8469],[4.697,45.8516],[4.6996,45.8583],[4.6979,45.8589],[4.6992,45.8606],[4.6981,45.8625],[4.6997,45.8637],[4.7058,45.8621],[4.7087,45.8648],[4.7055,45.866],[4.7109,45.8686],[4.7154,45.869],[4.7177,45.873],[4.7202,45.8722]]]}},{"type":"Feature","properties":{"code":"69060","nom":"Claveisolles","pop":577},"geometry":{"type":"Polygon","coordinates":[[[4.5302,46.1211],[4.5324,46.109],[4.5405,46.1042],[4.542,46.0973],[4.5452,46.0937],[4.5505,46.0912],[4.5519,46.0865],[4.551,46.0854],[4.5496,46.0833],[4.5476,46.0767],[4.543,46.0721],[4.5417,46.0676],[4.5406,46.0666],[4.5356,46.0656],[4.527,46.0661],[4.5249,46.0653],[4.5213,46.0662],[4.5182,46.0683],[4.5149,46.0716],[4.5154,46.0733],[4.5128,46.0758],[4.5062,46.0752],[4.5018,46.0741],[4.4961,46.0714],[4.492,46.0724],[4.491,46.0752],[4.4888,46.0766],[4.4852,46.0806],[4.4877,46.0824],[4.4887,46.0893],[4.4875,46.0928],[4.4851,46.0954],[4.4806,46.1027],[4.4802,46.1046],[4.4735,46.1069],[4.4729,46.1098],[4.4692,46.1133],[4.4674,46.1159],[4.4672,46.1215],[4.4683,46.1228],[4.4768,46.1249],[4.4851,46.1251],[4.4876,46.1279],[4.4903,46.1271],[4.4953,46.1244],[4.5043,46.1234],[4.5082,46.1239],[4.5127,46.1228],[4.5203,46.1255],[4.5229,46.1252],[4.5302,46.1211]]]}},{"type":"Feature","properties":{"code":"69061","nom":"Cogny","pop":1211},"geometry":{"type":"Polygon","coordinates":[[[4.5621,45.995],[4.5647,45.9932],[4.5748,45.9952],[4.5813,45.9913],[4.5838,45.9925],[4.5879,45.9929],[4.593,45.9916],[4.5949,45.9902],[4.6045,45.9892],[4.6142,45.9901],[4.6159,45.992],[4.6167,45.9966],[4.6202,45.9961],[4.6242,45.9968],[4.6259,45.9992],[4.6284,45.9973],[4.6279,45.9952],[4.6325,45.9928],[4.6359,45.9931],[4.6346,45.9903],[4.6392,45.9894],[4.6398,45.9866],[4.6363,45.9866],[4.6334,45.9857],[4.6321,45.9835],[4.6371,45.9827],[4.6386,45.9809],[4.6228,45.9799],[4.6179,45.9783],[4.6091,45.9779],[4.6024,45.9797],[4.5969,45.9821],[4.5937,45.9854],[4.5881,45.9885],[4.582,45.9885],[4.5795,45.9898],[4.5746,45.9904],[4.5692,45.9886],[4.5654,45.9889],[4.5622,45.9928],[4.5621,45.995]]]}},{"type":"Feature","properties":{"code":"69062","nom":"Coise","pop":800},"geometry":{"type":"Polygon","coordinates":[[[4.4744,45.5947],[4.4724,45.5974],[4.4659,45.5985],[4.4606,45.6012],[4.4568,45.6047],[4.4529,45.6043],[4.449,45.6061],[4.4509,45.6093],[4.4473,45.6143],[4.4488,45.6168],[4.4431,45.6208],[4.4418,45.6231],[4.4481,45.6208],[4.4497,45.6244],[4.4558,45.6263],[4.4592,45.6256],[4.4647,45.6262],[4.4676,45.6281],[4.471,45.6293],[4.4786,45.6284],[4.4858,45.6312],[4.489,45.6299],[4.4868,45.6209],[4.4844,45.6199],[4.4856,45.6168],[4.4885,45.6152],[4.4905,45.6113],[4.4889,45.605],[4.4828,45.6033],[4.4784,45.6003],[4.4749,45.5996],[4.4739,45.5978],[4.4744,45.5947]]]}},{"type":"Feature","properties":{"code":"69063","nom":"Collonges-au-Mont-d'Or","pop":4669},"geometry":{"type":"Polygon","coordinates":[[[4.8387,45.8341],[4.8415,45.8335],[4.8479,45.8317],[4.8529,45.8281],[4.8553,45.8229],[4.8575,45.8216],[4.8563,45.8184],[4.8478,45.8145],[4.8433,45.8103],[4.8415,45.8036],[4.8388,45.8039],[4.8371,45.8084],[4.8391,45.8139],[4.8387,45.816],[4.8353,45.8169],[4.8365,45.8191],[4.8353,45.822],[4.8293,45.8242],[4.8281,45.8298],[4.8342,45.8307],[4.8387,45.8341]]]}},{"type":"Feature","properties":{"code":"69064","nom":"Condrieu","pop":3957},"geometry":{"type":"Polygon","coordinates":[[[4.7797,45.4551],[4.7759,45.4541],[4.7709,45.4566],[4.7663,45.4572],[4.7616,45.4568],[4.7571,45.4556],[4.7544,45.4576],[4.7504,45.4617],[4.7462,45.4649],[4.7435,45.4704],[4.7386,45.4728],[4.7434,45.4737],[4.7421,45.4772],[4.7445,45.4791],[4.7407,45.4834],[4.7395,45.4868],[4.7323,45.4906],[4.729,45.4907],[4.722,45.4943],[4.7237,45.4954],[4.7269,45.4939],[4.7331,45.4941],[4.7372,45.4949],[4.7434,45.4934],[4.7455,45.4924],[4.7512,45.492],[4.7563,45.4927],[4.7591,45.4881],[4.7619,45.485],[4.7624,45.4829],[4.7661,45.4812],[4.7668,45.4784],[4.7703,45.4765],[4.7752,45.4716],[4.7802,45.4698],[4.7814,45.4576],[4.7797,45.4551]]]}},{"type":"Feature","properties":{"code":"69065","nom":"Corcelles-en-Beaujolais","pop":1001},"geometry":{"type":"Polygon","coordinates":[[[4.75,46.1676],[4.743,46.1422],[4.7345,46.1414],[4.7323,46.1398],[4.724,46.1364],[4.721,46.1375],[4.7176,46.1373],[4.7143,46.1426],[4.7077,46.1473],[4.7034,46.1457],[4.703,46.1446],[4.7017,46.1485],[4.6998,46.1509],[4.7034,46.1602],[4.705,46.1654],[4.704,46.1677],[4.7073,46.1678],[4.7114,46.1663],[4.7264,46.162],[4.7312,46.1632],[4.7354,46.1651],[4.7402,46.168],[4.7472,46.1706],[4.751,46.1713],[4.75,46.1676]]]}},{"type":"Feature","properties":{"code":"69066","nom":"Cours","pop":4306},"geometry":{"type":"Polygon","coordinates":[[[4.3619,46.1388],[4.3726,46.1362],[4.3778,46.1362],[4.3821,46.1345],[4.3839,46.1316],[4.388,46.1278],[4.3889,46.1251],[4.3869,46.122],[4.3908,46.1194],[4.3907,46.1143],[4.3883,46.1111],[4.3877,46.1075],[4.3893,46.1044],[4.3871,46.0994],[4.3876,46.0959],[4.3823,46.0952],[4.377,46.0922],[4.3712,46.0912],[4.3696,46.0862],[4.3673,46.0857],[4.3634,46.0863],[4.353,46.0928],[4.3509,46.0923],[4.3413,46.092],[4.3382,46.09],[4.3327,46.084],[4.3298,46.0842],[4.3228,46.0822],[4.3251,46.0781],[4.3229,46.0772],[4.3212,46.0747],[4.3242,46.0723],[4.3241,46.0661],[4.3189,46.0638],[4.3197,46.0593],[4.3185,46.0562],[4.3127,46.0553],[4.3082,46.0607],[4.3061,46.0618],[4.3001,46.0615],[4.2974,46.0636],[4.3005,46.0652],[4.2994,46.0675],[4.3014,46.07],[4.3041,46.0708],[4.3019,46.0761],[4.3015,46.0787],[4.3091,46.08],[4.3095,46.0843],[4.3106,46.0858],[4.3093,46.0879],[4.3124,46.0938],[4.3109,46.0965],[4.3051,46.0995],[4.3067,46.1033],[4.3069,46.1062],[4.3097,46.1082],[4.3093,46.1099],[4.3201,46.1168],[4.3199,46.1192],[4.3219,46.1256],[4.322,46.1302],[4.3331,46.1348],[4.3339,46.136],[4.3428,46.1343],[4.3467,46.1358],[4.3523,46.1358],[4.3534,46.1373],[4.3565,46.1383],[4.3619,46.1388]]]}},{"type":"Feature","properties":{"code":"69067","nom":"Courzieu","pop":1183},"geometry":{"type":"Polygon","coordinates":[[[4.5715,45.7742],[4.5791,45.7705],[4.581,45.7688],[4.5877,45.7667],[4.5911,45.7624],[4.591,45.7601],[4.5928,45.7585],[4.5927,45.7564],[4.5963,45.7553],[4.6002,45.7554],[4.6036,45.7566],[4.6134,45.7571],[4.6177,45.7562],[4.6179,45.7561],[4.6157,45.7529],[4.6103,45.7513],[4.6117,45.7478],[4.6111,45.7432],[4.6141,45.7402],[4.6155,45.7358],[4.6109,45.7346],[4.602,45.7273],[4.5998,45.7251],[4.5933,45.7228],[4.5875,45.7246],[4.5806,45.7231],[4.5735,45.7204],[4.5683,45.7209],[4.5663,45.7191],[4.5635,45.717],[4.5564,45.716],[4.5521,45.7166],[4.5473,45.7187],[4.539,45.7236],[4.5354,45.7226],[4.5316,45.7203],[4.529,45.7213],[4.527,45.7241],[4.5212,45.7288],[4.5228,45.7306],[4.5247,45.736],[4.5235,45.7393],[4.5267,45.742],[4.5321,45.7423],[4.5353,45.7443],[4.5412,45.7454],[4.5461,45.7506],[4.5484,45.7518],[4.5504,45.7548],[4.5562,45.7573],[4.5586,45.7606],[4.5612,45.7602],[4.5636,45.7618],[4.564,45.7644],[4.5661,45.7646],[4.5705,45.7692],[4.5715,45.7742]]]}},{"type":"Feature","properties":{"code":"69068","nom":"Couzon-au-Mont-d'Or","pop":2619},"geometry":{"type":"Polygon","coordinates":[[[4.8068,45.8434],[4.8056,45.8436],[4.8067,45.8495],[4.8097,45.8511],[4.8128,45.855],[4.8174,45.856],[4.8192,45.8562],[4.8267,45.8542],[4.8334,45.8544],[4.8373,45.8538],[4.8365,45.8519],[4.8345,45.8488],[4.8321,45.8397],[4.8259,45.8397],[4.8147,45.8421],[4.8068,45.8434]]]}},{"type":"Feature","properties":{"code":"69069","nom":"Craponne","pop":12084},"geometry":{"type":"Polygon","coordinates":[[[4.7438,45.7558],[4.7435,45.7509],[4.7525,45.7503],[4.7468,45.7453],[4.7379,45.7417],[4.734,45.742],[4.7317,45.7409],[4.733,45.7388],[4.7304,45.7376],[4.7273,45.7378],[4.7221,45.7373],[4.7218,45.7358],[4.7126,45.7361],[4.712,45.7356],[4.7119,45.7375],[4.7084,45.7393],[4.7076,45.7414],[4.71,45.7434],[4.7104,45.7505],[4.716,45.7541],[4.718,45.7533],[4.7235,45.7529],[4.7241,45.7518],[4.7285,45.7525],[4.7321,45.7551],[4.7372,45.7543],[4.7438,45.7558]]]}},{"type":"Feature","properties":{"code":"69070","nom":"Cublize","pop":1360},"geometry":{"type":"Polygon","coordinates":[[[4.3536,46.0272],[4.3532,46.0288],[4.3565,46.0334],[4.3599,46.0334],[4.3691,46.0319],[4.3698,46.0348],[4.3689,46.0403],[4.3715,46.0418],[4.3781,46.0418],[4.3846,46.0439],[4.3899,46.0438],[4.3952,46.0465],[4.399,46.0421],[4.399,46.0391],[4.4005,46.0372],[4.4054,46.038],[4.4122,46.0338],[4.4192,46.0303],[4.4238,46.0268],[4.4311,46.0201],[4.4273,46.0178],[4.4213,46.0187],[4.4183,46.0204],[4.4157,46.0204],[4.4067,46.0162],[4.4039,46.014],[4.3998,46.0131],[4.3962,46.0093],[4.3886,46.0065],[4.3831,46.0068],[4.3811,46.0038],[4.3759,46.0023],[4.3747,46.0037],[4.3687,46.0044],[4.3679,46.0064],[4.3646,46.007],[4.3629,46.0054],[4.362,46.002],[4.3569,46.0036],[4.3595,46.0063],[4.3629,46.0075],[4.3649,46.0104],[4.3656,46.0139],[4.3686,46.0183],[4.3654,46.0196],[4.3629,46.0188],[4.3588,46.0214],[4.3555,46.0209],[4.3538,46.0224],[4.3536,46.0272]]]}},{"type":"Feature","properties":{"code":"69071","nom":"Curis-au-Mont-d'Or","pop":1195},"geometry":{"type":"Polygon","coordinates":[[[4.82,45.8817],[4.8266,45.88],[4.8317,45.8794],[4.831,45.8778],[4.8329,45.8762],[4.8265,45.8739],[4.8283,45.8699],[4.8233,45.8672],[4.8237,45.863],[4.823,45.8611],[4.8174,45.856],[4.8128,45.855],[4.8143,45.8577],[4.8082,45.8606],[4.8074,45.8692],[4.8096,45.8701],[4.8115,45.8745],[4.8139,45.877],[4.8181,45.8782],[4.82,45.8817]]]}},{"type":"Feature","properties":{"code":"69072","nom":"Dardilly","pop":9221},"geometry":{"type":"Polygon","coordinates":[[[4.732,45.7876],[4.7331,45.7913],[4.7322,45.7943],[4.7285,45.7984],[4.7247,45.8049],[4.7257,45.808],[4.7288,45.8113],[4.7278,45.8155],[4.7257,45.8189],[4.7219,45.8231],[4.7255,45.8233],[4.7254,45.8258],[4.7372,45.8266],[4.7326,45.8312],[4.7373,45.8333],[4.7357,45.8375],[4.7464,45.8389],[4.7513,45.8357],[4.7535,45.8327],[4.7543,45.83],[4.7609,45.8254],[4.7642,45.8238],[4.7664,45.8206],[4.7697,45.8186],[4.7702,45.8119],[4.7712,45.8065],[4.7706,45.8027],[4.7703,45.8008],[4.7664,45.7965],[4.7645,45.7958],[4.7562,45.7955],[4.755,45.7907],[4.7523,45.7907],[4.7423,45.7906],[4.732,45.7876]]]}},{"type":"Feature","properties":{"code":"69074","nom":"Denicé","pop":1571},"geometry":{"type":"Polygon","coordinates":[[[4.671,46.0156],[4.6748,46.0068],[4.679,46.0033],[4.6773,46.0012],[4.6827,46.0007],[4.6797,45.9941],[4.6766,45.9944],[4.67,45.9937],[4.6641,45.9942],[4.6579,45.9932],[4.6544,45.9929],[4.6501,45.9964],[4.6475,45.9973],[4.6413,45.997],[4.6359,45.9931],[4.6325,45.9928],[4.6279,45.9952],[4.6284,45.9973],[4.6259,45.9992],[4.6231,46.0008],[4.6233,46.0024],[4.6178,46.0076],[4.6188,46.0088],[4.6237,46.0076],[4.628,46.0086],[4.6302,46.0106],[4.6286,46.0121],[4.6289,46.0152],[4.6331,46.0141],[4.6371,46.0141],[4.6424,46.0171],[4.6445,46.016],[4.6516,46.0173],[4.6558,46.0162],[4.6572,46.0174],[4.6631,46.0171],[4.671,46.0156]]]}},{"type":"Feature","properties":{"code":"69075","nom":"Dième","pop":199},"geometry":{"type":"Polygon","coordinates":[[[4.4814,45.9617],[4.484,45.9607],[4.4801,45.9587],[4.4785,45.9524],[4.4781,45.9468],[4.4804,45.9458],[4.4829,45.9466],[4.4789,45.9402],[4.4762,45.9427],[4.4702,45.9463],[4.4649,45.9447],[4.462,45.9465],[4.4618,45.9489],[4.4577,45.9489],[4.4545,45.951],[4.4528,45.9532],[4.4486,45.9566],[4.4448,45.9585],[4.4376,45.964],[4.4328,45.9662],[4.4387,45.9678],[4.4429,45.9724],[4.4418,45.9758],[4.4463,45.9758],[4.4468,45.9786],[4.4485,45.9815],[4.4597,45.9828],[4.4617,45.9804],[4.4594,45.9794],[4.4578,45.977],[4.4648,45.9764],[4.4688,45.9772],[4.4714,45.9699],[4.4764,45.9672],[4.4759,45.9644],[4.4778,45.9628],[4.4814,45.9617]]]}},{"type":"Feature","properties":{"code":"69076","nom":"Dommartin","pop":2687},"geometry":{"type":"Polygon","coordinates":[[[4.7269,45.8493],[4.7335,45.8514],[4.7347,45.8511],[4.735,45.8485],[4.7333,45.841],[4.7357,45.8375],[4.7373,45.8333],[4.7326,45.8312],[4.7372,45.8266],[4.7254,45.8258],[4.7255,45.8233],[4.7219,45.8231],[4.7209,45.8231],[4.7167,45.8283],[4.7137,45.8284],[4.7062,45.8263],[4.705,45.8253],[4.7015,45.8262],[4.7004,45.8278],[4.6972,45.8255],[4.6946,45.8252],[4.6911,45.828],[4.689,45.8319],[4.6871,45.8381],[4.6992,45.8416],[4.7109,45.843],[4.7155,45.8439],[4.7269,45.8488],[4.7269,45.8493]]]}},{"type":"Feature","properties":{"code":"69077","nom":"Dracé","pop":1212},"geometry":{"type":"Polygon","coordinates":[[[4.8026,46.1567],[4.803,46.1543],[4.8003,46.1442],[4.7961,46.1391],[4.7876,46.1309],[4.7844,46.1325],[4.7787,46.1342],[4.7635,46.1399],[4.7553,46.142],[4.7444,46.1429],[4.743,46.1422],[4.75,46.1676],[4.7551,46.1674],[4.7631,46.1686],[4.7627,46.1763],[4.7679,46.1769],[4.7703,46.1753],[4.7755,46.1772],[4.7804,46.1769],[4.7824,46.1716],[4.7849,46.1675],[4.7918,46.1638],[4.8016,46.1586],[4.8026,46.1567]]]}},{"type":"Feature","properties":{"code":"69078","nom":"Duerne","pop":841},"geometry":{"type":"Polygon","coordinates":[[[4.5037,45.6893],[4.5111,45.6935],[4.517,45.7006],[4.5213,45.7025],[4.5238,45.7047],[4.5254,45.7046],[4.5274,45.7011],[4.5301,45.6998],[4.5354,45.6991],[4.5377,45.6976],[4.5412,45.6969],[4.5479,45.6984],[4.55,45.6972],[4.5534,45.6933],[4.5531,45.6873],[4.547,45.6835],[4.5406,45.6847],[4.5371,45.6843],[4.5372,45.6825],[4.5337,45.6803],[4.5322,45.681],[4.5275,45.6774],[4.5252,45.6725],[4.5265,45.6661],[4.5219,45.662],[4.5186,45.6527],[4.5129,45.6486],[4.5085,45.6555],[4.5055,45.6571],[4.5034,45.66],[4.5047,45.6627],[4.5024,45.6642],[4.5022,45.6674],[4.5069,45.6692],[4.5065,45.6729],[4.5076,45.6803],[4.5037,45.6893]]]}},{"type":"Feature","properties":{"code":"69080","nom":"Échalas","pop":1994},"geometry":{"type":"Polygon","coordinates":[[[4.7158,45.5294],[4.7069,45.5316],[4.7035,45.5337],[4.6943,45.5364],[4.6943,45.5388],[4.6923,45.5413],[4.6935,45.5478],[4.6925,45.5507],[4.6932,45.5549],[4.697,45.5556],[4.7016,45.5587],[4.7096,45.5608],[4.7179,45.5644],[4.7246,45.5682],[4.7276,45.5688],[4.7255,45.5737],[4.7304,45.5764],[4.7348,45.577],[4.7415,45.574],[4.7412,45.57],[4.7456,45.5728],[4.7479,45.5765],[4.7521,45.576],[4.7569,45.5778],[4.7589,45.5714],[4.7588,45.5685],[4.7622,45.565],[4.7626,45.5629],[4.7666,45.5571],[4.7573,45.5528],[4.7544,45.5507],[4.754,45.5473],[4.7515,45.5429],[4.749,45.5414],[4.7511,45.5384],[4.7512,45.5325],[4.749,45.5286],[4.7454,45.5261],[4.7435,45.5223],[4.739,45.5251],[4.736,45.5255],[4.7317,45.5296],[4.7275,45.5319],[4.7223,45.5301],[4.7158,45.5294]]]}},{"type":"Feature","properties":{"code":"69081","nom":"Écully","pop":17944},"geometry":{"type":"Polygon","coordinates":[[[4.7883,45.7898],[4.7841,45.7878],[4.7857,45.7858],[4.7919,45.7866],[4.7912,45.7814],[4.7952,45.7758],[4.7924,45.7735],[4.7892,45.7708],[4.7855,45.7699],[4.7723,45.7642],[4.7663,45.7657],[4.765,45.7694],[4.7612,45.7708],[4.7573,45.7725],[4.7552,45.7744],[4.7564,45.7802],[4.7543,45.7841],[4.7523,45.7907],[4.755,45.7907],[4.7562,45.7955],[4.7645,45.7958],[4.7664,45.7965],[4.7703,45.8008],[4.7833,45.793],[4.7872,45.7915],[4.7883,45.7898]]]}},{"type":"Feature","properties":{"code":"69082","nom":"Émeringes","pop":275},"geometry":{"type":"Polygon","coordinates":[[[4.6532,46.2348],[4.6587,46.2334],[4.659,46.2314],[4.6695,46.2301],[4.6724,46.2292],[4.684,46.2292],[4.6858,46.2307],[4.6931,46.2297],[4.6964,46.2316],[4.6975,46.2293],[4.6921,46.2274],[4.6822,46.2229],[4.6803,46.2203],[4.6782,46.2196],[4.6798,46.2155],[4.682,46.213],[4.6753,46.2158],[4.6745,46.2167],[4.6711,46.2172],[4.6638,46.2204],[4.6591,46.2213],[4.6554,46.232],[4.6532,46.2348]]]}},{"type":"Feature","properties":{"code":"69083","nom":"Éveux","pop":1160},"geometry":{"type":"Polygon","coordinates":[[[4.6318,45.8166],[4.6245,45.8178],[4.6153,45.8162],[4.6113,45.8161],[4.6072,45.8187],[4.6065,45.8229],[4.6082,45.8251],[4.6103,45.8245],[4.6128,45.8289],[4.6165,45.8314],[4.6168,45.8328],[4.6219,45.835],[4.6272,45.8341],[4.6294,45.8344],[4.631,45.831],[4.6341,45.8269],[4.6378,45.8266],[4.6363,45.8235],[4.6335,45.8199],[4.6318,45.8166]]]}},{"type":"Feature","properties":{"code":"69084","nom":"Fleurie","pop":1382},"geometry":{"type":"Polygon","coordinates":[[[4.7245,46.1842],[4.716,46.1858],[4.7128,46.1809],[4.7066,46.1803],[4.705,46.178],[4.7005,46.1778],[4.6976,46.1743],[4.696,46.174],[4.6884,46.1743],[4.6805,46.1773],[4.6793,46.1824],[4.6738,46.1896],[4.6659,46.1966],[4.6665,46.2027],[4.6653,46.207],[4.6632,46.209],[4.6644,46.2104],[4.6675,46.2104],[4.6679,46.2132],[4.6696,46.2158],[4.6745,46.2167],[4.6753,46.2158],[4.682,46.213],[4.6894,46.2129],[4.6942,46.2144],[4.6963,46.2127],[4.7047,46.2078],[4.7095,46.2043],[4.7177,46.202],[4.7198,46.2007],[4.7211,46.1979],[4.7202,46.1941],[4.7217,46.1904],[4.7253,46.1886],[4.7245,46.1842]]]}},{"type":"Feature","properties":{"code":"69085","nom":"Fleurieu-sur-Saône","pop":1597},"geometry":{"type":"Polygon","coordinates":[[[4.8365,45.8519],[4.8373,45.8538],[4.8392,45.8588],[4.8391,45.8629],[4.8369,45.8665],[4.841,45.8683],[4.8439,45.8661],[4.8505,45.8664],[4.8555,45.8652],[4.8595,45.8628],[4.8652,45.8634],[4.8728,45.8622],[4.8765,45.8612],[4.8762,45.8599],[4.867,45.8578],[4.8653,45.8587],[4.8602,45.8583],[4.8561,45.8573],[4.8545,45.8561],[4.8502,45.8533],[4.8454,45.8482],[4.8454,45.8507],[4.8425,45.8506],[4.8365,45.8519]]]}},{"type":"Feature","properties":{"code":"69086","nom":"Fleurieux-sur-l'Arbresle","pop":2361},"geometry":{"type":"Polygon","coordinates":[[[4.6363,45.8235],[4.6378,45.8266],[4.6341,45.8269],[4.631,45.831],[4.6294,45.8344],[4.6272,45.8341],[4.6219,45.835],[4.6208,45.8359],[4.622,45.8393],[4.6247,45.8398],[4.6276,45.8406],[4.6306,45.8399],[4.6345,45.8422],[4.6368,45.8464],[4.6394,45.8487],[4.6414,45.848],[4.6456,45.851],[4.6488,45.8515],[4.6555,45.857],[4.6591,45.8577],[4.6627,45.8556],[4.6704,45.8557],[4.6699,45.851],[4.6745,45.8476],[4.6754,45.843],[4.6739,45.8376],[4.6697,45.833],[4.6685,45.8307],[4.6674,45.8257],[4.663,45.8289],[4.6591,45.8271],[4.6578,45.8251],[4.6509,45.8248],[4.6447,45.8262],[4.6363,45.8235]]]}},{"type":"Feature","properties":{"code":"69087","nom":"Fontaines-Saint-Martin","pop":3098},"geometry":{"type":"Polygon","coordinates":[[[4.8669,45.8383],[4.8661,45.8351],[4.864,45.8331],[4.8602,45.8335],[4.856,45.8329],[4.8554,45.8391],[4.8501,45.8379],[4.8452,45.8383],[4.8407,45.837],[4.8373,45.8382],[4.8392,45.8398],[4.8468,45.8433],[4.8454,45.8482],[4.8502,45.8533],[4.8545,45.8561],[4.8568,45.8531],[4.8604,45.8503],[4.8617,45.8472],[4.8639,45.8459],[4.8635,45.8412],[4.8669,45.8383]]]}},{"type":"Feature","properties":{"code":"69088","nom":"Fontaines-sur-Saône","pop":6957},"geometry":{"type":"Polygon","coordinates":[[[4.864,45.8331],[4.8653,45.8318],[4.8646,45.8291],[4.8658,45.8232],[4.8653,45.819],[4.8667,45.815],[4.8665,45.8146],[4.8624,45.8146],[4.8615,45.8164],[4.8582,45.8169],[4.8563,45.8184],[4.8575,45.8216],[4.8553,45.8229],[4.8529,45.8281],[4.8479,45.8317],[4.8415,45.8335],[4.8407,45.837],[4.8452,45.8383],[4.8501,45.8379],[4.8554,45.8391],[4.856,45.8329],[4.8602,45.8335],[4.864,45.8331]]]}},{"type":"Feature","properties":{"code":"69089","nom":"Francheville","pop":15604},"geometry":{"type":"Polygon","coordinates":[[[4.7719,45.7508],[4.7776,45.7472],[4.7817,45.7404],[4.7812,45.736],[4.7795,45.7348],[4.7762,45.7346],[4.776,45.733],[4.7718,45.7286],[4.7633,45.7268],[4.7402,45.7276],[4.7354,45.7253],[4.7342,45.7292],[4.7309,45.7324],[4.7256,45.7335],[4.7273,45.7378],[4.7304,45.7376],[4.733,45.7388],[4.7317,45.7409],[4.734,45.742],[4.7379,45.7417],[4.7468,45.7453],[4.7525,45.7503],[4.7584,45.7512],[4.7645,45.7505],[4.77,45.7513],[4.7719,45.7508]]]}},{"type":"Feature","properties":{"code":"69090","nom":"Frontenas","pop":915},"geometry":{"type":"Polygon","coordinates":[[[4.6478,45.9081],[4.6466,45.9063],[4.6413,45.9109],[4.6335,45.9129],[4.6288,45.9164],[4.6246,45.9203],[4.6187,45.919],[4.6119,45.9237],[4.6112,45.9254],[4.6148,45.9268],[4.6133,45.9296],[4.6169,45.9283],[4.6176,45.9306],[4.6233,45.9308],[4.6272,45.9303],[4.6281,45.9287],[4.6328,45.9295],[4.6326,45.9275],[4.6377,45.9274],[4.6447,45.9281],[4.6507,45.9304],[4.6528,45.9262],[4.6462,45.9257],[4.6406,45.9237],[4.6426,45.9185],[4.6417,45.9153],[4.6422,45.9123],[4.6478,45.9081]]]}},{"type":"Feature","properties":{"code":"69091","nom":"Givors","pop":21379},"geometry":{"type":"Polygon","coordinates":[[[4.7789,45.5906],[4.7769,45.5875],[4.7787,45.5831],[4.7818,45.5806],[4.7952,45.5761],[4.8088,45.5728],[4.7948,45.5667],[4.788,45.5643],[4.7833,45.5613],[4.7781,45.5606],[4.7757,45.5591],[4.7716,45.5594],[4.7666,45.5571],[4.7626,45.5629],[4.7622,45.565],[4.7588,45.5685],[4.7589,45.5714],[4.7569,45.5778],[4.7521,45.576],[4.7479,45.5765],[4.7456,45.5728],[4.7412,45.57],[4.7415,45.574],[4.7348,45.577],[4.7304,45.5764],[4.7255,45.5737],[4.7243,45.5751],[4.7182,45.573],[4.7161,45.5742],[4.713,45.5742],[4.7107,45.5761],[4.7103,45.5812],[4.7123,45.5851],[4.7103,45.5886],[4.7187,45.5892],[4.7201,45.5944],[4.727,45.5909],[4.7351,45.5899],[4.7398,45.592],[4.7462,45.5916],[4.7508,45.5937],[4.7521,45.5959],[4.7553,45.5982],[4.7565,45.6007],[4.756,45.6028],[4.7591,45.6045],[4.7581,45.6079],[4.7614,45.6096],[4.7641,45.6094],[4.775,45.5988],[4.7747,45.5947],[4.7789,45.5906]]]}},{"type":"Feature","properties":{"code":"69092","nom":"Gleizé","pop":8035},"geometry":{"type":"Polygon","coordinates":[[[4.6981,45.9802],[4.6974,45.9769],[4.694,45.9751],[4.6878,45.9723],[4.684,45.9742],[4.682,45.9751],[4.6808,45.9777],[4.6786,45.9794],[4.6741,45.9762],[4.6706,45.9765],[4.6585,45.9791],[4.6568,45.9882],[4.6579,45.9932],[4.6641,45.9942],[4.67,45.9937],[4.6766,45.9944],[4.6797,45.9941],[4.6827,46.0007],[4.6773,46.0012],[4.679,46.0033],[4.6847,46.003],[4.6913,46.0058],[4.6965,46.0072],[4.7046,46.0082],[4.7097,46.0081],[4.712,46.0094],[4.7199,46.0106],[4.7193,45.9997],[4.716,46.0012],[4.7138,46.0002],[4.706,46.0006],[4.7078,45.9953],[4.7059,45.9943],[4.7047,45.9911],[4.7092,45.9887],[4.7095,45.9853],[4.7056,45.9863],[4.7006,45.9842],[4.6984,45.9822],[4.6981,45.9802]]]}},{"type":"Feature","properties":{"code":"69093","nom":"Grandris","pop":1226},"geometry":{"type":"Polygon","coordinates":[[[4.4311,46.0201],[4.4238,46.0268],[4.4268,46.0297],[4.4322,46.0319],[4.4348,46.0345],[4.4392,46.0368],[4.4367,46.044],[4.4452,46.051],[4.4486,46.0514],[4.4488,46.0554],[4.451,46.0561],[4.4633,46.054],[4.4681,46.0503],[4.471,46.049],[4.477,46.0476],[4.4793,46.0446],[4.4789,46.0429],[4.4802,46.0401],[4.4837,46.0379],[4.489,46.0372],[4.4938,46.035],[4.4941,46.0321],[4.496,46.0303],[4.4955,46.0282],[4.4921,46.0254],[4.4894,46.0243],[4.4811,46.0235],[4.4792,46.0221],[4.4746,46.0216],[4.4689,46.0164],[4.4677,46.0119],[4.4587,46.0153],[4.455,46.0183],[4.4495,46.0194],[4.4419,46.0167],[4.4388,46.0165],[4.4311,46.0201]]]}},{"type":"Feature","properties":{"code":"69094","nom":"Grézieu-la-Varenne","pop":6472},"geometry":{"type":"Polygon","coordinates":[[[4.6432,45.7483],[4.6505,45.7488],[4.6541,45.7496],[4.6572,45.753],[4.6612,45.7549],[4.6737,45.7547],[4.6751,45.7538],[4.6814,45.754],[4.6838,45.7533],[4.6939,45.7546],[4.6992,45.7564],[4.6938,45.7599],[4.6998,45.7599],[4.7061,45.7608],[4.7167,45.7588],[4.716,45.7541],[4.7104,45.7505],[4.71,45.7434],[4.7076,45.7414],[4.7084,45.7393],[4.7119,45.7375],[4.712,45.7356],[4.7086,45.7363],[4.7066,45.7342],[4.7027,45.7352],[4.6983,45.733],[4.6936,45.737],[4.688,45.7381],[4.6779,45.742],[4.6746,45.7447],[4.6709,45.7455],[4.6673,45.7474],[4.6615,45.7473],[4.6591,45.7484],[4.6533,45.746],[4.6481,45.7466],[4.6432,45.7483]]]}},{"type":"Feature","properties":{"code":"69095","nom":"Grézieu-le-Marché","pop":834},"geometry":{"type":"Polygon","coordinates":[[[4.3926,45.6623],[4.3927,45.6626],[4.3985,45.6649],[4.4009,45.6671],[4.4033,45.6676],[4.4075,45.6713],[4.4125,45.6726],[4.4145,45.674],[4.4211,45.6752],[4.4228,45.6774],[4.4277,45.6794],[4.4324,45.6849],[4.4348,45.6801],[4.4412,45.6768],[4.4437,45.6739],[4.4494,45.6701],[4.4498,45.6686],[4.4541,45.6684],[4.4575,45.6669],[4.457,45.6622],[4.4528,45.6598],[4.4507,45.6624],[4.4474,45.6638],[4.443,45.662],[4.4379,45.6572],[4.4314,45.6555],[4.4241,45.6525],[4.4212,45.6491],[4.4185,45.6484],[4.4093,45.6425],[4.4104,45.6413],[4.4093,45.6371],[4.4034,45.6399],[4.3985,45.6472],[4.3941,45.6502],[4.3926,45.6537],[4.3993,45.6564],[4.397,45.6583],[4.3943,45.6581],[4.3909,45.6605],[4.3926,45.6623]]]}},{"type":"Feature","properties":{"code":"69096","nom":"Grigny","pop":10030},"geometry":{"type":"Polygon","coordinates":[[[4.8043,45.6301],[4.8073,45.6293],[4.8072,45.6221],[4.806,45.6195],[4.8029,45.6159],[4.8015,45.6119],[4.801,45.6081],[4.7947,45.6026],[4.7892,45.5961],[4.7854,45.5933],[4.7789,45.5906],[4.7747,45.5947],[4.775,45.5988],[4.7641,45.6094],[4.7694,45.6108],[4.7709,45.6097],[4.7741,45.6104],[4.775,45.6141],[4.7802,45.6148],[4.7892,45.618],[4.7887,45.6221],[4.7912,45.6214],[4.7965,45.6232],[4.8025,45.6212],[4.8037,45.6244],[4.8043,45.6301]]]}},{"type":"Feature","properties":{"code":"69097","nom":"Les Haies","pop":723},"geometry":{"type":"Polygon","coordinates":[[[4.7758,45.5241],[4.7773,45.5196],[4.776,45.5184],[4.7738,45.5181],[4.7694,45.5161],[4.7656,45.5131],[4.7636,45.5105],[4.7651,45.5087],[4.765,45.5052],[4.7622,45.502],[4.7578,45.5015],[4.7547,45.4991],[4.7536,45.4963],[4.7563,45.4927],[4.7512,45.492],[4.7455,45.4924],[4.7434,45.4934],[4.7372,45.4949],[4.7331,45.4941],[4.7269,45.4939],[4.7237,45.4954],[4.715,45.5006],[4.715,45.5019],[4.7095,45.5065],[4.7054,45.5106],[4.7035,45.5135],[4.7028,45.5168],[4.7079,45.5211],[4.7118,45.5225],[4.7158,45.525],[4.7172,45.5278],[4.7158,45.5294],[4.7223,45.5301],[4.7275,45.5319],[4.7317,45.5296],[4.736,45.5255],[4.739,45.5251],[4.7435,45.5223],[4.7454,45.5261],[4.749,45.5286],[4.7512,45.5325],[4.7523,45.5289],[4.7651,45.5242],[4.7687,45.5237],[4.7758,45.5241]]]}},{"type":"Feature","properties":{"code":"69098","nom":"Les Halles","pop":472},"geometry":{"type":"Polygon","coordinates":[[[4.4452,45.7164],[4.4445,45.7113],[4.4385,45.7066],[4.4393,45.7053],[4.436,45.7045],[4.433,45.7051],[4.4263,45.7052],[4.4269,45.7087],[4.4236,45.7103],[4.4267,45.7155],[4.4294,45.7257],[4.4346,45.7272],[4.4371,45.7307],[4.4381,45.7268],[4.4409,45.7267],[4.4452,45.7164]]]}},{"type":"Feature","properties":{"code":"69099","nom":"Haute-Rivoire","pop":1430},"geometry":{"type":"Polygon","coordinates":[[[4.3657,45.6985],[4.3728,45.7019],[4.3731,45.7066],[4.3742,45.7102],[4.374,45.7125],[4.376,45.7145],[4.3811,45.7158],[4.3827,45.719],[4.3848,45.7209],[4.3846,45.7234],[4.3879,45.7264],[4.389,45.7306],[4.3904,45.7323],[4.3903,45.7357],[4.3919,45.7397],[4.3945,45.74],[4.3999,45.7437],[4.4031,45.744],[4.4028,45.7398],[4.4126,45.7428],[4.4147,45.7408],[4.4153,45.7376],[4.4207,45.738],[4.4217,45.7369],[4.4252,45.7381],[4.4333,45.7384],[4.4363,45.7372],[4.4339,45.7352],[4.4382,45.7319],[4.4371,45.7307],[4.4346,45.7272],[4.4294,45.7257],[4.4267,45.7155],[4.4236,45.7103],[4.4269,45.7087],[4.4263,45.7052],[4.433,45.7051],[4.436,45.7045],[4.4393,45.7053],[4.4423,45.7015],[4.4413,45.6998],[4.4428,45.6979],[4.4429,45.695],[4.4387,45.6955],[4.4352,45.6941],[4.4335,45.6908],[4.4278,45.6935],[4.4227,45.6942],[4.4187,45.6956],[4.4164,45.6984],[4.4099,45.698],[4.4066,45.6996],[4.3968,45.6995],[4.3966,45.6981],[4.3935,45.6958],[4.3948,45.6933],[4.3933,45.691],[4.3879,45.6905],[4.3792,45.6917],[4.3736,45.6906],[4.3732,45.6915],[4.3682,45.694],[4.3657,45.6985]]]}},{"type":"Feature","properties":{"code":"69100","nom":"Irigny","pop":9034},"geometry":{"type":"Polygon","coordinates":[[[4.8298,45.6604],[4.8279,45.6539],[4.8177,45.6588],[4.8095,45.6589],[4.8107,45.6635],[4.8026,45.661],[4.8059,45.666],[4.8017,45.6669],[4.7984,45.6693],[4.7949,45.6686],[4.7919,45.6663],[4.7906,45.6713],[4.7946,45.6729],[4.7953,45.6789],[4.7974,45.6785],[4.8044,45.679],[4.8057,45.6804],[4.8048,45.6826],[4.8106,45.6831],[4.8098,45.6845],[4.8127,45.6869],[4.818,45.6883],[4.8175,45.6928],[4.8204,45.6956],[4.8282,45.6927],[4.8381,45.6918],[4.8362,45.6873],[4.8372,45.6865],[4.8339,45.6804],[4.8341,45.676],[4.8332,45.6725],[4.8311,45.6683],[4.8298,45.6604]]]}},{"type":"Feature","properties":{"code":"69102","nom":"Joux","pop":752},"geometry":{"type":"Polygon","coordinates":[[[4.3235,45.9042],[4.3264,45.9047],[4.3281,45.9064],[4.3343,45.9078],[4.3394,45.9114],[4.3398,45.9139],[4.3461,45.9157],[4.3563,45.9159],[4.3579,45.9156],[4.3705,45.9105],[4.3795,45.9065],[4.385,45.9078],[4.3893,45.9103],[4.3911,45.9105],[4.396,45.9079],[4.4012,45.9038],[4.3998,45.9011],[4.4001,45.8968],[4.4013,45.893],[4.4042,45.8917],[4.4126,45.8913],[4.411,45.8896],[4.3988,45.8849],[4.3977,45.883],[4.3988,45.879],[4.4003,45.8775],[4.4008,45.8741],[4.3996,45.8715],[4.4002,45.8696],[4.3988,45.8677],[4.3947,45.8651],[4.3851,45.8639],[4.3789,45.864],[4.3765,45.8632],[4.3686,45.8681],[4.366,45.867],[4.3634,45.8644],[4.3553,45.869],[4.3502,45.871],[4.3473,45.875],[4.3426,45.877],[4.3399,45.8814],[4.3378,45.8896],[4.334,45.8916],[4.3267,45.8969],[4.3236,45.9013],[4.3235,45.9042]]]}},{"type":"Feature","properties":{"code":"69103","nom":"Juliénas","pop":880},"geometry":{"type":"Polygon","coordinates":[[[4.6735,46.2558],[4.674,46.2647],[4.6768,46.2679],[4.6799,46.2679],[4.6816,46.2646],[4.6792,46.2601],[4.6838,46.2534],[4.6864,46.255],[4.6888,46.2523],[4.6883,46.2493],[4.6933,46.2484],[4.697,46.251],[4.6983,46.2529],[4.7012,46.2522],[4.7033,46.25],[4.7053,46.2511],[4.7095,46.2483],[4.7134,46.2471],[4.7176,46.2441],[4.7201,46.2453],[4.7275,46.2396],[4.7319,46.2354],[4.7353,46.2342],[4.7369,46.2325],[4.7344,46.2305],[4.7324,46.2267],[4.7211,46.2296],[4.72,46.2286],[4.7157,46.2304],[4.7121,46.2293],[4.7101,46.23],[4.7054,46.2297],[4.703,46.2305],[4.6975,46.2293],[4.6964,46.2316],[4.693,46.2384],[4.6864,46.2441],[4.6793,46.2476],[4.6735,46.2558]]]}},{"type":"Feature","properties":{"code":"69104","nom":"Jullié","pop":492},"geometry":{"type":"Polygon","coordinates":[[[4.6964,46.2316],[4.6931,46.2297],[4.6858,46.2307],[4.684,46.2292],[4.6724,46.2292],[4.6695,46.2301],[4.659,46.2314],[4.6587,46.2334],[4.6532,46.2348],[4.6459,46.2386],[4.643,46.2422],[4.6381,46.2443],[4.6341,46.2471],[4.6301,46.2484],[4.6321,46.2481],[4.6353,46.2497],[4.6377,46.2528],[4.6434,46.2547],[4.6475,46.2557],[4.6557,46.2544],[4.6565,46.2566],[4.6604,46.2603],[4.669,46.2613],[4.6702,46.2586],[4.6735,46.2558],[4.6793,46.2476],[4.6864,46.2441],[4.693,46.2384],[4.6964,46.2316]]]}},{"type":"Feature","properties":{"code":"69105","nom":"Lacenas","pop":1076},"geometry":{"type":"Polygon","coordinates":[[[4.6386,45.9809],[4.6371,45.9827],[4.6321,45.9835],[4.6334,45.9857],[4.6363,45.9866],[4.6398,45.9866],[4.6392,45.9894],[4.6346,45.9903],[4.6359,45.9931],[4.6413,45.997],[4.6475,45.9973],[4.6501,45.9964],[4.6544,45.9929],[4.6579,45.9932],[4.6568,45.9882],[4.6585,45.9791],[4.6484,45.9761],[4.6422,45.9768],[4.64,45.9786],[4.6348,45.9783],[4.6349,45.9795],[4.6386,45.9809]]]}},{"type":"Feature","properties":{"code":"69106","nom":"Lachassagne","pop":1332},"geometry":{"type":"Polygon","coordinates":[[[4.6662,45.9246],[4.6559,45.9269],[4.6589,45.9345],[4.6597,45.9346],[4.6632,45.9358],[4.6682,45.9335],[4.6761,45.9315],[4.6821,45.9311],[4.6861,45.9298],[4.6883,45.9299],[4.6943,45.9337],[4.6967,45.9327],[4.6992,45.9292],[4.6998,45.9241],[4.6972,45.9232],[4.6942,45.9197],[4.6916,45.9199],[4.6875,45.9171],[4.6864,45.9191],[4.6865,45.9219],[4.6834,45.9223],[4.6781,45.9213],[4.6756,45.9241],[4.6706,45.9249],[4.6662,45.9246]]]}},{"type":"Feature","properties":{"code":"69107","nom":"Lamure-sur-Azergues","pop":1048},"geometry":{"type":"Polygon","coordinates":[[[4.5159,46.0333],[4.5101,46.0356],[4.5041,46.0322],[4.496,46.0303],[4.4941,46.0321],[4.4938,46.035],[4.489,46.0372],[4.4837,46.0379],[4.4802,46.0401],[4.4789,46.0429],[4.4793,46.0446],[4.477,46.0476],[4.4798,46.0515],[4.4932,46.0527],[4.4901,46.0544],[4.4895,46.0558],[4.4849,46.0614],[4.4844,46.0643],[4.4863,46.065],[4.4907,46.0717],[4.492,46.0724],[4.4961,46.0714],[4.5018,46.0741],[4.5062,46.0752],[4.5128,46.0758],[4.5154,46.0733],[4.5149,46.0716],[4.5182,46.0683],[4.5213,46.0662],[4.5249,46.0653],[4.527,46.0661],[4.5356,46.0656],[4.5406,46.0666],[4.5372,46.0581],[4.5354,46.0552],[4.5366,46.0532],[4.5365,46.048],[4.5353,46.047],[4.5357,46.0442],[4.5315,46.0419],[4.5288,46.0422],[4.5242,46.0401],[4.5216,46.0375],[4.5182,46.0359],[4.5159,46.0333]]]}},{"type":"Feature","properties":{"code":"69108","nom":"Lancié","pop":1101},"geometry":{"type":"Polygon","coordinates":[[[4.696,46.174],[4.6976,46.1743],[4.7005,46.1778],[4.705,46.178],[4.7066,46.1803],[4.7128,46.1809],[4.716,46.1858],[4.7245,46.1842],[4.7261,46.1829],[4.7296,46.1826],[4.7271,46.18],[4.7278,46.1791],[4.7347,46.178],[4.7398,46.1757],[4.7474,46.1755],[4.7519,46.1725],[4.7601,46.1728],[4.7612,46.1763],[4.7627,46.1763],[4.7631,46.1686],[4.7551,46.1674],[4.75,46.1676],[4.751,46.1713],[4.7472,46.1706],[4.7402,46.168],[4.7354,46.1651],[4.7312,46.1632],[4.7264,46.162],[4.7114,46.1663],[4.7073,46.1678],[4.704,46.1677],[4.6983,46.1696],[4.696,46.174]]]}},{"type":"Feature","properties":{"code":"69109","nom":"Lantignié","pop":849},"geometry":{"type":"Polygon","coordinates":[[[4.6138,46.1814],[4.6147,46.1784],[4.6295,46.1674],[4.6339,46.1608],[4.6335,46.1591],[4.6353,46.1553],[4.6311,46.1493],[4.6295,46.1434],[4.6241,46.1387],[4.6204,46.1342],[4.6186,46.1356],[4.613,46.1379],[4.6108,46.1399],[4.6071,46.1403],[4.6021,46.1428],[4.6019,46.145],[4.5996,46.1472],[4.6036,46.1496],[4.6071,46.1572],[4.6065,46.1581],[4.611,46.1645],[4.6118,46.1699],[4.6136,46.1761],[4.6112,46.1827],[4.6138,46.1814]]]}},{"type":"Feature","properties":{"code":"69110","nom":"Larajasse","pop":1804},"geometry":{"type":"Polygon","coordinates":[[[4.5575,45.6129],[4.5571,45.6107],[4.5584,45.6062],[4.5539,45.6054],[4.5519,45.6041],[4.5514,45.6016],[4.5423,45.5985],[4.542,45.597],[4.5451,45.59],[4.5479,45.585],[4.5477,45.58],[4.5461,45.5808],[4.5316,45.5772],[4.5254,45.573],[4.521,45.5727],[4.5188,45.575],[4.5143,45.5761],[4.5106,45.5778],[4.5067,45.5761],[4.5048,45.5766],[4.5059,45.579],[4.5046,45.587],[4.4967,45.5843],[4.494,45.5852],[4.4891,45.5847],[4.4805,45.5878],[4.4766,45.5874],[4.4696,45.585],[4.4677,45.5858],[4.4685,45.5905],[4.4711,45.5925],[4.4737,45.5927],[4.4744,45.5947],[4.4739,45.5978],[4.4749,45.5996],[4.4784,45.6003],[4.4828,45.6033],[4.4889,45.605],[4.4905,45.6113],[4.4885,45.6152],[4.4856,45.6168],[4.4844,45.6199],[4.4868,45.6209],[4.489,45.6299],[4.4858,45.6312],[4.4786,45.6284],[4.471,45.6293],[4.4676,45.6281],[4.4685,45.6361],[4.4749,45.6347],[4.4788,45.6395],[4.486,45.6385],[4.4948,45.6396],[4.5009,45.6396],[4.5065,45.639],[4.5064,45.6351],[4.5087,45.6355],[4.5123,45.6376],[4.5116,45.6396],[4.515,45.6408],[4.5212,45.6406],[4.5248,45.6415],[4.5279,45.641],[4.5327,45.6418],[4.5314,45.6386],[4.5284,45.6366],[4.5252,45.6359],[4.5267,45.6303],[4.5255,45.628],[4.5292,45.6269],[4.5322,45.6278],[4.5344,45.626],[4.5397,45.625],[4.5425,45.6265],[4.5472,45.6271],[4.5527,45.625],[4.5537,45.6214],[4.5515,45.6191],[4.553,45.6158],[4.5575,45.6129]]]}},{"type":"Feature","properties":{"code":"69111","nom":"Légny","pop":685},"geometry":{"type":"Polygon","coordinates":[[[4.557,45.9009],[4.5586,45.9026],[4.5557,45.9069],[4.5568,45.9083],[4.5617,45.9099],[4.5679,45.9105],[4.5735,45.9101],[4.5768,45.9089],[4.5782,45.912],[4.58,45.9134],[4.5826,45.9121],[4.5926,45.915],[4.5919,45.9067],[4.5923,45.9033],[4.5869,45.9],[4.5819,45.8976],[4.5792,45.8975],[4.5738,45.8955],[4.5703,45.8954],[4.5619,45.8951],[4.5612,45.8978],[4.5586,45.8988],[4.557,45.9009]]]}},{"type":"Feature","properties":{"code":"69112","nom":"Lentilly","pop":6623},"geometry":{"type":"Polygon","coordinates":[[[4.6573,45.7911],[4.656,45.7977],[4.6379,45.807],[4.6335,45.8105],[4.6318,45.8166],[4.6335,45.8199],[4.6363,45.8235],[4.6447,45.8262],[4.6509,45.8248],[4.6578,45.8251],[4.6591,45.8271],[4.663,45.8289],[4.6674,45.8257],[4.6685,45.8307],[4.6697,45.833],[4.6739,45.8376],[4.6754,45.843],[4.6766,45.842],[4.6847,45.8384],[4.6871,45.8381],[4.689,45.8319],[4.6911,45.828],[4.6946,45.8252],[4.6943,45.819],[4.6927,45.8126],[4.7003,45.8031],[4.7017,45.7975],[4.7035,45.7952],[4.7064,45.7943],[4.701,45.7911],[4.6951,45.7911],[4.6922,45.7902],[4.6882,45.7918],[4.6809,45.7932],[4.679,45.7929],[4.6771,45.7925],[4.6694,45.7932],[4.6573,45.7911]]]}},{"type":"Feature","properties":{"code":"69113","nom":"Létra","pop":901},"geometry":{"type":"Polygon","coordinates":[[[4.484,45.9607],[4.4814,45.9617],[4.487,45.962],[4.4955,45.9656],[4.4966,45.9678],[4.5007,45.9693],[4.5031,45.969],[4.5051,45.9704],[4.5046,45.9724],[4.5116,45.9731],[4.5176,45.9771],[4.5209,45.9833],[4.5259,45.985],[4.5276,45.9865],[4.5319,45.9933],[4.5365,45.9975],[4.5373,46.0002],[4.5355,46.0036],[4.5405,46.0034],[4.5441,46.0011],[4.546,45.9986],[4.5511,45.9988],[4.5509,45.9946],[4.552,45.9924],[4.5506,45.9893],[4.552,45.9867],[4.5514,45.9843],[4.5537,45.9813],[4.5547,45.9754],[4.5495,45.9708],[4.5495,45.9695],[4.5472,45.9649],[4.5442,45.9613],[4.5385,45.956],[4.5348,45.9546],[4.5293,45.9497],[4.5277,45.9515],[4.5252,45.9512],[4.5215,45.9561],[4.5199,45.9566],[4.5172,45.9539],[4.5119,45.9543],[4.5079,45.9563],[4.504,45.9561],[4.4997,45.9534],[4.4967,45.9526],[4.4931,45.9532],[4.489,45.9568],[4.4887,45.959],[4.484,45.9607]]]}},{"type":"Feature","properties":{"code":"69115","nom":"Limas","pop":4750},"geometry":{"type":"Polygon","coordinates":[[[4.694,45.9751],[4.6974,45.9769],[4.6981,45.9802],[4.7094,45.9826],[4.7095,45.9793],[4.7115,45.9785],[4.7156,45.9788],[4.7246,45.9784],[4.7299,45.9791],[4.7362,45.9789],[4.7452,45.9752],[4.7429,45.9726],[4.7412,45.9683],[4.7363,45.9696],[4.7299,45.9607],[4.7225,45.9625],[4.7161,45.9646],[4.7015,45.9665],[4.7019,45.9675],[4.6975,45.9696],[4.694,45.9751]]]}},{"type":"Feature","properties":{"code":"69116","nom":"Limonest","pop":4012},"geometry":{"type":"Polygon","coordinates":[[[4.7464,45.8389],[4.7489,45.8432],[4.766,45.848],[4.7712,45.8503],[4.7748,45.8495],[4.7777,45.8501],[4.7805,45.8461],[4.7863,45.8423],[4.7858,45.8376],[4.7899,45.8306],[4.7866,45.828],[4.7826,45.8176],[4.7841,45.8162],[4.7839,45.8134],[4.7822,45.8118],[4.7811,45.8067],[4.7754,45.803],[4.7706,45.8027],[4.7712,45.8065],[4.7702,45.8119],[4.7697,45.8186],[4.7664,45.8206],[4.7642,45.8238],[4.7609,45.8254],[4.7543,45.83],[4.7535,45.8327],[4.7513,45.8357],[4.7464,45.8389]]]}},{"type":"Feature","properties":{"code":"69117","nom":"Lissieu","pop":3181},"geometry":{"type":"Polygon","coordinates":[[[4.7426,45.8785],[4.7465,45.879],[4.7533,45.8603],[4.7551,45.8572],[4.7623,45.8496],[4.766,45.848],[4.7489,45.8432],[4.7464,45.8389],[4.7357,45.8375],[4.7333,45.841],[4.735,45.8485],[4.7347,45.8511],[4.7366,45.8541],[4.7358,45.8564],[4.7332,45.8571],[4.7361,45.8658],[4.7356,45.8698],[4.7378,45.8707],[4.7427,45.8707],[4.7426,45.8785]]]}},{"type":"Feature","properties":{"code":"69118","nom":"Loire-sur-Rhône","pop":2746},"geometry":{"type":"Polygon","coordinates":[[[4.8204,45.5591],[4.8158,45.555],[4.8117,45.5546],[4.8058,45.5493],[4.8046,45.5449],[4.8004,45.542],[4.7937,45.535],[4.7908,45.5308],[4.7911,45.5289],[4.7887,45.5264],[4.7869,45.5271],[4.7854,45.5274],[4.7817,45.5251],[4.7758,45.5241],[4.7687,45.5237],[4.7651,45.5242],[4.7523,45.5289],[4.7512,45.5325],[4.7511,45.5384],[4.749,45.5414],[4.7515,45.5429],[4.754,45.5473],[4.7544,45.5507],[4.7573,45.5528],[4.7666,45.5571],[4.7716,45.5594],[4.7757,45.5591],[4.7781,45.5606],[4.7833,45.5613],[4.788,45.5643],[4.7948,45.5667],[4.8088,45.5728],[4.8124,45.5703],[4.8155,45.5663],[4.8204,45.5591]]]}},{"type":"Feature","properties":{"code":"69119","nom":"Longes","pop":938},"geometry":{"type":"Polygon","coordinates":[[[4.6649,45.5428],[4.6664,45.5432],[4.6687,45.5412],[4.6681,45.5393],[4.6715,45.5309],[4.6745,45.5292],[4.6797,45.5276],[4.6874,45.5221],[4.6891,45.5223],[4.6933,45.5197],[4.6999,45.5206],[4.7028,45.5168],[4.7035,45.5135],[4.7054,45.5106],[4.7095,45.5065],[4.715,45.5019],[4.715,45.5006],[4.7237,45.4954],[4.722,45.4943],[4.7195,45.4919],[4.7157,45.4916],[4.7124,45.4887],[4.7084,45.4874],[4.7097,45.4829],[4.7081,45.4812],[4.7025,45.4796],[4.6964,45.4767],[4.6927,45.4794],[4.6817,45.4798],[4.6764,45.482],[4.6747,45.4789],[4.6706,45.4741],[4.6689,45.4769],[4.6664,45.4779],[4.6706,45.4837],[4.6681,45.4852],[4.6638,45.4854],[4.6617,45.4869],[4.6577,45.4855],[4.655,45.4863],[4.6515,45.4913],[4.6509,45.4954],[4.6499,45.4969],[4.653,45.498],[4.6542,45.4997],[4.6506,45.5109],[4.6486,45.5214],[4.652,45.5238],[4.6504,45.5265],[4.6507,45.5312],[4.6615,45.536],[4.6663,45.5415],[4.6649,45.5428]]]}},{"type":"Feature","properties":{"code":"69120","nom":"Longessaigne","pop":589},"geometry":{"type":"Polygon","coordinates":[[[4.4508,45.7641],[4.4474,45.7658],[4.4461,45.7704],[4.4415,45.7696],[4.4411,45.7713],[4.4354,45.7728],[4.4305,45.7698],[4.4262,45.7695],[4.4157,45.7713],[4.4111,45.7727],[4.4066,45.7716],[4.4058,45.7754],[4.4089,45.7784],[4.4039,45.7833],[4.4033,45.7851],[4.4038,45.7898],[4.3998,45.7911],[4.3982,45.7933],[4.3964,45.7953],[4.3968,45.797],[4.4,45.7976],[4.4036,45.7972],[4.4069,45.7999],[4.4093,45.8002],[4.413,45.803],[4.4171,45.8024],[4.4204,45.8009],[4.4262,45.8044],[4.428,45.8029],[4.433,45.8016],[4.4343,45.8032],[4.4387,45.8032],[4.4412,45.801],[4.4415,45.799],[4.4458,45.7967],[4.4462,45.7941],[4.4444,45.7924],[4.4438,45.7891],[4.4445,45.7819],[4.4462,45.7811],[4.4484,45.7774],[4.4488,45.7746],[4.4572,45.7709],[4.4547,45.77],[4.4571,45.7672],[4.4602,45.7659],[4.4565,45.7622],[4.4508,45.7641]]]}},{"type":"Feature","properties":{"code":"69121","nom":"Lozanne","pop":3182},"geometry":{"type":"Polygon","coordinates":[[[4.6768,45.8678],[4.6896,45.8665],[4.6914,45.8627],[4.6979,45.8589],[4.6996,45.8583],[4.697,45.8516],[4.6982,45.8469],[4.698,45.8442],[4.6992,45.8416],[4.6871,45.8381],[4.6847,45.8384],[4.6766,45.842],[4.6754,45.843],[4.6745,45.8476],[4.6699,45.851],[4.6704,45.8557],[4.6734,45.8581],[4.6694,45.8585],[4.6713,45.8621],[4.6746,45.8634],[4.6768,45.8678]]]}},{"type":"Feature","properties":{"code":"69122","nom":"Lucenay","pop":2070},"geometry":{"type":"Polygon","coordinates":[[[4.7341,45.9114],[4.7339,45.9113],[4.7271,45.9078],[4.7211,45.9069],[4.7151,45.9046],[4.7101,45.9039],[4.7019,45.9035],[4.6996,45.9043],[4.6955,45.9038],[4.6854,45.9056],[4.685,45.9086],[4.6866,45.9124],[4.6875,45.9171],[4.6916,45.9199],[4.6942,45.9197],[4.6972,45.9232],[4.6998,45.9241],[4.7179,45.9213],[4.7325,45.9206],[4.7335,45.9179],[4.7341,45.9114]]]}},{"type":"Feature","properties":{"code":"69124","nom":"Marchampt","pop":450},"geometry":{"type":"Polygon","coordinates":[[[4.551,46.0854],[4.5519,46.0865],[4.5505,46.0912],[4.5452,46.0937],[4.542,46.0973],[4.5405,46.1042],[4.5324,46.109],[4.5302,46.1211],[4.5377,46.1245],[4.5407,46.1268],[4.5421,46.1309],[4.5469,46.1341],[4.56,46.1304],[4.5643,46.1264],[4.5733,46.1292],[4.5781,46.1295],[4.5798,46.1223],[4.5828,46.1178],[4.5819,46.1162],[4.5843,46.1146],[4.5841,46.11],[4.5853,46.1063],[4.5893,46.105],[4.5925,46.1013],[4.592,46.0988],[4.588,46.0938],[4.5875,46.0902],[4.5838,46.0863],[4.5807,46.0881],[4.576,46.088],[4.5729,46.0856],[4.5653,46.0843],[4.5628,46.0831],[4.5597,46.0838],[4.5556,46.0833],[4.551,46.0854]]]}},{"type":"Feature","properties":{"code":"69125","nom":"Marcilly-d'Azergues","pop":1066},"geometry":{"type":"Polygon","coordinates":[[[4.7202,45.8722],[4.7234,45.8747],[4.7267,45.8754],[4.7281,45.8783],[4.7312,45.8825],[4.7302,45.8858],[4.7338,45.8873],[4.7379,45.8845],[4.7394,45.8816],[4.7426,45.8785],[4.7427,45.8707],[4.7378,45.8707],[4.7356,45.8698],[4.7361,45.8658],[4.7332,45.8571],[4.7358,45.8564],[4.7366,45.8541],[4.7347,45.8511],[4.7335,45.8514],[4.7269,45.8493],[4.727,45.8523],[4.7216,45.858],[4.7233,45.8619],[4.7202,45.863],[4.7217,45.8651],[4.7181,45.8666],[4.7181,45.8693],[4.7202,45.8722]]]}},{"type":"Feature","properties":{"code":"69126","nom":"Marcy","pop":916},"geometry":{"type":"Polygon","coordinates":[[[4.6854,45.9056],[4.681,45.9047],[4.6803,45.9032],[4.6756,45.9033],[4.6702,45.9055],[4.6695,45.9066],[4.6641,45.9091],[4.6666,45.9122],[4.6647,45.9142],[4.6633,45.9186],[4.665,45.9204],[4.6662,45.9246],[4.6706,45.9249],[4.6756,45.9241],[4.6781,45.9213],[4.6834,45.9223],[4.6865,45.9219],[4.6864,45.9191],[4.6875,45.9171],[4.6866,45.9124],[4.685,45.9086],[4.6854,45.9056]]]}},{"type":"Feature","properties":{"code":"69127","nom":"Marcy-l'Étoile","pop":3778},"geometry":{"type":"Polygon","coordinates":[[[4.7315,45.7876],[4.7341,45.7852],[4.731,45.7838],[4.7249,45.7841],[4.7272,45.7802],[4.729,45.779],[4.7263,45.777],[4.7168,45.7763],[4.7117,45.774],[4.7061,45.7739],[4.6995,45.7777],[4.6964,45.7782],[4.6921,45.7841],[4.6922,45.7902],[4.6951,45.7911],[4.701,45.7911],[4.7064,45.7943],[4.7113,45.7961],[4.7193,45.797],[4.7213,45.7931],[4.7242,45.791],[4.7278,45.7898],[4.7315,45.7876]]]}},{"type":"Feature","properties":{"code":"69130","nom":"Meaux-la-Montagne","pop":223},"geometry":{"type":"Polygon","coordinates":[[[4.3965,46.053],[4.4022,46.0533],[4.4033,46.0546],[4.4082,46.0548],[4.412,46.0575],[4.4177,46.057],[4.4237,46.0552],[4.4254,46.0574],[4.4248,46.0614],[4.43,46.0599],[4.4379,46.062],[4.4413,46.0615],[4.442,46.0574],[4.4488,46.0554],[4.4486,46.0514],[4.4452,46.051],[4.4367,46.044],[4.4392,46.0368],[4.4348,46.0345],[4.4322,46.0319],[4.4268,46.0297],[4.4238,46.0268],[4.4192,46.0303],[4.4122,46.0338],[4.4054,46.038],[4.4005,46.0372],[4.399,46.0391],[4.399,46.0421],[4.3952,46.0465],[4.395,46.0493],[4.3965,46.053]]]}},{"type":"Feature","properties":{"code":"69131","nom":"Messimy","pop":3546},"geometry":{"type":"Polygon","coordinates":[[[4.708,45.6997],[4.7031,45.7004],[4.6977,45.6976],[4.6964,45.6942],[4.6942,45.6942],[4.6854,45.6859],[4.6804,45.6837],[4.6747,45.679],[4.6689,45.682],[4.6621,45.6824],[4.6545,45.6914],[4.6507,45.6976],[4.6451,45.7029],[4.6416,45.7043],[4.6444,45.7067],[4.6475,45.7076],[4.6575,45.7124],[4.662,45.7166],[4.6649,45.7148],[4.6696,45.7147],[4.6706,45.7155],[4.6855,45.7095],[4.699,45.7059],[4.7022,45.7034],[4.7059,45.7018],[4.708,45.6997]]]}},{"type":"Feature","properties":{"code":"69132","nom":"Meys","pop":861},"geometry":{"type":"Polygon","coordinates":[[[4.3927,45.6626],[4.3814,45.6657],[4.3779,45.6653],[4.3662,45.6712],[4.3683,45.6728],[4.3655,45.6802],[4.3658,45.6843],[4.3699,45.6878],[4.3696,45.6889],[4.3736,45.6906],[4.3792,45.6917],[4.3879,45.6905],[4.3933,45.691],[4.3948,45.6933],[4.3935,45.6958],[4.3966,45.6981],[4.3968,45.6995],[4.4066,45.6996],[4.4099,45.698],[4.4164,45.6984],[4.4187,45.6956],[4.4227,45.6942],[4.4278,45.6935],[4.4335,45.6908],[4.4391,45.6866],[4.4439,45.6863],[4.4464,45.6882],[4.4502,45.6861],[4.4457,45.6822],[4.4412,45.6768],[4.4348,45.6801],[4.4324,45.6849],[4.4277,45.6794],[4.4228,45.6774],[4.4211,45.6752],[4.4145,45.674],[4.4125,45.6726],[4.4075,45.6713],[4.4033,45.6676],[4.4009,45.6671],[4.3985,45.6649],[4.3927,45.6626]]]}},{"type":"Feature","properties":{"code":"69133","nom":"Millery","pop":4299},"geometry":{"type":"Polygon","coordinates":[[[4.7741,45.6104],[4.7721,45.6138],[4.7721,45.6158],[4.7699,45.6174],[4.7689,45.6199],[4.7668,45.6202],[4.7667,45.6229],[4.7634,45.6239],[4.7629,45.6258],[4.7605,45.6272],[4.76,45.6315],[4.7564,45.6338],[4.7571,45.6374],[4.7592,45.6389],[4.7577,45.6407],[4.7587,45.6442],[4.7664,45.6507],[4.7683,45.6502],[4.7757,45.648],[4.7776,45.6439],[4.7789,45.6391],[4.7865,45.6383],[4.7919,45.6363],[4.7962,45.6371],[4.8023,45.6348],[4.8059,45.6345],[4.8043,45.6301],[4.8037,45.6244],[4.8025,45.6212],[4.7965,45.6232],[4.7912,45.6214],[4.7887,45.6221],[4.7892,45.618],[4.7802,45.6148],[4.775,45.6141],[4.7741,45.6104]]]}},{"type":"Feature","properties":{"code":"69134","nom":"Moiré","pop":240},"geometry":{"type":"Polygon","coordinates":[[[4.6119,45.9237],[4.6098,45.9248],[4.6026,45.9203],[4.6007,45.9157],[4.5955,45.9154],[4.5928,45.9167],[4.5945,45.9202],[4.5952,45.9254],[4.5929,45.9272],[4.5924,45.9315],[4.598,45.9331],[4.5994,45.9357],[4.6026,45.935],[4.6042,45.9316],[4.6098,45.9295],[4.6133,45.9296],[4.6148,45.9268],[4.6112,45.9254],[4.6119,45.9237]]]}},{"type":"Feature","properties":{"code":"69135","nom":"Deux-Grosnes","pop":1946},"geometry":{"type":"Polygon","coordinates":[[[4.5699,46.2933],[4.5714,46.2904],[4.573,46.2861],[4.5721,46.2841],[4.5719,46.2784],[4.5726,46.2761],[4.583,46.2714],[4.5828,46.2696],[4.5863,46.2688],[4.5954,46.2681],[4.5995,46.2684],[4.6091,46.2662],[4.6131,46.2672],[4.6183,46.265],[4.6199,46.2589],[4.6224,46.2583],[4.6264,46.2588],[4.6323,46.2568],[4.6366,46.2537],[4.6407,46.2549],[4.6434,46.2547],[4.6377,46.2528],[4.6353,46.2497],[4.6321,46.2481],[4.6301,46.2484],[4.6269,46.2488],[4.6228,46.2464],[4.6223,46.2389],[4.6235,46.2369],[4.6226,46.2341],[4.6192,46.2319],[4.6141,46.2314],[4.6095,46.225],[4.6083,46.2112],[4.6123,46.2074],[4.6245,46.1988],[4.6233,46.1967],[4.6267,46.1942],[4.6229,46.1939],[4.6205,46.1914],[4.6223,46.1889],[4.6192,46.1854],[4.6138,46.1814],[4.6112,46.1827],[4.6091,46.182],[4.6059,46.1828],[4.5977,46.1822],[4.5902,46.1806],[4.5857,46.1821],[4.5817,46.1872],[4.5769,46.1906],[4.5729,46.1932],[4.5731,46.1951],[4.5693,46.2001],[4.5673,46.2013],[4.565,46.2054],[4.5627,46.2078],[4.5525,46.2115],[4.5402,46.2083],[4.5394,46.2076],[4.5307,46.2049],[4.5228,46.2052],[4.5103,46.203],[4.5053,46.1996],[4.5022,46.2005],[4.4977,46.1999],[4.4946,46.2009],[4.4929,46.2029],[4.4891,46.2048],[4.4863,46.2047],[4.4833,46.2075],[4.4835,46.2093],[4.4841,46.2107],[4.4829,46.2152],[4.4849,46.2189],[4.4843,46.2229],[4.483,46.2246],[4.4861,46.2277],[4.4867,46.2319],[4.4881,46.2324],[4.4849,46.2367],[4.4875,46.2416],[4.4899,46.2429],[4.4962,46.2442],[4.4974,46.2502],[4.4973,46.253],[4.5013,46.2559],[4.5103,46.2585],[4.5106,46.2607],[4.5092,46.263],[4.504,46.2672],[4.5064,46.2681],[4.5121,46.2676],[4.5155,46.2702],[4.5181,46.2695],[4.5212,46.2708],[4.5321,46.2695],[4.5374,46.27],[4.5464,46.2741],[4.5453,46.2776],[4.5499,46.286],[4.5533,46.2856],[4.5521,46.2887],[4.5544,46.2918],[4.556,46.2915],[4.5578,46.2945],[4.5602,46.2952],[4.5699,46.2933]]]}},{"type":"Feature","properties":{"code":"69136","nom":"Montagny","pop":3218},"geometry":{"type":"Polygon","coordinates":[[[4.7577,45.6407],[4.7592,45.6389],[4.7571,45.6374],[4.7564,45.6338],[4.76,45.6315],[4.7605,45.6272],[4.7629,45.6258],[4.7634,45.6239],[4.7667,45.6229],[4.7668,45.6202],[4.7689,45.6199],[4.7699,45.6174],[4.7721,45.6158],[4.7721,45.6138],[4.7741,45.6104],[4.7709,45.6097],[4.7694,45.6108],[4.7641,45.6094],[4.7614,45.6096],[4.7581,45.6079],[4.7535,45.6099],[4.7494,45.6107],[4.7459,45.6128],[4.741,45.612],[4.7363,45.6154],[4.7321,45.6166],[4.7299,45.6207],[4.7304,45.6237],[4.7343,45.6329],[4.7394,45.6371],[4.7409,45.6414],[4.7434,45.645],[4.7461,45.6476],[4.7485,45.6513],[4.7509,45.6493],[4.7495,45.6481],[4.7517,45.6411],[4.7577,45.6407]]]}},{"type":"Feature","properties":{"code":"69137","nom":"Montmelas-Saint-Sorlin","pop":528},"geometry":{"type":"Polygon","coordinates":[[[4.577,46.0268],[4.5785,46.0296],[4.5817,46.0313],[4.5879,46.0326],[4.585,46.0307],[4.5897,46.0235],[4.6005,46.0243],[4.6039,46.025],[4.6065,46.0245],[4.6078,46.0221],[4.6108,46.0192],[4.6125,46.019],[4.6148,46.0146],[4.6211,46.0164],[4.626,46.0161],[4.6289,46.0152],[4.6286,46.0121],[4.6302,46.0106],[4.628,46.0086],[4.6237,46.0076],[4.6188,46.0088],[4.6185,46.01],[4.6125,46.0097],[4.6073,46.0109],[4.605,46.0123],[4.5999,46.011],[4.5973,46.0112],[4.597,46.0147],[4.5935,46.0144],[4.5911,46.0121],[4.5893,46.0133],[4.5867,46.0182],[4.583,46.0208],[4.5796,46.0244],[4.5769,46.0249],[4.577,46.0268]]]}},{"type":"Feature","properties":{"code":"69138","nom":"Montromant","pop":456},"geometry":{"type":"Polygon","coordinates":[[[4.5636,45.702],[4.5598,45.7038],[4.5533,45.7011],[4.551,45.7008],[4.5479,45.6984],[4.5412,45.6969],[4.5377,45.6976],[4.5354,45.6991],[4.5301,45.6998],[4.5274,45.7011],[4.5254,45.7046],[4.5238,45.7047],[4.5213,45.7025],[4.517,45.7006],[4.5111,45.6935],[4.507,45.6966],[4.5083,45.7026],[4.5079,45.7103],[4.5051,45.7172],[4.5059,45.7185],[4.51,45.7199],[4.5108,45.7219],[4.5212,45.7288],[4.527,45.7241],[4.529,45.7213],[4.5316,45.7203],[4.5354,45.7226],[4.539,45.7236],[4.5473,45.7187],[4.5521,45.7166],[4.5564,45.716],[4.5635,45.717],[4.5663,45.7191],[4.5683,45.7163],[4.5751,45.7145],[4.5675,45.7081],[4.5652,45.7072],[4.5636,45.702]]]}},{"type":"Feature","properties":{"code":"69139","nom":"Montrottier","pop":1400},"geometry":{"type":"Polygon","coordinates":[[[4.4858,45.777],[4.4818,45.7797],[4.4761,45.7776],[4.4738,45.7744],[4.4684,45.7731],[4.468,45.7695],[4.4618,45.769],[4.4622,45.7673],[4.4602,45.7659],[4.4571,45.7672],[4.4547,45.77],[4.4572,45.7709],[4.4488,45.7746],[4.4484,45.7774],[4.4462,45.7811],[4.4445,45.7819],[4.4438,45.7891],[4.4444,45.7924],[4.4462,45.7941],[4.4458,45.7967],[4.4415,45.799],[4.4412,45.801],[4.4387,45.8032],[4.4362,45.8049],[4.4353,45.8081],[4.4363,45.809],[4.4352,45.8177],[4.4315,45.8215],[4.4326,45.8237],[4.4315,45.8257],[4.4324,45.828],[4.4406,45.8339],[4.4409,45.8341],[4.4487,45.8366],[4.4494,45.8354],[4.4537,45.8345],[4.4534,45.8295],[4.4601,45.8253],[4.4656,45.8243],[4.4757,45.818],[4.4776,45.8137],[4.4853,45.8085],[4.4918,45.8066],[4.495,45.8042],[4.4965,45.8017],[4.4972,45.798],[4.5,45.794],[4.5016,45.7905],[4.4982,45.7892],[4.4958,45.7852],[4.4926,45.7815],[4.4869,45.7794],[4.4858,45.777]]]}},{"type":"Feature","properties":{"code":"69140","nom":"Morancé","pop":2261},"geometry":{"type":"Polygon","coordinates":[[[4.6756,45.9033],[4.6803,45.9032],[4.681,45.9047],[4.6854,45.9056],[4.6955,45.9038],[4.6996,45.9043],[4.7019,45.9035],[4.7101,45.9039],[4.7151,45.9046],[4.7211,45.9069],[4.7271,45.9078],[4.7292,45.8891],[4.7299,45.8877],[4.7249,45.8872],[4.7149,45.8897],[4.71,45.8888],[4.7027,45.8859],[4.7013,45.8839],[4.702,45.8803],[4.6969,45.8806],[4.6943,45.8799],[4.6882,45.8809],[4.6877,45.8826],[4.677,45.8829],[4.6737,45.8821],[4.6757,45.8895],[4.6734,45.8909],[4.6752,45.8992],[4.6756,45.9033]]]}},{"type":"Feature","properties":{"code":"69141","nom":"Mornant","pop":6282},"geometry":{"type":"Polygon","coordinates":[[[4.6557,45.6436],[4.6555,45.6418],[4.6581,45.6395],[4.6607,45.6421],[4.6657,45.6384],[4.6696,45.6364],[4.6726,45.6333],[4.6749,45.6327],[4.676,45.6304],[4.6745,45.6287],[4.6814,45.6278],[4.6852,45.6318],[4.6874,45.6309],[4.689,45.6259],[4.6959,45.6285],[4.7026,45.6253],[4.7059,45.6213],[4.7101,45.6186],[4.7018,45.613],[4.7038,45.6113],[4.706,45.6059],[4.7042,45.6053],[4.6968,45.6053],[4.695,45.6037],[4.6897,45.6049],[4.6656,45.5887],[4.6667,45.5942],[4.6655,45.5994],[4.6602,45.5995],[4.6593,45.6008],[4.6508,45.6049],[4.6443,45.6093],[4.6393,45.6108],[4.6432,45.6158],[4.6449,45.6158],[4.6458,45.6191],[4.6521,45.6204],[4.6497,45.6289],[4.6539,45.6289],[4.6522,45.6315],[4.6526,45.6346],[4.6542,45.6359],[4.6552,45.64],[4.6537,45.642],[4.6557,45.6436]]]}},{"type":"Feature","properties":{"code":"69142","nom":"La Mulatière","pop":6534},"geometry":{"type":"Polygon","coordinates":[[[4.8135,45.7481],[4.8146,45.7497],[4.8182,45.749],[4.8142,45.7447],[4.813,45.7399],[4.8143,45.733],[4.817,45.7305],[4.8187,45.7266],[4.8208,45.7192],[4.8129,45.7179],[4.813,45.7201],[4.8106,45.7213],[4.8085,45.7244],[4.803,45.7233],[4.806,45.7274],[4.8103,45.7345],[4.8088,45.7374],[4.8088,45.7422],[4.8135,45.7481]]]}},{"type":"Feature","properties":{"code":"69143","nom":"Neuville-sur-Saône","pop":7812},"geometry":{"type":"Polygon","coordinates":[[[4.8317,45.8794],[4.8266,45.88],[4.82,45.8817],[4.8145,45.8845],[4.8278,45.8895],[4.8307,45.8871],[4.8359,45.8889],[4.8423,45.8886],[4.8491,45.891],[4.8494,45.8922],[4.8569,45.8972],[4.8603,45.8986],[4.8659,45.8963],[4.8661,45.8911],[4.8664,45.885],[4.8553,45.8849],[4.853,45.8822],[4.8493,45.8801],[4.8484,45.8766],[4.8488,45.8745],[4.847,45.8717],[4.8477,45.8689],[4.8505,45.8664],[4.8439,45.8661],[4.841,45.8683],[4.8369,45.8665],[4.8358,45.8707],[4.837,45.877],[4.8342,45.879],[4.8317,45.8794]]]}},{"type":"Feature","properties":{"code":"69145","nom":"Odenas","pop":938},"geometry":{"type":"Polygon","coordinates":[[[4.6464,46.1083],[4.6547,46.1071],[4.6586,46.1053],[4.6619,46.1016],[4.6676,46.1013],[4.6626,46.0987],[4.6672,46.0854],[4.6654,46.0772],[4.6595,46.0771],[4.6593,46.0788],[4.6523,46.0799],[4.6445,46.0821],[4.644,46.0815],[4.6321,46.0844],[4.6232,46.0886],[4.621,46.0904],[4.6164,46.0906],[4.6159,46.0925],[4.6204,46.0979],[4.6246,46.1014],[4.6304,46.1031],[4.6339,46.1064],[4.6423,46.11],[4.6464,46.1083]]]}},{"type":"Feature","properties":{"code":"69148","nom":"Orliénas","pop":2675},"geometry":{"type":"Polygon","coordinates":[[[4.7061,45.6438],[4.7042,45.6475],[4.6949,45.6559],[4.6901,45.6626],[4.692,45.6654],[4.6978,45.6681],[4.7029,45.6686],[4.7068,45.6713],[4.7101,45.6723],[4.7164,45.678],[4.7227,45.6766],[4.7258,45.6753],[4.7269,45.6737],[4.7332,45.6726],[4.7421,45.6722],[4.7427,45.6684],[4.7446,45.6644],[4.748,45.6611],[4.7481,45.6585],[4.7514,45.6589],[4.7505,45.6543],[4.7485,45.6513],[4.7453,45.6501],[4.7424,45.6528],[4.7365,45.651],[4.7332,45.6509],[4.728,45.6522],[4.7225,45.6514],[4.7205,45.6495],[4.7166,45.648],[4.7088,45.6463],[4.7061,45.6438]]]}},{"type":"Feature","properties":{"code":"69149","nom":"Oullins-Pierre-Bénite","pop":38168},"geometry":{"type":"Polygon","coordinates":[[[4.8405,45.7078],[4.8436,45.701],[4.8434,45.6962],[4.8411,45.6915],[4.8381,45.6918],[4.8282,45.6927],[4.8204,45.6956],[4.8201,45.6975],[4.8156,45.6979],[4.8097,45.6965],[4.8042,45.7054],[4.7978,45.7062],[4.7985,45.7082],[4.7949,45.7104],[4.7935,45.7132],[4.7889,45.7146],[4.7849,45.717],[4.7784,45.7197],[4.7804,45.7228],[4.7829,45.7231],[4.7887,45.7208],[4.7921,45.7215],[4.7941,45.7243],[4.7981,45.7233],[4.803,45.7233],[4.8085,45.7244],[4.8106,45.7213],[4.813,45.7201],[4.8129,45.7179],[4.8208,45.7192],[4.8225,45.7156],[4.8274,45.7118],[4.8343,45.7094],[4.8376,45.7075],[4.8405,45.7078]]]}},{"type":"Feature","properties":{"code":"69151","nom":"Le Perréon","pop":1500},"geometry":{"type":"Polygon","coordinates":[[[4.5838,46.0863],[4.5838,46.0838],[4.5858,46.0819],[4.5913,46.082],[4.5917,46.0795],[4.5957,46.0778],[4.6109,46.0694],[4.6165,46.0673],[4.6257,46.0623],[4.6301,46.0617],[4.6333,46.0577],[4.6331,46.0568],[4.6281,46.0569],[4.6251,46.0577],[4.6246,46.0556],[4.6185,46.0511],[4.6188,46.0504],[4.6136,46.051],[4.6124,46.0531],[4.6146,46.0554],[4.6118,46.0571],[4.6079,46.0576],[4.603,46.0598],[4.5968,46.0607],[4.5863,46.0594],[4.5848,46.0617],[4.5793,46.0607],[4.5718,46.0584],[4.5667,46.0579],[4.5645,46.0569],[4.561,46.0581],[4.5494,46.0592],[4.5457,46.0611],[4.5406,46.0666],[4.5417,46.0676],[4.543,46.0721],[4.5476,46.0767],[4.5496,46.0833],[4.551,46.0854],[4.5556,46.0833],[4.5597,46.0838],[4.5628,46.0831],[4.5653,46.0843],[4.5729,46.0856],[4.576,46.088],[4.5807,46.0881],[4.5838,46.0863]]]}},{"type":"Feature","properties":{"code":"69153","nom":"Poleymieux-au-Mont-d'Or","pop":1412},"geometry":{"type":"Polygon","coordinates":[[[4.7933,45.8428],[4.7863,45.8423],[4.7805,45.8461],[4.7777,45.8501],[4.7748,45.8495],[4.7712,45.8503],[4.772,45.8529],[4.7746,45.8554],[4.7778,45.8553],[4.7826,45.8571],[4.7823,45.8603],[4.7855,45.8615],[4.7864,45.8648],[4.7877,45.8657],[4.7877,45.8691],[4.7964,45.87],[4.7976,45.8693],[4.8074,45.8692],[4.8082,45.8606],[4.8143,45.8577],[4.8128,45.855],[4.8097,45.8511],[4.8067,45.8495],[4.8056,45.8436],[4.7997,45.8439],[4.7933,45.8428]]]}},{"type":"Feature","properties":{"code":"69154","nom":"Pollionnay","pop":2958},"geometry":{"type":"Polygon","coordinates":[[[4.6938,45.7599],[4.6992,45.7564],[4.6939,45.7546],[4.6838,45.7533],[4.6814,45.754],[4.6751,45.7538],[4.6737,45.7547],[4.6612,45.7549],[4.6572,45.753],[4.6541,45.7496],[4.6505,45.7488],[4.6432,45.7483],[4.6392,45.7504],[4.6372,45.7527],[4.6341,45.7525],[4.626,45.7559],[4.6179,45.7561],[4.6177,45.7562],[4.626,45.7606],[4.6306,45.7644],[4.6314,45.7671],[4.6365,45.7696],[4.6374,45.7746],[4.6402,45.7781],[4.6438,45.7798],[4.6475,45.7835],[4.6496,45.7839],[4.6504,45.7876],[4.6522,45.7891],[4.6573,45.7911],[4.6694,45.7932],[4.6771,45.7925],[4.679,45.7929],[4.6778,45.7808],[4.6771,45.7779],[4.6804,45.7684],[4.6863,45.7648],[4.6938,45.7599]]]}},{"type":"Feature","properties":{"code":"69155","nom":"Pomeys","pop":1126},"geometry":{"type":"Polygon","coordinates":[[[4.4102,45.6318],[4.4093,45.6371],[4.4104,45.6413],[4.4093,45.6425],[4.4185,45.6484],[4.4212,45.6491],[4.4241,45.6525],[4.4314,45.6555],[4.4379,45.6572],[4.443,45.662],[4.4474,45.6638],[4.4507,45.6624],[4.4528,45.6598],[4.457,45.6622],[4.4625,45.6623],[4.4665,45.6606],[4.4717,45.6571],[4.4789,45.6578],[4.4811,45.66],[4.4796,45.6572],[4.4813,45.6548],[4.478,45.6507],[4.481,45.6415],[4.4788,45.6395],[4.4749,45.6347],[4.4685,45.6361],[4.4662,45.6399],[4.4614,45.6421],[4.4581,45.6412],[4.453,45.6408],[4.4446,45.6339],[4.4364,45.6331],[4.4358,45.631],[4.432,45.6316],[4.4253,45.6314],[4.4225,45.6296],[4.4173,45.6292],[4.4102,45.6318]]]}},{"type":"Feature","properties":{"code":"69156","nom":"Pommiers","pop":2618},"geometry":{"type":"Polygon","coordinates":[[[4.6634,45.9484],[4.6628,45.9495],[4.6655,45.9506],[4.6715,45.9556],[4.6728,45.9593],[4.6768,45.9639],[4.6804,45.9698],[4.684,45.9742],[4.6878,45.9723],[4.694,45.9751],[4.6975,45.9696],[4.7019,45.9675],[4.7015,45.9665],[4.7161,45.9646],[4.7225,45.9625],[4.7209,45.9606],[4.7156,45.9617],[4.7153,45.9596],[4.7107,45.9586],[4.7084,45.9564],[4.7052,45.9566],[4.7015,45.9555],[4.7021,45.9536],[4.6992,45.9496],[4.6954,45.9487],[4.6913,45.9487],[4.6901,45.9442],[4.6869,45.9444],[4.6823,45.9433],[4.6809,45.941],[4.6754,45.9414],[4.6725,45.9427],[4.6634,45.9484]]]}},{"type":"Feature","properties":{"code":"69157","nom":"Vindry-sur-Turdine","pop":5305},"geometry":{"type":"Polygon","coordinates":[[[4.4511,45.9056],[4.452,45.9077],[4.457,45.9093],[4.4589,45.9117],[4.4632,45.9133],[4.4698,45.9133],[4.4906,45.9111],[4.4943,45.9136],[4.5052,45.9095],[4.5077,45.9098],[4.5118,45.9086],[4.517,45.9082],[4.5229,45.9059],[4.5311,45.9037],[4.5327,45.9025],[4.5313,45.8972],[4.5318,45.8943],[4.5342,45.8926],[4.5357,45.8813],[4.5385,45.8771],[4.5222,45.8779],[4.5179,45.8774],[4.5093,45.8729],[4.5067,45.8726],[4.5059,45.8696],[4.4981,45.8637],[4.48,45.8745],[4.4778,45.878],[4.4733,45.8794],[4.4704,45.8819],[4.4659,45.8845],[4.4645,45.8864],[4.4542,45.89],[4.4518,45.8904],[4.4526,45.8988],[4.4523,45.9033],[4.4511,45.9056]]]}},{"type":"Feature","properties":{"code":"69159","nom":"Porte des Pierres Dorées","pop":0},"geometry":{"type":"Polygon","coordinates":[[[4.6386,45.9809],[4.6349,45.9795],[4.6348,45.9783],[4.64,45.9786],[4.6422,45.9768],[4.6484,45.9761],[4.6585,45.9791],[4.6706,45.9765],[4.6741,45.9762],[4.6786,45.9794],[4.6808,45.9777],[4.682,45.9751],[4.684,45.9742],[4.6804,45.9698],[4.6768,45.9639],[4.6728,45.9593],[4.6715,45.9556],[4.6655,45.9506],[4.6628,45.9495],[4.6601,45.9499],[4.6509,45.9457],[4.6442,45.9453],[4.6394,45.9457],[4.6361,45.9479],[4.6351,45.9496],[4.6354,45.9526],[4.6338,45.9532],[4.6331,45.9563],[4.63,45.957],[4.6279,45.9557],[4.6228,45.9553],[4.621,45.9582],[4.6183,45.9592],[4.6219,45.9613],[4.6216,45.9643],[4.6194,45.966],[4.6198,45.9692],[4.6186,45.97],[4.6218,45.9728],[4.6208,45.9744],[4.6234,45.9755],[4.6213,45.9776],[4.6179,45.9783],[4.6228,45.9799],[4.6386,45.9809]]]}},{"type":"Feature","properties":{"code":"69160","nom":"Poule-les-Écharmeaux","pop":1023},"geometry":{"type":"Polygon","coordinates":[[[4.4173,46.136],[4.4169,46.139],[4.4219,46.1421],[4.4221,46.1505],[4.4301,46.1545],[4.4332,46.1573],[4.4389,46.1679],[4.4413,46.1688],[4.4617,46.1787],[4.4682,46.1833],[4.4714,46.176],[4.4812,46.1612],[4.4823,46.1567],[4.4824,46.1503],[4.4901,46.1443],[4.4944,46.1454],[4.4988,46.144],[4.5028,46.1412],[4.5078,46.1348],[4.5201,46.1283],[4.5229,46.1252],[4.5203,46.1255],[4.5127,46.1228],[4.5082,46.1239],[4.5043,46.1234],[4.4953,46.1244],[4.4903,46.1271],[4.4876,46.1279],[4.4851,46.1251],[4.4768,46.1249],[4.4683,46.1228],[4.4672,46.1215],[4.4674,46.1159],[4.4664,46.1116],[4.4683,46.1093],[4.4652,46.1083],[4.4608,46.1093],[4.4547,46.1154],[4.4472,46.1156],[4.4456,46.1141],[4.4428,46.115],[4.4379,46.1183],[4.4318,46.1174],[4.4312,46.1199],[4.4256,46.1264],[4.4238,46.1297],[4.4211,46.1328],[4.4168,46.1348],[4.4173,46.136]]]}},{"type":"Feature","properties":{"code":"69161","nom":"Propières","pop":484},"geometry":{"type":"Polygon","coordinates":[[[4.4229,46.2033],[4.4204,46.2044],[4.4216,46.2071],[4.4266,46.2056],[4.4313,46.2064],[4.4336,46.2059],[4.4395,46.2067],[4.4427,46.2061],[4.446,46.2068],[4.4487,46.209],[4.4537,46.2096],[4.4553,46.2116],[4.4612,46.2138],[4.4659,46.2122],[4.4688,46.2119],[4.4719,46.2128],[4.4775,46.2107],[4.4835,46.2093],[4.4833,46.2075],[4.4863,46.2047],[4.4854,46.2001],[4.4799,46.1977],[4.4777,46.1967],[4.4794,46.1948],[4.479,46.1928],[4.481,46.1898],[4.4817,46.1833],[4.4755,46.1838],[4.471,46.1857],[4.4681,46.1851],[4.4682,46.1833],[4.4617,46.1787],[4.4413,46.1688],[4.4389,46.1679],[4.4346,46.1703],[4.433,46.1733],[4.4297,46.1734],[4.4254,46.175],[4.422,46.1787],[4.4142,46.1801],[4.4192,46.1832],[4.4159,46.1851],[4.4168,46.1869],[4.4201,46.1873],[4.4244,46.1867],[4.4314,46.1894],[4.4321,46.1945],[4.4275,46.1984],[4.4229,46.2033]]]}},{"type":"Feature","properties":{"code":"69162","nom":"Quincié-en-Beaujolais","pop":1408},"geometry":{"type":"Polygon","coordinates":[[[4.6409,46.1209],[4.6479,46.1169],[4.6499,46.1133],[4.6471,46.1113],[4.6464,46.1083],[4.6423,46.11],[4.6339,46.1064],[4.6304,46.1031],[4.6246,46.1014],[4.6204,46.0979],[4.6159,46.0925],[4.6164,46.0906],[4.6165,46.0895],[4.6131,46.0864],[4.6075,46.0842],[4.6048,46.0822],[4.5991,46.0797],[4.5917,46.0795],[4.5913,46.082],[4.5858,46.0819],[4.5838,46.0838],[4.5838,46.0863],[4.5875,46.0902],[4.588,46.0938],[4.592,46.0988],[4.5925,46.1013],[4.5893,46.105],[4.5853,46.1063],[4.5841,46.11],[4.5843,46.1146],[4.5819,46.1162],[4.5828,46.1178],[4.5798,46.1223],[4.5781,46.1295],[4.5833,46.1355],[4.5871,46.1372],[4.5877,46.1387],[4.5912,46.1402],[4.592,46.142],[4.6005,46.1439],[4.6021,46.1428],[4.6071,46.1403],[4.6108,46.1399],[4.613,46.1379],[4.6186,46.1356],[4.6204,46.1342],[4.6254,46.1326],[4.6273,46.1307],[4.6327,46.1291],[4.6346,46.1275],[4.6309,46.1258],[4.6409,46.1209]]]}},{"type":"Feature","properties":{"code":"69163","nom":"Quincieux","pop":3679},"geometry":{"type":"Polygon","coordinates":[[[4.7341,45.9114],[4.7376,45.9117],[4.7407,45.9165],[4.7445,45.9186],[4.7467,45.9225],[4.7496,45.9225],[4.7557,45.9304],[4.7617,45.9298],[4.7611,45.935],[4.7723,45.9392],[4.7777,45.9383],[4.7801,45.9365],[4.7887,45.9243],[4.794,45.9219],[4.8012,45.9225],[4.808,45.921],[4.8103,45.9182],[4.8108,45.9098],[4.8095,45.9064],[4.8049,45.9035],[4.8034,45.9007],[4.8041,45.8985],[4.7985,45.8978],[4.7954,45.8992],[4.7926,45.8975],[4.7886,45.8979],[4.7832,45.8973],[4.7779,45.8979],[4.7741,45.8961],[4.7686,45.8986],[4.7636,45.8975],[4.7638,45.8964],[4.7557,45.8989],[4.7498,45.8993],[4.7507,45.9018],[4.7428,45.9008],[4.7376,45.9026],[4.7339,45.9113],[4.7341,45.9114]]]}},{"type":"Feature","properties":{"code":"69164","nom":"Ranchal","pop":304},"geometry":{"type":"Polygon","coordinates":[[[4.3893,46.1044],[4.3877,46.1075],[4.3883,46.1111],[4.3907,46.1143],[4.3908,46.1194],[4.3869,46.122],[4.3889,46.1251],[4.388,46.1278],[4.3839,46.1316],[4.3821,46.1345],[4.3778,46.1362],[4.3726,46.1362],[4.3619,46.1388],[4.3689,46.1465],[4.3747,46.1485],[4.3768,46.1499],[4.3818,46.1496],[4.3877,46.1468],[4.3904,46.147],[4.4006,46.1416],[4.4073,46.1385],[4.4082,46.1372],[4.4119,46.1363],[4.4173,46.136],[4.4168,46.1348],[4.4211,46.1328],[4.4238,46.1297],[4.4256,46.1264],[4.4312,46.1199],[4.4318,46.1174],[4.4302,46.115],[4.4304,46.1124],[4.4295,46.1083],[4.4329,46.1016],[4.425,46.1032],[4.4188,46.1038],[4.4178,46.1032],[4.4082,46.1018],[4.406,46.1019],[4.3994,46.1006],[4.3911,46.1014],[4.3893,46.1044]]]}},{"type":"Feature","properties":{"code":"69165","nom":"Régnié-Durette","pop":1151},"geometry":{"type":"Polygon","coordinates":[[[4.6192,46.1854],[4.6283,46.1792],[4.6325,46.1753],[4.6382,46.1712],[4.6413,46.1672],[4.6468,46.1638],[4.6482,46.1607],[4.6479,46.1579],[4.6492,46.1527],[4.6574,46.1475],[4.6693,46.1411],[4.6719,46.1378],[4.6757,46.135],[4.6759,46.1335],[4.6596,46.1293],[4.6454,46.1299],[4.6447,46.1264],[4.6409,46.1209],[4.6309,46.1258],[4.6346,46.1275],[4.6327,46.1291],[4.6273,46.1307],[4.6254,46.1326],[4.6204,46.1342],[4.6241,46.1387],[4.6295,46.1434],[4.6311,46.1493],[4.6353,46.1553],[4.6335,46.1591],[4.6339,46.1608],[4.6295,46.1674],[4.6147,46.1784],[4.6138,46.1814],[4.6192,46.1854]]]}},{"type":"Feature","properties":{"code":"69166","nom":"Riverie","pop":293},"geometry":{"type":"Polygon","coordinates":[[[4.5857,45.6002],[4.5876,45.6029],[4.5917,45.6024],[4.59,45.601],[4.5934,45.5969],[4.5924,45.5945],[4.5886,45.5944],[4.5859,45.5971],[4.5834,45.5977],[4.5857,45.6002]]]}},{"type":"Feature","properties":{"code":"69167","nom":"Rivolet","pop":585},"geometry":{"type":"Polygon","coordinates":[[[4.6259,45.9992],[4.6242,45.9968],[4.6202,45.9961],[4.6167,45.9966],[4.6159,45.992],[4.6142,45.9901],[4.6045,45.9892],[4.5949,45.9902],[4.593,45.9916],[4.5879,45.9929],[4.5838,45.9925],[4.5813,45.9913],[4.5748,45.9952],[4.5647,45.9932],[4.5621,45.995],[4.5569,45.9964],[4.5511,45.9988],[4.546,45.9986],[4.5503,46.0028],[4.5482,46.0065],[4.5494,46.008],[4.5447,46.0086],[4.5445,46.0115],[4.543,46.0149],[4.5448,46.0163],[4.5436,46.0184],[4.5399,46.0184],[4.5425,46.0204],[4.5456,46.0207],[4.5488,46.0197],[4.5511,46.0202],[4.5563,46.0234],[4.5623,46.0252],[4.5697,46.0265],[4.5717,46.0275],[4.577,46.0268],[4.5769,46.0249],[4.5796,46.0244],[4.583,46.0208],[4.5867,46.0182],[4.5893,46.0133],[4.5911,46.0121],[4.5935,46.0144],[4.597,46.0147],[4.5973,46.0112],[4.5999,46.011],[4.605,46.0123],[4.6073,46.0109],[4.6125,46.0097],[4.6185,46.01],[4.6188,46.0088],[4.6178,46.0076],[4.6233,46.0024],[4.6231,46.0008],[4.6259,45.9992]]]}},{"type":"Feature","properties":{"code":"69168","nom":"Rochetaillée-sur-Saône","pop":1551},"geometry":{"type":"Polygon","coordinates":[[[4.8387,45.8341],[4.8348,45.8355],[4.8321,45.8397],[4.8345,45.8488],[4.8365,45.8519],[4.8425,45.8506],[4.8454,45.8507],[4.8454,45.8482],[4.8468,45.8433],[4.8392,45.8398],[4.8373,45.8382],[4.8407,45.837],[4.8415,45.8335],[4.8387,45.8341]]]}},{"type":"Feature","properties":{"code":"69169","nom":"Ronno","pop":658},"geometry":{"type":"Polygon","coordinates":[[[4.4189,45.9901],[4.4099,45.979],[4.4094,45.9738],[4.4084,45.9721],[4.4038,45.9714],[4.4022,45.969],[4.403,45.9665],[4.3985,45.9653],[4.3969,45.9625],[4.3936,45.9606],[4.3906,45.9573],[4.3895,45.9538],[4.39,45.9485],[4.3888,45.9502],[4.3842,45.9506],[4.3715,45.9599],[4.3728,45.9654],[4.371,45.9665],[4.3665,45.9665],[4.3677,45.9702],[4.3656,45.9773],[4.3625,45.9803],[4.3585,45.9805],[4.3566,45.9853],[4.3576,45.989],[4.3604,45.9929],[4.3608,45.9947],[4.3579,45.9969],[4.3532,45.9977],[4.3542,46.0026],[4.3569,46.0036],[4.362,46.002],[4.3629,46.0054],[4.3646,46.007],[4.3679,46.0064],[4.3687,46.0044],[4.3747,46.0037],[4.3759,46.0023],[4.3811,46.0038],[4.3831,46.0068],[4.3886,46.0065],[4.3962,46.0093],[4.3998,46.0131],[4.4039,46.014],[4.4067,46.0162],[4.4157,46.0204],[4.4183,46.0204],[4.4213,46.0187],[4.4273,46.0178],[4.4252,46.016],[4.424,46.0118],[4.4219,46.0084],[4.4216,46.0064],[4.4186,46.0031],[4.4193,45.9999],[4.4181,45.9941],[4.4189,45.9901]]]}},{"type":"Feature","properties":{"code":"69170","nom":"Rontalon","pop":1170},"geometry":{"type":"Polygon","coordinates":[[[4.5911,45.6472],[4.5929,45.6535],[4.5965,45.6562],[4.5876,45.6597],[4.5866,45.6611],[4.5878,45.6634],[4.5968,45.67],[4.5995,45.6709],[4.6053,45.6708],[4.6132,45.6718],[4.6174,45.6701],[4.6197,45.671],[4.6284,45.6696],[4.6296,45.6706],[4.6375,45.67],[4.6418,45.6666],[4.6472,45.6648],[4.6542,45.6583],[4.6522,45.6556],[4.6476,45.6518],[4.6404,45.6502],[4.635,45.6484],[4.6272,45.6434],[4.6226,45.6418],[4.6185,45.6413],[4.6096,45.6391],[4.6002,45.6457],[4.5968,45.6435],[4.5947,45.6442],[4.5911,45.6472]]]}},{"type":"Feature","properties":{"code":"69171","nom":"Sain-Bel","pop":2566},"geometry":{"type":"Polygon","coordinates":[[[4.5996,45.8268],[4.6027,45.8229],[4.6065,45.8229],[4.6072,45.8187],[4.6113,45.8161],[4.6153,45.8162],[4.6146,45.8142],[4.6105,45.8147],[4.6084,45.8127],[4.6074,45.8085],[4.6059,45.8059],[4.6053,45.8036],[4.6027,45.8038],[4.5992,45.801],[4.5982,45.798],[4.5925,45.7962],[4.5889,45.798],[4.59,45.8002],[4.5889,45.8042],[4.5869,45.807],[4.5927,45.8086],[4.5877,45.8127],[4.5907,45.8163],[4.588,45.8177],[4.5917,45.8201],[4.5959,45.8249],[4.5996,45.8268]]]}},{"type":"Feature","properties":{"code":"69172","nom":"Salles-Arbuissonnas-en-Beaujolais","pop":815},"geometry":{"type":"Polygon","coordinates":[[[4.6201,46.0376],[4.6151,46.0397],[4.6181,46.0447],[4.6203,46.0435],[4.6249,46.044],[4.6207,46.0471],[4.6188,46.0504],[4.6185,46.0511],[4.6246,46.0556],[4.6251,46.0577],[4.6281,46.0569],[4.6331,46.0568],[4.6376,46.0563],[4.6378,46.0549],[4.6413,46.0523],[4.6416,46.051],[4.6461,46.0483],[4.647,46.0445],[4.6446,46.0421],[4.6435,46.0375],[4.6399,46.0348],[4.6315,46.0364],[4.6266,46.0365],[4.6247,46.0344],[4.6205,46.0332],[4.6201,46.0376]]]}},{"type":"Feature","properties":{"code":"69173","nom":"Sarcey","pop":980},"geometry":{"type":"Polygon","coordinates":[[[4.5385,45.8771],[4.5357,45.8813],[4.5342,45.8926],[4.5318,45.8943],[4.5313,45.8972],[4.5327,45.9025],[4.5363,45.9017],[4.5445,45.9026],[4.5469,45.9011],[4.5552,45.9017],[4.557,45.9009],[4.5586,45.8988],[4.5612,45.8978],[4.5619,45.8951],[4.5703,45.8954],[4.5799,45.8817],[4.5831,45.8793],[4.5819,45.8753],[4.5761,45.876],[4.57,45.875],[4.5646,45.8705],[4.5612,45.8691],[4.5528,45.8667],[4.551,45.8648],[4.5493,45.8656],[4.547,45.8711],[4.5385,45.8771]]]}},{"type":"Feature","properties":{"code":"69174","nom":"Les Sauvages","pop":626},"geometry":{"type":"Polygon","coordinates":[[[4.3461,45.9299],[4.3465,45.9312],[4.3512,45.9351],[4.3522,45.9395],[4.3553,45.9393],[4.3588,45.9373],[4.3613,45.9348],[4.377,45.9348],[4.384,45.9377],[4.3866,45.9365],[4.3895,45.9404],[4.3897,45.9422],[4.3936,45.9426],[4.3959,45.9412],[4.396,45.9394],[4.3988,45.9392],[4.4029,45.9352],[4.4004,45.931],[4.3991,45.928],[4.3965,45.9174],[4.3994,45.914],[4.4039,45.9123],[4.3964,45.9092],[4.396,45.9079],[4.3911,45.9105],[4.3893,45.9103],[4.385,45.9078],[4.3795,45.9065],[4.3705,45.9105],[4.3579,45.9156],[4.3563,45.9159],[4.3461,45.9157],[4.3396,45.917],[4.3352,45.9163],[4.3389,45.9206],[4.3383,45.9239],[4.3418,45.925],[4.3461,45.9299]]]}},{"type":"Feature","properties":{"code":"69175","nom":"Savigny","pop":1995},"geometry":{"type":"Polygon","coordinates":[[[4.5416,45.8079],[4.5386,45.8119],[4.5324,45.8145],[4.5264,45.8146],[4.5222,45.8132],[4.5162,45.8198],[4.5177,45.8219],[4.5163,45.8249],[4.522,45.8253],[4.5308,45.827],[4.5353,45.8292],[4.538,45.8291],[4.5406,45.8264],[4.5438,45.8277],[4.5408,45.8334],[4.5469,45.8328],[4.5494,45.8317],[4.5526,45.834],[4.5587,45.8413],[4.5612,45.8422],[4.5626,45.8465],[4.5684,45.8466],[4.5713,45.8449],[4.5708,45.8426],[4.5764,45.8432],[4.5832,45.8409],[4.587,45.8421],[4.5928,45.8416],[4.5959,45.8396],[4.6008,45.8384],[4.6017,45.8368],[4.5987,45.8346],[4.5967,45.8316],[4.5959,45.8283],[4.5996,45.8268],[4.5959,45.8249],[4.5917,45.8201],[4.588,45.8177],[4.5907,45.8163],[4.5877,45.8127],[4.5927,45.8086],[4.5869,45.807],[4.5889,45.8042],[4.59,45.8002],[4.5889,45.798],[4.589,45.7939],[4.5869,45.7936],[4.5864,45.7897],[4.5847,45.788],[4.5801,45.7894],[4.5728,45.7891],[4.5693,45.7905],[4.5696,45.7945],[4.5667,45.7989],[4.5705,45.7985],[4.5719,45.8016],[4.5654,45.8013],[4.5627,45.8023],[4.559,45.8025],[4.5514,45.805],[4.5474,45.807],[4.5416,45.8079]]]}},{"type":"Feature","properties":{"code":"69176","nom":"Soucieu-en-Jarrest","pop":4660},"geometry":{"type":"Polygon","coordinates":[[[4.7293,45.6911],[4.7288,45.6876],[4.7263,45.6863],[4.724,45.6802],[4.7266,45.6762],[4.7258,45.6753],[4.7227,45.6766],[4.7164,45.678],[4.7101,45.6723],[4.7068,45.6713],[4.7029,45.6686],[4.6978,45.6681],[4.692,45.6654],[4.6901,45.6626],[4.685,45.659],[4.6822,45.6604],[4.6803,45.6589],[4.6759,45.6574],[4.6726,45.6554],[4.6685,45.6554],[4.664,45.6562],[4.6577,45.6535],[4.6536,45.6537],[4.6522,45.6556],[4.6542,45.6583],[4.661,45.6719],[4.6654,45.6757],[4.6702,45.6783],[4.6747,45.679],[4.6804,45.6837],[4.6854,45.6859],[4.6942,45.6942],[4.6964,45.6942],[4.6977,45.6976],[4.7031,45.7004],[4.708,45.6997],[4.7101,45.6986],[4.7121,45.6973],[4.7218,45.6949],[4.7253,45.6953],[4.7293,45.6911]]]}},{"type":"Feature","properties":{"code":"69177","nom":"Sourcieux-les-Mines","pop":2100},"geometry":{"type":"Polygon","coordinates":[[[4.6318,45.8166],[4.6335,45.8105],[4.6379,45.807],[4.656,45.7977],[4.6573,45.7911],[4.6522,45.7891],[4.6504,45.7876],[4.6496,45.7839],[4.6475,45.7835],[4.6438,45.7798],[4.6402,45.7781],[4.6215,45.7868],[4.6142,45.7936],[4.6105,45.8013],[4.6071,45.8036],[4.6059,45.8059],[4.6074,45.8085],[4.6084,45.8127],[4.6105,45.8147],[4.6146,45.8142],[4.6153,45.8162],[4.6245,45.8178],[4.6318,45.8166]]]}},{"type":"Feature","properties":{"code":"69178","nom":"Souzy","pop":763},"geometry":{"type":"Polygon","coordinates":[[[4.4587,45.6989],[4.4555,45.6961],[4.4502,45.6942],[4.4464,45.6882],[4.4439,45.6863],[4.4391,45.6866],[4.4335,45.6908],[4.4352,45.6941],[4.4387,45.6955],[4.4429,45.695],[4.4428,45.6979],[4.4413,45.6998],[4.4423,45.7015],[4.4393,45.7053],[4.4385,45.7066],[4.4445,45.7113],[4.4452,45.7164],[4.4512,45.7171],[4.4497,45.72],[4.4546,45.7197],[4.4571,45.7176],[4.4605,45.7169],[4.4639,45.7142],[4.4643,45.7124],[4.4671,45.7099],[4.4675,45.7038],[4.4659,45.7011],[4.4587,45.6989]]]}},{"type":"Feature","properties":{"code":"69179","nom":"Beauvallon","pop":4260},"geometry":{"type":"Polygon","coordinates":[[[4.713,45.5742],[4.7115,45.5727],[4.707,45.5713],[4.7026,45.5724],[4.6938,45.5757],[4.6871,45.5765],[4.6858,45.572],[4.6936,45.5724],[4.6967,45.5708],[4.6963,45.5691],[4.6925,45.5665],[4.6916,45.5636],[4.6945,45.5606],[4.6937,45.5583],[4.6875,45.5583],[4.6836,45.5623],[4.6834,45.5656],[4.6803,45.5679],[4.6752,45.5689],[4.6718,45.5705],[4.6657,45.568],[4.6644,45.5645],[4.6611,45.5661],[4.6583,45.5638],[4.6559,45.5631],[4.6525,45.5635],[4.6491,45.5651],[4.6503,45.5655],[4.6529,45.5712],[4.6541,45.578],[4.6578,45.5824],[4.6656,45.5887],[4.6897,45.6049],[4.695,45.6037],[4.6968,45.6053],[4.7042,45.6053],[4.706,45.6059],[4.7038,45.6113],[4.7018,45.613],[4.7101,45.6186],[4.7119,45.6198],[4.7133,45.618],[4.7163,45.6168],[4.7187,45.6174],[4.7227,45.6158],[4.7231,45.6185],[4.722,45.621],[4.7293,45.6218],[4.7299,45.6207],[4.7321,45.6166],[4.7363,45.6154],[4.741,45.612],[4.7459,45.6128],[4.7494,45.6107],[4.7535,45.6099],[4.7581,45.6079],[4.7591,45.6045],[4.756,45.6028],[4.7565,45.6007],[4.7553,45.5982],[4.7521,45.5959],[4.7508,45.5937],[4.7462,45.5916],[4.7398,45.592],[4.7351,45.5899],[4.727,45.5909],[4.7201,45.5944],[4.7187,45.5892],[4.7103,45.5886],[4.7123,45.5851],[4.7103,45.5812],[4.7107,45.5761],[4.713,45.5742]]]}},{"type":"Feature","properties":{"code":"69180","nom":"Saint-André-la-Côte","pop":269},"geometry":{"type":"Polygon","coordinates":[[[4.6096,45.6391],[4.6102,45.6362],[4.6071,45.6298],[4.6115,45.6261],[4.6098,45.6231],[4.6071,45.6208],[4.6067,45.6182],[4.6041,45.6155],[4.6047,45.6187],[4.5962,45.6207],[4.5919,45.6254],[4.5896,45.6257],[4.5842,45.6287],[4.5828,45.6285],[4.5773,45.6295],[4.5755,45.631],[4.5804,45.6326],[4.5792,45.6343],[4.5845,45.6369],[4.588,45.6408],[4.5911,45.6472],[4.5947,45.6442],[4.5968,45.6435],[4.6002,45.6457],[4.6096,45.6391]]]}},{"type":"Feature","properties":{"code":"69181","nom":"Saint-Appolinaire","pop":236},"geometry":{"type":"Polygon","coordinates":[[[4.4084,45.9721],[4.4094,45.9738],[4.4099,45.979],[4.4189,45.9901],[4.4248,45.9912],[4.4306,45.9887],[4.4335,45.9859],[4.4382,45.985],[4.4404,45.9822],[4.4457,45.982],[4.4468,45.9786],[4.4463,45.9758],[4.4418,45.9758],[4.4429,45.9724],[4.4387,45.9678],[4.4328,45.9662],[4.4283,45.9647],[4.423,45.9684],[4.4235,45.9713],[4.4192,45.9695],[4.4146,45.9635],[4.4118,45.9664],[4.4102,45.9702],[4.4084,45.9721]]]}},{"type":"Feature","properties":{"code":"69182","nom":"Saint-Bonnet-des-Bruyères","pop":368},"geometry":{"type":"Polygon","coordinates":[[[4.4399,46.2931],[4.4413,46.2939],[4.4483,46.2951],[4.4485,46.2962],[4.4532,46.2966],[4.4573,46.296],[4.4589,46.2969],[4.4648,46.2921],[4.4675,46.2911],[4.469,46.2879],[4.4711,46.2859],[4.476,46.2842],[4.4806,46.2846],[4.4865,46.288],[4.4887,46.288],[4.4919,46.2812],[4.4944,46.2785],[4.5002,46.2747],[4.5003,46.2718],[4.504,46.2672],[4.5092,46.263],[4.5106,46.2607],[4.5103,46.2585],[4.5013,46.2559],[4.4973,46.253],[4.4974,46.2502],[4.4962,46.2442],[4.4899,46.2429],[4.4875,46.2416],[4.4849,46.2367],[4.4797,46.2376],[4.4724,46.2435],[4.4664,46.2461],[4.4622,46.2485],[4.456,46.2494],[4.4465,46.253],[4.4436,46.2529],[4.4336,46.2639],[4.436,46.2652],[4.4395,46.2702],[4.456,46.272],[4.4563,46.2758],[4.4575,46.2769],[4.4552,46.2797],[4.4494,46.2842],[4.4422,46.2876],[4.4415,46.2907],[4.4399,46.2931]]]}},{"type":"Feature","properties":{"code":"69183","nom":"Saint-Bonnet-le-Troncy","pop":307},"geometry":{"type":"Polygon","coordinates":[[[4.3965,46.053],[4.3966,46.0576],[4.3985,46.0586],[4.3988,46.0621],[4.397,46.0629],[4.3937,46.0675],[4.3942,46.07],[4.3919,46.0752],[4.3921,46.0787],[4.3899,46.082],[4.3944,46.0838],[4.3979,46.0836],[4.4029,46.0862],[4.4052,46.0901],[4.41,46.0909],[4.4133,46.0927],[4.4129,46.096],[4.4201,46.1013],[4.425,46.1032],[4.4329,46.1016],[4.4371,46.0942],[4.4393,46.092],[4.4427,46.0862],[4.4419,46.0835],[4.4432,46.0798],[4.443,46.077],[4.444,46.0745],[4.4444,46.0698],[4.4437,46.0644],[4.4413,46.0615],[4.4379,46.062],[4.43,46.0599],[4.4248,46.0614],[4.4254,46.0574],[4.4237,46.0552],[4.4177,46.057],[4.412,46.0575],[4.4082,46.0548],[4.4033,46.0546],[4.4022,46.0533],[4.3965,46.053]]]}},{"type":"Feature","properties":{"code":"69184","nom":"Sainte-Catherine","pop":969},"geometry":{"type":"Polygon","coordinates":[[[4.5477,45.58],[4.5479,45.585],[4.5451,45.59],[4.542,45.597],[4.5423,45.5985],[4.5514,45.6016],[4.5519,45.6041],[4.5539,45.6054],[4.5584,45.6062],[4.5571,45.6107],[4.5575,45.6129],[4.5619,45.6141],[4.5691,45.6147],[4.5723,45.6159],[4.5721,45.6199],[4.5766,45.6254],[4.5825,45.6275],[4.5828,45.6285],[4.5842,45.6287],[4.5896,45.6257],[4.5919,45.6254],[4.5962,45.6207],[4.6047,45.6187],[4.6041,45.6155],[4.6048,45.613],[4.6027,45.6089],[4.5999,45.608],[4.5917,45.6024],[4.5876,45.6029],[4.5857,45.6002],[4.5798,45.5975],[4.5824,45.5934],[4.5801,45.5908],[4.5819,45.5889],[4.5793,45.5866],[4.5797,45.5834],[4.5773,45.5828],[4.5738,45.5841],[4.5704,45.5825],[4.5676,45.5837],[4.562,45.5805],[4.5529,45.5785],[4.5477,45.58]]]}},{"type":"Feature","properties":{"code":"69186","nom":"Saint-Clément-de-Vers","pop":206},"geometry":{"type":"Polygon","coordinates":[[[4.3854,46.2468],[4.3882,46.2477],[4.3928,46.2487],[4.3961,46.248],[4.4024,46.2479],[4.4059,46.2438],[4.4077,46.2427],[4.4095,46.2386],[4.412,46.2378],[4.4136,46.2353],[4.4163,46.2346],[4.4178,46.231],[4.4203,46.2295],[4.4214,46.2264],[4.4236,46.2251],[4.4245,46.2224],[4.4275,46.2212],[4.4287,46.2178],[4.4371,46.2104],[4.4394,46.2103],[4.4433,46.2072],[4.446,46.2068],[4.4427,46.2061],[4.4395,46.2067],[4.4336,46.2059],[4.4313,46.2064],[4.4266,46.2056],[4.4216,46.2071],[4.4219,46.2082],[4.4189,46.2112],[4.4142,46.2132],[4.4107,46.2162],[4.4104,46.2188],[4.407,46.2207],[4.4044,46.2189],[4.3964,46.2182],[4.394,46.2194],[4.3873,46.22],[4.3877,46.2222],[4.3862,46.2258],[4.3868,46.233],[4.3926,46.2355],[4.3886,46.2435],[4.3861,46.2443],[4.3854,46.2468]]]}},{"type":"Feature","properties":{"code":"69187","nom":"Saint-Clément-les-Places","pop":684},"geometry":{"type":"Polygon","coordinates":[[[4.4031,45.744],[4.3983,45.7512],[4.3967,45.7527],[4.3908,45.7551],[4.3906,45.7573],[4.3932,45.7601],[4.3911,45.7618],[4.3948,45.7639],[4.3967,45.7664],[4.4016,45.7694],[4.4066,45.7716],[4.4111,45.7727],[4.4157,45.7713],[4.4262,45.7695],[4.4305,45.7698],[4.4354,45.7728],[4.4411,45.7713],[4.4415,45.7696],[4.4461,45.7704],[4.4474,45.7658],[4.4508,45.7641],[4.4466,45.761],[4.4476,45.7596],[4.4457,45.7535],[4.4383,45.7532],[4.4404,45.7507],[4.4345,45.7479],[4.4327,45.7453],[4.4377,45.7422],[4.4356,45.7409],[4.4363,45.7372],[4.4333,45.7384],[4.4252,45.7381],[4.4217,45.7369],[4.4207,45.738],[4.4153,45.7376],[4.4147,45.7408],[4.4126,45.7428],[4.4028,45.7398],[4.4031,45.744]]]}},{"type":"Feature","properties":{"code":"69188","nom":"Saint-Clément-sur-Valsonne","pop":900},"geometry":{"type":"Polygon","coordinates":[[[4.4649,45.9447],[4.4702,45.9463],[4.4762,45.9427],[4.4789,45.9402],[4.4814,45.9366],[4.4859,45.9328],[4.4865,45.9294],[4.4893,45.9276],[4.491,45.9231],[4.4894,45.919],[4.4901,45.9164],[4.4943,45.9136],[4.4906,45.9111],[4.4698,45.9133],[4.4632,45.9133],[4.4589,45.9117],[4.457,45.9093],[4.452,45.9077],[4.4511,45.9056],[4.4438,45.9095],[4.4319,45.915],[4.43,45.9144],[4.4254,45.9182],[4.4227,45.9225],[4.4241,45.9254],[4.4315,45.927],[4.4385,45.929],[4.4374,45.9303],[4.4367,45.9348],[4.4401,45.9357],[4.4543,45.9426],[4.4649,45.9447]]]}},{"type":"Feature","properties":{"code":"69189","nom":"Sainte-Colombe","pop":2036},"geometry":{"type":"Polygon","coordinates":[[[4.8718,45.5274],[4.8699,45.5249],[4.8615,45.5168],[4.8588,45.5209],[4.8553,45.5224],[4.851,45.5226],[4.8454,45.5243],[4.8446,45.5254],[4.8486,45.5287],[4.8566,45.5309],[4.8595,45.5326],[4.8624,45.527],[4.8718,45.5274]]]}},{"type":"Feature","properties":{"code":"69190","nom":"Sainte-Consorce","pop":2154},"geometry":{"type":"Polygon","coordinates":[[[4.7061,45.7608],[4.6998,45.7599],[4.6938,45.7599],[4.6863,45.7648],[4.6804,45.7684],[4.6771,45.7779],[4.6778,45.7808],[4.679,45.7929],[4.6809,45.7932],[4.6882,45.7918],[4.6922,45.7902],[4.6921,45.7841],[4.6964,45.7782],[4.6995,45.7777],[4.7061,45.7739],[4.7117,45.774],[4.7124,45.7682],[4.7146,45.7679],[4.7125,45.765],[4.7061,45.7608]]]}},{"type":"Feature","properties":{"code":"69191","nom":"Saint-Cyr-au-Mont-d'Or","pop":6327},"geometry":{"type":"Polygon","coordinates":[[[4.8056,45.8436],[4.8068,45.8434],[4.8065,45.8392],[4.8111,45.8292],[4.8151,45.8275],[4.8213,45.8308],[4.8257,45.8312],[4.8281,45.8298],[4.8293,45.8242],[4.8353,45.822],[4.8365,45.8191],[4.8353,45.8169],[4.8387,45.816],[4.8391,45.8139],[4.8371,45.8084],[4.8345,45.8043],[4.8322,45.8056],[4.8242,45.8045],[4.8238,45.802],[4.8203,45.8022],[4.8184,45.7993],[4.8155,45.7994],[4.8151,45.8011],[4.8099,45.8029],[4.8107,45.8059],[4.8084,45.8084],[4.8059,45.8148],[4.8103,45.8164],[4.811,45.8204],[4.8103,45.8228],[4.8067,45.8235],[4.8046,45.8286],[4.8,45.8325],[4.799,45.8377],[4.7951,45.8393],[4.7933,45.8428],[4.7997,45.8439],[4.8056,45.8436]]]}},{"type":"Feature","properties":{"code":"69192","nom":"Saint-Cyr-le-Chatoux","pop":154},"geometry":{"type":"Polygon","coordinates":[[[4.5399,46.0184],[4.5384,46.0218],[4.5357,46.0232],[4.5304,46.0236],[4.5248,46.0263],[4.5155,46.0255],[4.5137,46.0269],[4.5167,46.031],[4.5159,46.0333],[4.5182,46.0359],[4.5216,46.0375],[4.5242,46.0401],[4.5288,46.0422],[4.5315,46.0419],[4.5357,46.0442],[4.5353,46.047],[4.5365,46.048],[4.5386,46.0466],[4.5414,46.0429],[4.5476,46.0413],[4.5514,46.0352],[4.5549,46.0314],[4.5584,46.0291],[4.5601,46.0298],[4.5627,46.0279],[4.5623,46.0252],[4.5563,46.0234],[4.5511,46.0202],[4.5488,46.0197],[4.5456,46.0207],[4.5425,46.0204],[4.5399,46.0184]]]}},{"type":"Feature","properties":{"code":"69193","nom":"Saint-Cyr-sur-le-Rhône","pop":1286},"geometry":{"type":"Polygon","coordinates":[[[4.7869,45.5271],[4.7887,45.5264],[4.7974,45.525],[4.8037,45.5254],[4.8104,45.5232],[4.8171,45.5221],[4.8223,45.5228],[4.8289,45.5227],[4.8387,45.5213],[4.842,45.522],[4.8454,45.5243],[4.851,45.5226],[4.8553,45.5224],[4.8588,45.5209],[4.8615,45.5168],[4.8456,45.5037],[4.8429,45.5052],[4.842,45.5076],[4.8391,45.5102],[4.834,45.5099],[4.8317,45.5087],[4.8281,45.5114],[4.8166,45.5121],[4.8072,45.5173],[4.7869,45.5271]]]}},{"type":"Feature","properties":{"code":"69194","nom":"Saint-Didier-au-Mont-d'Or","pop":7435},"geometry":{"type":"Polygon","coordinates":[[[4.7863,45.8423],[4.7933,45.8428],[4.7951,45.8393],[4.799,45.8377],[4.8,45.8325],[4.8046,45.8286],[4.8067,45.8235],[4.8103,45.8228],[4.811,45.8204],[4.8103,45.8164],[4.8059,45.8148],[4.8084,45.8084],[4.8107,45.8059],[4.8099,45.8029],[4.8151,45.8011],[4.8155,45.7994],[4.8184,45.7993],[4.814,45.7943],[4.8092,45.7922],[4.8078,45.7892],[4.8024,45.792],[4.7995,45.7924],[4.7978,45.8009],[4.7906,45.8031],[4.7872,45.8037],[4.7862,45.8054],[4.7836,45.8065],[4.7822,45.8118],[4.7839,45.8134],[4.7841,45.8162],[4.7826,45.8176],[4.7866,45.828],[4.7899,45.8306],[4.7858,45.8376],[4.7863,45.8423]]]}},{"type":"Feature","properties":{"code":"69196","nom":"Saint-Didier-sur-Beaujeu","pop":603},"geometry":{"type":"Polygon","coordinates":[[[4.4988,46.144],[4.5011,46.1459],[4.5072,46.149],[4.5044,46.1514],[4.5019,46.1516],[4.5075,46.1592],[4.5211,46.1536],[4.5261,46.1543],[4.5292,46.1536],[4.5398,46.1569],[4.543,46.1605],[4.5477,46.1618],[4.5484,46.1693],[4.5543,46.1683],[4.5599,46.1688],[4.5602,46.1672],[4.5694,46.1654],[4.5658,46.1563],[4.5594,46.1488],[4.5609,46.1472],[4.5579,46.1415],[4.553,46.1391],[4.5469,46.1341],[4.5421,46.1309],[4.5407,46.1268],[4.5377,46.1245],[4.5302,46.1211],[4.5229,46.1252],[4.5201,46.1283],[4.5078,46.1348],[4.5028,46.1412],[4.4988,46.144]]]}},{"type":"Feature","properties":{"code":"69197","nom":"Saint-Étienne-des-Oullières","pop":2264},"geometry":{"type":"Polygon","coordinates":[[[4.6257,46.0623],[4.6457,46.0758],[4.646,46.0774],[4.6445,46.0821],[4.6523,46.0799],[4.6593,46.0788],[4.6595,46.0771],[4.6654,46.0772],[4.6692,46.0734],[4.6701,46.0704],[4.6748,46.068],[4.6809,46.0628],[4.6821,46.0605],[4.6845,46.0591],[4.6857,46.055],[4.682,46.0534],[4.6814,46.0511],[4.6771,46.0522],[4.677,46.0493],[4.6711,46.0475],[4.6689,46.0468],[4.6597,46.0531],[4.6553,46.0552],[4.652,46.0552],[4.6513,46.0532],[4.6467,46.0496],[4.6461,46.0483],[4.6416,46.051],[4.6413,46.0523],[4.6378,46.0549],[4.6376,46.0563],[4.6331,46.0568],[4.6333,46.0577],[4.6301,46.0617],[4.6257,46.0623]]]}},{"type":"Feature","properties":{"code":"69198","nom":"Saint-Étienne-la-Varenne","pop":784},"geometry":{"type":"Polygon","coordinates":[[[4.6257,46.0623],[4.6165,46.0673],[4.6109,46.0694],[4.5957,46.0778],[4.5917,46.0795],[4.5991,46.0797],[4.6048,46.0822],[4.6075,46.0842],[4.6131,46.0864],[4.6165,46.0895],[4.6164,46.0906],[4.621,46.0904],[4.6232,46.0886],[4.6321,46.0844],[4.644,46.0815],[4.6445,46.0821],[4.646,46.0774],[4.6457,46.0758],[4.6257,46.0623]]]}},{"type":"Feature","properties":{"code":"69199","nom":"Saint-Fons","pop":19285},"geometry":{"type":"Polygon","coordinates":[[[4.8372,45.6865],[4.8362,45.6873],[4.8381,45.6918],[4.8411,45.6915],[4.8434,45.6962],[4.8436,45.701],[4.8405,45.7078],[4.8381,45.7136],[4.8376,45.7185],[4.8492,45.7188],[4.8497,45.7189],[4.8536,45.716],[4.8579,45.7146],[4.8645,45.7133],[4.8659,45.7052],[4.8657,45.7024],[4.8611,45.7006],[4.8566,45.7004],[4.8615,45.6909],[4.8616,45.6884],[4.8518,45.6877],[4.8526,45.6836],[4.8478,45.6808],[4.8452,45.6806],[4.8441,45.685],[4.8399,45.6846],[4.8372,45.6865]]]}},{"type":"Feature","properties":{"code":"69200","nom":"Saint-Forgeux","pop":1544},"geometry":{"type":"Polygon","coordinates":[[[4.4981,45.8637],[4.4955,45.8576],[4.4959,45.8549],[4.4878,45.8479],[4.4858,45.8405],[4.4831,45.8376],[4.4806,45.8364],[4.4758,45.8288],[4.4765,45.8219],[4.4757,45.818],[4.4656,45.8243],[4.4601,45.8253],[4.4534,45.8295],[4.4537,45.8345],[4.4494,45.8354],[4.4487,45.8366],[4.4409,45.8341],[4.4371,45.8448],[4.4385,45.8465],[4.4371,45.8491],[4.4186,45.8627],[4.4229,45.8637],[4.4278,45.8664],[4.4323,45.8661],[4.4361,45.8673],[4.4409,45.8671],[4.4503,45.8702],[4.4543,45.8698],[4.4564,45.8708],[4.4518,45.8771],[4.4532,45.8795],[4.4574,45.8807],[4.4618,45.8844],[4.4626,45.8859],[4.4645,45.8864],[4.4659,45.8845],[4.4704,45.8819],[4.4733,45.8794],[4.4778,45.878],[4.48,45.8745],[4.4981,45.8637]]]}},{"type":"Feature","properties":{"code":"69201","nom":"Sainte-Foy-l'Argentière","pop":1312},"geometry":{"type":"Polygon","coordinates":[[[4.4788,45.7027],[4.4754,45.703],[4.4708,45.7],[4.4686,45.6965],[4.4657,45.6948],[4.4638,45.6951],[4.4587,45.6989],[4.4659,45.7011],[4.4675,45.7038],[4.4671,45.7099],[4.4746,45.7128],[4.4776,45.7124],[4.4782,45.7105],[4.4823,45.7078],[4.4788,45.7027]]]}},{"type":"Feature","properties":{"code":"69202","nom":"Sainte-Foy-lès-Lyon","pop":21692},"geometry":{"type":"Polygon","coordinates":[[[4.8135,45.7481],[4.8088,45.7422],[4.8088,45.7374],[4.8103,45.7345],[4.806,45.7274],[4.803,45.7233],[4.7981,45.7233],[4.7941,45.7243],[4.7921,45.7215],[4.7887,45.7208],[4.7829,45.7231],[4.7804,45.7228],[4.7763,45.7235],[4.7756,45.7258],[4.7733,45.7266],[4.7718,45.7286],[4.776,45.733],[4.7762,45.7346],[4.7795,45.7348],[4.7812,45.736],[4.7817,45.7404],[4.7776,45.7472],[4.7788,45.7475],[4.7836,45.7442],[4.7943,45.7491],[4.8024,45.7517],[4.8135,45.7481]]]}},{"type":"Feature","properties":{"code":"69203","nom":"Saint-Genis-l'Argentière","pop":986},"geometry":{"type":"Polygon","coordinates":[[[4.5037,45.6893],[4.5022,45.6894],[4.4943,45.6926],[4.4861,45.6943],[4.4826,45.6967],[4.4803,45.7022],[4.4788,45.7027],[4.4823,45.7078],[4.4782,45.7105],[4.4776,45.7124],[4.4746,45.7128],[4.4671,45.7099],[4.4643,45.7124],[4.4639,45.7142],[4.4605,45.7169],[4.4681,45.7199],[4.4781,45.7226],[4.4834,45.7244],[4.4873,45.7242],[4.4901,45.7225],[4.4941,45.7226],[4.4968,45.7275],[4.5008,45.7305],[4.5055,45.7307],[4.5108,45.7336],[4.5101,45.7368],[4.5142,45.7383],[4.519,45.7382],[4.5199,45.7395],[4.5235,45.7393],[4.5247,45.736],[4.5228,45.7306],[4.5212,45.7288],[4.5108,45.7219],[4.51,45.7199],[4.5059,45.7185],[4.5051,45.7172],[4.5079,45.7103],[4.5083,45.7026],[4.507,45.6966],[4.5111,45.6935],[4.5037,45.6893]]]}},{"type":"Feature","properties":{"code":"69204","nom":"Saint-Genis-Laval","pop":21212},"geometry":{"type":"Polygon","coordinates":[[[4.7919,45.6663],[4.789,45.6653],[4.7866,45.6648],[4.7837,45.667],[4.7848,45.6688],[4.7877,45.6696],[4.7857,45.6733],[4.7812,45.6727],[4.7798,45.6748],[4.7799,45.6788],[4.7791,45.6832],[4.7753,45.6834],[4.7739,45.6853],[4.7749,45.6875],[4.7733,45.6892],[4.7703,45.6892],[4.7652,45.6881],[4.7644,45.6898],[4.7668,45.6934],[4.7661,45.6965],[4.7684,45.7069],[4.7738,45.7144],[4.7752,45.7147],[4.7784,45.7197],[4.7849,45.717],[4.7889,45.7146],[4.7935,45.7132],[4.7949,45.7104],[4.7985,45.7082],[4.7978,45.7062],[4.8042,45.7054],[4.8097,45.6965],[4.8156,45.6979],[4.8201,45.6975],[4.8204,45.6956],[4.8175,45.6928],[4.818,45.6883],[4.8127,45.6869],[4.8098,45.6845],[4.8106,45.6831],[4.8048,45.6826],[4.8057,45.6804],[4.8044,45.679],[4.7974,45.6785],[4.7953,45.6789],[4.7946,45.6729],[4.7906,45.6713],[4.7919,45.6663]]]}},{"type":"Feature","properties":{"code":"69205","nom":"Saint-Genis-les-Ollières","pop":5439},"geometry":{"type":"Polygon","coordinates":[[[4.7146,45.7679],[4.7166,45.7673],[4.7285,45.7696],[4.7355,45.7713],[4.7395,45.7666],[4.741,45.7603],[4.7438,45.7558],[4.7372,45.7543],[4.7321,45.7551],[4.7285,45.7525],[4.7241,45.7518],[4.7235,45.7529],[4.718,45.7533],[4.716,45.7541],[4.7167,45.7588],[4.7061,45.7608],[4.7125,45.765],[4.7146,45.7679]]]}},{"type":"Feature","properties":{"code":"69206","nom":"Saint-Georges-de-Reneins","pop":4677},"geometry":{"type":"Polygon","coordinates":[[[4.676,46.0356],[4.676,46.0391],[4.6731,46.0463],[4.6711,46.0475],[4.677,46.0493],[4.6771,46.0522],[4.6814,46.0511],[4.682,46.0534],[4.6857,46.055],[4.6845,46.0591],[4.6821,46.0605],[4.6882,46.0615],[4.694,46.0613],[4.6987,46.064],[4.6998,46.0687],[4.6998,46.0721],[4.7026,46.0722],[4.7057,46.0736],[4.7106,46.0738],[4.7118,46.0755],[4.7103,46.0773],[4.7091,46.0834],[4.7113,46.0833],[4.7131,46.0883],[4.7153,46.0874],[4.7183,46.0891],[4.721,46.0883],[4.7226,46.0901],[4.7311,46.0883],[4.7388,46.0856],[4.7441,46.0857],[4.7445,46.0835],[4.7494,46.0822],[4.7528,46.0821],[4.7555,46.08],[4.7592,46.0749],[4.7616,46.0677],[4.7616,46.0659],[4.7594,46.0616],[4.7565,46.0587],[4.7509,46.0549],[4.7436,46.0519],[4.7406,46.0499],[4.7389,46.0464],[4.7406,46.043],[4.744,46.039],[4.7456,46.0354],[4.7469,46.0296],[4.7466,46.0278],[4.7446,46.0273],[4.7311,46.0278],[4.7286,46.0293],[4.7252,46.0341],[4.7181,46.0339],[4.7155,46.0353],[4.7155,46.0387],[4.7009,46.0394],[4.6833,46.0333],[4.6816,46.0351],[4.6785,46.0363],[4.676,46.0356]]]}},{"type":"Feature","properties":{"code":"69207","nom":"Saint-Germain-au-Mont-d'Or","pop":3124},"geometry":{"type":"Polygon","coordinates":[[[4.8074,45.8692],[4.7976,45.8693],[4.7964,45.87],[4.7877,45.8691],[4.7898,45.8712],[4.79,45.8773],[4.7885,45.8793],[4.79,45.8831],[4.7885,45.8855],[4.79,45.8918],[4.7873,45.8929],[4.7929,45.8962],[4.7926,45.8975],[4.7954,45.8992],[4.7985,45.8978],[4.8041,45.8985],[4.8052,45.8963],[4.8071,45.8923],[4.8103,45.8878],[4.8145,45.8845],[4.82,45.8817],[4.8181,45.8782],[4.8139,45.877],[4.8115,45.8745],[4.8096,45.8701],[4.8074,45.8692]]]}},{"type":"Feature","properties":{"code":"69208","nom":"Saint-Germain-Nuelles","pop":2246},"geometry":{"type":"Polygon","coordinates":[[[4.6247,45.8398],[4.6209,45.8436],[4.6163,45.8426],[4.6111,45.8433],[4.6067,45.8449],[4.6035,45.8468],[4.6046,45.8578],[4.6063,45.8609],[4.6015,45.8661],[4.5967,45.867],[4.5984,45.8708],[4.5973,45.8731],[4.5989,45.8771],[4.6002,45.8784],[4.6037,45.8775],[4.6063,45.8804],[4.617,45.8809],[4.6236,45.8792],[4.6278,45.8801],[4.624,45.8761],[4.6246,45.8713],[4.624,45.8673],[4.6275,45.8594],[4.6294,45.8561],[4.6333,45.852],[4.6368,45.8464],[4.6345,45.8422],[4.6306,45.8399],[4.6276,45.8406],[4.6247,45.8398]]]}},{"type":"Feature","properties":{"code":"69209","nom":"Saint-Igny-de-Vers","pop":593},"geometry":{"type":"Polygon","coordinates":[[[4.3882,46.2477],[4.3926,46.2514],[4.3893,46.258],[4.3928,46.2607],[4.392,46.2623],[4.3937,46.2649],[4.3969,46.2669],[4.4087,46.265],[4.4151,46.2617],[4.4236,46.2653],[4.4296,46.2659],[4.4336,46.2639],[4.4436,46.2529],[4.4465,46.253],[4.456,46.2494],[4.4622,46.2485],[4.4664,46.2461],[4.4724,46.2435],[4.4797,46.2376],[4.4849,46.2367],[4.4881,46.2324],[4.4867,46.2319],[4.4861,46.2277],[4.483,46.2246],[4.4843,46.2229],[4.4849,46.2189],[4.4829,46.2152],[4.4841,46.2107],[4.4835,46.2093],[4.4775,46.2107],[4.4719,46.2128],[4.4688,46.2119],[4.4659,46.2122],[4.4612,46.2138],[4.4553,46.2116],[4.4537,46.2096],[4.4487,46.209],[4.446,46.2068],[4.4433,46.2072],[4.4394,46.2103],[4.4371,46.2104],[4.4287,46.2178],[4.4275,46.2212],[4.4245,46.2224],[4.4236,46.2251],[4.4214,46.2264],[4.4203,46.2295],[4.4178,46.231],[4.4163,46.2346],[4.4136,46.2353],[4.412,46.2378],[4.4095,46.2386],[4.4077,46.2427],[4.4059,46.2438],[4.4024,46.2479],[4.3961,46.248],[4.3928,46.2487],[4.3882,46.2477]]]}},{"type":"Feature","properties":{"code":"69212","nom":"Saint-Jean-des-Vignes","pop":486},"geometry":{"type":"Polygon","coordinates":[[[4.6896,45.8665],[4.6768,45.8678],[4.6731,45.8707],[4.674,45.8724],[4.6708,45.873],[4.6698,45.8761],[4.6705,45.8823],[4.6737,45.8821],[4.677,45.8829],[4.6877,45.8826],[4.6882,45.8809],[4.6943,45.8799],[4.6934,45.8766],[4.6954,45.875],[4.69,45.8723],[4.6888,45.8703],[4.6896,45.8665]]]}},{"type":"Feature","properties":{"code":"69214","nom":"Saint-Jean-la-Bussière","pop":1163},"geometry":{"type":"Polygon","coordinates":[[[4.2995,45.9891],[4.3023,45.9938],[4.3054,45.9956],[4.3058,46.0003],[4.3086,46.0011],[4.3126,46.0056],[4.3107,46.0081],[4.3139,46.0096],[4.3175,46.0155],[4.3229,46.0184],[4.3308,46.015],[4.339,46.0195],[4.3383,46.0246],[4.34,46.027],[4.3452,46.0288],[4.3515,46.0268],[4.3536,46.0272],[4.3538,46.0224],[4.3555,46.0209],[4.3588,46.0214],[4.3629,46.0188],[4.3654,46.0196],[4.3686,46.0183],[4.3656,46.0139],[4.3649,46.0104],[4.3629,46.0075],[4.3595,46.0063],[4.3569,46.0036],[4.3542,46.0026],[4.3532,45.9977],[4.3472,45.9932],[4.3473,45.9924],[4.3416,45.9908],[4.3401,45.9883],[4.3394,45.9847],[4.3349,45.9845],[4.3315,45.9824],[4.3278,45.9812],[4.3243,45.9788],[4.3185,45.9802],[4.3166,45.9822],[4.3111,45.9826],[4.3109,45.9798],[4.3056,45.9796],[4.3013,45.9852],[4.2995,45.9891]]]}},{"type":"Feature","properties":{"code":"69215","nom":"Saint-Julien","pop":969},"geometry":{"type":"Polygon","coordinates":[[[4.6833,46.0333],[4.6818,46.0271],[4.6806,46.0246],[4.6765,46.0201],[4.6728,46.0189],[4.671,46.0156],[4.6631,46.0171],[4.6572,46.0174],[4.6558,46.0162],[4.6516,46.0173],[4.6445,46.016],[4.6424,46.0171],[4.6371,46.0141],[4.6331,46.0141],[4.6289,46.0152],[4.626,46.0161],[4.6211,46.0164],[4.6148,46.0146],[4.6125,46.019],[4.6186,46.0234],[4.6215,46.0266],[4.625,46.0246],[4.6322,46.0239],[4.6343,46.0254],[4.6381,46.0262],[4.6418,46.0287],[4.6452,46.027],[4.6497,46.0288],[4.6546,46.03],[4.6576,46.029],[4.6602,46.0294],[4.6622,46.0315],[4.6727,46.0323],[4.676,46.0356],[4.6785,46.0363],[4.6816,46.0351],[4.6833,46.0333]]]}},{"type":"Feature","properties":{"code":"69216","nom":"Saint-Julien-sur-Bibost","pop":622},"geometry":{"type":"Polygon","coordinates":[[[4.5177,45.8219],[4.5162,45.8198],[4.5222,45.8132],[4.5264,45.8146],[4.5324,45.8145],[4.5386,45.8119],[4.5416,45.8079],[4.537,45.8075],[4.5341,45.8038],[4.5346,45.8],[4.5267,45.7961],[4.5284,45.7898],[4.5323,45.7904],[4.5296,45.7881],[4.525,45.7857],[4.5175,45.7837],[4.5161,45.7804],[4.5121,45.7779],[4.5063,45.7758],[4.504,45.7763],[4.4939,45.7749],[4.4878,45.7753],[4.4858,45.777],[4.4869,45.7794],[4.4926,45.7815],[4.4958,45.7852],[4.4982,45.7892],[4.5016,45.7905],[4.5,45.794],[4.4972,45.798],[4.4965,45.8017],[4.495,45.8042],[4.4918,45.8066],[4.4853,45.8085],[4.4776,45.8137],[4.4757,45.818],[4.4814,45.8175],[4.4864,45.8181],[4.4975,45.8184],[4.5073,45.8178],[4.5177,45.8219]]]}},{"type":"Feature","properties":{"code":"69217","nom":"Saint-Just-d'Avray","pop":741},"geometry":{"type":"Polygon","coordinates":[[[4.4971,46.0009],[4.4925,45.9967],[4.4855,45.9949],[4.4819,45.9948],[4.4763,45.9921],[4.4731,45.9892],[4.4759,45.9858],[4.4753,45.9844],[4.472,45.9836],[4.4671,45.9799],[4.4633,45.9791],[4.4594,45.9794],[4.4617,45.9804],[4.4597,45.9828],[4.4485,45.9815],[4.4468,45.9786],[4.4457,45.982],[4.4404,45.9822],[4.4382,45.985],[4.4335,45.9859],[4.4306,45.9887],[4.4248,45.9912],[4.4189,45.9901],[4.4181,45.9941],[4.4193,45.9999],[4.4186,46.0031],[4.4216,46.0064],[4.4219,46.0084],[4.424,46.0118],[4.4252,46.016],[4.4273,46.0178],[4.4311,46.0201],[4.4388,46.0165],[4.4419,46.0167],[4.4495,46.0194],[4.455,46.0183],[4.4587,46.0153],[4.4677,46.0119],[4.4772,46.0092],[4.4796,46.0066],[4.488,46.009],[4.4884,46.0097],[4.4955,46.0093],[4.4964,46.0073],[4.4971,46.0009]]]}},{"type":"Feature","properties":{"code":"69218","nom":"Saint-Lager","pop":1056},"geometry":{"type":"Polygon","coordinates":[[[4.6676,46.1013],[4.6619,46.1016],[4.6586,46.1053],[4.6547,46.1071],[4.6464,46.1083],[4.6471,46.1113],[4.6499,46.1133],[4.6479,46.1169],[4.6502,46.1162],[4.6533,46.1168],[4.654,46.1152],[4.6585,46.1162],[4.6618,46.1179],[4.673,46.1173],[4.6733,46.1203],[4.6719,46.1252],[4.6747,46.1249],[4.6781,46.1264],[4.6829,46.1237],[4.6906,46.1239],[4.6962,46.1266],[4.6983,46.1196],[4.6965,46.1182],[4.6952,46.1144],[4.6938,46.1132],[4.6953,46.1089],[4.6971,46.1072],[4.6968,46.1042],[4.6985,46.1021],[4.6929,46.0996],[4.6886,46.0995],[4.6787,46.1015],[4.675,46.1],[4.6676,46.1013]]]}},{"type":"Feature","properties":{"code":"69219","nom":"Saint-Laurent-d'Agny","pop":2111},"geometry":{"type":"Polygon","coordinates":[[[4.7101,45.6186],[4.7059,45.6213],[4.7026,45.6253],[4.6959,45.6285],[4.689,45.6259],[4.6874,45.6309],[4.6852,45.6318],[4.6814,45.6278],[4.6745,45.6287],[4.676,45.6304],[4.6749,45.6327],[4.6726,45.6333],[4.6696,45.6364],[4.6657,45.6384],[4.6607,45.6421],[4.6581,45.6395],[4.6555,45.6418],[4.6557,45.6436],[4.6583,45.6472],[4.6593,45.6506],[4.6553,45.6518],[4.6536,45.6537],[4.6577,45.6535],[4.664,45.6562],[4.6685,45.6554],[4.6726,45.6554],[4.6759,45.6574],[4.6803,45.6589],[4.6822,45.6604],[4.685,45.659],[4.6901,45.6626],[4.6949,45.6559],[4.7042,45.6475],[4.7061,45.6438],[4.7051,45.641],[4.7059,45.6336],[4.7083,45.6253],[4.7119,45.6198],[4.7101,45.6186]]]}},{"type":"Feature","properties":{"code":"69220","nom":"Saint-Laurent-de-Chamousset","pop":2017},"geometry":{"type":"Polygon","coordinates":[[[4.4371,45.7307],[4.4382,45.7319],[4.4339,45.7352],[4.4363,45.7372],[4.4356,45.7409],[4.4377,45.7422],[4.4327,45.7453],[4.4345,45.7479],[4.4404,45.7507],[4.4383,45.7532],[4.4457,45.7535],[4.4476,45.7596],[4.4466,45.761],[4.4508,45.7641],[4.4528,45.7613],[4.46,45.7586],[4.4645,45.7618],[4.4698,45.76],[4.4709,45.7573],[4.4746,45.7558],[4.4743,45.7489],[4.4798,45.746],[4.4818,45.7442],[4.4949,45.7453],[4.5008,45.7387],[4.502,45.734],[4.5055,45.7307],[4.5008,45.7305],[4.4968,45.7275],[4.4941,45.7226],[4.4901,45.7225],[4.4873,45.7242],[4.4834,45.7244],[4.4781,45.7226],[4.4681,45.7199],[4.4605,45.7169],[4.4571,45.7176],[4.4546,45.7197],[4.4497,45.72],[4.4512,45.7171],[4.4452,45.7164],[4.4409,45.7267],[4.4381,45.7268],[4.4371,45.7307]]]}},{"type":"Feature","properties":{"code":"69225","nom":"Saint-Marcel-l'Éclairé","pop":575},"geometry":{"type":"Polygon","coordinates":[[[4.3962,45.8602],[4.3931,45.8642],[4.3947,45.8651],[4.3988,45.8677],[4.4002,45.8696],[4.3996,45.8715],[4.4008,45.8741],[4.4003,45.8775],[4.3988,45.879],[4.3977,45.883],[4.3988,45.8849],[4.411,45.8896],[4.4126,45.8913],[4.4144,45.8924],[4.4176,45.8922],[4.4248,45.8852],[4.4321,45.8831],[4.4395,45.8851],[4.4501,45.8835],[4.4516,45.8887],[4.458,45.8875],[4.4626,45.8859],[4.4618,45.8844],[4.4574,45.8807],[4.4532,45.8795],[4.4518,45.8771],[4.4564,45.8708],[4.4543,45.8698],[4.4503,45.8702],[4.4409,45.8671],[4.4361,45.8673],[4.4323,45.8661],[4.4278,45.8664],[4.4229,45.8637],[4.4186,45.8627],[4.4119,45.8585],[4.4084,45.855],[4.4076,45.8497],[4.4004,45.8537],[4.4003,45.8554],[4.3964,45.8587],[4.3962,45.8602]]]}},{"type":"Feature","properties":{"code":"69227","nom":"Saint-Martin-en-Haut","pop":3942},"geometry":{"type":"Polygon","coordinates":[[[4.5828,45.6285],[4.5825,45.6275],[4.5766,45.6254],[4.5721,45.6199],[4.5723,45.6159],[4.5691,45.6147],[4.5619,45.6141],[4.5575,45.6129],[4.553,45.6158],[4.5515,45.6191],[4.5537,45.6214],[4.5527,45.625],[4.5472,45.6271],[4.5425,45.6265],[4.5397,45.625],[4.5344,45.626],[4.5322,45.6278],[4.5292,45.6269],[4.5255,45.628],[4.5267,45.6303],[4.5252,45.6359],[4.5284,45.6366],[4.5314,45.6386],[4.5327,45.6418],[4.5279,45.641],[4.5248,45.6415],[4.5212,45.6406],[4.515,45.6408],[4.5157,45.6426],[4.5129,45.6486],[4.5186,45.6527],[4.5219,45.662],[4.5265,45.6661],[4.5252,45.6725],[4.5275,45.6774],[4.5322,45.681],[4.5337,45.6803],[4.5372,45.6825],[4.5371,45.6843],[4.5406,45.6847],[4.547,45.6835],[4.5531,45.6873],[4.5534,45.6933],[4.55,45.6972],[4.5479,45.6984],[4.551,45.7008],[4.5533,45.7011],[4.5598,45.7038],[4.5636,45.702],[4.5655,45.7013],[4.5709,45.7014],[4.5761,45.6999],[4.5834,45.699],[4.5783,45.6973],[4.5756,45.6949],[4.5797,45.691],[4.5835,45.6865],[4.5834,45.6838],[4.5865,45.681],[4.5903,45.683],[4.5904,45.677],[4.5954,45.6755],[4.5974,45.672],[4.5995,45.6709],[4.5968,45.67],[4.5878,45.6634],[4.5866,45.6611],[4.5876,45.6597],[4.5965,45.6562],[4.5929,45.6535],[4.5911,45.6472],[4.588,45.6408],[4.5845,45.6369],[4.5792,45.6343],[4.5804,45.6326],[4.5755,45.631],[4.5773,45.6295],[4.5828,45.6285]]]}},{"type":"Feature","properties":{"code":"69228","nom":"Chabanière","pop":4323},"geometry":{"type":"Polygon","coordinates":[[[4.6594,45.5434],[4.6576,45.5421],[4.653,45.5426],[4.6507,45.5405],[4.6448,45.5406],[4.6432,45.543],[4.6384,45.5455],[4.6339,45.5505],[4.6343,45.5522],[4.6333,45.5573],[4.6283,45.5623],[4.6269,45.5669],[4.6238,45.5702],[4.6205,45.5717],[4.6181,45.5742],[4.6158,45.5748],[4.6074,45.5736],[4.6065,45.5722],[4.6027,45.5705],[4.5915,45.5718],[4.5868,45.5708],[4.5835,45.5737],[4.5817,45.5768],[4.5779,45.5776],[4.5704,45.5825],[4.5738,45.5841],[4.5773,45.5828],[4.5797,45.5834],[4.5793,45.5866],[4.5819,45.5889],[4.5801,45.5908],[4.5824,45.5934],[4.5798,45.5975],[4.5857,45.6002],[4.5834,45.5977],[4.5859,45.5971],[4.5886,45.5944],[4.5924,45.5945],[4.5934,45.5969],[4.59,45.601],[4.5917,45.6024],[4.5999,45.608],[4.6027,45.6089],[4.6048,45.613],[4.6041,45.6155],[4.6067,45.6182],[4.6071,45.6208],[4.6098,45.6231],[4.6115,45.6261],[4.6136,45.622],[4.6156,45.6232],[4.6185,45.6222],[4.6232,45.6228],[4.6256,45.6249],[4.6302,45.6267],[4.6376,45.6281],[4.6444,45.6302],[4.6497,45.6289],[4.6521,45.6204],[4.6458,45.6191],[4.6449,45.6158],[4.6432,45.6158],[4.6393,45.6108],[4.6443,45.6093],[4.6508,45.6049],[4.6593,45.6008],[4.6602,45.5995],[4.6655,45.5994],[4.6667,45.5942],[4.6656,45.5887],[4.6578,45.5824],[4.6541,45.578],[4.6529,45.5712],[4.6503,45.5655],[4.6491,45.5651],[4.6489,45.5596],[4.6462,45.5554],[4.6484,45.5536],[4.6551,45.5505],[4.6574,45.5476],[4.6571,45.5453],[4.6594,45.5434]]]}},{"type":"Feature","properties":{"code":"69229","nom":"Saint-Nizier-d'Azergues","pop":774},"geometry":{"type":"Polygon","coordinates":[[[4.4318,46.1174],[4.4379,46.1183],[4.4428,46.115],[4.4456,46.1141],[4.4472,46.1156],[4.4547,46.1154],[4.4608,46.1093],[4.4652,46.1083],[4.4683,46.1093],[4.4664,46.1116],[4.4674,46.1159],[4.4692,46.1133],[4.4729,46.1098],[4.4735,46.1069],[4.4802,46.1046],[4.4806,46.1027],[4.4851,46.0954],[4.4875,46.0928],[4.4887,46.0893],[4.4877,46.0824],[4.4852,46.0806],[4.4888,46.0766],[4.491,46.0752],[4.492,46.0724],[4.4907,46.0717],[4.4863,46.065],[4.4844,46.0643],[4.4849,46.0614],[4.4895,46.0558],[4.4901,46.0544],[4.4932,46.0527],[4.4798,46.0515],[4.477,46.0476],[4.471,46.049],[4.4681,46.0503],[4.4633,46.054],[4.451,46.0561],[4.4488,46.0554],[4.442,46.0574],[4.4413,46.0615],[4.4437,46.0644],[4.4444,46.0698],[4.444,46.0745],[4.443,46.077],[4.4432,46.0798],[4.4419,46.0835],[4.4427,46.0862],[4.4393,46.092],[4.4371,46.0942],[4.4329,46.1016],[4.4295,46.1083],[4.4304,46.1124],[4.4302,46.115],[4.4318,46.1174]]]}},{"type":"Feature","properties":{"code":"69230","nom":"Sainte-Paule","pop":338},"geometry":{"type":"Polygon","coordinates":[[[4.5621,45.995],[4.5622,45.9928],[4.5654,45.9889],[4.565,45.987],[4.5696,45.9847],[4.5734,45.9792],[4.5759,45.9774],[4.5774,45.9739],[4.5759,45.971],[4.5766,45.9643],[4.5758,45.9628],[4.5775,45.9609],[4.5763,45.9588],[4.5728,45.9553],[4.5679,45.9526],[4.562,45.9514],[4.5586,45.9499],[4.5548,45.9473],[4.55,45.9456],[4.5494,45.9501],[4.5543,45.9541],[4.5555,45.956],[4.5551,45.9602],[4.5561,45.9621],[4.5552,45.9658],[4.5516,45.9675],[4.5495,45.9695],[4.5495,45.9708],[4.5547,45.9754],[4.5537,45.9813],[4.5514,45.9843],[4.552,45.9867],[4.5506,45.9893],[4.552,45.9924],[4.5509,45.9946],[4.5511,45.9988],[4.5569,45.9964],[4.5621,45.995]]]}},{"type":"Feature","properties":{"code":"69231","nom":"Saint-Pierre-la-Palud","pop":2616},"geometry":{"type":"Polygon","coordinates":[[[4.6402,45.7781],[4.6374,45.7746],[4.6365,45.7696],[4.6314,45.7671],[4.6306,45.7644],[4.626,45.7606],[4.6201,45.7637],[4.6134,45.7647],[4.6119,45.7681],[4.6102,45.7691],[4.6101,45.7753],[4.6093,45.7768],[4.6045,45.7793],[4.6037,45.7833],[4.6016,45.7898],[4.5983,45.7911],[4.5925,45.7962],[4.5982,45.798],[4.5992,45.801],[4.6027,45.8038],[4.6053,45.8036],[4.6059,45.8059],[4.6071,45.8036],[4.6105,45.8013],[4.6142,45.7936],[4.6215,45.7868],[4.6402,45.7781]]]}},{"type":"Feature","properties":{"code":"69233","nom":"Saint-Romain-au-Mont-d'Or","pop":1247},"geometry":{"type":"Polygon","coordinates":[[[4.8321,45.8397],[4.8348,45.8355],[4.8387,45.8341],[4.8342,45.8307],[4.8281,45.8298],[4.8257,45.8312],[4.8213,45.8308],[4.8151,45.8275],[4.8111,45.8292],[4.8065,45.8392],[4.8068,45.8434],[4.8147,45.8421],[4.8259,45.8397],[4.8321,45.8397]]]}},{"type":"Feature","properties":{"code":"69234","nom":"Saint-Romain-de-Popey","pop":1725},"geometry":{"type":"Polygon","coordinates":[[[4.4959,45.8549],[4.4955,45.8576],[4.4981,45.8637],[4.5059,45.8696],[4.5067,45.8726],[4.5093,45.8729],[4.5179,45.8774],[4.5222,45.8779],[4.5385,45.8771],[4.547,45.8711],[4.5493,45.8656],[4.551,45.8648],[4.5524,45.863],[4.553,45.8593],[4.5553,45.8564],[4.5558,45.8525],[4.5602,45.8471],[4.5626,45.8465],[4.5612,45.8422],[4.5587,45.8413],[4.5526,45.834],[4.5494,45.8317],[4.5469,45.8328],[4.5408,45.8334],[4.536,45.8357],[4.5344,45.8358],[4.5308,45.8392],[4.5214,45.8411],[4.5147,45.8438],[4.5039,45.8438],[4.5039,45.8481],[4.5016,45.8505],[4.4981,45.8505],[4.4959,45.8549]]]}},{"type":"Feature","properties":{"code":"69235","nom":"Saint-Romain-en-Gal","pop":2001},"geometry":{"type":"Polygon","coordinates":[[[4.7887,45.5264],[4.7911,45.5289],[4.7908,45.5308],[4.7937,45.535],[4.8004,45.542],[4.8046,45.5449],[4.8058,45.5493],[4.8117,45.5546],[4.8158,45.555],[4.8204,45.5591],[4.8225,45.5564],[4.8301,45.5492],[4.8373,45.5443],[4.8435,45.5423],[4.8595,45.5391],[4.8673,45.5362],[4.8711,45.5339],[4.8727,45.5314],[4.8718,45.5274],[4.8624,45.527],[4.8595,45.5326],[4.8566,45.5309],[4.8486,45.5287],[4.8446,45.5254],[4.8454,45.5243],[4.842,45.522],[4.8387,45.5213],[4.8289,45.5227],[4.8223,45.5228],[4.8171,45.5221],[4.8104,45.5232],[4.8037,45.5254],[4.7974,45.525],[4.7887,45.5264]]]}},{"type":"Feature","properties":{"code":"69236","nom":"Saint-Romain-en-Gier","pop":600},"geometry":{"type":"Polygon","coordinates":[[[4.6852,45.5547],[4.6854,45.555],[4.6875,45.5583],[4.6937,45.5583],[4.6945,45.5606],[4.6916,45.5636],[4.6925,45.5665],[4.6963,45.5691],[4.6967,45.5708],[4.6936,45.5724],[4.6858,45.572],[4.6871,45.5765],[4.6938,45.5757],[4.7026,45.5724],[4.707,45.5713],[4.7115,45.5727],[4.713,45.5742],[4.7161,45.5742],[4.7182,45.573],[4.7243,45.5751],[4.7255,45.5737],[4.7276,45.5688],[4.7246,45.5682],[4.7179,45.5644],[4.7096,45.5608],[4.7016,45.5587],[4.697,45.5556],[4.6932,45.5549],[4.6925,45.5507],[4.6898,45.5516],[4.6852,45.5547]]]}},{"type":"Feature","properties":{"code":"69238","nom":"Saint-Symphorien-sur-Coise","pop":3785},"geometry":{"type":"Polygon","coordinates":[[[4.4418,45.6231],[4.4316,45.6259],[4.4286,45.6277],[4.4261,45.6276],[4.4225,45.6296],[4.4253,45.6314],[4.432,45.6316],[4.4358,45.631],[4.4364,45.6331],[4.4446,45.6339],[4.453,45.6408],[4.4581,45.6412],[4.4614,45.6421],[4.4662,45.6399],[4.4685,45.6361],[4.4676,45.6281],[4.4647,45.6262],[4.4592,45.6256],[4.4558,45.6263],[4.4497,45.6244],[4.4481,45.6208],[4.4418,45.6231]]]}},{"type":"Feature","properties":{"code":"69239","nom":"Saint-Vérand","pop":1164},"geometry":{"type":"Polygon","coordinates":[[[4.5617,45.9099],[4.5568,45.9083],[4.5557,45.9069],[4.5586,45.9026],[4.557,45.9009],[4.5552,45.9017],[4.5469,45.9011],[4.5445,45.9026],[4.5363,45.9017],[4.5327,45.9025],[4.5311,45.9037],[4.5229,45.9059],[4.517,45.9082],[4.5118,45.9086],[4.5077,45.9098],[4.5052,45.9095],[4.4943,45.9136],[4.4901,45.9164],[4.4894,45.919],[4.491,45.9231],[4.4893,45.9276],[4.4865,45.9294],[4.4859,45.9328],[4.4814,45.9366],[4.4789,45.9402],[4.4829,45.9466],[4.4876,45.9449],[4.4967,45.9435],[4.4987,45.9425],[4.5039,45.9416],[4.5112,45.9394],[4.5128,45.9376],[4.52,45.936],[4.525,45.9366],[4.53,45.9354],[4.5355,45.9335],[4.5379,45.9321],[4.5383,45.9305],[4.5418,45.927],[4.5471,45.9234],[4.5507,45.9216],[4.5518,45.9196],[4.5587,45.92],[4.5588,45.9184],[4.5555,45.9171],[4.5579,45.9138],[4.5627,45.911],[4.5617,45.9099]]]}},{"type":"Feature","properties":{"code":"69240","nom":"Saint-Vincent-de-Reins","pop":635},"geometry":{"type":"Polygon","coordinates":[[[4.425,46.1032],[4.4201,46.1013],[4.4129,46.096],[4.4133,46.0927],[4.41,46.0909],[4.4052,46.0901],[4.4029,46.0862],[4.3979,46.0836],[4.3944,46.0838],[4.3899,46.082],[4.3921,46.0787],[4.3919,46.0752],[4.3942,46.07],[4.3937,46.0675],[4.397,46.0629],[4.3988,46.0621],[4.3985,46.0586],[4.3966,46.0576],[4.3965,46.053],[4.395,46.0493],[4.3952,46.0465],[4.3899,46.0438],[4.3846,46.0439],[4.3781,46.0418],[4.3715,46.0418],[4.3689,46.0403],[4.3685,46.0421],[4.3711,46.046],[4.3703,46.0481],[4.37,46.0531],[4.3712,46.0575],[4.3713,46.0607],[4.3679,46.0679],[4.3691,46.0709],[4.3698,46.0762],[4.3692,46.0794],[4.3707,46.0819],[4.3673,46.0857],[4.3696,46.0862],[4.3712,46.0912],[4.377,46.0922],[4.3823,46.0952],[4.3876,46.0959],[4.3871,46.0994],[4.3893,46.1044],[4.3911,46.1014],[4.3994,46.1006],[4.406,46.1019],[4.4082,46.1018],[4.4178,46.1032],[4.4188,46.1038],[4.425,46.1032]]]}},{"type":"Feature","properties":{"code":"69241","nom":"Taluyers","pop":2686},"geometry":{"type":"Polygon","coordinates":[[[4.7061,45.6438],[4.7088,45.6463],[4.7166,45.648],[4.7205,45.6495],[4.7225,45.6514],[4.728,45.6522],[4.7332,45.6509],[4.7365,45.651],[4.7424,45.6528],[4.7453,45.6501],[4.7485,45.6513],[4.7461,45.6476],[4.7434,45.645],[4.7409,45.6414],[4.7394,45.6371],[4.7343,45.6329],[4.7304,45.6237],[4.7299,45.6207],[4.7293,45.6218],[4.722,45.621],[4.7231,45.6185],[4.7227,45.6158],[4.7187,45.6174],[4.7163,45.6168],[4.7133,45.618],[4.7119,45.6198],[4.7083,45.6253],[4.7059,45.6336],[4.7051,45.641],[4.7061,45.6438]]]}},{"type":"Feature","properties":{"code":"69242","nom":"Taponas","pop":914},"geometry":{"type":"Polygon","coordinates":[[[4.772,46.1179],[4.7714,46.1124],[4.7674,46.107],[4.7631,46.1055],[4.7601,46.1081],[4.7563,46.1101],[4.7525,46.1095],[4.7473,46.1152],[4.7523,46.1246],[4.7504,46.1291],[4.7471,46.131],[4.7445,46.135],[4.7441,46.1401],[4.7508,46.1403],[4.7553,46.142],[4.7635,46.1399],[4.7787,46.1342],[4.7844,46.1325],[4.7876,46.1309],[4.7787,46.1241],[4.772,46.1179]]]}},{"type":"Feature","properties":{"code":"69243","nom":"Tarare","pop":10893},"geometry":{"type":"Polygon","coordinates":[[[4.4645,45.8864],[4.4626,45.8859],[4.458,45.8875],[4.4516,45.8887],[4.4501,45.8835],[4.4395,45.8851],[4.4321,45.8831],[4.4248,45.8852],[4.4176,45.8922],[4.4144,45.8924],[4.4126,45.8913],[4.4042,45.8917],[4.4013,45.893],[4.4001,45.8968],[4.3998,45.9011],[4.4012,45.9038],[4.396,45.9079],[4.3964,45.9092],[4.4039,45.9123],[4.3994,45.914],[4.3965,45.9174],[4.3991,45.928],[4.4004,45.931],[4.4061,45.927],[4.4123,45.9254],[4.4151,45.9225],[4.4186,45.9205],[4.4198,45.9224],[4.4227,45.9225],[4.4254,45.9182],[4.43,45.9144],[4.4319,45.915],[4.4438,45.9095],[4.4511,45.9056],[4.4523,45.9033],[4.4526,45.8988],[4.4518,45.8904],[4.4542,45.89],[4.4645,45.8864]]]}},{"type":"Feature","properties":{"code":"69244","nom":"Tassin-la-Demi-Lune","pop":23200},"geometry":{"type":"Polygon","coordinates":[[[4.7525,45.7503],[4.7435,45.7509],[4.7438,45.7558],[4.741,45.7603],[4.7395,45.7666],[4.7355,45.7713],[4.7285,45.7696],[4.7166,45.7673],[4.7146,45.7679],[4.7124,45.7682],[4.7117,45.774],[4.7168,45.7763],[4.7263,45.777],[4.7323,45.7751],[4.736,45.7727],[4.7389,45.7724],[4.7424,45.7697],[4.7475,45.7689],[4.7491,45.7714],[4.7534,45.7716],[4.758,45.7692],[4.7612,45.7708],[4.765,45.7694],[4.7663,45.7657],[4.7723,45.7642],[4.7855,45.7699],[4.7892,45.7708],[4.7924,45.7735],[4.7905,45.7679],[4.787,45.7656],[4.7867,45.7642],[4.7852,45.7588],[4.7801,45.7546],[4.7731,45.753],[4.7719,45.7508],[4.77,45.7513],[4.7645,45.7505],[4.7584,45.7512],[4.7525,45.7503]]]}},{"type":"Feature","properties":{"code":"69245","nom":"Ternand","pop":762},"geometry":{"type":"Polygon","coordinates":[[[4.484,45.9607],[4.4887,45.959],[4.489,45.9568],[4.4931,45.9532],[4.4967,45.9526],[4.4997,45.9534],[4.504,45.9561],[4.5079,45.9563],[4.5119,45.9543],[4.5172,45.9539],[4.5199,45.9566],[4.5215,45.9561],[4.5252,45.9512],[4.5277,45.9515],[4.5293,45.9497],[4.5348,45.9546],[4.5385,45.956],[4.5442,45.9613],[4.5472,45.9649],[4.5495,45.9695],[4.5516,45.9675],[4.5552,45.9658],[4.5561,45.9621],[4.5551,45.9602],[4.5555,45.956],[4.5543,45.9541],[4.5494,45.9501],[4.55,45.9456],[4.5465,45.9443],[4.5456,45.9415],[4.5433,45.9398],[4.5453,45.9361],[4.5379,45.9321],[4.5355,45.9335],[4.53,45.9354],[4.525,45.9366],[4.52,45.936],[4.5128,45.9376],[4.5112,45.9394],[4.5039,45.9416],[4.4987,45.9425],[4.4967,45.9435],[4.4876,45.9449],[4.4829,45.9466],[4.4804,45.9458],[4.4781,45.9468],[4.4785,45.9524],[4.4801,45.9587],[4.484,45.9607]]]}},{"type":"Feature","properties":{"code":"69246","nom":"Theizé","pop":1278},"geometry":{"type":"Polygon","coordinates":[[[4.6628,45.9495],[4.6634,45.9484],[4.6633,45.9463],[4.6611,45.944],[4.6596,45.9401],[4.6597,45.9346],[4.6589,45.9345],[4.6559,45.9269],[4.6528,45.9262],[4.6507,45.9304],[4.6447,45.9281],[4.6377,45.9274],[4.6326,45.9275],[4.6328,45.9295],[4.6281,45.9287],[4.6272,45.9303],[4.6233,45.9308],[4.6176,45.9306],[4.6169,45.9283],[4.6133,45.9296],[4.6098,45.9295],[4.6042,45.9316],[4.6026,45.935],[4.5994,45.9357],[4.598,45.9331],[4.5924,45.9315],[4.5939,45.9341],[4.5931,45.9389],[4.592,45.9399],[4.5955,45.9418],[4.5934,45.9481],[4.5936,45.9494],[4.5948,45.9499],[4.6026,45.9503],[4.6064,45.9481],[4.6087,45.9487],[4.6094,45.9516],[4.6122,45.9526],[4.6141,45.9555],[4.6175,45.9559],[4.6228,45.9553],[4.6279,45.9557],[4.63,45.957],[4.6331,45.9563],[4.6338,45.9532],[4.6354,45.9526],[4.6351,45.9496],[4.6361,45.9479],[4.6394,45.9457],[4.6442,45.9453],[4.6509,45.9457],[4.6601,45.9499],[4.6628,45.9495]]]}},{"type":"Feature","properties":{"code":"69248","nom":"Thizy-les-Bourgs","pop":5771},"geometry":{"type":"Polygon","coordinates":[[[4.3536,46.0272],[4.3515,46.0268],[4.3452,46.0288],[4.34,46.027],[4.3383,46.0246],[4.339,46.0195],[4.3308,46.015],[4.3229,46.0184],[4.3175,46.0155],[4.3139,46.0096],[4.3107,46.0081],[4.3073,46.0123],[4.3084,46.0186],[4.3059,46.0217],[4.3013,46.0207],[4.2972,46.0214],[4.2882,46.0172],[4.2808,46.0222],[4.2797,46.0215],[4.2769,46.0228],[4.2715,46.0319],[4.2674,46.0358],[4.2622,46.0354],[4.2613,46.0368],[4.2603,46.0408],[4.2584,46.0414],[4.2577,46.044],[4.253,46.0471],[4.2506,46.0503],[4.2535,46.0524],[4.258,46.0545],[4.265,46.0518],[4.2672,46.0517],[4.2775,46.0538],[4.2792,46.0529],[4.2859,46.0538],[4.2897,46.0559],[4.2911,46.0598],[4.2951,46.0613],[4.2974,46.0636],[4.3001,46.0615],[4.3061,46.0618],[4.3082,46.0607],[4.3127,46.0553],[4.3185,46.0562],[4.3197,46.0593],[4.3189,46.0638],[4.3241,46.0661],[4.3242,46.0723],[4.3212,46.0747],[4.3229,46.0772],[4.3251,46.0781],[4.3228,46.0822],[4.3298,46.0842],[4.3327,46.084],[4.3382,46.09],[4.3413,46.092],[4.3509,46.0923],[4.353,46.0928],[4.3634,46.0863],[4.3673,46.0857],[4.3707,46.0819],[4.3692,46.0794],[4.3698,46.0762],[4.3691,46.0709],[4.3679,46.0679],[4.3713,46.0607],[4.3712,46.0575],[4.37,46.0531],[4.3703,46.0481],[4.3711,46.046],[4.3685,46.0421],[4.3689,46.0403],[4.3698,46.0348],[4.3691,46.0319],[4.3599,46.0334],[4.3565,46.0334],[4.3532,46.0288],[4.3536,46.0272]]]}},{"type":"Feature","properties":{"code":"69249","nom":"Thurins","pop":3404},"geometry":{"type":"Polygon","coordinates":[[[4.6747,45.679],[4.6702,45.6783],[4.6654,45.6757],[4.661,45.6719],[4.6542,45.6583],[4.6472,45.6648],[4.6418,45.6666],[4.6375,45.67],[4.6296,45.6706],[4.6284,45.6696],[4.6197,45.671],[4.6174,45.6701],[4.6132,45.6718],[4.6053,45.6708],[4.5995,45.6709],[4.5974,45.672],[4.5954,45.6755],[4.5904,45.677],[4.5903,45.683],[4.5865,45.681],[4.5834,45.6838],[4.5835,45.6865],[4.5797,45.691],[4.5756,45.6949],[4.5783,45.6973],[4.5834,45.699],[4.5859,45.6998],[4.591,45.6984],[4.5958,45.696],[4.6058,45.6957],[4.6088,45.6962],[4.6172,45.6957],[4.6236,45.6974],[4.625,45.699],[4.6249,45.7019],[4.6261,45.7034],[4.6323,45.7015],[4.6363,45.7015],[4.6395,45.7031],[4.6451,45.7029],[4.6507,45.6976],[4.6545,45.6914],[4.6621,45.6824],[4.6689,45.682],[4.6747,45.679]]]}},{"type":"Feature","properties":{"code":"69250","nom":"La Tour-de-Salvagny","pop":4649},"geometry":{"type":"Polygon","coordinates":[[[4.732,45.7876],[4.7315,45.7876],[4.7278,45.7898],[4.7242,45.791],[4.7213,45.7931],[4.7193,45.797],[4.7113,45.7961],[4.7064,45.7943],[4.7035,45.7952],[4.7017,45.7975],[4.7003,45.8031],[4.6927,45.8126],[4.6943,45.819],[4.6946,45.8252],[4.6972,45.8255],[4.7004,45.8278],[4.7015,45.8262],[4.705,45.8253],[4.7062,45.8263],[4.7137,45.8284],[4.7167,45.8283],[4.7209,45.8231],[4.7219,45.8231],[4.7257,45.8189],[4.7278,45.8155],[4.7288,45.8113],[4.7257,45.808],[4.7247,45.8049],[4.7285,45.7984],[4.7322,45.7943],[4.7331,45.7913],[4.732,45.7876]]]}},{"type":"Feature","properties":{"code":"69252","nom":"Trèves","pop":712},"geometry":{"type":"Polygon","coordinates":[[[4.6925,45.5507],[4.6935,45.5478],[4.6923,45.5413],[4.6943,45.5388],[4.6943,45.5364],[4.7035,45.5337],[4.7069,45.5316],[4.7158,45.5294],[4.7172,45.5278],[4.7158,45.525],[4.7118,45.5225],[4.7079,45.5211],[4.7028,45.5168],[4.6999,45.5206],[4.6933,45.5197],[4.6891,45.5223],[4.6874,45.5221],[4.6797,45.5276],[4.6745,45.5292],[4.6715,45.5309],[4.6681,45.5393],[4.6687,45.5412],[4.6664,45.5432],[4.6684,45.5466],[4.6764,45.5488],[4.6753,45.5515],[4.6784,45.5513],[4.6814,45.5497],[4.6833,45.5511],[4.6852,45.5547],[4.6898,45.5516],[4.6925,45.5507]]]}},{"type":"Feature","properties":{"code":"69253","nom":"Tupin-et-Semons","pop":653},"geometry":{"type":"Polygon","coordinates":[[[4.7996,45.4786],[4.7842,45.4732],[4.7802,45.4698],[4.7752,45.4716],[4.7703,45.4765],[4.7668,45.4784],[4.7661,45.4812],[4.7624,45.4829],[4.7619,45.485],[4.7591,45.4881],[4.7563,45.4927],[4.7536,45.4963],[4.7547,45.4991],[4.7578,45.5015],[4.7622,45.502],[4.765,45.5052],[4.7651,45.5087],[4.7636,45.5105],[4.7656,45.5131],[4.7694,45.5161],[4.7738,45.5181],[4.776,45.5184],[4.7758,45.516],[4.778,45.5086],[4.7778,45.5067],[4.773,45.5063],[4.7718,45.5043],[4.7755,45.5042],[4.7802,45.495],[4.784,45.4921],[4.7888,45.4904],[4.7924,45.4867],[4.7941,45.4836],[4.7934,45.4802],[4.8009,45.4803],[4.8016,45.4795],[4.7996,45.4786]]]}},{"type":"Feature","properties":{"code":"69254","nom":"Valsonne","pop":1005},"geometry":{"type":"Polygon","coordinates":[[[4.4328,45.9662],[4.4376,45.964],[4.4448,45.9585],[4.4486,45.9566],[4.4528,45.9532],[4.4545,45.951],[4.4577,45.9489],[4.4618,45.9489],[4.462,45.9465],[4.4649,45.9447],[4.4543,45.9426],[4.4401,45.9357],[4.4367,45.9348],[4.4374,45.9303],[4.4385,45.929],[4.4315,45.927],[4.4241,45.9254],[4.4227,45.9225],[4.4198,45.9224],[4.4186,45.9205],[4.4151,45.9225],[4.4123,45.9254],[4.4061,45.927],[4.4004,45.931],[4.4029,45.9352],[4.3988,45.9392],[4.396,45.9394],[4.3959,45.9412],[4.3936,45.9426],[4.3897,45.9422],[4.3901,45.9443],[4.3881,45.946],[4.39,45.9485],[4.3895,45.9538],[4.3906,45.9573],[4.3936,45.9606],[4.3969,45.9625],[4.3985,45.9653],[4.403,45.9665],[4.4022,45.969],[4.4038,45.9714],[4.4084,45.9721],[4.4102,45.9702],[4.4118,45.9664],[4.4146,45.9635],[4.4192,45.9695],[4.4235,45.9713],[4.423,45.9684],[4.4283,45.9647],[4.4328,45.9662]]]}},{"type":"Feature","properties":{"code":"69255","nom":"Vaugneray","pop":6304},"geometry":{"type":"Polygon","coordinates":[[[4.6416,45.7043],[4.6294,45.7045],[4.6207,45.7068],[4.6124,45.708],[4.61,45.7112],[4.6106,45.7133],[4.6063,45.7141],[4.61,45.7224],[4.6069,45.7248],[4.602,45.7273],[4.6109,45.7346],[4.6155,45.7358],[4.6141,45.7402],[4.6111,45.7432],[4.6117,45.7478],[4.6103,45.7513],[4.6157,45.7529],[4.6179,45.7561],[4.626,45.7559],[4.6341,45.7525],[4.6372,45.7527],[4.6392,45.7504],[4.6432,45.7483],[4.6481,45.7466],[4.6533,45.746],[4.6591,45.7484],[4.6615,45.7473],[4.6673,45.7474],[4.6709,45.7455],[4.6746,45.7447],[4.6779,45.742],[4.688,45.7381],[4.6936,45.737],[4.6983,45.733],[4.693,45.7294],[4.6862,45.7284],[4.682,45.727],[4.6783,45.7247],[4.6742,45.7255],[4.6723,45.7239],[4.6712,45.7212],[4.6706,45.7155],[4.6696,45.7147],[4.6649,45.7148],[4.662,45.7166],[4.6575,45.7124],[4.6475,45.7076],[4.6444,45.7067],[4.6416,45.7043]]]}},{"type":"Feature","properties":{"code":"69256","nom":"Vaulx-en-Velin","pop":53069},"geometry":{"type":"Polygon","coordinates":[[[4.9519,45.8089],[4.9639,45.8109],[4.9701,45.8076],[4.9427,45.7772],[4.9359,45.7699],[4.9369,45.7666],[4.9369,45.7607],[4.9325,45.7442],[4.9199,45.7485],[4.9177,45.7484],[4.9212,45.7558],[4.9211,45.7592],[4.9173,45.7689],[4.9134,45.7681],[4.9079,45.7705],[4.9032,45.7711],[4.9052,45.7762],[4.9079,45.7801],[4.9073,45.7839],[4.9054,45.7854],[4.9009,45.7872],[4.8969,45.7876],[4.8929,45.7865],[4.89,45.7885],[4.8836,45.7896],[4.8836,45.7935],[4.8798,45.7953],[4.8875,45.8008],[4.893,45.8015],[4.8982,45.8008],[4.9012,45.802],[4.9153,45.8033],[4.9185,45.803],[4.9238,45.8041],[4.9299,45.8053],[4.9415,45.8092],[4.9461,45.8096],[4.9519,45.8089]]]}},{"type":"Feature","properties":{"code":"69257","nom":"Vaux-en-Beaujolais","pop":1169},"geometry":{"type":"Polygon","coordinates":[[[4.5365,46.048],[4.5366,46.0532],[4.5354,46.0552],[4.5372,46.0581],[4.5406,46.0666],[4.5457,46.0611],[4.5494,46.0592],[4.561,46.0581],[4.5645,46.0569],[4.5667,46.0579],[4.5718,46.0584],[4.5793,46.0607],[4.5848,46.0617],[4.5863,46.0594],[4.5968,46.0607],[4.603,46.0598],[4.6079,46.0576],[4.6118,46.0571],[4.6146,46.0554],[4.6124,46.0531],[4.6136,46.051],[4.6188,46.0504],[4.6207,46.0471],[4.6249,46.044],[4.6203,46.0435],[4.6181,46.0447],[4.6151,46.0397],[4.6201,46.0376],[4.613,46.0359],[4.6031,46.0368],[4.5978,46.0364],[4.5945,46.0356],[4.5891,46.0353],[4.5879,46.0326],[4.5817,46.0313],[4.5785,46.0296],[4.577,46.0268],[4.5717,46.0275],[4.5697,46.0265],[4.5623,46.0252],[4.5627,46.0279],[4.5601,46.0298],[4.5584,46.0291],[4.5549,46.0314],[4.5514,46.0352],[4.5476,46.0413],[4.5414,46.0429],[4.5386,46.0466],[4.5365,46.048]]]}},{"type":"Feature","properties":{"code":"69258","nom":"Vauxrenard","pop":311},"geometry":{"type":"Polygon","coordinates":[[[4.6301,46.2484],[4.6341,46.2471],[4.6381,46.2443],[4.643,46.2422],[4.6459,46.2386],[4.6532,46.2348],[4.6554,46.232],[4.6591,46.2213],[4.6638,46.2204],[4.6711,46.2172],[4.6745,46.2167],[4.6696,46.2158],[4.6679,46.2132],[4.6675,46.2104],[4.6644,46.2104],[4.6632,46.209],[4.6653,46.207],[4.6665,46.2027],[4.6659,46.1966],[4.66,46.1987],[4.6528,46.1965],[4.6463,46.1929],[4.636,46.1926],[4.6307,46.1928],[4.6267,46.1942],[4.6233,46.1967],[4.6245,46.1988],[4.6123,46.2074],[4.6083,46.2112],[4.6095,46.225],[4.6141,46.2314],[4.6192,46.2319],[4.6226,46.2341],[4.6235,46.2369],[4.6223,46.2389],[4.6228,46.2464],[4.6269,46.2488],[4.6301,46.2484]]]}},{"type":"Feature","properties":{"code":"69259","nom":"Vénissieux","pop":65502},"geometry":{"type":"Polygon","coordinates":[[[4.887,45.7261],[4.8965,45.7222],[4.9056,45.7212],[4.9096,45.7181],[4.9019,45.7112],[4.8948,45.7035],[4.9046,45.6951],[4.9087,45.69],[4.9114,45.6883],[4.8991,45.6854],[4.8932,45.685],[4.8864,45.6716],[4.8794,45.6815],[4.8689,45.6889],[4.8616,45.6884],[4.8615,45.6909],[4.8566,45.7004],[4.8611,45.7006],[4.8657,45.7024],[4.8659,45.7052],[4.8645,45.7133],[4.8579,45.7146],[4.8536,45.716],[4.8497,45.7189],[4.8545,45.719],[4.8537,45.7298],[4.8598,45.7307],[4.8622,45.7271],[4.8809,45.7217],[4.8874,45.721],[4.887,45.7261]]]}},{"type":"Feature","properties":{"code":"69260","nom":"Vernaison","pop":5210},"geometry":{"type":"Polygon","coordinates":[[[4.7962,45.6371],[4.8029,45.6402],[4.8011,45.644],[4.8028,45.645],[4.801,45.6472],[4.7987,45.6478],[4.7998,45.6509],[4.7963,45.6519],[4.7978,45.6579],[4.8026,45.661],[4.8107,45.6635],[4.8095,45.6589],[4.8177,45.6588],[4.8279,45.6539],[4.825,45.6494],[4.8215,45.6474],[4.8166,45.6457],[4.8127,45.6433],[4.8085,45.636],[4.8073,45.6293],[4.8043,45.6301],[4.8059,45.6345],[4.8023,45.6348],[4.7962,45.6371]]]}},{"type":"Feature","properties":{"code":"69261","nom":"Vernay","pop":124},"geometry":{"type":"Polygon","coordinates":[[[4.5075,46.1592],[4.5107,46.1657],[4.5102,46.1687],[4.5109,46.1709],[4.5101,46.173],[4.518,46.1736],[4.5241,46.1746],[4.5305,46.1741],[4.5339,46.1729],[4.5457,46.1714],[4.5484,46.1693],[4.5477,46.1618],[4.543,46.1605],[4.5398,46.1569],[4.5292,46.1536],[4.5261,46.1543],[4.5211,46.1536],[4.5075,46.1592]]]}},{"type":"Feature","properties":{"code":"69263","nom":"Villechenève","pop":922},"geometry":{"type":"Polygon","coordinates":[[[4.3879,45.8028],[4.389,45.8066],[4.3862,45.8095],[4.3862,45.8118],[4.3839,45.812],[4.3801,45.8146],[4.3778,45.8178],[4.3832,45.8182],[4.3837,45.8197],[4.3758,45.8249],[4.3805,45.8254],[4.3835,45.8282],[4.3819,45.8321],[4.3856,45.8352],[4.3882,45.8347],[4.3906,45.8375],[4.3957,45.8338],[4.4039,45.8321],[4.4108,45.8302],[4.4134,45.8305],[4.4161,45.8276],[4.4211,45.8269],[4.4254,45.8277],[4.4276,45.8313],[4.4301,45.832],[4.4343,45.8353],[4.4406,45.8339],[4.4324,45.828],[4.4315,45.8257],[4.4326,45.8237],[4.4315,45.8215],[4.4352,45.8177],[4.4363,45.809],[4.4353,45.8081],[4.4362,45.8049],[4.4387,45.8032],[4.4343,45.8032],[4.433,45.8016],[4.428,45.8029],[4.4262,45.8044],[4.4204,45.8009],[4.4171,45.8024],[4.413,45.803],[4.4093,45.8002],[4.4069,45.7999],[4.4036,45.7972],[4.4,45.7976],[4.3968,45.797],[4.3964,45.7953],[4.3982,45.7933],[4.3975,45.7917],[4.3934,45.7936],[4.3925,45.7963],[4.3895,45.7983],[4.3879,45.8028]]]}},{"type":"Feature","properties":{"code":"69264","nom":"Villefranche-sur-Saône","pop":36172},"geometry":{"type":"Polygon","coordinates":[[[4.7487,46.0028],[4.7494,45.9961],[4.7499,45.9897],[4.7496,45.9844],[4.7537,45.9774],[4.7546,45.9737],[4.7532,45.9686],[4.7503,45.9646],[4.7412,45.9683],[4.7429,45.9726],[4.7452,45.9752],[4.7362,45.9789],[4.7299,45.9791],[4.7246,45.9784],[4.7156,45.9788],[4.7115,45.9785],[4.7095,45.9793],[4.7094,45.9826],[4.6981,45.9802],[4.6984,45.9822],[4.7006,45.9842],[4.7056,45.9863],[4.7095,45.9853],[4.7092,45.9887],[4.7047,45.9911],[4.7059,45.9943],[4.7078,45.9953],[4.706,46.0006],[4.7138,46.0002],[4.716,46.0012],[4.7193,45.9997],[4.7336,45.9993],[4.7383,46.0002],[4.7466,46.0026],[4.7487,46.0028]]]}},{"type":"Feature","properties":{"code":"69265","nom":"Ville-sur-Jarnioux","pop":828},"geometry":{"type":"Polygon","coordinates":[[[4.5774,45.9739],[4.5759,45.9774],[4.5734,45.9792],[4.5696,45.9847],[4.565,45.987],[4.5654,45.9889],[4.5692,45.9886],[4.5746,45.9904],[4.5795,45.9898],[4.582,45.9885],[4.5881,45.9885],[4.5937,45.9854],[4.5969,45.9821],[4.6024,45.9797],[4.6091,45.9779],[4.6179,45.9783],[4.6213,45.9776],[4.6234,45.9755],[4.6208,45.9744],[4.6218,45.9728],[4.6186,45.97],[4.6198,45.9692],[4.6194,45.966],[4.6216,45.9643],[4.6219,45.9613],[4.6183,45.9592],[4.621,45.9582],[4.6228,45.9553],[4.6175,45.9559],[4.6141,45.9555],[4.6122,45.9526],[4.6094,45.9516],[4.6087,45.9487],[4.6064,45.9481],[4.6026,45.9503],[4.5948,45.9499],[4.5936,45.9494],[4.5932,45.952],[4.5955,45.9538],[4.5923,45.9585],[4.5896,45.9615],[4.5887,45.9663],[4.5875,45.9682],[4.5839,45.9685],[4.5836,45.9706],[4.5793,45.9712],[4.5774,45.9739]]]}},{"type":"Feature","properties":{"code":"69266","nom":"Villeurbanne","pop":163684},"geometry":{"type":"Polygon","coordinates":[[[4.87,45.7637],[4.868,45.7664],[4.8637,45.7688],[4.8611,45.7719],[4.8584,45.7724],[4.8599,45.7869],[4.8665,45.7876],[4.8767,45.7941],[4.8798,45.7953],[4.8836,45.7935],[4.8836,45.7896],[4.89,45.7885],[4.8929,45.7865],[4.8969,45.7876],[4.9009,45.7872],[4.9054,45.7854],[4.9073,45.7839],[4.9079,45.7801],[4.9052,45.7762],[4.9032,45.7711],[4.9079,45.7705],[4.9134,45.7681],[4.9173,45.7689],[4.9211,45.7592],[4.9212,45.7558],[4.9177,45.7484],[4.9108,45.7504],[4.8984,45.7529],[4.8943,45.7539],[4.8845,45.7542],[4.876,45.7553],[4.8766,45.7582],[4.8738,45.7588],[4.8745,45.7605],[4.8718,45.7612],[4.87,45.7637]]]}},{"type":"Feature","properties":{"code":"69267","nom":"Villié-Morgon","pop":2148},"geometry":{"type":"Polygon","coordinates":[[[4.6757,46.135],[4.6719,46.1378],[4.6693,46.1411],[4.6574,46.1475],[4.6492,46.1527],[4.6479,46.1579],[4.6482,46.1607],[4.6468,46.1638],[4.6413,46.1672],[4.6382,46.1712],[4.6325,46.1753],[4.6283,46.1792],[4.6192,46.1854],[4.6223,46.1889],[4.6261,46.1891],[4.6295,46.1877],[4.6331,46.1895],[4.634,46.1869],[4.6374,46.1831],[4.6402,46.1817],[4.6416,46.1796],[4.6488,46.1769],[4.6521,46.1751],[4.662,46.1757],[4.6694,46.1738],[4.6792,46.1719],[4.6805,46.1773],[4.6884,46.1743],[4.696,46.174],[4.6983,46.1696],[4.704,46.1677],[4.705,46.1654],[4.7034,46.1602],[4.6998,46.1509],[4.7017,46.1485],[4.703,46.1446],[4.7032,46.1412],[4.7002,46.1385],[4.7001,46.1373],[4.6971,46.1347],[4.6908,46.1333],[4.6836,46.1327],[4.6757,46.135]]]}},{"type":"Feature","properties":{"code":"69268","nom":"Vourles","pop":3332},"geometry":{"type":"Polygon","coordinates":[[[4.7683,45.6502],[4.7664,45.6507],[4.7587,45.6442],[4.7577,45.6407],[4.7517,45.6411],[4.7495,45.6481],[4.7509,45.6493],[4.7485,45.6513],[4.7505,45.6543],[4.7514,45.6589],[4.7593,45.6603],[4.7587,45.6615],[4.7616,45.6654],[4.7666,45.665],[4.7647,45.6684],[4.7703,45.67],[4.7711,45.6685],[4.7779,45.6704],[4.7812,45.6727],[4.7857,45.6733],[4.7877,45.6696],[4.7848,45.6688],[4.7837,45.667],[4.7866,45.6648],[4.789,45.6653],[4.7897,45.6621],[4.785,45.6607],[4.7863,45.6586],[4.7821,45.6574],[4.7839,45.6554],[4.7795,45.6549],[4.779,45.6524],[4.7722,45.6506],[4.7683,45.6502]]]}},{"type":"Feature","properties":{"code":"69269","nom":"Yzeron","pop":995},"geometry":{"type":"Polygon","coordinates":[[[4.5636,45.702],[4.5652,45.7072],[4.5675,45.7081],[4.5751,45.7145],[4.5683,45.7163],[4.5663,45.7191],[4.5683,45.7209],[4.5735,45.7204],[4.5806,45.7231],[4.5875,45.7246],[4.5933,45.7228],[4.5998,45.7251],[4.602,45.7273],[4.6069,45.7248],[4.61,45.7224],[4.6063,45.7141],[4.6106,45.7133],[4.61,45.7112],[4.6124,45.708],[4.6207,45.7068],[4.6294,45.7045],[4.6416,45.7043],[4.6451,45.7029],[4.6395,45.7031],[4.6363,45.7015],[4.6323,45.7015],[4.6261,45.7034],[4.6249,45.7019],[4.625,45.699],[4.6236,45.6974],[4.6172,45.6957],[4.6088,45.6962],[4.6058,45.6957],[4.5958,45.696],[4.591,45.6984],[4.5859,45.6998],[4.5834,45.699],[4.5761,45.6999],[4.5709,45.7014],[4.5655,45.7013],[4.5636,45.702]]]}},{"type":"Feature","properties":{"code":"69270","nom":"Chaponnay","pop":4548},"geometry":{"type":"Polygon","coordinates":[[[4.9888,45.6185],[4.9925,45.6151],[4.9982,45.6153],[5.0015,45.6142],[4.9981,45.6034],[4.9709,45.6132],[4.963,45.6107],[4.9502,45.6089],[4.9362,45.6087],[4.9326,45.6074],[4.9259,45.6056],[4.9285,45.6065],[4.9325,45.6121],[4.9319,45.6166],[4.9325,45.6184],[4.9288,45.6193],[4.9282,45.6236],[4.9249,45.63],[4.9183,45.6345],[4.9152,45.6423],[4.9171,45.6482],[4.9186,45.6595],[4.9352,45.6528],[4.9463,45.6481],[4.9526,45.6456],[4.9591,45.6419],[4.9596,45.6403],[4.9666,45.636],[4.973,45.6316],[4.9774,45.6268],[4.9793,45.622],[4.9864,45.6198],[4.9888,45.6185]]]}},{"type":"Feature","properties":{"code":"69271","nom":"Chassieu","pop":11208},"geometry":{"type":"Polygon","coordinates":[[[4.985,45.7539],[4.9879,45.7534],[4.9893,45.7517],[4.9924,45.7506],[4.9951,45.748],[4.9949,45.7466],[4.9936,45.7444],[4.9903,45.7449],[4.9788,45.7336],[4.9777,45.7297],[4.9735,45.7208],[4.9674,45.7202],[4.9669,45.7193],[4.9476,45.7255],[4.9365,45.726],[4.9354,45.7351],[4.9325,45.7442],[4.9692,45.753],[4.985,45.7539]]]}},{"type":"Feature","properties":{"code":"69272","nom":"Communay","pop":4540},"geometry":{"type":"Polygon","coordinates":[[[4.8423,45.6189],[4.8474,45.6182],[4.8533,45.6126],[4.8537,45.6024],[4.853,45.6001],[4.8541,45.5941],[4.8596,45.591],[4.8613,45.5891],[4.8613,45.5863],[4.8579,45.5803],[4.8578,45.5765],[4.8528,45.5789],[4.849,45.5798],[4.8434,45.5822],[4.838,45.5832],[4.8309,45.5876],[4.8253,45.5874],[4.8159,45.5885],[4.8129,45.5873],[4.8104,45.5898],[4.812,45.591],[4.8135,45.5957],[4.8189,45.6002],[4.8208,45.6026],[4.8217,45.6085],[4.825,45.6107],[4.8284,45.6151],[4.8423,45.6189]]]}},{"type":"Feature","properties":{"code":"69273","nom":"Corbas","pop":11315},"geometry":{"type":"Polygon","coordinates":[[[4.9114,45.6883],[4.9152,45.6891],[4.9246,45.6823],[4.9292,45.6844],[4.9339,45.6837],[4.9321,45.6723],[4.9341,45.6703],[4.9275,45.6686],[4.9186,45.6595],[4.9171,45.6482],[4.8923,45.6418],[4.8948,45.6521],[4.897,45.6601],[4.888,45.6645],[4.8864,45.6716],[4.8932,45.685],[4.8991,45.6854],[4.9114,45.6883]]]}},{"type":"Feature","properties":{"code":"69275","nom":"Décines-Charpieu","pop":29877},"geometry":{"type":"Polygon","coordinates":[[[4.9701,45.8076],[4.9749,45.8075],[4.98,45.8056],[4.9753,45.7865],[4.985,45.7794],[4.9854,45.7702],[4.985,45.7539],[4.9692,45.753],[4.9325,45.7442],[4.9369,45.7607],[4.9369,45.7666],[4.9359,45.7699],[4.9427,45.7772],[4.9701,45.8076]]]}},{"type":"Feature","properties":{"code":"69276","nom":"Feyzin","pop":10304},"geometry":{"type":"Polygon","coordinates":[[[4.8574,45.6623],[4.8536,45.66],[4.8513,45.6613],[4.8481,45.6583],[4.8439,45.6591],[4.8403,45.662],[4.8298,45.6604],[4.8311,45.6683],[4.8332,45.6725],[4.8341,45.676],[4.8339,45.6804],[4.8372,45.6865],[4.8399,45.6846],[4.8441,45.685],[4.8452,45.6806],[4.8478,45.6808],[4.8526,45.6836],[4.8518,45.6877],[4.8616,45.6884],[4.8689,45.6889],[4.8794,45.6815],[4.8864,45.6716],[4.888,45.6645],[4.8838,45.6625],[4.8736,45.6639],[4.8576,45.6633],[4.8574,45.6623]]]}},{"type":"Feature","properties":{"code":"69277","nom":"Genas","pop":13421},"geometry":{"type":"Polygon","coordinates":[[[5.0567,45.7322],[5.0571,45.7265],[5.061,45.7218],[5.06,45.7191],[5.0531,45.72],[5.0461,45.7217],[5.0368,45.7249],[5.0323,45.719],[5.0323,45.7158],[5.0238,45.7176],[5.024,45.7157],[5.0281,45.7098],[5.0294,45.7065],[5.0252,45.7055],[5.0139,45.7047],[5.006,45.7061],[5,45.7082],[4.9823,45.7147],[4.9769,45.7121],[4.9735,45.7208],[4.9777,45.7297],[4.9788,45.7336],[4.9903,45.7449],[4.9936,45.7444],[4.9949,45.7466],[5.019,45.7523],[5.0229,45.7519],[5.0355,45.7519],[5.0397,45.7513],[5.0476,45.7511],[5.0518,45.7461],[5.0549,45.7409],[5.0553,45.737],[5.0567,45.7322]]]}},{"type":"Feature","properties":{"code":"69278","nom":"Genay","pop":5585},"geometry":{"type":"Polygon","coordinates":[[[4.8718,45.8935],[4.8681,45.8931],[4.8661,45.8911],[4.8659,45.8963],[4.8603,45.8986],[4.8569,45.8972],[4.8494,45.8922],[4.8491,45.891],[4.8423,45.8886],[4.8359,45.8889],[4.8307,45.8871],[4.8278,45.8895],[4.8145,45.8845],[4.8103,45.8878],[4.8071,45.8923],[4.8052,45.8963],[4.8097,45.8976],[4.8138,45.9005],[4.8183,45.9024],[4.821,45.9028],[4.8237,45.9047],[4.8301,45.9062],[4.8362,45.9098],[4.8444,45.9115],[4.8484,45.9132],[4.8498,45.9129],[4.8529,45.9086],[4.8529,45.9068],[4.8572,45.9068],[4.8679,45.9037],[4.8713,45.9031],[4.8727,45.8992],[4.8718,45.8935]]]}},{"type":"Feature","properties":{"code":"69279","nom":"Jonage","pop":6144},"geometry":{"type":"Polygon","coordinates":[[[5.0165,45.8059],[5.0197,45.8065],[5.0218,45.8085],[5.0284,45.8097],[5.0348,45.8079],[5.0381,45.8086],[5.041,45.8105],[5.0454,45.8118],[5.0493,45.8121],[5.0555,45.8114],[5.0584,45.8103],[5.0603,45.7993],[5.0586,45.793],[5.0598,45.7863],[5.0592,45.7821],[5.0572,45.782],[5.0575,45.7767],[5.0547,45.7767],[5.0524,45.773],[5.0523,45.7655],[5.0437,45.7653],[5.0361,45.7676],[5.0312,45.7695],[5.029,45.7737],[5.0319,45.7905],[5.0298,45.793],[5.0281,45.7912],[5.0133,45.8],[5.0165,45.8059]]]}},{"type":"Feature","properties":{"code":"69280","nom":"Jons","pop":1647},"geometry":{"type":"Polygon","coordinates":[[[5.0924,45.8121],[5.1015,45.8136],[5.0983,45.8063],[5.0961,45.8035],[5.0966,45.7992],[5.0892,45.7845],[5.0833,45.7864],[5.0755,45.788],[5.069,45.7899],[5.0591,45.792],[5.0603,45.7885],[5.0597,45.7821],[5.0592,45.7821],[5.0598,45.7863],[5.0586,45.793],[5.0603,45.7993],[5.0584,45.8103],[5.0643,45.8095],[5.0861,45.8124],[5.0893,45.8116],[5.0924,45.8121]]]}},{"type":"Feature","properties":{"code":"69281","nom":"Marennes","pop":1992},"geometry":{"type":"Polygon","coordinates":[[[4.9259,45.6056],[4.9198,45.607],[4.9115,45.6071],[4.9009,45.6062],[4.8965,45.6032],[4.8909,45.6015],[4.888,45.6062],[4.8873,45.6097],[4.8878,45.6121],[4.8867,45.6157],[4.8888,45.6314],[4.8894,45.6352],[4.8912,45.6374],[4.8923,45.6418],[4.9171,45.6482],[4.9152,45.6423],[4.9183,45.6345],[4.9249,45.63],[4.9282,45.6236],[4.9288,45.6193],[4.9325,45.6184],[4.9319,45.6166],[4.9325,45.6121],[4.9285,45.6065],[4.9259,45.6056]]]}},{"type":"Feature","properties":{"code":"69282","nom":"Meyzieu","pop":36687},"geometry":{"type":"Polygon","coordinates":[[[4.9813,45.8055],[4.9939,45.8082],[5.0006,45.8103],[5.0024,45.8102],[5.0061,45.8072],[5.0107,45.8054],[5.0165,45.8059],[5.0133,45.8],[5.0281,45.7912],[5.0298,45.793],[5.0319,45.7905],[5.029,45.7737],[5.0312,45.7695],[5.0361,45.7676],[5.0365,45.7623],[5.041,45.7567],[5.0476,45.7511],[5.0397,45.7513],[5.0355,45.7519],[5.0229,45.7519],[5.019,45.7523],[4.9949,45.7466],[4.9951,45.748],[4.9924,45.7506],[4.9893,45.7517],[4.9879,45.7534],[4.985,45.7539],[4.9854,45.7702],[4.985,45.7794],[4.9753,45.7865],[4.98,45.8056],[4.9813,45.8055]]]}},{"type":"Feature","properties":{"code":"69283","nom":"Mions","pop":13843},"geometry":{"type":"Polygon","coordinates":[[[4.9634,45.6513],[4.9609,45.6503],[4.9591,45.6419],[4.9526,45.6456],[4.9463,45.6481],[4.9352,45.6528],[4.9186,45.6595],[4.9275,45.6686],[4.9341,45.6703],[4.9321,45.6723],[4.9339,45.6837],[4.9474,45.6822],[4.9517,45.683],[4.9582,45.6813],[4.9691,45.6768],[4.9744,45.6754],[4.9747,45.6687],[4.9688,45.6681],[4.9708,45.6641],[4.9692,45.6614],[4.9692,45.6553],[4.9662,45.6549],[4.9634,45.6513]]]}},{"type":"Feature","properties":{"code":"69284","nom":"Montanay","pop":3308},"geometry":{"type":"Polygon","coordinates":[[[4.8661,45.8911],[4.8681,45.8931],[4.8718,45.8935],[4.8758,45.8965],[4.8807,45.8975],[4.8834,45.8829],[4.8843,45.8801],[4.8843,45.8744],[4.8819,45.8738],[4.8816,45.8709],[4.8768,45.8662],[4.8765,45.8612],[4.8728,45.8622],[4.8652,45.8634],[4.8595,45.8628],[4.8555,45.8652],[4.8505,45.8664],[4.8477,45.8689],[4.847,45.8717],[4.8488,45.8745],[4.8484,45.8766],[4.8493,45.8801],[4.853,45.8822],[4.8553,45.8849],[4.8664,45.885],[4.8661,45.8911]]]}},{"type":"Feature","properties":{"code":"69285","nom":"Pusignan","pop":4119},"geometry":{"type":"Polygon","coordinates":[[[5.0939,45.7662],[5.0912,45.7624],[5.0914,45.7603],[5.0891,45.7495],[5.092,45.7484],[5.0915,45.7462],[5.0927,45.744],[5.0953,45.7435],[5.0943,45.7393],[5.0882,45.7397],[5.0777,45.7363],[5.0664,45.7335],[5.0567,45.7322],[5.0553,45.737],[5.0549,45.7409],[5.0518,45.7461],[5.0476,45.7511],[5.041,45.7567],[5.0365,45.7623],[5.0361,45.7676],[5.0437,45.7653],[5.0523,45.7655],[5.0524,45.773],[5.0547,45.7767],[5.0575,45.7767],[5.0572,45.782],[5.0592,45.7821],[5.0597,45.7821],[5.0652,45.7722],[5.0658,45.7685],[5.0675,45.7653],[5.0758,45.7661],[5.0846,45.7654],[5.0952,45.7691],[5.0939,45.7662]]]}},{"type":"Feature","properties":{"code":"69286","nom":"Rillieux-la-Pape","pop":31389},"geometry":{"type":"Polygon","coordinates":[[[4.901,45.8577],[4.9008,45.8558],[4.9092,45.8533],[4.9133,45.8482],[4.9139,45.8459],[4.917,45.8452],[4.9183,45.8395],[4.9186,45.8338],[4.9209,45.8329],[4.9215,45.8306],[4.9192,45.8296],[4.9201,45.8213],[4.9224,45.8193],[4.9193,45.8169],[4.9202,45.8144],[4.9182,45.8116],[4.9184,45.807],[4.9221,45.8063],[4.9238,45.8041],[4.9185,45.803],[4.9153,45.8033],[4.9012,45.802],[4.8982,45.8008],[4.893,45.8015],[4.8875,45.8008],[4.8798,45.7953],[4.8774,45.797],[4.8748,45.8028],[4.8748,45.8053],[4.8727,45.806],[4.8715,45.8089],[4.8688,45.8117],[4.8691,45.8136],[4.8665,45.8146],[4.8667,45.815],[4.8676,45.8149],[4.8771,45.821],[4.8801,45.8222],[4.8795,45.8262],[4.8874,45.8287],[4.8909,45.8339],[4.8938,45.8361],[4.8972,45.8357],[4.9044,45.836],[4.9081,45.8354],[4.9078,45.8412],[4.9055,45.8451],[4.902,45.848],[4.8977,45.8504],[4.901,45.8577]]]}},{"type":"Feature","properties":{"code":"69287","nom":"Saint-Bonnet-de-Mure","pop":6984},"geometry":{"type":"Polygon","coordinates":[[[5.06,45.7191],[5.0599,45.7139],[5.0572,45.7103],[5.0603,45.708],[5.0579,45.7073],[5.0479,45.7015],[5.0454,45.7005],[5.0384,45.6953],[5.0339,45.6891],[5.0348,45.6848],[5.0324,45.6816],[5.0291,45.6792],[5.0262,45.6783],[5.0202,45.6751],[5.0172,45.6728],[5.011,45.6702],[4.9933,45.6729],[4.9911,45.6778],[4.9909,45.6852],[4.9879,45.6889],[4.9942,45.6934],[5,45.7082],[5.006,45.7061],[5.0139,45.7047],[5.0252,45.7055],[5.0294,45.7065],[5.0281,45.7098],[5.024,45.7157],[5.0238,45.7176],[5.0323,45.7158],[5.0323,45.719],[5.0368,45.7249],[5.0461,45.7217],[5.0531,45.72],[5.06,45.7191]]]}},{"type":"Feature","properties":{"code":"69288","nom":"Saint-Laurent-de-Mure","pop":5791},"geometry":{"type":"Polygon","coordinates":[[[5.1039,45.6985],[5.1064,45.6907],[5.1082,45.6885],[5.1035,45.6857],[5.0942,45.683],[5.0896,45.6793],[5.089,45.6774],[5.0842,45.6759],[5.0821,45.6778],[5.0773,45.6748],[5.0752,45.6724],[5.0729,45.6731],[5.069,45.6689],[5.063,45.6666],[5.0603,45.6662],[5.0546,45.6604],[5.0539,45.6605],[5.051,45.661],[5.041,45.6646],[5.0399,45.6633],[5.0281,45.6685],[5.0218,45.6697],[5.011,45.6702],[5.0172,45.6728],[5.0202,45.6751],[5.0262,45.6783],[5.0291,45.6792],[5.0324,45.6816],[5.0348,45.6848],[5.0339,45.6891],[5.0384,45.6953],[5.0454,45.7005],[5.0479,45.7015],[5.0579,45.7073],[5.0603,45.708],[5.0675,45.7026],[5.0717,45.6988],[5.0769,45.6977],[5.0804,45.695],[5.0816,45.6961],[5.0923,45.6954],[5.0959,45.6983],[5.0999,45.6991],[5.1039,45.6985]]]}},{"type":"Feature","properties":{"code":"69289","nom":"Saint-Pierre-de-Chandieu","pop":4616},"geometry":{"type":"Polygon","coordinates":[[[5.0436,45.6213],[5.0385,45.6176],[5.037,45.613],[5.0352,45.6131],[5.029,45.6172],[5.0237,45.6175],[5.0155,45.6194],[5.0097,45.6212],[5.0085,45.6203],[5.0046,45.6232],[4.9888,45.6185],[4.9864,45.6198],[4.9793,45.622],[4.9774,45.6268],[4.973,45.6316],[4.9666,45.636],[4.9596,45.6403],[4.9591,45.6419],[4.9609,45.6503],[4.9634,45.6513],[4.9695,45.652],[4.9663,45.6488],[4.975,45.6463],[4.9855,45.6476],[4.9938,45.6493],[4.9992,45.6493],[5.0004,45.6533],[4.9982,45.6553],[4.9942,45.6618],[4.9941,45.6648],[4.9892,45.6674],[4.985,45.6707],[4.9747,45.6687],[4.9744,45.6754],[4.9691,45.6768],[4.9746,45.6812],[4.9804,45.681],[4.9911,45.6778],[4.9933,45.6729],[5.011,45.6702],[5.0218,45.6697],[5.0281,45.6685],[5.0399,45.6633],[5.041,45.6646],[5.051,45.661],[5.0539,45.6605],[5.0543,45.6591],[5.0582,45.6535],[5.0549,45.6523],[5.0468,45.6479],[5.0403,45.6474],[5.0381,45.6449],[5.0399,45.6441],[5.0352,45.6376],[5.0386,45.6321],[5.0349,45.6289],[5.0389,45.627],[5.0399,45.6248],[5.0424,45.6241],[5.0436,45.6213]]]}},{"type":"Feature","properties":{"code":"69290","nom":"Saint-Priest","pop":49229},"geometry":{"type":"Polygon","coordinates":[[[4.9339,45.6837],[4.9292,45.6844],[4.9246,45.6823],[4.9152,45.6891],[4.9114,45.6883],[4.9087,45.69],[4.9046,45.6951],[4.8948,45.7035],[4.9019,45.7112],[4.9096,45.7181],[4.9149,45.7191],[4.9285,45.7231],[4.9365,45.726],[4.9476,45.7255],[4.9669,45.7193],[4.9674,45.7202],[4.9735,45.7208],[4.9769,45.7121],[4.9823,45.7147],[5,45.7082],[4.9942,45.6934],[4.9879,45.6889],[4.9909,45.6852],[4.9911,45.6778],[4.9804,45.681],[4.9746,45.6812],[4.9691,45.6768],[4.9582,45.6813],[4.9517,45.683],[4.9474,45.6822],[4.9339,45.6837]]]}},{"type":"Feature","properties":{"code":"69291","nom":"Saint-Symphorien-d'Ozon","pop":6186},"geometry":{"type":"Polygon","coordinates":[[[4.8533,45.6126],[4.8474,45.6182],[4.8423,45.6189],[4.8403,45.6199],[4.8391,45.6226],[4.8412,45.6251],[4.8397,45.6297],[4.8362,45.6296],[4.8365,45.6316],[4.8388,45.6302],[4.8409,45.6322],[4.8447,45.6321],[4.849,45.6341],[4.8531,45.6351],[4.8516,45.6387],[4.8563,45.639],[4.8564,45.6516],[4.8574,45.6623],[4.8576,45.6633],[4.8736,45.6639],[4.8838,45.6625],[4.888,45.6645],[4.897,45.6601],[4.8948,45.6521],[4.8923,45.6418],[4.8912,45.6374],[4.8894,45.6352],[4.8888,45.6314],[4.8817,45.6314],[4.8785,45.6303],[4.8734,45.6305],[4.8723,45.6297],[4.8678,45.6299],[4.8649,45.6287],[4.8634,45.6238],[4.8616,45.6238],[4.8579,45.6213],[4.855,45.6205],[4.8546,45.6158],[4.8533,45.6126]]]}},{"type":"Feature","properties":{"code":"69292","nom":"Sathonay-Camp","pop":7019},"geometry":{"type":"Polygon","coordinates":[[[4.8653,45.8318],[4.8738,45.8298],[4.8764,45.83],[4.8793,45.8287],[4.8832,45.8287],[4.8847,45.8318],[4.8845,45.8346],[4.8938,45.8361],[4.8909,45.8339],[4.8874,45.8287],[4.8795,45.8262],[4.8801,45.8222],[4.8771,45.821],[4.8676,45.8149],[4.8667,45.815],[4.8653,45.819],[4.8658,45.8232],[4.8646,45.8291],[4.8653,45.8318]]]}},{"type":"Feature","properties":{"code":"69293","nom":"Sathonay-Village","pop":2412},"geometry":{"type":"Polygon","coordinates":[[[4.8653,45.8318],[4.864,45.8331],[4.8661,45.8351],[4.8669,45.8383],[4.8732,45.8432],[4.8749,45.8452],[4.8755,45.8482],[4.8788,45.8503],[4.8848,45.8488],[4.8895,45.8497],[4.8933,45.8511],[4.8977,45.8504],[4.902,45.848],[4.9055,45.8451],[4.9078,45.8412],[4.9081,45.8354],[4.9044,45.836],[4.8972,45.8357],[4.8938,45.8361],[4.8845,45.8346],[4.8847,45.8318],[4.8832,45.8287],[4.8793,45.8287],[4.8764,45.83],[4.8738,45.8298],[4.8653,45.8318]]]}},{"type":"Feature","properties":{"code":"69294","nom":"Sérézin-du-Rhône","pop":3133},"geometry":{"type":"Polygon","coordinates":[[[4.8423,45.6189],[4.8284,45.6151],[4.8262,45.6175],[4.8213,45.6204],[4.8193,45.6251],[4.8172,45.6268],[4.8073,45.6293],[4.8085,45.636],[4.8126,45.6381],[4.8171,45.6396],[4.8203,45.642],[4.8239,45.6381],[4.822,45.6334],[4.8276,45.6318],[4.8306,45.6322],[4.8365,45.6316],[4.8362,45.6296],[4.8397,45.6297],[4.8412,45.6251],[4.8391,45.6226],[4.8403,45.6199],[4.8423,45.6189]]]}},{"type":"Feature","properties":{"code":"69295","nom":"Simandres","pop":1918},"geometry":{"type":"Polygon","coordinates":[[[4.8909,45.6015],[4.888,45.6015],[4.8823,45.6019],[4.8811,45.5987],[4.8738,45.5955],[4.8689,45.5957],[4.8662,45.5951],[4.8622,45.592],[4.8596,45.591],[4.8541,45.5941],[4.853,45.6001],[4.8537,45.6024],[4.8533,45.6126],[4.8546,45.6158],[4.855,45.6205],[4.8579,45.6213],[4.8616,45.6238],[4.8634,45.6238],[4.8649,45.6287],[4.8678,45.6299],[4.8723,45.6297],[4.8734,45.6305],[4.8785,45.6303],[4.8817,45.6314],[4.8888,45.6314],[4.8867,45.6157],[4.8878,45.6121],[4.8873,45.6097],[4.888,45.6062],[4.8909,45.6015]]]}},{"type":"Feature","properties":{"code":"69296","nom":"Solaize","pop":3144},"geometry":{"type":"Polygon","coordinates":[[[4.8279,45.6539],[4.8298,45.6604],[4.8403,45.662],[4.8439,45.6591],[4.8481,45.6583],[4.8513,45.6613],[4.8536,45.66],[4.8574,45.6623],[4.8564,45.6516],[4.8563,45.639],[4.8516,45.6387],[4.8531,45.6351],[4.849,45.6341],[4.8447,45.6321],[4.8409,45.6322],[4.8388,45.6302],[4.8365,45.6316],[4.8306,45.6322],[4.8276,45.6318],[4.822,45.6334],[4.8239,45.6381],[4.8203,45.642],[4.8171,45.6396],[4.8126,45.6381],[4.8085,45.636],[4.8127,45.6433],[4.8166,45.6457],[4.8215,45.6474],[4.825,45.6494],[4.8279,45.6539]]]}},{"type":"Feature","properties":{"code":"69297","nom":"Ternay","pop":5596},"geometry":{"type":"Polygon","coordinates":[[[4.8104,45.5898],[4.8062,45.5891],[4.804,45.5879],[4.7927,45.5873],[4.7769,45.5875],[4.7789,45.5906],[4.7854,45.5933],[4.7892,45.5961],[4.7947,45.6026],[4.801,45.6081],[4.8015,45.6119],[4.8029,45.6159],[4.806,45.6195],[4.8072,45.6221],[4.8073,45.6293],[4.8172,45.6268],[4.8193,45.6251],[4.8213,45.6204],[4.8262,45.6175],[4.8284,45.6151],[4.825,45.6107],[4.8217,45.6085],[4.8208,45.6026],[4.8189,45.6002],[4.8135,45.5957],[4.812,45.591],[4.8104,45.5898]]]}},{"type":"Feature","properties":{"code":"69298","nom":"Toussieu","pop":3177},"geometry":{"type":"Polygon","coordinates":[[[4.9747,45.6687],[4.985,45.6707],[4.9892,45.6674],[4.9941,45.6648],[4.9942,45.6618],[4.9982,45.6553],[5.0004,45.6533],[4.9992,45.6493],[4.9938,45.6493],[4.9855,45.6476],[4.975,45.6463],[4.9663,45.6488],[4.9695,45.652],[4.9634,45.6513],[4.9662,45.6549],[4.9692,45.6553],[4.9692,45.6614],[4.9708,45.6641],[4.9688,45.6681],[4.9747,45.6687]]]}},{"type":"Feature","properties":{"code":"69299","nom":"Colombier-Saugnieu","pop":2874},"geometry":{"type":"Polygon","coordinates":[[[5.1551,45.7018],[5.154,45.6998],[5.1545,45.7024],[5.1502,45.706],[5.1496,45.7034],[5.1466,45.7038],[5.1463,45.7008],[5.1431,45.7],[5.1398,45.7026],[5.1378,45.7029],[5.1369,45.7053],[5.1347,45.7066],[5.1324,45.7056],[5.1311,45.7078],[5.1239,45.7025],[5.1191,45.6997],[5.1143,45.7024],[5.1106,45.6986],[5.1072,45.7005],[5.1048,45.7006],[5.1039,45.6985],[5.0999,45.6991],[5.0959,45.6983],[5.0923,45.6954],[5.0816,45.6961],[5.0804,45.695],[5.0769,45.6977],[5.0717,45.6988],[5.0675,45.7026],[5.0603,45.708],[5.0572,45.7103],[5.0599,45.7139],[5.06,45.7191],[5.061,45.7218],[5.0571,45.7265],[5.0567,45.7322],[5.0664,45.7335],[5.0777,45.7363],[5.0882,45.7397],[5.0943,45.7393],[5.1077,45.7393],[5.1078,45.7383],[5.1179,45.7377],[5.1255,45.7383],[5.1337,45.7337],[5.1392,45.7312],[5.1376,45.7278],[5.1403,45.7232],[5.1428,45.724],[5.1438,45.7202],[5.1554,45.7175],[5.1593,45.7154],[5.1588,45.7126],[5.16,45.7085],[5.1562,45.7047],[5.1551,45.7018]]]}},{"type":"Feature","properties":{"code":"69381","nom":"Lyon 1er Arrondissement","pop":28717},"geometry":{"type":"Polygon","coordinates":[[[4.8398,45.7663],[4.8369,45.7653],[4.8305,45.7647],[4.8279,45.7675],[4.8235,45.7679],[4.8197,45.7672],[4.8175,45.767],[4.8137,45.7686],[4.8129,45.7713],[4.8163,45.7715],[4.8236,45.7737],[4.8359,45.7748],[4.8399,45.7733],[4.8398,45.7663]]]}},{"type":"Feature","properties":{"code":"69382","nom":"Lyon 2e Arrondissement","pop":29981},"geometry":{"type":"Polygon","coordinates":[[[4.8305,45.7647],[4.8369,45.7653],[4.8398,45.7663],[4.8399,45.7636],[4.8386,45.7567],[4.8355,45.7525],[4.8214,45.7354],[4.8187,45.7266],[4.817,45.7305],[4.8143,45.733],[4.813,45.7399],[4.8142,45.7447],[4.8182,45.749],[4.8228,45.7518],[4.8258,45.7566],[4.8302,45.7617],[4.8305,45.7647]]]}},{"type":"Feature","properties":{"code":"69383","nom":"Lyon 3e Arrondissement","pop":100679},"geometry":{"type":"Polygon","coordinates":[[[4.8984,45.7529],[4.8966,45.7472],[4.8919,45.7391],[4.8834,45.7419],[4.8784,45.7431],[4.8599,45.7496],[4.8386,45.7567],[4.8399,45.7636],[4.87,45.7637],[4.8718,45.7612],[4.8745,45.7605],[4.8738,45.7588],[4.8766,45.7582],[4.876,45.7553],[4.8845,45.7542],[4.8943,45.7539],[4.8984,45.7529]]]}},{"type":"Feature","properties":{"code":"69384","nom":"Lyon 4e Arrondissement","pop":34752},"geometry":{"type":"Polygon","coordinates":[[[4.819,45.7898],[4.8224,45.7877],[4.8236,45.7843],[4.8343,45.7818],[4.8381,45.7825],[4.8431,45.7788],[4.8399,45.7733],[4.8359,45.7748],[4.8236,45.7737],[4.8163,45.7715],[4.8129,45.7713],[4.809,45.7757],[4.8103,45.7798],[4.8163,45.7875],[4.819,45.7898]]]}},{"type":"Feature","properties":{"code":"69385","nom":"Lyon 5e Arrondissement","pop":47777},"geometry":{"type":"Polygon","coordinates":[[[4.7776,45.7472],[4.7719,45.7508],[4.7731,45.753],[4.7801,45.7546],[4.7852,45.7588],[4.7867,45.7642],[4.7995,45.7636],[4.802,45.7627],[4.8049,45.7604],[4.81,45.7589],[4.8105,45.7605],[4.8094,45.7643],[4.815,45.7657],[4.8199,45.765],[4.8197,45.7672],[4.8235,45.7679],[4.8279,45.7675],[4.8305,45.7647],[4.8302,45.7617],[4.8258,45.7566],[4.8228,45.7518],[4.8182,45.749],[4.8146,45.7497],[4.8135,45.7481],[4.8024,45.7517],[4.7943,45.7491],[4.7836,45.7442],[4.7788,45.7475],[4.7776,45.7472]]]}},{"type":"Feature","properties":{"code":"69386","nom":"Lyon 6e Arrondissement","pop":49385},"geometry":{"type":"Polygon","coordinates":[[[4.87,45.7637],[4.8399,45.7636],[4.8398,45.7663],[4.8399,45.7733],[4.8431,45.7788],[4.8458,45.7823],[4.851,45.7855],[4.8537,45.7865],[4.8599,45.7869],[4.8584,45.7724],[4.8611,45.7719],[4.8637,45.7688],[4.868,45.7664],[4.87,45.7637]]]}},{"type":"Feature","properties":{"code":"69387","nom":"Lyon 7e Arrondissement","pop":88326},"geometry":{"type":"Polygon","coordinates":[[[4.8492,45.7188],[4.8376,45.7185],[4.8381,45.7136],[4.8405,45.7078],[4.8376,45.7075],[4.8343,45.7094],[4.8274,45.7118],[4.8225,45.7156],[4.8208,45.7192],[4.8187,45.7266],[4.8214,45.7354],[4.8355,45.7525],[4.8386,45.7567],[4.8599,45.7496],[4.858,45.7426],[4.856,45.7405],[4.8503,45.7389],[4.8486,45.7377],[4.8472,45.7253],[4.8492,45.7188]]]}},{"type":"Feature","properties":{"code":"69388","nom":"Lyon 8e Arrondissement","pop":85943},"geometry":{"type":"Polygon","coordinates":[[[4.887,45.7261],[4.8874,45.721],[4.8809,45.7217],[4.8622,45.7271],[4.8598,45.7307],[4.8537,45.7298],[4.8545,45.719],[4.8497,45.7189],[4.8492,45.7188],[4.8472,45.7253],[4.8486,45.7377],[4.8503,45.7389],[4.856,45.7405],[4.858,45.7426],[4.8599,45.7496],[4.8784,45.7431],[4.8834,45.7419],[4.8919,45.7391],[4.8867,45.7294],[4.887,45.7261]]]}},{"type":"Feature","properties":{"code":"69389","nom":"Lyon 9e Arrondissement","pop":53567},"geometry":{"type":"Polygon","coordinates":[[[4.7883,45.7898],[4.7905,45.7909],[4.7935,45.7894],[4.7975,45.7899],[4.7966,45.7915],[4.8024,45.792],[4.8078,45.7892],[4.8092,45.7922],[4.814,45.7943],[4.8184,45.7993],[4.8203,45.8022],[4.8238,45.802],[4.8242,45.8045],[4.8322,45.8056],[4.8345,45.8043],[4.8371,45.8084],[4.8388,45.8039],[4.8415,45.8036],[4.8371,45.7983],[4.833,45.7967],[4.829,45.7962],[4.8224,45.7923],[4.819,45.7898],[4.8163,45.7875],[4.8103,45.7798],[4.809,45.7757],[4.8129,45.7713],[4.8137,45.7686],[4.8175,45.767],[4.8197,45.7672],[4.8199,45.765],[4.815,45.7657],[4.8094,45.7643],[4.8105,45.7605],[4.81,45.7589],[4.8049,45.7604],[4.802,45.7627],[4.7995,45.7636],[4.7867,45.7642],[4.787,45.7656],[4.7905,45.7679],[4.7924,45.7735],[4.7952,45.7758],[4.7912,45.7814],[4.7919,45.7866],[4.7857,45.7858],[4.7841,45.7878],[4.7883,45.7898]]]}}]}