{"type":"FeatureCollection","features":[{"type":"Feature","properties":{"code":"71001","nom":"L'Abergement-de-Cuisery","pop":810},"geometry":{"type":"Polygon","coordinates":[[[4.9632,46.5574],[4.9614,46.5588],[4.961,46.5633],[4.9533,46.5688],[4.9482,46.5699],[4.946,46.5717],[4.9463,46.5741],[4.9446,46.5764],[4.9426,46.5821],[4.9445,46.5878],[4.9443,46.5894],[4.9419,46.592],[4.9379,46.593],[4.9387,46.5961],[4.9422,46.5968],[4.9471,46.5965],[4.9513,46.595],[4.9507,46.5919],[4.9518,46.59],[4.9549,46.5884],[4.9563,46.5929],[4.9602,46.5899],[4.9689,46.5905],[4.9742,46.5895],[4.9735,46.5872],[4.9751,46.5849],[4.9799,46.5827],[4.9792,46.5759],[4.976,46.5724],[4.9725,46.57],[4.9729,46.5678],[4.9762,46.5607],[4.9757,46.5586],[4.9709,46.554],[4.9642,46.5539],[4.9632,46.5574]]]}},{"type":"Feature","properties":{"code":"71002","nom":"L'Abergement-Sainte-Colombe","pop":1233},"geometry":{"type":"Polygon","coordinates":[[[5.0384,46.7373],[5.0386,46.7349],[5.0356,46.7319],[5.0291,46.7342],[5.0232,46.7345],[5.0215,46.7368],[5.0191,46.7374],[5.0139,46.741],[5.0097,46.7413],[5.0102,46.7382],[5.0092,46.7342],[5.0004,46.734],[4.9988,46.7379],[4.9953,46.7361],[4.9903,46.737],[4.9891,46.7403],[4.9849,46.7416],[4.9862,46.7442],[4.9883,46.7456],[4.9901,46.7431],[4.9928,46.7465],[4.9933,46.7492],[4.9973,46.756],[4.9997,46.759],[4.9965,46.7607],[4.997,46.7645],[4.9943,46.7666],[4.9971,46.7724],[4.9997,46.7746],[5.0021,46.7745],[5.0059,46.7775],[5.0102,46.7773],[5.0131,46.7754],[5.0127,46.7718],[5.0166,46.7701],[5.0201,46.7702],[5.0229,46.768],[5.026,46.771],[5.0294,46.7719],[5.0413,46.7703],[5.0441,46.7707],[5.0438,46.7694],[5.0468,46.7669],[5.0508,46.7662],[5.0523,46.7624],[5.051,46.7611],[5.0536,46.7586],[5.0536,46.7571],[5.0616,46.7594],[5.0647,46.7581],[5.0662,46.7594],[5.0699,46.7594],[5.0715,46.7624],[5.0751,46.7615],[5.0773,46.7626],[5.078,46.7588],[5.082,46.7558],[5.0803,46.7553],[5.079,46.7523],[5.0793,46.7502],[5.0773,46.7475],[5.0721,46.7476],[5.0615,46.7495],[5.0569,46.744],[5.0578,46.7417],[5.0556,46.7402],[5.0525,46.7417],[5.0474,46.7422],[5.0391,46.7441],[5.0391,46.7412],[5.0375,46.7389],[5.0384,46.7373]]]}},{"type":"Feature","properties":{"code":"71003","nom":"Allerey-sur-Saône","pop":804},"geometry":{"type":"Polygon","coordinates":[[[4.9647,46.8932],[4.9641,46.8953],[4.9613,46.8968],[4.9617,46.8987],[4.9596,46.9031],[4.9561,46.9043],[4.9549,46.9022],[4.9482,46.9012],[4.9417,46.9028],[4.9402,46.9047],[4.9353,46.9073],[4.9346,46.9105],[4.9318,46.9138],[4.9339,46.9146],[4.9377,46.9127],[4.9401,46.9126],[4.9423,46.9212],[4.9446,46.9255],[4.9507,46.9259],[4.9568,46.9257],[4.9589,46.9277],[4.9622,46.9277],[4.9685,46.9288],[4.9702,46.9272],[4.9751,46.9269],[4.9777,46.9302],[4.9797,46.9288],[4.987,46.9358],[4.988,46.9335],[4.9922,46.9315],[4.9967,46.9303],[5.002,46.93],[5.0082,46.9285],[5.0062,46.9224],[5.0061,46.9182],[5.0038,46.912],[5.0048,46.9094],[5.0073,46.9109],[5.0102,46.9086],[5.0073,46.9071],[5.0039,46.9055],[4.9988,46.9022],[4.9967,46.8991],[4.9939,46.8968],[4.9879,46.8965],[4.9782,46.8981],[4.9732,46.8975],[4.9647,46.8932]]]}},{"type":"Feature","properties":{"code":"71004","nom":"Allériot","pop":1165},"geometry":{"type":"Polygon","coordinates":[[[4.9211,46.8076],[4.9266,46.8107],[4.9345,46.8137],[4.9378,46.8162],[4.9399,46.822],[4.9414,46.8242],[4.9475,46.8282],[4.9523,46.8258],[4.9546,46.8237],[4.9572,46.8197],[4.958,46.8145],[4.9543,46.8123],[4.9524,46.8102],[4.9578,46.8053],[4.9602,46.8064],[4.9679,46.8055],[4.9685,46.8065],[4.973,46.806],[4.9759,46.8044],[4.9754,46.8003],[4.9804,46.7994],[4.9853,46.7793],[4.9812,46.7787],[4.98,46.7768],[4.9774,46.777],[4.9735,46.776],[4.9662,46.7775],[4.9576,46.7789],[4.9549,46.78],[4.9524,46.7829],[4.9482,46.7855],[4.9499,46.7884],[4.9454,46.7906],[4.9373,46.7927],[4.935,46.7964],[4.9322,46.7984],[4.9263,46.8006],[4.9227,46.8042],[4.924,46.8061],[4.9211,46.8076]]]}},{"type":"Feature","properties":{"code":"71005","nom":"Aluze","pop":255},"geometry":{"type":"Polygon","coordinates":[[[4.7126,46.8525],[4.7007,46.8455],[4.6972,46.8429],[4.6954,46.8398],[4.6918,46.8367],[4.6897,46.8359],[4.6861,46.8399],[4.679,46.8426],[4.666,46.8516],[4.6645,46.8522],[4.6617,46.854],[4.6606,46.8564],[4.6618,46.8576],[4.6656,46.8573],[4.6728,46.8548],[4.6757,46.8567],[4.6856,46.8565],[4.6915,46.8575],[4.6957,46.8633],[4.699,46.8645],[4.7102,46.8685],[4.7124,46.8651],[4.7104,46.8612],[4.7057,46.8612],[4.7047,46.8574],[4.7126,46.8525]]]}},{"type":"Feature","properties":{"code":"71006","nom":"Amanzé","pop":196},"geometry":{"type":"Polygon","coordinates":[[[4.2282,46.3068],[4.2248,46.3089],[4.222,46.313],[4.221,46.3188],[4.2214,46.3202],[4.2174,46.3235],[4.2151,46.3273],[4.2162,46.3296],[4.2128,46.334],[4.2072,46.3384],[4.2074,46.3396],[4.2111,46.3414],[4.2129,46.3441],[4.2198,46.3454],[4.2233,46.3448],[4.2244,46.3426],[4.2269,46.3416],[4.2354,46.3417],[4.2385,46.3409],[4.244,46.3368],[4.2493,46.3364],[4.2511,46.335],[4.2618,46.333],[4.2644,46.3316],[4.2627,46.328],[4.2658,46.3227],[4.2643,46.3177],[4.2588,46.3164],[4.2533,46.3144],[4.2471,46.3148],[4.2461,46.3133],[4.243,46.3126],[4.2385,46.3084],[4.2347,46.3068],[4.2282,46.3068]]]}},{"type":"Feature","properties":{"code":"71007","nom":"Ameugny","pop":169},"geometry":{"type":"Polygon","coordinates":[[[4.6915,46.516],[4.6813,46.5176],[4.6642,46.5177],[4.6629,46.5186],[4.6598,46.5169],[4.6587,46.515],[4.6536,46.515],[4.6537,46.5114],[4.6578,46.5125],[4.66,46.5116],[4.6587,46.5111],[4.654,46.5057],[4.6528,46.5072],[4.6488,46.5071],[4.6462,46.5106],[4.6455,46.5162],[4.6476,46.5265],[4.6543,46.5249],[4.6569,46.5278],[4.6582,46.532],[4.6621,46.5354],[4.6606,46.5399],[4.6633,46.5395],[4.667,46.537],[4.6712,46.5377],[4.6772,46.5376],[4.6835,46.5356],[4.6858,46.5313],[4.6855,46.5266],[4.6865,46.5255],[4.6856,46.5219],[4.689,46.5215],[4.6896,46.5174],[4.6915,46.516]]]}},{"type":"Feature","properties":{"code":"71008","nom":"Anglure-sous-Dun","pop":143},"geometry":{"type":"Polygon","coordinates":[[[4.3854,46.2468],[4.3861,46.2443],[4.3886,46.2435],[4.3926,46.2355],[4.3868,46.233],[4.3862,46.2258],[4.3773,46.2222],[4.3685,46.2233],[4.3663,46.2263],[4.3621,46.2268],[4.3586,46.2297],[4.3554,46.2298],[4.3532,46.2257],[4.3471,46.2236],[4.3467,46.2264],[4.349,46.2277],[4.3488,46.23],[4.3503,46.2332],[4.3499,46.2355],[4.3517,46.2366],[4.3515,46.2395],[4.3538,46.241],[4.3537,46.2446],[4.3553,46.2459],[4.3548,46.2488],[4.3576,46.249],[4.3646,46.2478],[4.3669,46.246],[4.3695,46.2458],[4.3776,46.2482],[4.3809,46.2472],[4.3854,46.2468]]]}},{"type":"Feature","properties":{"code":"71009","nom":"Anost","pop":695},"geometry":{"type":"Polygon","coordinates":[[[4.0927,47.1255],[4.0965,47.1268],[4.0982,47.1251],[4.1026,47.1236],[4.1059,47.1232],[4.1077,47.1195],[4.1099,47.1182],[4.1142,47.1191],[4.1143,47.1149],[4.1118,47.1127],[4.1109,47.1086],[4.1111,47.1021],[4.1144,47.0994],[4.1206,47.0908],[4.1277,47.0874],[4.1305,47.0849],[4.1283,47.0819],[4.1291,47.076],[4.1321,47.0733],[4.1387,47.0714],[4.1449,47.0687],[4.1502,47.0654],[4.1502,47.0644],[4.1494,47.0605],[4.1512,47.0593],[4.1527,47.0557],[4.1527,47.053],[4.1562,47.0511],[4.1568,47.0494],[4.1508,47.0462],[4.1499,47.0485],[4.147,47.0494],[4.1443,47.046],[4.1439,47.0434],[4.1408,47.0446],[4.1361,47.0428],[4.1327,47.0436],[4.1278,47.0423],[4.1243,47.044],[4.1206,47.0488],[4.1157,47.0487],[4.1123,47.0441],[4.1041,47.0447],[4.103,47.043],[4.0939,47.0441],[4.0917,47.0407],[4.0943,47.0354],[4.0803,47.032],[4.0789,47.0287],[4.0752,47.0324],[4.0706,47.0316],[4.0617,47.0332],[4.0587,47.0319],[4.0563,47.0371],[4.057,47.0391],[4.0625,47.0446],[4.0701,47.054],[4.0739,47.0559],[4.0702,47.0595],[4.0636,47.0641],[4.0595,47.0654],[4.0586,47.0669],[4.0545,47.0694],[4.0535,47.0718],[4.0496,47.0759],[4.0434,47.0765],[4.0402,47.0781],[4.0389,47.0798],[4.0392,47.0859],[4.0542,47.095],[4.0514,47.0962],[4.0527,47.0979],[4.052,47.1003],[4.0533,47.104],[4.0484,47.1079],[4.0483,47.1094],[4.0508,47.1128],[4.0553,47.1152],[4.0596,47.118],[4.0603,47.1213],[4.0635,47.1205],[4.0663,47.121],[4.0711,47.1199],[4.0759,47.1198],[4.0778,47.1181],[4.0859,47.1178],[4.0899,47.1162],[4.0937,47.1182],[4.0952,47.1236],[4.0927,47.1255]]]}},{"type":"Feature","properties":{"code":"71010","nom":"Antully","pop":789},"geometry":{"type":"Polygon","coordinates":[[[4.4274,46.9227],[4.4262,46.9219],[4.4264,46.9172],[4.4252,46.9125],[4.4273,46.9103],[4.4363,46.9084],[4.4395,46.9101],[4.4421,46.9051],[4.4479,46.9062],[4.4519,46.9059],[4.4541,46.9039],[4.4515,46.8988],[4.4499,46.8983],[4.4508,46.8926],[4.4492,46.8878],[4.4442,46.8853],[4.4465,46.8815],[4.4372,46.8803],[4.433,46.8707],[4.4303,46.8609],[4.4274,46.8591],[4.4218,46.8499],[4.4161,46.85],[4.4117,46.8523],[4.3983,46.8592],[4.3933,46.8653],[4.3947,46.8734],[4.3894,46.8755],[4.3824,46.8765],[4.3799,46.8746],[4.377,46.8754],[4.3772,46.8781],[4.3725,46.8804],[4.368,46.885],[4.367,46.8872],[4.3627,46.8894],[4.3577,46.8924],[4.3482,46.9009],[4.3481,46.9023],[4.3548,46.9108],[4.3554,46.9139],[4.359,46.9156],[4.362,46.9192],[4.366,46.9223],[4.3639,46.9237],[4.3752,46.9233],[4.3834,46.9225],[4.3845,46.9191],[4.3897,46.9202],[4.3913,46.9184],[4.3929,46.9142],[4.3982,46.9132],[4.3987,46.9145],[4.4045,46.916],[4.4084,46.92],[4.4126,46.9218],[4.4141,46.9207],[4.4207,46.9205],[4.4274,46.9227]]]}},{"type":"Feature","properties":{"code":"71011","nom":"Anzy-le-Duc","pop":419},"geometry":{"type":"Polygon","coordinates":[[[4.1083,46.3297],[4.1058,46.3306],[4.1036,46.3295],[4.1033,46.3254],[4.1019,46.3212],[4.1056,46.32],[4.1023,46.3175],[4.0964,46.3152],[4.094,46.3149],[4.0893,46.3114],[4.0852,46.3116],[4.0839,46.3097],[4.0864,46.3076],[4.0843,46.306],[4.0825,46.301],[4.0835,46.2992],[4.0826,46.2948],[4.0815,46.2938],[4.0793,46.2913],[4.0725,46.2894],[4.0677,46.2897],[4.0628,46.2949],[4.0569,46.3001],[4.0466,46.3024],[4.0437,46.3045],[4.0396,46.3032],[4.0371,46.3313],[4.0367,46.3351],[4.037,46.3379],[4.0414,46.3334],[4.0444,46.3333],[4.0467,46.3316],[4.0491,46.3334],[4.049,46.3359],[4.0521,46.3367],[4.0515,46.342],[4.0523,46.3486],[4.051,46.3501],[4.0537,46.3513],[4.0587,46.3506],[4.0591,46.3489],[4.0615,46.3473],[4.0689,46.3461],[4.0765,46.3486],[4.0789,46.3488],[4.0824,46.3523],[4.0875,46.3515],[4.0937,46.3513],[4.0963,46.352],[4.0986,46.3501],[4.0986,46.3462],[4.1028,46.3431],[4.1029,46.3411],[4.1067,46.3369],[4.115,46.3346],[4.1125,46.3322],[4.108,46.3308],[4.1083,46.3297]]]}},{"type":"Feature","properties":{"code":"71012","nom":"Artaix","pop":353},"geometry":{"type":"Polygon","coordinates":[[[4.022,46.2582],[4.0235,46.2557],[4.0259,46.2548],[4.0309,46.2558],[4.0363,46.252],[4.0392,46.2477],[4.0365,46.2458],[4.0324,46.2455],[4.0305,46.2437],[4.0257,46.2419],[4.0243,46.2388],[4.025,46.2358],[4.0296,46.2334],[4.0343,46.235],[4.0355,46.2281],[4.0274,46.2283],[4.0248,46.2274],[4.023,46.2253],[4.0209,46.2251],[4.0173,46.2272],[4.0132,46.2276],[4.0101,46.227],[4.0061,46.2293],[4.0028,46.2286],[3.9926,46.2287],[3.9897,46.2329],[3.9818,46.2361],[3.9884,46.2384],[3.9833,46.2422],[3.9832,46.2444],[3.9796,46.2433],[3.9717,46.2425],[3.9675,46.2438],[3.9658,46.2451],[3.9629,46.2445],[3.9559,46.2452],[3.9554,46.2463],[3.9484,46.2503],[3.9458,46.2531],[3.9418,46.2543],[3.9344,46.2547],[3.9398,46.2565],[3.9435,46.2583],[3.9456,46.2603],[3.9565,46.2664],[3.963,46.2686],[3.9676,46.2694],[3.9686,46.2706],[3.9738,46.2709],[3.9803,46.2704],[3.9803,46.2686],[3.9826,46.2658],[3.9895,46.2629],[3.9927,46.2641],[4.0046,46.2638],[4.0091,46.2647],[4.0177,46.2646],[4.0203,46.2675],[4.022,46.2643],[4.022,46.2582]]]}},{"type":"Feature","properties":{"code":"71013","nom":"Authumes","pop":285},"geometry":{"type":"Polygon","coordinates":[[[5.3166,46.8582],[5.3147,46.8595],[5.3133,46.8631],[5.3112,46.8657],[5.308,46.8654],[5.3099,46.867],[5.3097,46.8695],[5.3051,46.8689],[5.3004,46.871],[5.2988,46.8749],[5.2969,46.8764],[5.2964,46.8794],[5.2912,46.8832],[5.2907,46.8873],[5.288,46.89],[5.2894,46.8921],[5.2884,46.8962],[5.2865,46.8956],[5.2814,46.8958],[5.2784,46.8995],[5.2786,46.9082],[5.2858,46.9081],[5.2905,46.9093],[5.2915,46.9074],[5.3003,46.9096],[5.3013,46.9084],[5.3121,46.9117],[5.3173,46.9037],[5.321,46.9013],[5.324,46.901],[5.329,46.896],[5.328,46.8935],[5.3286,46.8876],[5.3327,46.8864],[5.3359,46.8845],[5.3327,46.8829],[5.3299,46.8801],[5.323,46.8769],[5.3189,46.8742],[5.3147,46.8702],[5.3173,46.8684],[5.3262,46.8644],[5.3227,46.8618],[5.3208,46.8587],[5.3166,46.8582]]]}},{"type":"Feature","properties":{"code":"71014","nom":"Autun","pop":13172},"geometry":{"type":"Polygon","coordinates":[[[4.2733,46.9063],[4.272,46.9089],[4.2731,46.9123],[4.2672,46.9119],[4.2654,46.9138],[4.2659,46.9206],[4.2675,46.9213],[4.2716,46.9197],[4.2717,46.9235],[4.2677,46.9265],[4.2662,46.9289],[4.2619,46.9306],[4.2607,46.9327],[4.2574,46.9343],[4.2534,46.9376],[4.2523,46.9401],[4.2561,46.9415],[4.2585,46.9434],[4.2587,46.9471],[4.2614,46.9481],[4.2624,46.9505],[4.2596,46.9537],[4.256,46.9546],[4.2547,46.956],[4.2538,46.9596],[4.256,46.9647],[4.254,46.9686],[4.2549,46.9712],[4.2545,46.9741],[4.252,46.9768],[4.2494,46.9769],[4.2457,46.9758],[4.2359,46.9768],[4.2356,46.9789],[4.2379,46.9804],[4.2429,46.9794],[4.2428,46.9848],[4.2471,46.9859],[4.2494,46.9807],[4.2521,46.9804],[4.2569,46.9819],[4.2595,46.9818],[4.2598,46.9793],[4.2653,46.9793],[4.2668,46.9805],[4.2721,46.9828],[4.2757,46.9782],[4.2792,46.979],[4.2799,46.9772],[4.2834,46.9782],[4.2828,46.9804],[4.287,46.9818],[4.2909,46.9824],[4.2952,46.9805],[4.296,46.9788],[4.2997,46.9772],[4.3042,46.9786],[4.3047,46.9803],[4.3078,46.9823],[4.3067,46.9857],[4.3082,46.9876],[4.3113,46.9891],[4.3109,46.9939],[4.3201,46.99],[4.3235,46.9939],[4.3258,46.9945],[4.3353,46.9949],[4.3369,46.9896],[4.3349,46.9839],[4.3333,46.9802],[4.3313,46.9783],[4.3361,46.976],[4.3396,46.9732],[4.3394,46.9713],[4.3415,46.9671],[4.3476,46.9691],[4.3508,46.9681],[4.3539,46.9697],[4.3553,46.9671],[4.3548,46.9644],[4.3631,46.9648],[4.3634,46.963],[4.3604,46.96],[4.365,46.9573],[4.372,46.9557],[4.3625,46.9534],[4.3601,46.9542],[4.3543,46.95],[4.3565,46.9477],[4.3567,46.9441],[4.352,46.9389],[4.3528,46.9367],[4.3558,46.9347],[4.3615,46.9334],[4.3641,46.9315],[4.3681,46.9263],[4.3672,46.9248],[4.3639,46.9237],[4.366,46.9223],[4.362,46.9192],[4.359,46.9156],[4.3554,46.9139],[4.3548,46.9108],[4.3481,46.9023],[4.3482,46.9009],[4.3577,46.8924],[4.3627,46.8894],[4.3546,46.8852],[4.3516,46.8825],[4.3465,46.8853],[4.3469,46.8874],[4.3446,46.8909],[4.3409,46.8913],[4.3407,46.8892],[4.3366,46.8884],[4.3361,46.8919],[4.3382,46.8934],[4.3383,46.9034],[4.3329,46.9048],[4.3224,46.909],[4.3144,46.9151],[4.312,46.9181],[4.307,46.9173],[4.3029,46.9177],[4.2964,46.9207],[4.2959,46.9193],[4.2915,46.92],[4.2906,46.9223],[4.2841,46.9213],[4.2818,46.9191],[4.2802,46.9143],[4.2749,46.9068],[4.2733,46.9063]]]}},{"type":"Feature","properties":{"code":"71015","nom":"Auxy","pop":915},"geometry":{"type":"Polygon","coordinates":[[[4.3822,46.9591],[4.3852,46.959],[4.3966,46.9611],[4.4016,46.9607],[4.4185,46.9615],[4.4242,46.9624],[4.4304,46.9602],[4.4342,46.9608],[4.4505,46.9592],[4.4578,46.9602],[4.4649,46.9579],[4.4706,46.9596],[4.4799,46.9587],[4.4869,46.9585],[4.4853,46.9557],[4.4791,46.9527],[4.4791,46.9512],[4.4723,46.9456],[4.4709,46.9419],[4.4713,46.9397],[4.4673,46.9345],[4.4692,46.9258],[4.4634,46.9246],[4.4559,46.9212],[4.4487,46.9188],[4.4409,46.9196],[4.4365,46.9205],[4.4286,46.923],[4.4274,46.9227],[4.4207,46.9205],[4.4141,46.9207],[4.4126,46.9218],[4.4084,46.92],[4.4045,46.916],[4.3987,46.9145],[4.3982,46.9132],[4.3929,46.9142],[4.3913,46.9184],[4.3897,46.9202],[4.3845,46.9191],[4.3834,46.9225],[4.3752,46.9233],[4.3639,46.9237],[4.3672,46.9248],[4.3681,46.9263],[4.3641,46.9315],[4.3615,46.9334],[4.3558,46.9347],[4.3528,46.9367],[4.352,46.9389],[4.3567,46.9441],[4.3565,46.9477],[4.3543,46.95],[4.3601,46.9542],[4.3625,46.9534],[4.372,46.9557],[4.3762,46.955],[4.3797,46.956],[4.3822,46.9591]]]}},{"type":"Feature","properties":{"code":"71016","nom":"Azé","pop":1103},"geometry":{"type":"Polygon","coordinates":[[[4.7383,46.4561],[4.7413,46.4545],[4.7431,46.4552],[4.7472,46.4544],[4.7482,46.4525],[4.7465,46.4497],[4.7491,46.4488],[4.7507,46.4512],[4.7534,46.4488],[4.7562,46.4486],[4.7583,46.4468],[4.7657,46.4455],[4.7689,46.4455],[4.7742,46.4434],[4.7783,46.4434],[4.7769,46.4363],[4.7752,46.4334],[4.776,46.4293],[4.7765,46.4281],[4.774,46.4248],[4.7787,46.4237],[4.7766,46.422],[4.7722,46.4202],[4.7687,46.4164],[4.7688,46.4136],[4.7675,46.4093],[4.7542,46.4124],[4.7449,46.4151],[4.7398,46.4184],[4.7364,46.4192],[4.7308,46.4182],[4.7287,46.4213],[4.7247,46.423],[4.7219,46.4256],[4.7189,46.4262],[4.7155,46.4286],[4.7171,46.4321],[4.7149,46.4348],[4.7168,46.4376],[4.7204,46.4398],[4.7209,46.4414],[4.7254,46.4408],[4.7266,46.4384],[4.7259,46.435],[4.7314,46.434],[4.733,46.4385],[4.7309,46.4405],[4.7274,46.4404],[4.7267,46.4421],[4.7361,46.4474],[4.7313,46.4517],[4.7383,46.4561]]]}},{"type":"Feature","properties":{"code":"71017","nom":"Ballore","pop":87},"geometry":{"type":"Polygon","coordinates":[[[4.367,46.5159],[4.3636,46.5154],[4.3556,46.52],[4.3528,46.5227],[4.3544,46.5255],[4.3462,46.5261],[4.3492,46.5291],[4.354,46.5372],[4.3498,46.5393],[4.3569,46.5419],[4.3603,46.5409],[4.3657,46.5416],[4.366,46.5448],[4.3684,46.5457],[4.3658,46.5496],[4.3658,46.5532],[4.3702,46.5581],[4.3771,46.558],[4.3796,46.5538],[4.3807,46.5499],[4.3829,46.5497],[4.3829,46.5471],[4.3798,46.5441],[4.3849,46.5433],[4.3851,46.5416],[4.3943,46.5404],[4.4004,46.5386],[4.4053,46.5337],[4.4081,46.5334],[4.4054,46.5319],[4.4086,46.5304],[4.4116,46.5277],[4.4112,46.5259],[4.406,46.5249],[4.4039,46.5229],[4.4003,46.5247],[4.3938,46.526],[4.3881,46.5281],[4.3881,46.5294],[4.3839,46.53],[4.3824,46.5268],[4.3826,46.5247],[4.3815,46.5208],[4.3799,46.5192],[4.3775,46.5203],[4.3751,46.5194],[4.3709,46.5203],[4.3669,46.518],[4.367,46.5159]]]}},{"type":"Feature","properties":{"code":"71018","nom":"Bantanges","pop":577},"geometry":{"type":"Polygon","coordinates":[[[5.1248,46.6225],[5.1312,46.6195],[5.1343,46.617],[5.1368,46.6114],[5.1391,46.6097],[5.1455,46.6083],[5.1568,46.6079],[5.1619,46.6097],[5.1632,46.607],[5.1617,46.6055],[5.1632,46.602],[5.1581,46.6014],[5.1536,46.6012],[5.1499,46.6],[5.1439,46.6026],[5.1417,46.6004],[5.1449,46.5984],[5.1445,46.5966],[5.139,46.5969],[5.1397,46.5943],[5.137,46.5936],[5.1321,46.5974],[5.1283,46.5979],[5.1251,46.5967],[5.1231,46.5933],[5.1201,46.5932],[5.1177,46.5946],[5.1152,46.5941],[5.1148,46.5913],[5.1112,46.5895],[5.1046,46.5883],[5.1016,46.5862],[5.0986,46.5876],[5.0983,46.5933],[5.0997,46.5955],[5.097,46.5968],[5.0966,46.5987],[5.0978,46.6022],[5.0949,46.6033],[5.094,46.6052],[5.0907,46.6071],[5.0915,46.6106],[5.089,46.6119],[5.0886,46.6163],[5.0964,46.6162],[5.1097,46.6134],[5.1139,46.6155],[5.1133,46.6177],[5.1176,46.6186],[5.1194,46.6174],[5.1219,46.6188],[5.1248,46.6225]]]}},{"type":"Feature","properties":{"code":"71019","nom":"Barizey","pop":139},"geometry":{"type":"Polygon","coordinates":[[[4.6832,46.8027],[4.6928,46.798],[4.6891,46.7952],[4.6859,46.7883],[4.6824,46.7845],[4.6802,46.78],[4.6704,46.7791],[4.6674,46.7779],[4.6604,46.7789],[4.6582,46.784],[4.6561,46.7852],[4.6544,46.7866],[4.656,46.7886],[4.6605,46.7907],[4.656,46.7997],[4.6578,46.8011],[4.6629,46.8024],[4.667,46.8058],[4.6708,46.8048],[4.6732,46.8025],[4.6788,46.8005],[4.6832,46.8027]]]}},{"type":"Feature","properties":{"code":"71020","nom":"Barnay","pop":99},"geometry":{"type":"Polygon","coordinates":[[[4.349,47.0964],[4.3484,47.0931],[4.3461,47.0887],[4.3474,47.0856],[4.3458,47.084],[4.3453,47.0774],[4.3442,47.0726],[4.3383,47.0708],[4.3366,47.0661],[4.3336,47.06],[4.3342,47.057],[4.3332,47.0583],[4.3275,47.059],[4.3245,47.0614],[4.3204,47.0669],[4.3145,47.0664],[4.3095,47.0685],[4.3088,47.0709],[4.3044,47.0736],[4.295,47.0755],[4.2933,47.0785],[4.2949,47.0829],[4.2971,47.0866],[4.2959,47.0902],[4.2929,47.0938],[4.2923,47.0964],[4.2946,47.1008],[4.298,47.1024],[4.302,47.1071],[4.3065,47.1033],[4.3114,47.1034],[4.3155,47.1048],[4.3238,47.1029],[4.3287,47.1033],[4.3356,47.102],[4.3402,47.1033],[4.3467,47.1012],[4.347,47.0988],[4.349,47.0964]]]}},{"type":"Feature","properties":{"code":"71021","nom":"Baron","pop":274},"geometry":{"type":"Polygon","coordinates":[[[4.2478,46.486],[4.2505,46.4884],[4.2534,46.4891],[4.2605,46.489],[4.2571,46.4916],[4.2546,46.4948],[4.254,46.499],[4.2558,46.5015],[4.2574,46.5061],[4.2654,46.504],[4.2694,46.5016],[4.274,46.5013],[4.2771,46.5037],[4.2789,46.5078],[4.2826,46.5079],[4.2923,46.5068],[4.2986,46.5139],[4.3018,46.5201],[4.3043,46.5142],[4.3085,46.5071],[4.311,46.5045],[4.3139,46.5057],[4.3163,46.5037],[4.3152,46.5022],[4.3176,46.5002],[4.3157,46.4983],[4.3095,46.4941],[4.3035,46.4929],[4.3011,46.4876],[4.2978,46.4845],[4.2967,46.4805],[4.2898,46.4795],[4.285,46.4801],[4.2813,46.4806],[4.2782,46.4799],[4.274,46.4803],[4.2758,46.4765],[4.2746,46.4743],[4.2702,46.4729],[4.2656,46.4728],[4.2633,46.4738],[4.2584,46.4736],[4.2575,46.4767],[4.2536,46.4765],[4.2553,46.4797],[4.2507,46.4829],[4.2462,46.4853],[4.2478,46.486]]]}},{"type":"Feature","properties":{"code":"71022","nom":"Baudemont","pop":627},"geometry":{"type":"Polygon","coordinates":[[[4.2925,46.309],[4.3023,46.2959],[4.2991,46.2908],[4.2981,46.2822],[4.2999,46.2795],[4.2996,46.2764],[4.2953,46.2759],[4.2941,46.274],[4.2904,46.2747],[4.2869,46.2736],[4.285,46.2771],[4.2827,46.2779],[4.2829,46.2801],[4.2782,46.2825],[4.2708,46.2832],[4.2688,46.2844],[4.2644,46.2901],[4.2707,46.2902],[4.2714,46.2943],[4.2696,46.2978],[4.2716,46.3044],[4.2689,46.3084],[4.272,46.3091],[4.2735,46.3114],[4.2793,46.3095],[4.2833,46.3105],[4.2848,46.3122],[4.2884,46.3115],[4.2925,46.309]]]}},{"type":"Feature","properties":{"code":"71023","nom":"Baudrières","pop":1044},"geometry":{"type":"Polygon","coordinates":[[[4.9612,46.6544],[4.9611,46.6576],[4.9625,46.6605],[4.964,46.6734],[4.9671,46.6834],[4.9727,46.683],[4.9804,46.6833],[4.9869,46.6827],[4.9879,46.6846],[4.9908,46.6846],[4.9928,46.6874],[4.9964,46.6891],[5.0005,46.6957],[5.0042,46.6975],[5.0049,46.6945],[5.0086,46.692],[5.015,46.6896],[5.0176,46.6948],[5.028,46.6957],[5.0295,46.6981],[5.032,46.6966],[5.0329,46.6944],[5.0366,46.6929],[5.0343,46.6881],[5.0362,46.6833],[5.0343,46.6795],[5.0365,46.678],[5.035,46.673],[5.0351,46.6706],[5.0315,46.6701],[5.0292,46.6675],[5.0329,46.664],[5.0292,46.6598],[5.0319,46.659],[5.0315,46.6569],[5.0263,46.6567],[5.0204,46.6558],[5.0198,46.6527],[5.0209,46.6509],[5.0262,46.6462],[5.0293,46.6452],[5.0269,46.6422],[5.0216,46.6398],[5.0179,46.6354],[5.0146,46.6348],[5.0096,46.6363],[5.0003,46.6348],[4.9956,46.6355],[4.9909,46.6352],[4.9867,46.6376],[4.9865,46.6409],[4.9837,46.6433],[4.9829,46.6471],[4.9794,46.6486],[4.9753,46.6531],[4.9735,46.6561],[4.9612,46.6544]]]}},{"type":"Feature","properties":{"code":"71024","nom":"Baugy","pop":499},"geometry":{"type":"Polygon","coordinates":[[[4.0047,46.3276],[4.0018,46.3284],[3.9944,46.3277],[4.0038,46.3332],[4.0074,46.3321],[4.0108,46.3325],[4.0138,46.3312],[4.0175,46.3313],[4.022,46.3325],[4.0243,46.3339],[4.0259,46.332],[4.0289,46.331],[4.0306,46.3319],[4.0371,46.3313],[4.0396,46.3032],[4.0437,46.3045],[4.0466,46.3024],[4.0569,46.3001],[4.0628,46.2949],[4.0677,46.2897],[4.0668,46.2892],[4.0647,46.2888],[4.0543,46.2818],[4.0506,46.2847],[4.0433,46.2845],[4.0368,46.2824],[4.0345,46.2838],[4.0295,46.2897],[4.0277,46.2902],[4.0257,46.294],[4.0199,46.3],[4.0185,46.3025],[4.0179,46.3056],[4.0182,46.3101],[4.0141,46.3165],[4.0067,46.32],[4.0047,46.3276]]]}},{"type":"Feature","properties":{"code":"71025","nom":"Beaubery","pop":366},"geometry":{"type":"Polygon","coordinates":[[[4.3681,46.4144],[4.3719,46.4238],[4.3751,46.4264],[4.3744,46.4283],[4.3795,46.4296],[4.3807,46.4319],[4.3847,46.4317],[4.3846,46.4286],[4.3895,46.4267],[4.3914,46.4273],[4.394,46.431],[4.3968,46.431],[4.4013,46.4348],[4.3963,46.4369],[4.3973,46.4397],[4.3963,46.4426],[4.3967,46.446],[4.4044,46.448],[4.4092,46.4498],[4.4154,46.4511],[4.4058,46.4458],[4.4102,46.4411],[4.4139,46.4397],[4.4158,46.4369],[4.4178,46.4377],[4.4243,46.4315],[4.4232,46.43],[4.429,46.4285],[4.4206,46.4243],[4.4167,46.4231],[4.4168,46.4213],[4.4203,46.4209],[4.4206,46.4179],[4.4176,46.4132],[4.4154,46.4119],[4.416,46.4086],[4.4144,46.4056],[4.4173,46.4037],[4.4221,46.4024],[4.4262,46.3983],[4.4189,46.3929],[4.4097,46.389],[4.409,46.3868],[4.4096,46.3826],[4.4091,46.3809],[4.4104,46.3774],[4.4103,46.3749],[4.4054,46.3764],[4.4031,46.3763],[4.3984,46.3804],[4.3902,46.3838],[4.3836,46.3856],[4.3783,46.3862],[4.3726,46.3892],[4.3645,46.3944],[4.365,46.3973],[4.3622,46.3997],[4.3599,46.399],[4.3619,46.4043],[4.3648,46.4057],[4.3577,46.4088],[4.3585,46.4119],[4.3627,46.413],[4.3655,46.412],[4.3681,46.4144]]]}},{"type":"Feature","properties":{"code":"71026","nom":"Beaumont-sur-Grosne","pop":334},"geometry":{"type":"Polygon","coordinates":[[[4.88,46.6624],[4.8768,46.6592],[4.875,46.6552],[4.8731,46.6567],[4.8686,46.6562],[4.8657,46.6531],[4.8628,46.6533],[4.8596,46.6541],[4.8579,46.6568],[4.853,46.66],[4.8473,46.6598],[4.8448,46.6633],[4.8449,46.6678],[4.8441,46.6702],[4.8397,46.6744],[4.8391,46.6778],[4.8422,46.6793],[4.8525,46.6798],[4.8531,46.6823],[4.8569,46.6834],[4.858,46.6824],[4.8623,46.6834],[4.8623,46.685],[4.8659,46.6857],[4.8677,46.6838],[4.8721,46.6849],[4.8739,46.6867],[4.8719,46.6803],[4.8761,46.6773],[4.8738,46.675],[4.8767,46.6721],[4.8766,46.6703],[4.8806,46.6661],[4.8835,46.6656],[4.88,46.6624]]]}},{"type":"Feature","properties":{"code":"71027","nom":"Beaurepaire-en-Bresse","pop":716},"geometry":{"type":"Polygon","coordinates":[[[5.425,46.6616],[5.4233,46.6607],[5.4177,46.6607],[5.4116,46.6588],[5.4063,46.6583],[5.4011,46.6542],[5.3947,46.6534],[5.3893,46.6536],[5.3842,46.655],[5.3768,46.6552],[5.3751,46.653],[5.3721,46.6521],[5.368,46.6527],[5.3707,46.6612],[5.3671,46.6633],[5.3711,46.6651],[5.3728,46.6672],[5.3713,46.6682],[5.3706,46.6723],[5.3684,46.6737],[5.3703,46.6747],[5.3747,46.6738],[5.3749,46.6784],[5.3784,46.6783],[5.3827,46.6811],[5.3877,46.6815],[5.3874,46.6841],[5.3953,46.685],[5.3972,46.6831],[5.4025,46.6818],[5.4031,46.6794],[5.4109,46.6784],[5.415,46.6759],[5.421,46.6735],[5.4215,46.6727],[5.4187,46.6677],[5.4196,46.6663],[5.4269,46.6637],[5.425,46.6616]]]}},{"type":"Feature","properties":{"code":"71028","nom":"Beauvernois","pop":105},"geometry":{"type":"Polygon","coordinates":[[[5.4251,46.86],[5.4315,46.8608],[5.4308,46.8581],[5.4445,46.8517],[5.4497,46.8565],[5.4462,46.8578],[5.4415,46.8578],[5.4412,46.8561],[5.4385,46.8553],[5.4362,46.8599],[5.4335,46.8609],[5.4397,46.8616],[5.4465,46.8603],[5.4479,46.8588],[5.4545,46.8555],[5.4592,46.8551],[5.4612,46.8541],[5.4585,46.8504],[5.4597,46.8475],[5.4573,46.8475],[5.4571,46.8453],[5.4603,46.8429],[5.4653,46.8408],[5.4622,46.8391],[5.4595,46.8343],[5.4568,46.8309],[5.4583,46.8309],[5.4594,46.8293],[5.463,46.8286],[5.4596,46.8286],[5.4581,46.8301],[5.4531,46.8301],[5.4469,46.828],[5.4442,46.829],[5.4401,46.8267],[5.4376,46.8274],[5.433,46.8271],[5.429,46.8259],[5.4248,46.8277],[5.4196,46.8289],[5.4166,46.8268],[5.4125,46.8281],[5.4106,46.8301],[5.4095,46.8332],[5.4127,46.8329],[5.4217,46.8307],[5.4235,46.8343],[5.422,46.8348],[5.4223,46.8397],[5.4176,46.8412],[5.4197,46.8431],[5.4276,46.8461],[5.4317,46.8483],[5.4305,46.8496],[5.4316,46.8521],[5.4289,46.8547],[5.4251,46.86]],[[5.4428,46.8459],[5.4477,46.8457],[5.4487,46.848],[5.4462,46.8494],[5.4429,46.8498],[5.4408,46.846],[5.4428,46.8459]]]}},{"type":"Feature","properties":{"code":"71029","nom":"Bellevesvre","pop":315},"geometry":{"type":"Polygon","coordinates":[[[5.3818,46.8279],[5.3753,46.827],[5.3685,46.8309],[5.3657,46.8319],[5.362,46.8317],[5.3556,46.8346],[5.3537,46.8363],[5.3565,46.8413],[5.3513,46.8513],[5.3515,46.8538],[5.3492,46.8556],[5.3444,46.8577],[5.3452,46.8598],[5.3443,46.863],[5.3423,46.8639],[5.3473,46.8659],[5.3481,46.8694],[5.3561,46.8658],[5.357,46.8635],[5.3591,46.8623],[5.3621,46.8625],[5.3658,46.8616],[5.3698,46.8636],[5.3736,46.8615],[5.3708,46.8597],[5.3761,46.8559],[5.3777,46.8532],[5.3824,46.853],[5.3809,46.8508],[5.375,46.8444],[5.3698,46.8424],[5.3731,46.8404],[5.3751,46.8374],[5.3799,46.8363],[5.3786,46.8332],[5.3845,46.8337],[5.3836,46.8288],[5.3818,46.8279]]]}},{"type":"Feature","properties":{"code":"71030","nom":"Bergesserin","pop":195},"geometry":{"type":"Polygon","coordinates":[[[4.5729,46.3797],[4.5698,46.3802],[4.5648,46.3826],[4.5626,46.3854],[4.5586,46.3864],[4.5573,46.3877],[4.5605,46.3892],[4.5627,46.3918],[4.5532,46.3919],[4.5496,46.3932],[4.5425,46.3942],[4.5403,46.3956],[4.5407,46.3973],[4.5386,46.3989],[4.5391,46.4013],[4.5418,46.4018],[4.546,46.4038],[4.5448,46.41],[4.5496,46.4123],[4.5589,46.4139],[4.5617,46.415],[4.5596,46.4113],[4.5608,46.41],[4.5645,46.4093],[4.5671,46.4101],[4.5678,46.4125],[4.5741,46.4113],[4.5754,46.4094],[4.5727,46.4079],[4.5778,46.4054],[4.5816,46.403],[4.5821,46.4018],[4.5778,46.3994],[4.5772,46.3964],[4.5794,46.3934],[4.5798,46.39],[4.578,46.3853],[4.576,46.3818],[4.5729,46.3797]]]}},{"type":"Feature","properties":{"code":"71031","nom":"Berzé-le-Châtel","pop":54},"geometry":{"type":"Polygon","coordinates":[[[4.6959,46.3885],[4.6953,46.386],[4.6975,46.3821],[4.6947,46.3802],[4.6876,46.3789],[4.6849,46.3777],[4.6825,46.3876],[4.6814,46.3896],[4.6731,46.3928],[4.6714,46.3927],[4.6679,46.3966],[4.6631,46.3978],[4.6617,46.3994],[4.6563,46.4017],[4.6612,46.4034],[4.673,46.4065],[4.6753,46.4082],[4.6821,46.4098],[4.6876,46.4064],[4.6922,46.4059],[4.6954,46.4029],[4.6989,46.4017],[4.6967,46.397],[4.6959,46.3885]]]}},{"type":"Feature","properties":{"code":"71032","nom":"Berzé-la-Ville","pop":708},"geometry":{"type":"Polygon","coordinates":[[[4.6849,46.3777],[4.6876,46.3789],[4.6947,46.3802],[4.6975,46.3821],[4.6953,46.386],[4.6959,46.3885],[4.7015,46.387],[4.7042,46.3835],[4.7033,46.3775],[4.7044,46.3753],[4.7152,46.3732],[4.7165,46.3689],[4.7158,46.3631],[4.7166,46.3601],[4.7159,46.3512],[4.7119,46.3522],[4.7078,46.3511],[4.7061,46.3532],[4.6989,46.3561],[4.6944,46.3603],[4.6935,46.3639],[4.6914,46.3655],[4.6849,46.3777]]]}},{"type":"Feature","properties":{"code":"71033","nom":"Bey","pop":870},"geometry":{"type":"Polygon","coordinates":[[[4.9642,46.8447],[4.966,46.8437],[4.9731,46.842],[4.9756,46.8398],[4.9729,46.8371],[4.977,46.8357],[4.9745,46.8344],[4.9776,46.8297],[4.982,46.8269],[4.984,46.8265],[4.9887,46.823],[4.9913,46.8198],[4.9888,46.8161],[4.9898,46.814],[4.9863,46.8096],[4.9855,46.8072],[4.9804,46.7994],[4.9754,46.8003],[4.9759,46.8044],[4.973,46.806],[4.9685,46.8065],[4.9679,46.8055],[4.9602,46.8064],[4.9578,46.8053],[4.9524,46.8102],[4.9543,46.8123],[4.958,46.8145],[4.9572,46.8197],[4.9546,46.8237],[4.9523,46.8258],[4.9475,46.8282],[4.9516,46.831],[4.9621,46.8396],[4.9642,46.8447]]]}},{"type":"Feature","properties":{"code":"71034","nom":"Bissey-sous-Cruchaud","pop":333},"geometry":{"type":"Polygon","coordinates":[[[4.6476,46.7421],[4.6535,46.7426],[4.658,46.7398],[4.662,46.7384],[4.6728,46.7365],[4.6725,46.7386],[4.6768,46.7386],[4.6801,46.7397],[4.6829,46.738],[4.6876,46.7418],[4.693,46.7409],[4.6961,46.7407],[4.7018,46.7383],[4.7027,46.7369],[4.7022,46.7336],[4.7102,46.7334],[4.7303,46.7317],[4.7448,46.7301],[4.7452,46.7306],[4.7455,46.7283],[4.7416,46.7222],[4.7393,46.7221],[4.7308,46.7173],[4.7239,46.7167],[4.7245,46.7187],[4.7159,46.7225],[4.7082,46.7227],[4.7087,46.7247],[4.7049,46.7265],[4.6981,46.7271],[4.6942,46.7259],[4.693,46.7218],[4.6913,46.7197],[4.6851,46.7203],[4.6804,46.7182],[4.6796,46.7211],[4.675,46.7242],[4.6699,46.7222],[4.6666,46.7184],[4.6647,46.7192],[4.6613,46.7208],[4.6549,46.7257],[4.6557,46.728],[4.655,46.731],[4.6518,46.7353],[4.6445,46.7382],[4.6429,46.7399],[4.6476,46.7421]]]}},{"type":"Feature","properties":{"code":"71035","nom":"Bissy-la-Mâconnaise","pop":201},"geometry":{"type":"Polygon","coordinates":[[[4.7964,46.4837],[4.7964,46.4813],[4.7989,46.4785],[4.7996,46.4764],[4.7955,46.4741],[4.7912,46.4741],[4.7828,46.4763],[4.7749,46.4795],[4.7765,46.4816],[4.7709,46.4827],[4.7682,46.4807],[4.768,46.4784],[4.7649,46.4786],[4.7603,46.4734],[4.7581,46.4736],[4.7581,46.4812],[4.7604,46.4846],[4.7614,46.4878],[4.7588,46.4935],[4.7626,46.4957],[4.767,46.4963],[4.7717,46.4969],[4.7733,46.4998],[4.7762,46.4975],[4.7762,46.4952],[4.7794,46.4935],[4.7826,46.49],[4.7878,46.4898],[4.7892,46.4886],[4.7949,46.4879],[4.7948,46.4858],[4.7964,46.4837]]]}},{"type":"Feature","properties":{"code":"71036","nom":"Bissy-sous-Uxelles","pop":67},"geometry":{"type":"Polygon","coordinates":[[[4.7279,46.5757],[4.7387,46.5694],[4.7471,46.5665],[4.7446,46.5605],[4.7396,46.5595],[4.7393,46.561],[4.7326,46.5629],[4.7303,46.5647],[4.7273,46.5652],[4.7263,46.5618],[4.718,46.5643],[4.7156,46.5629],[4.7074,46.5661],[4.7113,46.5667],[4.7152,46.5721],[4.7145,46.5736],[4.7162,46.5771],[4.719,46.5768],[4.72,46.5795],[4.7279,46.5757]]]}},{"type":"Feature","properties":{"code":"71037","nom":"Bissy-sur-Fley","pop":85},"geometry":{"type":"Polygon","coordinates":[[[4.6229,46.6513],[4.6164,46.6511],[4.6161,46.6539],[4.6121,46.654],[4.6125,46.6576],[4.6062,46.6616],[4.6047,46.6637],[4.6062,46.6644],[4.6112,46.6711],[4.6103,46.6725],[4.6141,46.6769],[4.6163,46.6771],[4.62,46.6782],[4.6227,46.678],[4.6236,46.6754],[4.6275,46.6768],[4.6294,46.6713],[4.6313,46.6684],[4.6363,46.6555],[4.6375,46.6527],[4.6305,46.6527],[4.6229,46.6513]]]}},{"type":"Feature","properties":{"code":"71038","nom":"Les Bizots","pop":471},"geometry":{"type":"Polygon","coordinates":[[[4.4045,46.7669],[4.4103,46.7626],[4.4127,46.7599],[4.4124,46.7582],[4.4142,46.7542],[4.4182,46.7497],[4.4226,46.7468],[4.4273,46.7464],[4.4313,46.7445],[4.4269,46.7435],[4.421,46.7393],[4.4229,46.7377],[4.4213,46.7309],[4.392,46.7354],[4.3816,46.7369],[4.3747,46.7363],[4.371,46.7345],[4.3623,46.7366],[4.3568,46.7359],[4.3543,46.7343],[4.3494,46.7338],[4.3469,46.7376],[4.3477,46.7396],[4.3453,46.7418],[4.3431,46.7421],[4.343,46.7453],[4.3407,46.7511],[4.3446,46.7523],[4.3458,46.7543],[4.344,46.7554],[4.3459,46.7574],[4.3453,46.7607],[4.3484,46.7615],[4.3527,46.761],[4.3565,46.7615],[4.3556,46.7635],[4.359,46.7657],[4.3583,46.768],[4.3532,46.7683],[4.3553,46.7711],[4.3655,46.7734],[4.3668,46.7749],[4.3708,46.7762],[4.3779,46.7726],[4.3863,46.7716],[4.3912,46.7735],[4.3959,46.7728],[4.4045,46.7669]]]}},{"type":"Feature","properties":{"code":"71039","nom":"Blanot","pop":203},"geometry":{"type":"Polygon","coordinates":[[[4.7431,46.4552],[4.7413,46.4545],[4.7383,46.4561],[4.7375,46.4579],[4.7401,46.459],[4.7399,46.4613],[4.7342,46.4601],[4.7318,46.4614],[4.722,46.4632],[4.7203,46.4629],[4.721,46.4696],[4.7232,46.4735],[4.7258,46.4812],[4.7259,46.4854],[4.7264,46.4878],[4.725,46.4892],[4.7253,46.4917],[4.7269,46.4936],[4.7278,46.5029],[4.7293,46.5035],[4.7308,46.5072],[4.7346,46.5048],[4.7389,46.5051],[4.7436,46.5036],[4.7475,46.5048],[4.7482,46.5],[4.7519,46.496],[4.7588,46.4935],[4.7614,46.4878],[4.7604,46.4846],[4.7581,46.4812],[4.7581,46.4736],[4.7571,46.4702],[4.7567,46.465],[4.7489,46.4656],[4.7451,46.4638],[4.7457,46.4588],[4.7431,46.4552]]]}},{"type":"Feature","properties":{"code":"71040","nom":"Blanzy","pop":5955},"geometry":{"type":"Polygon","coordinates":[[[4.346,46.7325],[4.3494,46.7338],[4.3543,46.7343],[4.3568,46.7359],[4.3623,46.7366],[4.371,46.7345],[4.3747,46.7363],[4.3816,46.7369],[4.392,46.7354],[4.4213,46.7309],[4.4178,46.7271],[4.418,46.7253],[4.4148,46.7213],[4.4104,46.7186],[4.4104,46.7171],[4.4064,46.7141],[4.4107,46.7111],[4.4138,46.712],[4.418,46.7107],[4.4183,46.7087],[4.423,46.7066],[4.4279,46.7101],[4.4345,46.7078],[4.4401,46.7076],[4.441,46.7049],[4.4452,46.7072],[4.4446,46.7019],[4.4437,46.6981],[4.4399,46.6967],[4.4415,46.6948],[4.4416,46.6923],[4.4447,46.6904],[4.4479,46.6868],[4.4481,46.6841],[4.4498,46.6815],[4.4471,46.679],[4.4415,46.6781],[4.4394,46.6767],[4.4345,46.6749],[4.4244,46.6726],[4.4237,46.6741],[4.419,46.6728],[4.4192,46.6712],[4.4164,46.6691],[4.4142,46.6712],[4.4116,46.6713],[4.4107,46.6687],[4.4003,46.6685],[4.3884,46.6678],[4.3851,46.671],[4.3856,46.6734],[4.3891,46.6818],[4.3839,46.682],[4.3828,46.6837],[4.3778,46.6862],[4.3778,46.6895],[4.3705,46.6922],[4.3666,46.6988],[4.3603,46.6988],[4.3534,46.6965],[4.3477,46.6984],[4.3492,46.6993],[4.3502,46.703],[4.3482,46.7065],[4.3434,46.7059],[4.3463,46.709],[4.3456,46.7118],[4.3408,46.7125],[4.3385,46.7115],[4.3324,46.7112],[4.3322,46.7158],[4.336,46.7197],[4.3346,46.7219],[4.3361,46.7252],[4.3422,46.7293],[4.346,46.7325]]]}},{"type":"Feature","properties":{"code":"71041","nom":"Bois-Sainte-Marie","pop":189},"geometry":{"type":"Polygon","coordinates":[[[4.3571,46.3463],[4.3607,46.3434],[4.3609,46.3375],[4.3642,46.3286],[4.3569,46.3227],[4.3507,46.3223],[4.3419,46.3258],[4.3399,46.3253],[4.3396,46.33],[4.345,46.3304],[4.3488,46.3353],[4.3496,46.3382],[4.3522,46.3403],[4.3571,46.3463]]]}},{"type":"Feature","properties":{"code":"71042","nom":"Bonnay-Saint-Ythaire","pop":449},"geometry":{"type":"Polygon","coordinates":[[[4.5995,46.5866],[4.6038,46.5882],[4.6065,46.5861],[4.6037,46.5824],[4.609,46.5802],[4.6111,46.5786],[4.6179,46.5769],[4.618,46.5751],[4.6158,46.5728],[4.62,46.5728],[4.6206,46.5701],[4.6241,46.5707],[4.6266,46.5701],[4.6357,46.5694],[4.6427,46.5684],[4.6464,46.5686],[4.651,46.5665],[4.6558,46.565],[4.6582,46.5625],[4.6571,46.5555],[4.6561,46.5523],[4.6566,46.5501],[4.6533,46.547],[4.6491,46.5445],[4.6449,46.5468],[4.6437,46.546],[4.637,46.5464],[4.6381,46.5413],[4.6338,46.5404],[4.6325,46.5379],[4.6272,46.5363],[4.6253,46.5337],[4.6179,46.532],[4.6142,46.5301],[4.6116,46.5324],[4.6112,46.534],[4.6086,46.5361],[4.6069,46.5353],[4.6027,46.5355],[4.5969,46.5375],[4.591,46.5347],[4.5883,46.5361],[4.5926,46.5381],[4.5908,46.542],[4.5924,46.5448],[4.5922,46.5513],[4.5942,46.5526],[4.5931,46.5553],[4.5897,46.5544],[4.5913,46.558],[4.5858,46.5618],[4.5816,46.5606],[4.5793,46.5644],[4.5759,46.5647],[4.5766,46.5688],[4.5797,46.5688],[4.5834,46.5753],[4.5853,46.5775],[4.5919,46.5795],[4.5938,46.5812],[4.5938,46.584],[4.5976,46.5848],[4.5995,46.5866]]]}},{"type":"Feature","properties":{"code":"71043","nom":"Les Bordes","pop":85},"geometry":{"type":"Polygon","coordinates":[[[5.0546,46.9087],[5.0606,46.9085],[5.0608,46.9056],[5.0585,46.9055],[5.0578,46.8955],[5.0605,46.8954],[5.0603,46.8926],[5.0508,46.8939],[5.0397,46.8937],[5.0306,46.892],[5.0263,46.8932],[5.026,46.8964],[5.0289,46.8983],[5.0354,46.8973],[5.041,46.8987],[5.0438,46.9011],[5.0522,46.9052],[5.0546,46.9087]]]}},{"type":"Feature","properties":{"code":"71044","nom":"Bosjean","pop":321},"geometry":{"type":"Polygon","coordinates":[[[5.345,46.7498],[5.3459,46.7523],[5.3382,46.7551],[5.3356,46.7549],[5.3281,46.7585],[5.3261,46.7574],[5.3232,46.7577],[5.321,46.755],[5.3168,46.7558],[5.3113,46.7577],[5.3118,46.7614],[5.3041,46.7605],[5.3069,46.7639],[5.3006,46.7662],[5.2993,46.765],[5.2981,46.7679],[5.3,46.7722],[5.3066,46.7693],[5.3105,46.7711],[5.3176,46.7706],[5.3197,46.7741],[5.3217,46.7743],[5.3223,46.7791],[5.3207,46.7813],[5.3291,46.7844],[5.3331,46.7841],[5.3385,46.7891],[5.3414,46.7907],[5.348,46.7898],[5.3492,46.7937],[5.3533,46.7928],[5.3558,46.7908],[5.3569,46.7873],[5.3589,46.787],[5.3626,46.7837],[5.3664,46.7828],[5.3695,46.7831],[5.3687,46.7866],[5.3711,46.7862],[5.3714,46.7836],[5.3692,46.7787],[5.3717,46.7766],[5.3751,46.7767],[5.376,46.7752],[5.3802,46.7763],[5.3853,46.7752],[5.3902,46.7706],[5.3904,46.7678],[5.3889,46.7654],[5.3863,46.7641],[5.3846,46.7613],[5.3815,46.7593],[5.376,46.7548],[5.3734,46.7541],[5.3726,46.7503],[5.3696,46.752],[5.3667,46.7521],[5.3601,46.7532],[5.3587,46.752],[5.3485,46.7531],[5.3483,46.7507],[5.345,46.7498]]]}},{"type":"Feature","properties":{"code":"71045","nom":"Bouhans","pop":174},"geometry":{"type":"Polygon","coordinates":[[[5.2665,46.7694],[5.2694,46.7706],[5.2714,46.7733],[5.2751,46.7767],[5.2746,46.7786],[5.2719,46.779],[5.2696,46.7809],[5.2723,46.7841],[5.2762,46.7836],[5.2777,46.7858],[5.2805,46.7873],[5.2849,46.7863],[5.2881,46.787],[5.2907,46.7892],[5.2957,46.7889],[5.2973,46.7905],[5.2952,46.7928],[5.2968,46.7967],[5.3099,46.7976],[5.3178,46.7991],[5.3213,46.7983],[5.3212,46.7969],[5.3177,46.7931],[5.3182,46.7913],[5.3162,46.7895],[5.3172,46.7873],[5.3172,46.7839],[5.3159,46.782],[5.3126,46.7804],[5.3011,46.7774],[5.3036,46.7753],[5.3004,46.7736],[5.3,46.7722],[5.2981,46.7679],[5.2993,46.765],[5.2976,46.7636],[5.296,46.7597],[5.294,46.7598],[5.2906,46.7582],[5.2917,46.7566],[5.2889,46.754],[5.283,46.7531],[5.2767,46.7563],[5.2754,46.7612],[5.274,46.7615],[5.272,46.765],[5.2671,46.7665],[5.2701,46.7682],[5.2665,46.7694]]]}},{"type":"Feature","properties":{"code":"71046","nom":"La Boulaye","pop":102},"geometry":{"type":"Polygon","coordinates":[[[4.1779,46.7089],[4.1745,46.7074],[4.1718,46.7109],[4.1651,46.7127],[4.1645,46.7117],[4.1593,46.7141],[4.1611,46.7178],[4.1598,46.7235],[4.1575,46.7264],[4.1542,46.7285],[4.1517,46.7315],[4.1481,46.7324],[4.1451,46.731],[4.1423,46.7322],[4.1383,46.7317],[4.1407,46.7285],[4.1386,46.7247],[4.1388,46.7215],[4.1375,46.7169],[4.1349,46.7162],[4.1297,46.7208],[4.1275,46.7235],[4.1293,46.7254],[4.1281,46.7276],[4.1286,46.7324],[4.1245,46.7338],[4.1247,46.7412],[4.1233,46.7437],[4.1258,46.7518],[4.129,46.7543],[4.1277,46.7575],[4.1363,46.7581],[4.1434,46.7572],[4.1475,46.7579],[4.1508,46.7593],[4.1531,46.7615],[4.1557,46.762],[4.1585,46.7609],[4.1585,46.7569],[4.1603,46.7532],[4.1647,46.7528],[4.1627,46.7477],[4.1658,46.7469],[4.1707,46.7438],[4.1713,46.7395],[4.1736,46.7378],[4.1746,46.7331],[4.1765,46.7315],[4.1759,46.7293],[4.1805,46.729],[4.1781,46.7268],[4.1761,46.7234],[4.1761,46.7198],[4.1749,46.718],[4.1762,46.7099],[4.1779,46.7089]]]}},{"type":"Feature","properties":{"code":"71047","nom":"Bourbon-Lancy","pop":4674},"geometry":{"type":"Polygon","coordinates":[[[3.7163,46.6311],[3.7087,46.6361],[3.7072,46.641],[3.7043,46.6454],[3.7133,46.6419],[3.7177,46.6393],[3.7235,46.6387],[3.724,46.6372],[3.7278,46.6361],[3.7311,46.6322],[3.7345,46.6334],[3.7344,46.6386],[3.7335,46.6413],[3.7366,46.6447],[3.7343,46.6477],[3.7374,46.6535],[3.7401,46.655],[3.7378,46.6589],[3.7402,46.6599],[3.7449,46.6581],[3.7459,46.6602],[3.7447,46.6616],[3.7456,46.6644],[3.7525,46.6679],[3.7603,46.6692],[3.7608,46.6654],[3.7627,46.6622],[3.7672,46.6635],[3.7706,46.6615],[3.7715,46.6597],[3.7755,46.661],[3.7771,46.6589],[3.7816,46.6588],[3.7869,46.6573],[3.7908,46.6552],[3.7934,46.6564],[3.7962,46.6537],[3.8024,46.6532],[3.8052,46.6545],[3.8091,46.6578],[3.8133,46.6586],[3.816,46.6566],[3.8203,46.652],[3.8198,46.6461],[3.817,46.6422],[3.8173,46.6393],[3.8163,46.6363],[3.8139,46.6359],[3.8115,46.6315],[3.8072,46.6288],[3.7994,46.6282],[3.7931,46.6263],[3.792,46.6231],[3.7968,46.6233],[3.8028,46.6217],[3.8047,46.6176],[3.808,46.6176],[3.8106,46.6162],[3.8096,46.6136],[3.8061,46.612],[3.8006,46.6112],[3.8096,46.6023],[3.8085,46.5999],[3.8047,46.5987],[3.8052,46.5953],[3.802,46.5936],[3.7991,46.5945],[3.8016,46.589],[3.8015,46.5864],[3.8038,46.5849],[3.8044,46.5826],[3.8102,46.577],[3.8092,46.5736],[3.8094,46.571],[3.8055,46.5702],[3.8031,46.5684],[3.7947,46.5693],[3.7895,46.5718],[3.7878,46.5755],[3.785,46.5773],[3.7787,46.5772],[3.7759,46.5782],[3.7718,46.5825],[3.7697,46.5839],[3.7571,46.5823],[3.7492,46.5842],[3.7419,46.5831],[3.739,46.5838],[3.7339,46.5951],[3.7371,46.5992],[3.7375,46.601],[3.7352,46.6037],[3.7307,46.6049],[3.7243,46.6046],[3.7197,46.605],[3.7141,46.6084],[3.7129,46.6102],[3.7132,46.613],[3.7154,46.6157],[3.7194,46.6181],[3.723,46.6221],[3.7244,46.6258],[3.7227,46.6276],[3.7163,46.6311]]]}},{"type":"Feature","properties":{"code":"71048","nom":"Bourg-le-Comte","pop":168},"geometry":{"type":"Polygon","coordinates":[[[4.0047,46.3276],[4.0067,46.32],[4.0141,46.3165],[4.0182,46.3101],[4.0179,46.3056],[4.0185,46.3025],[4.0123,46.3018],[4.0103,46.3025],[4.0023,46.3023],[3.9981,46.3011],[3.994,46.301],[3.9889,46.2981],[3.9852,46.2972],[3.9759,46.296],[3.971,46.3008],[3.9681,46.3019],[3.9651,46.3042],[3.9571,46.3021],[3.9521,46.3053],[3.9475,46.3034],[3.9478,46.3056],[3.9494,46.3126],[3.9487,46.3159],[3.9468,46.3184],[3.9472,46.3215],[3.9513,46.3202],[3.959,46.319],[3.9656,46.3205],[3.9691,46.322],[3.9775,46.3193],[3.984,46.3187],[3.9873,46.3148],[3.9899,46.3152],[3.9879,46.3204],[3.9899,46.3226],[3.9938,46.3222],[3.9974,46.3233],[4.0047,46.3276]]]}},{"type":"Feature","properties":{"code":"71050","nom":"Bourgvilain","pop":344},"geometry":{"type":"Polygon","coordinates":[[[4.6127,46.3689],[4.6153,46.3714],[4.6161,46.3759],[4.6196,46.3762],[4.6234,46.3793],[4.633,46.3793],[4.6332,46.381],[4.6376,46.3831],[4.648,46.3781],[4.6507,46.3775],[4.6597,46.3786],[4.6629,46.3745],[4.6623,46.3691],[4.6608,46.3648],[4.6568,46.3584],[4.6571,46.3541],[4.6598,46.3521],[4.6608,46.3495],[4.6597,46.3478],[4.6542,46.345],[4.6503,46.3464],[4.6416,46.3472],[4.6363,46.3504],[4.6319,46.3546],[4.6304,46.3532],[4.6276,46.3554],[4.6253,46.3545],[4.6183,46.3559],[4.6174,46.3546],[4.6103,46.3558],[4.6059,46.3583],[4.6055,46.3622],[4.6066,46.3647],[4.6127,46.3689]]]}},{"type":"Feature","properties":{"code":"71051","nom":"Bouzeron","pop":143},"geometry":{"type":"Polygon","coordinates":[[[4.7342,46.9048],[4.7386,46.9045],[4.743,46.9006],[4.7399,46.896],[4.7392,46.89],[4.7365,46.887],[4.7239,46.8803],[4.721,46.8771],[4.7185,46.8767],[4.7181,46.8807],[4.7162,46.882],[4.7123,46.8861],[4.7202,46.8968],[4.7306,46.9006],[4.7342,46.9048]]]}},{"type":"Feature","properties":{"code":"71052","nom":"Boyer","pop":725},"geometry":{"type":"Polygon","coordinates":[[[4.946,46.6206],[4.9437,46.6167],[4.943,46.6125],[4.9396,46.6085],[4.9325,46.6017],[4.9282,46.5956],[4.9245,46.592],[4.9185,46.5874],[4.9086,46.5899],[4.9042,46.5895],[4.9036,46.5883],[4.8993,46.5874],[4.8987,46.5848],[4.8949,46.585],[4.8903,46.5769],[4.8856,46.5775],[4.8852,46.5759],[4.8819,46.5761],[4.8798,46.5732],[4.8735,46.5769],[4.8701,46.5794],[4.8654,46.5814],[4.8664,46.5829],[4.8635,46.5846],[4.8617,46.59],[4.8703,46.5944],[4.8744,46.5948],[4.8741,46.5983],[4.8788,46.6001],[4.8808,46.6035],[4.8835,46.6028],[4.8852,46.6052],[4.8778,46.6093],[4.8828,46.6118],[4.892,46.6106],[4.8926,46.6135],[4.8954,46.6146],[4.8968,46.613],[4.9019,46.6166],[4.907,46.6167],[4.9136,46.6177],[4.9258,46.6172],[4.9276,46.6228],[4.9287,46.6237],[4.939,46.6234],[4.946,46.6206]]]}},{"type":"Feature","properties":{"code":"71054","nom":"Bragny-sur-Saône","pop":667},"geometry":{"type":"Polygon","coordinates":[[[5.027,46.9431],[5.0331,46.9471],[5.039,46.9457],[5.0401,46.9485],[5.0448,46.9451],[5.0508,46.9433],[5.0518,46.9416],[5.0559,46.9412],[5.0567,46.9401],[5.0524,46.9378],[5.0488,46.9344],[5.0471,46.9308],[5.048,46.9269],[5.0498,46.9242],[5.0532,46.9215],[5.0552,46.9196],[5.056,46.9167],[5.054,46.9125],[5.0546,46.9087],[5.0522,46.9052],[5.0438,46.9011],[5.041,46.8987],[5.0354,46.8973],[5.0289,46.8983],[5.0268,46.9005],[5.0126,46.9065],[5.0073,46.9071],[5.0102,46.9086],[5.0073,46.9109],[5.0048,46.9094],[5.0038,46.912],[5.0061,46.9182],[5.0062,46.9224],[5.0082,46.9285],[5.0108,46.9308],[5.0112,46.9331],[5.0134,46.9341],[5.0164,46.9325],[5.0216,46.9361],[5.0276,46.9418],[5.027,46.9431]]]}},{"type":"Feature","properties":{"code":"71056","nom":"Branges","pop":2386},"geometry":{"type":"Polygon","coordinates":[[[5.1303,46.6311],[5.1318,46.6325],[5.1294,46.6339],[5.1272,46.6467],[5.1237,46.6503],[5.1241,46.6537],[5.1226,46.6557],[5.1248,46.6601],[5.1245,46.6612],[5.1199,46.6639],[5.1161,46.6643],[5.1194,46.6699],[5.1227,46.6713],[5.125,46.6733],[5.1284,46.6748],[5.1305,46.6731],[5.1337,46.6745],[5.138,46.6729],[5.1426,46.673],[5.149,46.6716],[5.1529,46.6679],[5.1539,46.6645],[5.1592,46.6659],[5.1626,46.6685],[5.1669,46.6695],[5.1693,46.6692],[5.1794,46.6719],[5.1826,46.6715],[5.1854,46.6729],[5.1934,46.6748],[5.194,46.6694],[5.201,46.6699],[5.2028,46.6709],[5.2045,46.664],[5.2042,46.6605],[5.2021,46.6581],[5.2026,46.6511],[5.2086,46.6466],[5.2081,46.6422],[5.2051,46.6358],[5.2047,46.633],[5.2057,46.6316],[5.2021,46.6292],[5.1965,46.628],[5.1952,46.6297],[5.2002,46.6325],[5.1979,46.6343],[5.1929,46.635],[5.1899,46.6381],[5.1865,46.6383],[5.1815,46.6373],[5.1752,46.637],[5.1693,46.638],[5.1653,46.6393],[5.1619,46.6373],[5.1629,46.6337],[5.1549,46.6337],[5.1512,46.6363],[5.1432,46.634],[5.1391,46.6338],[5.1345,46.6316],[5.1303,46.6311]]]}},{"type":"Feature","properties":{"code":"71057","nom":"Bray","pop":128},"geometry":{"type":"Polygon","coordinates":[[[4.7308,46.5072],[4.7293,46.5035],[4.7278,46.5029],[4.7269,46.4936],[4.7253,46.4917],[4.725,46.4892],[4.7264,46.4878],[4.7259,46.4854],[4.7235,46.487],[4.7153,46.4904],[4.715,46.4925],[4.712,46.4932],[4.7108,46.4902],[4.705,46.491],[4.7019,46.4922],[4.6976,46.4929],[4.692,46.4918],[4.6858,46.4917],[4.6822,46.4929],[4.681,46.4954],[4.6825,46.4982],[4.6807,46.5006],[4.6837,46.5043],[4.6829,46.511],[4.6856,46.5111],[4.6866,46.5139],[4.6915,46.516],[4.6896,46.5174],[4.689,46.5215],[4.695,46.5193],[4.6986,46.5167],[4.7053,46.5166],[4.708,46.519],[4.7098,46.5188],[4.713,46.5209],[4.717,46.5191],[4.7141,46.5168],[4.7147,46.5151],[4.7243,46.5142],[4.732,46.512],[4.73,46.5084],[4.7308,46.5072]]]}},{"type":"Feature","properties":{"code":"71058","nom":"Bresse-sur-Grosne","pop":184},"geometry":{"type":"Polygon","coordinates":[[[4.7615,46.5947],[4.7596,46.5925],[4.7545,46.5935],[4.7526,46.5926],[4.7482,46.5897],[4.7386,46.5863],[4.737,46.5848],[4.7298,46.5822],[4.7281,46.5785],[4.7279,46.5757],[4.72,46.5795],[4.719,46.5768],[4.7162,46.5771],[4.7154,46.5803],[4.7023,46.5855],[4.7068,46.5901],[4.7095,46.5958],[4.7055,46.598],[4.7079,46.6039],[4.7106,46.6054],[4.7101,46.6068],[4.7127,46.6102],[4.721,46.6063],[4.724,46.6086],[4.7259,46.608],[4.729,46.6122],[4.7323,46.6122],[4.7389,46.6103],[4.7491,46.605],[4.7532,46.6067],[4.7514,46.6017],[4.7544,46.6002],[4.7516,46.5976],[4.7541,46.5961],[4.7615,46.5947]]]}},{"type":"Feature","properties":{"code":"71059","nom":"Le Breuil","pop":3538},"geometry":{"type":"Polygon","coordinates":[[[4.5212,46.7754],[4.5152,46.7742],[4.5082,46.7735],[4.4966,46.7714],[4.4874,46.7679],[4.4846,46.7673],[4.479,46.7697],[4.4762,46.7701],[4.4732,46.7741],[4.4668,46.7752],[4.4648,46.7793],[4.462,46.7797],[4.4565,46.7816],[4.4545,46.7832],[4.4512,46.7876],[4.452,46.7893],[4.4557,46.7887],[4.4561,46.7917],[4.4574,46.7937],[4.456,46.7981],[4.4583,46.7992],[4.4604,46.8042],[4.4595,46.8063],[4.4549,46.8106],[4.4532,46.8134],[4.451,46.8143],[4.4551,46.8181],[4.4579,46.8185],[4.4601,46.8206],[4.4643,46.8234],[4.4671,46.8242],[4.4702,46.8272],[4.4726,46.8253],[4.4788,46.8227],[4.4825,46.8206],[4.4853,46.8204],[4.488,46.8157],[4.4915,46.8145],[4.4928,46.8131],[4.4984,46.812],[4.5004,46.8131],[4.5044,46.8132],[4.5037,46.8104],[4.5074,46.8111],[4.5103,46.8126],[4.5156,46.8136],[4.5232,46.8135],[4.5273,46.8081],[4.5299,46.8068],[4.5325,46.8015],[4.5376,46.7985],[4.5426,46.7933],[4.5455,46.7847],[4.5404,46.7816],[4.5396,46.7833],[4.5353,46.784],[4.5295,46.7794],[4.5262,46.779],[4.5212,46.7754]]]}},{"type":"Feature","properties":{"code":"71060","nom":"Briant","pop":222},"geometry":{"type":"Polygon","coordinates":[[[4.1822,46.3011],[4.1856,46.2972],[4.1766,46.2982],[4.1744,46.2994],[4.1705,46.2984],[4.1657,46.2989],[4.1642,46.2969],[4.1596,46.298],[4.1599,46.2953],[4.1619,46.2908],[4.1596,46.287],[4.1596,46.2812],[4.1612,46.2806],[4.1614,46.2768],[4.1648,46.2741],[4.1673,46.2711],[4.1647,46.2702],[4.1608,46.2724],[4.1557,46.2714],[4.1526,46.2706],[4.1525,46.2729],[4.1498,46.2736],[4.1477,46.279],[4.1497,46.2815],[4.1472,46.2824],[4.1438,46.2869],[4.1425,46.287],[4.1376,46.2912],[4.1369,46.2945],[4.1332,46.2935],[4.1304,46.2941],[4.1205,46.2943],[4.1172,46.296],[4.1179,46.299],[4.1229,46.3083],[4.1289,46.3116],[4.1318,46.3139],[4.134,46.3169],[4.1375,46.3149],[4.1421,46.3151],[4.1469,46.3165],[4.1537,46.3172],[4.1548,46.3204],[4.1538,46.3233],[4.1597,46.3239],[4.1645,46.3237],[4.1622,46.3194],[4.1648,46.3156],[4.1728,46.3123],[4.1812,46.3083],[4.1842,46.3043],[4.1822,46.3011]]]}},{"type":"Feature","properties":{"code":"71061","nom":"Brienne","pop":488},"geometry":{"type":"Polygon","coordinates":[[[5.0177,46.5665],[5.0235,46.5669],[5.0296,46.568],[5.0314,46.5647],[5.034,46.566],[5.0395,46.5668],[5.0417,46.5646],[5.0455,46.5639],[5.0439,46.5619],[5.0453,46.5587],[5.0386,46.5566],[5.0375,46.5532],[5.0336,46.5492],[5.0315,46.5493],[5.0275,46.5474],[5.0256,46.5481],[5.0188,46.5435],[5.0184,46.5417],[5.0144,46.5396],[5.0105,46.5438],[5.0096,46.5487],[5.0105,46.5506],[5.0082,46.5523],[5.0079,46.558],[5.0064,46.5598],[5.0062,46.5631],[5.0071,46.5665],[5.0111,46.5668],[5.0111,46.5648],[5.0149,46.5649],[5.0177,46.5665]]]}},{"type":"Feature","properties":{"code":"71062","nom":"Brion","pop":303},"geometry":{"type":"Polygon","coordinates":[[[4.2444,46.8911],[4.2417,46.8927],[4.2369,46.8912],[4.2298,46.8941],[4.2282,46.8955],[4.2268,46.8967],[4.2274,46.8991],[4.223,46.9026],[4.2246,46.905],[4.2225,46.9066],[4.2177,46.9054],[4.216,46.9038],[4.2099,46.9046],[4.2051,46.9058],[4.208,46.9092],[4.2117,46.9114],[4.2149,46.9165],[4.215,46.9201],[4.2185,46.9211],[4.2172,46.9247],[4.218,46.933],[4.2203,46.9325],[4.2317,46.9324],[4.2384,46.9366],[4.2411,46.9374],[4.2402,46.942],[4.2466,46.9414],[4.2501,46.9396],[4.2523,46.9401],[4.2534,46.9376],[4.2574,46.9343],[4.2607,46.9327],[4.2619,46.9306],[4.2662,46.9289],[4.2677,46.9265],[4.2717,46.9235],[4.2716,46.9197],[4.2675,46.9213],[4.2659,46.9206],[4.2654,46.9138],[4.2672,46.9119],[4.2731,46.9123],[4.272,46.9089],[4.2664,46.9076],[4.2671,46.9057],[4.2651,46.9029],[4.2622,46.901],[4.2577,46.9018],[4.2584,46.8996],[4.2533,46.8967],[4.2446,46.8948],[4.2444,46.8911]]]}},{"type":"Feature","properties":{"code":"71063","nom":"Broye","pop":760},"geometry":{"type":"Polygon","coordinates":[[[4.3478,46.8645],[4.3463,46.8629],[4.3351,46.8627],[4.3312,46.8615],[4.3298,46.8622],[4.3243,46.8612],[4.3194,46.8616],[4.3178,46.8595],[4.3126,46.8599],[4.3054,46.8639],[4.3043,46.8612],[4.3001,46.8631],[4.2967,46.8622],[4.2884,46.864],[4.286,46.866],[4.287,46.8674],[4.2843,46.8712],[4.2844,46.8746],[4.2831,46.8766],[4.2798,46.8778],[4.2783,46.8804],[4.2738,46.8852],[4.2766,46.8868],[4.273,46.8912],[4.2704,46.8967],[4.2729,46.9011],[4.2719,46.9034],[4.2733,46.9063],[4.2749,46.9068],[4.2802,46.9143],[4.2818,46.9191],[4.2841,46.9213],[4.2906,46.9223],[4.2915,46.92],[4.2959,46.9193],[4.2964,46.9207],[4.3029,46.9177],[4.307,46.9173],[4.312,46.9181],[4.3144,46.9151],[4.3224,46.909],[4.3329,46.9048],[4.3383,46.9034],[4.3382,46.8934],[4.3361,46.8919],[4.3366,46.8884],[4.3407,46.8892],[4.3409,46.8913],[4.3446,46.8909],[4.3469,46.8874],[4.3465,46.8853],[4.3516,46.8825],[4.3488,46.8775],[4.345,46.8763],[4.3441,46.8704],[4.3407,46.8686],[4.3402,46.8654],[4.3478,46.8645]]]}},{"type":"Feature","properties":{"code":"71064","nom":"Bruailles","pop":984},"geometry":{"type":"Polygon","coordinates":[[[5.2737,46.6209],[5.2752,46.6177],[5.2782,46.618],[5.2832,46.6156],[5.2834,46.6123],[5.2853,46.6102],[5.2883,46.6109],[5.292,46.6084],[5.2941,46.6082],[5.2922,46.6022],[5.2878,46.5949],[5.2891,46.5921],[5.2867,46.588],[5.2897,46.5835],[5.2857,46.5808],[5.2872,46.5785],[5.2888,46.5737],[5.2905,46.5711],[5.2889,46.5687],[5.2861,46.5702],[5.286,46.5665],[5.283,46.5657],[5.2788,46.5669],[5.277,46.5662],[5.2677,46.5693],[5.2686,46.5708],[5.2676,46.5744],[5.2653,46.5748],[5.2588,46.576],[5.2554,46.5782],[5.2543,46.5807],[5.2463,46.5837],[5.243,46.5824],[5.2394,46.5824],[5.2391,46.5848],[5.2364,46.5844],[5.2347,46.587],[5.235,46.5896],[5.2372,46.5897],[5.2344,46.5933],[5.2289,46.5941],[5.2256,46.5973],[5.2226,46.5954],[5.2186,46.596],[5.2156,46.6011],[5.2126,46.6026],[5.2136,46.6056],[5.2157,46.6055],[5.2174,46.6081],[5.2158,46.6104],[5.2185,46.6104],[5.2192,46.613],[5.2172,46.615],[5.22,46.616],[5.2236,46.6189],[5.2258,46.6174],[5.2296,46.6173],[5.2322,46.6161],[5.2358,46.6158],[5.2389,46.6187],[5.2418,46.6197],[5.2428,46.6175],[5.2504,46.6142],[5.2526,46.6149],[5.2561,46.6136],[5.2577,46.616],[5.2608,46.6155],[5.2651,46.6174],[5.2694,46.6204],[5.2737,46.6209]]]}},{"type":"Feature","properties":{"code":"71065","nom":"Buffières","pop":273},"geometry":{"type":"Polygon","coordinates":[[[4.5659,46.4318],[4.563,46.4299],[4.5578,46.4286],[4.5618,46.4251],[4.5621,46.4218],[4.5658,46.4183],[4.5617,46.415],[4.5589,46.4139],[4.5496,46.4123],[4.5448,46.41],[4.5419,46.4106],[4.5375,46.4097],[4.5377,46.4141],[4.5331,46.416],[4.5316,46.4146],[4.5257,46.4134],[4.5194,46.4127],[4.5176,46.4113],[4.5148,46.4149],[4.5172,46.4169],[4.5166,46.4187],[4.5195,46.4224],[4.5192,46.4252],[4.5169,46.4297],[4.5163,46.4328],[4.5124,46.4373],[4.5125,46.4404],[4.514,46.4425],[4.5153,46.4469],[4.5224,46.4445],[4.5242,46.4427],[4.5288,46.4448],[4.5311,46.447],[4.5376,46.4493],[4.5405,46.4516],[4.5413,46.455],[4.5429,46.4553],[4.5475,46.4528],[4.5456,46.4451],[4.5446,46.4441],[4.5483,46.4376],[4.5563,46.4342],[4.5622,46.4339],[4.5659,46.4318]]]}},{"type":"Feature","properties":{"code":"71066","nom":"Burgy","pop":112},"geometry":{"type":"Polygon","coordinates":[[[4.8395,46.462],[4.8366,46.4592],[4.8323,46.458],[4.8268,46.453],[4.8174,46.4567],[4.8201,46.4626],[4.8241,46.4666],[4.8265,46.4725],[4.8302,46.4729],[4.8303,46.4744],[4.8341,46.4757],[4.8354,46.4742],[4.8406,46.476],[4.8434,46.4753],[4.8437,46.4709],[4.8417,46.4708],[4.8395,46.462]]]}},{"type":"Feature","properties":{"code":"71067","nom":"Burnand","pop":121},"geometry":{"type":"Polygon","coordinates":[[[4.6517,46.5987],[4.6515,46.5986],[4.6493,46.5973],[4.6426,46.5967],[4.6441,46.5942],[4.6422,46.5912],[4.641,46.5873],[4.6394,46.5865],[4.6347,46.5869],[4.6329,46.5863],[4.6296,46.5876],[4.6284,46.5897],[4.6198,46.5927],[4.6184,46.5925],[4.6149,46.599],[4.6111,46.5988],[4.612,46.6027],[4.6134,46.604],[4.6155,46.603],[4.6181,46.6046],[4.6192,46.6066],[4.617,46.6086],[4.6202,46.6093],[4.6236,46.6089],[4.6292,46.611],[4.6337,46.6159],[4.637,46.6158],[4.6386,46.6143],[4.6482,46.6126],[4.6489,46.611],[4.6534,46.6087],[4.6544,46.6064],[4.654,46.6037],[4.6517,46.5987]]]}},{"type":"Feature","properties":{"code":"71068","nom":"Burzy","pop":59},"geometry":{"type":"Polygon","coordinates":[[[4.5654,46.5885],[4.5625,46.6005],[4.5666,46.6007],[4.57,46.6051],[4.582,46.6013],[4.5866,46.6005],[4.5894,46.6014],[4.5926,46.6005],[4.604,46.5996],[4.6059,46.6013],[4.6108,46.5988],[4.6074,46.596],[4.6066,46.5901],[4.5995,46.5866],[4.5976,46.5848],[4.5938,46.584],[4.588,46.5845],[4.5837,46.5861],[4.5827,46.5876],[4.5762,46.5892],[4.5699,46.5878],[4.568,46.5898],[4.5654,46.588],[4.5654,46.5885]]]}},{"type":"Feature","properties":{"code":"71069","nom":"Bussières","pop":580},"geometry":{"type":"Polygon","coordinates":[[[4.7049,46.3239],[4.6989,46.3278],[4.7003,46.3314],[4.6943,46.3347],[4.6934,46.3382],[4.6952,46.3404],[4.6976,46.3408],[4.6988,46.343],[4.7028,46.3439],[4.7097,46.3448],[4.7123,46.3426],[4.715,46.3417],[4.7149,46.34],[4.7302,46.3328],[4.7301,46.3314],[4.7196,46.3265],[4.7161,46.3239],[4.7095,46.3227],[4.7049,46.3239]]]}},{"type":"Feature","properties":{"code":"71070","nom":"Buxy","pop":2150},"geometry":{"type":"Polygon","coordinates":[[[4.664,46.7188],[4.6647,46.7192],[4.6666,46.7184],[4.6699,46.7222],[4.675,46.7242],[4.6796,46.7211],[4.6804,46.7182],[4.6851,46.7203],[4.6913,46.7197],[4.693,46.7218],[4.6942,46.7259],[4.6981,46.7271],[4.7049,46.7265],[4.7087,46.7247],[4.7082,46.7227],[4.7159,46.7225],[4.7245,46.7187],[4.7239,46.7167],[4.7308,46.7173],[4.7393,46.7221],[4.7416,46.7222],[4.7418,46.7214],[4.7537,46.7197],[4.7602,46.7163],[4.7658,46.7147],[4.7577,46.7123],[4.7507,46.7098],[4.7432,46.7041],[4.738,46.7051],[4.73,46.7039],[4.7243,46.7053],[4.7222,46.705],[4.7163,46.7066],[4.711,46.7024],[4.7042,46.7001],[4.7001,46.7008],[4.6962,46.7002],[4.6907,46.7009],[4.692,46.7031],[4.6876,46.7049],[4.6862,46.7066],[4.6868,46.7086],[4.6789,46.7106],[4.6747,46.7135],[4.6695,46.7153],[4.6653,46.7153],[4.6657,46.7175],[4.664,46.7188]]]}},{"type":"Feature","properties":{"code":"71071","nom":"Céron","pop":263},"geometry":{"type":"Polygon","coordinates":[[[3.8995,46.2759],[3.8932,46.2804],[3.8912,46.2852],[3.8946,46.2881],[3.8983,46.288],[3.8972,46.2926],[3.9076,46.2944],[3.9125,46.2966],[3.9155,46.2969],[3.931,46.296],[3.9432,46.2993],[3.9475,46.3034],[3.9521,46.3053],[3.9571,46.3021],[3.9651,46.3042],[3.9681,46.3019],[3.971,46.3008],[3.9759,46.296],[3.9757,46.2897],[3.9731,46.2876],[3.9754,46.2824],[3.9705,46.2799],[3.9734,46.2765],[3.9728,46.2733],[3.9738,46.2709],[3.9686,46.2706],[3.9676,46.2694],[3.963,46.2686],[3.9565,46.2664],[3.9456,46.2603],[3.9435,46.2583],[3.9398,46.2565],[3.9344,46.2547],[3.9274,46.2537],[3.925,46.2596],[3.9191,46.2607],[3.9087,46.2607],[3.9067,46.261],[3.9076,46.2641],[3.9061,46.2679],[3.9051,46.2729],[3.9021,46.2765],[3.8995,46.2759]]]}},{"type":"Feature","properties":{"code":"71072","nom":"Cersot","pop":142},"geometry":{"type":"Polygon","coordinates":[[[4.6284,46.6945],[4.6224,46.7001],[4.62,46.6984],[4.6161,46.6991],[4.6159,46.7049],[4.6148,46.7058],[4.6135,46.7102],[4.6148,46.7134],[4.6125,46.7144],[4.6123,46.7172],[4.6166,46.7193],[4.6191,46.7186],[4.6225,46.7212],[4.6275,46.7217],[4.6288,46.7203],[4.6292,46.7184],[4.6276,46.7163],[4.6308,46.7155],[4.6323,46.7115],[4.6373,46.71],[4.6412,46.7105],[4.642,46.709],[4.6493,46.7093],[4.6566,46.7081],[4.6552,46.7027],[4.6519,46.6995],[4.6517,46.6979],[4.6465,46.6915],[4.6442,46.694],[4.6392,46.6968],[4.6331,46.6947],[4.6284,46.6945]]]}},{"type":"Feature","properties":{"code":"71073","nom":"Chagny","pop":5350},"geometry":{"type":"Polygon","coordinates":[[[4.7392,46.89],[4.7399,46.896],[4.743,46.9006],[4.7386,46.9045],[4.7342,46.9048],[4.7324,46.9074],[4.7321,46.912],[4.7337,46.9124],[4.7317,46.9158],[4.7282,46.9194],[4.7339,46.9215],[4.7369,46.9235],[4.7402,46.9211],[4.7444,46.9246],[4.7477,46.9217],[4.7537,46.9182],[4.7604,46.9169],[4.7675,46.9184],[4.7705,46.9179],[4.772,46.9119],[4.7721,46.9064],[4.7752,46.9035],[4.779,46.901],[4.7864,46.9012],[4.7933,46.9009],[4.7962,46.9017],[4.8028,46.9059],[4.8085,46.9061],[4.811,46.907],[4.8158,46.907],[4.8194,46.9004],[4.8208,46.8994],[4.8218,46.8956],[4.8206,46.8927],[4.8223,46.8915],[4.8193,46.8897],[4.8149,46.8858],[4.8215,46.8826],[4.8247,46.8793],[4.8201,46.8745],[4.8149,46.8771],[4.8151,46.8789],[4.8095,46.8789],[4.8051,46.88],[4.8008,46.8818],[4.7959,46.8827],[4.7943,46.8837],[4.7884,46.8847],[4.7816,46.8852],[4.7745,46.8845],[4.7708,46.883],[4.7651,46.8851],[4.7603,46.8855],[4.7552,46.8869],[4.7523,46.8869],[4.7392,46.89]]]}},{"type":"Feature","properties":{"code":"71074","nom":"Chaintré","pop":569},"geometry":{"type":"Polygon","coordinates":[[[4.752,46.2638],[4.7553,46.2638],[4.7567,46.2662],[4.7594,46.266],[4.7692,46.2635],[4.7734,46.262],[4.7776,46.2619],[4.7895,46.2582],[4.7956,46.2567],[4.7971,46.257],[4.7975,46.2555],[4.7977,46.2528],[4.7906,46.2544],[4.7812,46.2538],[4.7735,46.2512],[4.7665,46.252],[4.7625,46.252],[4.7557,46.2545],[4.7502,46.2583],[4.7536,46.2597],[4.7534,46.2624],[4.752,46.2638]]]}},{"type":"Feature","properties":{"code":"71075","nom":"Chalmoux","pop":639},"geometry":{"type":"Polygon","coordinates":[[[3.8096,46.6023],[3.8115,46.6023],[3.8156,46.6056],[3.8235,46.6063],[3.8301,46.6102],[3.8335,46.6159],[3.8406,46.6182],[3.8452,46.6233],[3.8528,46.6258],[3.857,46.626],[3.8575,46.6276],[3.865,46.631],[3.8783,46.6303],[3.8802,46.632],[3.8836,46.6289],[3.8906,46.6281],[3.8934,46.6254],[3.8896,46.6229],[3.8916,46.6158],[3.8869,46.6151],[3.8887,46.609],[3.888,46.6067],[3.8958,46.6013],[3.8951,46.5963],[3.893,46.5945],[3.8871,46.5933],[3.8863,46.5923],[3.8911,46.5863],[3.8902,46.5838],[3.8868,46.5828],[3.884,46.5783],[3.8784,46.5774],[3.8785,46.5734],[3.8783,46.5718],[3.8741,46.567],[3.8688,46.5656],[3.8638,46.5627],[3.8642,46.5618],[3.8567,46.5584],[3.8531,46.5552],[3.8501,46.5551],[3.8485,46.5536],[3.8401,46.5553],[3.838,46.5583],[3.8364,46.5578],[3.8337,46.5572],[3.8319,46.5607],[3.8293,46.5614],[3.8294,46.5636],[3.8314,46.5674],[3.833,46.5679],[3.8341,46.5715],[3.8264,46.5731],[3.8195,46.5721],[3.8146,46.5709],[3.8094,46.571],[3.8092,46.5736],[3.8102,46.577],[3.8044,46.5826],[3.8038,46.5849],[3.8015,46.5864],[3.8016,46.589],[3.7991,46.5945],[3.802,46.5936],[3.8052,46.5953],[3.8047,46.5987],[3.8085,46.5999],[3.8096,46.6023]]]}},{"type":"Feature","properties":{"code":"71076","nom":"Chalon-sur-Saône","pop":45102},"geometry":{"type":"Polygon","coordinates":[[[4.8505,46.8189],[4.853,46.819],[4.8606,46.816],[4.8638,46.814],[4.8585,46.8098],[4.88,46.798],[4.8815,46.7977],[4.882,46.7918],[4.8787,46.7887],[4.8666,46.7831],[4.8676,46.7817],[4.8664,46.7777],[4.8677,46.7749],[4.8588,46.7603],[4.8555,46.7615],[4.8502,46.7631],[4.8462,46.7667],[4.8453,46.7696],[4.8463,46.7734],[4.8442,46.7749],[4.8412,46.7737],[4.8377,46.7741],[4.8352,46.7756],[4.8195,46.778],[4.8197,46.7826],[4.8267,46.7825],[4.8302,46.7829],[4.8285,46.7866],[4.8305,46.7881],[4.829,46.7903],[4.8304,46.7927],[4.8331,46.7943],[4.8314,46.8007],[4.8354,46.8011],[4.8375,46.8046],[4.8397,46.8052],[4.84,46.8087],[4.8387,46.8105],[4.8422,46.8121],[4.8448,46.8121],[4.849,46.8163],[4.8505,46.8189]]]}},{"type":"Feature","properties":{"code":"71077","nom":"Chambilly","pop":464},"geometry":{"type":"Polygon","coordinates":[[[4.0277,46.2902],[4.026,46.2888],[4.021,46.2884],[4.0164,46.2867],[4.0145,46.2823],[4.0154,46.278],[4.0204,46.2736],[4.0213,46.2709],[4.0203,46.2675],[4.0177,46.2646],[4.0091,46.2647],[4.0046,46.2638],[3.9927,46.2641],[3.9895,46.2629],[3.9826,46.2658],[3.9803,46.2686],[3.9803,46.2704],[3.9738,46.2709],[3.9728,46.2733],[3.9734,46.2765],[3.9705,46.2799],[3.9754,46.2824],[3.9731,46.2876],[3.9757,46.2897],[3.9759,46.296],[3.9852,46.2972],[3.9889,46.2981],[3.994,46.301],[3.9981,46.3011],[4.0023,46.3023],[4.0103,46.3025],[4.0123,46.3018],[4.0185,46.3025],[4.0199,46.3],[4.0257,46.294],[4.0277,46.2902]]]}},{"type":"Feature","properties":{"code":"71078","nom":"Chamilly","pop":146},"geometry":{"type":"Polygon","coordinates":[[[4.6643,46.867],[4.6675,46.8667],[4.6685,46.8688],[4.6718,46.8701],[4.6715,46.8727],[4.6744,46.8745],[4.6776,46.8752],[4.6827,46.8804],[4.6877,46.8762],[4.693,46.8739],[4.6952,46.8759],[4.6983,46.8753],[4.6947,46.8707],[4.6978,46.8692],[4.6978,46.8653],[4.699,46.8645],[4.6957,46.8633],[4.6915,46.8575],[4.6856,46.8565],[4.6757,46.8567],[4.6728,46.8548],[4.6656,46.8573],[4.6636,46.8597],[4.6647,46.8637],[4.6643,46.867]]]}},{"type":"Feature","properties":{"code":"71079","nom":"Champagnat","pop":460},"geometry":{"type":"Polygon","coordinates":[[[5.3763,46.4631],[5.3675,46.4673],[5.366,46.4717],[5.362,46.4749],[5.3639,46.4793],[5.3639,46.483],[5.3615,46.4859],[5.3552,46.4871],[5.3469,46.4851],[5.3424,46.4849],[5.3417,46.4872],[5.3397,46.4886],[5.3316,46.4893],[5.3282,46.4884],[5.3269,46.4868],[5.3269,46.4828],[5.3226,46.4848],[5.3181,46.4852],[5.3177,46.4938],[5.3183,46.5006],[5.3163,46.5027],[5.3224,46.5037],[5.3226,46.5021],[5.3306,46.5015],[5.3376,46.4982],[5.3407,46.4985],[5.3428,46.4972],[5.3481,46.4963],[5.3531,46.4973],[5.3572,46.4968],[5.3629,46.4947],[5.3702,46.4932],[5.3731,46.4918],[5.3729,46.4904],[5.378,46.4895],[5.3785,46.4874],[5.3812,46.4856],[5.3847,46.4854],[5.3871,46.4843],[5.3906,46.4851],[5.3954,46.483],[5.3975,46.485],[5.4026,46.4869],[5.406,46.4847],[5.4113,46.4827],[5.4161,46.4844],[5.4196,46.4813],[5.42,46.4805],[5.4156,46.4732],[5.4092,46.4699],[5.4025,46.4691],[5.3981,46.4666],[5.3893,46.4683],[5.384,46.4712],[5.3801,46.4678],[5.3763,46.4631]]]}},{"type":"Feature","properties":{"code":"71080","nom":"Champagny-sous-Uxelles","pop":82},"geometry":{"type":"Polygon","coordinates":[[[4.7471,46.5665],[4.7387,46.5694],[4.7279,46.5757],[4.7281,46.5785],[4.7298,46.5822],[4.737,46.5848],[4.7386,46.5863],[4.7482,46.5897],[4.7526,46.5926],[4.7588,46.5881],[4.763,46.5866],[4.7593,46.5844],[4.7655,46.5815],[4.7664,46.5793],[4.7663,46.5751],[4.763,46.5747],[4.7606,46.5727],[4.7584,46.5736],[4.7533,46.5715],[4.7514,46.5714],[4.7482,46.5689],[4.7471,46.5665]]]}},{"type":"Feature","properties":{"code":"71081","nom":"Champforgeuil","pop":2637},"geometry":{"type":"Polygon","coordinates":[[[4.8314,46.8007],[4.8319,46.8023],[4.8197,46.8047],[4.8103,46.8073],[4.8061,46.809],[4.7968,46.8149],[4.805,46.8192],[4.8085,46.8195],[4.8138,46.8243],[4.8151,46.8283],[4.8226,46.8275],[4.8257,46.825],[4.8285,46.8264],[4.8341,46.8268],[4.8454,46.8248],[4.8466,46.8207],[4.8505,46.8189],[4.849,46.8163],[4.8448,46.8121],[4.8422,46.8121],[4.8387,46.8105],[4.84,46.8087],[4.8397,46.8052],[4.8375,46.8046],[4.8354,46.8011],[4.8314,46.8007]]]}},{"type":"Feature","properties":{"code":"71082","nom":"Champlecy","pop":200},"geometry":{"type":"Polygon","coordinates":[[[4.1849,46.4493],[4.1885,46.4541],[4.1901,46.4518],[4.1952,46.45],[4.1975,46.4504],[4.2013,46.454],[4.2051,46.4559],[4.2029,46.4586],[4.203,46.462],[4.2004,46.4643],[4.195,46.4657],[4.1874,46.4662],[4.187,46.4682],[4.1828,46.4678],[4.1813,46.47],[4.1783,46.4701],[4.1793,46.4748],[4.1882,46.4757],[4.1891,46.4765],[4.1935,46.4774],[4.1973,46.4761],[4.2081,46.4778],[4.2098,46.4757],[4.2145,46.4758],[4.2151,46.479],[4.2222,46.4786],[4.2212,46.4816],[4.223,46.4821],[4.2306,46.4877],[4.2333,46.4889],[4.236,46.4885],[4.2378,46.4901],[4.2409,46.4878],[4.2462,46.4853],[4.2507,46.4829],[4.2553,46.4797],[4.2536,46.4765],[4.2575,46.4767],[4.2584,46.4736],[4.2633,46.4738],[4.2656,46.4728],[4.2702,46.4729],[4.2676,46.4678],[4.2691,46.4621],[4.2673,46.4558],[4.2649,46.4537],[4.2623,46.4555],[4.2441,46.4452],[4.2381,46.4462],[4.2351,46.4444],[4.234,46.4407],[4.2254,46.4417],[4.2225,46.4401],[4.2109,46.4367],[4.208,46.4405],[4.1992,46.4429],[4.1986,46.4452],[4.1849,46.4493]]]}},{"type":"Feature","properties":{"code":"71084","nom":"Chânes","pop":530},"geometry":{"type":"Polygon","coordinates":[[[4.7643,46.2274],[4.7559,46.2322],[4.758,46.2347],[4.7581,46.2413],[4.7594,46.2451],[4.7589,46.2468],[4.7555,46.2471],[4.7514,46.2501],[4.7478,46.2513],[4.7457,46.2538],[4.7426,46.2546],[4.7502,46.2583],[4.7557,46.2545],[4.7625,46.252],[4.7665,46.252],[4.7656,46.2428],[4.7656,46.2376],[4.7643,46.2274]]]}},{"type":"Feature","properties":{"code":"71085","nom":"Change","pop":217},"geometry":{"type":"Polygon","coordinates":[[[4.6497,46.9415],[4.6522,46.9387],[4.6495,46.9341],[4.6461,46.9269],[4.643,46.9242],[4.6386,46.9215],[4.6347,46.9173],[4.6326,46.9181],[4.6304,46.9168],[4.6293,46.9164],[4.623,46.9184],[4.619,46.9184],[4.6197,46.9216],[4.6149,46.9238],[4.6084,46.924],[4.6091,46.9293],[4.608,46.9351],[4.607,46.9354],[4.6111,46.9366],[4.6146,46.9415],[4.62,46.9407],[4.6266,46.9408],[4.6299,46.9386],[4.6342,46.9416],[4.6367,46.9402],[4.6405,46.94],[4.6497,46.9415]]]}},{"type":"Feature","properties":{"code":"71086","nom":"Changy","pop":427},"geometry":{"type":"Polygon","coordinates":[[[4.2658,46.3867],[4.2604,46.3915],[4.2583,46.3924],[4.2548,46.3892],[4.2457,46.3886],[4.2429,46.3868],[4.2329,46.3945],[4.2349,46.3968],[4.2322,46.3989],[4.2323,46.401],[4.2271,46.406],[4.2251,46.409],[4.2224,46.4102],[4.2193,46.4171],[4.219,46.4211],[4.2211,46.4271],[4.2278,46.4286],[4.23,46.4303],[4.2338,46.4393],[4.234,46.4407],[4.2351,46.4444],[4.2381,46.4462],[4.239,46.4455],[4.2393,46.4412],[4.2415,46.4399],[4.2572,46.4381],[4.2549,46.4332],[4.2542,46.4301],[4.2522,46.4287],[4.2592,46.426],[4.2648,46.4264],[4.2665,46.425],[4.2711,46.4234],[4.2762,46.4233],[4.2788,46.4242],[4.2795,46.4212],[4.283,46.4172],[4.285,46.4118],[4.2831,46.4107],[4.2822,46.4064],[4.283,46.4049],[4.28,46.4006],[4.2835,46.3999],[4.2821,46.395],[4.2826,46.392],[4.279,46.3917],[4.276,46.3896],[4.2712,46.3895],[4.2658,46.3867]]]}},{"type":"Feature","properties":{"code":"71087","nom":"Chapaize","pop":167},"geometry":{"type":"Polygon","coordinates":[[[4.7638,46.5459],[4.7586,46.5418],[4.755,46.5359],[4.7496,46.5337],[4.7479,46.5351],[4.7438,46.5363],[4.738,46.5365],[4.7399,46.54],[4.7408,46.5448],[4.7383,46.5453],[4.7245,46.5411],[4.7179,46.5403],[4.7176,46.5429],[4.7133,46.5423],[4.7121,46.5403],[4.7069,46.5429],[4.7006,46.5433],[4.7,46.545],[4.6974,46.5459],[4.698,46.5502],[4.697,46.5533],[4.7013,46.5542],[4.7013,46.5581],[4.7044,46.5581],[4.7054,46.5624],[4.7074,46.5661],[4.7156,46.5629],[4.718,46.5643],[4.7263,46.5618],[4.7273,46.5652],[4.7303,46.5647],[4.7326,46.5629],[4.7393,46.561],[4.7396,46.5595],[4.7446,46.5605],[4.7471,46.5665],[4.7482,46.5689],[4.7514,46.5714],[4.7533,46.5715],[4.76,46.5672],[4.7585,46.5655],[4.767,46.565],[4.7706,46.5638],[4.7719,46.5595],[4.7705,46.5588],[4.7703,46.553],[4.7638,46.5459]]]}},{"type":"Feature","properties":{"code":"71088","nom":"La Chapelle-au-Mans","pop":229},"geometry":{"type":"Polygon","coordinates":[[[3.9779,46.6549],[3.9841,46.6556],[3.9863,46.6545],[3.9928,46.6531],[3.9936,46.6517],[3.9968,46.6511],[3.9985,46.6463],[3.9971,46.6445],[3.9996,46.6429],[4.0026,46.6392],[4.0057,46.6367],[4.011,46.6339],[4.0117,46.6326],[4.0155,46.6295],[4.0184,46.6251],[4.0253,46.6199],[4.0315,46.6157],[4.0312,46.6132],[4.0272,46.6133],[4.0264,46.6112],[4.0292,46.6094],[4.0261,46.6056],[4.0228,46.6085],[4.0204,46.6118],[4.0159,46.6148],[4.0118,46.614],[4.0101,46.6068],[4.0067,46.6082],[4.0009,46.6056],[3.9969,46.608],[3.9918,46.6076],[3.989,46.6064],[3.9872,46.6076],[3.9817,46.6079],[3.9793,46.6074],[3.9786,46.6043],[3.9746,46.6043],[3.973,46.6074],[3.9675,46.6061],[3.9595,46.6094],[3.9575,46.6097],[3.9542,46.6125],[3.9434,46.6118],[3.9486,46.6148],[3.9466,46.616],[3.9423,46.6205],[3.9379,46.6201],[3.9369,46.6223],[3.931,46.6277],[3.9328,46.629],[3.929,46.6308],[3.9284,46.6332],[3.9426,46.6346],[3.945,46.6365],[3.9427,46.64],[3.9441,46.645],[3.9432,46.649],[3.9492,46.6482],[3.9476,46.6542],[3.9499,46.6564],[3.957,46.6548],[3.959,46.6586],[3.963,46.6599],[3.9697,46.6548],[3.9659,46.6527],[3.9719,46.6503],[3.9738,46.6485],[3.9776,46.6492],[3.9779,46.6549]]]}},{"type":"Feature","properties":{"code":"71089","nom":"La Chapelle-de-Bragny","pop":241},"geometry":{"type":"Polygon","coordinates":[[[4.7089,46.6098],[4.7088,46.6119],[4.7132,46.6131],[4.7151,46.6123],[4.7186,46.6135],[4.7206,46.6152],[4.7235,46.6153],[4.7289,46.6219],[4.7319,46.6228],[4.7342,46.6248],[4.7374,46.6237],[4.7397,46.6242],[4.7388,46.6277],[4.7446,46.6284],[4.7481,46.6306],[4.7506,46.6306],[4.7553,46.6334],[4.757,46.6376],[4.7598,46.6373],[4.767,46.6398],[4.7711,46.6401],[4.7699,46.6432],[4.7731,46.6442],[4.775,46.6465],[4.7794,46.6461],[4.781,46.6444],[4.7788,46.6431],[4.7789,46.6386],[4.783,46.6366],[4.7874,46.6358],[4.7906,46.6341],[4.7951,46.6353],[4.7958,46.6328],[4.7889,46.6219],[4.7791,46.6164],[4.776,46.614],[4.775,46.612],[4.7762,46.6081],[4.7759,46.6046],[4.7726,46.5982],[4.7687,46.5993],[4.7693,46.5948],[4.7685,46.5936],[4.7615,46.5947],[4.7541,46.5961],[4.7516,46.5976],[4.7544,46.6002],[4.7514,46.6017],[4.7532,46.6067],[4.7491,46.605],[4.7389,46.6103],[4.7323,46.6122],[4.729,46.6122],[4.7259,46.608],[4.724,46.6086],[4.721,46.6063],[4.7127,46.6102],[4.7101,46.6068],[4.7089,46.6098]]]}},{"type":"Feature","properties":{"code":"71090","nom":"La Chapelle-de-Guinchay","pop":4018},"geometry":{"type":"Polygon","coordinates":[[[4.7928,46.2076],[4.7887,46.2079],[4.784,46.2066],[4.784,46.2054],[4.7757,46.2071],[4.7704,46.2066],[4.767,46.2024],[4.761,46.206],[4.7544,46.2045],[4.7492,46.2061],[4.7453,46.2069],[4.7391,46.2106],[4.7358,46.2119],[4.7291,46.2141],[4.7297,46.2175],[4.728,46.2192],[4.7233,46.2202],[4.7205,46.2217],[4.7225,46.226],[4.72,46.2286],[4.7211,46.2296],[4.7324,46.2267],[4.7344,46.2305],[4.7369,46.2325],[4.7374,46.2328],[4.7467,46.2301],[4.7531,46.2272],[4.7559,46.2322],[4.7643,46.2274],[4.7733,46.2278],[4.7824,46.2293],[4.7854,46.2273],[4.7928,46.2264],[4.7981,46.2246],[4.7954,46.2201],[4.7931,46.2124],[4.7928,46.2076]]]}},{"type":"Feature","properties":{"code":"71091","nom":"La Chapelle-du-Mont-de-France","pop":189},"geometry":{"type":"Polygon","coordinates":[[[4.5403,46.3956],[4.5425,46.3942],[4.5496,46.3932],[4.5532,46.3919],[4.5627,46.3918],[4.5605,46.3892],[4.5573,46.3877],[4.5586,46.3864],[4.5626,46.3854],[4.5648,46.3826],[4.5698,46.3802],[4.5729,46.3797],[4.5724,46.3751],[4.5676,46.3755],[4.5627,46.3767],[4.5554,46.374],[4.5527,46.3708],[4.5469,46.3699],[4.539,46.3693],[4.5394,46.3663],[4.5347,46.3651],[4.5316,46.3657],[4.5281,46.363],[4.5245,46.3672],[4.5238,46.3738],[4.5214,46.3798],[4.5155,46.3798],[4.5138,46.3825],[4.5151,46.3848],[4.5126,46.3853],[4.5156,46.3895],[4.5202,46.3893],[4.5249,46.3936],[4.5289,46.394],[4.5331,46.3932],[4.5367,46.3949],[4.5403,46.3956]]]}},{"type":"Feature","properties":{"code":"71092","nom":"La Chapelle-Naude","pop":500},"geometry":{"type":"Polygon","coordinates":[[[5.1592,46.5786],[5.1574,46.5819],[5.1573,46.5862],[5.16,46.5882],[5.1636,46.5883],[5.1634,46.5955],[5.1626,46.5985],[5.1581,46.6014],[5.1632,46.602],[5.1617,46.6055],[5.1632,46.607],[5.1685,46.6079],[5.1728,46.6041],[5.1769,46.6031],[5.1804,46.6007],[5.1867,46.6017],[5.1904,46.606],[5.1937,46.6071],[5.1989,46.6068],[5.2019,46.6085],[5.2036,46.6122],[5.205,46.6103],[5.2087,46.6086],[5.2103,46.6097],[5.2158,46.6104],[5.2174,46.6081],[5.2157,46.6055],[5.2136,46.6056],[5.2126,46.6026],[5.2156,46.6011],[5.2186,46.596],[5.2226,46.5954],[5.2256,46.5973],[5.2289,46.5941],[5.2262,46.592],[5.2275,46.5892],[5.216,46.5841],[5.217,46.5828],[5.2216,46.5827],[5.2201,46.5794],[5.2181,46.5786],[5.218,46.5753],[5.2249,46.5743],[5.2261,46.5713],[5.2251,46.5697],[5.2201,46.5689],[5.2184,46.5696],[5.212,46.5659],[5.2063,46.5606],[5.2028,46.5632],[5.1987,46.5645],[5.1994,46.5672],[5.1952,46.5685],[5.1918,46.5667],[5.1885,46.5661],[5.185,46.5672],[5.1826,46.571],[5.1758,46.573],[5.1742,46.5717],[5.1697,46.5723],[5.1673,46.5771],[5.166,46.5783],[5.1616,46.578],[5.1592,46.5786]]]}},{"type":"Feature","properties":{"code":"71093","nom":"La Chapelle-Saint-Sauveur","pop":641},"geometry":{"type":"Polygon","coordinates":[[[5.2198,46.8574],[5.2211,46.8595],[5.2304,46.8584],[5.2322,46.8593],[5.2362,46.8581],[5.2389,46.8587],[5.2394,46.8618],[5.2429,46.8649],[5.2458,46.8648],[5.2502,46.8618],[5.2557,46.8612],[5.2603,46.8591],[5.262,46.8614],[5.2651,46.8618],[5.2652,46.864],[5.2695,46.8674],[5.2746,46.8683],[5.2753,46.8697],[5.2802,46.8692],[5.2831,46.8676],[5.2901,46.8689],[5.295,46.8673],[5.2989,46.8676],[5.2989,46.865],[5.302,46.8636],[5.3049,46.8636],[5.308,46.8654],[5.3112,46.8657],[5.3133,46.8631],[5.3147,46.8595],[5.3166,46.8582],[5.3185,46.8542],[5.3178,46.8503],[5.3139,46.8462],[5.3034,46.8442],[5.3051,46.8405],[5.3044,46.8381],[5.3018,46.8353],[5.3068,46.8342],[5.3062,46.8309],[5.309,46.8267],[5.3115,46.8268],[5.3145,46.8228],[5.31,46.8224],[5.3087,46.8204],[5.3042,46.8193],[5.3016,46.8166],[5.3006,46.8187],[5.3019,46.8235],[5.2993,46.825],[5.302,46.8272],[5.3046,46.8314],[5.2953,46.8326],[5.2954,46.8346],[5.289,46.8375],[5.2864,46.836],[5.2854,46.8324],[5.2779,46.8337],[5.2763,46.8347],[5.2714,46.8334],[5.2717,46.8317],[5.2649,46.8305],[5.2601,46.8312],[5.2603,46.8337],[5.252,46.8342],[5.2501,46.8356],[5.2417,46.8305],[5.2381,46.8303],[5.2395,46.8256],[5.2415,46.8243],[5.2396,46.818],[5.2354,46.8191],[5.2331,46.8216],[5.2298,46.8226],[5.2265,46.8256],[5.2226,46.8273],[5.2203,46.8306],[5.2176,46.8321],[5.2178,46.8341],[5.2202,46.8364],[5.2189,46.8388],[5.213,46.8414],[5.214,46.8463],[5.208,46.8476],[5.2072,46.8493],[5.2111,46.8563],[5.2148,46.8545],[5.219,46.8557],[5.2198,46.8574]]]}},{"type":"Feature","properties":{"code":"71094","nom":"La Chapelle-sous-Brancion","pop":145},"geometry":{"type":"Polygon","coordinates":[[[4.8138,46.5695],[4.8154,46.5682],[4.8138,46.5615],[4.8062,46.5522],[4.7965,46.5524],[4.7969,46.5503],[4.7944,46.5484],[4.7945,46.5463],[4.7911,46.5435],[4.7904,46.5387],[4.7884,46.5344],[4.7863,46.5338],[4.7813,46.5348],[4.7739,46.5346],[4.7734,46.5387],[4.7698,46.5402],[4.7676,46.5431],[4.7638,46.5459],[4.7703,46.553],[4.7705,46.5588],[4.7719,46.5595],[4.7706,46.5638],[4.767,46.565],[4.7678,46.5662],[4.7752,46.5717],[4.7765,46.5713],[4.7829,46.5726],[4.7927,46.5726],[4.7937,46.5711],[4.8031,46.569],[4.8075,46.5676],[4.8138,46.5695]]]}},{"type":"Feature","properties":{"code":"71095","nom":"La Chapelle-sous-Dun","pop":419},"geometry":{"type":"Polygon","coordinates":[[[4.2731,46.259],[4.2755,46.2629],[4.2759,46.2678],[4.2827,46.2779],[4.285,46.2771],[4.2869,46.2736],[4.2904,46.2747],[4.2941,46.274],[4.2953,46.2759],[4.2996,46.2764],[4.3046,46.2791],[4.3103,46.2802],[4.3115,46.2787],[4.3101,46.275],[4.3108,46.2724],[4.3176,46.2697],[4.3225,46.2663],[4.3261,46.2616],[4.3202,46.2583],[4.3181,46.2562],[4.3187,46.2535],[4.3169,46.2509],[4.3122,46.2517],[4.3069,46.2514],[4.3051,46.2539],[4.3003,46.253],[4.2983,46.2517],[4.2937,46.2519],[4.2887,46.2531],[4.2823,46.2536],[4.2799,46.2574],[4.2748,46.2581],[4.2731,46.259]]]}},{"type":"Feature","properties":{"code":"71096","nom":"La Chapelle-sous-Uchon","pop":198},"geometry":{"type":"Polygon","coordinates":[[[4.2813,46.8234],[4.276,46.8219],[4.2725,46.8245],[4.2673,46.8237],[4.2637,46.8261],[4.2565,46.8237],[4.2526,46.824],[4.2474,46.8226],[4.2446,46.8206],[4.2399,46.8187],[4.2351,46.8184],[4.2327,46.8162],[4.2309,46.8178],[4.2223,46.8166],[4.22,46.8211],[4.2151,46.8244],[4.2144,46.8263],[4.2106,46.828],[4.2061,46.8284],[4.202,46.8331],[4.2093,46.8392],[4.2111,46.8416],[4.2158,46.8441],[4.2166,46.8457],[4.2195,46.8474],[4.2125,46.8503],[4.2144,46.8533],[4.2165,46.8539],[4.2157,46.8571],[4.2204,46.8553],[4.2245,46.8512],[4.2251,46.8496],[4.2293,46.8464],[4.2326,46.8476],[4.2356,46.8462],[4.239,46.8464],[4.2405,46.8484],[4.2428,46.8479],[4.2446,46.8501],[4.243,46.8532],[4.2422,46.8567],[4.2468,46.8564],[4.2507,46.8541],[4.2537,46.8505],[4.2572,46.8479],[4.2549,46.8466],[4.255,46.8444],[4.2582,46.8431],[4.2662,46.8444],[4.2714,46.8458],[4.2753,46.8484],[4.279,46.8466],[4.2801,46.8478],[4.2827,46.8449],[4.282,46.8437],[4.2847,46.8418],[4.2833,46.839],[4.2843,46.8372],[4.283,46.8343],[4.2804,46.8313],[4.2828,46.8285],[4.2813,46.8234]]]}},{"type":"Feature","properties":{"code":"71097","nom":"La Chapelle-Thècle","pop":517},"geometry":{"type":"Polygon","coordinates":[[[5.0724,46.5789],[5.0745,46.5796],[5.0795,46.5794],[5.0857,46.5756],[5.0867,46.5721],[5.0891,46.571],[5.0941,46.5706],[5.0983,46.5713],[5.1021,46.5687],[5.1089,46.5681],[5.1104,46.5693],[5.1084,46.5728],[5.1129,46.5732],[5.1155,46.5727],[5.1167,46.5744],[5.125,46.5736],[5.133,46.5695],[5.1378,46.5681],[5.137,46.5659],[5.1409,46.5624],[5.1382,46.5624],[5.1365,46.5576],[5.131,46.5559],[5.131,46.5538],[5.1276,46.5527],[5.1274,46.5487],[5.1223,46.5445],[5.1216,46.5381],[5.1187,46.5369],[5.1146,46.5371],[5.1105,46.5362],[5.099,46.5363],[5.0953,46.5373],[5.0914,46.5366],[5.0883,46.5394],[5.0851,46.5393],[5.0844,46.5414],[5.0788,46.5408],[5.0775,46.5435],[5.0716,46.5463],[5.0743,46.5469],[5.0763,46.5506],[5.0737,46.5523],[5.075,46.5549],[5.0789,46.5538],[5.0808,46.5554],[5.0838,46.5562],[5.0821,46.5582],[5.0822,46.5614],[5.0796,46.5637],[5.0755,46.5634],[5.0754,46.5612],[5.0725,46.5614],[5.0726,46.564],[5.0753,46.5654],[5.0702,46.5689],[5.0672,46.5718],[5.0662,46.5732],[5.0666,46.5763],[5.0724,46.5789]]]}},{"type":"Feature","properties":{"code":"71098","nom":"Charbonnat","pop":216},"geometry":{"type":"Polygon","coordinates":[[[4.0466,46.7782],[4.0481,46.7789],[4.0556,46.7783],[4.0586,46.7806],[4.0616,46.785],[4.0629,46.7891],[4.062,46.7924],[4.0677,46.7921],[4.0757,46.7928],[4.0843,46.7916],[4.0908,46.7911],[4.0908,46.7893],[4.0927,46.7865],[4.0976,46.7851],[4.1129,46.7902],[4.1104,46.7919],[4.1071,46.791],[4.1048,46.7929],[4.1059,46.7957],[4.1106,46.7974],[4.1154,46.7975],[4.1244,46.7999],[4.1268,46.7995],[4.1301,46.8015],[4.1344,46.8006],[4.1331,46.7989],[4.1384,46.7984],[4.1439,46.7942],[4.1487,46.7922],[4.1515,46.7876],[4.1588,46.7821],[4.1558,46.779],[4.1587,46.7785],[4.1607,46.7738],[4.1539,46.7719],[4.1572,46.7704],[4.1572,46.7674],[4.1586,46.7645],[4.1573,46.7628],[4.1541,46.7634],[4.1531,46.7615],[4.1508,46.7593],[4.1475,46.7579],[4.1434,46.7572],[4.1363,46.7581],[4.1277,46.7575],[4.129,46.7543],[4.1258,46.7518],[4.124,46.7565],[4.1212,46.7589],[4.1176,46.7659],[4.1142,46.7686],[4.1095,46.7669],[4.111,46.7751],[4.1104,46.7766],[4.1059,46.7758],[4.1049,46.7744],[4.0964,46.7747],[4.0913,46.7767],[4.0856,46.7766],[4.0836,46.7742],[4.08,46.7746],[4.0715,46.7699],[4.0659,46.7654],[4.0643,46.7666],[4.0571,46.7725],[4.0474,46.7773],[4.0466,46.7782]]]}},{"type":"Feature","properties":{"code":"71099","nom":"Charbonnières","pop":335},"geometry":{"type":"Polygon","coordinates":[[[4.8398,46.3786],[4.8359,46.3796],[4.8297,46.3796],[4.8319,46.3774],[4.8216,46.3763],[4.8227,46.3792],[4.8183,46.381],[4.82,46.3863],[4.8217,46.3882],[4.8219,46.3982],[4.8226,46.3993],[4.8231,46.4011],[4.8273,46.4009],[4.8306,46.402],[4.8328,46.4015],[4.8369,46.3988],[4.8404,46.3981],[4.847,46.3938],[4.8467,46.3931],[4.8421,46.383],[4.8421,46.3813],[4.8398,46.3786]]]}},{"type":"Feature","properties":{"code":"71100","nom":"Chardonnay","pop":207},"geometry":{"type":"Polygon","coordinates":[[[4.8238,46.503],[4.825,46.509],[4.8263,46.5117],[4.8284,46.5111],[4.8314,46.5167],[4.8346,46.5159],[4.8377,46.513],[4.8435,46.5146],[4.8498,46.5145],[4.8504,46.5173],[4.8546,46.5187],[4.853,46.5207],[4.86,46.5197],[4.8652,46.5201],[4.8681,46.5192],[4.8717,46.5162],[4.8722,46.514],[4.87,46.5071],[4.8715,46.5058],[4.87,46.5031],[4.863,46.5019],[4.8562,46.4992],[4.8506,46.4993],[4.849,46.5012],[4.8446,46.5026],[4.8436,46.501],[4.8461,46.4989],[4.8448,46.4978],[4.8407,46.4992],[4.8366,46.5],[4.8343,46.4984],[4.8267,46.4996],[4.8274,46.5015],[4.8238,46.503]]]}},{"type":"Feature","properties":{"code":"71101","nom":"Charette-Varennes","pop":430},"geometry":{"type":"Polygon","coordinates":[[[5.2305,46.8961],[5.2266,46.8928],[5.2242,46.8925],[5.2217,46.8943],[5.2215,46.897],[5.2166,46.8943],[5.2102,46.895],[5.2077,46.8866],[5.2095,46.8813],[5.2077,46.8811],[5.2095,46.8769],[5.2074,46.8743],[5.2069,46.8707],[5.2042,46.8706],[5.1988,46.8722],[5.1953,46.8738],[5.194,46.876],[5.1913,46.8762],[5.1897,46.8745],[5.1837,46.8758],[5.1809,46.8751],[5.1781,46.8767],[5.1734,46.8756],[5.1685,46.8761],[5.1678,46.8786],[5.1688,46.882],[5.1727,46.8819],[5.1757,46.8849],[5.1767,46.8878],[5.1788,46.889],[5.1837,46.8888],[5.1822,46.8937],[5.179,46.8969],[5.1797,46.9005],[5.1836,46.8996],[5.1866,46.9022],[5.185,46.9079],[5.1862,46.9131],[5.1833,46.9136],[5.1806,46.9158],[5.1729,46.9167],[5.1684,46.9185],[5.1707,46.92],[5.1654,46.9216],[5.1684,46.9256],[5.1742,46.9283],[5.1777,46.9291],[5.1841,46.9321],[5.1877,46.935],[5.1931,46.9345],[5.1872,46.9272],[5.188,46.9233],[5.1939,46.9238],[5.196,46.9214],[5.204,46.9148],[5.2044,46.9117],[5.2094,46.9095],[5.2129,46.9104],[5.2152,46.9136],[5.2142,46.9163],[5.2203,46.9167],[5.223,46.9194],[5.2268,46.9204],[5.2314,46.9172],[5.2278,46.9139],[5.2282,46.9125],[5.2223,46.9054],[5.2288,46.9035],[5.2285,46.9012],[5.2256,46.8984],[5.2305,46.8961]]]}},{"type":"Feature","properties":{"code":"71102","nom":"La Charmée","pop":681},"geometry":{"type":"Polygon","coordinates":[[[4.8157,46.7009],[4.8141,46.6983],[4.8011,46.7043],[4.7976,46.702],[4.7935,46.7012],[4.7911,46.6995],[4.7887,46.6994],[4.7858,46.7037],[4.7784,46.7071],[4.7806,46.7152],[4.7789,46.7161],[4.7734,46.7141],[4.7708,46.7172],[4.7646,46.7211],[4.7629,46.7228],[4.7694,46.7246],[4.7711,46.7257],[4.7718,46.73],[4.7743,46.7314],[4.7758,46.7337],[4.7806,46.7329],[4.784,46.7338],[4.78,46.7387],[4.7783,46.7425],[4.7845,46.7456],[4.7861,46.7473],[4.7912,46.7478],[4.7948,46.7471],[4.7963,46.7455],[4.8014,46.7452],[4.8016,46.742],[4.8056,46.7408],[4.8097,46.7386],[4.8135,46.7404],[4.8064,46.7346],[4.8056,46.7321],[4.802,46.7285],[4.8055,46.7221],[4.8072,46.7205],[4.8125,46.7203],[4.8137,46.7232],[4.8167,46.725],[4.8196,46.7229],[4.8268,46.7213],[4.8265,46.716],[4.8246,46.7124],[4.8205,46.7082],[4.8175,46.7051],[4.8157,46.7009]]]}},{"type":"Feature","properties":{"code":"71103","nom":"Charmoy","pop":276},"geometry":{"type":"Polygon","coordinates":[[[4.346,46.7325],[4.3436,46.7348],[4.3413,46.7339],[4.3389,46.7354],[4.3315,46.7351],[4.3269,46.736],[4.3174,46.7364],[4.3155,46.7357],[4.3097,46.7378],[4.3077,46.7408],[4.305,46.74],[4.2976,46.7407],[4.294,46.7419],[4.2867,46.742],[4.2845,46.7434],[4.2824,46.7471],[4.2774,46.7509],[4.2755,46.7531],[4.2729,46.7585],[4.2722,46.7621],[4.2729,46.7648],[4.2699,46.7729],[4.2751,46.7718],[4.2764,46.7732],[4.2714,46.7742],[4.2721,46.7772],[4.2698,46.7803],[4.2707,46.7831],[4.2683,46.7839],[4.2663,46.7882],[4.269,46.7877],[4.2712,46.7903],[4.2745,46.7909],[4.2754,46.7936],[4.2843,46.7959],[4.2895,46.798],[4.2889,46.7999],[4.2923,46.8011],[4.299,46.8009],[4.3049,46.7993],[4.3087,46.7995],[4.311,46.7982],[4.3139,46.7938],[4.3167,46.7909],[4.3234,46.7924],[4.3245,46.7916],[4.3296,46.7915],[4.331,46.7905],[4.3362,46.7909],[4.3383,46.7893],[4.3425,46.7879],[4.3461,46.7905],[4.3447,46.7919],[4.3458,46.7937],[4.354,46.7971],[4.3581,46.801],[4.3619,46.7946],[4.3667,46.7898],[4.3687,46.7864],[4.3654,46.7837],[4.3681,46.7777],[4.3708,46.7762],[4.3668,46.7749],[4.3655,46.7734],[4.3553,46.7711],[4.3532,46.7683],[4.3583,46.768],[4.359,46.7657],[4.3556,46.7635],[4.3565,46.7615],[4.3527,46.761],[4.3484,46.7615],[4.3453,46.7607],[4.3459,46.7574],[4.344,46.7554],[4.3458,46.7543],[4.3446,46.7523],[4.3407,46.7511],[4.343,46.7453],[4.3431,46.7421],[4.3453,46.7418],[4.3477,46.7396],[4.3469,46.7376],[4.3494,46.7338],[4.346,46.7325]]]}},{"type":"Feature","properties":{"code":"71104","nom":"Charnay-lès-Chalon","pop":197},"geometry":{"type":"Polygon","coordinates":[[[5.0976,46.9448],[5.1031,46.9488],[5.1045,46.9478],[5.1089,46.9497],[5.1128,46.9525],[5.1174,46.9508],[5.1129,46.9463],[5.1147,46.9418],[5.1161,46.9403],[5.1127,46.937],[5.1105,46.9332],[5.1117,46.9325],[5.1068,46.9279],[5.1029,46.9256],[5.0972,46.9234],[5.0938,46.9214],[5.0895,46.9238],[5.0871,46.9274],[5.0798,46.9226],[5.0712,46.9286],[5.0683,46.9254],[5.0624,46.9245],[5.0576,46.9246],[5.0532,46.9215],[5.0498,46.9242],[5.048,46.9269],[5.0471,46.9308],[5.0488,46.9344],[5.0524,46.9378],[5.0567,46.9401],[5.0644,46.9422],[5.0674,46.9426],[5.0703,46.9395],[5.0695,46.9358],[5.0722,46.935],[5.0753,46.9379],[5.0773,46.9381],[5.0822,46.9354],[5.086,46.9368],[5.0899,46.9446],[5.0976,46.9448]]]}},{"type":"Feature","properties":{"code":"71105","nom":"Charnay-lès-Mâcon","pop":8227},"geometry":{"type":"Polygon","coordinates":[[[4.781,46.3237],[4.7897,46.3237],[4.793,46.3249],[4.7999,46.3215],[4.8015,46.3228],[4.8049,46.323],[4.8075,46.3182],[4.8123,46.3159],[4.8113,46.3135],[4.8205,46.3113],[4.818,46.3076],[4.8174,46.3048],[4.81,46.3034],[4.8032,46.2964],[4.8016,46.2917],[4.7974,46.2904],[4.7944,46.2911],[4.793,46.2887],[4.7903,46.2871],[4.784,46.2864],[4.7806,46.2845],[4.7791,46.2867],[4.7601,46.2891],[4.7599,46.288],[4.7595,46.2906],[4.7569,46.2929],[4.7605,46.2956],[4.7619,46.2967],[4.7702,46.2981],[4.7639,46.3062],[4.7629,46.3097],[4.7615,46.3096],[4.76,46.3128],[4.7632,46.3143],[4.7699,46.3117],[4.7769,46.3129],[4.7814,46.3127],[4.7819,46.3204],[4.7809,46.323],[4.781,46.3237]]]}},{"type":"Feature","properties":{"code":"71106","nom":"Charolles","pop":2772},"geometry":{"type":"Polygon","coordinates":[[[4.284,46.4218],[4.2795,46.4212],[4.2788,46.4242],[4.2762,46.4233],[4.2711,46.4234],[4.2665,46.425],[4.2648,46.4264],[4.2592,46.426],[4.2522,46.4287],[4.2542,46.4301],[4.2549,46.4332],[4.2572,46.4381],[4.2415,46.4399],[4.2393,46.4412],[4.239,46.4455],[4.2381,46.4462],[4.2441,46.4452],[4.2623,46.4555],[4.2649,46.4537],[4.2673,46.4558],[4.2691,46.4621],[4.2676,46.4678],[4.2702,46.4729],[4.2746,46.4743],[4.2758,46.4765],[4.274,46.4803],[4.2782,46.4799],[4.2813,46.4806],[4.285,46.4801],[4.2845,46.4769],[4.2868,46.4734],[4.2892,46.4728],[4.2885,46.4692],[4.2964,46.47],[4.2987,46.4713],[4.3019,46.4681],[4.3043,46.4697],[4.3067,46.4693],[4.3022,46.4654],[4.3085,46.4633],[4.309,46.4613],[4.3067,46.4585],[4.3038,46.4565],[4.3055,46.4547],[4.299,46.4511],[4.305,46.4499],[4.3034,46.4472],[4.3042,46.444],[4.3063,46.4414],[4.3088,46.4344],[4.3067,46.434],[4.308,46.4313],[4.3041,46.4303],[4.3009,46.4256],[4.2985,46.4247],[4.294,46.4266],[4.2932,46.4221],[4.2885,46.4211],[4.284,46.4218]]]}},{"type":"Feature","properties":{"code":"71107","nom":"Charrecey","pop":324},"geometry":{"type":"Polygon","coordinates":[[[4.6814,46.8291],[4.6744,46.827],[4.6696,46.8231],[4.6641,46.8218],[4.662,46.8223],[4.6588,46.8214],[4.6582,46.8243],[4.6592,46.8281],[4.6586,46.8293],[4.651,46.8302],[4.6529,46.8328],[4.6502,46.8358],[4.6524,46.8386],[4.6519,46.8406],[4.6536,46.8431],[4.6597,46.8461],[4.6609,46.8488],[4.6634,46.8481],[4.6645,46.8522],[4.666,46.8516],[4.679,46.8426],[4.6861,46.8399],[4.6897,46.8359],[4.6873,46.8358],[4.6859,46.8326],[4.6839,46.8324],[4.6814,46.8291]]]}},{"type":"Feature","properties":{"code":"71108","nom":"Chasselas","pop":175},"geometry":{"type":"Polygon","coordinates":[[[4.7077,46.2697],[4.7086,46.2754],[4.7101,46.2784],[4.7073,46.2815],[4.7075,46.2848],[4.7094,46.2856],[4.7165,46.2853],[4.7291,46.2857],[4.7295,46.2813],[4.7313,46.2811],[4.7305,46.2761],[4.7322,46.2737],[4.7301,46.2743],[4.7283,46.2723],[4.7259,46.2742],[4.7226,46.2729],[4.7229,46.2709],[4.7188,46.2713],[4.7162,46.2694],[4.7134,46.2704],[4.7077,46.2697]]]}},{"type":"Feature","properties":{"code":"71109","nom":"Chassey-le-Camp","pop":366},"geometry":{"type":"Polygon","coordinates":[[[4.6852,46.9009],[4.6876,46.8998],[4.6889,46.9022],[4.6924,46.9015],[4.697,46.9039],[4.7058,46.904],[4.7132,46.9064],[4.7173,46.9046],[4.7228,46.9003],[4.7202,46.8968],[4.7123,46.8861],[4.7162,46.882],[4.7181,46.8807],[4.7185,46.8767],[4.7135,46.8701],[4.7102,46.8685],[4.699,46.8645],[4.6978,46.8653],[4.6978,46.8692],[4.6947,46.8707],[4.6983,46.8753],[4.6952,46.8759],[4.693,46.8739],[4.6877,46.8762],[4.6827,46.8804],[4.6898,46.8875],[4.6941,46.8935],[4.689,46.8951],[4.6876,46.8938],[4.6848,46.8952],[4.6824,46.8983],[4.6852,46.9009]]]}},{"type":"Feature","properties":{"code":"71110","nom":"Chassigny-sous-Dun","pop":569},"geometry":{"type":"Polygon","coordinates":[[[4.3169,46.2509],[4.32,46.2463],[4.3206,46.242],[4.3167,46.2397],[4.3136,46.2364],[4.3123,46.2306],[4.3146,46.222],[4.308,46.2184],[4.3045,46.2183],[4.2998,46.2193],[4.294,46.2175],[4.2904,46.2172],[4.2853,46.2153],[4.2823,46.2166],[4.2825,46.22],[4.2811,46.2225],[4.2766,46.2222],[4.2735,46.2247],[4.2742,46.2277],[4.279,46.2293],[4.2725,46.2358],[4.2698,46.2365],[4.2658,46.2387],[4.2634,46.2414],[4.2636,46.2441],[4.2639,46.2454],[4.2679,46.2467],[4.2731,46.259],[4.2748,46.2581],[4.2799,46.2574],[4.2823,46.2536],[4.2887,46.2531],[4.2937,46.2519],[4.2983,46.2517],[4.3003,46.253],[4.3051,46.2539],[4.3069,46.2514],[4.3122,46.2517],[4.3169,46.2509],[4.3169,46.2509]]]}},{"type":"Feature","properties":{"code":"71111","nom":"Chassy","pop":296},"geometry":{"type":"Polygon","coordinates":[[[4.1304,46.5987],[4.1322,46.5975],[4.1321,46.5909],[4.1329,46.5844],[4.1372,46.5834],[4.1348,46.5804],[4.1354,46.5772],[4.1407,46.5706],[4.1447,46.5669],[4.1427,46.566],[4.136,46.5649],[4.134,46.5652],[4.1337,46.5612],[4.1282,46.5614],[4.1165,46.5654],[4.1136,46.568],[4.1043,46.5735],[4.1014,46.5732],[4.0982,46.5745],[4.096,46.5741],[4.0933,46.5767],[4.0836,46.5811],[4.0814,46.5834],[4.0777,46.5858],[4.0797,46.5872],[4.0807,46.5896],[4.0839,46.5911],[4.0816,46.5961],[4.083,46.5991],[4.0875,46.6022],[4.0961,46.6011],[4.1033,46.6003],[4.1099,46.5978],[4.1137,46.5971],[4.1304,46.5987]]]}},{"type":"Feature","properties":{"code":"71112","nom":"Château","pop":229},"geometry":{"type":"Polygon","coordinates":[[[4.6105,46.4078],[4.6038,46.405],[4.6013,46.4058],[4.5968,46.4059],[4.5933,46.4051],[4.5893,46.4027],[4.5883,46.404],[4.5846,46.4042],[4.5816,46.403],[4.5778,46.4054],[4.5727,46.4079],[4.5754,46.4094],[4.5741,46.4113],[4.5678,46.4125],[4.5671,46.4101],[4.5645,46.4093],[4.5608,46.41],[4.5596,46.4113],[4.5617,46.415],[4.5658,46.4183],[4.5621,46.4218],[4.5618,46.4251],[4.5578,46.4286],[4.563,46.4299],[4.5659,46.4318],[4.5702,46.4321],[4.5728,46.4295],[4.5769,46.4308],[4.5817,46.4337],[4.5859,46.439],[4.5913,46.4372],[4.593,46.4355],[4.6005,46.4356],[4.6025,46.4347],[4.609,46.4348],[4.6112,46.4368],[4.6135,46.4404],[4.6161,46.4399],[4.6215,46.4355],[4.625,46.4363],[4.6317,46.4348],[4.63,46.4316],[4.6279,46.4303],[4.6276,46.4274],[4.6208,46.4265],[4.6187,46.4243],[4.6152,46.4181],[4.6159,46.4176],[4.6153,46.4119],[4.6105,46.4078]]]}},{"type":"Feature","properties":{"code":"71113","nom":"Châteauneuf","pop":88},"geometry":{"type":"Polygon","coordinates":[[[4.2502,46.2134],[4.2543,46.2134],[4.2552,46.2158],[4.2581,46.2161],[4.2621,46.2148],[4.2712,46.2155],[4.2672,46.2099],[4.2683,46.2092],[4.2676,46.206],[4.2656,46.2053],[4.2574,46.2065],[4.2562,46.2047],[4.2543,46.2053],[4.2505,46.2113],[4.2502,46.2134]]]}},{"type":"Feature","properties":{"code":"71115","nom":"Châtel-Moron","pop":83},"geometry":{"type":"Polygon","coordinates":[[[4.6313,46.7763],[4.628,46.776],[4.6231,46.7745],[4.6181,46.7805],[4.6172,46.7838],[4.614,46.786],[4.6216,46.7887],[4.6248,46.7921],[4.6231,46.7939],[4.6226,46.799],[4.626,46.8016],[4.6363,46.8018],[4.6386,46.8029],[4.6434,46.8026],[4.6472,46.805],[4.6521,46.8045],[4.6549,46.8026],[4.656,46.7997],[4.6605,46.7907],[4.656,46.7886],[4.6544,46.7866],[4.6561,46.7852],[4.65,46.7857],[4.6486,46.78],[4.6454,46.7819],[4.6356,46.7822],[4.6335,46.7803],[4.63,46.7813],[4.6273,46.7803],[4.6277,46.7779],[4.6313,46.7763]]]}},{"type":"Feature","properties":{"code":"71116","nom":"Châtenay","pop":166},"geometry":{"type":"Polygon","coordinates":[[[4.3963,46.2747],[4.3925,46.2777],[4.3799,46.2791],[4.373,46.2786],[4.3695,46.2806],[4.3668,46.2805],[4.3683,46.2903],[4.3589,46.2933],[4.3554,46.2978],[4.3557,46.302],[4.3645,46.3016],[4.3685,46.3006],[4.3713,46.3028],[4.3748,46.3045],[4.3761,46.3036],[4.3817,46.3035],[4.3873,46.3024],[4.3919,46.3046],[4.3969,46.3027],[4.3993,46.3033],[4.4015,46.3015],[4.4021,46.2986],[4.4061,46.2962],[4.4075,46.2926],[4.405,46.2909],[4.4036,46.2873],[4.4006,46.286],[4.3972,46.283],[4.3984,46.2762],[4.3963,46.2747]]]}},{"type":"Feature","properties":{"code":"71117","nom":"Châtenoy-en-Bresse","pop":1144},"geometry":{"type":"Polygon","coordinates":[[[4.882,46.7918],[4.8815,46.7977],[4.8842,46.801],[4.8886,46.8027],[4.893,46.8024],[4.9012,46.7976],[4.9077,46.7968],[4.9114,46.7977],[4.9167,46.8014],[4.9211,46.8076],[4.924,46.8061],[4.9227,46.8042],[4.9263,46.8006],[4.9322,46.7984],[4.935,46.7964],[4.9373,46.7927],[4.9454,46.7906],[4.9499,46.7884],[4.9482,46.7855],[4.9451,46.7828],[4.9412,46.784],[4.9263,46.7868],[4.9224,46.787],[4.9166,46.7884],[4.9089,46.7849],[4.9058,46.788],[4.9018,46.789],[4.8986,46.7884],[4.891,46.7854],[4.8879,46.7891],[4.882,46.7918]]]}},{"type":"Feature","properties":{"code":"71118","nom":"Châtenoy-le-Royal","pop":6267},"geometry":{"type":"Polygon","coordinates":[[[4.7928,46.7635],[4.7887,46.76],[4.7853,46.7613],[4.7847,46.7645],[4.7828,46.766],[4.7829,46.7682],[4.7811,46.7713],[4.7861,46.7751],[4.7895,46.774],[4.7898,46.7774],[4.7914,46.7782],[4.7858,46.7813],[4.7848,46.7851],[4.796,46.7932],[4.8001,46.7984],[4.7963,46.7992],[4.7906,46.8009],[4.7929,46.8114],[4.7914,46.8144],[4.7915,46.8175],[4.7938,46.8174],[4.7968,46.8149],[4.8061,46.809],[4.8103,46.8073],[4.8197,46.8047],[4.8319,46.8023],[4.8314,46.8007],[4.8331,46.7943],[4.8304,46.7927],[4.829,46.7903],[4.8305,46.7881],[4.8285,46.7866],[4.8302,46.7829],[4.8267,46.7825],[4.8197,46.7826],[4.8195,46.778],[4.8194,46.7745],[4.8163,46.775],[4.8112,46.7728],[4.8053,46.7684],[4.8054,46.766],[4.7999,46.7682],[4.7972,46.7702],[4.7914,46.7678],[4.7937,46.7656],[4.7928,46.7635]]]}},{"type":"Feature","properties":{"code":"71119","nom":"Chaudenay","pop":1116},"geometry":{"type":"Polygon","coordinates":[[[4.7705,46.9179],[4.7796,46.9185],[4.781,46.9205],[4.7837,46.9202],[4.7856,46.923],[4.7894,46.9235],[4.792,46.926],[4.7889,46.9323],[4.7899,46.9311],[4.7956,46.9318],[4.8004,46.9316],[4.8066,46.9334],[4.8089,46.9307],[4.8095,46.925],[4.8107,46.9211],[4.8127,46.9212],[4.8148,46.9181],[4.8136,46.9153],[4.8183,46.9134],[4.817,46.9106],[4.8193,46.9105],[4.821,46.9086],[4.819,46.9073],[4.8158,46.907],[4.811,46.907],[4.8085,46.9061],[4.8028,46.9059],[4.7962,46.9017],[4.7933,46.9009],[4.7864,46.9012],[4.779,46.901],[4.7752,46.9035],[4.7721,46.9064],[4.772,46.9119],[4.7705,46.9179]]]}},{"type":"Feature","properties":{"code":"71120","nom":"Chauffailles","pop":3638},"geometry":{"type":"Polygon","coordinates":[[[4.3268,46.185],[4.3242,46.186],[4.3163,46.1907],[4.3139,46.1954],[4.3155,46.2023],[4.3151,46.205],[4.3118,46.2037],[4.3085,46.2046],[4.3061,46.203],[4.3026,46.2034],[4.2954,46.2011],[4.2947,46.2048],[4.2966,46.2077],[4.2946,46.2128],[4.294,46.2175],[4.2998,46.2193],[4.3045,46.2183],[4.308,46.2184],[4.3146,46.222],[4.3156,46.2206],[4.3191,46.2204],[4.3335,46.2229],[4.3471,46.2236],[4.3532,46.2257],[4.3554,46.2298],[4.3586,46.2297],[4.3621,46.2268],[4.3663,46.2263],[4.3685,46.2233],[4.3773,46.2222],[4.3862,46.2258],[4.3877,46.2222],[4.3873,46.22],[4.3895,46.2165],[4.3894,46.213],[4.3823,46.2116],[4.3794,46.2122],[4.3751,46.2112],[4.3731,46.2086],[4.3736,46.2046],[4.37,46.2037],[4.3672,46.2016],[4.3649,46.2018],[4.3628,46.1999],[4.362,46.1958],[4.365,46.1937],[4.3685,46.194],[4.3715,46.191],[4.3707,46.1901],[4.3742,46.1869],[4.3707,46.1843],[4.3677,46.1858],[4.3636,46.1822],[4.361,46.1818],[4.3544,46.1837],[4.3527,46.1866],[4.3465,46.1874],[4.3421,46.1861],[4.3383,46.1839],[4.3365,46.181],[4.3305,46.1828],[4.3268,46.185]]]}},{"type":"Feature","properties":{"code":"71121","nom":"La Chaux","pop":322},"geometry":{"type":"Polygon","coordinates":[[[5.242,46.816],[5.2396,46.818],[5.2415,46.8243],[5.2395,46.8256],[5.2381,46.8303],[5.2417,46.8305],[5.2501,46.8356],[5.252,46.8342],[5.2603,46.8337],[5.2601,46.8312],[5.2649,46.8305],[5.2717,46.8317],[5.2714,46.8334],[5.2763,46.8347],[5.2779,46.8337],[5.2854,46.8324],[5.2864,46.836],[5.289,46.8375],[5.2954,46.8346],[5.2953,46.8326],[5.3046,46.8314],[5.302,46.8272],[5.2993,46.825],[5.3019,46.8235],[5.3006,46.8187],[5.3016,46.8166],[5.2958,46.8166],[5.2922,46.8104],[5.2862,46.8094],[5.2828,46.8095],[5.28,46.8064],[5.2731,46.8073],[5.272,46.8113],[5.2676,46.8106],[5.2647,46.8078],[5.2631,46.8083],[5.2655,46.8115],[5.2625,46.8125],[5.2594,46.8147],[5.2446,46.8155],[5.242,46.816]]]}},{"type":"Feature","properties":{"code":"71122","nom":"Cheilly-lès-Maranges","pop":515},"geometry":{"type":"Polygon","coordinates":[[[4.6661,46.912],[4.6689,46.9127],[4.672,46.9112],[4.6718,46.9071],[4.6785,46.9037],[4.681,46.9051],[4.6832,46.9018],[4.6852,46.9009],[4.6824,46.8983],[4.6848,46.8952],[4.6876,46.8938],[4.689,46.8951],[4.6941,46.8935],[4.6898,46.8875],[4.6827,46.8804],[4.6823,46.8811],[4.6708,46.886],[4.6676,46.8844],[4.6592,46.8862],[4.6557,46.8861],[4.6533,46.8876],[4.6513,46.8863],[4.6553,46.8836],[4.6515,46.8816],[4.6464,46.8808],[4.6432,46.883],[4.64,46.8808],[4.6357,46.8847],[4.6355,46.8875],[4.6377,46.8907],[4.6409,46.891],[4.6446,46.8934],[4.6459,46.8956],[4.6561,46.8943],[4.6622,46.8948],[4.6606,46.8988],[4.6635,46.9007],[4.6661,46.9045],[4.6671,46.9088],[4.6661,46.912]]]}},{"type":"Feature","properties":{"code":"71123","nom":"Chenay-le-Châtel","pop":375},"geometry":{"type":"Polygon","coordinates":[[[3.9095,46.2079],[3.9014,46.2108],[3.899,46.2099],[3.8901,46.2145],[3.8936,46.2169],[3.8944,46.222],[3.8977,46.2241],[3.8986,46.2258],[3.8977,46.2305],[3.8965,46.2328],[3.8976,46.2346],[3.8968,46.2372],[3.8989,46.2407],[3.9051,46.238],[3.9081,46.2423],[3.9066,46.2432],[3.9078,46.247],[3.91,46.2478],[3.9055,46.252],[3.9094,46.2577],[3.9087,46.2607],[3.9191,46.2607],[3.925,46.2596],[3.9274,46.2537],[3.9344,46.2547],[3.9418,46.2543],[3.9458,46.2531],[3.9484,46.2503],[3.9554,46.2463],[3.9559,46.2452],[3.9629,46.2445],[3.9658,46.2451],[3.9675,46.2438],[3.9717,46.2425],[3.9796,46.2433],[3.9832,46.2444],[3.9833,46.2422],[3.9884,46.2384],[3.9818,46.2361],[3.9897,46.2329],[3.9926,46.2287],[3.9908,46.2272],[3.9853,46.2247],[3.9807,46.22],[3.9787,46.2195],[3.9768,46.217],[3.9741,46.2167],[3.9734,46.2147],[3.9686,46.2122],[3.9695,46.209],[3.9674,46.2083],[3.9652,46.2029],[3.9646,46.2018],[3.9574,46.2045],[3.9569,46.2039],[3.9445,46.2056],[3.9346,46.2063],[3.9294,46.2049],[3.9206,46.2032],[3.9178,46.2035],[3.9145,46.2052],[3.9136,46.2069],[3.9095,46.2079]]]}},{"type":"Feature","properties":{"code":"71124","nom":"Chenôves","pop":211},"geometry":{"type":"Polygon","coordinates":[[[4.7403,46.6678],[4.7345,46.6657],[4.7337,46.6619],[4.73,46.6577],[4.7261,46.651],[4.723,46.6485],[4.72,46.6491],[4.7174,46.6526],[4.7178,46.656],[4.7112,46.6585],[4.7034,46.6588],[4.6996,46.658],[4.6926,46.6593],[4.6881,46.6589],[4.6853,46.6599],[4.6792,46.6595],[4.6779,46.6605],[4.6707,46.6608],[4.6632,46.6618],[4.6601,46.6635],[4.6619,46.6736],[4.6562,46.6777],[4.6664,46.6798],[4.6722,46.6789],[4.6728,46.6759],[4.6758,46.673],[4.6824,46.6711],[4.6895,46.6724],[4.6998,46.6747],[4.7059,46.6732],[4.7117,46.6767],[4.7157,46.676],[4.7205,46.6739],[4.7294,46.672],[4.7369,46.6722],[4.7384,46.6714],[4.7403,46.6678]]]}},{"type":"Feature","properties":{"code":"71125","nom":"Chérizet","pop":18},"geometry":{"type":"Polygon","coordinates":[[[4.5503,46.517],[4.5528,46.52],[4.5528,46.5236],[4.5582,46.5238],[4.5639,46.5226],[4.57,46.5224],[4.5791,46.5226],[4.5824,46.5208],[4.5834,46.5169],[4.58,46.5172],[4.5774,46.5141],[4.5783,46.5123],[4.5831,46.5131],[4.5828,46.5112],[4.5758,46.508],[4.5733,46.5083],[4.571,46.5108],[4.566,46.5115],[4.56,46.5106],[4.5548,46.5144],[4.5534,46.5162],[4.5503,46.517]]]}},{"type":"Feature","properties":{"code":"71126","nom":"Chevagny-les-Chevrières","pop":607},"geometry":{"type":"Polygon","coordinates":[[[4.7809,46.323],[4.7678,46.3221],[4.766,46.3238],[4.7673,46.3269],[4.7648,46.3305],[4.7582,46.3304],[4.7605,46.3339],[4.7625,46.3434],[4.7641,46.3436],[4.7664,46.3472],[4.7695,46.35],[4.7734,46.3499],[4.7785,46.3456],[4.7823,46.3457],[4.7809,46.341],[4.7804,46.3348],[4.7819,46.3338],[4.7796,46.3301],[4.781,46.3237],[4.7809,46.323]]]}},{"type":"Feature","properties":{"code":"71127","nom":"Chevagny-sur-Guye","pop":50},"geometry":{"type":"Polygon","coordinates":[[[4.4714,46.5411],[4.4717,46.5436],[4.4696,46.5484],[4.4752,46.5479],[4.4773,46.5486],[4.4805,46.5478],[4.485,46.5499],[4.4883,46.5486],[4.4925,46.5504],[4.495,46.5496],[4.4998,46.5461],[4.503,46.5472],[4.5109,46.5465],[4.5123,46.5487],[4.5153,46.5474],[4.5169,46.5499],[4.5204,46.549],[4.5227,46.547],[4.5222,46.5422],[4.5235,46.5386],[4.5232,46.5334],[4.5261,46.5311],[4.522,46.5313],[4.519,46.5283],[4.5138,46.5284],[4.5103,46.53],[4.507,46.5296],[4.5026,46.5315],[4.5002,46.5347],[4.4927,46.5349],[4.4838,46.5366],[4.4814,46.5385],[4.4783,46.5388],[4.4745,46.5407],[4.4714,46.5411]]]}},{"type":"Feature","properties":{"code":"71128","nom":"Chiddes","pop":84},"geometry":{"type":"Polygon","coordinates":[[[4.4757,46.4651],[4.4788,46.4643],[4.4883,46.4649],[4.4907,46.4673],[4.4998,46.467],[4.5033,46.4675],[4.5064,46.4644],[4.514,46.4639],[4.5173,46.4642],[4.5304,46.4639],[4.5356,46.4641],[4.543,46.4617],[4.5448,46.4617],[4.5413,46.455],[4.5405,46.4516],[4.5376,46.4493],[4.5311,46.447],[4.5288,46.4448],[4.5242,46.4427],[4.5224,46.4445],[4.5153,46.4469],[4.5134,46.4465],[4.5047,46.45],[4.5031,46.4519],[4.498,46.4536],[4.4912,46.457],[4.4821,46.4608],[4.477,46.4619],[4.4757,46.4651]]]}},{"type":"Feature","properties":{"code":"71129","nom":"Chissey-en-Morvan","pop":308},"geometry":{"type":"Polygon","coordinates":[[[4.2301,47.0893],[4.2247,47.0889],[4.2233,47.0874],[4.2199,47.0879],[4.2186,47.0867],[4.2142,47.0883],[4.2109,47.0928],[4.2064,47.0943],[4.2039,47.0993],[4.2069,47.1025],[4.2017,47.1023],[4.1983,47.0997],[4.1951,47.1],[4.1883,47.1025],[4.1827,47.103],[4.1775,47.1073],[4.1767,47.1095],[4.1724,47.1108],[4.1726,47.1142],[4.1678,47.1173],[4.1726,47.1149],[4.1741,47.1135],[4.1774,47.1133],[4.1799,47.1151],[4.1718,47.1195],[4.1723,47.1225],[4.1747,47.1241],[4.18,47.125],[4.1797,47.1278],[4.1848,47.1296],[4.1846,47.1318],[4.1875,47.1356],[4.1881,47.1407],[4.1869,47.144],[4.1892,47.1455],[4.1878,47.1475],[4.1852,47.1467],[4.1819,47.1505],[4.1851,47.1526],[4.1888,47.1521],[4.1899,47.1495],[4.1945,47.1474],[4.1968,47.1482],[4.2009,47.1522],[4.2028,47.155],[4.2079,47.1539],[4.2097,47.1554],[4.2152,47.1544],[4.2149,47.1507],[4.2164,47.1477],[4.2137,47.1468],[4.2129,47.1444],[4.2262,47.1472],[4.2288,47.1462],[4.2311,47.1421],[4.2341,47.1437],[4.2358,47.1462],[4.2418,47.1482],[4.2419,47.1459],[4.2364,47.1431],[4.2389,47.1406],[4.242,47.1399],[4.2436,47.1379],[4.2411,47.1362],[4.243,47.1318],[4.2468,47.1335],[4.2517,47.1315],[4.2525,47.1284],[4.2558,47.1271],[4.2567,47.1255],[4.2529,47.123],[4.2563,47.1223],[4.2539,47.1172],[4.2589,47.116],[4.2598,47.1139],[4.2583,47.1119],[4.2494,47.1119],[4.2519,47.1094],[4.2481,47.1056],[4.243,47.1059],[4.2446,47.1032],[4.2426,47.0996],[4.2401,47.1002],[4.2367,47.0973],[4.2317,47.0989],[4.2296,47.0973],[4.2287,47.0936],[4.2307,47.0917],[4.2301,47.0893]]]}},{"type":"Feature","properties":{"code":"71130","nom":"Chissey-lès-Mâcon","pop":235},"geometry":{"type":"Polygon","coordinates":[[[4.767,46.4963],[4.7626,46.4957],[4.7588,46.4935],[4.7519,46.496],[4.7482,46.5],[4.7475,46.5048],[4.7436,46.5036],[4.7389,46.5051],[4.7346,46.5048],[4.7308,46.5072],[4.73,46.5084],[4.732,46.512],[4.7243,46.5142],[4.7147,46.5151],[4.7141,46.5168],[4.717,46.5191],[4.713,46.5209],[4.7158,46.5226],[4.718,46.5226],[4.7194,46.5268],[4.7168,46.5301],[4.7131,46.5321],[4.7145,46.5343],[4.7181,46.5338],[4.7179,46.5403],[4.7245,46.5411],[4.7383,46.5453],[4.7408,46.5448],[4.7399,46.54],[4.738,46.5365],[4.7438,46.5363],[4.7479,46.5351],[4.7496,46.5337],[4.755,46.5359],[4.7586,46.5418],[4.7583,46.5387],[4.763,46.5366],[4.7659,46.5332],[4.7719,46.5322],[4.7746,46.529],[4.7764,46.5253],[4.7753,46.5215],[4.7727,46.5177],[4.7698,46.5166],[4.768,46.514],[4.7657,46.5138],[4.7629,46.5155],[4.7626,46.517],[4.7586,46.5182],[4.7587,46.5153],[4.7572,46.5132],[4.7622,46.5111],[4.7649,46.5092],[4.7651,46.5063],[4.764,46.504],[4.7643,46.4999],[4.767,46.4963]]]}},{"type":"Feature","properties":{"code":"71131","nom":"Ciel","pop":0},"geometry":{"type":"Polygon","coordinates":[[[5.0726,46.8431],[5.0695,46.8407],[5.0659,46.8437],[5.0612,46.8386],[5.0571,46.8386],[5.0504,46.8513],[5.0467,46.854],[5.0425,46.8603],[5.0369,46.8615],[5.0348,46.8638],[5.0362,46.8654],[5.0352,46.8673],[5.0307,46.8687],[5.0227,46.8672],[5.016,46.8695],[5.0096,46.8723],[5.0125,46.8738],[5.0199,46.8853],[5.0253,46.8845],[5.0291,46.885],[5.0299,46.8871],[5.0389,46.8875],[5.0409,46.8894],[5.0397,46.8937],[5.0508,46.8939],[5.0603,46.8926],[5.0649,46.8916],[5.0684,46.8927],[5.0733,46.8874],[5.0714,46.8844],[5.0801,46.8828],[5.0833,46.8829],[5.0857,46.881],[5.0813,46.8786],[5.0814,46.8751],[5.0804,46.8734],[5.0766,46.8725],[5.0739,46.874],[5.0722,46.8708],[5.0756,46.8672],[5.0743,46.864],[5.0709,46.8628],[5.0723,46.8601],[5.0717,46.8569],[5.0693,46.8553],[5.0643,46.8536],[5.0618,46.8513],[5.0671,46.8501],[5.0706,46.8508],[5.0734,46.8473],[5.0713,46.844],[5.0726,46.8431]]]}},{"type":"Feature","properties":{"code":"71132","nom":"Ciry-le-Noble","pop":2177},"geometry":{"type":"Polygon","coordinates":[[[4.2774,46.5567],[4.2794,46.5592],[4.2854,46.5624],[4.2868,46.5665],[4.2886,46.5692],[4.2836,46.5715],[4.278,46.5728],[4.2799,46.578],[4.279,46.5814],[4.2745,46.5873],[4.2764,46.5896],[4.2729,46.5922],[4.2751,46.5942],[4.2762,46.597],[4.2716,46.5983],[4.2655,46.597],[4.2584,46.6002],[4.2608,46.6038],[4.2532,46.6077],[4.2525,46.6102],[4.2545,46.6124],[4.257,46.6121],[4.2591,46.6104],[4.2668,46.6136],[4.268,46.6163],[4.2736,46.6171],[4.2707,46.6206],[4.2746,46.6206],[4.2735,46.6227],[4.2791,46.627],[4.2766,46.6287],[4.2736,46.6322],[4.2715,46.6359],[4.2734,46.6368],[4.2767,46.6331],[4.2801,46.6334],[4.2828,46.6322],[4.2874,46.634],[4.2893,46.6304],[4.2929,46.6319],[4.2972,46.6306],[4.3036,46.6325],[4.308,46.6316],[4.312,46.6327],[4.3217,46.6301],[4.324,46.6304],[4.3261,46.6279],[4.3257,46.6263],[4.324,46.6228],[4.325,46.62],[4.3226,46.6191],[4.3223,46.6168],[4.3249,46.6131],[4.326,46.6065],[4.3269,46.6058],[4.3261,46.6014],[4.3269,46.5952],[4.3285,46.5917],[4.3351,46.581],[4.335,46.5766],[4.3326,46.5751],[4.3311,46.5771],[4.3287,46.5735],[4.3241,46.5742],[4.32,46.5738],[4.318,46.5751],[4.3169,46.5788],[4.3119,46.5802],[4.3102,46.5827],[4.3079,46.5813],[4.3109,46.5729],[4.3119,46.566],[4.3142,46.5595],[4.3105,46.5581],[4.3055,46.5572],[4.3055,46.5548],[4.3099,46.5542],[4.3088,46.5519],[4.3053,46.5524],[4.304,46.5504],[4.2942,46.551],[4.2881,46.5509],[4.2812,46.5524],[4.2774,46.5553],[4.2774,46.5567]]]}},{"type":"Feature","properties":{"code":"71133","nom":"La Clayette","pop":1563},"geometry":{"type":"Polygon","coordinates":[[[4.2996,46.2764],[4.2999,46.2795],[4.2981,46.2822],[4.2991,46.2908],[4.3023,46.2959],[4.3083,46.2966],[4.3171,46.2988],[4.3191,46.3002],[4.3227,46.2987],[4.3264,46.2971],[4.3181,46.2893],[4.3147,46.2809],[4.3103,46.2802],[4.3046,46.2791],[4.2996,46.2764]]]}},{"type":"Feature","properties":{"code":"71134","nom":"Navour-sur-Grosne","pop":660},"geometry":{"type":"Polygon","coordinates":[[[4.5729,46.3797],[4.576,46.3818],[4.5797,46.3798],[4.5831,46.3798],[4.5849,46.377],[4.5889,46.3763],[4.5946,46.3729],[4.5966,46.3746],[4.5996,46.3739],[4.6054,46.3745],[4.6042,46.3733],[4.5981,46.3733],[4.5991,46.3717],[4.6025,46.3717],[4.6083,46.3689],[4.6127,46.3689],[4.6066,46.3647],[4.6055,46.3622],[4.6059,46.3583],[4.6034,46.3576],[4.6004,46.3532],[4.5959,46.3509],[4.5953,46.3471],[4.5907,46.3409],[4.595,46.341],[4.5948,46.3357],[4.5924,46.3321],[4.5906,46.3284],[4.5844,46.3318],[4.5803,46.3317],[4.5777,46.3326],[4.5743,46.3297],[4.5713,46.33],[4.5674,46.3324],[4.5643,46.3318],[4.5611,46.332],[4.5598,46.3343],[4.5625,46.3386],[4.561,46.3409],[4.5578,46.341],[4.552,46.3378],[4.5507,46.3424],[4.5471,46.3441],[4.5439,46.3472],[4.5379,46.3462],[4.5361,46.3449],[4.5321,46.3439],[4.5273,46.3499],[4.5274,46.352],[4.5199,46.3538],[4.5171,46.3557],[4.5245,46.3593],[4.5286,46.3604],[4.5281,46.363],[4.5316,46.3657],[4.5347,46.3651],[4.5394,46.3663],[4.539,46.3693],[4.5469,46.3699],[4.5527,46.3708],[4.5554,46.374],[4.5627,46.3767],[4.5676,46.3755],[4.5724,46.3751],[4.5729,46.3797]]]}},{"type":"Feature","properties":{"code":"71135","nom":"Clessé","pop":829},"geometry":{"type":"Polygon","coordinates":[[[4.8502,46.4265],[4.8439,46.4218],[4.8416,46.4222],[4.8412,46.4189],[4.8393,46.4192],[4.8371,46.416],[4.8349,46.4122],[4.8339,46.409],[4.8305,46.4061],[4.8306,46.402],[4.8273,46.4009],[4.8231,46.4011],[4.8226,46.3993],[4.8162,46.3999],[4.816,46.4017],[4.8079,46.4042],[4.8071,46.4033],[4.7986,46.4038],[4.7975,46.408],[4.7981,46.4113],[4.8,46.4156],[4.8006,46.4218],[4.8014,46.4241],[4.8078,46.4236],[4.8064,46.427],[4.807,46.429],[4.8096,46.4303],[4.8141,46.4305],[4.8156,46.4327],[4.8212,46.4314],[4.8255,46.4365],[4.8263,46.4347],[4.8308,46.4335],[4.8344,46.4364],[4.8419,46.4343],[4.8427,46.4302],[4.8453,46.4294],[4.8502,46.4265]]]}},{"type":"Feature","properties":{"code":"71136","nom":"Clessy","pop":276},"geometry":{"type":"Polygon","coordinates":[[[4.0567,46.5646],[4.0608,46.5619],[4.0651,46.5656],[4.0633,46.567],[4.0659,46.5708],[4.0656,46.5737],[4.0685,46.5771],[4.0738,46.5784],[4.0763,46.5797],[4.0781,46.5826],[4.0814,46.5834],[4.0836,46.5811],[4.0933,46.5767],[4.096,46.5741],[4.0982,46.5745],[4.1014,46.5732],[4.1043,46.5735],[4.1136,46.568],[4.1123,46.5615],[4.114,46.5587],[4.1131,46.5566],[4.1097,46.5532],[4.1074,46.5526],[4.1032,46.5494],[4.1055,46.5473],[4.1085,46.5465],[4.1074,46.5366],[4.0994,46.5347],[4.0981,46.5332],[4.0928,46.5358],[4.0884,46.5358],[4.0817,46.5298],[4.0814,46.5266],[4.077,46.5247],[4.0711,46.5274],[4.0692,46.5344],[4.0696,46.5388],[4.0716,46.5416],[4.0685,46.5458],[4.0669,46.545],[4.0636,46.5467],[4.0627,46.5494],[4.0663,46.5504],[4.0662,46.5546],[4.06,46.5583],[4.0555,46.5605],[4.0546,46.5622],[4.0567,46.5646]]]}},{"type":"Feature","properties":{"code":"71137","nom":"Cluny","pop":4942},"geometry":{"type":"Polygon","coordinates":[[[4.7155,46.4286],[4.7111,46.4274],[4.7077,46.4235],[4.7078,46.4208],[4.7047,46.42],[4.7003,46.4165],[4.6976,46.411],[4.6953,46.4047],[4.6954,46.4029],[4.6922,46.4059],[4.6876,46.4064],[4.6821,46.4098],[4.6753,46.4082],[4.673,46.4065],[4.6612,46.4034],[4.6563,46.4017],[4.6533,46.3991],[4.6505,46.3999],[4.656,46.4055],[4.6595,46.4129],[4.6571,46.4169],[4.6585,46.4196],[4.6517,46.4215],[4.6509,46.4249],[4.644,46.4277],[4.6355,46.4281],[4.6344,46.4299],[4.6379,46.4333],[4.6317,46.4348],[4.625,46.4363],[4.6215,46.4355],[4.6161,46.4399],[4.6135,46.4404],[4.6168,46.4459],[4.6233,46.4477],[4.6282,46.4472],[4.6375,46.45],[4.6435,46.4487],[4.6558,46.4486],[4.66,46.4493],[4.6606,46.4508],[4.6671,46.4514],[4.6676,46.453],[4.6686,46.45],[4.6765,46.4507],[4.6789,46.4551],[4.6856,46.4574],[4.6868,46.457],[4.6868,46.4497],[4.6891,46.4472],[4.6935,46.4463],[4.6898,46.4428],[4.6902,46.4396],[4.6949,46.4388],[4.7012,46.4368],[4.7056,46.4379],[4.7064,46.4399],[4.7137,46.4364],[4.7149,46.4348],[4.7171,46.4321],[4.7155,46.4286]]]}},{"type":"Feature","properties":{"code":"71139","nom":"Collonge-en-Charollais","pop":151},"geometry":{"type":"Polygon","coordinates":[[[4.5382,46.667],[4.5349,46.6655],[4.5343,46.6617],[4.5358,46.6581],[4.5425,46.6543],[4.5484,46.6535],[4.5515,46.6547],[4.5539,46.6527],[4.5598,46.6497],[4.556,46.6478],[4.5564,46.6463],[4.5606,46.6433],[4.5582,46.6411],[4.5581,46.6395],[4.5595,46.6345],[4.5556,46.6346],[4.5538,46.6312],[4.5509,46.6301],[4.546,46.6319],[4.5424,46.6295],[4.5402,46.6301],[4.5284,46.6287],[4.5253,46.6258],[4.5224,46.6255],[4.5167,46.6283],[4.515,46.6319],[4.5075,46.6289],[4.5067,46.6304],[4.4947,46.6319],[4.492,46.6335],[4.4961,46.6386],[4.5049,46.6429],[4.5061,46.6449],[4.5121,46.6469],[4.5144,46.6488],[4.5161,46.653],[4.5242,46.6535],[4.5269,46.6575],[4.5276,46.6603],[4.5262,46.6644],[4.5314,46.6654],[4.5347,46.668],[4.5382,46.667]]]}},{"type":"Feature","properties":{"code":"71140","nom":"Collonge-la-Madeleine","pop":38},"geometry":{"type":"Polygon","coordinates":[[[4.5172,46.9273],[4.5147,46.9284],[4.5147,46.9301],[4.5112,46.9338],[4.5064,46.9351],[4.5055,46.9367],[4.5109,46.9421],[4.5185,46.9476],[4.5201,46.9513],[4.5267,46.9505],[4.5237,46.9542],[4.5237,46.9561],[4.5298,46.9564],[4.5327,46.9558],[4.531,46.9513],[4.5342,46.9484],[4.5396,46.9488],[4.5426,46.9442],[4.5479,46.9431],[4.5448,46.9421],[4.5428,46.9395],[4.5428,46.9367],[4.5298,46.9302],[4.5172,46.9273]]]}},{"type":"Feature","properties":{"code":"71141","nom":"Colombier-en-Brionnais","pop":314},"geometry":{"type":"Polygon","coordinates":[[[4.3118,46.3485],[4.3155,46.3491],[4.3213,46.349],[4.3258,46.3508],[4.3221,46.3563],[4.3237,46.3578],[4.3236,46.3604],[4.3205,46.3614],[4.3181,46.3651],[4.3207,46.366],[4.3233,46.3681],[4.3225,46.3722],[4.3365,46.3754],[4.3438,46.3739],[4.343,46.3697],[4.3462,46.367],[4.3541,46.3615],[4.3548,46.358],[4.3534,46.3554],[4.3539,46.3496],[4.3571,46.3463],[4.3522,46.3403],[4.3496,46.3382],[4.3488,46.3353],[4.345,46.3304],[4.3396,46.33],[4.3399,46.3253],[4.3355,46.326],[4.3332,46.3254],[4.3327,46.3234],[4.3286,46.3248],[4.3235,46.3278],[4.3156,46.3271],[4.3144,46.3306],[4.3093,46.3367],[4.3098,46.3396],[4.3055,46.3414],[4.3097,46.3427],[4.3096,46.3456],[4.3118,46.3485]]]}},{"type":"Feature","properties":{"code":"71142","nom":"La Comelle","pop":248},"geometry":{"type":"Polygon","coordinates":[[[4.075,46.892],[4.0785,46.8934],[4.0814,46.898],[4.0858,46.8995],[4.0876,46.9011],[4.0916,46.8976],[4.094,46.8989],[4.1021,46.9012],[4.1129,46.9006],[4.1201,46.903],[4.1228,46.9016],[4.1238,46.899],[4.1272,46.8976],[4.1358,46.9],[4.1398,46.9],[4.1416,46.9022],[4.148,46.9004],[4.1513,46.9019],[4.1535,46.9011],[4.157,46.8974],[4.1545,46.8944],[4.1503,46.8915],[4.1507,46.8889],[4.1543,46.8834],[4.153,46.8817],[4.1572,46.8785],[4.1574,46.8778],[4.1634,46.874],[4.1539,46.8709],[4.1468,46.8723],[4.1474,46.868],[4.141,46.8688],[4.1361,46.8673],[4.1368,46.8633],[4.1328,46.86],[4.1313,46.8574],[4.1288,46.8566],[4.1273,46.8544],[4.1249,46.8545],[4.1184,46.8514],[4.1143,46.8514],[4.113,46.8531],[4.1091,46.8535],[4.1011,46.8592],[4.1,46.8663],[4.0941,46.8747],[4.0901,46.877],[4.0871,46.8811],[4.0826,46.8844],[4.0774,46.8859],[4.0786,46.8874],[4.0773,46.8901],[4.075,46.892]]]}},{"type":"Feature","properties":{"code":"71143","nom":"Condal","pop":462},"geometry":{"type":"Polygon","coordinates":[[[5.2579,46.4887],[5.2605,46.4902],[5.2649,46.4899],[5.2713,46.4886],[5.2757,46.4911],[5.2786,46.49],[5.2788,46.4826],[5.2809,46.4786],[5.2839,46.4762],[5.2886,46.4751],[5.2971,46.4753],[5.3009,46.4763],[5.3036,46.4748],[5.3004,46.4712],[5.3093,46.4667],[5.3148,46.4648],[5.3169,46.4632],[5.3233,46.4625],[5.3228,46.4566],[5.3183,46.4526],[5.314,46.454],[5.3121,46.4528],[5.3119,46.4498],[5.3132,46.4479],[5.3106,46.4469],[5.3066,46.4454],[5.3052,46.4467],[5.301,46.4469],[5.2921,46.45],[5.2895,46.4496],[5.2861,46.4465],[5.2838,46.4456],[5.2812,46.4473],[5.2793,46.447],[5.2737,46.4485],[5.2725,46.4499],[5.265,46.4514],[5.2584,46.4499],[5.2564,46.4507],[5.2552,46.4553],[5.2483,46.4581],[5.248,46.4591],[5.2481,46.4614],[5.2522,46.4653],[5.2518,46.4677],[5.2547,46.4693],[5.2541,46.4718],[5.2574,46.473],[5.2572,46.4772],[5.2591,46.4801],[5.2574,46.4852],[5.2579,46.4887]]]}},{"type":"Feature","properties":{"code":"71144","nom":"Cordesse","pop":194},"geometry":{"type":"Polygon","coordinates":[[[4.3604,47.0324],[4.3525,47.032],[4.3509,47.0325],[4.3473,47.0294],[4.3426,47.03],[4.3347,47.0266],[4.3332,47.0238],[4.3275,47.0264],[4.3214,47.0279],[4.3163,47.0334],[4.3154,47.0378],[4.3091,47.0403],[4.3105,47.0437],[4.3143,47.0431],[4.3138,47.0456],[4.3146,47.0479],[4.3135,47.0515],[4.315,47.0524],[4.3159,47.0566],[4.3149,47.061],[4.3145,47.0664],[4.3204,47.0669],[4.3245,47.0614],[4.3275,47.059],[4.3332,47.0583],[4.3342,47.057],[4.3358,47.0549],[4.3416,47.0531],[4.3506,47.0488],[4.3511,47.0504],[4.3544,47.0507],[4.3612,47.0487],[4.36,47.0465],[4.3609,47.0441],[4.359,47.0425],[4.3586,47.0398],[4.3602,47.0383],[4.3619,47.0343],[4.3604,47.0324]]]}},{"type":"Feature","properties":{"code":"71145","nom":"Cormatin","pop":569},"geometry":{"type":"Polygon","coordinates":[[[4.7179,46.5403],[4.7181,46.5338],[4.7145,46.5343],[4.7131,46.5321],[4.7168,46.5301],[4.7194,46.5268],[4.718,46.5226],[4.7158,46.5226],[4.713,46.5209],[4.7098,46.5188],[4.708,46.519],[4.7053,46.5166],[4.6986,46.5167],[4.695,46.5193],[4.689,46.5215],[4.6856,46.5219],[4.6865,46.5255],[4.6855,46.5266],[4.6858,46.5313],[4.6835,46.5356],[4.6772,46.5376],[4.6712,46.5377],[4.6713,46.5402],[4.6678,46.5459],[4.6679,46.5475],[4.6716,46.5474],[4.6706,46.5502],[4.6764,46.5489],[4.6832,46.5511],[4.6874,46.5514],[4.6875,46.5534],[4.692,46.5539],[4.697,46.5533],[4.698,46.5502],[4.6974,46.5459],[4.7,46.545],[4.7006,46.5433],[4.7069,46.5429],[4.7121,46.5403],[4.7133,46.5423],[4.7176,46.5429],[4.7179,46.5403]]]}},{"type":"Feature","properties":{"code":"71146","nom":"Cortambert","pop":274},"geometry":{"type":"Polygon","coordinates":[[[4.7203,46.4629],[4.7174,46.4609],[4.7167,46.4569],[4.7154,46.4538],[4.7114,46.4542],[4.7107,46.4515],[4.7042,46.4497],[4.6983,46.4498],[4.6955,46.4467],[4.6935,46.4463],[4.6891,46.4472],[4.6868,46.4497],[4.6868,46.457],[4.6856,46.4574],[4.6789,46.4551],[4.6765,46.4507],[4.6686,46.45],[4.6676,46.453],[4.6712,46.4571],[4.6693,46.4619],[4.6716,46.4632],[4.6712,46.4661],[4.6727,46.4688],[4.6739,46.4769],[4.677,46.4778],[4.676,46.4812],[4.6785,46.4816],[4.6802,46.4793],[4.6858,46.4917],[4.692,46.4918],[4.6976,46.4929],[4.7019,46.4922],[4.705,46.491],[4.7108,46.4902],[4.712,46.4932],[4.715,46.4925],[4.7153,46.4904],[4.7235,46.487],[4.7259,46.4854],[4.7258,46.4812],[4.7232,46.4735],[4.721,46.4696],[4.7203,46.4629]]]}},{"type":"Feature","properties":{"code":"71147","nom":"Cortevaix","pop":247},"geometry":{"type":"Polygon","coordinates":[[[4.6206,46.5056],[4.6196,46.5109],[4.621,46.5165],[4.6223,46.5238],[4.6208,46.5255],[4.622,46.5273],[4.6214,46.53],[4.6179,46.532],[4.6253,46.5337],[4.6272,46.5363],[4.6325,46.5379],[4.6338,46.5404],[4.6381,46.5413],[4.637,46.5464],[4.6437,46.546],[4.6449,46.5468],[4.6491,46.5445],[4.6533,46.547],[4.6566,46.5501],[4.6646,46.5472],[4.6679,46.5475],[4.6678,46.5459],[4.6713,46.5402],[4.6712,46.5377],[4.667,46.537],[4.6633,46.5395],[4.6606,46.5399],[4.6621,46.5354],[4.6582,46.532],[4.6569,46.5278],[4.6543,46.5249],[4.6476,46.5265],[4.6455,46.5162],[4.6462,46.5106],[4.6488,46.5071],[4.6453,46.5075],[4.6404,46.5102],[4.6408,46.5076],[4.6305,46.5064],[4.6206,46.5056]]]}},{"type":"Feature","properties":{"code":"71148","nom":"Coublanc","pop":838},"geometry":{"type":"Polygon","coordinates":[[[4.2823,46.1569],[4.281,46.1561],[4.2773,46.1571],[4.2756,46.1561],[4.2695,46.1575],[4.2571,46.1573],[4.2499,46.1581],[4.25,46.1638],[4.2487,46.1671],[4.2529,46.167],[4.2564,46.1698],[4.257,46.1728],[4.2635,46.1754],[4.2634,46.1763],[4.2574,46.1825],[4.2581,46.1846],[4.2646,46.1844],[4.272,46.1876],[4.279,46.1876],[4.2814,46.185],[4.2875,46.1838],[4.2923,46.1798],[4.2963,46.1782],[4.2995,46.1784],[4.3032,46.1745],[4.2953,46.1723],[4.2923,46.1725],[4.289,46.1701],[4.2904,46.169],[4.289,46.1668],[4.2874,46.1607],[4.2823,46.1569]]]}},{"type":"Feature","properties":{"code":"71149","nom":"Couches","pop":1213},"geometry":{"type":"Polygon","coordinates":[[[4.6267,46.8607],[4.6262,46.8582],[4.6235,46.8564],[4.6157,46.8554],[4.6147,46.8561],[4.6106,46.8523],[4.6067,46.8542],[4.5971,46.8556],[4.593,46.8539],[4.5894,46.857],[4.5877,46.8569],[4.5857,46.8523],[4.5762,46.8496],[4.5708,46.849],[4.5648,46.849],[4.5626,46.8506],[4.5585,46.8517],[4.5559,46.8497],[4.5541,46.8515],[4.5466,46.8545],[4.5443,46.855],[4.5377,46.8583],[4.5383,46.8669],[4.5344,46.8682],[4.5314,46.867],[4.5235,46.8653],[4.52,46.8671],[4.5202,46.869],[4.5225,46.8717],[4.5219,46.8743],[4.5256,46.8751],[4.5305,46.8727],[4.5338,46.8741],[4.5341,46.8827],[4.5208,46.89],[4.5237,46.892],[4.5286,46.8934],[4.5324,46.8952],[4.5331,46.8984],[4.538,46.8991],[4.5375,46.8953],[4.5405,46.8962],[4.5418,46.8944],[4.547,46.8927],[4.5487,46.893],[4.5526,46.8907],[4.5505,46.887],[4.552,46.8836],[4.5679,46.8809],[4.5722,46.8806],[4.5756,46.879],[4.5801,46.878],[4.5874,46.8749],[4.5914,46.8739],[4.5977,46.8731],[4.5978,46.8704],[4.5998,46.8692],[4.6048,46.8682],[4.6053,46.8656],[4.6087,46.8647],[4.6141,46.8656],[4.6202,46.8597],[4.6267,46.8607]]]}},{"type":"Feature","properties":{"code":"71150","nom":"Crêches-sur-Saône","pop":3198},"geometry":{"type":"Polygon","coordinates":[[[4.8011,46.2298],[4.7981,46.2246],[4.7928,46.2264],[4.7854,46.2273],[4.7824,46.2293],[4.7733,46.2278],[4.7643,46.2274],[4.7656,46.2376],[4.7656,46.2428],[4.7665,46.252],[4.7735,46.2512],[4.7812,46.2538],[4.7906,46.2544],[4.7977,46.2528],[4.7975,46.2555],[4.8112,46.2545],[4.8117,46.25],[4.8108,46.2456],[4.8081,46.2374],[4.8011,46.2298]]]}},{"type":"Feature","properties":{"code":"71151","nom":"Créot","pop":79},"geometry":{"type":"Polygon","coordinates":[[[4.6304,46.9168],[4.6313,46.9154],[4.6215,46.9163],[4.6165,46.9106],[4.6119,46.9076],[4.6091,46.9077],[4.6096,46.9105],[4.6023,46.9139],[4.6003,46.9159],[4.5962,46.9174],[4.6,46.9225],[4.605,46.9206],[4.6084,46.924],[4.6149,46.9238],[4.6197,46.9216],[4.619,46.9184],[4.623,46.9184],[4.6293,46.9164],[4.6304,46.9168]]]}},{"type":"Feature","properties":{"code":"71152","nom":"Cressy-sur-Somme","pop":175},"geometry":{"type":"Polygon","coordinates":[[[3.8764,46.7323],[3.879,46.7313],[3.8823,46.728],[3.8873,46.7272],[3.8892,46.7282],[3.8935,46.7277],[3.895,46.7258],[3.8946,46.7234],[3.8965,46.7217],[3.9009,46.7223],[3.9014,46.7239],[3.905,46.724],[3.9023,46.7183],[3.8998,46.7169],[3.8988,46.7144],[3.8999,46.7109],[3.9062,46.7086],[3.9053,46.707],[3.9088,46.7059],[3.9118,46.7039],[3.9114,46.7018],[3.9054,46.6986],[3.9043,46.6972],[3.9001,46.6959],[3.8983,46.693],[3.8902,46.6867],[3.8854,46.6846],[3.8857,46.6827],[3.8821,46.6806],[3.8802,46.6763],[3.8781,46.6748],[3.8762,46.6769],[3.8718,46.676],[3.8725,46.6739],[3.8669,46.6715],[3.865,46.6675],[3.8589,46.6671],[3.8578,46.6687],[3.8542,46.6694],[3.8542,46.6748],[3.8499,46.6753],[3.8476,46.6769],[3.8482,46.6784],[3.8406,46.6787],[3.8376,46.6794],[3.8353,46.6821],[3.8325,46.6833],[3.8302,46.6828],[3.8299,46.6876],[3.826,46.6934],[3.8265,46.6965],[3.8257,46.7001],[3.8266,46.7038],[3.8289,46.7045],[3.8285,46.707],[3.8327,46.7097],[3.839,46.7102],[3.838,46.7137],[3.8396,46.7149],[3.8407,46.7181],[3.8454,46.7172],[3.8445,46.7226],[3.8478,46.7229],[3.8502,46.7244],[3.8534,46.7248],[3.8566,46.7254],[3.8626,46.7249],[3.8646,46.7268],[3.8713,46.726],[3.874,46.727],[3.874,46.7296],[3.8764,46.7323]]]}},{"type":"Feature","properties":{"code":"71153","nom":"Le Creusot","pop":20509},"geometry":{"type":"Polygon","coordinates":[[[4.3981,46.8254],[4.4027,46.8249],[4.4077,46.8235],[4.4161,46.8233],[4.4212,46.8218],[4.4233,46.8201],[4.4263,46.8206],[4.4321,46.8254],[4.4435,46.8263],[4.454,46.8239],[4.4566,46.8213],[4.4601,46.8206],[4.4579,46.8185],[4.4551,46.8181],[4.451,46.8143],[4.4532,46.8134],[4.4549,46.8106],[4.4595,46.8063],[4.4604,46.8042],[4.4583,46.7992],[4.456,46.7981],[4.4574,46.7937],[4.4561,46.7917],[4.4557,46.7887],[4.452,46.7893],[4.4512,46.7876],[4.4475,46.7907],[4.446,46.7886],[4.4433,46.7875],[4.4326,46.7866],[4.4252,46.7878],[4.4235,46.787],[4.4202,46.7878],[4.4018,46.7938],[4.4015,46.7959],[4.3969,46.8002],[4.3947,46.7991],[4.3925,46.8013],[4.3942,46.8053],[4.3913,46.8071],[4.3903,46.8079],[4.3918,46.8131],[4.3953,46.8141],[4.3951,46.8174],[4.3966,46.8198],[4.3958,46.8227],[4.3981,46.8254]]]}},{"type":"Feature","properties":{"code":"71154","nom":"Crissey","pop":2485},"geometry":{"type":"Polygon","coordinates":[[[4.8926,46.839],[4.8961,46.8365],[4.8969,46.8345],[4.9003,46.8312],[4.9035,46.8269],[4.9067,46.8253],[4.9045,46.8214],[4.9067,46.82],[4.9066,46.8179],[4.9016,46.8158],[4.8991,46.8133],[4.9015,46.8063],[4.9049,46.802],[4.9077,46.7968],[4.9012,46.7976],[4.893,46.8024],[4.8886,46.8027],[4.8842,46.801],[4.8815,46.7977],[4.88,46.798],[4.8585,46.8098],[4.8638,46.814],[4.8606,46.816],[4.863,46.8255],[4.8648,46.8276],[4.867,46.8287],[4.8712,46.8326],[4.8758,46.8355],[4.8813,46.8324],[4.8856,46.8307],[4.8874,46.8333],[4.8926,46.839]]]}},{"type":"Feature","properties":{"code":"71155","nom":"Cronat","pop":506},"geometry":{"type":"Polygon","coordinates":[[[3.7041,46.747],[3.709,46.7481],[3.7144,46.7477],[3.719,46.7483],[3.7242,46.7509],[3.726,46.7505],[3.7362,46.7528],[3.7432,46.7512],[3.7474,46.7479],[3.7525,46.745],[3.7546,46.7449],[3.7603,46.7426],[3.7649,46.7422],[3.7682,46.7393],[3.771,46.7403],[3.7781,46.7386],[3.7837,46.7362],[3.7815,46.7299],[3.7768,46.7297],[3.7797,46.7276],[3.7825,46.7273],[3.7886,46.7212],[3.7919,46.7135],[3.7917,46.7124],[3.7947,46.7072],[3.7947,46.702],[3.7893,46.7006],[3.7866,46.6942],[3.7826,46.6938],[3.7767,46.6972],[3.7747,46.6973],[3.7748,46.6994],[3.7665,46.7009],[3.7666,46.7031],[3.7628,46.7035],[3.7559,46.7056],[3.7437,46.7031],[3.7391,46.7005],[3.7391,46.6971],[3.7413,46.6963],[3.7403,46.6929],[3.7326,46.6906],[3.7275,46.6902],[3.7224,46.691],[3.7198,46.6936],[3.7159,46.6916],[3.7107,46.6918],[3.704,46.6932],[3.7023,46.6949],[3.6976,46.6955],[3.6913,46.6984],[3.6876,46.6989],[3.6844,46.7007],[3.6783,46.6989],[3.6766,46.6961],[3.6745,46.6949],[3.6693,46.6951],[3.6655,46.6926],[3.6553,46.6877],[3.6532,46.697],[3.6516,46.699],[3.6514,46.704],[3.65,46.7055],[3.6429,46.7058],[3.6376,46.7075],[3.6383,46.7204],[3.6381,46.7227],[3.6353,46.7284],[3.6307,46.7322],[3.6251,46.736],[3.6226,46.7401],[3.6231,46.7417],[3.6287,46.746],[3.6294,46.7496],[3.6312,46.7451],[3.6389,46.7416],[3.6399,46.7394],[3.6428,46.7392],[3.6444,46.7413],[3.6479,46.7428],[3.6543,46.7412],[3.6597,46.7377],[3.6667,46.7389],[3.6705,46.7386],[3.6778,46.7389],[3.6799,46.741],[3.683,46.7418],[3.69,46.7416],[3.6951,46.7442],[3.7041,46.747]]]}},{"type":"Feature","properties":{"code":"71156","nom":"Cruzille","pop":265},"geometry":{"type":"Polygon","coordinates":[[[4.767,46.4963],[4.7643,46.4999],[4.764,46.504],[4.7651,46.5063],[4.7649,46.5092],[4.7622,46.5111],[4.7572,46.5132],[4.7587,46.5153],[4.7586,46.5182],[4.7626,46.517],[4.7629,46.5155],[4.7657,46.5138],[4.768,46.514],[4.7698,46.5166],[4.7727,46.5177],[4.7753,46.5215],[4.7764,46.5253],[4.7746,46.529],[4.7719,46.5322],[4.7659,46.5332],[4.763,46.5366],[4.7659,46.5339],[4.77,46.5328],[4.7726,46.533],[4.7804,46.5306],[4.7816,46.5336],[4.787,46.5321],[4.7854,46.5261],[4.7823,46.5199],[4.7785,46.516],[4.7804,46.5149],[4.7834,46.5168],[4.7899,46.5157],[4.7944,46.516],[4.8006,46.5181],[4.8074,46.5168],[4.8083,46.5147],[4.8064,46.5105],[4.8092,46.5085],[4.8127,46.5042],[4.8099,46.5],[4.806,46.4998],[4.8052,46.4946],[4.8076,46.4925],[4.8086,46.4901],[4.8024,46.486],[4.799,46.486],[4.7964,46.4837],[4.7948,46.4858],[4.7949,46.4879],[4.7892,46.4886],[4.7878,46.4898],[4.7826,46.49],[4.7794,46.4935],[4.7762,46.4952],[4.7762,46.4975],[4.7733,46.4998],[4.7717,46.4969],[4.767,46.4963]]]}},{"type":"Feature","properties":{"code":"71157","nom":"Cuiseaux","pop":1869},"geometry":{"type":"Polygon","coordinates":[[[5.4196,46.4813],[5.4161,46.4844],[5.4113,46.4827],[5.406,46.4847],[5.4026,46.4869],[5.3975,46.485],[5.3954,46.483],[5.3906,46.4851],[5.3871,46.4843],[5.3847,46.4854],[5.3812,46.4856],[5.3785,46.4874],[5.378,46.4895],[5.3729,46.4904],[5.3731,46.4918],[5.3702,46.4932],[5.3629,46.4947],[5.3572,46.4968],[5.3531,46.4973],[5.3481,46.4963],[5.3428,46.4972],[5.3407,46.4985],[5.3376,46.4982],[5.3306,46.5015],[5.3226,46.5021],[5.3224,46.5037],[5.3163,46.5027],[5.3124,46.504],[5.3104,46.5057],[5.3096,46.5098],[5.3037,46.5143],[5.3,46.52],[5.301,46.5218],[5.3068,46.5214],[5.314,46.5186],[5.3253,46.5186],[5.3365,46.5204],[5.3375,46.5219],[5.3423,46.5244],[5.3473,46.5237],[5.3496,46.5242],[5.3571,46.5233],[5.3596,46.5237],[5.3584,46.5197],[5.3623,46.5187],[5.369,46.5161],[5.3727,46.5167],[5.378,46.5166],[5.385,46.5156],[5.3884,46.5142],[5.3885,46.5127],[5.3917,46.5115],[5.3928,46.5082],[5.3954,46.5056],[5.4022,46.5055],[5.4035,46.5027],[5.4081,46.501],[5.4124,46.5004],[5.4137,46.5021],[5.4195,46.5023],[5.4217,46.5005],[5.4209,46.4958],[5.4175,46.4895],[5.4215,46.4875],[5.4196,46.4813]]]}},{"type":"Feature","properties":{"code":"71158","nom":"Cuisery","pop":1576},"geometry":{"type":"Polygon","coordinates":[[[4.9849,46.5348],[4.983,46.5346],[4.9803,46.5381],[4.9781,46.5422],[4.9789,46.5451],[4.9783,46.5487],[4.9742,46.5528],[4.9709,46.554],[4.9757,46.5586],[4.9762,46.5607],[4.9729,46.5678],[4.9725,46.57],[4.976,46.5724],[4.9792,46.5759],[4.9874,46.5761],[4.9895,46.5756],[4.9955,46.5777],[5,46.5774],[5.0063,46.5751],[5.0114,46.575],[5.0162,46.568],[5.0177,46.5665],[5.0149,46.5649],[5.0111,46.5648],[5.0111,46.5668],[5.0071,46.5665],[5.0062,46.5631],[5.0064,46.5598],[5.0079,46.558],[5.0082,46.5523],[5.0105,46.5506],[5.0096,46.5487],[5.0105,46.5438],[5.0144,46.5396],[5.0143,46.5384],[4.9999,46.5394],[4.9973,46.5369],[4.9947,46.5378],[4.9923,46.5356],[4.9853,46.5374],[4.9849,46.5348]]]}},{"type":"Feature","properties":{"code":"71159","nom":"Culles-les-Roches","pop":199},"geometry":{"type":"Polygon","coordinates":[[[4.643,46.6303],[4.6402,46.6314],[4.6362,46.637],[4.634,46.6422],[4.6301,46.6469],[4.6229,46.6475],[4.6229,46.6513],[4.6305,46.6527],[4.6375,46.6527],[4.6363,46.6555],[4.6413,46.6559],[4.6442,46.6577],[4.6486,46.6591],[4.6532,46.659],[4.6539,46.6637],[4.6601,46.6635],[4.6624,46.658],[4.6641,46.6555],[4.6667,46.6539],[4.6675,46.6499],[4.6711,46.6485],[4.6704,46.6473],[4.6796,46.6454],[4.6767,46.6407],[4.6728,46.6385],[4.67,46.6354],[4.6697,46.6334],[4.6613,46.6299],[4.6601,46.6284],[4.657,46.6287],[4.6537,46.6304],[4.6514,46.6333],[4.6468,46.6344],[4.643,46.6303]]]}},{"type":"Feature","properties":{"code":"71160","nom":"Curbigny","pop":303},"geometry":{"type":"Polygon","coordinates":[[[4.3023,46.2959],[4.2925,46.309],[4.2947,46.3111],[4.2963,46.3142],[4.2898,46.3182],[4.288,46.3184],[4.2897,46.322],[4.2936,46.32],[4.2956,46.321],[4.3003,46.3198],[4.3046,46.3222],[4.3135,46.3251],[4.3156,46.3271],[4.3235,46.3278],[4.3286,46.3248],[4.3327,46.3234],[4.3357,46.3211],[4.3392,46.316],[4.34,46.3133],[4.3425,46.3123],[4.3436,46.3095],[4.3426,46.3069],[4.344,46.3049],[4.342,46.3029],[4.336,46.3038],[4.3302,46.3027],[4.3239,46.2987],[4.3227,46.2987],[4.3191,46.3002],[4.3171,46.2988],[4.3083,46.2966],[4.3023,46.2959]]]}},{"type":"Feature","properties":{"code":"71161","nom":"Curdin","pop":345},"geometry":{"type":"Polygon","coordinates":[[[3.986,46.5812],[3.9886,46.5859],[3.9859,46.5904],[3.9823,46.5941],[3.9769,46.5984],[3.9733,46.6025],[3.9746,46.6043],[3.9786,46.6043],[3.9793,46.6074],[3.9817,46.6079],[3.9872,46.6076],[3.989,46.6064],[3.9918,46.6076],[3.9969,46.608],[4.0009,46.6056],[4.0067,46.6082],[4.0101,46.6068],[4.0131,46.6055],[4.0101,46.6006],[4.0137,46.5983],[4.0146,46.5959],[4.0195,46.5954],[4.0161,46.5912],[4.0178,46.5896],[4.0166,46.5862],[4.0113,46.5829],[4.0054,46.5826],[4.0065,46.5809],[4.0068,46.5775],[4.0039,46.5778],[4.0008,46.5763],[4.0023,46.5737],[3.9991,46.5729],[3.9917,46.5749],[3.986,46.5812]]]}},{"type":"Feature","properties":{"code":"71162","nom":"Curgy","pop":1094},"geometry":{"type":"Polygon","coordinates":[[[4.3349,46.9839],[4.3428,46.9867],[4.3442,46.9897],[4.3484,46.9948],[4.3557,46.9992],[4.3565,47.0008],[4.3595,47.0014],[4.3652,47.0043],[4.3654,47.0054],[4.3708,47.0065],[4.3723,47.0102],[4.3723,47.0132],[4.3709,47.0195],[4.3809,47.0197],[4.388,47.0229],[4.3895,47.0218],[4.397,47.0208],[4.3987,47.0168],[4.4037,47.0164],[4.4137,47.017],[4.4189,47.0127],[4.4181,47.008],[4.4187,47.0067],[4.4232,47.0054],[4.4242,47.0012],[4.4236,46.9953],[4.4245,46.9894],[4.4212,46.9827],[4.421,46.9791],[4.416,46.976],[4.4097,46.9707],[4.4048,46.9683],[4.4029,46.9657],[4.4013,46.9654],[4.3968,46.9623],[4.3954,46.9637],[4.3976,46.9661],[4.4029,46.967],[4.4026,46.9687],[4.3969,46.9682],[4.3915,46.966],[4.3876,46.9687],[4.3846,46.9697],[4.3826,46.9665],[4.3849,46.9608],[4.3822,46.9591],[4.3797,46.956],[4.3762,46.955],[4.372,46.9557],[4.365,46.9573],[4.3604,46.96],[4.3634,46.963],[4.3631,46.9648],[4.3548,46.9644],[4.3553,46.9671],[4.3539,46.9697],[4.3508,46.9681],[4.3476,46.9691],[4.3415,46.9671],[4.3394,46.9713],[4.3396,46.9732],[4.3361,46.976],[4.3313,46.9783],[4.3333,46.9802],[4.3349,46.9839]]]}},{"type":"Feature","properties":{"code":"71163","nom":"Curtil-sous-Buffières","pop":95},"geometry":{"type":"Polygon","coordinates":[[[4.5156,46.3895],[4.5119,46.3953],[4.5122,46.399],[4.5093,46.3988],[4.5089,46.4007],[4.5109,46.4021],[4.506,46.4038],[4.5137,46.407],[4.517,46.4091],[4.5176,46.4113],[4.5194,46.4127],[4.5257,46.4134],[4.5316,46.4146],[4.5331,46.416],[4.5377,46.4141],[4.5375,46.4097],[4.5419,46.4106],[4.5448,46.41],[4.546,46.4038],[4.5418,46.4018],[4.5391,46.4013],[4.5386,46.3989],[4.5407,46.3973],[4.5403,46.3956],[4.5367,46.3949],[4.5331,46.3932],[4.5289,46.394],[4.5249,46.3936],[4.5202,46.3893],[4.5156,46.3895]]]}},{"type":"Feature","properties":{"code":"71164","nom":"Curtil-sous-Burnand","pop":137},"geometry":{"type":"Polygon","coordinates":[[[4.6108,46.5988],[4.6111,46.5988],[4.6149,46.599],[4.6184,46.5925],[4.6198,46.5927],[4.6284,46.5897],[4.6296,46.5876],[4.6329,46.5863],[4.6347,46.5869],[4.6394,46.5865],[4.641,46.5873],[4.6422,46.5912],[4.6441,46.5942],[4.6426,46.5967],[4.6493,46.5973],[4.6515,46.5986],[4.6535,46.5966],[4.6541,46.5939],[4.6576,46.5944],[4.6583,46.5918],[4.656,46.5887],[4.6549,46.5857],[4.6503,46.5805],[4.6521,46.5762],[4.6493,46.5741],[4.6452,46.5699],[4.6427,46.5684],[4.6357,46.5694],[4.6266,46.5701],[4.6241,46.5707],[4.6206,46.5701],[4.62,46.5728],[4.6158,46.5728],[4.618,46.5751],[4.6179,46.5769],[4.6111,46.5786],[4.609,46.5802],[4.6037,46.5824],[4.6065,46.5861],[4.6038,46.5882],[4.5995,46.5866],[4.6066,46.5901],[4.6074,46.596],[4.6108,46.5988]]]}},{"type":"Feature","properties":{"code":"71165","nom":"Cussy-en-Morvan","pop":346},"geometry":{"type":"Polygon","coordinates":[[[4.1164,47.1232],[4.1186,47.1272],[4.1238,47.13],[4.1268,47.1306],[4.1314,47.1288],[4.1345,47.1249],[4.1335,47.1214],[4.1391,47.1188],[4.1439,47.1175],[4.1502,47.1133],[4.1539,47.1148],[4.156,47.1179],[4.1607,47.122],[4.1656,47.1198],[4.1678,47.1173],[4.1726,47.1142],[4.1724,47.1108],[4.1767,47.1095],[4.1775,47.1073],[4.1827,47.103],[4.1883,47.1025],[4.1951,47.1],[4.1983,47.0997],[4.2017,47.1023],[4.2069,47.1025],[4.2039,47.0993],[4.2064,47.0943],[4.2109,47.0928],[4.2142,47.0883],[4.2186,47.0867],[4.2199,47.0879],[4.2233,47.0874],[4.2247,47.0889],[4.2301,47.0893],[4.2331,47.0867],[4.229,47.0845],[4.2338,47.083],[4.2335,47.0807],[4.2356,47.074],[4.2304,47.0704],[4.2253,47.0689],[4.2208,47.0662],[4.2243,47.0646],[4.2274,47.0613],[4.224,47.0604],[4.2216,47.0612],[4.2178,47.0668],[4.2166,47.0726],[4.218,47.0805],[4.2167,47.0827],[4.2134,47.0837],[4.2095,47.0835],[4.2076,47.0769],[4.2,47.0777],[4.1945,47.077],[4.1931,47.0742],[4.1898,47.0739],[4.1848,47.0759],[4.1801,47.0768],[4.1795,47.0733],[4.1755,47.0706],[4.1699,47.0676],[4.1653,47.0672],[4.1638,47.0678],[4.1591,47.0662],[4.1554,47.0671],[4.1522,47.0664],[4.1502,47.0644],[4.1502,47.0654],[4.1449,47.0687],[4.1387,47.0714],[4.1321,47.0733],[4.1291,47.076],[4.1283,47.0819],[4.1305,47.0849],[4.1277,47.0874],[4.1206,47.0908],[4.1144,47.0994],[4.1111,47.1021],[4.1109,47.1086],[4.1118,47.1127],[4.1143,47.1149],[4.1142,47.1191],[4.1164,47.1232]]]}},{"type":"Feature","properties":{"code":"71166","nom":"Cuzy","pop":110},"geometry":{"type":"Polygon","coordinates":[[[4.0643,46.7666],[4.0606,46.7631],[4.0597,46.7589],[4.0613,46.7538],[4.0551,46.7529],[4.0567,46.7498],[4.0594,46.747],[4.0623,46.7409],[4.0614,46.7377],[4.0587,46.7357],[4.057,46.738],[4.0483,46.7434],[4.0455,46.7464],[4.0433,46.7452],[4.0383,46.7443],[4.0334,46.7446],[4.03,46.7437],[4.0248,46.744],[4.0178,46.7423],[4.007,46.7414],[4.0033,46.7432],[4.0001,46.7464],[3.9967,46.7511],[3.9973,46.7532],[4.0006,46.7546],[3.999,46.7559],[4.0004,46.7588],[4.0047,46.7591],[4.0083,46.7606],[4.0108,46.7598],[4.0119,46.7625],[4.0053,46.7621],[4.0066,46.7695],[4.0004,46.7691],[3.9996,46.7751],[4.0012,46.7787],[4.0036,46.7788],[4.0089,46.7768],[4.0132,46.7781],[4.0192,46.776],[4.0253,46.7795],[4.0262,46.7812],[4.0299,46.7832],[4.0345,46.7877],[4.04,46.7856],[4.0411,46.7828],[4.046,46.7801],[4.0466,46.7782],[4.0474,46.7773],[4.0571,46.7725],[4.0643,46.7666]]]}},{"type":"Feature","properties":{"code":"71167","nom":"Damerey","pop":545},"geometry":{"type":"Polygon","coordinates":[[[4.9887,46.823],[4.984,46.8265],[4.982,46.8269],[4.9776,46.8297],[4.9745,46.8344],[4.977,46.8357],[4.9729,46.8371],[4.9756,46.8398],[4.9731,46.842],[4.966,46.8437],[4.9642,46.8447],[4.9634,46.8497],[4.9645,46.8536],[4.9632,46.8565],[4.9654,46.8581],[4.9705,46.8595],[4.9759,46.8594],[4.9809,46.8561],[4.9853,46.8559],[4.9858,46.8523],[4.9901,46.8515],[4.9956,46.8474],[4.9935,46.8459],[4.997,46.844],[4.9967,46.8427],[5.0074,46.8372],[5.0065,46.8359],[5.0152,46.8348],[5.0159,46.8311],[5.024,46.8305],[5.0258,46.8287],[5.0236,46.8237],[5.0273,46.8233],[5.0316,46.8216],[5.0277,46.8223],[5.0259,46.8201],[5.0201,46.821],[5.0185,46.8173],[5.0168,46.8169],[5.016,46.812],[5.0119,46.8098],[5.011,46.8082],[5.0097,46.8083],[5.0025,46.8154],[4.9957,46.8192],[4.9909,46.8211],[4.9887,46.823]]]}},{"type":"Feature","properties":{"code":"71168","nom":"Dampierre-en-Bresse","pop":172},"geometry":{"type":"Polygon","coordinates":[[[5.1735,46.8391],[5.1769,46.8379],[5.1794,46.8398],[5.1843,46.8405],[5.1854,46.842],[5.1887,46.8427],[5.1937,46.8423],[5.1956,46.8434],[5.2002,46.8428],[5.2046,46.8458],[5.2101,46.8421],[5.213,46.8414],[5.2189,46.8388],[5.2202,46.8364],[5.2178,46.8341],[5.2176,46.8321],[5.2203,46.8306],[5.2226,46.8273],[5.2265,46.8256],[5.2298,46.8226],[5.2331,46.8216],[5.2354,46.8191],[5.2337,46.818],[5.23,46.8121],[5.2227,46.8132],[5.2196,46.8146],[5.2141,46.8111],[5.2079,46.8118],[5.2039,46.8131],[5.1984,46.8124],[5.1918,46.814],[5.1887,46.8174],[5.1863,46.8149],[5.1813,46.817],[5.1776,46.8194],[5.1789,46.8201],[5.1854,46.82],[5.1869,46.8239],[5.1851,46.8257],[5.186,46.8279],[5.1833,46.8295],[5.177,46.8319],[5.173,46.8306],[5.1712,46.8327],[5.1729,46.8348],[5.1735,46.8391]]]}},{"type":"Feature","properties":{"code":"71169","nom":"Davayé","pop":666},"geometry":{"type":"Polygon","coordinates":[[[4.76,46.3128],[4.7615,46.3096],[4.7629,46.3097],[4.7639,46.3062],[4.7702,46.2981],[4.7619,46.2967],[4.7605,46.2956],[4.755,46.2949],[4.7463,46.2945],[4.743,46.2952],[4.7406,46.2976],[4.7395,46.3004],[4.7345,46.301],[4.727,46.3061],[4.7253,46.3067],[4.7266,46.3096],[4.7307,46.311],[4.734,46.313],[4.7399,46.3112],[4.7446,46.3112],[4.744,46.3085],[4.7479,46.3091],[4.7535,46.3091],[4.758,46.31],[4.7567,46.312],[4.76,46.3128]]]}},{"type":"Feature","properties":{"code":"71170","nom":"Demigny","pop":1756},"geometry":{"type":"Polygon","coordinates":[[[4.8163,46.936],[4.8193,46.9376],[4.8281,46.9382],[4.8333,46.9392],[4.8361,46.9411],[4.8439,46.9428],[4.8477,46.9425],[4.8534,46.9458],[4.862,46.9446],[4.8684,46.9475],[4.8709,46.9478],[4.8721,46.9443],[4.8738,46.9426],[4.863,46.9381],[4.8659,46.933],[4.8667,46.9291],[4.8758,46.9305],[4.8846,46.9306],[4.888,46.9225],[4.8899,46.9199],[4.89,46.9166],[4.8918,46.912],[4.8913,46.9103],[4.8882,46.9082],[4.8881,46.9069],[4.8894,46.9043],[4.8866,46.9024],[4.8818,46.9017],[4.8791,46.9003],[4.8718,46.8999],[4.8713,46.8992],[4.8658,46.8957],[4.8633,46.8966],[4.8613,46.8954],[4.861,46.8931],[4.8571,46.8919],[4.8533,46.8928],[4.8511,46.8905],[4.8512,46.8846],[4.8533,46.8807],[4.8525,46.8796],[4.8486,46.8804],[4.8425,46.8825],[4.8389,46.8825],[4.8356,46.8845],[4.8312,46.8823],[4.8244,46.8821],[4.8215,46.8826],[4.8149,46.8858],[4.8193,46.8897],[4.8223,46.8915],[4.8206,46.8927],[4.8218,46.8956],[4.8208,46.8994],[4.8194,46.9004],[4.8158,46.907],[4.819,46.9073],[4.821,46.9086],[4.8193,46.9105],[4.817,46.9106],[4.8183,46.9134],[4.8136,46.9153],[4.8148,46.9181],[4.8127,46.9212],[4.8107,46.9211],[4.8095,46.925],[4.8089,46.9307],[4.8142,46.9319],[4.8174,46.9338],[4.8163,46.936]]]}},{"type":"Feature","properties":{"code":"71171","nom":"Dennevy","pop":296},"geometry":{"type":"Polygon","coordinates":[[[4.6191,46.8498],[4.6201,46.8523],[4.6157,46.8554],[4.6235,46.8564],[4.6262,46.8582],[4.6267,46.8607],[4.6351,46.8612],[4.6378,46.8639],[4.6344,46.8665],[4.6346,46.871],[4.6367,46.8722],[4.6433,46.8739],[4.636,46.8765],[4.64,46.8808],[4.6432,46.883],[4.6464,46.8808],[4.6506,46.8771],[4.6545,46.8728],[4.655,46.8705],[4.6582,46.8686],[4.6627,46.8702],[4.6616,46.8672],[4.6643,46.867],[4.6647,46.8637],[4.6636,46.8597],[4.6656,46.8573],[4.6618,46.8576],[4.6606,46.8564],[4.6577,46.8587],[4.6516,46.8615],[4.6501,46.8605],[4.6458,46.8619],[4.6434,46.8579],[4.6408,46.8561],[4.6385,46.8581],[4.6391,46.8599],[4.6332,46.8592],[4.6318,46.8569],[4.6272,46.8529],[4.6245,46.8517],[4.6229,46.8496],[4.6191,46.8498]]]}},{"type":"Feature","properties":{"code":"71172","nom":"Dettey","pop":88},"geometry":{"type":"Polygon","coordinates":[[[4.1661,46.7988],[4.1686,46.7972],[4.17,46.7899],[4.1747,46.7866],[4.1821,46.7867],[4.1872,46.7876],[4.1902,46.7868],[4.1952,46.7844],[4.1911,46.7815],[4.1931,46.7799],[4.1972,46.7787],[4.1975,46.7763],[4.1953,46.7747],[4.1875,46.7734],[4.1914,46.7705],[4.1942,46.7715],[4.1952,46.7735],[4.2004,46.7733],[4.2045,46.7761],[4.2101,46.779],[4.211,46.7807],[4.218,46.7777],[4.2245,46.7756],[4.2249,46.7718],[4.2232,46.7698],[4.2278,46.7666],[4.2319,46.7663],[4.2321,46.7646],[4.2365,46.7627],[4.2346,46.7585],[4.2358,46.7572],[4.2438,46.7573],[4.2381,46.757],[4.2371,46.7557],[4.2315,46.7551],[4.2281,46.7557],[4.2199,46.7536],[4.216,46.7545],[4.2131,46.7535],[4.2128,46.7485],[4.2099,46.7499],[4.2024,46.7512],[4.2036,46.7492],[4.1979,46.7477],[4.1967,46.7445],[4.1931,46.7458],[4.1908,46.7438],[4.1855,46.7456],[4.1798,46.7451],[4.1731,46.742],[4.1713,46.7395],[4.1707,46.7438],[4.1658,46.7469],[4.1627,46.7477],[4.1647,46.7528],[4.1603,46.7532],[4.1585,46.7569],[4.1585,46.7609],[4.1557,46.762],[4.1531,46.7615],[4.1541,46.7634],[4.1573,46.7628],[4.1586,46.7645],[4.1572,46.7674],[4.1572,46.7704],[4.1539,46.7719],[4.1607,46.7738],[4.1587,46.7785],[4.1558,46.779],[4.1588,46.7821],[4.1515,46.7876],[4.1487,46.7922],[4.1568,46.8],[4.1606,46.8028],[4.1661,46.7988]]]}},{"type":"Feature","properties":{"code":"71173","nom":"Devrouze","pop":327},"geometry":{"type":"Polygon","coordinates":[[[5.1955,46.741],[5.1883,46.7424],[5.1821,46.7468],[5.1763,46.7461],[5.1735,46.7436],[5.1694,46.7421],[5.1688,46.7399],[5.1652,46.7396],[5.1624,46.7404],[5.1617,46.7414],[5.1636,46.7442],[5.163,46.7472],[5.1552,46.7452],[5.1522,46.7467],[5.1492,46.7468],[5.1512,46.7504],[5.145,46.75],[5.1389,46.7533],[5.1395,46.758],[5.1355,46.7587],[5.1363,46.7634],[5.1418,46.7626],[5.1438,46.7604],[5.1469,46.7639],[5.148,46.7686],[5.1466,46.775],[5.1442,46.775],[5.1444,46.7793],[5.1419,46.7814],[5.1429,46.7839],[5.1507,46.7826],[5.1505,46.7853],[5.154,46.7856],[5.1548,46.7884],[5.1594,46.7862],[5.1583,46.7844],[5.1608,46.782],[5.1646,46.7818],[5.1667,46.7796],[5.1725,46.7763],[5.1746,46.7781],[5.1807,46.7787],[5.1839,46.7768],[5.1886,46.7764],[5.1866,46.771],[5.1846,46.7681],[5.1874,46.7633],[5.1924,46.7593],[5.1938,46.754],[5.1951,46.7518],[5.1983,46.7513],[5.1986,46.7478],[5.2006,46.7469],[5.1955,46.741]]]}},{"type":"Feature","properties":{"code":"71174","nom":"Dezize-lès-Maranges","pop":162},"geometry":{"type":"Polygon","coordinates":[[[4.6522,46.9387],[4.6575,46.9364],[4.6594,46.9348],[4.6653,46.9333],[4.6754,46.9315],[4.6796,46.9301],[4.6793,46.9271],[4.6766,46.9263],[4.6699,46.9208],[4.6675,46.9171],[4.6644,46.9139],[4.6661,46.912],[4.6671,46.9088],[4.6599,46.9087],[4.6538,46.9098],[4.6514,46.9078],[4.6491,46.9088],[4.6466,46.9073],[4.6484,46.9111],[4.6492,46.9157],[4.6517,46.9175],[4.6485,46.9204],[4.6491,46.9231],[4.643,46.9242],[4.6461,46.9269],[4.6495,46.9341],[4.6522,46.9387]]]}},{"type":"Feature","properties":{"code":"71175","nom":"Diconne","pop":371},"geometry":{"type":"Polygon","coordinates":[[[5.0844,46.7681],[5.0775,46.7719],[5.0761,46.7758],[5.074,46.779],[5.0761,46.7835],[5.0808,46.786],[5.0815,46.7877],[5.0896,46.786],[5.1003,46.7856],[5.1184,46.7886],[5.1365,46.7953],[5.1381,46.7973],[5.1429,46.7954],[5.1507,46.7967],[5.1529,46.7962],[5.1589,46.7973],[5.1606,46.7937],[5.1595,46.7909],[5.1548,46.7884],[5.154,46.7856],[5.1505,46.7853],[5.1507,46.7826],[5.1429,46.7839],[5.1419,46.7814],[5.1444,46.7793],[5.1442,46.775],[5.1466,46.775],[5.148,46.7686],[5.1469,46.7639],[5.1438,46.7604],[5.1418,46.7626],[5.1363,46.7634],[5.1355,46.7587],[5.121,46.7617],[5.1151,46.7631],[5.1081,46.7624],[5.1049,46.7644],[5.1007,46.7654],[5.0952,46.7676],[5.0903,46.7675],[5.0844,46.7681]]]}},{"type":"Feature","properties":{"code":"71176","nom":"Digoin","pop":7353},"geometry":{"type":"Polygon","coordinates":[[[3.9905,46.5151],[3.9931,46.5148],[3.9986,46.5125],[4.002,46.5104],[4.0132,46.5071],[4.0154,46.5079],[4.0158,46.51],[4.0232,46.5063],[4.0339,46.5068],[4.0351,46.5076],[4.039,46.507],[4.0425,46.5084],[4.0457,46.5106],[4.0532,46.5112],[4.0566,46.5108],[4.0597,46.5116],[4.0621,46.5165],[4.0657,46.5162],[4.0675,46.5148],[4.0728,46.5143],[4.0747,46.5108],[4.0796,46.5085],[4.0822,46.5056],[4.0849,46.5067],[4.0893,46.5012],[4.0915,46.4981],[4.0908,46.4942],[4.0931,46.4896],[4.0904,46.488],[4.0847,46.4876],[4.082,46.4817],[4.0788,46.4761],[4.0736,46.4743],[4.0675,46.4766],[4.0666,46.4813],[4.0622,46.481],[4.0605,46.48],[4.0565,46.481],[4.0568,46.4822],[4.0528,46.483],[4.053,46.486],[4.0451,46.4873],[4.0403,46.4889],[4.0378,46.4872],[4.0336,46.4896],[4.0318,46.4883],[4.028,46.4892],[4.0258,46.4885],[4.0256,46.4865],[4.0285,46.4818],[4.0303,46.4776],[4.0339,46.4716],[4.0269,46.4727],[4.0271,46.4641],[4.0298,46.4566],[4.0224,46.4565],[4.0157,46.4559],[4.0133,46.4576],[4.0074,46.4576],[4.0054,46.4563],[4.0015,46.4587],[4.001,46.4618],[3.9993,46.4645],[3.9952,46.4673],[3.989,46.4703],[3.9784,46.4745],[3.9772,46.4786],[3.9726,46.4798],[3.9651,46.4781],[3.9566,46.4769],[3.9523,46.4785],[3.9521,46.4814],[3.9563,46.486],[3.9581,46.4906],[3.9683,46.4858],[3.9705,46.4867],[3.9724,46.4893],[3.9741,46.4935],[3.9775,46.4949],[3.9831,46.4957],[3.9856,46.4982],[3.9919,46.5013],[3.9932,46.504],[3.9878,46.5068],[3.9877,46.5096],[3.9927,46.5112],[3.9905,46.5151]]]}},{"type":"Feature","properties":{"code":"71177","nom":"Dommartin-lès-Cuiseaux","pop":801},"geometry":{"type":"Polygon","coordinates":[[[5.3009,46.4763],[5.2971,46.4753],[5.2886,46.4751],[5.2839,46.4762],[5.2809,46.4786],[5.2788,46.4826],[5.2786,46.49],[5.2757,46.4911],[5.2713,46.4886],[5.2649,46.4899],[5.2605,46.4902],[5.2579,46.4887],[5.2564,46.4917],[5.2595,46.4959],[5.2601,46.4984],[5.2575,46.5036],[5.2605,46.5109],[5.2648,46.5135],[5.2645,46.5147],[5.2684,46.5159],[5.2697,46.5198],[5.2717,46.5201],[5.2789,46.5234],[5.2779,46.5263],[5.2812,46.5282],[5.2879,46.5268],[5.2918,46.5274],[5.294,46.5292],[5.297,46.5282],[5.2985,46.5242],[5.301,46.5218],[5.3,46.52],[5.3037,46.5143],[5.3096,46.5098],[5.3104,46.5057],[5.3124,46.504],[5.3163,46.5027],[5.3183,46.5006],[5.3177,46.4938],[5.3181,46.4852],[5.3164,46.4812],[5.3154,46.4732],[5.3081,46.4732],[5.3039,46.4759],[5.3009,46.4763]]]}},{"type":"Feature","properties":{"code":"71178","nom":"Dompierre-les-Ormes","pop":893},"geometry":{"type":"Polygon","coordinates":[[[4.4598,46.3832],[4.4621,46.378],[4.4747,46.3758],[4.4776,46.3758],[4.4797,46.3744],[4.4906,46.3734],[4.4937,46.3758],[4.4973,46.3774],[4.506,46.3802],[4.5095,46.3824],[4.5126,46.3853],[4.5151,46.3848],[4.5138,46.3825],[4.5155,46.3798],[4.5214,46.3798],[4.5238,46.3738],[4.5245,46.3672],[4.5281,46.363],[4.5286,46.3604],[4.5245,46.3593],[4.5171,46.3557],[4.5199,46.3538],[4.5274,46.352],[4.5273,46.3499],[4.5251,46.3493],[4.5222,46.3469],[4.5186,46.3463],[4.515,46.3443],[4.5098,46.3431],[4.5056,46.3404],[4.5064,46.3381],[4.5044,46.3336],[4.5002,46.3346],[4.4948,46.3347],[4.491,46.3331],[4.4856,46.3322],[4.4801,46.3303],[4.4706,46.3342],[4.4648,46.3319],[4.4608,46.3313],[4.4545,46.3318],[4.4523,46.328],[4.4479,46.3277],[4.4394,46.3239],[4.4333,46.3234],[4.4315,46.3246],[4.4349,46.3277],[4.4342,46.3336],[4.4349,46.3387],[4.4362,46.3404],[4.4412,46.3415],[4.4443,46.3465],[4.4448,46.3545],[4.4454,46.3565],[4.4417,46.3594],[4.4484,46.3614],[4.4507,46.3635],[4.4513,46.369],[4.4467,46.3746],[4.4499,46.3778],[4.455,46.38],[4.457,46.3824],[4.4598,46.3832]]]}},{"type":"Feature","properties":{"code":"71179","nom":"Dompierre-sous-Sanvignes","pop":75},"geometry":{"type":"Polygon","coordinates":[[[4.2029,46.6856],[4.204,46.6873],[4.2131,46.6876],[4.2168,46.6892],[4.221,46.6897],[4.2229,46.6885],[4.222,46.6856],[4.2241,46.6842],[4.2275,46.6844],[4.2307,46.681],[4.2304,46.6794],[4.2333,46.674],[4.2392,46.6751],[4.2413,46.6769],[4.2446,46.6755],[4.2457,46.6739],[4.2494,46.6761],[4.2515,46.6744],[4.2521,46.6698],[4.2538,46.6669],[4.2493,46.6654],[4.2514,46.6641],[4.249,46.6627],[4.2506,46.6604],[4.2461,46.6588],[4.2476,46.6564],[4.2453,46.6555],[4.2504,46.6505],[4.2471,46.6489],[4.2432,46.6488],[4.2411,46.6477],[4.2365,46.6482],[4.2345,46.6461],[4.2261,46.6423],[4.2235,46.6437],[4.2215,46.6412],[4.2181,46.64],[4.2149,46.6399],[4.2121,46.6441],[4.2061,46.647],[4.2057,46.6507],[4.2022,46.6534],[4.2025,46.6546],[4.208,46.6574],[4.2099,46.66],[4.2103,46.6641],[4.2069,46.6649],[4.2086,46.6677],[4.2125,46.6685],[4.2121,46.6699],[4.2081,46.6721],[4.2045,46.6781],[4.2049,46.6793],[4.2029,46.6856]]]}},{"type":"Feature","properties":{"code":"71181","nom":"Donzy-le-Pertuis","pop":148},"geometry":{"type":"Polygon","coordinates":[[[4.7383,46.4561],[4.7313,46.4517],[4.7361,46.4474],[4.7267,46.4421],[4.7274,46.4404],[4.7309,46.4405],[4.733,46.4385],[4.7314,46.434],[4.7259,46.435],[4.7266,46.4384],[4.7254,46.4408],[4.7209,46.4414],[4.7204,46.4398],[4.7168,46.4376],[4.7149,46.4348],[4.7137,46.4364],[4.7064,46.4399],[4.7056,46.4379],[4.7012,46.4368],[4.6949,46.4388],[4.6902,46.4396],[4.6898,46.4428],[4.6935,46.4463],[4.6955,46.4467],[4.6983,46.4498],[4.7042,46.4497],[4.7107,46.4515],[4.7114,46.4542],[4.7154,46.4538],[4.7167,46.4569],[4.7174,46.4609],[4.7203,46.4629],[4.722,46.4632],[4.7318,46.4614],[4.7342,46.4601],[4.7399,46.4613],[4.7401,46.459],[4.7375,46.4579],[4.7383,46.4561]]]}},{"type":"Feature","properties":{"code":"71182","nom":"Dracy-le-Fort","pop":1472},"geometry":{"type":"Polygon","coordinates":[[[4.7848,46.7851],[4.7811,46.7869],[4.7804,46.7886],[4.7755,46.7868],[4.7726,46.788],[4.7629,46.7898],[4.7598,46.7914],[4.7577,46.7896],[4.7497,46.7925],[4.746,46.7925],[4.7461,46.795],[4.7459,46.7996],[4.749,46.8037],[4.7534,46.8022],[4.7544,46.8048],[4.7605,46.8112],[4.7696,46.8057],[4.7757,46.8035],[4.7963,46.7992],[4.8001,46.7984],[4.796,46.7932],[4.7848,46.7851]]]}},{"type":"Feature","properties":{"code":"71183","nom":"Dracy-lès-Couches","pop":152},"geometry":{"type":"Polygon","coordinates":[[[4.5424,46.9059],[4.5458,46.9029],[4.5519,46.9025],[4.5564,46.9003],[4.5585,46.8983],[4.5665,46.9019],[4.5708,46.9021],[4.576,46.9034],[4.5792,46.9021],[4.5866,46.902],[4.5872,46.9033],[4.5931,46.9024],[4.5921,46.9004],[4.5921,46.8958],[4.5911,46.8909],[4.5902,46.8873],[4.5878,46.8839],[4.5801,46.878],[4.5756,46.879],[4.5722,46.8806],[4.5679,46.8809],[4.552,46.8836],[4.5505,46.887],[4.5526,46.8907],[4.5487,46.893],[4.547,46.8927],[4.5418,46.8944],[4.5405,46.8962],[4.5375,46.8953],[4.538,46.8991],[4.5331,46.8984],[4.5345,46.901],[4.5328,46.9031],[4.5334,46.9049],[4.5377,46.9047],[4.5424,46.9059]]]}},{"type":"Feature","properties":{"code":"71184","nom":"Dracy-Saint-Loup","pop":641},"geometry":{"type":"Polygon","coordinates":[[[4.3349,46.9839],[4.3369,46.9896],[4.3353,46.9949],[4.3258,46.9945],[4.3235,46.9939],[4.3201,46.99],[4.3109,46.9939],[4.3114,46.9984],[4.3105,47.0009],[4.3122,47.0047],[4.3107,47.0079],[4.3058,47.0102],[4.3055,47.0123],[4.3109,47.0167],[4.3089,47.0197],[4.3039,47.021],[4.3038,47.0248],[4.2986,47.0264],[4.2994,47.0316],[4.2991,47.0359],[4.3029,47.0362],[4.3091,47.0403],[4.3154,47.0378],[4.3163,47.0334],[4.3214,47.0279],[4.3275,47.0264],[4.3332,47.0238],[4.3347,47.0266],[4.3426,47.03],[4.3473,47.0294],[4.3509,47.0325],[4.3525,47.032],[4.3604,47.0324],[4.3666,47.033],[4.3672,47.0321],[4.377,47.0318],[4.3796,47.03],[4.3886,47.0311],[4.3947,47.0305],[4.3913,47.0261],[4.388,47.0229],[4.3809,47.0197],[4.3709,47.0195],[4.3723,47.0132],[4.3723,47.0102],[4.3708,47.0065],[4.3654,47.0054],[4.3652,47.0043],[4.3595,47.0014],[4.3565,47.0008],[4.3557,46.9992],[4.3484,46.9948],[4.3442,46.9897],[4.3428,46.9867],[4.3349,46.9839]]]}},{"type":"Feature","properties":{"code":"71185","nom":"Dyo","pop":325},"geometry":{"type":"Polygon","coordinates":[[[4.3118,46.3485],[4.3096,46.3456],[4.3097,46.3427],[4.3055,46.3414],[4.3011,46.3378],[4.2976,46.3401],[4.2977,46.3441],[4.2922,46.3449],[4.2824,46.342],[4.2781,46.3399],[4.2671,46.3388],[4.2653,46.3414],[4.2658,46.3466],[4.2643,46.351],[4.2661,46.3518],[4.2603,46.3615],[4.2546,46.3707],[4.2573,46.3735],[4.2571,46.3752],[4.261,46.3816],[4.2653,46.3847],[4.2658,46.3867],[4.2712,46.3895],[4.276,46.3896],[4.2789,46.3864],[4.2816,46.3848],[4.2861,46.3859],[4.2887,46.3852],[4.2917,46.3869],[4.2947,46.3858],[4.2944,46.3829],[4.3035,46.3816],[4.3049,46.3787],[4.3049,46.3756],[4.3066,46.3754],[4.3054,46.3721],[4.3027,46.3712],[4.3006,46.3682],[4.2978,46.3678],[4.2968,46.3651],[4.2941,46.3623],[4.2966,46.3563],[4.3013,46.3522],[4.3118,46.3485]]]}},{"type":"Feature","properties":{"code":"71186","nom":"Écuelles","pop":252},"geometry":{"type":"Polygon","coordinates":[[[5.0659,46.967],[5.0688,46.9685],[5.0736,46.9672],[5.0725,46.9625],[5.0733,46.96],[5.0771,46.9592],[5.0808,46.9603],[5.084,46.9596],[5.0913,46.9604],[5.0919,46.9577],[5.0946,46.9551],[5.0981,46.9576],[5.101,46.9587],[5.1026,46.9554],[5.0976,46.9505],[5.097,46.947],[5.0976,46.9448],[5.0899,46.9446],[5.086,46.9368],[5.0822,46.9354],[5.0773,46.9381],[5.0753,46.9379],[5.0722,46.935],[5.0695,46.9358],[5.0703,46.9395],[5.0674,46.9426],[5.0644,46.9422],[5.0567,46.9401],[5.0559,46.9412],[5.0518,46.9416],[5.0508,46.9433],[5.0448,46.9451],[5.0401,46.9485],[5.0418,46.9508],[5.039,46.9553],[5.0423,46.9596],[5.0496,46.9603],[5.0659,46.967]]]}},{"type":"Feature","properties":{"code":"71187","nom":"Écuisses","pop":1652},"geometry":{"type":"Polygon","coordinates":[[[4.5152,46.7742],[4.5212,46.7754],[4.5239,46.7724],[4.5247,46.7701],[4.5283,46.7688],[4.5291,46.7668],[4.536,46.7689],[4.5396,46.7705],[4.5464,46.7691],[4.5492,46.768],[4.549,46.7663],[4.5521,46.7652],[4.5527,46.7626],[4.5544,46.7617],[4.5559,46.7596],[4.554,46.7537],[4.5546,46.7527],[4.5525,46.7514],[4.5502,46.7476],[4.5515,46.7451],[4.5487,46.7435],[4.5436,46.7418],[4.5452,46.7397],[4.5436,46.737],[4.5356,46.7359],[4.53,46.7388],[4.5277,46.7439],[4.5244,46.7436],[4.5217,46.7446],[4.5191,46.7469],[4.5148,46.7484],[4.5071,46.7437],[4.5025,46.7445],[4.5002,46.7426],[4.4957,46.7451],[4.4943,46.75],[4.4901,46.7535],[4.4916,46.7571],[4.4962,46.7574],[4.4988,46.7591],[4.4958,46.7618],[4.5023,46.7683],[4.5096,46.7722],[4.5152,46.7742]]]}},{"type":"Feature","properties":{"code":"71188","nom":"Épertully","pop":66},"geometry":{"type":"Polygon","coordinates":[[[4.607,46.9354],[4.5944,46.9375],[4.5909,46.941],[4.5858,46.9432],[4.5837,46.9449],[4.5862,46.95],[4.5871,46.9546],[4.5958,46.9522],[4.6007,46.95],[4.604,46.9493],[4.6067,46.9503],[4.6089,46.9489],[4.6132,46.9496],[4.6164,46.9482],[4.6183,46.9455],[4.6168,46.9418],[4.6146,46.9415],[4.6111,46.9366],[4.607,46.9354]]]}},{"type":"Feature","properties":{"code":"71189","nom":"Épervans","pop":1667},"geometry":{"type":"Polygon","coordinates":[[[4.8833,46.7414],[4.884,46.7448],[4.8833,46.7482],[4.881,46.7524],[4.8785,46.7541],[4.8699,46.7561],[4.8745,46.7609],[4.8788,46.7629],[4.8859,46.762],[4.8885,46.761],[4.8928,46.7619],[4.9048,46.7669],[4.9095,46.7634],[4.9103,46.7618],[4.9161,46.7625],[4.9165,46.7574],[4.9197,46.7513],[4.9219,46.7519],[4.9231,46.7494],[4.9251,46.7494],[4.9257,46.7436],[4.9253,46.739],[4.9238,46.7358],[4.9261,46.7346],[4.9241,46.7317],[4.9267,46.7295],[4.924,46.7275],[4.9152,46.7236],[4.9131,46.7247],[4.9088,46.7227],[4.9073,46.725],[4.9041,46.727],[4.9007,46.7305],[4.896,46.7321],[4.8888,46.7309],[4.8854,46.7318],[4.8823,46.734],[4.8811,46.7367],[4.8833,46.7414]]]}},{"type":"Feature","properties":{"code":"71190","nom":"Épinac","pop":2168},"geometry":{"type":"Polygon","coordinates":[[[4.4869,46.9585],[4.4874,46.9622],[4.4861,46.9644],[4.4886,46.9689],[4.4831,46.9683],[4.4806,46.97],[4.466,46.9685],[4.459,46.9704],[4.4556,46.972],[4.4572,46.9734],[4.4606,46.9735],[4.464,46.9748],[4.4693,46.9719],[4.4712,46.9729],[4.4788,46.973],[4.4826,46.9737],[4.484,46.9705],[4.4855,46.9703],[4.4891,46.9734],[4.4915,46.9782],[4.4938,46.9799],[4.4911,46.9841],[4.4882,46.9854],[4.4856,46.9909],[4.4864,46.9978],[4.4817,47.0008],[4.4851,47.0038],[4.4944,47.009],[4.4958,47.0104],[4.5009,47.0128],[4.5052,47.0161],[4.5068,47.013],[4.5114,47.0116],[4.5184,47.0132],[4.5228,47.0131],[4.5292,47.0117],[4.5358,47.014],[4.542,47.0149],[4.5483,47.0166],[4.5549,47.02],[4.5579,47.0162],[4.5571,47.0122],[4.5581,47.009],[4.5558,47.0048],[4.5558,46.9995],[4.5487,46.9989],[4.5473,46.9976],[4.5459,46.9937],[4.5484,46.9921],[4.5521,46.9935],[4.5551,46.9898],[4.5647,46.9922],[4.567,46.9927],[4.5688,46.9904],[4.5684,46.9869],[4.566,46.9854],[4.5678,46.9825],[4.565,46.9825],[4.5608,46.9804],[4.5581,46.9799],[4.5476,46.9756],[4.5416,46.9757],[4.5372,46.9763],[4.5326,46.9755],[4.5273,46.9771],[4.5227,46.9766],[4.5213,46.9727],[4.5189,46.9711],[4.5146,46.971],[4.5113,46.9688],[4.5098,46.9661],[4.5075,46.9655],[4.5023,46.9659],[4.497,46.9638],[4.4982,46.9609],[4.4962,46.9598],[4.4905,46.9605],[4.4869,46.9585]]]}},{"type":"Feature","properties":{"code":"71191","nom":"Essertenne","pop":483},"geometry":{"type":"Polygon","coordinates":[[[4.5453,46.8379],[4.5469,46.8362],[4.5499,46.8355],[4.5495,46.8338],[4.5457,46.8307],[4.5509,46.826],[4.5481,46.8229],[4.5525,46.8206],[4.5504,46.8183],[4.5555,46.8165],[4.5559,46.815],[4.5529,46.8121],[4.5528,46.8107],[4.5581,46.811],[4.5669,46.8063],[4.5716,46.8055],[4.5771,46.8086],[4.5784,46.8078],[4.5705,46.8015],[4.5631,46.7971],[4.5587,46.7935],[4.5565,46.7904],[4.5575,46.7869],[4.5556,46.7851],[4.5469,46.7823],[4.5451,46.7805],[4.5404,46.7816],[4.5455,46.7847],[4.5426,46.7933],[4.5376,46.7985],[4.5325,46.8015],[4.5299,46.8068],[4.5273,46.8081],[4.5232,46.8135],[4.5156,46.8136],[4.5103,46.8126],[4.5074,46.8111],[4.5037,46.8104],[4.5044,46.8132],[4.5061,46.8147],[4.5122,46.8162],[4.5106,46.8181],[4.5137,46.8216],[4.5113,46.8229],[4.5249,46.8298],[4.529,46.8308],[4.5299,46.8345],[4.5336,46.8339],[4.5375,46.8356],[4.5453,46.8379]]]}},{"type":"Feature","properties":{"code":"71192","nom":"Étang-sur-Arroux","pop":1750},"geometry":{"type":"Polygon","coordinates":[[[4.2444,46.8911],[4.243,46.8878],[4.2364,46.8834],[4.2352,46.8813],[4.2324,46.8832],[4.2316,46.8857],[4.2261,46.8867],[4.2236,46.8859],[4.2232,46.8793],[4.2215,46.8793],[4.2196,46.8759],[4.2227,46.8713],[4.2217,46.8647],[4.2132,46.8634],[4.2138,46.8615],[4.2164,46.8598],[4.2157,46.8571],[4.2165,46.8539],[4.2144,46.8533],[4.2125,46.8503],[4.2195,46.8474],[4.2166,46.8457],[4.2158,46.8441],[4.2111,46.8416],[4.2093,46.8392],[4.202,46.8331],[4.1991,46.8361],[4.1964,46.8376],[4.1911,46.8392],[4.1832,46.8418],[4.1783,46.8381],[4.1734,46.8363],[4.17,46.8321],[4.1677,46.8306],[4.1589,46.8284],[4.1566,46.8315],[4.1525,46.8327],[4.1473,46.8328],[4.1414,46.8319],[4.1389,46.8333],[4.1304,46.8349],[4.1269,46.8362],[4.1263,46.8409],[4.1275,46.8414],[4.1227,46.8478],[4.1274,46.8481],[4.128,46.8496],[4.1347,46.8507],[4.1349,46.8537],[4.1331,46.8544],[4.1313,46.8574],[4.1328,46.86],[4.1368,46.8633],[4.1361,46.8673],[4.141,46.8688],[4.1474,46.868],[4.1468,46.8723],[4.1539,46.8709],[4.1634,46.874],[4.1574,46.8778],[4.1572,46.8785],[4.1607,46.8779],[4.1699,46.8815],[4.1699,46.8844],[4.1748,46.8851],[4.1748,46.887],[4.1774,46.8878],[4.1841,46.8865],[4.1867,46.8847],[4.1893,46.8869],[4.1935,46.8856],[4.2075,46.8857],[4.2127,46.8881],[4.2191,46.8888],[4.2221,46.8871],[4.2271,46.8885],[4.2282,46.8903],[4.2258,46.8921],[4.2282,46.8955],[4.2298,46.8941],[4.2369,46.8912],[4.2417,46.8927],[4.2444,46.8911]]]}},{"type":"Feature","properties":{"code":"71193","nom":"Étrigny","pop":482},"geometry":{"type":"Polygon","coordinates":[[[4.7526,46.5926],[4.7545,46.5935],[4.7596,46.5925],[4.7615,46.5947],[4.7685,46.5936],[4.7693,46.5948],[4.7687,46.5993],[4.7726,46.5982],[4.7759,46.6046],[4.7762,46.6081],[4.775,46.612],[4.776,46.614],[4.7791,46.6164],[4.784,46.6139],[4.788,46.6137],[4.7927,46.6119],[4.81,46.6067],[4.8205,46.6047],[4.8252,46.6005],[4.8225,46.5971],[4.8216,46.5937],[4.827,46.5908],[4.831,46.5902],[4.8292,46.5894],[4.8218,46.5833],[4.8185,46.5823],[4.8175,46.5757],[4.8138,46.5695],[4.8075,46.5676],[4.8031,46.569],[4.7937,46.5711],[4.7927,46.5726],[4.7829,46.5726],[4.7765,46.5713],[4.7752,46.5717],[4.7678,46.5662],[4.767,46.565],[4.7585,46.5655],[4.76,46.5672],[4.7533,46.5715],[4.7584,46.5736],[4.7606,46.5727],[4.763,46.5747],[4.7663,46.5751],[4.7664,46.5793],[4.7655,46.5815],[4.7593,46.5844],[4.763,46.5866],[4.7588,46.5881],[4.7526,46.5926]]]}},{"type":"Feature","properties":{"code":"71194","nom":"Farges-lès-Chalon","pop":829},"geometry":{"type":"Polygon","coordinates":[[[4.7958,46.8235],[4.7978,46.8276],[4.7981,46.8316],[4.7993,46.8346],[4.7984,46.8367],[4.7944,46.8377],[4.7957,46.8417],[4.7951,46.8448],[4.7975,46.8448],[4.8005,46.8474],[4.8049,46.8454],[4.8108,46.8465],[4.8117,46.8445],[4.8165,46.8395],[4.8199,46.8393],[4.8189,46.837],[4.8164,46.8362],[4.8173,46.8325],[4.8151,46.8283],[4.8138,46.8243],[4.8085,46.8195],[4.805,46.8192],[4.8052,46.8204],[4.7996,46.8208],[4.7989,46.8225],[4.7958,46.8235]]]}},{"type":"Feature","properties":{"code":"71195","nom":"Farges-lès-Mâcon","pop":223},"geometry":{"type":"Polygon","coordinates":[[[4.9293,46.5042],[4.9271,46.4993],[4.9225,46.4982],[4.9213,46.4998],[4.9062,46.5055],[4.8997,46.5064],[4.8936,46.5082],[4.8915,46.5121],[4.891,46.5159],[4.8867,46.5193],[4.8904,46.5224],[4.8941,46.5237],[4.8976,46.5237],[4.903,46.5246],[4.9065,46.5264],[4.9024,46.5204],[4.9055,46.5189],[4.9089,46.5185],[4.9188,46.5161],[4.9199,46.5206],[4.9239,46.5205],[4.9297,46.5193],[4.9333,46.5179],[4.9295,46.5142],[4.9335,46.5125],[4.9315,46.5103],[4.9293,46.5042]]]}},{"type":"Feature","properties":{"code":"71196","nom":"Le Fay","pop":616},"geometry":{"type":"Polygon","coordinates":[[[5.3382,46.6352],[5.3323,46.6351],[5.3307,46.6409],[5.3285,46.6424],[5.3306,46.6447],[5.3305,46.6466],[5.3279,46.6472],[5.319,46.6476],[5.3224,46.6537],[5.3168,46.6537],[5.3119,46.6524],[5.3095,46.6543],[5.3069,46.6542],[5.3084,46.6598],[5.3104,46.6606],[5.3091,46.6651],[5.2996,46.6736],[5.2974,46.6737],[5.2976,46.6779],[5.2997,46.6775],[5.3026,46.6814],[5.3069,46.6805],[5.3071,46.6785],[5.3119,46.6777],[5.3132,46.6861],[5.3163,46.6872],[5.3212,46.6921],[5.3228,46.6947],[5.325,46.6916],[5.3236,46.6884],[5.3274,46.6886],[5.3293,46.6872],[5.3319,46.6885],[5.3367,46.6857],[5.3402,46.6829],[5.3447,46.6811],[5.347,46.6826],[5.3494,46.6799],[5.3511,46.6817],[5.3549,46.6831],[5.3573,46.6809],[5.3626,46.6781],[5.3651,46.6783],[5.3658,46.6759],[5.3684,46.6737],[5.3706,46.6723],[5.3713,46.6682],[5.3728,46.6672],[5.3711,46.6651],[5.3671,46.6633],[5.3707,46.6612],[5.368,46.6527],[5.3658,46.6503],[5.3586,46.6497],[5.3537,46.6465],[5.3554,46.6421],[5.3535,46.6391],[5.3465,46.6373],[5.3397,46.6371],[5.3382,46.6352]]]}},{"type":"Feature","properties":{"code":"71198","nom":"Flacey-en-Bresse","pop":412},"geometry":{"type":"Polygon","coordinates":[[[5.3621,46.6098],[5.364,46.611],[5.3693,46.6126],[5.3725,46.6124],[5.3785,46.611],[5.3841,46.6117],[5.3865,46.6127],[5.3914,46.6134],[5.3986,46.6128],[5.3961,46.6112],[5.3977,46.6089],[5.4024,46.61],[5.4061,46.6075],[5.4101,46.602],[5.4143,46.6005],[5.4138,46.5974],[5.4066,46.5912],[5.4053,46.5877],[5.4057,46.5816],[5.4001,46.58],[5.3946,46.5802],[5.3899,46.5797],[5.3834,46.5817],[5.3813,46.5802],[5.3755,46.5802],[5.3697,46.5804],[5.3622,46.5774],[5.3583,46.5774],[5.3553,46.5764],[5.3495,46.5717],[5.3436,46.5715],[5.3474,46.572],[5.3515,46.5745],[5.3507,46.5786],[5.3514,46.5805],[5.3556,46.5818],[5.358,46.586],[5.359,46.5896],[5.3562,46.5921],[5.3589,46.5939],[5.3603,46.5961],[5.358,46.5986],[5.3573,46.604],[5.3621,46.6082],[5.3621,46.6098]]]}},{"type":"Feature","properties":{"code":"71199","nom":"Flagy","pop":175},"geometry":{"type":"Polygon","coordinates":[[[4.6553,46.4852],[4.6511,46.484],[4.6488,46.4853],[4.6451,46.4853],[4.646,46.4819],[4.6419,46.4804],[4.6383,46.4806],[4.637,46.4735],[4.6331,46.472],[4.6298,46.4682],[4.6254,46.4689],[4.6233,46.4758],[4.6214,46.4793],[4.6218,46.4818],[4.6246,46.4829],[4.6257,46.4862],[4.6255,46.4911],[4.6225,46.4977],[4.6216,46.5031],[4.6206,46.5056],[4.6305,46.5064],[4.6408,46.5076],[4.6404,46.5102],[4.6453,46.5075],[4.6488,46.5071],[4.6528,46.5072],[4.654,46.5057],[4.6587,46.5111],[4.66,46.5116],[4.6611,46.5105],[4.6637,46.503],[4.6597,46.5009],[4.6562,46.5012],[4.6545,46.4987],[4.6534,46.4931],[4.654,46.4874],[4.6553,46.4852]]]}},{"type":"Feature","properties":{"code":"71200","nom":"Fleury-la-Montagne","pop":726},"geometry":{"type":"Polygon","coordinates":[[[4.134,46.1773],[4.1332,46.1773],[4.1333,46.1806],[4.125,46.1835],[4.1153,46.1911],[4.1117,46.1919],[4.11,46.1942],[4.1038,46.1986],[4.1031,46.2031],[4.1073,46.2109],[4.1124,46.2137],[4.1171,46.2142],[4.1248,46.2174],[4.1272,46.2178],[4.1287,46.2181],[4.132,46.2122],[4.1323,46.2104],[4.1361,46.21],[4.1377,46.2073],[4.1473,46.2012],[4.1477,46.1973],[4.1449,46.1912],[4.1429,46.189],[4.1443,46.1865],[4.1413,46.1859],[4.1383,46.1842],[4.1337,46.1792],[4.134,46.1773]]]}},{"type":"Feature","properties":{"code":"71201","nom":"Fley","pop":192},"geometry":{"type":"Polygon","coordinates":[[[4.6163,46.6771],[4.6145,46.6799],[4.6167,46.6803],[4.6154,46.6854],[4.6277,46.6922],[4.6284,46.6945],[4.6331,46.6947],[4.6392,46.6968],[4.6442,46.694],[4.6465,46.6915],[4.6436,46.6895],[4.646,46.6855],[4.6458,46.6804],[4.6494,46.6799],[4.6562,46.6777],[4.6619,46.6736],[4.6601,46.6635],[4.6539,46.6637],[4.6532,46.659],[4.6486,46.6591],[4.6442,46.6577],[4.6413,46.6559],[4.6363,46.6555],[4.6313,46.6684],[4.6294,46.6713],[4.6275,46.6768],[4.6236,46.6754],[4.6227,46.678],[4.62,46.6782],[4.6163,46.6771]]]}},{"type":"Feature","properties":{"code":"71202","nom":"Fontaines","pop":1841},"geometry":{"type":"Polygon","coordinates":[[[4.8201,46.8745],[4.8229,46.8712],[4.8229,46.8686],[4.8251,46.8647],[4.8235,46.862],[4.8257,46.8594],[4.8262,46.8539],[4.8234,46.8515],[4.8182,46.8531],[4.8147,46.8505],[4.8108,46.8509],[4.81,46.8488],[4.8108,46.8465],[4.8049,46.8454],[4.8005,46.8474],[4.7975,46.8448],[4.7951,46.8448],[4.7957,46.8417],[4.7944,46.8377],[4.7984,46.8367],[4.7993,46.8346],[4.7981,46.8316],[4.7978,46.8276],[4.7958,46.8235],[4.7937,46.8247],[4.7874,46.8245],[4.7832,46.8259],[4.775,46.8273],[4.7692,46.8287],[4.7661,46.8277],[4.7608,46.83],[4.751,46.8324],[4.7511,46.8351],[4.7471,46.8363],[4.7473,46.8389],[4.7419,46.8396],[4.7388,46.8422],[4.7393,46.8469],[4.7382,46.8486],[4.7402,46.8594],[4.7511,46.8651],[4.7527,46.867],[4.7627,46.8697],[4.7736,46.8741],[4.7773,46.8726],[4.7838,46.8709],[4.791,46.8669],[4.7921,46.8678],[4.8009,46.8708],[4.8075,46.877],[4.8149,46.8771],[4.8201,46.8745]]]}},{"type":"Feature","properties":{"code":"71203","nom":"Fontenay","pop":58},"geometry":{"type":"Polygon","coordinates":[[[4.3011,46.4876],[4.3008,46.4832],[4.3042,46.4815],[4.3098,46.4801],[4.3106,46.4779],[4.3148,46.4745],[4.3123,46.4733],[4.3096,46.4708],[4.3067,46.4693],[4.3043,46.4697],[4.3019,46.4681],[4.2987,46.4713],[4.2964,46.47],[4.2885,46.4692],[4.2892,46.4728],[4.2868,46.4734],[4.2845,46.4769],[4.285,46.4801],[4.2898,46.4795],[4.2967,46.4805],[4.2978,46.4845],[4.3011,46.4876]]]}},{"type":"Feature","properties":{"code":"71204","nom":"Fragnes-La Loyère","pop":1411},"geometry":{"type":"Polygon","coordinates":[[[4.8108,46.8465],[4.81,46.8488],[4.8108,46.8509],[4.8147,46.8505],[4.8182,46.8531],[4.8234,46.8515],[4.8262,46.8539],[4.8257,46.8594],[4.8235,46.862],[4.8251,46.8647],[4.8266,46.8637],[4.8283,46.8566],[4.8325,46.8557],[4.8305,46.8531],[4.836,46.8532],[4.8456,46.8527],[4.8449,46.8515],[4.8418,46.8495],[4.842,46.8479],[4.847,46.8456],[4.8477,46.8432],[4.8556,46.8378],[4.8541,46.8343],[4.8601,46.832],[4.8637,46.8278],[4.8648,46.8276],[4.863,46.8255],[4.8606,46.816],[4.853,46.819],[4.8505,46.8189],[4.8466,46.8207],[4.8454,46.8248],[4.8341,46.8268],[4.8285,46.8264],[4.8257,46.825],[4.8226,46.8275],[4.8151,46.8283],[4.8173,46.8325],[4.8164,46.8362],[4.8189,46.837],[4.8199,46.8393],[4.8165,46.8395],[4.8117,46.8445],[4.8108,46.8465]]]}},{"type":"Feature","properties":{"code":"71205","nom":"Frangy-en-Bresse","pop":678},"geometry":{"type":"Polygon","coordinates":[[[5.3228,46.6947],[5.3234,46.6971],[5.3255,46.6996],[5.3239,46.702],[5.3216,46.7007],[5.3163,46.7017],[5.3139,46.703],[5.3149,46.7056],[5.3149,46.709],[5.3138,46.71],[5.3074,46.7095],[5.3052,46.7104],[5.2976,46.7104],[5.295,46.7112],[5.2922,46.7148],[5.2888,46.7161],[5.2859,46.7143],[5.2836,46.7145],[5.2822,46.717],[5.2797,46.7173],[5.2784,46.7193],[5.2796,46.7214],[5.2786,46.7258],[5.2805,46.7273],[5.2859,46.7264],[5.2889,46.7314],[5.3015,46.7341],[5.3081,46.7361],[5.3108,46.736],[5.3167,46.7381],[5.3168,46.7391],[5.334,46.7387],[5.3382,46.7375],[5.3375,46.7352],[5.3461,46.7351],[5.3457,46.7334],[5.3617,46.7331],[5.361,46.7313],[5.3873,46.7312],[5.3868,46.7292],[5.3936,46.7286],[5.3909,46.7275],[5.3903,46.7235],[5.3927,46.7234],[5.3956,46.7211],[5.3969,46.7183],[5.3957,46.7157],[5.3874,46.7191],[5.3836,46.7192],[5.3822,46.7157],[5.3762,46.7156],[5.3677,46.7195],[5.3646,46.7176],[5.3614,46.719],[5.3556,46.7184],[5.3506,46.7157],[5.3502,46.7145],[5.3537,46.7112],[5.3488,46.7102],[5.3499,46.7075],[5.3497,46.7026],[5.3445,46.6989],[5.3396,46.6933],[5.3405,46.6906],[5.3365,46.6887],[5.3319,46.6885],[5.3293,46.6872],[5.3274,46.6886],[5.3236,46.6884],[5.325,46.6916],[5.3228,46.6947]]]}},{"type":"Feature","properties":{"code":"71206","nom":"La Frette","pop":258},"geometry":{"type":"Polygon","coordinates":[[[5.0315,46.6569],[5.0344,46.6546],[5.0402,46.6529],[5.0476,46.6525],[5.0485,46.6513],[5.0579,46.6525],[5.063,46.6502],[5.0625,46.6529],[5.0675,46.6537],[5.0747,46.6507],[5.0747,46.6476],[5.0799,46.6447],[5.083,46.6384],[5.0816,46.6359],[5.0751,46.6356],[5.0756,46.6329],[5.071,46.6335],[5.0667,46.633],[5.0642,46.6291],[5.0672,46.6285],[5.0644,46.6256],[5.0599,46.6273],[5.0585,46.6246],[5.053,46.6241],[5.0459,46.6252],[5.0418,46.6265],[5.0361,46.6278],[5.0368,46.6298],[5.0332,46.6319],[5.0259,46.6348],[5.0242,46.6362],[5.0179,46.6354],[5.0216,46.6398],[5.0269,46.6422],[5.0293,46.6452],[5.0262,46.6462],[5.0209,46.6509],[5.0198,46.6527],[5.0204,46.6558],[5.0263,46.6567],[5.0315,46.6569]]]}},{"type":"Feature","properties":{"code":"71207","nom":"Fretterans","pop":281},"geometry":{"type":"Polygon","coordinates":[[[5.3121,46.9117],[5.3013,46.9084],[5.3003,46.9096],[5.2915,46.9074],[5.2905,46.9093],[5.2858,46.9081],[5.2786,46.9082],[5.2745,46.909],[5.2752,46.9122],[5.2629,46.9125],[5.2624,46.9129],[5.2627,46.9181],[5.2614,46.9181],[5.2644,46.9244],[5.262,46.9274],[5.2699,46.9278],[5.2755,46.9357],[5.2832,46.9392],[5.2836,46.9401],[5.2893,46.9415],[5.2925,46.9408],[5.2943,46.9387],[5.2986,46.9365],[5.3023,46.939],[5.3083,46.9385],[5.3085,46.9374],[5.3059,46.9334],[5.3089,46.9306],[5.3093,46.927],[5.3068,46.9236],[5.31,46.9212],[5.3121,46.9117]]]}},{"type":"Feature","properties":{"code":"71208","nom":"Frontenard","pop":212},"geometry":{"type":"Polygon","coordinates":[[[5.1503,46.9063],[5.1534,46.9078],[5.1501,46.9103],[5.1486,46.9165],[5.1541,46.9172],[5.1517,46.9191],[5.1543,46.9208],[5.1581,46.9257],[5.1635,46.9253],[5.1684,46.9256],[5.1654,46.9216],[5.1707,46.92],[5.1684,46.9185],[5.1729,46.9167],[5.1806,46.9158],[5.1833,46.9136],[5.1862,46.9131],[5.185,46.9079],[5.1866,46.9022],[5.1836,46.8996],[5.1797,46.9005],[5.179,46.8969],[5.1822,46.8937],[5.1837,46.8888],[5.1788,46.889],[5.1767,46.8878],[5.1757,46.8849],[5.1727,46.8819],[5.1688,46.882],[5.1678,46.8786],[5.1685,46.8761],[5.1617,46.8759],[5.1528,46.8777],[5.1386,46.8786],[5.1359,46.8808],[5.1379,46.8843],[5.1421,46.8891],[5.1474,46.8941],[5.1525,46.9015],[5.1503,46.9063]]]}},{"type":"Feature","properties":{"code":"71209","nom":"Frontenaud","pop":725},"geometry":{"type":"Polygon","coordinates":[[[5.2889,46.5687],[5.2897,46.5658],[5.2975,46.5662],[5.2976,46.5643],[5.3008,46.5636],[5.3029,46.5619],[5.3037,46.5593],[5.3058,46.5588],[5.307,46.5555],[5.3102,46.5562],[5.3161,46.5561],[5.3185,46.5554],[5.3215,46.5566],[5.3287,46.5552],[5.3301,46.5527],[5.333,46.5523],[5.3332,46.5489],[5.3316,46.5452],[5.3277,46.5481],[5.3205,46.5472],[5.3134,46.5432],[5.3133,46.5395],[5.3091,46.5374],[5.3052,46.5365],[5.3047,46.5347],[5.3068,46.5322],[5.3029,46.5289],[5.297,46.5282],[5.294,46.5292],[5.2918,46.5274],[5.2879,46.5268],[5.2812,46.5282],[5.2779,46.5263],[5.2741,46.5291],[5.2713,46.5294],[5.2691,46.5349],[5.2682,46.5371],[5.2695,46.5398],[5.2665,46.5397],[5.2669,46.5419],[5.2652,46.5459],[5.2635,46.5464],[5.2616,46.5499],[5.2669,46.5526],[5.272,46.5573],[5.2711,46.5593],[5.2676,46.5612],[5.2643,46.561],[5.2624,46.5689],[5.2653,46.5748],[5.2676,46.5744],[5.2686,46.5708],[5.2677,46.5693],[5.277,46.5662],[5.2788,46.5669],[5.283,46.5657],[5.286,46.5665],[5.2861,46.5702],[5.2889,46.5687]]]}},{"type":"Feature","properties":{"code":"71210","nom":"Fuissé","pop":347},"geometry":{"type":"Polygon","coordinates":[[[4.7567,46.2662],[4.7553,46.2638],[4.752,46.2638],[4.7477,46.2653],[4.7434,46.2659],[4.7413,46.2707],[4.7418,46.2729],[4.737,46.2723],[4.7322,46.2737],[4.7305,46.2761],[4.7313,46.2811],[4.7295,46.2813],[4.7291,46.2857],[4.7313,46.2865],[4.7392,46.287],[4.7403,46.2891],[4.7461,46.289],[4.7522,46.2905],[4.7569,46.2929],[4.7595,46.2906],[4.7599,46.288],[4.7599,46.2806],[4.758,46.2804],[4.758,46.2766],[4.7555,46.276],[4.7567,46.2662]]]}},{"type":"Feature","properties":{"code":"71212","nom":"Génelard","pop":1394},"geometry":{"type":"Polygon","coordinates":[[[4.2525,46.6102],[4.2532,46.6077],[4.2608,46.6038],[4.2584,46.6002],[4.2655,46.597],[4.2716,46.5983],[4.2762,46.597],[4.2751,46.5942],[4.2729,46.5922],[4.2764,46.5896],[4.2745,46.5873],[4.279,46.5814],[4.2799,46.578],[4.278,46.5728],[4.2836,46.5715],[4.2886,46.5692],[4.2868,46.5665],[4.2854,46.5624],[4.2794,46.5592],[4.2774,46.5567],[4.2762,46.5535],[4.2721,46.5503],[4.2644,46.5503],[4.2613,46.549],[4.2602,46.5474],[4.256,46.5448],[4.2546,46.5477],[4.2514,46.5499],[4.2511,46.5519],[4.2477,46.5549],[4.2528,46.5589],[4.2532,46.5619],[4.2518,46.5651],[4.2529,46.5675],[4.2488,46.5695],[4.2444,46.5702],[4.2425,46.573],[4.237,46.5716],[4.2323,46.5746],[4.2292,46.5735],[4.2279,46.5717],[4.2226,46.5708],[4.2201,46.5735],[4.2161,46.5738],[4.2167,46.5764],[4.215,46.5785],[4.2098,46.5792],[4.2075,46.5776],[4.2031,46.5769],[4.2046,46.5782],[4.2029,46.5799],[4.2028,46.5824],[4.205,46.5857],[4.2086,46.5852],[4.2119,46.5866],[4.2115,46.5882],[4.2138,46.5903],[4.214,46.5929],[4.2197,46.5954],[4.2235,46.5999],[4.221,46.6019],[4.2261,46.6053],[4.2292,46.6023],[4.2348,46.6016],[4.2372,46.6007],[4.2419,46.6007],[4.2414,46.6024],[4.2448,46.6033],[4.2454,46.606],[4.2487,46.6092],[4.2525,46.6102]]]}},{"type":"Feature","properties":{"code":"71213","nom":"La Genête","pop":570},"geometry":{"type":"Polygon","coordinates":[[[5.0212,46.5322],[5.0209,46.5335],[5.0164,46.5341],[5.0143,46.5384],[5.0144,46.5396],[5.0184,46.5417],[5.0188,46.5435],[5.0256,46.5481],[5.0275,46.5474],[5.0315,46.5493],[5.0336,46.5492],[5.0375,46.5532],[5.0386,46.5566],[5.0453,46.5587],[5.0439,46.5619],[5.0455,46.5639],[5.0504,46.5645],[5.0522,46.5685],[5.055,46.5688],[5.0605,46.568],[5.0659,46.569],[5.0672,46.5718],[5.0702,46.5689],[5.0753,46.5654],[5.0726,46.564],[5.0725,46.5614],[5.0754,46.5612],[5.0755,46.5634],[5.0796,46.5637],[5.0822,46.5614],[5.0821,46.5582],[5.0838,46.5562],[5.0808,46.5554],[5.0789,46.5538],[5.075,46.5549],[5.0737,46.5523],[5.0763,46.5506],[5.0743,46.5469],[5.0716,46.5463],[5.0697,46.5465],[5.062,46.5422],[5.0573,46.5403],[5.0548,46.5402],[5.0522,46.5372],[5.0488,46.5357],[5.0466,46.5367],[5.0441,46.5341],[5.0398,46.5311],[5.0353,46.53],[5.0342,46.5287],[5.0302,46.5292],[5.0242,46.5326],[5.0212,46.5322]]]}},{"type":"Feature","properties":{"code":"71214","nom":"Genouilly","pop":418},"geometry":{"type":"Polygon","coordinates":[[[4.5785,46.637],[4.5719,46.638],[4.5691,46.639],[4.5665,46.6385],[4.56,46.6397],[4.5581,46.6395],[4.5582,46.6411],[4.5606,46.6433],[4.5564,46.6463],[4.556,46.6478],[4.5598,46.6497],[4.5539,46.6527],[4.5515,46.6547],[4.5484,46.6535],[4.5425,46.6543],[4.5358,46.6581],[4.5343,46.6617],[4.5349,46.6655],[4.5382,46.667],[4.5426,46.6677],[4.5468,46.6682],[4.5545,46.6677],[4.5585,46.6684],[4.56,46.6675],[4.5676,46.668],[4.5687,46.6666],[4.5732,46.6673],[4.5795,46.6669],[4.5826,46.6653],[4.5868,46.6655],[4.5851,46.6632],[4.588,46.6615],[4.5892,46.659],[4.5861,46.6571],[4.5897,46.6541],[4.5892,46.6509],[4.5917,46.6455],[4.5971,46.6392],[4.5945,46.6376],[4.5942,46.6347],[4.5917,46.633],[4.5852,46.6315],[4.5812,46.639],[4.5785,46.637]]]}},{"type":"Feature","properties":{"code":"71215","nom":"Gergy","pop":2566},"geometry":{"type":"Polygon","coordinates":[[[4.8891,46.8625],[4.8867,46.8641],[4.8841,46.8681],[4.8774,46.8728],[4.8769,46.8759],[4.8714,46.8789],[4.8666,46.8806],[4.8714,46.8832],[4.8747,46.8887],[4.8718,46.8911],[4.8743,46.8936],[4.8713,46.8992],[4.8718,46.8999],[4.8791,46.9003],[4.8818,46.9017],[4.8866,46.9024],[4.8894,46.9043],[4.8881,46.9069],[4.8933,46.9106],[4.9008,46.9103],[4.9065,46.9113],[4.9096,46.9139],[4.9131,46.9128],[4.9246,46.9135],[4.9324,46.9124],[4.9346,46.9105],[4.9353,46.9073],[4.9402,46.9047],[4.9417,46.9028],[4.9482,46.9012],[4.9549,46.9022],[4.9561,46.9043],[4.9596,46.9031],[4.9617,46.8987],[4.9613,46.8968],[4.9641,46.8953],[4.9647,46.8932],[4.9585,46.8927],[4.9547,46.8914],[4.9515,46.8853],[4.9531,46.8806],[4.9566,46.8781],[4.9637,46.8743],[4.965,46.8729],[4.9642,46.8698],[4.9572,46.8661],[4.9554,46.8634],[4.9589,46.8591],[4.9632,46.8565],[4.9645,46.8536],[4.9634,46.8497],[4.9642,46.8447],[4.9621,46.8396],[4.9516,46.831],[4.9465,46.8349],[4.9459,46.8368],[4.9426,46.8408],[4.9462,46.849],[4.9303,46.8554],[4.9294,46.8538],[4.9138,46.8569],[4.9125,46.8547],[4.9088,46.8556],[4.9052,46.8523],[4.8997,46.8555],[4.8981,46.8558],[4.8933,46.8597],[4.8891,46.8625]]]}},{"type":"Feature","properties":{"code":"71216","nom":"Germagny","pop":194},"geometry":{"type":"Polygon","coordinates":[[[4.5806,46.6676],[4.5829,46.6716],[4.5848,46.6796],[4.586,46.6818],[4.5866,46.6835],[4.5933,46.6834],[4.5978,46.68],[4.602,46.6783],[4.6044,46.679],[4.6086,46.6775],[4.6145,46.6799],[4.6163,46.6771],[4.6141,46.6769],[4.6103,46.6725],[4.6112,46.6711],[4.6062,46.6644],[4.6047,46.6637],[4.6009,46.665],[4.6003,46.663],[4.5937,46.6653],[4.5866,46.6703],[4.5806,46.6676]]]}},{"type":"Feature","properties":{"code":"71217","nom":"Germolles-sur-Grosne","pop":135},"geometry":{"type":"Polygon","coordinates":[[[4.6169,46.2808],[4.6199,46.2791],[4.6216,46.2734],[4.622,46.2702],[4.6208,46.2676],[4.6183,46.265],[4.6131,46.2672],[4.6091,46.2662],[4.5995,46.2684],[4.5954,46.2681],[4.5863,46.2688],[4.5828,46.2696],[4.583,46.2714],[4.5726,46.2761],[4.5719,46.2784],[4.5721,46.2841],[4.573,46.2861],[4.5714,46.2904],[4.5774,46.2922],[4.5849,46.2926],[4.5897,46.2898],[4.5918,46.2856],[4.5963,46.2846],[4.6025,46.2843],[4.6062,46.2825],[4.6169,46.2808]]]}},{"type":"Feature","properties":{"code":"71218","nom":"Gibles","pop":571},"geometry":{"type":"Polygon","coordinates":[[[4.3777,46.3504],[4.3802,46.3465],[4.3841,46.3439],[4.3843,46.3416],[4.3878,46.3376],[4.3917,46.3371],[4.3928,46.3344],[4.3955,46.3321],[4.3979,46.3272],[4.3953,46.3238],[4.395,46.3213],[4.3973,46.3176],[4.4006,46.3157],[4.4016,46.312],[4.4086,46.3118],[4.4148,46.3101],[4.4182,46.3111],[4.4226,46.3103],[4.429,46.3115],[4.4322,46.3156],[4.4344,46.3139],[4.4294,46.3058],[4.4268,46.3048],[4.4272,46.3028],[4.425,46.2963],[4.4227,46.295],[4.4139,46.2962],[4.4111,46.2954],[4.4061,46.2962],[4.4021,46.2986],[4.4015,46.3015],[4.3993,46.3033],[4.3969,46.3027],[4.3919,46.3046],[4.3873,46.3024],[4.3817,46.3035],[4.3761,46.3036],[4.3748,46.3045],[4.3713,46.3028],[4.3685,46.3006],[4.3645,46.3016],[4.3557,46.302],[4.3536,46.3052],[4.347,46.3095],[4.3426,46.3069],[4.3436,46.3095],[4.3425,46.3123],[4.34,46.3133],[4.3392,46.316],[4.3357,46.3211],[4.3327,46.3234],[4.3332,46.3254],[4.3355,46.326],[4.3399,46.3253],[4.3419,46.3258],[4.3507,46.3223],[4.3569,46.3227],[4.3642,46.3286],[4.3609,46.3375],[4.3607,46.3434],[4.3777,46.3504]]]}},{"type":"Feature","properties":{"code":"71219","nom":"Gigny-sur-Saône","pop":580},"geometry":{"type":"Polygon","coordinates":[[[4.9343,46.686],[4.944,46.6876],[4.946,46.6803],[4.948,46.6761],[4.9496,46.6646],[4.9539,46.6565],[4.9546,46.6539],[4.9547,46.6439],[4.9555,46.6402],[4.9553,46.6326],[4.9531,46.6273],[4.9477,46.6228],[4.946,46.6206],[4.939,46.6234],[4.9287,46.6237],[4.9259,46.6241],[4.9311,46.6412],[4.9308,46.6435],[4.9227,46.6452],[4.9219,46.6477],[4.9197,46.6502],[4.9154,46.6503],[4.9166,46.6525],[4.9199,46.6523],[4.9246,46.6482],[4.9288,46.6484],[4.9276,46.651],[4.9233,46.6559],[4.9198,46.6622],[4.919,46.6643],[4.9192,46.6703],[4.9199,46.6748],[4.9294,46.6814],[4.9319,46.686],[4.9343,46.686]]]}},{"type":"Feature","properties":{"code":"71220","nom":"Gilly-sur-Loire","pop":480},"geometry":{"type":"Polygon","coordinates":[[[3.8113,46.5205],[3.8073,46.5193],[3.8018,46.5199],[3.7964,46.5259],[3.7935,46.5277],[3.7837,46.5278],[3.7807,46.5284],[3.7787,46.5299],[3.7774,46.5328],[3.7776,46.5362],[3.7723,46.5387],[3.7687,46.5393],[3.7657,46.538],[3.7561,46.5362],[3.749,46.5368],[3.7419,46.5391],[3.7339,46.5461],[3.7324,46.5486],[3.7319,46.5515],[3.7343,46.5544],[3.7369,46.5516],[3.7425,46.5537],[3.744,46.553],[3.7507,46.5535],[3.756,46.5533],[3.7588,46.5513],[3.7651,46.5527],[3.7656,46.5539],[3.7705,46.5551],[3.776,46.5581],[3.7788,46.558],[3.7797,46.5601],[3.7839,46.5615],[3.7884,46.562],[3.7951,46.5664],[3.7947,46.5693],[3.8031,46.5684],[3.8055,46.5702],[3.8094,46.571],[3.8146,46.5709],[3.8195,46.5721],[3.8264,46.5731],[3.8341,46.5715],[3.833,46.5679],[3.8314,46.5674],[3.8294,46.5636],[3.8293,46.5614],[3.8319,46.5607],[3.8337,46.5572],[3.8364,46.5578],[3.8362,46.553],[3.8337,46.5519],[3.8319,46.5494],[3.8263,46.5446],[3.8186,46.5428],[3.8164,46.5387],[3.8126,46.5365],[3.8102,46.5329],[3.8098,46.5297],[3.8113,46.5205]]]}},{"type":"Feature","properties":{"code":"71221","nom":"Givry","pop":3598},"geometry":{"type":"Polygon","coordinates":[[[4.7372,46.7601],[4.7305,46.7633],[4.7251,46.764],[4.7201,46.7671],[4.7164,46.7674],[4.7157,46.7696],[4.7175,46.7739],[4.7131,46.7749],[4.711,46.7764],[4.7056,46.7779],[4.7024,46.7772],[4.7002,46.7781],[4.6976,46.7824],[4.6921,46.7828],[4.6936,46.7861],[4.6995,46.7854],[4.703,46.788],[4.7058,46.7883],[4.7121,46.7874],[4.7178,46.7882],[4.7273,46.7905],[4.7362,46.7948],[4.7383,46.7944],[4.7461,46.795],[4.746,46.7925],[4.7497,46.7925],[4.7577,46.7896],[4.7598,46.7914],[4.7629,46.7898],[4.7726,46.788],[4.7755,46.7868],[4.7804,46.7886],[4.7811,46.7869],[4.7848,46.7851],[4.7858,46.7813],[4.7914,46.7782],[4.7898,46.7774],[4.7895,46.774],[4.7861,46.7751],[4.7811,46.7713],[4.7829,46.7682],[4.7828,46.766],[4.7847,46.7645],[4.7853,46.7613],[4.7887,46.76],[4.7928,46.7635],[4.7966,46.7618],[4.7977,46.76],[4.8021,46.7597],[4.8089,46.7573],[4.8066,46.7529],[4.8048,46.7528],[4.8032,46.7492],[4.7975,46.7503],[4.7972,46.7485],[4.7948,46.7471],[4.7912,46.7478],[4.7861,46.7473],[4.7845,46.7456],[4.7783,46.7425],[4.7691,46.7443],[4.76,46.7465],[4.7516,46.7501],[4.7422,46.7523],[4.7405,46.755],[4.7381,46.7569],[4.7372,46.7601]]]}},{"type":"Feature","properties":{"code":"71222","nom":"Gourdon","pop":893},"geometry":{"type":"Polygon","coordinates":[[[4.4685,46.6606],[4.4691,46.6585],[4.4721,46.6581],[4.4733,46.6559],[4.4773,46.6562],[4.477,46.6525],[4.4711,46.6505],[4.4678,46.6475],[4.4737,46.6463],[4.4709,46.6418],[4.4733,46.6412],[4.4751,46.639],[4.4703,46.6362],[4.4672,46.638],[4.4657,46.6348],[4.4671,46.6328],[4.4637,46.6281],[4.4648,46.6244],[4.4704,46.6196],[4.473,46.6191],[4.4712,46.6147],[4.4707,46.6135],[4.4743,46.6109],[4.4697,46.6074],[4.4696,46.6036],[4.4646,46.6037],[4.4609,46.6049],[4.4604,46.6069],[4.4547,46.6049],[4.448,46.6044],[4.4453,46.6064],[4.4451,46.6084],[4.443,46.6129],[4.4404,46.6137],[4.4387,46.6122],[4.436,46.6129],[4.4374,46.6154],[4.4302,46.6178],[4.4293,46.6215],[4.4242,46.6231],[4.4192,46.6269],[4.4159,46.6271],[4.4152,46.6285],[4.4232,46.6314],[4.4241,46.6343],[4.4205,46.6367],[4.4217,46.6411],[4.4202,46.6418],[4.4196,46.6447],[4.421,46.6478],[4.4159,46.6483],[4.4117,46.648],[4.4112,46.6494],[4.4127,46.6531],[4.4107,46.6548],[4.4066,46.655],[4.3966,46.6593],[4.393,46.6626],[4.3884,46.6678],[4.4003,46.6685],[4.4107,46.6687],[4.4116,46.6713],[4.4142,46.6712],[4.4164,46.6691],[4.4163,46.6672],[4.4183,46.6661],[4.4167,46.6621],[4.4194,46.6598],[4.4223,46.6604],[4.426,46.6626],[4.4279,46.6655],[4.4316,46.6657],[4.4394,46.6683],[4.4445,46.6658],[4.4505,46.6647],[4.4501,46.6616],[4.4533,46.6624],[4.4577,46.6615],[4.4617,46.6628],[4.4639,46.6616],[4.4685,46.6606]]]}},{"type":"Feature","properties":{"code":"71223","nom":"La Grande-Verrière","pop":542},"geometry":{"type":"Polygon","coordinates":[[[4.089,46.9985],[4.0906,47.0011],[4.0993,47.0021],[4.1028,47.0017],[4.1074,47.0042],[4.1099,47.0087],[4.1157,47.0087],[4.1194,47.0065],[4.1297,47.0058],[4.1323,47.0051],[4.1346,47.0037],[4.1381,46.9999],[4.1441,46.9974],[4.1468,46.9943],[4.1523,46.9957],[4.1552,46.9944],[4.1594,46.9963],[4.164,46.9969],[4.1696,46.9945],[4.1741,46.9911],[4.1771,46.9904],[4.1783,46.9883],[4.1844,46.986],[4.1887,46.9827],[4.1904,46.9783],[4.1829,46.9715],[4.1828,46.9691],[4.1863,46.968],[4.1857,46.9642],[4.1845,46.9624],[4.1844,46.9585],[4.1863,46.9565],[4.183,46.9531],[4.1884,46.9529],[4.1944,46.9509],[4.196,46.9488],[4.1941,46.9474],[4.1954,46.9443],[4.1945,46.9422],[4.1892,46.9408],[4.1849,46.9409],[4.1797,46.9393],[4.1768,46.9396],[4.1713,46.9375],[4.1689,46.9359],[4.1642,46.9352],[4.1594,46.9357],[4.1541,46.9323],[4.1497,46.9317],[4.1459,46.9311],[4.1413,46.9332],[4.1308,46.9367],[4.127,46.9361],[4.1243,46.9368],[4.1185,46.9411],[4.115,46.9426],[4.1033,46.9464],[4.1023,46.947],[4.1021,46.9525],[4.0997,46.9598],[4.1011,46.9608],[4.1,46.9654],[4.0974,46.9677],[4.099,46.9703],[4.0978,46.9744],[4.0935,46.979],[4.0921,46.9843],[4.093,46.987],[4.0979,46.9871],[4.0987,46.9913],[4.0907,46.9979],[4.089,46.9985]]]}},{"type":"Feature","properties":{"code":"71224","nom":"Grandvaux","pop":86},"geometry":{"type":"Polygon","coordinates":[[[4.2478,46.486],[4.2436,46.4878],[4.2408,46.4903],[4.2432,46.4928],[4.2401,46.4955],[4.2439,46.4957],[4.2455,46.4971],[4.2431,46.4986],[4.2438,46.5026],[4.2426,46.5048],[4.2475,46.5049],[4.2529,46.5068],[4.2505,46.5107],[4.2525,46.5122],[4.2538,46.5154],[4.258,46.5165],[4.2643,46.5172],[4.2672,46.5191],[4.2697,46.5185],[4.2738,46.519],[4.2808,46.5182],[4.2828,46.5154],[4.2892,46.5134],[4.2957,46.5149],[4.2986,46.5139],[4.2923,46.5068],[4.2826,46.5079],[4.2789,46.5078],[4.2771,46.5037],[4.274,46.5013],[4.2694,46.5016],[4.2654,46.504],[4.2574,46.5061],[4.2558,46.5015],[4.254,46.499],[4.2546,46.4948],[4.2571,46.4916],[4.2605,46.489],[4.2534,46.4891],[4.2505,46.4884],[4.2478,46.486]]]}},{"type":"Feature","properties":{"code":"71225","nom":"Granges","pop":581},"geometry":{"type":"Polygon","coordinates":[[[4.7658,46.7147],[4.7602,46.7163],[4.7537,46.7197],[4.7418,46.7214],[4.7416,46.7222],[4.7455,46.7283],[4.7452,46.7306],[4.7438,46.7336],[4.7406,46.7347],[4.7316,46.7366],[4.7211,46.7441],[4.7209,46.7464],[4.7237,46.7487],[4.7254,46.7518],[4.7316,46.7555],[4.7372,46.7601],[4.7381,46.7569],[4.7405,46.755],[4.7422,46.7523],[4.7516,46.7501],[4.76,46.7465],[4.7691,46.7443],[4.7783,46.7425],[4.78,46.7387],[4.784,46.7338],[4.7806,46.7329],[4.7758,46.7337],[4.7743,46.7314],[4.7718,46.73],[4.7711,46.7257],[4.7694,46.7246],[4.7629,46.7228],[4.7646,46.7211],[4.7708,46.7172],[4.7734,46.7141],[4.7658,46.7147]]]}},{"type":"Feature","properties":{"code":"71226","nom":"Grevilly","pop":27},"geometry":{"type":"Polygon","coordinates":[[[4.8233,46.5262],[4.8261,46.5257],[4.8231,46.5197],[4.827,46.5185],[4.8266,46.5161],[4.8314,46.5167],[4.8284,46.5111],[4.8263,46.5117],[4.825,46.509],[4.8238,46.503],[4.8145,46.5029],[4.8127,46.5042],[4.8092,46.5085],[4.8064,46.5105],[4.8083,46.5147],[4.8074,46.5168],[4.809,46.5187],[4.8131,46.5196],[4.8169,46.5193],[4.82,46.5233],[4.8233,46.5262]]]}},{"type":"Feature","properties":{"code":"71227","nom":"Grury","pop":490},"geometry":{"type":"Polygon","coordinates":[[[3.9415,46.7071],[3.9427,46.7049],[3.9405,46.7038],[3.9418,46.7011],[3.947,46.7017],[3.9476,46.7001],[3.9517,46.6982],[3.9519,46.6969],[3.9556,46.6959],[3.9547,46.6921],[3.9496,46.6939],[3.9478,46.6916],[3.9509,46.6887],[3.9456,46.6878],[3.9465,46.6857],[3.9499,46.6865],[3.952,46.6853],[3.9495,46.6809],[3.953,46.6798],[3.9558,46.6769],[3.9569,46.6742],[3.9636,46.6733],[3.9683,46.6713],[3.969,46.6727],[3.9741,46.6721],[3.9809,46.6703],[3.985,46.6708],[3.9845,46.6673],[3.98,46.6653],[3.9812,46.6627],[3.9742,46.6621],[3.9664,46.664],[3.9636,46.6634],[3.963,46.6599],[3.959,46.6586],[3.957,46.6548],[3.9499,46.6564],[3.9476,46.6542],[3.9492,46.6482],[3.9432,46.649],[3.9441,46.645],[3.9427,46.64],[3.945,46.6365],[3.9426,46.6346],[3.9284,46.6332],[3.9272,46.6359],[3.9186,46.6414],[3.9131,46.6455],[3.9041,46.6437],[3.9001,46.644],[3.8999,46.6419],[3.904,46.6404],[3.9028,46.6372],[3.8967,46.6337],[3.8957,46.6286],[3.8906,46.6281],[3.8836,46.6289],[3.8802,46.632],[3.8783,46.6303],[3.865,46.631],[3.8595,46.6346],[3.8595,46.6367],[3.855,46.6406],[3.8575,46.6426],[3.8587,46.6462],[3.8609,46.647],[3.8618,46.6536],[3.8628,46.6544],[3.8635,46.6587],[3.8612,46.6603],[3.863,46.6672],[3.865,46.6675],[3.8669,46.6715],[3.8725,46.6739],[3.8718,46.676],[3.8762,46.6769],[3.8781,46.6748],[3.8802,46.6763],[3.8821,46.6806],[3.8857,46.6827],[3.8854,46.6846],[3.8902,46.6867],[3.8983,46.693],[3.9001,46.6959],[3.9043,46.6972],[3.9054,46.6986],[3.9114,46.7018],[3.9165,46.7018],[3.9197,46.7005],[3.9277,46.6999],[3.9309,46.6985],[3.9338,46.699],[3.9328,46.7017],[3.9355,46.7049],[3.9393,46.707],[3.9415,46.7071]]]}},{"type":"Feature","properties":{"code":"71228","nom":"Guerfand","pop":228},"geometry":{"type":"Polygon","coordinates":[[[5.0102,46.7773],[5.0102,46.7805],[5.0124,46.7831],[5.0117,46.7846],[5.0132,46.7891],[5.0159,46.7918],[5.0161,46.7933],[5.0237,46.791],[5.0279,46.7953],[5.0286,46.797],[5.0336,46.7971],[5.0371,46.7983],[5.0407,46.792],[5.0398,46.7903],[5.0427,46.7873],[5.0447,46.7835],[5.0468,46.7821],[5.0462,46.7751],[5.0441,46.7707],[5.0413,46.7703],[5.0294,46.7719],[5.026,46.771],[5.0229,46.768],[5.0201,46.7702],[5.0166,46.7701],[5.0127,46.7718],[5.0131,46.7754],[5.0102,46.7773]]]}},{"type":"Feature","properties":{"code":"71229","nom":"Les Guerreaux","pop":226},"geometry":{"type":"Polygon","coordinates":[[[3.8894,46.5504],[3.8854,46.5528],[3.8856,46.5551],[3.8817,46.5576],[3.884,46.5589],[3.8863,46.5569],[3.8889,46.5571],[3.89,46.5594],[3.8966,46.5594],[3.8997,46.5611],[3.9092,46.5588],[3.9147,46.5564],[3.9174,46.5573],[3.9182,46.5594],[3.9242,46.5607],[3.9313,46.5595],[3.9336,46.557],[3.9381,46.5597],[3.9368,46.5619],[3.9405,46.5621],[3.9438,46.5641],[3.9462,46.5619],[3.9494,46.5606],[3.9511,46.5575],[3.954,46.5528],[3.9541,46.5495],[3.9529,46.547],[3.9546,46.5414],[3.9531,46.5379],[3.9538,46.531],[3.95,46.5294],[3.949,46.5273],[3.9499,46.5253],[3.9476,46.5236],[3.9485,46.5204],[3.9435,46.52],[3.9417,46.5181],[3.9413,46.5148],[3.9358,46.5121],[3.9313,46.5161],[3.9257,46.5147],[3.9229,46.5152],[3.9197,46.5183],[3.9222,46.52],[3.9213,46.5219],[3.9159,46.5225],[3.9139,46.5217],[3.9098,46.5236],[3.9044,46.5209],[3.9012,46.5205],[3.8978,46.5232],[3.9006,46.5255],[3.9011,46.5311],[3.8979,46.5326],[3.8938,46.5376],[3.8962,46.5444],[3.8894,46.5475],[3.8894,46.5504]]]}},{"type":"Feature","properties":{"code":"71230","nom":"Gueugnon","pop":6528},"geometry":{"type":"Polygon","coordinates":[[[4.0814,46.5834],[4.0781,46.5826],[4.0763,46.5797],[4.0738,46.5784],[4.0685,46.5771],[4.0656,46.5737],[4.0659,46.5708],[4.0633,46.567],[4.0651,46.5656],[4.0608,46.5619],[4.0567,46.5646],[4.0533,46.5631],[4.0501,46.5647],[4.0468,46.5645],[4.0429,46.5668],[4.0358,46.5692],[4.0351,46.5708],[4.0285,46.5716],[4.0269,46.5728],[4.0238,46.5709],[4.0213,46.5721],[4.0145,46.573],[4.0117,46.5725],[4.0042,46.574],[4.0023,46.5737],[4.0008,46.5763],[4.0039,46.5778],[4.0068,46.5775],[4.0065,46.5809],[4.0054,46.5826],[4.0113,46.5829],[4.0166,46.5862],[4.0178,46.5896],[4.0161,46.5912],[4.0195,46.5954],[4.0146,46.5959],[4.0137,46.5983],[4.0101,46.6006],[4.0131,46.6055],[4.0101,46.6068],[4.0118,46.614],[4.0159,46.6148],[4.0204,46.6118],[4.0228,46.6085],[4.0261,46.6056],[4.0292,46.6094],[4.0264,46.6112],[4.0272,46.6133],[4.0312,46.6132],[4.0315,46.6157],[4.0345,46.6178],[4.0399,46.6184],[4.0417,46.6174],[4.0509,46.6176],[4.0541,46.6204],[4.0576,46.6206],[4.0573,46.6176],[4.0588,46.615],[4.0622,46.6148],[4.0649,46.6159],[4.0671,46.6152],[4.072,46.6165],[4.0745,46.6153],[4.0772,46.6173],[4.0814,46.6186],[4.0843,46.6202],[4.0847,46.6225],[4.0891,46.6224],[4.0932,46.6208],[4.0897,46.6177],[4.0943,46.6167],[4.0924,46.6129],[4.0874,46.6098],[4.0899,46.6054],[4.0949,46.6036],[4.0994,46.6042],[4.1016,46.6029],[4.1017,46.6011],[4.0961,46.6011],[4.0875,46.6022],[4.083,46.5991],[4.0816,46.5961],[4.0839,46.5911],[4.0807,46.5896],[4.0797,46.5872],[4.0777,46.5858],[4.0814,46.5834]]]}},{"type":"Feature","properties":{"code":"71231","nom":"La Guiche","pop":594},"geometry":{"type":"Polygon","coordinates":[[[4.4696,46.5484],[4.4717,46.5436],[4.4714,46.5411],[4.4691,46.536],[4.4672,46.5348],[4.4682,46.5292],[4.4714,46.5268],[4.4708,46.522],[4.4614,46.51],[4.4445,46.4883],[4.4371,46.4903],[4.4308,46.491],[4.4312,46.4926],[4.4288,46.4941],[4.4305,46.4956],[4.4279,46.4973],[4.4277,46.5007],[4.4292,46.502],[4.4222,46.5055],[4.4226,46.5074],[4.4199,46.5091],[4.4183,46.5125],[4.4142,46.5144],[4.4151,46.5178],[4.4128,46.5199],[4.4039,46.5229],[4.406,46.5249],[4.4112,46.5259],[4.4116,46.5277],[4.4086,46.5304],[4.4054,46.5319],[4.4081,46.5334],[4.4112,46.5343],[4.4132,46.537],[4.4111,46.5388],[4.4116,46.5458],[4.4145,46.549],[4.4172,46.5498],[4.4209,46.5496],[4.423,46.5535],[4.4284,46.557],[4.434,46.5594],[4.4415,46.5599],[4.4441,46.5619],[4.4474,46.5624],[4.4519,46.5603],[4.4603,46.5584],[4.4625,46.5598],[4.4648,46.5593],[4.4683,46.5561],[4.4696,46.5484]]]}},{"type":"Feature","properties":{"code":"71232","nom":"Hautefond","pop":201},"geometry":{"type":"Polygon","coordinates":[[[4.2109,46.4367],[4.2102,46.4336],[4.2065,46.4303],[4.2039,46.4262],[4.1987,46.4224],[4.1961,46.4195],[4.1942,46.4212],[4.1932,46.4242],[4.1884,46.4273],[4.1843,46.4269],[4.1788,46.4243],[4.1756,46.4244],[4.1729,46.422],[4.1707,46.4226],[4.1661,46.4215],[4.161,46.423],[4.1572,46.4216],[4.1541,46.425],[4.1428,46.4257],[4.1355,46.4241],[4.1327,46.4285],[4.1351,46.4345],[4.1377,46.4374],[4.1405,46.4429],[4.1504,46.4421],[4.1526,46.4423],[4.1562,46.4467],[4.1568,46.4484],[4.1639,46.4484],[4.1698,46.45],[4.1705,46.4514],[4.1783,46.4513],[4.1849,46.4493],[4.1986,46.4452],[4.1992,46.4429],[4.208,46.4405],[4.2109,46.4367]]]}},{"type":"Feature","properties":{"code":"71233","nom":"L'Hôpital-le-Mercier","pop":294},"geometry":{"type":"Polygon","coordinates":[[[3.9776,46.3979],[3.9782,46.4011],[3.9833,46.4035],[3.9875,46.407],[3.9889,46.4097],[3.9881,46.4118],[3.9843,46.4167],[4.0014,46.4164],[4.004,46.4159],[4.0213,46.4147],[4.0209,46.4067],[4.0231,46.4049],[4.0305,46.4039],[4.0307,46.4026],[4.0362,46.4018],[4.0372,46.3997],[4.0357,46.3984],[4.0408,46.3925],[4.0425,46.3894],[4.0408,46.3841],[4.0384,46.3803],[4.0347,46.38],[4.0329,46.3775],[4.0274,46.3763],[4.0264,46.375],[4.022,46.3737],[4.0176,46.3738],[4.0166,46.3716],[4.0086,46.3728],[4.0019,46.376],[3.9978,46.3813],[3.9938,46.3821],[3.99,46.3853],[3.9819,46.3852],[3.9797,46.3904],[3.9799,46.3927],[3.9784,46.3945],[3.9776,46.3979]]]}},{"type":"Feature","properties":{"code":"71234","nom":"Huilly-sur-Seille","pop":353},"geometry":{"type":"Polygon","coordinates":[[[5.0413,46.5839],[5.0343,46.5872],[5.0321,46.5926],[5.0328,46.6014],[5.0378,46.6031],[5.0393,46.6047],[5.0383,46.6072],[5.0395,46.6101],[5.038,46.6147],[5.0394,46.6198],[5.0337,46.6214],[5.0337,46.6238],[5.0367,46.6265],[5.0418,46.6265],[5.0459,46.6252],[5.053,46.6241],[5.0585,46.6246],[5.0599,46.6273],[5.0644,46.6256],[5.07,46.6231],[5.0727,46.6206],[5.0763,46.6193],[5.0793,46.6159],[5.0728,46.6127],[5.0686,46.6075],[5.0676,46.603],[5.0689,46.5985],[5.0676,46.5933],[5.0649,46.5875],[5.0591,46.5809],[5.0554,46.5812],[5.0484,46.5808],[5.0436,46.5818],[5.0413,46.5839]]]}},{"type":"Feature","properties":{"code":"71235","nom":"Hurigny","pop":1959},"geometry":{"type":"Polygon","coordinates":[[[4.8015,46.3228],[4.7999,46.3215],[4.793,46.3249],[4.7897,46.3237],[4.781,46.3237],[4.7796,46.3301],[4.7819,46.3338],[4.7804,46.3348],[4.7809,46.341],[4.7823,46.3457],[4.7837,46.3519],[4.7874,46.3581],[4.7871,46.3604],[4.7901,46.3675],[4.7931,46.3653],[4.7971,46.3657],[4.8004,46.364],[4.8048,46.3635],[4.8121,46.3609],[4.8082,46.3594],[4.8057,46.3573],[4.8053,46.3538],[4.8103,46.3487],[4.8126,46.3474],[4.814,46.3408],[4.8109,46.3384],[4.809,46.338],[4.8089,46.3265],[4.8043,46.3249],[4.8015,46.3228]]]}},{"type":"Feature","properties":{"code":"71236","nom":"Igé","pop":897},"geometry":{"type":"Polygon","coordinates":[[[4.6976,46.411],[4.7003,46.4165],[4.7047,46.42],[4.7078,46.4208],[4.7077,46.4235],[4.7111,46.4274],[4.7155,46.4286],[4.7189,46.4262],[4.7219,46.4256],[4.7247,46.423],[4.7287,46.4213],[4.7308,46.4182],[4.7364,46.4192],[4.7398,46.4184],[4.7449,46.4151],[4.7542,46.4124],[4.7675,46.4093],[4.7676,46.4074],[4.7723,46.4075],[4.7725,46.4048],[4.7648,46.4014],[4.7635,46.3992],[4.762,46.3935],[4.7643,46.3886],[4.7679,46.3859],[4.7606,46.3856],[4.757,46.3862],[4.7489,46.3858],[4.7445,46.3873],[4.7406,46.386],[4.7272,46.3894],[4.7271,46.3908],[4.7204,46.393],[4.7211,46.3941],[4.7159,46.3983],[4.7144,46.4037],[4.6976,46.411]]]}},{"type":"Feature","properties":{"code":"71237","nom":"Igornay","pop":515},"geometry":{"type":"Polygon","coordinates":[[[4.3442,47.0726],[4.3483,47.0723],[4.3508,47.0666],[4.3532,47.064],[4.3593,47.0618],[4.3656,47.0668],[4.3648,47.0702],[4.3682,47.0724],[4.3702,47.0754],[4.3706,47.0796],[4.3736,47.0796],[4.3799,47.0823],[4.3863,47.0828],[4.3895,47.0811],[4.3992,47.0825],[4.4049,47.0816],[4.4076,47.0791],[4.4111,47.0795],[4.4164,47.0771],[4.4106,47.0741],[4.4088,47.0711],[4.405,47.0695],[4.4083,47.0674],[4.408,47.0642],[4.4053,47.0628],[4.4028,47.0578],[4.4047,47.056],[4.4022,47.0551],[4.4009,47.0528],[4.4063,47.0534],[4.4075,47.0511],[4.4062,47.0496],[4.405,47.0425],[4.4035,47.0397],[4.4042,47.0373],[4.402,47.0361],[4.3976,47.0318],[4.3947,47.0305],[4.3886,47.0311],[4.3796,47.03],[4.377,47.0318],[4.3672,47.0321],[4.3666,47.033],[4.3604,47.0324],[4.3619,47.0343],[4.3602,47.0383],[4.3586,47.0398],[4.359,47.0425],[4.3609,47.0441],[4.36,47.0465],[4.3612,47.0487],[4.3544,47.0507],[4.3511,47.0504],[4.3506,47.0488],[4.3416,47.0531],[4.3358,47.0549],[4.3342,47.057],[4.3336,47.06],[4.3366,47.0661],[4.3383,47.0708],[4.3442,47.0726]]]}},{"type":"Feature","properties":{"code":"71238","nom":"Iguerande","pop":992},"geometry":{"type":"Polygon","coordinates":[[[4.038,46.225],[4.0423,46.2248],[4.0471,46.2271],[4.0434,46.2305],[4.0412,46.2348],[4.0448,46.2357],[4.0474,46.2339],[4.0547,46.2351],[4.0587,46.2376],[4.0621,46.2389],[4.0678,46.2377],[4.0746,46.238],[4.0776,46.2386],[4.0818,46.2447],[4.0849,46.2463],[4.0915,46.2444],[4.0962,46.2484],[4.0993,46.2436],[4.0989,46.2334],[4.0994,46.2309],[4.0949,46.2257],[4.0999,46.2207],[4.1051,46.2186],[4.1094,46.2141],[4.1124,46.2137],[4.1073,46.2109],[4.1031,46.2031],[4.1038,46.1986],[4.0974,46.1961],[4.0946,46.1928],[4.0882,46.1925],[4.0836,46.1912],[4.0755,46.1905],[4.0688,46.1864],[4.0632,46.1892],[4.0602,46.1885],[4.0566,46.1909],[4.0528,46.1947],[4.0529,46.1974],[4.0579,46.2001],[4.0558,46.2024],[4.0604,46.2035],[4.064,46.206],[4.0624,46.2075],[4.0635,46.2095],[4.0541,46.2146],[4.0486,46.2185],[4.0379,46.2241],[4.038,46.225]]]}},{"type":"Feature","properties":{"code":"71239","nom":"Issy-l'Évêque","pop":692},"geometry":{"type":"Polygon","coordinates":[[[3.963,46.6599],[3.9636,46.6634],[3.9664,46.664],[3.9742,46.6621],[3.9812,46.6627],[3.98,46.6653],[3.9845,46.6673],[3.985,46.6708],[3.9809,46.6703],[3.9741,46.6721],[3.969,46.6727],[3.9683,46.6713],[3.9636,46.6733],[3.9569,46.6742],[3.9558,46.6769],[3.953,46.6798],[3.9495,46.6809],[3.952,46.6853],[3.9499,46.6865],[3.9465,46.6857],[3.9456,46.6878],[3.9509,46.6887],[3.9478,46.6916],[3.9496,46.6939],[3.9547,46.6921],[3.9556,46.6959],[3.9519,46.6969],[3.9517,46.6982],[3.9476,46.7001],[3.947,46.7017],[3.9418,46.7011],[3.9405,46.7038],[3.9427,46.7049],[3.9415,46.7071],[3.9397,46.7098],[3.9412,46.7153],[3.9456,46.7219],[3.9478,46.7238],[3.9496,46.7271],[3.9488,46.7284],[3.9537,46.7294],[3.9561,46.7274],[3.9597,46.7262],[3.9669,46.7277],[3.9729,46.7282],[3.9731,46.7299],[3.976,46.7335],[3.9738,46.7346],[3.9746,46.7364],[3.9721,46.7389],[3.9663,46.7429],[3.9625,46.7446],[3.9665,46.7455],[3.9742,46.7506],[3.9711,46.7528],[3.9679,46.7532],[3.9668,46.7578],[3.9629,46.7607],[3.9666,46.7657],[3.9667,46.7692],[3.9733,46.7672],[3.9743,46.7688],[3.9784,46.7718],[3.9883,46.7738],[3.9941,46.7789],[4.0012,46.7787],[3.9996,46.7751],[4.0004,46.7691],[4.0066,46.7695],[4.0053,46.7621],[4.0119,46.7625],[4.0108,46.7598],[4.0083,46.7606],[4.0047,46.7591],[4.0004,46.7588],[3.999,46.7559],[4.0006,46.7546],[3.9973,46.7532],[3.9967,46.7511],[4.0001,46.7464],[4.0033,46.7432],[4.007,46.7414],[4.0178,46.7423],[4.0248,46.744],[4.03,46.7437],[4.0334,46.7446],[4.0383,46.7443],[4.0433,46.7452],[4.0455,46.7464],[4.0483,46.7434],[4.057,46.738],[4.0587,46.7357],[4.0629,46.7325],[4.0642,46.7298],[4.0688,46.7237],[4.0692,46.722],[4.0727,46.721],[4.0741,46.7192],[4.0803,46.716],[4.0752,46.713],[4.0717,46.7162],[4.0703,46.7184],[4.0631,46.7126],[4.056,46.711],[4.052,46.7093],[4.0526,46.7074],[4.0497,46.7065],[4.0481,46.704],[4.048,46.7003],[4.0448,46.6989],[4.042,46.6957],[4.039,46.6901],[4.0406,46.6883],[4.0405,46.6862],[4.0382,46.6826],[4.041,46.6785],[4.0363,46.6764],[4.0285,46.6743],[4.0183,46.6736],[4.0128,46.6722],[4.0079,46.669],[4.0012,46.668],[3.9985,46.6683],[3.9928,46.6673],[3.9941,46.6636],[3.988,46.6627],[3.9874,46.6614],[3.981,46.6624],[3.9784,46.659],[3.9779,46.6549],[3.9776,46.6492],[3.9738,46.6485],[3.9719,46.6503],[3.9659,46.6527],[3.9697,46.6548],[3.963,46.6599]]]}},{"type":"Feature","properties":{"code":"71240","nom":"Jalogny","pop":399},"geometry":{"type":"Polygon","coordinates":[[[4.6317,46.4348],[4.6379,46.4333],[4.6344,46.4299],[4.6355,46.4281],[4.644,46.4277],[4.6509,46.4249],[4.6517,46.4215],[4.6585,46.4196],[4.6571,46.4169],[4.6595,46.4129],[4.656,46.4055],[4.6505,46.3999],[4.6471,46.4004],[4.6447,46.3986],[4.6381,46.3976],[4.6384,46.3953],[4.634,46.3958],[4.6305,46.3938],[4.6279,46.3949],[4.6267,46.3974],[4.6214,46.3979],[4.622,46.4002],[4.613,46.4067],[4.6105,46.4078],[4.6153,46.4119],[4.6159,46.4176],[4.6152,46.4181],[4.6187,46.4243],[4.6208,46.4265],[4.6276,46.4274],[4.6279,46.4303],[4.63,46.4316],[4.6317,46.4348]]]}},{"type":"Feature","properties":{"code":"71241","nom":"Jambles","pop":471},"geometry":{"type":"Polygon","coordinates":[[[4.6802,46.78],[4.6851,46.7818],[4.6921,46.7828],[4.6976,46.7824],[4.7002,46.7781],[4.7024,46.7772],[4.7056,46.7779],[4.711,46.7764],[4.7131,46.7749],[4.7175,46.7739],[4.7157,46.7696],[4.7164,46.7674],[4.7133,46.7647],[4.7086,46.7656],[4.7051,46.7648],[4.6972,46.7653],[4.6929,46.764],[4.6765,46.7655],[4.6675,46.7643],[4.6623,46.7651],[4.6636,46.7695],[4.66,46.771],[4.6617,46.7736],[4.6575,46.7752],[4.6572,46.777],[4.6498,46.7794],[4.6482,46.7768],[4.6445,46.7747],[4.643,46.7768],[4.6313,46.7763],[4.6277,46.7779],[4.6273,46.7803],[4.63,46.7813],[4.6335,46.7803],[4.6356,46.7822],[4.6454,46.7819],[4.6486,46.78],[4.65,46.7857],[4.6561,46.7852],[4.6582,46.784],[4.6604,46.7789],[4.6674,46.7779],[4.6704,46.7791],[4.6802,46.78]]]}},{"type":"Feature","properties":{"code":"71242","nom":"Joncy","pop":510},"geometry":{"type":"Polygon","coordinates":[[[4.5255,46.5991],[4.5194,46.5997],[4.5195,46.6019],[4.5248,46.6061],[4.5261,46.6102],[4.5276,46.6123],[4.5253,46.6144],[4.5271,46.6173],[4.5204,46.6192],[4.5221,46.6212],[4.521,46.6229],[4.5224,46.6255],[4.5253,46.6258],[4.5284,46.6287],[4.5402,46.6301],[4.5424,46.6295],[4.546,46.6319],[4.5509,46.6301],[4.5538,46.6312],[4.5556,46.6346],[4.5595,46.6345],[4.5581,46.6395],[4.56,46.6397],[4.5665,46.6385],[4.5691,46.639],[4.5719,46.638],[4.5785,46.637],[4.5778,46.6336],[4.5789,46.6317],[4.5774,46.6296],[4.5774,46.6269],[4.5749,46.6249],[4.5779,46.6216],[4.5757,46.6192],[4.5721,46.6176],[4.5671,46.6195],[4.562,46.6169],[4.5631,46.6104],[4.5711,46.6094],[4.57,46.6051],[4.5666,46.6007],[4.5625,46.6005],[4.5654,46.5885],[4.563,46.5875],[4.5582,46.5877],[4.5563,46.5904],[4.5447,46.5921],[4.5477,46.5967],[4.5389,46.5973],[4.5308,46.5995],[4.5255,46.5991]]]}},{"type":"Feature","properties":{"code":"71243","nom":"Joudes","pop":352},"geometry":{"type":"Polygon","coordinates":[[[5.3181,46.4852],[5.3226,46.4848],[5.3269,46.4828],[5.3269,46.4868],[5.3282,46.4884],[5.3316,46.4893],[5.3397,46.4886],[5.3417,46.4872],[5.3424,46.4849],[5.3469,46.4851],[5.3552,46.4871],[5.3615,46.4859],[5.3639,46.483],[5.3639,46.4793],[5.362,46.4749],[5.366,46.4717],[5.3675,46.4673],[5.3763,46.4631],[5.3738,46.4606],[5.3667,46.4603],[5.3603,46.4618],[5.3576,46.4643],[5.3553,46.4621],[5.3513,46.463],[5.3474,46.4607],[5.3435,46.4615],[5.3356,46.4617],[5.3233,46.4625],[5.3169,46.4632],[5.3148,46.4648],[5.3093,46.4667],[5.3004,46.4712],[5.3036,46.4748],[5.3009,46.4763],[5.3039,46.4759],[5.3081,46.4732],[5.3154,46.4732],[5.3164,46.4812],[5.3181,46.4852]]]}},{"type":"Feature","properties":{"code":"71244","nom":"Jouvençon","pop":461},"geometry":{"type":"Polygon","coordinates":[[[5.0413,46.5839],[5.0436,46.5818],[5.0484,46.5808],[5.0554,46.5812],[5.0591,46.5809],[5.0649,46.5875],[5.0676,46.5933],[5.0698,46.592],[5.0788,46.5896],[5.0796,46.5876],[5.0816,46.5866],[5.0782,46.5812],[5.0724,46.5789],[5.0666,46.5763],[5.0662,46.5732],[5.0672,46.5718],[5.0659,46.569],[5.0605,46.568],[5.055,46.5688],[5.0522,46.5685],[5.0504,46.5645],[5.0455,46.5639],[5.0417,46.5646],[5.0395,46.5668],[5.034,46.566],[5.0314,46.5647],[5.0296,46.568],[5.0235,46.5669],[5.025,46.5691],[5.028,46.5696],[5.028,46.5728],[5.0264,46.5748],[5.0307,46.5776],[5.0336,46.5825],[5.0358,46.5831],[5.0389,46.5822],[5.0413,46.5839]]]}},{"type":"Feature","properties":{"code":"71245","nom":"Jugy","pop":332},"geometry":{"type":"Polygon","coordinates":[[[4.836,46.5948],[4.8378,46.5982],[4.8373,46.601],[4.8404,46.6059],[4.8417,46.6058],[4.8443,46.609],[4.8472,46.6091],[4.8499,46.6127],[4.8513,46.6163],[4.8624,46.6141],[4.866,46.6173],[4.8697,46.6174],[4.8728,46.6206],[4.878,46.6177],[4.8877,46.613],[4.8926,46.6135],[4.892,46.6106],[4.8828,46.6118],[4.8778,46.6093],[4.8852,46.6052],[4.8835,46.6028],[4.8808,46.6035],[4.8788,46.6001],[4.8741,46.5983],[4.8744,46.5948],[4.8703,46.5944],[4.8617,46.59],[4.8555,46.5917],[4.8527,46.5918],[4.8447,46.5946],[4.8439,46.594],[4.836,46.5948]]]}},{"type":"Feature","properties":{"code":"71246","nom":"Juif","pop":248},"geometry":{"type":"Polygon","coordinates":[[[5.1284,46.6748],[5.1279,46.6769],[5.1315,46.68],[5.1306,46.6819],[5.1323,46.6853],[5.1404,46.6874],[5.1456,46.687],[5.1496,46.688],[5.1483,46.6926],[5.1497,46.6948],[5.15,46.7008],[5.1519,46.7017],[5.157,46.701],[5.1581,46.7027],[5.1634,46.7033],[5.167,46.6976],[5.1732,46.6979],[5.1721,46.6932],[5.1744,46.6936],[5.1753,46.6911],[5.1811,46.6894],[5.1795,46.6946],[5.1841,46.6944],[5.1889,46.6899],[5.1868,46.6888],[5.1859,46.6865],[5.1907,46.6851],[5.1916,46.6834],[5.1949,46.6816],[5.196,46.6796],[5.1935,46.6775],[5.1934,46.6748],[5.1854,46.6729],[5.1826,46.6715],[5.1794,46.6719],[5.1693,46.6692],[5.1669,46.6695],[5.1626,46.6685],[5.1592,46.6659],[5.1539,46.6645],[5.1529,46.6679],[5.149,46.6716],[5.1426,46.673],[5.138,46.6729],[5.1337,46.6745],[5.1305,46.6731],[5.1284,46.6748]]]}},{"type":"Feature","properties":{"code":"71247","nom":"Jully-lès-Buxy","pop":343},"geometry":{"type":"Polygon","coordinates":[[[4.7432,46.7041],[4.742,46.7017],[4.7421,46.6962],[4.7389,46.6935],[4.7388,46.6913],[4.7495,46.6861],[4.7519,46.6859],[4.7617,46.6835],[4.7639,46.6834],[4.7666,46.6852],[4.7718,46.6838],[4.7759,46.6806],[4.7786,46.6773],[4.7712,46.6745],[4.7654,46.6748],[4.7647,46.6761],[4.7592,46.6789],[4.7551,46.676],[4.7519,46.6754],[4.7489,46.6725],[4.7403,46.6678],[4.7384,46.6714],[4.7369,46.6722],[4.7294,46.672],[4.7205,46.6739],[4.7157,46.676],[4.7117,46.6767],[4.7074,46.6776],[4.6895,46.6784],[4.6842,46.6794],[4.6814,46.6819],[4.6824,46.6851],[4.6819,46.6891],[4.6796,46.6911],[4.6836,46.6949],[4.6851,46.6978],[4.6892,46.7007],[4.6907,46.7009],[4.6962,46.7002],[4.7001,46.7008],[4.7042,46.7001],[4.711,46.7024],[4.7163,46.7066],[4.7222,46.705],[4.7243,46.7053],[4.73,46.7039],[4.738,46.7051],[4.7432,46.7041]]]}},{"type":"Feature","properties":{"code":"71248","nom":"Lacrost","pop":690},"geometry":{"type":"Polygon","coordinates":[[[4.9362,46.5956],[4.9387,46.5961],[4.9379,46.593],[4.9419,46.592],[4.9443,46.5894],[4.9445,46.5878],[4.9426,46.5821],[4.9446,46.5764],[4.9463,46.5741],[4.946,46.5717],[4.9482,46.5699],[4.9533,46.5688],[4.961,46.5633],[4.9614,46.5588],[4.9632,46.5574],[4.9555,46.5573],[4.9552,46.553],[4.9457,46.5533],[4.945,46.5508],[4.9387,46.5536],[4.9373,46.5511],[4.9321,46.551],[4.9276,46.5487],[4.9251,46.5503],[4.9225,46.549],[4.9191,46.556],[4.9207,46.5565],[4.9179,46.5604],[4.9174,46.5633],[4.9198,46.5641],[4.9174,46.5686],[4.9173,46.5742],[4.9228,46.5847],[4.9279,46.5894],[4.9362,46.5956]]]}},{"type":"Feature","properties":{"code":"71249","nom":"Laives","pop":986},"geometry":{"type":"Polygon","coordinates":[[[4.8112,46.6585],[4.814,46.6623],[4.8204,46.669],[4.8262,46.6744],[4.831,46.6755],[4.8347,46.6783],[4.8391,46.6778],[4.8397,46.6744],[4.8441,46.6702],[4.8449,46.6678],[4.8448,46.6633],[4.8473,46.6598],[4.853,46.66],[4.8579,46.6568],[4.8596,46.6541],[4.8628,46.6533],[4.8602,46.6451],[4.8583,46.6442],[4.8524,46.6364],[4.8511,46.634],[4.8478,46.6348],[4.8454,46.6338],[4.8416,46.6301],[4.8368,46.6313],[4.8348,46.6348],[4.8325,46.6353],[4.8246,46.6391],[4.8181,46.6414],[4.8199,46.6439],[4.8142,46.6455],[4.8106,46.6472],[4.811,46.6501],[4.8132,46.652],[4.813,46.6536],[4.8093,46.6572],[4.8112,46.6585]]]}},{"type":"Feature","properties":{"code":"71250","nom":"Laizé","pop":1155},"geometry":{"type":"Polygon","coordinates":[[[4.7832,46.3824],[4.7923,46.3872],[4.7932,46.3904],[4.7954,46.3938],[4.794,46.3976],[4.7896,46.4003],[4.7923,46.4022],[4.7986,46.4038],[4.8071,46.4033],[4.8079,46.4042],[4.816,46.4017],[4.8162,46.3999],[4.8226,46.3993],[4.8219,46.3982],[4.8217,46.3882],[4.82,46.3863],[4.8183,46.381],[4.8227,46.3792],[4.8216,46.3763],[4.8198,46.3723],[4.8181,46.3649],[4.8148,46.3617],[4.8121,46.3609],[4.8048,46.3635],[4.8004,46.364],[4.7971,46.3657],[4.7931,46.3653],[4.7901,46.3675],[4.788,46.3684],[4.7839,46.3682],[4.7822,46.3727],[4.7836,46.379],[4.7832,46.3824]]]}},{"type":"Feature","properties":{"code":"71251","nom":"Laizy","pop":599},"geometry":{"type":"Polygon","coordinates":[[[4.2282,46.8955],[4.2258,46.8921],[4.2282,46.8903],[4.2271,46.8885],[4.2221,46.8871],[4.2191,46.8888],[4.2127,46.8881],[4.2075,46.8857],[4.1935,46.8856],[4.1893,46.8869],[4.1867,46.8847],[4.1841,46.8865],[4.1774,46.8878],[4.1748,46.887],[4.1748,46.8851],[4.1699,46.8844],[4.1699,46.8815],[4.1607,46.8779],[4.1572,46.8785],[4.153,46.8817],[4.1543,46.8834],[4.1507,46.8889],[4.1503,46.8915],[4.1545,46.8944],[4.157,46.8974],[4.1535,46.9011],[4.1513,46.9019],[4.148,46.9004],[4.1416,46.9022],[4.1446,46.9056],[4.1441,46.909],[4.1466,46.9129],[4.1479,46.917],[4.1481,46.9221],[4.1469,46.9244],[4.1497,46.9317],[4.1541,46.9323],[4.1594,46.9357],[4.1642,46.9352],[4.1689,46.9359],[4.1713,46.9375],[4.1768,46.9396],[4.1797,46.9393],[4.1849,46.9409],[4.1892,46.9408],[4.1945,46.9422],[4.1954,46.9443],[4.1941,46.9474],[4.196,46.9488],[4.1979,46.9435],[4.2008,46.9405],[4.2046,46.9391],[4.2087,46.9354],[4.2098,46.9308],[4.2138,46.9293],[4.2144,46.9319],[4.218,46.933],[4.2172,46.9247],[4.2185,46.9211],[4.215,46.9201],[4.2149,46.9165],[4.2117,46.9114],[4.208,46.9092],[4.2051,46.9058],[4.2099,46.9046],[4.216,46.9038],[4.2177,46.9054],[4.2225,46.9066],[4.2246,46.905],[4.223,46.9026],[4.2274,46.8991],[4.2268,46.8967],[4.2282,46.8955]]]}},{"type":"Feature","properties":{"code":"71252","nom":"Lalheue","pop":363},"geometry":{"type":"Polygon","coordinates":[[[4.8112,46.6585],[4.8093,46.6572],[4.813,46.6536],[4.8132,46.652],[4.811,46.6501],[4.8106,46.6472],[4.8083,46.6454],[4.8062,46.6402],[4.8038,46.6407],[4.8007,46.6386],[4.8004,46.6352],[4.8024,46.6321],[4.7958,46.6328],[4.7951,46.6353],[4.7906,46.6341],[4.7874,46.6358],[4.783,46.6366],[4.7789,46.6386],[4.7788,46.6431],[4.781,46.6444],[4.7794,46.6461],[4.7828,46.647],[4.7844,46.6484],[4.7823,46.6504],[4.7826,46.6535],[4.7803,46.6541],[4.7768,46.657],[4.7736,46.6621],[4.7672,46.6667],[4.7685,46.669],[4.7702,46.6681],[4.773,46.6701],[4.7761,46.6686],[4.7796,46.6651],[4.7909,46.6575],[4.7974,46.6598],[4.802,46.6629],[4.8046,46.6616],[4.8074,46.6617],[4.8112,46.6585]]]}},{"type":"Feature","properties":{"code":"71253","nom":"Lans","pop":952},"geometry":{"type":"Polygon","coordinates":[[[4.9153,46.7773],[4.917,46.7789],[4.9224,46.7792],[4.9285,46.7756],[4.9333,46.7764],[4.9427,46.7727],[4.9449,46.7693],[4.9484,46.767],[4.9518,46.7673],[4.9598,46.7657],[4.9649,46.7655],[4.9617,46.759],[4.9558,46.7559],[4.9496,46.7526],[4.9482,46.7544],[4.9436,46.7559],[4.942,46.7571],[4.9378,46.755],[4.9252,46.7514],[4.9251,46.7494],[4.9231,46.7494],[4.9219,46.7519],[4.9197,46.7513],[4.9165,46.7574],[4.9161,46.7625],[4.9103,46.7618],[4.9095,46.7634],[4.9048,46.7669],[4.9068,46.7703],[4.9125,46.774],[4.9153,46.7773]]]}},{"type":"Feature","properties":{"code":"71254","nom":"Lays-sur-le-Doubs","pop":164},"geometry":{"type":"Polygon","coordinates":[[[5.2624,46.9129],[5.2552,46.913],[5.2552,46.9094],[5.2478,46.909],[5.247,46.9047],[5.2455,46.9019],[5.2425,46.8992],[5.2408,46.8991],[5.2384,46.8948],[5.2359,46.8953],[5.2327,46.8991],[5.2305,46.8961],[5.2256,46.8984],[5.2285,46.9012],[5.2288,46.9035],[5.2223,46.9054],[5.2282,46.9125],[5.2278,46.9139],[5.2314,46.9172],[5.2268,46.9204],[5.223,46.9194],[5.2192,46.9219],[5.2167,46.926],[5.2172,46.9284],[5.22,46.9301],[5.2234,46.9291],[5.225,46.9269],[5.2305,46.9294],[5.2334,46.9316],[5.2389,46.9335],[5.2424,46.9341],[5.249,46.9362],[5.248,46.9429],[5.252,46.9443],[5.2578,46.9403],[5.2615,46.9394],[5.2644,46.9376],[5.2624,46.935],[5.263,46.9291],[5.262,46.9274],[5.2644,46.9244],[5.2614,46.9181],[5.2627,46.9181],[5.2624,46.9129]]]}},{"type":"Feature","properties":{"code":"71255","nom":"Lesme","pop":173},"geometry":{"type":"Polygon","coordinates":[[[3.6996,46.6519],[3.6994,46.6549],[3.7122,46.6557],[3.7177,46.658],[3.7216,46.6576],[3.7246,46.6591],[3.7292,46.6597],[3.7341,46.657],[3.7378,46.6589],[3.7401,46.655],[3.7374,46.6535],[3.7343,46.6477],[3.7366,46.6447],[3.7335,46.6413],[3.7344,46.6386],[3.7345,46.6334],[3.7311,46.6322],[3.7278,46.6361],[3.724,46.6372],[3.7235,46.6387],[3.7177,46.6393],[3.7133,46.6419],[3.7043,46.6454],[3.7028,46.6484],[3.6996,46.6519]]]}},{"type":"Feature","properties":{"code":"71256","nom":"Lessard-en-Bresse","pop":561},"geometry":{"type":"Polygon","coordinates":[[[5.1084,46.7224],[5.1082,46.7246],[5.0995,46.7273],[5.1,46.7295],[5.0951,46.7286],[5.0873,46.7292],[5.0835,46.7314],[5.0816,46.7346],[5.0828,46.737],[5.0802,46.739],[5.0733,46.7392],[5.0713,46.7364],[5.0685,46.7373],[5.0659,46.7362],[5.0624,46.7399],[5.0582,46.7398],[5.0478,46.7377],[5.0384,46.7373],[5.0375,46.7389],[5.0391,46.7412],[5.0391,46.7441],[5.0474,46.7422],[5.0525,46.7417],[5.0556,46.7402],[5.0578,46.7417],[5.0569,46.744],[5.0615,46.7495],[5.0721,46.7476],[5.0773,46.7475],[5.0793,46.7502],[5.079,46.7523],[5.0803,46.7553],[5.082,46.7558],[5.0882,46.7541],[5.0939,46.7538],[5.0973,46.7506],[5.1085,46.7493],[5.1073,46.7481],[5.1114,46.7462],[5.1088,46.742],[5.1092,46.7375],[5.1056,46.7358],[5.1044,46.7338],[5.1055,46.7291],[5.1076,46.7262],[5.1113,46.726],[5.1104,46.7225],[5.1084,46.7224]]]}},{"type":"Feature","properties":{"code":"71257","nom":"Lessard-le-National","pop":662},"geometry":{"type":"Polygon","coordinates":[[[4.8251,46.8647],[4.8229,46.8686],[4.8229,46.8712],[4.8201,46.8745],[4.8247,46.8793],[4.8215,46.8826],[4.8244,46.8821],[4.8312,46.8823],[4.8356,46.8845],[4.8389,46.8825],[4.8425,46.8825],[4.8486,46.8804],[4.8525,46.8796],[4.8533,46.8807],[4.8512,46.8846],[4.8511,46.8905],[4.8533,46.8928],[4.8571,46.8919],[4.861,46.8931],[4.8613,46.8954],[4.8633,46.8966],[4.8658,46.8957],[4.8713,46.8992],[4.8743,46.8936],[4.8718,46.8911],[4.8747,46.8887],[4.8714,46.8832],[4.8666,46.8806],[4.8649,46.879],[4.859,46.8778],[4.8576,46.8769],[4.857,46.8719],[4.8573,46.8675],[4.859,46.8633],[4.8572,46.8621],[4.8582,46.8597],[4.8558,46.8594],[4.8542,46.8547],[4.8507,46.8509],[4.847,46.8502],[4.8449,46.8515],[4.8456,46.8527],[4.836,46.8532],[4.8305,46.8531],[4.8325,46.8557],[4.8283,46.8566],[4.8266,46.8637],[4.8251,46.8647]]]}},{"type":"Feature","properties":{"code":"71258","nom":"Leynes","pop":519},"geometry":{"type":"Polygon","coordinates":[[[4.7322,46.2737],[4.737,46.2723],[4.7418,46.2729],[4.7413,46.2707],[4.7434,46.2659],[4.7477,46.2653],[4.752,46.2638],[4.7534,46.2624],[4.7536,46.2597],[4.7502,46.2583],[4.7426,46.2546],[4.7385,46.2553],[4.7333,46.2592],[4.7297,46.2588],[4.7286,46.2574],[4.7226,46.2572],[4.7156,46.2583],[4.7128,46.2636],[4.7097,46.2638],[4.7007,46.2674],[4.704,46.2703],[4.7077,46.2697],[4.7134,46.2704],[4.7162,46.2694],[4.7188,46.2713],[4.7229,46.2709],[4.7226,46.2729],[4.7259,46.2742],[4.7283,46.2723],[4.7301,46.2743],[4.7322,46.2737]]]}},{"type":"Feature","properties":{"code":"71259","nom":"Ligny-en-Brionnais","pop":375},"geometry":{"type":"Polygon","coordinates":[[[4.1694,46.2663],[4.1724,46.2666],[4.1742,46.265],[4.1808,46.2639],[4.1903,46.2602],[4.1933,46.2603],[4.1995,46.2619],[4.2057,46.2596],[4.2114,46.2525],[4.2089,46.2499],[4.2105,46.2484],[4.2096,46.2458],[4.2129,46.2426],[4.2161,46.2448],[4.2194,46.2427],[4.224,46.2446],[4.2266,46.2439],[4.2379,46.2437],[4.2369,46.2397],[4.2383,46.2339],[4.2315,46.2297],[4.2272,46.2255],[4.2237,46.2195],[4.215,46.221],[4.2134,46.2202],[4.212,46.217],[4.2091,46.2162],[4.2078,46.2141],[4.2019,46.2187],[4.2001,46.2209],[4.1983,46.2229],[4.1943,46.2232],[4.1924,46.2249],[4.186,46.226],[4.1853,46.2299],[4.1834,46.2313],[4.1798,46.2363],[4.1787,46.2394],[4.175,46.2433],[4.1732,46.2504],[4.1705,46.2516],[4.1719,46.2598],[4.1695,46.2647],[4.1694,46.2663]]]}},{"type":"Feature","properties":{"code":"71261","nom":"Loisy","pop":693},"geometry":{"type":"Polygon","coordinates":[[[5.0235,46.5669],[5.0177,46.5665],[5.0162,46.568],[5.0114,46.575],[5.0063,46.5751],[5,46.5774],[4.9955,46.5777],[4.9895,46.5756],[4.9874,46.5761],[4.9792,46.5759],[4.9799,46.5827],[4.9751,46.5849],[4.9735,46.5872],[4.9742,46.5895],[4.9796,46.5901],[4.9808,46.5922],[4.9839,46.5947],[4.9879,46.5955],[4.9922,46.5954],[4.9928,46.5974],[4.9986,46.6002],[5.0015,46.5996],[5.008,46.6035],[5.0124,46.6023],[5.0142,46.6056],[5.0167,46.6048],[5.0192,46.6089],[5.0223,46.6087],[5.0222,46.6117],[5.0267,46.6143],[5.0261,46.6171],[5.0298,46.6177],[5.0293,46.6201],[5.0337,46.6214],[5.0394,46.6198],[5.038,46.6147],[5.0395,46.6101],[5.0383,46.6072],[5.0393,46.6047],[5.0378,46.6031],[5.0328,46.6014],[5.0321,46.5926],[5.0343,46.5872],[5.0413,46.5839],[5.0389,46.5822],[5.0358,46.5831],[5.0336,46.5825],[5.0307,46.5776],[5.0264,46.5748],[5.028,46.5728],[5.028,46.5696],[5.025,46.5691],[5.0235,46.5669]]]}},{"type":"Feature","properties":{"code":"71262","nom":"Longepierre","pop":161},"geometry":{"type":"Polygon","coordinates":[[[5.1684,46.9256],[5.171,46.9301],[5.1654,46.9293],[5.1656,46.9354],[5.1675,46.9374],[5.167,46.9432],[5.1717,46.9427],[5.1757,46.944],[5.1768,46.9455],[5.1813,46.9434],[5.1806,46.9421],[5.1879,46.9411],[5.192,46.9436],[5.1995,46.945],[5.2029,46.9467],[5.2106,46.948],[5.2132,46.9489],[5.2138,46.9522],[5.2166,46.9522],[5.2229,46.9521],[5.228,46.9503],[5.2282,46.9482],[5.2307,46.9435],[5.2294,46.9397],[5.2298,46.9354],[5.2334,46.9316],[5.2305,46.9294],[5.225,46.9269],[5.2234,46.9291],[5.22,46.9301],[5.2172,46.9284],[5.2167,46.926],[5.2192,46.9219],[5.223,46.9194],[5.2203,46.9167],[5.2142,46.9163],[5.2152,46.9136],[5.2129,46.9104],[5.2094,46.9095],[5.2044,46.9117],[5.204,46.9148],[5.196,46.9214],[5.1939,46.9238],[5.188,46.9233],[5.1872,46.9272],[5.1931,46.9345],[5.1877,46.935],[5.1841,46.9321],[5.1777,46.9291],[5.1742,46.9283],[5.1684,46.9256]]]}},{"type":"Feature","properties":{"code":"71263","nom":"Louhans","pop":6446},"geometry":{"type":"Polygon","coordinates":[[[5.2036,46.6122],[5.2057,46.6149],[5.205,46.6167],[5.2064,46.6196],[5.2089,46.6214],[5.2119,46.626],[5.2087,46.6262],[5.2083,46.6284],[5.2105,46.6312],[5.2057,46.6316],[5.2047,46.633],[5.2051,46.6358],[5.2081,46.6422],[5.2086,46.6466],[5.2026,46.6511],[5.2021,46.6581],[5.2055,46.6577],[5.2073,46.6589],[5.2227,46.6603],[5.2236,46.6574],[5.2225,46.6562],[5.2251,46.6535],[5.2272,46.6551],[5.2388,46.6559],[5.2464,46.654],[5.2492,46.6548],[5.2541,46.6531],[5.2567,46.6532],[5.2599,46.6515],[5.2629,46.6535],[5.2651,46.6533],[5.2645,46.6493],[5.2676,46.651],[5.2722,46.6509],[5.2719,46.6471],[5.2686,46.6438],[5.27,46.6402],[5.2727,46.637],[5.2757,46.6357],[5.2812,46.6359],[5.2826,46.6328],[5.2803,46.63],[5.2754,46.629],[5.2745,46.6261],[5.2754,46.6234],[5.2737,46.6209],[5.2694,46.6204],[5.2651,46.6174],[5.2608,46.6155],[5.2577,46.616],[5.2561,46.6136],[5.2526,46.6149],[5.2504,46.6142],[5.2428,46.6175],[5.2418,46.6197],[5.2389,46.6187],[5.2358,46.6158],[5.2322,46.6161],[5.2296,46.6173],[5.2258,46.6174],[5.2236,46.6189],[5.22,46.616],[5.2172,46.615],[5.2192,46.613],[5.2185,46.6104],[5.2158,46.6104],[5.2103,46.6097],[5.2087,46.6086],[5.205,46.6103],[5.2036,46.6122]]]}},{"type":"Feature","properties":{"code":"71264","nom":"Lournand","pop":322},"geometry":{"type":"Polygon","coordinates":[[[4.6254,46.4689],[4.6298,46.4682],[4.6331,46.472],[4.637,46.4735],[4.6383,46.4806],[4.6419,46.4804],[4.646,46.4819],[4.6451,46.4853],[4.6488,46.4853],[4.6511,46.484],[4.6553,46.4852],[4.6566,46.4828],[4.6601,46.4825],[4.6593,46.4803],[4.6611,46.4784],[4.6651,46.4775],[4.6739,46.4769],[4.6727,46.4688],[4.6712,46.4661],[4.6716,46.4632],[4.6693,46.4619],[4.6712,46.4571],[4.6676,46.453],[4.6671,46.4514],[4.6606,46.4508],[4.66,46.4493],[4.6558,46.4486],[4.6435,46.4487],[4.6375,46.45],[4.6282,46.4472],[4.6233,46.4477],[4.6247,46.4517],[4.6264,46.4536],[4.6271,46.4566],[4.6291,46.4592],[4.6254,46.4634],[4.6254,46.4689]]]}},{"type":"Feature","properties":{"code":"71266","nom":"Lucenay-l'Évêque","pop":333},"geometry":{"type":"Polygon","coordinates":[[[4.299,47.1125],[4.302,47.1071],[4.298,47.1024],[4.2946,47.1008],[4.2923,47.0964],[4.2929,47.0938],[4.2959,47.0902],[4.2971,47.0866],[4.2949,47.0829],[4.2933,47.0785],[4.295,47.0755],[4.294,47.075],[4.2736,47.0699],[4.272,47.066],[4.2644,47.0644],[4.2609,47.0595],[4.2552,47.0546],[4.2542,47.0523],[4.251,47.0527],[4.241,47.0515],[4.2368,47.052],[4.2288,47.0554],[4.2274,47.0613],[4.2243,47.0646],[4.2208,47.0662],[4.2253,47.0689],[4.2304,47.0704],[4.2356,47.074],[4.2335,47.0807],[4.2338,47.083],[4.229,47.0845],[4.2331,47.0867],[4.2301,47.0893],[4.2307,47.0917],[4.2287,47.0936],[4.2296,47.0973],[4.2317,47.0989],[4.2367,47.0973],[4.2401,47.1002],[4.2426,47.0996],[4.2446,47.1032],[4.243,47.1059],[4.2481,47.1056],[4.2519,47.1094],[4.2494,47.1119],[4.2583,47.1119],[4.2598,47.1139],[4.2642,47.1118],[4.2707,47.1095],[4.2807,47.1077],[4.2856,47.1083],[4.2862,47.1103],[4.2939,47.1107],[4.2947,47.1124],[4.299,47.1125]]]}},{"type":"Feature","properties":{"code":"71267","nom":"Lugny","pop":845},"geometry":{"type":"Polygon","coordinates":[[[4.8407,46.4992],[4.8454,46.4968],[4.8467,46.4931],[4.8458,46.4884],[4.8472,46.4872],[4.847,46.4763],[4.8434,46.4753],[4.8406,46.476],[4.8354,46.4742],[4.8341,46.4757],[4.8303,46.4744],[4.8302,46.4729],[4.8265,46.4725],[4.8241,46.4666],[4.8201,46.4626],[4.8174,46.4567],[4.8163,46.4562],[4.8094,46.4578],[4.8037,46.4578],[4.8026,46.456],[4.7993,46.4551],[4.7929,46.4585],[4.7989,46.4667],[4.7942,46.4684],[4.7913,46.4705],[4.7926,46.4728],[4.7955,46.4741],[4.7996,46.4764],[4.7989,46.4785],[4.7964,46.4813],[4.7964,46.4837],[4.799,46.486],[4.8024,46.486],[4.8086,46.4901],[4.8076,46.4925],[4.8052,46.4946],[4.806,46.4998],[4.8099,46.5],[4.8127,46.5042],[4.8145,46.5029],[4.8238,46.503],[4.8274,46.5015],[4.8267,46.4996],[4.8343,46.4984],[4.8366,46.5],[4.8407,46.4992]]]}},{"type":"Feature","properties":{"code":"71268","nom":"Lugny-lès-Charolles","pop":311},"geometry":{"type":"Polygon","coordinates":[[[4.1936,46.3842],[4.1931,46.3879],[4.1893,46.3925],[4.1829,46.3955],[4.1821,46.3986],[4.1788,46.4022],[4.1788,46.4063],[4.1764,46.4089],[4.177,46.4117],[4.1758,46.413],[4.1767,46.4155],[4.173,46.4162],[4.1691,46.42],[4.1729,46.422],[4.1756,46.4244],[4.1788,46.4243],[4.1843,46.4269],[4.1884,46.4273],[4.1932,46.4242],[4.1942,46.4212],[4.1961,46.4195],[4.1987,46.4224],[4.2039,46.4262],[4.2065,46.4303],[4.2102,46.4336],[4.2109,46.4367],[4.2225,46.4401],[4.2254,46.4417],[4.234,46.4407],[4.2338,46.4393],[4.23,46.4303],[4.2278,46.4286],[4.2211,46.4271],[4.219,46.4211],[4.2193,46.4171],[4.2224,46.4102],[4.2251,46.409],[4.2271,46.406],[4.2323,46.401],[4.2322,46.3989],[4.2349,46.3968],[4.2329,46.3945],[4.228,46.3934],[4.2242,46.3949],[4.2222,46.3925],[4.2194,46.3928],[4.2172,46.391],[4.2141,46.3927],[4.2102,46.3928],[4.2086,46.3897],[4.2052,46.3858],[4.199,46.3845],[4.1936,46.3842]]]}},{"type":"Feature","properties":{"code":"71269","nom":"Lux","pop":1885},"geometry":{"type":"Polygon","coordinates":[[[4.8699,46.7561],[4.8785,46.7541],[4.881,46.7524],[4.8833,46.7482],[4.884,46.7448],[4.8833,46.7414],[4.8781,46.7412],[4.8725,46.7395],[4.8689,46.7396],[4.8608,46.7383],[4.8578,46.7371],[4.8549,46.7375],[4.8538,46.7407],[4.8502,46.7486],[4.8424,46.7448],[4.8396,46.7489],[4.8383,46.7529],[4.8295,46.7497],[4.8276,46.7511],[4.8289,46.7529],[4.8363,46.7554],[4.8416,46.7566],[4.848,46.7595],[4.8539,46.7606],[4.8555,46.7615],[4.8588,46.7603],[4.8629,46.7591],[4.8673,46.7567],[4.8699,46.7561]]]}},{"type":"Feature","properties":{"code":"71270","nom":"Mâcon","pop":35177},"geometry":{"type":"MultiPolygon","coordinates":[[[[4.8517,46.3263],[4.8447,46.3172],[4.8411,46.312],[4.8374,46.3048],[4.8331,46.2998],[4.8315,46.2962],[4.831,46.2908],[4.828,46.2823],[4.8265,46.2764],[4.8244,46.2765],[4.8139,46.2813],[4.8133,46.2788],[4.8111,46.2772],[4.8025,46.2792],[4.8007,46.2775],[4.7977,46.2768],[4.7897,46.2785],[4.7872,46.2734],[4.7777,46.276],[4.7733,46.2763],[4.7681,46.2753],[4.7625,46.2754],[4.758,46.2766],[4.758,46.2804],[4.7599,46.2806],[4.7599,46.288],[4.7601,46.2891],[4.7791,46.2867],[4.7806,46.2845],[4.784,46.2864],[4.7903,46.2871],[4.793,46.2887],[4.7944,46.2911],[4.7974,46.2904],[4.8016,46.2917],[4.8032,46.2964],[4.81,46.3034],[4.8174,46.3048],[4.818,46.3076],[4.8205,46.3113],[4.8113,46.3135],[4.8123,46.3159],[4.8075,46.3182],[4.8049,46.323],[4.8015,46.3228],[4.8043,46.3249],[4.8089,46.3265],[4.809,46.338],[4.8109,46.3384],[4.8177,46.3335],[4.8208,46.3318],[4.8273,46.3305],[4.8419,46.3286],[4.8517,46.3263]]],[[[4.8512,46.3523],[4.847,46.3531],[4.8381,46.3529],[4.8361,46.3501],[4.8353,46.3467],[4.8272,46.3486],[4.8225,46.3488],[4.8214,46.3473],[4.8214,46.3438],[4.8126,46.3474],[4.8103,46.3487],[4.8053,46.3538],[4.8057,46.3573],[4.8082,46.3594],[4.8121,46.3609],[4.8148,46.3617],[4.8181,46.3649],[4.8198,46.3723],[4.8216,46.3763],[4.8319,46.3774],[4.8297,46.3796],[4.8359,46.3796],[4.8398,46.3786],[4.8414,46.3769],[4.8401,46.3746],[4.8416,46.3737],[4.8404,46.3712],[4.8496,46.37],[4.8505,46.3713],[4.8564,46.3696],[4.8587,46.3681],[4.8551,46.3626],[4.8518,46.3564],[4.8512,46.3523]]]]}},{"type":"Feature","properties":{"code":"71271","nom":"Mailly","pop":148},"geometry":{"type":"Polygon","coordinates":[[[4.1124,46.2137],[4.1094,46.2141],[4.1051,46.2186],[4.0999,46.2207],[4.0949,46.2257],[4.0994,46.2309],[4.0989,46.2334],[4.0993,46.2436],[4.0962,46.2484],[4.0977,46.2483],[4.104,46.2436],[4.1083,46.2436],[4.1088,46.2402],[4.111,46.2371],[4.1157,46.2333],[4.1184,46.2303],[4.1252,46.2283],[4.1332,46.2302],[4.1351,46.2257],[4.13,46.2228],[4.1272,46.2178],[4.1248,46.2174],[4.1171,46.2142],[4.1124,46.2137]]]}},{"type":"Feature","properties":{"code":"71272","nom":"Malay","pop":225},"geometry":{"type":"Polygon","coordinates":[[[4.7162,46.5771],[4.7145,46.5736],[4.7152,46.5721],[4.7113,46.5667],[4.7074,46.5661],[4.7054,46.5624],[4.7044,46.5581],[4.7013,46.5581],[4.7013,46.5542],[4.697,46.5533],[4.692,46.5539],[4.6875,46.5534],[4.6874,46.5514],[4.6832,46.5511],[4.6764,46.5489],[4.6706,46.5502],[4.6716,46.5474],[4.6679,46.5475],[4.6646,46.5472],[4.6566,46.5501],[4.6561,46.5523],[4.6571,46.5555],[4.6582,46.5625],[4.6614,46.5623],[4.6621,46.5664],[4.6608,46.5673],[4.6618,46.5705],[4.6665,46.5694],[4.6793,46.5751],[4.6803,46.5783],[4.6796,46.58],[4.6823,46.5819],[4.6825,46.5836],[4.6858,46.5848],[4.6874,46.5841],[4.6937,46.589],[4.7023,46.5855],[4.7154,46.5803],[4.7162,46.5771]]]}},{"type":"Feature","properties":{"code":"71273","nom":"Maltat","pop":278},"geometry":{"type":"Polygon","coordinates":[[[3.7947,46.702],[3.7973,46.7015],[3.7994,46.7031],[3.8026,46.7023],[3.8074,46.7046],[3.8082,46.7057],[3.8137,46.7045],[3.8184,46.7055],[3.825,46.7047],[3.8266,46.7038],[3.8257,46.7001],[3.8265,46.6965],[3.826,46.6934],[3.8299,46.6876],[3.8302,46.6828],[3.8325,46.6833],[3.8353,46.6821],[3.8376,46.6794],[3.8406,46.6787],[3.8482,46.6784],[3.8476,46.6769],[3.8499,46.6753],[3.8542,46.6748],[3.8542,46.6694],[3.8578,46.6687],[3.8589,46.6671],[3.865,46.6675],[3.863,46.6672],[3.8612,46.6603],[3.8635,46.6587],[3.8628,46.6544],[3.8618,46.6536],[3.8609,46.647],[3.8587,46.6462],[3.8575,46.6426],[3.855,46.6406],[3.8506,46.6449],[3.8462,46.6481],[3.8401,46.6479],[3.8311,46.6546],[3.8292,46.6554],[3.8302,46.6576],[3.8265,46.6584],[3.8258,46.6605],[3.8207,46.6631],[3.8126,46.6654],[3.8086,46.6646],[3.8093,46.6631],[3.8076,46.6593],[3.8091,46.6578],[3.8052,46.6545],[3.8024,46.6532],[3.7962,46.6537],[3.7934,46.6564],[3.7908,46.6552],[3.7869,46.6573],[3.7816,46.6588],[3.7771,46.6589],[3.7755,46.661],[3.7715,46.6597],[3.7706,46.6615],[3.7672,46.6635],[3.7627,46.6622],[3.7608,46.6654],[3.7603,46.6692],[3.7604,46.6712],[3.7587,46.6789],[3.7577,46.6807],[3.7581,46.6856],[3.7617,46.6866],[3.7666,46.6867],[3.7663,46.6889],[3.7685,46.6937],[3.7676,46.6961],[3.7747,46.6973],[3.7767,46.6972],[3.7826,46.6938],[3.7866,46.6942],[3.7893,46.7006],[3.7947,46.702]]]}},{"type":"Feature","properties":{"code":"71274","nom":"Mancey","pop":392},"geometry":{"type":"Polygon","coordinates":[[[4.8441,46.5548],[4.846,46.5611],[4.8415,46.5619],[4.8426,46.564],[4.8334,46.5662],[4.8318,46.5643],[4.8292,46.564],[4.8255,46.5652],[4.8252,46.567],[4.8184,46.5718],[4.8154,46.5682],[4.8138,46.5695],[4.8175,46.5757],[4.8185,46.5823],[4.8218,46.5833],[4.8292,46.5894],[4.831,46.5902],[4.8367,46.5886],[4.84,46.5884],[4.84,46.5855],[4.8465,46.5822],[4.8462,46.5795],[4.8502,46.5788],[4.8508,46.5752],[4.8544,46.5745],[4.8626,46.5746],[4.8643,46.5734],[4.8681,46.573],[4.8696,46.5713],[4.875,46.5702],[4.8705,46.5676],[4.8691,46.5658],[4.8688,46.5618],[4.8729,46.5617],[4.8747,46.5604],[4.8727,46.5578],[4.873,46.5533],[4.8718,46.5505],[4.8686,46.5523],[4.8631,46.553],[4.8618,46.5519],[4.8567,46.553],[4.8521,46.5548],[4.8501,46.5533],[4.8441,46.5548]]]}},{"type":"Feature","properties":{"code":"71275","nom":"Marcigny","pop":1682},"geometry":{"type":"Polygon","coordinates":[[[4.0203,46.2675],[4.0213,46.2709],[4.0204,46.2736],[4.0154,46.278],[4.0145,46.2823],[4.0164,46.2867],[4.021,46.2884],[4.026,46.2888],[4.0277,46.2902],[4.0295,46.2897],[4.0345,46.2838],[4.0368,46.2824],[4.0433,46.2845],[4.0506,46.2847],[4.0543,46.2818],[4.0647,46.2888],[4.0668,46.2892],[4.0724,46.2856],[4.0729,46.2831],[4.0659,46.2817],[4.0632,46.2794],[4.0569,46.2754],[4.0558,46.274],[4.0541,46.2689],[4.0591,46.2674],[4.0589,46.2638],[4.0565,46.2644],[4.0485,46.2628],[4.0465,46.2616],[4.0428,46.2625],[4.0364,46.2649],[4.0292,46.2663],[4.0235,46.2591],[4.022,46.2582],[4.022,46.2643],[4.0203,46.2675]]]}},{"type":"Feature","properties":{"code":"71276","nom":"Marcilly-la-Gueurce","pop":140},"geometry":{"type":"Polygon","coordinates":[[[4.284,46.4218],[4.2872,46.4128],[4.2876,46.4083],[4.2932,46.4085],[4.3007,46.4119],[4.3041,46.4099],[4.3139,46.4086],[4.3162,46.4064],[4.3198,46.4079],[4.3236,46.4043],[4.3279,46.4021],[4.3337,46.4023],[4.3349,46.3992],[4.3354,46.3962],[4.3312,46.3925],[4.3282,46.392],[4.3247,46.3879],[4.3186,46.3843],[4.3144,46.381],[4.3148,46.3783],[4.3134,46.3742],[4.3116,46.3791],[4.3066,46.3754],[4.3049,46.3756],[4.3049,46.3787],[4.3035,46.3816],[4.2944,46.3829],[4.2947,46.3858],[4.2917,46.3869],[4.2887,46.3852],[4.2861,46.3859],[4.2816,46.3848],[4.2789,46.3864],[4.276,46.3896],[4.279,46.3917],[4.2826,46.392],[4.2821,46.395],[4.2835,46.3999],[4.28,46.4006],[4.283,46.4049],[4.2822,46.4064],[4.2831,46.4107],[4.285,46.4118],[4.283,46.4172],[4.2795,46.4212],[4.284,46.4218]]]}},{"type":"Feature","properties":{"code":"71277","nom":"Marcilly-lès-Buxy","pop":704},"geometry":{"type":"Polygon","coordinates":[[[4.6161,46.6991],[4.6139,46.6974],[4.6113,46.6982],[4.6096,46.6966],[4.601,46.6997],[4.6014,46.7011],[4.5994,46.7032],[4.5909,46.7076],[4.5849,46.7066],[4.577,46.7102],[4.5734,46.7136],[4.5711,46.7137],[4.5719,46.7159],[4.5698,46.7193],[4.5684,46.7234],[4.5695,46.7249],[4.5629,46.7318],[4.5568,46.7356],[4.5529,46.7362],[4.5515,46.7379],[4.5449,46.7372],[4.5436,46.737],[4.5452,46.7397],[4.5436,46.7418],[4.5487,46.7435],[4.5515,46.7451],[4.5502,46.7476],[4.5525,46.7514],[4.5546,46.7527],[4.5592,46.7506],[4.5617,46.7466],[4.5644,46.745],[4.5659,46.7424],[4.5682,46.7426],[4.571,46.7406],[4.5719,46.7369],[4.5744,46.7378],[4.5907,46.7463],[4.5963,46.7429],[4.5951,46.7414],[4.6019,46.7405],[4.606,46.744],[4.6055,46.7459],[4.6026,46.7467],[4.6027,46.7493],[4.6054,46.7474],[4.6082,46.7472],[4.6144,46.7446],[4.6182,46.7423],[4.621,46.7427],[4.6199,46.7396],[4.6158,46.7378],[4.6265,46.7337],[4.6221,46.7306],[4.6257,46.7284],[4.6328,46.7267],[4.6288,46.7203],[4.6275,46.7217],[4.6225,46.7212],[4.6191,46.7186],[4.6166,46.7193],[4.6123,46.7172],[4.6125,46.7144],[4.6148,46.7134],[4.6135,46.7102],[4.6148,46.7058],[4.6159,46.7049],[4.6161,46.6991]]]}},{"type":"Feature","properties":{"code":"71278","nom":"Marigny","pop":166},"geometry":{"type":"Polygon","coordinates":[[[4.5114,46.6677],[4.5038,46.6644],[4.499,46.6638],[4.4959,46.6624],[4.4903,46.6616],[4.4836,46.6633],[4.4743,46.6625],[4.4729,46.6629],[4.4685,46.6606],[4.4639,46.6616],[4.4617,46.6628],[4.4577,46.6615],[4.4533,46.6624],[4.4501,46.6616],[4.4505,46.6647],[4.4445,46.6658],[4.4394,46.6683],[4.4316,46.6657],[4.4279,46.6655],[4.426,46.6626],[4.4223,46.6604],[4.4194,46.6598],[4.4167,46.6621],[4.4183,46.6661],[4.4163,46.6672],[4.4164,46.6691],[4.4192,46.6712],[4.419,46.6728],[4.4237,46.6741],[4.4244,46.6726],[4.4345,46.6749],[4.4394,46.6767],[4.4415,46.6781],[4.4471,46.679],[4.4498,46.6815],[4.4481,46.6841],[4.4479,46.6868],[4.4447,46.6904],[4.4416,46.6923],[4.4415,46.6948],[4.4399,46.6967],[4.4437,46.6981],[4.4446,46.7019],[4.4489,46.7024],[4.4522,46.7038],[4.453,46.7062],[4.4588,46.7028],[4.4648,46.7026],[4.4692,46.7053],[4.47,46.7035],[4.4763,46.7052],[4.479,46.7051],[4.4833,46.7065],[4.486,46.7061],[4.4876,46.7037],[4.4935,46.6997],[4.4947,46.6974],[4.4919,46.6934],[4.4882,46.6915],[4.4874,46.6879],[4.4918,46.6879],[4.5004,46.6887],[4.5053,46.6869],[4.5104,46.6864],[4.5152,46.6838],[4.511,46.6793],[4.5113,46.6773],[4.5059,46.6721],[4.5114,46.6677]]]}},{"type":"Feature","properties":{"code":"71279","nom":"Le Rousset-Marizy","pop":594},"geometry":{"type":"Polygon","coordinates":[[[4.3889,46.5986],[4.395,46.5964],[4.3988,46.594],[4.3996,46.5921],[4.4028,46.5913],[4.4108,46.5944],[4.4086,46.5969],[4.4106,46.599],[4.4144,46.6003],[4.419,46.5975],[4.4267,46.6002],[4.4292,46.5985],[4.4317,46.5992],[4.4354,46.5974],[4.4382,46.5969],[4.4411,46.5945],[4.446,46.5923],[4.4473,46.5959],[4.4501,46.601],[4.4547,46.6049],[4.4604,46.6069],[4.4609,46.6049],[4.4646,46.6037],[4.4696,46.6036],[4.4685,46.6013],[4.4707,46.5998],[4.4762,46.5994],[4.48,46.5975],[4.4849,46.5964],[4.4851,46.5941],[4.4903,46.5934],[4.5024,46.5892],[4.5071,46.5885],[4.5119,46.5851],[4.5105,46.584],[4.5133,46.5822],[4.5102,46.5809],[4.5131,46.5787],[4.5141,46.5755],[4.5061,46.5725],[4.506,46.5685],[4.5039,46.5658],[4.5015,46.5655],[4.5,46.563],[4.4972,46.5616],[4.4998,46.5593],[4.4976,46.5557],[4.4899,46.5531],[4.4896,46.552],[4.485,46.5499],[4.4805,46.5478],[4.4773,46.5486],[4.4752,46.5479],[4.4696,46.5484],[4.4683,46.5561],[4.4648,46.5593],[4.4625,46.5598],[4.4603,46.5584],[4.4519,46.5603],[4.4474,46.5624],[4.4441,46.5619],[4.4415,46.5599],[4.434,46.5594],[4.4284,46.557],[4.423,46.5535],[4.4209,46.5496],[4.4172,46.5498],[4.4145,46.549],[4.4116,46.5458],[4.4111,46.5388],[4.4132,46.537],[4.4112,46.5343],[4.4081,46.5334],[4.4053,46.5337],[4.4004,46.5386],[4.3943,46.5404],[4.3851,46.5416],[4.3849,46.5433],[4.3798,46.5441],[4.3829,46.5471],[4.3829,46.5497],[4.3807,46.5499],[4.3796,46.5538],[4.3771,46.558],[4.3702,46.5581],[4.3709,46.5616],[4.3677,46.5611],[4.36,46.561],[4.3571,46.562],[4.3571,46.5694],[4.3582,46.5726],[4.3605,46.5743],[4.3613,46.5765],[4.3595,46.5798],[4.3564,46.5819],[4.3525,46.5859],[4.3829,46.5947],[4.3869,46.5953],[4.3889,46.5986]]]}},{"type":"Feature","properties":{"code":"71280","nom":"Marly-sous-Issy","pop":80},"geometry":{"type":"Polygon","coordinates":[[[3.9633,46.7663],[3.9666,46.7657],[3.9629,46.7607],[3.9668,46.7578],[3.9679,46.7532],[3.9711,46.7528],[3.9742,46.7506],[3.9665,46.7455],[3.9625,46.7446],[3.9663,46.7429],[3.9721,46.7389],[3.9746,46.7364],[3.9738,46.7346],[3.976,46.7335],[3.9731,46.7299],[3.9729,46.7282],[3.9669,46.7277],[3.9597,46.7262],[3.9561,46.7274],[3.9537,46.7294],[3.9488,46.7284],[3.9496,46.7271],[3.9478,46.7238],[3.9456,46.7219],[3.9412,46.7153],[3.9397,46.7098],[3.9415,46.7071],[3.9393,46.707],[3.9355,46.7049],[3.9328,46.7017],[3.9338,46.699],[3.9309,46.6985],[3.9277,46.6999],[3.9197,46.7005],[3.9165,46.7018],[3.9114,46.7018],[3.9118,46.7039],[3.9088,46.7059],[3.9053,46.707],[3.9062,46.7086],[3.8999,46.7109],[3.8988,46.7144],[3.8998,46.7169],[3.9023,46.7183],[3.905,46.724],[3.9014,46.7239],[3.9009,46.7223],[3.8965,46.7217],[3.8946,46.7234],[3.895,46.7258],[3.8935,46.7277],[3.8892,46.7282],[3.8896,46.731],[3.8919,46.7324],[3.8974,46.7337],[3.9014,46.7338],[3.9059,46.7359],[3.9091,46.7344],[3.9127,46.7344],[3.9136,46.7379],[3.9124,46.74],[3.9161,46.7411],[3.9196,46.7389],[3.9235,46.7386],[3.9288,46.74],[3.929,46.7415],[3.9332,46.7418],[3.9303,46.748],[3.9281,46.7505],[3.9364,46.752],[3.9428,46.751],[3.9484,46.7523],[3.9572,46.7561],[3.9602,46.7586],[3.9602,46.761],[3.9628,46.7619],[3.9633,46.7663]]]}},{"type":"Feature","properties":{"code":"71281","nom":"Marly-sur-Arroux","pop":301},"geometry":{"type":"Polygon","coordinates":[[[4.0961,46.6011],[4.1017,46.6011],[4.1016,46.6029],[4.0994,46.6042],[4.0949,46.6036],[4.0899,46.6054],[4.0874,46.6098],[4.0924,46.6129],[4.0943,46.6167],[4.0897,46.6177],[4.0932,46.6208],[4.0891,46.6224],[4.0868,46.6235],[4.0896,46.6261],[4.0912,46.629],[4.0895,46.6315],[4.0994,46.6326],[4.1041,46.6301],[4.112,46.6302],[4.1109,46.6337],[4.1143,46.6353],[4.1127,46.6393],[4.1128,46.6417],[4.1156,46.6464],[4.1235,46.6432],[4.1256,46.6414],[4.1308,46.6433],[4.1385,46.642],[4.1431,46.6434],[4.1479,46.643],[4.1507,46.646],[4.1562,46.6454],[4.1568,46.6419],[4.1599,46.6389],[4.1584,46.6374],[4.1604,46.6354],[4.1582,46.6341],[4.1613,46.6315],[4.1595,46.6303],[4.161,46.6252],[4.1634,46.6243],[4.1666,46.6206],[4.1699,46.6193],[4.1763,46.6181],[4.1751,46.6143],[4.1788,46.6132],[4.1785,46.612],[4.1742,46.6115],[4.1764,46.6076],[4.1708,46.6043],[4.1683,46.6036],[4.152,46.6004],[4.1498,46.6009],[4.1304,46.5987],[4.1137,46.5971],[4.1099,46.5978],[4.1033,46.6003],[4.0961,46.6011]]]}},{"type":"Feature","properties":{"code":"71282","nom":"Marmagne","pop":1283},"geometry":{"type":"Polygon","coordinates":[[[4.3516,46.8825],[4.3546,46.8852],[4.3627,46.8894],[4.367,46.8872],[4.368,46.885],[4.3725,46.8804],[4.3772,46.8781],[4.377,46.8754],[4.3799,46.8746],[4.3824,46.8765],[4.3894,46.8755],[4.3947,46.8734],[4.3933,46.8653],[4.3983,46.8592],[4.4117,46.8523],[4.4087,46.8499],[4.4067,46.8466],[4.3991,46.8438],[4.3945,46.8434],[4.393,46.8422],[4.3897,46.8373],[4.3893,46.8343],[4.3871,46.832],[4.3876,46.8293],[4.3855,46.8265],[4.3941,46.8263],[4.3981,46.8254],[4.3958,46.8227],[4.3966,46.8198],[4.3951,46.8174],[4.3953,46.8141],[4.3918,46.8131],[4.3903,46.8079],[4.3913,46.8071],[4.3785,46.8015],[4.3691,46.8014],[4.3661,46.8004],[4.3581,46.801],[4.3591,46.8035],[4.3571,46.8069],[4.3554,46.8077],[4.3535,46.8136],[4.3517,46.8149],[4.3428,46.8254],[4.343,46.8266],[4.3392,46.8311],[4.3448,46.8364],[4.3485,46.846],[4.3545,46.8494],[4.3541,46.8538],[4.3531,46.8562],[4.3547,46.8575],[4.3549,46.8626],[4.3485,46.8614],[4.3478,46.8645],[4.3402,46.8654],[4.3407,46.8686],[4.3441,46.8704],[4.345,46.8763],[4.3488,46.8775],[4.3516,46.8825]]]}},{"type":"Feature","properties":{"code":"71283","nom":"Marnay","pop":533},"geometry":{"type":"Polygon","coordinates":[[[4.944,46.6876],[4.9343,46.686],[4.9333,46.6878],[4.9167,46.6931],[4.9021,46.6975],[4.9025,46.7004],[4.9097,46.7007],[4.911,46.7048],[4.9137,46.707],[4.9212,46.7088],[4.9239,46.7086],[4.9261,46.7141],[4.9312,46.7115],[4.9348,46.7084],[4.9377,46.7008],[4.9425,46.6947],[4.944,46.6876]]]}},{"type":"Feature","properties":{"code":"71284","nom":"Martailly-lès-Brancion","pop":123},"geometry":{"type":"Polygon","coordinates":[[[4.8122,46.5425],[4.8143,46.54],[4.8176,46.539],[4.8156,46.5346],[4.8141,46.5329],[4.8165,46.5309],[4.8142,46.5297],[4.8233,46.5262],[4.82,46.5233],[4.8169,46.5193],[4.8131,46.5196],[4.809,46.5187],[4.8074,46.5168],[4.8006,46.5181],[4.7944,46.516],[4.7899,46.5157],[4.7834,46.5168],[4.7804,46.5149],[4.7785,46.516],[4.7823,46.5199],[4.7854,46.5261],[4.787,46.5321],[4.7816,46.5336],[4.7804,46.5306],[4.7726,46.533],[4.77,46.5328],[4.7659,46.5339],[4.763,46.5366],[4.7583,46.5387],[4.7586,46.5418],[4.7638,46.5459],[4.7676,46.5431],[4.7698,46.5402],[4.7734,46.5387],[4.7739,46.5346],[4.7813,46.5348],[4.7863,46.5338],[4.7884,46.5344],[4.7904,46.5387],[4.7911,46.5435],[4.7945,46.5463],[4.7944,46.5484],[4.7969,46.5503],[4.7965,46.5524],[4.8062,46.5522],[4.8064,46.5509],[4.8034,46.5451],[4.8007,46.5438],[4.8096,46.5432],[4.8122,46.5425]]]}},{"type":"Feature","properties":{"code":"71285","nom":"Martigny-le-Comte","pop":406},"geometry":{"type":"Polygon","coordinates":[[[4.3491,46.4882],[4.344,46.4919],[4.3411,46.4958],[4.335,46.4958],[4.3327,46.4978],[4.3303,46.4957],[4.3196,46.4954],[4.3142,46.4935],[4.3095,46.4941],[4.3157,46.4983],[4.3176,46.5002],[4.3152,46.5022],[4.3163,46.5037],[4.3139,46.5057],[4.311,46.5045],[4.3085,46.5071],[4.3043,46.5142],[4.3018,46.5201],[4.3029,46.5229],[4.3036,46.5295],[4.2991,46.5374],[4.3027,46.5435],[4.3047,46.5443],[4.3036,46.549],[4.304,46.5504],[4.3053,46.5524],[4.3088,46.5519],[4.3099,46.5542],[4.3055,46.5548],[4.3055,46.5572],[4.3105,46.5581],[4.3142,46.5595],[4.3119,46.566],[4.3109,46.5729],[4.3079,46.5813],[4.3102,46.5827],[4.3119,46.5802],[4.3169,46.5788],[4.318,46.5751],[4.32,46.5738],[4.3241,46.5742],[4.3287,46.5735],[4.3311,46.5771],[4.3326,46.5751],[4.335,46.5766],[4.3368,46.576],[4.3408,46.5771],[4.3525,46.5859],[4.3564,46.5819],[4.3595,46.5798],[4.3613,46.5765],[4.3605,46.5743],[4.3582,46.5726],[4.3571,46.5694],[4.3571,46.562],[4.36,46.561],[4.3677,46.5611],[4.3709,46.5616],[4.3702,46.5581],[4.3658,46.5532],[4.3658,46.5496],[4.3684,46.5457],[4.366,46.5448],[4.3657,46.5416],[4.3603,46.5409],[4.3569,46.5419],[4.3498,46.5393],[4.354,46.5372],[4.3492,46.5291],[4.3462,46.5261],[4.3544,46.5255],[4.3528,46.5227],[4.3556,46.52],[4.3636,46.5154],[4.367,46.5159],[4.3687,46.5128],[4.3664,46.5106],[4.3619,46.5095],[4.3603,46.5079],[4.3626,46.5057],[4.3613,46.5036],[4.3569,46.5002],[4.3537,46.4996],[4.3503,46.4976],[4.3534,46.4933],[4.3506,46.492],[4.3491,46.4882]]]}},{"type":"Feature","properties":{"code":"71286","nom":"Mary","pop":281},"geometry":{"type":"Polygon","coordinates":[[[4.5224,46.6255],[4.521,46.6229],[4.5221,46.6212],[4.5204,46.6192],[4.5271,46.6173],[4.5253,46.6144],[4.5276,46.6123],[4.5261,46.6102],[4.5248,46.6061],[4.5195,46.6019],[4.5194,46.5997],[4.5255,46.5991],[4.5244,46.5946],[4.522,46.5904],[4.5193,46.5931],[4.5141,46.5925],[4.5124,46.5944],[4.5097,46.5936],[4.51,46.5902],[4.5071,46.5885],[4.5024,46.5892],[4.4903,46.5934],[4.4851,46.5941],[4.4849,46.5964],[4.48,46.5975],[4.4762,46.5994],[4.4707,46.5998],[4.4685,46.6013],[4.4696,46.6036],[4.4697,46.6074],[4.4743,46.6109],[4.4707,46.6135],[4.4712,46.6147],[4.4744,46.6168],[4.4762,46.6151],[4.4805,46.6182],[4.4812,46.623],[4.4858,46.6198],[4.4907,46.6196],[4.4909,46.6229],[4.4868,46.6256],[4.4869,46.6278],[4.492,46.6335],[4.4947,46.6319],[4.5067,46.6304],[4.5075,46.6289],[4.515,46.6319],[4.5167,46.6283],[4.5224,46.6255]]]}},{"type":"Feature","properties":{"code":"71287","nom":"Massilly","pop":301},"geometry":{"type":"Polygon","coordinates":[[[4.6739,46.4769],[4.6651,46.4775],[4.6611,46.4784],[4.6593,46.4803],[4.6601,46.4825],[4.6566,46.4828],[4.6553,46.4852],[4.654,46.4874],[4.6534,46.4931],[4.6545,46.4987],[4.6562,46.5012],[4.6597,46.5009],[4.6637,46.503],[4.6675,46.5023],[4.6837,46.5043],[4.6807,46.5006],[4.6825,46.4982],[4.681,46.4954],[4.6822,46.4929],[4.6858,46.4917],[4.6802,46.4793],[4.6785,46.4816],[4.676,46.4812],[4.677,46.4778],[4.6739,46.4769]]]}},{"type":"Feature","properties":{"code":"71289","nom":"Matour","pop":1161},"geometry":{"type":"Polygon","coordinates":[[[4.4887,46.288],[4.4865,46.288],[4.4806,46.2846],[4.476,46.2842],[4.4711,46.2859],[4.469,46.2879],[4.4675,46.2911],[4.4648,46.2921],[4.4589,46.2969],[4.4573,46.296],[4.4532,46.2966],[4.4485,46.2962],[4.4483,46.2951],[4.4413,46.2939],[4.4399,46.2931],[4.438,46.2956],[4.4382,46.298],[4.4333,46.301],[4.4292,46.3016],[4.4272,46.3028],[4.4268,46.3048],[4.4294,46.3058],[4.4344,46.3139],[4.436,46.3174],[4.4343,46.3192],[4.4347,46.3213],[4.4333,46.3234],[4.4394,46.3239],[4.4479,46.3277],[4.4523,46.328],[4.4545,46.3318],[4.4608,46.3313],[4.4648,46.3319],[4.4706,46.3342],[4.4801,46.3303],[4.4856,46.3322],[4.491,46.3331],[4.4948,46.3347],[4.5002,46.3346],[4.5044,46.3336],[4.5096,46.3303],[4.5111,46.3281],[4.5094,46.3254],[4.511,46.3236],[4.5144,46.3233],[4.5169,46.3199],[4.519,46.3186],[4.5222,46.314],[4.5279,46.3105],[4.5304,46.3103],[4.5279,46.3049],[4.5218,46.304],[4.5196,46.3019],[4.5118,46.2988],[4.5064,46.2982],[4.5043,46.2953],[4.5011,46.2925],[4.4948,46.289],[4.4887,46.288]]]}},{"type":"Feature","properties":{"code":"71290","nom":"Mazille","pop":400},"geometry":{"type":"Polygon","coordinates":[[[4.6054,46.3745],[4.5996,46.3739],[4.5966,46.3746],[4.5946,46.3729],[4.5889,46.3763],[4.5849,46.377],[4.5831,46.3798],[4.5797,46.3798],[4.576,46.3818],[4.578,46.3853],[4.5798,46.39],[4.5794,46.3934],[4.5772,46.3964],[4.5778,46.3994],[4.5821,46.4018],[4.5816,46.403],[4.5846,46.4042],[4.5883,46.404],[4.5893,46.4027],[4.5933,46.4051],[4.5968,46.4059],[4.6013,46.4058],[4.6038,46.405],[4.6105,46.4078],[4.613,46.4067],[4.622,46.4002],[4.6214,46.3979],[4.6267,46.3974],[4.6279,46.3949],[4.6305,46.3938],[4.6226,46.3936],[4.6219,46.3913],[4.6174,46.3884],[4.6149,46.3879],[4.6112,46.3855],[4.6074,46.3797],[4.6089,46.378],[4.6058,46.3763],[4.6054,46.3745]]]}},{"type":"Feature","properties":{"code":"71291","nom":"Melay","pop":967},"geometry":{"type":"Polygon","coordinates":[[[4.0498,46.1809],[4.0448,46.1788],[4.0414,46.176],[4.0343,46.1741],[4.0312,46.1722],[4.0305,46.1698],[4.0275,46.1694],[4.022,46.1716],[4.0184,46.1724],[4.0027,46.1705],[3.9934,46.1731],[3.9901,46.1691],[3.9885,46.1699],[3.9859,46.1713],[3.9839,46.1743],[3.9832,46.1774],[3.9797,46.1782],[3.9782,46.1831],[3.9781,46.186],[3.9728,46.1868],[3.971,46.1891],[3.9732,46.1909],[3.9726,46.1983],[3.9727,46.2028],[3.9652,46.2029],[3.9674,46.2083],[3.9695,46.209],[3.9686,46.2122],[3.9734,46.2147],[3.9741,46.2167],[3.9768,46.217],[3.9787,46.2195],[3.9807,46.22],[3.9853,46.2247],[3.9908,46.2272],[3.9926,46.2287],[4.0028,46.2286],[4.0061,46.2293],[4.0101,46.227],[4.0132,46.2276],[4.0173,46.2272],[4.0209,46.2251],[4.023,46.2253],[4.0248,46.2274],[4.0274,46.2283],[4.0355,46.2281],[4.038,46.225],[4.0379,46.2241],[4.0486,46.2185],[4.0541,46.2146],[4.0635,46.2095],[4.0624,46.2075],[4.064,46.206],[4.0604,46.2035],[4.0558,46.2024],[4.0579,46.2001],[4.0529,46.1974],[4.0528,46.1947],[4.0566,46.1909],[4.0602,46.1885],[4.0581,46.1877],[4.0515,46.1812],[4.0498,46.1809]]]}},{"type":"Feature","properties":{"code":"71292","nom":"Mellecey","pop":1348},"geometry":{"type":"Polygon","coordinates":[[[4.7178,46.7882],[4.7195,46.7928],[4.7212,46.7944],[4.7163,46.8009],[4.7169,46.804],[4.7158,46.8054],[4.719,46.8096],[4.7194,46.8145],[4.7263,46.8174],[4.7292,46.8172],[4.733,46.8196],[4.7347,46.8178],[4.7383,46.8191],[4.7399,46.8179],[4.7437,46.8183],[4.7492,46.8217],[4.755,46.8209],[4.7611,46.8227],[4.7641,46.8256],[4.7701,46.8271],[4.775,46.8273],[4.7832,46.8259],[4.7874,46.8245],[4.7937,46.8247],[4.7958,46.8235],[4.7989,46.8225],[4.7996,46.8208],[4.8052,46.8204],[4.805,46.8192],[4.7968,46.8149],[4.7938,46.8174],[4.7915,46.8175],[4.7914,46.8144],[4.7929,46.8114],[4.7906,46.8009],[4.7963,46.7992],[4.7757,46.8035],[4.7696,46.8057],[4.7605,46.8112],[4.7544,46.8048],[4.7534,46.8022],[4.749,46.8037],[4.7459,46.7996],[4.7461,46.795],[4.7383,46.7944],[4.7362,46.7948],[4.7273,46.7905],[4.7178,46.7882]]]}},{"type":"Feature","properties":{"code":"71293","nom":"Ménetreuil","pop":412},"geometry":{"type":"Polygon","coordinates":[[[5.1378,46.5681],[5.133,46.5695],[5.125,46.5736],[5.1167,46.5744],[5.1155,46.5727],[5.1129,46.5732],[5.1084,46.5728],[5.1104,46.5693],[5.1089,46.5681],[5.1021,46.5687],[5.0983,46.5713],[5.0941,46.5706],[5.0891,46.571],[5.0867,46.5721],[5.0857,46.5756],[5.0795,46.5794],[5.0745,46.5796],[5.0724,46.5789],[5.0782,46.5812],[5.0816,46.5866],[5.0796,46.5876],[5.0819,46.5896],[5.0865,46.5883],[5.0921,46.5853],[5.0986,46.5876],[5.1016,46.5862],[5.1046,46.5883],[5.1112,46.5895],[5.1148,46.5913],[5.1152,46.5941],[5.1177,46.5946],[5.1201,46.5932],[5.1231,46.5933],[5.1251,46.5967],[5.1283,46.5979],[5.1321,46.5974],[5.137,46.5936],[5.1397,46.5943],[5.139,46.5969],[5.1445,46.5966],[5.1449,46.5984],[5.1417,46.6004],[5.1439,46.6026],[5.1499,46.6],[5.1536,46.6012],[5.1581,46.6014],[5.1626,46.5985],[5.1634,46.5955],[5.1636,46.5883],[5.16,46.5882],[5.1573,46.5862],[5.1574,46.5819],[5.1592,46.5786],[5.1606,46.5759],[5.1547,46.5709],[5.1509,46.572],[5.1476,46.57],[5.1485,46.5684],[5.145,46.5674],[5.1378,46.5681]]]}},{"type":"Feature","properties":{"code":"71294","nom":"Mercurey","pop":1211},"geometry":{"type":"Polygon","coordinates":[[[4.7126,46.8525],[4.7226,46.8527],[4.7304,46.855],[4.7358,46.8579],[4.7402,46.8594],[4.7382,46.8486],[4.7393,46.8469],[4.7388,46.8422],[4.7419,46.8396],[4.7473,46.8389],[4.7471,46.8363],[4.7511,46.8351],[4.751,46.8324],[4.7608,46.83],[4.7661,46.8277],[4.7692,46.8287],[4.775,46.8273],[4.7701,46.8271],[4.7641,46.8256],[4.7611,46.8227],[4.755,46.8209],[4.7492,46.8217],[4.7437,46.8183],[4.7399,46.8179],[4.7383,46.8191],[4.7347,46.8178],[4.733,46.8196],[4.7292,46.8172],[4.7263,46.8174],[4.7227,46.8205],[4.7145,46.8236],[4.7116,46.824],[4.7093,46.8225],[4.6996,46.8226],[4.6967,46.8219],[4.6918,46.8223],[4.6895,46.8225],[4.6859,46.8267],[4.6814,46.8291],[4.6839,46.8324],[4.6859,46.8326],[4.6873,46.8358],[4.6897,46.8359],[4.6918,46.8367],[4.6954,46.8398],[4.6972,46.8429],[4.7007,46.8455],[4.7126,46.8525]]]}},{"type":"Feature","properties":{"code":"71295","nom":"Mervans","pop":1485},"geometry":{"type":"Polygon","coordinates":[[[5.2354,46.8191],[5.2396,46.818],[5.242,46.816],[5.2399,46.8141],[5.238,46.8108],[5.2388,46.8084],[5.2448,46.8069],[5.2502,46.8065],[5.2502,46.8036],[5.2489,46.8015],[5.2439,46.8018],[5.2388,46.805],[5.2384,46.8062],[5.2337,46.8068],[5.2296,46.8065],[5.2285,46.8102],[5.2234,46.8114],[5.219,46.8111],[5.2189,46.8093],[5.2206,46.8053],[5.2155,46.806],[5.2113,46.8006],[5.2056,46.7996],[5.2019,46.7935],[5.2018,46.7898],[5.2079,46.787],[5.2085,46.7843],[5.216,46.7805],[5.2181,46.7781],[5.2149,46.7754],[5.2145,46.7724],[5.2208,46.77],[5.2212,46.7656],[5.2175,46.7624],[5.2156,46.7595],[5.2118,46.7583],[5.2044,46.7545],[5.2051,46.7526],[5.1983,46.7513],[5.1951,46.7518],[5.1938,46.754],[5.1924,46.7593],[5.1874,46.7633],[5.1846,46.7681],[5.1866,46.771],[5.1886,46.7764],[5.1839,46.7768],[5.1807,46.7787],[5.1746,46.7781],[5.1725,46.7763],[5.1667,46.7796],[5.1646,46.7818],[5.1608,46.782],[5.1583,46.7844],[5.1594,46.7862],[5.1548,46.7884],[5.1595,46.7909],[5.1606,46.7937],[5.1589,46.7973],[5.1529,46.7962],[5.1507,46.7967],[5.1429,46.7954],[5.1381,46.7973],[5.1364,46.8001],[5.1308,46.8013],[5.136,46.8043],[5.1376,46.8099],[5.1403,46.8156],[5.1388,46.8251],[5.1426,46.8254],[5.1451,46.8236],[5.1552,46.8225],[5.1599,46.8231],[5.1597,46.8208],[5.1632,46.8202],[5.1657,46.8175],[5.1698,46.818],[5.1732,46.8176],[5.1776,46.8194],[5.1813,46.817],[5.1863,46.8149],[5.1887,46.8174],[5.1918,46.814],[5.1984,46.8124],[5.2039,46.8131],[5.2079,46.8118],[5.2141,46.8111],[5.2196,46.8146],[5.2227,46.8132],[5.23,46.8121],[5.2337,46.818],[5.2354,46.8191]]]}},{"type":"Feature","properties":{"code":"71296","nom":"Messey-sur-Grosne","pop":742},"geometry":{"type":"Polygon","coordinates":[[[4.7654,46.6748],[4.7663,46.6698],[4.7685,46.669],[4.7672,46.6667],[4.7736,46.6621],[4.7768,46.657],[4.7803,46.6541],[4.7826,46.6535],[4.7823,46.6504],[4.7844,46.6484],[4.7828,46.647],[4.7794,46.6461],[4.775,46.6465],[4.7731,46.6442],[4.7699,46.6432],[4.7711,46.6401],[4.767,46.6398],[4.7598,46.6373],[4.757,46.6376],[4.7553,46.6334],[4.7506,46.6306],[4.7481,46.6306],[4.7446,46.6284],[4.7388,46.6277],[4.7397,46.6242],[4.7374,46.6237],[4.7342,46.6248],[4.7312,46.6275],[4.7282,46.6284],[4.727,46.6306],[4.7234,46.6325],[4.7318,46.6416],[4.7317,46.6439],[4.7221,46.6468],[4.723,46.6485],[4.7261,46.651],[4.73,46.6577],[4.7337,46.6619],[4.7345,46.6657],[4.7403,46.6678],[4.7489,46.6725],[4.7519,46.6754],[4.7551,46.676],[4.7592,46.6789],[4.7647,46.6761],[4.7654,46.6748]]]}},{"type":"Feature","properties":{"code":"71297","nom":"Mesvres","pop":749},"geometry":{"type":"Polygon","coordinates":[[[4.272,46.9089],[4.2733,46.9063],[4.2719,46.9034],[4.2729,46.9011],[4.2704,46.8967],[4.273,46.8912],[4.2766,46.8868],[4.2738,46.8852],[4.2783,46.8804],[4.2798,46.8778],[4.2831,46.8766],[4.2844,46.8746],[4.2843,46.8712],[4.287,46.8674],[4.286,46.866],[4.2884,46.864],[4.284,46.8615],[4.2833,46.8596],[4.2846,46.8569],[4.2827,46.8541],[4.2832,46.8515],[4.2801,46.8478],[4.279,46.8466],[4.2753,46.8484],[4.2714,46.8458],[4.2662,46.8444],[4.2582,46.8431],[4.255,46.8444],[4.2549,46.8466],[4.2572,46.8479],[4.2537,46.8505],[4.2507,46.8541],[4.2468,46.8564],[4.2422,46.8567],[4.243,46.8532],[4.2446,46.8501],[4.2428,46.8479],[4.2405,46.8484],[4.239,46.8464],[4.2356,46.8462],[4.2326,46.8476],[4.2293,46.8464],[4.2251,46.8496],[4.2245,46.8512],[4.2204,46.8553],[4.2157,46.8571],[4.2164,46.8598],[4.2138,46.8615],[4.2132,46.8634],[4.2217,46.8647],[4.2227,46.8713],[4.2196,46.8759],[4.2215,46.8793],[4.2232,46.8793],[4.2236,46.8859],[4.2261,46.8867],[4.2316,46.8857],[4.2324,46.8832],[4.2352,46.8813],[4.2364,46.8834],[4.243,46.8878],[4.2444,46.8911],[4.2446,46.8948],[4.2533,46.8967],[4.2584,46.8996],[4.2577,46.9018],[4.2622,46.901],[4.2651,46.9029],[4.2671,46.9057],[4.2664,46.9076],[4.272,46.9089]]]}},{"type":"Feature","properties":{"code":"71299","nom":"Milly-Lamartine","pop":353},"geometry":{"type":"Polygon","coordinates":[[[4.7078,46.3511],[4.7076,46.3479],[4.7117,46.3465],[4.7097,46.3448],[4.7028,46.3439],[4.6988,46.343],[4.6976,46.3408],[4.6952,46.3404],[4.693,46.3399],[4.6876,46.3409],[4.6827,46.3469],[4.6844,46.3506],[4.687,46.3531],[4.6911,46.3595],[4.6944,46.3603],[4.6989,46.3561],[4.7061,46.3532],[4.7078,46.3511]]]}},{"type":"Feature","properties":{"code":"71300","nom":"Le Miroir","pop":577},"geometry":{"type":"Polygon","coordinates":[[[5.3436,46.5715],[5.3495,46.5717],[5.3553,46.5764],[5.3583,46.5774],[5.3622,46.5774],[5.364,46.5764],[5.3664,46.5723],[5.3679,46.5669],[5.3651,46.5665],[5.3651,46.5647],[5.3625,46.5627],[5.3566,46.563],[5.3559,46.562],[5.3603,46.5571],[5.3626,46.5516],[5.3613,46.5409],[5.3593,46.5359],[5.3619,46.534],[5.3599,46.5242],[5.3596,46.5237],[5.3571,46.5233],[5.3496,46.5242],[5.3473,46.5237],[5.3423,46.5244],[5.3375,46.5219],[5.3365,46.5204],[5.3253,46.5186],[5.314,46.5186],[5.3068,46.5214],[5.301,46.5218],[5.2985,46.5242],[5.297,46.5282],[5.3029,46.5289],[5.3068,46.5322],[5.3047,46.5347],[5.3052,46.5365],[5.3091,46.5374],[5.3133,46.5395],[5.3134,46.5432],[5.3205,46.5472],[5.3277,46.5481],[5.3316,46.5452],[5.3332,46.5489],[5.333,46.5523],[5.3335,46.5568],[5.3327,46.5586],[5.3336,46.5652],[5.3382,46.5697],[5.3398,46.5722],[5.3436,46.5715]]]}},{"type":"Feature","properties":{"code":"71301","nom":"Mont","pop":173},"geometry":{"type":"Polygon","coordinates":[[[3.865,46.631],[3.8575,46.6276],[3.857,46.626],[3.8528,46.6258],[3.8452,46.6233],[3.8406,46.6182],[3.8335,46.6159],[3.8301,46.6102],[3.8235,46.6063],[3.8156,46.6056],[3.8115,46.6023],[3.8096,46.6023],[3.8006,46.6112],[3.8061,46.612],[3.8096,46.6136],[3.8106,46.6162],[3.808,46.6176],[3.8047,46.6176],[3.8028,46.6217],[3.7968,46.6233],[3.792,46.6231],[3.7931,46.6263],[3.7994,46.6282],[3.8072,46.6288],[3.8115,46.6315],[3.8139,46.6359],[3.8163,46.6363],[3.8173,46.6393],[3.817,46.6422],[3.8198,46.6461],[3.8203,46.652],[3.816,46.6566],[3.8133,46.6586],[3.8091,46.6578],[3.8076,46.6593],[3.8093,46.6631],[3.8086,46.6646],[3.8126,46.6654],[3.8207,46.6631],[3.8258,46.6605],[3.8265,46.6584],[3.8302,46.6576],[3.8292,46.6554],[3.8311,46.6546],[3.8401,46.6479],[3.8462,46.6481],[3.8506,46.6449],[3.855,46.6406],[3.8595,46.6367],[3.8595,46.6346],[3.865,46.631]]]}},{"type":"Feature","properties":{"code":"71302","nom":"Montagny-lès-Buxy","pop":197},"geometry":{"type":"Polygon","coordinates":[[[4.6493,46.7093],[4.6498,46.7116],[4.6615,46.7184],[4.664,46.7188],[4.6657,46.7175],[4.6653,46.7153],[4.6695,46.7153],[4.6747,46.7135],[4.6789,46.7106],[4.6868,46.7086],[4.6862,46.7066],[4.6876,46.7049],[4.692,46.7031],[4.6907,46.7009],[4.6892,46.7007],[4.6851,46.6978],[4.6787,46.6951],[4.6777,46.6931],[4.6749,46.6932],[4.6693,46.6954],[4.6626,46.6952],[4.6573,46.6971],[4.6542,46.6991],[4.6517,46.6979],[4.6519,46.6995],[4.6552,46.7027],[4.6566,46.7081],[4.6493,46.7093]]]}},{"type":"Feature","properties":{"code":"71303","nom":"Montagny-près-Louhans","pop":489},"geometry":{"type":"Polygon","coordinates":[[[5.2567,46.6532],[5.2581,46.654],[5.2611,46.6605],[5.2613,46.6633],[5.2645,46.6639],[5.2662,46.6668],[5.268,46.6672],[5.2689,46.671],[5.272,46.6734],[5.2755,46.6718],[5.2757,46.6701],[5.2792,46.6693],[5.2842,46.6712],[5.2896,46.6744],[5.2925,46.6707],[5.2974,46.6737],[5.2996,46.6736],[5.3091,46.6651],[5.3104,46.6606],[5.3084,46.6598],[5.3069,46.6542],[5.2986,46.6532],[5.2963,46.6514],[5.2914,46.6452],[5.2867,46.6468],[5.2799,46.6453],[5.2799,46.6423],[5.2819,46.6394],[5.2812,46.6359],[5.2757,46.6357],[5.2727,46.637],[5.27,46.6402],[5.2686,46.6438],[5.2719,46.6471],[5.2722,46.6509],[5.2676,46.651],[5.2645,46.6493],[5.2651,46.6533],[5.2629,46.6535],[5.2599,46.6515],[5.2567,46.6532]]]}},{"type":"Feature","properties":{"code":"71305","nom":"Montbellet","pop":870},"geometry":{"type":"Polygon","coordinates":[[[4.8467,46.4931],[4.8498,46.4938],[4.8507,46.4964],[4.8538,46.4934],[4.8557,46.493],[4.8605,46.4943],[4.8676,46.4899],[4.8761,46.4879],[4.8796,46.4859],[4.8834,46.4853],[4.8861,46.4876],[4.8921,46.4862],[4.8952,46.4839],[4.8988,46.4842],[4.9022,46.4825],[4.9119,46.4803],[4.9145,46.4801],[4.916,46.4734],[4.9156,46.4667],[4.9143,46.4625],[4.9122,46.4592],[4.9079,46.4559],[4.8986,46.45],[4.8942,46.4455],[4.8859,46.448],[4.8888,46.4546],[4.8849,46.4551],[4.877,46.4552],[4.8745,46.4543],[4.872,46.456],[4.87,46.459],[4.8651,46.459],[4.858,46.4602],[4.8516,46.4618],[4.8494,46.4611],[4.8436,46.4614],[4.8409,46.4594],[4.8395,46.462],[4.8417,46.4708],[4.8437,46.4709],[4.8434,46.4753],[4.847,46.4763],[4.8472,46.4872],[4.8458,46.4884],[4.8467,46.4931]]]}},{"type":"Feature","properties":{"code":"71306","nom":"Montceau-les-Mines","pop":17064},"geometry":{"type":"Polygon","coordinates":[[[4.3273,46.6578],[4.331,46.6618],[4.3274,46.6636],[4.3243,46.6638],[4.3249,46.6664],[4.328,46.6667],[4.3331,46.6692],[4.3334,46.6706],[4.3304,46.6728],[4.3306,46.6761],[4.3274,46.6751],[4.3239,46.6753],[4.3222,46.6772],[4.3203,46.6814],[4.3267,46.686],[4.3359,46.6902],[4.3441,46.6914],[4.3472,46.6939],[4.3477,46.6984],[4.3534,46.6965],[4.3603,46.6988],[4.3666,46.6988],[4.3705,46.6922],[4.3778,46.6895],[4.3778,46.6862],[4.3828,46.6837],[4.3839,46.682],[4.3891,46.6818],[4.3856,46.6734],[4.3851,46.671],[4.3738,46.6647],[4.3716,46.6668],[4.3659,46.6639],[4.3641,46.6576],[4.361,46.6552],[4.3596,46.653],[4.3519,46.6525],[4.3473,46.6546],[4.3426,46.6546],[4.3387,46.6566],[4.3309,46.6561],[4.3273,46.6578]]]}},{"type":"Feature","properties":{"code":"71307","nom":"Montceaux-l'Étoile","pop":301},"geometry":{"type":"Polygon","coordinates":[[[4.0443,46.3836],[4.0427,46.3818],[4.0424,46.3792],[4.047,46.378],[4.0474,46.3747],[4.0503,46.3742],[4.0491,46.3696],[4.0462,46.3645],[4.0501,46.3579],[4.0489,46.3557],[4.0505,46.3548],[4.0592,46.3528],[4.0669,46.3525],[4.0731,46.3532],[4.0799,46.3552],[4.0904,46.3541],[4.0965,46.3545],[4.0963,46.352],[4.0937,46.3513],[4.0875,46.3515],[4.0824,46.3523],[4.0789,46.3488],[4.0765,46.3486],[4.0689,46.3461],[4.0615,46.3473],[4.0591,46.3489],[4.0587,46.3506],[4.0537,46.3513],[4.051,46.3501],[4.0523,46.3486],[4.0515,46.342],[4.0521,46.3367],[4.049,46.3359],[4.0491,46.3334],[4.0467,46.3316],[4.0444,46.3333],[4.0414,46.3334],[4.037,46.3379],[4.0367,46.3351],[4.0325,46.3354],[4.0292,46.3408],[4.028,46.3477],[4.0286,46.3494],[4.0307,46.3611],[4.0309,46.3678],[4.0289,46.3677],[4.0266,46.3729],[4.0264,46.375],[4.0274,46.3763],[4.0329,46.3775],[4.0347,46.38],[4.0384,46.3803],[4.0408,46.3841],[4.0443,46.3836]]]}},{"type":"Feature","properties":{"code":"71308","nom":"Montceaux-Ragny","pop":35},"geometry":{"type":"Polygon","coordinates":[[[4.8513,46.6163],[4.8499,46.6127],[4.8472,46.6091],[4.8443,46.609],[4.8381,46.6126],[4.8336,46.6144],[4.8327,46.618],[4.8333,46.62],[4.8297,46.6212],[4.8356,46.6282],[4.8368,46.6313],[4.8416,46.6301],[4.8416,46.6266],[4.8475,46.6262],[4.8479,46.6252],[4.8531,46.6241],[4.8513,46.6163]]]}},{"type":"Feature","properties":{"code":"71309","nom":"Montcenis","pop":1923},"geometry":{"type":"Polygon","coordinates":[[[4.4235,46.787],[4.4168,46.7839],[4.4198,46.7818],[4.4208,46.7792],[4.4162,46.7785],[4.423,46.774],[4.4186,46.7711],[4.4142,46.7706],[4.4066,46.7673],[4.4045,46.7669],[4.3959,46.7728],[4.3912,46.7735],[4.3863,46.7716],[4.3779,46.7726],[4.3708,46.7762],[4.3681,46.7777],[4.3654,46.7837],[4.3687,46.7864],[4.3667,46.7898],[4.3619,46.7946],[4.3581,46.801],[4.3661,46.8004],[4.3691,46.8014],[4.3785,46.8015],[4.3913,46.8071],[4.3942,46.8053],[4.3925,46.8013],[4.3947,46.7991],[4.3969,46.8002],[4.4015,46.7959],[4.4018,46.7938],[4.4202,46.7878],[4.4235,46.787]]]}},{"type":"Feature","properties":{"code":"71310","nom":"Montchanin","pop":4976},"geometry":{"type":"Polygon","coordinates":[[[4.4786,46.7349],[4.4737,46.7301],[4.462,46.7274],[4.4575,46.733],[4.4569,46.7403],[4.4543,46.7445],[4.4522,46.7465],[4.4557,46.7476],[4.4563,46.7499],[4.4589,46.753],[4.4637,46.7552],[4.4699,46.7596],[4.4703,46.7634],[4.4798,46.7611],[4.4833,46.7621],[4.4958,46.7618],[4.4988,46.7591],[4.4962,46.7574],[4.4916,46.7571],[4.4901,46.7535],[4.4943,46.75],[4.4957,46.7451],[4.4904,46.7442],[4.4875,46.7429],[4.4824,46.7376],[4.4786,46.7349]]]}},{"type":"Feature","properties":{"code":"71311","nom":"Montcony","pop":252},"geometry":{"type":"Polygon","coordinates":[[[5.2836,46.7145],[5.2859,46.7143],[5.2888,46.7161],[5.2922,46.7148],[5.295,46.7112],[5.2976,46.7104],[5.3052,46.7104],[5.3074,46.7095],[5.3138,46.71],[5.3149,46.709],[5.3149,46.7056],[5.3139,46.703],[5.3163,46.7017],[5.3216,46.7007],[5.3239,46.702],[5.3255,46.6996],[5.3234,46.6971],[5.3228,46.6947],[5.3212,46.6921],[5.3163,46.6872],[5.3132,46.6861],[5.3119,46.6777],[5.3071,46.6785],[5.3069,46.6805],[5.3026,46.6814],[5.2997,46.6775],[5.2976,46.6779],[5.2853,46.678],[5.2813,46.6813],[5.2757,46.6819],[5.2762,46.6836],[5.2741,46.6847],[5.2717,46.6832],[5.2666,46.6844],[5.27,46.6861],[5.273,46.6905],[5.2759,46.6929],[5.2796,46.6945],[5.2831,46.6996],[5.2826,46.703],[5.2862,46.7054],[5.2877,46.7078],[5.2861,46.709],[5.286,46.7106],[5.2822,46.7115],[5.2836,46.7145]]]}},{"type":"Feature","properties":{"code":"71312","nom":"Montcoy","pop":234},"geometry":{"type":"Polygon","coordinates":[[[5.011,46.8082],[5.0125,46.8052],[5.0111,46.8029],[5.0145,46.7992],[5.013,46.7959],[5.0161,46.7933],[5.0159,46.7918],[5.0132,46.7891],[5.0117,46.7846],[5.0124,46.7831],[5.0102,46.7805],[5.0102,46.7773],[5.0059,46.7775],[5.0021,46.7745],[4.9997,46.7746],[4.9934,46.7761],[4.9973,46.7813],[4.9916,46.7809],[4.9853,46.7793],[4.9804,46.7994],[4.9855,46.8072],[4.9863,46.8096],[4.9898,46.814],[4.9888,46.8161],[4.9913,46.8198],[4.9887,46.823],[4.9909,46.8211],[4.9957,46.8192],[5.0025,46.8154],[5.0097,46.8083],[5.011,46.8082]]]}},{"type":"Feature","properties":{"code":"71313","nom":"Monthelon","pop":367},"geometry":{"type":"Polygon","coordinates":[[[4.218,46.933],[4.2144,46.9319],[4.2138,46.9293],[4.2098,46.9308],[4.2087,46.9354],[4.2046,46.9391],[4.2008,46.9405],[4.1979,46.9435],[4.196,46.9488],[4.1944,46.9509],[4.1884,46.9529],[4.183,46.9531],[4.1863,46.9565],[4.1844,46.9585],[4.1845,46.9624],[4.1857,46.9642],[4.1863,46.968],[4.1828,46.9691],[4.1829,46.9715],[4.1904,46.9783],[4.1936,46.9791],[4.1968,46.9778],[4.2025,46.98],[4.2052,46.9816],[4.2077,46.9848],[4.2062,46.9896],[4.2073,46.9899],[4.2154,46.985],[4.2198,46.9857],[4.2275,46.9836],[4.2282,46.9813],[4.2279,46.9761],[4.2325,46.9747],[4.2359,46.9768],[4.2457,46.9758],[4.2494,46.9769],[4.252,46.9768],[4.2545,46.9741],[4.2549,46.9712],[4.254,46.9686],[4.256,46.9647],[4.2538,46.9596],[4.2547,46.956],[4.256,46.9546],[4.2596,46.9537],[4.2624,46.9505],[4.2614,46.9481],[4.2587,46.9471],[4.2585,46.9434],[4.2561,46.9415],[4.2523,46.9401],[4.2501,46.9396],[4.2466,46.9414],[4.2402,46.942],[4.2411,46.9374],[4.2384,46.9366],[4.2317,46.9324],[4.2203,46.9325],[4.218,46.933]]]}},{"type":"Feature","properties":{"code":"71314","nom":"Montjay","pop":196},"geometry":{"type":"Polygon","coordinates":[[[5.2731,46.8073],[5.28,46.8064],[5.2828,46.8095],[5.2862,46.8094],[5.2922,46.8104],[5.2958,46.8166],[5.3016,46.8166],[5.3042,46.8193],[5.3087,46.8204],[5.31,46.8224],[5.3145,46.8228],[5.3186,46.8238],[5.32,46.8251],[5.3242,46.826],[5.3296,46.8254],[5.332,46.8221],[5.3339,46.8231],[5.3358,46.8207],[5.3352,46.8184],[5.3324,46.8186],[5.3295,46.817],[5.3277,46.8145],[5.3285,46.8131],[5.3263,46.8103],[5.3199,46.8041],[5.3213,46.7983],[5.3178,46.7991],[5.3099,46.7976],[5.2968,46.7967],[5.2952,46.7928],[5.2973,46.7905],[5.2957,46.7889],[5.2907,46.7892],[5.2881,46.787],[5.2849,46.7863],[5.2805,46.7873],[5.2809,46.7882],[5.2777,46.7912],[5.2719,46.7882],[5.2639,46.7902],[5.2705,46.8037],[5.2731,46.8073]]]}},{"type":"Feature","properties":{"code":"71315","nom":"Mont-lès-Seurre","pop":189},"geometry":{"type":"Polygon","coordinates":[[[5.12,46.9631],[5.1255,46.9636],[5.1273,46.9619],[5.1306,46.9632],[5.1404,46.9618],[5.1446,46.9627],[5.145,46.9645],[5.1505,46.9663],[5.1527,46.9623],[5.1555,46.9618],[5.1554,46.9599],[5.1506,46.9545],[5.1457,46.9565],[5.1438,46.9541],[5.1426,46.9479],[5.1468,46.9471],[5.1477,46.9448],[5.1457,46.9417],[5.1396,46.9421],[5.1343,46.9418],[5.1281,46.9435],[5.1215,46.9418],[5.1216,46.9409],[5.1167,46.9398],[5.1142,46.9371],[5.1117,46.9325],[5.1105,46.9332],[5.1127,46.937],[5.1161,46.9403],[5.1147,46.9418],[5.1129,46.9463],[5.1174,46.9508],[5.1128,46.9525],[5.1089,46.9497],[5.1045,46.9478],[5.1031,46.9488],[5.106,46.9508],[5.107,46.9529],[5.1061,46.9575],[5.1088,46.9593],[5.1161,46.9597],[5.1192,46.9605],[5.12,46.9631]]]}},{"type":"Feature","properties":{"code":"71316","nom":"Montmelard","pop":344},"geometry":{"type":"Polygon","coordinates":[[[4.4344,46.3139],[4.4322,46.3156],[4.429,46.3115],[4.4226,46.3103],[4.4182,46.3111],[4.4148,46.3101],[4.4086,46.3118],[4.4016,46.312],[4.4006,46.3157],[4.3973,46.3176],[4.395,46.3213],[4.3953,46.3238],[4.3979,46.3272],[4.3955,46.3321],[4.3928,46.3344],[4.3917,46.3371],[4.3878,46.3376],[4.3843,46.3416],[4.3841,46.3439],[4.3802,46.3465],[4.3777,46.3504],[4.3769,46.3519],[4.3862,46.3543],[4.3905,46.3572],[4.3977,46.3597],[4.411,46.375],[4.4169,46.3741],[4.4213,46.3721],[4.4219,46.3682],[4.4266,46.3684],[4.4286,46.367],[4.4323,46.3619],[4.4417,46.3594],[4.4454,46.3565],[4.4448,46.3545],[4.4443,46.3465],[4.4412,46.3415],[4.4362,46.3404],[4.4349,46.3387],[4.4342,46.3336],[4.4349,46.3277],[4.4315,46.3246],[4.4333,46.3234],[4.4347,46.3213],[4.4343,46.3192],[4.436,46.3174],[4.4344,46.3139]]]}},{"type":"Feature","properties":{"code":"71317","nom":"Montmort","pop":185},"geometry":{"type":"Polygon","coordinates":[[[4.0587,46.7357],[4.0614,46.7377],[4.0623,46.7409],[4.0594,46.747],[4.0567,46.7498],[4.0551,46.7529],[4.0613,46.7538],[4.0597,46.7589],[4.0606,46.7631],[4.0643,46.7666],[4.0659,46.7654],[4.0715,46.7699],[4.08,46.7746],[4.0836,46.7742],[4.0856,46.7766],[4.0913,46.7767],[4.0964,46.7747],[4.1049,46.7744],[4.1059,46.7758],[4.1104,46.7766],[4.111,46.7751],[4.1095,46.7669],[4.1142,46.7686],[4.1176,46.7659],[4.1212,46.7589],[4.124,46.7565],[4.1258,46.7518],[4.1233,46.7437],[4.1247,46.7412],[4.1245,46.7338],[4.1286,46.7324],[4.1281,46.7276],[4.1293,46.7254],[4.1275,46.7235],[4.1297,46.7208],[4.1349,46.7162],[4.134,46.7131],[4.1345,46.708],[4.1229,46.7065],[4.1202,46.705],[4.1164,46.7071],[4.1094,46.7089],[4.0951,46.7172],[4.0915,46.7177],[4.0839,46.7159],[4.0803,46.716],[4.0741,46.7192],[4.0727,46.721],[4.0692,46.722],[4.0688,46.7237],[4.0642,46.7298],[4.0629,46.7325],[4.0587,46.7357]]]}},{"type":"Feature","properties":{"code":"71318","nom":"Montpont-en-Bresse","pop":1077},"geometry":{"type":"Polygon","coordinates":[[[5.2293,46.5307],[5.2243,46.5262],[5.2196,46.5227],[5.2197,46.5203],[5.216,46.5184],[5.2161,46.5166],[5.2134,46.5144],[5.2119,46.512],[5.2073,46.5098],[5.2058,46.5059],[5.2036,46.5048],[5.2016,46.5083],[5.1996,46.5075],[5.1949,46.5081],[5.1938,46.5091],[5.1826,46.5095],[5.1748,46.5121],[5.1727,46.5134],[5.1717,46.5164],[5.1684,46.518],[5.1658,46.5177],[5.1613,46.521],[5.1564,46.5222],[5.1531,46.5248],[5.1456,46.5279],[5.143,46.528],[5.14,46.53],[5.1348,46.5291],[5.1298,46.529],[5.125,46.5311],[5.1257,46.5326],[5.1223,46.5342],[5.1189,46.5346],[5.1187,46.5369],[5.1216,46.5381],[5.1223,46.5445],[5.1274,46.5487],[5.1276,46.5527],[5.131,46.5538],[5.131,46.5559],[5.1365,46.5576],[5.1382,46.5624],[5.1409,46.5624],[5.137,46.5659],[5.1378,46.5681],[5.145,46.5674],[5.1485,46.5684],[5.1476,46.57],[5.1509,46.572],[5.1547,46.5709],[5.1606,46.5759],[5.1592,46.5786],[5.1616,46.578],[5.166,46.5783],[5.1673,46.5771],[5.1697,46.5723],[5.1742,46.5717],[5.1758,46.573],[5.1826,46.571],[5.185,46.5672],[5.1885,46.5661],[5.1918,46.5667],[5.1952,46.5685],[5.1994,46.5672],[5.1987,46.5645],[5.2028,46.5632],[5.2063,46.5606],[5.208,46.5584],[5.2113,46.5586],[5.2149,46.5576],[5.215,46.5548],[5.2119,46.5533],[5.2097,46.5538],[5.2073,46.5518],[5.2076,46.5504],[5.211,46.5498],[5.2112,46.5462],[5.2081,46.545],[5.2071,46.5432],[5.2102,46.5425],[5.2112,46.5404],[5.214,46.5386],[5.2109,46.5362],[5.2164,46.5347],[5.2161,46.5335],[5.2209,46.5309],[5.2255,46.5303],[5.2293,46.5307]]]}},{"type":"Feature","properties":{"code":"71319","nom":"Montret","pop":763},"geometry":{"type":"Polygon","coordinates":[[[5.0941,46.6635],[5.0939,46.665],[5.0966,46.6687],[5.0973,46.6713],[5.0996,46.6741],[5.0922,46.6802],[5.0908,46.6827],[5.0863,46.6832],[5.0841,46.685],[5.0855,46.6869],[5.0875,46.6903],[5.0919,46.6899],[5.0935,46.6924],[5.0978,46.6945],[5.0976,46.6995],[5.0992,46.702],[5.0968,46.7046],[5.1012,46.7048],[5.1048,46.706],[5.1069,46.7054],[5.1084,46.7093],[5.1121,46.7101],[5.114,46.706],[5.1192,46.7067],[5.119,46.7045],[5.1222,46.7033],[5.1219,46.7014],[5.1269,46.7012],[5.129,46.7001],[5.1327,46.6999],[5.1359,46.6971],[5.1408,46.6948],[5.1483,46.6926],[5.1496,46.688],[5.1456,46.687],[5.1404,46.6874],[5.1323,46.6853],[5.1306,46.6819],[5.1315,46.68],[5.1279,46.6769],[5.1284,46.6748],[5.125,46.6733],[5.1227,46.6713],[5.1194,46.6699],[5.1161,46.6643],[5.1199,46.6639],[5.1245,46.6612],[5.1248,46.6601],[5.1226,46.6557],[5.1206,46.6549],[5.1174,46.6559],[5.1134,46.6559],[5.114,46.6584],[5.1099,46.6573],[5.1055,46.6582],[5.0996,46.655],[5.0935,46.6593],[5.0941,46.6635]]]}},{"type":"Feature","properties":{"code":"71320","nom":"Mont-Saint-Vincent","pop":308},"geometry":{"type":"Polygon","coordinates":[[[4.4712,46.6147],[4.473,46.6191],[4.4704,46.6196],[4.4648,46.6244],[4.4637,46.6281],[4.4671,46.6328],[4.4657,46.6348],[4.4672,46.638],[4.4703,46.6362],[4.4751,46.639],[4.4733,46.6412],[4.4709,46.6418],[4.4737,46.6463],[4.4678,46.6475],[4.4711,46.6505],[4.477,46.6525],[4.4773,46.6562],[4.4733,46.6559],[4.4721,46.6581],[4.4691,46.6585],[4.4685,46.6606],[4.4729,46.6629],[4.4743,46.6625],[4.4836,46.6633],[4.4903,46.6616],[4.4959,46.6624],[4.499,46.6638],[4.5038,46.6644],[4.5114,46.6677],[4.5195,46.6686],[4.5235,46.6671],[4.5262,46.6644],[4.5276,46.6603],[4.5269,46.6575],[4.5242,46.6535],[4.5161,46.653],[4.5144,46.6488],[4.5121,46.6469],[4.5061,46.6449],[4.5049,46.6429],[4.4961,46.6386],[4.492,46.6335],[4.4869,46.6278],[4.4868,46.6256],[4.4909,46.6229],[4.4907,46.6196],[4.4858,46.6198],[4.4812,46.623],[4.4805,46.6182],[4.4762,46.6151],[4.4744,46.6168],[4.4712,46.6147]]]}},{"type":"Feature","properties":{"code":"71321","nom":"Morey","pop":190},"geometry":{"type":"Polygon","coordinates":[[[4.5639,46.7714],[4.5556,46.7789],[4.5596,46.783],[4.5556,46.7851],[4.5575,46.7869],[4.5565,46.7904],[4.5587,46.7935],[4.5631,46.7971],[4.5705,46.8015],[4.5784,46.8078],[4.5805,46.8095],[4.5837,46.8078],[4.5921,46.8099],[4.597,46.8079],[4.6002,46.8053],[4.6039,46.805],[4.6073,46.8032],[4.6111,46.8036],[4.6141,46.8011],[4.62,46.8007],[4.6226,46.799],[4.6231,46.7939],[4.6248,46.7921],[4.6216,46.7887],[4.614,46.786],[4.6104,46.7842],[4.6065,46.7843],[4.5937,46.7802],[4.5906,46.7801],[4.5896,46.7785],[4.5784,46.7755],[4.5726,46.7758],[4.5639,46.7714]]]}},{"type":"Feature","properties":{"code":"71322","nom":"Morlet","pop":71},"geometry":{"type":"Polygon","coordinates":[[[4.4853,46.9557],[4.4869,46.9585],[4.4905,46.9605],[4.4962,46.9598],[4.4982,46.9609],[4.497,46.9638],[4.5023,46.9659],[4.5075,46.9655],[4.5098,46.9661],[4.5113,46.9688],[4.5146,46.971],[4.5189,46.9711],[4.5195,46.9686],[4.517,46.9666],[4.517,46.9649],[4.5238,46.9567],[4.5237,46.9561],[4.5237,46.9542],[4.5267,46.9505],[4.5201,46.9513],[4.5185,46.9476],[4.5109,46.9421],[4.5055,46.9367],[4.5004,46.9384],[4.4945,46.9438],[4.4911,46.9462],[4.4882,46.9456],[4.4838,46.9515],[4.4853,46.9557]]]}},{"type":"Feature","properties":{"code":"71323","nom":"Mornay","pop":146},"geometry":{"type":"Polygon","coordinates":[[[4.39,46.4803],[4.3835,46.4814],[4.3788,46.4811],[4.3741,46.4794],[4.3752,46.477],[4.3745,46.472],[4.3708,46.4697],[4.3719,46.4684],[4.367,46.4672],[4.3643,46.4681],[4.3607,46.4679],[4.3598,46.4711],[4.3551,46.4761],[4.3507,46.4768],[4.3502,46.4789],[4.3527,46.4807],[4.349,46.4827],[4.3468,46.4829],[4.3464,46.4862],[4.3491,46.4882],[4.3506,46.492],[4.3534,46.4933],[4.3503,46.4976],[4.3537,46.4996],[4.3569,46.5002],[4.3613,46.5036],[4.3626,46.5057],[4.3603,46.5079],[4.3619,46.5095],[4.3664,46.5106],[4.3687,46.5128],[4.367,46.5159],[4.3669,46.518],[4.3709,46.5203],[4.3751,46.5194],[4.3775,46.5203],[4.3799,46.5192],[4.3815,46.5208],[4.3826,46.5247],[4.3824,46.5268],[4.3839,46.53],[4.3881,46.5294],[4.3881,46.5281],[4.3938,46.526],[4.4003,46.5247],[4.4039,46.5229],[4.4128,46.5199],[4.4151,46.5178],[4.4142,46.5144],[4.4133,46.5106],[4.4074,46.5049],[4.4065,46.5014],[4.4047,46.4997],[4.405,46.4964],[4.4067,46.4957],[4.4072,46.4926],[4.4052,46.4918],[4.4069,46.4896],[4.4065,46.488],[4.4022,46.484],[4.3961,46.4836],[4.3973,46.4808],[4.39,46.4803]]]}},{"type":"Feature","properties":{"code":"71324","nom":"Moroges","pop":599},"geometry":{"type":"Polygon","coordinates":[[[4.6968,46.7472],[4.6947,46.7447],[4.693,46.7409],[4.6876,46.7418],[4.6829,46.738],[4.6801,46.7397],[4.6768,46.7386],[4.6725,46.7386],[4.6728,46.7365],[4.662,46.7384],[4.658,46.7398],[4.6535,46.7426],[4.6476,46.7421],[4.651,46.7454],[4.6499,46.7463],[4.6594,46.7614],[4.6623,46.7651],[4.6675,46.7643],[4.6765,46.7655],[4.6929,46.764],[4.6939,46.7599],[4.6962,46.7564],[4.6945,46.7532],[4.695,46.7493],[4.6968,46.7472]]]}},{"type":"Feature","properties":{"code":"71325","nom":"La Motte-Saint-Jean","pop":1170},"geometry":{"type":"Polygon","coordinates":[[[3.9581,46.4906],[3.9555,46.4917],[3.9498,46.4925],[3.936,46.4909],[3.9279,46.4923],[3.9205,46.4958],[3.9165,46.4962],[3.9169,46.499],[3.9186,46.5011],[3.924,46.5039],[3.9308,46.509],[3.934,46.5103],[3.9358,46.5121],[3.9413,46.5148],[3.9417,46.5181],[3.9435,46.52],[3.9485,46.5204],[3.9476,46.5236],[3.9499,46.5253],[3.949,46.5273],[3.95,46.5294],[3.9538,46.531],[3.9531,46.5379],[3.9546,46.5414],[3.9529,46.547],[3.9541,46.5495],[3.954,46.5528],[3.9511,46.5575],[3.959,46.556],[3.961,46.555],[3.967,46.5522],[3.9683,46.5483],[3.9753,46.5478],[3.976,46.543],[3.9712,46.541],[3.9735,46.5393],[3.9767,46.54],[3.9779,46.5372],[3.9831,46.5336],[3.9824,46.5312],[3.9792,46.5322],[3.978,46.5286],[3.9793,46.528],[3.9806,46.5209],[3.9803,46.5191],[3.9839,46.517],[3.9905,46.5151],[3.9927,46.5112],[3.9877,46.5096],[3.9878,46.5068],[3.9932,46.504],[3.9919,46.5013],[3.9856,46.4982],[3.9831,46.4957],[3.9775,46.4949],[3.9741,46.4935],[3.9724,46.4893],[3.9705,46.4867],[3.9683,46.4858],[3.9581,46.4906]]]}},{"type":"Feature","properties":{"code":"71326","nom":"Mouthier-en-Bresse","pop":450},"geometry":{"type":"Polygon","coordinates":[[[5.3262,46.8644],[5.3173,46.8684],[5.3147,46.8702],[5.3189,46.8742],[5.323,46.8769],[5.3299,46.8801],[5.3327,46.8829],[5.3359,46.8845],[5.3394,46.8902],[5.3455,46.8903],[5.3496,46.8933],[5.3513,46.8935],[5.3557,46.8872],[5.3598,46.8856],[5.362,46.8828],[5.3649,46.884],[5.3687,46.8838],[5.3695,46.8874],[5.3707,46.8881],[5.3785,46.8882],[5.3778,46.89],[5.3828,46.8918],[5.3851,46.8922],[5.3898,46.8945],[5.3917,46.8941],[5.3908,46.8924],[5.3948,46.8914],[5.3995,46.8927],[5.4039,46.8895],[5.4012,46.8872],[5.3996,46.8814],[5.4053,46.8794],[5.4043,46.8784],[5.4039,46.8731],[5.4009,46.8703],[5.4018,46.8685],[5.4089,46.8644],[5.4119,46.864],[5.4197,46.8599],[5.4251,46.86],[5.4289,46.8547],[5.4316,46.8521],[5.4305,46.8496],[5.4317,46.8483],[5.4276,46.8461],[5.4197,46.8431],[5.4176,46.8412],[5.4223,46.8397],[5.422,46.8348],[5.4235,46.8343],[5.4217,46.8307],[5.4127,46.8329],[5.4095,46.8332],[5.4028,46.8323],[5.4031,46.8303],[5.3977,46.8311],[5.39,46.8298],[5.3893,46.8267],[5.3866,46.8262],[5.3818,46.8279],[5.3836,46.8288],[5.3845,46.8337],[5.3786,46.8332],[5.3799,46.8363],[5.3751,46.8374],[5.3731,46.8404],[5.3698,46.8424],[5.375,46.8444],[5.3809,46.8508],[5.3824,46.853],[5.3777,46.8532],[5.3761,46.8559],[5.3708,46.8597],[5.3736,46.8615],[5.3698,46.8636],[5.3658,46.8616],[5.3621,46.8625],[5.3591,46.8623],[5.357,46.8635],[5.3561,46.8658],[5.3481,46.8694],[5.3473,46.8659],[5.3423,46.8639],[5.3414,46.861],[5.3262,46.8644]]]}},{"type":"Feature","properties":{"code":"71327","nom":"Mussy-sous-Dun","pop":327},"geometry":{"type":"Polygon","coordinates":[[[4.3169,46.2509],[4.325,46.2523],[4.3291,46.2505],[4.3319,46.2483],[4.336,46.2488],[4.3378,46.2528],[4.3431,46.2556],[4.3449,46.255],[4.3451,46.25],[4.3523,46.2505],[4.3576,46.249],[4.3548,46.2488],[4.3553,46.2459],[4.3537,46.2446],[4.3538,46.241],[4.3515,46.2395],[4.3517,46.2366],[4.3499,46.2355],[4.3503,46.2332],[4.3488,46.23],[4.349,46.2277],[4.3467,46.2264],[4.3471,46.2236],[4.3335,46.2229],[4.3191,46.2204],[4.3156,46.2206],[4.3146,46.222],[4.3123,46.2306],[4.3136,46.2364],[4.3167,46.2397],[4.3206,46.242],[4.32,46.2463],[4.3169,46.2509]]]}},{"type":"Feature","properties":{"code":"71328","nom":"Nanton","pop":666},"geometry":{"type":"Polygon","coordinates":[[[4.836,46.5948],[4.831,46.5902],[4.827,46.5908],[4.8216,46.5937],[4.8225,46.5971],[4.8252,46.6005],[4.8205,46.6047],[4.81,46.6067],[4.7927,46.6119],[4.788,46.6137],[4.784,46.6139],[4.7791,46.6164],[4.7889,46.6219],[4.7958,46.6328],[4.8024,46.6321],[4.8004,46.6352],[4.8007,46.6386],[4.8038,46.6407],[4.8062,46.6402],[4.8083,46.6454],[4.8106,46.6472],[4.8142,46.6455],[4.8199,46.6439],[4.8181,46.6414],[4.8246,46.6391],[4.8325,46.6353],[4.8348,46.6348],[4.8368,46.6313],[4.8356,46.6282],[4.8297,46.6212],[4.8333,46.62],[4.8327,46.618],[4.8336,46.6144],[4.8381,46.6126],[4.8443,46.609],[4.8417,46.6058],[4.8404,46.6059],[4.8373,46.601],[4.8378,46.5982],[4.836,46.5948]]]}},{"type":"Feature","properties":{"code":"71329","nom":"Navilly","pop":424},"geometry":{"type":"Polygon","coordinates":[[[5.167,46.9432],[5.1675,46.9374],[5.1656,46.9354],[5.1654,46.9293],[5.171,46.9301],[5.1684,46.9256],[5.1635,46.9253],[5.1581,46.9257],[5.1543,46.9208],[5.1517,46.9191],[5.1541,46.9172],[5.1486,46.9165],[5.1501,46.9103],[5.1534,46.9078],[5.1503,46.9063],[5.1485,46.9058],[5.1466,46.9095],[5.1436,46.9074],[5.1394,46.9088],[5.1393,46.9066],[5.1358,46.9047],[5.1327,46.906],[5.1316,46.9089],[5.1321,46.9127],[5.1269,46.9146],[5.1292,46.918],[5.1261,46.9249],[5.128,46.9287],[5.1295,46.9294],[5.1293,46.9359],[5.1222,46.936],[5.1167,46.9398],[5.1216,46.9409],[5.1215,46.9418],[5.1281,46.9435],[5.1343,46.9418],[5.1396,46.9421],[5.1457,46.9417],[5.1477,46.9448],[5.1562,46.9426],[5.1642,46.9423],[5.167,46.9432]]]}},{"type":"Feature","properties":{"code":"71330","nom":"Neuvy-Grandchamp","pop":752},"geometry":{"type":"Polygon","coordinates":[[[3.961,46.555],[3.959,46.556],[3.9511,46.5575],[3.9494,46.5606],[3.9462,46.5619],[3.9438,46.5641],[3.9405,46.5621],[3.9368,46.5619],[3.9381,46.5597],[3.9336,46.557],[3.9313,46.5595],[3.9242,46.5607],[3.9182,46.5594],[3.9174,46.5573],[3.9147,46.5564],[3.9092,46.5588],[3.8997,46.5611],[3.8966,46.5594],[3.89,46.5594],[3.8885,46.5606],[3.8881,46.5638],[3.8861,46.5664],[3.8805,46.5684],[3.8782,46.5708],[3.8785,46.5734],[3.8784,46.5774],[3.884,46.5783],[3.8868,46.5828],[3.8902,46.5838],[3.8911,46.5863],[3.8863,46.5923],[3.8871,46.5933],[3.893,46.5945],[3.8951,46.5963],[3.8958,46.6013],[3.888,46.6067],[3.8887,46.609],[3.8869,46.6151],[3.8916,46.6158],[3.8896,46.6229],[3.8934,46.6254],[3.8906,46.6281],[3.8957,46.6286],[3.8967,46.6337],[3.9028,46.6372],[3.904,46.6404],[3.8999,46.6419],[3.9001,46.644],[3.9041,46.6437],[3.9131,46.6455],[3.9186,46.6414],[3.9272,46.6359],[3.9284,46.6332],[3.929,46.6308],[3.9328,46.629],[3.931,46.6277],[3.9369,46.6223],[3.9379,46.6201],[3.9423,46.6205],[3.9466,46.616],[3.9486,46.6148],[3.9434,46.6118],[3.9542,46.6125],[3.9575,46.6097],[3.9595,46.6094],[3.9675,46.6061],[3.973,46.6074],[3.9746,46.6043],[3.9733,46.6025],[3.9769,46.5984],[3.9823,46.5941],[3.9859,46.5904],[3.9886,46.5859],[3.986,46.5812],[3.9813,46.577],[3.9765,46.5786],[3.9691,46.5783],[3.9687,46.5748],[3.9722,46.5738],[3.9712,46.572],[3.9681,46.5702],[3.9659,46.5672],[3.9697,46.5627],[3.9662,46.5604],[3.9644,46.5576],[3.961,46.555]]]}},{"type":"Feature","properties":{"code":"71331","nom":"Nochize","pop":99},"geometry":{"type":"Polygon","coordinates":[[[4.1729,46.422],[4.1691,46.42],[4.173,46.4162],[4.1767,46.4155],[4.1758,46.413],[4.177,46.4117],[4.1764,46.4089],[4.1788,46.4063],[4.1788,46.4022],[4.1821,46.3986],[4.1829,46.3955],[4.1893,46.3925],[4.1931,46.3879],[4.1936,46.3842],[4.1877,46.3786],[4.1821,46.3791],[4.1802,46.3765],[4.175,46.377],[4.1757,46.3794],[4.1721,46.3814],[4.1704,46.3847],[4.1665,46.3842],[4.1674,46.388],[4.1658,46.3884],[4.1634,46.3914],[4.1633,46.3947],[4.1593,46.3945],[4.1592,46.3966],[4.1534,46.3988],[4.1497,46.3987],[4.1453,46.4034],[4.1464,46.4065],[4.1412,46.4136],[4.14,46.4211],[4.1374,46.4218],[4.1355,46.4241],[4.1428,46.4257],[4.1541,46.425],[4.1572,46.4216],[4.161,46.423],[4.1661,46.4215],[4.1707,46.4226],[4.1729,46.422]]]}},{"type":"Feature","properties":{"code":"71332","nom":"Ormes","pop":507},"geometry":{"type":"Polygon","coordinates":[[[4.946,46.6206],[4.9477,46.6228],[4.9531,46.6273],[4.9553,46.6326],[4.9555,46.6402],[4.9547,46.6439],[4.9546,46.6539],[4.9591,46.6535],[4.9612,46.6544],[4.9735,46.6561],[4.9753,46.6531],[4.9794,46.6486],[4.9829,46.6471],[4.9837,46.6433],[4.9865,46.6409],[4.9867,46.6376],[4.9909,46.6352],[4.9896,46.6341],[4.9851,46.6347],[4.9863,46.6294],[4.9812,46.6293],[4.9793,46.6272],[4.9776,46.6233],[4.9778,46.6202],[4.9731,46.6184],[4.9667,46.6168],[4.9622,46.6167],[4.9611,46.6148],[4.9535,46.6107],[4.943,46.6125],[4.9437,46.6167],[4.946,46.6206]]]}},{"type":"Feature","properties":{"code":"71333","nom":"Oslon","pop":1220},"geometry":{"type":"Polygon","coordinates":[[[4.9649,46.7655],[4.9598,46.7657],[4.9518,46.7673],[4.9484,46.767],[4.9449,46.7693],[4.9427,46.7727],[4.9333,46.7764],[4.9285,46.7756],[4.9224,46.7792],[4.917,46.7789],[4.9153,46.7773],[4.9132,46.7796],[4.9163,46.7804],[4.9171,46.7832],[4.9166,46.7884],[4.9224,46.787],[4.9263,46.7868],[4.9412,46.784],[4.9451,46.7828],[4.9482,46.7855],[4.9524,46.7829],[4.9549,46.78],[4.9576,46.7789],[4.9662,46.7775],[4.9628,46.7673],[4.9649,46.7655]]]}},{"type":"Feature","properties":{"code":"71334","nom":"Oudry","pop":387},"geometry":{"type":"Polygon","coordinates":[[[4.1337,46.5612],[4.134,46.5652],[4.136,46.5649],[4.1427,46.566],[4.1447,46.5669],[4.1407,46.5706],[4.1354,46.5772],[4.1348,46.5804],[4.1372,46.5834],[4.1329,46.5844],[4.1321,46.5909],[4.1322,46.5975],[4.1304,46.5987],[4.1498,46.6009],[4.152,46.6004],[4.1683,46.6036],[4.1708,46.6043],[4.1764,46.6076],[4.1803,46.6046],[4.182,46.5992],[4.1895,46.6001],[4.1929,46.5981],[4.1994,46.5984],[4.2021,46.5966],[4.1996,46.5911],[4.1979,46.5895],[4.202,46.5883],[4.205,46.5857],[4.2028,46.5824],[4.2029,46.5799],[4.2046,46.5782],[4.2031,46.5769],[4.2023,46.5741],[4.1991,46.5752],[4.194,46.5732],[4.1929,46.5712],[4.1891,46.5679],[4.1901,46.5662],[4.1834,46.5661],[4.1833,46.5625],[4.1804,46.5641],[4.1778,46.5629],[4.1743,46.5648],[4.1712,46.5629],[4.1617,46.5643],[4.1574,46.5659],[4.1555,46.5633],[4.1512,46.5623],[4.1513,46.56],[4.1489,46.5582],[4.1496,46.5562],[4.1461,46.5561],[4.1459,46.558],[4.1422,46.5583],[4.1362,46.5616],[4.1337,46.5612]]]}},{"type":"Feature","properties":{"code":"71335","nom":"Ouroux-sous-le-Bois-Sainte-Marie","pop":69},"geometry":{"type":"Polygon","coordinates":[[[4.3233,46.3681],[4.3207,46.366],[4.3181,46.3651],[4.3205,46.3614],[4.3236,46.3604],[4.3237,46.3578],[4.3221,46.3563],[4.3258,46.3508],[4.3213,46.349],[4.3155,46.3491],[4.3118,46.3485],[4.3013,46.3522],[4.2966,46.3563],[4.2941,46.3623],[4.2968,46.3651],[4.2978,46.3678],[4.3006,46.3682],[4.3027,46.3712],[4.3054,46.3721],[4.3066,46.3754],[4.3116,46.3791],[4.3134,46.3742],[4.3177,46.3682],[4.3233,46.3681]]]}},{"type":"Feature","properties":{"code":"71336","nom":"Ouroux-sur-Saône","pop":3214},"geometry":{"type":"Polygon","coordinates":[[[4.9558,46.7559],[4.9581,46.7541],[4.9591,46.7493],[4.9527,46.7478],[4.9502,46.7448],[4.9547,46.7439],[4.9563,46.7414],[4.9546,46.7402],[4.9587,46.7379],[4.9623,46.7378],[4.9638,46.7351],[4.9675,46.7351],[4.971,46.7332],[4.9738,46.733],[4.9753,46.7313],[4.9812,46.7309],[4.983,46.7338],[4.9851,46.7351],[4.9877,46.7339],[4.9894,46.7316],[4.9877,46.7299],[4.9915,46.7285],[4.9872,46.7255],[4.9883,46.7219],[4.9855,46.7188],[4.9801,46.7158],[4.9769,46.7169],[4.9784,46.7122],[4.9756,46.7105],[4.9775,46.7085],[4.9743,46.7032],[4.9663,46.701],[4.9642,46.6995],[4.9627,46.6947],[4.9558,46.6928],[4.9488,46.6948],[4.947,46.6962],[4.9425,46.6947],[4.9377,46.7008],[4.9348,46.7084],[4.9312,46.7115],[4.9261,46.7141],[4.9236,46.7161],[4.9158,46.718],[4.9105,46.7204],[4.9088,46.7227],[4.9131,46.7247],[4.9152,46.7236],[4.924,46.7275],[4.9267,46.7295],[4.9241,46.7317],[4.9261,46.7346],[4.9238,46.7358],[4.9253,46.739],[4.9257,46.7436],[4.9251,46.7494],[4.9252,46.7514],[4.9378,46.755],[4.942,46.7571],[4.9436,46.7559],[4.9482,46.7544],[4.9496,46.7526],[4.9558,46.7559]]]}},{"type":"Feature","properties":{"code":"71337","nom":"Oyé","pop":271},"geometry":{"type":"Polygon","coordinates":[[[4.2282,46.3068],[4.2231,46.3037],[4.2196,46.3016],[4.2116,46.3041],[4.2039,46.3038],[4.1937,46.3014],[4.1822,46.3011],[4.1842,46.3043],[4.1812,46.3083],[4.1728,46.3123],[4.1648,46.3156],[4.1622,46.3194],[4.1645,46.3237],[4.1678,46.328],[4.1686,46.3318],[4.1702,46.3317],[4.1731,46.3353],[4.1709,46.3428],[4.1747,46.3477],[4.1759,46.352],[4.1781,46.3577],[4.1814,46.3589],[4.1836,46.357],[4.1827,46.3537],[4.1898,46.3497],[4.1928,46.3501],[4.1981,46.3482],[4.2,46.346],[4.2021,46.3457],[4.2051,46.3434],[4.2129,46.3441],[4.2111,46.3414],[4.2074,46.3396],[4.2072,46.3384],[4.2128,46.334],[4.2162,46.3296],[4.2151,46.3273],[4.2174,46.3235],[4.2214,46.3202],[4.221,46.3188],[4.222,46.313],[4.2248,46.3089],[4.2282,46.3068]]]}},{"type":"Feature","properties":{"code":"71338","nom":"Ozenay","pop":237},"geometry":{"type":"Polygon","coordinates":[[[4.8314,46.5167],[4.8266,46.5161],[4.827,46.5185],[4.8231,46.5197],[4.8261,46.5257],[4.8233,46.5262],[4.8142,46.5297],[4.8165,46.5309],[4.8141,46.5329],[4.8156,46.5346],[4.8176,46.539],[4.8143,46.54],[4.8122,46.5425],[4.8148,46.5427],[4.8256,46.5415],[4.8291,46.5486],[4.8341,46.5532],[4.8428,46.5519],[4.8441,46.5548],[4.8501,46.5533],[4.8521,46.5548],[4.8567,46.553],[4.8618,46.5519],[4.8631,46.553],[4.8686,46.5523],[4.8718,46.5505],[4.8737,46.5485],[4.8673,46.5389],[4.8654,46.5373],[4.8638,46.5321],[4.8617,46.5315],[4.8602,46.5276],[4.861,46.5243],[4.86,46.5197],[4.853,46.5207],[4.8546,46.5187],[4.8504,46.5173],[4.8498,46.5145],[4.8435,46.5146],[4.8377,46.513],[4.8346,46.5159],[4.8314,46.5167]]]}},{"type":"Feature","properties":{"code":"71339","nom":"Ozolles","pop":371},"geometry":{"type":"Polygon","coordinates":[[[4.411,46.375],[4.3977,46.3597],[4.3905,46.3572],[4.3862,46.3543],[4.3769,46.3519],[4.3777,46.3504],[4.3607,46.3434],[4.3571,46.3463],[4.3539,46.3496],[4.3534,46.3554],[4.3548,46.358],[4.3541,46.3615],[4.3462,46.367],[4.343,46.3697],[4.3438,46.3739],[4.3365,46.3754],[4.3225,46.3722],[4.3233,46.3681],[4.3177,46.3682],[4.3134,46.3742],[4.3148,46.3783],[4.3144,46.381],[4.3186,46.3843],[4.3247,46.3879],[4.3282,46.392],[4.3312,46.3925],[4.3354,46.3962],[4.3349,46.3992],[4.3373,46.399],[4.3447,46.4005],[4.3405,46.4058],[4.3367,46.4083],[4.3356,46.4125],[4.3329,46.4123],[4.3296,46.4142],[4.3289,46.4165],[4.3404,46.4193],[4.3471,46.4195],[4.3531,46.4186],[4.3681,46.4144],[4.3655,46.412],[4.3627,46.413],[4.3585,46.4119],[4.3577,46.4088],[4.3648,46.4057],[4.3619,46.4043],[4.3599,46.399],[4.3622,46.3997],[4.365,46.3973],[4.3645,46.3944],[4.3726,46.3892],[4.3783,46.3862],[4.3836,46.3856],[4.3902,46.3838],[4.3984,46.3804],[4.4031,46.3763],[4.4054,46.3764],[4.4103,46.3749],[4.411,46.375]]]}},{"type":"Feature","properties":{"code":"71340","nom":"Palinges","pop":1405},"geometry":{"type":"Polygon","coordinates":[[[4.1496,46.5562],[4.1489,46.5582],[4.1513,46.56],[4.1512,46.5623],[4.1555,46.5633],[4.1574,46.5659],[4.1617,46.5643],[4.1712,46.5629],[4.1743,46.5648],[4.1778,46.5629],[4.1804,46.5641],[4.1833,46.5625],[4.1834,46.5661],[4.1901,46.5662],[4.1891,46.5679],[4.1929,46.5712],[4.194,46.5732],[4.1991,46.5752],[4.2023,46.5741],[4.2031,46.5769],[4.2075,46.5776],[4.2098,46.5792],[4.215,46.5785],[4.2167,46.5764],[4.2161,46.5738],[4.2201,46.5735],[4.2226,46.5708],[4.2279,46.5717],[4.2292,46.5735],[4.2323,46.5746],[4.237,46.5716],[4.2425,46.573],[4.2444,46.5702],[4.2488,46.5695],[4.2529,46.5675],[4.2518,46.5651],[4.2532,46.5619],[4.2528,46.5589],[4.2477,46.5549],[4.2511,46.5519],[4.2514,46.5499],[4.2546,46.5477],[4.256,46.5448],[4.2566,46.5435],[4.2504,46.5431],[4.2476,46.5394],[4.2505,46.5335],[4.2479,46.5304],[4.2478,46.528],[4.2461,46.5245],[4.2416,46.5254],[4.2335,46.525],[4.2306,46.5228],[4.2262,46.523],[4.2262,46.5189],[4.2221,46.5168],[4.2123,46.5166],[4.2111,46.5174],[4.2039,46.5191],[4.2021,46.5202],[4.1947,46.5212],[4.1927,46.5242],[4.1846,46.5251],[4.1801,46.527],[4.179,46.5274],[4.1636,46.5247],[4.1613,46.525],[4.1626,46.5296],[4.1644,46.5326],[4.1692,46.5373],[4.1716,46.5435],[4.1753,46.5463],[4.1748,46.5471],[4.1686,46.544],[4.1663,46.5437],[4.1642,46.5461],[4.1605,46.5474],[4.1573,46.5499],[4.1583,46.5533],[4.156,46.5541],[4.155,46.5563],[4.1496,46.5562]]]}},{"type":"Feature","properties":{"code":"71341","nom":"Palleau","pop":247},"geometry":{"type":"Polygon","coordinates":[[[5.0493,46.9816],[5.0571,46.9753],[5.0613,46.9723],[5.067,46.9708],[5.0646,46.9688],[5.0659,46.967],[5.0496,46.9603],[5.0423,46.9596],[5.039,46.9553],[5.0418,46.9508],[5.0401,46.9485],[5.039,46.9457],[5.0331,46.9471],[5.027,46.9431],[5.0249,46.9449],[5.0264,46.9479],[5.0298,46.9491],[5.0286,46.9528],[5.0231,46.9566],[5.0184,46.9565],[5.0075,46.9582],[5.0054,46.9592],[5.0026,46.9592],[4.995,46.9615],[4.9979,46.9662],[5.0034,46.9722],[5.0073,46.9714],[5.0097,46.9736],[5.0146,46.9714],[5.0168,46.9685],[5.023,46.977],[5.0304,46.9811],[5.0326,46.98],[5.0387,46.9806],[5.0449,46.9807],[5.0493,46.9816]]]}},{"type":"Feature","properties":{"code":"71342","nom":"Paray-le-Monial","pop":9291},"geometry":{"type":"Polygon","coordinates":[[[4.082,46.4341],[4.0808,46.4377],[4.0778,46.442],[4.0795,46.444],[4.0882,46.4448],[4.0904,46.4501],[4.1002,46.4538],[4.1037,46.4571],[4.1046,46.4595],[4.1025,46.4615],[4.1,46.4597],[4.0985,46.463],[4.0934,46.4658],[4.0913,46.465],[4.0882,46.4667],[4.0895,46.4684],[4.0861,46.4695],[4.0963,46.4722],[4.0993,46.4719],[4.1058,46.475],[4.1089,46.4746],[4.1203,46.4781],[4.1215,46.4756],[4.125,46.4733],[4.1308,46.4712],[4.1335,46.4709],[4.1361,46.4735],[4.1435,46.4717],[4.1405,46.4653],[4.1378,46.4623],[4.1398,46.4604],[4.136,46.4574],[4.1367,46.4564],[4.136,46.4517],[4.137,46.4507],[4.1454,46.4512],[4.142,46.4484],[4.1423,46.4448],[4.1405,46.4429],[4.1377,46.4374],[4.1351,46.4345],[4.1327,46.4285],[4.1355,46.4241],[4.1374,46.4218],[4.1344,46.4212],[4.1273,46.4185],[4.1222,46.4125],[4.1173,46.4137],[4.1138,46.4101],[4.1093,46.4102],[4.1076,46.4081],[4.1024,46.4076],[4.0967,46.4083],[4.0925,46.4105],[4.0912,46.4142],[4.0913,46.4184],[4.0843,46.4258],[4.082,46.4341]]]}},{"type":"Feature","properties":{"code":"71343","nom":"Paris-l'Hôpital","pop":285},"geometry":{"type":"Polygon","coordinates":[[[4.6313,46.9154],[4.6304,46.9168],[4.6326,46.9181],[4.6347,46.9173],[4.6386,46.9215],[4.643,46.9242],[4.6491,46.9231],[4.6485,46.9204],[4.6517,46.9175],[4.6492,46.9157],[4.6484,46.9111],[4.6466,46.9073],[4.6368,46.9011],[4.6286,46.903],[4.6293,46.9063],[4.6286,46.9085],[4.6317,46.9116],[4.6296,46.9123],[4.6313,46.9154]]]}},{"type":"Feature","properties":{"code":"71344","nom":"Passy","pop":70},"geometry":{"type":"Polygon","coordinates":[[[4.5489,46.5497],[4.5485,46.5468],[4.5464,46.5429],[4.5478,46.5407],[4.5483,46.536],[4.5466,46.5312],[4.5417,46.5299],[4.535,46.5302],[4.5339,46.5283],[4.5318,46.5298],[4.5261,46.5311],[4.5232,46.5334],[4.5235,46.5386],[4.5222,46.5422],[4.5227,46.547],[4.5204,46.549],[4.521,46.5512],[4.5236,46.5509],[4.5356,46.5516],[4.5406,46.5508],[4.543,46.5514],[4.5472,46.5495],[4.5489,46.5497]]]}},{"type":"Feature","properties":{"code":"71345","nom":"Péronne","pop":668},"geometry":{"type":"Polygon","coordinates":[[[4.7783,46.4434],[4.7787,46.446],[4.7828,46.4479],[4.7869,46.4508],[4.7929,46.4585],[4.7993,46.4551],[4.8026,46.456],[4.8037,46.4578],[4.8094,46.4578],[4.8163,46.4562],[4.8174,46.4567],[4.8268,46.453],[4.8235,46.4454],[4.8222,46.4386],[4.8255,46.4365],[4.8212,46.4314],[4.8156,46.4327],[4.8141,46.4305],[4.8096,46.4303],[4.807,46.429],[4.8064,46.427],[4.8078,46.4236],[4.8014,46.4241],[4.7946,46.4267],[4.7876,46.4264],[4.7841,46.4284],[4.776,46.4293],[4.7752,46.4334],[4.7769,46.4363],[4.7783,46.4434]]]}},{"type":"Feature","properties":{"code":"71346","nom":"Perrecy-les-Forges","pop":1542},"geometry":{"type":"Polygon","coordinates":[[[4.2874,46.634],[4.2828,46.6322],[4.2801,46.6334],[4.2767,46.6331],[4.2734,46.6368],[4.2715,46.6359],[4.2736,46.6322],[4.2766,46.6287],[4.2791,46.627],[4.2735,46.6227],[4.2746,46.6206],[4.2707,46.6206],[4.2736,46.6171],[4.268,46.6163],[4.2668,46.6136],[4.2591,46.6104],[4.257,46.6121],[4.2545,46.6124],[4.2525,46.6102],[4.2487,46.6092],[4.2454,46.606],[4.2448,46.6033],[4.2414,46.6024],[4.2419,46.6007],[4.2372,46.6007],[4.2348,46.6016],[4.2292,46.6023],[4.2261,46.6053],[4.221,46.6019],[4.2235,46.5999],[4.2197,46.5954],[4.214,46.5929],[4.2138,46.5903],[4.2115,46.5882],[4.2119,46.5866],[4.2086,46.5852],[4.205,46.5857],[4.202,46.5883],[4.1979,46.5895],[4.1996,46.5911],[4.2021,46.5966],[4.1994,46.5984],[4.1929,46.5981],[4.1895,46.6001],[4.182,46.5992],[4.1803,46.6046],[4.1764,46.6076],[4.1742,46.6115],[4.1785,46.612],[4.1788,46.6132],[4.1751,46.6143],[4.1763,46.6181],[4.1813,46.6185],[4.1805,46.6231],[4.1791,46.6261],[4.1829,46.6279],[4.181,46.6302],[4.1848,46.6328],[4.188,46.6334],[4.1888,46.6365],[4.1916,46.6392],[4.1957,46.6396],[4.2003,46.6416],[4.2015,46.6402],[4.2087,46.6399],[4.2104,46.6386],[4.2147,46.6385],[4.2181,46.64],[4.2215,46.6412],[4.2235,46.6437],[4.2261,46.6423],[4.2345,46.6461],[4.2365,46.6482],[4.2411,46.6477],[4.2432,46.6488],[4.2471,46.6489],[4.2521,46.6483],[4.257,46.6501],[4.2676,46.6486],[4.2665,46.6475],[4.2701,46.6443],[4.273,46.6443],[4.2793,46.6403],[4.2833,46.6358],[4.2874,46.634]]]}},{"type":"Feature","properties":{"code":"71347","nom":"Perreuil","pop":550},"geometry":{"type":"Polygon","coordinates":[[[4.5888,46.8276],[4.5854,46.8244],[4.5911,46.8202],[4.5898,46.8188],[4.5832,46.8184],[4.5817,46.8174],[4.5842,46.8149],[4.5818,46.8129],[4.5805,46.8095],[4.5784,46.8078],[4.5771,46.8086],[4.5716,46.8055],[4.5669,46.8063],[4.5581,46.811],[4.5528,46.8107],[4.5529,46.8121],[4.5559,46.815],[4.5555,46.8165],[4.5504,46.8183],[4.5525,46.8206],[4.5481,46.8229],[4.5509,46.826],[4.5457,46.8307],[4.5495,46.8338],[4.5525,46.8368],[4.556,46.8351],[4.5576,46.8365],[4.5647,46.8383],[4.5727,46.8332],[4.5755,46.8328],[4.5799,46.8301],[4.5823,46.8304],[4.5888,46.8276]]]}},{"type":"Feature","properties":{"code":"71348","nom":"Perrigny-sur-Loire","pop":141},"geometry":{"type":"Polygon","coordinates":[[[3.8894,46.5504],[3.8855,46.5424],[3.8837,46.5426],[3.8794,46.5411],[3.8788,46.545],[3.8745,46.5464],[3.8723,46.5489],[3.8662,46.5503],[3.8633,46.5481],[3.8625,46.5435],[3.8612,46.5424],[3.8629,46.5395],[3.8616,46.5351],[3.8568,46.5314],[3.8608,46.5267],[3.8573,46.5228],[3.8519,46.5204],[3.8458,46.5129],[3.845,46.5131],[3.8409,46.5148],[3.8398,46.5176],[3.8406,46.5192],[3.8458,46.5229],[3.8465,46.5244],[3.8446,46.5274],[3.8417,46.5303],[3.8379,46.5317],[3.8344,46.5313],[3.83,46.5294],[3.8254,46.5281],[3.8178,46.5252],[3.8113,46.5205],[3.8098,46.5297],[3.8102,46.5329],[3.8126,46.5365],[3.8164,46.5387],[3.8186,46.5428],[3.8263,46.5446],[3.8319,46.5494],[3.8337,46.5519],[3.8362,46.553],[3.8364,46.5578],[3.838,46.5583],[3.8401,46.5553],[3.8485,46.5536],[3.8501,46.5551],[3.8531,46.5552],[3.8567,46.5584],[3.8642,46.5618],[3.8638,46.5627],[3.8688,46.5656],[3.8741,46.567],[3.8783,46.5718],[3.8785,46.5734],[3.8782,46.5708],[3.8805,46.5684],[3.8861,46.5664],[3.8881,46.5638],[3.8885,46.5606],[3.89,46.5594],[3.8889,46.5571],[3.8863,46.5569],[3.884,46.5589],[3.8817,46.5576],[3.8856,46.5551],[3.8854,46.5528],[3.8894,46.5504]]]}},{"type":"Feature","properties":{"code":"71349","nom":"La Petite-Verrière","pop":47},"geometry":{"type":"Polygon","coordinates":[[[4.1896,47.0371],[4.1849,47.034],[4.1822,47.0337],[4.1783,47.0296],[4.1771,47.0245],[4.1718,47.023],[4.1686,47.0249],[4.163,47.0251],[4.1595,47.0259],[4.1607,47.029],[4.1589,47.0301],[4.1587,47.0334],[4.1539,47.0323],[4.1501,47.0341],[4.1509,47.0376],[4.1476,47.0379],[4.1472,47.0406],[4.1512,47.0423],[4.1508,47.0462],[4.1568,47.0494],[4.1562,47.0511],[4.1527,47.053],[4.1527,47.0557],[4.1512,47.0593],[4.1494,47.0605],[4.1502,47.0644],[4.1522,47.0664],[4.1554,47.0671],[4.1591,47.0662],[4.1638,47.0678],[4.1653,47.0672],[4.1699,47.0676],[4.1738,47.0654],[4.1718,47.0598],[4.1758,47.0598],[4.18,47.0575],[4.1783,47.0553],[4.1818,47.0527],[4.1804,47.0517],[4.1798,47.048],[4.1821,47.0458],[4.1845,47.045],[4.1858,47.0422],[4.1896,47.0371]]]}},{"type":"Feature","properties":{"code":"71350","nom":"Pierreclos","pop":846},"geometry":{"type":"Polygon","coordinates":[[[4.6598,46.3521],[4.6635,46.3507],[4.6686,46.3504],[4.6793,46.3484],[4.6827,46.3469],[4.6876,46.3409],[4.693,46.3399],[4.6952,46.3404],[4.6934,46.3382],[4.6943,46.3347],[4.7003,46.3314],[4.6989,46.3278],[4.7049,46.3239],[4.6994,46.3215],[4.6952,46.3215],[4.6917,46.3196],[4.6914,46.3178],[4.6892,46.3166],[4.6859,46.3172],[4.6784,46.3173],[4.6719,46.318],[4.664,46.3201],[4.6598,46.3216],[4.6559,46.3208],[4.6547,46.3218],[4.6514,46.3191],[4.6411,46.3189],[4.6404,46.3211],[4.6417,46.3232],[4.6419,46.3263],[4.6432,46.3284],[4.6433,46.3315],[4.6462,46.3345],[4.6485,46.3438],[4.6503,46.3464],[4.6542,46.345],[4.6597,46.3478],[4.6608,46.3495],[4.6598,46.3521]]]}},{"type":"Feature","properties":{"code":"71351","nom":"Pierre-de-Bresse","pop":1967},"geometry":{"type":"Polygon","coordinates":[[[5.308,46.8654],[5.3049,46.8636],[5.302,46.8636],[5.2989,46.865],[5.2989,46.8676],[5.295,46.8673],[5.2901,46.8689],[5.2831,46.8676],[5.2802,46.8692],[5.2753,46.8697],[5.2746,46.8683],[5.2695,46.8674],[5.2652,46.864],[5.2651,46.8618],[5.262,46.8614],[5.2603,46.8591],[5.2557,46.8612],[5.2502,46.8618],[5.2458,46.8648],[5.2429,46.8649],[5.2394,46.8618],[5.2389,46.8587],[5.2362,46.8581],[5.2322,46.8593],[5.2304,46.8584],[5.2211,46.8595],[5.2198,46.8574],[5.213,46.8583],[5.2156,46.8604],[5.2164,46.8634],[5.2124,46.8664],[5.208,46.8683],[5.2069,46.8707],[5.2074,46.8743],[5.2095,46.8769],[5.2077,46.8811],[5.2095,46.8813],[5.2077,46.8866],[5.2102,46.895],[5.2166,46.8943],[5.2215,46.897],[5.2217,46.8943],[5.2242,46.8925],[5.2266,46.8928],[5.2305,46.8961],[5.2327,46.8991],[5.2359,46.8953],[5.2384,46.8948],[5.2408,46.8991],[5.2425,46.8992],[5.2455,46.9019],[5.247,46.9047],[5.2478,46.909],[5.2552,46.9094],[5.2552,46.913],[5.2624,46.9129],[5.2629,46.9125],[5.2752,46.9122],[5.2745,46.909],[5.2786,46.9082],[5.2784,46.8995],[5.2814,46.8958],[5.2865,46.8956],[5.2884,46.8962],[5.2894,46.8921],[5.288,46.89],[5.2907,46.8873],[5.2912,46.8832],[5.2964,46.8794],[5.2969,46.8764],[5.2988,46.8749],[5.3004,46.871],[5.3051,46.8689],[5.3097,46.8695],[5.3099,46.867],[5.308,46.8654]]]}},{"type":"Feature","properties":{"code":"71352","nom":"Le Planois","pop":90},"geometry":{"type":"Polygon","coordinates":[[[5.3414,46.7907],[5.3385,46.7891],[5.3331,46.7841],[5.3291,46.7844],[5.3207,46.7813],[5.3223,46.7791],[5.3217,46.7743],[5.3197,46.7741],[5.3176,46.7706],[5.3105,46.7711],[5.3066,46.7693],[5.3,46.7722],[5.3004,46.7736],[5.3036,46.7753],[5.3011,46.7774],[5.3126,46.7804],[5.3159,46.782],[5.3172,46.7839],[5.3172,46.7873],[5.3162,46.7895],[5.3182,46.7913],[5.3177,46.7931],[5.3212,46.7969],[5.3213,46.7983],[5.3199,46.8041],[5.3263,46.8103],[5.3285,46.8131],[5.3312,46.8103],[5.3309,46.8087],[5.3336,46.8047],[5.3317,46.8026],[5.3329,46.7956],[5.3359,46.7954],[5.3392,46.7935],[5.3414,46.7907]]]}},{"type":"Feature","properties":{"code":"71353","nom":"Plottes","pop":558},"geometry":{"type":"Polygon","coordinates":[[[4.8737,46.5485],[4.8756,46.5473],[4.8767,46.5441],[4.8816,46.5504],[4.8833,46.5502],[4.8828,46.5459],[4.8888,46.5451],[4.891,46.5422],[4.8928,46.5434],[4.8977,46.5514],[4.9037,46.5524],[4.9074,46.5512],[4.9064,46.5497],[4.909,46.5482],[4.9055,46.5448],[4.9124,46.54],[4.912,46.5355],[4.9086,46.5291],[4.9065,46.5264],[4.903,46.5246],[4.8976,46.5237],[4.8941,46.5237],[4.8904,46.5224],[4.8867,46.5193],[4.8849,46.5227],[4.8823,46.5188],[4.879,46.5197],[4.8739,46.5186],[4.8717,46.5162],[4.8681,46.5192],[4.8652,46.5201],[4.86,46.5197],[4.861,46.5243],[4.8602,46.5276],[4.8617,46.5315],[4.8638,46.5321],[4.8654,46.5373],[4.8673,46.5389],[4.8737,46.5485]]]}},{"type":"Feature","properties":{"code":"71354","nom":"Poisson","pop":551},"geometry":{"type":"Polygon","coordinates":[[[4.1759,46.352],[4.17,46.3534],[4.1672,46.3575],[4.1638,46.3593],[4.1567,46.3565],[4.1539,46.3546],[4.1502,46.355],[4.142,46.3532],[4.1391,46.3502],[4.1358,46.3514],[4.1325,46.3511],[4.1289,46.3523],[4.1252,46.3556],[4.1115,46.3602],[4.1091,46.3616],[4.1072,46.3608],[4.1046,46.3623],[4.1014,46.3628],[4.0954,46.3665],[4.0923,46.3677],[4.0902,46.3703],[4.0866,46.3728],[4.0848,46.3778],[4.0862,46.3804],[4.086,46.3888],[4.0911,46.389],[4.0963,46.3926],[4.098,46.3946],[4.0974,46.3973],[4.1001,46.4008],[4.1044,46.4027],[4.105,46.4053],[4.1076,46.4081],[4.1093,46.4102],[4.1138,46.4101],[4.1173,46.4137],[4.1222,46.4125],[4.1273,46.4185],[4.1344,46.4212],[4.1374,46.4218],[4.14,46.4211],[4.1412,46.4136],[4.1464,46.4065],[4.1453,46.4034],[4.1497,46.3987],[4.1534,46.3988],[4.1592,46.3966],[4.1593,46.3945],[4.1633,46.3947],[4.1634,46.3914],[4.1658,46.3884],[4.1674,46.388],[4.1665,46.3842],[4.1704,46.3847],[4.1721,46.3814],[4.1757,46.3794],[4.175,46.377],[4.1802,46.3765],[4.1803,46.3742],[4.1827,46.3735],[4.1817,46.3655],[4.1833,46.3629],[4.1814,46.3589],[4.1781,46.3577],[4.1759,46.352]]]}},{"type":"Feature","properties":{"code":"71355","nom":"Pontoux","pop":276},"geometry":{"type":"Polygon","coordinates":[[[5.1379,46.8843],[5.1327,46.8833],[5.1143,46.8854],[5.1156,46.895],[5.1139,46.8966],[5.1092,46.8978],[5.1067,46.9017],[5.1002,46.9039],[5.0991,46.9054],[5.1037,46.9097],[5.1035,46.9133],[5.098,46.9144],[5.0922,46.9134],[5.0886,46.9145],[5.0902,46.9182],[5.0938,46.9214],[5.0972,46.9234],[5.1029,46.9256],[5.1068,46.9279],[5.1117,46.9325],[5.1142,46.9371],[5.1167,46.9398],[5.1222,46.936],[5.1293,46.9359],[5.1295,46.9294],[5.128,46.9287],[5.1261,46.9249],[5.1292,46.918],[5.1269,46.9146],[5.1321,46.9127],[5.1316,46.9089],[5.1327,46.906],[5.1358,46.9047],[5.1393,46.9066],[5.1394,46.9088],[5.1436,46.9074],[5.1466,46.9095],[5.1485,46.9058],[5.1503,46.9063],[5.1525,46.9015],[5.1474,46.8941],[5.1421,46.8891],[5.1379,46.8843]]]}},{"type":"Feature","properties":{"code":"71356","nom":"Pouilloux","pop":946},"geometry":{"type":"Polygon","coordinates":[[[4.335,46.5766],[4.3351,46.581],[4.3285,46.5917],[4.3269,46.5952],[4.3261,46.6014],[4.3269,46.6058],[4.326,46.6065],[4.3249,46.6131],[4.3223,46.6168],[4.3226,46.6191],[4.325,46.62],[4.324,46.6228],[4.3257,46.6263],[4.3293,46.6271],[4.331,46.6251],[4.3364,46.6253],[4.3404,46.6246],[4.3493,46.6254],[4.3571,46.6223],[4.3605,46.6205],[4.3637,46.6221],[4.3777,46.6217],[4.3858,46.6147],[4.3864,46.6068],[4.3891,46.6035],[4.3864,46.6008],[4.3889,46.5986],[4.3869,46.5953],[4.3829,46.5947],[4.3525,46.5859],[4.3408,46.5771],[4.3368,46.576],[4.335,46.5766]]]}},{"type":"Feature","properties":{"code":"71357","nom":"Pourlans","pop":220},"geometry":{"type":"Polygon","coordinates":[[[5.2553,46.9799],[5.2533,46.9787],[5.2564,46.9767],[5.2551,46.9737],[5.2566,46.972],[5.2548,46.9704],[5.2596,46.9665],[5.263,46.9647],[5.2628,46.9602],[5.2648,46.9588],[5.2637,46.9568],[5.2634,46.9528],[5.262,46.9483],[5.26,46.9456],[5.256,46.9479],[5.2524,46.9466],[5.252,46.9443],[5.248,46.9429],[5.249,46.9362],[5.2424,46.9341],[5.2389,46.9335],[5.2334,46.9316],[5.2298,46.9354],[5.2294,46.9397],[5.2307,46.9435],[5.2282,46.9482],[5.228,46.9503],[5.2229,46.9521],[5.2166,46.9522],[5.2182,46.9559],[5.2186,46.9591],[5.2165,46.961],[5.2146,46.9606],[5.2132,46.9662],[5.2098,46.9704],[5.2078,46.9719],[5.2098,46.9778],[5.2122,46.9801],[5.216,46.9827],[5.2176,46.9858],[5.2202,46.986],[5.2221,46.9891],[5.2406,46.9842],[5.2395,46.9818],[5.2548,46.9819],[5.2553,46.9799]]]}},{"type":"Feature","properties":{"code":"71358","nom":"Pressy-sous-Dondin","pop":101},"geometry":{"type":"Polygon","coordinates":[[[4.5404,46.4841],[4.5386,46.4805],[4.5376,46.4751],[4.5381,46.474],[4.5356,46.4641],[4.5304,46.4639],[4.5173,46.4642],[4.514,46.4639],[4.5064,46.4644],[4.5033,46.4675],[4.4998,46.467],[4.4907,46.4673],[4.4883,46.4649],[4.4788,46.4643],[4.4757,46.4651],[4.47,46.4687],[4.4667,46.4723],[4.4697,46.473],[4.4731,46.4774],[4.4748,46.4779],[4.4775,46.4813],[4.4785,46.4847],[4.4824,46.4894],[4.4843,46.4934],[4.488,46.4924],[4.4899,46.4929],[4.4986,46.4901],[4.5024,46.4881],[4.5059,46.4875],[4.511,46.4852],[4.515,46.4848],[4.5204,46.4855],[4.536,46.4851],[4.5387,46.486],[4.5404,46.4841]]]}},{"type":"Feature","properties":{"code":"71359","nom":"Préty","pop":582},"geometry":{"type":"Polygon","coordinates":[[[4.9709,46.554],[4.9742,46.5528],[4.9783,46.5487],[4.9789,46.5451],[4.9781,46.5422],[4.9803,46.5381],[4.983,46.5346],[4.9849,46.5348],[4.9862,46.5288],[4.9828,46.5264],[4.9791,46.5261],[4.9776,46.524],[4.9723,46.5262],[4.9676,46.5262],[4.9623,46.5233],[4.9597,46.5239],[4.9529,46.5236],[4.9512,46.5252],[4.9483,46.5257],[4.9458,46.5242],[4.9384,46.523],[4.936,46.5286],[4.9312,46.5345],[4.9233,46.5479],[4.9225,46.549],[4.9251,46.5503],[4.9276,46.5487],[4.9321,46.551],[4.9373,46.5511],[4.9387,46.5536],[4.945,46.5508],[4.9457,46.5533],[4.9552,46.553],[4.9555,46.5573],[4.9632,46.5574],[4.9642,46.5539],[4.9709,46.554]]]}},{"type":"Feature","properties":{"code":"71360","nom":"Prissé","pop":1898},"geometry":{"type":"Polygon","coordinates":[[[4.7625,46.3434],[4.7605,46.3339],[4.7582,46.3304],[4.7648,46.3305],[4.7673,46.3269],[4.766,46.3238],[4.7678,46.3221],[4.7809,46.323],[4.7819,46.3204],[4.7814,46.3127],[4.7769,46.3129],[4.7699,46.3117],[4.7632,46.3143],[4.76,46.3128],[4.7567,46.312],[4.758,46.31],[4.7535,46.3091],[4.7479,46.3091],[4.744,46.3085],[4.7446,46.3112],[4.7399,46.3112],[4.734,46.313],[4.7307,46.311],[4.7239,46.3183],[4.7251,46.3199],[4.7191,46.3222],[4.7161,46.3239],[4.7196,46.3265],[4.7301,46.3314],[4.7302,46.3328],[4.7347,46.3321],[4.7367,46.3341],[4.7366,46.3364],[4.7401,46.3371],[4.7361,46.3423],[4.7447,46.3428],[4.7479,46.3412],[4.7531,46.3425],[4.7583,46.3417],[4.7592,46.344],[4.7625,46.3434]]]}},{"type":"Feature","properties":{"code":"71361","nom":"Prizy","pop":56},"geometry":{"type":"Polygon","coordinates":[[[4.2129,46.3441],[4.2051,46.3434],[4.2021,46.3457],[4.2,46.346],[4.1981,46.3482],[4.1981,46.3524],[4.2034,46.3548],[4.2067,46.3571],[4.2121,46.3576],[4.215,46.3587],[4.2144,46.3608],[4.223,46.3623],[4.2262,46.36],[4.2311,46.3591],[4.2344,46.3555],[4.2324,46.353],[4.2344,46.3511],[4.2338,46.3443],[4.2291,46.3434],[4.2269,46.3416],[4.2244,46.3426],[4.2233,46.3448],[4.2198,46.3454],[4.2129,46.3441]]]}},{"type":"Feature","properties":{"code":"71362","nom":"Pruzilly","pop":321},"geometry":{"type":"Polygon","coordinates":[[[4.7097,46.2488],[4.7095,46.2483],[4.7053,46.2511],[4.7033,46.25],[4.7012,46.2522],[4.6983,46.2529],[4.697,46.251],[4.6933,46.2484],[4.6883,46.2493],[4.6888,46.2523],[4.6864,46.255],[4.6838,46.2534],[4.6792,46.2601],[4.6816,46.2646],[4.6799,46.2679],[4.6824,46.2666],[4.6872,46.2656],[4.689,46.2692],[4.6925,46.2714],[4.6949,46.2716],[4.699,46.268],[4.7007,46.2674],[4.7097,46.2638],[4.7128,46.2636],[4.7156,46.2583],[4.7144,46.2568],[4.7109,46.2569],[4.7097,46.2488]]]}},{"type":"Feature","properties":{"code":"71363","nom":"Le Puley","pop":79},"geometry":{"type":"Polygon","coordinates":[[[4.586,46.6818],[4.5848,46.6796],[4.5829,46.6716],[4.5806,46.6676],[4.5795,46.6669],[4.5732,46.6673],[4.5687,46.6666],[4.5676,46.668],[4.56,46.6675],[4.5585,46.6684],[4.5545,46.6677],[4.5468,46.6682],[4.5426,46.6677],[4.5429,46.6721],[4.5456,46.673],[4.5454,46.6747],[4.5478,46.6773],[4.5528,46.6797],[4.5534,46.6812],[4.5607,46.6828],[4.5591,46.6901],[4.562,46.6912],[4.5649,46.6863],[4.5669,46.6855],[4.5721,46.6861],[4.5786,46.6856],[4.58,46.6825],[4.586,46.6818]]]}},{"type":"Feature","properties":{"code":"71364","nom":"La Racineuse","pop":177},"geometry":{"type":"Polygon","coordinates":[[[5.1495,46.8469],[5.1511,46.8488],[5.1566,46.846],[5.1624,46.8447],[5.1656,46.8422],[5.1742,46.8409],[5.1735,46.8391],[5.1729,46.8348],[5.1712,46.8327],[5.173,46.8306],[5.177,46.8319],[5.1833,46.8295],[5.186,46.8279],[5.1851,46.8257],[5.1869,46.8239],[5.1854,46.82],[5.1789,46.8201],[5.1776,46.8194],[5.1732,46.8176],[5.1698,46.818],[5.1657,46.8175],[5.1632,46.8202],[5.1597,46.8208],[5.1599,46.8231],[5.1552,46.8225],[5.1451,46.8236],[5.1426,46.8254],[5.1388,46.8251],[5.1386,46.8269],[5.1401,46.8306],[5.1449,46.8377],[5.1458,46.8426],[5.1474,46.8445],[5.1495,46.8469]]]}},{"type":"Feature","properties":{"code":"71365","nom":"Rancy","pop":616},"geometry":{"type":"Polygon","coordinates":[[[5.0676,46.5933],[5.0689,46.5985],[5.0676,46.603],[5.0686,46.6075],[5.0728,46.6127],[5.0793,46.6159],[5.0886,46.6163],[5.089,46.6119],[5.0915,46.6106],[5.0907,46.6071],[5.094,46.6052],[5.0949,46.6033],[5.0978,46.6022],[5.0966,46.5987],[5.097,46.5968],[5.0997,46.5955],[5.0983,46.5933],[5.0986,46.5876],[5.0921,46.5853],[5.0865,46.5883],[5.0819,46.5896],[5.0796,46.5876],[5.0788,46.5896],[5.0698,46.592],[5.0676,46.5933]]]}},{"type":"Feature","properties":{"code":"71366","nom":"Ratenelle","pop":363},"geometry":{"type":"Polygon","coordinates":[[[5.0143,46.5384],[5.0164,46.5341],[5.0209,46.5335],[5.0212,46.5322],[5.0172,46.5297],[5.0229,46.5221],[5.0229,46.5205],[5.0198,46.5173],[5.0169,46.5172],[5.0148,46.5127],[5.0104,46.5112],[5.0046,46.51],[5.0003,46.512],[4.9966,46.5116],[4.9916,46.5123],[4.9884,46.5139],[4.983,46.5156],[4.9799,46.5153],[4.9791,46.5218],[4.9776,46.524],[4.9791,46.5261],[4.9828,46.5264],[4.9862,46.5288],[4.9849,46.5348],[4.9853,46.5374],[4.9923,46.5356],[4.9947,46.5378],[4.9973,46.5369],[4.9999,46.5394],[5.0143,46.5384]]]}},{"type":"Feature","properties":{"code":"71367","nom":"Ratte","pop":372},"geometry":{"type":"Polygon","coordinates":[[[5.3211,46.6301],[5.3162,46.6277],[5.3121,46.6275],[5.3059,46.6286],[5.3015,46.6266],[5.3006,46.6252],[5.2952,46.6249],[5.2939,46.6294],[5.2908,46.6283],[5.2891,46.631],[5.2865,46.6312],[5.2849,46.6293],[5.2822,46.6286],[5.2803,46.63],[5.2826,46.6328],[5.2812,46.6359],[5.2819,46.6394],[5.2799,46.6423],[5.2799,46.6453],[5.2867,46.6468],[5.2914,46.6452],[5.2963,46.6514],[5.2986,46.6532],[5.3069,46.6542],[5.3095,46.6543],[5.3119,46.6524],[5.3168,46.6537],[5.3224,46.6537],[5.319,46.6476],[5.3279,46.6472],[5.3305,46.6466],[5.3306,46.6447],[5.3285,46.6424],[5.3307,46.6409],[5.3323,46.6351],[5.3287,46.6346],[5.3277,46.6317],[5.3236,46.6314],[5.3211,46.6301]]]}},{"type":"Feature","properties":{"code":"71368","nom":"Reclesne","pop":289},"geometry":{"type":"Polygon","coordinates":[[[4.2613,47.0226],[4.2613,47.0282],[4.2525,47.0409],[4.2561,47.0425],[4.2577,47.0491],[4.2542,47.0523],[4.2552,47.0546],[4.2609,47.0595],[4.2644,47.0644],[4.272,47.066],[4.2736,47.0699],[4.294,47.075],[4.295,47.0755],[4.3044,47.0736],[4.3088,47.0709],[4.3095,47.0685],[4.3145,47.0664],[4.3149,47.061],[4.3159,47.0566],[4.315,47.0524],[4.3135,47.0515],[4.3146,47.0479],[4.3138,47.0456],[4.3143,47.0431],[4.3105,47.0437],[4.3091,47.0403],[4.3029,47.0362],[4.2991,47.0359],[4.2994,47.0316],[4.2986,47.0264],[4.3038,47.0248],[4.3039,47.021],[4.2981,47.0229],[4.2927,47.0228],[4.2908,47.0217],[4.2867,47.0214],[4.2818,47.022],[4.2762,47.0219],[4.2613,47.0226]]]}},{"type":"Feature","properties":{"code":"71369","nom":"Remigny","pop":404},"geometry":{"type":"Polygon","coordinates":[[[4.7185,46.9198],[4.7246,46.9218],[4.7282,46.9194],[4.7317,46.9158],[4.7337,46.9124],[4.7321,46.912],[4.7324,46.9074],[4.7342,46.9048],[4.7306,46.9006],[4.7202,46.8968],[4.7228,46.9003],[4.7173,46.9046],[4.7132,46.9064],[4.7175,46.908],[4.7152,46.9116],[4.7217,46.9131],[4.7185,46.9198]]]}},{"type":"Feature","properties":{"code":"71370","nom":"Rigny-sur-Arroux","pop":613},"geometry":{"type":"Polygon","coordinates":[[[4.0657,46.5162],[4.0621,46.5165],[4.0597,46.5116],[4.0566,46.5108],[4.0532,46.5112],[4.0457,46.5106],[4.0425,46.5084],[4.039,46.507],[4.0351,46.5076],[4.0339,46.5068],[4.0232,46.5063],[4.0158,46.51],[4.0154,46.5079],[4.0132,46.5071],[4.002,46.5104],[3.9986,46.5125],[3.9931,46.5148],[3.9905,46.5151],[3.9839,46.517],[3.9803,46.5191],[3.9806,46.5209],[3.9793,46.528],[3.978,46.5286],[3.9792,46.5322],[3.9824,46.5312],[3.9831,46.5336],[3.9779,46.5372],[3.9767,46.54],[3.9735,46.5393],[3.9712,46.541],[3.976,46.543],[3.9753,46.5478],[3.9683,46.5483],[3.967,46.5522],[3.961,46.555],[3.9644,46.5576],[3.9662,46.5604],[3.9697,46.5627],[3.9659,46.5672],[3.9681,46.5702],[3.9712,46.572],[3.9722,46.5738],[3.9687,46.5748],[3.9691,46.5783],[3.9765,46.5786],[3.9813,46.577],[3.986,46.5812],[3.9917,46.5749],[3.9991,46.5729],[4.0023,46.5737],[4.0042,46.574],[4.0117,46.5725],[4.0145,46.573],[4.0213,46.5721],[4.0238,46.5709],[4.0269,46.5728],[4.0285,46.5716],[4.0351,46.5708],[4.0358,46.5692],[4.0429,46.5668],[4.0468,46.5645],[4.0501,46.5647],[4.0533,46.5631],[4.0567,46.5646],[4.0546,46.5622],[4.0555,46.5605],[4.06,46.5583],[4.0662,46.5546],[4.0663,46.5504],[4.0627,46.5494],[4.0636,46.5467],[4.0669,46.545],[4.0685,46.5458],[4.0716,46.5416],[4.0696,46.5388],[4.0692,46.5344],[4.0711,46.5274],[4.0693,46.5245],[4.0706,46.5222],[4.0656,46.5172],[4.0657,46.5162]]]}},{"type":"Feature","properties":{"code":"71371","nom":"La Roche-Vineuse","pop":1570},"geometry":{"type":"Polygon","coordinates":[[[4.7166,46.3601],[4.7231,46.3578],[4.7276,46.3568],[4.7288,46.3587],[4.7374,46.357],[4.748,46.3592],[4.754,46.3591],[4.7612,46.356],[4.7627,46.3606],[4.7664,46.3634],[4.7668,46.3651],[4.7703,46.3653],[4.773,46.3678],[4.7779,46.3689],[4.7812,46.367],[4.7839,46.3682],[4.788,46.3684],[4.7901,46.3675],[4.7871,46.3604],[4.7874,46.3581],[4.7837,46.3519],[4.7823,46.3457],[4.7785,46.3456],[4.7734,46.3499],[4.7695,46.35],[4.7664,46.3472],[4.7641,46.3436],[4.7625,46.3434],[4.7592,46.344],[4.7583,46.3417],[4.7531,46.3425],[4.7479,46.3412],[4.7447,46.3428],[4.7361,46.3423],[4.7401,46.3371],[4.7366,46.3364],[4.7367,46.3341],[4.7347,46.3321],[4.7302,46.3328],[4.7149,46.34],[4.715,46.3417],[4.7123,46.3426],[4.7097,46.3448],[4.7117,46.3465],[4.7076,46.3479],[4.7078,46.3511],[4.7119,46.3522],[4.7159,46.3512],[4.7166,46.3601]]]}},{"type":"Feature","properties":{"code":"71372","nom":"Romanèche-Thorins","pop":2005},"geometry":{"type":"Polygon","coordinates":[[[4.7211,46.1979],[4.7207,46.2009],[4.7253,46.2045],[4.7263,46.2083],[4.7344,46.2064],[4.7358,46.2119],[4.7391,46.2106],[4.7453,46.2069],[4.7492,46.2061],[4.7508,46.2035],[4.7489,46.2001],[4.7522,46.1986],[4.7546,46.1963],[4.7571,46.1894],[4.7599,46.1873],[4.7685,46.187],[4.7682,46.1827],[4.7755,46.1772],[4.7703,46.1753],[4.7679,46.1769],[4.7627,46.1763],[4.7612,46.1763],[4.7601,46.1728],[4.7519,46.1725],[4.7474,46.1755],[4.7398,46.1757],[4.7347,46.178],[4.7278,46.1791],[4.7271,46.18],[4.7296,46.1826],[4.7261,46.1829],[4.7245,46.1842],[4.7253,46.1886],[4.7217,46.1904],[4.7202,46.1941],[4.7211,46.1979]]]}},{"type":"Feature","properties":{"code":"71373","nom":"Romenay","pop":1748},"geometry":{"type":"Polygon","coordinates":[[[5.1341,46.5015],[5.1311,46.5014],[5.1281,46.4997],[5.1213,46.4981],[5.1159,46.496],[5.1146,46.4928],[5.109,46.4916],[5.0994,46.4968],[5.0978,46.4993],[5.0957,46.4993],[5.0921,46.4958],[5.0887,46.4957],[5.0882,46.4929],[5.084,46.4904],[5.0762,46.4888],[5.0764,46.486],[5.0714,46.4859],[5.0622,46.4856],[5.0621,46.4846],[5.0547,46.4841],[5.0513,46.4866],[5.0463,46.4885],[5.0446,46.4902],[5.0405,46.4915],[5.0327,46.492],[5.0287,46.4918],[5.0261,46.4959],[5.0228,46.4964],[5.0183,46.499],[5.0144,46.5004],[5.0121,46.503],[5.0119,46.5058],[5.0094,46.507],[5.0113,46.5097],[5.0104,46.5112],[5.0148,46.5127],[5.0169,46.5172],[5.0198,46.5173],[5.0229,46.5205],[5.0229,46.5221],[5.0172,46.5297],[5.0212,46.5322],[5.0242,46.5326],[5.0302,46.5292],[5.0342,46.5287],[5.0353,46.53],[5.0398,46.5311],[5.0441,46.5341],[5.0466,46.5367],[5.0488,46.5357],[5.0522,46.5372],[5.0548,46.5402],[5.0573,46.5403],[5.062,46.5422],[5.0697,46.5465],[5.0716,46.5463],[5.0775,46.5435],[5.0788,46.5408],[5.0844,46.5414],[5.0851,46.5393],[5.0883,46.5394],[5.0914,46.5366],[5.0953,46.5373],[5.099,46.5363],[5.1105,46.5362],[5.1146,46.5371],[5.1187,46.5369],[5.1189,46.5346],[5.1223,46.5342],[5.1257,46.5326],[5.125,46.5311],[5.1298,46.529],[5.1348,46.5291],[5.14,46.53],[5.143,46.528],[5.1456,46.5279],[5.1531,46.5248],[5.1564,46.5222],[5.1613,46.521],[5.1658,46.5177],[5.1678,46.5126],[5.1656,46.5098],[5.1655,46.5069],[5.1671,46.5047],[5.1665,46.5031],[5.1565,46.5075],[5.1498,46.5078],[5.1465,46.5069],[5.1389,46.5097],[5.1349,46.5091],[5.1345,46.5051],[5.1355,46.5035],[5.1341,46.5015]]]}},{"type":"Feature","properties":{"code":"71374","nom":"Rosey","pop":156},"geometry":{"type":"Polygon","coordinates":[[[4.693,46.7409],[4.6947,46.7447],[4.6968,46.7472],[4.702,46.7514],[4.7065,46.7513],[4.7085,46.7479],[4.7137,46.7472],[4.7148,46.7491],[4.7209,46.7464],[4.7211,46.7441],[4.7316,46.7366],[4.7406,46.7347],[4.7438,46.7336],[4.7452,46.7306],[4.7448,46.7301],[4.7303,46.7317],[4.7102,46.7334],[4.7022,46.7336],[4.7027,46.7369],[4.7018,46.7383],[4.6961,46.7407],[4.693,46.7409]]]}},{"type":"Feature","properties":{"code":"71376","nom":"Roussillon-en-Morvan","pop":272},"geometry":{"type":"Polygon","coordinates":[[[4.0366,47.0021],[4.0381,47.005],[4.0438,47.0092],[4.0489,47.0115],[4.0565,47.0132],[4.059,47.0204],[4.0618,47.0236],[4.0599,47.026],[4.0604,47.0291],[4.0587,47.0319],[4.0617,47.0332],[4.0706,47.0316],[4.0752,47.0324],[4.0789,47.0287],[4.0803,47.032],[4.0943,47.0354],[4.0917,47.0407],[4.0939,47.0441],[4.103,47.043],[4.1041,47.0447],[4.1123,47.0441],[4.1157,47.0487],[4.1206,47.0488],[4.1243,47.044],[4.1278,47.0423],[4.1327,47.0436],[4.1361,47.0428],[4.1408,47.0446],[4.1439,47.0434],[4.1443,47.046],[4.147,47.0494],[4.1499,47.0485],[4.1508,47.0462],[4.1512,47.0423],[4.1472,47.0406],[4.1476,47.0379],[4.1509,47.0376],[4.1501,47.0341],[4.1539,47.0323],[4.1587,47.0334],[4.1589,47.0301],[4.1607,47.029],[4.1595,47.0259],[4.163,47.0251],[4.1588,47.0234],[4.1563,47.0201],[4.1509,47.0212],[4.1483,47.0145],[4.1403,47.0072],[4.1383,47.006],[4.1323,47.0051],[4.1297,47.0058],[4.1194,47.0065],[4.1157,47.0087],[4.1099,47.0087],[4.1074,47.0042],[4.1028,47.0017],[4.0993,47.0021],[4.0906,47.0011],[4.089,46.9985],[4.0868,46.9964],[4.0787,46.9924],[4.0763,46.9925],[4.0729,46.9953],[4.0665,46.9988],[4.066,47.0016],[4.0606,47.0049],[4.0566,47.0055],[4.0522,47.0041],[4.0437,47.0035],[4.0392,47.0019],[4.0366,47.0021]]]}},{"type":"Feature","properties":{"code":"71377","nom":"Royer","pop":138},"geometry":{"type":"Polygon","coordinates":[[[4.8154,46.5682],[4.8184,46.5718],[4.8252,46.567],[4.8255,46.5652],[4.8292,46.564],[4.8318,46.5643],[4.8334,46.5662],[4.8426,46.564],[4.8415,46.5619],[4.846,46.5611],[4.8441,46.5548],[4.8428,46.5519],[4.8341,46.5532],[4.8291,46.5486],[4.8256,46.5415],[4.8148,46.5427],[4.8122,46.5425],[4.8096,46.5432],[4.8007,46.5438],[4.8034,46.5451],[4.8064,46.5509],[4.8062,46.5522],[4.8138,46.5615],[4.8154,46.5682]]]}},{"type":"Feature","properties":{"code":"71378","nom":"Rully","pop":1609},"geometry":{"type":"Polygon","coordinates":[[[4.7402,46.8594],[4.7358,46.8579],[4.7304,46.855],[4.7226,46.8527],[4.7126,46.8525],[4.7047,46.8574],[4.7057,46.8612],[4.7104,46.8612],[4.7124,46.8651],[4.7102,46.8685],[4.7135,46.8701],[4.7185,46.8767],[4.721,46.8771],[4.7239,46.8803],[4.7365,46.887],[4.7392,46.89],[4.7523,46.8869],[4.7552,46.8869],[4.7603,46.8855],[4.7651,46.8851],[4.7708,46.883],[4.7745,46.8845],[4.7816,46.8852],[4.7884,46.8847],[4.7943,46.8837],[4.7959,46.8827],[4.8008,46.8818],[4.8051,46.88],[4.8095,46.8789],[4.8151,46.8789],[4.8149,46.8771],[4.8075,46.877],[4.8009,46.8708],[4.7921,46.8678],[4.791,46.8669],[4.7838,46.8709],[4.7773,46.8726],[4.7736,46.8741],[4.7627,46.8697],[4.7527,46.867],[4.7511,46.8651],[4.7402,46.8594]]]}},{"type":"Feature","properties":{"code":"71379","nom":"Sagy","pop":1249},"geometry":{"type":"Polygon","coordinates":[[[5.3323,46.6351],[5.3382,46.6352],[5.3389,46.6307],[5.342,46.629],[5.3451,46.63],[5.3495,46.629],[5.3547,46.6221],[5.3538,46.618],[5.3549,46.6159],[5.3587,46.615],[5.3583,46.6116],[5.3621,46.6098],[5.3621,46.6082],[5.3573,46.604],[5.358,46.5986],[5.3603,46.5961],[5.3589,46.5939],[5.3562,46.5921],[5.359,46.5896],[5.358,46.586],[5.3556,46.5818],[5.3514,46.5805],[5.3507,46.5786],[5.3515,46.5745],[5.3474,46.572],[5.3436,46.5715],[5.3398,46.5722],[5.3382,46.5697],[5.3336,46.5652],[5.3327,46.5586],[5.3335,46.5568],[5.333,46.5523],[5.3301,46.5527],[5.3287,46.5552],[5.3215,46.5566],[5.3185,46.5554],[5.3161,46.5561],[5.3102,46.5562],[5.307,46.5555],[5.3058,46.5588],[5.3037,46.5593],[5.3029,46.5619],[5.3008,46.5636],[5.2976,46.5643],[5.2975,46.5662],[5.2897,46.5658],[5.2889,46.5687],[5.2905,46.5711],[5.2888,46.5737],[5.2872,46.5785],[5.2857,46.5808],[5.2897,46.5835],[5.2867,46.588],[5.2891,46.5921],[5.2878,46.5949],[5.2922,46.6022],[5.2948,46.6031],[5.2953,46.6065],[5.3037,46.6068],[5.3054,46.6095],[5.3024,46.613],[5.3065,46.6152],[5.3084,46.6172],[5.307,46.6194],[5.3131,46.6221],[5.3131,46.6234],[5.3209,46.6265],[5.3211,46.6301],[5.3236,46.6314],[5.3277,46.6317],[5.3287,46.6346],[5.3323,46.6351]]]}},{"type":"Feature","properties":{"code":"71380","nom":"Saillenard","pop":830},"geometry":{"type":"Polygon","coordinates":[[[5.3953,46.685],[5.3874,46.6841],[5.3877,46.6815],[5.3827,46.6811],[5.3784,46.6783],[5.3749,46.6784],[5.3747,46.6738],[5.3703,46.6747],[5.3684,46.6737],[5.3658,46.6759],[5.3651,46.6783],[5.3626,46.6781],[5.3573,46.6809],[5.3549,46.6831],[5.3511,46.6817],[5.3494,46.6799],[5.347,46.6826],[5.3447,46.6811],[5.3402,46.6829],[5.3367,46.6857],[5.3319,46.6885],[5.3365,46.6887],[5.3405,46.6906],[5.3396,46.6933],[5.3445,46.6989],[5.3497,46.7026],[5.3499,46.7075],[5.3488,46.7102],[5.3537,46.7112],[5.3502,46.7145],[5.3506,46.7157],[5.3556,46.7184],[5.3614,46.719],[5.3646,46.7176],[5.3677,46.7195],[5.3762,46.7156],[5.3822,46.7157],[5.3836,46.7192],[5.3874,46.7191],[5.3957,46.7157],[5.3946,46.7145],[5.3951,46.7078],[5.3997,46.7076],[5.4027,46.7058],[5.404,46.7036],[5.4065,46.7041],[5.4079,46.7028],[5.4084,46.6986],[5.4078,46.6959],[5.405,46.6949],[5.4032,46.6925],[5.4014,46.6921],[5.3976,46.6869],[5.3953,46.685]]]}},{"type":"Feature","properties":{"code":"71381","nom":"Sailly","pop":75},"geometry":{"type":"Polygon","coordinates":[[[4.5791,46.5226],[4.57,46.5224],[4.5639,46.5226],[4.5582,46.5238],[4.5528,46.5236],[4.5528,46.52],[4.5503,46.517],[4.5455,46.5173],[4.5416,46.5168],[4.538,46.519],[4.5322,46.5202],[4.5323,46.5232],[4.5338,46.5245],[4.5339,46.5283],[4.535,46.5302],[4.5417,46.5299],[4.5466,46.5312],[4.5483,46.536],[4.5478,46.5407],[4.5464,46.5429],[4.5485,46.5468],[4.5536,46.5459],[4.5573,46.5459],[4.5595,46.5442],[4.563,46.5446],[4.5733,46.5444],[4.579,46.5447],[4.579,46.5433],[4.5841,46.5432],[4.5887,46.5456],[4.5924,46.5448],[4.5908,46.542],[4.5926,46.5381],[4.5883,46.5361],[4.5878,46.5304],[4.5823,46.529],[4.5768,46.5264],[4.5791,46.5226]]]}},{"type":"Feature","properties":{"code":"71382","nom":"Saint-Agnan","pop":697},"geometry":{"type":"Polygon","coordinates":[[[3.8458,46.5129],[3.8519,46.5204],[3.8573,46.5228],[3.8608,46.5267],[3.8568,46.5314],[3.8616,46.5351],[3.8629,46.5395],[3.8612,46.5424],[3.8625,46.5435],[3.8633,46.5481],[3.8662,46.5503],[3.8723,46.5489],[3.8745,46.5464],[3.8788,46.545],[3.8794,46.5411],[3.8837,46.5426],[3.8855,46.5424],[3.8894,46.5504],[3.8894,46.5475],[3.8962,46.5444],[3.8938,46.5376],[3.8979,46.5326],[3.9011,46.5311],[3.9006,46.5255],[3.8978,46.5232],[3.9012,46.5205],[3.9044,46.5209],[3.9098,46.5236],[3.9139,46.5217],[3.9159,46.5225],[3.9213,46.5219],[3.9222,46.52],[3.9197,46.5183],[3.9229,46.5152],[3.9257,46.5147],[3.9313,46.5161],[3.9358,46.5121],[3.934,46.5103],[3.9308,46.509],[3.924,46.5039],[3.9186,46.5011],[3.9169,46.499],[3.9165,46.4962],[3.9097,46.4953],[3.9035,46.4921],[3.9002,46.4895],[3.8982,46.4851],[3.8968,46.4815],[3.8946,46.4808],[3.8898,46.4814],[3.8855,46.4835],[3.8778,46.4867],[3.8716,46.4874],[3.866,46.4891],[3.8609,46.4927],[3.8603,46.5],[3.8617,46.5045],[3.8641,46.5091],[3.8636,46.5129],[3.8604,46.5149],[3.8553,46.5154],[3.8482,46.5128],[3.8458,46.5129]]]}},{"type":"Feature","properties":{"code":"71383","nom":"Saint-Albain","pop":550},"geometry":{"type":"Polygon","coordinates":[[[4.8914,46.428],[4.8903,46.4252],[4.8887,46.4174],[4.8765,46.4177],[4.8763,46.4151],[4.8731,46.4145],[4.8689,46.4152],[4.8658,46.4169],[4.8627,46.4153],[4.8587,46.4158],[4.8537,46.4118],[4.8426,46.4141],[4.8371,46.416],[4.8393,46.4192],[4.8412,46.4189],[4.8416,46.4222],[4.8439,46.4218],[4.8502,46.4265],[4.8548,46.4256],[4.8638,46.4255],[4.8658,46.4294],[4.8679,46.4318],[4.8715,46.4317],[4.8746,46.4312],[4.8885,46.4309],[4.8896,46.4366],[4.8911,46.4384],[4.8918,46.4381],[4.8914,46.428]]]}},{"type":"Feature","properties":{"code":"71384","nom":"Saint-Ambreuil","pop":523},"geometry":{"type":"Polygon","coordinates":[[[4.7786,46.6773],[4.7855,46.6786],[4.7917,46.6818],[4.7943,46.6871],[4.7974,46.6885],[4.8062,46.6905],[4.8096,46.6929],[4.8141,46.6983],[4.8157,46.7009],[4.8322,46.6986],[4.8426,46.6962],[4.8482,46.6961],[4.8482,46.6982],[4.8521,46.7006],[4.8548,46.6996],[4.8607,46.6988],[4.8634,46.6975],[4.8684,46.6974],[4.8747,46.6871],[4.8739,46.6867],[4.8721,46.6849],[4.8677,46.6838],[4.8659,46.6857],[4.8623,46.685],[4.8623,46.6834],[4.858,46.6824],[4.8569,46.6834],[4.8531,46.6823],[4.8525,46.6798],[4.8422,46.6793],[4.8391,46.6778],[4.8347,46.6783],[4.831,46.6755],[4.8262,46.6744],[4.8204,46.669],[4.814,46.6623],[4.8112,46.6585],[4.8074,46.6617],[4.8046,46.6616],[4.802,46.6629],[4.7974,46.6598],[4.7909,46.6575],[4.7796,46.6651],[4.7761,46.6686],[4.773,46.6701],[4.7702,46.6681],[4.7685,46.669],[4.7663,46.6698],[4.7654,46.6748],[4.7712,46.6745],[4.7786,46.6773]]]}},{"type":"Feature","properties":{"code":"71385","nom":"Saint-Amour-Bellevue","pop":609},"geometry":{"type":"Polygon","coordinates":[[[4.7095,46.2483],[4.7097,46.2488],[4.72,46.2486],[4.7252,46.2492],[4.7286,46.2486],[4.7387,46.249],[4.742,46.2498],[4.7449,46.2491],[4.7478,46.2513],[4.7514,46.2501],[4.7555,46.2471],[4.7589,46.2468],[4.7594,46.2451],[4.7581,46.2413],[4.758,46.2347],[4.7559,46.2322],[4.7531,46.2272],[4.7467,46.2301],[4.7374,46.2328],[4.7369,46.2325],[4.7353,46.2342],[4.7319,46.2354],[4.7275,46.2396],[4.7201,46.2453],[4.7176,46.2441],[4.7134,46.2471],[4.7095,46.2483]]]}},{"type":"Feature","properties":{"code":"71386","nom":"Saint-André-en-Bresse","pop":136},"geometry":{"type":"Polygon","coordinates":[[[5.0675,46.6537],[5.0726,46.6585],[5.0772,46.6601],[5.0788,46.6598],[5.085,46.6654],[5.0918,46.6645],[5.0941,46.6635],[5.0935,46.6593],[5.0996,46.655],[5.0994,46.6447],[5.097,46.6416],[5.0971,46.6393],[5.0942,46.6376],[5.09,46.6378],[5.085,46.6349],[5.0816,46.6359],[5.083,46.6384],[5.0799,46.6447],[5.0747,46.6476],[5.0747,46.6507],[5.0675,46.6537]]]}},{"type":"Feature","properties":{"code":"71387","nom":"Saint-André-le-Désert","pop":243},"geometry":{"type":"Polygon","coordinates":[[[4.5758,46.508],[4.577,46.5057],[4.576,46.5026],[4.5742,46.4999],[4.574,46.4972],[4.5719,46.4959],[4.573,46.4942],[4.5702,46.4918],[4.568,46.4872],[4.5613,46.489],[4.5602,46.4871],[4.556,46.4861],[4.547,46.4852],[4.5426,46.4839],[4.5404,46.4841],[4.5387,46.486],[4.536,46.4851],[4.5204,46.4855],[4.515,46.4848],[4.511,46.4852],[4.5059,46.4875],[4.5024,46.4881],[4.4986,46.4901],[4.4899,46.4929],[4.488,46.4924],[4.4843,46.4934],[4.483,46.4963],[4.4801,46.4976],[4.4806,46.4994],[4.4872,46.4993],[4.4944,46.5002],[4.5019,46.5026],[4.5114,46.506],[4.509,46.5122],[4.5131,46.5123],[4.5189,46.5114],[4.5243,46.5123],[4.5241,46.5142],[4.5301,46.5159],[4.5322,46.5202],[4.538,46.519],[4.5416,46.5168],[4.5455,46.5173],[4.5503,46.517],[4.5534,46.5162],[4.5548,46.5144],[4.56,46.5106],[4.566,46.5115],[4.571,46.5108],[4.5733,46.5083],[4.5758,46.508]]]}},{"type":"Feature","properties":{"code":"71388","nom":"Saint-Aubin-en-Charollais","pop":505},"geometry":{"type":"Polygon","coordinates":[[[4.1891,46.4765],[4.1862,46.4825],[4.1883,46.4837],[4.1886,46.4891],[4.1864,46.491],[4.1788,46.4922],[4.1828,46.4972],[4.1823,46.5002],[4.1856,46.5054],[4.1869,46.5088],[4.187,46.512],[4.1798,46.5132],[4.1778,46.5114],[4.175,46.5134],[4.1782,46.5162],[4.1722,46.5187],[4.1752,46.5218],[4.1783,46.523],[4.1837,46.5217],[4.1801,46.527],[4.1846,46.5251],[4.1927,46.5242],[4.1947,46.5212],[4.2021,46.5202],[4.2039,46.5191],[4.2111,46.5174],[4.2123,46.5166],[4.2221,46.5168],[4.2262,46.5189],[4.2262,46.523],[4.2306,46.5228],[4.2335,46.525],[4.2416,46.5254],[4.2408,46.5224],[4.2373,46.521],[4.2317,46.5154],[4.2332,46.5109],[4.2357,46.5069],[4.2394,46.5038],[4.2426,46.5048],[4.2438,46.5026],[4.2431,46.4986],[4.2455,46.4971],[4.2439,46.4957],[4.2401,46.4955],[4.2432,46.4928],[4.2408,46.4903],[4.2436,46.4878],[4.2478,46.486],[4.2462,46.4853],[4.2409,46.4878],[4.2378,46.4901],[4.236,46.4885],[4.2333,46.4889],[4.2306,46.4877],[4.223,46.4821],[4.2212,46.4816],[4.2222,46.4786],[4.2151,46.479],[4.2145,46.4758],[4.2098,46.4757],[4.2081,46.4778],[4.1973,46.4761],[4.1935,46.4774],[4.1891,46.4765]]]}},{"type":"Feature","properties":{"code":"71389","nom":"Saint-Aubin-sur-Loire","pop":262},"geometry":{"type":"Polygon","coordinates":[[[3.7343,46.5544],[3.7385,46.5568],[3.741,46.5602],[3.743,46.566],[3.7426,46.5692],[3.7405,46.5759],[3.739,46.5838],[3.7419,46.5831],[3.7492,46.5842],[3.7571,46.5823],[3.7697,46.5839],[3.7718,46.5825],[3.7759,46.5782],[3.7787,46.5772],[3.785,46.5773],[3.7878,46.5755],[3.7895,46.5718],[3.7947,46.5693],[3.7951,46.5664],[3.7884,46.562],[3.7839,46.5615],[3.7797,46.5601],[3.7788,46.558],[3.776,46.5581],[3.7705,46.5551],[3.7656,46.5539],[3.7651,46.5527],[3.7588,46.5513],[3.756,46.5533],[3.7507,46.5535],[3.744,46.553],[3.7425,46.5537],[3.7369,46.5516],[3.7343,46.5544]]]}},{"type":"Feature","properties":{"code":"71390","nom":"Saint-Berain-sous-Sanvignes","pop":1102},"geometry":{"type":"Polygon","coordinates":[[[4.2286,46.6997],[4.2306,46.7027],[4.2287,46.7054],[4.2317,46.707],[4.2317,46.709],[4.2343,46.7094],[4.2353,46.7076],[4.243,46.7121],[4.2449,46.7145],[4.2494,46.7146],[4.2505,46.7173],[4.2482,46.7205],[4.2504,46.7215],[4.251,46.7271],[4.2552,46.7292],[4.2574,46.7313],[4.2604,46.7367],[4.2565,46.7398],[4.2539,46.7457],[4.2518,46.7475],[4.2503,46.7517],[4.2509,46.7545],[4.2536,46.7548],[4.2596,46.7591],[4.2677,46.763],[4.2729,46.7648],[4.2722,46.7621],[4.2729,46.7585],[4.2755,46.7531],[4.2774,46.7509],[4.2824,46.7471],[4.2845,46.7434],[4.2867,46.742],[4.294,46.7419],[4.2976,46.7407],[4.305,46.74],[4.3077,46.7408],[4.3097,46.7378],[4.3155,46.7357],[4.3174,46.7364],[4.3269,46.736],[4.3315,46.7351],[4.3389,46.7354],[4.3413,46.7339],[4.3436,46.7348],[4.346,46.7325],[4.3422,46.7293],[4.3361,46.7252],[4.3346,46.7219],[4.336,46.7197],[4.3322,46.7158],[4.3324,46.7112],[4.3385,46.7115],[4.3408,46.7125],[4.3456,46.7118],[4.3463,46.709],[4.3434,46.7059],[4.3482,46.7065],[4.3502,46.703],[4.3492,46.6993],[4.3477,46.6984],[4.3472,46.6939],[4.3441,46.6914],[4.3359,46.6902],[4.3267,46.686],[4.3203,46.6814],[4.3169,46.6793],[4.3139,46.6823],[4.3115,46.6826],[4.3141,46.6881],[4.3085,46.689],[4.3038,46.6862],[4.3,46.6893],[4.2941,46.6879],[4.2854,46.6885],[4.2791,46.6901],[4.2783,46.6889],[4.2687,46.6924],[4.2654,46.6916],[4.2548,46.6939],[4.2511,46.6922],[4.2409,46.6981],[4.2385,46.6965],[4.2357,46.6977],[4.2314,46.6982],[4.2286,46.6997]]]}},{"type":"Feature","properties":{"code":"71391","nom":"Saint-Bérain-sur-Dheune","pop":538},"geometry":{"type":"Polygon","coordinates":[[[4.6529,46.8128],[4.6496,46.8087],[4.6477,46.8079],[4.6472,46.805],[4.6434,46.8026],[4.6386,46.8029],[4.6363,46.8018],[4.626,46.8016],[4.6226,46.799],[4.62,46.8007],[4.6141,46.8011],[4.6111,46.8036],[4.6073,46.8032],[4.6039,46.805],[4.6002,46.8053],[4.597,46.8079],[4.5921,46.8099],[4.5837,46.8078],[4.5805,46.8095],[4.5818,46.8129],[4.5842,46.8149],[4.5817,46.8174],[4.5832,46.8184],[4.5898,46.8188],[4.5911,46.8202],[4.5854,46.8244],[4.5888,46.8276],[4.5908,46.832],[4.5945,46.8316],[4.5974,46.8337],[4.6035,46.8329],[4.6056,46.8343],[4.6086,46.8335],[4.6164,46.834],[4.618,46.8364],[4.6145,46.839],[4.6189,46.8384],[4.623,46.8351],[4.6244,46.8348],[4.6256,46.8286],[4.6248,46.8277],[4.6267,46.8243],[4.6306,46.8218],[4.6306,46.8191],[4.6357,46.818],[4.6397,46.8162],[4.6429,46.8138],[4.6509,46.8126],[4.6529,46.8128]]]}},{"type":"Feature","properties":{"code":"71392","nom":"Saint-Boil","pop":491},"geometry":{"type":"Polygon","coordinates":[[[4.6796,46.6454],[4.6786,46.6497],[4.6797,46.6514],[4.6796,46.6565],[4.6805,46.6569],[4.6898,46.6571],[4.6973,46.6561],[4.6996,46.658],[4.7034,46.6588],[4.7112,46.6585],[4.7178,46.656],[4.7174,46.6526],[4.72,46.6491],[4.723,46.6485],[4.7221,46.6468],[4.7317,46.6439],[4.7318,46.6416],[4.7234,46.6325],[4.7096,46.63],[4.7043,46.6302],[4.7026,46.6271],[4.6917,46.627],[4.6891,46.6277],[4.6809,46.6262],[4.677,46.6266],[4.6772,46.6282],[4.6729,46.628],[4.6697,46.6334],[4.67,46.6354],[4.6728,46.6385],[4.6767,46.6407],[4.6796,46.6454]]]}},{"type":"Feature","properties":{"code":"71393","nom":"Saint-Bonnet-de-Cray","pop":508},"geometry":{"type":"Polygon","coordinates":[[[4.1432,46.1761],[4.134,46.1773],[4.1337,46.1792],[4.1383,46.1842],[4.1413,46.1859],[4.1443,46.1865],[4.1429,46.189],[4.1449,46.1912],[4.1477,46.1973],[4.1473,46.2012],[4.1377,46.2073],[4.1361,46.21],[4.1323,46.2104],[4.132,46.2122],[4.1287,46.2181],[4.1272,46.2178],[4.13,46.2228],[4.1351,46.2257],[4.1434,46.2273],[4.149,46.227],[4.1534,46.2243],[4.1578,46.227],[4.1652,46.2262],[4.1666,46.227],[4.1774,46.225],[4.1845,46.225],[4.186,46.226],[4.1924,46.2249],[4.1943,46.2232],[4.1983,46.2229],[4.2001,46.2209],[4.1917,46.2129],[4.1897,46.2063],[4.1845,46.1967],[4.182,46.1895],[4.185,46.19],[4.1831,46.186],[4.1846,46.1843],[4.185,46.1799],[4.1863,46.1792],[4.1884,46.1751],[4.187,46.1746],[4.1761,46.1734],[4.1661,46.1729],[4.1541,46.1749],[4.1432,46.1761]]]}},{"type":"Feature","properties":{"code":"71394","nom":"Saint-Bonnet-de-Joux","pop":830},"geometry":{"type":"Polygon","coordinates":[[[4.4801,46.4976],[4.483,46.4963],[4.4843,46.4934],[4.4824,46.4894],[4.4785,46.4847],[4.4775,46.4813],[4.4748,46.4779],[4.4731,46.4774],[4.4697,46.473],[4.4667,46.4723],[4.47,46.4687],[4.4668,46.4683],[4.462,46.4691],[4.4527,46.468],[4.4527,46.4669],[4.4491,46.4635],[4.4467,46.4599],[4.4479,46.4563],[4.4481,46.4519],[4.4442,46.45],[4.4373,46.4479],[4.4337,46.4453],[4.4277,46.4474],[4.4245,46.4458],[4.4191,46.4504],[4.4157,46.4511],[4.4026,46.4549],[4.4048,46.4576],[4.4014,46.4586],[4.3979,46.462],[4.3982,46.4634],[4.3936,46.4648],[4.392,46.4667],[4.3906,46.4706],[4.3917,46.4746],[4.3909,46.4796],[4.39,46.4803],[4.3973,46.4808],[4.3961,46.4836],[4.4022,46.484],[4.4065,46.488],[4.4069,46.4896],[4.4052,46.4918],[4.4072,46.4926],[4.4067,46.4957],[4.405,46.4964],[4.4047,46.4997],[4.4065,46.5014],[4.4074,46.5049],[4.4133,46.5106],[4.4142,46.5144],[4.4183,46.5125],[4.4199,46.5091],[4.4226,46.5074],[4.4222,46.5055],[4.4292,46.502],[4.4277,46.5007],[4.4279,46.4973],[4.4305,46.4956],[4.4288,46.4941],[4.4312,46.4926],[4.4308,46.491],[4.4371,46.4903],[4.4445,46.4883],[4.4614,46.51],[4.4659,46.5044],[4.4693,46.5019],[4.4755,46.5008],[4.4801,46.4976]]]}},{"type":"Feature","properties":{"code":"71395","nom":"Saint-Bonnet-de-Vieille-Vigne","pop":215},"geometry":{"type":"Polygon","coordinates":[[[4.2426,46.5048],[4.2394,46.5038],[4.2357,46.5069],[4.2332,46.5109],[4.2317,46.5154],[4.2373,46.521],[4.2408,46.5224],[4.2416,46.5254],[4.2461,46.5245],[4.2478,46.528],[4.2479,46.5304],[4.2505,46.5335],[4.2476,46.5394],[4.2504,46.5431],[4.2566,46.5435],[4.256,46.5448],[4.2602,46.5474],[4.2613,46.549],[4.2644,46.5503],[4.2721,46.5503],[4.2762,46.5535],[4.2774,46.5567],[4.2774,46.5553],[4.2812,46.5524],[4.2881,46.5509],[4.2942,46.551],[4.304,46.5504],[4.3036,46.549],[4.3047,46.5443],[4.3027,46.5435],[4.2991,46.5374],[4.3036,46.5295],[4.3029,46.5229],[4.3018,46.5201],[4.2986,46.5139],[4.2957,46.5149],[4.2892,46.5134],[4.2828,46.5154],[4.2808,46.5182],[4.2738,46.519],[4.2697,46.5185],[4.2672,46.5191],[4.2643,46.5172],[4.258,46.5165],[4.2538,46.5154],[4.2525,46.5122],[4.2505,46.5107],[4.2529,46.5068],[4.2475,46.5049],[4.2426,46.5048]]]}},{"type":"Feature","properties":{"code":"71396","nom":"Saint-Bonnet-en-Bresse","pop":496},"geometry":{"type":"Polygon","coordinates":[[[5.213,46.8414],[5.2101,46.8421],[5.2046,46.8458],[5.2002,46.8428],[5.1956,46.8434],[5.1937,46.8423],[5.1887,46.8427],[5.1854,46.842],[5.1843,46.8405],[5.1794,46.8398],[5.1769,46.8379],[5.1735,46.8391],[5.1742,46.8409],[5.1656,46.8422],[5.1624,46.8447],[5.1566,46.846],[5.1511,46.8488],[5.1495,46.8469],[5.1453,46.8481],[5.1427,46.8505],[5.1439,46.8543],[5.1413,46.8566],[5.1416,46.8591],[5.1477,46.8651],[5.1487,46.8678],[5.1512,46.8684],[5.1529,46.8729],[5.1528,46.8777],[5.1617,46.8759],[5.1685,46.8761],[5.1734,46.8756],[5.1781,46.8767],[5.1809,46.8751],[5.1837,46.8758],[5.1897,46.8745],[5.1913,46.8762],[5.194,46.876],[5.1953,46.8738],[5.1988,46.8722],[5.2042,46.8706],[5.2069,46.8707],[5.208,46.8683],[5.2124,46.8664],[5.2164,46.8634],[5.2156,46.8604],[5.213,46.8583],[5.2198,46.8574],[5.219,46.8557],[5.2148,46.8545],[5.2111,46.8563],[5.2072,46.8493],[5.208,46.8476],[5.214,46.8463],[5.213,46.8414]]]}},{"type":"Feature","properties":{"code":"71397","nom":"Sainte-Cécile","pop":283},"geometry":{"type":"Polygon","coordinates":[[[4.6597,46.3786],[4.6507,46.3775],[4.648,46.3781],[4.6376,46.3831],[4.6332,46.381],[4.633,46.3793],[4.6234,46.3793],[4.6196,46.3762],[4.6161,46.3759],[4.6153,46.3714],[4.6127,46.3689],[4.6083,46.3689],[4.6025,46.3717],[4.5991,46.3717],[4.5981,46.3733],[4.6042,46.3733],[4.6054,46.3745],[4.6058,46.3763],[4.6089,46.378],[4.6074,46.3797],[4.6112,46.3855],[4.6149,46.3879],[4.6174,46.3884],[4.6219,46.3913],[4.6226,46.3936],[4.6305,46.3938],[4.634,46.3958],[4.6384,46.3953],[4.6381,46.3976],[4.6447,46.3986],[4.6471,46.4004],[4.6505,46.3999],[4.6533,46.3991],[4.6535,46.3976],[4.6574,46.3927],[4.6562,46.3886],[4.6613,46.3858],[4.6597,46.3786]]]}},{"type":"Feature","properties":{"code":"71398","nom":"Saint-Christophe-en-Bresse","pop":1090},"geometry":{"type":"Polygon","coordinates":[[[4.9883,46.7219],[4.9872,46.7255],[4.9915,46.7285],[4.9877,46.7299],[4.9894,46.7316],[4.9877,46.7339],[4.9851,46.7351],[4.983,46.7338],[4.9812,46.7309],[4.9753,46.7313],[4.9738,46.733],[4.971,46.7332],[4.9675,46.7351],[4.9638,46.7351],[4.9623,46.7378],[4.9587,46.7379],[4.9546,46.7402],[4.9563,46.7414],[4.9547,46.7439],[4.9502,46.7448],[4.9527,46.7478],[4.9591,46.7493],[4.9581,46.7541],[4.9558,46.7559],[4.9617,46.759],[4.9649,46.7655],[4.9628,46.7673],[4.9662,46.7775],[4.9735,46.776],[4.9774,46.777],[4.98,46.7768],[4.9812,46.7787],[4.9853,46.7793],[4.9916,46.7809],[4.9973,46.7813],[4.9934,46.7761],[4.9997,46.7746],[4.9971,46.7724],[4.9943,46.7666],[4.997,46.7645],[4.9965,46.7607],[4.9997,46.759],[4.9973,46.756],[4.9933,46.7492],[4.9928,46.7465],[4.9901,46.7431],[4.9883,46.7456],[4.9862,46.7442],[4.9849,46.7416],[4.9891,46.7403],[4.9903,46.737],[4.9953,46.7361],[4.9988,46.7379],[5.0004,46.734],[5.0092,46.7342],[5.0102,46.7382],[5.0097,46.7413],[5.0139,46.741],[5.0191,46.7374],[5.0215,46.7368],[5.0232,46.7345],[5.0291,46.7342],[5.0356,46.7319],[5.0369,46.7291],[5.042,46.7272],[5.0366,46.7238],[5.0314,46.7218],[5.0289,46.7225],[5.025,46.721],[5.0234,46.7172],[5.0239,46.7145],[5.0202,46.7134],[5.0135,46.714],[5.0057,46.7125],[5.0017,46.7142],[5.0016,46.7167],[4.9978,46.7196],[4.9976,46.7235],[4.9922,46.723],[4.9883,46.7219]]]}},{"type":"Feature","properties":{"code":"71399","nom":"Saint-Christophe-en-Brionnais","pop":503},"geometry":{"type":"Polygon","coordinates":[[[4.1647,46.2702],[4.1673,46.2711],[4.1648,46.2741],[4.1614,46.2768],[4.1612,46.2806],[4.1596,46.2812],[4.1596,46.287],[4.1619,46.2908],[4.1599,46.2953],[4.1596,46.298],[4.1642,46.2969],[4.1657,46.2989],[4.1705,46.2984],[4.1744,46.2994],[4.1766,46.2982],[4.1856,46.2972],[4.1822,46.3011],[4.1937,46.3014],[4.2039,46.3038],[4.2116,46.3041],[4.2196,46.3016],[4.2231,46.3037],[4.2265,46.2968],[4.2287,46.2943],[4.2283,46.2918],[4.2224,46.2912],[4.2218,46.2934],[4.2135,46.2919],[4.213,46.2896],[4.2098,46.2873],[4.2084,46.2802],[4.2105,46.2683],[4.209,46.2657],[4.2059,46.2642],[4.195,46.2703],[4.191,46.2687],[4.183,46.2673],[4.1808,46.2639],[4.1742,46.265],[4.1724,46.2666],[4.1694,46.2663],[4.1647,46.2702]]]}},{"type":"Feature","properties":{"code":"71400","nom":"Saint-Clément-sur-Guye","pop":140},"geometry":{"type":"Polygon","coordinates":[[[4.6111,46.5988],[4.6108,46.5988],[4.6059,46.6013],[4.604,46.5996],[4.5926,46.6005],[4.5894,46.6014],[4.5866,46.6005],[4.582,46.6013],[4.57,46.6051],[4.5711,46.6094],[4.5631,46.6104],[4.562,46.6169],[4.5671,46.6195],[4.5721,46.6176],[4.5757,46.6192],[4.5779,46.6216],[4.5749,46.6249],[4.5774,46.6269],[4.5774,46.6296],[4.5789,46.6317],[4.5778,46.6336],[4.5785,46.637],[4.5812,46.639],[4.5852,46.6315],[4.5876,46.6274],[4.5896,46.6215],[4.5925,46.6195],[4.5931,46.6177],[4.5957,46.6161],[4.6,46.6161],[4.6026,46.6134],[4.6075,46.6142],[4.6088,46.6105],[4.6043,46.6102],[4.6061,46.6072],[4.611,46.6074],[4.6093,46.6047],[4.6134,46.604],[4.612,46.6027],[4.6111,46.5988]]]}},{"type":"Feature","properties":{"code":"71401","nom":"Sainte-Croix-en-Bresse","pop":655},"geometry":{"type":"Polygon","coordinates":[[[5.2691,46.5349],[5.2628,46.5334],[5.257,46.5351],[5.2547,46.5349],[5.2513,46.5373],[5.2468,46.5395],[5.2462,46.5417],[5.2395,46.543],[5.2347,46.5363],[5.2296,46.5345],[5.2283,46.5317],[5.2293,46.5307],[5.2255,46.5303],[5.2209,46.5309],[5.2161,46.5335],[5.2164,46.5347],[5.2109,46.5362],[5.214,46.5386],[5.2112,46.5404],[5.2102,46.5425],[5.2071,46.5432],[5.2081,46.545],[5.2112,46.5462],[5.211,46.5498],[5.2076,46.5504],[5.2073,46.5518],[5.2097,46.5538],[5.2119,46.5533],[5.215,46.5548],[5.2149,46.5576],[5.2113,46.5586],[5.208,46.5584],[5.2063,46.5606],[5.212,46.5659],[5.2184,46.5696],[5.2201,46.5689],[5.2251,46.5697],[5.2261,46.5713],[5.2249,46.5743],[5.218,46.5753],[5.2181,46.5786],[5.2201,46.5794],[5.2216,46.5827],[5.217,46.5828],[5.216,46.5841],[5.2275,46.5892],[5.2262,46.592],[5.2289,46.5941],[5.2344,46.5933],[5.2372,46.5897],[5.235,46.5896],[5.2347,46.587],[5.2364,46.5844],[5.2391,46.5848],[5.2394,46.5824],[5.243,46.5824],[5.2463,46.5837],[5.2543,46.5807],[5.2554,46.5782],[5.2588,46.576],[5.2653,46.5748],[5.2624,46.5689],[5.2643,46.561],[5.2676,46.5612],[5.2711,46.5593],[5.272,46.5573],[5.2669,46.5526],[5.2616,46.5499],[5.2635,46.5464],[5.2652,46.5459],[5.2669,46.5419],[5.2665,46.5397],[5.2695,46.5398],[5.2682,46.5371],[5.2691,46.5349]]]}},{"type":"Feature","properties":{"code":"71402","nom":"Saint-Cyr","pop":770},"geometry":{"type":"Polygon","coordinates":[[[4.8747,46.6871],[4.8803,46.6885],[4.8862,46.6909],[4.89,46.6931],[4.8914,46.6962],[4.8941,46.6989],[4.8964,46.6994],[4.9021,46.6975],[4.9167,46.6931],[4.9333,46.6878],[4.9343,46.686],[4.9319,46.686],[4.9294,46.6814],[4.9199,46.6748],[4.9192,46.6703],[4.919,46.6643],[4.9198,46.6622],[4.8995,46.6604],[4.8896,46.6621],[4.8885,46.6605],[4.8855,46.6601],[4.88,46.6624],[4.8835,46.6656],[4.8806,46.6661],[4.8766,46.6703],[4.8767,46.6721],[4.8738,46.675],[4.8761,46.6773],[4.8719,46.6803],[4.8739,46.6867],[4.8747,46.6871]]]}},{"type":"Feature","properties":{"code":"71403","nom":"Saint-Denis-de-Vaux","pop":275},"geometry":{"type":"Polygon","coordinates":[[[4.7212,46.7944],[4.7195,46.7928],[4.7178,46.7882],[4.7121,46.7874],[4.7058,46.7883],[4.703,46.788],[4.6995,46.7854],[4.6936,46.7861],[4.6921,46.7828],[4.6851,46.7818],[4.6802,46.78],[4.6824,46.7845],[4.6859,46.7883],[4.6891,46.7952],[4.6928,46.798],[4.6948,46.7981],[4.7021,46.8005],[4.7077,46.8041],[4.7095,46.806],[4.7124,46.8034],[4.7105,46.7977],[4.7173,46.7962],[4.7212,46.7944]]]}},{"type":"Feature","properties":{"code":"71404","nom":"Saint-Désert","pop":896},"geometry":{"type":"Polygon","coordinates":[[[4.7164,46.7674],[4.7201,46.7671],[4.7251,46.764],[4.7305,46.7633],[4.7372,46.7601],[4.7316,46.7555],[4.7254,46.7518],[4.7237,46.7487],[4.7209,46.7464],[4.7148,46.7491],[4.7137,46.7472],[4.7085,46.7479],[4.7065,46.7513],[4.702,46.7514],[4.6968,46.7472],[4.695,46.7493],[4.6945,46.7532],[4.6962,46.7564],[4.6939,46.7599],[4.6929,46.764],[4.6972,46.7653],[4.7051,46.7648],[4.7086,46.7656],[4.7133,46.7647],[4.7164,46.7674]]]}},{"type":"Feature","properties":{"code":"71405","nom":"Saint-Didier-en-Bresse","pop":177},"geometry":{"type":"Polygon","coordinates":[[[5.1495,46.8469],[5.1474,46.8445],[5.144,46.8462],[5.1375,46.8425],[5.135,46.8401],[5.1293,46.8427],[5.1282,46.8391],[5.1154,46.8434],[5.1116,46.8406],[5.0998,46.8444],[5.099,46.8428],[5.0956,46.8411],[5.093,46.8415],[5.0928,46.8391],[5.0844,46.8389],[5.0788,46.8415],[5.0726,46.8431],[5.0713,46.844],[5.0734,46.8473],[5.0706,46.8508],[5.0671,46.8501],[5.0618,46.8513],[5.0643,46.8536],[5.0693,46.8553],[5.0717,46.8569],[5.0723,46.8601],[5.0709,46.8628],[5.0743,46.864],[5.0818,46.861],[5.0912,46.8598],[5.0956,46.8615],[5.0984,46.8604],[5.0999,46.8623],[5.1055,46.8612],[5.1113,46.8571],[5.1129,46.8589],[5.1176,46.8597],[5.1259,46.8577],[5.1269,46.8584],[5.1318,46.8573],[5.1413,46.8566],[5.1439,46.8543],[5.1427,46.8505],[5.1453,46.8481],[5.1495,46.8469]]]}},{"type":"Feature","properties":{"code":"71406","nom":"Saint-Didier-en-Brionnais","pop":121},"geometry":{"type":"Polygon","coordinates":[[[4.0963,46.352],[4.0965,46.3545],[4.0964,46.359],[4.0998,46.3603],[4.1014,46.3628],[4.1046,46.3623],[4.1072,46.3608],[4.1091,46.3616],[4.1115,46.3602],[4.1252,46.3556],[4.1289,46.3523],[4.1325,46.3511],[4.1358,46.3514],[4.1391,46.3502],[4.1368,46.346],[4.1383,46.345],[4.1325,46.3436],[4.1365,46.341],[4.1394,46.3375],[4.1385,46.3361],[4.1411,46.3344],[4.1398,46.3329],[4.1443,46.3311],[4.1538,46.3233],[4.1548,46.3204],[4.1537,46.3172],[4.1469,46.3165],[4.1421,46.3151],[4.1375,46.3149],[4.134,46.3169],[4.1277,46.3235],[4.1254,46.3227],[4.1216,46.3268],[4.1168,46.3267],[4.1145,46.3297],[4.1113,46.329],[4.1083,46.3297],[4.108,46.3308],[4.1125,46.3322],[4.115,46.3346],[4.1067,46.3369],[4.1029,46.3411],[4.1028,46.3431],[4.0986,46.3462],[4.0986,46.3501],[4.0963,46.352]]]}},{"type":"Feature","properties":{"code":"71407","nom":"Saint-Didier-sur-Arroux","pop":232},"geometry":{"type":"Polygon","coordinates":[[[4.122,46.8129],[4.1222,46.8172],[4.1205,46.8178],[4.1143,46.8175],[4.1108,46.8208],[4.1048,46.8217],[4.1013,46.8178],[4.0972,46.815],[4.0944,46.8152],[4.0914,46.8133],[4.081,46.815],[4.0752,46.8143],[4.0659,46.8152],[4.0632,46.8179],[4.0585,46.816],[4.0583,46.8212],[4.053,46.8241],[4.0515,46.8277],[4.0474,46.8312],[4.0457,46.831],[4.0426,46.8347],[4.0446,46.8369],[4.0487,46.8381],[4.0578,46.8438],[4.0752,46.8493],[4.0868,46.8558],[4.0934,46.8582],[4.1011,46.8592],[4.1091,46.8535],[4.113,46.8531],[4.1143,46.8514],[4.1184,46.8514],[4.1249,46.8545],[4.1273,46.8544],[4.1288,46.8566],[4.1313,46.8574],[4.1331,46.8544],[4.1349,46.8537],[4.1347,46.8507],[4.128,46.8496],[4.1274,46.8481],[4.1227,46.8478],[4.1275,46.8414],[4.1263,46.8409],[4.1269,46.8362],[4.1304,46.8349],[4.1389,46.8333],[4.1414,46.8319],[4.1473,46.8328],[4.1525,46.8327],[4.1566,46.8315],[4.1589,46.8284],[4.1578,46.8259],[4.1616,46.8231],[4.1609,46.8218],[4.1546,46.8189],[4.1512,46.815],[4.1421,46.8099],[4.1379,46.8129],[4.1321,46.815],[4.1283,46.8153],[4.1259,46.8136],[4.122,46.8129]]]}},{"type":"Feature","properties":{"code":"71408","nom":"Saint-Edmond","pop":414},"geometry":{"type":"Polygon","coordinates":[[[4.2196,46.185],[4.2167,46.1865],[4.2079,46.1948],[4.1979,46.1928],[4.1925,46.1894],[4.1881,46.1884],[4.185,46.19],[4.182,46.1895],[4.1845,46.1967],[4.1897,46.2063],[4.1917,46.2129],[4.2001,46.2209],[4.2019,46.2187],[4.2078,46.2141],[4.2091,46.2162],[4.212,46.217],[4.2134,46.2202],[4.215,46.221],[4.2237,46.2195],[4.2231,46.2172],[4.2247,46.2142],[4.2302,46.2122],[4.2334,46.2099],[4.2367,46.2102],[4.2389,46.2081],[4.2376,46.206],[4.2382,46.204],[4.2348,46.2018],[4.23,46.1967],[4.2299,46.1947],[4.2274,46.1944],[4.225,46.1897],[4.2196,46.185]]]}},{"type":"Feature","properties":{"code":"71409","nom":"Saint-Émiland","pop":317},"geometry":{"type":"Polygon","coordinates":[[[4.4833,46.9135],[4.4873,46.9103],[4.4895,46.9101],[4.4965,46.9075],[4.496,46.9062],[4.5008,46.9002],[4.5044,46.8989],[4.5031,46.8963],[4.5003,46.8944],[4.4974,46.8896],[4.5011,46.8877],[4.5042,46.8831],[4.5066,46.8813],[4.5058,46.878],[4.5075,46.8766],[4.5104,46.8784],[4.5151,46.8763],[4.5148,46.8743],[4.5181,46.8719],[4.5225,46.8717],[4.5202,46.869],[4.52,46.8671],[4.509,46.8657],[4.5018,46.8676],[4.4948,46.8675],[4.493,46.8697],[4.489,46.8705],[4.4837,46.8725],[4.4811,46.8713],[4.4779,46.872],[4.4704,46.8695],[4.4642,46.8711],[4.4569,46.8701],[4.4576,46.8755],[4.4482,46.8775],[4.4465,46.8815],[4.4442,46.8853],[4.4492,46.8878],[4.4508,46.8926],[4.4499,46.8983],[4.4515,46.8988],[4.4541,46.9039],[4.4519,46.9059],[4.4479,46.9062],[4.4421,46.9051],[4.4395,46.9101],[4.4363,46.9084],[4.4273,46.9103],[4.4252,46.9125],[4.4264,46.9172],[4.4262,46.9219],[4.4274,46.9227],[4.4286,46.923],[4.4365,46.9205],[4.4409,46.9196],[4.4487,46.9188],[4.4559,46.9212],[4.4634,46.9246],[4.4692,46.9258],[4.4691,46.9238],[4.474,46.9223],[4.4756,46.9181],[4.4799,46.9173],[4.4808,46.9145],[4.4833,46.9135]]]}},{"type":"Feature","properties":{"code":"71410","nom":"Saint-Étienne-en-Bresse","pop":825},"geometry":{"type":"Polygon","coordinates":[[[5.0295,46.6981],[5.026,46.7001],[5.0302,46.7024],[5.0331,46.7051],[5.0373,46.7055],[5.0377,46.708],[5.0312,46.7096],[5.0314,46.7127],[5.0281,46.7142],[5.0239,46.7145],[5.0234,46.7172],[5.025,46.721],[5.0289,46.7225],[5.0314,46.7218],[5.0366,46.7238],[5.042,46.7272],[5.0442,46.7276],[5.0483,46.7258],[5.0531,46.727],[5.0555,46.7296],[5.0626,46.727],[5.0659,46.727],[5.0689,46.7245],[5.0702,46.7221],[5.0755,46.7211],[5.0776,46.7191],[5.081,46.7177],[5.0816,46.7161],[5.0757,46.7128],[5.0794,46.7119],[5.0849,46.7135],[5.0902,46.7123],[5.0957,46.7139],[5.103,46.7128],[5.1038,46.7089],[5.1084,46.7093],[5.1069,46.7054],[5.1048,46.706],[5.1012,46.7048],[5.0968,46.7046],[5.0992,46.702],[5.0976,46.6995],[5.0978,46.6945],[5.0935,46.6924],[5.0919,46.6899],[5.0875,46.6903],[5.0855,46.6869],[5.0825,46.6886],[5.0804,46.6845],[5.0747,46.6839],[5.0702,46.6852],[5.0634,46.6848],[5.0573,46.6861],[5.0519,46.6894],[5.0473,46.6898],[5.0449,46.6911],[5.0366,46.6929],[5.0329,46.6944],[5.032,46.6966],[5.0295,46.6981]]]}},{"type":"Feature","properties":{"code":"71411","nom":"Saint-Eugène","pop":150},"geometry":{"type":"Polygon","coordinates":[[[4.2729,46.7648],[4.2677,46.763],[4.2596,46.7591],[4.2536,46.7548],[4.2509,46.7545],[4.2503,46.7517],[4.2518,46.7475],[4.2539,46.7457],[4.2565,46.7398],[4.2604,46.7367],[4.2574,46.7313],[4.2552,46.7292],[4.251,46.7271],[4.2504,46.7215],[4.2482,46.7205],[4.2505,46.7173],[4.2494,46.7146],[4.2449,46.7145],[4.243,46.7121],[4.2353,46.7076],[4.2343,46.7094],[4.2317,46.709],[4.2317,46.707],[4.2287,46.7054],[4.2306,46.7027],[4.2286,46.6997],[4.2215,46.6997],[4.219,46.6966],[4.22,46.6934],[4.2126,46.6918],[4.2131,46.6876],[4.204,46.6873],[4.1962,46.6875],[4.1975,46.6924],[4.1956,46.6935],[4.1958,46.6977],[4.194,46.6996],[4.1953,46.7029],[4.1997,46.7035],[4.1981,46.7059],[4.1916,46.7098],[4.1899,46.7119],[4.1874,46.7103],[4.184,46.7104],[4.1827,46.709],[4.1779,46.7089],[4.1762,46.7099],[4.1749,46.718],[4.1761,46.7198],[4.1761,46.7234],[4.1781,46.7268],[4.1805,46.729],[4.1759,46.7293],[4.1765,46.7315],[4.1746,46.7331],[4.1736,46.7378],[4.1713,46.7395],[4.1731,46.742],[4.1798,46.7451],[4.1855,46.7456],[4.1908,46.7438],[4.1931,46.7458],[4.1967,46.7445],[4.1979,46.7477],[4.2036,46.7492],[4.2024,46.7512],[4.2099,46.7499],[4.2128,46.7485],[4.2131,46.7535],[4.216,46.7545],[4.2199,46.7536],[4.2281,46.7557],[4.2315,46.7551],[4.2371,46.7557],[4.2381,46.757],[4.2438,46.7573],[4.2475,46.7612],[4.2477,46.7639],[4.2519,46.768],[4.2564,46.7685],[4.2571,46.7711],[4.2597,46.7734],[4.2632,46.7742],[4.2643,46.7765],[4.2642,46.7808],[4.2664,46.7822],[4.2707,46.7831],[4.2698,46.7803],[4.2721,46.7772],[4.2714,46.7742],[4.2764,46.7732],[4.2751,46.7718],[4.2699,46.7729],[4.2729,46.7648]]]}},{"type":"Feature","properties":{"code":"71412","nom":"Saint-Eusèbe","pop":1147},"geometry":{"type":"Polygon","coordinates":[[[4.4522,46.7465],[4.4543,46.7445],[4.4569,46.7403],[4.4575,46.733],[4.462,46.7274],[4.4737,46.7301],[4.4786,46.7349],[4.4796,46.7336],[4.4845,46.7314],[4.4854,46.7282],[4.4876,46.7272],[4.4878,46.7253],[4.4931,46.7232],[4.5017,46.723],[4.5046,46.7203],[4.5016,46.7173],[4.5032,46.7147],[4.4998,46.7124],[4.5018,46.7116],[4.5005,46.7089],[4.4947,46.7065],[4.486,46.7061],[4.4833,46.7065],[4.479,46.7051],[4.4763,46.7052],[4.47,46.7035],[4.4692,46.7053],[4.4648,46.7026],[4.4588,46.7028],[4.453,46.7062],[4.4522,46.7038],[4.4489,46.7024],[4.4446,46.7019],[4.4452,46.7072],[4.441,46.7049],[4.4401,46.7076],[4.4345,46.7078],[4.4279,46.7101],[4.423,46.7066],[4.4183,46.7087],[4.418,46.7107],[4.4138,46.712],[4.4107,46.7111],[4.4064,46.7141],[4.4104,46.7171],[4.4104,46.7186],[4.4148,46.7213],[4.418,46.7253],[4.4178,46.7271],[4.4213,46.7309],[4.4229,46.7377],[4.421,46.7393],[4.4269,46.7435],[4.4313,46.7445],[4.436,46.7421],[4.4372,46.7395],[4.4417,46.7404],[4.4434,46.7435],[4.4475,46.7457],[4.4522,46.7465]]]}},{"type":"Feature","properties":{"code":"71413","nom":"Saint-Firmin","pop":773},"geometry":{"type":"Polygon","coordinates":[[[4.4435,46.8263],[4.4484,46.8264],[4.4513,46.8254],[4.452,46.8325],[4.4548,46.8343],[4.4562,46.8382],[4.4542,46.841],[4.4553,46.8455],[4.4573,46.8474],[4.4537,46.8505],[4.4505,46.8495],[4.4493,46.8506],[4.4362,46.8573],[4.438,46.8592],[4.4377,46.8625],[4.4334,46.8611],[4.4303,46.8609],[4.433,46.8707],[4.4372,46.8803],[4.4465,46.8815],[4.4482,46.8775],[4.4576,46.8755],[4.4569,46.8701],[4.4642,46.8711],[4.4704,46.8695],[4.4714,46.8666],[4.4758,46.8629],[4.4758,46.86],[4.4784,46.8598],[4.4805,46.858],[4.4748,46.8562],[4.4763,46.8533],[4.4754,46.8515],[4.4787,46.8505],[4.4781,46.8485],[4.4724,46.8459],[4.4708,46.8424],[4.4713,46.8401],[4.4763,46.8371],[4.4785,46.8335],[4.4831,46.8299],[4.4926,46.8304],[4.4937,46.832],[4.5019,46.8332],[4.5015,46.8271],[4.5038,46.8261],[4.5016,46.823],[4.5014,46.8168],[4.4989,46.8165],[4.4961,46.8178],[4.4915,46.8173],[4.4915,46.8145],[4.488,46.8157],[4.4853,46.8204],[4.4825,46.8206],[4.4788,46.8227],[4.4726,46.8253],[4.4702,46.8272],[4.4671,46.8242],[4.4643,46.8234],[4.4601,46.8206],[4.4566,46.8213],[4.454,46.8239],[4.4435,46.8263]]]}},{"type":"Feature","properties":{"code":"71414","nom":"Saint-Forgeot","pop":435},"geometry":{"type":"Polygon","coordinates":[[[4.2613,47.0226],[4.2762,47.0219],[4.2818,47.022],[4.2867,47.0214],[4.2908,47.0217],[4.2927,47.0228],[4.2981,47.0229],[4.3039,47.021],[4.3089,47.0197],[4.3109,47.0167],[4.3055,47.0123],[4.3058,47.0102],[4.3107,47.0079],[4.3122,47.0047],[4.3105,47.0009],[4.3114,46.9984],[4.3109,46.9939],[4.3113,46.9891],[4.3082,46.9876],[4.3067,46.9857],[4.3078,46.9823],[4.3047,46.9803],[4.3042,46.9786],[4.2997,46.9772],[4.296,46.9788],[4.2952,46.9805],[4.2909,46.9824],[4.287,46.9818],[4.2828,46.9804],[4.2834,46.9782],[4.2799,46.9772],[4.2792,46.979],[4.2757,46.9782],[4.2721,46.9828],[4.2668,46.9805],[4.2653,46.9793],[4.2629,46.9814],[4.2659,46.9838],[4.2656,46.9856],[4.2674,46.9877],[4.2697,46.9861],[4.2742,46.9863],[4.2713,46.9903],[4.268,46.9918],[4.2653,46.9949],[4.2614,46.9963],[4.2634,47.0001],[4.2619,47.0008],[4.2638,47.006],[4.26,47.0195],[4.2613,47.0226]]]}},{"type":"Feature","properties":{"code":"71415","nom":"Sainte-Foy","pop":144},"geometry":{"type":"Polygon","coordinates":[[[4.1174,46.2946],[4.1172,46.296],[4.1205,46.2943],[4.1304,46.2941],[4.1332,46.2935],[4.1369,46.2945],[4.1376,46.2912],[4.1425,46.287],[4.1438,46.2869],[4.1472,46.2824],[4.1497,46.2815],[4.1477,46.279],[4.1498,46.2736],[4.1525,46.2729],[4.1526,46.2706],[4.1557,46.2714],[4.1516,46.2664],[4.1449,46.2629],[4.1438,46.2606],[4.1404,46.262],[4.1347,46.2612],[4.1315,46.2623],[4.1232,46.2637],[4.1205,46.2647],[4.1119,46.2662],[4.115,46.2687],[4.1174,46.2724],[4.1178,46.2744],[4.1113,46.2713],[4.1133,46.2767],[4.1196,46.2797],[4.1166,46.282],[4.1169,46.2842],[4.1195,46.2886],[4.1183,46.2908],[4.119,46.2931],[4.1174,46.2946]]]}},{"type":"Feature","properties":{"code":"71416","nom":"Saint-Gengoux-de-Scissé","pop":592},"geometry":{"type":"Polygon","coordinates":[[[4.7431,46.4552],[4.7457,46.4588],[4.7451,46.4638],[4.7489,46.4656],[4.7567,46.465],[4.7571,46.4702],[4.7581,46.4736],[4.7603,46.4734],[4.7649,46.4786],[4.768,46.4784],[4.7682,46.4807],[4.7709,46.4827],[4.7765,46.4816],[4.7749,46.4795],[4.7828,46.4763],[4.7912,46.4741],[4.7955,46.4741],[4.7926,46.4728],[4.7913,46.4705],[4.7942,46.4684],[4.7989,46.4667],[4.7929,46.4585],[4.7869,46.4508],[4.7828,46.4479],[4.7787,46.446],[4.7783,46.4434],[4.7742,46.4434],[4.7689,46.4455],[4.7657,46.4455],[4.7583,46.4468],[4.7562,46.4486],[4.7534,46.4488],[4.7507,46.4512],[4.7491,46.4488],[4.7465,46.4497],[4.7482,46.4525],[4.7472,46.4544],[4.7431,46.4552]]]}},{"type":"Feature","properties":{"code":"71417","nom":"Saint-Gengoux-le-National","pop":1046},"geometry":{"type":"Polygon","coordinates":[[[4.6858,46.5848],[4.6851,46.5858],[4.6792,46.5893],[4.6758,46.5932],[4.6679,46.5954],[4.6666,46.5984],[4.661,46.5964],[4.6539,46.6],[4.6517,46.5987],[4.654,46.6037],[4.6544,46.6064],[4.6534,46.6087],[4.6489,46.611],[4.6482,46.6126],[4.6386,46.6143],[4.637,46.6158],[4.638,46.6158],[4.6397,46.6207],[4.6432,46.6235],[4.6443,46.6256],[4.6427,46.628],[4.643,46.6303],[4.6468,46.6344],[4.6514,46.6333],[4.6537,46.6304],[4.657,46.6287],[4.6601,46.6284],[4.6613,46.6299],[4.6697,46.6334],[4.6729,46.628],[4.6772,46.6282],[4.677,46.6266],[4.6809,46.6262],[4.6794,46.624],[4.6785,46.6199],[4.6791,46.6181],[4.6767,46.6151],[4.6769,46.6122],[4.6748,46.6063],[4.6713,46.603],[4.6723,46.6013],[4.6785,46.5951],[4.6937,46.589],[4.6874,46.5841],[4.6858,46.5848]]]}},{"type":"Feature","properties":{"code":"71419","nom":"Saint-Germain-du-Bois","pop":1977},"geometry":{"type":"Polygon","coordinates":[[[5.2836,46.7145],[5.2822,46.7115],[5.286,46.7106],[5.2861,46.709],[5.2776,46.709],[5.2779,46.7077],[5.2648,46.7072],[5.2602,46.7085],[5.2576,46.7076],[5.2566,46.7104],[5.2569,46.7131],[5.2609,46.7185],[5.26,46.7207],[5.2565,46.7196],[5.2484,46.7207],[5.2462,46.7194],[5.2434,46.7213],[5.2371,46.722],[5.2347,46.7211],[5.2339,46.7192],[5.2287,46.7188],[5.2253,46.7195],[5.2176,46.7199],[5.2171,46.7185],[5.2151,46.7193],[5.2104,46.7192],[5.2093,46.7213],[5.2109,46.726],[5.2108,46.7294],[5.2071,46.7323],[5.2014,46.7352],[5.1992,46.7396],[5.1955,46.741],[5.2006,46.7469],[5.1986,46.7478],[5.1983,46.7513],[5.2051,46.7526],[5.2044,46.7545],[5.2118,46.7583],[5.2156,46.7595],[5.2175,46.7624],[5.2212,46.7656],[5.2244,46.7653],[5.2267,46.7627],[5.2347,46.7623],[5.2399,46.7638],[5.2401,46.7654],[5.2517,46.7631],[5.2544,46.7658],[5.2595,46.7688],[5.265,46.7672],[5.2665,46.7694],[5.2701,46.7682],[5.2671,46.7665],[5.272,46.765],[5.274,46.7615],[5.2754,46.7612],[5.2767,46.7563],[5.283,46.7531],[5.2821,46.7454],[5.2841,46.7446],[5.2813,46.7414],[5.2758,46.7374],[5.2783,46.7344],[5.2757,46.7321],[5.2762,46.7294],[5.2808,46.7285],[5.2805,46.7273],[5.2786,46.7258],[5.2796,46.7214],[5.2784,46.7193],[5.2797,46.7173],[5.2822,46.717],[5.2836,46.7145]]]}},{"type":"Feature","properties":{"code":"71420","nom":"Saint-Germain-du-Plain","pop":2362},"geometry":{"type":"Polygon","coordinates":[[[5.0295,46.6981],[5.028,46.6957],[5.0176,46.6948],[5.015,46.6896],[5.0086,46.692],[5.0049,46.6945],[5.0042,46.6975],[5.0005,46.6957],[4.9964,46.6891],[4.9928,46.6874],[4.9908,46.6846],[4.9879,46.6846],[4.9869,46.6827],[4.9804,46.6833],[4.9727,46.683],[4.9671,46.6834],[4.964,46.6734],[4.9625,46.6605],[4.9611,46.6576],[4.9612,46.6544],[4.9591,46.6535],[4.9546,46.6539],[4.9539,46.6565],[4.9496,46.6646],[4.948,46.6761],[4.946,46.6803],[4.944,46.6876],[4.9425,46.6947],[4.947,46.6962],[4.9488,46.6948],[4.9558,46.6928],[4.9627,46.6947],[4.9642,46.6995],[4.9663,46.701],[4.9743,46.7032],[4.9775,46.7085],[4.9756,46.7105],[4.9784,46.7122],[4.9769,46.7169],[4.9801,46.7158],[4.9855,46.7188],[4.9883,46.7219],[4.9922,46.723],[4.9976,46.7235],[4.9978,46.7196],[5.0016,46.7167],[5.0017,46.7142],[5.0057,46.7125],[5.0135,46.714],[5.0202,46.7134],[5.0239,46.7145],[5.0281,46.7142],[5.0314,46.7127],[5.0312,46.7096],[5.0377,46.708],[5.0373,46.7055],[5.0331,46.7051],[5.0302,46.7024],[5.026,46.7001],[5.0295,46.6981]]]}},{"type":"Feature","properties":{"code":"71421","nom":"Saint-Germain-en-Brionnais","pop":172},"geometry":{"type":"Polygon","coordinates":[[[4.2603,46.3615],[4.2661,46.3518],[4.2643,46.351],[4.2658,46.3466],[4.2653,46.3414],[4.2671,46.3388],[4.2644,46.3316],[4.2618,46.333],[4.2511,46.335],[4.2493,46.3364],[4.244,46.3368],[4.2385,46.3409],[4.2354,46.3417],[4.2269,46.3416],[4.2291,46.3434],[4.2338,46.3443],[4.2344,46.3511],[4.2324,46.353],[4.2344,46.3555],[4.2379,46.3557],[4.2418,46.3547],[4.245,46.355],[4.2476,46.3563],[4.2459,46.359],[4.2489,46.3606],[4.2537,46.3599],[4.2603,46.3615]]]}},{"type":"Feature","properties":{"code":"71422","nom":"Saint-Germain-lès-Buxy","pop":260},"geometry":{"type":"Polygon","coordinates":[[[4.7786,46.6773],[4.7759,46.6806],[4.7718,46.6838],[4.7666,46.6852],[4.7639,46.6834],[4.7617,46.6835],[4.7519,46.6859],[4.7495,46.6861],[4.7388,46.6913],[4.7389,46.6935],[4.7421,46.6962],[4.742,46.7017],[4.7432,46.7041],[4.7507,46.7098],[4.7577,46.7123],[4.7658,46.7147],[4.7734,46.7141],[4.7789,46.7161],[4.7806,46.7152],[4.7784,46.7071],[4.7858,46.7037],[4.7887,46.6994],[4.7911,46.6995],[4.7935,46.7012],[4.7976,46.702],[4.8011,46.7043],[4.8141,46.6983],[4.8096,46.6929],[4.8062,46.6905],[4.7974,46.6885],[4.7943,46.6871],[4.7917,46.6818],[4.7855,46.6786],[4.7786,46.6773]]]}},{"type":"Feature","properties":{"code":"71423","nom":"Saint-Gervais-en-Vallière","pop":445},"geometry":{"type":"Polygon","coordinates":[[[4.9551,46.9632],[4.9606,46.9644],[4.9653,46.9644],[4.9657,46.962],[4.9739,46.9625],[4.9866,46.9587],[4.9894,46.9605],[5.0024,46.9581],[5.0045,46.958],[4.9777,46.9302],[4.9751,46.9269],[4.9702,46.9272],[4.9685,46.9288],[4.9622,46.9277],[4.9589,46.9277],[4.9568,46.9257],[4.9507,46.9259],[4.9446,46.9255],[4.933,46.933],[4.9307,46.9354],[4.9312,46.9415],[4.9328,46.945],[4.9304,46.95],[4.9347,46.9519],[4.933,46.9558],[4.9354,46.9581],[4.9405,46.9587],[4.9489,46.9604],[4.95,46.9615],[4.9551,46.9621],[4.9551,46.9632]]]}},{"type":"Feature","properties":{"code":"71424","nom":"Saint-Gervais-sur-Couches","pop":209},"geometry":{"type":"Polygon","coordinates":[[[4.5858,46.9432],[4.5909,46.941],[4.5944,46.9375],[4.607,46.9354],[4.608,46.9351],[4.6091,46.9293],[4.6084,46.924],[4.605,46.9206],[4.6,46.9225],[4.5962,46.9174],[4.593,46.9148],[4.5908,46.9163],[4.5885,46.9159],[4.5865,46.9128],[4.5894,46.9107],[4.5872,46.9033],[4.5866,46.902],[4.5792,46.9021],[4.576,46.9034],[4.5708,46.9021],[4.5665,46.9019],[4.5585,46.8983],[4.5564,46.9003],[4.5519,46.9025],[4.5458,46.9029],[4.5424,46.9059],[4.5465,46.9055],[4.5452,46.908],[4.5488,46.9101],[4.5492,46.9142],[4.5519,46.9152],[4.5524,46.9169],[4.5481,46.9187],[4.5385,46.9208],[4.5332,46.9204],[4.5258,46.921],[4.5208,46.9224],[4.5181,46.9243],[4.5172,46.9273],[4.5298,46.9302],[4.5428,46.9367],[4.5428,46.9395],[4.5448,46.9421],[4.5479,46.9431],[4.5648,46.9449],[4.5672,46.9434],[4.5723,46.9435],[4.5763,46.9418],[4.5792,46.9449],[4.584,46.9431],[4.5858,46.9432]]]}},{"type":"Feature","properties":{"code":"71425","nom":"Saint-Gilles","pop":286},"geometry":{"type":"Polygon","coordinates":[[[4.6827,46.8804],[4.6776,46.8752],[4.6744,46.8745],[4.6715,46.8727],[4.6718,46.8701],[4.6685,46.8688],[4.6675,46.8667],[4.6643,46.867],[4.6616,46.8672],[4.6627,46.8702],[4.6582,46.8686],[4.655,46.8705],[4.6545,46.8728],[4.6506,46.8771],[4.6464,46.8808],[4.6515,46.8816],[4.6553,46.8836],[4.6513,46.8863],[4.6533,46.8876],[4.6557,46.8861],[4.6592,46.8862],[4.6676,46.8844],[4.6708,46.886],[4.6823,46.8811],[4.6827,46.8804]]]}},{"type":"Feature","properties":{"code":"71426","nom":"Sainte-Hélène","pop":511},"geometry":{"type":"Polygon","coordinates":[[[4.6231,46.7745],[4.628,46.776],[4.6313,46.7763],[4.643,46.7768],[4.6445,46.7747],[4.6482,46.7768],[4.6498,46.7794],[4.6572,46.777],[4.6575,46.7752],[4.6617,46.7736],[4.66,46.771],[4.6636,46.7695],[4.6623,46.7651],[4.6594,46.7614],[4.6499,46.7463],[4.651,46.7454],[4.6476,46.7421],[4.6429,46.7399],[4.6399,46.7404],[4.6294,46.7337],[4.6265,46.7337],[4.6158,46.7378],[4.6199,46.7396],[4.621,46.7427],[4.6182,46.7423],[4.6144,46.7446],[4.6082,46.7472],[4.6054,46.7474],[4.6027,46.7493],[4.6004,46.7515],[4.6024,46.753],[4.6057,46.753],[4.6104,46.7543],[4.6113,46.7583],[4.6095,46.7618],[4.6157,46.7673],[4.6149,46.7686],[4.6169,46.7713],[4.6195,46.7703],[4.6231,46.7745]]]}},{"type":"Feature","properties":{"code":"71427","nom":"Saint-Huruge","pop":53},"geometry":{"type":"Polygon","coordinates":[[[4.561,46.5668],[4.5622,46.5769],[4.5638,46.5814],[4.5639,46.5842],[4.5654,46.588],[4.568,46.5898],[4.5699,46.5878],[4.5762,46.5892],[4.5827,46.5876],[4.5837,46.5861],[4.588,46.5845],[4.5938,46.584],[4.5938,46.5812],[4.5919,46.5795],[4.5853,46.5775],[4.5834,46.5753],[4.5797,46.5688],[4.5766,46.5688],[4.573,46.5689],[4.5643,46.5665],[4.561,46.5668]]]}},{"type":"Feature","properties":{"code":"71428","nom":"Saint-Igny-de-Roche","pop":789},"geometry":{"type":"Polygon","coordinates":[[[4.2954,46.2011],[4.3026,46.2034],[4.3061,46.203],[4.3085,46.2046],[4.3118,46.2037],[4.3151,46.205],[4.3155,46.2023],[4.3139,46.1954],[4.3163,46.1907],[4.3242,46.186],[4.3268,46.185],[4.3273,46.1822],[4.3201,46.1773],[4.3188,46.1745],[4.3165,46.1737],[4.3153,46.1706],[4.3118,46.1712],[4.3078,46.1744],[4.3032,46.1745],[4.2995,46.1784],[4.2963,46.1782],[4.2923,46.1798],[4.2875,46.1838],[4.2814,46.185],[4.279,46.1876],[4.2792,46.192],[4.2852,46.1974],[4.2915,46.2001],[4.2954,46.2011]]]}},{"type":"Feature","properties":{"code":"71430","nom":"Saint-Jean-de-Vaux","pop":387},"geometry":{"type":"Polygon","coordinates":[[[4.6928,46.798],[4.6832,46.8027],[4.6858,46.8053],[4.6877,46.8055],[4.6913,46.8122],[4.6906,46.8164],[4.6958,46.8148],[4.7001,46.8149],[4.7048,46.8098],[4.7073,46.8086],[4.7095,46.806],[4.7077,46.8041],[4.7021,46.8005],[4.6948,46.7981],[4.6928,46.798]]]}},{"type":"Feature","properties":{"code":"71431","nom":"Saint-Jean-de-Trézy","pop":372},"geometry":{"type":"Polygon","coordinates":[[[4.6157,46.8554],[4.6201,46.8523],[4.6191,46.8498],[4.6232,46.8474],[4.6227,46.845],[4.6158,46.8407],[4.6145,46.839],[4.618,46.8364],[4.6164,46.834],[4.6086,46.8335],[4.6056,46.8343],[4.6035,46.8329],[4.5974,46.8337],[4.5945,46.8316],[4.5908,46.832],[4.5888,46.8276],[4.5823,46.8304],[4.5799,46.8301],[4.5755,46.8328],[4.5727,46.8332],[4.5647,46.8383],[4.5576,46.8365],[4.556,46.8351],[4.5525,46.8368],[4.5495,46.8338],[4.5499,46.8355],[4.5469,46.8362],[4.5453,46.8379],[4.5491,46.843],[4.5486,46.8464],[4.5508,46.8468],[4.5541,46.8515],[4.5559,46.8497],[4.5585,46.8517],[4.5626,46.8506],[4.5648,46.849],[4.5708,46.849],[4.5762,46.8496],[4.5857,46.8523],[4.5877,46.8569],[4.5894,46.857],[4.593,46.8539],[4.5971,46.8556],[4.6067,46.8542],[4.6106,46.8523],[4.6147,46.8561],[4.6157,46.8554]]]}},{"type":"Feature","properties":{"code":"71433","nom":"Saint-Julien-de-Civry","pop":457},"geometry":{"type":"Polygon","coordinates":[[[4.1802,46.3765],[4.1821,46.3791],[4.1877,46.3786],[4.1936,46.3842],[4.199,46.3845],[4.2052,46.3858],[4.2086,46.3897],[4.2102,46.3928],[4.2141,46.3927],[4.2172,46.391],[4.2194,46.3928],[4.2222,46.3925],[4.2242,46.3949],[4.228,46.3934],[4.2329,46.3945],[4.2429,46.3868],[4.2457,46.3886],[4.2548,46.3892],[4.2583,46.3924],[4.2604,46.3915],[4.2658,46.3867],[4.2653,46.3847],[4.261,46.3816],[4.2571,46.3752],[4.2573,46.3735],[4.2546,46.3707],[4.2603,46.3615],[4.2537,46.3599],[4.2489,46.3606],[4.2459,46.359],[4.2476,46.3563],[4.245,46.355],[4.2418,46.3547],[4.2379,46.3557],[4.2344,46.3555],[4.2311,46.3591],[4.2262,46.36],[4.223,46.3623],[4.2144,46.3608],[4.215,46.3587],[4.2121,46.3576],[4.2067,46.3571],[4.2034,46.3548],[4.1981,46.3524],[4.1981,46.3482],[4.1928,46.3501],[4.1898,46.3497],[4.1827,46.3537],[4.1836,46.357],[4.1814,46.3589],[4.1833,46.3629],[4.1817,46.3655],[4.1827,46.3735],[4.1803,46.3742],[4.1802,46.3765]]]}},{"type":"Feature","properties":{"code":"71434","nom":"Saint-Julien-de-Jonzy","pop":335},"geometry":{"type":"Polygon","coordinates":[[[4.1557,46.2714],[4.1608,46.2724],[4.1647,46.2702],[4.1694,46.2663],[4.1695,46.2647],[4.1719,46.2598],[4.1705,46.2516],[4.1732,46.2504],[4.175,46.2433],[4.1787,46.2394],[4.1798,46.2363],[4.1834,46.2313],[4.1853,46.2299],[4.186,46.226],[4.1845,46.225],[4.1774,46.225],[4.1666,46.227],[4.1652,46.2262],[4.1578,46.227],[4.1534,46.2243],[4.149,46.227],[4.1434,46.2273],[4.1351,46.2257],[4.1332,46.2302],[4.1252,46.2283],[4.1184,46.2303],[4.1157,46.2333],[4.111,46.2371],[4.1088,46.2402],[4.1083,46.2436],[4.104,46.2436],[4.0977,46.2483],[4.0962,46.2484],[4.0953,46.2528],[4.1036,46.2508],[4.1036,46.2548],[4.1058,46.2567],[4.1052,46.2586],[4.1056,46.2661],[4.1119,46.2662],[4.1205,46.2647],[4.1232,46.2637],[4.1315,46.2623],[4.1347,46.2612],[4.1404,46.262],[4.1438,46.2606],[4.1449,46.2629],[4.1516,46.2664],[4.1557,46.2714]]]}},{"type":"Feature","properties":{"code":"71435","nom":"Saint-Julien-sur-Dheune","pop":226},"geometry":{"type":"Polygon","coordinates":[[[4.5556,46.7851],[4.5596,46.783],[4.5556,46.7789],[4.5639,46.7714],[4.5674,46.7682],[4.5741,46.7644],[4.571,46.7624],[4.5651,46.7603],[4.5596,46.7603],[4.5544,46.7617],[4.5527,46.7626],[4.5521,46.7652],[4.549,46.7663],[4.5492,46.768],[4.5464,46.7691],[4.5396,46.7705],[4.536,46.7689],[4.5291,46.7668],[4.5283,46.7688],[4.5247,46.7701],[4.5239,46.7724],[4.5212,46.7754],[4.5262,46.779],[4.5295,46.7794],[4.5353,46.784],[4.5396,46.7833],[4.5404,46.7816],[4.5451,46.7805],[4.5469,46.7823],[4.5556,46.7851]]]}},{"type":"Feature","properties":{"code":"71436","nom":"Saint-Laurent-d'Andenay","pop":961},"geometry":{"type":"Polygon","coordinates":[[[4.5436,46.737],[4.5449,46.7372],[4.542,46.7348],[4.5391,46.7293],[4.533,46.7252],[4.5297,46.7199],[4.5288,46.7171],[4.5316,46.7116],[4.5237,46.7113],[4.5197,46.7097],[4.517,46.7107],[4.5161,46.7134],[4.5091,46.7182],[4.5046,46.7203],[4.5017,46.723],[4.4931,46.7232],[4.4878,46.7253],[4.4876,46.7272],[4.4854,46.7282],[4.4845,46.7314],[4.4796,46.7336],[4.4786,46.7349],[4.4824,46.7376],[4.4875,46.7429],[4.4904,46.7442],[4.4957,46.7451],[4.5002,46.7426],[4.5025,46.7445],[4.5071,46.7437],[4.5148,46.7484],[4.5191,46.7469],[4.5217,46.7446],[4.5244,46.7436],[4.5277,46.7439],[4.53,46.7388],[4.5356,46.7359],[4.5436,46.737]]]}},{"type":"Feature","properties":{"code":"71437","nom":"Saint-Laurent-en-Brionnais","pop":324},"geometry":{"type":"Polygon","coordinates":[[[4.2282,46.2864],[4.2344,46.286],[4.2405,46.2863],[4.2455,46.288],[4.2494,46.2905],[4.2544,46.2903],[4.2598,46.2909],[4.2644,46.2901],[4.2688,46.2844],[4.2708,46.2832],[4.2782,46.2825],[4.2829,46.2801],[4.2827,46.2779],[4.2759,46.2678],[4.2755,46.2629],[4.2731,46.259],[4.2679,46.2467],[4.2639,46.2454],[4.2636,46.2441],[4.2598,46.2447],[4.2528,46.2443],[4.2508,46.2434],[4.2445,46.244],[4.2446,46.2457],[4.2469,46.2497],[4.2501,46.2526],[4.2503,46.2558],[4.2484,46.2576],[4.2462,46.262],[4.2414,46.2646],[4.2419,46.2681],[4.2393,46.2683],[4.2377,46.2717],[4.2297,46.277],[4.2285,46.2796],[4.2309,46.2819],[4.2282,46.2864]]]}},{"type":"Feature","properties":{"code":"71438","nom":"Saint-Léger-du-Bois","pop":505},"geometry":{"type":"Polygon","coordinates":[[[4.3947,47.0305],[4.3976,47.0318],[4.402,47.0361],[4.4042,47.0373],[4.4035,47.0397],[4.405,47.0425],[4.4062,47.0496],[4.4092,47.0492],[4.4131,47.0471],[4.4162,47.0465],[4.4222,47.0466],[4.4232,47.0433],[4.4271,47.0399],[4.4269,47.0383],[4.4309,47.0384],[4.4335,47.0409],[4.4391,47.0381],[4.4445,47.0392],[4.445,47.041],[4.4492,47.041],[4.457,47.0419],[4.4575,47.0371],[4.4611,47.0355],[4.462,47.0371],[4.4682,47.0355],[4.4699,47.0313],[4.4714,47.0309],[4.4733,47.026],[4.4704,47.0239],[4.4678,47.0179],[4.4645,47.0168],[4.4597,47.0096],[4.457,47.0067],[4.4513,47.0029],[4.4405,46.9973],[4.4351,46.9941],[4.4335,46.9947],[4.4236,46.9953],[4.4242,47.0012],[4.4232,47.0054],[4.4187,47.0067],[4.4181,47.008],[4.4189,47.0127],[4.4137,47.017],[4.4037,47.0164],[4.3987,47.0168],[4.397,47.0208],[4.3895,47.0218],[4.388,47.0229],[4.3913,47.0261],[4.3947,47.0305]]]}},{"type":"Feature","properties":{"code":"71439","nom":"Saint-Léger-lès-Paray","pop":759},"geometry":{"type":"Polygon","coordinates":[[[4.0736,46.4743],[4.0788,46.4761],[4.082,46.4817],[4.0847,46.4876],[4.0904,46.488],[4.0931,46.4896],[4.0908,46.4942],[4.0915,46.4981],[4.0893,46.5012],[4.0934,46.4997],[4.0983,46.5003],[4.1019,46.4968],[4.1116,46.4934],[4.1157,46.4929],[4.1187,46.4893],[4.1209,46.4959],[4.1182,46.4962],[4.1189,46.4996],[4.1306,46.4995],[4.1409,46.4947],[4.1428,46.4965],[4.1482,46.4963],[4.1518,46.4968],[4.157,46.496],[4.1558,46.4927],[4.1497,46.4826],[4.1445,46.4754],[4.1435,46.4717],[4.1361,46.4735],[4.1335,46.4709],[4.1308,46.4712],[4.125,46.4733],[4.1215,46.4756],[4.1203,46.4781],[4.1089,46.4746],[4.1058,46.475],[4.0993,46.4719],[4.0963,46.4722],[4.0861,46.4695],[4.0807,46.4724],[4.0768,46.4713],[4.0743,46.4724],[4.0736,46.4743]]]}},{"type":"Feature","properties":{"code":"71440","nom":"Saint-Léger-sous-Beuvray","pop":369},"geometry":{"type":"Polygon","coordinates":[[[4.075,46.892],[4.0732,46.8919],[4.0706,46.8956],[4.0667,46.8981],[4.0649,46.8971],[4.0583,46.9008],[4.0549,46.9009],[4.053,46.8996],[4.0454,46.8999],[4.0449,46.9014],[4.0442,46.9046],[4.0401,46.912],[4.0367,46.92],[4.036,46.9262],[4.0378,46.9286],[4.0418,46.9304],[4.0414,46.9329],[4.0462,46.9352],[4.0446,46.938],[4.0506,46.9378],[4.0555,46.9366],[4.0596,46.9389],[4.0624,46.9395],[4.0685,46.9394],[4.0759,46.9356],[4.0813,46.9367],[4.0874,46.935],[4.0977,46.9426],[4.1033,46.9464],[4.115,46.9426],[4.1185,46.9411],[4.1243,46.9368],[4.127,46.9361],[4.1308,46.9367],[4.1413,46.9332],[4.1459,46.9311],[4.1497,46.9317],[4.1469,46.9244],[4.1481,46.9221],[4.1479,46.917],[4.1466,46.9129],[4.1441,46.909],[4.1446,46.9056],[4.1416,46.9022],[4.1398,46.9],[4.1358,46.9],[4.1272,46.8976],[4.1238,46.899],[4.1228,46.9016],[4.1201,46.903],[4.1129,46.9006],[4.1021,46.9012],[4.094,46.8989],[4.0916,46.8976],[4.0876,46.9011],[4.0858,46.8995],[4.0814,46.898],[4.0785,46.8934],[4.075,46.892]]]}},{"type":"Feature","properties":{"code":"71441","nom":"Saint-Léger-sous-la-Bussière","pop":290},"geometry":{"type":"Polygon","coordinates":[[[4.5304,46.3104],[4.5352,46.3136],[4.5401,46.3137],[4.5444,46.3149],[4.545,46.3164],[4.5514,46.3208],[4.558,46.3268],[4.5597,46.3307],[4.5611,46.332],[4.5643,46.3318],[4.5712,46.328],[4.5699,46.3229],[4.5735,46.3199],[4.5768,46.3191],[4.5802,46.3166],[4.5827,46.3158],[4.5843,46.3119],[4.5853,46.3063],[4.584,46.3054],[4.5803,46.3003],[4.5768,46.2968],[4.5734,46.2959],[4.5699,46.2933],[4.5602,46.2952],[4.5578,46.2945],[4.5554,46.2971],[4.5559,46.2997],[4.5532,46.3026],[4.5538,46.3048],[4.5388,46.3102],[4.5353,46.3094],[4.5304,46.3104]]]}},{"type":"Feature","properties":{"code":"71442","nom":"Saint-Léger-sur-Dheune","pop":1533},"geometry":{"type":"Polygon","coordinates":[[[4.6145,46.839],[4.6158,46.8407],[4.6227,46.845],[4.6232,46.8474],[4.6191,46.8498],[4.6229,46.8496],[4.6245,46.8517],[4.6272,46.8529],[4.6318,46.8569],[4.6332,46.8592],[4.6391,46.8599],[4.6385,46.8581],[4.6408,46.8561],[4.6434,46.8579],[4.6458,46.8619],[4.6501,46.8605],[4.6516,46.8615],[4.6577,46.8587],[4.6606,46.8564],[4.6617,46.854],[4.6645,46.8522],[4.6634,46.8481],[4.6609,46.8488],[4.6597,46.8461],[4.6536,46.8431],[4.6519,46.8406],[4.6524,46.8386],[4.6502,46.8358],[4.6529,46.8328],[4.651,46.8302],[4.6586,46.8293],[4.6592,46.8281],[4.6582,46.8243],[4.6588,46.8214],[4.662,46.8223],[4.6615,46.8197],[4.657,46.8142],[4.6529,46.8128],[4.6509,46.8126],[4.6429,46.8138],[4.6397,46.8162],[4.6357,46.818],[4.6306,46.8191],[4.6306,46.8218],[4.6267,46.8243],[4.6248,46.8277],[4.6256,46.8286],[4.6244,46.8348],[4.623,46.8351],[4.6189,46.8384],[4.6145,46.839]]]}},{"type":"Feature","properties":{"code":"71443","nom":"Saint-Loup-Géanges","pop":1633},"geometry":{"type":"Polygon","coordinates":[[[4.9147,46.9679],[4.9324,46.9675],[4.9433,46.9651],[4.9481,46.9662],[4.9522,46.965],[4.9551,46.9632],[4.9551,46.9621],[4.95,46.9615],[4.9489,46.9604],[4.9405,46.9587],[4.9354,46.9581],[4.933,46.9558],[4.9347,46.9519],[4.9304,46.95],[4.9328,46.945],[4.9312,46.9415],[4.9307,46.9354],[4.933,46.933],[4.9446,46.9255],[4.9423,46.9212],[4.9401,46.9126],[4.9377,46.9127],[4.9339,46.9146],[4.9318,46.9138],[4.9346,46.9105],[4.9324,46.9124],[4.9246,46.9135],[4.9131,46.9128],[4.9096,46.9139],[4.9065,46.9113],[4.9008,46.9103],[4.8933,46.9106],[4.8881,46.9069],[4.8882,46.9082],[4.8913,46.9103],[4.8918,46.912],[4.89,46.9166],[4.8899,46.9199],[4.888,46.9225],[4.8846,46.9306],[4.8758,46.9305],[4.8667,46.9291],[4.8659,46.933],[4.863,46.9381],[4.8738,46.9426],[4.8721,46.9443],[4.8709,46.9478],[4.8722,46.9494],[4.8759,46.9509],[4.8836,46.9497],[4.8853,46.9503],[4.8938,46.9509],[4.8934,46.9553],[4.8911,46.9575],[4.8945,46.9666],[4.8981,46.9658],[4.902,46.9674],[4.906,46.9678],[4.9123,46.9674],[4.9147,46.9679]]]}},{"type":"Feature","properties":{"code":"71444","nom":"Saint-Loup-de-Varennes","pop":1271},"geometry":{"type":"Polygon","coordinates":[[[4.8549,46.7375],[4.8578,46.7371],[4.8608,46.7383],[4.8689,46.7396],[4.8725,46.7395],[4.8781,46.7412],[4.8833,46.7414],[4.8811,46.7367],[4.8823,46.734],[4.8854,46.7318],[4.8771,46.727],[4.871,46.7247],[4.8692,46.7229],[4.8592,46.7198],[4.8507,46.7156],[4.849,46.7138],[4.8445,46.7114],[4.8405,46.7114],[4.841,46.7091],[4.8456,46.7053],[4.8436,46.7038],[4.8205,46.7082],[4.8246,46.7124],[4.8265,46.716],[4.8268,46.7213],[4.8299,46.7204],[4.8381,46.7254],[4.8398,46.7271],[4.8465,46.7302],[4.8472,46.7318],[4.8521,46.7364],[4.8549,46.7375]]]}},{"type":"Feature","properties":{"code":"71445","nom":"Saint-Marcel","pop":6211},"geometry":{"type":"Polygon","coordinates":[[[4.9048,46.7669],[4.8928,46.7619],[4.8885,46.761],[4.8859,46.762],[4.8788,46.7629],[4.8745,46.7609],[4.8699,46.7561],[4.8673,46.7567],[4.8629,46.7591],[4.8588,46.7603],[4.8677,46.7749],[4.8664,46.7777],[4.8676,46.7817],[4.8666,46.7831],[4.8787,46.7887],[4.882,46.7918],[4.8879,46.7891],[4.891,46.7854],[4.8986,46.7884],[4.9018,46.789],[4.9058,46.788],[4.9089,46.7849],[4.9166,46.7884],[4.9171,46.7832],[4.9163,46.7804],[4.9132,46.7796],[4.9153,46.7773],[4.9125,46.774],[4.9068,46.7703],[4.9048,46.7669]]]}},{"type":"Feature","properties":{"code":"71446","nom":"Saint-Marcelin-de-Cray","pop":193},"geometry":{"type":"Polygon","coordinates":[[[4.5071,46.5885],[4.51,46.5902],[4.5097,46.5936],[4.5124,46.5944],[4.5141,46.5925],[4.5193,46.5931],[4.522,46.5904],[4.5264,46.5896],[4.5276,46.5883],[4.5265,46.5856],[4.5309,46.5848],[4.5305,46.5823],[4.5338,46.5829],[4.5346,46.5808],[4.5373,46.5805],[4.5326,46.5733],[4.5358,46.5729],[4.5466,46.5696],[4.5538,46.5647],[4.5525,46.5616],[4.5539,46.5594],[4.5521,46.5554],[4.5504,46.555],[4.5515,46.5517],[4.5489,46.5497],[4.5472,46.5495],[4.543,46.5514],[4.5406,46.5508],[4.5356,46.5516],[4.5236,46.5509],[4.521,46.5512],[4.5204,46.549],[4.5169,46.5499],[4.5153,46.5474],[4.5123,46.5487],[4.5109,46.5465],[4.503,46.5472],[4.4998,46.5461],[4.495,46.5496],[4.4925,46.5504],[4.4883,46.5486],[4.485,46.5499],[4.4896,46.552],[4.4899,46.5531],[4.4976,46.5557],[4.4998,46.5593],[4.4972,46.5616],[4.5,46.563],[4.5015,46.5655],[4.5039,46.5658],[4.506,46.5685],[4.5061,46.5725],[4.5141,46.5755],[4.5131,46.5787],[4.5102,46.5809],[4.5133,46.5822],[4.5105,46.584],[4.5119,46.5851],[4.5071,46.5885]]]}},{"type":"Feature","properties":{"code":"71447","nom":"Saint-Mard-de-Vaux","pop":264},"geometry":{"type":"Polygon","coordinates":[[[4.6472,46.805],[4.6477,46.8079],[4.6496,46.8087],[4.6529,46.8128],[4.657,46.8142],[4.6615,46.8197],[4.662,46.8223],[4.6641,46.8218],[4.6696,46.8231],[4.6744,46.827],[4.6814,46.8291],[4.6859,46.8267],[4.6895,46.8225],[4.6918,46.8223],[4.6906,46.8164],[4.6913,46.8122],[4.6877,46.8055],[4.6858,46.8053],[4.6832,46.8027],[4.6788,46.8005],[4.6732,46.8025],[4.6708,46.8048],[4.667,46.8058],[4.6629,46.8024],[4.6578,46.8011],[4.656,46.7997],[4.6549,46.8026],[4.6521,46.8045],[4.6472,46.805]]]}},{"type":"Feature","properties":{"code":"71448","nom":"Saint-Martin-Belle-Roche","pop":1385},"geometry":{"type":"Polygon","coordinates":[[[4.8741,46.3849],[4.872,46.3823],[4.8657,46.3757],[4.8587,46.3681],[4.8564,46.3696],[4.8505,46.3713],[4.8496,46.37],[4.8404,46.3712],[4.8416,46.3737],[4.8401,46.3746],[4.8414,46.3769],[4.8398,46.3786],[4.8421,46.3813],[4.8421,46.383],[4.8467,46.3931],[4.8546,46.3912],[4.8613,46.3901],[4.861,46.3884],[4.8705,46.3865],[4.8741,46.3849]]]}},{"type":"Feature","properties":{"code":"71449","nom":"Saint-Martin-d'Auxy","pop":149},"geometry":{"type":"Polygon","coordinates":[[[4.5711,46.7137],[4.5687,46.713],[4.5661,46.7099],[4.5656,46.7074],[4.5599,46.7088],[4.5496,46.7117],[4.5422,46.7119],[4.5384,46.7087],[4.5333,46.7098],[4.5316,46.7116],[4.5288,46.7171],[4.5297,46.7199],[4.533,46.7252],[4.5391,46.7293],[4.542,46.7348],[4.5449,46.7372],[4.5515,46.7379],[4.5529,46.7362],[4.5568,46.7356],[4.5629,46.7318],[4.5695,46.7249],[4.5684,46.7234],[4.5698,46.7193],[4.5719,46.7159],[4.5711,46.7137]]]}},{"type":"Feature","properties":{"code":"71450","nom":"Saint-Martin-de-Commune","pop":101},"geometry":{"type":"Polygon","coordinates":[[[4.5225,46.8717],[4.5181,46.8719],[4.5148,46.8743],[4.5151,46.8763],[4.5104,46.8784],[4.5075,46.8766],[4.5058,46.878],[4.5066,46.8813],[4.5042,46.8831],[4.5011,46.8877],[4.4974,46.8896],[4.5003,46.8944],[4.5031,46.8963],[4.5044,46.8989],[4.5008,46.9002],[4.496,46.9062],[4.4965,46.9075],[4.4895,46.9101],[4.4873,46.9103],[4.4833,46.9135],[4.4896,46.9148],[4.4907,46.9174],[4.4956,46.9207],[4.4974,46.9228],[4.4999,46.923],[4.5046,46.9169],[4.5092,46.917],[4.514,46.9188],[4.5156,46.9207],[4.5189,46.9225],[4.5181,46.9243],[4.5208,46.9224],[4.5258,46.921],[4.5332,46.9204],[4.5385,46.9208],[4.5481,46.9187],[4.5524,46.9169],[4.5519,46.9152],[4.5492,46.9142],[4.5488,46.9101],[4.5452,46.908],[4.5465,46.9055],[4.5424,46.9059],[4.5377,46.9047],[4.5334,46.9049],[4.5328,46.9031],[4.5345,46.901],[4.5331,46.8984],[4.5324,46.8952],[4.5286,46.8934],[4.5237,46.892],[4.5208,46.89],[4.5341,46.8827],[4.5338,46.8741],[4.5305,46.8727],[4.5256,46.8751],[4.5219,46.8743],[4.5225,46.8717]]]}},{"type":"Feature","properties":{"code":"71451","nom":"Saint-Martin-de-Lixy","pop":91},"geometry":{"type":"Polygon","coordinates":[[[4.2266,46.1785],[4.2249,46.1777],[4.2228,46.1818],[4.2196,46.185],[4.225,46.1897],[4.2274,46.1944],[4.2299,46.1947],[4.23,46.1967],[4.2348,46.2018],[4.2382,46.204],[4.2376,46.206],[4.2389,46.2081],[4.2399,46.2106],[4.2473,46.2109],[4.2502,46.2134],[4.2505,46.2113],[4.2543,46.2053],[4.2562,46.2047],[4.2548,46.2036],[4.2532,46.1965],[4.25,46.1961],[4.2425,46.1924],[4.2373,46.191],[4.2351,46.1863],[4.2344,46.1829],[4.2266,46.1785]]]}},{"type":"Feature","properties":{"code":"71452","nom":"Saint-Martin-de-Salencey","pop":116},"geometry":{"type":"Polygon","coordinates":[[[4.4614,46.51],[4.4708,46.522],[4.4714,46.5268],[4.4682,46.5292],[4.4672,46.5348],[4.4691,46.536],[4.4714,46.5411],[4.4745,46.5407],[4.4783,46.5388],[4.4814,46.5385],[4.4838,46.5366],[4.4927,46.5349],[4.5002,46.5347],[4.5026,46.5315],[4.507,46.5296],[4.5103,46.53],[4.5138,46.5284],[4.519,46.5283],[4.522,46.5313],[4.5261,46.5311],[4.5318,46.5298],[4.5339,46.5283],[4.5338,46.5245],[4.5323,46.5232],[4.5322,46.5202],[4.5301,46.5159],[4.5241,46.5142],[4.5243,46.5123],[4.5189,46.5114],[4.5131,46.5123],[4.509,46.5122],[4.5114,46.506],[4.5019,46.5026],[4.4944,46.5002],[4.4872,46.4993],[4.4806,46.4994],[4.4801,46.4976],[4.4755,46.5008],[4.4693,46.5019],[4.4659,46.5044],[4.4614,46.51]]]}},{"type":"Feature","properties":{"code":"71453","nom":"Saint-Martin-du-Lac","pop":234},"geometry":{"type":"Polygon","coordinates":[[[4.0355,46.2281],[4.0343,46.235],[4.0296,46.2334],[4.025,46.2358],[4.0243,46.2388],[4.0257,46.2419],[4.0305,46.2437],[4.0324,46.2455],[4.0365,46.2458],[4.0392,46.2477],[4.0363,46.252],[4.0309,46.2558],[4.0259,46.2548],[4.0235,46.2557],[4.022,46.2582],[4.0235,46.2591],[4.0292,46.2663],[4.0364,46.2649],[4.0428,46.2625],[4.0465,46.2616],[4.0485,46.2628],[4.0565,46.2644],[4.0589,46.2638],[4.0591,46.2674],[4.0733,46.2626],[4.0766,46.2595],[4.085,46.2552],[4.0902,46.2544],[4.0953,46.2528],[4.0962,46.2484],[4.0915,46.2444],[4.0849,46.2463],[4.0818,46.2447],[4.0776,46.2386],[4.0746,46.238],[4.0678,46.2377],[4.0621,46.2389],[4.0587,46.2376],[4.0547,46.2351],[4.0474,46.2339],[4.0448,46.2357],[4.0412,46.2348],[4.0434,46.2305],[4.0471,46.2271],[4.0423,46.2248],[4.038,46.225],[4.0355,46.2281]]]}},{"type":"Feature","properties":{"code":"71454","nom":"Saint-Martin-du-Mont","pop":174},"geometry":{"type":"Polygon","coordinates":[[[5.2737,46.6209],[5.2754,46.6234],[5.2745,46.6261],[5.2754,46.629],[5.2803,46.63],[5.2822,46.6286],[5.2849,46.6293],[5.2865,46.6312],[5.2891,46.631],[5.2908,46.6283],[5.2939,46.6294],[5.2952,46.6249],[5.3006,46.6252],[5.3015,46.6266],[5.3059,46.6286],[5.3121,46.6275],[5.3162,46.6277],[5.3211,46.6301],[5.3209,46.6265],[5.3131,46.6234],[5.3131,46.6221],[5.307,46.6194],[5.3084,46.6172],[5.3065,46.6152],[5.3024,46.613],[5.3054,46.6095],[5.3037,46.6068],[5.2953,46.6065],[5.2948,46.6031],[5.2922,46.6022],[5.2941,46.6082],[5.292,46.6084],[5.2883,46.6109],[5.2853,46.6102],[5.2834,46.6123],[5.2832,46.6156],[5.2782,46.618],[5.2752,46.6177],[5.2737,46.6209]]]}},{"type":"Feature","properties":{"code":"71455","nom":"Saint-Martin-du-Tartre","pop":148},"geometry":{"type":"Polygon","coordinates":[[[4.6047,46.6637],[4.6062,46.6616],[4.6125,46.6576],[4.6121,46.654],[4.6161,46.6539],[4.6164,46.6511],[4.6229,46.6513],[4.6229,46.6475],[4.6301,46.6469],[4.634,46.6422],[4.6362,46.637],[4.6225,46.6364],[4.6209,46.6346],[4.6186,46.6349],[4.6167,46.6324],[4.611,46.6325],[4.6069,46.6311],[4.6041,46.6328],[4.6011,46.6365],[4.5971,46.6392],[4.5917,46.6455],[4.5892,46.6509],[4.5897,46.6541],[4.5861,46.6571],[4.5892,46.659],[4.588,46.6615],[4.5851,46.6632],[4.5868,46.6655],[4.5826,46.6653],[4.5795,46.6669],[4.5806,46.6676],[4.5866,46.6703],[4.5937,46.6653],[4.6003,46.663],[4.6009,46.665],[4.6047,46.6637]]]}},{"type":"Feature","properties":{"code":"71456","nom":"Saint-Martin-en-Bresse","pop":1905},"geometry":{"type":"Polygon","coordinates":[[[5.1032,46.8243],[5.1022,46.8208],[5.1003,46.8178],[5.0943,46.8172],[5.0926,46.8159],[5.092,46.8125],[5.0858,46.8129],[5.086,46.8103],[5.0825,46.8065],[5.0802,46.8055],[5.0803,46.8011],[5.0822,46.7999],[5.0818,46.7969],[5.0891,46.7971],[5.0842,46.7933],[5.0862,46.7913],[5.0815,46.7877],[5.0808,46.786],[5.0761,46.7835],[5.074,46.779],[5.0761,46.7758],[5.0775,46.7719],[5.0844,46.7681],[5.0821,46.7663],[5.0841,46.7612],[5.0773,46.7626],[5.0751,46.7615],[5.0715,46.7624],[5.0699,46.7594],[5.0662,46.7594],[5.0647,46.7581],[5.0616,46.7594],[5.0536,46.7571],[5.0536,46.7586],[5.051,46.7611],[5.0523,46.7624],[5.0508,46.7662],[5.0468,46.7669],[5.0438,46.7694],[5.0441,46.7707],[5.0462,46.7751],[5.0468,46.7821],[5.0447,46.7835],[5.0427,46.7873],[5.0398,46.7903],[5.0407,46.792],[5.0371,46.7983],[5.0336,46.7971],[5.0286,46.797],[5.0279,46.7953],[5.0237,46.791],[5.0161,46.7933],[5.013,46.7959],[5.0145,46.7992],[5.0111,46.8029],[5.0125,46.8052],[5.011,46.8082],[5.0119,46.8098],[5.016,46.812],[5.0168,46.8169],[5.0185,46.8173],[5.0201,46.821],[5.0259,46.8201],[5.0277,46.8223],[5.0316,46.8216],[5.0355,46.8206],[5.0377,46.8221],[5.0385,46.8248],[5.0454,46.828],[5.0477,46.827],[5.0528,46.8332],[5.0569,46.8321],[5.0571,46.8386],[5.0612,46.8386],[5.0659,46.8437],[5.0695,46.8407],[5.0726,46.8431],[5.0788,46.8415],[5.0844,46.8389],[5.0928,46.8391],[5.093,46.8415],[5.0956,46.8411],[5.0985,46.839],[5.0961,46.837],[5.1004,46.8365],[5.1025,46.8336],[5.1019,46.8315],[5.1032,46.8243]]]}},{"type":"Feature","properties":{"code":"71457","nom":"Saint-Martin-en-Gâtinois","pop":120},"geometry":{"type":"Polygon","coordinates":[[[5.0045,46.958],[5.0054,46.9592],[5.0075,46.9582],[5.0184,46.9565],[5.0231,46.9566],[5.0286,46.9528],[5.0298,46.9491],[5.0264,46.9479],[5.0249,46.9449],[5.027,46.9431],[5.0276,46.9418],[5.0216,46.9361],[5.0164,46.9325],[5.0134,46.9341],[5.0112,46.9331],[5.0108,46.9308],[5.0082,46.9285],[5.002,46.93],[4.9967,46.9303],[4.9922,46.9315],[4.988,46.9335],[4.987,46.9358],[4.9797,46.9288],[4.9777,46.9302],[5.0045,46.958]]]}},{"type":"Feature","properties":{"code":"71458","nom":"Saint-Martin-la-Patrouille","pop":68},"geometry":{"type":"Polygon","coordinates":[[[4.522,46.5904],[4.5244,46.5946],[4.5255,46.5991],[4.5308,46.5995],[4.5389,46.5973],[4.5477,46.5967],[4.5447,46.5921],[4.5563,46.5904],[4.5582,46.5877],[4.563,46.5875],[4.5654,46.5885],[4.5654,46.588],[4.5639,46.5842],[4.5638,46.5814],[4.5622,46.5769],[4.561,46.5668],[4.5568,46.5676],[4.5538,46.5647],[4.5466,46.5696],[4.5358,46.5729],[4.5326,46.5733],[4.5373,46.5805],[4.5346,46.5808],[4.5338,46.5829],[4.5305,46.5823],[4.5309,46.5848],[4.5265,46.5856],[4.5276,46.5883],[4.5264,46.5896],[4.522,46.5904]]]}},{"type":"Feature","properties":{"code":"71459","nom":"Saint-Martin-sous-Montaigu","pop":319},"geometry":{"type":"Polygon","coordinates":[[[4.7212,46.7944],[4.7173,46.7962],[4.7105,46.7977],[4.7124,46.8034],[4.7095,46.806],[4.7073,46.8086],[4.7048,46.8098],[4.7001,46.8149],[4.6958,46.8148],[4.6906,46.8164],[4.6918,46.8223],[4.6967,46.8219],[4.6996,46.8226],[4.7093,46.8225],[4.7116,46.824],[4.7145,46.8236],[4.7227,46.8205],[4.7263,46.8174],[4.7194,46.8145],[4.719,46.8096],[4.7158,46.8054],[4.7169,46.804],[4.7163,46.8009],[4.7212,46.7944]]]}},{"type":"Feature","properties":{"code":"71460","nom":"Saint-Maurice-de-Satonnay","pop":505},"geometry":{"type":"Polygon","coordinates":[[[4.7986,46.4038],[4.7923,46.4022],[4.7896,46.4003],[4.794,46.3976],[4.7954,46.3938],[4.7932,46.3904],[4.7923,46.3872],[4.7832,46.3824],[4.7829,46.3833],[4.7766,46.3843],[4.771,46.3836],[4.7679,46.3859],[4.7643,46.3886],[4.762,46.3935],[4.7635,46.3992],[4.7648,46.4014],[4.7725,46.4048],[4.7723,46.4075],[4.7676,46.4074],[4.7675,46.4093],[4.7688,46.4136],[4.7687,46.4164],[4.7722,46.4202],[4.7766,46.422],[4.7787,46.4237],[4.774,46.4248],[4.7765,46.4281],[4.776,46.4293],[4.7841,46.4284],[4.7876,46.4264],[4.7946,46.4267],[4.8014,46.4241],[4.8006,46.4218],[4.8,46.4156],[4.7981,46.4113],[4.7975,46.408],[4.7986,46.4038]]]}},{"type":"Feature","properties":{"code":"71461","nom":"Saint-Maurice-des-Champs","pop":61},"geometry":{"type":"Polygon","coordinates":[[[4.6362,46.637],[4.6402,46.6314],[4.643,46.6303],[4.6427,46.628],[4.6443,46.6256],[4.6432,46.6235],[4.6397,46.6207],[4.638,46.6158],[4.637,46.6158],[4.6337,46.6159],[4.6292,46.611],[4.6236,46.6089],[4.6202,46.6093],[4.617,46.6086],[4.6136,46.6091],[4.6133,46.6146],[4.6163,46.618],[4.6155,46.6193],[4.6092,46.6221],[4.6121,46.6244],[4.609,46.6255],[4.6106,46.628],[4.61,46.6299],[4.6069,46.6311],[4.611,46.6325],[4.6167,46.6324],[4.6186,46.6349],[4.6209,46.6346],[4.6225,46.6364],[4.6362,46.637]]]}},{"type":"Feature","properties":{"code":"71462","nom":"Saint-Maurice-en-Rivière","pop":532},"geometry":{"type":"Polygon","coordinates":[[[5.0316,46.8216],[5.0273,46.8233],[5.0236,46.8237],[5.0258,46.8287],[5.024,46.8305],[5.0159,46.8311],[5.0152,46.8348],[5.0065,46.8359],[5.0074,46.8372],[4.9967,46.8427],[4.997,46.844],[4.9935,46.8459],[4.9956,46.8474],[4.9901,46.8515],[4.9858,46.8523],[4.9853,46.8559],[4.9869,46.8579],[4.9946,46.8652],[4.9957,46.8722],[4.9992,46.8763],[5.0096,46.8723],[5.016,46.8695],[5.0227,46.8672],[5.0307,46.8687],[5.0352,46.8673],[5.0362,46.8654],[5.0348,46.8638],[5.0369,46.8615],[5.0425,46.8603],[5.0467,46.854],[5.0504,46.8513],[5.0571,46.8386],[5.0569,46.8321],[5.0528,46.8332],[5.0477,46.827],[5.0454,46.828],[5.0385,46.8248],[5.0377,46.8221],[5.0355,46.8206],[5.0316,46.8216]]]}},{"type":"Feature","properties":{"code":"71463","nom":"Saint-Maurice-lès-Châteauneuf","pop":608},"geometry":{"type":"Polygon","coordinates":[[[4.2502,46.2134],[4.2473,46.2109],[4.2399,46.2106],[4.2389,46.2081],[4.2367,46.2102],[4.2334,46.2099],[4.2302,46.2122],[4.2247,46.2142],[4.2231,46.2172],[4.2237,46.2195],[4.2272,46.2255],[4.2315,46.2297],[4.2383,46.2339],[4.2369,46.2397],[4.2379,46.2437],[4.2404,46.2448],[4.2445,46.244],[4.2508,46.2434],[4.2528,46.2443],[4.2598,46.2447],[4.2636,46.2441],[4.2634,46.2414],[4.2658,46.2387],[4.2698,46.2365],[4.2725,46.2358],[4.279,46.2293],[4.2742,46.2277],[4.2735,46.2247],[4.2724,46.2216],[4.2721,46.217],[4.2712,46.2155],[4.2621,46.2148],[4.2581,46.2161],[4.2552,46.2158],[4.2543,46.2134],[4.2502,46.2134]]]}},{"type":"Feature","properties":{"code":"71464","nom":"Saint-Maurice-lès-Couches","pop":176},"geometry":{"type":"Polygon","coordinates":[[[4.5801,46.878],[4.5878,46.8839],[4.5902,46.8873],[4.5911,46.8909],[4.5942,46.8909],[4.5948,46.889],[4.598,46.8888],[4.5993,46.887],[4.6066,46.8877],[4.6076,46.8853],[4.6112,46.8838],[4.6157,46.8836],[4.6165,46.8821],[4.6156,46.8779],[4.6178,46.878],[4.6221,46.8737],[4.6162,46.8686],[4.6177,46.8661],[4.6141,46.8656],[4.6087,46.8647],[4.6053,46.8656],[4.6048,46.8682],[4.5998,46.8692],[4.5978,46.8704],[4.5977,46.8731],[4.5914,46.8739],[4.5874,46.8749],[4.5801,46.878]]]}},{"type":"Feature","properties":{"code":"71465","nom":"Saint-Micaud","pop":269},"geometry":{"type":"Polygon","coordinates":[[[4.5599,46.7088],[4.5586,46.7076],[4.5631,46.7023],[4.5573,46.6987],[4.5609,46.6948],[4.5595,46.694],[4.562,46.6912],[4.5591,46.6901],[4.5607,46.6828],[4.5534,46.6812],[4.5528,46.6797],[4.5478,46.6773],[4.5454,46.6747],[4.5456,46.673],[4.5429,46.6721],[4.5426,46.6677],[4.5382,46.667],[4.5347,46.668],[4.5314,46.6654],[4.5262,46.6644],[4.5235,46.6671],[4.5195,46.6686],[4.5114,46.6677],[4.5059,46.6721],[4.5113,46.6773],[4.511,46.6793],[4.5152,46.6838],[4.5104,46.6864],[4.5053,46.6869],[4.5004,46.6887],[4.4918,46.6879],[4.4874,46.6879],[4.4882,46.6915],[4.4919,46.6934],[4.4947,46.6974],[4.4935,46.6997],[4.4876,46.7037],[4.486,46.7061],[4.4947,46.7065],[4.5005,46.7089],[4.5018,46.7116],[4.4998,46.7124],[4.5032,46.7147],[4.5016,46.7173],[4.5046,46.7203],[4.5091,46.7182],[4.5161,46.7134],[4.517,46.7107],[4.5197,46.7097],[4.5237,46.7113],[4.5316,46.7116],[4.5333,46.7098],[4.5384,46.7087],[4.5422,46.7119],[4.5496,46.7117],[4.5599,46.7088]]]}},{"type":"Feature","properties":{"code":"71466","nom":"Saint-Nizier-sur-Arroux","pop":124},"geometry":{"type":"Polygon","coordinates":[[[4.1911,46.8392],[4.1894,46.8376],[4.1889,46.835],[4.1826,46.8314],[4.1808,46.8298],[4.1836,46.8288],[4.1826,46.8272],[4.1865,46.8261],[4.187,46.8219],[4.183,46.8226],[4.1776,46.8175],[4.1783,46.8151],[4.1753,46.8145],[4.1745,46.8126],[4.1678,46.8086],[4.1654,46.8051],[4.1673,46.8015],[4.1661,46.7988],[4.1606,46.8028],[4.1568,46.8],[4.1487,46.7922],[4.1439,46.7942],[4.1384,46.7984],[4.1331,46.7989],[4.1344,46.8006],[4.1301,46.8015],[4.1299,46.8044],[4.1274,46.8047],[4.1284,46.8072],[4.1257,46.8075],[4.122,46.8129],[4.1259,46.8136],[4.1283,46.8153],[4.1321,46.815],[4.1379,46.8129],[4.1421,46.8099],[4.1512,46.815],[4.1546,46.8189],[4.1609,46.8218],[4.1616,46.8231],[4.1578,46.8259],[4.1589,46.8284],[4.1677,46.8306],[4.17,46.8321],[4.1734,46.8363],[4.1783,46.8381],[4.1832,46.8418],[4.1911,46.8392]]]}},{"type":"Feature","properties":{"code":"71468","nom":"Saint-Pierre-de-Varennes","pop":836},"geometry":{"type":"Polygon","coordinates":[[[4.5453,46.8379],[4.5375,46.8356],[4.5336,46.8339],[4.5299,46.8345],[4.529,46.8308],[4.5249,46.8298],[4.5113,46.8229],[4.5137,46.8216],[4.5106,46.8181],[4.5122,46.8162],[4.5061,46.8147],[4.5044,46.8132],[4.5004,46.8131],[4.4984,46.812],[4.4928,46.8131],[4.4915,46.8145],[4.4915,46.8173],[4.4961,46.8178],[4.4989,46.8165],[4.5014,46.8168],[4.5016,46.823],[4.5038,46.8261],[4.5015,46.8271],[4.5019,46.8332],[4.4937,46.832],[4.4926,46.8304],[4.4831,46.8299],[4.4785,46.8335],[4.4763,46.8371],[4.4713,46.8401],[4.4708,46.8424],[4.4724,46.8459],[4.4781,46.8485],[4.4787,46.8505],[4.4754,46.8515],[4.4763,46.8533],[4.4748,46.8562],[4.4805,46.858],[4.4784,46.8598],[4.4758,46.86],[4.4758,46.8629],[4.4714,46.8666],[4.4704,46.8695],[4.4779,46.872],[4.4811,46.8713],[4.4837,46.8725],[4.489,46.8705],[4.493,46.8697],[4.4948,46.8675],[4.5018,46.8676],[4.509,46.8657],[4.52,46.8671],[4.5235,46.8653],[4.5314,46.867],[4.5344,46.8682],[4.5383,46.8669],[4.5377,46.8583],[4.5443,46.855],[4.5466,46.8545],[4.5541,46.8515],[4.5508,46.8468],[4.5486,46.8464],[4.5491,46.843],[4.5453,46.8379]]]}},{"type":"Feature","properties":{"code":"71469","nom":"Saint-Pierre-le-Vieux","pop":378},"geometry":{"type":"Polygon","coordinates":[[[4.5304,46.3103],[4.5304,46.3104],[4.5353,46.3094],[4.5388,46.3102],[4.5538,46.3048],[4.5532,46.3026],[4.5559,46.2997],[4.5554,46.2971],[4.5578,46.2945],[4.556,46.2915],[4.5544,46.2918],[4.5521,46.2887],[4.5533,46.2856],[4.5499,46.286],[4.5453,46.2776],[4.5464,46.2741],[4.5374,46.27],[4.5321,46.2695],[4.5212,46.2708],[4.5181,46.2695],[4.5155,46.2702],[4.5121,46.2676],[4.5064,46.2681],[4.504,46.2672],[4.5003,46.2718],[4.5002,46.2747],[4.4944,46.2785],[4.4919,46.2812],[4.4887,46.288],[4.4948,46.289],[4.5011,46.2925],[4.5043,46.2953],[4.5064,46.2982],[4.5118,46.2988],[4.5196,46.3019],[4.5218,46.304],[4.5279,46.3049],[4.5304,46.3103]]]}},{"type":"Feature","properties":{"code":"71470","nom":"Saint-Point","pop":363},"geometry":{"type":"Polygon","coordinates":[[[4.6356,46.314],[4.6299,46.314],[4.6265,46.3156],[4.6206,46.3158],[4.6153,46.3194],[4.6133,46.319],[4.6102,46.3209],[4.6096,46.3255],[4.6044,46.3283],[4.5986,46.329],[4.5987,46.3317],[4.5955,46.331],[4.5924,46.3321],[4.5948,46.3357],[4.595,46.341],[4.5907,46.3409],[4.5953,46.3471],[4.5959,46.3509],[4.6004,46.3532],[4.6034,46.3576],[4.6059,46.3583],[4.6103,46.3558],[4.6174,46.3546],[4.6183,46.3559],[4.6253,46.3545],[4.6276,46.3554],[4.6304,46.3532],[4.6319,46.3546],[4.6363,46.3504],[4.6416,46.3472],[4.6503,46.3464],[4.6485,46.3438],[4.6462,46.3345],[4.6433,46.3315],[4.6432,46.3284],[4.6419,46.3263],[4.6417,46.3232],[4.6404,46.3211],[4.6411,46.3189],[4.6379,46.3191],[4.6362,46.318],[4.6367,46.3149],[4.6356,46.314]]]}},{"type":"Feature","properties":{"code":"71471","nom":"Saint-Privé","pop":100},"geometry":{"type":"Polygon","coordinates":[[[4.5786,46.6856],[4.5721,46.6861],[4.5669,46.6855],[4.5649,46.6863],[4.562,46.6912],[4.5595,46.694],[4.5609,46.6948],[4.5573,46.6987],[4.5631,46.7023],[4.5586,46.7076],[4.5599,46.7088],[4.5656,46.7074],[4.5661,46.7099],[4.5687,46.713],[4.5711,46.7137],[4.5734,46.7136],[4.577,46.7102],[4.5849,46.7066],[4.5909,46.7076],[4.5994,46.7032],[4.6014,46.7011],[4.601,46.6997],[4.5938,46.7013],[4.583,46.6982],[4.5804,46.6972],[4.5811,46.695],[4.5799,46.693],[4.5809,46.6914],[4.5787,46.6885],[4.5786,46.6856]]]}},{"type":"Feature","properties":{"code":"71472","nom":"Saint-Prix","pop":201},"geometry":{"type":"Polygon","coordinates":[[[3.996,46.9867],[4.0022,46.9862],[4.0058,46.989],[4.0155,46.9932],[4.0178,46.9955],[4.0221,46.9967],[4.0315,46.9983],[4.0366,47.0021],[4.0392,47.0019],[4.0437,47.0035],[4.0522,47.0041],[4.0566,47.0055],[4.0606,47.0049],[4.066,47.0016],[4.0665,46.9988],[4.0729,46.9953],[4.0763,46.9925],[4.0787,46.9924],[4.0868,46.9964],[4.089,46.9985],[4.0907,46.9979],[4.0987,46.9913],[4.0979,46.9871],[4.093,46.987],[4.0921,46.9843],[4.0935,46.979],[4.0978,46.9744],[4.099,46.9703],[4.0974,46.9677],[4.1,46.9654],[4.1011,46.9608],[4.0997,46.9598],[4.1021,46.9525],[4.1023,46.947],[4.1033,46.9464],[4.0977,46.9426],[4.0874,46.935],[4.0813,46.9367],[4.0759,46.9356],[4.0685,46.9394],[4.0624,46.9395],[4.0596,46.9389],[4.0555,46.9366],[4.0506,46.9378],[4.0446,46.938],[4.0403,46.9412],[4.0395,46.9481],[4.0408,46.9506],[4.0476,46.9509],[4.0558,46.9571],[4.0504,46.9658],[4.0467,46.9712],[4.0438,46.9742],[4.0406,46.9759],[4.0394,46.9853],[4.0341,46.9855],[4.0316,46.9848],[4.0217,46.9797],[4.0173,46.9758],[4.0167,46.9728],[4.0091,46.9714],[4.0075,46.9728],[4.0023,46.9743],[3.9969,46.9743],[3.9953,46.9753],[3.9939,46.9791],[3.9961,46.982],[3.996,46.9867]]]}},{"type":"Feature","properties":{"code":"71473","nom":"Saint-Racho","pop":158},"geometry":{"type":"Polygon","coordinates":[[[4.3668,46.2805],[4.3695,46.2806],[4.373,46.2786],[4.3799,46.2791],[4.3925,46.2777],[4.3963,46.2747],[4.3969,46.2669],[4.3937,46.2649],[4.392,46.2623],[4.3928,46.2607],[4.3893,46.258],[4.3926,46.2514],[4.3882,46.2477],[4.3854,46.2468],[4.3809,46.2472],[4.3776,46.2482],[4.3695,46.2458],[4.3669,46.246],[4.3646,46.2478],[4.3576,46.249],[4.3523,46.2505],[4.3451,46.25],[4.3449,46.255],[4.3451,46.2559],[4.3502,46.2577],[4.3568,46.2638],[4.3578,46.2678],[4.3567,46.2711],[4.3592,46.2726],[4.358,46.2744],[4.362,46.279],[4.3658,46.2791],[4.3668,46.2805]]]}},{"type":"Feature","properties":{"code":"71474","nom":"Sainte-Radegonde","pop":146},"geometry":{"type":"Polygon","coordinates":[[[4.1012,46.6739],[4.098,46.6714],[4.0944,46.6702],[4.0908,46.6711],[4.0899,46.6699],[4.0828,46.6706],[4.08,46.67],[4.0779,46.6728],[4.0754,46.6727],[4.0723,46.6752],[4.0623,46.6759],[4.0567,46.6776],[4.0511,46.6778],[4.0483,46.6771],[4.0449,46.679],[4.041,46.6785],[4.0382,46.6826],[4.0405,46.6862],[4.0406,46.6883],[4.039,46.6901],[4.042,46.6957],[4.0448,46.6989],[4.048,46.7003],[4.0481,46.704],[4.0497,46.7065],[4.0526,46.7074],[4.052,46.7093],[4.056,46.711],[4.0631,46.7126],[4.0703,46.7184],[4.0717,46.7162],[4.0752,46.713],[4.0803,46.716],[4.0839,46.7159],[4.0915,46.7177],[4.0951,46.7172],[4.1094,46.7089],[4.1164,46.7071],[4.1202,46.705],[4.1143,46.7029],[4.1117,46.7007],[4.1136,46.6966],[4.1168,46.6932],[4.1145,46.6895],[4.1124,46.6892],[4.112,46.6867],[4.1139,46.6838],[4.1131,46.6827],[4.1044,46.679],[4.1012,46.6739]]]}},{"type":"Feature","properties":{"code":"71475","nom":"Saint-Rémy","pop":6410},"geometry":{"type":"Polygon","coordinates":[[[4.8276,46.7511],[4.827,46.7493],[4.8224,46.7482],[4.8184,46.7459],[4.8186,46.7444],[4.8164,46.7406],[4.8135,46.7404],[4.8097,46.7386],[4.8056,46.7408],[4.8016,46.742],[4.8014,46.7452],[4.7963,46.7455],[4.7948,46.7471],[4.7972,46.7485],[4.7975,46.7503],[4.8032,46.7492],[4.8048,46.7528],[4.8066,46.7529],[4.8089,46.7573],[4.8021,46.7597],[4.7977,46.76],[4.7966,46.7618],[4.7928,46.7635],[4.7937,46.7656],[4.7914,46.7678],[4.7972,46.7702],[4.7999,46.7682],[4.8054,46.766],[4.8053,46.7684],[4.8112,46.7728],[4.8163,46.775],[4.8194,46.7745],[4.8195,46.778],[4.8352,46.7756],[4.8377,46.7741],[4.8412,46.7737],[4.8442,46.7749],[4.8463,46.7734],[4.8453,46.7696],[4.8462,46.7667],[4.8502,46.7631],[4.8555,46.7615],[4.8539,46.7606],[4.848,46.7595],[4.8416,46.7566],[4.8363,46.7554],[4.8289,46.7529],[4.8276,46.7511]]]}},{"type":"Feature","properties":{"code":"71477","nom":"Saint-Romain-sous-Gourdon","pop":473},"geometry":{"type":"Polygon","coordinates":[[[4.4127,46.6531],[4.4112,46.6494],[4.4117,46.648],[4.4159,46.6483],[4.421,46.6478],[4.4196,46.6447],[4.4202,46.6418],[4.4217,46.6411],[4.4205,46.6367],[4.4241,46.6343],[4.4232,46.6314],[4.4152,46.6285],[4.4159,46.6271],[4.4192,46.6269],[4.4242,46.6231],[4.4293,46.6215],[4.4302,46.6178],[4.4374,46.6154],[4.436,46.6129],[4.4387,46.6122],[4.4404,46.6137],[4.443,46.6129],[4.4451,46.6084],[4.4453,46.6064],[4.448,46.6044],[4.4547,46.6049],[4.4501,46.601],[4.4473,46.5959],[4.446,46.5923],[4.4411,46.5945],[4.4382,46.5969],[4.4354,46.5974],[4.4317,46.5992],[4.4292,46.5985],[4.4267,46.6002],[4.419,46.5975],[4.4144,46.6003],[4.4106,46.599],[4.4086,46.5969],[4.4108,46.5944],[4.4028,46.5913],[4.3996,46.5921],[4.3988,46.594],[4.395,46.5964],[4.3889,46.5986],[4.3864,46.6008],[4.3891,46.6035],[4.3864,46.6068],[4.3858,46.6147],[4.3777,46.6217],[4.3786,46.6232],[4.384,46.6243],[4.3855,46.6286],[4.3897,46.6301],[4.3905,46.6319],[4.3934,46.6345],[4.3946,46.6389],[4.3985,46.6423],[4.4022,46.6479],[4.4048,46.65],[4.4043,46.6512],[4.4127,46.6531]]]}},{"type":"Feature","properties":{"code":"71478","nom":"Saint-Romain-sous-Versigny","pop":77},"geometry":{"type":"Polygon","coordinates":[[[4.1507,46.646],[4.1523,46.6475],[4.1584,46.6498],[4.1614,46.6518],[4.1691,46.6545],[4.1725,46.6563],[4.1756,46.6593],[4.1771,46.6588],[4.1836,46.6639],[4.1729,46.6729],[4.1755,46.6742],[4.1769,46.6774],[4.1795,46.6791],[4.1811,46.6834],[4.1856,46.682],[4.1867,46.6855],[4.1917,46.6856],[4.1935,46.6838],[4.1969,46.6858],[4.2029,46.6856],[4.2049,46.6793],[4.2045,46.6781],[4.2081,46.6721],[4.2121,46.6699],[4.2125,46.6685],[4.2086,46.6677],[4.2069,46.6649],[4.2103,46.6641],[4.2099,46.66],[4.208,46.6574],[4.2025,46.6546],[4.2022,46.6534],[4.2057,46.6507],[4.2061,46.647],[4.2121,46.6441],[4.2149,46.6399],[4.2181,46.64],[4.2147,46.6385],[4.2104,46.6386],[4.2087,46.6399],[4.2015,46.6402],[4.2003,46.6416],[4.1957,46.6396],[4.1916,46.6392],[4.1888,46.6365],[4.188,46.6334],[4.1848,46.6328],[4.181,46.6302],[4.1829,46.6279],[4.1791,46.6261],[4.1805,46.6231],[4.1813,46.6185],[4.1763,46.6181],[4.1699,46.6193],[4.1666,46.6206],[4.1634,46.6243],[4.161,46.6252],[4.1595,46.6303],[4.1613,46.6315],[4.1582,46.6341],[4.1604,46.6354],[4.1584,46.6374],[4.1599,46.6389],[4.1568,46.6419],[4.1562,46.6454],[4.1507,46.646]]]}},{"type":"Feature","properties":{"code":"71479","nom":"Saint-Sernin-du-Bois","pop":1734},"geometry":{"type":"Polygon","coordinates":[[[4.4435,46.8263],[4.4321,46.8254],[4.4263,46.8206],[4.4233,46.8201],[4.4212,46.8218],[4.4161,46.8233],[4.4077,46.8235],[4.4027,46.8249],[4.3981,46.8254],[4.3941,46.8263],[4.3855,46.8265],[4.3876,46.8293],[4.3871,46.832],[4.3893,46.8343],[4.3897,46.8373],[4.393,46.8422],[4.3945,46.8434],[4.3991,46.8438],[4.4067,46.8466],[4.4087,46.8499],[4.4117,46.8523],[4.4161,46.85],[4.4218,46.8499],[4.4274,46.8591],[4.4303,46.8609],[4.4334,46.8611],[4.4377,46.8625],[4.438,46.8592],[4.4362,46.8573],[4.4493,46.8506],[4.4505,46.8495],[4.4537,46.8505],[4.4573,46.8474],[4.4553,46.8455],[4.4542,46.841],[4.4562,46.8382],[4.4548,46.8343],[4.452,46.8325],[4.4513,46.8254],[4.4484,46.8264],[4.4435,46.8263]]]}},{"type":"Feature","properties":{"code":"71480","nom":"Saint-Sernin-du-Plain","pop":613},"geometry":{"type":"Polygon","coordinates":[[[4.6313,46.9154],[4.6296,46.9123],[4.6317,46.9116],[4.6286,46.9085],[4.6293,46.9063],[4.6286,46.903],[4.6368,46.9011],[4.6379,46.8987],[4.6411,46.8958],[4.6459,46.8956],[4.6446,46.8934],[4.6409,46.891],[4.6377,46.8907],[4.6355,46.8875],[4.6357,46.8847],[4.64,46.8808],[4.636,46.8765],[4.6433,46.8739],[4.6367,46.8722],[4.6346,46.871],[4.6344,46.8665],[4.6378,46.8639],[4.6351,46.8612],[4.6267,46.8607],[4.6202,46.8597],[4.6141,46.8656],[4.6177,46.8661],[4.6162,46.8686],[4.6221,46.8737],[4.6178,46.878],[4.6156,46.8779],[4.6165,46.8821],[4.6157,46.8836],[4.6112,46.8838],[4.6076,46.8853],[4.6066,46.8877],[4.5993,46.887],[4.598,46.8888],[4.5948,46.889],[4.5942,46.8909],[4.5911,46.8909],[4.5921,46.8958],[4.5921,46.9004],[4.5931,46.9024],[4.5872,46.9033],[4.5894,46.9107],[4.5865,46.9128],[4.5885,46.9159],[4.5908,46.9163],[4.593,46.9148],[4.5962,46.9174],[4.6003,46.9159],[4.6023,46.9139],[4.6096,46.9105],[4.6091,46.9077],[4.6119,46.9076],[4.6165,46.9106],[4.6215,46.9163],[4.6313,46.9154]]]}},{"type":"Feature","properties":{"code":"71481","nom":"Saint-Symphorien-d'Ancelles","pop":1131},"geometry":{"type":"Polygon","coordinates":[[[4.7492,46.2061],[4.7544,46.2045],[4.761,46.206],[4.767,46.2024],[4.7704,46.2066],[4.7757,46.2071],[4.784,46.2054],[4.784,46.2066],[4.7887,46.2079],[4.7928,46.2076],[4.7939,46.2036],[4.793,46.2016],[4.7804,46.1896],[4.7798,46.1882],[4.7805,46.1837],[4.7804,46.1769],[4.7755,46.1772],[4.7682,46.1827],[4.7685,46.187],[4.7599,46.1873],[4.7571,46.1894],[4.7546,46.1963],[4.7522,46.1986],[4.7489,46.2001],[4.7508,46.2035],[4.7492,46.2061]]]}},{"type":"Feature","properties":{"code":"71482","nom":"Saint-Symphorien-de-Marmagne","pop":827},"geometry":{"type":"Polygon","coordinates":[[[4.2884,46.864],[4.2967,46.8622],[4.3001,46.8631],[4.3043,46.8612],[4.3054,46.8639],[4.3126,46.8599],[4.3178,46.8595],[4.3194,46.8616],[4.3243,46.8612],[4.3298,46.8622],[4.3312,46.8615],[4.3351,46.8627],[4.3463,46.8629],[4.3478,46.8645],[4.3485,46.8614],[4.3549,46.8626],[4.3547,46.8575],[4.3531,46.8562],[4.3541,46.8538],[4.3545,46.8494],[4.3485,46.846],[4.3448,46.8364],[4.3392,46.8311],[4.343,46.8266],[4.3428,46.8254],[4.3517,46.8149],[4.3535,46.8136],[4.3554,46.8077],[4.3571,46.8069],[4.3591,46.8035],[4.3581,46.801],[4.354,46.7971],[4.3458,46.7937],[4.3447,46.7919],[4.3461,46.7905],[4.3425,46.7879],[4.3383,46.7893],[4.3362,46.7909],[4.331,46.7905],[4.3296,46.7915],[4.3245,46.7916],[4.3234,46.7924],[4.3167,46.7909],[4.3139,46.7938],[4.311,46.7982],[4.3087,46.7995],[4.3049,46.7993],[4.299,46.8009],[4.2923,46.8011],[4.2918,46.8043],[4.2856,46.8093],[4.2866,46.8122],[4.2841,46.8151],[4.2812,46.8214],[4.2813,46.8234],[4.2828,46.8285],[4.2804,46.8313],[4.283,46.8343],[4.2843,46.8372],[4.2833,46.839],[4.2847,46.8418],[4.282,46.8437],[4.2827,46.8449],[4.2801,46.8478],[4.2832,46.8515],[4.2827,46.8541],[4.2846,46.8569],[4.2833,46.8596],[4.284,46.8615],[4.2884,46.864]]]}},{"type":"Feature","properties":{"code":"71483","nom":"Saint-Symphorien-des-Bois","pop":421},"geometry":{"type":"Polygon","coordinates":[[[4.3156,46.3271],[4.3135,46.3251],[4.3046,46.3222],[4.3003,46.3198],[4.2956,46.321],[4.2936,46.32],[4.2897,46.322],[4.288,46.3184],[4.2898,46.3182],[4.2963,46.3142],[4.2947,46.3111],[4.2925,46.309],[4.2884,46.3115],[4.2848,46.3122],[4.2833,46.3105],[4.2793,46.3095],[4.2735,46.3114],[4.272,46.3091],[4.2689,46.3084],[4.2667,46.3105],[4.2631,46.311],[4.2643,46.3177],[4.2658,46.3227],[4.2627,46.328],[4.2644,46.3316],[4.2671,46.3388],[4.2781,46.3399],[4.2824,46.342],[4.2922,46.3449],[4.2977,46.3441],[4.2976,46.3401],[4.3011,46.3378],[4.3055,46.3414],[4.3098,46.3396],[4.3093,46.3367],[4.3144,46.3306],[4.3156,46.3271]]]}},{"type":"Feature","properties":{"code":"71484","nom":"Saint-Usuge","pop":1204},"geometry":{"type":"Polygon","coordinates":[[[5.2974,46.6737],[5.2925,46.6707],[5.2896,46.6744],[5.2842,46.6712],[5.2792,46.6693],[5.2757,46.6701],[5.2755,46.6718],[5.272,46.6734],[5.2689,46.671],[5.268,46.6672],[5.2662,46.6668],[5.2645,46.6639],[5.2613,46.6633],[5.2611,46.6605],[5.2581,46.654],[5.2567,46.6532],[5.2541,46.6531],[5.2492,46.6548],[5.2497,46.6572],[5.2477,46.6584],[5.2474,46.6629],[5.245,46.6651],[5.2421,46.6654],[5.2407,46.6675],[5.2421,46.6705],[5.2406,46.6717],[5.235,46.6718],[5.2329,46.6767],[5.2304,46.6752],[5.2249,46.6748],[5.2247,46.6735],[5.2197,46.6734],[5.218,46.6743],[5.2136,46.6724],[5.2028,46.6709],[5.201,46.6699],[5.194,46.6694],[5.1934,46.6748],[5.1935,46.6775],[5.196,46.6796],[5.1949,46.6816],[5.1916,46.6834],[5.1907,46.6851],[5.1859,46.6865],[5.1868,46.6888],[5.1889,46.6899],[5.1929,46.6903],[5.2004,46.6882],[5.2036,46.69],[5.2036,46.6947],[5.2055,46.6957],[5.2058,46.6983],[5.2109,46.7016],[5.2115,46.7044],[5.2133,46.7071],[5.2171,46.7185],[5.2176,46.7199],[5.2253,46.7195],[5.2287,46.7188],[5.2339,46.7192],[5.2347,46.7211],[5.2371,46.722],[5.2434,46.7213],[5.2462,46.7194],[5.2484,46.7207],[5.2565,46.7196],[5.26,46.7207],[5.2609,46.7185],[5.2569,46.7131],[5.2566,46.7104],[5.2576,46.7076],[5.2602,46.7085],[5.2648,46.7072],[5.2779,46.7077],[5.2776,46.709],[5.2861,46.709],[5.2877,46.7078],[5.2862,46.7054],[5.2826,46.703],[5.2831,46.6996],[5.2796,46.6945],[5.2759,46.6929],[5.273,46.6905],[5.27,46.6861],[5.2666,46.6844],[5.2717,46.6832],[5.2741,46.6847],[5.2762,46.6836],[5.2757,46.6819],[5.2813,46.6813],[5.2853,46.678],[5.2976,46.6779],[5.2974,46.6737]]]}},{"type":"Feature","properties":{"code":"71485","nom":"Saint-Vallerin","pop":253},"geometry":{"type":"Polygon","coordinates":[[[4.6562,46.6777],[4.6494,46.6799],[4.6458,46.6804],[4.646,46.6855],[4.6436,46.6895],[4.6465,46.6915],[4.6517,46.6979],[4.6542,46.6991],[4.6573,46.6971],[4.6626,46.6952],[4.6693,46.6954],[4.6749,46.6932],[4.6777,46.6931],[4.6787,46.6951],[4.6851,46.6978],[4.6836,46.6949],[4.6796,46.6911],[4.6819,46.6891],[4.6824,46.6851],[4.6814,46.6819],[4.6842,46.6794],[4.6895,46.6784],[4.7074,46.6776],[4.7117,46.6767],[4.7059,46.6732],[4.6998,46.6747],[4.6895,46.6724],[4.6824,46.6711],[4.6758,46.673],[4.6728,46.6759],[4.6722,46.6789],[4.6664,46.6798],[4.6562,46.6777]]]}},{"type":"Feature","properties":{"code":"71486","nom":"Saint-Vallier","pop":8508},"geometry":{"type":"Polygon","coordinates":[[[4.3884,46.6678],[4.393,46.6626],[4.3966,46.6593],[4.4066,46.655],[4.4107,46.6548],[4.4127,46.6531],[4.4043,46.6512],[4.4048,46.65],[4.4022,46.6479],[4.3985,46.6423],[4.3946,46.6389],[4.3934,46.6345],[4.3905,46.6319],[4.3897,46.6301],[4.3855,46.6286],[4.384,46.6243],[4.3786,46.6232],[4.3777,46.6217],[4.3637,46.6221],[4.3605,46.6205],[4.3571,46.6223],[4.3493,46.6254],[4.3404,46.6246],[4.3364,46.6253],[4.331,46.6251],[4.3293,46.6271],[4.3257,46.6263],[4.3261,46.6279],[4.324,46.6304],[4.3217,46.6301],[4.312,46.6327],[4.308,46.6316],[4.3036,46.6325],[4.3001,46.6351],[4.3029,46.6377],[4.305,46.6369],[4.3123,46.639],[4.3122,46.6418],[4.3108,46.6433],[4.3138,46.645],[4.3166,46.6481],[4.3227,46.6503],[4.3237,46.6522],[4.3291,46.6499],[4.3289,46.6534],[4.3261,46.654],[4.3273,46.6578],[4.3309,46.6561],[4.3387,46.6566],[4.3426,46.6546],[4.3473,46.6546],[4.3519,46.6525],[4.3596,46.653],[4.361,46.6552],[4.3641,46.6576],[4.3659,46.6639],[4.3716,46.6668],[4.3738,46.6647],[4.3851,46.671],[4.3884,46.6678]]]}},{"type":"Feature","properties":{"code":"71487","nom":"Saint-Vérand","pop":155},"geometry":{"type":"Polygon","coordinates":[[[4.7426,46.2546],[4.7457,46.2538],[4.7478,46.2513],[4.7449,46.2491],[4.742,46.2498],[4.7387,46.249],[4.7286,46.2486],[4.7252,46.2492],[4.72,46.2486],[4.7097,46.2488],[4.7109,46.2569],[4.7144,46.2568],[4.7156,46.2583],[4.7226,46.2572],[4.7286,46.2574],[4.7297,46.2588],[4.7333,46.2592],[4.7385,46.2553],[4.7426,46.2546]]]}},{"type":"Feature","properties":{"code":"71488","nom":"Saint-Vincent-des-Prés","pop":96},"geometry":{"type":"Polygon","coordinates":[[[4.5356,46.4641],[4.5381,46.474],[4.5376,46.4751],[4.5386,46.4805],[4.5404,46.4841],[4.5426,46.4839],[4.547,46.4852],[4.556,46.4861],[4.5602,46.4871],[4.5613,46.489],[4.568,46.4872],[4.571,46.4858],[4.5724,46.4792],[4.5745,46.4779],[4.5752,46.4747],[4.5771,46.472],[4.5759,46.4668],[4.5692,46.4674],[4.5667,46.4665],[4.5598,46.4686],[4.5569,46.4673],[4.5503,46.4658],[4.5481,46.4631],[4.5448,46.4617],[4.543,46.4617],[4.5356,46.4641]]]}},{"type":"Feature","properties":{"code":"71489","nom":"Saint-Vincent-en-Bresse","pop":586},"geometry":{"type":"Polygon","coordinates":[[[5.0366,46.6929],[5.0449,46.6911],[5.0473,46.6898],[5.0519,46.6894],[5.0573,46.6861],[5.0634,46.6848],[5.0702,46.6852],[5.0747,46.6839],[5.0804,46.6845],[5.0825,46.6886],[5.0855,46.6869],[5.0841,46.685],[5.0863,46.6832],[5.0908,46.6827],[5.0922,46.6802],[5.0996,46.6741],[5.0973,46.6713],[5.0966,46.6687],[5.0939,46.665],[5.0941,46.6635],[5.0918,46.6645],[5.085,46.6654],[5.0788,46.6598],[5.0772,46.6601],[5.0726,46.6585],[5.0675,46.6537],[5.0625,46.6529],[5.063,46.6502],[5.0579,46.6525],[5.0485,46.6513],[5.0476,46.6525],[5.0402,46.6529],[5.0344,46.6546],[5.0315,46.6569],[5.0319,46.659],[5.0292,46.6598],[5.0329,46.664],[5.0292,46.6675],[5.0315,46.6701],[5.0351,46.6706],[5.035,46.673],[5.0365,46.678],[5.0343,46.6795],[5.0362,46.6833],[5.0343,46.6881],[5.0366,46.6929]]]}},{"type":"Feature","properties":{"code":"71490","nom":"Saint-Vincent-Bragny","pop":989},"geometry":{"type":"Polygon","coordinates":[[[4.0711,46.5274],[4.077,46.5247],[4.0814,46.5266],[4.0817,46.5298],[4.0884,46.5358],[4.0928,46.5358],[4.0981,46.5332],[4.0994,46.5347],[4.1074,46.5366],[4.1085,46.5465],[4.1055,46.5473],[4.1032,46.5494],[4.1074,46.5526],[4.1097,46.5532],[4.1131,46.5566],[4.114,46.5587],[4.1123,46.5615],[4.1136,46.568],[4.1165,46.5654],[4.1282,46.5614],[4.1337,46.5612],[4.1362,46.5616],[4.1422,46.5583],[4.1459,46.558],[4.1461,46.5561],[4.1496,46.5562],[4.155,46.5563],[4.156,46.5541],[4.1583,46.5533],[4.1573,46.5499],[4.1605,46.5474],[4.1642,46.5461],[4.1663,46.5437],[4.1686,46.544],[4.1748,46.5471],[4.1753,46.5463],[4.1716,46.5435],[4.1692,46.5373],[4.1644,46.5326],[4.1626,46.5296],[4.1613,46.525],[4.1636,46.5247],[4.179,46.5274],[4.1801,46.527],[4.1837,46.5217],[4.1783,46.523],[4.1752,46.5218],[4.1722,46.5187],[4.1782,46.5162],[4.175,46.5134],[4.1706,46.5125],[4.1715,46.5108],[4.1681,46.5083],[4.1621,46.5061],[4.158,46.5024],[4.1585,46.4999],[4.157,46.496],[4.1518,46.4968],[4.1482,46.4963],[4.1428,46.4965],[4.1409,46.4947],[4.1306,46.4995],[4.1189,46.4996],[4.1182,46.4962],[4.1209,46.4959],[4.1187,46.4893],[4.1157,46.4929],[4.1116,46.4934],[4.1019,46.4968],[4.0983,46.5003],[4.0934,46.4997],[4.0893,46.5012],[4.0849,46.5067],[4.0822,46.5056],[4.0796,46.5085],[4.0747,46.5108],[4.0728,46.5143],[4.0675,46.5148],[4.0657,46.5162],[4.0656,46.5172],[4.0706,46.5222],[4.0693,46.5245],[4.0711,46.5274]]]}},{"type":"Feature","properties":{"code":"71491","nom":"Saint-Yan","pop":1113},"geometry":{"type":"Polygon","coordinates":[[[3.9843,46.4167],[3.9841,46.4196],[3.9866,46.4217],[3.9933,46.4236],[3.9953,46.4251],[4.0039,46.427],[4.0157,46.4267],[4.016,46.425],[4.0185,46.4214],[4.0205,46.42],[4.0226,46.4166],[4.0319,46.4198],[4.0378,46.4232],[4.0409,46.4232],[4.0479,46.4249],[4.0519,46.4229],[4.0542,46.4254],[4.059,46.4257],[4.0634,46.427],[4.0621,46.4308],[4.0686,46.4312],[4.0712,46.4312],[4.0771,46.4336],[4.082,46.4341],[4.0843,46.4258],[4.0913,46.4184],[4.0912,46.4142],[4.0925,46.4105],[4.0967,46.4083],[4.1024,46.4076],[4.1076,46.4081],[4.105,46.4053],[4.1044,46.4027],[4.1001,46.4008],[4.0974,46.3973],[4.098,46.3946],[4.0963,46.3926],[4.0911,46.389],[4.086,46.3888],[4.0862,46.3804],[4.0848,46.3778],[4.0757,46.3827],[4.0719,46.3827],[4.0631,46.3842],[4.0599,46.3841],[4.0572,46.3825],[4.0514,46.3833],[4.0487,46.3822],[4.0443,46.3836],[4.0408,46.3841],[4.0425,46.3894],[4.0408,46.3925],[4.0357,46.3984],[4.0372,46.3997],[4.0362,46.4018],[4.0307,46.4026],[4.0305,46.4039],[4.0231,46.4049],[4.0209,46.4067],[4.0213,46.4147],[4.004,46.4159],[4.0014,46.4164],[3.9843,46.4167]]]}},{"type":"Feature","properties":{"code":"71493","nom":"Saisy","pop":350},"geometry":{"type":"Polygon","coordinates":[[[4.5678,46.9825],[4.5739,46.9729],[4.5867,46.969],[4.5928,46.9679],[4.5932,46.9649],[4.592,46.96],[4.5894,46.9584],[4.5895,46.9557],[4.5958,46.9522],[4.5871,46.9546],[4.5862,46.95],[4.5837,46.9449],[4.5858,46.9432],[4.584,46.9431],[4.5792,46.9449],[4.5763,46.9418],[4.5723,46.9435],[4.5672,46.9434],[4.5648,46.9449],[4.5479,46.9431],[4.5426,46.9442],[4.5396,46.9488],[4.5342,46.9484],[4.531,46.9513],[4.5327,46.9558],[4.5298,46.9564],[4.5237,46.9561],[4.5238,46.9567],[4.517,46.9649],[4.517,46.9666],[4.5195,46.9686],[4.5189,46.9711],[4.5213,46.9727],[4.5227,46.9766],[4.5273,46.9771],[4.5326,46.9755],[4.5372,46.9763],[4.5416,46.9757],[4.5476,46.9756],[4.5581,46.9799],[4.5608,46.9804],[4.565,46.9825],[4.5678,46.9825]]]}},{"type":"Feature","properties":{"code":"71494","nom":"La Salle","pop":506},"geometry":{"type":"Polygon","coordinates":[[[4.8887,46.4174],[4.888,46.4116],[4.8893,46.4056],[4.8885,46.4033],[4.8753,46.4039],[4.8682,46.4027],[4.866,46.4041],[4.8556,46.4054],[4.855,46.4041],[4.8502,46.4057],[4.841,46.3999],[4.8404,46.3981],[4.8369,46.3988],[4.8328,46.4015],[4.8306,46.402],[4.8305,46.4061],[4.8339,46.409],[4.8349,46.4122],[4.8371,46.416],[4.8426,46.4141],[4.8537,46.4118],[4.8587,46.4158],[4.8627,46.4153],[4.8658,46.4169],[4.8689,46.4152],[4.8731,46.4145],[4.8763,46.4151],[4.8765,46.4177],[4.8887,46.4174]]]}},{"type":"Feature","properties":{"code":"71495","nom":"Salornay-sur-Guye","pop":864},"geometry":{"type":"Polygon","coordinates":[[[4.576,46.5026],[4.577,46.5057],[4.5758,46.508],[4.5828,46.5112],[4.5831,46.5131],[4.5783,46.5123],[4.5774,46.5141],[4.58,46.5172],[4.5834,46.5169],[4.5824,46.5208],[4.5791,46.5226],[4.5768,46.5264],[4.5823,46.529],[4.5878,46.5304],[4.5883,46.5361],[4.591,46.5347],[4.5969,46.5375],[4.6027,46.5355],[4.6069,46.5353],[4.6086,46.5361],[4.6112,46.534],[4.6116,46.5324],[4.6142,46.5301],[4.6179,46.532],[4.6214,46.53],[4.622,46.5273],[4.6208,46.5255],[4.6223,46.5238],[4.621,46.5165],[4.6196,46.5109],[4.6206,46.5056],[4.6216,46.5031],[4.6225,46.4977],[4.62,46.4996],[4.6176,46.4985],[4.6146,46.4999],[4.6116,46.4993],[4.6103,46.501],[4.605,46.5037],[4.5973,46.5054],[4.5948,46.5032],[4.5904,46.505],[4.5888,46.5031],[4.5866,46.5037],[4.5843,46.5009],[4.576,46.5026]]]}},{"type":"Feature","properties":{"code":"71496","nom":"Sampigny-lès-Maranges","pop":131},"geometry":{"type":"Polygon","coordinates":[[[4.6368,46.9011],[4.6466,46.9073],[4.6491,46.9088],[4.6514,46.9078],[4.6538,46.9098],[4.6599,46.9087],[4.6671,46.9088],[4.6661,46.9045],[4.6635,46.9007],[4.6606,46.8988],[4.6622,46.8948],[4.6561,46.8943],[4.6459,46.8956],[4.6411,46.8958],[4.6379,46.8987],[4.6368,46.9011]]]}},{"type":"Feature","properties":{"code":"71497","nom":"Sancé","pop":2151},"geometry":{"type":"Polygon","coordinates":[[[4.8512,46.3523],[4.8529,46.3432],[4.8528,46.3384],[4.8537,46.3345],[4.8527,46.3282],[4.8517,46.3263],[4.8419,46.3286],[4.8273,46.3305],[4.8208,46.3318],[4.8177,46.3335],[4.8109,46.3384],[4.814,46.3408],[4.8126,46.3474],[4.8214,46.3438],[4.8214,46.3473],[4.8225,46.3488],[4.8272,46.3486],[4.8353,46.3467],[4.8361,46.3501],[4.8381,46.3529],[4.847,46.3531],[4.8512,46.3523]]]}},{"type":"Feature","properties":{"code":"71498","nom":"Santilly","pop":156},"geometry":{"type":"Polygon","coordinates":[[[4.7089,46.6098],[4.6974,46.6113],[4.687,46.6107],[4.6818,46.6108],[4.6769,46.6122],[4.6767,46.6151],[4.6791,46.6181],[4.6785,46.6199],[4.6794,46.624],[4.6809,46.6262],[4.6891,46.6277],[4.6917,46.627],[4.7026,46.6271],[4.7043,46.6302],[4.7096,46.63],[4.7234,46.6325],[4.727,46.6306],[4.7282,46.6284],[4.7312,46.6275],[4.7342,46.6248],[4.7319,46.6228],[4.7289,46.6219],[4.7235,46.6153],[4.7206,46.6152],[4.7186,46.6135],[4.7151,46.6123],[4.7132,46.6131],[4.7088,46.6119],[4.7089,46.6098]]]}},{"type":"Feature","properties":{"code":"71499","nom":"Sanvignes-les-Mines","pop":4235},"geometry":{"type":"Polygon","coordinates":[[[4.2874,46.634],[4.2833,46.6358],[4.2793,46.6403],[4.273,46.6443],[4.2701,46.6443],[4.2665,46.6475],[4.2676,46.6486],[4.257,46.6501],[4.2521,46.6483],[4.2471,46.6489],[4.2504,46.6505],[4.2453,46.6555],[4.2476,46.6564],[4.2461,46.6588],[4.2506,46.6604],[4.249,46.6627],[4.2514,46.6641],[4.2493,46.6654],[4.2538,46.6669],[4.2521,46.6698],[4.2515,46.6744],[4.2494,46.6761],[4.2457,46.6739],[4.2446,46.6755],[4.2413,46.6769],[4.2392,46.6751],[4.2333,46.674],[4.2304,46.6794],[4.2307,46.681],[4.2275,46.6844],[4.2241,46.6842],[4.222,46.6856],[4.2229,46.6885],[4.221,46.6897],[4.2168,46.6892],[4.2131,46.6876],[4.2126,46.6918],[4.22,46.6934],[4.219,46.6966],[4.2215,46.6997],[4.2286,46.6997],[4.2314,46.6982],[4.2357,46.6977],[4.2385,46.6965],[4.2409,46.6981],[4.2511,46.6922],[4.2548,46.6939],[4.2654,46.6916],[4.2687,46.6924],[4.2783,46.6889],[4.2791,46.6901],[4.2854,46.6885],[4.2941,46.6879],[4.3,46.6893],[4.3038,46.6862],[4.3085,46.689],[4.3141,46.6881],[4.3115,46.6826],[4.3139,46.6823],[4.3169,46.6793],[4.3203,46.6814],[4.3222,46.6772],[4.3239,46.6753],[4.3274,46.6751],[4.3306,46.6761],[4.3304,46.6728],[4.3334,46.6706],[4.3331,46.6692],[4.328,46.6667],[4.3249,46.6664],[4.3243,46.6638],[4.3274,46.6636],[4.331,46.6618],[4.3273,46.6578],[4.3261,46.654],[4.3289,46.6534],[4.3291,46.6499],[4.3237,46.6522],[4.3227,46.6503],[4.3166,46.6481],[4.3138,46.645],[4.3108,46.6433],[4.3122,46.6418],[4.3123,46.639],[4.305,46.6369],[4.3029,46.6377],[4.3001,46.6351],[4.3036,46.6325],[4.2972,46.6306],[4.2929,46.6319],[4.2893,46.6304],[4.2874,46.634]]]}},{"type":"Feature","properties":{"code":"71500","nom":"Sarry","pop":103},"geometry":{"type":"Polygon","coordinates":[[[4.1172,46.296],[4.1174,46.2946],[4.1127,46.2941],[4.1057,46.2947],[4.0998,46.2939],[4.0937,46.2946],[4.0879,46.2942],[4.0832,46.2925],[4.0815,46.2938],[4.0826,46.2948],[4.0835,46.2992],[4.0825,46.301],[4.0843,46.306],[4.0864,46.3076],[4.0839,46.3097],[4.0852,46.3116],[4.0893,46.3114],[4.094,46.3149],[4.0964,46.3152],[4.1023,46.3175],[4.1056,46.32],[4.1019,46.3212],[4.1033,46.3254],[4.1036,46.3295],[4.1058,46.3306],[4.1083,46.3297],[4.1113,46.329],[4.1145,46.3297],[4.1168,46.3267],[4.1216,46.3268],[4.1254,46.3227],[4.1277,46.3235],[4.134,46.3169],[4.1318,46.3139],[4.1289,46.3116],[4.1229,46.3083],[4.1179,46.299],[4.1172,46.296]]]}},{"type":"Feature","properties":{"code":"71501","nom":"Sassangy","pop":141},"geometry":{"type":"Polygon","coordinates":[[[4.6647,46.7192],[4.664,46.7188],[4.6615,46.7184],[4.6498,46.7116],[4.6493,46.7093],[4.642,46.709],[4.6412,46.7105],[4.6373,46.71],[4.6323,46.7115],[4.6308,46.7155],[4.6276,46.7163],[4.6292,46.7184],[4.6288,46.7203],[4.6328,46.7267],[4.6257,46.7284],[4.6221,46.7306],[4.6265,46.7337],[4.6294,46.7337],[4.6399,46.7404],[4.6429,46.7399],[4.6445,46.7382],[4.6518,46.7353],[4.655,46.731],[4.6557,46.728],[4.6549,46.7257],[4.6613,46.7208],[4.6647,46.7192]]]}},{"type":"Feature","properties":{"code":"71502","nom":"Sassenay","pop":1612},"geometry":{"type":"Polygon","coordinates":[[[4.9475,46.8282],[4.9414,46.8242],[4.9399,46.822],[4.9378,46.8162],[4.9345,46.8137],[4.9266,46.8107],[4.9211,46.8076],[4.9167,46.8014],[4.9114,46.7977],[4.9077,46.7968],[4.9049,46.802],[4.9015,46.8063],[4.8991,46.8133],[4.9016,46.8158],[4.9066,46.8179],[4.9067,46.82],[4.9045,46.8214],[4.9067,46.8253],[4.9035,46.8269],[4.9003,46.8312],[4.8969,46.8345],[4.8961,46.8365],[4.8926,46.839],[4.8937,46.8413],[4.8888,46.846],[4.8837,46.8485],[4.8869,46.8507],[4.8909,46.8519],[4.8823,46.8585],[4.8867,46.8617],[4.8891,46.8625],[4.8933,46.8597],[4.8981,46.8558],[4.8997,46.8555],[4.9052,46.8523],[4.9088,46.8556],[4.9125,46.8547],[4.9138,46.8569],[4.9294,46.8538],[4.9303,46.8554],[4.9462,46.849],[4.9426,46.8408],[4.9459,46.8368],[4.9465,46.8349],[4.9516,46.831],[4.9475,46.8282]]]}},{"type":"Feature","properties":{"code":"71503","nom":"Saules","pop":125},"geometry":{"type":"Polygon","coordinates":[[[4.6796,46.6454],[4.6704,46.6473],[4.6711,46.6485],[4.6675,46.6499],[4.6667,46.6539],[4.6641,46.6555],[4.6624,46.658],[4.6601,46.6635],[4.6632,46.6618],[4.6707,46.6608],[4.6779,46.6605],[4.6792,46.6595],[4.6853,46.6599],[4.6881,46.6589],[4.6926,46.6593],[4.6996,46.658],[4.6973,46.6561],[4.6898,46.6571],[4.6805,46.6569],[4.6796,46.6565],[4.6797,46.6514],[4.6786,46.6497],[4.6796,46.6454]]]}},{"type":"Feature","properties":{"code":"71504","nom":"Saunières","pop":81},"geometry":{"type":"Polygon","coordinates":[[[5.0603,46.8926],[5.0605,46.8954],[5.0578,46.8955],[5.0585,46.9055],[5.0608,46.9056],[5.0606,46.9085],[5.0546,46.9087],[5.054,46.9125],[5.056,46.9167],[5.0552,46.9196],[5.0532,46.9215],[5.0576,46.9246],[5.0624,46.9245],[5.0683,46.9254],[5.0712,46.9286],[5.0798,46.9226],[5.0871,46.9274],[5.0895,46.9238],[5.0938,46.9214],[5.0902,46.9182],[5.0886,46.9145],[5.0837,46.9086],[5.0851,46.9045],[5.0841,46.9023],[5.0747,46.8977],[5.0684,46.8927],[5.0649,46.8916],[5.0603,46.8926]]]}},{"type":"Feature","properties":{"code":"71505","nom":"Savianges","pop":80},"geometry":{"type":"Polygon","coordinates":[[[4.601,46.6997],[4.6096,46.6966],[4.6113,46.6982],[4.6139,46.6974],[4.6161,46.6991],[4.62,46.6984],[4.6224,46.7001],[4.6284,46.6945],[4.6277,46.6922],[4.6154,46.6854],[4.6167,46.6803],[4.6145,46.6799],[4.6086,46.6775],[4.6044,46.679],[4.602,46.6783],[4.5978,46.68],[4.5933,46.6834],[4.5866,46.6835],[4.586,46.6818],[4.58,46.6825],[4.5786,46.6856],[4.5787,46.6885],[4.5809,46.6914],[4.5799,46.693],[4.5811,46.695],[4.5804,46.6972],[4.583,46.6982],[4.5938,46.7013],[4.601,46.6997]]]}},{"type":"Feature","properties":{"code":"71506","nom":"Savigny-en-Revermont","pop":1152},"geometry":{"type":"Polygon","coordinates":[[[5.3986,46.6128],[5.3914,46.6134],[5.3865,46.6127],[5.3841,46.6117],[5.3785,46.611],[5.3725,46.6124],[5.3693,46.6126],[5.364,46.611],[5.3621,46.6098],[5.3583,46.6116],[5.3587,46.615],[5.3549,46.6159],[5.3538,46.618],[5.3547,46.6221],[5.3495,46.629],[5.3451,46.63],[5.342,46.629],[5.3389,46.6307],[5.3382,46.6352],[5.3397,46.6371],[5.3465,46.6373],[5.3535,46.6391],[5.3554,46.6421],[5.3537,46.6465],[5.3586,46.6497],[5.3658,46.6503],[5.368,46.6527],[5.3721,46.6521],[5.3751,46.653],[5.3768,46.6552],[5.3842,46.655],[5.3893,46.6536],[5.3947,46.6534],[5.4011,46.6542],[5.4063,46.6583],[5.4116,46.6588],[5.4177,46.6607],[5.4233,46.6607],[5.425,46.6616],[5.4272,46.6602],[5.4212,46.658],[5.4173,46.6554],[5.413,46.6544],[5.4152,46.6528],[5.4185,46.6523],[5.421,46.65],[5.4255,46.6479],[5.4324,46.6423],[5.4405,46.6379],[5.4402,46.633],[5.4375,46.6295],[5.4335,46.6279],[5.4294,46.6255],[5.4291,46.6232],[5.4187,46.6162],[5.4141,46.6147],[5.4056,46.6146],[5.3986,46.6128]]]}},{"type":"Feature","properties":{"code":"71507","nom":"Savigny-sur-Grosne","pop":170},"geometry":{"type":"Polygon","coordinates":[[[4.6517,46.5987],[4.6539,46.6],[4.661,46.5964],[4.6666,46.5984],[4.6679,46.5954],[4.6758,46.5932],[4.6792,46.5893],[4.6851,46.5858],[4.6858,46.5848],[4.6825,46.5836],[4.6823,46.5819],[4.6796,46.58],[4.6803,46.5783],[4.6793,46.5751],[4.6665,46.5694],[4.6618,46.5705],[4.6608,46.5673],[4.6621,46.5664],[4.6614,46.5623],[4.6582,46.5625],[4.6558,46.565],[4.651,46.5665],[4.6464,46.5686],[4.6427,46.5684],[4.6452,46.5699],[4.6493,46.5741],[4.6521,46.5762],[4.6503,46.5805],[4.6549,46.5857],[4.656,46.5887],[4.6583,46.5918],[4.6576,46.5944],[4.6541,46.5939],[4.6535,46.5966],[4.6515,46.5986],[4.6517,46.5987]]]}},{"type":"Feature","properties":{"code":"71508","nom":"Savigny-sur-Seille","pop":385},"geometry":{"type":"Polygon","coordinates":[[[5.1303,46.6311],[5.1288,46.6276],[5.1248,46.6225],[5.1219,46.6188],[5.1194,46.6174],[5.1176,46.6186],[5.1133,46.6177],[5.1139,46.6155],[5.1097,46.6134],[5.0964,46.6162],[5.0886,46.6163],[5.0793,46.6159],[5.0763,46.6193],[5.0727,46.6206],[5.07,46.6231],[5.0644,46.6256],[5.0672,46.6285],[5.0642,46.6291],[5.0667,46.633],[5.071,46.6335],[5.0756,46.6329],[5.0751,46.6356],[5.0816,46.6359],[5.085,46.6349],[5.09,46.6378],[5.0942,46.6376],[5.0971,46.6393],[5.097,46.6416],[5.0994,46.6447],[5.0996,46.655],[5.1055,46.6582],[5.1099,46.6573],[5.114,46.6584],[5.1134,46.6559],[5.1174,46.6559],[5.1206,46.6549],[5.1226,46.6557],[5.1241,46.6537],[5.1237,46.6503],[5.1272,46.6467],[5.1294,46.6339],[5.1318,46.6325],[5.1303,46.6311]]]}},{"type":"Feature","properties":{"code":"71509","nom":"La Celle-en-Morvan","pop":452},"geometry":{"type":"Polygon","coordinates":[[[4.1904,46.9783],[4.1887,46.9827],[4.1844,46.986],[4.1783,46.9883],[4.1771,46.9904],[4.1741,46.9911],[4.1696,46.9945],[4.164,46.9969],[4.1594,46.9963],[4.1552,46.9944],[4.1523,46.9957],[4.1468,46.9943],[4.1441,46.9974],[4.1381,46.9999],[4.1346,47.0037],[4.1323,47.0051],[4.1383,47.006],[4.1403,47.0072],[4.1483,47.0145],[4.1509,47.0212],[4.1563,47.0201],[4.1588,47.0234],[4.163,47.0251],[4.1686,47.0249],[4.1718,47.023],[4.1771,47.0245],[4.1783,47.0296],[4.1822,47.0337],[4.1849,47.034],[4.1896,47.0371],[4.1959,47.0354],[4.1958,47.033],[4.1985,47.0326],[4.1994,47.0308],[4.1985,47.0287],[4.2007,47.0274],[4.204,47.0228],[4.2019,47.0219],[4.2022,47.0195],[4.2066,47.011],[4.2111,47.0078],[4.2101,47.0064],[4.2058,47.0049],[4.2057,47.0014],[4.2035,47],[4.2033,46.9982],[4.2069,46.9973],[4.2059,46.9956],[4.2071,46.9933],[4.2073,46.9899],[4.2062,46.9896],[4.2077,46.9848],[4.2052,46.9816],[4.2025,46.98],[4.1968,46.9778],[4.1936,46.9791],[4.1904,46.9783]]]}},{"type":"Feature","properties":{"code":"71510","nom":"Semur-en-Brionnais","pop":611},"geometry":{"type":"Polygon","coordinates":[[[4.0953,46.2528],[4.0902,46.2544],[4.085,46.2552],[4.0766,46.2595],[4.0733,46.2626],[4.0591,46.2674],[4.0541,46.2689],[4.0558,46.274],[4.0569,46.2754],[4.0632,46.2794],[4.0659,46.2817],[4.0729,46.2831],[4.0724,46.2856],[4.0668,46.2892],[4.0677,46.2897],[4.0725,46.2894],[4.0793,46.2913],[4.0815,46.2938],[4.0832,46.2925],[4.0879,46.2942],[4.0937,46.2946],[4.0998,46.2939],[4.1057,46.2947],[4.1127,46.2941],[4.1174,46.2946],[4.119,46.2931],[4.1183,46.2908],[4.1195,46.2886],[4.1169,46.2842],[4.1166,46.282],[4.1196,46.2797],[4.1133,46.2767],[4.1113,46.2713],[4.1178,46.2744],[4.1174,46.2724],[4.115,46.2687],[4.1119,46.2662],[4.1056,46.2661],[4.1052,46.2586],[4.1058,46.2567],[4.1036,46.2548],[4.1036,46.2508],[4.0953,46.2528]]]}},{"type":"Feature","properties":{"code":"71512","nom":"Sennecey-le-Grand","pop":2895},"geometry":{"type":"Polygon","coordinates":[[[4.9198,46.6622],[4.9233,46.6559],[4.9276,46.651],[4.9288,46.6484],[4.9246,46.6482],[4.9199,46.6523],[4.9166,46.6525],[4.9154,46.6503],[4.9197,46.6502],[4.9219,46.6477],[4.9227,46.6452],[4.9308,46.6435],[4.9311,46.6412],[4.9259,46.6241],[4.9287,46.6237],[4.9276,46.6228],[4.9258,46.6172],[4.9136,46.6177],[4.907,46.6167],[4.9019,46.6166],[4.8968,46.613],[4.8954,46.6146],[4.8926,46.6135],[4.8877,46.613],[4.878,46.6177],[4.8728,46.6206],[4.8697,46.6174],[4.866,46.6173],[4.8624,46.6141],[4.8513,46.6163],[4.8531,46.6241],[4.8479,46.6252],[4.8475,46.6262],[4.8416,46.6266],[4.8416,46.6301],[4.8454,46.6338],[4.8478,46.6348],[4.8511,46.634],[4.8524,46.6364],[4.8583,46.6442],[4.8602,46.6451],[4.8628,46.6533],[4.8657,46.6531],[4.8686,46.6562],[4.8731,46.6567],[4.875,46.6552],[4.8768,46.6592],[4.88,46.6624],[4.8855,46.6601],[4.8885,46.6605],[4.8896,46.6621],[4.8995,46.6604],[4.9198,46.6622]]]}},{"type":"Feature","properties":{"code":"71513","nom":"Senozan","pop":1135},"geometry":{"type":"Polygon","coordinates":[[[4.888,46.4027],[4.8835,46.3979],[4.8796,46.3919],[4.8758,46.3878],[4.8741,46.3849],[4.8705,46.3865],[4.861,46.3884],[4.8613,46.3901],[4.8546,46.3912],[4.8467,46.3931],[4.847,46.3938],[4.8404,46.3981],[4.841,46.3999],[4.8502,46.4057],[4.855,46.4041],[4.8556,46.4054],[4.866,46.4041],[4.8682,46.4027],[4.8753,46.4039],[4.8885,46.4033],[4.888,46.4027]]]}},{"type":"Feature","properties":{"code":"71514","nom":"Sens-sur-Seille","pop":436},"geometry":{"type":"Polygon","coordinates":[[[5.2993,46.765],[5.3006,46.7662],[5.3069,46.7639],[5.3041,46.7605],[5.3118,46.7614],[5.3113,46.7577],[5.3168,46.7558],[5.321,46.755],[5.3232,46.7577],[5.3261,46.7574],[5.3281,46.7585],[5.3356,46.7549],[5.3382,46.7551],[5.3459,46.7523],[5.345,46.7498],[5.3423,46.7496],[5.3379,46.7437],[5.3373,46.7412],[5.3409,46.7398],[5.3382,46.7375],[5.334,46.7387],[5.3168,46.7391],[5.3167,46.7381],[5.3108,46.736],[5.3081,46.7361],[5.3015,46.7341],[5.2889,46.7314],[5.2859,46.7264],[5.2805,46.7273],[5.2808,46.7285],[5.2762,46.7294],[5.2757,46.7321],[5.2783,46.7344],[5.2758,46.7374],[5.2813,46.7414],[5.2841,46.7446],[5.2821,46.7454],[5.283,46.7531],[5.2889,46.754],[5.2917,46.7566],[5.2906,46.7582],[5.294,46.7598],[5.296,46.7597],[5.2976,46.7636],[5.2993,46.765]]]}},{"type":"Feature","properties":{"code":"71515","nom":"Sercy","pop":103},"geometry":{"type":"Polygon","coordinates":[[[4.6769,46.6122],[4.6818,46.6108],[4.687,46.6107],[4.6974,46.6113],[4.7089,46.6098],[4.7101,46.6068],[4.7106,46.6054],[4.7079,46.6039],[4.7055,46.598],[4.7095,46.5958],[4.7068,46.5901],[4.7023,46.5855],[4.6937,46.589],[4.6785,46.5951],[4.6723,46.6013],[4.6713,46.603],[4.6748,46.6063],[4.6769,46.6122]]]}},{"type":"Feature","properties":{"code":"71516","nom":"Serley","pop":600},"geometry":{"type":"Polygon","coordinates":[[[5.2805,46.7873],[5.2777,46.7858],[5.2762,46.7836],[5.2723,46.7841],[5.2696,46.7809],[5.2719,46.779],[5.2746,46.7786],[5.2751,46.7767],[5.2714,46.7733],[5.2694,46.7706],[5.2665,46.7694],[5.265,46.7672],[5.2595,46.7688],[5.2544,46.7658],[5.2517,46.7631],[5.2401,46.7654],[5.2399,46.7638],[5.2347,46.7623],[5.2267,46.7627],[5.2244,46.7653],[5.2212,46.7656],[5.2208,46.77],[5.2145,46.7724],[5.2149,46.7754],[5.2181,46.7781],[5.216,46.7805],[5.2085,46.7843],[5.2079,46.787],[5.2018,46.7898],[5.2019,46.7935],[5.2056,46.7996],[5.2113,46.8006],[5.2155,46.806],[5.2206,46.8053],[5.2189,46.8093],[5.219,46.8111],[5.2234,46.8114],[5.2285,46.8102],[5.2296,46.8065],[5.2337,46.8068],[5.2384,46.8062],[5.2388,46.805],[5.2439,46.8018],[5.2489,46.8015],[5.2502,46.8036],[5.2502,46.8065],[5.2448,46.8069],[5.2388,46.8084],[5.238,46.8108],[5.2399,46.8141],[5.242,46.816],[5.2446,46.8155],[5.2594,46.8147],[5.2625,46.8125],[5.2655,46.8115],[5.2631,46.8083],[5.2647,46.8078],[5.2676,46.8106],[5.272,46.8113],[5.2731,46.8073],[5.2705,46.8037],[5.2639,46.7902],[5.2719,46.7882],[5.2777,46.7912],[5.2809,46.7882],[5.2805,46.7873]]]}},{"type":"Feature","properties":{"code":"71517","nom":"Sermesse","pop":247},"geometry":{"type":"Polygon","coordinates":[[[5.1143,46.8854],[5.1124,46.8819],[5.1069,46.8823],[5.1028,46.8812],[5.0916,46.8811],[5.0877,46.8801],[5.0857,46.881],[5.0833,46.8829],[5.0801,46.8828],[5.0714,46.8844],[5.0733,46.8874],[5.0684,46.8927],[5.0747,46.8977],[5.0841,46.9023],[5.0851,46.9045],[5.0837,46.9086],[5.0886,46.9145],[5.0922,46.9134],[5.098,46.9144],[5.1035,46.9133],[5.1037,46.9097],[5.0991,46.9054],[5.1002,46.9039],[5.1067,46.9017],[5.1092,46.8978],[5.1139,46.8966],[5.1156,46.895],[5.1143,46.8854]]]}},{"type":"Feature","properties":{"code":"71518","nom":"Serrières","pop":300},"geometry":{"type":"Polygon","coordinates":[[[4.6935,46.3024],[4.6903,46.3013],[4.6832,46.3028],[4.6802,46.3062],[4.6766,46.3051],[4.6762,46.3019],[4.672,46.298],[4.6662,46.2969],[4.6633,46.2953],[4.6598,46.2982],[4.6595,46.3001],[4.653,46.3042],[4.6503,46.304],[4.6461,46.3019],[4.6407,46.3011],[4.639,46.3015],[4.6344,46.3024],[4.6314,46.3066],[4.6326,46.3114],[4.6356,46.314],[4.6367,46.3149],[4.6362,46.318],[4.6379,46.3191],[4.6411,46.3189],[4.6514,46.3191],[4.6547,46.3218],[4.6559,46.3208],[4.6598,46.3216],[4.664,46.3201],[4.6719,46.318],[4.6784,46.3173],[4.6859,46.3172],[4.6892,46.3166],[4.6914,46.3178],[4.6917,46.3196],[4.6952,46.3215],[4.6994,46.3215],[4.7049,46.3239],[4.701,46.3172],[4.699,46.3148],[4.6978,46.3095],[4.6935,46.3024]]]}},{"type":"Feature","properties":{"code":"71519","nom":"Serrigny-en-Bresse","pop":182},"geometry":{"type":"Polygon","coordinates":[[[5.1032,46.8243],[5.1019,46.8315],[5.1025,46.8336],[5.1004,46.8365],[5.0961,46.837],[5.0985,46.839],[5.0956,46.8411],[5.099,46.8428],[5.0998,46.8444],[5.1116,46.8406],[5.1154,46.8434],[5.1282,46.8391],[5.1293,46.8427],[5.135,46.8401],[5.1375,46.8425],[5.144,46.8462],[5.1474,46.8445],[5.1458,46.8426],[5.1449,46.8377],[5.1401,46.8306],[5.1386,46.8269],[5.1388,46.8251],[5.1403,46.8156],[5.1376,46.8099],[5.136,46.8043],[5.1308,46.8013],[5.1299,46.798],[5.123,46.7999],[5.1197,46.8037],[5.1167,46.8038],[5.1133,46.8054],[5.1078,46.8049],[5.108,46.807],[5.1038,46.8079],[5.1028,46.8124],[5.109,46.8184],[5.1063,46.8234],[5.1032,46.8243]]]}},{"type":"Feature","properties":{"code":"71520","nom":"Sevrey","pop":1201},"geometry":{"type":"Polygon","coordinates":[[[4.8135,46.7404],[4.8164,46.7406],[4.8186,46.7444],[4.8184,46.7459],[4.8224,46.7482],[4.827,46.7493],[4.8276,46.7511],[4.8295,46.7497],[4.8383,46.7529],[4.8396,46.7489],[4.8424,46.7448],[4.8502,46.7486],[4.8538,46.7407],[4.8549,46.7375],[4.8521,46.7364],[4.8472,46.7318],[4.8465,46.7302],[4.8398,46.7271],[4.8381,46.7254],[4.8299,46.7204],[4.8268,46.7213],[4.8196,46.7229],[4.8167,46.725],[4.8137,46.7232],[4.8125,46.7203],[4.8072,46.7205],[4.8055,46.7221],[4.802,46.7285],[4.8056,46.7321],[4.8064,46.7346],[4.8135,46.7404]]]}},{"type":"Feature","properties":{"code":"71521","nom":"Sigy-le-Châtel","pop":104},"geometry":{"type":"Polygon","coordinates":[[[4.5924,46.5448],[4.5887,46.5456],[4.5841,46.5432],[4.579,46.5433],[4.579,46.5447],[4.5733,46.5444],[4.563,46.5446],[4.5595,46.5442],[4.5573,46.5459],[4.5536,46.5459],[4.5485,46.5468],[4.5489,46.5497],[4.5515,46.5517],[4.5504,46.555],[4.5521,46.5554],[4.5539,46.5594],[4.5525,46.5616],[4.5538,46.5647],[4.5568,46.5676],[4.561,46.5668],[4.5643,46.5665],[4.573,46.5689],[4.5766,46.5688],[4.5759,46.5647],[4.5793,46.5644],[4.5816,46.5606],[4.5858,46.5618],[4.5913,46.558],[4.5897,46.5544],[4.5931,46.5553],[4.5942,46.5526],[4.5922,46.5513],[4.5924,46.5448]]]}},{"type":"Feature","properties":{"code":"71522","nom":"Simandre","pop":1750},"geometry":{"type":"Polygon","coordinates":[[[4.9387,46.5961],[4.9362,46.5956],[4.9283,46.5911],[4.9245,46.592],[4.9282,46.5956],[4.9325,46.6017],[4.9396,46.6085],[4.943,46.6125],[4.9535,46.6107],[4.9611,46.6148],[4.9622,46.6167],[4.9667,46.6168],[4.9731,46.6184],[4.9778,46.6202],[4.9776,46.6233],[4.9793,46.6272],[4.9812,46.6293],[4.9863,46.6294],[4.9851,46.6347],[4.9896,46.6341],[4.9909,46.6352],[4.9956,46.6355],[5.0003,46.6348],[5.0096,46.6363],[5.0146,46.6348],[5.0179,46.6354],[5.0242,46.6362],[5.0259,46.6348],[5.0332,46.6319],[5.0368,46.6298],[5.0361,46.6278],[5.0418,46.6265],[5.0367,46.6265],[5.0337,46.6238],[5.0337,46.6214],[5.0293,46.6201],[5.0298,46.6177],[5.0261,46.6171],[5.0267,46.6143],[5.0222,46.6117],[5.0223,46.6087],[5.0192,46.6089],[5.0167,46.6048],[5.0142,46.6056],[5.0124,46.6023],[5.008,46.6035],[5.0015,46.5996],[4.9986,46.6002],[4.9928,46.5974],[4.9922,46.5954],[4.9879,46.5955],[4.9839,46.5947],[4.9808,46.5922],[4.9796,46.5901],[4.9742,46.5895],[4.9689,46.5905],[4.9602,46.5899],[4.9563,46.5929],[4.9549,46.5884],[4.9518,46.59],[4.9507,46.5919],[4.9513,46.595],[4.9471,46.5965],[4.9422,46.5968],[4.9387,46.5961]]]}},{"type":"Feature","properties":{"code":"71523","nom":"Simard","pop":1175},"geometry":{"type":"Polygon","coordinates":[[[5.1624,46.7404],[5.1652,46.7396],[5.1688,46.7399],[5.1694,46.7421],[5.1735,46.7436],[5.1763,46.7461],[5.1821,46.7468],[5.1883,46.7424],[5.1955,46.741],[5.1992,46.7396],[5.2014,46.7352],[5.2071,46.7323],[5.2108,46.7294],[5.2109,46.726],[5.2093,46.7213],[5.2104,46.7192],[5.2151,46.7193],[5.2171,46.7185],[5.2133,46.7071],[5.2115,46.7044],[5.2109,46.7016],[5.2058,46.6983],[5.2055,46.6957],[5.2036,46.6947],[5.2036,46.69],[5.2004,46.6882],[5.1929,46.6903],[5.1889,46.6899],[5.1841,46.6944],[5.1795,46.6946],[5.1811,46.6894],[5.1753,46.6911],[5.1744,46.6936],[5.1721,46.6932],[5.1732,46.6979],[5.167,46.6976],[5.1634,46.7033],[5.1581,46.7027],[5.157,46.701],[5.1519,46.7017],[5.15,46.7008],[5.1506,46.7043],[5.1502,46.708],[5.1471,46.7092],[5.1465,46.7108],[5.1419,46.7133],[5.1443,46.7145],[5.1453,46.7166],[5.1521,46.7174],[5.1528,46.7208],[5.1553,46.7238],[5.1632,46.7247],[5.1697,46.7277],[5.1681,46.7303],[5.1638,46.7302],[5.1596,46.7317],[5.1572,46.736],[5.1575,46.738],[5.1606,46.7381],[5.1624,46.7404]]]}},{"type":"Feature","properties":{"code":"71524","nom":"Sivignon","pop":178},"geometry":{"type":"Polygon","coordinates":[[[4.498,46.4536],[4.5031,46.4519],[4.5047,46.45],[4.5134,46.4465],[4.5153,46.4469],[4.514,46.4425],[4.5125,46.4404],[4.5124,46.4373],[4.5163,46.4328],[4.5169,46.4297],[4.5192,46.4252],[4.5195,46.4224],[4.5166,46.4187],[4.5172,46.4169],[4.5148,46.4149],[4.5176,46.4113],[4.517,46.4091],[4.5137,46.407],[4.506,46.4038],[4.5047,46.4036],[4.4956,46.4066],[4.4929,46.4084],[4.4877,46.4082],[4.4838,46.409],[4.4806,46.4132],[4.4771,46.4155],[4.4757,46.4195],[4.4768,46.4229],[4.4796,46.4231],[4.4784,46.4264],[4.4764,46.4277],[4.4823,46.4308],[4.4806,46.4341],[4.4837,46.4368],[4.4869,46.443],[4.4871,46.4451],[4.4895,46.4478],[4.4914,46.4469],[4.4976,46.4526],[4.498,46.4536]]]}},{"type":"Feature","properties":{"code":"71525","nom":"Sologny","pop":572},"geometry":{"type":"Polygon","coordinates":[[[4.6827,46.3469],[4.6793,46.3484],[4.6686,46.3504],[4.6635,46.3507],[4.6598,46.3521],[4.6571,46.3541],[4.6568,46.3584],[4.6608,46.3648],[4.6623,46.3691],[4.6629,46.3745],[4.6597,46.3786],[4.6613,46.3858],[4.6562,46.3886],[4.6574,46.3927],[4.6535,46.3976],[4.6533,46.3991],[4.6563,46.4017],[4.6617,46.3994],[4.6631,46.3978],[4.6679,46.3966],[4.6714,46.3927],[4.6731,46.3928],[4.6814,46.3896],[4.6825,46.3876],[4.6849,46.3777],[4.6914,46.3655],[4.6935,46.3639],[4.6944,46.3603],[4.6911,46.3595],[4.687,46.3531],[4.6844,46.3506],[4.6827,46.3469]]]}},{"type":"Feature","properties":{"code":"71526","nom":"Solutré-Pouilly","pop":331},"geometry":{"type":"Polygon","coordinates":[[[4.7075,46.2848],[4.7046,46.2829],[4.7038,46.286],[4.7013,46.2867],[4.6981,46.2914],[4.6948,46.292],[4.6939,46.2948],[4.6975,46.2964],[4.7054,46.2955],[4.7077,46.2962],[4.7089,46.2983],[4.7131,46.2982],[4.7138,46.301],[4.7171,46.3002],[4.7183,46.3022],[4.7241,46.3036],[4.7253,46.3067],[4.727,46.3061],[4.7345,46.301],[4.7395,46.3004],[4.7406,46.2976],[4.743,46.2952],[4.7463,46.2945],[4.755,46.2949],[4.7605,46.2956],[4.7569,46.2929],[4.7522,46.2905],[4.7461,46.289],[4.7403,46.2891],[4.7392,46.287],[4.7313,46.2865],[4.7291,46.2857],[4.7165,46.2853],[4.7094,46.2856],[4.7075,46.2848]]]}},{"type":"Feature","properties":{"code":"71527","nom":"Sommant","pop":184},"geometry":{"type":"Polygon","coordinates":[[[4.2542,47.0523],[4.2577,47.0491],[4.2561,47.0425],[4.2525,47.0409],[4.2336,47.0339],[4.233,47.0319],[4.2247,47.0318],[4.2174,47.0335],[4.2039,47.0312],[4.2027,47.0323],[4.1994,47.0308],[4.1985,47.0326],[4.1958,47.033],[4.1959,47.0354],[4.1896,47.0371],[4.1858,47.0422],[4.1845,47.045],[4.1821,47.0458],[4.1798,47.048],[4.1804,47.0517],[4.1818,47.0527],[4.1783,47.0553],[4.18,47.0575],[4.1758,47.0598],[4.1718,47.0598],[4.1738,47.0654],[4.1699,47.0676],[4.1755,47.0706],[4.1795,47.0733],[4.1801,47.0768],[4.1848,47.0759],[4.1898,47.0739],[4.1931,47.0742],[4.1945,47.077],[4.2,47.0777],[4.2076,47.0769],[4.2095,47.0835],[4.2134,47.0837],[4.2167,47.0827],[4.218,47.0805],[4.2166,47.0726],[4.2178,47.0668],[4.2216,47.0612],[4.224,47.0604],[4.2274,47.0613],[4.2288,47.0554],[4.2368,47.052],[4.241,47.0515],[4.251,47.0527],[4.2542,47.0523]]]}},{"type":"Feature","properties":{"code":"71528","nom":"Sornay","pop":1960},"geometry":{"type":"Polygon","coordinates":[[[5.2057,46.6316],[5.2105,46.6312],[5.2083,46.6284],[5.2087,46.6262],[5.2119,46.626],[5.2089,46.6214],[5.2064,46.6196],[5.205,46.6167],[5.2057,46.6149],[5.2036,46.6122],[5.2019,46.6085],[5.1989,46.6068],[5.1937,46.6071],[5.1904,46.606],[5.1867,46.6017],[5.1804,46.6007],[5.1769,46.6031],[5.1728,46.6041],[5.1685,46.6079],[5.1632,46.607],[5.1619,46.6097],[5.1568,46.6079],[5.1455,46.6083],[5.1391,46.6097],[5.1368,46.6114],[5.1343,46.617],[5.1312,46.6195],[5.1248,46.6225],[5.1288,46.6276],[5.1303,46.6311],[5.1345,46.6316],[5.1391,46.6338],[5.1432,46.634],[5.1512,46.6363],[5.1549,46.6337],[5.1629,46.6337],[5.1619,46.6373],[5.1653,46.6393],[5.1693,46.638],[5.1752,46.637],[5.1815,46.6373],[5.1865,46.6383],[5.1899,46.6381],[5.1929,46.635],[5.1979,46.6343],[5.2002,46.6325],[5.1952,46.6297],[5.1965,46.628],[5.2021,46.6292],[5.2057,46.6316]]]}},{"type":"Feature","properties":{"code":"71529","nom":"Suin","pop":273},"geometry":{"type":"Polygon","coordinates":[[[4.4157,46.4511],[4.4191,46.4504],[4.4245,46.4458],[4.4277,46.4474],[4.4337,46.4453],[4.4373,46.4479],[4.4442,46.45],[4.4481,46.4519],[4.4479,46.4563],[4.4467,46.4599],[4.4491,46.4635],[4.4527,46.4669],[4.4527,46.468],[4.462,46.4691],[4.4668,46.4683],[4.47,46.4687],[4.4757,46.4651],[4.477,46.4619],[4.4821,46.4608],[4.4912,46.457],[4.498,46.4536],[4.4976,46.4526],[4.4914,46.4469],[4.4895,46.4478],[4.4871,46.4451],[4.4869,46.443],[4.4837,46.4368],[4.4806,46.4341],[4.4823,46.4308],[4.4764,46.4277],[4.4784,46.4264],[4.4796,46.4231],[4.4768,46.4229],[4.4757,46.4195],[4.4771,46.4155],[4.4682,46.4169],[4.4611,46.4172],[4.4589,46.4168],[4.4535,46.4122],[4.45,46.4102],[4.4455,46.4098],[4.4437,46.4122],[4.4442,46.415],[4.4463,46.4175],[4.4442,46.4249],[4.429,46.4285],[4.4232,46.43],[4.4243,46.4315],[4.4178,46.4377],[4.4158,46.4369],[4.4139,46.4397],[4.4102,46.4411],[4.4058,46.4458],[4.4154,46.4511],[4.4157,46.4511]]]}},{"type":"Feature","properties":{"code":"71530","nom":"Sully","pop":486},"geometry":{"type":"Polygon","coordinates":[[[4.5052,47.0161],[4.5009,47.0128],[4.4958,47.0104],[4.4944,47.009],[4.4851,47.0038],[4.4817,47.0008],[4.4864,46.9978],[4.4856,46.9909],[4.4882,46.9854],[4.4911,46.9841],[4.4938,46.9799],[4.4915,46.9782],[4.4891,46.9734],[4.4855,46.9703],[4.484,46.9705],[4.4826,46.9737],[4.4788,46.973],[4.4712,46.9729],[4.4693,46.9719],[4.464,46.9748],[4.4606,46.9735],[4.4572,46.9734],[4.4556,46.972],[4.459,46.9704],[4.466,46.9685],[4.4806,46.97],[4.4831,46.9683],[4.4886,46.9689],[4.4861,46.9644],[4.4874,46.9622],[4.4869,46.9585],[4.4799,46.9587],[4.4706,46.9596],[4.4649,46.9579],[4.4578,46.9602],[4.4505,46.9592],[4.4342,46.9608],[4.4304,46.9602],[4.4242,46.9624],[4.4185,46.9615],[4.4016,46.9607],[4.3966,46.9611],[4.3852,46.959],[4.3822,46.9591],[4.3849,46.9608],[4.3826,46.9665],[4.3846,46.9697],[4.3876,46.9687],[4.3915,46.966],[4.3969,46.9682],[4.4026,46.9687],[4.4029,46.967],[4.3976,46.9661],[4.3954,46.9637],[4.3968,46.9623],[4.4013,46.9654],[4.4029,46.9657],[4.4048,46.9683],[4.4097,46.9707],[4.416,46.976],[4.421,46.9791],[4.4212,46.9827],[4.4245,46.9894],[4.4236,46.9953],[4.4335,46.9947],[4.4351,46.9941],[4.4405,46.9973],[4.4513,47.0029],[4.457,47.0067],[4.4597,47.0096],[4.4645,47.0168],[4.4678,47.0179],[4.4704,47.0239],[4.4733,47.026],[4.4714,47.0309],[4.4749,47.0314],[4.4806,47.0309],[4.4818,47.0294],[4.4899,47.0334],[4.4906,47.0292],[4.4939,47.0284],[4.4991,47.0255],[4.4981,47.0231],[4.5,47.0188],[4.504,47.0179],[4.5052,47.0161]]]}},{"type":"Feature","properties":{"code":"71531","nom":"La Tagnière","pop":209},"geometry":{"type":"Polygon","coordinates":[[[4.1661,46.7988],[4.1673,46.8015],[4.1654,46.8051],[4.1678,46.8086],[4.1745,46.8126],[4.1753,46.8145],[4.1783,46.8151],[4.1776,46.8175],[4.183,46.8226],[4.187,46.8219],[4.1865,46.8261],[4.1826,46.8272],[4.1836,46.8288],[4.1808,46.8298],[4.1826,46.8314],[4.1889,46.835],[4.1894,46.8376],[4.1911,46.8392],[4.1964,46.8376],[4.1991,46.8361],[4.202,46.8331],[4.2061,46.8284],[4.2106,46.828],[4.2144,46.8263],[4.2151,46.8244],[4.22,46.8211],[4.2223,46.8166],[4.2309,46.8178],[4.2327,46.8162],[4.2291,46.8142],[4.2265,46.8108],[4.226,46.8075],[4.2332,46.8087],[4.2381,46.8043],[4.2347,46.8007],[4.2372,46.7986],[4.2463,46.7995],[4.2531,46.8011],[4.2579,46.8009],[4.2584,46.7986],[4.2608,46.7973],[4.2649,46.7973],[4.2662,46.7949],[4.2637,46.7914],[4.2663,46.7882],[4.2683,46.7839],[4.2707,46.7831],[4.2664,46.7822],[4.2642,46.7808],[4.2643,46.7765],[4.2632,46.7742],[4.2597,46.7734],[4.2571,46.7711],[4.2564,46.7685],[4.2519,46.768],[4.2477,46.7639],[4.2475,46.7612],[4.2438,46.7573],[4.2358,46.7572],[4.2346,46.7585],[4.2365,46.7627],[4.2321,46.7646],[4.2319,46.7663],[4.2278,46.7666],[4.2232,46.7698],[4.2249,46.7718],[4.2245,46.7756],[4.218,46.7777],[4.211,46.7807],[4.2101,46.779],[4.2045,46.7761],[4.2004,46.7733],[4.1952,46.7735],[4.1942,46.7715],[4.1914,46.7705],[4.1875,46.7734],[4.1953,46.7747],[4.1975,46.7763],[4.1972,46.7787],[4.1931,46.7799],[4.1911,46.7815],[4.1952,46.7844],[4.1902,46.7868],[4.1872,46.7876],[4.1821,46.7867],[4.1747,46.7866],[4.17,46.7899],[4.1686,46.7972],[4.1661,46.7988]]]}},{"type":"Feature","properties":{"code":"71532","nom":"Taizé","pop":174},"geometry":{"type":"Polygon","coordinates":[[[4.66,46.5116],[4.6578,46.5125],[4.6537,46.5114],[4.6536,46.515],[4.6587,46.515],[4.6598,46.5169],[4.6629,46.5186],[4.6642,46.5177],[4.6813,46.5176],[4.6915,46.516],[4.6866,46.5139],[4.6856,46.5111],[4.6829,46.511],[4.6837,46.5043],[4.6675,46.5023],[4.6637,46.503],[4.6611,46.5105],[4.66,46.5116]]]}},{"type":"Feature","properties":{"code":"71533","nom":"Tancon","pop":570},"geometry":{"type":"Polygon","coordinates":[[[4.2581,46.1846],[4.2483,46.1883],[4.2423,46.1888],[4.2413,46.1851],[4.2372,46.1843],[4.2366,46.1816],[4.2338,46.1812],[4.232,46.1795],[4.2266,46.1785],[4.2344,46.1829],[4.2351,46.1863],[4.2373,46.191],[4.2425,46.1924],[4.25,46.1961],[4.2532,46.1965],[4.2548,46.2036],[4.2562,46.2047],[4.2574,46.2065],[4.2656,46.2053],[4.2676,46.206],[4.2683,46.2092],[4.2672,46.2099],[4.2712,46.2155],[4.2721,46.217],[4.2724,46.2216],[4.2735,46.2247],[4.2766,46.2222],[4.2811,46.2225],[4.2825,46.22],[4.2823,46.2166],[4.2853,46.2153],[4.2904,46.2172],[4.294,46.2175],[4.2946,46.2128],[4.2966,46.2077],[4.2947,46.2048],[4.2954,46.2011],[4.2915,46.2001],[4.2852,46.1974],[4.2792,46.192],[4.279,46.1876],[4.272,46.1876],[4.2646,46.1844],[4.2581,46.1846]]]}},{"type":"Feature","properties":{"code":"71534","nom":"Le Tartre","pop":107},"geometry":{"type":"Polygon","coordinates":[[[5.3382,46.7375],[5.3409,46.7398],[5.3373,46.7412],[5.3379,46.7437],[5.3423,46.7496],[5.345,46.7498],[5.3483,46.7507],[5.3485,46.7531],[5.3587,46.752],[5.3601,46.7532],[5.3667,46.7521],[5.3659,46.7477],[5.3643,46.7454],[5.3636,46.7422],[5.3653,46.7418],[5.3643,46.7384],[5.3624,46.7377],[5.3617,46.7331],[5.3457,46.7334],[5.3461,46.7351],[5.3375,46.7352],[5.3382,46.7375]]]}},{"type":"Feature","properties":{"code":"71535","nom":"Tavernay","pop":493},"geometry":{"type":"Polygon","coordinates":[[[4.2525,47.0409],[4.2613,47.0282],[4.2613,47.0226],[4.26,47.0195],[4.2638,47.006],[4.2619,47.0008],[4.2634,47.0001],[4.2614,46.9963],[4.2653,46.9949],[4.268,46.9918],[4.2713,46.9903],[4.2742,46.9863],[4.2697,46.9861],[4.2674,46.9877],[4.2656,46.9856],[4.2659,46.9838],[4.2629,46.9814],[4.2653,46.9793],[4.2598,46.9793],[4.2595,46.9818],[4.2569,46.9819],[4.2521,46.9804],[4.2494,46.9807],[4.2471,46.9859],[4.2428,46.9848],[4.2429,46.9794],[4.2379,46.9804],[4.2356,46.9789],[4.2359,46.9768],[4.2325,46.9747],[4.2279,46.9761],[4.2282,46.9813],[4.2275,46.9836],[4.2198,46.9857],[4.2154,46.985],[4.2073,46.9899],[4.2071,46.9933],[4.2059,46.9956],[4.2069,46.9973],[4.2033,46.9982],[4.2035,47],[4.2057,47.0014],[4.2058,47.0049],[4.2101,47.0064],[4.2111,47.0078],[4.2066,47.011],[4.2022,47.0195],[4.2019,47.0219],[4.204,47.0228],[4.2007,47.0274],[4.1985,47.0287],[4.1994,47.0308],[4.2027,47.0323],[4.2039,47.0312],[4.2174,47.0335],[4.2247,47.0318],[4.233,47.0319],[4.2336,47.0339],[4.2525,47.0409]]]}},{"type":"Feature","properties":{"code":"71537","nom":"Thil-sur-Arroux","pop":138},"geometry":{"type":"Polygon","coordinates":[[[4.0585,46.816],[4.0632,46.8179],[4.0659,46.8152],[4.0752,46.8143],[4.081,46.815],[4.0914,46.8133],[4.0944,46.8152],[4.0972,46.815],[4.1013,46.8178],[4.1048,46.8217],[4.1108,46.8208],[4.1143,46.8175],[4.1205,46.8178],[4.1222,46.8172],[4.122,46.8129],[4.1257,46.8075],[4.1284,46.8072],[4.1274,46.8047],[4.1299,46.8044],[4.1301,46.8015],[4.1268,46.7995],[4.1244,46.7999],[4.1154,46.7975],[4.1106,46.7974],[4.1059,46.7957],[4.1048,46.7929],[4.1071,46.791],[4.1104,46.7919],[4.1129,46.7902],[4.0976,46.7851],[4.0927,46.7865],[4.0908,46.7893],[4.0908,46.7911],[4.0843,46.7916],[4.0757,46.7928],[4.0677,46.7921],[4.062,46.7924],[4.0616,46.7961],[4.0603,46.797],[4.0593,46.8007],[4.0601,46.8074],[4.0574,46.8136],[4.0585,46.816]]]}},{"type":"Feature","properties":{"code":"71538","nom":"Thurey","pop":423},"geometry":{"type":"Polygon","coordinates":[[[5.0773,46.7626],[5.0841,46.7612],[5.0821,46.7663],[5.0844,46.7681],[5.0903,46.7675],[5.0952,46.7676],[5.1007,46.7654],[5.1049,46.7644],[5.1081,46.7624],[5.1151,46.7631],[5.121,46.7617],[5.1355,46.7587],[5.1395,46.758],[5.1389,46.7533],[5.145,46.75],[5.1512,46.7504],[5.1492,46.7468],[5.1522,46.7467],[5.1552,46.7452],[5.163,46.7472],[5.1636,46.7442],[5.1617,46.7414],[5.1624,46.7404],[5.1606,46.7381],[5.1575,46.738],[5.1572,46.736],[5.1596,46.7317],[5.1638,46.7302],[5.1681,46.7303],[5.1697,46.7277],[5.1632,46.7247],[5.1553,46.7238],[5.1528,46.7208],[5.1494,46.7191],[5.1438,46.72],[5.1418,46.7216],[5.1413,46.7239],[5.1375,46.7258],[5.1317,46.7239],[5.126,46.7227],[5.1182,46.7223],[5.1104,46.7225],[5.1113,46.726],[5.1076,46.7262],[5.1055,46.7291],[5.1044,46.7338],[5.1056,46.7358],[5.1092,46.7375],[5.1088,46.742],[5.1114,46.7462],[5.1073,46.7481],[5.1085,46.7493],[5.0973,46.7506],[5.0939,46.7538],[5.0882,46.7541],[5.082,46.7558],[5.078,46.7588],[5.0773,46.7626]]]}},{"type":"Feature","properties":{"code":"71539","nom":"Tintry","pop":80},"geometry":{"type":"Polygon","coordinates":[[[4.5172,46.9273],[4.5181,46.9243],[4.5189,46.9225],[4.5156,46.9207],[4.514,46.9188],[4.5092,46.917],[4.5046,46.9169],[4.4999,46.923],[4.4974,46.9228],[4.4956,46.9207],[4.4907,46.9174],[4.4896,46.9148],[4.4833,46.9135],[4.4808,46.9145],[4.4799,46.9173],[4.4756,46.9181],[4.474,46.9223],[4.4691,46.9238],[4.4692,46.9258],[4.4673,46.9345],[4.4713,46.9397],[4.4709,46.9419],[4.4723,46.9456],[4.4791,46.9512],[4.4791,46.9527],[4.4853,46.9557],[4.4838,46.9515],[4.4882,46.9456],[4.4911,46.9462],[4.4945,46.9438],[4.5004,46.9384],[4.5055,46.9367],[4.5064,46.9351],[4.5112,46.9338],[4.5147,46.9301],[4.5147,46.9284],[4.5172,46.9273]]]}},{"type":"Feature","properties":{"code":"71540","nom":"Torcy","pop":2678},"geometry":{"type":"Polygon","coordinates":[[[4.4313,46.7445],[4.4273,46.7464],[4.4226,46.7468],[4.4182,46.7497],[4.4142,46.7542],[4.4124,46.7582],[4.4127,46.7599],[4.4103,46.7626],[4.4045,46.7669],[4.4066,46.7673],[4.4142,46.7706],[4.4186,46.7711],[4.423,46.774],[4.4162,46.7785],[4.4208,46.7792],[4.4198,46.7818],[4.4168,46.7839],[4.4235,46.787],[4.4252,46.7878],[4.4326,46.7866],[4.4433,46.7875],[4.446,46.7886],[4.4475,46.7907],[4.4512,46.7876],[4.4545,46.7832],[4.4565,46.7816],[4.462,46.7797],[4.4648,46.7793],[4.4668,46.7752],[4.4732,46.7741],[4.4762,46.7701],[4.479,46.7697],[4.4846,46.7673],[4.4874,46.7679],[4.4966,46.7714],[4.5082,46.7735],[4.5152,46.7742],[4.5096,46.7722],[4.5023,46.7683],[4.4958,46.7618],[4.4833,46.7621],[4.4798,46.7611],[4.4703,46.7634],[4.4699,46.7596],[4.4637,46.7552],[4.4589,46.753],[4.4563,46.7499],[4.4557,46.7476],[4.4522,46.7465],[4.4475,46.7457],[4.4434,46.7435],[4.4417,46.7404],[4.4372,46.7395],[4.436,46.7421],[4.4313,46.7445]]]}},{"type":"Feature","properties":{"code":"71541","nom":"Torpes","pop":377},"geometry":{"type":"Polygon","coordinates":[[[5.3145,46.8228],[5.3115,46.8268],[5.309,46.8267],[5.3062,46.8309],[5.3068,46.8342],[5.3018,46.8353],[5.3044,46.8381],[5.3051,46.8405],[5.3034,46.8442],[5.3139,46.8462],[5.3178,46.8503],[5.3185,46.8542],[5.3166,46.8582],[5.3208,46.8587],[5.3227,46.8618],[5.3262,46.8644],[5.3414,46.861],[5.3423,46.8639],[5.3443,46.863],[5.3452,46.8598],[5.3444,46.8577],[5.3492,46.8556],[5.3515,46.8538],[5.3513,46.8513],[5.3565,46.8413],[5.3537,46.8363],[5.3556,46.8346],[5.362,46.8317],[5.3657,46.8319],[5.3685,46.8309],[5.3753,46.827],[5.3694,46.826],[5.3667,46.8245],[5.362,46.819],[5.3558,46.8171],[5.3515,46.8137],[5.345,46.8157],[5.3474,46.8191],[5.345,46.8205],[5.3421,46.8196],[5.3391,46.8208],[5.3358,46.8207],[5.3339,46.8231],[5.332,46.8221],[5.3296,46.8254],[5.3242,46.826],[5.32,46.8251],[5.3186,46.8238],[5.3145,46.8228]]]}},{"type":"Feature","properties":{"code":"71542","nom":"Toulon-sur-Arroux","pop":1433},"geometry":{"type":"Polygon","coordinates":[[[4.2029,46.6856],[4.1969,46.6858],[4.1935,46.6838],[4.1917,46.6856],[4.1867,46.6855],[4.1856,46.682],[4.1811,46.6834],[4.1795,46.6791],[4.1769,46.6774],[4.1755,46.6742],[4.1729,46.6729],[4.1836,46.6639],[4.1771,46.6588],[4.1756,46.6593],[4.1725,46.6563],[4.1691,46.6545],[4.1614,46.6518],[4.1584,46.6498],[4.1523,46.6475],[4.1507,46.646],[4.1479,46.643],[4.1431,46.6434],[4.1385,46.642],[4.1308,46.6433],[4.1256,46.6414],[4.1235,46.6432],[4.1156,46.6464],[4.1071,46.6481],[4.1072,46.6513],[4.1031,46.6537],[4.1064,46.659],[4.1069,46.6633],[4.1087,46.6682],[4.1123,46.6704],[4.115,46.671],[4.1142,46.6731],[4.1108,46.6739],[4.1061,46.6723],[4.1012,46.6739],[4.1044,46.679],[4.1131,46.6827],[4.1139,46.6838],[4.112,46.6867],[4.1124,46.6892],[4.1145,46.6895],[4.1168,46.6932],[4.1136,46.6966],[4.1117,46.7007],[4.1143,46.7029],[4.1202,46.705],[4.1229,46.7065],[4.1345,46.708],[4.134,46.7131],[4.1349,46.7162],[4.1375,46.7169],[4.1388,46.7215],[4.1386,46.7247],[4.1407,46.7285],[4.1383,46.7317],[4.1423,46.7322],[4.1451,46.731],[4.1481,46.7324],[4.1517,46.7315],[4.1542,46.7285],[4.1575,46.7264],[4.1598,46.7235],[4.1611,46.7178],[4.1593,46.7141],[4.1645,46.7117],[4.1651,46.7127],[4.1718,46.7109],[4.1745,46.7074],[4.1779,46.7089],[4.1827,46.709],[4.184,46.7104],[4.1874,46.7103],[4.1899,46.7119],[4.1916,46.7098],[4.1981,46.7059],[4.1997,46.7035],[4.1953,46.7029],[4.194,46.6996],[4.1958,46.6977],[4.1956,46.6935],[4.1975,46.6924],[4.1962,46.6875],[4.204,46.6873],[4.2029,46.6856]]]}},{"type":"Feature","properties":{"code":"71543","nom":"Tournus","pop":5701},"geometry":{"type":"Polygon","coordinates":[[[4.9225,46.549],[4.9233,46.5479],[4.9205,46.5472],[4.9192,46.5454],[4.9162,46.5463],[4.9166,46.5431],[4.9144,46.5405],[4.9124,46.54],[4.9055,46.5448],[4.909,46.5482],[4.9064,46.5497],[4.9074,46.5512],[4.9037,46.5524],[4.8977,46.5514],[4.8928,46.5434],[4.891,46.5422],[4.8888,46.5451],[4.8828,46.5459],[4.8833,46.5502],[4.8816,46.5504],[4.8767,46.5441],[4.8756,46.5473],[4.8737,46.5485],[4.8718,46.5505],[4.873,46.5533],[4.8727,46.5578],[4.8747,46.5604],[4.8729,46.5617],[4.8688,46.5618],[4.8691,46.5658],[4.8705,46.5676],[4.875,46.5702],[4.8795,46.5705],[4.8798,46.5732],[4.8819,46.5761],[4.8852,46.5759],[4.8856,46.5775],[4.8903,46.5769],[4.8949,46.585],[4.8987,46.5848],[4.8993,46.5874],[4.9036,46.5883],[4.9042,46.5895],[4.9086,46.5899],[4.9185,46.5874],[4.9245,46.592],[4.9283,46.5911],[4.9362,46.5956],[4.9279,46.5894],[4.9228,46.5847],[4.9173,46.5742],[4.9174,46.5686],[4.9198,46.5641],[4.9174,46.5633],[4.9179,46.5604],[4.9207,46.5565],[4.9191,46.556],[4.9225,46.549]]]}},{"type":"Feature","properties":{"code":"71544","nom":"Toutenant","pop":170},"geometry":{"type":"Polygon","coordinates":[[[5.1143,46.8854],[5.1327,46.8833],[5.1379,46.8843],[5.1359,46.8808],[5.1386,46.8786],[5.1528,46.8777],[5.1529,46.8729],[5.1512,46.8684],[5.1487,46.8678],[5.1477,46.8651],[5.1416,46.8591],[5.1413,46.8566],[5.1318,46.8573],[5.1269,46.8584],[5.1259,46.8577],[5.1176,46.8597],[5.1129,46.8589],[5.1113,46.8571],[5.1055,46.8612],[5.0999,46.8623],[5.0984,46.8604],[5.0956,46.8615],[5.0912,46.8598],[5.0818,46.861],[5.0743,46.864],[5.0756,46.8672],[5.0722,46.8708],[5.0739,46.874],[5.0766,46.8725],[5.0804,46.8734],[5.0814,46.8751],[5.0813,46.8786],[5.0857,46.881],[5.0877,46.8801],[5.0916,46.8811],[5.1028,46.8812],[5.1069,46.8823],[5.1124,46.8819],[5.1143,46.8854]]]}},{"type":"Feature","properties":{"code":"71545","nom":"Tramayes","pop":1070},"geometry":{"type":"Polygon","coordinates":[[[4.5714,46.2904],[4.5699,46.2933],[4.5734,46.2959],[4.5768,46.2968],[4.5803,46.3003],[4.584,46.3054],[4.5853,46.3063],[4.5843,46.3119],[4.5827,46.3158],[4.5802,46.3166],[4.5768,46.3191],[4.5735,46.3199],[4.5699,46.3229],[4.5712,46.328],[4.5643,46.3318],[4.5674,46.3324],[4.5713,46.33],[4.5743,46.3297],[4.5777,46.3326],[4.5803,46.3317],[4.5844,46.3318],[4.5906,46.3284],[4.5924,46.3321],[4.5955,46.331],[4.5987,46.3317],[4.5986,46.329],[4.6044,46.3283],[4.6096,46.3255],[4.6102,46.3209],[4.6133,46.319],[4.6153,46.3194],[4.6206,46.3158],[4.6265,46.3156],[4.6299,46.314],[4.6356,46.314],[4.6326,46.3114],[4.6314,46.3066],[4.6344,46.3024],[4.639,46.3015],[4.6353,46.3002],[4.6349,46.298],[4.6365,46.2943],[4.6361,46.2903],[4.6269,46.2884],[4.6233,46.2846],[4.6169,46.2808],[4.6062,46.2825],[4.6025,46.2843],[4.5963,46.2846],[4.5918,46.2856],[4.5897,46.2898],[4.5849,46.2926],[4.5774,46.2922],[4.5714,46.2904]]]}},{"type":"Feature","properties":{"code":"71546","nom":"Trambly","pop":394},"geometry":{"type":"Polygon","coordinates":[[[4.5611,46.332],[4.5597,46.3307],[4.558,46.3268],[4.5514,46.3208],[4.545,46.3164],[4.5444,46.3149],[4.5401,46.3137],[4.5352,46.3136],[4.5304,46.3104],[4.5304,46.3103],[4.5279,46.3105],[4.5222,46.314],[4.519,46.3186],[4.5169,46.3199],[4.5144,46.3233],[4.511,46.3236],[4.5094,46.3254],[4.5111,46.3281],[4.5096,46.3303],[4.5044,46.3336],[4.5064,46.3381],[4.5056,46.3404],[4.5098,46.3431],[4.515,46.3443],[4.5186,46.3463],[4.5222,46.3469],[4.5251,46.3493],[4.5273,46.3499],[4.5321,46.3439],[4.5361,46.3449],[4.5379,46.3462],[4.5439,46.3472],[4.5471,46.3441],[4.5507,46.3424],[4.552,46.3378],[4.5578,46.341],[4.561,46.3409],[4.5625,46.3386],[4.5598,46.3343],[4.5611,46.332]]]}},{"type":"Feature","properties":{"code":"71547","nom":"Trivy","pop":261},"geometry":{"type":"Polygon","coordinates":[[[4.5126,46.3853],[4.5095,46.3824],[4.506,46.3802],[4.4973,46.3774],[4.4937,46.3758],[4.4906,46.3734],[4.4797,46.3744],[4.4776,46.3758],[4.4747,46.3758],[4.4621,46.378],[4.4598,46.3832],[4.4606,46.3896],[4.4675,46.3941],[4.4708,46.3969],[4.4717,46.3995],[4.4744,46.4022],[4.4744,46.4063],[4.4797,46.4056],[4.4806,46.4132],[4.4838,46.409],[4.4877,46.4082],[4.4929,46.4084],[4.4956,46.4066],[4.5047,46.4036],[4.506,46.4038],[4.5109,46.4021],[4.5089,46.4007],[4.5093,46.3988],[4.5122,46.399],[4.5119,46.3953],[4.5156,46.3895],[4.5126,46.3853]]]}},{"type":"Feature","properties":{"code":"71548","nom":"Tronchy","pop":240},"geometry":{"type":"Polygon","coordinates":[[[5.0356,46.7319],[5.0386,46.7349],[5.0384,46.7373],[5.0478,46.7377],[5.0582,46.7398],[5.0624,46.7399],[5.0659,46.7362],[5.0685,46.7373],[5.0713,46.7364],[5.0733,46.7392],[5.0802,46.739],[5.0828,46.737],[5.0816,46.7346],[5.0835,46.7314],[5.0873,46.7292],[5.0951,46.7286],[5.1,46.7295],[5.0995,46.7273],[5.1082,46.7246],[5.1084,46.7224],[5.1042,46.7212],[5.1003,46.719],[5.0957,46.7139],[5.0902,46.7123],[5.0849,46.7135],[5.0794,46.7119],[5.0757,46.7128],[5.0816,46.7161],[5.081,46.7177],[5.0776,46.7191],[5.0755,46.7211],[5.0702,46.7221],[5.0689,46.7245],[5.0659,46.727],[5.0626,46.727],[5.0555,46.7296],[5.0531,46.727],[5.0483,46.7258],[5.0442,46.7276],[5.042,46.7272],[5.0369,46.7291],[5.0356,46.7319]]]}},{"type":"Feature","properties":{"code":"71549","nom":"La Truchère","pop":200},"geometry":{"type":"Polygon","coordinates":[[[4.9799,46.5153],[4.9705,46.5145],[4.9658,46.5136],[4.9625,46.5122],[4.9638,46.511],[4.9702,46.5089],[4.9713,46.508],[4.9696,46.5053],[4.9651,46.5061],[4.9636,46.508],[4.9595,46.5078],[4.958,46.5061],[4.9534,46.5044],[4.9519,46.5002],[4.9487,46.5014],[4.947,46.5039],[4.944,46.5053],[4.9453,46.5116],[4.9523,46.5108],[4.9546,46.5124],[4.9514,46.5145],[4.947,46.5141],[4.943,46.5149],[4.9403,46.5119],[4.9357,46.5143],[4.9385,46.5193],[4.9384,46.523],[4.9458,46.5242],[4.9483,46.5257],[4.9512,46.5252],[4.9529,46.5236],[4.9597,46.5239],[4.9623,46.5233],[4.9676,46.5262],[4.9723,46.5262],[4.9776,46.524],[4.9791,46.5218],[4.9799,46.5153]]]}},{"type":"Feature","properties":{"code":"71550","nom":"Uchizy","pop":831},"geometry":{"type":"Polygon","coordinates":[[[4.8467,46.4931],[4.8454,46.4968],[4.8407,46.4992],[4.8448,46.4978],[4.8461,46.4989],[4.8436,46.501],[4.8446,46.5026],[4.849,46.5012],[4.8506,46.4993],[4.8562,46.4992],[4.863,46.5019],[4.87,46.5031],[4.8715,46.5058],[4.87,46.5071],[4.8722,46.514],[4.8717,46.5162],[4.8739,46.5186],[4.879,46.5197],[4.8823,46.5188],[4.8849,46.5227],[4.8867,46.5193],[4.891,46.5159],[4.8915,46.5121],[4.8936,46.5082],[4.8997,46.5064],[4.9062,46.5055],[4.9213,46.4998],[4.9225,46.4982],[4.9271,46.4993],[4.9255,46.497],[4.9192,46.4927],[4.9155,46.4888],[4.9144,46.4853],[4.9145,46.4814],[4.9145,46.4801],[4.9119,46.4803],[4.9022,46.4825],[4.8988,46.4842],[4.8952,46.4839],[4.8921,46.4862],[4.8861,46.4876],[4.8834,46.4853],[4.8796,46.4859],[4.8761,46.4879],[4.8676,46.4899],[4.8605,46.4943],[4.8557,46.493],[4.8538,46.4934],[4.8507,46.4964],[4.8498,46.4938],[4.8467,46.4931]]]}},{"type":"Feature","properties":{"code":"71551","nom":"Uchon","pop":105},"geometry":{"type":"Polygon","coordinates":[[[4.2327,46.8162],[4.2351,46.8184],[4.2399,46.8187],[4.2446,46.8206],[4.2474,46.8226],[4.2526,46.824],[4.2565,46.8237],[4.2637,46.8261],[4.2673,46.8237],[4.2725,46.8245],[4.276,46.8219],[4.2813,46.8234],[4.2812,46.8214],[4.2841,46.8151],[4.2866,46.8122],[4.2856,46.8093],[4.2918,46.8043],[4.2923,46.8011],[4.2889,46.7999],[4.2895,46.798],[4.2843,46.7959],[4.2754,46.7936],[4.2745,46.7909],[4.2712,46.7903],[4.269,46.7877],[4.2663,46.7882],[4.2637,46.7914],[4.2662,46.7949],[4.2649,46.7973],[4.2608,46.7973],[4.2584,46.7986],[4.2579,46.8009],[4.2531,46.8011],[4.2463,46.7995],[4.2372,46.7986],[4.2347,46.8007],[4.2381,46.8043],[4.2332,46.8087],[4.226,46.8075],[4.2265,46.8108],[4.2291,46.8142],[4.2327,46.8162]]]}},{"type":"Feature","properties":{"code":"71552","nom":"Uxeau","pop":486},"geometry":{"type":"Polygon","coordinates":[[[4.041,46.6785],[4.0449,46.679],[4.0483,46.6771],[4.0511,46.6778],[4.0567,46.6776],[4.0623,46.6759],[4.0723,46.6752],[4.0754,46.6727],[4.0779,46.6728],[4.08,46.67],[4.0828,46.6706],[4.0899,46.6699],[4.0908,46.6711],[4.0944,46.6702],[4.098,46.6714],[4.1012,46.6739],[4.1061,46.6723],[4.1108,46.6739],[4.1142,46.6731],[4.115,46.671],[4.1123,46.6704],[4.1087,46.6682],[4.1069,46.6633],[4.1064,46.659],[4.1031,46.6537],[4.0954,46.6489],[4.0949,46.647],[4.0924,46.6453],[4.0871,46.6443],[4.0763,46.6432],[4.0744,46.6417],[4.0734,46.6386],[4.0694,46.641],[4.0639,46.6414],[4.061,46.6437],[4.0568,46.64],[4.0549,46.6358],[4.05,46.6391],[4.0495,46.6413],[4.0435,46.6392],[4.0434,46.6366],[4.0474,46.6318],[4.043,46.6308],[4.0378,46.6321],[4.0352,46.6294],[4.0328,46.6312],[4.0287,46.6319],[4.0263,46.635],[4.0229,46.6373],[4.0172,46.6384],[4.0117,46.6326],[4.011,46.6339],[4.0057,46.6367],[4.0026,46.6392],[3.9996,46.6429],[3.9971,46.6445],[3.9985,46.6463],[3.9968,46.6511],[3.9936,46.6517],[3.9928,46.6531],[3.9863,46.6545],[3.9841,46.6556],[3.9779,46.6549],[3.9784,46.659],[3.981,46.6624],[3.9874,46.6614],[3.988,46.6627],[3.9941,46.6636],[3.9928,46.6673],[3.9985,46.6683],[4.0012,46.668],[4.0079,46.669],[4.0128,46.6722],[4.0183,46.6736],[4.0285,46.6743],[4.0363,46.6764],[4.041,46.6785]]]}},{"type":"Feature","properties":{"code":"71553","nom":"Vareilles","pop":276},"geometry":{"type":"Polygon","coordinates":[[[4.2231,46.3037],[4.2282,46.3068],[4.2347,46.3068],[4.2385,46.3084],[4.243,46.3126],[4.2461,46.3133],[4.2471,46.3148],[4.2533,46.3144],[4.2588,46.3164],[4.2643,46.3177],[4.2631,46.311],[4.2667,46.3105],[4.2689,46.3084],[4.2716,46.3044],[4.2696,46.2978],[4.2714,46.2943],[4.2707,46.2902],[4.2644,46.2901],[4.2598,46.2909],[4.2544,46.2903],[4.2494,46.2905],[4.2455,46.288],[4.2405,46.2863],[4.2344,46.286],[4.2282,46.2864],[4.2283,46.2918],[4.2287,46.2943],[4.2265,46.2968],[4.2231,46.3037]]]}},{"type":"Feature","properties":{"code":"71554","nom":"Varenne-l'Arconce","pop":110},"geometry":{"type":"Polygon","coordinates":[[[4.1645,46.3237],[4.1597,46.3239],[4.1538,46.3233],[4.1443,46.3311],[4.1398,46.3329],[4.1411,46.3344],[4.1385,46.3361],[4.1394,46.3375],[4.1365,46.341],[4.1325,46.3436],[4.1383,46.345],[4.1368,46.346],[4.1391,46.3502],[4.142,46.3532],[4.1502,46.355],[4.1539,46.3546],[4.1567,46.3565],[4.1638,46.3593],[4.1672,46.3575],[4.17,46.3534],[4.1759,46.352],[4.1747,46.3477],[4.1709,46.3428],[4.1731,46.3353],[4.1702,46.3317],[4.1686,46.3318],[4.1678,46.328],[4.1645,46.3237]]]}},{"type":"Feature","properties":{"code":"71555","nom":"Varennes-le-Grand","pop":2293},"geometry":{"type":"Polygon","coordinates":[[[4.9021,46.6975],[4.8964,46.6994],[4.8941,46.6989],[4.8914,46.6962],[4.89,46.6931],[4.8862,46.6909],[4.8803,46.6885],[4.8747,46.6871],[4.8684,46.6974],[4.8634,46.6975],[4.8607,46.6988],[4.8548,46.6996],[4.8521,46.7006],[4.8482,46.6982],[4.8482,46.6961],[4.8426,46.6962],[4.8322,46.6986],[4.8157,46.7009],[4.8175,46.7051],[4.8205,46.7082],[4.8436,46.7038],[4.8456,46.7053],[4.841,46.7091],[4.8405,46.7114],[4.8445,46.7114],[4.849,46.7138],[4.8507,46.7156],[4.8592,46.7198],[4.8692,46.7229],[4.871,46.7247],[4.8771,46.727],[4.8854,46.7318],[4.8888,46.7309],[4.896,46.7321],[4.9007,46.7305],[4.9041,46.727],[4.9073,46.725],[4.9088,46.7227],[4.9105,46.7204],[4.9158,46.718],[4.9236,46.7161],[4.9261,46.7141],[4.9239,46.7086],[4.9212,46.7088],[4.9137,46.707],[4.911,46.7048],[4.9097,46.7007],[4.9025,46.7004],[4.9021,46.6975]]]}},{"type":"Feature","properties":{"code":"71556","nom":"Varennes-lès-Mâcon","pop":588},"geometry":{"type":"Polygon","coordinates":[[[4.8112,46.2545],[4.7975,46.2555],[4.7971,46.257],[4.7984,46.2586],[4.7947,46.2595],[4.7926,46.2614],[4.7969,46.27],[4.7977,46.2729],[4.7872,46.2734],[4.7897,46.2785],[4.7977,46.2768],[4.8007,46.2775],[4.8025,46.2792],[4.8111,46.2772],[4.8133,46.2788],[4.8139,46.2813],[4.8244,46.2765],[4.8265,46.2764],[4.8246,46.2726],[4.8202,46.2682],[4.8166,46.2656],[4.8116,46.2612],[4.8112,46.2545]]]}},{"type":"Feature","properties":{"code":"71557","nom":"Varenne-Saint-Germain","pop":684},"geometry":{"type":"Polygon","coordinates":[[[3.9953,46.4251],[3.9956,46.4287],[3.9902,46.4311],[3.9881,46.4355],[3.9894,46.4378],[3.9945,46.4398],[4.0004,46.4393],[4.0037,46.4405],[4.0057,46.4431],[4.0026,46.4462],[3.9989,46.4487],[3.9973,46.4516],[3.998,46.4537],[4.0015,46.4587],[4.0054,46.4563],[4.0074,46.4576],[4.0133,46.4576],[4.0157,46.4559],[4.0224,46.4565],[4.0298,46.4566],[4.0306,46.4551],[4.0284,46.4535],[4.0303,46.4512],[4.0428,46.4436],[4.0462,46.4446],[4.0489,46.4427],[4.0582,46.4431],[4.0607,46.4418],[4.0646,46.4423],[4.0677,46.4375],[4.0673,46.4351],[4.0686,46.4312],[4.0621,46.4308],[4.0634,46.427],[4.059,46.4257],[4.0542,46.4254],[4.0519,46.4229],[4.0479,46.4249],[4.0409,46.4232],[4.0378,46.4232],[4.0319,46.4198],[4.0226,46.4166],[4.0205,46.42],[4.0185,46.4214],[4.016,46.425],[4.0157,46.4267],[4.0039,46.427],[3.9953,46.4251]]]}},{"type":"Feature","properties":{"code":"71558","nom":"Varennes-Saint-Sauveur","pop":1108},"geometry":{"type":"Polygon","coordinates":[[[5.2779,46.5263],[5.2789,46.5234],[5.2717,46.5201],[5.2697,46.5198],[5.2684,46.5159],[5.2645,46.5147],[5.2648,46.5135],[5.2605,46.5109],[5.2575,46.5036],[5.2601,46.4984],[5.2595,46.4959],[5.2564,46.4917],[5.2579,46.4887],[5.2574,46.4852],[5.2591,46.4801],[5.2572,46.4772],[5.2574,46.473],[5.2541,46.4718],[5.2547,46.4693],[5.2518,46.4677],[5.2522,46.4653],[5.2481,46.4614],[5.248,46.4591],[5.2418,46.4612],[5.2361,46.4578],[5.235,46.4579],[5.2318,46.4628],[5.225,46.4687],[5.2213,46.4691],[5.22,46.4681],[5.2146,46.4687],[5.2159,46.472],[5.2138,46.4746],[5.2129,46.4776],[5.2099,46.479],[5.2114,46.4808],[5.2145,46.4819],[5.2134,46.4847],[5.2061,46.4865],[5.2063,46.4898],[5.2101,46.4905],[5.2043,46.4949],[5.2018,46.5013],[5.1992,46.5031],[5.2036,46.5048],[5.2058,46.5059],[5.2073,46.5098],[5.2119,46.512],[5.2134,46.5144],[5.2161,46.5166],[5.216,46.5184],[5.2197,46.5203],[5.2196,46.5227],[5.2243,46.5262],[5.2293,46.5307],[5.2283,46.5317],[5.2296,46.5345],[5.2347,46.5363],[5.2395,46.543],[5.2462,46.5417],[5.2468,46.5395],[5.2513,46.5373],[5.2547,46.5349],[5.257,46.5351],[5.2628,46.5334],[5.2691,46.5349],[5.2713,46.5294],[5.2741,46.5291],[5.2779,46.5263]]]}},{"type":"Feature","properties":{"code":"71559","nom":"Varennes-sous-Dun","pop":519},"geometry":{"type":"Polygon","coordinates":[[[4.3426,46.3069],[4.347,46.3095],[4.3536,46.3052],[4.3557,46.302],[4.3554,46.2978],[4.3589,46.2933],[4.3683,46.2903],[4.3668,46.2805],[4.3658,46.2791],[4.362,46.279],[4.358,46.2744],[4.3592,46.2726],[4.3567,46.2711],[4.3578,46.2678],[4.3568,46.2638],[4.3502,46.2577],[4.3451,46.2559],[4.3449,46.255],[4.3431,46.2556],[4.3378,46.2528],[4.336,46.2488],[4.3319,46.2483],[4.3291,46.2505],[4.325,46.2523],[4.3169,46.2509],[4.3169,46.2509],[4.3187,46.2535],[4.3181,46.2562],[4.3202,46.2583],[4.3261,46.2616],[4.3225,46.2663],[4.3176,46.2697],[4.3108,46.2724],[4.3101,46.275],[4.3115,46.2787],[4.3103,46.2802],[4.3147,46.2809],[4.3181,46.2893],[4.3264,46.2971],[4.3227,46.2987],[4.3239,46.2987],[4.3302,46.3027],[4.336,46.3038],[4.342,46.3029],[4.344,46.3049],[4.3426,46.3069]]]}},{"type":"Feature","properties":{"code":"71561","nom":"Vauban","pop":242},"geometry":{"type":"Polygon","coordinates":[[[4.1808,46.2639],[4.183,46.2673],[4.191,46.2687],[4.195,46.2703],[4.2059,46.2642],[4.209,46.2657],[4.2105,46.2683],[4.2084,46.2802],[4.2098,46.2873],[4.213,46.2896],[4.2135,46.2919],[4.2218,46.2934],[4.2224,46.2912],[4.2283,46.2918],[4.2282,46.2864],[4.2309,46.2819],[4.2285,46.2796],[4.2297,46.277],[4.2377,46.2717],[4.2393,46.2683],[4.2419,46.2681],[4.2414,46.2646],[4.2462,46.262],[4.2484,46.2576],[4.2503,46.2558],[4.2501,46.2526],[4.2469,46.2497],[4.2446,46.2457],[4.2445,46.244],[4.2404,46.2448],[4.2379,46.2437],[4.2266,46.2439],[4.224,46.2446],[4.2194,46.2427],[4.2161,46.2448],[4.2129,46.2426],[4.2096,46.2458],[4.2105,46.2484],[4.2089,46.2499],[4.2114,46.2525],[4.2057,46.2596],[4.1995,46.2619],[4.1933,46.2603],[4.1903,46.2602],[4.1808,46.2639]]]}},{"type":"Feature","properties":{"code":"71562","nom":"Vaudebarrier","pop":211},"geometry":{"type":"Polygon","coordinates":[[[4.3349,46.3992],[4.3337,46.4023],[4.3279,46.4021],[4.3236,46.4043],[4.3198,46.4079],[4.3162,46.4064],[4.3139,46.4086],[4.3041,46.4099],[4.3007,46.4119],[4.2932,46.4085],[4.2876,46.4083],[4.2872,46.4128],[4.284,46.4218],[4.2885,46.4211],[4.2932,46.4221],[4.294,46.4266],[4.2985,46.4247],[4.3009,46.4256],[4.3041,46.4303],[4.308,46.4313],[4.3103,46.4324],[4.3122,46.4308],[4.3203,46.4319],[4.324,46.4304],[4.3246,46.4252],[4.3265,46.423],[4.3289,46.4165],[4.3296,46.4142],[4.3329,46.4123],[4.3356,46.4125],[4.3367,46.4083],[4.3405,46.4058],[4.3447,46.4005],[4.3373,46.399],[4.3349,46.3992]]]}},{"type":"Feature","properties":{"code":"71563","nom":"Vaux-en-Pré","pop":79},"geometry":{"type":"Polygon","coordinates":[[[4.6069,46.6311],[4.61,46.6299],[4.6106,46.628],[4.609,46.6255],[4.6121,46.6244],[4.6092,46.6221],[4.6155,46.6193],[4.6163,46.618],[4.6133,46.6146],[4.6136,46.6091],[4.617,46.6086],[4.6192,46.6066],[4.6181,46.6046],[4.6155,46.603],[4.6134,46.604],[4.6093,46.6047],[4.611,46.6074],[4.6061,46.6072],[4.6043,46.6102],[4.6088,46.6105],[4.6075,46.6142],[4.6026,46.6134],[4.6,46.6161],[4.5957,46.6161],[4.5931,46.6177],[4.5925,46.6195],[4.5896,46.6215],[4.5876,46.6274],[4.5852,46.6315],[4.5917,46.633],[4.5942,46.6347],[4.5945,46.6376],[4.5971,46.6392],[4.6011,46.6365],[4.6041,46.6328],[4.6069,46.6311]]]}},{"type":"Feature","properties":{"code":"71564","nom":"Vendenesse-lès-Charolles","pop":729},"geometry":{"type":"Polygon","coordinates":[[[4.305,46.4499],[4.3121,46.4514],[4.321,46.4508],[4.3281,46.4511],[4.3322,46.4526],[4.3376,46.4555],[4.341,46.4555],[4.3405,46.4621],[4.3451,46.4609],[4.3454,46.4582],[4.3538,46.4604],[4.3585,46.4594],[4.3671,46.4588],[4.369,46.4606],[4.3722,46.461],[4.3782,46.4603],[4.3808,46.4622],[4.3936,46.4648],[4.3982,46.4634],[4.3979,46.462],[4.4014,46.4586],[4.4048,46.4576],[4.4026,46.4549],[4.4157,46.4511],[4.4154,46.4511],[4.4092,46.4498],[4.4044,46.448],[4.3967,46.446],[4.3963,46.4426],[4.3973,46.4397],[4.3963,46.4369],[4.4013,46.4348],[4.3968,46.431],[4.394,46.431],[4.3914,46.4273],[4.3895,46.4267],[4.3846,46.4286],[4.3847,46.4317],[4.3807,46.4319],[4.3795,46.4296],[4.3744,46.4283],[4.3751,46.4264],[4.3719,46.4238],[4.3681,46.4144],[4.3531,46.4186],[4.3471,46.4195],[4.3404,46.4193],[4.3289,46.4165],[4.3265,46.423],[4.3246,46.4252],[4.324,46.4304],[4.3203,46.4319],[4.3122,46.4308],[4.3103,46.4324],[4.308,46.4313],[4.3067,46.434],[4.3088,46.4344],[4.3063,46.4414],[4.3042,46.444],[4.3034,46.4472],[4.305,46.4499]]]}},{"type":"Feature","properties":{"code":"71565","nom":"Vendenesse-sur-Arroux","pop":552},"geometry":{"type":"Polygon","coordinates":[[[4.1156,46.6464],[4.1128,46.6417],[4.1127,46.6393],[4.1143,46.6353],[4.1109,46.6337],[4.112,46.6302],[4.1041,46.6301],[4.0994,46.6326],[4.0895,46.6315],[4.0912,46.629],[4.0896,46.6261],[4.0868,46.6235],[4.0891,46.6224],[4.0847,46.6225],[4.0843,46.6202],[4.0814,46.6186],[4.0772,46.6173],[4.0745,46.6153],[4.072,46.6165],[4.0671,46.6152],[4.0649,46.6159],[4.0622,46.6148],[4.0588,46.615],[4.0573,46.6176],[4.0576,46.6206],[4.0541,46.6204],[4.0509,46.6176],[4.0417,46.6174],[4.0399,46.6184],[4.0345,46.6178],[4.0315,46.6157],[4.0253,46.6199],[4.0184,46.6251],[4.0155,46.6295],[4.0117,46.6326],[4.0172,46.6384],[4.0229,46.6373],[4.0263,46.635],[4.0287,46.6319],[4.0328,46.6312],[4.0352,46.6294],[4.0378,46.6321],[4.043,46.6308],[4.0474,46.6318],[4.0434,46.6366],[4.0435,46.6392],[4.0495,46.6413],[4.05,46.6391],[4.0549,46.6358],[4.0568,46.64],[4.061,46.6437],[4.0639,46.6414],[4.0694,46.641],[4.0734,46.6386],[4.0744,46.6417],[4.0763,46.6432],[4.0871,46.6443],[4.0924,46.6453],[4.0949,46.647],[4.0954,46.6489],[4.1031,46.6537],[4.1072,46.6513],[4.1071,46.6481],[4.1156,46.6464]]]}},{"type":"Feature","properties":{"code":"71566","nom":"Verdun-sur-le-Doubs","pop":1811},"geometry":{"type":"Polygon","coordinates":[[[5.0289,46.8983],[5.026,46.8964],[5.0263,46.8932],[5.0306,46.892],[5.0397,46.8937],[5.0409,46.8894],[5.0389,46.8875],[5.0299,46.8871],[5.0291,46.885],[5.0253,46.8845],[5.0199,46.8853],[5.0125,46.8738],[5.0096,46.8723],[4.9992,46.8763],[4.9984,46.8779],[4.9962,46.888],[4.9939,46.8968],[4.9967,46.8991],[4.9988,46.9022],[5.0039,46.9055],[5.0073,46.9071],[5.0126,46.9065],[5.0268,46.9005],[5.0289,46.8983]]]}},{"type":"Feature","properties":{"code":"71567","nom":"Vergisson","pop":222},"geometry":{"type":"Polygon","coordinates":[[[4.6939,46.2948],[4.6928,46.2975],[4.6935,46.3024],[4.6978,46.3095],[4.699,46.3148],[4.701,46.3172],[4.7049,46.3239],[4.7095,46.3227],[4.7161,46.3239],[4.7191,46.3222],[4.7251,46.3199],[4.7239,46.3183],[4.7307,46.311],[4.7266,46.3096],[4.7253,46.3067],[4.7241,46.3036],[4.7183,46.3022],[4.7171,46.3002],[4.7138,46.301],[4.7131,46.2982],[4.7089,46.2983],[4.7077,46.2962],[4.7054,46.2955],[4.6975,46.2964],[4.6939,46.2948]]]}},{"type":"Feature","properties":{"code":"71568","nom":"Vérissey","pop":53},"geometry":{"type":"Polygon","coordinates":[[[5.0957,46.7139],[5.1003,46.719],[5.1042,46.7212],[5.1084,46.7224],[5.1104,46.7225],[5.1182,46.7223],[5.126,46.7227],[5.1317,46.7239],[5.1375,46.7258],[5.1413,46.7239],[5.1418,46.7216],[5.1438,46.72],[5.1494,46.7191],[5.1528,46.7208],[5.1521,46.7174],[5.1453,46.7166],[5.1443,46.7145],[5.1419,46.7133],[5.1465,46.7108],[5.1471,46.7092],[5.1502,46.708],[5.1506,46.7043],[5.15,46.7008],[5.1497,46.6948],[5.1483,46.6926],[5.1408,46.6948],[5.1359,46.6971],[5.1327,46.6999],[5.129,46.7001],[5.1269,46.7012],[5.1219,46.7014],[5.1222,46.7033],[5.119,46.7045],[5.1192,46.7067],[5.114,46.706],[5.1121,46.7101],[5.1084,46.7093],[5.1038,46.7089],[5.103,46.7128],[5.0957,46.7139]]]}},{"type":"Feature","properties":{"code":"71570","nom":"Verjux","pop":504},"geometry":{"type":"Polygon","coordinates":[[[4.9632,46.8565],[4.9589,46.8591],[4.9554,46.8634],[4.9572,46.8661],[4.9642,46.8698],[4.965,46.8729],[4.9637,46.8743],[4.9566,46.8781],[4.9531,46.8806],[4.9515,46.8853],[4.9547,46.8914],[4.9585,46.8927],[4.9647,46.8932],[4.9732,46.8975],[4.9782,46.8981],[4.9879,46.8965],[4.9939,46.8968],[4.9962,46.888],[4.9984,46.8779],[4.9992,46.8763],[4.9957,46.8722],[4.9946,46.8652],[4.9869,46.8579],[4.9853,46.8559],[4.9809,46.8561],[4.9759,46.8594],[4.9705,46.8595],[4.9654,46.8581],[4.9632,46.8565]]]}},{"type":"Feature","properties":{"code":"71571","nom":"Verosvres","pop":423},"geometry":{"type":"Polygon","coordinates":[[[4.411,46.375],[4.4103,46.3749],[4.4104,46.3774],[4.4091,46.3809],[4.4096,46.3826],[4.409,46.3868],[4.4097,46.389],[4.4189,46.3929],[4.4262,46.3983],[4.4221,46.4024],[4.4173,46.4037],[4.4144,46.4056],[4.416,46.4086],[4.4154,46.4119],[4.4176,46.4132],[4.4206,46.4179],[4.4203,46.4209],[4.4168,46.4213],[4.4167,46.4231],[4.4206,46.4243],[4.429,46.4285],[4.4442,46.4249],[4.4463,46.4175],[4.4442,46.415],[4.4437,46.4122],[4.4455,46.4098],[4.45,46.4102],[4.4535,46.4122],[4.4589,46.4168],[4.4611,46.4172],[4.4682,46.4169],[4.4771,46.4155],[4.4806,46.4132],[4.4797,46.4056],[4.4744,46.4063],[4.4744,46.4022],[4.4717,46.3995],[4.4708,46.3969],[4.4675,46.3941],[4.4606,46.3896],[4.4598,46.3832],[4.457,46.3824],[4.455,46.38],[4.4499,46.3778],[4.4467,46.3746],[4.4513,46.369],[4.4507,46.3635],[4.4484,46.3614],[4.4417,46.3594],[4.4323,46.3619],[4.4286,46.367],[4.4266,46.3684],[4.4219,46.3682],[4.4213,46.3721],[4.4169,46.3741],[4.411,46.375]]]}},{"type":"Feature","properties":{"code":"71572","nom":"Vers","pop":234},"geometry":{"type":"Polygon","coordinates":[[[4.831,46.5902],[4.836,46.5948],[4.8439,46.594],[4.8447,46.5946],[4.8527,46.5918],[4.8555,46.5917],[4.8617,46.59],[4.8635,46.5846],[4.8664,46.5829],[4.8654,46.5814],[4.8701,46.5794],[4.8735,46.5769],[4.8798,46.5732],[4.8795,46.5705],[4.875,46.5702],[4.8696,46.5713],[4.8681,46.573],[4.8643,46.5734],[4.8626,46.5746],[4.8544,46.5745],[4.8508,46.5752],[4.8502,46.5788],[4.8462,46.5795],[4.8465,46.5822],[4.84,46.5855],[4.84,46.5884],[4.8367,46.5886],[4.831,46.5902]]]}},{"type":"Feature","properties":{"code":"71573","nom":"Versaugues","pop":190},"geometry":{"type":"Polygon","coordinates":[[[4.0965,46.3545],[4.0904,46.3541],[4.0799,46.3552],[4.0731,46.3532],[4.0669,46.3525],[4.0592,46.3528],[4.0505,46.3548],[4.0489,46.3557],[4.0501,46.3579],[4.0462,46.3645],[4.0491,46.3696],[4.0503,46.3742],[4.0474,46.3747],[4.047,46.378],[4.0424,46.3792],[4.0427,46.3818],[4.0443,46.3836],[4.0487,46.3822],[4.0514,46.3833],[4.0572,46.3825],[4.0599,46.3841],[4.0631,46.3842],[4.0719,46.3827],[4.0757,46.3827],[4.0848,46.3778],[4.0866,46.3728],[4.0902,46.3703],[4.0923,46.3677],[4.0954,46.3665],[4.1014,46.3628],[4.0998,46.3603],[4.0964,46.359],[4.0965,46.3545]]]}},{"type":"Feature","properties":{"code":"71574","nom":"Verzé","pop":875},"geometry":{"type":"Polygon","coordinates":[[[4.7839,46.3682],[4.7812,46.367],[4.7779,46.3689],[4.773,46.3678],[4.7703,46.3653],[4.7668,46.3651],[4.7664,46.3634],[4.7627,46.3606],[4.7612,46.356],[4.754,46.3591],[4.748,46.3592],[4.7374,46.357],[4.7288,46.3587],[4.7276,46.3568],[4.7231,46.3578],[4.7166,46.3601],[4.7158,46.3631],[4.7165,46.3689],[4.7152,46.3732],[4.7044,46.3753],[4.7033,46.3775],[4.7042,46.3835],[4.7015,46.387],[4.6959,46.3885],[4.6967,46.397],[4.6989,46.4017],[4.6954,46.4029],[4.6953,46.4047],[4.6976,46.411],[4.7144,46.4037],[4.7159,46.3983],[4.7211,46.3941],[4.7204,46.393],[4.7271,46.3908],[4.7272,46.3894],[4.7406,46.386],[4.7445,46.3873],[4.7489,46.3858],[4.757,46.3862],[4.7606,46.3856],[4.7679,46.3859],[4.771,46.3836],[4.7766,46.3843],[4.7829,46.3833],[4.7832,46.3824],[4.7836,46.379],[4.7822,46.3727],[4.7839,46.3682]]]}},{"type":"Feature","properties":{"code":"71576","nom":"Le Villars","pop":274},"geometry":{"type":"Polygon","coordinates":[[[4.9357,46.5143],[4.9335,46.5125],[4.9295,46.5142],[4.9333,46.5179],[4.9297,46.5193],[4.9239,46.5205],[4.9199,46.5206],[4.9188,46.5161],[4.9089,46.5185],[4.9055,46.5189],[4.9024,46.5204],[4.9065,46.5264],[4.9086,46.5291],[4.912,46.5355],[4.9124,46.54],[4.9144,46.5405],[4.9166,46.5431],[4.9162,46.5463],[4.9192,46.5454],[4.9205,46.5472],[4.9233,46.5479],[4.9312,46.5345],[4.936,46.5286],[4.9384,46.523],[4.9385,46.5193],[4.9357,46.5143]]]}},{"type":"Feature","properties":{"code":"71577","nom":"Villegaudin","pop":215},"geometry":{"type":"Polygon","coordinates":[[[5.0815,46.7877],[5.0862,46.7913],[5.0842,46.7933],[5.0891,46.7971],[5.0818,46.7969],[5.0822,46.7999],[5.0803,46.8011],[5.0802,46.8055],[5.0825,46.8065],[5.086,46.8103],[5.0858,46.8129],[5.092,46.8125],[5.0926,46.8159],[5.0943,46.8172],[5.1003,46.8178],[5.1022,46.8208],[5.1032,46.8243],[5.1063,46.8234],[5.109,46.8184],[5.1028,46.8124],[5.1038,46.8079],[5.108,46.807],[5.1078,46.8049],[5.1133,46.8054],[5.1167,46.8038],[5.1197,46.8037],[5.123,46.7999],[5.1299,46.798],[5.1308,46.8013],[5.1364,46.8001],[5.1381,46.7973],[5.1365,46.7953],[5.1184,46.7886],[5.1003,46.7856],[5.0896,46.786],[5.0815,46.7877]]]}},{"type":"Feature","properties":{"code":"71578","nom":"Clux-Villeneuve","pop":303},"geometry":{"type":"Polygon","coordinates":[[[5.167,46.9432],[5.1642,46.9423],[5.1562,46.9426],[5.1477,46.9448],[5.1468,46.9471],[5.1426,46.9479],[5.1438,46.9541],[5.1457,46.9565],[5.1506,46.9545],[5.1554,46.9599],[5.1555,46.9618],[5.1527,46.9623],[5.1505,46.9663],[5.1537,46.967],[5.1556,46.9649],[5.1631,46.9636],[5.1676,46.9645],[5.1705,46.9668],[5.1676,46.9693],[5.1773,46.9693],[5.1809,46.972],[5.1817,46.9748],[5.1875,46.9736],[5.191,46.9718],[5.1958,46.9705],[5.1973,46.9753],[5.1942,46.9769],[5.1985,46.9799],[5.2015,46.9832],[5.2045,46.9854],[5.2122,46.9801],[5.2098,46.9778],[5.2078,46.9719],[5.2098,46.9704],[5.2132,46.9662],[5.2146,46.9606],[5.2165,46.961],[5.2186,46.9591],[5.2182,46.9559],[5.2166,46.9522],[5.2138,46.9522],[5.2132,46.9489],[5.2106,46.948],[5.2029,46.9467],[5.1995,46.945],[5.192,46.9436],[5.1879,46.9411],[5.1806,46.9421],[5.1813,46.9434],[5.1768,46.9455],[5.1757,46.944],[5.1717,46.9427],[5.167,46.9432]]]}},{"type":"Feature","properties":{"code":"71579","nom":"Villeneuve-en-Montagne","pop":177},"geometry":{"type":"Polygon","coordinates":[[[4.6231,46.7745],[4.6195,46.7703],[4.6169,46.7713],[4.6149,46.7686],[4.6157,46.7673],[4.6095,46.7618],[4.6113,46.7583],[4.6104,46.7543],[4.6057,46.753],[4.6024,46.753],[4.6004,46.7515],[4.6027,46.7493],[4.6026,46.7467],[4.6055,46.7459],[4.606,46.744],[4.6019,46.7405],[4.5951,46.7414],[4.5963,46.7429],[4.5907,46.7463],[4.5744,46.7378],[4.5719,46.7369],[4.571,46.7406],[4.5682,46.7426],[4.5659,46.7424],[4.5644,46.745],[4.5617,46.7466],[4.5592,46.7506],[4.5546,46.7527],[4.554,46.7537],[4.5559,46.7596],[4.5544,46.7617],[4.5596,46.7603],[4.5651,46.7603],[4.571,46.7624],[4.5741,46.7644],[4.5674,46.7682],[4.5639,46.7714],[4.5726,46.7758],[4.5784,46.7755],[4.5896,46.7785],[4.5906,46.7801],[4.5937,46.7802],[4.6065,46.7843],[4.6104,46.7842],[4.614,46.786],[4.6172,46.7838],[4.6181,46.7805],[4.6231,46.7745]]]}},{"type":"Feature","properties":{"code":"71580","nom":"Vincelles","pop":467},"geometry":{"type":"Polygon","coordinates":[[[5.2492,46.6548],[5.2464,46.654],[5.2388,46.6559],[5.2272,46.6551],[5.2251,46.6535],[5.2225,46.6562],[5.2236,46.6574],[5.2227,46.6603],[5.2073,46.6589],[5.2055,46.6577],[5.2021,46.6581],[5.2042,46.6605],[5.2045,46.664],[5.2028,46.6709],[5.2136,46.6724],[5.218,46.6743],[5.2197,46.6734],[5.2247,46.6735],[5.2249,46.6748],[5.2304,46.6752],[5.2329,46.6767],[5.235,46.6718],[5.2406,46.6717],[5.2421,46.6705],[5.2407,46.6675],[5.2421,46.6654],[5.245,46.6651],[5.2474,46.6629],[5.2477,46.6584],[5.2497,46.6572],[5.2492,46.6548]]]}},{"type":"Feature","properties":{"code":"71581","nom":"Vindecy","pop":244},"geometry":{"type":"Polygon","coordinates":[[[3.9874,46.3511],[3.9894,46.3587],[3.9887,46.3609],[3.9916,46.3696],[3.9912,46.3719],[3.9884,46.3759],[3.9843,46.3783],[3.9819,46.3852],[3.99,46.3853],[3.9938,46.3821],[3.9978,46.3813],[4.0019,46.376],[4.0086,46.3728],[4.0166,46.3716],[4.0176,46.3738],[4.022,46.3737],[4.0264,46.375],[4.0266,46.3729],[4.0289,46.3677],[4.0309,46.3678],[4.0307,46.3611],[4.0286,46.3494],[4.028,46.3477],[4.0292,46.3408],[4.0325,46.3354],[4.0367,46.3351],[4.0371,46.3313],[4.0306,46.3319],[4.0289,46.331],[4.0259,46.332],[4.0243,46.3339],[4.022,46.3325],[4.0175,46.3313],[4.0138,46.3312],[4.0108,46.3325],[4.0074,46.3321],[4.0038,46.3332],[3.9944,46.3277],[3.9891,46.3271],[3.9848,46.3297],[3.986,46.3379],[3.9886,46.3419],[3.9892,46.3442],[3.9877,46.3466],[3.9874,46.3511]]]}},{"type":"Feature","properties":{"code":"71582","nom":"La Vineuse sur Fregande","pop":648},"geometry":{"type":"Polygon","coordinates":[[[4.568,46.4872],[4.5702,46.4918],[4.573,46.4942],[4.5719,46.4959],[4.574,46.4972],[4.5742,46.4999],[4.576,46.5026],[4.5843,46.5009],[4.5866,46.5037],[4.5888,46.5031],[4.5904,46.505],[4.5948,46.5032],[4.5973,46.5054],[4.605,46.5037],[4.6103,46.501],[4.6116,46.4993],[4.6146,46.4999],[4.6176,46.4985],[4.62,46.4996],[4.6225,46.4977],[4.6255,46.4911],[4.6257,46.4862],[4.6246,46.4829],[4.6218,46.4818],[4.6214,46.4793],[4.6233,46.4758],[4.6254,46.4689],[4.6254,46.4634],[4.6291,46.4592],[4.6271,46.4566],[4.6264,46.4536],[4.6247,46.4517],[4.6233,46.4477],[4.6168,46.4459],[4.6135,46.4404],[4.6112,46.4368],[4.609,46.4348],[4.6025,46.4347],[4.6005,46.4356],[4.593,46.4355],[4.5913,46.4372],[4.5859,46.439],[4.5817,46.4337],[4.5769,46.4308],[4.5728,46.4295],[4.5702,46.4321],[4.5659,46.4318],[4.5622,46.4339],[4.5563,46.4342],[4.5483,46.4376],[4.5446,46.4441],[4.5456,46.4451],[4.5475,46.4528],[4.5429,46.4553],[4.5413,46.455],[4.5448,46.4617],[4.5481,46.4631],[4.5503,46.4658],[4.5569,46.4673],[4.5598,46.4686],[4.5667,46.4665],[4.5692,46.4674],[4.5759,46.4668],[4.5771,46.472],[4.5752,46.4747],[4.5745,46.4779],[4.5724,46.4792],[4.571,46.4858],[4.568,46.4872]]]}},{"type":"Feature","properties":{"code":"71583","nom":"Vinzelles","pop":758},"geometry":{"type":"Polygon","coordinates":[[[4.7567,46.2662],[4.7555,46.276],[4.758,46.2766],[4.7625,46.2754],[4.7681,46.2753],[4.7733,46.2763],[4.7777,46.276],[4.7872,46.2734],[4.7977,46.2729],[4.7969,46.27],[4.7926,46.2614],[4.7947,46.2595],[4.7984,46.2586],[4.7971,46.257],[4.7956,46.2567],[4.7895,46.2582],[4.7776,46.2619],[4.7734,46.262],[4.7692,46.2635],[4.7594,46.266],[4.7567,46.2662]]]}},{"type":"Feature","properties":{"code":"71584","nom":"Viré","pop":1225},"geometry":{"type":"Polygon","coordinates":[[[4.8268,46.453],[4.8323,46.458],[4.8366,46.4592],[4.8395,46.462],[4.8409,46.4594],[4.8436,46.4614],[4.8494,46.4611],[4.8516,46.4618],[4.858,46.4602],[4.8651,46.459],[4.87,46.459],[4.872,46.456],[4.8745,46.4543],[4.8743,46.4516],[4.8714,46.4479],[4.8707,46.4452],[4.8634,46.4423],[4.8684,46.4381],[4.8717,46.4366],[4.8715,46.4317],[4.8679,46.4318],[4.8658,46.4294],[4.8638,46.4255],[4.8548,46.4256],[4.8502,46.4265],[4.8453,46.4294],[4.8427,46.4302],[4.8419,46.4343],[4.8344,46.4364],[4.8308,46.4335],[4.8263,46.4347],[4.8255,46.4365],[4.8222,46.4386],[4.8235,46.4454],[4.8268,46.453]]]}},{"type":"Feature","properties":{"code":"71585","nom":"Virey-le-Grand","pop":1429},"geometry":{"type":"Polygon","coordinates":[[[4.8666,46.8806],[4.8714,46.8789],[4.8769,46.8759],[4.8774,46.8728],[4.8841,46.8681],[4.8867,46.8641],[4.8891,46.8625],[4.8867,46.8617],[4.8823,46.8585],[4.8909,46.8519],[4.8869,46.8507],[4.8837,46.8485],[4.8888,46.846],[4.8937,46.8413],[4.8926,46.839],[4.8874,46.8333],[4.8856,46.8307],[4.8813,46.8324],[4.8758,46.8355],[4.8712,46.8326],[4.867,46.8287],[4.8648,46.8276],[4.8637,46.8278],[4.8601,46.832],[4.8541,46.8343],[4.8556,46.8378],[4.8477,46.8432],[4.847,46.8456],[4.842,46.8479],[4.8418,46.8495],[4.8449,46.8515],[4.847,46.8502],[4.8507,46.8509],[4.8542,46.8547],[4.8558,46.8594],[4.8582,46.8597],[4.8572,46.8621],[4.859,46.8633],[4.8573,46.8675],[4.857,46.8719],[4.8576,46.8769],[4.859,46.8778],[4.8649,46.879],[4.8666,46.8806]]]}},{"type":"Feature","properties":{"code":"71586","nom":"Viry","pop":261},"geometry":{"type":"Polygon","coordinates":[[[4.3095,46.4941],[4.3142,46.4935],[4.3196,46.4954],[4.3303,46.4957],[4.3327,46.4978],[4.335,46.4958],[4.3411,46.4958],[4.344,46.4919],[4.3491,46.4882],[4.3464,46.4862],[4.3468,46.4829],[4.349,46.4827],[4.3527,46.4807],[4.3502,46.4789],[4.3507,46.4768],[4.3551,46.4761],[4.3598,46.4711],[4.3607,46.4679],[4.3643,46.4681],[4.367,46.4672],[4.3719,46.4684],[4.3708,46.4697],[4.3745,46.472],[4.3752,46.477],[4.3741,46.4794],[4.3788,46.4811],[4.3835,46.4814],[4.39,46.4803],[4.3909,46.4796],[4.3917,46.4746],[4.3906,46.4706],[4.392,46.4667],[4.3936,46.4648],[4.3808,46.4622],[4.3782,46.4603],[4.3722,46.461],[4.369,46.4606],[4.3671,46.4588],[4.3585,46.4594],[4.3538,46.4604],[4.3454,46.4582],[4.3451,46.4609],[4.3405,46.4621],[4.341,46.4555],[4.3376,46.4555],[4.3322,46.4526],[4.3281,46.4511],[4.321,46.4508],[4.3121,46.4514],[4.305,46.4499],[4.299,46.4511],[4.3055,46.4547],[4.3038,46.4565],[4.3067,46.4585],[4.309,46.4613],[4.3085,46.4633],[4.3022,46.4654],[4.3067,46.4693],[4.3096,46.4708],[4.3123,46.4733],[4.3148,46.4745],[4.3106,46.4779],[4.3098,46.4801],[4.3042,46.4815],[4.3008,46.4832],[4.3011,46.4876],[4.3035,46.4929],[4.3095,46.4941]]]}},{"type":"Feature","properties":{"code":"71588","nom":"Vitry-en-Charollais","pop":1082},"geometry":{"type":"Polygon","coordinates":[[[4.0861,46.4695],[4.0895,46.4684],[4.0882,46.4667],[4.0913,46.465],[4.0934,46.4658],[4.0985,46.463],[4.1,46.4597],[4.1025,46.4615],[4.1046,46.4595],[4.1037,46.4571],[4.1002,46.4538],[4.0904,46.4501],[4.0882,46.4448],[4.0795,46.444],[4.0778,46.442],[4.0808,46.4377],[4.082,46.4341],[4.0771,46.4336],[4.0712,46.4312],[4.0686,46.4312],[4.0673,46.4351],[4.0677,46.4375],[4.0646,46.4423],[4.0607,46.4418],[4.0582,46.4431],[4.0489,46.4427],[4.0462,46.4446],[4.0428,46.4436],[4.0303,46.4512],[4.0284,46.4535],[4.0306,46.4551],[4.0298,46.4566],[4.0271,46.4641],[4.0269,46.4727],[4.0339,46.4716],[4.0303,46.4776],[4.0285,46.4818],[4.0256,46.4865],[4.0258,46.4885],[4.028,46.4892],[4.0318,46.4883],[4.0336,46.4896],[4.0378,46.4872],[4.0403,46.4889],[4.0451,46.4873],[4.053,46.486],[4.0528,46.483],[4.0568,46.4822],[4.0565,46.481],[4.0605,46.48],[4.0622,46.481],[4.0666,46.4813],[4.0675,46.4766],[4.0736,46.4743],[4.0743,46.4724],[4.0768,46.4713],[4.0807,46.4724],[4.0861,46.4695]]]}},{"type":"Feature","properties":{"code":"71589","nom":"Vitry-sur-Loire","pop":428},"geometry":{"type":"Polygon","coordinates":[[[3.6553,46.6877],[3.6655,46.6926],[3.6693,46.6951],[3.6745,46.6949],[3.6766,46.6961],[3.6783,46.6989],[3.6844,46.7007],[3.6876,46.6989],[3.6913,46.6984],[3.6976,46.6955],[3.7023,46.6949],[3.704,46.6932],[3.7107,46.6918],[3.7159,46.6916],[3.7198,46.6936],[3.7224,46.691],[3.7275,46.6902],[3.7326,46.6906],[3.7403,46.6929],[3.7413,46.6963],[3.7391,46.6971],[3.7391,46.7005],[3.7437,46.7031],[3.7559,46.7056],[3.7628,46.7035],[3.7666,46.7031],[3.7665,46.7009],[3.7748,46.6994],[3.7747,46.6973],[3.7676,46.6961],[3.7685,46.6937],[3.7663,46.6889],[3.7666,46.6867],[3.7617,46.6866],[3.7581,46.6856],[3.7577,46.6807],[3.7587,46.6789],[3.7604,46.6712],[3.7603,46.6692],[3.7525,46.6679],[3.7456,46.6644],[3.7447,46.6616],[3.7459,46.6602],[3.7449,46.6581],[3.7402,46.6599],[3.7378,46.6589],[3.7341,46.657],[3.7292,46.6597],[3.7246,46.6591],[3.7216,46.6576],[3.7177,46.658],[3.7122,46.6557],[3.6994,46.6549],[3.697,46.6606],[3.6943,46.6626],[3.6885,46.6655],[3.6781,46.6695],[3.6712,46.6714],[3.669,46.6735],[3.6699,46.6775],[3.6729,46.6805],[3.6729,46.6822],[3.6681,46.6844],[3.6591,46.6847],[3.6553,46.6877]]]}},{"type":"Feature","properties":{"code":"71590","nom":"Volesvres","pop":665},"geometry":{"type":"Polygon","coordinates":[[[4.175,46.5134],[4.1778,46.5114],[4.1798,46.5132],[4.187,46.512],[4.1869,46.5088],[4.1856,46.5054],[4.1823,46.5002],[4.1828,46.4972],[4.1788,46.4922],[4.1864,46.491],[4.1886,46.4891],[4.1883,46.4837],[4.1862,46.4825],[4.1891,46.4765],[4.1882,46.4757],[4.1793,46.4748],[4.1783,46.4701],[4.1813,46.47],[4.1828,46.4678],[4.187,46.4682],[4.1874,46.4662],[4.195,46.4657],[4.2004,46.4643],[4.203,46.462],[4.2029,46.4586],[4.2051,46.4559],[4.2013,46.454],[4.1975,46.4504],[4.1952,46.45],[4.1901,46.4518],[4.1885,46.4541],[4.1849,46.4493],[4.1783,46.4513],[4.1705,46.4514],[4.1698,46.45],[4.1639,46.4484],[4.1568,46.4484],[4.1562,46.4467],[4.1526,46.4423],[4.1504,46.4421],[4.1405,46.4429],[4.1423,46.4448],[4.142,46.4484],[4.1454,46.4512],[4.137,46.4507],[4.136,46.4517],[4.1367,46.4564],[4.136,46.4574],[4.1398,46.4604],[4.1378,46.4623],[4.1405,46.4653],[4.1435,46.4717],[4.1445,46.4754],[4.1497,46.4826],[4.1558,46.4927],[4.157,46.496],[4.1585,46.4999],[4.158,46.5024],[4.1621,46.5061],[4.1681,46.5083],[4.1715,46.5108],[4.1706,46.5125],[4.175,46.5134]]]}},{"type":"Feature","properties":{"code":"71591","nom":"Fleurville","pop":492},"geometry":{"type":"Polygon","coordinates":[[[4.8925,46.4426],[4.8911,46.4384],[4.8896,46.4366],[4.8885,46.4309],[4.8746,46.4312],[4.8715,46.4317],[4.8717,46.4366],[4.8684,46.4381],[4.8634,46.4423],[4.8707,46.4452],[4.8714,46.4479],[4.8743,46.4516],[4.8745,46.4543],[4.877,46.4552],[4.8849,46.4551],[4.8888,46.4546],[4.8859,46.448],[4.8942,46.4455],[4.8925,46.4426]]]}}]}