{"type":"FeatureCollection","features":[{"type":"Feature","properties":{"code":"74001","nom":"Abondance","pop":1583},"geometry":{"type":"Polygon","coordinates":[[[6.8033,46.2033],[6.8071,46.196],[6.7966,46.198],[6.7932,46.2014],[6.7871,46.2062],[6.7861,46.2108],[6.7785,46.2145],[6.7717,46.2198],[6.7712,46.2218],[6.7683,46.226],[6.7643,46.2259],[6.7588,46.2274],[6.7561,46.2298],[6.7478,46.2297],[6.7427,46.227],[6.7382,46.2272],[6.7347,46.2286],[6.7324,46.2312],[6.7302,46.2315],[6.7288,46.2341],[6.7254,46.2339],[6.7237,46.2327],[6.7171,46.2308],[6.7099,46.2331],[6.7086,46.235],[6.7053,46.2359],[6.7043,46.2373],[6.6994,46.237],[6.6962,46.2382],[6.6988,46.2428],[6.697,46.2439],[6.6971,46.2507],[6.6953,46.2538],[6.6955,46.2589],[6.6923,46.264],[6.6908,46.2684],[6.6809,46.2658],[6.6778,46.2656],[6.671,46.2672],[6.6652,46.265],[6.6615,46.2684],[6.6605,46.2708],[6.664,46.2726],[6.6688,46.2788],[6.6714,46.2814],[6.6764,46.2828],[6.6786,46.2855],[6.677,46.2876],[6.6782,46.2899],[6.6826,46.2934],[6.6747,46.2972],[6.683,46.3015],[6.6881,46.3061],[6.691,46.306],[6.698,46.3021],[6.7015,46.3021],[6.7077,46.3033],[6.7106,46.3033],[6.7134,46.3051],[6.7179,46.305],[6.7232,46.3062],[6.7251,46.3047],[6.7364,46.3014],[6.7395,46.3016],[6.7598,46.3092],[6.7658,46.3087],[6.768,46.3063],[6.7676,46.301],[6.7632,46.2947],[6.7659,46.2865],[6.766,46.2849],[6.7703,46.2766],[6.7723,46.274],[6.776,46.2719],[6.7759,46.2679],[6.7779,46.2669],[6.7779,46.2648],[6.7806,46.2625],[6.7783,46.2559],[6.7792,46.2542],[6.7856,46.2513],[6.7883,46.2475],[6.7845,46.2475],[6.784,46.2432],[6.7809,46.241],[6.7789,46.2353],[6.7776,46.235],[6.7773,46.2289],[6.7762,46.2246],[6.7777,46.2212],[6.7727,46.2223],[6.7743,46.2195],[6.7772,46.2181],[6.7795,46.2157],[6.7829,46.2147],[6.7885,46.2098],[6.7912,46.2117],[6.7949,46.2084],[6.7975,46.2051],[6.8033,46.2033]]]}},{"type":"Feature","properties":{"code":"74002","nom":"Alby-sur-Chéran","pop":2664},"geometry":{"type":"Polygon","coordinates":[[[5.9943,45.8189],[6.0003,45.8208],[6.0057,45.8234],[6.0084,45.826],[6.0147,45.8268],[6.021,45.8279],[6.0311,45.8238],[6.042,45.8268],[6.0439,45.8265],[6.0449,45.8234],[6.0399,45.8215],[6.0343,45.8174],[6.0354,45.8158],[6.0321,45.8108],[6.0302,45.8106],[6.0274,45.8134],[6.0233,45.8137],[6.024,45.8108],[6.0228,45.8089],[6.0269,45.8081],[6.0242,45.8047],[6.0182,45.8038],[6.0141,45.8045],[6.0119,45.8011],[6.0075,45.803],[6.0069,45.804],[6.0021,45.8057],[5.9978,45.8029],[5.9955,45.8038],[5.9954,45.8066],[5.9973,45.8103],[5.9974,45.8128],[5.9957,45.8145],[5.9962,45.8169],[5.9943,45.8189]]]}},{"type":"Feature","properties":{"code":"74003","nom":"Alex","pop":1139},"geometry":{"type":"Polygon","coordinates":[[[6.1961,45.8833],[6.202,45.9],[6.1973,45.9012],[6.1995,45.904],[6.2044,45.9068],[6.2101,45.9037],[6.2133,45.9001],[6.2415,45.8953],[6.242,45.896],[6.254,45.8948],[6.2587,45.8928],[6.2633,45.8938],[6.2635,45.8917],[6.2622,45.8889],[6.2628,45.8873],[6.2682,45.886],[6.2708,45.8821],[6.2696,45.8798],[6.2641,45.8739],[6.2584,45.8694],[6.2566,45.8639],[6.2567,45.8601],[6.2577,45.859],[6.2594,45.8566],[6.2617,45.8558],[6.264,45.8534],[6.2629,45.849],[6.261,45.8447],[6.2563,45.8451],[6.2545,45.8501],[6.2525,45.852],[6.249,45.8537],[6.2467,45.8565],[6.2428,45.8569],[6.2414,45.8609],[6.2415,45.8629],[6.2391,45.8662],[6.2345,45.8677],[6.2277,45.8732],[6.2237,45.8737],[6.2206,45.8751],[6.2182,45.8777],[6.2149,45.8788],[6.2155,45.8808],[6.212,45.8823],[6.2025,45.8815],[6.1961,45.8833]]]}},{"type":"Feature","properties":{"code":"74004","nom":"Allèves","pop":397},"geometry":{"type":"Polygon","coordinates":[[[6.097,45.7339],[6.0966,45.741],[6.0956,45.7429],[6.0932,45.7458],[6.0907,45.7465],[6.0834,45.7471],[6.0779,45.7484],[6.0681,45.7516],[6.0657,45.7529],[6.066,45.7568],[6.0622,45.7593],[6.0601,45.7623],[6.0634,45.7645],[6.0633,45.7681],[6.0713,45.7697],[6.0768,45.772],[6.0841,45.7738],[6.0908,45.7738],[6.0958,45.7755],[6.1023,45.7731],[6.1035,45.7693],[6.1036,45.7652],[6.1026,45.7642],[6.1006,45.7532],[6.1038,45.7464],[6.1024,45.7383],[6.1023,45.7356],[6.1003,45.7327],[6.097,45.7339]]]}},{"type":"Feature","properties":{"code":"74005","nom":"Allinges","pop":5019},"geometry":{"type":"Polygon","coordinates":[[[6.4255,46.3164],[6.4316,46.3227],[6.4318,46.3257],[6.434,46.3282],[6.4343,46.3301],[6.438,46.3343],[6.4371,46.3373],[6.4408,46.3381],[6.4432,46.3401],[6.4445,46.3428],[6.4429,46.3453],[6.4476,46.3441],[6.4508,46.3456],[6.4534,46.3441],[6.4562,46.3454],[6.4561,46.3479],[6.4624,46.349],[6.4652,46.3471],[6.47,46.3496],[6.4711,46.3521],[6.4775,46.3525],[6.4819,46.3556],[6.4874,46.3578],[6.492,46.354],[6.4931,46.3526],[6.4919,46.3506],[6.4938,46.3485],[6.4971,46.348],[6.4945,46.3436],[6.4963,46.3411],[6.4959,46.3368],[6.4926,46.3351],[6.4926,46.3334],[6.4908,46.3288],[6.4856,46.3266],[6.4882,46.3238],[6.4799,46.321],[6.475,46.3205],[6.474,46.3175],[6.4694,46.3149],[6.4682,46.3146],[6.4604,46.3168],[6.4532,46.3215],[6.447,46.3191],[6.4421,46.3155],[6.4311,46.3155],[6.4255,46.3164]]]}},{"type":"Feature","properties":{"code":"74006","nom":"Allonzier-la-Caille","pop":2253},"geometry":{"type":"Polygon","coordinates":[[[6.1248,45.9935],[6.1263,45.9886],[6.1283,45.9852],[6.1282,45.9834],[6.124,45.9845],[6.1223,45.9839],[6.1161,45.9811],[6.1128,45.982],[6.1067,45.9813],[6.1048,45.9819],[6.1042,45.9855],[6.1023,45.9853],[6.1004,45.9878],[6.0987,45.9879],[6.0963,45.9895],[6.0977,45.9925],[6.0965,45.9977],[6.0975,46.0035],[6.0953,46.0061],[6.092,46.0045],[6.0881,46.0049],[6.0848,46.0037],[6.0843,45.9998],[6.0858,45.9977],[6.0825,45.9935],[6.0785,45.9946],[6.0765,45.9962],[6.0732,46.0022],[6.0771,46.0043],[6.0769,46.0076],[6.0773,46.0092],[6.0816,46.0124],[6.0812,46.0148],[6.0832,46.018],[6.09,46.0144],[6.107,46.0136],[6.1156,46.0102],[6.1224,46.0106],[6.1287,46.0101],[6.1284,46.0074],[6.1244,46.0051],[6.1255,46.0027],[6.1243,45.999],[6.1248,45.9935]]]}},{"type":"Feature","properties":{"code":"74007","nom":"Amancy","pop":2792},"geometry":{"type":"Polygon","coordinates":[[[6.3023,46.0828],[6.3033,46.0842],[6.3075,46.0851],[6.3117,46.0833],[6.3167,46.0836],[6.3129,46.0868],[6.32,46.0903],[6.3211,46.0893],[6.3249,46.0916],[6.3273,46.0883],[6.3318,46.0895],[6.3333,46.0876],[6.3417,46.0843],[6.3444,46.0844],[6.3429,46.0817],[6.3473,46.0782],[6.3489,46.0726],[6.3468,46.0688],[6.3494,46.0682],[6.351,46.0658],[6.3508,46.0627],[6.3472,46.0617],[6.3458,46.0585],[6.3461,46.056],[6.343,46.0528],[6.3369,46.0539],[6.3285,46.0559],[6.3265,46.0586],[6.3221,46.0583],[6.3258,46.0619],[6.3226,46.0661],[6.3157,46.0714],[6.3111,46.0757],[6.3041,46.0799],[6.3023,46.0828]]]}},{"type":"Feature","properties":{"code":"74008","nom":"Ambilly","pop":6355},"geometry":{"type":"Polygon","coordinates":[[[6.2301,46.2035],[6.2338,46.1991],[6.2338,46.1981],[6.2285,46.1938],[6.2244,46.1928],[6.2255,46.1901],[6.2222,46.19],[6.2168,46.188],[6.2158,46.1887],[6.2196,46.1917],[6.2139,46.1939],[6.216,46.195],[6.2173,46.1979],[6.221,46.1989],[6.2219,46.2006],[6.2278,46.2033],[6.2301,46.2035]]]}},{"type":"Feature","properties":{"code":"74009","nom":"Andilly","pop":1013},"geometry":{"type":"Polygon","coordinates":[[[6.0941,46.0746],[6.0854,46.0759],[6.0805,46.0724],[6.0786,46.0697],[6.0818,46.0684],[6.0795,46.0653],[6.0828,46.0635],[6.0837,46.0615],[6.0775,46.0562],[6.0719,46.0571],[6.0699,46.0554],[6.0641,46.0542],[6.0593,46.051],[6.0511,46.0507],[6.0553,46.0542],[6.0543,46.0567],[6.0597,46.0629],[6.0618,46.0634],[6.0649,46.0661],[6.0635,46.0692],[6.0659,46.0728],[6.0643,46.0759],[6.0652,46.0794],[6.0538,46.0808],[6.0519,46.082],[6.0516,46.0841],[6.0582,46.0857],[6.0612,46.0856],[6.0663,46.0871],[6.072,46.0875],[6.076,46.085],[6.0763,46.0815],[6.0791,46.0808],[6.0816,46.0828],[6.0868,46.0806],[6.0891,46.0786],[6.0934,46.0787],[6.0928,46.0752],[6.0941,46.0746]]]}},{"type":"Feature","properties":{"code":"74010","nom":"Annecy","pop":132117},"geometry":{"type":"Polygon","coordinates":[[[6.1754,45.9362],[6.1768,45.9297],[6.1795,45.9284],[6.1806,45.9255],[6.183,45.9245],[6.1893,45.9244],[6.1933,45.9206],[6.1993,45.9187],[6.1999,45.9087],[6.2018,45.9088],[6.2044,45.9068],[6.1995,45.904],[6.1973,45.9012],[6.1829,45.9066],[6.176,45.9048],[6.1685,45.9011],[6.1614,45.9],[6.1489,45.8972],[6.1559,45.8828],[6.1423,45.8833],[6.1389,45.8821],[6.1363,45.8797],[6.1266,45.8751],[6.1233,45.8704],[6.1241,45.867],[6.1227,45.8634],[6.1228,45.8597],[6.1213,45.858],[6.1171,45.857],[6.1151,45.855],[6.1144,45.8524],[6.1112,45.8504],[6.1069,45.8494],[6.1077,45.8439],[6.1048,45.8408],[6.1043,45.838],[6.1027,45.8377],[6.0989,45.8422],[6.0949,45.8437],[6.0964,45.8478],[6.0936,45.8501],[6.0895,45.8509],[6.0894,45.8533],[6.0851,45.8555],[6.0825,45.8547],[6.0746,45.851],[6.0724,45.8487],[6.0728,45.8466],[6.0714,45.8452],[6.0708,45.8416],[6.0735,45.8389],[6.0717,45.8343],[6.0727,45.8304],[6.0678,45.8296],[6.0645,45.828],[6.0557,45.8307],[6.0502,45.8309],[6.0484,45.8317],[6.0542,45.8342],[6.058,45.838],[6.052,45.8436],[6.0523,45.8466],[6.0534,45.8487],[6.0564,45.8479],[6.0577,45.85],[6.0628,45.8526],[6.064,45.8542],[6.0637,45.8578],[6.0601,45.8592],[6.0618,45.861],[6.0618,45.864],[6.0593,45.8673],[6.06,45.869],[6.0627,45.8686],[6.0642,45.8701],[6.0689,45.871],[6.0689,45.8774],[6.0658,45.8797],[6.0643,45.8827],[6.0666,45.8846],[6.0735,45.8874],[6.0767,45.89],[6.0808,45.8911],[6.0805,45.8934],[6.0834,45.8952],[6.0845,45.8995],[6.0832,45.9018],[6.0866,45.9028],[6.0877,45.9048],[6.0852,45.9081],[6.0871,45.9093],[6.0858,45.9113],[6.085,45.9152],[6.0831,45.9159],[6.0846,45.92],[6.0862,45.9211],[6.0901,45.925],[6.089,45.9257],[6.0958,45.9301],[6.114,45.9215],[6.116,45.9244],[6.1183,45.9259],[6.1238,45.9352],[6.1198,45.9397],[6.1165,45.9405],[6.1124,45.9426],[6.1121,45.946],[6.1087,45.9469],[6.1037,45.9517],[6.0998,45.9537],[6.1,45.9559],[6.0964,45.9593],[6.0893,45.9592],[6.0867,45.9603],[6.0789,45.9611],[6.0779,45.9649],[6.0749,45.9645],[6.0774,45.9697],[6.0799,45.9708],[6.0806,45.9735],[6.0882,45.9767],[6.094,45.973],[6.0996,45.9736],[6.104,45.9709],[6.1035,45.9686],[6.1046,45.9668],[6.1055,45.9655],[6.1099,45.9638],[6.1132,45.9644],[6.1237,45.9599],[6.1261,45.9613],[6.1304,45.9582],[6.1396,45.9571],[6.1377,45.9527],[6.1329,45.9507],[6.1323,45.9486],[6.1295,45.9462],[6.128,45.9426],[6.1308,45.9391],[6.1309,45.9364],[6.1335,45.9348],[6.1364,45.9358],[6.1429,45.9346],[6.1457,45.9371],[6.1495,45.9372],[6.1516,45.9403],[6.1557,45.9391],[6.1636,45.9413],[6.1649,45.9379],[6.1706,45.9381],[6.1754,45.9362]]]}},{"type":"Feature","properties":{"code":"74012","nom":"Annemasse","pop":37628},"geometry":{"type":"Polygon","coordinates":[[[6.2338,46.1981],[6.2355,46.2006],[6.2407,46.2018],[6.2395,46.1984],[6.2425,46.1969],[6.244,46.1986],[6.2471,46.1979],[6.2513,46.1993],[6.2648,46.1991],[6.273,46.1983],[6.2765,46.199],[6.2785,46.1969],[6.2776,46.1961],[6.2724,46.1974],[6.2697,46.1943],[6.2638,46.1936],[6.2547,46.1913],[6.251,46.1913],[6.2515,46.1857],[6.2481,46.1848],[6.2464,46.1826],[6.2435,46.1812],[6.2404,46.1777],[6.2377,46.1761],[6.2363,46.1769],[6.2319,46.1827],[6.227,46.1846],[6.2236,46.1844],[6.224,46.1856],[6.2194,46.1877],[6.2168,46.188],[6.2222,46.19],[6.2255,46.1901],[6.2244,46.1928],[6.2285,46.1938],[6.2338,46.1981]]]}},{"type":"Feature","properties":{"code":"74013","nom":"Anthy-sur-Léman","pop":2495},"geometry":{"type":"Polygon","coordinates":[[[6.4431,46.364],[6.4459,46.3617],[6.4451,46.3605],[6.4457,46.3565],[6.4467,46.355],[6.4394,46.3524],[6.4508,46.3456],[6.4476,46.3441],[6.4429,46.3453],[6.4409,46.3451],[6.4368,46.3471],[6.4302,46.3458],[6.4288,46.3487],[6.4145,46.3436],[6.4104,46.346],[6.4059,46.3507],[6.4044,46.3513],[6.414,46.36],[6.4176,46.3595],[6.4245,46.3602],[6.4281,46.3597],[6.4315,46.3602],[6.4412,46.363],[6.4431,46.364]]]}},{"type":"Feature","properties":{"code":"74014","nom":"Arâches-la-Frasse","pop":1764},"geometry":{"type":"Polygon","coordinates":[[[6.7329,45.9979],[6.7325,45.9971],[6.7225,45.9844],[6.7115,45.9953],[6.6996,46.0019],[6.6966,46.0048],[6.6931,46.0042],[6.6905,46.006],[6.6833,46.0064],[6.6658,46.0018],[6.6635,46.0025],[6.6632,46.0045],[6.6548,46.0072],[6.6488,46.008],[6.6453,46.0112],[6.6426,46.0107],[6.6393,46.0115],[6.6334,46.0142],[6.6284,46.0152],[6.6276,46.0166],[6.6275,46.0227],[6.6243,46.0235],[6.6184,46.0418],[6.6133,46.0455],[6.6078,46.0443],[6.607,46.0517],[6.6004,46.0577],[6.5974,46.0566],[6.5964,46.0588],[6.6203,46.064],[6.6193,46.0657],[6.6223,46.0669],[6.6256,46.0666],[6.6289,46.0642],[6.6348,46.0648],[6.6444,46.072],[6.6461,46.0708],[6.6512,46.0677],[6.6534,46.063],[6.6567,46.0612],[6.6602,46.0565],[6.6636,46.0541],[6.6641,46.0482],[6.6631,46.0462],[6.6644,46.0418],[6.6711,46.0392],[6.677,46.0343],[6.6817,46.0342],[6.6838,46.035],[6.687,46.0337],[6.6936,46.0326],[6.6947,46.0311],[6.7014,46.0315],[6.7036,46.0296],[6.7129,46.0241],[6.7123,46.02],[6.7131,46.0171],[6.7106,46.013],[6.7168,46.0071],[6.7214,46.0057],[6.7309,46.0016],[6.7329,45.9979]]]}},{"type":"Feature","properties":{"code":"74015","nom":"Arbusigny","pop":1167},"geometry":{"type":"Polygon","coordinates":[[[6.1939,46.1003],[6.1952,46.0987],[6.2008,46.0959],[6.2044,46.0986],[6.2073,46.0996],[6.2108,46.1028],[6.2148,46.1039],[6.2158,46.1054],[6.2169,46.1119],[6.2189,46.1112],[6.228,46.11],[6.2279,46.1081],[6.2261,46.1056],[6.2312,46.1026],[6.2287,46.0967],[6.2281,46.0933],[6.2298,46.0929],[6.2278,46.085],[6.2295,46.0835],[6.2283,46.0792],[6.2209,46.0742],[6.218,46.0703],[6.2157,46.0695],[6.2122,46.0666],[6.2081,46.0657],[6.2045,46.0692],[6.1998,46.0666],[6.1945,46.0706],[6.193,46.0727],[6.1853,46.0751],[6.1732,46.0775],[6.1712,46.0767],[6.1719,46.078],[6.1758,46.0794],[6.1789,46.0819],[6.1823,46.0835],[6.1862,46.0889],[6.1849,46.0907],[6.1887,46.094],[6.1904,46.0969],[6.1939,46.1003]]]}},{"type":"Feature","properties":{"code":"74016","nom":"Archamps","pop":2375},"geometry":{"type":"Polygon","coordinates":[[[6.1627,46.1121],[6.1604,46.1108],[6.1558,46.1053],[6.1551,46.1014],[6.1524,46.1014],[6.149,46.0999],[6.1466,46.1019],[6.1357,46.1087],[6.1351,46.111],[6.1318,46.116],[6.1294,46.1181],[6.125,46.1179],[6.1231,46.1195],[6.1197,46.1176],[6.1154,46.1201],[6.1154,46.1234],[6.114,46.1249],[6.1154,46.1269],[6.1158,46.1303],[6.1128,46.1319],[6.1135,46.1342],[6.1118,46.1351],[6.1163,46.1411],[6.1266,46.1405],[6.1305,46.1404],[6.1364,46.1416],[6.1353,46.1403],[6.1444,46.1352],[6.1457,46.1324],[6.1475,46.1318],[6.1526,46.1272],[6.1555,46.1264],[6.1637,46.1225],[6.1716,46.1195],[6.169,46.1187],[6.1692,46.1163],[6.1657,46.1135],[6.1627,46.1121]]]}},{"type":"Feature","properties":{"code":"74018","nom":"Arenthon","pop":2097},"geometry":{"type":"Polygon","coordinates":[[[6.3472,46.1115],[6.3598,46.0994],[6.3735,46.0889],[6.3716,46.0867],[6.3672,46.0821],[6.3703,46.0805],[6.3678,46.0785],[6.364,46.0779],[6.3609,46.0797],[6.3565,46.0843],[6.3533,46.0857],[6.3515,46.0834],[6.3465,46.0836],[6.3444,46.0844],[6.3417,46.0843],[6.3333,46.0876],[6.3318,46.0895],[6.3273,46.0883],[6.3249,46.0916],[6.3208,46.0924],[6.3188,46.0941],[6.3163,46.0942],[6.3131,46.0964],[6.3107,46.0961],[6.3078,46.1006],[6.303,46.1048],[6.3049,46.1094],[6.3093,46.1111],[6.3162,46.1129],[6.3196,46.1143],[6.323,46.1113],[6.327,46.1101],[6.3286,46.1114],[6.336,46.1103],[6.341,46.1116],[6.3448,46.1136],[6.3472,46.1115]]]}},{"type":"Feature","properties":{"code":"74019","nom":"Argonay","pop":3807},"geometry":{"type":"Polygon","coordinates":[[[6.1377,45.9527],[6.1396,45.9524],[6.1454,45.9537],[6.1477,45.9563],[6.1552,45.9584],[6.1599,45.9607],[6.1616,45.9595],[6.1678,45.9582],[6.1648,45.9535],[6.1669,45.9495],[6.1634,45.9491],[6.1613,45.943],[6.1557,45.9391],[6.1516,45.9403],[6.1495,45.9372],[6.1457,45.9371],[6.1429,45.9346],[6.1364,45.9358],[6.1335,45.9348],[6.1309,45.9364],[6.1308,45.9391],[6.128,45.9426],[6.1295,45.9462],[6.1323,45.9486],[6.1329,45.9507],[6.1377,45.9527]]]}},{"type":"Feature","properties":{"code":"74020","nom":"Armoy","pop":1564},"geometry":{"type":"Polygon","coordinates":[[[6.5367,46.3454],[6.5338,46.3464],[6.5293,46.344],[6.5258,46.3463],[6.5237,46.3458],[6.5189,46.3468],[6.5159,46.3467],[6.5145,46.3441],[6.5021,46.3451],[6.4963,46.3411],[6.4945,46.3436],[6.4971,46.348],[6.4938,46.3485],[6.4919,46.3506],[6.4931,46.3526],[6.492,46.354],[6.494,46.3569],[6.4977,46.36],[6.5003,46.3601],[6.5089,46.3627],[6.5094,46.3649],[6.5157,46.3639],[6.5183,46.3618],[6.5216,46.3585],[6.5252,46.3566],[6.5276,46.3529],[6.5338,46.3498],[6.5348,46.3471],[6.5367,46.3454]]]}},{"type":"Feature","properties":{"code":"74021","nom":"Arthaz-Pont-Notre-Dame","pop":1713},"geometry":{"type":"Polygon","coordinates":[[[6.2446,46.1688],[6.246,46.1708],[6.2472,46.1698],[6.2513,46.1704],[6.2532,46.1681],[6.257,46.1676],[6.2605,46.1663],[6.2659,46.1677],[6.2713,46.1661],[6.2724,46.1691],[6.2747,46.1701],[6.2785,46.1725],[6.2828,46.1701],[6.2858,46.1706],[6.2857,46.1676],[6.2896,46.1654],[6.2885,46.1636],[6.2902,46.1589],[6.2892,46.1549],[6.2901,46.1523],[6.2892,46.1502],[6.2787,46.1528],[6.273,46.1518],[6.2679,46.1487],[6.262,46.1507],[6.2594,46.1533],[6.257,46.1542],[6.2552,46.1576],[6.2508,46.1592],[6.2451,46.1635],[6.242,46.1638],[6.2446,46.1688]]]}},{"type":"Feature","properties":{"code":"74024","nom":"Ayse","pop":2376},"geometry":{"type":"Polygon","coordinates":[[[6.4272,46.0983],[6.4306,46.0983],[6.4318,46.0972],[6.4381,46.0963],[6.4393,46.0951],[6.4449,46.0992],[6.4488,46.1042],[6.4523,46.1065],[6.4546,46.1067],[6.4579,46.1053],[6.459,46.1034],[6.467,46.0994],[6.4691,46.0973],[6.4688,46.0882],[6.4658,46.084],[6.4675,46.0788],[6.467,46.0721],[6.4607,46.0727],[6.4304,46.0758],[6.4222,46.0754],[6.4177,46.0802],[6.4126,46.0826],[6.4166,46.0868],[6.4228,46.0879],[6.4257,46.0924],[6.4255,46.0942],[6.4272,46.0983]]]}},{"type":"Feature","properties":{"code":"74025","nom":"Ballaison","pop":1472},"geometry":{"type":"Polygon","coordinates":[[[6.3847,46.2988],[6.3795,46.2954],[6.3717,46.2921],[6.3696,46.2926],[6.3629,46.29],[6.3618,46.2858],[6.3586,46.2829],[6.3523,46.2807],[6.3483,46.2807],[6.3433,46.2772],[6.3403,46.2765],[6.3348,46.2791],[6.3312,46.2728],[6.3266,46.2689],[6.3246,46.2692],[6.3249,46.2721],[6.3238,46.2764],[6.3178,46.2779],[6.3183,46.2812],[6.3169,46.2913],[6.3181,46.2935],[6.3168,46.2964],[6.3178,46.2987],[6.3222,46.3025],[6.3246,46.3057],[6.3285,46.3066],[6.3317,46.3074],[6.3369,46.3073],[6.3404,46.3088],[6.3453,46.3067],[6.35,46.3076],[6.3527,46.3112],[6.3544,46.3121],[6.359,46.3099],[6.3638,46.3124],[6.3637,46.31],[6.362,46.3075],[6.3705,46.3047],[6.3776,46.3034],[6.3847,46.2988]]]}},{"type":"Feature","properties":{"code":"74026","nom":"La Balme-de-Sillingy","pop":5336},"geometry":{"type":"Polygon","coordinates":[[[6.0834,45.9805],[6.0903,45.9779],[6.0882,45.9767],[6.0806,45.9735],[6.0799,45.9708],[6.0774,45.9697],[6.0749,45.9645],[6.0711,45.9614],[6.0694,45.961],[6.0662,45.9553],[6.0662,45.9515],[6.067,45.9499],[6.0659,45.9432],[6.0624,45.9451],[6.062,45.9476],[6.0597,45.9502],[6.0556,45.9494],[6.0513,45.9529],[6.0463,45.9559],[6.0459,45.9575],[6.0422,45.957],[6.0109,45.962],[6.0023,45.9657],[6.0003,45.9671],[5.9942,45.9735],[6.0008,45.9731],[6.0042,45.9747],[6.0063,45.9738],[6.0096,45.9771],[6.0145,45.9786],[6.0283,45.9852],[6.0328,45.987],[6.0367,45.9832],[6.0383,45.9844],[6.043,45.9859],[6.0489,45.9841],[6.0519,45.982],[6.0569,45.9831],[6.0622,45.9814],[6.0687,45.9819],[6.0728,45.9804],[6.0794,45.9808],[6.0834,45.9805]]]}},{"type":"Feature","properties":{"code":"74027","nom":"La Balme-de-Thuy","pop":460},"geometry":{"type":"Polygon","coordinates":[[[6.242,45.896],[6.2455,45.9024],[6.2481,45.9041],[6.2502,45.9069],[6.2523,45.9129],[6.2572,45.9121],[6.2593,45.9106],[6.2642,45.9092],[6.2674,45.9145],[6.2711,45.9152],[6.2739,45.9183],[6.2788,45.9211],[6.2818,45.9221],[6.2868,45.9217],[6.2905,45.9235],[6.2939,45.9262],[6.295,45.9283],[6.3148,45.9482],[6.3285,45.9453],[6.3369,45.941],[6.3338,45.937],[6.33,45.935],[6.3262,45.931],[6.3202,45.9279],[6.3158,45.9237],[6.314,45.9229],[6.3117,45.9198],[6.3036,45.9211],[6.3011,45.9169],[6.2979,45.9152],[6.2942,45.9114],[6.2941,45.9096],[6.2913,45.9053],[6.2886,45.9029],[6.2898,45.9017],[6.2867,45.8979],[6.2787,45.8791],[6.2737,45.8743],[6.2713,45.8738],[6.2669,45.869],[6.2654,45.8666],[6.2579,45.8608],[6.2577,45.859],[6.2567,45.8601],[6.2566,45.8639],[6.2584,45.8694],[6.2641,45.8739],[6.2696,45.8798],[6.2708,45.8821],[6.2682,45.886],[6.2628,45.8873],[6.2622,45.8889],[6.2635,45.8917],[6.2633,45.8938],[6.2587,45.8928],[6.254,45.8948],[6.242,45.896]]]}},{"type":"Feature","properties":{"code":"74029","nom":"Bassy","pop":423},"geometry":{"type":"Polygon","coordinates":[[[5.8096,45.9933],[5.8103,45.9982],[5.8092,46.0061],[5.81,46.0083],[5.8137,46.007],[5.8168,46.0075],[5.823,46.0059],[5.8294,46.0055],[5.8298,46.0024],[5.8317,46.0017],[5.8422,46],[5.8446,45.9969],[5.8453,45.9946],[5.8509,45.9906],[5.8498,45.9888],[5.8467,45.9878],[5.8466,45.9834],[5.8424,45.9816],[5.841,45.9788],[5.8369,45.976],[5.836,45.9739],[5.8329,45.9723],[5.8315,45.9754],[5.8263,45.9792],[5.8219,45.9817],[5.8164,45.9837],[5.8117,45.987],[5.8094,45.9895],[5.8096,45.9933]]]}},{"type":"Feature","properties":{"code":"74030","nom":"La Baume","pop":320},"geometry":{"type":"Polygon","coordinates":[[[6.6448,46.3133],[6.6449,46.3109],[6.6474,46.3038],[6.6444,46.3],[6.6405,46.2958],[6.6372,46.2931],[6.6302,46.2905],[6.6198,46.2841],[6.6167,46.284],[6.617,46.2777],[6.6191,46.2743],[6.6191,46.2716],[6.6214,46.2673],[6.6202,46.2645],[6.6169,46.2641],[6.6061,46.2604],[6.6001,46.2593],[6.5937,46.2596],[6.5912,46.2579],[6.5824,46.2534],[6.5775,46.2523],[6.5736,46.2563],[6.5764,46.2593],[6.5765,46.263],[6.5779,46.2663],[6.5757,46.2674],[6.5764,46.2701],[6.5786,46.2708],[6.5801,46.2731],[6.5823,46.2754],[6.5812,46.2774],[6.5821,46.2819],[6.5805,46.284],[6.5814,46.2866],[6.5839,46.288],[6.5863,46.2883],[6.5914,46.2908],[6.5947,46.2934],[6.6012,46.2967],[6.6045,46.297],[6.6124,46.299],[6.6169,46.2985],[6.6169,46.3006],[6.6205,46.3034],[6.6255,46.3111],[6.6258,46.3132],[6.6355,46.3159],[6.6448,46.3133]]]}},{"type":"Feature","properties":{"code":"74031","nom":"Beaumont","pop":3097},"geometry":{"type":"Polygon","coordinates":[[[6.0913,46.0962],[6.0938,46.0986],[6.0939,46.1016],[6.099,46.1016],[6.1017,46.1048],[6.1038,46.1057],[6.1018,46.1086],[6.1025,46.1109],[6.106,46.1099],[6.1083,46.1078],[6.1142,46.1127],[6.1152,46.1144],[6.1205,46.1157],[6.1284,46.1103],[6.1357,46.1087],[6.1466,46.1019],[6.149,46.0999],[6.146,46.0957],[6.1403,46.0917],[6.137,46.0885],[6.133,46.0885],[6.1306,46.083],[6.1265,46.0799],[6.1159,46.0837],[6.1016,46.0881],[6.1004,46.0908],[6.1023,46.0933],[6.0935,46.0949],[6.0913,46.0962]]]}},{"type":"Feature","properties":{"code":"74032","nom":"Bellevaux","pop":1450},"geometry":{"type":"Polygon","coordinates":[[[6.6031,46.1886],[6.5974,46.1826],[6.5995,46.1785],[6.5948,46.1726],[6.5938,46.1721],[6.5863,46.173],[6.5798,46.1712],[6.5807,46.1687],[6.5801,46.1667],[6.5776,46.1648],[6.5736,46.1635],[6.57,46.1662],[6.5729,46.1671],[6.5735,46.1714],[6.5692,46.1761],[6.5588,46.1776],[6.5521,46.1766],[6.5491,46.1774],[6.5487,46.1789],[6.5524,46.1817],[6.5566,46.1832],[6.5631,46.1865],[6.5585,46.1996],[6.5587,46.2057],[6.5547,46.2117],[6.5512,46.2147],[6.5429,46.217],[6.5356,46.2142],[6.5294,46.2135],[6.5276,46.214],[6.5246,46.2174],[6.5225,46.218],[6.5216,46.2236],[6.5199,46.2253],[6.5224,46.2305],[6.5204,46.2318],[6.5186,46.2362],[6.5161,46.2367],[6.5095,46.2365],[6.5046,46.2347],[6.501,46.2353],[6.4989,46.2326],[6.4954,46.231],[6.4938,46.228],[6.4891,46.2283],[6.4893,46.2319],[6.4919,46.236],[6.4951,46.2388],[6.4968,46.2442],[6.4893,46.2534],[6.4943,46.2583],[6.4971,46.257],[6.5014,46.2581],[6.5073,46.2582],[6.5078,46.261],[6.5122,46.2671],[6.5183,46.2653],[6.5228,46.2688],[6.5288,46.2721],[6.5313,46.2728],[6.5377,46.2782],[6.5403,46.278],[6.5472,46.2741],[6.55,46.2692],[6.5543,46.2682],[6.5597,46.2623],[6.566,46.2666],[6.574,46.27],[6.5753,46.2727],[6.5801,46.2731],[6.5786,46.2708],[6.5764,46.2701],[6.5757,46.2674],[6.5779,46.2663],[6.5765,46.263],[6.5764,46.2593],[6.5736,46.2563],[6.5775,46.2523],[6.5735,46.243],[6.5763,46.2363],[6.5751,46.2315],[6.5728,46.2276],[6.5722,46.2249],[6.5767,46.2205],[6.5815,46.2199],[6.5846,46.2182],[6.5898,46.2177],[6.5936,46.2147],[6.5992,46.2126],[6.5985,46.2096],[6.6021,46.206],[6.6078,46.204],[6.6045,46.1979],[6.6031,46.1886]]]}},{"type":"Feature","properties":{"code":"74033","nom":"Bernex","pop":1472},"geometry":{"type":"Polygon","coordinates":[[[6.6706,46.375],[6.675,46.377],[6.6826,46.3769],[6.6866,46.3744],[6.696,46.3735],[6.6985,46.3741],[6.7016,46.3727],[6.7078,46.3686],[6.7128,46.3695],[6.7149,46.3711],[6.7213,46.3736],[6.7258,46.3743],[6.7396,46.3717],[6.7421,46.3702],[6.7452,46.3607],[6.7396,46.36],[6.7312,46.353],[6.7357,46.3523],[6.7396,46.3496],[6.7484,46.3497],[6.7504,46.3478],[6.7441,46.3469],[6.741,46.3438],[6.7373,46.3421],[6.7344,46.3422],[6.7279,46.3439],[6.7235,46.342],[6.7202,46.3383],[6.7156,46.3385],[6.7138,46.3375],[6.7094,46.3378],[6.7031,46.3361],[6.7003,46.3393],[6.6978,46.34],[6.6945,46.3433],[6.6924,46.3429],[6.6849,46.3449],[6.6802,46.3432],[6.6772,46.3455],[6.67,46.3444],[6.6655,46.3443],[6.6579,46.3449],[6.6531,46.3474],[6.648,46.3465],[6.6405,46.3492],[6.6384,46.348],[6.6326,46.3504],[6.6338,46.3518],[6.6415,46.3533],[6.6483,46.3558],[6.6543,46.3565],[6.6624,46.3586],[6.6665,46.358],[6.6697,46.3633],[6.6688,46.3688],[6.6723,46.373],[6.6706,46.375]]]}},{"type":"Feature","properties":{"code":"74034","nom":"Le Biot","pop":633},"geometry":{"type":"Polygon","coordinates":[[[6.6444,46.3],[6.6522,46.2968],[6.6504,46.2955],[6.6528,46.2902],[6.6533,46.2862],[6.6517,46.2809],[6.6545,46.2779],[6.6588,46.2771],[6.6591,46.2748],[6.664,46.2726],[6.6605,46.2708],[6.6615,46.2684],[6.6652,46.265],[6.6623,46.2626],[6.6592,46.2557],[6.6539,46.253],[6.6492,46.2524],[6.6466,46.2513],[6.6427,46.251],[6.6339,46.2486],[6.6319,46.2498],[6.6282,46.2553],[6.6256,46.2558],[6.6252,46.2576],[6.6221,46.2601],[6.6223,46.263],[6.6202,46.2645],[6.6214,46.2673],[6.6191,46.2716],[6.6191,46.2743],[6.617,46.2777],[6.6167,46.284],[6.6198,46.2841],[6.6302,46.2905],[6.6372,46.2931],[6.6405,46.2958],[6.6444,46.3]]]}},{"type":"Feature","properties":{"code":"74035","nom":"Bloye","pop":571},"geometry":{"type":"Polygon","coordinates":[[[5.9627,45.8129],[5.9592,45.8129],[5.9516,45.8099],[5.9401,45.811],[5.9407,45.8136],[5.934,45.8146],[5.9353,45.8156],[5.9338,45.822],[5.936,45.8276],[5.9399,45.8325],[5.9466,45.8311],[5.9576,45.8269],[5.963,45.8243],[5.9653,45.8252],[5.9659,45.8211],[5.9649,45.8161],[5.9627,45.8129]]]}},{"type":"Feature","properties":{"code":"74036","nom":"Bluffy","pop":395},"geometry":{"type":"Polygon","coordinates":[[[6.2414,45.8609],[6.2371,45.8607],[6.2276,45.8589],[6.2249,45.8588],[6.2201,45.8568],[6.2105,45.8567],[6.2068,45.8606],[6.2073,45.8637],[6.2122,45.8721],[6.2123,45.8733],[6.2182,45.8777],[6.2206,45.8751],[6.2237,45.8737],[6.2277,45.8732],[6.2345,45.8677],[6.2391,45.8662],[6.2415,45.8629],[6.2414,45.8609]]]}},{"type":"Feature","properties":{"code":"74037","nom":"Boëge","pop":1983},"geometry":{"type":"Polygon","coordinates":[[[6.4098,46.2344],[6.4055,46.2275],[6.4061,46.2248],[6.4068,46.2146],[6.4098,46.2093],[6.413,46.2101],[6.4148,46.2126],[6.422,46.213],[6.4223,46.2054],[6.4218,46.2045],[6.4223,46.1983],[6.4181,46.1961],[6.4144,46.1985],[6.4144,46.2011],[6.4051,46.2056],[6.4009,46.2004],[6.395,46.1956],[6.3925,46.196],[6.3965,46.2017],[6.3977,46.2043],[6.3858,46.2016],[6.3817,46.2026],[6.3767,46.2026],[6.3737,46.2042],[6.3701,46.2043],[6.3636,46.2094],[6.3607,46.2092],[6.3546,46.2136],[6.353,46.2165],[6.3523,46.2213],[6.3549,46.2297],[6.3574,46.235],[6.3626,46.2372],[6.3722,46.2379],[6.3788,46.2405],[6.3823,46.2386],[6.39,46.2356],[6.3926,46.2337],[6.4026,46.2336],[6.4098,46.2344]]]}},{"type":"Feature","properties":{"code":"74038","nom":"Bogève","pop":1200},"geometry":{"type":"Polygon","coordinates":[[[6.4543,46.1838],[6.4509,46.1823],[6.4505,46.1804],[6.4468,46.1822],[6.4427,46.1826],[6.4394,46.1819],[6.4376,46.183],[6.4309,46.1838],[6.4265,46.1826],[6.4222,46.1847],[6.4239,46.1861],[6.4191,46.1918],[6.4156,46.1926],[6.4181,46.1961],[6.4223,46.1983],[6.4218,46.2045],[6.4223,46.2054],[6.4264,46.2048],[6.4295,46.2058],[6.4324,46.2089],[6.4365,46.2088],[6.4393,46.2062],[6.4433,46.2045],[6.4489,46.2031],[6.4507,46.2011],[6.453,46.2014],[6.4639,46.1994],[6.4578,46.1928],[6.4552,46.1877],[6.4543,46.1838]]]}},{"type":"Feature","properties":{"code":"74040","nom":"Bonne","pop":3267},"geometry":{"type":"Polygon","coordinates":[[[6.3166,46.161],[6.3107,46.1625],[6.3004,46.1583],[6.2927,46.1599],[6.2902,46.1589],[6.2885,46.1636],[6.2896,46.1654],[6.2857,46.1676],[6.2858,46.1706],[6.2878,46.172],[6.2909,46.1717],[6.2943,46.1733],[6.2989,46.1739],[6.3052,46.1725],[6.3082,46.1746],[6.3095,46.177],[6.3098,46.1804],[6.3135,46.183],[6.316,46.1833],[6.3233,46.1805],[6.3293,46.1808],[6.3317,46.1817],[6.3388,46.1862],[6.3498,46.19],[6.3505,46.1823],[6.3471,46.1798],[6.3447,46.1766],[6.3422,46.1711],[6.342,46.1685],[6.3457,46.1669],[6.3439,46.1647],[6.3354,46.1653],[6.3266,46.1648],[6.3216,46.165],[6.3166,46.161]]]}},{"type":"Feature","properties":{"code":"74041","nom":"Bonnevaux","pop":284},"geometry":{"type":"Polygon","coordinates":[[[6.664,46.2726],[6.6591,46.2748],[6.6588,46.2771],[6.6545,46.2779],[6.6517,46.2809],[6.6533,46.2862],[6.6528,46.2902],[6.6504,46.2955],[6.6522,46.2968],[6.6444,46.3],[6.6474,46.3038],[6.6484,46.3044],[6.6558,46.3048],[6.6631,46.3075],[6.6662,46.3094],[6.673,46.3127],[6.6804,46.3117],[6.6869,46.3091],[6.689,46.3073],[6.6881,46.3061],[6.683,46.3015],[6.6747,46.2972],[6.6826,46.2934],[6.6782,46.2899],[6.677,46.2876],[6.6786,46.2855],[6.6764,46.2828],[6.6714,46.2814],[6.6688,46.2788],[6.664,46.2726]]]}},{"type":"Feature","properties":{"code":"74042","nom":"Bonneville","pop":13335},"geometry":{"type":"Polygon","coordinates":[[[6.3716,46.0867],[6.3735,46.0889],[6.3598,46.0994],[6.3472,46.1115],[6.3533,46.1146],[6.3556,46.1139],[6.3591,46.1151],[6.3623,46.1101],[6.3671,46.1058],[6.3755,46.1056],[6.3786,46.1031],[6.3843,46.1015],[6.3872,46.1026],[6.3917,46.1007],[6.3915,46.0978],[6.3971,46.0971],[6.4061,46.1002],[6.4092,46.0995],[6.4145,46.1012],[6.4169,46.1012],[6.4227,46.0976],[6.4272,46.0983],[6.4255,46.0942],[6.4257,46.0924],[6.4228,46.0879],[6.4166,46.0868],[6.4126,46.0826],[6.4177,46.0802],[6.4222,46.0754],[6.4304,46.0758],[6.4607,46.0727],[6.4599,46.0644],[6.4601,46.0597],[6.4537,46.0576],[6.4552,46.0543],[6.4501,46.0545],[6.4358,46.0522],[6.4357,46.0505],[6.4301,46.048],[6.4245,46.0469],[6.4201,46.0439],[6.4166,46.0426],[6.4132,46.0436],[6.4061,46.0428],[6.4049,46.0421],[6.402,46.0436],[6.3956,46.0437],[6.3921,46.045],[6.389,46.0473],[6.3845,46.057],[6.3803,46.0566],[6.3947,46.0717],[6.3966,46.0778],[6.3954,46.0794],[6.3973,46.0843],[6.3944,46.0853],[6.385,46.0846],[6.3805,46.0847],[6.3716,46.0867]]]}},{"type":"Feature","properties":{"code":"74043","nom":"Bons-en-Chablais","pop":6343},"geometry":{"type":"Polygon","coordinates":[[[6.3861,46.299],[6.3872,46.2979],[6.3864,46.2929],[6.3843,46.292],[6.3849,46.2885],[6.3788,46.2842],[6.3758,46.2799],[6.3781,46.2741],[6.3816,46.2733],[6.3819,46.2716],[6.3785,46.27],[6.3806,46.2686],[6.3793,46.2666],[6.3845,46.2626],[6.381,46.2604],[6.3839,46.2591],[6.3849,46.2575],[6.3842,46.2547],[6.3857,46.2524],[6.3898,46.2496],[6.3852,46.2468],[6.3826,46.2437],[6.379,46.2424],[6.3788,46.2405],[6.3722,46.2379],[6.3626,46.2372],[6.3574,46.235],[6.3549,46.2297],[6.3472,46.2341],[6.3488,46.2378],[6.3471,46.2398],[6.3479,46.2425],[6.3452,46.2471],[6.3458,46.2491],[6.3417,46.2506],[6.341,46.2536],[6.3425,46.2551],[6.3401,46.2572],[6.34,46.26],[6.3368,46.2602],[6.3349,46.2616],[6.3298,46.2611],[6.3273,46.2625],[6.3263,46.2663],[6.3266,46.2689],[6.3312,46.2728],[6.3348,46.2791],[6.3403,46.2765],[6.3433,46.2772],[6.3483,46.2807],[6.3523,46.2807],[6.3586,46.2829],[6.3618,46.2858],[6.3629,46.29],[6.3696,46.2926],[6.3717,46.2921],[6.3795,46.2954],[6.3847,46.2988],[6.3861,46.299]]]}},{"type":"Feature","properties":{"code":"74044","nom":"Bossey","pop":941},"geometry":{"type":"Polygon","coordinates":[[[6.1839,46.1401],[6.1632,46.15],[6.1583,46.1457],[6.1573,46.1435],[6.1522,46.1429],[6.1504,46.1435],[6.1473,46.1467],[6.1486,46.1501],[6.1686,46.1572],[6.1754,46.1584],[6.1777,46.1557],[6.1808,46.1575],[6.1854,46.1589],[6.1904,46.1543],[6.1934,46.1521],[6.1883,46.1476],[6.1874,46.1445],[6.1839,46.1401]]]}},{"type":"Feature","properties":{"code":"74045","nom":"Le Bouchet-Mont-Charvin","pop":245},"geometry":{"type":"Polygon","coordinates":[[[6.4201,45.8024],[6.4203,45.8004],[6.4168,45.7976],[6.4136,45.7963],[6.4088,45.793],[6.4044,45.7931],[6.4013,45.7906],[6.3958,45.7878],[6.3928,45.7845],[6.3892,45.7852],[6.3863,45.7847],[6.3796,45.7858],[6.3755,45.7852],[6.3732,45.7839],[6.3676,45.7823],[6.3661,45.7827],[6.355,45.7796],[6.3491,45.7793],[6.3488,45.7815],[6.3513,45.7843],[6.35,45.788],[6.3536,45.7883],[6.3584,45.7896],[6.3565,45.7938],[6.3553,45.7986],[6.3571,45.7995],[6.3576,45.8025],[6.361,45.8047],[6.3608,45.8092],[6.3646,45.8165],[6.3625,45.8189],[6.3662,45.8209],[6.3701,45.8242],[6.3716,45.8278],[6.3754,45.826],[6.3801,45.8265],[6.3849,45.829],[6.3883,45.8282],[6.3928,45.8281],[6.3969,45.826],[6.4055,45.8227],[6.4073,45.8196],[6.4084,45.8151],[6.4098,45.8129],[6.4137,45.8105],[6.4145,45.8074],[6.4181,45.8053],[6.4201,45.8024]]]}},{"type":"Feature","properties":{"code":"74046","nom":"Boussy","pop":506},"geometry":{"type":"Polygon","coordinates":[[[6.0051,45.8491],[6.0022,45.8455],[5.9987,45.8437],[5.9965,45.8376],[5.9932,45.837],[5.9905,45.8388],[5.9826,45.8402],[5.9807,45.8428],[5.9776,45.8445],[5.9723,45.8449],[5.9675,45.8511],[5.9639,45.8532],[5.9652,45.8562],[5.9621,45.8578],[5.9667,45.8573],[5.9684,45.8593],[5.973,45.8613],[5.9817,45.8628],[5.9887,45.8655],[5.9895,45.8625],[5.9919,45.8589],[5.9915,45.8548],[5.9938,45.853],[5.9991,45.852],[6.0011,45.8485],[6.0051,45.8491]]]}},{"type":"Feature","properties":{"code":"74048","nom":"Brenthonne","pop":1128},"geometry":{"type":"Polygon","coordinates":[[[6.3864,46.2929],[6.3866,46.2923],[6.3937,46.2873],[6.3983,46.2866],[6.401,46.2823],[6.4049,46.2798],[6.4009,46.2779],[6.4074,46.2719],[6.4072,46.2702],[6.4112,46.2662],[6.4165,46.263],[6.4151,46.2615],[6.4165,46.2583],[6.4146,46.2559],[6.4107,46.2563],[6.4013,46.2532],[6.3963,46.2511],[6.3898,46.2496],[6.3857,46.2524],[6.3842,46.2547],[6.3849,46.2575],[6.3839,46.2591],[6.381,46.2604],[6.3845,46.2626],[6.3793,46.2666],[6.3806,46.2686],[6.3785,46.27],[6.3819,46.2716],[6.3816,46.2733],[6.3781,46.2741],[6.3758,46.2799],[6.3788,46.2842],[6.3849,46.2885],[6.3843,46.292],[6.3864,46.2929]]]}},{"type":"Feature","properties":{"code":"74049","nom":"Brizon","pop":457},"geometry":{"type":"Polygon","coordinates":[[[6.4166,46.0426],[6.4201,46.0439],[6.4245,46.0469],[6.4301,46.048],[6.4357,46.0505],[6.4358,46.0522],[6.4501,46.0545],[6.4552,46.0543],[6.4544,46.0513],[6.4573,46.0505],[6.4575,46.0458],[6.4558,46.04],[6.4522,46.0348],[6.4527,46.0338],[6.4491,46.0219],[6.4404,46.0245],[6.4212,46.0147],[6.4187,46.0176],[6.4128,46.0187],[6.4105,46.0214],[6.4083,46.0258],[6.4089,46.0287],[6.4128,46.0322],[6.4164,46.0413],[6.4166,46.0426]]]}},{"type":"Feature","properties":{"code":"74050","nom":"Burdignin","pop":712},"geometry":{"type":"Polygon","coordinates":[[[6.4098,46.2344],[6.4125,46.2361],[6.4156,46.2428],[6.4206,46.2422],[6.4254,46.251],[6.4262,46.2534],[6.4305,46.2573],[6.4361,46.2576],[6.4375,46.2509],[6.4398,46.2448],[6.4476,46.234],[6.4458,46.23],[6.4436,46.2289],[6.4426,46.2268],[6.4403,46.2243],[6.4371,46.2229],[6.4367,46.221],[6.4339,46.218],[6.4258,46.2135],[6.422,46.213],[6.4148,46.2126],[6.413,46.2101],[6.4098,46.2093],[6.4068,46.2146],[6.4061,46.2248],[6.4055,46.2275],[6.4098,46.2344]]]}},{"type":"Feature","properties":{"code":"74051","nom":"Cercier","pop":734},"geometry":{"type":"Polygon","coordinates":[[[6.0769,46.0076],[6.0698,46.0047],[6.0709,46.0077],[6.0667,46.0088],[6.0588,46.0125],[6.0556,46.0152],[6.0509,46.0153],[6.0474,46.0167],[6.0395,46.0118],[6.0412,46.0087],[6.0369,46.0073],[6.0342,46.0086],[6.0308,46.0073],[6.027,46.0079],[6.0315,46.0101],[6.0302,46.0114],[6.0302,46.0146],[6.0269,46.0161],[6.021,46.0157],[6.0167,46.0163],[6.0149,46.0177],[6.0098,46.0196],[6.0126,46.023],[6.0153,46.0233],[6.0162,46.0253],[6.0199,46.0261],[6.0234,46.0284],[6.0235,46.0305],[6.0266,46.0345],[6.0325,46.0363],[6.037,46.0368],[6.0415,46.037],[6.0482,46.0355],[6.054,46.0357],[6.0578,46.0329],[6.0649,46.0314],[6.0684,46.0292],[6.0704,46.0291],[6.0743,46.0269],[6.0779,46.0236],[6.0818,46.0224],[6.0832,46.018],[6.0812,46.0148],[6.0816,46.0124],[6.0773,46.0092],[6.0769,46.0076]]]}},{"type":"Feature","properties":{"code":"74052","nom":"Cernex","pop":1184},"geometry":{"type":"Polygon","coordinates":[[[6.0106,46.061],[6.0129,46.0648],[6.0129,46.0671],[6.0152,46.0703],[6.0171,46.0746],[6.021,46.08],[6.0265,46.0809],[6.0323,46.0799],[6.0382,46.0773],[6.0453,46.079],[6.0537,46.0802],[6.0538,46.0808],[6.0652,46.0794],[6.0643,46.0759],[6.0659,46.0728],[6.0635,46.0692],[6.0649,46.0661],[6.0618,46.0634],[6.0597,46.0629],[6.0543,46.0567],[6.0553,46.0542],[6.0511,46.0507],[6.0487,46.0493],[6.0488,46.0472],[6.0453,46.0447],[6.0402,46.0421],[6.037,46.0368],[6.0325,46.0363],[6.0266,46.0345],[6.0239,46.0361],[6.0262,46.0397],[6.0286,46.0417],[6.0288,46.0437],[6.0268,46.0472],[6.0261,46.0549],[6.0271,46.0579],[6.0237,46.0593],[6.0232,46.0567],[6.0158,46.0596],[6.0125,46.0581],[6.0106,46.061]]]}},{"type":"Feature","properties":{"code":"74053","nom":"Cervens","pop":1270},"geometry":{"type":"Polygon","coordinates":[[[6.4606,46.2767],[6.4571,46.2731],[6.4533,46.2598],[6.4506,46.2577],[6.447,46.2568],[6.447,46.2568],[6.4444,46.2577],[6.444,46.2603],[6.4457,46.261],[6.4442,46.2675],[6.4471,46.2695],[6.445,46.2717],[6.4388,46.275],[6.434,46.2796],[6.4305,46.2859],[6.4305,46.2876],[6.4306,46.2902],[6.4288,46.2927],[6.4372,46.2953],[6.4383,46.2932],[6.4462,46.2974],[6.4489,46.2976],[6.4536,46.2943],[6.4538,46.2922],[6.4566,46.291],[6.4592,46.2883],[6.4644,46.285],[6.4619,46.2806],[6.4606,46.2767]]]}},{"type":"Feature","properties":{"code":"74054","nom":"Chainaz-les-Frasses","pop":681},"geometry":{"type":"Polygon","coordinates":[[[5.9944,45.7633],[5.9925,45.763],[5.9884,45.7658],[5.9791,45.769],[5.974,45.7687],[5.9729,45.7699],[5.9736,45.7747],[5.9766,45.7773],[5.978,45.7804],[5.9819,45.7811],[5.9825,45.7881],[5.981,45.7926],[5.9816,45.7948],[5.9801,45.7961],[5.9848,45.7966],[5.9896,45.7963],[5.989,45.7942],[5.9917,45.79],[5.9945,45.7915],[5.9997,45.7895],[5.998,45.7872],[6.0009,45.7853],[6.0004,45.7839],[6.0029,45.7822],[6.0055,45.7781],[6.0029,45.776],[6.0057,45.7742],[6.0024,45.7713],[6.0008,45.7679],[5.9944,45.7633]]]}},{"type":"Feature","properties":{"code":"74055","nom":"Challonges","pop":610},"geometry":{"type":"Polygon","coordinates":[[[5.81,46.0083],[5.8103,46.0105],[5.8054,46.014],[5.8055,46.0162],[5.8084,46.0179],[5.812,46.0233],[5.8124,46.0254],[5.809,46.0332],[5.8109,46.0325],[5.8167,46.0336],[5.8189,46.0347],[5.8251,46.0328],[5.8311,46.0351],[5.8349,46.0372],[5.8407,46.0416],[5.8447,46.0389],[5.8481,46.0353],[5.8457,46.0317],[5.8459,46.0301],[5.8407,46.0222],[5.8397,46.018],[5.8376,46.0143],[5.8356,46.0082],[5.8303,46.0068],[5.8294,46.0055],[5.823,46.0059],[5.8168,46.0075],[5.8137,46.007],[5.81,46.0083]]]}},{"type":"Feature","properties":{"code":"74056","nom":"Chamonix-Mont-Blanc","pop":8705},"geometry":{"type":"Polygon","coordinates":[[[6.8435,45.8426],[6.844,45.8464],[6.8555,45.8714],[6.8396,45.8871],[6.8379,45.8904],[6.8266,45.8988],[6.8261,45.8997],[6.8298,45.9034],[6.8234,45.9087],[6.821,45.9124],[6.8183,45.9141],[6.8137,45.9195],[6.8205,45.9199],[6.8237,45.9191],[6.8271,45.9221],[6.8259,45.9295],[6.822,45.9359],[6.8182,45.9409],[6.8238,45.9473],[6.8237,45.9511],[6.8246,45.9545],[6.8225,45.9632],[6.8245,45.9673],[6.8281,45.9708],[6.8322,45.98],[6.8333,45.9844],[6.8328,45.9921],[6.834,45.9949],[6.8379,45.9999],[6.8425,46.0024],[6.8469,46.0041],[6.8488,46.0056],[6.8554,46.0072],[6.853,46.0013],[6.8526,45.9964],[6.8536,45.9939],[6.862,45.9887],[6.867,45.9889],[6.8739,45.9877],[6.8771,45.9901],[6.8804,45.9905],[6.8869,45.993],[6.8934,45.9944],[6.8953,45.9958],[6.8936,45.9984],[6.9027,46.0004],[6.9113,46.0035],[6.9194,46.0047],[6.9239,46.0039],[6.9302,46.0048],[6.9318,46.0071],[6.9357,46.0106],[6.9388,46.0154],[6.945,46.0225],[6.9519,46.0262],[6.9561,46.0306],[6.9629,46.0304],[6.9665,46.0312],[6.971,46.0255],[6.9751,46.0236],[6.9771,46.0216],[6.9813,46.0196],[6.9808,46.0176],[6.9836,46.0127],[6.9833,46.0099],[6.9851,46.0076],[6.9855,46.0042],[6.9887,46.0038],[6.993,46.0019],[6.9954,46.0001],[7.0006,45.9989],[7.0057,46.0011],[7.0107,45.9972],[7.0103,45.9944],[7.0125,45.9921],[7.0116,45.9899],[7.0122,45.9873],[7.0157,45.9868],[7.0199,45.9838],[7.0236,45.9792],[7.0215,45.9764],[7.0153,45.9752],[7.0101,45.9732],[7.0086,45.9692],[7.0105,45.9684],[7.0127,45.9651],[7.0154,45.9625],[7.0235,45.9582],[7.0361,45.9557],[7.0385,45.9476],[7.0385,45.9451],[7.0357,45.9383],[7.0385,45.9338],[7.0427,45.9296],[7.0437,45.9232],[7.0348,45.9212],[7.0286,45.9195],[7.0246,45.9166],[7.0218,45.9167],[7.0184,45.9144],[7.0185,45.9126],[7.0146,45.9097],[7.0144,45.9067],[7.0116,45.9062],[7.0079,45.9039],[7.0064,45.9013],[7.0041,45.9],[7.0027,45.8968],[7.004,45.8951],[7.004,45.8903],[7.0068,45.8872],[7.005,45.8838],[6.9984,45.8786],[7.0003,45.8753],[6.9973,45.8724],[6.9932,45.8714],[6.9928,45.8697],[6.9901,45.8677],[6.9878,45.8689],[6.9822,45.8692],[6.9769,45.8688],[6.9739,45.8672],[6.9696,45.8665],[6.9689,45.8652],[6.9632,45.8637],[6.9574,45.861],[6.9549,45.8615],[6.9514,45.8601],[6.9497,45.8571],[6.9475,45.8561],[6.9454,45.8531],[6.9413,45.8512],[6.9423,45.8478],[6.9392,45.8471],[6.9337,45.8475],[6.9315,45.8461],[6.9276,45.8476],[6.9221,45.8479],[6.9207,45.8461],[6.9168,45.8447],[6.9144,45.841],[6.9105,45.8414],[6.9076,45.8436],[6.9031,45.8422],[6.8956,45.8424],[6.8932,45.8429],[6.8819,45.8498],[6.8775,45.8485],[6.8734,45.8455],[6.8745,45.8421],[6.8722,45.8395],[6.8696,45.8381],[6.8721,45.836],[6.8695,45.8321],[6.8723,45.831],[6.8701,45.828],[6.8652,45.8327],[6.8615,45.8325],[6.8599,45.8327],[6.8547,45.8357],[6.8538,45.8371],[6.8522,45.8394],[6.8435,45.8426]]]}},{"type":"Feature","properties":{"code":"74057","nom":"Champanges","pop":1208},"geometry":{"type":"Polygon","coordinates":[[[6.5369,46.3685],[6.5342,46.371],[6.5397,46.3744],[6.5388,46.3759],[6.5459,46.3784],[6.5535,46.3798],[6.5577,46.3786],[6.5662,46.3799],[6.5688,46.3789],[6.5716,46.3799],[6.5712,46.3779],[6.5689,46.3771],[6.5655,46.3722],[6.5647,46.3694],[6.5668,46.3669],[6.5622,46.3643],[6.554,46.3621],[6.5517,46.361],[6.5486,46.3623],[6.5481,46.3643],[6.5442,46.3662],[6.5373,46.3659],[6.5369,46.3685]]]}},{"type":"Feature","properties":{"code":"74058","nom":"La Chapelle-d'Abondance","pop":872},"geometry":{"type":"Polygon","coordinates":[[[6.7598,46.3092],[6.7595,46.3158],[6.7569,46.3173],[6.7517,46.3269],[6.7568,46.3298],[6.7518,46.3347],[6.7515,46.3384],[6.7494,46.3405],[6.7545,46.3444],[6.7584,46.3462],[6.7609,46.3455],[6.7663,46.3426],[6.7689,46.3432],[6.7751,46.3471],[6.7775,46.3461],[6.7827,46.338],[6.7845,46.3368],[6.7842,46.3331],[6.7863,46.3321],[6.7964,46.333],[6.7964,46.3314],[6.799,46.3291],[6.7974,46.3267],[6.799,46.3221],[6.8012,46.3196],[6.807,46.3207],[6.813,46.3181],[6.8157,46.3159],[6.8189,46.3158],[6.8215,46.313],[6.8253,46.312],[6.8291,46.3066],[6.8303,46.3061],[6.8281,46.3025],[6.831,46.2998],[6.8347,46.2995],[6.8364,46.2973],[6.8396,46.2951],[6.8439,46.2943],[6.8445,46.2923],[6.8474,46.2899],[6.8512,46.2905],[6.8538,46.2877],[6.8451,46.2871],[6.8376,46.2892],[6.8305,46.2893],[6.828,46.2843],[6.8287,46.282],[6.8309,46.2806],[6.8268,46.279],[6.8298,46.2769],[6.8269,46.2747],[6.8283,46.2732],[6.8237,46.2695],[6.8206,46.2677],[6.8141,46.2662],[6.8089,46.2632],[6.7998,46.2611],[6.7974,46.2632],[6.7933,46.2629],[6.7879,46.2651],[6.7806,46.2625],[6.7779,46.2648],[6.7779,46.2669],[6.7759,46.2679],[6.776,46.2719],[6.7723,46.274],[6.7703,46.2766],[6.766,46.2849],[6.7659,46.2865],[6.7632,46.2947],[6.7676,46.301],[6.768,46.3063],[6.7658,46.3087],[6.7598,46.3092]]]}},{"type":"Feature","properties":{"code":"74059","nom":"La Chapelle-Rambaud","pop":249},"geometry":{"type":"Polygon","coordinates":[[[6.2295,46.0835],[6.2319,46.0832],[6.2364,46.0796],[6.2385,46.0828],[6.2432,46.0795],[6.2479,46.079],[6.2533,46.0799],[6.2574,46.0789],[6.2569,46.077],[6.2586,46.0745],[6.2546,46.0689],[6.2525,46.0666],[6.2469,46.063],[6.2454,46.0649],[6.2391,46.064],[6.2378,46.0627],[6.2331,46.0671],[6.2267,46.0687],[6.2237,46.0667],[6.221,46.0674],[6.218,46.0703],[6.2209,46.0742],[6.2283,46.0792],[6.2295,46.0835]]]}},{"type":"Feature","properties":{"code":"74060","nom":"La Chapelle-Saint-Maurice","pop":121},"geometry":{"type":"Polygon","coordinates":[[[6.1376,45.7613],[6.1401,45.765],[6.1414,45.7696],[6.1373,45.7736],[6.1361,45.7762],[6.1366,45.7804],[6.1395,45.7865],[6.1419,45.7844],[6.1512,45.7833],[6.1529,45.7822],[6.1575,45.7823],[6.1627,45.7807],[6.1736,45.7797],[6.1711,45.7751],[6.1707,45.7712],[6.1686,45.7675],[6.1682,45.7634],[6.1666,45.7567],[6.1566,45.7576],[6.153,45.7592],[6.1456,45.7599],[6.1436,45.7615],[6.1376,45.7613]]]}},{"type":"Feature","properties":{"code":"74061","nom":"Chapeiry","pop":984},"geometry":{"type":"Polygon","coordinates":[[[6.0255,45.8499],[6.0275,45.8494],[6.0313,45.851],[6.033,45.853],[6.0352,45.8529],[6.0424,45.8541],[6.0484,45.8506],[6.0523,45.8466],[6.052,45.8436],[6.058,45.838],[6.0542,45.8342],[6.0484,45.8317],[6.0443,45.8292],[6.042,45.8268],[6.0311,45.8238],[6.021,45.8279],[6.0251,45.83],[6.0298,45.8346],[6.0301,45.8366],[6.0259,45.8425],[6.0231,45.8485],[6.0255,45.8499]]]}},{"type":"Feature","properties":{"code":"74062","nom":"Charvonnex","pop":1537},"geometry":{"type":"Polygon","coordinates":[[[6.1427,45.9903],[6.149,45.9932],[6.15,45.9978],[6.1535,45.9974],[6.1554,45.996],[6.162,45.9955],[6.1685,45.991],[6.1719,45.9898],[6.1703,45.9885],[6.1674,45.9837],[6.1682,45.9819],[6.1663,45.98],[6.1672,45.9763],[6.1651,45.9743],[6.1672,45.9697],[6.1539,45.9696],[6.1493,45.9681],[6.146,45.969],[6.1483,45.9763],[6.1505,45.9818],[6.1476,45.9825],[6.1459,45.9855],[6.1429,45.9869],[6.1427,45.9903]]]}},{"type":"Feature","properties":{"code":"74063","nom":"Châtel","pop":1174},"geometry":{"type":"Polygon","coordinates":[[[6.7806,46.2625],[6.7879,46.2651],[6.7933,46.2629],[6.7974,46.2632],[6.7998,46.2611],[6.8089,46.2632],[6.8141,46.2662],[6.8206,46.2677],[6.8237,46.2695],[6.8283,46.2732],[6.8269,46.2747],[6.8298,46.2769],[6.8268,46.279],[6.8309,46.2806],[6.8287,46.282],[6.828,46.2843],[6.8305,46.2893],[6.8376,46.2892],[6.8451,46.2871],[6.8538,46.2877],[6.8512,46.2905],[6.8521,46.2922],[6.8549,46.2925],[6.8592,46.2903],[6.8591,46.2885],[6.8644,46.2831],[6.8649,46.28],[6.8589,46.2739],[6.8602,46.2662],[6.8573,46.262],[6.8545,46.2593],[6.8554,46.2552],[6.852,46.2521],[6.8429,46.2486],[6.8398,46.2482],[6.8378,46.2449],[6.8372,46.2408],[6.8307,46.2344],[6.8268,46.2341],[6.8212,46.2323],[6.8206,46.2304],[6.8217,46.228],[6.8217,46.2234],[6.8202,46.2216],[6.8165,46.2201],[6.8135,46.2154],[6.8099,46.2138],[6.8073,46.2079],[6.8035,46.2046],[6.8033,46.2033],[6.7975,46.2051],[6.7949,46.2084],[6.7912,46.2117],[6.7885,46.2098],[6.7829,46.2147],[6.7795,46.2157],[6.7772,46.2181],[6.7743,46.2195],[6.7727,46.2223],[6.7777,46.2212],[6.7762,46.2246],[6.7773,46.2289],[6.7776,46.235],[6.7789,46.2353],[6.7809,46.241],[6.784,46.2432],[6.7845,46.2475],[6.7883,46.2475],[6.7856,46.2513],[6.7792,46.2542],[6.7783,46.2559],[6.7806,46.2625]]]}},{"type":"Feature","properties":{"code":"74064","nom":"Châtillon-sur-Cluses","pop":1250},"geometry":{"type":"Polygon","coordinates":[[[6.5555,46.1062],[6.5586,46.1071],[6.5601,46.1103],[6.565,46.1075],[6.5683,46.1066],[6.5704,46.1032],[6.5732,46.1008],[6.5765,46.0993],[6.5839,46.097],[6.5899,46.0971],[6.5931,46.0945],[6.5975,46.0946],[6.5988,46.0921],[6.603,46.0923],[6.6082,46.0917],[6.6085,46.0891],[6.6044,46.0874],[6.6051,46.085],[6.595,46.0837],[6.5925,46.0827],[6.593,46.08],[6.5958,46.0771],[6.6023,46.0726],[6.6005,46.0686],[6.5979,46.0683],[6.5942,46.0672],[6.586,46.0724],[6.5819,46.0776],[6.5774,46.0809],[6.5724,46.0813],[6.5595,46.0833],[6.5574,46.0846],[6.5587,46.091],[6.5559,46.0945],[6.5517,46.0975],[6.5503,46.0993],[6.551,46.1018],[6.5555,46.1062]]]}},{"type":"Feature","properties":{"code":"74065","nom":"Chaumont","pop":555},"geometry":{"type":"Polygon","coordinates":[[[5.9486,46.0187],[5.9489,46.0222],[5.948,46.0242],[5.9487,46.0303],[5.9439,46.0294],[5.9413,46.0311],[5.9329,46.0342],[5.9265,46.0399],[5.9243,46.044],[5.9209,46.0483],[5.9224,46.0527],[5.9209,46.0557],[5.9215,46.0602],[5.9233,46.0632],[5.9181,46.0714],[5.9155,46.0735],[5.9206,46.0769],[5.9262,46.071],[5.9313,46.0682],[5.9347,46.0634],[5.9404,46.057],[5.9435,46.0544],[5.9549,46.0545],[5.9584,46.0555],[5.9615,46.0531],[5.9639,46.0535],[5.9644,46.0498],[5.9667,46.0502],[5.9642,46.044],[5.9686,46.0425],[5.9688,46.0392],[5.9734,46.0361],[5.9726,46.0321],[5.97,46.0307],[5.9684,46.0262],[5.9707,46.024],[5.9676,46.0227],[5.9631,46.0233],[5.9589,46.026],[5.9529,46.0201],[5.9486,46.0187]]]}},{"type":"Feature","properties":{"code":"74066","nom":"Chavannaz","pop":249},"geometry":{"type":"Polygon","coordinates":[[[6.0106,46.061],[6.0125,46.0581],[6.0158,46.0596],[6.0232,46.0567],[6.0237,46.0593],[6.0271,46.0579],[6.0261,46.0549],[6.0268,46.0472],[6.0288,46.0437],[6.0286,46.0417],[6.0262,46.0397],[6.0249,46.042],[6.0196,46.0422],[6.0147,46.0402],[6.0123,46.043],[6.0073,46.0425],[6.0034,46.0471],[6.004,46.0535],[6.008,46.0563],[6.0075,46.0571],[6.0106,46.061]]]}},{"type":"Feature","properties":{"code":"74067","nom":"Chavanod","pop":3135},"geometry":{"type":"Polygon","coordinates":[[[6.0574,45.8991],[6.0615,45.9015],[6.0615,45.9049],[6.0647,45.9076],[6.0676,45.9068],[6.0709,45.9023],[6.0741,45.9021],[6.0763,45.9037],[6.0794,45.9014],[6.0832,45.9018],[6.0845,45.8995],[6.0834,45.8952],[6.0805,45.8934],[6.0808,45.8911],[6.0767,45.89],[6.0735,45.8874],[6.0666,45.8846],[6.0643,45.8827],[6.0658,45.8797],[6.0689,45.8774],[6.0689,45.871],[6.0642,45.8701],[6.0627,45.8686],[6.06,45.869],[6.0549,45.867],[6.0501,45.8635],[6.0466,45.8651],[6.0452,45.867],[6.0367,45.8691],[6.0362,45.8676],[6.0301,45.8681],[6.0285,45.867],[6.0229,45.8722],[6.0244,45.8734],[6.0242,45.8795],[6.0201,45.8808],[6.019,45.8841],[6.0189,45.8876],[6.021,45.8904],[6.0194,45.8943],[6.0214,45.8959],[6.0221,45.8953],[6.029,45.8965],[6.0306,45.8928],[6.0338,45.8931],[6.0348,45.8915],[6.0409,45.8935],[6.042,45.8949],[6.0508,45.8945],[6.0543,45.8954],[6.058,45.898],[6.0574,45.8991]]]}},{"type":"Feature","properties":{"code":"74068","nom":"Chêne-en-Semine","pop":544},"geometry":{"type":"Polygon","coordinates":[[[5.8764,46.0576],[5.8744,46.0561],[5.8797,46.0533],[5.8799,46.0522],[5.8771,46.048],[5.8786,46.0436],[5.8803,46.0428],[5.885,46.0384],[5.8845,46.0349],[5.8807,46.035],[5.8743,46.0336],[5.8703,46.0347],[5.8644,46.0378],[5.8625,46.0361],[5.8537,46.0357],[5.8481,46.0353],[5.8447,46.0389],[5.8468,46.0411],[5.8471,46.045],[5.8405,46.0479],[5.8286,46.0555],[5.8299,46.0596],[5.8337,46.0614],[5.8403,46.0604],[5.8415,46.058],[5.845,46.0591],[5.8457,46.0615],[5.8493,46.0636],[5.8508,46.0667],[5.8583,46.0643],[5.8629,46.0647],[5.8678,46.0661],[5.8723,46.0603],[5.8764,46.0576]]]}},{"type":"Feature","properties":{"code":"74069","nom":"Chênex","pop":791},"geometry":{"type":"Polygon","coordinates":[[[6.002,46.0873],[5.9875,46.0885],[5.9875,46.0904],[5.9818,46.0933],[5.9804,46.0961],[5.9787,46.0968],[5.981,46.1047],[5.9804,46.1078],[5.9806,46.1143],[5.9826,46.1165],[5.9805,46.1184],[5.9817,46.1216],[5.9862,46.1236],[5.9903,46.1222],[5.9904,46.1173],[5.9959,46.1146],[5.9977,46.1116],[5.9973,46.1103],[6.0004,46.1057],[6.0053,46.0995],[6.006,46.0968],[6.0044,46.092],[6.002,46.0873]]]}},{"type":"Feature","properties":{"code":"74070","nom":"Chens-sur-Léman","pop":3068},"geometry":{"type":"Polygon","coordinates":[[[6.2694,46.3367],[6.2726,46.3333],[6.2767,46.3309],[6.2849,46.3332],[6.2867,46.3329],[6.2897,46.3305],[6.2886,46.3281],[6.2926,46.3258],[6.2874,46.3214],[6.2836,46.3139],[6.2808,46.3109],[6.2787,46.3069],[6.2753,46.3047],[6.2731,46.3005],[6.2752,46.292],[6.2738,46.2903],[6.2775,46.2892],[6.2753,46.2871],[6.2775,46.2844],[6.2746,46.2849],[6.2704,46.2875],[6.2589,46.2835],[6.2598,46.2853],[6.2573,46.2869],[6.2579,46.2899],[6.2561,46.2917],[6.2523,46.2917],[6.2503,46.2921],[6.2485,46.2949],[6.2493,46.2988],[6.247,46.3],[6.249,46.3017],[6.2432,46.3034],[6.2441,46.3048],[6.248,46.3061],[6.2531,46.3112],[6.2582,46.32],[6.2563,46.3242],[6.2622,46.3279],[6.2694,46.3367]]]}},{"type":"Feature","properties":{"code":"74071","nom":"Chessenaz","pop":239},"geometry":{"type":"Polygon","coordinates":[[[5.8895,46.0268],[5.8895,46.0292],[5.8915,46.032],[5.8932,46.039],[5.8962,46.0434],[5.8945,46.0477],[5.8968,46.05],[5.8996,46.0495],[5.9104,46.0518],[5.9089,46.0538],[5.9147,46.0555],[5.9209,46.0557],[5.9224,46.0527],[5.9209,46.0483],[5.9243,46.044],[5.9218,46.0422],[5.919,46.0375],[5.9114,46.0345],[5.9055,46.0293],[5.8995,46.0261],[5.8965,46.0253],[5.8934,46.0241],[5.8923,46.0263],[5.8895,46.0268]]]}},{"type":"Feature","properties":{"code":"74072","nom":"Chevaline","pop":181},"geometry":{"type":"Polygon","coordinates":[[[6.196,45.732],[6.1976,45.7366],[6.2023,45.7478],[6.2057,45.7518],[6.2043,45.756],[6.2063,45.7618],[6.2093,45.7654],[6.2092,45.769],[6.2115,45.7698],[6.2156,45.7668],[6.2223,45.7676],[6.2211,45.7638],[6.2219,45.7611],[6.2241,45.7581],[6.2233,45.7566],[6.2234,45.7501],[6.2249,45.747],[6.2252,45.744],[6.2242,45.7415],[6.2251,45.74],[6.2242,45.7368],[6.2252,45.7329],[6.2237,45.7269],[6.2195,45.7192],[6.2166,45.717],[6.2153,45.7141],[6.2145,45.7091],[6.2144,45.7066],[6.2127,45.7036],[6.2122,45.7005],[6.2051,45.6996],[6.2009,45.7004],[6.1997,45.6971],[6.1962,45.6928],[6.1909,45.6956],[6.1885,45.6984],[6.1894,45.7033],[6.1914,45.7072],[6.1911,45.7122],[6.1922,45.7201],[6.1933,45.7249],[6.196,45.732]]]}},{"type":"Feature","properties":{"code":"74073","nom":"Chevenoz","pop":709},"geometry":{"type":"Polygon","coordinates":[[[6.6027,46.3307],[6.6121,46.3333],[6.6189,46.334],[6.6248,46.3377],[6.6274,46.3418],[6.6292,46.3488],[6.6326,46.3504],[6.6384,46.348],[6.6405,46.3492],[6.648,46.3465],[6.6531,46.3474],[6.6579,46.3449],[6.6655,46.3443],[6.67,46.3444],[6.6772,46.3455],[6.6744,46.3425],[6.6695,46.3405],[6.6635,46.3364],[6.6608,46.3337],[6.6576,46.3326],[6.6597,46.3298],[6.6576,46.325],[6.6538,46.3233],[6.6497,46.3161],[6.648,46.3142],[6.6448,46.3133],[6.6355,46.3159],[6.6351,46.3203],[6.6297,46.3192],[6.6225,46.3225],[6.6178,46.3263],[6.6122,46.3279],[6.6062,46.3303],[6.6027,46.3307]]]}},{"type":"Feature","properties":{"code":"74074","nom":"Chevrier","pop":757},"geometry":{"type":"Polygon","coordinates":[[[5.893,46.1191],[5.8972,46.12],[5.9043,46.1202],[5.9065,46.1224],[5.9076,46.1214],[5.9128,46.122],[5.9203,46.124],[5.929,46.1213],[5.9275,46.1184],[5.9271,46.1149],[5.9252,46.1089],[5.923,46.1055],[5.9178,46.1007],[5.9124,46.0973],[5.9066,46.0948],[5.9077,46.0966],[5.9051,46.0983],[5.9009,46.1035],[5.8983,46.1082],[5.893,46.1191]]]}},{"type":"Feature","properties":{"code":"74075","nom":"Chilly","pop":1705},"geometry":{"type":"Polygon","coordinates":[[[5.9648,46.0076],[5.968,46.0036],[5.973,46.0039],[5.9787,46.0059],[5.9791,46.0034],[5.9778,45.9997],[5.9828,45.994],[5.9891,45.9866],[5.9895,45.9823],[5.9876,45.9796],[5.9902,45.9788],[5.9882,45.9768],[5.9915,45.9744],[5.9871,45.9698],[5.9868,45.9683],[5.989,45.9659],[5.988,45.9635],[5.9821,45.9653],[5.9798,45.9647],[5.9746,45.9649],[5.9695,45.9663],[5.9667,45.9644],[5.9615,45.9622],[5.9634,45.9681],[5.9616,45.9703],[5.9579,45.9716],[5.9576,45.9733],[5.9532,45.976],[5.9469,45.9819],[5.943,45.9804],[5.9388,45.98],[5.935,45.9784],[5.9336,45.9795],[5.9313,45.982],[5.9239,45.9864],[5.9208,45.9891],[5.9208,45.9908],[5.9204,45.9929],[5.9238,45.9984],[5.9224,46.0022],[5.9263,46.0068],[5.9283,46.0124],[5.9307,46.0132],[5.9367,46.0138],[5.9433,46.0115],[5.9462,46.0126],[5.9493,46.0102],[5.9526,46.01],[5.9529,46.007],[5.9581,46.0056],[5.9623,46.0031],[5.9652,46.005],[5.9648,46.0076]]]}},{"type":"Feature","properties":{"code":"74076","nom":"Choisy","pop":1731},"geometry":{"type":"Polygon","coordinates":[[[6.027,46.0079],[6.0308,46.0073],[6.0342,46.0086],[6.0369,46.0073],[6.0412,46.0087],[6.0395,46.0118],[6.0474,46.0167],[6.0509,46.0153],[6.0556,46.0152],[6.0588,46.0125],[6.0667,46.0088],[6.0709,46.0077],[6.0698,46.0047],[6.0769,46.0076],[6.0771,46.0043],[6.0732,46.0022],[6.0765,45.9962],[6.0785,45.9946],[6.0825,45.9935],[6.0858,45.9977],[6.0843,45.9998],[6.0848,46.0037],[6.0881,46.0049],[6.092,46.0045],[6.0953,46.0061],[6.0975,46.0035],[6.0965,45.9977],[6.0977,45.9925],[6.0963,45.9895],[6.0987,45.9879],[6.0908,45.9867],[6.0834,45.9805],[6.0794,45.9808],[6.0728,45.9804],[6.0687,45.9819],[6.0622,45.9814],[6.0569,45.9831],[6.0519,45.982],[6.0489,45.9841],[6.043,45.9859],[6.0383,45.9844],[6.0367,45.9832],[6.0328,45.987],[6.0297,45.9911],[6.0265,45.9934],[6.0181,45.9944],[6.0163,45.998],[6.0101,45.9981],[6.0103,46.0003],[6.0053,46.0003],[6.0074,46.0048],[6.0031,46.0082],[6.0073,46.0092],[6.0126,46.0081],[6.0177,46.0077],[6.027,46.0079]]]}},{"type":"Feature","properties":{"code":"74077","nom":"Clarafond-Arcine","pop":1068},"geometry":{"type":"Polygon","coordinates":[[[5.8663,46.0857],[5.8717,46.0868],[5.8815,46.0852],[5.8882,46.0861],[5.8914,46.0882],[5.892,46.092],[5.8935,46.0952],[5.8929,46.0996],[5.8892,46.1027],[5.8856,46.1068],[5.8858,46.109],[5.8887,46.1125],[5.893,46.1191],[5.8983,46.1082],[5.9009,46.1035],[5.9051,46.0983],[5.9077,46.0966],[5.9066,46.0948],[5.9113,46.0844],[5.9206,46.0769],[5.9155,46.0735],[5.9181,46.0714],[5.9233,46.0632],[5.9215,46.0602],[5.9209,46.0557],[5.9147,46.0555],[5.9089,46.0538],[5.9104,46.0518],[5.8996,46.0495],[5.8968,46.05],[5.8945,46.0477],[5.8916,46.0496],[5.8847,46.0518],[5.8838,46.0545],[5.8801,46.0568],[5.8764,46.0576],[5.8723,46.0603],[5.8678,46.0661],[5.8703,46.0679],[5.8752,46.0741],[5.8708,46.0774],[5.8708,46.0805],[5.8669,46.0836],[5.8663,46.0857]]]}},{"type":"Feature","properties":{"code":"74078","nom":"Clermont","pop":474},"geometry":{"type":"Polygon","coordinates":[[[5.9131,45.955],[5.9097,45.9545],[5.9043,45.9597],[5.9008,45.9616],[5.8972,45.9616],[5.8939,45.9632],[5.8964,45.9662],[5.8932,45.9674],[5.8915,45.9703],[5.8856,45.9763],[5.8841,45.9787],[5.8859,45.9806],[5.889,45.9804],[5.8984,45.9811],[5.9025,45.982],[5.9095,45.9828],[5.9124,45.9845],[5.916,45.9829],[5.9181,45.9873],[5.9208,45.9908],[5.9208,45.9891],[5.9239,45.9864],[5.9313,45.982],[5.9336,45.9795],[5.931,45.9779],[5.9279,45.9742],[5.9273,45.9707],[5.9228,45.9703],[5.9195,45.9684],[5.9154,45.967],[5.914,45.9652],[5.9154,45.9619],[5.9151,45.9587],[5.9131,45.955]]]}},{"type":"Feature","properties":{"code":"74079","nom":"Les Clefs","pop":714},"geometry":{"type":"Polygon","coordinates":[[[6.3582,45.8745],[6.3543,45.8734],[6.3507,45.874],[6.3461,45.8702],[6.3449,45.8633],[6.3422,45.8603],[6.3431,45.8581],[6.3502,45.8579],[6.3493,45.8565],[6.3513,45.8527],[6.3523,45.8484],[6.3529,45.8421],[6.3583,45.8415],[6.3623,45.84],[6.3687,45.8339],[6.3743,45.8344],[6.3715,45.8316],[6.3717,45.8287],[6.365,45.828],[6.3623,45.8302],[6.3521,45.8319],[6.3419,45.8299],[6.3401,45.8325],[6.3356,45.8328],[6.3319,45.8341],[6.3236,45.8333],[6.3148,45.8309],[6.3087,45.8237],[6.3042,45.8246],[6.3013,45.8244],[6.3008,45.8226],[6.2967,45.8226],[6.2941,45.8212],[6.2903,45.8209],[6.2868,45.8235],[6.2851,45.8299],[6.2905,45.8338],[6.2922,45.8343],[6.293,45.8374],[6.2962,45.8423],[6.2998,45.8535],[6.3025,45.8583],[6.3131,45.8579],[6.3161,45.8584],[6.3209,45.8605],[6.3318,45.8684],[6.3379,45.8713],[6.3388,45.8739],[6.3424,45.8762],[6.3451,45.8752],[6.3499,45.8754],[6.3582,45.8745]]]}},{"type":"Feature","properties":{"code":"74080","nom":"La Clusaz","pop":1623},"geometry":{"type":"Polygon","coordinates":[[[6.4031,45.9045],[6.4133,45.9083],[6.4211,45.9093],[6.4252,45.911],[6.4292,45.9139],[6.4411,45.9178],[6.444,45.921],[6.4477,45.9218],[6.4552,45.9203],[6.4586,45.9203],[6.4634,45.9215],[6.4713,45.9218],[6.4735,45.9234],[6.4859,45.9307],[6.4893,45.9323],[6.4969,45.9347],[6.5038,45.9348],[6.5116,45.9324],[6.5171,45.9297],[6.5214,45.929],[6.531,45.9246],[6.5265,45.9219],[6.5198,45.9191],[6.5149,45.9157],[6.5145,45.9124],[6.5095,45.9092],[6.5062,45.9024],[6.5014,45.8995],[6.5014,45.8954],[6.4986,45.8931],[6.4962,45.8928],[6.4952,45.8897],[6.4917,45.8894],[6.4892,45.8882],[6.4849,45.8881],[6.4815,45.8867],[6.4706,45.8847],[6.468,45.8778],[6.4649,45.8723],[6.4615,45.8672],[6.4582,45.8636],[6.4549,45.8618],[6.452,45.8622],[6.4503,45.861],[6.4467,45.8638],[6.4398,45.8668],[6.4368,45.8672],[6.4192,45.8727],[6.4177,45.8734],[6.4165,45.8779],[6.4093,45.8811],[6.4078,45.8841],[6.408,45.8871],[6.4071,45.8937],[6.4042,45.8948],[6.4003,45.8951],[6.4006,45.9008],[6.3999,45.9026],[6.4031,45.9045]]]}},{"type":"Feature","properties":{"code":"74081","nom":"Cluses","pop":17795},"geometry":{"type":"Polygon","coordinates":[[[6.5468,46.0728],[6.5478,46.0737],[6.5568,46.0778],[6.5536,46.0792],[6.5574,46.0846],[6.5595,46.0833],[6.5724,46.0813],[6.5774,46.0809],[6.5819,46.0776],[6.586,46.0724],[6.5942,46.0672],[6.5979,46.0683],[6.5985,46.0658],[6.6019,46.0612],[6.5971,46.0602],[6.5964,46.0588],[6.5974,46.0566],[6.6004,46.0577],[6.607,46.0517],[6.6078,46.0443],[6.6068,46.0437],[6.5996,46.0452],[6.598,46.044],[6.5974,46.0404],[6.5914,46.0437],[6.5869,46.044],[6.5821,46.0462],[6.5796,46.0485],[6.5776,46.0519],[6.5749,46.0539],[6.5696,46.0519],[6.5683,46.0582],[6.5635,46.0608],[6.561,46.0653],[6.5589,46.0675],[6.5508,46.0724],[6.5468,46.0728]]]}},{"type":"Feature","properties":{"code":"74082","nom":"Collonges-sous-Salève","pop":3832},"geometry":{"type":"Polygon","coordinates":[[[6.1473,46.1467],[6.1504,46.1435],[6.1522,46.1429],[6.1573,46.1435],[6.1583,46.1457],[6.1632,46.15],[6.1839,46.1401],[6.182,46.1385],[6.1766,46.1366],[6.174,46.1334],[6.1727,46.1297],[6.1735,46.128],[6.1713,46.1233],[6.1716,46.1195],[6.1637,46.1225],[6.1555,46.1264],[6.1526,46.1272],[6.1475,46.1318],[6.1457,46.1324],[6.1444,46.1352],[6.1353,46.1403],[6.1364,46.1416],[6.1368,46.1429],[6.1427,46.1459],[6.1449,46.1449],[6.1473,46.1467]]]}},{"type":"Feature","properties":{"code":"74083","nom":"Combloux","pop":2093},"geometry":{"type":"Polygon","coordinates":[[[6.6337,45.9131],[6.6329,45.9106],[6.6387,45.9065],[6.6409,45.9029],[6.645,45.9033],[6.6532,45.8986],[6.6603,45.8992],[6.6628,45.8984],[6.6717,45.8971],[6.6742,45.8955],[6.6771,45.8967],[6.6832,45.8959],[6.6827,45.8942],[6.6785,45.8941],[6.6756,45.8928],[6.6741,45.89],[6.6752,45.8851],[6.6751,45.8773],[6.6737,45.8725],[6.6719,45.8692],[6.669,45.8674],[6.6687,45.8653],[6.6619,45.8606],[6.6631,45.8636],[6.6617,45.8689],[6.6573,45.8741],[6.6531,45.8777],[6.6453,45.8827],[6.6383,45.8852],[6.6237,45.8871],[6.6132,45.8838],[6.6073,45.8832],[6.6048,45.8817],[6.5947,45.8768],[6.5902,45.8782],[6.5892,45.8797],[6.5916,45.8823],[6.5927,45.8855],[6.5943,45.8864],[6.5931,45.8897],[6.5945,45.8908],[6.5985,45.8914],[6.5961,45.896],[6.5984,45.8984],[6.606,45.902],[6.6068,45.9043],[6.6092,45.9057],[6.6128,45.9057],[6.6183,45.911],[6.6193,45.9131],[6.6219,45.915],[6.6247,45.9141],[6.6306,45.9153],[6.6337,45.9131]]]}},{"type":"Feature","properties":{"code":"74085","nom":"Les Contamines-Montjoie","pop":1109},"geometry":{"type":"Polygon","coordinates":[[[6.6592,45.8005],[6.6701,45.8062],[6.6743,45.8108],[6.6859,45.817],[6.6883,45.8209],[6.6918,45.8232],[6.6921,45.8252],[6.6974,45.8248],[6.7005,45.8273],[6.7027,45.8305],[6.6998,45.8312],[6.7007,45.8367],[6.699,45.8393],[6.7041,45.84],[6.7151,45.8391],[6.7191,45.838],[6.7228,45.839],[6.7265,45.8385],[6.7283,45.8424],[6.7279,45.8451],[6.7288,45.848],[6.7308,45.8476],[6.7311,45.8454],[6.7331,45.8425],[6.7313,45.8381],[6.7422,45.8362],[6.7424,45.8343],[6.7409,45.8303],[6.742,45.8288],[6.7485,45.8284],[6.7521,45.8276],[6.7541,45.8237],[6.7574,45.8221],[6.7657,45.8204],[6.7721,45.8201],[6.779,45.8166],[6.7841,45.8158],[6.7907,45.8135],[6.8082,45.8134],[6.8109,45.8112],[6.8133,45.8069],[6.8112,45.8046],[6.8109,45.8026],[6.813,45.7957],[6.8056,45.7931],[6.8042,45.7914],[6.8035,45.787],[6.8021,45.7845],[6.8024,45.7823],[6.8008,45.7805],[6.8024,45.7786],[6.7997,45.7799],[6.7906,45.7748],[6.7862,45.7717],[6.7801,45.7697],[6.7746,45.7705],[6.7727,45.7699],[6.7664,45.7706],[6.759,45.7685],[6.7554,45.7665],[6.7548,45.7627],[6.7519,45.7617],[6.7501,45.7583],[6.7448,45.7551],[6.7417,45.7525],[6.7424,45.7492],[6.7356,45.742],[6.7318,45.739],[6.7225,45.7333],[6.7238,45.7315],[6.7178,45.7258],[6.7144,45.7247],[6.7119,45.7229],[6.7061,45.7249],[6.702,45.7271],[6.6972,45.7266],[6.6921,45.7268],[6.6894,45.7277],[6.6885,45.7295],[6.6923,45.7311],[6.6978,45.7364],[6.6993,45.7447],[6.6974,45.7452],[6.6931,45.7514],[6.6868,45.755],[6.6871,45.7587],[6.6899,45.7613],[6.6895,45.7645],[6.6906,45.771],[6.686,45.7728],[6.6833,45.7751],[6.6831,45.7769],[6.6763,45.7805],[6.6737,45.7854],[6.6702,45.7888],[6.661,45.7949],[6.6612,45.7991],[6.6592,45.8005]]]}},{"type":"Feature","properties":{"code":"74086","nom":"Contamine-Sarzin","pop":733},"geometry":{"type":"Polygon","coordinates":[[[5.9787,46.0059],[5.973,46.0039],[5.968,46.0036],[5.9648,46.0076],[5.967,46.0078],[5.9663,46.0136],[5.9676,46.0194],[5.9631,46.0233],[5.9676,46.0227],[5.9707,46.024],[5.9684,46.0262],[5.97,46.0307],[5.9726,46.0321],[5.9734,46.0361],[5.9767,46.0367],[5.9788,46.0382],[5.984,46.0404],[5.9873,46.0352],[5.9889,46.0348],[5.9919,46.0302],[5.9944,46.0281],[6.0019,46.0243],[6.0077,46.0199],[6.0026,46.0166],[5.9952,46.0145],[5.9905,46.0138],[5.9838,46.0111],[5.9765,46.0097],[5.9787,46.0059]]]}},{"type":"Feature","properties":{"code":"74087","nom":"Contamine-sur-Arve","pop":2403},"geometry":{"type":"Polygon","coordinates":[[[6.339,46.1471],[6.3441,46.1453],[6.3445,46.1426],[6.3491,46.1391],[6.3497,46.1347],[6.3525,46.1345],[6.3536,46.1326],[6.3579,46.1333],[6.361,46.132],[6.3639,46.1285],[6.3581,46.1276],[6.353,46.1283],[6.3504,46.1266],[6.3502,46.1243],[6.3521,46.1199],[6.3533,46.1146],[6.3472,46.1115],[6.3448,46.1136],[6.3453,46.1138],[6.3292,46.131],[6.3243,46.1337],[6.323,46.1357],[6.3191,46.1371],[6.3201,46.1383],[6.3175,46.1417],[6.3192,46.1459],[6.3175,46.1485],[6.3189,46.1497],[6.323,46.1492],[6.332,46.1511],[6.3373,46.147],[6.339,46.1471]]]}},{"type":"Feature","properties":{"code":"74088","nom":"Copponex","pop":1340},"geometry":{"type":"Polygon","coordinates":[[[6.037,46.0368],[6.0402,46.0421],[6.0453,46.0447],[6.0488,46.0472],[6.0487,46.0493],[6.0511,46.0507],[6.0593,46.051],[6.0641,46.0542],[6.0699,46.0554],[6.0719,46.0571],[6.0775,46.0562],[6.0837,46.0615],[6.0859,46.0579],[6.0894,46.0548],[6.0953,46.0574],[6.0951,46.0543],[6.0987,46.052],[6.0959,46.049],[6.1006,46.0437],[6.097,46.0423],[6.0936,46.0377],[6.084,46.0377],[6.0795,46.0364],[6.0704,46.0291],[6.0684,46.0292],[6.0649,46.0314],[6.0578,46.0329],[6.054,46.0357],[6.0482,46.0355],[6.0415,46.037],[6.037,46.0368]]]}},{"type":"Feature","properties":{"code":"74089","nom":"Cordon","pop":998},"geometry":{"type":"Polygon","coordinates":[[[6.5708,45.8811],[6.5692,45.8825],[6.5589,45.8863],[6.559,45.8931],[6.5495,45.8946],[6.5412,45.8954],[6.5391,45.895],[6.5321,45.8966],[6.5304,45.8999],[6.5279,45.9011],[6.5229,45.901],[6.5162,45.9026],[6.5095,45.9092],[6.5145,45.9124],[6.5149,45.9157],[6.5275,45.9148],[6.5396,45.9131],[6.5461,45.9103],[6.5538,45.9152],[6.5609,45.9185],[6.5633,45.9207],[6.5659,45.9182],[6.5729,45.9255],[6.5765,45.9285],[6.5797,45.9297],[6.587,45.9296],[6.5877,45.9318],[6.5926,45.9321],[6.5967,45.9309],[6.6013,45.933],[6.6029,45.9302],[6.6055,45.9309],[6.6058,45.9334],[6.6097,45.9329],[6.6153,45.9312],[6.62,45.9317],[6.6241,45.9346],[6.6248,45.9325],[6.6195,45.9279],[6.62,45.9243],[6.6171,45.9216],[6.6136,45.9165],[6.6064,45.9104],[6.6024,45.9081],[6.5995,45.9073],[6.5931,45.9028],[6.5911,45.9023],[6.5899,45.8994],[6.5871,45.8981],[6.5847,45.8949],[6.5837,45.8913],[6.5813,45.889],[6.5759,45.886],[6.5734,45.8859],[6.5708,45.8811]]]}},{"type":"Feature","properties":{"code":"74090","nom":"Cornier","pop":1507},"geometry":{"type":"Polygon","coordinates":[[[6.2638,46.0749],[6.2597,46.0782],[6.2615,46.0862],[6.2669,46.0889],[6.2708,46.089],[6.2748,46.0901],[6.2786,46.0923],[6.2797,46.0939],[6.2888,46.097],[6.2929,46.1002],[6.3005,46.1027],[6.3027,46.1048],[6.303,46.1048],[6.3078,46.1006],[6.3107,46.0961],[6.3131,46.0964],[6.3163,46.0942],[6.3188,46.0941],[6.3208,46.0924],[6.3249,46.0916],[6.3211,46.0893],[6.32,46.0903],[6.3129,46.0868],[6.3167,46.0836],[6.3117,46.0833],[6.3075,46.0851],[6.3033,46.0842],[6.3023,46.0828],[6.2964,46.086],[6.2922,46.0828],[6.2915,46.0811],[6.2885,46.0846],[6.2796,46.0827],[6.2739,46.0804],[6.2726,46.0784],[6.2685,46.0748],[6.2638,46.0749]]]}},{"type":"Feature","properties":{"code":"74091","nom":"La Côte-d'Arbroz","pop":349},"geometry":{"type":"Polygon","coordinates":[[[6.5948,46.1726],[6.5995,46.1785],[6.5974,46.1826],[6.6031,46.1886],[6.6102,46.1891],[6.6114,46.1913],[6.6177,46.195],[6.6231,46.1902],[6.626,46.1914],[6.6367,46.1929],[6.6418,46.1955],[6.6447,46.194],[6.6466,46.1912],[6.6499,46.1891],[6.6568,46.1899],[6.6772,46.1942],[6.6795,46.1919],[6.6795,46.1912],[6.6779,46.1884],[6.6727,46.186],[6.6685,46.1835],[6.6614,46.1816],[6.6614,46.1787],[6.6404,46.1747],[6.6368,46.1707],[6.6302,46.1617],[6.6271,46.1628],[6.6192,46.1619],[6.62,46.1633],[6.6181,46.1669],[6.6184,46.1712],[6.6139,46.1736],[6.6051,46.1713],[6.6,46.1685],[6.5967,46.1704],[6.5948,46.1726]]]}},{"type":"Feature","properties":{"code":"74094","nom":"Cranves-Sales","pop":7762},"geometry":{"type":"Polygon","coordinates":[[[6.3538,46.2117],[6.3485,46.2116],[6.3422,46.2096],[6.3314,46.2056],[6.3232,46.2034],[6.3189,46.2001],[6.3145,46.1979],[6.303,46.1903],[6.304,46.1871],[6.3078,46.1838],[6.3098,46.1804],[6.3095,46.177],[6.3082,46.1746],[6.3052,46.1725],[6.2989,46.1739],[6.2943,46.1733],[6.2909,46.1717],[6.2878,46.172],[6.2858,46.1706],[6.2828,46.1701],[6.2785,46.1725],[6.2747,46.1701],[6.276,46.1732],[6.2802,46.1756],[6.2785,46.1786],[6.2758,46.1809],[6.2789,46.1843],[6.2798,46.1894],[6.2816,46.1925],[6.2812,46.1961],[6.2785,46.1969],[6.2765,46.199],[6.2817,46.2024],[6.2859,46.2068],[6.2867,46.206],[6.2918,46.2099],[6.2934,46.2093],[6.2958,46.2121],[6.3,46.2141],[6.3056,46.218],[6.3042,46.2221],[6.3052,46.2211],[6.3128,46.2181],[6.3211,46.2118],[6.3232,46.2119],[6.3279,46.2139],[6.331,46.217],[6.3354,46.2153],[6.34,46.2159],[6.3427,46.2154],[6.353,46.2165],[6.3546,46.2136],[6.3538,46.2117]]]}},{"type":"Feature","properties":{"code":"74095","nom":"Crempigny-Bonneguête","pop":325},"geometry":{"type":"Polygon","coordinates":[[[5.8939,45.9632],[5.8972,45.9616],[5.9008,45.9616],[5.9043,45.9597],[5.9097,45.9545],[5.9131,45.955],[5.9143,45.952],[5.92,45.9479],[5.921,45.9386],[5.9121,45.9316],[5.9102,45.9286],[5.9069,45.9302],[5.9022,45.9314],[5.9006,45.9346],[5.9006,45.9388],[5.9028,45.9413],[5.9003,45.9427],[5.8923,45.9438],[5.8807,45.9464],[5.886,45.9499],[5.8858,45.9518],[5.89,45.9578],[5.8926,45.9605],[5.8939,45.9632]]]}},{"type":"Feature","properties":{"code":"74096","nom":"Cruseilles","pop":5376},"geometry":{"type":"Polygon","coordinates":[[[6.1222,46.0752],[6.1232,46.0741],[6.1187,46.0698],[6.1195,46.0676],[6.1225,46.0653],[6.1246,46.0599],[6.1323,46.0569],[6.1354,46.0596],[6.1374,46.0554],[6.1366,46.0515],[6.1389,46.0484],[6.1483,46.0448],[6.1474,46.0417],[6.1488,46.0398],[6.1489,46.0352],[6.1508,46.0339],[6.1512,46.0318],[6.1514,46.0275],[6.1461,46.0199],[6.1406,46.0134],[6.1353,46.0103],[6.1287,46.0101],[6.1224,46.0106],[6.1156,46.0102],[6.107,46.0136],[6.09,46.0144],[6.0832,46.018],[6.0818,46.0224],[6.0779,46.0236],[6.0743,46.0269],[6.0704,46.0291],[6.0795,46.0364],[6.084,46.0377],[6.0936,46.0377],[6.097,46.0423],[6.1006,46.0437],[6.0959,46.049],[6.0987,46.052],[6.0951,46.0543],[6.0953,46.0574],[6.095,46.0588],[6.0987,46.0642],[6.1048,46.0674],[6.1111,46.0706],[6.1165,46.0723],[6.1182,46.0746],[6.1222,46.0752]]]}},{"type":"Feature","properties":{"code":"74097","nom":"Cusy","pop":1842},"geometry":{"type":"Polygon","coordinates":[[[5.9939,45.7477],[5.9915,45.7516],[5.9966,45.7545],[5.9947,45.7567],[5.9967,45.7575],[5.9966,45.7615],[5.9944,45.7633],[6.0008,45.7679],[6.0024,45.7713],[6.0057,45.7742],[6.0066,45.7757],[6.0111,45.7752],[6.0163,45.7765],[6.0191,45.7808],[6.0247,45.7818],[6.0288,45.7833],[6.0284,45.7802],[6.0301,45.7788],[6.0349,45.7767],[6.0327,45.774],[6.0432,45.7729],[6.0453,45.7701],[6.0517,45.7686],[6.0536,45.7661],[6.0561,45.7656],[6.0587,45.7619],[6.0601,45.7623],[6.0622,45.7593],[6.066,45.7568],[6.0657,45.7529],[6.0681,45.7516],[6.0779,45.7484],[6.0834,45.7471],[6.0907,45.7465],[6.0932,45.7458],[6.0956,45.7429],[6.0906,45.7442],[6.0822,45.7435],[6.0831,45.7401],[6.0762,45.741],[6.0675,45.7433],[6.0561,45.7507],[6.0543,45.751],[6.0515,45.7472],[6.0487,45.7477],[6.0481,45.7442],[6.0457,45.7415],[6.0422,45.7395],[6.0348,45.7427],[6.0204,45.7454],[6.0171,45.7464],[6.0094,45.7511],[6.0038,45.75],[6.0012,45.7486],[5.9939,45.7477]]]}},{"type":"Feature","properties":{"code":"74098","nom":"Cuvat","pop":1665},"geometry":{"type":"Polygon","coordinates":[[[6.1223,45.9839],[6.1217,45.9801],[6.1245,45.9804],[6.1285,45.9794],[6.129,45.977],[6.1313,45.975],[6.1279,45.9708],[6.1284,45.9669],[6.1268,45.965],[6.1231,45.9666],[6.1201,45.9665],[6.118,45.9687],[6.1181,45.9709],[6.1138,45.9712],[6.1103,45.9706],[6.1066,45.9673],[6.1046,45.9668],[6.1035,45.9686],[6.104,45.9709],[6.0996,45.9736],[6.094,45.973],[6.0882,45.9767],[6.0903,45.9779],[6.0834,45.9805],[6.0908,45.9867],[6.0987,45.9879],[6.1004,45.9878],[6.1023,45.9853],[6.1042,45.9855],[6.1048,45.9819],[6.1067,45.9813],[6.1128,45.982],[6.1161,45.9811],[6.1223,45.9839]]]}},{"type":"Feature","properties":{"code":"74099","nom":"Demi-Quartier","pop":801},"geometry":{"type":"Polygon","coordinates":[[[6.6619,45.8606],[6.658,45.8585],[6.6518,45.859],[6.6474,45.86],[6.6285,45.8689],[6.6235,45.8695],[6.6225,45.8667],[6.6165,45.8712],[6.6066,45.8732],[6.5969,45.8737],[6.5942,45.8753],[6.5947,45.8768],[6.6048,45.8817],[6.6073,45.8832],[6.6132,45.8838],[6.6237,45.8871],[6.6383,45.8852],[6.6453,45.8827],[6.6531,45.8777],[6.6573,45.8741],[6.6617,45.8689],[6.6631,45.8636],[6.6619,45.8606]]]}},{"type":"Feature","properties":{"code":"74100","nom":"Desingy","pop":764},"geometry":{"type":"Polygon","coordinates":[[[5.8965,46.0253],[5.896,46.0167],[5.8975,46.0119],[5.9074,46.0117],[5.9108,46.0109],[5.9131,46.0141],[5.9161,46.0127],[5.9158,46.0093],[5.9224,46.0022],[5.9238,45.9984],[5.9204,45.9929],[5.9208,45.9908],[5.9181,45.9873],[5.916,45.9829],[5.9124,45.9845],[5.9095,45.9828],[5.9025,45.982],[5.8984,45.9811],[5.889,45.9804],[5.8859,45.9806],[5.8841,45.9787],[5.881,45.9783],[5.878,45.9775],[5.8701,45.978],[5.8688,45.9816],[5.8695,45.9847],[5.8679,45.9871],[5.8622,45.9871],[5.857,45.9911],[5.8535,45.9922],[5.8512,45.9916],[5.8502,45.9935],[5.8511,45.998],[5.8552,45.9992],[5.855,46.0017],[5.8583,46.0042],[5.8589,46.0076],[5.8635,46.0093],[5.8634,46.0133],[5.8662,46.0141],[5.8707,46.0185],[5.8737,46.0201],[5.8775,46.0185],[5.881,46.0221],[5.8858,46.0237],[5.8895,46.0268],[5.8923,46.0263],[5.8934,46.0241],[5.8965,46.0253]]]}},{"type":"Feature","properties":{"code":"74101","nom":"Dingy-en-Vuache","pop":819},"geometry":{"type":"Polygon","coordinates":[[[5.959,46.0948],[5.9694,46.0977],[5.9765,46.0977],[5.9787,46.0968],[5.9804,46.0961],[5.9818,46.0933],[5.9875,46.0904],[5.9875,46.0885],[5.9862,46.0849],[5.9796,46.0839],[5.9783,46.0814],[5.9747,46.0838],[5.9751,46.0856],[5.9719,46.0862],[5.932,46.082],[5.9258,46.0801],[5.9206,46.0769],[5.9113,46.0844],[5.9158,46.0843],[5.921,46.0862],[5.9259,46.092],[5.9306,46.0956],[5.9332,46.095],[5.9346,46.0977],[5.9457,46.097],[5.959,46.0948]]]}},{"type":"Feature","properties":{"code":"74102","nom":"Dingy-Saint-Clair","pop":1466},"geometry":{"type":"Polygon","coordinates":[[[6.2438,45.9562],[6.2639,45.9581],[6.2711,45.9531],[6.2737,45.9532],[6.285,45.9511],[6.3012,45.9486],[6.3045,45.9488],[6.3148,45.9482],[6.295,45.9283],[6.2939,45.9262],[6.2905,45.9235],[6.2868,45.9217],[6.2818,45.9221],[6.2788,45.9211],[6.2739,45.9183],[6.2711,45.9152],[6.2674,45.9145],[6.2642,45.9092],[6.2593,45.9106],[6.2572,45.9121],[6.2523,45.9129],[6.2502,45.9069],[6.2481,45.9041],[6.2455,45.9024],[6.242,45.896],[6.2415,45.8953],[6.2133,45.9001],[6.2101,45.9037],[6.2044,45.9068],[6.2018,45.9088],[6.1999,45.9087],[6.1993,45.9187],[6.1933,45.9206],[6.1978,45.9219],[6.2013,45.9238],[6.2063,45.9236],[6.2114,45.9221],[6.2121,45.9255],[6.215,45.9334],[6.2158,45.9401],[6.2152,45.9407],[6.2232,45.9461],[6.2314,45.9472],[6.2359,45.9467],[6.2373,45.9498],[6.2416,45.9534],[6.2438,45.9562]]]}},{"type":"Feature","properties":{"code":"74103","nom":"Domancy","pop":2097},"geometry":{"type":"Polygon","coordinates":[[[6.6337,45.9131],[6.6362,45.9133],[6.6397,45.9162],[6.6393,45.9177],[6.6422,45.9188],[6.6442,45.921],[6.6488,45.9225],[6.6519,45.9195],[6.6605,45.9143],[6.67,45.912],[6.6722,45.9106],[6.6877,45.9086],[6.6925,45.9097],[6.693,45.9037],[6.6959,45.9018],[6.6933,45.9],[6.6903,45.9],[6.6907,45.8975],[6.6873,45.8974],[6.6832,45.8959],[6.6771,45.8967],[6.6742,45.8955],[6.6717,45.8971],[6.6628,45.8984],[6.6603,45.8992],[6.6532,45.8986],[6.645,45.9033],[6.6409,45.9029],[6.6387,45.9065],[6.6329,45.9106],[6.6337,45.9131]]]}},{"type":"Feature","properties":{"code":"74104","nom":"Doussard","pop":3751},"geometry":{"type":"Polygon","coordinates":[[[6.196,45.732],[6.185,45.7337],[6.1836,45.7333],[6.1844,45.7385],[6.1891,45.7448],[6.1903,45.7511],[6.1923,45.7527],[6.1929,45.7559],[6.2005,45.7619],[6.2024,45.7662],[6.1995,45.7682],[6.2031,45.7733],[6.2083,45.7762],[6.2093,45.7787],[6.2092,45.782],[6.2156,45.7885],[6.215,45.7911],[6.2126,45.7945],[6.2105,45.7947],[6.2094,45.7983],[6.2073,45.799],[6.2052,45.8014],[6.2075,45.8058],[6.2058,45.8085],[6.2062,45.8112],[6.1997,45.812],[6.1998,45.8145],[6.2017,45.8194],[6.2044,45.8192],[6.2151,45.8211],[6.223,45.801],[6.2289,45.8013],[6.2322,45.801],[6.2412,45.8047],[6.2454,45.8042],[6.2487,45.8005],[6.251,45.795],[6.25,45.7906],[6.2517,45.7868],[6.2465,45.7839],[6.2472,45.7794],[6.2468,45.7755],[6.2436,45.7717],[6.2409,45.7719],[6.2389,45.7701],[6.2387,45.7667],[6.2359,45.7659],[6.2316,45.7644],[6.2298,45.7574],[6.2342,45.744],[6.2363,45.7329],[6.2356,45.7273],[6.2366,45.7261],[6.2288,45.7212],[6.2254,45.7089],[6.2288,45.7038],[6.2145,45.7091],[6.2153,45.7141],[6.2166,45.717],[6.2195,45.7192],[6.2237,45.7269],[6.2252,45.7329],[6.2242,45.7368],[6.2251,45.74],[6.2242,45.7415],[6.2252,45.744],[6.2249,45.747],[6.2234,45.7501],[6.2233,45.7566],[6.2241,45.7581],[6.2219,45.7611],[6.2211,45.7638],[6.2223,45.7676],[6.2156,45.7668],[6.2115,45.7698],[6.2092,45.769],[6.2093,45.7654],[6.2063,45.7618],[6.2043,45.756],[6.2057,45.7518],[6.2023,45.7478],[6.1976,45.7366],[6.196,45.732]]]}},{"type":"Feature","properties":{"code":"74105","nom":"Douvaine","pop":6796},"geometry":{"type":"Polygon","coordinates":[[[6.3285,46.3066],[6.3246,46.3057],[6.3222,46.3025],[6.3178,46.2987],[6.3168,46.2964],[6.3102,46.2949],[6.3052,46.2959],[6.3023,46.2941],[6.2968,46.2893],[6.2946,46.2906],[6.2875,46.292],[6.2794,46.2902],[6.2775,46.2892],[6.2738,46.2903],[6.2752,46.292],[6.2731,46.3005],[6.2753,46.3047],[6.2787,46.3069],[6.2808,46.3109],[6.2836,46.3139],[6.2874,46.3214],[6.2926,46.3258],[6.2956,46.3244],[6.309,46.3222],[6.3105,46.3195],[6.3131,46.3202],[6.3168,46.3165],[6.3213,46.3134],[6.3285,46.3066]]]}},{"type":"Feature","properties":{"code":"74106","nom":"Draillant","pop":872},"geometry":{"type":"Polygon","coordinates":[[[6.4489,46.2976],[6.4513,46.2994],[6.4502,46.3038],[6.4541,46.3057],[6.4546,46.3083],[6.4575,46.3122],[6.4638,46.3132],[6.4656,46.3119],[6.4691,46.3123],[6.4694,46.3149],[6.474,46.3175],[6.4793,46.3149],[6.4796,46.3132],[6.4832,46.3111],[6.4828,46.3094],[6.4857,46.304],[6.4919,46.2955],[6.498,46.2913],[6.4857,46.2829],[6.4818,46.2775],[6.4826,46.2752],[6.4781,46.2738],[6.4758,46.2748],[6.4674,46.2749],[6.4606,46.2767],[6.4619,46.2806],[6.4644,46.285],[6.4592,46.2883],[6.4566,46.291],[6.4538,46.2922],[6.4536,46.2943],[6.4489,46.2976]]]}},{"type":"Feature","properties":{"code":"74107","nom":"Droisy","pop":155},"geometry":{"type":"Polygon","coordinates":[[[5.8807,45.9464],[5.8741,45.9462],[5.8731,45.9455],[5.8702,45.9514],[5.8702,45.9633],[5.8679,45.9629],[5.8779,45.9734],[5.881,45.9783],[5.8841,45.9787],[5.8856,45.9763],[5.8915,45.9703],[5.8932,45.9674],[5.8964,45.9662],[5.8939,45.9632],[5.8926,45.9605],[5.89,45.9578],[5.8858,45.9518],[5.886,45.9499],[5.8807,45.9464]]]}},{"type":"Feature","properties":{"code":"74108","nom":"Duingt","pop":1078},"geometry":{"type":"Polygon","coordinates":[[[6.1997,45.812],[6.1967,45.8048],[6.1963,45.8022],[6.1908,45.8038],[6.182,45.8039],[6.1828,45.8063],[6.1806,45.8147],[6.1816,45.8166],[6.179,45.8184],[6.1856,45.8249],[6.1869,45.8253],[6.1889,45.8305],[6.1919,45.8357],[6.2092,45.8361],[6.2151,45.8211],[6.2044,45.8192],[6.2017,45.8194],[6.1998,45.8145],[6.1997,45.812]]]}},{"type":"Feature","properties":{"code":"74109","nom":"Éloise","pop":931},"geometry":{"type":"Polygon","coordinates":[[[5.8563,46.0865],[5.863,46.0852],[5.8663,46.0857],[5.8669,46.0836],[5.8708,46.0805],[5.8708,46.0774],[5.8752,46.0741],[5.8703,46.0679],[5.8678,46.0661],[5.8629,46.0647],[5.8583,46.0643],[5.8508,46.0667],[5.8427,46.0705],[5.8419,46.073],[5.838,46.0795],[5.8377,46.081],[5.8343,46.0832],[5.8295,46.0882],[5.8219,46.0897],[5.8232,46.0935],[5.8237,46.0976],[5.8224,46.1012],[5.8202,46.1025],[5.821,46.1043],[5.8245,46.1039],[5.8284,46.1059],[5.8318,46.1062],[5.8414,46.1007],[5.8441,46.0954],[5.8563,46.0865]]]}},{"type":"Feature","properties":{"code":"74111","nom":"Entrevernes","pop":191},"geometry":{"type":"Polygon","coordinates":[[[6.1782,45.7466],[6.1722,45.7472],[6.166,45.749],[6.1655,45.7517],[6.1666,45.7567],[6.1682,45.7634],[6.1686,45.7675],[6.1707,45.7712],[6.1711,45.7751],[6.1736,45.7797],[6.1774,45.7868],[6.176,45.7894],[6.178,45.7942],[6.1787,45.798],[6.182,45.8039],[6.1908,45.8038],[6.1963,45.8022],[6.1945,45.7943],[6.1943,45.7893],[6.193,45.7854],[6.1926,45.7807],[6.1914,45.7805],[6.19,45.7759],[6.1921,45.7735],[6.1897,45.7669],[6.1868,45.7649],[6.1848,45.7656],[6.1809,45.7552],[6.1782,45.7466]]]}},{"type":"Feature","properties":{"code":"74112","nom":"Epagny Metz-Tessy","pop":8925},"geometry":{"type":"Polygon","coordinates":[[[6.0629,45.9391],[6.0819,45.9449],[6.0832,45.9467],[6.0807,45.9482],[6.0662,45.9515],[6.0662,45.9553],[6.0694,45.961],[6.0711,45.9614],[6.0749,45.9645],[6.0779,45.9649],[6.0789,45.9611],[6.0867,45.9603],[6.0893,45.9592],[6.0964,45.9593],[6.1,45.9559],[6.0998,45.9537],[6.1037,45.9517],[6.1087,45.9469],[6.1121,45.946],[6.1124,45.9426],[6.1165,45.9405],[6.1198,45.9397],[6.1238,45.9352],[6.1183,45.9259],[6.116,45.9244],[6.114,45.9215],[6.0958,45.9301],[6.089,45.9257],[6.0901,45.925],[6.0862,45.9211],[6.0784,45.9244],[6.0763,45.9268],[6.0757,45.9297],[6.0797,45.9325],[6.0787,45.934],[6.0629,45.9391]]]}},{"type":"Feature","properties":{"code":"74114","nom":"Essert-Romand","pop":526},"geometry":{"type":"Polygon","coordinates":[[[6.6418,46.1955],[6.6386,46.2018],[6.6392,46.2041],[6.6419,46.2056],[6.6451,46.2095],[6.6542,46.212],[6.6564,46.2148],[6.656,46.2169],[6.6611,46.2175],[6.6656,46.2192],[6.6692,46.2133],[6.6719,46.2114],[6.6739,46.2051],[6.6769,46.2037],[6.6812,46.2026],[6.6811,46.1995],[6.6795,46.1919],[6.6772,46.1942],[6.6568,46.1899],[6.6499,46.1891],[6.6466,46.1912],[6.6447,46.194],[6.6418,46.1955]]]}},{"type":"Feature","properties":{"code":"74116","nom":"Etaux","pop":2180},"geometry":{"type":"Polygon","coordinates":[[[6.2915,46.0811],[6.2945,46.0781],[6.2912,46.0758],[6.2946,46.0749],[6.2978,46.0721],[6.2969,46.071],[6.3004,46.0677],[6.2989,46.0654],[6.3019,46.0626],[6.2982,46.0616],[6.2989,46.058],[6.2953,46.0557],[6.2884,46.055],[6.2857,46.0514],[6.2778,46.0505],[6.2792,46.0481],[6.2716,46.0476],[6.2686,46.044],[6.265,46.0413],[6.2629,46.0415],[6.2603,46.0398],[6.2592,46.0376],[6.2538,46.0381],[6.251,46.0375],[6.2497,46.0415],[6.245,46.0441],[6.2479,46.0484],[6.2418,46.052],[6.2387,46.0552],[6.2401,46.0575],[6.2393,46.0596],[6.2423,46.06],[6.2469,46.063],[6.2525,46.0666],[6.2546,46.0689],[6.2586,46.0745],[6.2638,46.0749],[6.2685,46.0748],[6.2726,46.0784],[6.2739,46.0804],[6.2796,46.0827],[6.2885,46.0846],[6.2915,46.0811]]]}},{"type":"Feature","properties":{"code":"74117","nom":"Étercy","pop":985},"geometry":{"type":"Polygon","coordinates":[[[6.0201,45.8808],[6.0142,45.8822],[6.0119,45.8808],[6.0058,45.879],[6.0028,45.8849],[6.0005,45.8866],[5.9955,45.8869],[5.9922,45.89],[5.9912,45.8978],[5.9981,45.9006],[6.0019,45.9016],[6.003,45.9046],[6.0058,45.9056],[6.0092,45.9036],[6.0141,45.9039],[6.0164,45.9026],[6.016,45.9007],[6.0207,45.8976],[6.0214,45.8959],[6.0194,45.8943],[6.021,45.8904],[6.0189,45.8876],[6.019,45.8841],[6.0201,45.8808]]]}},{"type":"Feature","properties":{"code":"74118","nom":"Étrembières","pop":2679},"geometry":{"type":"Polygon","coordinates":[[[6.2377,46.1761],[6.2449,46.1743],[6.246,46.1708],[6.2446,46.1688],[6.244,46.17],[6.2401,46.17],[6.2379,46.1712],[6.2345,46.171],[6.2303,46.1723],[6.2254,46.1728],[6.2185,46.1688],[6.2141,46.1669],[6.2129,46.1693],[6.2036,46.1651],[6.1977,46.1617],[6.1937,46.1584],[6.1904,46.1543],[6.1854,46.1589],[6.1808,46.1575],[6.1777,46.1557],[6.1754,46.1584],[6.1856,46.1641],[6.1888,46.1664],[6.187,46.174],[6.1867,46.1777],[6.1885,46.1753],[6.1912,46.1739],[6.1966,46.1751],[6.2028,46.1742],[6.2183,46.1747],[6.2214,46.1777],[6.2212,46.1816],[6.2236,46.1844],[6.227,46.1846],[6.2319,46.1827],[6.2363,46.1769],[6.2377,46.1761]]]}},{"type":"Feature","properties":{"code":"74119","nom":"Évian-les-Bains","pop":9267},"geometry":{"type":"Polygon","coordinates":[[[6.6141,46.4032],[6.6137,46.401],[6.6069,46.3988],[6.6021,46.3983],[6.5968,46.3985],[6.5964,46.3971],[6.5924,46.3953],[6.5931,46.3925],[6.595,46.3897],[6.5952,46.3846],[6.5878,46.3836],[6.5879,46.381],[6.5848,46.379],[6.5779,46.3792],[6.5773,46.3801],[6.5755,46.383],[6.5737,46.3835],[6.5724,46.3867],[6.5722,46.3905],[6.5698,46.3904],[6.5702,46.3934],[6.568,46.3983],[6.5761,46.4],[6.5835,46.401],[6.5895,46.4023],[6.5941,46.4015],[6.6059,46.4022],[6.6111,46.4033],[6.6141,46.4032]]]}},{"type":"Feature","properties":{"code":"74121","nom":"Excenevex","pop":1327},"geometry":{"type":"Polygon","coordinates":[[[6.3348,46.336],[6.3278,46.3337],[6.3224,46.3329],[6.3185,46.3353],[6.3213,46.3416],[6.3259,46.3477],[6.325,46.3487],[6.3271,46.353],[6.3324,46.3535],[6.336,46.355],[6.3419,46.3562],[6.3397,46.3588],[6.3399,46.3604],[6.3434,46.3631],[6.3467,46.3646],[6.3489,46.3675],[6.3503,46.3662],[6.3504,46.3629],[6.3527,46.3581],[6.3571,46.3539],[6.357,46.3521],[6.3594,46.3496],[6.3626,46.348],[6.3615,46.3443],[6.3573,46.3417],[6.3576,46.3392],[6.3524,46.3364],[6.3493,46.336],[6.345,46.3341],[6.3424,46.3342],[6.3411,46.3363],[6.3365,46.3374],[6.3348,46.336]]]}},{"type":"Feature","properties":{"code":"74122","nom":"Faucigny","pop":684},"geometry":{"type":"Polygon","coordinates":[[[6.3639,46.1285],[6.3719,46.1249],[6.3739,46.1233],[6.3833,46.1209],[6.3808,46.1199],[6.3804,46.1178],[6.3823,46.1165],[6.382,46.1119],[6.3873,46.1108],[6.3874,46.1075],[6.3844,46.1037],[6.3872,46.1026],[6.3843,46.1015],[6.3786,46.1031],[6.3755,46.1056],[6.3671,46.1058],[6.3623,46.1101],[6.3591,46.1151],[6.3556,46.1139],[6.3533,46.1146],[6.3521,46.1199],[6.3502,46.1243],[6.3504,46.1266],[6.353,46.1283],[6.3581,46.1276],[6.3639,46.1285]]]}},{"type":"Feature","properties":{"code":"74123","nom":"Faverges-Seythenex","pop":7545},"geometry":{"type":"Polygon","coordinates":[[[6.2317,45.7032],[6.2314,45.706],[6.2469,45.7185],[6.2557,45.7225],[6.2616,45.7264],[6.2634,45.7296],[6.2669,45.7321],[6.2653,45.7388],[6.2626,45.7365],[6.2607,45.7407],[6.2647,45.7436],[6.265,45.7487],[6.2666,45.7502],[6.2672,45.7556],[6.2638,45.7579],[6.2641,45.7596],[6.2619,45.7612],[6.2528,45.7642],[6.2476,45.758],[6.2456,45.7574],[6.2426,45.7583],[6.243,45.7611],[6.2403,45.7612],[6.2392,45.7643],[6.2359,45.7659],[6.2387,45.7667],[6.2389,45.7701],[6.2409,45.7719],[6.2436,45.7717],[6.2468,45.7755],[6.2472,45.7794],[6.2465,45.7839],[6.2517,45.7868],[6.2537,45.7835],[6.2603,45.7809],[6.2615,45.7758],[6.2652,45.7773],[6.2682,45.7748],[6.2721,45.7742],[6.2772,45.7761],[6.2846,45.7755],[6.2875,45.7725],[6.2892,45.7691],[6.2966,45.7661],[6.2984,45.7679],[6.3019,45.7645],[6.3087,45.761],[6.3109,45.7567],[6.3127,45.7564],[6.3157,45.7539],[6.3167,45.7516],[6.314,45.751],[6.3152,45.7476],[6.3141,45.7434],[6.3173,45.7415],[6.3218,45.741],[6.3282,45.7382],[6.3322,45.739],[6.3356,45.737],[6.3513,45.7296],[6.3511,45.7293],[6.3442,45.7206],[6.3431,45.7169],[6.3415,45.7143],[6.3406,45.7097],[6.337,45.7051],[6.3309,45.6998],[6.3307,45.6953],[6.3288,45.6932],[6.3247,45.6929],[6.3163,45.6932],[6.3129,45.6925],[6.3078,45.6931],[6.3049,45.6933],[6.3034,45.6905],[6.291,45.6883],[6.2879,45.6881],[6.2808,45.6846],[6.2748,45.6842],[6.2684,45.6872],[6.2648,45.6866],[6.2606,45.6876],[6.2582,45.6839],[6.2507,45.6833],[6.2481,45.6848],[6.2418,45.6859],[6.2381,45.6854],[6.2353,45.6819],[6.2281,45.6817],[6.2279,45.6839],[6.2311,45.6887],[6.2305,45.6922],[6.2283,45.6975],[6.2315,45.701],[6.2317,45.7032]]]}},{"type":"Feature","properties":{"code":"74124","nom":"Feigères","pop":1879},"geometry":{"type":"Polygon","coordinates":[[[6.0535,46.0896],[6.0503,46.0926],[6.0529,46.0985],[6.0573,46.1017],[6.0608,46.1029],[6.0615,46.1047],[6.0655,46.1071],[6.0659,46.1096],[6.0601,46.11],[6.061,46.1163],[6.0601,46.1182],[6.0644,46.1237],[6.0686,46.1257],[6.0744,46.1314],[6.0738,46.1358],[6.0763,46.136],[6.0799,46.1292],[6.0835,46.1257],[6.0851,46.123],[6.086,46.1177],[6.0853,46.116],[6.0906,46.1127],[6.0894,46.1096],[6.0849,46.1065],[6.094,46.1027],[6.0939,46.1016],[6.0938,46.0986],[6.0913,46.0962],[6.0886,46.0965],[6.0869,46.0987],[6.0845,46.0986],[6.0802,46.1018],[6.0703,46.1009],[6.0708,46.0987],[6.0688,46.0975],[6.0704,46.0955],[6.0685,46.0938],[6.062,46.0932],[6.0553,46.0896],[6.0535,46.0896]]]}},{"type":"Feature","properties":{"code":"74126","nom":"Fessy","pop":1076},"geometry":{"type":"Polygon","coordinates":[[[6.3872,46.2979],[6.3915,46.2959],[6.395,46.2919],[6.3985,46.2894],[6.4023,46.2884],[6.4087,46.285],[6.4084,46.2817],[6.4117,46.2791],[6.4192,46.2808],[6.423,46.2828],[6.4263,46.2867],[6.4305,46.2876],[6.4305,46.2859],[6.434,46.2796],[6.4388,46.275],[6.445,46.2717],[6.4471,46.2695],[6.4442,46.2675],[6.4457,46.261],[6.444,46.2603],[6.4444,46.2577],[6.447,46.2568],[6.4426,46.2557],[6.4361,46.2576],[6.4305,46.2573],[6.4262,46.2534],[6.4254,46.251],[6.4212,46.2528],[6.4177,46.2558],[6.4165,46.2583],[6.4151,46.2615],[6.4165,46.263],[6.4112,46.2662],[6.4072,46.2702],[6.4074,46.2719],[6.4009,46.2779],[6.4049,46.2798],[6.401,46.2823],[6.3983,46.2866],[6.3937,46.2873],[6.3866,46.2923],[6.3864,46.2929],[6.3872,46.2979]]]}},{"type":"Feature","properties":{"code":"74127","nom":"Féternes","pop":1550},"geometry":{"type":"Polygon","coordinates":[[[6.5862,46.3259],[6.579,46.3324],[6.5716,46.3379],[6.567,46.3375],[6.5655,46.3382],[6.558,46.3397],[6.5555,46.3413],[6.5466,46.3439],[6.5441,46.3437],[6.5367,46.3454],[6.5348,46.3471],[6.5338,46.3498],[6.5276,46.3529],[6.5252,46.3566],[6.5216,46.3585],[6.5183,46.3618],[6.5291,46.3616],[6.5307,46.3646],[6.5369,46.3685],[6.5373,46.3659],[6.5442,46.3662],[6.5481,46.3643],[6.5486,46.3623],[6.5517,46.361],[6.554,46.3621],[6.5622,46.3643],[6.5641,46.3636],[6.5638,46.3604],[6.5651,46.359],[6.5699,46.3576],[6.5754,46.3604],[6.5775,46.358],[6.5846,46.3592],[6.595,46.3591],[6.5973,46.3585],[6.5965,46.3552],[6.5934,46.3527],[6.5951,46.3482],[6.5979,46.344],[6.5977,46.3311],[6.5951,46.3291],[6.5951,46.3246],[6.5905,46.3248],[6.5862,46.3259]]]}},{"type":"Feature","properties":{"code":"74128","nom":"Fillinges","pop":3671},"geometry":{"type":"Polygon","coordinates":[[[6.3498,46.19],[6.3499,46.1932],[6.3518,46.1934],[6.3547,46.1911],[6.3591,46.1896],[6.3629,46.1876],[6.3657,46.1845],[6.3709,46.1836],[6.3737,46.1803],[6.3765,46.1789],[6.3764,46.1743],[6.3773,46.1712],[6.3752,46.1676],[6.3758,46.165],[6.3733,46.1639],[6.3738,46.1618],[6.3713,46.1613],[6.3681,46.1587],[6.3651,46.1577],[6.3705,46.1556],[6.3705,46.1536],[6.364,46.1557],[6.3566,46.1558],[6.353,46.1548],[6.3497,46.1521],[6.3465,46.1526],[6.3416,46.1507],[6.339,46.1471],[6.3373,46.147],[6.332,46.1511],[6.323,46.1492],[6.3189,46.1497],[6.3175,46.1485],[6.3153,46.1497],[6.3176,46.1524],[6.3156,46.1535],[6.3177,46.1557],[6.3176,46.1581],[6.3191,46.1597],[6.3166,46.161],[6.3216,46.165],[6.3266,46.1648],[6.3354,46.1653],[6.3439,46.1647],[6.3457,46.1669],[6.342,46.1685],[6.3422,46.1711],[6.3447,46.1766],[6.3471,46.1798],[6.3505,46.1823],[6.3498,46.19]]]}},{"type":"Feature","properties":{"code":"74129","nom":"La Forclaz","pop":219},"geometry":{"type":"Polygon","coordinates":[[[6.5968,46.3248],[6.5972,46.3271],[6.6009,46.3288],[6.6027,46.3307],[6.6062,46.3303],[6.6122,46.3279],[6.6178,46.3263],[6.6225,46.3225],[6.6297,46.3192],[6.6351,46.3203],[6.6355,46.3159],[6.6258,46.3132],[6.6255,46.3111],[6.6205,46.3034],[6.6169,46.3006],[6.6181,46.3023],[6.6176,46.3053],[6.6152,46.3081],[6.6105,46.312],[6.611,46.3144],[6.601,46.3196],[6.5994,46.3235],[6.5968,46.3248]]]}},{"type":"Feature","properties":{"code":"74130","nom":"Franclens","pop":541},"geometry":{"type":"Polygon","coordinates":[[[5.8068,46.0442],[5.8076,46.0459],[5.812,46.0508],[5.8142,46.0552],[5.8241,46.0545],[5.8286,46.0555],[5.8405,46.0479],[5.8471,46.045],[5.8468,46.0411],[5.8447,46.0389],[5.8407,46.0416],[5.8349,46.0372],[5.8311,46.0351],[5.8251,46.0328],[5.8189,46.0347],[5.8167,46.0336],[5.8109,46.0325],[5.809,46.0332],[5.8089,46.0385],[5.8068,46.0442]]]}},{"type":"Feature","properties":{"code":"74131","nom":"Frangy","pop":2262},"geometry":{"type":"Polygon","coordinates":[[[5.9224,46.0022],[5.9158,46.0093],[5.9161,46.0127],[5.9131,46.0141],[5.9108,46.0109],[5.9074,46.0117],[5.8975,46.0119],[5.896,46.0167],[5.8965,46.0253],[5.8995,46.0261],[5.9055,46.0293],[5.9114,46.0345],[5.919,46.0375],[5.9218,46.0422],[5.9243,46.044],[5.9265,46.0399],[5.9329,46.0342],[5.9413,46.0311],[5.9439,46.0294],[5.9487,46.0303],[5.948,46.0242],[5.9489,46.0222],[5.9486,46.0187],[5.945,46.017],[5.9421,46.0176],[5.9367,46.0138],[5.9307,46.0132],[5.9283,46.0124],[5.9263,46.0068],[5.9224,46.0022]]]}},{"type":"Feature","properties":{"code":"74133","nom":"Gaillard","pop":11423},"geometry":{"type":"Polygon","coordinates":[[[6.2139,46.1939],[6.2196,46.1917],[6.2158,46.1887],[6.2168,46.188],[6.2194,46.1877],[6.224,46.1856],[6.2236,46.1844],[6.2212,46.1816],[6.2214,46.1777],[6.2183,46.1747],[6.2028,46.1742],[6.1966,46.1751],[6.1912,46.1739],[6.1885,46.1753],[6.1867,46.1777],[6.1871,46.1804],[6.1915,46.1815],[6.195,46.1834],[6.1978,46.1834],[6.2027,46.1891],[6.2063,46.192],[6.2111,46.1927],[6.2139,46.1939]]]}},{"type":"Feature","properties":{"code":"74134","nom":"Les Gets","pop":1227},"geometry":{"type":"Polygon","coordinates":[[[6.6795,46.1912],[6.6824,46.1868],[6.6855,46.1861],[6.6883,46.1824],[6.6927,46.1786],[6.6936,46.1741],[6.6912,46.1735],[6.6929,46.1678],[6.6932,46.164],[6.6944,46.1608],[6.6925,46.1584],[6.6941,46.1556],[6.6949,46.1501],[6.693,46.1483],[6.6935,46.1453],[6.6959,46.1433],[6.6952,46.1402],[6.6986,46.1364],[6.6993,46.1345],[6.683,46.1263],[6.6782,46.1302],[6.6773,46.133],[6.6734,46.1346],[6.6719,46.1363],[6.6637,46.1355],[6.6573,46.1326],[6.66,46.1308],[6.6635,46.1231],[6.6625,46.1195],[6.6589,46.122],[6.6563,46.125],[6.6484,46.1289],[6.6482,46.1306],[6.6403,46.1334],[6.6374,46.1324],[6.6338,46.1335],[6.6295,46.1294],[6.6228,46.1295],[6.6227,46.1313],[6.6251,46.1338],[6.6231,46.1368],[6.6175,46.1423],[6.6172,46.1453],[6.615,46.1508],[6.6172,46.1543],[6.6193,46.1601],[6.6192,46.1619],[6.6271,46.1628],[6.6302,46.1617],[6.6368,46.1707],[6.6404,46.1747],[6.6614,46.1787],[6.6614,46.1816],[6.6685,46.1835],[6.6727,46.186],[6.6779,46.1884],[6.6795,46.1912]]]}},{"type":"Feature","properties":{"code":"74135","nom":"Giez","pop":570},"geometry":{"type":"Polygon","coordinates":[[[6.2317,45.7032],[6.2288,45.7038],[6.2254,45.7089],[6.2288,45.7212],[6.2366,45.7261],[6.2356,45.7273],[6.2363,45.7329],[6.2342,45.744],[6.2298,45.7574],[6.2316,45.7644],[6.2359,45.7659],[6.2392,45.7643],[6.2403,45.7612],[6.243,45.7611],[6.2426,45.7583],[6.2456,45.7574],[6.2476,45.758],[6.2528,45.7642],[6.2619,45.7612],[6.2641,45.7596],[6.2638,45.7579],[6.2672,45.7556],[6.2666,45.7502],[6.265,45.7487],[6.2647,45.7436],[6.2607,45.7407],[6.2626,45.7365],[6.2653,45.7388],[6.2669,45.7321],[6.2634,45.7296],[6.2616,45.7264],[6.2557,45.7225],[6.2469,45.7185],[6.2314,45.706],[6.2317,45.7032]]]}},{"type":"Feature","properties":{"code":"74136","nom":"Le Grand-Bornand","pop":2050},"geometry":{"type":"Polygon","coordinates":[[[6.4089,45.9417],[6.4055,45.9433],[6.4064,45.9458],[6.4035,45.9468],[6.4058,45.9519],[6.4079,45.9548],[6.4079,45.9564],[6.4114,45.9577],[6.4134,45.9601],[6.4139,45.9632],[6.4179,45.969],[6.4209,45.9719],[6.4265,45.9742],[6.4317,45.9778],[6.4326,45.9822],[6.438,45.9833],[6.44,45.9846],[6.4451,45.9862],[6.4468,45.991],[6.449,45.9938],[6.4546,45.9974],[6.4599,45.9989],[6.4601,45.9989],[6.4788,45.9892],[6.4846,45.9875],[6.4856,45.9855],[6.4842,45.9839],[6.4941,45.9803],[6.5014,45.9789],[6.5123,45.9786],[6.5143,45.981],[6.5205,45.9815],[6.5276,45.9829],[6.533,45.974],[6.5345,45.9729],[6.5362,45.9688],[6.5359,45.9644],[6.5427,45.963],[6.5472,45.9589],[6.5559,45.9558],[6.555,45.9516],[6.5499,45.9502],[6.5442,45.9478],[6.5435,45.9457],[6.5387,45.9425],[6.5398,45.9402],[6.5368,45.9351],[6.5339,45.9328],[6.5345,45.9247],[6.531,45.9246],[6.5214,45.929],[6.5171,45.9297],[6.5116,45.9324],[6.5038,45.9348],[6.4969,45.9347],[6.4893,45.9323],[6.4859,45.9307],[6.4735,45.9234],[6.4713,45.9218],[6.4634,45.9215],[6.4586,45.9203],[6.4552,45.9203],[6.4477,45.9218],[6.4363,45.9301],[6.4322,45.9315],[6.4288,45.9302],[6.4156,45.9397],[6.4112,45.9436],[6.4089,45.9417]]]}},{"type":"Feature","properties":{"code":"74137","nom":"Groisy","pop":4082},"geometry":{"type":"Polygon","coordinates":[[[6.1719,45.9898],[6.1685,45.991],[6.162,45.9955],[6.1554,45.996],[6.1535,45.9974],[6.15,45.9978],[6.1477,45.9988],[6.147,46.0037],[6.1442,46.0062],[6.1402,46.0071],[6.1369,46.0104],[6.1353,46.0103],[6.1406,46.0134],[6.1461,46.0199],[6.1514,46.0275],[6.1512,46.0318],[6.1539,46.0331],[6.1639,46.0362],[6.1658,46.0378],[6.1696,46.0383],[6.1715,46.0402],[6.1773,46.0408],[6.1799,46.0441],[6.1823,46.0454],[6.1847,46.045],[6.1938,46.0457],[6.1998,46.0453],[6.2007,46.0436],[6.2041,46.0429],[6.2027,46.0407],[6.2043,46.0378],[6.2039,46.0335],[6.2003,46.0295],[6.2038,46.0288],[6.2071,46.0271],[6.2042,46.0253],[6.2035,46.0226],[6.2046,46.0185],[6.203,46.0169],[6.2049,46.0134],[6.2091,46.0124],[6.2049,46.0086],[6.2028,46.005],[6.2044,46.0031],[6.2029,46.0008],[6.1976,46.002],[6.191,46.0013],[6.1867,46.0019],[6.1856,46.0002],[6.1813,45.9989],[6.1797,45.9973],[6.1769,45.9966],[6.1728,45.992],[6.1719,45.9898]]]}},{"type":"Feature","properties":{"code":"74138","nom":"Gruffy","pop":1504},"geometry":{"type":"Polygon","coordinates":[[[6.0958,45.7755],[6.0908,45.7738],[6.0841,45.7738],[6.0768,45.772],[6.0713,45.7697],[6.0633,45.7681],[6.0634,45.7645],[6.0601,45.7623],[6.0587,45.7619],[6.0561,45.7656],[6.0536,45.7661],[6.0517,45.7686],[6.0453,45.7701],[6.0432,45.7729],[6.0327,45.774],[6.0349,45.7767],[6.0301,45.7788],[6.0284,45.7802],[6.0288,45.7833],[6.0316,45.785],[6.0287,45.7904],[6.0267,45.7918],[6.0279,45.7946],[6.0317,45.7926],[6.0359,45.7919],[6.039,45.7924],[6.0404,45.7912],[6.0464,45.7956],[6.048,45.7979],[6.0514,45.799],[6.0573,45.799],[6.0623,45.8],[6.0697,45.7965],[6.0776,45.7949],[6.0798,45.7967],[6.0905,45.7956],[6.1018,45.7933],[6.0984,45.7892],[6.0946,45.7861],[6.0932,45.7828],[6.0971,45.779],[6.0958,45.7755]]]}},{"type":"Feature","properties":{"code":"74139","nom":"Habère-Lullin","pop":1122},"geometry":{"type":"Polygon","coordinates":[[[6.4893,46.2319],[6.4891,46.2283],[6.4883,46.2255],[6.4817,46.2208],[6.4751,46.2118],[6.4669,46.2164],[6.4655,46.2193],[6.4582,46.2214],[6.4516,46.2239],[6.4426,46.2268],[6.4436,46.2289],[6.4458,46.23],[6.4476,46.234],[6.4398,46.2448],[6.4375,46.2509],[6.4361,46.2576],[6.4426,46.2557],[6.447,46.2568],[6.447,46.2568],[6.4512,46.2514],[6.4511,46.2488],[6.4537,46.2468],[6.4537,46.244],[6.4571,46.2416],[6.4644,46.2399],[6.4675,46.2403],[6.4728,46.2395],[6.4847,46.2338],[6.4893,46.2319]]]}},{"type":"Feature","properties":{"code":"74140","nom":"Habère-Poche","pop":1488},"geometry":{"type":"Polygon","coordinates":[[[6.447,46.2568],[6.4506,46.2577],[6.4533,46.2598],[6.4571,46.2731],[6.4606,46.2767],[6.4674,46.2749],[6.4758,46.2748],[6.4781,46.2738],[6.4826,46.2752],[6.4841,46.2698],[6.4878,46.2714],[6.4925,46.2683],[6.4919,46.2626],[6.4894,46.2595],[6.4866,46.2576],[6.4893,46.2534],[6.4968,46.2442],[6.4951,46.2388],[6.4919,46.236],[6.4893,46.2319],[6.4847,46.2338],[6.4728,46.2395],[6.4675,46.2403],[6.4644,46.2399],[6.4571,46.2416],[6.4537,46.244],[6.4537,46.2468],[6.4511,46.2488],[6.4512,46.2514],[6.447,46.2568]]]}},{"type":"Feature","properties":{"code":"74141","nom":"Hauteville-sur-Fier","pop":1155},"geometry":{"type":"Polygon","coordinates":[[[5.9776,45.9193],[5.9806,45.9193],[5.9828,45.9175],[5.9823,45.915],[5.9845,45.9138],[5.9842,45.9112],[5.986,45.9094],[5.9951,45.9089],[5.9984,45.9077],[5.9959,45.9035],[5.9981,45.9006],[5.9912,45.8978],[5.9834,45.8955],[5.9736,45.8958],[5.9672,45.8979],[5.9641,45.9001],[5.9603,45.9009],[5.9581,45.9043],[5.9591,45.9105],[5.9638,45.9118],[5.9683,45.9111],[5.9698,45.9143],[5.9726,45.9153],[5.9776,45.9193]]]}},{"type":"Feature","properties":{"code":"74142","nom":"Héry-sur-Alby","pop":979},"geometry":{"type":"Polygon","coordinates":[[[6.0288,45.7833],[6.0247,45.7818],[6.0191,45.7808],[6.0163,45.7765],[6.0111,45.7752],[6.0066,45.7757],[6.0057,45.7742],[6.0029,45.776],[6.0055,45.7781],[6.0029,45.7822],[6.0004,45.7839],[6.0009,45.7853],[5.998,45.7872],[5.9997,45.7895],[5.9945,45.7915],[5.9917,45.79],[5.989,45.7942],[5.9896,45.7963],[5.9848,45.7966],[5.9854,45.8001],[5.9897,45.8004],[5.9918,45.8022],[5.9955,45.8038],[5.9978,45.8029],[6.0021,45.8057],[6.0069,45.804],[6.0075,45.803],[6.0119,45.8011],[6.0141,45.8045],[6.0182,45.8038],[6.0242,45.8047],[6.0274,45.8022],[6.0252,45.8005],[6.0284,45.7985],[6.0279,45.7946],[6.0267,45.7918],[6.0287,45.7904],[6.0316,45.785],[6.0288,45.7833]]]}},{"type":"Feature","properties":{"code":"74143","nom":"Les Houches","pop":3515},"geometry":{"type":"Polygon","coordinates":[[[6.8435,45.8426],[6.8307,45.8551],[6.806,45.862],[6.7971,45.875],[6.7822,45.8755],[6.7782,45.878],[6.7756,45.8808],[6.7639,45.8807],[6.7585,45.8859],[6.757,45.8884],[6.7513,45.8995],[6.7486,45.9033],[6.7502,45.9053],[6.7433,45.908],[6.7427,45.9101],[6.7466,45.9135],[6.7483,45.9138],[6.7546,45.9171],[6.7546,45.9211],[6.7583,45.9245],[6.7558,45.9261],[6.7568,45.9283],[6.7675,45.9279],[6.7671,45.9295],[6.7694,45.9328],[6.772,45.9342],[6.7783,45.9322],[6.7825,45.9336],[6.7899,45.9344],[6.7918,45.9353],[6.7996,45.9359],[6.8023,45.9387],[6.8139,45.9412],[6.8182,45.9409],[6.822,45.9359],[6.8259,45.9295],[6.8271,45.9221],[6.8237,45.9191],[6.8205,45.9199],[6.8137,45.9195],[6.8183,45.9141],[6.821,45.9124],[6.8234,45.9087],[6.8298,45.9034],[6.8261,45.8997],[6.8266,45.8988],[6.8379,45.8904],[6.8396,45.8871],[6.8555,45.8714],[6.844,45.8464],[6.8435,45.8426]]]}},{"type":"Feature","properties":{"code":"74144","nom":"Jonzier-Épagny","pop":942},"geometry":{"type":"Polygon","coordinates":[[[5.9875,46.0885],[6.002,46.0873],[6.006,46.0874],[6.0151,46.0846],[6.0121,46.0807],[6.0136,46.0802],[6.0099,46.0756],[6.0078,46.0763],[6.0027,46.0712],[5.9963,46.0689],[5.9912,46.0625],[5.9855,46.0634],[5.9798,46.0661],[5.9758,46.0649],[5.9733,46.065],[5.972,46.0651],[5.9695,46.0682],[5.9674,46.069],[5.9652,46.0753],[5.9657,46.0787],[5.9695,46.0829],[5.9716,46.0838],[5.9719,46.0862],[5.9751,46.0856],[5.9747,46.0838],[5.9783,46.0814],[5.9796,46.0839],[5.9862,46.0849],[5.9875,46.0885]]]}},{"type":"Feature","properties":{"code":"74145","nom":"Juvigny","pop":639},"geometry":{"type":"Polygon","coordinates":[[[6.3042,46.2221],[6.3056,46.218],[6.3,46.2141],[6.2958,46.2121],[6.2934,46.2093],[6.2918,46.2099],[6.2867,46.206],[6.2859,46.2068],[6.2825,46.2103],[6.2774,46.2096],[6.2756,46.2118],[6.2764,46.2153],[6.2878,46.2218],[6.2896,46.2231],[6.2946,46.2251],[6.3035,46.2241],[6.3042,46.2221]]]}},{"type":"Feature","properties":{"code":"74146","nom":"Larringes","pop":1592},"geometry":{"type":"Polygon","coordinates":[[[6.6084,46.3835],[6.6066,46.3775],[6.6067,46.3712],[6.6078,46.3661],[6.6099,46.3622],[6.6101,46.3595],[6.6064,46.3582],[6.6042,46.3588],[6.5973,46.3585],[6.595,46.3591],[6.5846,46.3592],[6.5775,46.358],[6.5754,46.3604],[6.5699,46.3576],[6.5651,46.359],[6.5638,46.3604],[6.5641,46.3636],[6.5622,46.3643],[6.5668,46.3669],[6.5647,46.3694],[6.5655,46.3722],[6.5689,46.3771],[6.5712,46.3779],[6.5716,46.3799],[6.5773,46.3801],[6.5779,46.3792],[6.5848,46.379],[6.5879,46.381],[6.5878,46.3836],[6.5952,46.3846],[6.5971,46.3821],[6.606,46.3837],[6.6084,46.3835]]]}},{"type":"Feature","properties":{"code":"74147","nom":"Lathuile","pop":1105},"geometry":{"type":"Polygon","coordinates":[[[6.1963,45.8022],[6.1967,45.8048],[6.1997,45.812],[6.2062,45.8112],[6.2058,45.8085],[6.2075,45.8058],[6.2052,45.8014],[6.2073,45.799],[6.2094,45.7983],[6.2105,45.7947],[6.2126,45.7945],[6.215,45.7911],[6.2156,45.7885],[6.2092,45.782],[6.2093,45.7787],[6.2083,45.7762],[6.2031,45.7733],[6.1995,45.7682],[6.2024,45.7662],[6.2005,45.7619],[6.1929,45.7559],[6.1923,45.7527],[6.1903,45.7511],[6.1891,45.7448],[6.1844,45.7385],[6.1836,45.7333],[6.1772,45.7373],[6.1771,45.739],[6.1787,45.7433],[6.1782,45.7466],[6.1809,45.7552],[6.1848,45.7656],[6.1868,45.7649],[6.1897,45.7669],[6.1921,45.7735],[6.19,45.7759],[6.1914,45.7805],[6.1926,45.7807],[6.193,45.7854],[6.1943,45.7893],[6.1945,45.7943],[6.1963,45.8022]]]}},{"type":"Feature","properties":{"code":"74148","nom":"Leschaux","pop":328},"geometry":{"type":"Polygon","coordinates":[[[6.1376,45.7613],[6.1379,45.7578],[6.1347,45.7547],[6.1327,45.7546],[6.1263,45.7507],[6.1219,45.7509],[6.1214,45.7526],[6.1142,45.7555],[6.1151,45.7574],[6.1045,45.76],[6.1026,45.7642],[6.1036,45.7652],[6.1035,45.7693],[6.1023,45.7731],[6.0958,45.7755],[6.0971,45.779],[6.0932,45.7828],[6.0946,45.7861],[6.0984,45.7892],[6.1018,45.7933],[6.106,45.7972],[6.1186,45.7933],[6.1215,45.7935],[6.1284,45.793],[6.1265,45.7882],[6.1355,45.788],[6.1395,45.7865],[6.1366,45.7804],[6.1361,45.7762],[6.1373,45.7736],[6.1414,45.7696],[6.1401,45.765],[6.1376,45.7613]]]}},{"type":"Feature","properties":{"code":"74150","nom":"Loisin","pop":1768},"geometry":{"type":"Polygon","coordinates":[[[6.3263,46.2663],[6.325,46.2654],[6.3185,46.2649],[6.3134,46.2629],[6.3094,46.2642],[6.3044,46.2668],[6.2978,46.2667],[6.3008,46.2708],[6.299,46.2727],[6.2932,46.2732],[6.2913,46.2753],[6.2909,46.2776],[6.2793,46.2839],[6.2775,46.2844],[6.2753,46.2871],[6.2775,46.2892],[6.2794,46.2902],[6.2875,46.292],[6.2946,46.2906],[6.2968,46.2893],[6.3023,46.2941],[6.3052,46.2959],[6.3102,46.2949],[6.3168,46.2964],[6.3181,46.2935],[6.3169,46.2913],[6.3183,46.2812],[6.3178,46.2779],[6.3238,46.2764],[6.3249,46.2721],[6.3246,46.2692],[6.3266,46.2689],[6.3263,46.2663]]]}},{"type":"Feature","properties":{"code":"74151","nom":"Lornay","pop":588},"geometry":{"type":"Polygon","coordinates":[[[5.8668,45.8988],[5.8659,45.9033],[5.865,45.9093],[5.8625,45.9173],[5.8658,45.9191],[5.8774,45.9227],[5.8824,45.9235],[5.8874,45.9259],[5.8916,45.9266],[5.8951,45.9281],[5.8973,45.9259],[5.9004,45.9253],[5.9051,45.9211],[5.9063,45.9188],[5.9058,45.9166],[5.9081,45.9116],[5.9129,45.9077],[5.914,45.9047],[5.9167,45.9027],[5.9201,45.9021],[5.9215,45.9006],[5.9224,45.8927],[5.9217,45.8903],[5.9187,45.8925],[5.912,45.8988],[5.9091,45.899],[5.9092,45.9021],[5.906,45.9044],[5.9019,45.9016],[5.8977,45.9004],[5.8898,45.8997],[5.8829,45.9001],[5.8668,45.8988]]]}},{"type":"Feature","properties":{"code":"74152","nom":"Lovagny","pop":1358},"geometry":{"type":"Polygon","coordinates":[[[6.037,45.9176],[6.0413,45.9184],[6.0435,45.9121],[6.0464,45.9079],[6.0456,45.9067],[6.0504,45.903],[6.0557,45.9018],[6.0574,45.8991],[6.058,45.898],[6.0543,45.8954],[6.0508,45.8945],[6.042,45.8949],[6.0409,45.8935],[6.0348,45.8915],[6.0338,45.8931],[6.0306,45.8928],[6.029,45.8965],[6.0221,45.8953],[6.0214,45.8959],[6.0207,45.8976],[6.016,45.9007],[6.0164,45.9026],[6.0141,45.9039],[6.017,45.9056],[6.0181,45.909],[6.0173,45.9105],[6.0233,45.91],[6.0272,45.9128],[6.0305,45.9131],[6.0323,45.9155],[6.0346,45.9152],[6.037,45.9176]]]}},{"type":"Feature","properties":{"code":"74153","nom":"Lucinges","pop":1819},"geometry":{"type":"Polygon","coordinates":[[[6.3499,46.1932],[6.3498,46.19],[6.3388,46.1862],[6.3317,46.1817],[6.3293,46.1808],[6.3233,46.1805],[6.316,46.1833],[6.3135,46.183],[6.3098,46.1804],[6.3078,46.1838],[6.304,46.1871],[6.303,46.1903],[6.3145,46.1979],[6.3189,46.2001],[6.3232,46.2034],[6.3314,46.2056],[6.3422,46.2096],[6.3485,46.2116],[6.3538,46.2117],[6.3513,46.2075],[6.3469,46.197],[6.3499,46.1932]]]}},{"type":"Feature","properties":{"code":"74154","nom":"Lugrin","pop":2614},"geometry":{"type":"Polygon","coordinates":[[[6.6985,46.3741],[6.696,46.3735],[6.6866,46.3744],[6.6826,46.3769],[6.675,46.377],[6.6706,46.375],[6.6671,46.3783],[6.6621,46.3805],[6.6582,46.3803],[6.6536,46.3785],[6.6533,46.3802],[6.6491,46.3848],[6.6509,46.385],[6.6493,46.3884],[6.6467,46.3901],[6.6449,46.3932],[6.6465,46.3969],[6.6443,46.4011],[6.64,46.4012],[6.6398,46.4038],[6.6383,46.4054],[6.6494,46.406],[6.6586,46.4047],[6.6666,46.4047],[6.6704,46.4051],[6.6757,46.4069],[6.6797,46.4076],[6.6848,46.407],[6.6884,46.4079],[6.6977,46.4082],[6.7121,46.4076],[6.7109,46.4025],[6.7063,46.3999],[6.7033,46.3988],[6.7032,46.3949],[6.6971,46.3932],[6.6952,46.3936],[6.6929,46.3914],[6.6873,46.391],[6.6873,46.3889],[6.6896,46.3866],[6.6928,46.3859],[6.6982,46.3783],[6.6985,46.3741]]]}},{"type":"Feature","properties":{"code":"74155","nom":"Lullin","pop":809},"geometry":{"type":"Polygon","coordinates":[[[6.498,46.2913],[6.5003,46.2949],[6.5034,46.2977],[6.5058,46.2977],[6.5071,46.2997],[6.5095,46.2974],[6.5166,46.2957],[6.5241,46.2981],[6.5304,46.2977],[6.5348,46.296],[6.5378,46.2933],[6.5396,46.2866],[6.5371,46.2826],[6.5377,46.2782],[6.5313,46.2728],[6.5288,46.2721],[6.5228,46.2688],[6.5183,46.2653],[6.5122,46.2671],[6.5078,46.261],[6.5073,46.2582],[6.5014,46.2581],[6.4971,46.257],[6.4943,46.2583],[6.4893,46.2534],[6.4866,46.2576],[6.4894,46.2595],[6.4919,46.2626],[6.4925,46.2683],[6.4878,46.2714],[6.4841,46.2698],[6.4826,46.2752],[6.4818,46.2775],[6.4857,46.2829],[6.498,46.2913]]]}},{"type":"Feature","properties":{"code":"74156","nom":"Lully","pop":764},"geometry":{"type":"Polygon","coordinates":[[[6.3872,46.2979],[6.3861,46.299],[6.3886,46.3017],[6.3916,46.3027],[6.3948,46.3056],[6.3994,46.3063],[6.4012,46.3078],[6.4036,46.307],[6.4042,46.3057],[6.4112,46.2993],[6.4201,46.2938],[6.4217,46.2921],[6.4288,46.2927],[6.4306,46.2902],[6.4305,46.2876],[6.4263,46.2867],[6.423,46.2828],[6.4192,46.2808],[6.4117,46.2791],[6.4084,46.2817],[6.4087,46.285],[6.4023,46.2884],[6.3985,46.2894],[6.395,46.2919],[6.3915,46.2959],[6.3872,46.2979]]]}},{"type":"Feature","properties":{"code":"74157","nom":"Lyaud","pop":1780},"geometry":{"type":"Polygon","coordinates":[[[6.4963,46.3411],[6.5021,46.3451],[6.5145,46.3441],[6.5159,46.3467],[6.5189,46.3468],[6.5237,46.3458],[6.5258,46.3463],[6.5293,46.344],[6.5338,46.3464],[6.5367,46.3454],[6.5441,46.3437],[6.5466,46.3439],[6.5443,46.3394],[6.5439,46.332],[6.5411,46.3296],[6.5369,46.3227],[6.5362,46.3193],[6.5319,46.3167],[6.5227,46.3197],[6.5177,46.3233],[6.5113,46.3247],[6.5072,46.3216],[6.5002,46.3255],[6.4987,46.3309],[6.4926,46.3334],[6.4926,46.3351],[6.4959,46.3368],[6.4963,46.3411]]]}},{"type":"Feature","properties":{"code":"74158","nom":"Machilly","pop":1152},"geometry":{"type":"Polygon","coordinates":[[[6.2978,46.2667],[6.3044,46.2668],[6.3094,46.2642],[6.3134,46.2629],[6.3185,46.2649],[6.325,46.2654],[6.3263,46.2663],[6.3273,46.2625],[6.3298,46.2611],[6.3349,46.2616],[6.3368,46.2602],[6.34,46.26],[6.3401,46.2572],[6.3425,46.2551],[6.341,46.2536],[6.3417,46.2506],[6.3458,46.2491],[6.3452,46.2471],[6.3479,46.2425],[6.3471,46.2398],[6.3488,46.2378],[6.3472,46.2341],[6.3446,46.2345],[6.3447,46.2365],[6.3421,46.2388],[6.3376,46.2406],[6.3359,46.2448],[6.3315,46.2464],[6.3279,46.2497],[6.3223,46.2502],[6.315,46.2533],[6.3085,46.2552],[6.3065,46.2565],[6.3029,46.2549],[6.2964,46.2556],[6.294,46.2579],[6.2963,46.2618],[6.2949,46.2646],[6.2978,46.2667]]]}},{"type":"Feature","properties":{"code":"74159","nom":"Magland","pop":3220},"geometry":{"type":"Polygon","coordinates":[[[6.5765,45.9817],[6.5749,45.9838],[6.5685,45.9853],[6.5712,45.9909],[6.583,45.9987],[6.5873,46.0003],[6.5856,46.0019],[6.5851,46.0053],[6.5859,46.0069],[6.5842,46.0155],[6.5915,46.0201],[6.5952,46.0232],[6.5949,46.0248],[6.5916,46.0291],[6.5923,46.0307],[6.5923,46.037],[6.5974,46.0404],[6.598,46.044],[6.5996,46.0452],[6.6068,46.0437],[6.6078,46.0443],[6.6133,46.0455],[6.6184,46.0418],[6.6243,46.0235],[6.6275,46.0227],[6.6276,46.0166],[6.6284,46.0152],[6.6334,46.0142],[6.6393,46.0115],[6.6426,46.0107],[6.6453,46.0112],[6.6488,46.008],[6.6548,46.0072],[6.6632,46.0045],[6.6635,46.0025],[6.6658,46.0018],[6.6833,46.0064],[6.6905,46.006],[6.6931,46.0042],[6.6966,46.0048],[6.6996,46.0019],[6.7115,45.9953],[6.7225,45.9844],[6.7158,45.9836],[6.7057,45.98],[6.7035,45.9771],[6.6983,45.9753],[6.6948,45.9726],[6.693,45.9727],[6.6933,45.9773],[6.6924,45.9831],[6.6866,45.9851],[6.6838,45.9847],[6.6794,45.9857],[6.6735,45.9856],[6.6644,45.987],[6.6567,45.9833],[6.6576,45.9815],[6.665,45.9794],[6.6645,45.9776],[6.656,45.9774],[6.6527,45.9778],[6.6493,45.9799],[6.6446,45.9812],[6.6435,45.9793],[6.6382,45.9777],[6.6373,45.9811],[6.6348,45.9791],[6.6299,45.9809],[6.6258,45.9852],[6.6211,45.987],[6.6185,45.9852],[6.6097,45.981],[6.6078,45.9788],[6.6044,45.9773],[6.5968,45.9746],[6.596,45.9774],[6.5904,45.9791],[6.5765,45.9817]]]}},{"type":"Feature","properties":{"code":"74160","nom":"Manigod","pop":1000},"geometry":{"type":"Polygon","coordinates":[[[6.4442,45.8314],[6.441,45.8303],[6.4349,45.822],[6.4309,45.8203],[6.4294,45.8166],[6.4293,45.8136],[6.4258,45.8112],[6.4258,45.8088],[6.424,45.8025],[6.4201,45.8024],[6.4181,45.8053],[6.4145,45.8074],[6.4137,45.8105],[6.4098,45.8129],[6.4084,45.8151],[6.4073,45.8196],[6.4055,45.8227],[6.3969,45.826],[6.3928,45.8281],[6.3883,45.8282],[6.3849,45.829],[6.3801,45.8265],[6.3754,45.826],[6.3716,45.8278],[6.3717,45.8287],[6.3715,45.8316],[6.3743,45.8344],[6.3687,45.8339],[6.3623,45.84],[6.3583,45.8415],[6.3529,45.8421],[6.3523,45.8484],[6.3513,45.8527],[6.3493,45.8565],[6.3502,45.8579],[6.3431,45.8581],[6.3422,45.8603],[6.3449,45.8633],[6.3461,45.8702],[6.3507,45.874],[6.3543,45.8734],[6.3582,45.8745],[6.3626,45.8743],[6.3695,45.8757],[6.3714,45.8772],[6.381,45.881],[6.3816,45.883],[6.3848,45.8832],[6.3948,45.8856],[6.3985,45.8855],[6.4041,45.8832],[6.4078,45.8841],[6.4093,45.8811],[6.4165,45.8779],[6.4177,45.8734],[6.4192,45.8727],[6.4368,45.8672],[6.4398,45.8668],[6.4467,45.8638],[6.4503,45.861],[6.4532,45.8591],[6.4543,45.8548],[6.4523,45.8524],[6.4488,45.8513],[6.4465,45.8487],[6.4453,45.8446],[6.4486,45.842],[6.4499,45.8373],[6.4454,45.8334],[6.4442,45.8314]]]}},{"type":"Feature","properties":{"code":"74161","nom":"Marcellaz-Albanais","pop":2058},"geometry":{"type":"Polygon","coordinates":[[[6.033,45.853],[6.0313,45.851],[6.0275,45.8494],[6.0255,45.8499],[6.0199,45.8535],[6.0172,45.8578],[6.0153,45.855],[6.0094,45.8504],[6.0051,45.8491],[6.0011,45.8485],[5.9991,45.852],[5.9938,45.853],[5.9915,45.8548],[5.9919,45.8589],[5.9895,45.8625],[5.9887,45.8655],[5.9817,45.8628],[5.973,45.8613],[5.9692,45.8685],[5.9708,45.8698],[5.9736,45.8747],[5.9742,45.8779],[5.9712,45.8782],[5.9744,45.8843],[5.981,45.8875],[5.9829,45.891],[5.9822,45.8928],[5.9763,45.8933],[5.9736,45.8958],[5.9834,45.8955],[5.9912,45.8978],[5.9922,45.89],[5.9955,45.8869],[6.0005,45.8866],[6.0028,45.8849],[6.0058,45.879],[6.0119,45.8808],[6.0142,45.8822],[6.0201,45.8808],[6.0242,45.8795],[6.0244,45.8734],[6.0229,45.8722],[6.0285,45.867],[6.027,45.8633],[6.0281,45.8625],[6.0286,45.8581],[6.0343,45.8543],[6.033,45.853]]]}},{"type":"Feature","properties":{"code":"74162","nom":"Marcellaz","pop":1082},"geometry":{"type":"Polygon","coordinates":[[[6.361,46.132],[6.3579,46.1333],[6.3536,46.1326],[6.3525,46.1345],[6.3497,46.1347],[6.3491,46.1391],[6.3445,46.1426],[6.3441,46.1453],[6.339,46.1471],[6.3416,46.1507],[6.3465,46.1526],[6.3497,46.1521],[6.353,46.1548],[6.3566,46.1558],[6.364,46.1557],[6.3705,46.1536],[6.3728,46.1511],[6.3767,46.1482],[6.3724,46.1462],[6.3719,46.145],[6.3657,46.1417],[6.3639,46.1414],[6.3616,46.138],[6.361,46.132]]]}},{"type":"Feature","properties":{"code":"74163","nom":"Margencel","pop":2273},"geometry":{"type":"Polygon","coordinates":[[[6.4429,46.3453],[6.4445,46.3428],[6.4432,46.3401],[6.4408,46.3381],[6.4371,46.3373],[6.438,46.3343],[6.4343,46.3301],[6.434,46.3282],[6.4318,46.3257],[6.4316,46.3227],[6.4255,46.3164],[6.4242,46.3143],[6.4249,46.3124],[6.4231,46.3102],[6.4149,46.3075],[6.4114,46.31],[6.4109,46.3159],[6.4119,46.3193],[6.4104,46.3263],[6.4075,46.3278],[6.4085,46.3296],[6.4144,46.3355],[6.4144,46.3391],[6.4104,46.3407],[6.4075,46.344],[6.4076,46.3459],[6.399,46.3498],[6.4044,46.3513],[6.4059,46.3507],[6.4104,46.346],[6.4145,46.3436],[6.4288,46.3487],[6.4302,46.3458],[6.4368,46.3471],[6.4409,46.3451],[6.4429,46.3453]]]}},{"type":"Feature","properties":{"code":"74164","nom":"Marignier","pop":6507},"geometry":{"type":"Polygon","coordinates":[[[6.5136,46.0726],[6.4929,46.0687],[6.4801,46.0698],[6.4779,46.071],[6.467,46.0721],[6.4675,46.0788],[6.4658,46.084],[6.4688,46.0882],[6.4691,46.0973],[6.467,46.0994],[6.459,46.1034],[6.4579,46.1053],[6.4657,46.1064],[6.47,46.1057],[6.4723,46.1063],[6.4782,46.1097],[6.4847,46.1186],[6.4918,46.1186],[6.493,46.123],[6.4953,46.1247],[6.4995,46.1255],[6.5026,46.1268],[6.5048,46.1246],[6.5046,46.1206],[6.5135,46.1155],[6.5176,46.1111],[6.5294,46.1065],[6.5287,46.1012],[6.5267,46.0984],[6.5203,46.0925],[6.5169,46.0932],[6.5137,46.0847],[6.5143,46.0829],[6.5133,46.0762],[6.5136,46.0726]]]}},{"type":"Feature","properties":{"code":"74165","nom":"Marigny-Saint-Marcel","pop":708},"geometry":{"type":"Polygon","coordinates":[[[6.0147,45.8268],[6.0084,45.826],[6.0057,45.8234],[6.0003,45.8208],[5.9943,45.8189],[5.9916,45.8193],[5.9874,45.8181],[5.9823,45.8193],[5.9799,45.8185],[5.975,45.8207],[5.9692,45.8197],[5.9659,45.8211],[5.9653,45.8252],[5.9655,45.8303],[5.961,45.8309],[5.9623,45.8395],[5.9655,45.8422],[5.9723,45.8449],[5.9776,45.8445],[5.9807,45.8428],[5.9826,45.8402],[5.9905,45.8388],[5.9932,45.837],[5.9912,45.8345],[5.9961,45.8336],[6.0028,45.8343],[6.0038,45.8318],[6.0078,45.8307],[6.0105,45.8287],[6.0149,45.8303],[6.0147,45.8268]]]}},{"type":"Feature","properties":{"code":"74166","nom":"Marin","pop":1940},"geometry":{"type":"Polygon","coordinates":[[[6.5459,46.3784],[6.5388,46.3759],[6.5397,46.3744],[6.5342,46.371],[6.5369,46.3685],[6.5307,46.3646],[6.5291,46.3616],[6.5183,46.3618],[6.5157,46.3639],[6.5137,46.3651],[6.5066,46.3667],[6.5052,46.3682],[6.5079,46.383],[6.5155,46.383],[6.5202,46.3848],[6.5233,46.3833],[6.5253,46.3845],[6.5372,46.3869],[6.5382,46.3821],[6.5416,46.3817],[6.5443,46.3782],[6.5459,46.3784]]]}},{"type":"Feature","properties":{"code":"74167","nom":"Val de Chaise","pop":1384},"geometry":{"type":"Polygon","coordinates":[[[6.3305,45.7883],[6.3343,45.7894],[6.3371,45.7879],[6.3397,45.7881],[6.3434,45.787],[6.3445,45.7829],[6.3431,45.7819],[6.3427,45.7789],[6.3491,45.7793],[6.355,45.7796],[6.3661,45.7827],[6.3676,45.7823],[6.3732,45.7839],[6.3755,45.7852],[6.3796,45.7858],[6.3863,45.7847],[6.3892,45.7852],[6.3928,45.7845],[6.39,45.7819],[6.3825,45.7773],[6.3731,45.7736],[6.3706,45.7733],[6.3653,45.7706],[6.3626,45.7682],[6.3646,45.7657],[6.3681,45.7665],[6.3745,45.766],[6.3747,45.7615],[6.3722,45.755],[6.3708,45.7531],[6.349,45.7381],[6.348,45.7372],[6.3532,45.7324],[6.3513,45.7296],[6.3356,45.737],[6.3322,45.739],[6.3282,45.7382],[6.3218,45.741],[6.3173,45.7415],[6.3141,45.7434],[6.3152,45.7476],[6.314,45.751],[6.3167,45.7516],[6.3182,45.7534],[6.3239,45.7551],[6.3286,45.7548],[6.3292,45.7597],[6.3304,45.7608],[6.3285,45.7643],[6.3256,45.7676],[6.3244,45.7705],[6.3285,45.7728],[6.3297,45.7756],[6.328,45.7784],[6.3291,45.7797],[6.3305,45.7849],[6.3305,45.7883]]]}},{"type":"Feature","properties":{"code":"74168","nom":"Marlioz","pop":1062},"geometry":{"type":"Polygon","coordinates":[[[6.0266,46.0345],[6.0235,46.0305],[6.0234,46.0284],[6.0199,46.0261],[6.0162,46.0253],[6.0153,46.0233],[6.0126,46.023],[6.0098,46.0196],[6.0149,46.0177],[6.0167,46.0163],[6.021,46.0157],[6.0269,46.0161],[6.0302,46.0146],[6.0302,46.0114],[6.0315,46.0101],[6.027,46.0079],[6.0177,46.0077],[6.0126,46.0081],[6.0073,46.0092],[6.0031,46.0082],[5.9997,46.0103],[5.9945,46.0099],[5.9927,46.0128],[5.9905,46.0138],[5.9952,46.0145],[6.0026,46.0166],[6.0077,46.0199],[6.0019,46.0243],[5.9944,46.0281],[5.9919,46.0302],[5.9889,46.0348],[5.9873,46.0352],[5.984,46.0404],[5.9864,46.041],[5.9904,46.0397],[5.997,46.0411],[5.996,46.0437],[5.9999,46.0441],[6.0034,46.0471],[6.0073,46.0425],[6.0123,46.043],[6.0147,46.0402],[6.0196,46.0422],[6.0249,46.042],[6.0262,46.0397],[6.0239,46.0361],[6.0266,46.0345]]]}},{"type":"Feature","properties":{"code":"74169","nom":"Marnaz","pop":5964},"geometry":{"type":"Polygon","coordinates":[[[6.515,46.0726],[6.5226,46.0735],[6.5304,46.0757],[6.5368,46.0751],[6.5365,46.0736],[6.5384,46.0713],[6.5372,46.0687],[6.5397,46.0641],[6.5434,46.0611],[6.5391,46.0576],[6.5382,46.053],[6.5351,46.0519],[6.5318,46.0467],[6.5319,46.0457],[6.5288,46.0423],[6.5204,46.0259],[6.5101,46.0218],[6.5044,46.0272],[6.5081,46.0298],[6.5089,46.036],[6.5108,46.0397],[6.5138,46.0423],[6.5145,46.045],[6.5176,46.0484],[6.5176,46.0536],[6.5096,46.0557],[6.5068,46.0583],[6.508,46.0614],[6.5127,46.0638],[6.5128,46.0677],[6.515,46.0726]]]}},{"type":"Feature","properties":{"code":"74170","nom":"Massingy","pop":852},"geometry":{"type":"Polygon","coordinates":[[[5.9399,45.8325],[5.936,45.8276],[5.9338,45.822],[5.9353,45.8156],[5.934,45.8146],[5.9331,45.8097],[5.9309,45.8074],[5.9232,45.8058],[5.9219,45.8038],[5.9133,45.8041],[5.9108,45.809],[5.9046,45.8114],[5.9051,45.8129],[5.9027,45.8199],[5.9047,45.8249],[5.9025,45.8269],[5.8982,45.8268],[5.894,45.8255],[5.8907,45.8271],[5.8881,45.8261],[5.8815,45.8269],[5.8802,45.8284],[5.8812,45.8314],[5.8859,45.8357],[5.8879,45.8388],[5.8913,45.8403],[5.8954,45.839],[5.8997,45.8398],[5.9056,45.839],[5.9081,45.8392],[5.9112,45.8421],[5.9179,45.8441],[5.9183,45.8457],[5.9237,45.8459],[5.926,45.8471],[5.9309,45.8444],[5.9305,45.8425],[5.9362,45.8409],[5.938,45.8386],[5.9399,45.8325]]]}},{"type":"Feature","properties":{"code":"74171","nom":"Massongy","pop":1770},"geometry":{"type":"Polygon","coordinates":[[[6.2897,46.3305],[6.2952,46.3314],[6.2977,46.3351],[6.3021,46.3375],[6.3031,46.3366],[6.3091,46.3411],[6.3154,46.3348],[6.3185,46.3353],[6.3224,46.3329],[6.3278,46.3337],[6.3348,46.336],[6.338,46.3343],[6.3413,46.3313],[6.3451,46.3299],[6.3451,46.3265],[6.3435,46.3248],[6.348,46.3212],[6.3501,46.3167],[6.3541,46.316],[6.3544,46.3121],[6.3527,46.3112],[6.35,46.3076],[6.3453,46.3067],[6.3404,46.3088],[6.3369,46.3073],[6.3317,46.3074],[6.3285,46.3066],[6.3213,46.3134],[6.3168,46.3165],[6.3131,46.3202],[6.3105,46.3195],[6.309,46.3222],[6.2956,46.3244],[6.2926,46.3258],[6.2886,46.3281],[6.2897,46.3305]]]}},{"type":"Feature","properties":{"code":"74172","nom":"Maxilly-sur-Léman","pop":1528},"geometry":{"type":"Polygon","coordinates":[[[6.6383,46.4054],[6.6398,46.4038],[6.64,46.4012],[6.6443,46.4011],[6.6465,46.3969],[6.6449,46.3932],[6.6467,46.3901],[6.6493,46.3884],[6.6509,46.385],[6.6491,46.3848],[6.638,46.3833],[6.6256,46.3855],[6.6228,46.385],[6.6206,46.3879],[6.621,46.3915],[6.6175,46.3942],[6.6255,46.3954],[6.6268,46.3962],[6.6247,46.4025],[6.62,46.4019],[6.6191,46.4038],[6.6285,46.4044],[6.6368,46.4059],[6.6383,46.4054]]]}},{"type":"Feature","properties":{"code":"74173","nom":"Megève","pop":2893},"geometry":{"type":"Polygon","coordinates":[[[6.5681,45.8624],[6.5685,45.8648],[6.566,45.8709],[6.5687,45.8753],[6.5729,45.8775],[6.5771,45.8786],[6.5883,45.8791],[6.5892,45.8797],[6.5902,45.8782],[6.5947,45.8768],[6.5942,45.8753],[6.5969,45.8737],[6.6066,45.8732],[6.6165,45.8712],[6.6225,45.8667],[6.6235,45.8695],[6.6285,45.8689],[6.6474,45.86],[6.6518,45.859],[6.658,45.8585],[6.6572,45.8555],[6.6616,45.851],[6.6629,45.8481],[6.6628,45.8456],[6.6647,45.8412],[6.6619,45.839],[6.6626,45.8376],[6.6665,45.8382],[6.6691,45.8376],[6.6708,45.835],[6.6685,45.8312],[6.6726,45.8276],[6.6762,45.8277],[6.6824,45.8249],[6.68,45.8236],[6.6801,45.8214],[6.6776,45.8185],[6.6742,45.8162],[6.6693,45.8161],[6.6648,45.8154],[6.6649,45.8073],[6.6581,45.8053],[6.6592,45.8005],[6.6541,45.7997],[6.639,45.8006],[6.6367,45.8],[6.6362,45.8032],[6.634,45.8044],[6.627,45.8062],[6.6251,45.8061],[6.6229,45.8083],[6.6192,45.8094],[6.617,45.8083],[6.6143,45.8091],[6.6122,45.8158],[6.6087,45.8162],[6.6078,45.819],[6.6053,45.8203],[6.6019,45.8201],[6.598,45.8231],[6.5979,45.8246],[6.5943,45.8283],[6.5935,45.8304],[6.5878,45.8295],[6.5866,45.8413],[6.5851,45.8451],[6.576,45.854],[6.5725,45.8566],[6.5698,45.8617],[6.5681,45.8624]]]}},{"type":"Feature","properties":{"code":"74174","nom":"Mégevette","pop":619},"geometry":{"type":"Polygon","coordinates":[[[6.4768,46.2074],[6.4751,46.2118],[6.4817,46.2208],[6.4883,46.2255],[6.4891,46.2283],[6.4938,46.228],[6.4954,46.231],[6.4989,46.2326],[6.501,46.2353],[6.5046,46.2347],[6.5095,46.2365],[6.5161,46.2367],[6.5186,46.2362],[6.5204,46.2318],[6.5224,46.2305],[6.5199,46.2253],[6.5216,46.2236],[6.5225,46.218],[6.5246,46.2174],[6.5276,46.214],[6.5294,46.2135],[6.5356,46.2142],[6.5429,46.217],[6.5512,46.2147],[6.5547,46.2117],[6.5587,46.2057],[6.5585,46.1996],[6.5548,46.1961],[6.5542,46.194],[6.5499,46.191],[6.5461,46.1932],[6.5421,46.1924],[6.5366,46.193],[6.5309,46.1916],[6.5274,46.1892],[6.5158,46.1922],[6.5087,46.193],[6.5071,46.1922],[6.5028,46.1925],[6.501,46.1938],[6.4963,46.1924],[6.4958,46.1883],[6.4966,46.1866],[6.4941,46.1839],[6.4865,46.1867],[6.4843,46.1868],[6.4843,46.1923],[6.4821,46.1939],[6.4816,46.1984],[6.4781,46.2042],[6.4768,46.2074]]]}},{"type":"Feature","properties":{"code":"74175","nom":"Meillerie","pop":293},"geometry":{"type":"Polygon","coordinates":[[[6.7063,46.3999],[6.7109,46.4025],[6.7121,46.4076],[6.7241,46.4077],[6.7263,46.4069],[6.7356,46.405],[6.7492,46.404],[6.7538,46.4028],[6.7575,46.4027],[6.7552,46.4006],[6.7535,46.3976],[6.7496,46.3939],[6.7505,46.3915],[6.7377,46.3966],[6.7345,46.3973],[6.7269,46.3958],[6.7247,46.3937],[6.722,46.3942],[6.7187,46.3971],[6.7132,46.3966],[6.708,46.398],[6.7063,46.3999]]]}},{"type":"Feature","properties":{"code":"74176","nom":"Menthon-Saint-Bernard","pop":1891},"geometry":{"type":"Polygon","coordinates":[[[6.2105,45.8567],[6.2059,45.8556],[6.2013,45.8556],[6.1986,45.8538],[6.1926,45.8532],[6.1875,45.8535],[6.1719,45.8507],[6.1652,45.8642],[6.186,45.8647],[6.1903,45.8668],[6.1957,45.8711],[6.197,45.8739],[6.1954,45.8778],[6.1961,45.8833],[6.2025,45.8815],[6.212,45.8823],[6.2155,45.8808],[6.2149,45.8788],[6.2182,45.8777],[6.2123,45.8733],[6.2122,45.8721],[6.2073,45.8637],[6.2068,45.8606],[6.2105,45.8567]]]}},{"type":"Feature","properties":{"code":"74177","nom":"Menthonnex-en-Bornes","pop":1115},"geometry":{"type":"Polygon","coordinates":[[[6.1998,46.0666],[6.1998,46.0643],[6.2019,46.0603],[6.2005,46.0581],[6.1955,46.0538],[6.1925,46.052],[6.192,46.0501],[6.1954,46.0464],[6.1938,46.0457],[6.1847,46.045],[6.1823,46.0454],[6.1799,46.0441],[6.1773,46.0408],[6.1715,46.0402],[6.1726,46.043],[6.1719,46.0457],[6.1678,46.0499],[6.1683,46.0531],[6.166,46.055],[6.1612,46.0544],[6.1626,46.058],[6.1587,46.0578],[6.1616,46.0655],[6.1621,46.067],[6.1673,46.0732],[6.1712,46.0767],[6.1732,46.0775],[6.1853,46.0751],[6.193,46.0727],[6.1945,46.0706],[6.1998,46.0666]]]}},{"type":"Feature","properties":{"code":"74178","nom":"Menthonnex-sous-Clermont","pop":811},"geometry":{"type":"Polygon","coordinates":[[[5.9615,45.9622],[5.9594,45.9614],[5.9564,45.9621],[5.9538,45.96],[5.9525,45.957],[5.9466,45.9539],[5.9455,45.9551],[5.9403,45.9518],[5.933,45.9514],[5.932,45.9506],[5.9334,45.9466],[5.9327,45.9411],[5.9332,45.9387],[5.925,45.9374],[5.921,45.9386],[5.92,45.9479],[5.9143,45.952],[5.9131,45.955],[5.9151,45.9587],[5.9154,45.9619],[5.914,45.9652],[5.9154,45.967],[5.9195,45.9684],[5.9228,45.9703],[5.9273,45.9707],[5.9279,45.9742],[5.931,45.9779],[5.9336,45.9795],[5.935,45.9784],[5.9388,45.98],[5.943,45.9804],[5.9469,45.9819],[5.9532,45.976],[5.9576,45.9733],[5.9579,45.9716],[5.9616,45.9703],[5.9634,45.9681],[5.9615,45.9622]]]}},{"type":"Feature","properties":{"code":"74179","nom":"Mésigny","pop":804},"geometry":{"type":"Polygon","coordinates":[[[5.9915,45.9744],[5.9882,45.9768],[5.9902,45.9788],[5.9876,45.9796],[5.9895,45.9823],[5.9891,45.9866],[5.9828,45.994],[5.9854,45.995],[5.9929,45.9949],[5.999,45.9941],[6.0023,45.9944],[6.0021,45.9976],[6.0053,46.0003],[6.0103,46.0003],[6.0101,45.9981],[6.0163,45.998],[6.0181,45.9944],[6.0265,45.9934],[6.0297,45.9911],[6.0328,45.987],[6.0283,45.9852],[6.0145,45.9786],[6.0096,45.9771],[6.0063,45.9738],[6.0042,45.9747],[6.0008,45.9731],[5.9942,45.9735],[5.9915,45.9744]]]}},{"type":"Feature","properties":{"code":"74180","nom":"Messery","pop":2474},"geometry":{"type":"Polygon","coordinates":[[[6.3185,46.3353],[6.3154,46.3348],[6.3091,46.3411],[6.3031,46.3366],[6.3021,46.3375],[6.2977,46.3351],[6.2952,46.3314],[6.2897,46.3305],[6.2867,46.3329],[6.2849,46.3332],[6.2767,46.3309],[6.2726,46.3333],[6.2694,46.3367],[6.2723,46.3386],[6.277,46.3455],[6.2769,46.349],[6.2807,46.3514],[6.2867,46.3564],[6.2914,46.3593],[6.2958,46.3569],[6.2997,46.3527],[6.3037,46.3556],[6.3075,46.355],[6.3148,46.3586],[6.3127,46.3604],[6.316,46.3612],[6.3184,46.3643],[6.3211,46.3622],[6.3212,46.3602],[6.3263,46.3574],[6.3271,46.353],[6.325,46.3487],[6.3259,46.3477],[6.3213,46.3416],[6.3185,46.3353]]]}},{"type":"Feature","properties":{"code":"74183","nom":"Mieussy","pop":2530},"geometry":{"type":"Polygon","coordinates":[[[6.481,46.165],[6.4858,46.1686],[6.4866,46.1712],[6.4927,46.1686],[6.4975,46.1683],[6.5021,46.1647],[6.5054,46.1643],[6.5107,46.1667],[6.5172,46.1672],[6.5193,46.168],[6.5232,46.1678],[6.5314,46.1711],[6.5364,46.1756],[6.5395,46.1753],[6.5441,46.1765],[6.5494,46.1799],[6.5487,46.1813],[6.5489,46.1886],[6.5499,46.191],[6.5542,46.194],[6.5548,46.1961],[6.5585,46.1996],[6.5631,46.1865],[6.5566,46.1832],[6.5524,46.1817],[6.5487,46.1789],[6.5491,46.1774],[6.5521,46.1766],[6.5588,46.1776],[6.5692,46.1761],[6.5735,46.1714],[6.5729,46.1671],[6.57,46.1662],[6.5736,46.1635],[6.5776,46.1648],[6.5801,46.1667],[6.5807,46.1687],[6.5798,46.1712],[6.5863,46.173],[6.5938,46.1721],[6.5948,46.1726],[6.5967,46.1704],[6.6,46.1685],[6.5978,46.1655],[6.593,46.166],[6.5889,46.1644],[6.5863,46.1657],[6.5816,46.1654],[6.5763,46.1635],[6.5763,46.1586],[6.5739,46.1547],[6.5727,46.151],[6.5689,46.1514],[6.5634,46.1481],[6.5649,46.1455],[6.5615,46.1424],[6.5636,46.1403],[6.5645,46.1373],[6.5671,46.1343],[6.5701,46.1334],[6.5754,46.1283],[6.5689,46.1244],[6.5662,46.1222],[6.5639,46.1172],[6.5601,46.1141],[6.5601,46.1103],[6.5586,46.1071],[6.5555,46.1062],[6.5484,46.1062],[6.5415,46.1043],[6.5368,46.107],[6.5322,46.1072],[6.5294,46.1065],[6.5176,46.1111],[6.5135,46.1155],[6.5046,46.1206],[6.5048,46.1246],[6.5026,46.1268],[6.4995,46.1255],[6.4994,46.1304],[6.4961,46.1319],[6.4879,46.138],[6.4838,46.1455],[6.4834,46.1485],[6.4789,46.1509],[6.4758,46.1538],[6.4774,46.1605],[6.4786,46.1634],[6.481,46.165]]]}},{"type":"Feature","properties":{"code":"74184","nom":"Minzier","pop":1090},"geometry":{"type":"Polygon","coordinates":[[[6.0171,46.0746],[6.0152,46.0703],[6.0129,46.0671],[6.0129,46.0648],[6.0106,46.061],[6.0075,46.0571],[6.008,46.0563],[6.004,46.0535],[6.0034,46.0471],[5.9999,46.0441],[5.996,46.0437],[5.997,46.0411],[5.9904,46.0397],[5.9864,46.041],[5.984,46.0404],[5.9788,46.0382],[5.9767,46.0367],[5.9734,46.0361],[5.9688,46.0392],[5.9686,46.0425],[5.9642,46.044],[5.9667,46.0502],[5.9735,46.0516],[5.9761,46.0533],[5.9767,46.0578],[5.9759,46.0588],[5.9754,46.0636],[5.9733,46.065],[5.9758,46.0649],[5.9798,46.0661],[5.9855,46.0634],[5.9912,46.0625],[5.9963,46.0689],[6.0027,46.0712],[6.0078,46.0763],[6.0099,46.0756],[6.0136,46.0802],[6.0121,46.0807],[6.0151,46.0846],[6.018,46.083],[6.0129,46.0763],[6.0171,46.0746]]]}},{"type":"Feature","properties":{"code":"74185","nom":"Monnetier-Mornex","pop":2362},"geometry":{"type":"Polygon","coordinates":[[[6.2446,46.1688],[6.242,46.1638],[6.2388,46.1599],[6.2343,46.1602],[6.2304,46.1583],[6.2306,46.1538],[6.226,46.1501],[6.2234,46.1467],[6.2231,46.1424],[6.219,46.1379],[6.218,46.1348],[6.215,46.1324],[6.2095,46.1337],[6.2029,46.1336],[6.1996,46.1346],[6.196,46.1339],[6.1922,46.1348],[6.1885,46.1367],[6.1839,46.1401],[6.1874,46.1445],[6.1883,46.1476],[6.1934,46.1521],[6.1904,46.1543],[6.1937,46.1584],[6.1977,46.1617],[6.2036,46.1651],[6.2129,46.1693],[6.2141,46.1669],[6.2185,46.1688],[6.2254,46.1728],[6.2303,46.1723],[6.2345,46.171],[6.2379,46.1712],[6.2401,46.17],[6.244,46.17],[6.2446,46.1688]]]}},{"type":"Feature","properties":{"code":"74186","nom":"Montagny-les-Lanches","pop":830},"geometry":{"type":"Polygon","coordinates":[[[6.0523,45.8466],[6.0484,45.8506],[6.0424,45.8541],[6.0352,45.8529],[6.033,45.853],[6.0343,45.8543],[6.0286,45.8581],[6.0281,45.8625],[6.027,45.8633],[6.0285,45.867],[6.0301,45.8681],[6.0362,45.8676],[6.0367,45.8691],[6.0452,45.867],[6.0466,45.8651],[6.0501,45.8635],[6.0549,45.867],[6.06,45.869],[6.0593,45.8673],[6.0618,45.864],[6.0618,45.861],[6.0601,45.8592],[6.0637,45.8578],[6.064,45.8542],[6.0628,45.8526],[6.0577,45.85],[6.0564,45.8479],[6.0534,45.8487],[6.0523,45.8466]]]}},{"type":"Feature","properties":{"code":"74188","nom":"Montriond","pop":969},"geometry":{"type":"Polygon","coordinates":[[[6.7302,46.2315],[6.7324,46.2312],[6.7347,46.2286],[6.7382,46.2272],[6.7427,46.227],[6.7478,46.2297],[6.7561,46.2298],[6.7588,46.2274],[6.7643,46.2259],[6.7683,46.226],[6.7712,46.2218],[6.7717,46.2198],[6.7785,46.2145],[6.7861,46.2108],[6.7871,46.2062],[6.7932,46.2014],[6.7966,46.198],[6.8071,46.196],[6.8126,46.1815],[6.8068,46.178],[6.8,46.1815],[6.7957,46.1813],[6.7903,46.1844],[6.7856,46.1889],[6.7754,46.1949],[6.7708,46.1985],[6.7696,46.2012],[6.7705,46.2029],[6.7571,46.2061],[6.7524,46.2055],[6.7457,46.2031],[6.7409,46.2023],[6.7266,46.1988],[6.7229,46.1944],[6.7148,46.1909],[6.7056,46.1902],[6.6997,46.1873],[6.6965,46.1895],[6.6966,46.1908],[6.691,46.1965],[6.6866,46.1969],[6.6811,46.1995],[6.6812,46.2026],[6.6769,46.2037],[6.6792,46.207],[6.6855,46.2097],[6.6954,46.2124],[6.7044,46.2156],[6.7066,46.222],[6.7096,46.2176],[6.7164,46.2183],[6.7189,46.2178],[6.7202,46.2203],[6.7227,46.2216],[6.7264,46.2214],[6.7269,46.2249],[6.7262,46.2276],[6.7302,46.2315]]]}},{"type":"Feature","properties":{"code":"74189","nom":"Mont-Saxonnex","pop":1622},"geometry":{"type":"Polygon","coordinates":[[[6.4601,45.9989],[6.4599,45.9989],[6.4573,45.9999],[6.4531,46.0032],[6.4525,46.0049],[6.448,46.0104],[6.4495,46.0142],[6.4491,46.0219],[6.4527,46.0338],[6.4522,46.0348],[6.4558,46.04],[6.4575,46.0458],[6.4573,46.0505],[6.4544,46.0513],[6.4552,46.0543],[6.4537,46.0576],[6.4601,46.0597],[6.4669,46.0606],[6.4673,46.0624],[6.4796,46.0641],[6.4803,46.0624],[6.4847,46.0602],[6.4902,46.0619],[6.4945,46.0619],[6.5016,46.0629],[6.5073,46.0626],[6.508,46.0614],[6.5068,46.0583],[6.5096,46.0557],[6.5176,46.0536],[6.5176,46.0484],[6.5145,46.045],[6.5138,46.0423],[6.5108,46.0397],[6.5089,46.036],[6.5081,46.0298],[6.5044,46.0272],[6.5101,46.0218],[6.5055,46.0196],[6.4934,46.0165],[6.4903,46.0137],[6.4847,46.011],[6.4827,46.0089],[6.4792,46.0074],[6.4732,46.007],[6.4639,46.0041],[6.4619,45.9995],[6.4601,45.9989]]]}},{"type":"Feature","properties":{"code":"74190","nom":"Morillon","pop":719},"geometry":{"type":"Polygon","coordinates":[[[6.6843,46.0868],[6.6888,46.087],[6.6944,46.0843],[6.6885,46.0791],[6.6867,46.0758],[6.688,46.0736],[6.6879,46.0707],[6.6835,46.0671],[6.6831,46.0635],[6.684,46.062],[6.6829,46.0564],[6.6835,46.0532],[6.687,46.0524],[6.6923,46.0532],[6.6932,46.047],[6.6954,46.0468],[6.6973,46.0437],[6.6972,46.0397],[6.6961,46.0389],[6.6947,46.0311],[6.6936,46.0326],[6.687,46.0337],[6.6838,46.035],[6.6817,46.0342],[6.677,46.0343],[6.6711,46.0392],[6.6644,46.0418],[6.6631,46.0462],[6.6641,46.0482],[6.6636,46.0541],[6.6602,46.0565],[6.6567,46.0612],[6.6534,46.063],[6.6512,46.0677],[6.6461,46.0708],[6.6495,46.0738],[6.6536,46.0811],[6.6634,46.093],[6.6656,46.0905],[6.6694,46.0887],[6.6843,46.0868]]]}},{"type":"Feature","properties":{"code":"74191","nom":"Morzine","pop":2658},"geometry":{"type":"Polygon","coordinates":[[[6.6944,46.1608],[6.6932,46.164],[6.6929,46.1678],[6.6912,46.1735],[6.6936,46.1741],[6.6927,46.1786],[6.6883,46.1824],[6.6855,46.1861],[6.6824,46.1868],[6.6795,46.1912],[6.6795,46.1919],[6.6811,46.1995],[6.6866,46.1969],[6.691,46.1965],[6.6966,46.1908],[6.6965,46.1895],[6.6997,46.1873],[6.7056,46.1902],[6.7148,46.1909],[6.7229,46.1944],[6.7266,46.1988],[6.7409,46.2023],[6.7457,46.2031],[6.7524,46.2055],[6.7571,46.2061],[6.7705,46.2029],[6.7696,46.2012],[6.7708,46.1985],[6.7754,46.1949],[6.7856,46.1889],[6.7903,46.1844],[6.7957,46.1813],[6.8,46.1815],[6.8068,46.178],[6.8053,46.1726],[6.8031,46.1718],[6.7998,46.1684],[6.7978,46.1681],[6.7917,46.1629],[6.7926,46.1597],[6.7905,46.1545],[6.7859,46.1543],[6.7734,46.1527],[6.7662,46.1505],[6.7615,46.1452],[6.7559,46.148],[6.7527,46.1481],[6.7496,46.1492],[6.7452,46.1489],[6.743,46.1459],[6.7391,46.1443],[6.7355,46.1399],[6.7334,46.1402],[6.7311,46.1379],[6.7283,46.1397],[6.7254,46.1429],[6.7145,46.1409],[6.7121,46.1426],[6.7077,46.1479],[6.7027,46.1519],[6.6944,46.1608]]]}},{"type":"Feature","properties":{"code":"74192","nom":"Moye","pop":985},"geometry":{"type":"Polygon","coordinates":[[[5.9217,45.8903],[5.9242,45.8884],[5.9247,45.8863],[5.9221,45.8846],[5.9166,45.8836],[5.9181,45.8789],[5.9218,45.8776],[5.9251,45.8731],[5.927,45.8684],[5.9249,45.8678],[5.9202,45.8686],[5.9168,45.8679],[5.918,45.8628],[5.9108,45.8551],[5.9116,45.8517],[5.9104,45.8512],[5.9101,45.8462],[5.9112,45.8421],[5.9081,45.8392],[5.9056,45.839],[5.8997,45.8398],[5.8954,45.839],[5.8913,45.8403],[5.8879,45.8388],[5.8859,45.8357],[5.8812,45.8314],[5.8764,45.8352],[5.8731,45.8342],[5.8732,45.8389],[5.8735,45.8427],[5.8768,45.8453],[5.8772,45.8501],[5.8748,45.8514],[5.875,45.8545],[5.8775,45.8552],[5.8781,45.8595],[5.8793,45.8603],[5.8781,45.863],[5.8761,45.8635],[5.8762,45.8648],[5.8715,45.8803],[5.8681,45.8889],[5.8668,45.8988],[5.8829,45.9001],[5.8898,45.8997],[5.8977,45.9004],[5.9019,45.9016],[5.906,45.9044],[5.9092,45.9021],[5.9091,45.899],[5.912,45.8988],[5.9187,45.8925],[5.9217,45.8903]]]}},{"type":"Feature","properties":{"code":"74193","nom":"La Muraz","pop":1048},"geometry":{"type":"Polygon","coordinates":[[[6.2231,46.1424],[6.2308,46.1367],[6.2277,46.1343],[6.2254,46.1305],[6.2211,46.1272],[6.2214,46.1257],[6.2195,46.1209],[6.2185,46.1169],[6.217,46.115],[6.2169,46.1119],[6.2158,46.1054],[6.2148,46.1039],[6.2108,46.1028],[6.2073,46.0996],[6.2044,46.0986],[6.2008,46.0959],[6.1952,46.0987],[6.1939,46.1003],[6.1932,46.1018],[6.1831,46.1049],[6.1766,46.1073],[6.1708,46.1072],[6.1695,46.109],[6.1627,46.1121],[6.1657,46.1135],[6.1692,46.1163],[6.169,46.1187],[6.1716,46.1195],[6.1713,46.1233],[6.1735,46.128],[6.1727,46.1297],[6.174,46.1334],[6.1766,46.1366],[6.182,46.1385],[6.1839,46.1401],[6.1885,46.1367],[6.1922,46.1348],[6.196,46.1339],[6.1996,46.1346],[6.2029,46.1336],[6.2095,46.1337],[6.215,46.1324],[6.218,46.1348],[6.219,46.1379],[6.2231,46.1424]]]}},{"type":"Feature","properties":{"code":"74194","nom":"Mûres","pop":870},"geometry":{"type":"Polygon","coordinates":[[[6.0514,45.799],[6.048,45.7979],[6.0464,45.7956],[6.0404,45.7912],[6.039,45.7924],[6.0359,45.7919],[6.0317,45.7926],[6.0279,45.7946],[6.0284,45.7985],[6.0252,45.8005],[6.0274,45.8022],[6.0242,45.8047],[6.0269,45.8081],[6.0228,45.8089],[6.024,45.8108],[6.0233,45.8137],[6.0274,45.8134],[6.0302,45.8106],[6.0321,45.8108],[6.0354,45.8158],[6.0343,45.8174],[6.0399,45.8215],[6.0449,45.8234],[6.045,45.8203],[6.0499,45.82],[6.0515,45.819],[6.0515,45.8164],[6.0488,45.8133],[6.0503,45.8061],[6.0556,45.8045],[6.0556,45.8034],[6.0514,45.799]]]}},{"type":"Feature","properties":{"code":"74195","nom":"Musièges","pop":422},"geometry":{"type":"Polygon","coordinates":[[[5.9648,46.0076],[5.9652,46.005],[5.9623,46.0031],[5.9581,46.0056],[5.9529,46.007],[5.9526,46.01],[5.9493,46.0102],[5.9462,46.0126],[5.9433,46.0115],[5.9367,46.0138],[5.9421,46.0176],[5.945,46.017],[5.9486,46.0187],[5.9529,46.0201],[5.9589,46.026],[5.9631,46.0233],[5.9676,46.0194],[5.9663,46.0136],[5.967,46.0078],[5.9648,46.0076]]]}},{"type":"Feature","properties":{"code":"74196","nom":"Nancy-sur-Cluses","pop":463},"geometry":{"type":"Polygon","coordinates":[[[6.5712,45.9909],[6.5661,45.9963],[6.5673,45.9988],[6.5595,46.0025],[6.5562,46.0063],[6.5543,46.0149],[6.5576,46.0213],[6.5597,46.0271],[6.5597,46.0296],[6.56,46.0347],[6.5569,46.0416],[6.5566,46.0441],[6.5588,46.0456],[6.564,46.0468],[6.5696,46.0519],[6.5749,46.0539],[6.5776,46.0519],[6.5796,46.0485],[6.5821,46.0462],[6.5869,46.044],[6.5914,46.0437],[6.5974,46.0404],[6.5923,46.037],[6.5923,46.0307],[6.5916,46.0291],[6.5949,46.0248],[6.5952,46.0232],[6.5915,46.0201],[6.5842,46.0155],[6.5859,46.0069],[6.5851,46.0053],[6.5856,46.0019],[6.5873,46.0003],[6.583,45.9987],[6.5712,45.9909]]]}},{"type":"Feature","properties":{"code":"74197","nom":"Nangy","pop":1771},"geometry":{"type":"Polygon","coordinates":[[[6.2892,46.1502],[6.2901,46.1523],[6.2892,46.1549],[6.2902,46.1589],[6.2927,46.1599],[6.3004,46.1583],[6.3107,46.1625],[6.3166,46.161],[6.3191,46.1597],[6.3176,46.1581],[6.3177,46.1557],[6.3156,46.1535],[6.3176,46.1524],[6.3153,46.1497],[6.3175,46.1485],[6.3192,46.1459],[6.3175,46.1417],[6.3201,46.1383],[6.3191,46.1371],[6.3167,46.1372],[6.312,46.1341],[6.3084,46.135],[6.3096,46.1368],[6.3035,46.14],[6.3044,46.1425],[6.2992,46.1473],[6.2926,46.1499],[6.2892,46.1502]]]}},{"type":"Feature","properties":{"code":"74198","nom":"Nâves-Parmelan","pop":1000},"geometry":{"type":"Polygon","coordinates":[[[6.1754,45.9362],[6.1795,45.9372],[6.1825,45.9363],[6.1892,45.9383],[6.1933,45.9445],[6.1958,45.9444],[6.2009,45.9426],[6.2057,45.9417],[6.2125,45.9397],[6.2152,45.9407],[6.2158,45.9401],[6.215,45.9334],[6.2121,45.9255],[6.2114,45.9221],[6.2063,45.9236],[6.2013,45.9238],[6.1978,45.9219],[6.1933,45.9206],[6.1893,45.9244],[6.183,45.9245],[6.1806,45.9255],[6.1795,45.9284],[6.1768,45.9297],[6.1754,45.9362]]]}},{"type":"Feature","properties":{"code":"74199","nom":"Nernier","pop":423},"geometry":{"type":"Polygon","coordinates":[[[6.3155,46.3688],[6.3162,46.3655],[6.3184,46.3643],[6.316,46.3612],[6.3127,46.3604],[6.3148,46.3586],[6.3075,46.355],[6.3037,46.3556],[6.2997,46.3527],[6.2958,46.3569],[6.2914,46.3593],[6.3015,46.3638],[6.3051,46.3667],[6.3086,46.3665],[6.3155,46.3688]]]}},{"type":"Feature","properties":{"code":"74200","nom":"Neuvecelle","pop":3256},"geometry":{"type":"Polygon","coordinates":[[[6.6141,46.4032],[6.6191,46.4038],[6.62,46.4019],[6.6247,46.4025],[6.6268,46.3962],[6.6255,46.3954],[6.6175,46.3942],[6.621,46.3915],[6.6206,46.3879],[6.6228,46.385],[6.6195,46.385],[6.6084,46.3835],[6.606,46.3837],[6.5971,46.3821],[6.5952,46.3846],[6.595,46.3897],[6.5931,46.3925],[6.5924,46.3953],[6.5964,46.3971],[6.5968,46.3985],[6.6021,46.3983],[6.6069,46.3988],[6.6137,46.401],[6.6141,46.4032]]]}},{"type":"Feature","properties":{"code":"74201","nom":"Neydens","pop":2250},"geometry":{"type":"Polygon","coordinates":[[[6.0939,46.1016],[6.094,46.1027],[6.0849,46.1065],[6.0894,46.1096],[6.0906,46.1127],[6.0853,46.116],[6.086,46.1177],[6.0851,46.123],[6.0881,46.1235],[6.0955,46.1324],[6.1061,46.1316],[6.1085,46.1366],[6.1118,46.1351],[6.1135,46.1342],[6.1128,46.1319],[6.1158,46.1303],[6.1154,46.1269],[6.114,46.1249],[6.1154,46.1234],[6.1154,46.1201],[6.1197,46.1176],[6.1231,46.1195],[6.125,46.1179],[6.1294,46.1181],[6.1318,46.116],[6.1351,46.111],[6.1357,46.1087],[6.1284,46.1103],[6.1205,46.1157],[6.1152,46.1144],[6.1142,46.1127],[6.1083,46.1078],[6.106,46.1099],[6.1025,46.1109],[6.1018,46.1086],[6.1038,46.1057],[6.1017,46.1048],[6.099,46.1016],[6.0939,46.1016]]]}},{"type":"Feature","properties":{"code":"74202","nom":"Nonglard","pop":733},"geometry":{"type":"Polygon","coordinates":[[[6.0173,45.9105],[6.0159,45.9137],[6.0124,45.9189],[6.0132,45.925],[6.019,45.9296],[6.0217,45.9291],[6.0246,45.9321],[6.0285,45.9305],[6.0298,45.933],[6.0329,45.9337],[6.038,45.9336],[6.0434,45.9315],[6.037,45.9176],[6.0346,45.9152],[6.0323,45.9155],[6.0305,45.9131],[6.0272,45.9128],[6.0233,45.91],[6.0173,45.9105]]]}},{"type":"Feature","properties":{"code":"74203","nom":"Novel","pop":55},"geometry":{"type":"Polygon","coordinates":[[[6.7545,46.3444],[6.7504,46.3478],[6.7484,46.3497],[6.7396,46.3496],[6.7357,46.3523],[6.7312,46.353],[6.7396,46.36],[6.7452,46.3607],[6.7421,46.3702],[6.7504,46.3708],[6.7571,46.3733],[6.7598,46.3725],[6.7658,46.3738],[6.7743,46.374],[6.779,46.3753],[6.7874,46.3786],[6.7952,46.3775],[6.801,46.3753],[6.7988,46.3743],[6.7971,46.3715],[6.7908,46.3668],[6.7807,46.3665],[6.7764,46.3644],[6.7714,46.361],[6.7706,46.3554],[6.7721,46.3503],[6.7751,46.3471],[6.7689,46.3432],[6.7663,46.3426],[6.7609,46.3455],[6.7584,46.3462],[6.7545,46.3444]]]}},{"type":"Feature","properties":{"code":"74205","nom":"Onnion","pop":1299},"geometry":{"type":"Polygon","coordinates":[[[6.5499,46.191],[6.5489,46.1886],[6.5487,46.1813],[6.5494,46.1799],[6.5441,46.1765],[6.5395,46.1753],[6.5364,46.1756],[6.5314,46.1711],[6.5232,46.1678],[6.5193,46.168],[6.5172,46.1672],[6.5107,46.1667],[6.5054,46.1643],[6.5021,46.1647],[6.4975,46.1683],[6.4927,46.1686],[6.4866,46.1712],[6.4858,46.1686],[6.481,46.165],[6.4793,46.1667],[6.4735,46.1671],[6.467,46.1697],[6.4619,46.1731],[6.4589,46.1774],[6.4558,46.1772],[6.4543,46.1838],[6.4552,46.1877],[6.4578,46.1928],[6.4639,46.1994],[6.4688,46.1995],[6.4719,46.2047],[6.4768,46.2074],[6.4781,46.2042],[6.4816,46.1984],[6.4821,46.1939],[6.4843,46.1923],[6.4843,46.1868],[6.4865,46.1867],[6.4941,46.1839],[6.4966,46.1866],[6.4958,46.1883],[6.4963,46.1924],[6.501,46.1938],[6.5028,46.1925],[6.5071,46.1922],[6.5087,46.193],[6.5158,46.1922],[6.5274,46.1892],[6.5309,46.1916],[6.5366,46.193],[6.5421,46.1924],[6.5461,46.1932],[6.5499,46.191]]]}},{"type":"Feature","properties":{"code":"74206","nom":"Orcier","pop":1079},"geometry":{"type":"Polygon","coordinates":[[[6.5071,46.2997],[6.5058,46.2977],[6.5034,46.2977],[6.5003,46.2949],[6.498,46.2913],[6.4919,46.2955],[6.4857,46.304],[6.4828,46.3094],[6.4832,46.3111],[6.4796,46.3132],[6.4793,46.3149],[6.474,46.3175],[6.475,46.3205],[6.4799,46.321],[6.4882,46.3238],[6.4856,46.3266],[6.4908,46.3288],[6.4926,46.3334],[6.4987,46.3309],[6.5002,46.3255],[6.5072,46.3216],[6.5113,46.3247],[6.5177,46.3233],[6.5227,46.3197],[6.5319,46.3167],[6.5256,46.3122],[6.5232,46.3115],[6.5175,46.3061],[6.5124,46.3026],[6.5071,46.2997]]]}},{"type":"Feature","properties":{"code":"74208","nom":"Passy","pop":10856},"geometry":{"type":"Polygon","coordinates":[[[6.7486,45.9033],[6.7438,45.9017],[6.7409,45.8998],[6.7322,45.8976],[6.728,45.9001],[6.7219,45.9013],[6.7187,45.9012],[6.714,45.9024],[6.6971,45.9101],[6.6925,45.9097],[6.6877,45.9086],[6.6722,45.9106],[6.67,45.912],[6.6605,45.9143],[6.6519,45.9195],[6.6488,45.9225],[6.6459,45.9274],[6.656,45.9296],[6.6621,45.9288],[6.6642,45.9301],[6.6628,45.9333],[6.6617,45.9378],[6.6587,45.9442],[6.6579,45.9482],[6.6551,45.9486],[6.6528,45.9503],[6.6563,45.9536],[6.6541,45.9552],[6.6569,45.9586],[6.6669,45.962],[6.6712,45.9607],[6.6722,45.9642],[6.6846,45.9621],[6.6857,45.9646],[6.6895,45.968],[6.6898,45.9704],[6.693,45.9727],[6.6948,45.9726],[6.6983,45.9753],[6.7035,45.9771],[6.7057,45.98],[6.7158,45.9836],[6.7225,45.9844],[6.7238,45.9789],[6.7269,45.9765],[6.7275,45.9726],[6.7305,45.9654],[6.7348,45.9653],[6.7514,45.9675],[6.7566,45.966],[6.762,45.9654],[6.7654,45.9661],[6.7681,45.9683],[6.7728,45.9697],[6.7776,45.9732],[6.7806,45.9744],[6.7849,45.9789],[6.7844,45.9817],[6.7815,45.9841],[6.7794,45.9873],[6.7753,45.997],[6.7757,46.0019],[6.7744,46.0075],[6.7731,46.0099],[6.7749,46.014],[6.7729,46.0162],[6.7745,46.0175],[6.7801,46.0166],[6.7799,46.0144],[6.7837,46.0119],[6.7862,46.0118],[6.7939,46.0087],[6.7993,46.0091],[6.8011,46.0107],[6.8058,46.0088],[6.8099,46.0084],[6.8108,46.0044],[6.8137,46.0048],[6.8143,46.003],[6.8212,46.0017],[6.8297,46.0045],[6.8366,46.0101],[6.8373,46.0147],[6.8411,46.0171],[6.8446,46.018],[6.8465,46.0169],[6.8523,46.01],[6.8554,46.0072],[6.8488,46.0056],[6.8469,46.0041],[6.8425,46.0024],[6.8379,45.9999],[6.834,45.9949],[6.8328,45.9921],[6.8333,45.9844],[6.8322,45.98],[6.8281,45.9708],[6.8245,45.9673],[6.8225,45.9632],[6.8246,45.9545],[6.8008,45.958],[6.7912,45.9631],[6.7861,45.9642],[6.7831,45.9636],[6.7801,45.9601],[6.7778,45.9559],[6.7671,45.9501],[6.7603,45.9493],[6.75,45.9477],[6.7514,45.943],[6.7499,45.9395],[6.7431,45.9335],[6.7519,45.9309],[6.7568,45.9283],[6.7558,45.9261],[6.7583,45.9245],[6.7546,45.9211],[6.7546,45.9171],[6.7483,45.9138],[6.7466,45.9135],[6.7427,45.9101],[6.7433,45.908],[6.7502,45.9053],[6.7486,45.9033]]]}},{"type":"Feature","properties":{"code":"74209","nom":"Peillonnex","pop":1381},"geometry":{"type":"Polygon","coordinates":[[[6.3911,46.1381],[6.4014,46.1361],[6.4002,46.133],[6.4039,46.1271],[6.4026,46.1258],[6.3964,46.1261],[6.3961,46.1246],[6.4,46.1199],[6.3989,46.1181],[6.3951,46.117],[6.3938,46.1193],[6.3889,46.1223],[6.3833,46.1209],[6.3739,46.1233],[6.3719,46.1249],[6.3639,46.1285],[6.361,46.132],[6.3616,46.138],[6.3639,46.1414],[6.3657,46.1417],[6.3719,46.145],[6.3724,46.1462],[6.3767,46.1482],[6.3822,46.1438],[6.3856,46.143],[6.3879,46.14],[6.3911,46.1381]]]}},{"type":"Feature","properties":{"code":"74210","nom":"Perrignier","pop":1905},"geometry":{"type":"Polygon","coordinates":[[[6.4114,46.31],[6.4149,46.3075],[6.4231,46.3102],[6.4249,46.3124],[6.4242,46.3143],[6.4255,46.3164],[6.4311,46.3155],[6.4421,46.3155],[6.447,46.3191],[6.4532,46.3215],[6.4604,46.3168],[6.4682,46.3146],[6.4694,46.3149],[6.4691,46.3123],[6.4656,46.3119],[6.4638,46.3132],[6.4575,46.3122],[6.4546,46.3083],[6.4541,46.3057],[6.4502,46.3038],[6.4513,46.2994],[6.4489,46.2976],[6.4462,46.2974],[6.4383,46.2932],[6.4372,46.2953],[6.4288,46.2927],[6.4217,46.2921],[6.4201,46.2938],[6.4112,46.2993],[6.4042,46.3057],[6.4036,46.307],[6.4107,46.3071],[6.4114,46.31]]]}},{"type":"Feature","properties":{"code":"74211","nom":"Pers-Jussy","pop":3245},"geometry":{"type":"Polygon","coordinates":[[[6.3027,46.1048],[6.3005,46.1027],[6.2929,46.1002],[6.2888,46.097],[6.2797,46.0939],[6.2786,46.0923],[6.2748,46.0901],[6.2708,46.089],[6.2669,46.0889],[6.2615,46.0862],[6.2597,46.0782],[6.2638,46.0749],[6.2586,46.0745],[6.2569,46.077],[6.2574,46.0789],[6.2533,46.0799],[6.2479,46.079],[6.2432,46.0795],[6.2385,46.0828],[6.2364,46.0796],[6.2319,46.0832],[6.2295,46.0835],[6.2278,46.085],[6.2298,46.0929],[6.2281,46.0933],[6.2287,46.0967],[6.2312,46.1026],[6.2261,46.1056],[6.2279,46.1081],[6.228,46.11],[6.2318,46.1102],[6.2331,46.114],[6.2377,46.118],[6.245,46.1208],[6.2464,46.1191],[6.2496,46.1192],[6.2517,46.1207],[6.2552,46.1206],[6.2582,46.1218],[6.2585,46.1246],[6.2627,46.1266],[6.2656,46.1262],[6.2681,46.1239],[6.2695,46.1207],[6.2718,46.1184],[6.2726,46.1154],[6.2755,46.1153],[6.2843,46.1172],[6.2899,46.1174],[6.2954,46.1113],[6.3027,46.1048]]]}},{"type":"Feature","properties":{"code":"74212","nom":"Glières-Val-de-Borne","pop":1824},"geometry":{"type":"Polygon","coordinates":[[[6.3369,45.941],[6.3425,45.9458],[6.3448,45.9494],[6.3383,45.957],[6.3267,45.9734],[6.3502,45.9899],[6.3504,45.997],[6.3471,46.0004],[6.346,46.0055],[6.3473,46.0063],[6.3494,46.0077],[6.3495,46.0146],[6.3432,46.0196],[6.3463,46.0201],[6.3513,46.0225],[6.3544,46.0258],[6.3579,46.0252],[6.3591,46.0263],[6.3636,46.0273],[6.3657,46.0292],[6.3758,46.03],[6.385,46.0296],[6.3887,46.0316],[6.3908,46.0325],[6.3975,46.0372],[6.4008,46.04],[6.4049,46.0421],[6.4061,46.0428],[6.4132,46.0436],[6.4166,46.0426],[6.4164,46.0413],[6.4128,46.0322],[6.4089,46.0287],[6.4083,46.0258],[6.4105,46.0214],[6.4128,46.0187],[6.4187,46.0176],[6.4212,46.0147],[6.4404,46.0245],[6.4491,46.0219],[6.4495,46.0142],[6.448,46.0104],[6.4525,46.0049],[6.4531,46.0032],[6.4573,45.9999],[6.4599,45.9989],[6.4546,45.9974],[6.449,45.9938],[6.4468,45.991],[6.4451,45.9862],[6.44,45.9846],[6.438,45.9833],[6.4326,45.9822],[6.4317,45.9778],[6.4265,45.9742],[6.4209,45.9719],[6.4179,45.969],[6.4139,45.9632],[6.4134,45.9601],[6.4114,45.9577],[6.4079,45.9564],[6.4079,45.9548],[6.4058,45.9519],[6.4035,45.9468],[6.4064,45.9458],[6.4055,45.9433],[6.4089,45.9417],[6.4037,45.9357],[6.4024,45.9323],[6.3968,45.9333],[6.3915,45.936],[6.3915,45.9378],[6.3883,45.9411],[6.3838,45.9407],[6.3803,45.9394],[6.3767,45.9393],[6.3731,45.9378],[6.3591,45.9325],[6.353,45.9294],[6.3502,45.9273],[6.3418,45.9314],[6.3391,45.9342],[6.3338,45.937],[6.3369,45.941]]]}},{"type":"Feature","properties":{"code":"74213","nom":"Poisy","pop":9291},"geometry":{"type":"Polygon","coordinates":[[[6.0832,45.9018],[6.0794,45.9014],[6.0763,45.9037],[6.0741,45.9021],[6.0709,45.9023],[6.0676,45.9068],[6.0647,45.9076],[6.0615,45.9049],[6.0615,45.9015],[6.0574,45.8991],[6.0557,45.9018],[6.0504,45.903],[6.0456,45.9067],[6.0464,45.9079],[6.0435,45.9121],[6.0413,45.9184],[6.037,45.9176],[6.0434,45.9315],[6.0547,45.9369],[6.0629,45.9391],[6.0787,45.934],[6.0797,45.9325],[6.0757,45.9297],[6.0763,45.9268],[6.0784,45.9244],[6.0862,45.9211],[6.0846,45.92],[6.0831,45.9159],[6.085,45.9152],[6.0858,45.9113],[6.0871,45.9093],[6.0852,45.9081],[6.0877,45.9048],[6.0866,45.9028],[6.0832,45.9018]]]}},{"type":"Feature","properties":{"code":"74215","nom":"Praz-sur-Arly","pop":1311},"geometry":{"type":"Polygon","coordinates":[[[6.5351,45.8619],[6.5404,45.8628],[6.5502,45.8625],[6.5546,45.8602],[6.5613,45.8635],[6.5681,45.8624],[6.5698,45.8617],[6.5725,45.8566],[6.576,45.854],[6.5851,45.8451],[6.5866,45.8413],[6.5878,45.8295],[6.5935,45.8304],[6.5943,45.8283],[6.5979,45.8246],[6.598,45.8231],[6.6019,45.8201],[6.6053,45.8203],[6.6078,45.819],[6.6087,45.8162],[6.6122,45.8158],[6.6143,45.8091],[6.617,45.8083],[6.6192,45.8094],[6.6229,45.8083],[6.6251,45.8061],[6.627,45.8062],[6.634,45.8044],[6.6362,45.8032],[6.6367,45.8],[6.6273,45.7965],[6.6197,45.7954],[6.6133,45.7968],[6.6103,45.7954],[6.6019,45.7958],[6.6013,45.7937],[6.5992,45.7925],[6.5957,45.7933],[6.5928,45.7949],[6.5898,45.7985],[6.5844,45.8006],[6.5827,45.8028],[6.5843,45.8073],[6.582,45.8118],[6.5787,45.8136],[6.5779,45.8162],[6.5738,45.8179],[6.5693,45.8181],[6.5656,45.8157],[6.559,45.8202],[6.5517,45.8275],[6.5521,45.834],[6.5492,45.8377],[6.5472,45.838],[6.5459,45.8401],[6.5465,45.8463],[6.5449,45.8478],[6.5412,45.8543],[6.5351,45.8619]]]}},{"type":"Feature","properties":{"code":"74216","nom":"Présilly","pop":1116},"geometry":{"type":"Polygon","coordinates":[[[6.1264,46.0794],[6.1249,46.0788],[6.1222,46.0752],[6.1182,46.0746],[6.1165,46.0723],[6.1111,46.0706],[6.1048,46.0674],[6.098,46.0707],[6.0941,46.0746],[6.0928,46.0752],[6.0934,46.0787],[6.0891,46.0786],[6.0868,46.0806],[6.0816,46.0828],[6.0791,46.0808],[6.0763,46.0815],[6.076,46.085],[6.072,46.0875],[6.0663,46.0871],[6.0612,46.0856],[6.0582,46.0857],[6.0516,46.0841],[6.0516,46.0858],[6.0535,46.0896],[6.0553,46.0896],[6.062,46.0932],[6.0685,46.0938],[6.0704,46.0955],[6.0688,46.0975],[6.0708,46.0987],[6.0703,46.1009],[6.0802,46.1018],[6.0845,46.0986],[6.0869,46.0987],[6.0886,46.0965],[6.0913,46.0962],[6.0935,46.0949],[6.1023,46.0933],[6.1004,46.0908],[6.1016,46.0881],[6.1159,46.0837],[6.1265,46.0799],[6.1264,46.0794]]]}},{"type":"Feature","properties":{"code":"74218","nom":"Publier","pop":7864},"geometry":{"type":"Polygon","coordinates":[[[6.568,46.3983],[6.5702,46.3934],[6.5698,46.3904],[6.5722,46.3905],[6.5724,46.3867],[6.5737,46.3835],[6.5755,46.383],[6.5773,46.3801],[6.5716,46.3799],[6.5688,46.3789],[6.5662,46.3799],[6.5577,46.3786],[6.5535,46.3798],[6.5459,46.3784],[6.5443,46.3782],[6.5416,46.3817],[6.5382,46.3821],[6.5372,46.3869],[6.5253,46.3845],[6.5233,46.3833],[6.5202,46.3848],[6.5155,46.383],[6.5079,46.383],[6.5116,46.3958],[6.5132,46.4049],[6.521,46.4041],[6.535,46.3977],[6.5408,46.3956],[6.5449,46.3947],[6.5485,46.3949],[6.5657,46.3985],[6.568,46.3983]]]}},{"type":"Feature","properties":{"code":"74219","nom":"Quintal","pop":1257},"geometry":{"type":"Polygon","coordinates":[[[6.1078,45.809],[6.101,45.809],[6.099,45.8104],[6.0983,45.8153],[6.0972,45.8167],[6.0975,45.8197],[6.086,45.8217],[6.0812,45.823],[6.0765,45.8259],[6.0761,45.8297],[6.0727,45.8304],[6.0717,45.8343],[6.0735,45.8389],[6.0708,45.8416],[6.0714,45.8452],[6.0728,45.8466],[6.0724,45.8487],[6.0746,45.851],[6.0825,45.8547],[6.0851,45.8555],[6.0894,45.8533],[6.0895,45.8509],[6.0936,45.8501],[6.0964,45.8478],[6.0949,45.8437],[6.0989,45.8422],[6.1027,45.8377],[6.1053,45.8344],[6.1113,45.8308],[6.1096,45.8273],[6.111,45.8247],[6.1105,45.8189],[6.1094,45.8129],[6.1078,45.809]]]}},{"type":"Feature","properties":{"code":"74220","nom":"Reignier-Ésery","pop":8464},"geometry":{"type":"Polygon","coordinates":[[[6.312,46.1341],[6.3123,46.1314],[6.3093,46.1286],[6.3084,46.1256],[6.3069,46.1243],[6.304,46.1247],[6.2981,46.1198],[6.2928,46.1192],[6.2899,46.1174],[6.2843,46.1172],[6.2755,46.1153],[6.2726,46.1154],[6.2718,46.1184],[6.2695,46.1207],[6.2681,46.1239],[6.2656,46.1262],[6.2627,46.1266],[6.2585,46.1246],[6.2582,46.1218],[6.2552,46.1206],[6.2517,46.1207],[6.2496,46.1192],[6.2464,46.1191],[6.245,46.1208],[6.2377,46.118],[6.2331,46.114],[6.2318,46.1102],[6.228,46.11],[6.2189,46.1112],[6.2169,46.1119],[6.217,46.115],[6.2185,46.1169],[6.2195,46.1209],[6.2214,46.1257],[6.2211,46.1272],[6.2254,46.1305],[6.2277,46.1343],[6.2308,46.1367],[6.2231,46.1424],[6.2234,46.1467],[6.226,46.1501],[6.2306,46.1538],[6.2304,46.1583],[6.2343,46.1602],[6.2388,46.1599],[6.242,46.1638],[6.2451,46.1635],[6.2508,46.1592],[6.2552,46.1576],[6.257,46.1542],[6.2594,46.1533],[6.262,46.1507],[6.2679,46.1487],[6.273,46.1518],[6.2787,46.1528],[6.2892,46.1502],[6.2926,46.1499],[6.2992,46.1473],[6.3044,46.1425],[6.3035,46.14],[6.3096,46.1368],[6.3084,46.135],[6.312,46.1341]]]}},{"type":"Feature","properties":{"code":"74221","nom":"Le Reposoir","pop":565},"geometry":{"type":"Polygon","coordinates":[[[6.5712,45.9909],[6.5685,45.9853],[6.5749,45.9838],[6.5765,45.9817],[6.573,45.9806],[6.5656,45.9769],[6.5672,45.9733],[6.5636,45.9713],[6.5628,45.9684],[6.5559,45.9558],[6.5472,45.9589],[6.5427,45.963],[6.5359,45.9644],[6.5362,45.9688],[6.5345,45.9729],[6.533,45.974],[6.5276,45.9829],[6.5205,45.9815],[6.5143,45.981],[6.5123,45.9786],[6.5014,45.9789],[6.4941,45.9803],[6.4842,45.9839],[6.4856,45.9855],[6.4846,45.9875],[6.4788,45.9892],[6.4601,45.9989],[6.4619,45.9995],[6.4639,46.0041],[6.4732,46.007],[6.4792,46.0074],[6.4827,46.0089],[6.4847,46.011],[6.4903,46.0137],[6.4934,46.0165],[6.5055,46.0196],[6.5101,46.0218],[6.5204,46.0259],[6.5234,46.0271],[6.526,46.0262],[6.5291,46.029],[6.5388,46.0308],[6.5443,46.0264],[6.5465,46.0301],[6.5514,46.0298],[6.5513,46.0283],[6.5597,46.0296],[6.5597,46.0271],[6.5576,46.0213],[6.5543,46.0149],[6.5562,46.0063],[6.5595,46.0025],[6.5673,45.9988],[6.5661,45.9963],[6.5712,45.9909]]]}},{"type":"Feature","properties":{"code":"74222","nom":"Reyvroz","pop":500},"geometry":{"type":"Polygon","coordinates":[[[6.5466,46.3439],[6.5555,46.3413],[6.558,46.3397],[6.5655,46.3382],[6.567,46.3375],[6.5716,46.3379],[6.579,46.3324],[6.5862,46.3259],[6.5855,46.3226],[6.5825,46.3225],[6.5785,46.3206],[6.5798,46.3184],[6.5815,46.3106],[6.5842,46.3057],[6.5821,46.3032],[6.5784,46.3019],[6.5749,46.3032],[6.571,46.3069],[6.5658,46.3093],[6.5553,46.3171],[6.5534,46.3175],[6.5428,46.3156],[6.5391,46.317],[6.5362,46.3193],[6.5369,46.3227],[6.5411,46.3296],[6.5439,46.332],[6.5443,46.3394],[6.5466,46.3439]]]}},{"type":"Feature","properties":{"code":"74223","nom":"La Rivière-Enverse","pop":504},"geometry":{"type":"Polygon","coordinates":[[[6.6618,46.0944],[6.6634,46.093],[6.6536,46.0811],[6.6495,46.0738],[6.6461,46.0708],[6.6444,46.072],[6.6428,46.0738],[6.6332,46.0784],[6.6286,46.0822],[6.6256,46.0882],[6.6211,46.0898],[6.6094,46.0887],[6.6085,46.0891],[6.6082,46.0917],[6.603,46.0923],[6.5988,46.0921],[6.5975,46.0946],[6.5931,46.0945],[6.5899,46.0971],[6.5948,46.0978],[6.6115,46.0981],[6.6151,46.0979],[6.6259,46.1005],[6.6314,46.1],[6.6521,46.0966],[6.6565,46.0956],[6.6597,46.0957],[6.6618,46.0944]]]}},{"type":"Feature","properties":{"code":"74224","nom":"La Roche-sur-Foron","pop":11348},"geometry":{"type":"Polygon","coordinates":[[[6.2915,46.0811],[6.2922,46.0828],[6.2964,46.086],[6.3023,46.0828],[6.3041,46.0799],[6.3111,46.0757],[6.3157,46.0714],[6.3226,46.0661],[6.3258,46.0619],[6.3221,46.0583],[6.3205,46.0581],[6.3166,46.0555],[6.316,46.0534],[6.313,46.051],[6.3107,46.0447],[6.3081,46.0447],[6.3052,46.0428],[6.3075,46.0418],[6.3092,46.0434],[6.3113,46.0402],[6.3123,46.0353],[6.3153,46.03],[6.318,46.028],[6.3208,46.0287],[6.3241,46.0258],[6.3358,46.0188],[6.3381,46.0198],[6.3432,46.0196],[6.3495,46.0146],[6.3494,46.0077],[6.3473,46.0063],[6.3284,46.015],[6.3258,46.0159],[6.3232,46.0181],[6.3211,46.0185],[6.308,46.0264],[6.3042,46.0269],[6.3029,46.0289],[6.2993,46.029],[6.2976,46.0303],[6.2884,46.0308],[6.2812,46.0299],[6.2764,46.0284],[6.2723,46.0282],[6.27,46.0263],[6.2653,46.0272],[6.2642,46.0285],[6.2576,46.0324],[6.2525,46.0337],[6.251,46.0375],[6.2538,46.0381],[6.2592,46.0376],[6.2603,46.0398],[6.2629,46.0415],[6.265,46.0413],[6.2686,46.044],[6.2716,46.0476],[6.2792,46.0481],[6.2778,46.0505],[6.2857,46.0514],[6.2884,46.055],[6.2953,46.0557],[6.2989,46.058],[6.2982,46.0616],[6.3019,46.0626],[6.2989,46.0654],[6.3004,46.0677],[6.2969,46.071],[6.2978,46.0721],[6.2946,46.0749],[6.2912,46.0758],[6.2945,46.0781],[6.2915,46.0811]]]}},{"type":"Feature","properties":{"code":"74225","nom":"Rumilly","pop":16442},"geometry":{"type":"Polygon","coordinates":[[[5.9399,45.8325],[5.938,45.8386],[5.9362,45.8409],[5.9305,45.8425],[5.9309,45.8444],[5.926,45.8471],[5.9237,45.8459],[5.9183,45.8457],[5.9179,45.8441],[5.9112,45.8421],[5.9101,45.8462],[5.9104,45.8512],[5.9116,45.8517],[5.9108,45.8551],[5.918,45.8628],[5.9168,45.8679],[5.9202,45.8686],[5.9249,45.8678],[5.927,45.8684],[5.9251,45.8731],[5.9218,45.8776],[5.9181,45.8789],[5.9166,45.8836],[5.9221,45.8846],[5.9247,45.8863],[5.9335,45.8863],[5.9396,45.8838],[5.9414,45.8849],[5.9422,45.884],[5.9436,45.8742],[5.9465,45.8728],[5.9488,45.8685],[5.9473,45.8664],[5.9498,45.8651],[5.9517,45.8669],[5.9558,45.8663],[5.9562,45.8641],[5.9639,45.8603],[5.9621,45.8578],[5.9652,45.8562],[5.9639,45.8532],[5.9675,45.8511],[5.9723,45.8449],[5.9655,45.8422],[5.9623,45.8395],[5.961,45.8309],[5.9655,45.8303],[5.9653,45.8252],[5.963,45.8243],[5.9576,45.8269],[5.9466,45.8311],[5.9399,45.8325]]]}},{"type":"Feature","properties":{"code":"74226","nom":"Saint-André-de-Boëge","pop":597},"geometry":{"type":"Polygon","coordinates":[[[6.4156,46.1926],[6.4129,46.1903],[6.4111,46.1842],[6.4089,46.1829],[6.4027,46.1762],[6.3987,46.1759],[6.3918,46.1776],[6.3862,46.1772],[6.3765,46.1789],[6.3737,46.1803],[6.3709,46.1836],[6.3657,46.1845],[6.3629,46.1876],[6.3591,46.1896],[6.3547,46.1911],[6.3518,46.1934],[6.3499,46.1932],[6.3469,46.197],[6.3513,46.2075],[6.3538,46.2117],[6.3546,46.2136],[6.3607,46.2092],[6.3636,46.2094],[6.3701,46.2043],[6.3737,46.2042],[6.3767,46.2026],[6.3817,46.2026],[6.3858,46.2016],[6.3977,46.2043],[6.3965,46.2017],[6.3925,46.196],[6.395,46.1956],[6.4009,46.2004],[6.4051,46.2056],[6.4144,46.2011],[6.4144,46.1985],[6.4181,46.1961],[6.4156,46.1926]]]}},{"type":"Feature","properties":{"code":"74228","nom":"Saint-Blaise","pop":383},"geometry":{"type":"Polygon","coordinates":[[[6.0837,46.0615],[6.0828,46.0635],[6.0795,46.0653],[6.0818,46.0684],[6.0786,46.0697],[6.0805,46.0724],[6.0854,46.0759],[6.0941,46.0746],[6.098,46.0707],[6.1048,46.0674],[6.0987,46.0642],[6.095,46.0588],[6.0953,46.0574],[6.0894,46.0548],[6.0859,46.0579],[6.0837,46.0615]]]}},{"type":"Feature","properties":{"code":"74229","nom":"Saint-Cergues","pop":3869},"geometry":{"type":"Polygon","coordinates":[[[6.3472,46.2341],[6.3549,46.2297],[6.3523,46.2213],[6.353,46.2165],[6.3427,46.2154],[6.34,46.2159],[6.3354,46.2153],[6.331,46.217],[6.3279,46.2139],[6.3232,46.2119],[6.3211,46.2118],[6.3128,46.2181],[6.3052,46.2211],[6.3042,46.2221],[6.3035,46.2241],[6.2946,46.2251],[6.2986,46.2294],[6.3027,46.2352],[6.3049,46.2372],[6.3103,46.244],[6.3087,46.2475],[6.3094,46.2499],[6.3057,46.2514],[6.3085,46.2552],[6.315,46.2533],[6.3223,46.2502],[6.3279,46.2497],[6.3315,46.2464],[6.3359,46.2448],[6.3376,46.2406],[6.3421,46.2388],[6.3447,46.2365],[6.3446,46.2345],[6.3472,46.2341]]]}},{"type":"Feature","properties":{"code":"74231","nom":"Saint-Eusèbe","pop":633},"geometry":{"type":"Polygon","coordinates":[[[5.9638,45.9118],[5.9652,45.914],[5.962,45.9163],[5.9664,45.9193],[5.9606,45.9227],[5.9545,45.9258],[5.951,45.9284],[5.9491,45.9243],[5.9438,45.9233],[5.9414,45.9209],[5.9406,45.9232],[5.9379,45.9253],[5.9384,45.927],[5.94,45.9281],[5.9386,45.9327],[5.9422,45.9339],[5.9451,45.936],[5.945,45.9394],[5.9492,45.9413],[5.9555,45.9411],[5.9656,45.9414],[5.9677,45.9378],[5.9723,45.9377],[5.9774,45.9386],[5.985,45.9393],[5.985,45.9345],[5.9823,45.9259],[5.979,45.9235],[5.9776,45.9193],[5.9726,45.9153],[5.9698,45.9143],[5.9683,45.9111],[5.9638,45.9118]]]}},{"type":"Feature","properties":{"code":"74232","nom":"Saint-Eustache","pop":496},"geometry":{"type":"Polygon","coordinates":[[[6.106,45.7972],[6.1073,45.7987],[6.1216,45.7992],[6.1314,45.8013],[6.136,45.8046],[6.1407,45.8065],[6.149,45.8039],[6.1534,45.8043],[6.1544,45.8074],[6.1577,45.8102],[6.1625,45.8105],[6.1645,45.8073],[6.1667,45.807],[6.1729,45.8039],[6.1779,45.8055],[6.182,45.8039],[6.1787,45.798],[6.178,45.7942],[6.176,45.7894],[6.1774,45.7868],[6.1736,45.7797],[6.1627,45.7807],[6.1575,45.7823],[6.1529,45.7822],[6.1512,45.7833],[6.1419,45.7844],[6.1395,45.7865],[6.1355,45.788],[6.1265,45.7882],[6.1284,45.793],[6.1215,45.7935],[6.1186,45.7933],[6.106,45.7972]]]}},{"type":"Feature","properties":{"code":"74233","nom":"Saint-Félix","pop":2439},"geometry":{"type":"Polygon","coordinates":[[[5.9627,45.8129],[5.9649,45.8161],[5.9659,45.8211],[5.9692,45.8197],[5.975,45.8207],[5.9799,45.8185],[5.9823,45.8193],[5.9874,45.8181],[5.9916,45.8193],[5.9943,45.8189],[5.9962,45.8169],[5.9957,45.8145],[5.9974,45.8128],[5.9973,45.8103],[5.9954,45.8066],[5.9955,45.8038],[5.9918,45.8022],[5.9897,45.8004],[5.9854,45.8001],[5.9848,45.7966],[5.9801,45.7961],[5.974,45.7958],[5.97,45.7946],[5.9642,45.7954],[5.9583,45.7951],[5.9575,45.7982],[5.9589,45.8032],[5.9625,45.806],[5.963,45.8079],[5.9616,45.8112],[5.9627,45.8129]]]}},{"type":"Feature","properties":{"code":"74234","nom":"Saint-Ferréol","pop":874},"geometry":{"type":"Polygon","coordinates":[[[6.3167,45.7516],[6.3157,45.7539],[6.3127,45.7564],[6.3109,45.7567],[6.3087,45.761],[6.3019,45.7645],[6.2984,45.7679],[6.2966,45.7661],[6.2892,45.7691],[6.2875,45.7725],[6.2846,45.7755],[6.2863,45.781],[6.2862,45.7859],[6.2839,45.7894],[6.2859,45.7928],[6.2845,45.7944],[6.2878,45.7954],[6.2892,45.797],[6.2894,45.8006],[6.2868,45.8068],[6.2875,45.8098],[6.292,45.8154],[6.2973,45.8143],[6.2993,45.8128],[6.3086,45.8079],[6.3134,45.8062],[6.318,45.8028],[6.3213,45.8025],[6.3255,45.798],[6.3251,45.7947],[6.3254,45.7881],[6.3279,45.787],[6.3305,45.7883],[6.3305,45.7849],[6.3291,45.7797],[6.328,45.7784],[6.3297,45.7756],[6.3285,45.7728],[6.3244,45.7705],[6.3256,45.7676],[6.3285,45.7643],[6.3304,45.7608],[6.3292,45.7597],[6.3286,45.7548],[6.3239,45.7551],[6.3182,45.7534],[6.3167,45.7516]]]}},{"type":"Feature","properties":{"code":"74235","nom":"Saint-Germain-sur-Rhône","pop":646},"geometry":{"type":"Polygon","coordinates":[[[5.8079,46.062],[5.8079,46.065],[5.8106,46.0742],[5.8112,46.0785],[5.8151,46.0803],[5.8178,46.0838],[5.8175,46.086],[5.8219,46.0897],[5.8295,46.0882],[5.8343,46.0832],[5.8377,46.081],[5.838,46.0795],[5.8419,46.073],[5.8427,46.0705],[5.8508,46.0667],[5.8493,46.0636],[5.8457,46.0615],[5.845,46.0591],[5.8415,46.058],[5.8403,46.0604],[5.8337,46.0614],[5.8299,46.0596],[5.8286,46.0555],[5.8241,46.0545],[5.8142,46.0552],[5.8143,46.058],[5.81,46.0592],[5.8079,46.062]]]}},{"type":"Feature","properties":{"code":"74236","nom":"Saint-Gervais-les-Bains","pop":5755},"geometry":{"type":"MultiPolygon","coordinates":[[[[6.7486,45.9033],[6.7513,45.8995],[6.757,45.8884],[6.7585,45.8859],[6.7639,45.8807],[6.7756,45.8808],[6.7782,45.878],[6.7822,45.8755],[6.7971,45.875],[6.806,45.862],[6.8307,45.8551],[6.8435,45.8426],[6.8522,45.8394],[6.8538,45.8371],[6.8507,45.8375],[6.8445,45.8404],[6.8405,45.8407],[6.8358,45.8382],[6.831,45.8372],[6.8265,45.8381],[6.8227,45.8377],[6.8181,45.8359],[6.8181,45.8322],[6.8135,45.826],[6.8115,45.8254],[6.8108,45.822],[6.8065,45.817],[6.8044,45.8157],[6.8082,45.8134],[6.7907,45.8135],[6.7841,45.8158],[6.779,45.8166],[6.7721,45.8201],[6.7657,45.8204],[6.7574,45.8221],[6.7541,45.8237],[6.7521,45.8276],[6.7485,45.8284],[6.742,45.8288],[6.7409,45.8303],[6.7424,45.8343],[6.7422,45.8362],[6.7313,45.8381],[6.7331,45.8425],[6.7311,45.8454],[6.7308,45.8476],[6.7288,45.848],[6.7279,45.8451],[6.7283,45.8424],[6.7265,45.8385],[6.7228,45.839],[6.7191,45.838],[6.7151,45.8391],[6.7041,45.84],[6.699,45.8393],[6.7007,45.8367],[6.6998,45.8312],[6.7027,45.8305],[6.7005,45.8273],[6.6974,45.8248],[6.6921,45.8252],[6.6918,45.8232],[6.6883,45.8209],[6.6859,45.817],[6.6743,45.8108],[6.6701,45.8062],[6.6592,45.8005],[6.6581,45.8053],[6.6649,45.8073],[6.6648,45.8154],[6.6693,45.8161],[6.6742,45.8162],[6.6776,45.8185],[6.6801,45.8214],[6.68,45.8236],[6.6824,45.8249],[6.6762,45.8277],[6.6726,45.8276],[6.6685,45.8312],[6.6708,45.835],[6.6691,45.8376],[6.6665,45.8382],[6.6626,45.8376],[6.6619,45.839],[6.6647,45.8412],[6.6628,45.8456],[6.6629,45.8481],[6.6616,45.851],[6.6572,45.8555],[6.658,45.8585],[6.6619,45.8606],[6.6687,45.8653],[6.669,45.8674],[6.6719,45.8692],[6.6737,45.8725],[6.6751,45.8773],[6.6752,45.8851],[6.6741,45.89],[6.6756,45.8928],[6.6785,45.8941],[6.6827,45.8942],[6.6832,45.8959],[6.6873,45.8974],[6.6907,45.8975],[6.6903,45.9],[6.6933,45.9],[6.6959,45.9018],[6.693,45.9037],[6.6925,45.9097],[6.6971,45.9101],[6.714,45.9024],[6.7187,45.9012],[6.7219,45.9013],[6.728,45.9001],[6.7322,45.8976],[6.7409,45.8998],[6.7438,45.9017],[6.7486,45.9033]]],[[[6.8615,45.8325],[6.8652,45.8327],[6.8701,45.828],[6.8702,45.8257],[6.8666,45.8258],[6.8633,45.8284],[6.8615,45.8325]]]]}},{"type":"Feature","properties":{"code":"74237","nom":"Saint-Gingolph","pop":903},"geometry":{"type":"Polygon","coordinates":[[[6.7874,46.3786],[6.7827,46.3823],[6.7756,46.3796],[6.7709,46.3807],[6.7644,46.3829],[6.7603,46.3828],[6.7587,46.3842],[6.7473,46.3858],[6.7505,46.3915],[6.7496,46.3939],[6.7535,46.3976],[6.7552,46.4006],[6.7575,46.4027],[6.7596,46.4007],[6.7678,46.3989],[6.7717,46.3975],[6.7768,46.397],[6.7835,46.3947],[6.7899,46.3931],[6.795,46.3928],[6.8031,46.3943],[6.8019,46.386],[6.8039,46.3838],[6.8064,46.383],[6.8062,46.3799],[6.8037,46.3765],[6.801,46.3753],[6.7952,46.3775],[6.7874,46.3786]]]}},{"type":"Feature","properties":{"code":"74238","nom":"Saint-Jean-d'Aulps","pop":1492},"geometry":{"type":"Polygon","coordinates":[[[6.6418,46.1955],[6.6367,46.1929],[6.626,46.1914],[6.6231,46.1902],[6.6177,46.195],[6.6114,46.1913],[6.6102,46.1891],[6.6031,46.1886],[6.6045,46.1979],[6.6078,46.204],[6.6021,46.206],[6.5985,46.2096],[6.5992,46.2126],[6.6054,46.2152],[6.608,46.2181],[6.61,46.2187],[6.6109,46.2224],[6.6145,46.2268],[6.6184,46.2305],[6.623,46.234],[6.6298,46.2342],[6.6336,46.235],[6.6375,46.237],[6.6374,46.238],[6.6421,46.2432],[6.6412,46.2451],[6.6367,46.2465],[6.6339,46.2486],[6.6427,46.251],[6.6466,46.2513],[6.6492,46.2524],[6.6539,46.253],[6.6592,46.2557],[6.6623,46.2626],[6.6652,46.265],[6.671,46.2672],[6.6778,46.2656],[6.6809,46.2658],[6.6908,46.2684],[6.6923,46.264],[6.6955,46.2589],[6.6953,46.2538],[6.6971,46.2507],[6.697,46.2439],[6.6988,46.2428],[6.6962,46.2382],[6.6994,46.237],[6.7043,46.2373],[6.7053,46.2359],[6.7086,46.235],[6.7099,46.2331],[6.7171,46.2308],[6.7237,46.2327],[6.7254,46.2339],[6.7288,46.2341],[6.7302,46.2315],[6.7262,46.2276],[6.7269,46.2249],[6.7264,46.2214],[6.7227,46.2216],[6.7202,46.2203],[6.7189,46.2178],[6.7164,46.2183],[6.7096,46.2176],[6.7066,46.222],[6.7044,46.2156],[6.6954,46.2124],[6.6855,46.2097],[6.6792,46.207],[6.6769,46.2037],[6.6739,46.2051],[6.6719,46.2114],[6.6692,46.2133],[6.6656,46.2192],[6.6611,46.2175],[6.656,46.2169],[6.6564,46.2148],[6.6542,46.212],[6.6451,46.2095],[6.6419,46.2056],[6.6392,46.2041],[6.6386,46.2018],[6.6418,46.1955]]]}},{"type":"Feature","properties":{"code":"74239","nom":"Saint-Jean-de-Sixt","pop":1561},"geometry":{"type":"Polygon","coordinates":[[[6.4477,45.9218],[6.444,45.921],[6.4411,45.9178],[6.4292,45.9139],[6.4252,45.911],[6.4211,45.9093],[6.4133,45.9083],[6.4031,45.9045],[6.3994,45.9075],[6.3947,45.9135],[6.3938,45.9183],[6.3904,45.918],[6.3886,45.9193],[6.3884,45.9218],[6.3832,45.9275],[6.3731,45.9378],[6.3767,45.9393],[6.3803,45.9394],[6.3838,45.9407],[6.3883,45.9411],[6.3915,45.9378],[6.3915,45.936],[6.3968,45.9333],[6.4024,45.9323],[6.4037,45.9357],[6.4089,45.9417],[6.4112,45.9436],[6.4156,45.9397],[6.4288,45.9302],[6.4322,45.9315],[6.4363,45.9301],[6.4477,45.9218]]]}},{"type":"Feature","properties":{"code":"74240","nom":"Saint-Jean-de-Tholome","pop":1180},"geometry":{"type":"Polygon","coordinates":[[[6.4457,46.1103],[6.4473,46.1084],[6.4546,46.1067],[6.4523,46.1065],[6.4488,46.1042],[6.4449,46.0992],[6.4393,46.0951],[6.4381,46.0963],[6.4318,46.0972],[6.4306,46.0983],[6.4272,46.0983],[6.4227,46.0976],[6.4169,46.1012],[6.4145,46.1012],[6.4092,46.0995],[6.4061,46.1002],[6.3971,46.0971],[6.3915,46.0978],[6.3917,46.1007],[6.3872,46.1026],[6.3844,46.1037],[6.3874,46.1075],[6.3873,46.1108],[6.382,46.1119],[6.3823,46.1165],[6.3804,46.1178],[6.3808,46.1199],[6.3833,46.1209],[6.3889,46.1223],[6.3938,46.1193],[6.3951,46.117],[6.3989,46.1181],[6.4,46.1199],[6.3961,46.1246],[6.3964,46.1261],[6.4026,46.1258],[6.4039,46.1271],[6.4167,46.1296],[6.4194,46.1246],[6.4254,46.1233],[6.4349,46.1156],[6.4457,46.1103]]]}},{"type":"Feature","properties":{"code":"74241","nom":"Saint-Jeoire","pop":3457},"geometry":{"type":"Polygon","coordinates":[[[6.4546,46.1067],[6.4473,46.1084],[6.4457,46.1103],[6.4426,46.1179],[6.4442,46.1281],[6.4488,46.1313],[6.4485,46.1341],[6.4464,46.137],[6.4465,46.143],[6.4436,46.1444],[6.4449,46.1468],[6.4454,46.152],[6.4448,46.1536],[6.4463,46.1574],[6.4455,46.1603],[6.4397,46.1608],[6.4437,46.1645],[6.4457,46.1697],[6.4455,46.1749],[6.4505,46.1804],[6.4509,46.1823],[6.4543,46.1838],[6.4558,46.1772],[6.4589,46.1774],[6.4619,46.1731],[6.467,46.1697],[6.4735,46.1671],[6.4793,46.1667],[6.481,46.165],[6.4786,46.1634],[6.4774,46.1605],[6.4758,46.1538],[6.4789,46.1509],[6.4834,46.1485],[6.4838,46.1455],[6.4879,46.138],[6.4961,46.1319],[6.4994,46.1304],[6.4995,46.1255],[6.4953,46.1247],[6.493,46.123],[6.4918,46.1186],[6.4847,46.1186],[6.4782,46.1097],[6.4723,46.1063],[6.47,46.1057],[6.4657,46.1064],[6.4579,46.1053],[6.4546,46.1067]]]}},{"type":"Feature","properties":{"code":"74242","nom":"Saint-Jorioz","pop":6390},"geometry":{"type":"Polygon","coordinates":[[[6.1073,45.7987],[6.1122,45.8041],[6.1122,45.8052],[6.1078,45.809],[6.1094,45.8129],[6.1105,45.8189],[6.111,45.8247],[6.1096,45.8273],[6.1113,45.8308],[6.1246,45.8323],[6.1327,45.8322],[6.1367,45.8342],[6.1463,45.8375],[6.1519,45.8402],[6.1589,45.8461],[6.1719,45.8507],[6.1919,45.8357],[6.1889,45.8305],[6.1869,45.8253],[6.1856,45.8249],[6.179,45.8184],[6.1816,45.8166],[6.1806,45.8147],[6.1828,45.8063],[6.182,45.8039],[6.1779,45.8055],[6.1729,45.8039],[6.1667,45.807],[6.1645,45.8073],[6.1625,45.8105],[6.1577,45.8102],[6.1544,45.8074],[6.1534,45.8043],[6.149,45.8039],[6.1407,45.8065],[6.136,45.8046],[6.1314,45.8013],[6.1216,45.7992],[6.1073,45.7987]]]}},{"type":"Feature","properties":{"code":"74243","nom":"Saint-Julien-en-Genevois","pop":16222},"geometry":{"type":"Polygon","coordinates":[[[6.0644,46.1237],[6.0619,46.1255],[6.0568,46.1339],[6.0506,46.1304],[6.0482,46.1335],[6.0506,46.1349],[6.0481,46.1408],[6.0469,46.1418],[6.0485,46.1471],[6.0523,46.1513],[6.0607,46.1512],[6.0723,46.1499],[6.0749,46.1488],[6.0918,46.1519],[6.0958,46.1483],[6.0985,46.1438],[6.1063,46.144],[6.1077,46.1429],[6.1202,46.1428],[6.1266,46.1405],[6.1163,46.1411],[6.1118,46.1351],[6.1085,46.1366],[6.1061,46.1316],[6.0955,46.1324],[6.0881,46.1235],[6.0851,46.123],[6.0835,46.1257],[6.0799,46.1292],[6.0763,46.136],[6.0738,46.1358],[6.0744,46.1314],[6.0686,46.1257],[6.0644,46.1237]]]}},{"type":"Feature","properties":{"code":"74244","nom":"Saint-Laurent","pop":841},"geometry":{"type":"Polygon","coordinates":[[[6.343,46.0528],[6.354,46.0509],[6.3676,46.05],[6.3731,46.0501],[6.373,46.0463],[6.3788,46.0431],[6.3798,46.0394],[6.3842,46.0345],[6.3887,46.0316],[6.385,46.0296],[6.3758,46.03],[6.3657,46.0292],[6.3636,46.0273],[6.3591,46.0263],[6.3579,46.0252],[6.3544,46.0258],[6.3513,46.0225],[6.3463,46.0201],[6.3432,46.0196],[6.3381,46.0198],[6.332,46.0246],[6.3289,46.0286],[6.3297,46.0326],[6.3324,46.0337],[6.3327,46.036],[6.3312,46.0431],[6.3319,46.0445],[6.3302,46.0478],[6.3331,46.0508],[6.3358,46.0511],[6.3369,46.0539],[6.343,46.0528]]]}},{"type":"Feature","properties":{"code":"74249","nom":"Saint-Paul-en-Chablais","pop":2613},"geometry":{"type":"Polygon","coordinates":[[[6.6101,46.3595],[6.6099,46.3622],[6.6078,46.3661],[6.6067,46.3712],[6.6066,46.3775],[6.6084,46.3835],[6.6195,46.385],[6.6228,46.385],[6.6256,46.3855],[6.638,46.3833],[6.6491,46.3848],[6.6533,46.3802],[6.6536,46.3785],[6.6582,46.3803],[6.6621,46.3805],[6.6671,46.3783],[6.6706,46.375],[6.6723,46.373],[6.6688,46.3688],[6.6697,46.3633],[6.6665,46.358],[6.6624,46.3586],[6.6543,46.3565],[6.6483,46.3558],[6.6415,46.3533],[6.6338,46.3518],[6.6261,46.3536],[6.6238,46.3529],[6.6194,46.3556],[6.6184,46.3571],[6.6129,46.3565],[6.6101,46.3595]]]}},{"type":"Feature","properties":{"code":"74250","nom":"Saint-Pierre-en-Faucigny","pop":7865},"geometry":{"type":"Polygon","coordinates":[[[6.3716,46.0867],[6.3805,46.0847],[6.385,46.0846],[6.3944,46.0853],[6.3973,46.0843],[6.3954,46.0794],[6.3966,46.0778],[6.3947,46.0717],[6.3803,46.0566],[6.3845,46.057],[6.389,46.0473],[6.3921,46.045],[6.3956,46.0437],[6.402,46.0436],[6.4049,46.0421],[6.4008,46.04],[6.3975,46.0372],[6.3908,46.0325],[6.3887,46.0316],[6.3842,46.0345],[6.3798,46.0394],[6.3788,46.0431],[6.373,46.0463],[6.3731,46.0501],[6.3676,46.05],[6.354,46.0509],[6.343,46.0528],[6.3461,46.056],[6.3458,46.0585],[6.3472,46.0617],[6.3508,46.0627],[6.351,46.0658],[6.3494,46.0682],[6.3468,46.0688],[6.3489,46.0726],[6.3473,46.0782],[6.3429,46.0817],[6.3444,46.0844],[6.3465,46.0836],[6.3515,46.0834],[6.3533,46.0857],[6.3565,46.0843],[6.3609,46.0797],[6.364,46.0779],[6.3678,46.0785],[6.3703,46.0805],[6.3672,46.0821],[6.3716,46.0867]]]}},{"type":"Feature","properties":{"code":"74252","nom":"Saint-Sigismond","pop":641},"geometry":{"type":"Polygon","coordinates":[[[6.5964,46.0588],[6.5971,46.0602],[6.6019,46.0612],[6.5985,46.0658],[6.5979,46.0683],[6.6005,46.0686],[6.6023,46.0726],[6.5958,46.0771],[6.593,46.08],[6.5925,46.0827],[6.595,46.0837],[6.6051,46.085],[6.6044,46.0874],[6.6085,46.0891],[6.6094,46.0887],[6.6211,46.0898],[6.6256,46.0882],[6.6286,46.0822],[6.6332,46.0784],[6.6428,46.0738],[6.6444,46.072],[6.6348,46.0648],[6.6289,46.0642],[6.6256,46.0666],[6.6223,46.0669],[6.6193,46.0657],[6.6203,46.064],[6.5964,46.0588]]]}},{"type":"Feature","properties":{"code":"74253","nom":"Saint-Sixt","pop":1016},"geometry":{"type":"Polygon","coordinates":[[[6.3221,46.0583],[6.3265,46.0586],[6.3285,46.0559],[6.3369,46.0539],[6.3358,46.0511],[6.3331,46.0508],[6.3302,46.0478],[6.3319,46.0445],[6.3312,46.0431],[6.3327,46.036],[6.3324,46.0337],[6.3297,46.0326],[6.3289,46.0286],[6.332,46.0246],[6.3381,46.0198],[6.3358,46.0188],[6.3241,46.0258],[6.3208,46.0287],[6.318,46.028],[6.3153,46.03],[6.3123,46.0353],[6.3113,46.0402],[6.3092,46.0434],[6.3075,46.0418],[6.3052,46.0428],[6.3081,46.0447],[6.3107,46.0447],[6.313,46.051],[6.316,46.0534],[6.3166,46.0555],[6.3205,46.0581],[6.3221,46.0583]]]}},{"type":"Feature","properties":{"code":"74254","nom":"Saint-Sylvestre","pop":595},"geometry":{"type":"Polygon","coordinates":[[[6.0255,45.8499],[6.0231,45.8485],[6.0259,45.8425],[6.0301,45.8366],[6.0298,45.8346],[6.0251,45.83],[6.021,45.8279],[6.0147,45.8268],[6.0149,45.8303],[6.0105,45.8287],[6.0078,45.8307],[6.0038,45.8318],[6.0028,45.8343],[5.9961,45.8336],[5.9912,45.8345],[5.9932,45.837],[5.9965,45.8376],[5.9987,45.8437],[6.0022,45.8455],[6.0051,45.8491],[6.0094,45.8504],[6.0153,45.855],[6.0172,45.8578],[6.0199,45.8535],[6.0255,45.8499]]]}},{"type":"Feature","properties":{"code":"74255","nom":"Sales","pop":2325},"geometry":{"type":"Polygon","coordinates":[[[5.9414,45.8849],[5.9419,45.8871],[5.939,45.8893],[5.94,45.8914],[5.9462,45.8919],[5.9473,45.8948],[5.9509,45.8957],[5.9526,45.8973],[5.9562,45.8969],[5.9577,45.8997],[5.9546,45.9016],[5.9563,45.9044],[5.9581,45.9043],[5.9603,45.9009],[5.9641,45.9001],[5.9672,45.8979],[5.9736,45.8958],[5.9763,45.8933],[5.9822,45.8928],[5.9829,45.891],[5.981,45.8875],[5.9744,45.8843],[5.9712,45.8782],[5.9742,45.8779],[5.9736,45.8747],[5.9708,45.8698],[5.9692,45.8685],[5.973,45.8613],[5.9684,45.8593],[5.9667,45.8573],[5.9621,45.8578],[5.9639,45.8603],[5.9562,45.8641],[5.9558,45.8663],[5.9517,45.8669],[5.9498,45.8651],[5.9473,45.8664],[5.9488,45.8685],[5.9465,45.8728],[5.9436,45.8742],[5.9422,45.884],[5.9414,45.8849]]]}},{"type":"Feature","properties":{"code":"74256","nom":"Sallanches","pop":17319},"geometry":{"type":"Polygon","coordinates":[[[6.5729,45.8775],[6.5708,45.8811],[6.5734,45.8859],[6.5759,45.886],[6.5813,45.889],[6.5837,45.8913],[6.5847,45.8949],[6.5871,45.8981],[6.5899,45.8994],[6.5911,45.9023],[6.5931,45.9028],[6.5995,45.9073],[6.6024,45.9081],[6.6064,45.9104],[6.6136,45.9165],[6.6171,45.9216],[6.62,45.9243],[6.6195,45.9279],[6.6248,45.9325],[6.6241,45.9346],[6.62,45.9317],[6.6153,45.9312],[6.6097,45.9329],[6.6058,45.9334],[6.6055,45.9309],[6.6029,45.9302],[6.6013,45.933],[6.5967,45.9309],[6.5926,45.9321],[6.5877,45.9318],[6.587,45.9296],[6.5797,45.9297],[6.5765,45.9285],[6.5729,45.9255],[6.5659,45.9182],[6.5633,45.9207],[6.5609,45.9185],[6.5538,45.9152],[6.5461,45.9103],[6.5396,45.9131],[6.5275,45.9148],[6.5149,45.9157],[6.5198,45.9191],[6.5265,45.9219],[6.531,45.9246],[6.5345,45.9247],[6.5339,45.9328],[6.5368,45.9351],[6.5398,45.9402],[6.5387,45.9425],[6.5435,45.9457],[6.5442,45.9478],[6.5499,45.9502],[6.555,45.9516],[6.5559,45.9558],[6.5628,45.9684],[6.5636,45.9713],[6.5672,45.9733],[6.5656,45.9769],[6.573,45.9806],[6.5765,45.9817],[6.5904,45.9791],[6.596,45.9774],[6.5968,45.9746],[6.6044,45.9773],[6.6078,45.9788],[6.6097,45.981],[6.6185,45.9852],[6.6211,45.987],[6.6258,45.9852],[6.6299,45.9809],[6.6348,45.9791],[6.6373,45.9811],[6.6382,45.9777],[6.6435,45.9793],[6.6446,45.9812],[6.6493,45.9799],[6.6527,45.9778],[6.656,45.9774],[6.6645,45.9776],[6.665,45.9794],[6.6576,45.9815],[6.6567,45.9833],[6.6644,45.987],[6.6735,45.9856],[6.6794,45.9857],[6.6838,45.9847],[6.6866,45.9851],[6.6924,45.9831],[6.6933,45.9773],[6.693,45.9727],[6.6898,45.9704],[6.6895,45.968],[6.6857,45.9646],[6.6846,45.9621],[6.6722,45.9642],[6.6712,45.9607],[6.6669,45.962],[6.6569,45.9586],[6.6541,45.9552],[6.6563,45.9536],[6.6528,45.9503],[6.6551,45.9486],[6.6579,45.9482],[6.6587,45.9442],[6.6617,45.9378],[6.6628,45.9333],[6.6642,45.9301],[6.6621,45.9288],[6.656,45.9296],[6.6459,45.9274],[6.6488,45.9225],[6.6442,45.921],[6.6422,45.9188],[6.6393,45.9177],[6.6397,45.9162],[6.6362,45.9133],[6.6337,45.9131],[6.6306,45.9153],[6.6247,45.9141],[6.6219,45.915],[6.6193,45.9131],[6.6183,45.911],[6.6128,45.9057],[6.6092,45.9057],[6.6068,45.9043],[6.606,45.902],[6.5984,45.8984],[6.5961,45.896],[6.5985,45.8914],[6.5945,45.8908],[6.5931,45.8897],[6.5943,45.8864],[6.5927,45.8855],[6.5916,45.8823],[6.5892,45.8797],[6.5883,45.8791],[6.5771,45.8786],[6.5729,45.8775]]]}},{"type":"Feature","properties":{"code":"74257","nom":"Sallenôves","pop":849},"geometry":{"type":"Polygon","coordinates":[[[5.9787,46.0059],[5.9765,46.0097],[5.9838,46.0111],[5.9905,46.0138],[5.9927,46.0128],[5.9945,46.0099],[5.9997,46.0103],[6.0031,46.0082],[6.0074,46.0048],[6.0053,46.0003],[6.0021,45.9976],[6.0023,45.9944],[5.999,45.9941],[5.9929,45.9949],[5.9854,45.995],[5.9828,45.994],[5.9778,45.9997],[5.9791,46.0034],[5.9787,46.0059]]]}},{"type":"Feature","properties":{"code":"74258","nom":"Samoëns","pop":2203},"geometry":{"type":"Polygon","coordinates":[[[6.8151,46.1293],[6.8123,46.1274],[6.8095,46.1272],[6.8105,46.1244],[6.8136,46.1228],[6.8136,46.1179],[6.8194,46.1145],[6.8217,46.1103],[6.8275,46.1041],[6.8228,46.103],[6.8172,46.1036],[6.8112,46.1007],[6.799,46.0985],[6.7954,46.0924],[6.7925,46.0903],[6.7909,46.0851],[6.7884,46.0806],[6.7857,46.0787],[6.7817,46.074],[6.7788,46.073],[6.7743,46.0733],[6.7727,46.072],[6.7679,46.0716],[6.7566,46.0672],[6.7534,46.0643],[6.744,46.0592],[6.7405,46.0577],[6.739,46.0558],[6.7415,46.0543],[6.741,46.0526],[6.7457,46.048],[6.7485,46.0436],[6.742,46.0413],[6.7399,46.0391],[6.744,46.0362],[6.7486,46.0344],[6.7509,46.03],[6.7537,46.0263],[6.7539,46.0229],[6.7517,46.0207],[6.7515,46.0166],[6.7498,46.0155],[6.7499,46.0127],[6.7485,46.0092],[6.7485,46.0063],[6.7416,45.9986],[6.7329,45.9979],[6.7309,46.0016],[6.7214,46.0057],[6.7168,46.0071],[6.7106,46.013],[6.7131,46.0171],[6.7123,46.02],[6.7129,46.0241],[6.7036,46.0296],[6.7014,46.0315],[6.6947,46.0311],[6.6961,46.0389],[6.6972,46.0397],[6.6973,46.0437],[6.6954,46.0468],[6.6932,46.047],[6.6923,46.0532],[6.687,46.0524],[6.6835,46.0532],[6.6829,46.0564],[6.684,46.062],[6.6831,46.0635],[6.6835,46.0671],[6.6879,46.0707],[6.688,46.0736],[6.6867,46.0758],[6.6885,46.0791],[6.6944,46.0843],[6.6888,46.087],[6.6843,46.0868],[6.6859,46.095],[6.6897,46.0977],[6.6904,46.1019],[6.6903,46.1065],[6.6924,46.1094],[6.6913,46.1115],[6.6944,46.1173],[6.6946,46.1188],[6.6989,46.1219],[6.706,46.1252],[6.7137,46.1293],[6.7199,46.1268],[6.7235,46.1293],[6.7239,46.1322],[6.727,46.1362],[6.7311,46.1379],[6.7334,46.1402],[6.7355,46.1399],[6.7391,46.1443],[6.743,46.1459],[6.7452,46.1489],[6.7496,46.1492],[6.7527,46.1481],[6.7559,46.148],[6.7615,46.1452],[6.7662,46.1505],[6.7734,46.1527],[6.7859,46.1543],[6.7905,46.1545],[6.7908,46.1528],[6.7945,46.1478],[6.7949,46.1441],[6.7963,46.1422],[6.7965,46.1387],[6.7984,46.136],[6.8014,46.1353],[6.8079,46.1362],[6.8115,46.1323],[6.8134,46.1319],[6.8151,46.1293]]]}},{"type":"Feature","properties":{"code":"74259","nom":"Le Sappey","pop":468},"geometry":{"type":"Polygon","coordinates":[[[6.1627,46.1121],[6.1695,46.109],[6.1708,46.1072],[6.1766,46.1073],[6.1831,46.1049],[6.1932,46.1018],[6.1939,46.1003],[6.1904,46.0969],[6.1887,46.094],[6.1849,46.0907],[6.1862,46.0889],[6.1823,46.0835],[6.1789,46.0819],[6.1758,46.0794],[6.1719,46.078],[6.1712,46.0767],[6.1673,46.0732],[6.1621,46.067],[6.1616,46.0655],[6.161,46.0665],[6.156,46.069],[6.1514,46.0696],[6.1481,46.071],[6.1456,46.0706],[6.1348,46.0747],[6.1264,46.0794],[6.1265,46.0799],[6.1306,46.083],[6.133,46.0885],[6.137,46.0885],[6.1403,46.0917],[6.146,46.0957],[6.149,46.0999],[6.1524,46.1014],[6.1551,46.1014],[6.1558,46.1053],[6.1604,46.1108],[6.1627,46.1121]]]}},{"type":"Feature","properties":{"code":"74260","nom":"Savigny","pop":1041},"geometry":{"type":"Polygon","coordinates":[[[5.9719,46.0862],[5.9716,46.0838],[5.9695,46.0829],[5.9657,46.0787],[5.9652,46.0753],[5.9674,46.069],[5.9695,46.0682],[5.972,46.0651],[5.9733,46.065],[5.9754,46.0636],[5.9759,46.0588],[5.9767,46.0578],[5.9761,46.0533],[5.9735,46.0516],[5.9667,46.0502],[5.9644,46.0498],[5.9639,46.0535],[5.9615,46.0531],[5.9584,46.0555],[5.9549,46.0545],[5.9435,46.0544],[5.9404,46.057],[5.9347,46.0634],[5.9313,46.0682],[5.9262,46.071],[5.9206,46.0769],[5.9258,46.0801],[5.932,46.082],[5.9719,46.0862]]]}},{"type":"Feature","properties":{"code":"74261","nom":"Saxel","pop":518},"geometry":{"type":"Polygon","coordinates":[[[6.4254,46.251],[6.4206,46.2422],[6.4156,46.2428],[6.4125,46.2361],[6.4098,46.2344],[6.4026,46.2336],[6.3926,46.2337],[6.39,46.2356],[6.3823,46.2386],[6.3788,46.2405],[6.379,46.2424],[6.3826,46.2437],[6.3852,46.2468],[6.3898,46.2496],[6.3963,46.2511],[6.4013,46.2532],[6.4107,46.2563],[6.4146,46.2559],[6.4165,46.2583],[6.4177,46.2558],[6.4212,46.2528],[6.4254,46.251]]]}},{"type":"Feature","properties":{"code":"74262","nom":"Scientrier","pop":1273},"geometry":{"type":"Polygon","coordinates":[[[6.312,46.1341],[6.3167,46.1372],[6.3191,46.1371],[6.323,46.1357],[6.3243,46.1337],[6.3292,46.131],[6.3453,46.1138],[6.3448,46.1136],[6.341,46.1116],[6.336,46.1103],[6.3286,46.1114],[6.327,46.1101],[6.323,46.1113],[6.3196,46.1143],[6.3162,46.1129],[6.3093,46.1111],[6.3049,46.1094],[6.303,46.1048],[6.3027,46.1048],[6.2954,46.1113],[6.2899,46.1174],[6.2928,46.1192],[6.2981,46.1198],[6.304,46.1247],[6.3069,46.1243],[6.3084,46.1256],[6.3093,46.1286],[6.3123,46.1314],[6.312,46.1341]]]}},{"type":"Feature","properties":{"code":"74263","nom":"Sciez","pop":6447},"geometry":{"type":"Polygon","coordinates":[[[6.3348,46.336],[6.3365,46.3374],[6.3411,46.3363],[6.3424,46.3342],[6.345,46.3341],[6.3493,46.336],[6.3524,46.3364],[6.3576,46.3392],[6.3573,46.3417],[6.3615,46.3443],[6.3626,46.348],[6.3675,46.3457],[6.3741,46.3439],[6.3817,46.3413],[6.3871,46.3403],[6.3903,46.3404],[6.3931,46.3427],[6.3951,46.346],[6.399,46.3498],[6.4076,46.3459],[6.4075,46.344],[6.4104,46.3407],[6.4144,46.3391],[6.4144,46.3355],[6.4085,46.3296],[6.4075,46.3278],[6.4104,46.3263],[6.4119,46.3193],[6.4109,46.3159],[6.4114,46.31],[6.4107,46.3071],[6.4036,46.307],[6.4012,46.3078],[6.3994,46.3063],[6.3948,46.3056],[6.3916,46.3027],[6.3886,46.3017],[6.3861,46.299],[6.3847,46.2988],[6.3776,46.3034],[6.3705,46.3047],[6.362,46.3075],[6.3637,46.31],[6.3638,46.3124],[6.359,46.3099],[6.3544,46.3121],[6.3541,46.316],[6.3501,46.3167],[6.348,46.3212],[6.3435,46.3248],[6.3451,46.3265],[6.3451,46.3299],[6.3413,46.3313],[6.338,46.3343],[6.3348,46.336]]]}},{"type":"Feature","properties":{"code":"74264","nom":"Scionzier","pop":9162},"geometry":{"type":"Polygon","coordinates":[[[6.5696,46.0519],[6.564,46.0468],[6.5588,46.0456],[6.5566,46.0441],[6.5569,46.0416],[6.56,46.0347],[6.5597,46.0296],[6.5513,46.0283],[6.5514,46.0298],[6.5465,46.0301],[6.5443,46.0264],[6.5388,46.0308],[6.5291,46.029],[6.526,46.0262],[6.5234,46.0271],[6.5204,46.0259],[6.5288,46.0423],[6.5319,46.0457],[6.5318,46.0467],[6.5351,46.0519],[6.5382,46.053],[6.5391,46.0576],[6.5434,46.0611],[6.5397,46.0641],[6.5372,46.0687],[6.5384,46.0713],[6.5365,46.0736],[6.5468,46.0728],[6.5508,46.0724],[6.5589,46.0675],[6.561,46.0653],[6.5635,46.0608],[6.5683,46.0582],[6.5696,46.0519]]]}},{"type":"Feature","properties":{"code":"74265","nom":"Serraval","pop":758},"geometry":{"type":"Polygon","coordinates":[[[6.3491,45.7793],[6.3427,45.7789],[6.3431,45.7819],[6.3445,45.7829],[6.3434,45.787],[6.3397,45.7881],[6.3371,45.7879],[6.3343,45.7894],[6.3305,45.7883],[6.3279,45.787],[6.3254,45.7881],[6.3251,45.7947],[6.3255,45.798],[6.3213,45.8025],[6.318,45.8028],[6.3134,45.8062],[6.3086,45.8079],[6.2993,45.8128],[6.2973,45.8143],[6.292,45.8154],[6.2895,45.8195],[6.2903,45.8209],[6.2941,45.8212],[6.2967,45.8226],[6.3008,45.8226],[6.3013,45.8244],[6.3042,45.8246],[6.3087,45.8237],[6.3148,45.8309],[6.3236,45.8333],[6.3319,45.8341],[6.3356,45.8328],[6.3401,45.8325],[6.3419,45.8299],[6.3521,45.8319],[6.3623,45.8302],[6.365,45.828],[6.3717,45.8287],[6.3716,45.8278],[6.3701,45.8242],[6.3662,45.8209],[6.3625,45.8189],[6.3646,45.8165],[6.3608,45.8092],[6.361,45.8047],[6.3576,45.8025],[6.3571,45.7995],[6.3553,45.7986],[6.3565,45.7938],[6.3584,45.7896],[6.3536,45.7883],[6.35,45.788],[6.3513,45.7843],[6.3488,45.7815],[6.3491,45.7793]]]}},{"type":"Feature","properties":{"code":"74266","nom":"Servoz","pop":1169},"geometry":{"type":"Polygon","coordinates":[[[6.7568,45.9283],[6.7519,45.9309],[6.7431,45.9335],[6.7499,45.9395],[6.7514,45.943],[6.75,45.9477],[6.7603,45.9493],[6.7671,45.9501],[6.7778,45.9559],[6.7801,45.9601],[6.7831,45.9636],[6.7861,45.9642],[6.7912,45.9631],[6.8008,45.958],[6.8246,45.9545],[6.8237,45.9511],[6.8238,45.9473],[6.8182,45.9409],[6.8139,45.9412],[6.8023,45.9387],[6.7996,45.9359],[6.7918,45.9353],[6.7899,45.9344],[6.7825,45.9336],[6.7783,45.9322],[6.772,45.9342],[6.7694,45.9328],[6.7671,45.9295],[6.7675,45.9279],[6.7568,45.9283]]]}},{"type":"Feature","properties":{"code":"74267","nom":"Sevrier","pop":4333},"geometry":{"type":"Polygon","coordinates":[[[6.1719,45.8507],[6.1589,45.8461],[6.1519,45.8402],[6.1463,45.8375],[6.1367,45.8342],[6.1327,45.8322],[6.1246,45.8323],[6.1113,45.8308],[6.1053,45.8344],[6.1027,45.8377],[6.1043,45.838],[6.1048,45.8408],[6.1077,45.8439],[6.1069,45.8494],[6.1112,45.8504],[6.1144,45.8524],[6.1151,45.855],[6.1171,45.857],[6.1213,45.858],[6.1228,45.8597],[6.1227,45.8634],[6.1241,45.867],[6.1233,45.8704],[6.1266,45.8751],[6.1363,45.8797],[6.1389,45.8821],[6.1423,45.8833],[6.1559,45.8828],[6.1652,45.8642],[6.1719,45.8507]]]}},{"type":"Feature","properties":{"code":"74269","nom":"Seyssel","pop":2321},"geometry":{"type":"Polygon","coordinates":[[[5.8326,45.9619],[5.8341,45.9668],[5.834,45.9701],[5.8329,45.9723],[5.836,45.9739],[5.8369,45.976],[5.841,45.9788],[5.8424,45.9816],[5.8466,45.9834],[5.8467,45.9878],[5.8498,45.9888],[5.8509,45.9906],[5.8512,45.9916],[5.8535,45.9922],[5.857,45.9911],[5.8622,45.9871],[5.8679,45.9871],[5.8695,45.9847],[5.8688,45.9816],[5.8701,45.978],[5.878,45.9775],[5.881,45.9783],[5.8779,45.9734],[5.8679,45.9629],[5.8702,45.9633],[5.8702,45.9514],[5.8731,45.9455],[5.8672,45.9407],[5.8641,45.937],[5.8624,45.9324],[5.8537,45.933],[5.8527,45.9326],[5.8445,45.9346],[5.8387,45.932],[5.8358,45.9327],[5.8311,45.9385],[5.8292,45.9383],[5.8251,45.9386],[5.8301,45.9409],[5.8314,45.9423],[5.833,45.9497],[5.835,45.9514],[5.8346,45.9542],[5.8328,45.9569],[5.8326,45.9619]]]}},{"type":"Feature","properties":{"code":"74271","nom":"Seytroux","pop":538},"geometry":{"type":"Polygon","coordinates":[[[6.5992,46.2126],[6.5936,46.2147],[6.5898,46.2177],[6.5846,46.2182],[6.5815,46.2199],[6.5767,46.2205],[6.5722,46.2249],[6.5728,46.2276],[6.5751,46.2315],[6.5763,46.2363],[6.5735,46.243],[6.5775,46.2523],[6.5824,46.2534],[6.5912,46.2579],[6.5937,46.2596],[6.6001,46.2593],[6.6061,46.2604],[6.6169,46.2641],[6.6202,46.2645],[6.6223,46.263],[6.6221,46.2601],[6.6252,46.2576],[6.6256,46.2558],[6.6282,46.2553],[6.6319,46.2498],[6.6339,46.2486],[6.6367,46.2465],[6.6412,46.2451],[6.6421,46.2432],[6.6374,46.238],[6.6375,46.237],[6.6336,46.235],[6.6298,46.2342],[6.623,46.234],[6.6184,46.2305],[6.6145,46.2268],[6.6109,46.2224],[6.61,46.2187],[6.608,46.2181],[6.6054,46.2152],[6.5992,46.2126]]]}},{"type":"Feature","properties":{"code":"74272","nom":"Sillingy","pop":5826},"geometry":{"type":"Polygon","coordinates":[[[5.9949,45.9505],[5.9943,45.9533],[5.9952,45.9554],[5.9909,45.9583],[5.988,45.9583],[5.9869,45.9604],[5.988,45.9635],[5.989,45.9659],[5.9868,45.9683],[5.9871,45.9698],[5.9915,45.9744],[5.9942,45.9735],[6.0003,45.9671],[6.0023,45.9657],[6.0109,45.962],[6.0422,45.957],[6.0459,45.9575],[6.0463,45.9559],[6.0513,45.9529],[6.0556,45.9494],[6.0597,45.9502],[6.062,45.9476],[6.0624,45.9451],[6.0659,45.9432],[6.067,45.9499],[6.0662,45.9515],[6.0807,45.9482],[6.0832,45.9467],[6.0819,45.9449],[6.0629,45.9391],[6.0547,45.9369],[6.0434,45.9315],[6.038,45.9336],[6.0329,45.9337],[6.0298,45.933],[6.0285,45.9305],[6.0246,45.9321],[6.0217,45.9291],[6.019,45.9296],[6.0185,45.9318],[6.0146,45.94],[6.0111,45.9416],[6.0039,45.9436],[6.0036,45.9471],[5.9999,45.948],[6.0003,45.95],[5.9949,45.9505]]]}},{"type":"Feature","properties":{"code":"74273","nom":"Sixt-Fer-à-Cheval","pop":736},"geometry":{"type":"Polygon","coordinates":[[[6.7225,45.9844],[6.7325,45.9971],[6.7329,45.9979],[6.7416,45.9986],[6.7485,46.0063],[6.7485,46.0092],[6.7499,46.0127],[6.7498,46.0155],[6.7515,46.0166],[6.7517,46.0207],[6.7539,46.0229],[6.7537,46.0263],[6.7509,46.03],[6.7486,46.0344],[6.744,46.0362],[6.7399,46.0391],[6.742,46.0413],[6.7485,46.0436],[6.7457,46.048],[6.741,46.0526],[6.7415,46.0543],[6.739,46.0558],[6.7405,46.0577],[6.744,46.0592],[6.7534,46.0643],[6.7566,46.0672],[6.7679,46.0716],[6.7727,46.072],[6.7743,46.0733],[6.7788,46.073],[6.7817,46.074],[6.7857,46.0787],[6.7884,46.0806],[6.7909,46.0851],[6.7925,46.0903],[6.7954,46.0924],[6.799,46.0985],[6.8112,46.1007],[6.8172,46.1036],[6.8228,46.103],[6.8275,46.1041],[6.8217,46.1103],[6.8194,46.1145],[6.8136,46.1179],[6.8136,46.1228],[6.8105,46.1244],[6.8095,46.1272],[6.8123,46.1274],[6.8151,46.1293],[6.8187,46.1311],[6.8309,46.1326],[6.8349,46.1321],[6.8382,46.1329],[6.842,46.132],[6.8424,46.1295],[6.8444,46.1284],[6.8517,46.1266],[6.8547,46.1268],[6.8597,46.1259],[6.8676,46.1257],[6.8695,46.1251],[6.8736,46.126],[6.8778,46.1251],[6.8787,46.1238],[6.8824,46.1229],[6.8919,46.1253],[6.8981,46.1223],[6.897,46.119],[6.893,46.1127],[6.8935,46.1101],[6.8955,46.1087],[6.893,46.1048],[6.8901,46.1019],[6.8877,46.1006],[6.886,46.0973],[6.8825,46.0952],[6.8878,46.0891],[6.8888,46.0869],[6.8918,46.085],[6.8904,46.0806],[6.8882,46.0785],[6.891,46.0745],[6.8874,46.0731],[6.8837,46.0705],[6.8803,46.0693],[6.879,46.0653],[6.8771,46.064],[6.8751,46.0581],[6.8729,46.0549],[6.8717,46.0512],[6.8671,46.0502],[6.8592,46.0445],[6.8556,46.0377],[6.8505,46.0326],[6.8508,46.0273],[6.8525,46.0247],[6.8488,46.021],[6.8446,46.018],[6.8411,46.0171],[6.8373,46.0147],[6.8366,46.0101],[6.8297,46.0045],[6.8212,46.0017],[6.8143,46.003],[6.8137,46.0048],[6.8108,46.0044],[6.8099,46.0084],[6.8058,46.0088],[6.8011,46.0107],[6.7993,46.0091],[6.7939,46.0087],[6.7862,46.0118],[6.7837,46.0119],[6.7799,46.0144],[6.7801,46.0166],[6.7745,46.0175],[6.7729,46.0162],[6.7749,46.014],[6.7731,46.0099],[6.7744,46.0075],[6.7757,46.0019],[6.7753,45.997],[6.7794,45.9873],[6.7815,45.9841],[6.7844,45.9817],[6.7849,45.9789],[6.7806,45.9744],[6.7776,45.9732],[6.7728,45.9697],[6.7681,45.9683],[6.7654,45.9661],[6.762,45.9654],[6.7566,45.966],[6.7514,45.9675],[6.7348,45.9653],[6.7305,45.9654],[6.7275,45.9726],[6.7269,45.9765],[6.7238,45.9789],[6.7225,45.9844]]]}},{"type":"Feature","properties":{"code":"74275","nom":"Talloires-Montmin","pop":1903},"geometry":{"type":"Polygon","coordinates":[[[6.2517,45.7868],[6.25,45.7906],[6.251,45.795],[6.2487,45.8005],[6.2454,45.8042],[6.2412,45.8047],[6.2322,45.801],[6.2289,45.8013],[6.223,45.801],[6.2151,45.8211],[6.2092,45.8361],[6.1919,45.8357],[6.1719,45.8507],[6.1875,45.8535],[6.1926,45.8532],[6.1986,45.8538],[6.2013,45.8556],[6.2059,45.8556],[6.2105,45.8567],[6.2201,45.8568],[6.2249,45.8588],[6.2276,45.8589],[6.2371,45.8607],[6.2414,45.8609],[6.2428,45.8569],[6.2467,45.8565],[6.249,45.8537],[6.2525,45.852],[6.2545,45.8501],[6.2563,45.8451],[6.261,45.8447],[6.2625,45.8429],[6.2675,45.8413],[6.2696,45.8388],[6.2735,45.8364],[6.2762,45.8366],[6.2824,45.8302],[6.2851,45.8299],[6.2868,45.8235],[6.2903,45.8209],[6.2895,45.8195],[6.292,45.8154],[6.2875,45.8098],[6.2868,45.8068],[6.2894,45.8006],[6.2892,45.797],[6.2878,45.7954],[6.2845,45.7944],[6.2859,45.7928],[6.2839,45.7894],[6.2862,45.7859],[6.2863,45.781],[6.2846,45.7755],[6.2772,45.7761],[6.2721,45.7742],[6.2682,45.7748],[6.2652,45.7773],[6.2615,45.7758],[6.2603,45.7809],[6.2537,45.7835],[6.2517,45.7868]]]}},{"type":"Feature","properties":{"code":"74276","nom":"Taninges","pop":3491},"geometry":{"type":"Polygon","coordinates":[[[6.5601,46.1103],[6.5601,46.1141],[6.5639,46.1172],[6.5662,46.1222],[6.5689,46.1244],[6.5754,46.1283],[6.5701,46.1334],[6.5671,46.1343],[6.5645,46.1373],[6.5636,46.1403],[6.5615,46.1424],[6.5649,46.1455],[6.5634,46.1481],[6.5689,46.1514],[6.5727,46.151],[6.5739,46.1547],[6.5763,46.1586],[6.5763,46.1635],[6.5816,46.1654],[6.5863,46.1657],[6.5889,46.1644],[6.593,46.166],[6.5978,46.1655],[6.6,46.1685],[6.6051,46.1713],[6.6139,46.1736],[6.6184,46.1712],[6.6181,46.1669],[6.62,46.1633],[6.6192,46.1619],[6.6193,46.1601],[6.6172,46.1543],[6.615,46.1508],[6.6172,46.1453],[6.6175,46.1423],[6.6231,46.1368],[6.6251,46.1338],[6.6227,46.1313],[6.6228,46.1295],[6.6295,46.1294],[6.6338,46.1335],[6.6374,46.1324],[6.6403,46.1334],[6.6482,46.1306],[6.6484,46.1289],[6.6563,46.125],[6.6589,46.122],[6.6625,46.1195],[6.6663,46.117],[6.668,46.1142],[6.6677,46.1085],[6.6647,46.1027],[6.6643,46.0992],[6.6618,46.0944],[6.6597,46.0957],[6.6565,46.0956],[6.6521,46.0966],[6.6314,46.1],[6.6259,46.1005],[6.6151,46.0979],[6.6115,46.0981],[6.5948,46.0978],[6.5899,46.0971],[6.5839,46.097],[6.5765,46.0993],[6.5732,46.1008],[6.5704,46.1032],[6.5683,46.1066],[6.565,46.1075],[6.5601,46.1103]]]}},{"type":"Feature","properties":{"code":"74278","nom":"Thyez","pop":6309},"geometry":{"type":"Polygon","coordinates":[[[6.5365,46.0736],[6.5368,46.0751],[6.5304,46.0757],[6.5226,46.0735],[6.515,46.0726],[6.5136,46.0726],[6.5133,46.0762],[6.5143,46.0829],[6.5137,46.0847],[6.5169,46.0932],[6.5203,46.0925],[6.5267,46.0984],[6.5287,46.1012],[6.5294,46.1065],[6.5322,46.1072],[6.5368,46.107],[6.5415,46.1043],[6.5484,46.1062],[6.5555,46.1062],[6.551,46.1018],[6.5503,46.0993],[6.5517,46.0975],[6.5559,46.0945],[6.5587,46.091],[6.5574,46.0846],[6.5536,46.0792],[6.5568,46.0778],[6.5478,46.0737],[6.5468,46.0728],[6.5365,46.0736]]]}},{"type":"Feature","properties":{"code":"74279","nom":"Thollon-les-Mémises","pop":879},"geometry":{"type":"Polygon","coordinates":[[[6.6985,46.3741],[6.6982,46.3783],[6.6928,46.3859],[6.6896,46.3866],[6.6873,46.3889],[6.6873,46.391],[6.6929,46.3914],[6.6952,46.3936],[6.6971,46.3932],[6.7032,46.3949],[6.7033,46.3988],[6.7063,46.3999],[6.708,46.398],[6.7132,46.3966],[6.7187,46.3971],[6.722,46.3942],[6.7247,46.3937],[6.7269,46.3958],[6.7345,46.3973],[6.7377,46.3966],[6.7505,46.3915],[6.7473,46.3858],[6.7587,46.3842],[6.7603,46.3828],[6.7644,46.3829],[6.7709,46.3807],[6.7756,46.3796],[6.7827,46.3823],[6.7874,46.3786],[6.779,46.3753],[6.7743,46.374],[6.7658,46.3738],[6.7598,46.3725],[6.7571,46.3733],[6.7504,46.3708],[6.7421,46.3702],[6.7396,46.3717],[6.7258,46.3743],[6.7213,46.3736],[6.7149,46.3711],[6.7128,46.3695],[6.7078,46.3686],[6.7016,46.3727],[6.6985,46.3741]]]}},{"type":"Feature","properties":{"code":"74280","nom":"Thônes","pop":6654},"geometry":{"type":"Polygon","coordinates":[[[6.3582,45.8745],[6.3499,45.8754],[6.3451,45.8752],[6.3424,45.8762],[6.3388,45.8739],[6.3379,45.8713],[6.3318,45.8684],[6.3209,45.8605],[6.3161,45.8584],[6.3131,45.8579],[6.3025,45.8583],[6.2998,45.8535],[6.2962,45.8423],[6.293,45.8374],[6.2922,45.8343],[6.2905,45.8338],[6.2851,45.8299],[6.2824,45.8302],[6.2762,45.8366],[6.2735,45.8364],[6.2696,45.8388],[6.2675,45.8413],[6.2625,45.8429],[6.261,45.8447],[6.2629,45.849],[6.264,45.8534],[6.2617,45.8558],[6.2594,45.8566],[6.2577,45.859],[6.2579,45.8608],[6.2654,45.8666],[6.2669,45.869],[6.2713,45.8738],[6.2737,45.8743],[6.2787,45.8791],[6.2867,45.8979],[6.2898,45.9017],[6.2886,45.9029],[6.2913,45.9053],[6.2941,45.9096],[6.2942,45.9114],[6.2979,45.9152],[6.3011,45.9169],[6.3036,45.9211],[6.3117,45.9198],[6.314,45.9229],[6.3158,45.9237],[6.3202,45.9279],[6.3262,45.931],[6.33,45.935],[6.3338,45.937],[6.3391,45.9342],[6.3418,45.9314],[6.3502,45.9273],[6.3459,45.921],[6.342,45.9193],[6.3466,45.914],[6.3497,45.9127],[6.3584,45.9111],[6.3572,45.9088],[6.3584,45.9051],[6.3621,45.9012],[6.3671,45.9001],[6.3713,45.8963],[6.3736,45.8962],[6.3789,45.8922],[6.3828,45.894],[6.3914,45.8947],[6.3943,45.8918],[6.4071,45.8937],[6.408,45.8871],[6.4078,45.8841],[6.4041,45.8832],[6.3985,45.8855],[6.3948,45.8856],[6.3848,45.8832],[6.3816,45.883],[6.381,45.881],[6.3714,45.8772],[6.3695,45.8757],[6.3626,45.8743],[6.3582,45.8745]]]}},{"type":"Feature","properties":{"code":"74281","nom":"Thonon-les-Bains","pop":37928},"geometry":{"type":"Polygon","coordinates":[[[6.5079,46.383],[6.5052,46.3682],[6.5066,46.3667],[6.5137,46.3651],[6.5157,46.3639],[6.5094,46.3649],[6.5089,46.3627],[6.5003,46.3601],[6.4977,46.36],[6.494,46.3569],[6.492,46.354],[6.4874,46.3578],[6.4819,46.3556],[6.4775,46.3525],[6.4711,46.3521],[6.47,46.3496],[6.4652,46.3471],[6.4624,46.349],[6.4561,46.3479],[6.4562,46.3454],[6.4534,46.3441],[6.4508,46.3456],[6.4394,46.3524],[6.4467,46.355],[6.4457,46.3565],[6.4451,46.3605],[6.4459,46.3617],[6.4431,46.364],[6.4503,46.3664],[6.4556,46.3688],[6.463,46.3711],[6.4689,46.3725],[6.4723,46.3743],[6.4773,46.3752],[6.4806,46.3786],[6.4828,46.3836],[6.4828,46.3918],[6.486,46.3947],[6.4916,46.398],[6.5029,46.4012],[6.5057,46.4032],[6.5132,46.4049],[6.5116,46.3958],[6.5079,46.383]]]}},{"type":"Feature","properties":{"code":"74282","nom":"Fillière","pop":10075},"geometry":{"type":"Polygon","coordinates":[[[6.3473,46.0063],[6.346,46.0055],[6.3471,46.0004],[6.3504,45.997],[6.3502,45.9899],[6.3267,45.9734],[6.3383,45.957],[6.3448,45.9494],[6.3425,45.9458],[6.3369,45.941],[6.3285,45.9453],[6.3148,45.9482],[6.3045,45.9488],[6.3012,45.9486],[6.285,45.9511],[6.2737,45.9532],[6.2711,45.9531],[6.2639,45.9581],[6.2438,45.9562],[6.2436,45.9599],[6.2367,45.963],[6.2298,45.9675],[6.2217,45.9714],[6.2131,45.9698],[6.2102,45.9673],[6.2082,45.9671],[6.2043,45.9644],[6.1956,45.962],[6.1844,45.9641],[6.18,45.9636],[6.1776,45.9615],[6.1724,45.9609],[6.1678,45.9582],[6.1616,45.9595],[6.1599,45.9607],[6.1552,45.9584],[6.1477,45.9563],[6.1454,45.9537],[6.1396,45.9524],[6.1377,45.9527],[6.1396,45.9571],[6.1304,45.9582],[6.1261,45.9613],[6.1237,45.9599],[6.1132,45.9644],[6.1099,45.9638],[6.1055,45.9655],[6.1046,45.9668],[6.1066,45.9673],[6.1103,45.9706],[6.1138,45.9712],[6.1181,45.9709],[6.118,45.9687],[6.1201,45.9665],[6.1231,45.9666],[6.1268,45.965],[6.1284,45.9669],[6.1279,45.9708],[6.1313,45.975],[6.129,45.977],[6.1285,45.9794],[6.1245,45.9804],[6.1217,45.9801],[6.1223,45.9839],[6.124,45.9845],[6.1282,45.9834],[6.1283,45.9852],[6.1263,45.9886],[6.1248,45.9935],[6.1312,45.9946],[6.1375,45.9943],[6.1388,45.9926],[6.142,45.9921],[6.1427,45.9903],[6.1429,45.9869],[6.1459,45.9855],[6.1476,45.9825],[6.1505,45.9818],[6.1483,45.9763],[6.146,45.969],[6.1493,45.9681],[6.1539,45.9696],[6.1672,45.9697],[6.1651,45.9743],[6.1672,45.9763],[6.1663,45.98],[6.1682,45.9819],[6.1674,45.9837],[6.1703,45.9885],[6.1719,45.9898],[6.1728,45.992],[6.1769,45.9966],[6.1797,45.9973],[6.1813,45.9989],[6.1856,46.0002],[6.1867,46.0019],[6.191,46.0013],[6.1976,46.002],[6.2029,46.0008],[6.2044,46.0031],[6.2028,46.005],[6.2049,46.0086],[6.2091,46.0124],[6.2049,46.0134],[6.203,46.0169],[6.2046,46.0185],[6.2035,46.0226],[6.2042,46.0253],[6.2071,46.0271],[6.2038,46.0288],[6.2003,46.0295],[6.2039,46.0335],[6.2043,46.0378],[6.2027,46.0407],[6.2041,46.0429],[6.2007,46.0436],[6.1998,46.0453],[6.1938,46.0457],[6.1954,46.0464],[6.192,46.0501],[6.1925,46.052],[6.1955,46.0538],[6.2005,46.0581],[6.2019,46.0603],[6.1998,46.0643],[6.1998,46.0666],[6.2045,46.0692],[6.2081,46.0657],[6.2122,46.0666],[6.2157,46.0695],[6.218,46.0703],[6.221,46.0674],[6.2237,46.0667],[6.2267,46.0687],[6.2331,46.0671],[6.2378,46.0627],[6.2391,46.064],[6.2454,46.0649],[6.2469,46.063],[6.2423,46.06],[6.2393,46.0596],[6.2401,46.0575],[6.2387,46.0552],[6.2418,46.052],[6.2479,46.0484],[6.245,46.0441],[6.2497,46.0415],[6.251,46.0375],[6.2525,46.0337],[6.2576,46.0324],[6.2642,46.0285],[6.2653,46.0272],[6.27,46.0263],[6.2723,46.0282],[6.2764,46.0284],[6.2812,46.0299],[6.2884,46.0308],[6.2976,46.0303],[6.2993,46.029],[6.3029,46.0289],[6.3042,46.0269],[6.308,46.0264],[6.3211,46.0185],[6.3232,46.0181],[6.3258,46.0159],[6.3284,46.015],[6.3473,46.0063]]]}},{"type":"Feature","properties":{"code":"74283","nom":"Thusy","pop":1181},"geometry":{"type":"Polygon","coordinates":[[[5.9332,45.9387],[5.9327,45.9411],[5.9334,45.9466],[5.932,45.9506],[5.933,45.9514],[5.9403,45.9518],[5.9455,45.9551],[5.9466,45.9539],[5.9525,45.957],[5.9538,45.96],[5.9564,45.9621],[5.9594,45.9614],[5.9615,45.9622],[5.9667,45.9644],[5.9695,45.9663],[5.9746,45.9649],[5.9798,45.9647],[5.9821,45.9653],[5.988,45.9635],[5.9869,45.9604],[5.988,45.9583],[5.9909,45.9583],[5.9952,45.9554],[5.9943,45.9533],[5.9949,45.9505],[5.9926,45.949],[5.9897,45.9494],[5.9876,45.9479],[5.9884,45.9454],[5.9874,45.9416],[5.985,45.9393],[5.9774,45.9386],[5.9723,45.9377],[5.9677,45.9378],[5.9656,45.9414],[5.9555,45.9411],[5.9492,45.9413],[5.945,45.9394],[5.9451,45.936],[5.9422,45.9339],[5.9386,45.9327],[5.94,45.9281],[5.9384,45.927],[5.937,45.9286],[5.9361,45.9322],[5.9343,45.9347],[5.9347,45.9368],[5.9332,45.9387]]]}},{"type":"Feature","properties":{"code":"74284","nom":"La Tour","pop":1329},"geometry":{"type":"Polygon","coordinates":[[[6.4014,46.1361],[6.4058,46.1367],[6.4091,46.1388],[6.4158,46.1379],[6.4209,46.1398],[6.4224,46.1376],[6.429,46.137],[6.4305,46.1385],[6.4339,46.1388],[6.4349,46.1408],[6.4346,46.1441],[6.4352,46.1508],[6.4369,46.1565],[6.4387,46.1591],[6.4397,46.1608],[6.4455,46.1603],[6.4463,46.1574],[6.4448,46.1536],[6.4454,46.152],[6.4449,46.1468],[6.4436,46.1444],[6.4465,46.143],[6.4464,46.137],[6.4485,46.1341],[6.4488,46.1313],[6.4442,46.1281],[6.4426,46.1179],[6.4457,46.1103],[6.4349,46.1156],[6.4254,46.1233],[6.4194,46.1246],[6.4167,46.1296],[6.4039,46.1271],[6.4002,46.133],[6.4014,46.1361]]]}},{"type":"Feature","properties":{"code":"74285","nom":"Usinens","pop":433},"geometry":{"type":"Polygon","coordinates":[[[5.8512,45.9916],[5.8509,45.9906],[5.8453,45.9946],[5.8446,45.9969],[5.8422,46],[5.8317,46.0017],[5.8298,46.0024],[5.8294,46.0055],[5.8303,46.0068],[5.8356,46.0082],[5.8376,46.0143],[5.8397,46.018],[5.8407,46.0222],[5.8459,46.0301],[5.8457,46.0317],[5.8481,46.0353],[5.8537,46.0357],[5.8588,46.0325],[5.8616,46.0293],[5.8602,46.028],[5.8668,46.0228],[5.8671,46.0206],[5.8707,46.0185],[5.8662,46.0141],[5.8634,46.0133],[5.8635,46.0093],[5.8589,46.0076],[5.8583,46.0042],[5.855,46.0017],[5.8552,45.9992],[5.8511,45.998],[5.8502,45.9935],[5.8512,45.9916]]]}},{"type":"Feature","properties":{"code":"74286","nom":"Vacheresse","pop":939},"geometry":{"type":"Polygon","coordinates":[[[6.6474,46.3038],[6.6449,46.3109],[6.6448,46.3133],[6.648,46.3142],[6.6497,46.3161],[6.6538,46.3233],[6.6576,46.325],[6.6597,46.3298],[6.6576,46.3326],[6.6608,46.3337],[6.6635,46.3364],[6.6695,46.3405],[6.6744,46.3425],[6.6772,46.3455],[6.6802,46.3432],[6.6849,46.3449],[6.6924,46.3429],[6.6945,46.3433],[6.6978,46.34],[6.7003,46.3393],[6.7031,46.3361],[6.7094,46.3378],[6.7138,46.3375],[6.7156,46.3385],[6.7202,46.3383],[6.7235,46.342],[6.7279,46.3439],[6.7344,46.3422],[6.7373,46.3421],[6.741,46.3438],[6.7441,46.3469],[6.7504,46.3478],[6.7545,46.3444],[6.7494,46.3405],[6.7515,46.3384],[6.7518,46.3347],[6.7568,46.3298],[6.7517,46.3269],[6.7569,46.3173],[6.7595,46.3158],[6.7598,46.3092],[6.7395,46.3016],[6.7364,46.3014],[6.7251,46.3047],[6.7232,46.3062],[6.7179,46.305],[6.7134,46.3051],[6.7106,46.3033],[6.7077,46.3033],[6.7015,46.3021],[6.698,46.3021],[6.691,46.306],[6.6881,46.3061],[6.689,46.3073],[6.6869,46.3091],[6.6804,46.3117],[6.673,46.3127],[6.6662,46.3094],[6.6631,46.3075],[6.6558,46.3048],[6.6484,46.3044],[6.6474,46.3038]]]}},{"type":"Feature","properties":{"code":"74287","nom":"Vailly","pop":907},"geometry":{"type":"Polygon","coordinates":[[[6.5801,46.2731],[6.5753,46.2727],[6.574,46.27],[6.566,46.2666],[6.5597,46.2623],[6.5543,46.2682],[6.55,46.2692],[6.5472,46.2741],[6.5403,46.278],[6.5377,46.2782],[6.5371,46.2826],[6.5396,46.2866],[6.5378,46.2933],[6.5348,46.296],[6.5304,46.2977],[6.5241,46.2981],[6.5166,46.2957],[6.5095,46.2974],[6.5071,46.2997],[6.5124,46.3026],[6.5175,46.3061],[6.5232,46.3115],[6.5256,46.3122],[6.5319,46.3167],[6.5362,46.3193],[6.5391,46.317],[6.5428,46.3156],[6.5534,46.3175],[6.5553,46.3171],[6.5658,46.3093],[6.571,46.3069],[6.5749,46.3032],[6.5784,46.3019],[6.5791,46.3002],[6.5771,46.2985],[6.5818,46.2967],[6.5801,46.2936],[6.5839,46.288],[6.5814,46.2866],[6.5805,46.284],[6.5821,46.2819],[6.5812,46.2774],[6.5823,46.2754],[6.5801,46.2731]]]}},{"type":"Feature","properties":{"code":"74288","nom":"Valleiry","pop":5264},"geometry":{"type":"Polygon","coordinates":[[[5.9787,46.0968],[5.9765,46.0977],[5.9694,46.0977],[5.959,46.0948],[5.9611,46.1004],[5.9597,46.1075],[5.9608,46.1106],[5.9604,46.1139],[5.9567,46.1197],[5.9551,46.1245],[5.9574,46.1286],[5.9611,46.1308],[5.9665,46.1302],[5.9695,46.132],[5.9741,46.1324],[5.9775,46.1336],[5.9797,46.1359],[5.9827,46.1318],[5.9853,46.1307],[5.9862,46.1236],[5.9817,46.1216],[5.9805,46.1184],[5.9826,46.1165],[5.9806,46.1143],[5.9804,46.1078],[5.981,46.1047],[5.9787,46.0968]]]}},{"type":"Feature","properties":{"code":"74289","nom":"Vallières-sur-Fier","pop":2860},"geometry":{"type":"Polygon","coordinates":[[[5.8624,45.9324],[5.8641,45.937],[5.8672,45.9407],[5.8731,45.9455],[5.8741,45.9462],[5.8807,45.9464],[5.8923,45.9438],[5.9003,45.9427],[5.9028,45.9413],[5.9006,45.9388],[5.9006,45.9346],[5.9022,45.9314],[5.9069,45.9302],[5.9102,45.9286],[5.9121,45.9316],[5.9161,45.9289],[5.9147,45.9269],[5.9177,45.9258],[5.9246,45.918],[5.9205,45.915],[5.9239,45.912],[5.9288,45.9108],[5.932,45.9121],[5.9328,45.9138],[5.9362,45.9142],[5.9415,45.9183],[5.9414,45.9209],[5.9438,45.9233],[5.9491,45.9243],[5.951,45.9284],[5.9545,45.9258],[5.9606,45.9227],[5.9664,45.9193],[5.962,45.9163],[5.9652,45.914],[5.9638,45.9118],[5.9591,45.9105],[5.9581,45.9043],[5.9563,45.9044],[5.9546,45.9016],[5.9577,45.8997],[5.9562,45.8969],[5.9526,45.8973],[5.9509,45.8957],[5.9473,45.8948],[5.9462,45.8919],[5.94,45.8914],[5.939,45.8893],[5.9419,45.8871],[5.9414,45.8849],[5.9396,45.8838],[5.9335,45.8863],[5.9247,45.8863],[5.9242,45.8884],[5.9217,45.8903],[5.9224,45.8927],[5.9215,45.9006],[5.9201,45.9021],[5.9167,45.9027],[5.914,45.9047],[5.9129,45.9077],[5.9081,45.9116],[5.9058,45.9166],[5.9063,45.9188],[5.9051,45.9211],[5.9004,45.9253],[5.8973,45.9259],[5.8951,45.9281],[5.8916,45.9266],[5.8874,45.9259],[5.8824,45.9235],[5.8774,45.9227],[5.8658,45.9191],[5.8624,45.9324]]]}},{"type":"Feature","properties":{"code":"74290","nom":"Vallorcine","pop":453},"geometry":{"type":"Polygon","coordinates":[[[6.8554,46.0072],[6.8523,46.01],[6.8465,46.0169],[6.8446,46.018],[6.8488,46.021],[6.8525,46.0247],[6.8508,46.0273],[6.8505,46.0326],[6.8556,46.0377],[6.8592,46.0445],[6.8671,46.0502],[6.8717,46.0512],[6.8754,46.0497],[6.8757,46.0475],[6.8834,46.0444],[6.8867,46.0442],[6.8882,46.0427],[6.8913,46.0427],[6.8917,46.0455],[6.8942,46.0478],[6.9035,46.049],[6.9086,46.0502],[6.9111,46.0521],[6.9108,46.0538],[6.9133,46.0548],[6.9159,46.0582],[6.9246,46.0652],[6.9286,46.0647],[6.9341,46.066],[6.938,46.063],[6.9368,46.0618],[6.9348,46.0567],[6.9394,46.053],[6.9432,46.0509],[6.9501,46.0516],[6.9514,46.0499],[6.9545,46.0417],[6.9629,46.0304],[6.9561,46.0306],[6.9519,46.0262],[6.945,46.0225],[6.9388,46.0154],[6.9357,46.0106],[6.9318,46.0071],[6.9302,46.0048],[6.9239,46.0039],[6.9194,46.0047],[6.9113,46.0035],[6.9027,46.0004],[6.8936,45.9984],[6.8953,45.9958],[6.8934,45.9944],[6.8869,45.993],[6.8804,45.9905],[6.8771,45.9901],[6.8739,45.9877],[6.867,45.9889],[6.862,45.9887],[6.8536,45.9939],[6.8526,45.9964],[6.853,46.0013],[6.8554,46.0072]]]}},{"type":"Feature","properties":{"code":"74291","nom":"Vanzy","pop":351},"geometry":{"type":"Polygon","coordinates":[[[5.8537,46.0357],[5.8625,46.0361],[5.8644,46.0378],[5.8703,46.0347],[5.8743,46.0336],[5.8807,46.035],[5.8845,46.0349],[5.885,46.0384],[5.8803,46.0428],[5.8786,46.0436],[5.8771,46.048],[5.8799,46.0522],[5.8797,46.0533],[5.8744,46.0561],[5.8764,46.0576],[5.8801,46.0568],[5.8838,46.0545],[5.8847,46.0518],[5.8916,46.0496],[5.8945,46.0477],[5.8962,46.0434],[5.8932,46.039],[5.8915,46.032],[5.8895,46.0292],[5.8895,46.0268],[5.8858,46.0237],[5.881,46.0221],[5.8775,46.0185],[5.8737,46.0201],[5.8707,46.0185],[5.8671,46.0206],[5.8668,46.0228],[5.8602,46.028],[5.8616,46.0293],[5.8588,46.0325],[5.8537,46.0357]]]}},{"type":"Feature","properties":{"code":"74292","nom":"Vaulx","pop":1086},"geometry":{"type":"Polygon","coordinates":[[[6.019,45.9296],[6.0132,45.925],[6.0124,45.9189],[6.0159,45.9137],[6.0173,45.9105],[6.0181,45.909],[6.017,45.9056],[6.0141,45.9039],[6.0092,45.9036],[6.0058,45.9056],[6.003,45.9046],[6.0019,45.9016],[5.9981,45.9006],[5.9959,45.9035],[5.9984,45.9077],[5.9951,45.9089],[5.986,45.9094],[5.9842,45.9112],[5.9845,45.9138],[5.9823,45.915],[5.9828,45.9175],[5.9806,45.9193],[5.9776,45.9193],[5.979,45.9235],[5.9823,45.9259],[5.985,45.9345],[5.985,45.9393],[5.9874,45.9416],[5.9884,45.9454],[5.9876,45.9479],[5.9897,45.9494],[5.9926,45.949],[5.9949,45.9505],[6.0003,45.95],[5.9999,45.948],[6.0036,45.9471],[6.0039,45.9436],[6.0111,45.9416],[6.0146,45.94],[6.0185,45.9318],[6.019,45.9296]]]}},{"type":"Feature","properties":{"code":"74293","nom":"Veigy-Foncenex","pop":4141},"geometry":{"type":"Polygon","coordinates":[[[6.2523,46.2917],[6.2561,46.2917],[6.2579,46.2899],[6.2573,46.2869],[6.2598,46.2853],[6.2589,46.2835],[6.2704,46.2875],[6.2746,46.2849],[6.2775,46.2844],[6.2793,46.2839],[6.2909,46.2776],[6.2913,46.2753],[6.2932,46.2732],[6.299,46.2727],[6.3008,46.2708],[6.2978,46.2667],[6.2949,46.2646],[6.2926,46.2635],[6.2898,46.26],[6.2866,46.2574],[6.2835,46.256],[6.2842,46.2542],[6.2808,46.2535],[6.2779,46.2513],[6.2668,46.2477],[6.263,46.2509],[6.2604,46.2516],[6.2617,46.2546],[6.2498,46.2622],[6.2429,46.2729],[6.2383,46.2758],[6.2377,46.2778],[6.239,46.2794],[6.2384,46.2816],[6.2435,46.2855],[6.2462,46.2853],[6.2487,46.2874],[6.2515,46.2881],[6.2523,46.2917]]]}},{"type":"Feature","properties":{"code":"74294","nom":"Verchaix","pop":830},"geometry":{"type":"Polygon","coordinates":[[[6.6634,46.093],[6.6618,46.0944],[6.6643,46.0992],[6.6647,46.1027],[6.6677,46.1085],[6.668,46.1142],[6.6663,46.117],[6.6625,46.1195],[6.6635,46.1231],[6.66,46.1308],[6.6573,46.1326],[6.6637,46.1355],[6.6719,46.1363],[6.6734,46.1346],[6.6773,46.133],[6.6782,46.1302],[6.683,46.1263],[6.6993,46.1345],[6.6986,46.1364],[6.6952,46.1402],[6.6959,46.1433],[6.6935,46.1453],[6.693,46.1483],[6.6949,46.1501],[6.6941,46.1556],[6.6925,46.1584],[6.6944,46.1608],[6.7027,46.1519],[6.7077,46.1479],[6.7121,46.1426],[6.7145,46.1409],[6.7254,46.1429],[6.7283,46.1397],[6.7311,46.1379],[6.727,46.1362],[6.7239,46.1322],[6.7235,46.1293],[6.7199,46.1268],[6.7137,46.1293],[6.706,46.1252],[6.6989,46.1219],[6.6946,46.1188],[6.6944,46.1173],[6.6913,46.1115],[6.6924,46.1094],[6.6903,46.1065],[6.6904,46.1019],[6.6897,46.0977],[6.6859,46.095],[6.6843,46.0868],[6.6694,46.0887],[6.6656,46.0905],[6.6634,46.093]]]}},{"type":"Feature","properties":{"code":"74295","nom":"La Vernaz","pop":280},"geometry":{"type":"Polygon","coordinates":[[[6.5951,46.3246],[6.5968,46.3248],[6.5994,46.3235],[6.601,46.3196],[6.611,46.3144],[6.6105,46.312],[6.6152,46.3081],[6.6176,46.3053],[6.6181,46.3023],[6.6169,46.3006],[6.6169,46.2985],[6.6124,46.299],[6.6045,46.297],[6.6012,46.2967],[6.5947,46.2934],[6.5914,46.2908],[6.5863,46.2883],[6.5839,46.288],[6.5801,46.2936],[6.5818,46.2967],[6.5771,46.2985],[6.5791,46.3002],[6.5784,46.3019],[6.5821,46.3032],[6.5842,46.3057],[6.5815,46.3106],[6.5798,46.3184],[6.5785,46.3206],[6.5825,46.3225],[6.5855,46.3226],[6.5862,46.3259],[6.5905,46.3248],[6.5951,46.3246]]]}},{"type":"Feature","properties":{"code":"74296","nom":"Vers","pop":975},"geometry":{"type":"Polygon","coordinates":[[[6.0053,46.0995],[6.0085,46.1002],[6.015,46.1001],[6.0193,46.1006],[6.019,46.1019],[6.0211,46.106],[6.0233,46.1047],[6.0238,46.0994],[6.023,46.0961],[6.0275,46.094],[6.0323,46.0948],[6.0381,46.0934],[6.0405,46.0936],[6.0414,46.0901],[6.0407,46.0866],[6.0441,46.0854],[6.048,46.0861],[6.0516,46.0858],[6.0516,46.0841],[6.0519,46.082],[6.0538,46.0808],[6.0537,46.0802],[6.0453,46.079],[6.0382,46.0773],[6.0323,46.0799],[6.0265,46.0809],[6.021,46.08],[6.0171,46.0746],[6.0129,46.0763],[6.018,46.083],[6.0151,46.0846],[6.006,46.0874],[6.002,46.0873],[6.0044,46.092],[6.006,46.0968],[6.0053,46.0995]]]}},{"type":"Feature","properties":{"code":"74297","nom":"Versonnex","pop":714},"geometry":{"type":"Polygon","coordinates":[[[5.9414,45.9209],[5.9415,45.9183],[5.9362,45.9142],[5.9328,45.9138],[5.932,45.9121],[5.9288,45.9108],[5.9239,45.912],[5.9205,45.915],[5.9246,45.918],[5.9177,45.9258],[5.9147,45.9269],[5.9161,45.9289],[5.9121,45.9316],[5.921,45.9386],[5.925,45.9374],[5.9332,45.9387],[5.9347,45.9368],[5.9343,45.9347],[5.9361,45.9322],[5.937,45.9286],[5.9384,45.927],[5.9379,45.9253],[5.9406,45.9232],[5.9414,45.9209]]]}},{"type":"Feature","properties":{"code":"74298","nom":"Vétraz-Monthoux","pop":10949},"geometry":{"type":"Polygon","coordinates":[[[6.2785,46.1969],[6.2812,46.1961],[6.2816,46.1925],[6.2798,46.1894],[6.2789,46.1843],[6.2758,46.1809],[6.2785,46.1786],[6.2802,46.1756],[6.276,46.1732],[6.2747,46.1701],[6.2724,46.1691],[6.2713,46.1661],[6.2659,46.1677],[6.2605,46.1663],[6.257,46.1676],[6.2532,46.1681],[6.2513,46.1704],[6.2472,46.1698],[6.246,46.1708],[6.2449,46.1743],[6.2377,46.1761],[6.2404,46.1777],[6.2435,46.1812],[6.2464,46.1826],[6.2481,46.1848],[6.2515,46.1857],[6.251,46.1913],[6.2547,46.1913],[6.2638,46.1936],[6.2697,46.1943],[6.2724,46.1974],[6.2776,46.1961],[6.2785,46.1969]]]}},{"type":"Feature","properties":{"code":"74299","nom":"Veyrier-du-Lac","pop":2320},"geometry":{"type":"Polygon","coordinates":[[[6.1973,45.9012],[6.202,45.9],[6.1961,45.8833],[6.1954,45.8778],[6.197,45.8739],[6.1957,45.8711],[6.1903,45.8668],[6.186,45.8647],[6.1652,45.8642],[6.1559,45.8828],[6.1489,45.8972],[6.1614,45.9],[6.1685,45.9011],[6.176,45.9048],[6.1829,45.9066],[6.1973,45.9012]]]}},{"type":"Feature","properties":{"code":"74301","nom":"Villard","pop":947},"geometry":{"type":"Polygon","coordinates":[[[6.4751,46.2118],[6.4768,46.2074],[6.4719,46.2047],[6.4688,46.1995],[6.4639,46.1994],[6.453,46.2014],[6.4507,46.2011],[6.4489,46.2031],[6.4433,46.2045],[6.4393,46.2062],[6.4365,46.2088],[6.4324,46.2089],[6.4295,46.2058],[6.4264,46.2048],[6.4223,46.2054],[6.422,46.213],[6.4258,46.2135],[6.4339,46.218],[6.4367,46.221],[6.4371,46.2229],[6.4403,46.2243],[6.4426,46.2268],[6.4516,46.2239],[6.4582,46.2214],[6.4655,46.2193],[6.4669,46.2164],[6.4751,46.2118]]]}},{"type":"Feature","properties":{"code":"74302","nom":"Les Villards-sur-Thônes","pop":1132},"geometry":{"type":"Polygon","coordinates":[[[6.3502,45.9273],[6.353,45.9294],[6.3591,45.9325],[6.3731,45.9378],[6.3832,45.9275],[6.3884,45.9218],[6.3886,45.9193],[6.3904,45.918],[6.3938,45.9183],[6.3947,45.9135],[6.3994,45.9075],[6.4031,45.9045],[6.3999,45.9026],[6.4006,45.9008],[6.4003,45.8951],[6.4042,45.8948],[6.4071,45.8937],[6.3943,45.8918],[6.3914,45.8947],[6.3828,45.894],[6.3789,45.8922],[6.3736,45.8962],[6.3713,45.8963],[6.3671,45.9001],[6.3621,45.9012],[6.3584,45.9051],[6.3572,45.9088],[6.3584,45.9111],[6.3497,45.9127],[6.3466,45.914],[6.342,45.9193],[6.3459,45.921],[6.3502,45.9273]]]}},{"type":"Feature","properties":{"code":"74303","nom":"Villaz","pop":3607},"geometry":{"type":"Polygon","coordinates":[[[6.1754,45.9362],[6.1706,45.9381],[6.1649,45.9379],[6.1636,45.9413],[6.1557,45.9391],[6.1613,45.943],[6.1634,45.9491],[6.1669,45.9495],[6.1648,45.9535],[6.1678,45.9582],[6.1724,45.9609],[6.1776,45.9615],[6.18,45.9636],[6.1844,45.9641],[6.1956,45.962],[6.2043,45.9644],[6.2082,45.9671],[6.2102,45.9673],[6.2131,45.9698],[6.2217,45.9714],[6.2298,45.9675],[6.2367,45.963],[6.2436,45.9599],[6.2438,45.9562],[6.2416,45.9534],[6.2373,45.9498],[6.2359,45.9467],[6.2314,45.9472],[6.2232,45.9461],[6.2152,45.9407],[6.2125,45.9397],[6.2057,45.9417],[6.2009,45.9426],[6.1958,45.9444],[6.1933,45.9445],[6.1892,45.9383],[6.1825,45.9363],[6.1795,45.9372],[6.1754,45.9362]]]}},{"type":"Feature","properties":{"code":"74304","nom":"Ville-en-Sallaz","pop":899},"geometry":{"type":"Polygon","coordinates":[[[6.4387,46.1591],[6.4369,46.1565],[6.4352,46.1508],[6.4346,46.1441],[6.4349,46.1408],[6.4339,46.1388],[6.4305,46.1385],[6.429,46.137],[6.4224,46.1376],[6.4209,46.1398],[6.4158,46.1379],[6.4091,46.1388],[6.4058,46.1367],[6.4014,46.1361],[6.3911,46.1381],[6.3958,46.14],[6.4047,46.1415],[6.4096,46.1416],[6.4176,46.1426],[6.4175,46.1456],[6.4204,46.1484],[6.4234,46.1545],[6.4324,46.1583],[6.4387,46.1591]]]}},{"type":"Feature","properties":{"code":"74305","nom":"Ville-la-Grand","pop":9514},"geometry":{"type":"Polygon","coordinates":[[[6.2301,46.2035],[6.2326,46.206],[6.2366,46.2064],[6.2413,46.2047],[6.2478,46.2052],[6.2541,46.2092],[6.2674,46.2137],[6.2764,46.2153],[6.2756,46.2118],[6.2774,46.2096],[6.2825,46.2103],[6.2859,46.2068],[6.2817,46.2024],[6.2765,46.199],[6.273,46.1983],[6.2648,46.1991],[6.2513,46.1993],[6.2471,46.1979],[6.244,46.1986],[6.2425,46.1969],[6.2395,46.1984],[6.2407,46.2018],[6.2355,46.2006],[6.2338,46.1981],[6.2338,46.1991],[6.2301,46.2035]]]}},{"type":"Feature","properties":{"code":"74306","nom":"Villy-le-Bouveret","pop":653},"geometry":{"type":"Polygon","coordinates":[[[6.1715,46.0402],[6.1696,46.0383],[6.1658,46.0378],[6.1639,46.0362],[6.1539,46.0331],[6.1512,46.0318],[6.1508,46.0339],[6.1489,46.0352],[6.1488,46.0398],[6.1474,46.0417],[6.1483,46.0448],[6.152,46.0494],[6.1555,46.055],[6.1587,46.0578],[6.1626,46.058],[6.1612,46.0544],[6.166,46.055],[6.1683,46.0531],[6.1678,46.0499],[6.1719,46.0457],[6.1726,46.043],[6.1715,46.0402]]]}},{"type":"Feature","properties":{"code":"74307","nom":"Villy-le-Pelloux","pop":1062},"geometry":{"type":"Polygon","coordinates":[[[6.1248,45.9935],[6.1243,45.999],[6.1255,46.0027],[6.1244,46.0051],[6.1284,46.0074],[6.1287,46.0101],[6.1353,46.0103],[6.1369,46.0104],[6.1402,46.0071],[6.1442,46.0062],[6.147,46.0037],[6.1477,45.9988],[6.15,45.9978],[6.149,45.9932],[6.1427,45.9903],[6.142,45.9921],[6.1388,45.9926],[6.1375,45.9943],[6.1312,45.9946],[6.1248,45.9935]]]}},{"type":"Feature","properties":{"code":"74308","nom":"Vinzier","pop":896},"geometry":{"type":"Polygon","coordinates":[[[6.5968,46.3248],[6.5951,46.3246],[6.5951,46.3291],[6.5977,46.3311],[6.5979,46.344],[6.5951,46.3482],[6.5934,46.3527],[6.5965,46.3552],[6.5973,46.3585],[6.6042,46.3588],[6.6064,46.3582],[6.6101,46.3595],[6.6129,46.3565],[6.6184,46.3571],[6.6194,46.3556],[6.6238,46.3529],[6.6261,46.3536],[6.6338,46.3518],[6.6326,46.3504],[6.6292,46.3488],[6.6274,46.3418],[6.6248,46.3377],[6.6189,46.334],[6.6121,46.3333],[6.6027,46.3307],[6.6009,46.3288],[6.5972,46.3271],[6.5968,46.3248]]]}},{"type":"Feature","properties":{"code":"74309","nom":"Viry","pop":5809},"geometry":{"type":"Polygon","coordinates":[[[6.0644,46.1237],[6.0601,46.1182],[6.061,46.1163],[6.0601,46.11],[6.0659,46.1096],[6.0655,46.1071],[6.0615,46.1047],[6.0608,46.1029],[6.0573,46.1017],[6.0529,46.0985],[6.0503,46.0926],[6.0535,46.0896],[6.0516,46.0858],[6.048,46.0861],[6.0441,46.0854],[6.0407,46.0866],[6.0414,46.0901],[6.0405,46.0936],[6.0381,46.0934],[6.0323,46.0948],[6.0275,46.094],[6.023,46.0961],[6.0238,46.0994],[6.0233,46.1047],[6.0211,46.106],[6.019,46.1019],[6.0193,46.1006],[6.015,46.1001],[6.0085,46.1002],[6.0053,46.0995],[6.0004,46.1057],[5.9973,46.1103],[5.9977,46.1116],[5.9959,46.1146],[5.9904,46.1173],[5.9903,46.1222],[5.9862,46.1236],[5.9853,46.1307],[5.9827,46.1318],[5.9797,46.1359],[5.9819,46.1374],[5.9829,46.1413],[5.9855,46.1434],[5.9871,46.1426],[5.9938,46.1444],[5.9999,46.1431],[6.0032,46.1418],[6.0085,46.1428],[6.0131,46.1421],[6.0148,46.143],[6.0224,46.1417],[6.0239,46.1404],[6.0317,46.1387],[6.0355,46.1348],[6.0372,46.1381],[6.0425,46.1414],[6.0451,46.14],[6.0469,46.1418],[6.0481,46.1408],[6.0506,46.1349],[6.0482,46.1335],[6.0506,46.1304],[6.0568,46.1339],[6.0619,46.1255],[6.0644,46.1237]]]}},{"type":"Feature","properties":{"code":"74310","nom":"Viuz-la-Chiésaz","pop":1351},"geometry":{"type":"Polygon","coordinates":[[[6.1073,45.7987],[6.106,45.7972],[6.1018,45.7933],[6.0905,45.7956],[6.0798,45.7967],[6.0776,45.7949],[6.0697,45.7965],[6.0623,45.8],[6.0573,45.799],[6.0514,45.799],[6.0556,45.8034],[6.0556,45.8045],[6.0503,45.8061],[6.0488,45.8133],[6.0515,45.8164],[6.0515,45.819],[6.0499,45.82],[6.045,45.8203],[6.0449,45.8234],[6.0439,45.8265],[6.042,45.8268],[6.0443,45.8292],[6.0484,45.8317],[6.0502,45.8309],[6.0557,45.8307],[6.0645,45.828],[6.0678,45.8296],[6.0727,45.8304],[6.0761,45.8297],[6.0765,45.8259],[6.0812,45.823],[6.086,45.8217],[6.0975,45.8197],[6.0972,45.8167],[6.0983,45.8153],[6.099,45.8104],[6.101,45.809],[6.1078,45.809],[6.1122,45.8052],[6.1122,45.8041],[6.1073,45.7987]]]}},{"type":"Feature","properties":{"code":"74311","nom":"Viuz-en-Sallaz","pop":4681},"geometry":{"type":"Polygon","coordinates":[[[6.3765,46.1789],[6.3862,46.1772],[6.3918,46.1776],[6.3987,46.1759],[6.4027,46.1762],[6.4089,46.1829],[6.4111,46.1842],[6.4129,46.1903],[6.4156,46.1926],[6.4191,46.1918],[6.4239,46.1861],[6.4222,46.1847],[6.4265,46.1826],[6.4309,46.1838],[6.4376,46.183],[6.4394,46.1819],[6.4427,46.1826],[6.4468,46.1822],[6.4505,46.1804],[6.4455,46.1749],[6.4457,46.1697],[6.4437,46.1645],[6.4397,46.1608],[6.4387,46.1591],[6.4324,46.1583],[6.4234,46.1545],[6.4204,46.1484],[6.4175,46.1456],[6.4176,46.1426],[6.4096,46.1416],[6.4047,46.1415],[6.3958,46.14],[6.3911,46.1381],[6.3879,46.14],[6.3856,46.143],[6.3822,46.1438],[6.3767,46.1482],[6.3728,46.1511],[6.3705,46.1536],[6.3705,46.1556],[6.3651,46.1577],[6.3681,46.1587],[6.3713,46.1613],[6.3738,46.1618],[6.3733,46.1639],[6.3758,46.165],[6.3752,46.1676],[6.3773,46.1712],[6.3764,46.1743],[6.3765,46.1789]]]}},{"type":"Feature","properties":{"code":"74312","nom":"Vougy","pop":1659},"geometry":{"type":"Polygon","coordinates":[[[6.5136,46.0726],[6.515,46.0726],[6.5128,46.0677],[6.5127,46.0638],[6.508,46.0614],[6.5073,46.0626],[6.5016,46.0629],[6.4945,46.0619],[6.4902,46.0619],[6.4847,46.0602],[6.4803,46.0624],[6.4796,46.0641],[6.4673,46.0624],[6.4669,46.0606],[6.4601,46.0597],[6.4599,46.0644],[6.4607,46.0727],[6.467,46.0721],[6.4779,46.071],[6.4801,46.0698],[6.4929,46.0687],[6.5136,46.0726]]]}},{"type":"Feature","properties":{"code":"74313","nom":"Vovray-en-Bornes","pop":550},"geometry":{"type":"Polygon","coordinates":[[[6.1264,46.0794],[6.1348,46.0747],[6.1456,46.0706],[6.1481,46.071],[6.1514,46.0696],[6.156,46.069],[6.161,46.0665],[6.1616,46.0655],[6.1587,46.0578],[6.1555,46.055],[6.152,46.0494],[6.1483,46.0448],[6.1389,46.0484],[6.1366,46.0515],[6.1374,46.0554],[6.1354,46.0596],[6.1323,46.0569],[6.1246,46.0599],[6.1225,46.0653],[6.1195,46.0676],[6.1187,46.0698],[6.1232,46.0741],[6.1222,46.0752],[6.1249,46.0788],[6.1264,46.0794]]]}},{"type":"Feature","properties":{"code":"74314","nom":"Vulbens","pop":1783},"geometry":{"type":"Polygon","coordinates":[[[5.9065,46.1224],[5.9106,46.1248],[5.9192,46.1309],[5.9226,46.1314],[5.9258,46.1298],[5.9258,46.1282],[5.9293,46.128],[5.9326,46.129],[5.9369,46.1286],[5.9475,46.1283],[5.9559,46.1324],[5.9574,46.1286],[5.9551,46.1245],[5.9567,46.1197],[5.9604,46.1139],[5.9608,46.1106],[5.9597,46.1075],[5.9611,46.1004],[5.959,46.0948],[5.9457,46.097],[5.9346,46.0977],[5.9332,46.095],[5.9306,46.0956],[5.9259,46.092],[5.921,46.0862],[5.9158,46.0843],[5.9113,46.0844],[5.9066,46.0948],[5.9124,46.0973],[5.9178,46.1007],[5.923,46.1055],[5.9252,46.1089],[5.9271,46.1149],[5.9275,46.1184],[5.929,46.1213],[5.9203,46.124],[5.9128,46.122],[5.9076,46.1214],[5.9065,46.1224]]]}},{"type":"Feature","properties":{"code":"74315","nom":"Yvoire","pop":1046},"geometry":{"type":"Polygon","coordinates":[[[6.3271,46.353],[6.3263,46.3574],[6.3212,46.3602],[6.3211,46.3622],[6.3184,46.3643],[6.3162,46.3655],[6.3155,46.3688],[6.3214,46.369],[6.3263,46.3717],[6.329,46.3701],[6.3357,46.3703],[6.3394,46.3696],[6.3427,46.3703],[6.3489,46.3675],[6.3467,46.3646],[6.3434,46.3631],[6.3399,46.3604],[6.3397,46.3588],[6.3419,46.3562],[6.336,46.355],[6.3324,46.3535],[6.3271,46.353]]]}}]}